ISO-10303-21;
HEADER;

/* File generated by Shapr3D Version 5.1015.10234.0 */

FILE_DESCRIPTION(('HOOPS Exchange Step'),'2;1');

FILE_NAME('C:\\Users\\acer\\AppData\\Local\\Packages\\Shapr3D.Shapr3D_dvv5p1vgwv6mp\\TempState\\export\\temp_export',
'2026-01-23T15:10:22+01:00',
('acer'),
('Shapr3D Limited'),
'HOOPS Exchange 2025.7',
'Shapr3D',
'Authorized');

FILE_SCHEMA( ('AP242_MANAGED_MODEL_BASED_3D_ENGINEERING_MIM_LF {1 0 10303 442 1 1 4}') );

ENDSEC;

DATA;
#3=(NAMED_UNIT(*)PLANE_ANGLE_UNIT()SI_UNIT($,.RADIAN.));
#4=PLANE_ANGLE_MEASURE_WITH_UNIT(PLANE_ANGLE_MEASURE(0.0174532925),#3);
#5=(CONVERSION_BASED_UNIT('DEGREE',#4)NAMED_UNIT(#6)PLANE_ANGLE_UNIT());
#6=DIMENSIONAL_EXPONENTS(0.,0.,0.,0.,0.,0.,0.);
#7=(NAMED_UNIT(*)SI_UNIT($,.STERADIAN.)SOLID_ANGLE_UNIT());
#8=(LENGTH_UNIT()NAMED_UNIT(*)SI_UNIT(.MILLI.,.METRE.));
#9=UNCERTAINTY_MEASURE_WITH_UNIT(LENGTH_MEASURE(1.000000E-03),#8,'DISTANCE_ACCURACY_VALUE','Maximum Tolerance applied to model');
#10=(GEOMETRIC_REPRESENTATION_CONTEXT(3)GLOBAL_UNCERTAINTY_ASSIGNED_CONTEXT((#9))GLOBAL_UNIT_ASSIGNED_CONTEXT((#8,#5,#7))REPRESENTATION_CONTEXT('','root'));
#12=CARTESIAN_POINT('',(0.,0.,0.));
#13=DIRECTION('',(0.,0.,1.));
#14=DIRECTION('',(1.,0.,0.));
#15=AXIS2_PLACEMENT_3D('',#12,#13,#14);
#26=(NAMED_UNIT(*)PLANE_ANGLE_UNIT()SI_UNIT($,.RADIAN.));
#27=PLANE_ANGLE_MEASURE_WITH_UNIT(PLANE_ANGLE_MEASURE(0.0174532925),#26);
#28=(CONVERSION_BASED_UNIT('DEGREE',#27)NAMED_UNIT(#29)PLANE_ANGLE_UNIT());
#29=DIMENSIONAL_EXPONENTS(0.,0.,0.,0.,0.,0.,0.);
#30=(NAMED_UNIT(*)SI_UNIT($,.STERADIAN.)SOLID_ANGLE_UNIT());
#31=(LENGTH_UNIT()NAMED_UNIT(*)SI_UNIT(.MILLI.,.METRE.));
#32=UNCERTAINTY_MEASURE_WITH_UNIT(LENGTH_MEASURE(1.000000E-03),#31,'DISTANCE_ACCURACY_VALUE','Maximum Tolerance applied to model');
#33=(GEOMETRIC_REPRESENTATION_CONTEXT(3)GLOBAL_UNCERTAINTY_ASSIGNED_CONTEXT((#32))GLOBAL_UNIT_ASSIGNED_CONTEXT((#31,#28,#30))REPRESENTATION_CONTEXT('','Imported'));
#45=CARTESIAN_POINT('',(0.,0.,0.));
#46=DIRECTION('',(0.,0.,1.));
#47=DIRECTION('',(1.,0.,-0.));
#48=AXIS2_PLACEMENT_3D('',#45,#46,#47);
#49=ITEM_DEFINED_TRANSFORMATION('','',#48,#15);
#50=(REPRESENTATION_RELATIONSHIP('','',#35,#16)REPRESENTATION_RELATIONSHIP_WITH_TRANSFORMATION(#49)SHAPE_REPRESENTATION_RELATIONSHIP());
#51=NEXT_ASSEMBLY_USAGE_OCCURRENCE('Imported_1','Imported','Imported',#25,#44,$);
#52=PRODUCT_DEFINITION_SHAPE('','',#51);
#53=CONTEXT_DEPENDENT_SHAPE_REPRESENTATION(#50,#52);
#35=SHAPE_REPRESENTATION('Imported',(#15),#33);
#54=CARTESIAN_POINT('',(0.,0.,0.));
#55=DIRECTION('',(0.,0.,1.));
#56=DIRECTION('',(1.,0.,0.));
#57=AXIS2_PLACEMENT_3D('',#54,#55,#56);
#59=MAPPED_ITEM('',#58,#57);
#58=REPRESENTATION_MAP(#57,#35);
#60=APPLICATION_CONTEXT('Managed model based 3d engineering');
#61=APPLICATION_PROTOCOL_DEFINITION('international standard','ap242_managed_model_based_3d_engineering',2014,#60);
#62=PRODUCT_CONTEXT('',#60,'mechanical');
#63=PRODUCT_DEFINITION_CONTEXT('part definition',#60,'design');
#43=PRODUCT('Imported','Imported','',(#62));
#64=PRODUCT_RELATED_PRODUCT_CATEGORY('part','',(#43));
#65=PRODUCT_DEFINITION_FORMATION_WITH_SPECIFIED_SOURCE('','',#43,.NOT_KNOWN.);
#44=PRODUCT_DEFINITION('design','',#65,#63);
#42=PRODUCT_DEFINITION_SHAPE('','',#44);
#66=SHAPE_DEFINITION_REPRESENTATION(#42,#35);
#34=DRAUGHTING_MODEL('',(#59),#33);
#67=(NAMED_UNIT(*)PLANE_ANGLE_UNIT()SI_UNIT($,.RADIAN.));
#68=PLANE_ANGLE_MEASURE_WITH_UNIT(PLANE_ANGLE_MEASURE(0.0174532925),#67);
#69=(CONVERSION_BASED_UNIT('DEGREE',#68)NAMED_UNIT(#70)PLANE_ANGLE_UNIT());
#70=DIMENSIONAL_EXPONENTS(0.,0.,0.,0.,0.,0.,0.);
#71=(NAMED_UNIT(*)SI_UNIT($,.STERADIAN.)SOLID_ANGLE_UNIT());
#72=(LENGTH_UNIT()NAMED_UNIT(*)SI_UNIT(.MILLI.,.METRE.));
#73=UNCERTAINTY_MEASURE_WITH_UNIT(LENGTH_MEASURE(1.000000E-05),#72,'DISTANCE_ACCURACY_VALUE','Maximum Tolerance applied to model');
#74=(GEOMETRIC_REPRESENTATION_CONTEXT(3)GLOBAL_UNCERTAINTY_ASSIGNED_CONTEXT((#73))GLOBAL_UNIT_ASSIGNED_CONTEXT((#72,#69,#71))REPRESENTATION_CONTEXT('','Spriral Cover'));
#86=CARTESIAN_POINT('',(0.,0.,0.));
#87=DIRECTION('',(0.,0.,1.));
#88=DIRECTION('',(1.,0.,-0.));
#89=AXIS2_PLACEMENT_3D('',#86,#87,#88);
#90=ITEM_DEFINED_TRANSFORMATION('','',#89,#15);
#91=(REPRESENTATION_RELATIONSHIP('','',#76,#16)REPRESENTATION_RELATIONSHIP_WITH_TRANSFORMATION(#90)SHAPE_REPRESENTATION_RELATIONSHIP());
#92=NEXT_ASSEMBLY_USAGE_OCCURRENCE('Spriral Cover_2','Spriral Cover','Spriral Cover',#25,#85,$);
#93=PRODUCT_DEFINITION_SHAPE('','',#92);
#94=CONTEXT_DEPENDENT_SHAPE_REPRESENTATION(#91,#93);
#96=CARTESIAN_POINT('',(598.475745551,203.713359373,239.));
#97=DIRECTION('',(-0.00885677,-0.999960778,0.));
#98=DIRECTION('',(0.999960778,-0.00885677,0.));
#99=AXIS2_PLACEMENT_3D('',#96,#97,#98);
#100=PLANE('',#99);
#101=CARTESIAN_POINT('',(582.812719872,203.852088638,210.));
#102=VERTEX_POINT('',#101);
#103=CARTESIAN_POINT('',(613.658802822,203.578881246,210.));
#104=VERTEX_POINT('',#103);
#105=CARTESIAN_POINT('',(582.812719872,203.852088638,210.));
#106=DIRECTION('',(0.999960778,-0.00885677,0.));
#107=VECTOR('',#106,30.847292841);
#108=LINE('',#105,#107);
#109=EDGE_CURVE('',#102,#104,#108,.T.);
#110=ORIENTED_EDGE('',*,*,#109,.F.);
#111=CARTESIAN_POINT('',(582.812719872,203.852088638,180.));
#112=VERTEX_POINT('',#111);
#113=CARTESIAN_POINT('',(582.812719872,203.852088638,180.));
#114=DIRECTION('',(0.,0.,1.));
#115=VECTOR('',#114,30.);
#116=LINE('',#113,#115);
#117=EDGE_CURVE('',#112,#102,#116,.T.);
#118=ORIENTED_EDGE('',*,*,#117,.F.);
#119=CARTESIAN_POINT('',(568.041650682,203.982917738,180.));
#120=VERTEX_POINT('',#119);
#121=CARTESIAN_POINT('',(582.812719872,203.852088638,180.));
#122=DIRECTION('',(-0.999960778,0.00885677,0.));
#123=VECTOR('',#122,14.771648563);
#124=LINE('',#121,#123);
#125=EDGE_CURVE('',#112,#120,#124,.T.);
#126=ORIENTED_EDGE('',*,*,#125,.T.);
#127=CARTESIAN_POINT('',(568.041650682,203.982917738,283.8));
#128=VERTEX_POINT('',#127);
#129=CARTESIAN_POINT('',(568.041650682,203.982917738,180.));
#130=DIRECTION('',(-0.,-0.,1.));
#131=VECTOR('',#130,103.8);
#132=LINE('',#129,#131);
#133=EDGE_CURVE('',#120,#128,#132,.T.);
#134=ORIENTED_EDGE('',*,*,#133,.T.);
#135=CARTESIAN_POINT('',(628.90984042,203.443801009,283.8));
#136=VERTEX_POINT('',#135);
#137=CARTESIAN_POINT('',(628.90984042,203.443801009,283.8));
#138=DIRECTION('',(-0.999960778,0.00885677,0.));
#139=VECTOR('',#138,60.870577201);
#140=LINE('',#137,#139);
#141=EDGE_CURVE('',#136,#128,#140,.T.);
#142=ORIENTED_EDGE('',*,*,#141,.F.);
#143=CARTESIAN_POINT('',(628.90984042,203.443801009,180.));
#144=VERTEX_POINT('',#143);
#145=CARTESIAN_POINT('',(628.90984042,203.443801009,283.8));
#146=DIRECTION('',(0.,0.,-1.));
#147=VECTOR('',#146,103.8);
#148=LINE('',#145,#147);
#149=EDGE_CURVE('',#136,#144,#148,.T.);
#150=ORIENTED_EDGE('',*,*,#149,.T.);
#151=CARTESIAN_POINT('',(613.658802822,203.578881246,180.));
#152=VERTEX_POINT('',#151);
#153=CARTESIAN_POINT('',(628.90984042,203.443801009,180.));
#154=DIRECTION('',(-0.999960778,0.00885677,0.));
#155=VECTOR('',#154,15.251635797);
#156=LINE('',#153,#155);
#157=EDGE_CURVE('',#144,#152,#156,.T.);
#158=ORIENTED_EDGE('',*,*,#157,.T.);
#159=CARTESIAN_POINT('',(613.658802822,203.578881246,210.));
#160=DIRECTION('',(0.,0.,-1.));
#161=VECTOR('',#160,30.);
#162=LINE('',#159,#161);
#163=EDGE_CURVE('',#104,#152,#162,.T.);
#164=ORIENTED_EDGE('',*,*,#163,.F.);
#165=EDGE_LOOP('',(#110,#118,#126,#134,#142,#150,#158,#164));
#166=FACE_BOUND('',#165,.T.);
#167=ADVANCED_FACE('',(#166),#100,.F.);
#168=CARTESIAN_POINT('',(598.46688878,202.713398595,180.));
#169=DIRECTION('',(-0.999960778,0.00885677,0.));
#170=DIRECTION('',(-0.00885677,-0.999960778,0.));
#171=AXIS2_PLACEMENT_3D('',#168,#169,#170);
#172=CYLINDRICAL_SURFACE('',#171,1.);
#173=CARTESIAN_POINT('',(613.649946051,202.578920468,179.));
#174=VERTEX_POINT('',#173);
#175=CARTESIAN_POINT('',(613.649946051,202.578920468,180.));
#176=DIRECTION('',(-0.999960778,0.00885677,-0.));
#177=DIRECTION('',(0.00885677,0.999960778,0.));
#178=AXIS2_PLACEMENT_3D('',#175,#176,#177);
#179=CIRCLE('',#178,1.);
#180=EDGE_CURVE('',#152,#174,#179,.T.);
#181=ORIENTED_EDGE('',*,*,#180,.F.);
#182=ORIENTED_EDGE('',*,*,#157,.F.);
#183=CARTESIAN_POINT('',(628.900983649,202.443840231,179.));
#184=VERTEX_POINT('',#183);
#185=CARTESIAN_POINT('',(628.900983649,202.443840231,180.));
#186=DIRECTION('',(-0.999960778,0.00885677,0.));
#187=DIRECTION('',(-0.00885677,-0.999960778,0.));
#188=AXIS2_PLACEMENT_3D('',#185,#186,#187);
#189=CIRCLE('',#188,1.);
#190=EDGE_CURVE('',#144,#184,#189,.T.);
#191=ORIENTED_EDGE('',*,*,#190,.T.);
#192=CARTESIAN_POINT('',(613.649946051,202.578920468,179.));
#193=DIRECTION('',(0.999960778,-0.00885677,-0.));
#194=VECTOR('',#193,15.251635797);
#195=LINE('',#192,#194);
#196=EDGE_CURVE('',#174,#184,#195,.T.);
#197=ORIENTED_EDGE('',*,*,#196,.F.);
#198=EDGE_LOOP('',(#181,#182,#191,#197));
#199=FACE_BOUND('',#198,.T.);
#200=ADVANCED_FACE('',(#199),#172,.T.);
#201=CARTESIAN_POINT('',(398.,0.,179.));
#202=DIRECTION('',(0.,0.,1.));
#203=DIRECTION('',(1.,0.,0.));
#204=AXIS2_PLACEMENT_3D('',#201,#202,#203);
#205=PLANE('',#204);
#206=CARTESIAN_POINT('',(643.294696875,123.030211013,179.));
#207=VERTEX_POINT('',#206);
#208=CARTESIAN_POINT('',(627.967206082,97.017043041,179.));
#209=VERTEX_POINT('',#208);
#210=CARTESIAN_POINT('',(643.294696875,123.030211013,179.));
#211=DIRECTION('',(-0.507650577,-0.861563051,-0.));
#212=VECTOR('',#211,30.192993922);
#213=LINE('',#210,#212);
#214=EDGE_CURVE('',#207,#209,#213,.T.);
#215=ORIENTED_EDGE('',*,*,#214,.T.);
#216=CARTESIAN_POINT('',(627.961348239,97.017094924,179.));
#217=VERTEX_POINT('',#216);
#218=CARTESIAN_POINT('',(627.967206082,97.017043041,179.));
#219=DIRECTION('',(-0.999960778,0.00885677,-0.));
#220=VECTOR('',#219,0.005858073);
#221=LINE('',#218,#220);
#222=EDGE_CURVE('',#209,#217,#221,.T.);
#223=ORIENTED_EDGE('',*,*,#222,.T.);
#224=CARTESIAN_POINT('',(627.958388673,97.018839431,179.000013275));
#225=VERTEX_POINT('',#224);
#226=CARTESIAN_POINT('',(627.958388673,97.018839431,179.));
#227=DIRECTION('',(0.861477748,-0.507795322,0.));
#228=VECTOR('',#227,0.003435453);
#229=LINE('',#226,#228);
#230=EDGE_CURVE('',#225,#217,#229,.T.);
#231=ORIENTED_EDGE('',*,*,#230,.F.);
#232=CARTESIAN_POINT('',(627.962839051,97.511948443,179.000006638));
#233=VERTEX_POINT('',#232);
#234=CARTESIAN_POINT('',(627.962839051,97.511948443,179.));
#235=CARTESIAN_POINT('',(627.958388673,97.018839431,179.));
#236=B_SPLINE_CURVE_WITH_KNOTS('',1,(#234,#235),.UNSPECIFIED.,.F.,.F.,(2,2),(0.,1.),.UNSPECIFIED.);
#237=EDGE_CURVE('',#233,#225,#236,.T.);
#238=ORIENTED_EDGE('',*,*,#237,.F.);
#239=CARTESIAN_POINT('',(627.674175673,97.514553671,179.000006513));
#240=VERTEX_POINT('',#239);
#241=CARTESIAN_POINT('',(627.962839051,97.511948443,179.));
#242=CARTESIAN_POINT('',(627.674175673,97.514553671,179.));
#243=B_SPLINE_CURVE_WITH_KNOTS('',1,(#241,#242),.UNSPECIFIED.,.F.,.F.,(2,2),(0.,0.00941268),.UNSPECIFIED.);
#244=EDGE_CURVE('',#233,#240,#243,.T.);
#245=ORIENTED_EDGE('',*,*,#244,.T.);
#246=CARTESIAN_POINT('',(642.863958001,123.284108674,179.));
#247=VERTEX_POINT('',#246);
#248=CARTESIAN_POINT('',(627.674175673,97.514553671,179.));
#249=DIRECTION('',(0.507795322,0.861477748,0.));
#250=VECTOR('',#249,29.91319863);
#251=LINE('',#248,#250);
#252=EDGE_CURVE('',#240,#247,#251,.T.);
#253=ORIENTED_EDGE('',*,*,#252,.T.);
#254=CARTESIAN_POINT('',(642.863958001,123.284108674,179.));
#255=DIRECTION('',(0.861477748,-0.507795322,0.));
#256=VECTOR('',#255,0.5);
#257=LINE('',#254,#256);
#258=EDGE_CURVE('',#247,#207,#257,.T.);
#259=ORIENTED_EDGE('',*,*,#258,.T.);
#260=EDGE_LOOP('',(#215,#223,#231,#238,#245,#253,#259));
#261=FACE_BOUND('',#260,.T.);
#262=ADVANCED_FACE('',(#261),#205,.F.);
#263=CARTESIAN_POINT('',(398.,0.,179.));
#264=DIRECTION('',(0.,0.,1.));
#265=DIRECTION('',(1.,0.,0.));
#266=AXIS2_PLACEMENT_3D('',#263,#264,#265);
#267=PLANE('',#266);
#268=CARTESIAN_POINT('',(567.099016345,97.55615977,179.));
#269=VERTEX_POINT('',#268);
#270=CARTESIAN_POINT('',(567.096132356,97.561258753,179.));
#271=VERTEX_POINT('',#270);
#272=CARTESIAN_POINT('',(567.099016345,97.55615977,179.));
#273=DIRECTION('',(-0.492310201,0.870419822,-0.));
#274=VECTOR('',#273,0.005858073);
#275=LINE('',#272,#274);
#276=EDGE_CURVE('',#269,#271,#275,.T.);
#277=ORIENTED_EDGE('',*,*,#276,.T.);
#278=CARTESIAN_POINT('',(567.09616336,97.564694066,179.000013275));
#279=VERTEX_POINT('',#278);
#280=CARTESIAN_POINT('',(567.09616336,97.564694066,179.));
#281=DIRECTION('',(-0.009024774,-0.999959276,0.));
#282=VECTOR('',#281,0.003435453);
#283=LINE('',#280,#282);
#284=EDGE_CURVE('',#279,#271,#283,.T.);
#285=ORIENTED_EDGE('',*,*,#284,.F.);
#286=CARTESIAN_POINT('',(567.52543348,97.807394431,179.000006638));
#287=VERTEX_POINT('',#286);
#288=CARTESIAN_POINT('',(567.52543348,97.807394431,179.));
#289=CARTESIAN_POINT('',(567.09616336,97.564694066,179.));
#290=B_SPLINE_CURVE_WITH_KNOTS('',1,(#288,#289),.UNSPECIFIED.,.F.,.F.,(2,2),(0.,1.),.UNSPECIFIED.);
#291=EDGE_CURVE('',#287,#279,#290,.T.);
#292=ORIENTED_EDGE('',*,*,#291,.F.);
#293=CARTESIAN_POINT('',(567.383357984,98.058686864,179.000006513));
#294=VERTEX_POINT('',#293);
#295=CARTESIAN_POINT('',(567.52543348,97.807394431,179.));
#296=CARTESIAN_POINT('',(567.383357984,98.058686864,179.));
#297=B_SPLINE_CURVE_WITH_KNOTS('',1,(#295,#296),.UNSPECIFIED.,.F.,.F.,(2,2),(0.,0.009412681),.UNSPECIFIED.);
#298=EDGE_CURVE('',#287,#294,#297,.T.);
#299=ORIENTED_EDGE('',*,*,#298,.T.);
#300=CARTESIAN_POINT('',(597.295338923,97.788726987,179.));
#301=VERTEX_POINT('',#300);
#302=CARTESIAN_POINT('',(567.383357984,98.058686864,179.));
#303=DIRECTION('',(0.999959276,-0.009024774,0.));
#304=VECTOR('',#303,29.913199127);
#305=LINE('',#302,#304);
#306=EDGE_CURVE('',#294,#301,#305,.T.);
#307=ORIENTED_EDGE('',*,*,#306,.T.);
#308=CARTESIAN_POINT('',(597.290826536,97.288747349,179.));
#309=VERTEX_POINT('',#308);
#310=CARTESIAN_POINT('',(597.295338923,97.788726987,179.));
#311=DIRECTION('',(-0.009024774,-0.999959276,0.));
#312=VECTOR('',#311,0.5);
#313=LINE('',#310,#312);
#314=EDGE_CURVE('',#301,#309,#313,.T.);
#315=ORIENTED_EDGE('',*,*,#314,.T.);
#316=CARTESIAN_POINT('',(597.290826536,97.288747349,179.));
#317=DIRECTION('',(-0.999960778,0.00885677,-0.));
#318=VECTOR('',#317,30.192994419);
#319=LINE('',#316,#318);
#320=EDGE_CURVE('',#309,#269,#319,.T.);
#321=ORIENTED_EDGE('',*,*,#320,.T.);
#322=EDGE_LOOP('',(#277,#285,#292,#299,#307,#315,#321));
#323=FACE_BOUND('',#322,.T.);
#324=ADVANCED_FACE('',(#323),#267,.F.);
#325=CARTESIAN_POINT('',(398.,0.,179.));
#326=DIRECTION('',(0.,0.,1.));
#327=DIRECTION('',(1.,0.,0.));
#328=AXIS2_PLACEMENT_3D('',#325,#326,#327);
#329=PLANE('',#328);
#330=CARTESIAN_POINT('',(537.131810259,150.53911673,179.));
#331=VERTEX_POINT('',#330);
#332=CARTESIAN_POINT('',(537.134784114,150.544163829,179.));
#333=VERTEX_POINT('',#332);
#334=CARTESIAN_POINT('',(537.131810259,150.53911673,179.));
#335=DIRECTION('',(0.507650577,0.861563051,-0.));
#336=VECTOR('',#335,0.005858073);
#337=LINE('',#334,#336);
#338=EDGE_CURVE('',#331,#333,#337,.T.);
#339=ORIENTED_EDGE('',*,*,#338,.T.);
#340=CARTESIAN_POINT('',(537.137774684,150.545854636,179.));
#341=VERTEX_POINT('',#340);
#342=CARTESIAN_POINT('',(537.137774684,150.545854636,179.));
#343=DIRECTION('',(-0.870502523,-0.492163954,0.));
#344=VECTOR('',#343,0.003435453);
#345=LINE('',#342,#344);
#346=EDGE_CURVE('',#341,#333,#345,.T.);
#347=ORIENTED_EDGE('',*,*,#346,.F.);
#348=CARTESIAN_POINT('',(537.570035375,150.790245806,179.000006453));
#349=VERTEX_POINT('',#348);
#350=CARTESIAN_POINT('',(537.570035375,150.790245806,179.));
#351=CARTESIAN_POINT('',(537.137774684,150.545854636,179.));
#352=B_SPLINE_CURVE_WITH_KNOTS('',1,(#350,#351),.UNSPECIFIED.,.F.,.F.,(2,2),(0.,1.),.UNSPECIFIED.);
#353=EDGE_CURVE('',#349,#341,#352,.T.);
#354=ORIENTED_EDGE('',*,*,#353,.F.);
#355=CARTESIAN_POINT('',(537.709182309,150.544133194,179.000006513));
#356=VERTEX_POINT('',#355);
#357=CARTESIAN_POINT('',(537.570035375,150.790245806,179.));
#358=CARTESIAN_POINT('',(537.709182309,150.544133194,179.));
#359=B_SPLINE_CURVE_WITH_KNOTS('',1,(#357,#358),.UNSPECIFIED.,.F.,.F.,(2,2),(0.,1.),.UNSPECIFIED.);
#360=EDGE_CURVE('',#349,#356,#359,.T.);
#361=ORIENTED_EDGE('',*,*,#360,.T.);
#362=CARTESIAN_POINT('',(552.431380785,124.504617676,179.));
#363=VERTEX_POINT('',#362);
#364=CARTESIAN_POINT('',(537.709182309,150.544133194,179.));
#365=DIRECTION('',(0.492163954,-0.870502523,0.));
#366=VECTOR('',#365,29.913199367);
#367=LINE('',#364,#366);
#368=EDGE_CURVE('',#356,#363,#367,.T.);
#369=ORIENTED_EDGE('',*,*,#368,.T.);
#370=CARTESIAN_POINT('',(551.996129523,124.258535699,179.));
#371=VERTEX_POINT('',#370);
#372=CARTESIAN_POINT('',(552.431380785,124.504617676,179.));
#373=DIRECTION('',(-0.870502523,-0.492163954,0.));
#374=VECTOR('',#373,0.5);
#375=LINE('',#372,#374);
#376=EDGE_CURVE('',#363,#371,#375,.T.);
#377=ORIENTED_EDGE('',*,*,#376,.T.);
#378=CARTESIAN_POINT('',(551.996129523,124.258535699,179.));
#379=DIRECTION('',(-0.492310201,0.870419822,-0.));
#380=VECTOR('',#379,30.192994659);
#381=LINE('',#378,#380);
#382=EDGE_CURVE('',#371,#331,#381,.T.);
#383=ORIENTED_EDGE('',*,*,#382,.T.);
#384=EDGE_LOOP('',(#339,#347,#354,#361,#369,#377,#383));
#385=FACE_BOUND('',#384,.T.);
#386=ADVANCED_FACE('',(#385),#329,.F.);
#387=CARTESIAN_POINT('',(398.,0.,179.));
#388=DIRECTION('',(0.,0.,1.));
#389=DIRECTION('',(1.,0.,0.));
#390=AXIS2_PLACEMENT_3D('',#387,#388,#389);
#391=PLANE('',#390);
#392=CARTESIAN_POINT('',(568.032793912,202.98295696,179.));
#393=VERTEX_POINT('',#392);
#394=CARTESIAN_POINT('',(568.038651755,202.982905077,179.));
#395=VERTEX_POINT('',#394);
#396=CARTESIAN_POINT('',(568.032793912,202.98295696,179.));
#397=DIRECTION('',(0.999960778,-0.00885677,-0.));
#398=VECTOR('',#397,0.005858073);
#399=LINE('',#396,#398);
#400=EDGE_CURVE('',#393,#395,#399,.T.);
#401=ORIENTED_EDGE('',*,*,#400,.T.);
#402=CARTESIAN_POINT('',(568.041611322,202.981160569,179.000013275));
#403=VERTEX_POINT('',#402);
#404=CARTESIAN_POINT('',(568.041611322,202.981160569,179.));
#405=DIRECTION('',(-0.861477748,0.507795322,0.));
#406=VECTOR('',#405,0.003435453);
#407=LINE('',#404,#406);
#408=EDGE_CURVE('',#403,#395,#407,.T.);
#409=ORIENTED_EDGE('',*,*,#408,.F.);
#410=CARTESIAN_POINT('',(568.037160943,202.488051558,179.000006638));
#411=VERTEX_POINT('',#410);
#412=CARTESIAN_POINT('',(568.037160943,202.488051558,179.));
#413=CARTESIAN_POINT('',(568.041611322,202.981160569,179.));
#414=B_SPLINE_CURVE_WITH_KNOTS('',1,(#412,#413),.UNSPECIFIED.,.F.,.F.,(2,2),(0.,1.),.UNSPECIFIED.);
#415=EDGE_CURVE('',#411,#403,#414,.T.);
#416=ORIENTED_EDGE('',*,*,#415,.F.);
#417=CARTESIAN_POINT('',(568.325824321,202.48544633,179.000006513));
#418=VERTEX_POINT('',#417);
#419=CARTESIAN_POINT('',(568.037160943,202.488051558,179.));
#420=CARTESIAN_POINT('',(568.325824321,202.48544633,179.));
#421=B_SPLINE_CURVE_WITH_KNOTS('',1,(#419,#420),.UNSPECIFIED.,.F.,.F.,(2,2),(0.,0.019554207),.UNSPECIFIED.);
#422=EDGE_CURVE('',#411,#418,#421,.T.);
#423=ORIENTED_EDGE('',*,*,#422,.T.);
#424=CARTESIAN_POINT('',(553.136041993,176.715891327,179.));
#425=VERTEX_POINT('',#424);
#426=CARTESIAN_POINT('',(568.325824321,202.48544633,179.));
#427=DIRECTION('',(-0.507795322,-0.861477748,0.));
#428=VECTOR('',#427,29.91319863);
#429=LINE('',#426,#428);
#430=EDGE_CURVE('',#418,#425,#429,.T.);
#431=ORIENTED_EDGE('',*,*,#430,.T.);
#432=CARTESIAN_POINT('',(552.705303119,176.969788988,179.));
#433=VERTEX_POINT('',#432);
#434=CARTESIAN_POINT('',(553.136041993,176.715891327,179.));
#435=DIRECTION('',(-0.861477748,0.507795322,0.));
#436=VECTOR('',#435,0.5);
#437=LINE('',#434,#436);
#438=EDGE_CURVE('',#425,#433,#437,.T.);
#439=ORIENTED_EDGE('',*,*,#438,.T.);
#440=CARTESIAN_POINT('',(552.705303119,176.969788988,179.));
#441=DIRECTION('',(0.507650577,0.861563051,-0.));
#442=VECTOR('',#441,30.192993922);
#443=LINE('',#440,#442);
#444=EDGE_CURVE('',#433,#393,#443,.T.);
#445=ORIENTED_EDGE('',*,*,#444,.T.);
#446=EDGE_LOOP('',(#401,#409,#416,#423,#431,#439,#445));
#447=FACE_BOUND('',#446,.T.);
#448=ADVANCED_FACE('',(#447),#391,.F.);
#449=CARTESIAN_POINT('',(398.,0.,179.));
#450=DIRECTION('',(0.,0.,1.));
#451=DIRECTION('',(1.,0.,0.));
#452=AXIS2_PLACEMENT_3D('',#449,#450,#451);
#453=PLANE('',#452);
#454=CARTESIAN_POINT('',(628.903867638,202.438741248,179.));
#455=VERTEX_POINT('',#454);
#456=CARTESIAN_POINT('',(628.900983649,202.443840231,179.));
#457=DIRECTION('',(0.492310201,-0.870419822,-0.));
#458=VECTOR('',#457,0.005858073);
#459=LINE('',#456,#458);
#460=EDGE_CURVE('',#184,#455,#459,.T.);
#461=ORIENTED_EDGE('',*,*,#460,.T.);
#462=CARTESIAN_POINT('',(628.903836634,202.435305934,179.));
#463=VERTEX_POINT('',#462);
#464=CARTESIAN_POINT('',(628.903836634,202.435305934,179.));
#465=DIRECTION('',(0.009024774,0.999959276,0.));
#466=VECTOR('',#465,0.003435453);
#467=LINE('',#464,#466);
#468=EDGE_CURVE('',#463,#455,#467,.T.);
#469=ORIENTED_EDGE('',*,*,#468,.F.);
#470=CARTESIAN_POINT('',(628.899355251,201.93876161,179.000006453));
#471=VERTEX_POINT('',#470);
#472=CARTESIAN_POINT('',(628.899355251,201.93876161,179.));
#473=CARTESIAN_POINT('',(628.903836634,202.435305934,179.));
#474=B_SPLINE_CURVE_WITH_KNOTS('',1,(#472,#473),.UNSPECIFIED.,.F.,.F.,(2,2),(0.,1.),.UNSPECIFIED.);
#475=EDGE_CURVE('',#471,#463,#474,.T.);
#476=ORIENTED_EDGE('',*,*,#475,.F.);
#477=CARTESIAN_POINT('',(628.61664201,201.941313137,179.000006513));
#478=VERTEX_POINT('',#477);
#479=CARTESIAN_POINT('',(628.899355251,201.93876161,179.));
#480=CARTESIAN_POINT('',(628.61664201,201.941313137,179.));
#481=B_SPLINE_CURVE_WITH_KNOTS('',1,(#479,#480),.UNSPECIFIED.,.F.,.F.,(2,2),(0.,1.),.UNSPECIFIED.);
#482=EDGE_CURVE('',#471,#478,#481,.T.);
#483=ORIENTED_EDGE('',*,*,#482,.T.);
#484=CARTESIAN_POINT('',(613.645411431,202.076430619,179.));
#485=VERTEX_POINT('',#484);
#486=CARTESIAN_POINT('',(628.61664201,201.941313137,179.));
#487=DIRECTION('',(-0.999959276,0.009024774,0.));
#488=VECTOR('',#487,14.971840294);
#489=LINE('',#486,#488);
#490=EDGE_CURVE('',#478,#485,#489,.T.);
#491=ORIENTED_EDGE('',*,*,#490,.T.);
#492=CARTESIAN_POINT('',(613.649923818,202.576410257,179.));
#493=VERTEX_POINT('',#492);
#494=CARTESIAN_POINT('',(613.645411431,202.076430619,179.));
#495=DIRECTION('',(0.009024774,0.999959276,0.));
#496=VECTOR('',#495,0.5);
#497=LINE('',#494,#496);
#498=EDGE_CURVE('',#485,#493,#497,.T.);
#499=ORIENTED_EDGE('',*,*,#498,.T.);
#500=CARTESIAN_POINT('',(613.649923818,202.576410257,179.));
#501=DIRECTION('',(0.00885677,0.999960778,0.));
#502=VECTOR('',#501,0.002510309);
#503=LINE('',#500,#502);
#504=EDGE_CURVE('',#493,#174,#503,.T.);
#505=ORIENTED_EDGE('',*,*,#504,.T.);
#506=ORIENTED_EDGE('',*,*,#196,.T.);
#507=EDGE_LOOP('',(#461,#469,#476,#483,#491,#499,#505,#506));
#508=FACE_BOUND('',#507,.T.);
#509=ADVANCED_FACE('',(#508),#453,.F.);
#510=CARTESIAN_POINT('',(644.27926096,122.731312578,239.));
#511=DIRECTION('',(-0.861563051,0.507650577,0.));
#512=DIRECTION('',(-0.507650577,-0.861563051,0.));
#513=AXIS2_PLACEMENT_3D('',#510,#511,#512);
#514=PLANE('',#513);
#515=CARTESIAN_POINT('',(628.828769134,96.509392463,283.8));
#516=VERTEX_POINT('',#515);
#517=CARTESIAN_POINT('',(659.729752786,148.953232694,283.8));
#518=VERTEX_POINT('',#517);
#519=CARTESIAN_POINT('',(628.828769134,96.509392463,283.8));
#520=DIRECTION('',(0.507650577,0.861563051,0.));
#521=VECTOR('',#520,60.870577201);
#522=LINE('',#519,#521);
#523=EDGE_CURVE('',#516,#518,#522,.T.);
#524=ORIENTED_EDGE('',*,*,#523,.F.);
#525=CARTESIAN_POINT('',(628.828769134,96.509392463,180.));
#526=VERTEX_POINT('',#525);
#527=CARTESIAN_POINT('',(628.828769134,96.509392463,283.8));
#528=DIRECTION('',(0.,0.,-1.));
#529=VECTOR('',#528,103.8);
#530=LINE('',#527,#529);
#531=EDGE_CURVE('',#516,#526,#530,.T.);
#532=ORIENTED_EDGE('',*,*,#531,.T.);
#533=CARTESIAN_POINT('',(659.729752786,148.953232694,180.));
#534=VERTEX_POINT('',#533);
#535=CARTESIAN_POINT('',(628.828769134,96.509392463,180.));
#536=DIRECTION('',(0.507650577,0.861563051,0.));
#537=VECTOR('',#536,60.870577201);
#538=LINE('',#535,#537);
#539=EDGE_CURVE('',#526,#534,#538,.T.);
#540=ORIENTED_EDGE('',*,*,#539,.T.);
#541=CARTESIAN_POINT('',(659.729752786,148.953232694,180.));
#542=DIRECTION('',(-0.,-0.,1.));
#543=VECTOR('',#542,103.8);
#544=LINE('',#541,#543);
#545=EDGE_CURVE('',#534,#518,#544,.T.);
#546=ORIENTED_EDGE('',*,*,#545,.T.);
#547=EDGE_LOOP('',(#524,#532,#540,#546));
#548=FACE_BOUND('',#547,.T.);
#549=ADVANCED_FACE('',(#548),#514,.F.);
#550=CARTESIAN_POINT('',(644.755006514,176.444671952,239.));
#551=DIRECTION('',(-0.870419822,-0.492310201,0.));
#552=DIRECTION('',(0.492310201,-0.870419822,0.));
#553=AXIS2_PLACEMENT_3D('',#550,#551,#552);
#554=PLANE('',#553);
#555=CARTESIAN_POINT('',(644.608495198,176.703708537,180.));
#556=VERTEX_POINT('',#555);
#557=CARTESIAN_POINT('',(629.771403471,202.936150431,180.));
#558=VERTEX_POINT('',#557);
#559=CARTESIAN_POINT('',(644.608495198,176.703708537,180.));
#560=DIRECTION('',(-0.492310201,0.870419822,0.));
#561=VECTOR('',#560,30.137689007);
#562=LINE('',#559,#561);
#563=EDGE_CURVE('',#556,#558,#562,.T.);
#564=ORIENTED_EDGE('',*,*,#563,.T.);
#565=CARTESIAN_POINT('',(629.771403872,202.936149722,283.8));
#566=VERTEX_POINT('',#565);
#567=CARTESIAN_POINT('',(629.771403471,202.936150431,180.));
#568=DIRECTION('',(-0.,-0.,1.));
#569=VECTOR('',#568,103.8);
#570=LINE('',#567,#569);
#571=EDGE_CURVE('',#558,#566,#570,.T.);
#572=ORIENTED_EDGE('',*,*,#571,.T.);
#573=CARTESIAN_POINT('',(659.738609556,149.953193472,283.8));
#574=VERTEX_POINT('',#573);
#575=CARTESIAN_POINT('',(659.738609556,149.953193472,283.8));
#576=DIRECTION('',(-0.492310201,0.870419822,0.));
#577=VECTOR('',#576,60.870576386);
#578=LINE('',#575,#577);
#579=EDGE_CURVE('',#574,#566,#578,.T.);
#580=ORIENTED_EDGE('',*,*,#579,.F.);
#581=CARTESIAN_POINT('',(659.738609556,149.953193472,180.));
#582=VERTEX_POINT('',#581);
#583=CARTESIAN_POINT('',(659.738609556,149.953193472,283.8));
#584=DIRECTION('',(0.,0.,-1.));
#585=VECTOR('',#584,103.8);
#586=LINE('',#583,#585);
#587=EDGE_CURVE('',#574,#582,#586,.T.);
#588=ORIENTED_EDGE('',*,*,#587,.T.);
#589=CARTESIAN_POINT('',(659.738609556,149.953193472,180.));
#590=DIRECTION('',(-0.492310201,0.870419822,0.));
#591=VECTOR('',#590,30.732888194);
#592=LINE('',#589,#591);
#593=EDGE_CURVE('',#582,#556,#592,.T.);
#594=ORIENTED_EDGE('',*,*,#593,.T.);
#595=CARTESIAN_POINT('',(643.623874796,178.44454818,182.));
#596=VERTEX_POINT('',#595);
#597=CARTESIAN_POINT('',(644.608495198,176.703708537,182.));
#598=DIRECTION('',(0.870419822,0.492310201,0.));
#599=DIRECTION('',(-0.492310201,0.870419822,0.));
#600=AXIS2_PLACEMENT_3D('',#597,#598,#599);
#601=CIRCLE('',#600,2.);
#602=EDGE_CURVE('',#596,#556,#601,.T.);
#603=ORIENTED_EDGE('',*,*,#602,.F.);
#604=CARTESIAN_POINT('',(644.608495198,176.703708537,182.));
#605=DIRECTION('',(0.870419822,0.492310201,0.));
#606=DIRECTION('',(-0.492310201,0.870419822,0.));
#607=AXIS2_PLACEMENT_3D('',#604,#605,#606);
#608=CIRCLE('',#607,2.);
#609=EDGE_CURVE('',#556,#596,#608,.T.);
#610=ORIENTED_EDGE('',*,*,#609,.F.);
#611=EDGE_LOOP('',(#564,#572,#580,#588,#594,#603,#610));
#612=FACE_BOUND('',#611,.T.);
#613=ADVANCED_FACE('',(#612),#554,.F.);
#614=CARTESIAN_POINT('',(551.720739034,177.268687422,239.));
#615=DIRECTION('',(0.861563051,-0.507650577,0.));
#616=DIRECTION('',(0.507650577,0.861563051,0.));
#617=AXIS2_PLACEMENT_3D('',#614,#615,#616);
#618=PLANE('',#617);
#619=CARTESIAN_POINT('',(551.675166787,177.191344136,180.));
#620=VERTEX_POINT('',#619);
#621=CARTESIAN_POINT('',(536.270247208,151.046767307,180.));
#622=VERTEX_POINT('',#621);
#623=CARTESIAN_POINT('',(551.675166787,177.191344136,180.));
#624=DIRECTION('',(-0.507650577,-0.861563051,0.));
#625=VECTOR('',#624,30.345517705);
#626=LINE('',#623,#625);
#627=EDGE_CURVE('',#620,#622,#626,.T.);
#628=ORIENTED_EDGE('',*,*,#627,.T.);
#629=CARTESIAN_POINT('',(536.270247208,151.046767307,283.8));
#630=VERTEX_POINT('',#629);
#631=CARTESIAN_POINT('',(536.270247208,151.046767307,180.));
#632=DIRECTION('',(-0.,-0.,1.));
#633=VECTOR('',#632,103.8);
#634=LINE('',#631,#633);
#635=EDGE_CURVE('',#622,#630,#634,.T.);
#636=ORIENTED_EDGE('',*,*,#635,.T.);
#637=CARTESIAN_POINT('',(567.17123086,203.490607537,283.8));
#638=VERTEX_POINT('',#637);
#639=CARTESIAN_POINT('',(567.17123086,203.490607537,283.8));
#640=DIRECTION('',(-0.507650577,-0.861563051,0.));
#641=VECTOR('',#640,60.870577201);
#642=LINE('',#639,#641);
#643=EDGE_CURVE('',#638,#630,#642,.T.);
#644=ORIENTED_EDGE('',*,*,#643,.F.);
#645=CARTESIAN_POINT('',(567.17123086,203.490607537,180.));
#646=VERTEX_POINT('',#645);
#647=CARTESIAN_POINT('',(567.17123086,203.490607537,283.8));
#648=DIRECTION('',(0.,0.,-1.));
#649=VECTOR('',#648,103.8);
#650=LINE('',#647,#649);
#651=EDGE_CURVE('',#638,#646,#650,.T.);
#652=ORIENTED_EDGE('',*,*,#651,.T.);
#653=CARTESIAN_POINT('',(567.17123086,203.490607537,180.));
#654=DIRECTION('',(-0.507650577,-0.861563051,0.));
#655=VECTOR('',#654,30.525059496);
#656=LINE('',#653,#655);
#657=EDGE_CURVE('',#646,#620,#656,.T.);
#658=ORIENTED_EDGE('',*,*,#657,.T.);
#659=CARTESIAN_POINT('',(550.659865633,175.468218033,182.));
#660=VERTEX_POINT('',#659);
#661=CARTESIAN_POINT('',(551.675166787,177.191344136,182.));
#662=DIRECTION('',(-0.861563051,0.507650577,0.));
#663=DIRECTION('',(-0.507650577,-0.861563051,0.));
#664=AXIS2_PLACEMENT_3D('',#661,#662,#663);
#665=CIRCLE('',#664,2.);
#666=EDGE_CURVE('',#660,#620,#665,.T.);
#667=ORIENTED_EDGE('',*,*,#666,.F.);
#668=CARTESIAN_POINT('',(551.675166787,177.191344136,182.));
#669=DIRECTION('',(-0.861563051,0.507650577,0.));
#670=DIRECTION('',(-0.507650577,-0.861563051,0.));
#671=AXIS2_PLACEMENT_3D('',#668,#669,#670);
#672=CIRCLE('',#671,2.);
#673=EDGE_CURVE('',#620,#660,#672,.T.);
#674=ORIENTED_EDGE('',*,*,#673,.F.);
#675=EDGE_LOOP('',(#628,#636,#644,#652,#658,#667,#674));
#676=FACE_BOUND('',#675,.T.);
#677=ADVANCED_FACE('',(#676),#618,.F.);
#678=CARTESIAN_POINT('',(551.24499348,123.555328049,239.));
#679=DIRECTION('',(0.870419822,0.492310201,0.));
#680=DIRECTION('',(-0.492310201,0.870419822,0.));
#681=AXIS2_PLACEMENT_3D('',#678,#679,#680);
#682=PLANE('',#681);
#683=CARTESIAN_POINT('',(552.170560649,121.918896367,180.));
#684=VERTEX_POINT('',#683);
#685=CARTESIAN_POINT('',(566.228596523,97.063849569,180.));
#686=VERTEX_POINT('',#685);
#687=CARTESIAN_POINT('',(552.170560649,121.918896367,180.));
#688=DIRECTION('',(0.492310201,-0.870419822,0.));
#689=VECTOR('',#688,28.555239869);
#690=LINE('',#687,#689);
#691=EDGE_CURVE('',#684,#686,#690,.T.);
#692=ORIENTED_EDGE('',*,*,#691,.T.);
#693=CARTESIAN_POINT('',(566.228596523,97.063849569,283.8));
#694=VERTEX_POINT('',#693);
#695=CARTESIAN_POINT('',(566.228596523,97.063849569,180.));
#696=DIRECTION('',(-0.,-0.,1.));
#697=VECTOR('',#696,103.8);
#698=LINE('',#695,#697);
#699=EDGE_CURVE('',#686,#694,#698,.T.);
#700=ORIENTED_EDGE('',*,*,#699,.T.);
#701=CARTESIAN_POINT('',(536.261390438,150.046806529,283.8));
#702=VERTEX_POINT('',#701);
#703=CARTESIAN_POINT('',(536.261390438,150.046806529,283.8));
#704=DIRECTION('',(0.492310201,-0.870419822,0.));
#705=VECTOR('',#704,60.870577201);
#706=LINE('',#703,#705);
#707=EDGE_CURVE('',#702,#694,#706,.T.);
#708=ORIENTED_EDGE('',*,*,#707,.F.);
#709=CARTESIAN_POINT('',(536.261390438,150.046806529,180.));
#710=VERTEX_POINT('',#709);
#711=CARTESIAN_POINT('',(536.261390438,150.046806529,283.8));
#712=DIRECTION('',(0.,0.,-1.));
#713=VECTOR('',#712,103.8);
#714=LINE('',#711,#713);
#715=EDGE_CURVE('',#702,#710,#714,.T.);
#716=ORIENTED_EDGE('',*,*,#715,.T.);
#717=CARTESIAN_POINT('',(536.261390438,150.046806529,180.));
#718=DIRECTION('',(0.492310201,-0.870419822,0.));
#719=VECTOR('',#718,32.315337332);
#720=LINE('',#717,#719);
#721=EDGE_CURVE('',#710,#684,#720,.T.);
#722=ORIENTED_EDGE('',*,*,#721,.T.);
#723=CARTESIAN_POINT('',(553.155181051,120.178056724,182.));
#724=VERTEX_POINT('',#723);
#725=CARTESIAN_POINT('',(552.170560649,121.918896367,182.));
#726=DIRECTION('',(-0.870419822,-0.492310201,0.));
#727=DIRECTION('',(0.492310201,-0.870419822,0.));
#728=AXIS2_PLACEMENT_3D('',#725,#726,#727);
#729=CIRCLE('',#728,2.);
#730=EDGE_CURVE('',#724,#684,#729,.T.);
#731=ORIENTED_EDGE('',*,*,#730,.F.);
#732=CARTESIAN_POINT('',(552.170560649,121.918896367,182.));
#733=DIRECTION('',(-0.870419822,-0.492310201,0.));
#734=DIRECTION('',(0.492310201,-0.870419822,0.));
#735=AXIS2_PLACEMENT_3D('',#732,#733,#734);
#736=CIRCLE('',#735,2.);
#737=EDGE_CURVE('',#684,#724,#736,.T.);
#738=ORIENTED_EDGE('',*,*,#737,.F.);
#739=EDGE_LOOP('',(#692,#700,#708,#716,#722,#731,#738));
#740=FACE_BOUND('',#739,.T.);
#741=ADVANCED_FACE('',(#740),#682,.F.);
#742=CARTESIAN_POINT('',(597.524254443,96.286640627,239.));
#743=DIRECTION('',(0.00885677,0.999960778,0.));
#744=DIRECTION('',(-0.999960778,0.00885677,0.));
#745=AXIS2_PLACEMENT_3D('',#742,#743,#744);
#746=PLANE('',#745);
#747=CARTESIAN_POINT('',(598.568267168,96.277393684,180.));
#748=VERTEX_POINT('',#747);
#749=CARTESIAN_POINT('',(627.958349312,96.017082262,180.));
#750=VERTEX_POINT('',#749);
#751=CARTESIAN_POINT('',(598.568267168,96.277393684,180.));
#752=DIRECTION('',(0.999960778,-0.00885677,0.));
#753=VECTOR('',#752,29.391234926);
#754=LINE('',#751,#753);
#755=EDGE_CURVE('',#748,#750,#754,.T.);
#756=ORIENTED_EDGE('',*,*,#755,.T.);
#757=CARTESIAN_POINT('',(627.958349312,96.017082262,283.8));
#758=VERTEX_POINT('',#757);
#759=CARTESIAN_POINT('',(627.958349312,96.017082262,180.));
#760=DIRECTION('',(-0.,-0.,1.));
#761=VECTOR('',#760,103.8);
#762=LINE('',#759,#761);
#763=EDGE_CURVE('',#750,#758,#762,.T.);
#764=ORIENTED_EDGE('',*,*,#763,.T.);
#765=CARTESIAN_POINT('',(567.090159574,96.556198992,283.8));
#766=VERTEX_POINT('',#765);
#767=CARTESIAN_POINT('',(567.090159574,96.556198992,283.8));
#768=DIRECTION('',(0.999960778,-0.00885677,0.));
#769=VECTOR('',#768,60.870577201);
#770=LINE('',#767,#769);
#771=EDGE_CURVE('',#766,#758,#770,.T.);
#772=ORIENTED_EDGE('',*,*,#771,.F.);
#773=CARTESIAN_POINT('',(567.090159574,96.556198992,180.));
#774=VERTEX_POINT('',#773);
#775=CARTESIAN_POINT('',(567.090159574,96.556198992,283.8));
#776=DIRECTION('',(0.,0.,-1.));
#777=VECTOR('',#776,103.8);
#778=LINE('',#775,#777);
#779=EDGE_CURVE('',#766,#774,#778,.T.);
#780=ORIENTED_EDGE('',*,*,#779,.T.);
#781=CARTESIAN_POINT('',(567.090159574,96.556198992,180.));
#782=DIRECTION('',(0.999960778,-0.00885677,0.));
#783=VECTOR('',#782,31.479342275);
#784=LINE('',#781,#783);
#785=EDGE_CURVE('',#774,#748,#784,.T.);
#786=ORIENTED_EDGE('',*,*,#785,.T.);
#787=EDGE_LOOP('',(#756,#764,#772,#780,#786));
#788=FACE_BOUND('',#787,.T.);
#789=ADVANCED_FACE('',(#788),#746,.F.);
#790=CARTESIAN_POINT('',(398.,0.,283.8));
#791=DIRECTION('',(0.,0.,1.));
#792=DIRECTION('',(1.,0.,0.));
#793=AXIS2_PLACEMENT_3D('',#790,#791,#792);
#794=PLANE('',#793);
#795=ORIENTED_EDGE('',*,*,#771,.T.);
#796=CARTESIAN_POINT('',(627.967206082,97.017043041,283.8));
#797=DIRECTION('',(0.,0.,1.));
#798=DIRECTION('',(1.,0.,-0.));
#799=AXIS2_PLACEMENT_3D('',#796,#797,#798);
#800=CIRCLE('',#799,1.);
#801=EDGE_CURVE('',#758,#516,#800,.T.);
#802=ORIENTED_EDGE('',*,*,#801,.T.);
#803=ORIENTED_EDGE('',*,*,#523,.T.);
#804=CARTESIAN_POINT('',(658.868189735,149.460883271,283.8));
#805=DIRECTION('',(0.,0.,1.));
#806=DIRECTION('',(1.,0.,-0.));
#807=AXIS2_PLACEMENT_3D('',#804,#805,#806);
#808=CIRCLE('',#807,1.);
#809=EDGE_CURVE('',#518,#574,#808,.T.);
#810=ORIENTED_EDGE('',*,*,#809,.T.);
#811=ORIENTED_EDGE('',*,*,#579,.T.);
#812=CARTESIAN_POINT('',(628.900983649,202.443840231,283.8));
#813=DIRECTION('',(0.,0.,1.));
#814=DIRECTION('',(1.,0.,-0.));
#815=AXIS2_PLACEMENT_3D('',#812,#813,#814);
#816=CIRCLE('',#815,1.);
#817=EDGE_CURVE('',#566,#136,#816,.T.);
#818=ORIENTED_EDGE('',*,*,#817,.T.);
#819=ORIENTED_EDGE('',*,*,#141,.T.);
#820=CARTESIAN_POINT('',(568.032793912,202.98295696,283.8));
#821=DIRECTION('',(0.,0.,1.));
#822=DIRECTION('',(1.,0.,-0.));
#823=AXIS2_PLACEMENT_3D('',#820,#821,#822);
#824=CIRCLE('',#823,1.);
#825=EDGE_CURVE('',#128,#638,#824,.T.);
#826=ORIENTED_EDGE('',*,*,#825,.T.);
#827=ORIENTED_EDGE('',*,*,#643,.T.);
#828=CARTESIAN_POINT('',(536.131810259,150.53911673,283.8));
#829=VERTEX_POINT('',#828);
#830=CARTESIAN_POINT('',(537.131810259,150.53911673,283.8));
#831=DIRECTION('',(0.,0.,1.));
#832=DIRECTION('',(1.,0.,-0.));
#833=AXIS2_PLACEMENT_3D('',#830,#831,#832);
#834=CIRCLE('',#833,1.);
#835=EDGE_CURVE('',#630,#829,#834,.T.);
#836=ORIENTED_EDGE('',*,*,#835,.T.);
#837=CARTESIAN_POINT('',(537.131810259,150.53911673,283.8));
#838=DIRECTION('',(0.,0.,1.));
#839=DIRECTION('',(1.,0.,-0.));
#840=AXIS2_PLACEMENT_3D('',#837,#838,#839);
#841=CIRCLE('',#840,1.);
#842=EDGE_CURVE('',#829,#702,#841,.T.);
#843=ORIENTED_EDGE('',*,*,#842,.T.);
#844=ORIENTED_EDGE('',*,*,#707,.T.);
#845=CARTESIAN_POINT('',(567.099016345,97.55615977,283.8));
#846=DIRECTION('',(0.,0.,1.));
#847=DIRECTION('',(1.,0.,-0.));
#848=AXIS2_PLACEMENT_3D('',#845,#846,#847);
#849=CIRCLE('',#848,1.);
#850=EDGE_CURVE('',#694,#766,#849,.T.);
#851=ORIENTED_EDGE('',*,*,#850,.T.);
#852=EDGE_LOOP('',(#795,#802,#803,#810,#811,#818,#819,#826,#827,#836,#843,#844,#851));
#853=FACE_BOUND('',#852,.T.);
#854=CARTESIAN_POINT('',(628.61664201,201.941313137,283.8));
#855=VERTEX_POINT('',#854);
#856=CARTESIAN_POINT('',(568.325824321,202.48544633,283.8));
#857=VERTEX_POINT('',#856);
#858=CARTESIAN_POINT('',(628.61664201,201.941313137,283.8));
#859=DIRECTION('',(-0.999959276,0.009024774,0.));
#860=VECTOR('',#859,60.293273078);
#861=LINE('',#858,#860);
#862=EDGE_CURVE('',#855,#857,#861,.T.);
#863=ORIENTED_EDGE('',*,*,#862,.F.);
#864=CARTESIAN_POINT('',(658.290817686,149.455866807,283.8));
#865=VERTEX_POINT('',#864);
#866=CARTESIAN_POINT('',(658.290817686,149.455866807,283.8));
#867=DIRECTION('',(-0.492163954,0.870502523,0.));
#868=VECTOR('',#867,60.293273078);
#869=LINE('',#866,#868);
#870=EDGE_CURVE('',#865,#855,#869,.T.);
#871=ORIENTED_EDGE('',*,*,#870,.F.);
#872=CARTESIAN_POINT('',(627.674175673,97.514553671,283.8));
#873=VERTEX_POINT('',#872);
#874=CARTESIAN_POINT('',(627.674175673,97.514553671,283.8));
#875=DIRECTION('',(0.507795322,0.861477748,0.));
#876=VECTOR('',#875,60.293273078);
#877=LINE('',#874,#876);
#878=EDGE_CURVE('',#873,#865,#877,.T.);
#879=ORIENTED_EDGE('',*,*,#878,.F.);
#880=CARTESIAN_POINT('',(567.383357984,98.058686864,283.8));
#881=VERTEX_POINT('',#880);
#882=CARTESIAN_POINT('',(567.383357984,98.058686864,283.8));
#883=DIRECTION('',(0.999959276,-0.009024774,0.));
#884=VECTOR('',#883,60.293273078);
#885=LINE('',#882,#884);
#886=EDGE_CURVE('',#881,#873,#885,.T.);
#887=ORIENTED_EDGE('',*,*,#886,.F.);
#888=CARTESIAN_POINT('',(537.709182309,150.544133194,283.8));
#889=VERTEX_POINT('',#888);
#890=CARTESIAN_POINT('',(537.709182309,150.544133194,283.8));
#891=DIRECTION('',(0.492163954,-0.870502523,0.));
#892=VECTOR('',#891,60.293273078);
#893=LINE('',#890,#892);
#894=EDGE_CURVE('',#889,#881,#893,.T.);
#895=ORIENTED_EDGE('',*,*,#894,.F.);
#896=CARTESIAN_POINT('',(568.325824321,202.48544633,283.8));
#897=DIRECTION('',(-0.507795322,-0.861477748,0.));
#898=VECTOR('',#897,60.293273078);
#899=LINE('',#896,#898);
#900=EDGE_CURVE('',#857,#889,#899,.T.);
#901=ORIENTED_EDGE('',*,*,#900,.F.);
#902=EDGE_LOOP('',(#863,#871,#879,#887,#895,#901));
#903=FACE_BOUND('',#902,.T.);
#904=ADVANCED_FACE('',(#853,#903),#794,.T.);
#905=CARTESIAN_POINT('',(398.,0.,179.));
#906=DIRECTION('',(0.,0.,1.));
#907=DIRECTION('',(1.,0.,0.));
#908=AXIS2_PLACEMENT_3D('',#905,#906,#907);
#909=PLANE('',#908);
#910=CARTESIAN_POINT('',(658.868189735,149.460883271,179.));
#911=VERTEX_POINT('',#910);
#912=CARTESIAN_POINT('',(658.86521588,149.455836172,179.));
#913=VERTEX_POINT('',#912);
#914=CARTESIAN_POINT('',(658.868189735,149.460883271,179.));
#915=DIRECTION('',(-0.507650577,-0.861563051,-0.));
#916=VECTOR('',#915,0.005858073);
#917=LINE('',#914,#916);
#918=EDGE_CURVE('',#911,#913,#917,.T.);
#919=ORIENTED_EDGE('',*,*,#918,.T.);
#920=CARTESIAN_POINT('',(658.86222531,149.454145365,179.));
#921=VERTEX_POINT('',#920);
#922=CARTESIAN_POINT('',(658.86222531,149.454145365,179.));
#923=DIRECTION('',(0.870502523,0.492163954,0.));
#924=VECTOR('',#923,0.003435453);
#925=LINE('',#922,#924);
#926=EDGE_CURVE('',#921,#913,#925,.T.);
#927=ORIENTED_EDGE('',*,*,#926,.F.);
#928=CARTESIAN_POINT('',(658.429964619,149.209754195,179.000006453));
#929=VERTEX_POINT('',#928);
#930=CARTESIAN_POINT('',(658.429964619,149.209754195,179.));
#931=CARTESIAN_POINT('',(658.86222531,149.454145365,179.));
#932=B_SPLINE_CURVE_WITH_KNOTS('',1,(#930,#931),.UNSPECIFIED.,.F.,.F.,(2,2),(0.,1.),.UNSPECIFIED.);
#933=EDGE_CURVE('',#929,#921,#932,.T.);
#934=ORIENTED_EDGE('',*,*,#933,.F.);
#935=CARTESIAN_POINT('',(658.290817686,149.455866807,179.));
#936=VERTEX_POINT('',#935);
#937=CARTESIAN_POINT('',(658.429964619,149.209754195,179.));
#938=CARTESIAN_POINT('',(658.290817686,149.455866807,179.));
#939=B_SPLINE_CURVE_WITH_KNOTS('',1,(#937,#938),.UNSPECIFIED.,.F.,.F.,(2,2),(0.,1.),.UNSPECIFIED.);
#940=EDGE_CURVE('',#929,#936,#939,.T.);
#941=ORIENTED_EDGE('',*,*,#940,.T.);
#942=CARTESIAN_POINT('',(643.568619451,175.495381897,179.));
#943=VERTEX_POINT('',#942);
#944=CARTESIAN_POINT('',(658.290817686,149.455866807,179.));
#945=DIRECTION('',(-0.492163954,0.870502523,0.));
#946=VECTOR('',#945,29.913198876);
#947=LINE('',#944,#946);
#948=EDGE_CURVE('',#936,#943,#947,.T.);
#949=ORIENTED_EDGE('',*,*,#948,.T.);
#950=CARTESIAN_POINT('',(644.003870713,175.741463874,179.));
#951=VERTEX_POINT('',#950);
#952=CARTESIAN_POINT('',(643.568619451,175.495381897,179.));
#953=DIRECTION('',(0.870502523,0.492163954,0.));
#954=VECTOR('',#953,0.5);
#955=LINE('',#952,#954);
#956=EDGE_CURVE('',#943,#951,#955,.T.);
#957=ORIENTED_EDGE('',*,*,#956,.T.);
#958=CARTESIAN_POINT('',(644.003870713,175.741463874,179.));
#959=DIRECTION('',(0.492310201,-0.870419822,-0.));
#960=VECTOR('',#959,30.192994168);
#961=LINE('',#958,#960);
#962=EDGE_CURVE('',#951,#911,#961,.T.);
#963=ORIENTED_EDGE('',*,*,#962,.T.);
#964=EDGE_LOOP('',(#919,#927,#934,#941,#949,#957,#963));
#965=FACE_BOUND('',#964,.T.);
#966=ADVANCED_FACE('',(#965),#909,.F.);
#967=CARTESIAN_POINT('',(568.906427814,167.038332591,182.));
#968=DIRECTION('',(-0.861563051,0.507650577,0.));
#969=DIRECTION('',(-0.507650577,-0.861563051,0.));
#970=AXIS2_PLACEMENT_3D('',#967,#968,#969);
#971=CYLINDRICAL_SURFACE('',#970,2.);
#972=CARTESIAN_POINT('',(551.521091114,174.960766359,182.));
#973=VERTEX_POINT('',#972);
#974=CARTESIAN_POINT('',(550.659865633,175.468218033,182.));
#975=DIRECTION('',(0.861563051,-0.507650577,-0.));
#976=VECTOR('',#975,0.999608188);
#977=LINE('',#974,#976);
#978=EDGE_CURVE('',#660,#973,#977,.T.);
#979=ORIENTED_EDGE('',*,*,#978,.F.);
#980=ORIENTED_EDGE('',*,*,#666,.T.);
#981=ORIENTED_EDGE('',*,*,#673,.T.);
#982=ORIENTED_EDGE('',*,*,#978,.T.);
#983=CARTESIAN_POINT('',(552.536681772,176.683721881,182.));
#984=DIRECTION('',(0.861477748,-0.507795322,0.));
#985=DIRECTION('',(-0.507795322,-0.861477748,0.));
#986=AXIS2_PLACEMENT_3D('',#983,#984,#985);
#987=ELLIPSE('',#986,2.000000028,2.);
#988=EDGE_CURVE('',#973,#973,#987,.T.);
#989=ORIENTED_EDGE('',*,*,#988,.T.);
#990=EDGE_LOOP('',(#979,#980,#981,#982,#989));
#991=FACE_BOUND('',#990,.T.);
#992=ADVANCED_FACE('',(#991),#971,.F.);
#993=CARTESIAN_POINT('',(569.578957085,131.765100383,182.));
#994=DIRECTION('',(-0.870419822,-0.492310201,0.));
#995=DIRECTION('',(0.492310201,-0.870419822,0.));
#996=AXIS2_PLACEMENT_3D('',#993,#994,#995);
#997=CYLINDRICAL_SURFACE('',#996,2.);
#998=CARTESIAN_POINT('',(554.024998021,120.670025951,182.));
#999=VERTEX_POINT('',#998);
#1000=CARTESIAN_POINT('',(553.155181051,120.178056724,182.));
#1001=DIRECTION('',(0.870419822,0.492310201,-0.));
#1002=VECTOR('',#1001,0.999307402);
#1003=LINE('',#1000,#1002);
#1004=EDGE_CURVE('',#724,#999,#1003,.T.);
#1005=ORIENTED_EDGE('',*,*,#1004,.F.);
#1006=ORIENTED_EDGE('',*,*,#730,.T.);
#1007=ORIENTED_EDGE('',*,*,#737,.T.);
#1008=ORIENTED_EDGE('',*,*,#1004,.T.);
#1009=CARTESIAN_POINT('',(553.0406701,122.411031022,182.));
#1010=DIRECTION('',(0.870502523,0.492163954,0.));
#1011=DIRECTION('',(0.492163954,-0.870502523,0.));
#1012=AXIS2_PLACEMENT_3D('',#1009,#1010,#1011);
#1013=ELLIPSE('',#1012,2.000000028,2.);
#1014=EDGE_CURVE('',#999,#999,#1013,.T.);
#1015=ORIENTED_EDGE('',*,*,#1014,.T.);
#1016=EDGE_LOOP('',(#1005,#1006,#1007,#1008,#1015));
#1017=FACE_BOUND('',#1016,.T.);
#1018=ADVANCED_FACE('',(#1017),#997,.F.);
#1019=CARTESIAN_POINT('',(627.200098762,166.85750452,182.));
#1020=DIRECTION('',(0.870419822,0.492310201,0.));
#1021=DIRECTION('',(-0.492310201,0.870419822,0.));
#1022=AXIS2_PLACEMENT_3D('',#1019,#1020,#1021);
#1023=CYLINDRICAL_SURFACE('',#1022,2.);
#1024=CARTESIAN_POINT('',(642.753826408,177.952448063,182.));
#1025=VERTEX_POINT('',#1024);
#1026=CARTESIAN_POINT('',(643.623874796,178.44454818,182.));
#1027=DIRECTION('',(-0.870419822,-0.492310201,-0.));
#1028=VECTOR('',#1027,0.99957327);
#1029=LINE('',#1026,#1028);
#1030=EDGE_CURVE('',#596,#1025,#1029,.T.);
#1031=ORIENTED_EDGE('',*,*,#1030,.F.);
#1032=ORIENTED_EDGE('',*,*,#602,.T.);
#1033=ORIENTED_EDGE('',*,*,#609,.T.);
#1034=ORIENTED_EDGE('',*,*,#1030,.T.);
#1035=CARTESIAN_POINT('',(643.73815433,176.211442992,182.));
#1036=DIRECTION('',(-0.870502523,-0.492163954,0.));
#1037=DIRECTION('',(-0.492163954,0.870502523,0.));
#1038=AXIS2_PLACEMENT_3D('',#1035,#1036,#1037);
#1039=ELLIPSE('',#1038,2.000000028,2.);
#1040=EDGE_CURVE('',#1025,#1025,#1039,.T.);
#1041=ORIENTED_EDGE('',*,*,#1040,.T.);
#1042=EDGE_LOOP('',(#1031,#1032,#1033,#1034,#1041));
#1043=FACE_BOUND('',#1042,.T.);
#1044=ADVANCED_FACE('',(#1043),#1023,.F.);
#1045=CARTESIAN_POINT('',(643.417697908,123.238963156,180.));
#1046=DIRECTION('',(0.507650577,0.861563051,0.));
#1047=DIRECTION('',(-0.861563051,0.507650577,0.));
#1048=AXIS2_PLACEMENT_3D('',#1045,#1046,#1047);
#1049=CYLINDRICAL_SURFACE('',#1048,1.);
#1050=ORIENTED_EDGE('',*,*,#539,.F.);
#1051=CARTESIAN_POINT('',(627.967206082,97.017043041,180.));
#1052=DIRECTION('',(0.507650577,0.861563051,0.));
#1053=DIRECTION('',(-0.861563051,0.507650577,0.));
#1054=AXIS2_PLACEMENT_3D('',#1051,#1052,#1053);
#1055=CIRCLE('',#1054,1.);
#1056=EDGE_CURVE('',#526,#209,#1055,.T.);
#1057=ORIENTED_EDGE('',*,*,#1056,.T.);
#1058=ORIENTED_EDGE('',*,*,#214,.F.);
#1059=CARTESIAN_POINT('',(658.868144443,149.450656351,179.000013275));
#1060=VERTEX_POINT('',#1059);
#1061=CARTESIAN_POINT('',(658.868144443,149.450656351,179.000013275));
#1062=CARTESIAN_POINT('',(653.676995254,140.643841238,179.000004425));
#1063=CARTESIAN_POINT('',(648.485846064,131.837026126,179.));
#1064=CARTESIAN_POINT('',(643.294696875,123.030211013,179.));
#1065=B_SPLINE_CURVE_WITH_KNOTS('',3,(#1061,#1062,#1063,#1064),.UNSPECIFIED.,.F.,.F.,(4,4),(0.,0.03066875),.UNSPECIFIED.);
#1066=EDGE_CURVE('',#1060,#207,#1065,.T.);
#1067=ORIENTED_EDGE('',*,*,#1066,.F.);
#1068=CARTESIAN_POINT('',(658.86521588,149.455836172,180.));
#1069=DIRECTION('',(-0.870502523,-0.492163954,0.));
#1070=DIRECTION('',(-0.492163954,0.870502523,0.));
#1071=AXIS2_PLACEMENT_3D('',#1068,#1069,#1070);
#1072=ELLIPSE('',#1071,1.154812573,1.);
#1073=EDGE_CURVE('',#913,#1060,#1072,.T.);
#1074=ORIENTED_EDGE('',*,*,#1073,.F.);
#1075=ORIENTED_EDGE('',*,*,#918,.F.);
#1076=CARTESIAN_POINT('',(658.868189735,149.460883271,180.));
#1077=DIRECTION('',(-0.507650577,-0.861563051,-0.));
#1078=DIRECTION('',(-0.861563051,0.507650577,0.));
#1079=AXIS2_PLACEMENT_3D('',#1076,#1077,#1078);
#1080=CIRCLE('',#1079,1.);
#1081=EDGE_CURVE('',#911,#534,#1080,.T.);
#1082=ORIENTED_EDGE('',*,*,#1081,.T.);
#1083=EDGE_LOOP('',(#1050,#1057,#1058,#1067,#1074,#1075,#1082));
#1084=FACE_BOUND('',#1083,.T.);
#1085=ADVANCED_FACE('',(#1084),#1049,.T.);
#1086=CARTESIAN_POINT('',(658.868189735,149.460883271,239.));
#1087=DIRECTION('',(0.,0.,-1.));
#1088=DIRECTION('',(-1.,0.,0.));
#1089=AXIS2_PLACEMENT_3D('',#1086,#1087,#1088);
#1090=CYLINDRICAL_SURFACE('',#1089,1.);
#1091=ORIENTED_EDGE('',*,*,#809,.F.);
#1092=ORIENTED_EDGE('',*,*,#545,.F.);
#1093=CARTESIAN_POINT('',(658.868189735,149.460883271,180.));
#1094=DIRECTION('',(0.,0.,-1.));
#1095=DIRECTION('',(-1.,0.,0.));
#1096=AXIS2_PLACEMENT_3D('',#1093,#1094,#1095);
#1097=CIRCLE('',#1096,1.);
#1098=EDGE_CURVE('',#582,#534,#1097,.T.);
#1099=ORIENTED_EDGE('',*,*,#1098,.F.);
#1100=ORIENTED_EDGE('',*,*,#587,.F.);
#1101=EDGE_LOOP('',(#1091,#1092,#1099,#1100));
#1102=FACE_BOUND('',#1101,.T.);
#1103=ADVANCED_FACE('',(#1102),#1090,.T.);
#1104=CARTESIAN_POINT('',(658.868189735,149.460883271,180.));
#1105=DIRECTION('',(-0.870419822,-0.492310201,0.));
#1106=DIRECTION('',(0.492310201,-0.870419822,0.));
#1107=AXIS2_PLACEMENT_3D('',#1104,#1105,#1106);
#1108=SPHERICAL_SURFACE('',#1107,1.);
#1109=ORIENTED_EDGE('',*,*,#1098,.T.);
#1110=ORIENTED_EDGE('',*,*,#1081,.F.);
#1111=CARTESIAN_POINT('',(658.868189735,149.460883271,180.));
#1112=DIRECTION('',(-0.492310201,0.870419822,-0.));
#1113=DIRECTION('',(-0.870419822,-0.492310201,0.));
#1114=AXIS2_PLACEMENT_3D('',#1111,#1112,#1113);
#1115=CIRCLE('',#1114,1.);
#1116=EDGE_CURVE('',#582,#911,#1115,.T.);
#1117=ORIENTED_EDGE('',*,*,#1116,.F.);
#1118=EDGE_LOOP('',(#1109,#1110,#1117));
#1119=FACE_BOUND('',#1118,.T.);
#1120=ADVANCED_FACE('',(#1119),#1108,.T.);
#1121=CARTESIAN_POINT('',(643.884586692,175.952361751,180.));
#1122=DIRECTION('',(-0.492310201,0.870419822,0.));
#1123=DIRECTION('',(-0.870419822,-0.492310201,0.));
#1124=AXIS2_PLACEMENT_3D('',#1121,#1122,#1123);
#1125=CYLINDRICAL_SURFACE('',#1124,1.);
#1126=ORIENTED_EDGE('',*,*,#460,.F.);
#1127=CARTESIAN_POINT('',(628.900983649,202.443840231,180.));
#1128=DIRECTION('',(0.492310201,-0.870419822,-0.));
#1129=DIRECTION('',(-0.870419822,-0.492310201,0.));
#1130=AXIS2_PLACEMENT_3D('',#1127,#1128,#1129);
#1131=CIRCLE('',#1130,1.);
#1132=EDGE_CURVE('',#184,#558,#1131,.T.);
#1133=ORIENTED_EDGE('',*,*,#1132,.T.);
#1134=ORIENTED_EDGE('',*,*,#563,.F.);
#1135=ORIENTED_EDGE('',*,*,#593,.F.);
#1136=ORIENTED_EDGE('',*,*,#1116,.T.);
#1137=ORIENTED_EDGE('',*,*,#962,.F.);
#1138=CARTESIAN_POINT('',(628.909817776,202.438687547,179.000013275));
#1139=VERTEX_POINT('',#1138);
#1140=CARTESIAN_POINT('',(628.909817776,202.438687547,179.000013275));
#1141=CARTESIAN_POINT('',(633.941168755,193.539612989,179.000004425));
#1142=CARTESIAN_POINT('',(638.972519734,184.640538432,179.));
#1143=CARTESIAN_POINT('',(644.003870713,175.741463874,179.));
#1144=B_SPLINE_CURVE_WITH_KNOTS('',3,(#1140,#1141,#1142,#1143),.UNSPECIFIED.,.F.,.F.,(4,4),(0.,0.030668749),.UNSPECIFIED.);
#1145=EDGE_CURVE('',#1139,#951,#1144,.T.);
#1146=ORIENTED_EDGE('',*,*,#1145,.F.);
#1147=CARTESIAN_POINT('',(628.903867638,202.438741248,180.));
#1148=DIRECTION('',(-0.009024774,-0.999959276,0.));
#1149=DIRECTION('',(-0.999959276,0.009024774,0.));
#1150=AXIS2_PLACEMENT_3D('',#1147,#1148,#1149);
#1151=ELLIPSE('',#1150,1.154812573,1.);
#1152=EDGE_CURVE('',#455,#1139,#1151,.T.);
#1153=ORIENTED_EDGE('',*,*,#1152,.F.);
#1154=EDGE_LOOP('',(#1126,#1133,#1134,#1135,#1136,#1137,#1146,#1153));
#1155=FACE_BOUND('',#1154,.T.);
#1156=ADVANCED_FACE('',(#1155),#1125,.T.);
#1157=CARTESIAN_POINT('',(628.900983649,202.443840231,239.));
#1158=DIRECTION('',(0.,0.,-1.));
#1159=DIRECTION('',(-1.,0.,0.));
#1160=AXIS2_PLACEMENT_3D('',#1157,#1158,#1159);
#1161=CYLINDRICAL_SURFACE('',#1160,1.);
#1162=ORIENTED_EDGE('',*,*,#817,.F.);
#1163=ORIENTED_EDGE('',*,*,#571,.F.);
#1164=CARTESIAN_POINT('',(628.900983649,202.443840231,180.));
#1165=DIRECTION('',(0.,0.,-1.));
#1166=DIRECTION('',(-1.,0.,0.));
#1167=AXIS2_PLACEMENT_3D('',#1164,#1165,#1166);
#1168=CIRCLE('',#1167,1.);
#1169=EDGE_CURVE('',#144,#558,#1168,.T.);
#1170=ORIENTED_EDGE('',*,*,#1169,.F.);
#1171=ORIENTED_EDGE('',*,*,#149,.F.);
#1172=EDGE_LOOP('',(#1162,#1163,#1170,#1171));
#1173=FACE_BOUND('',#1172,.T.);
#1174=ADVANCED_FACE('',(#1173),#1161,.T.);
#1175=CARTESIAN_POINT('',(628.900983649,202.443840231,180.));
#1176=DIRECTION('',(-0.00885677,-0.999960778,0.));
#1177=DIRECTION('',(0.999960778,-0.00885677,0.));
#1178=AXIS2_PLACEMENT_3D('',#1175,#1176,#1177);
#1179=SPHERICAL_SURFACE('',#1178,1.);
#1180=ORIENTED_EDGE('',*,*,#1169,.T.);
#1181=ORIENTED_EDGE('',*,*,#1132,.F.);
#1182=ORIENTED_EDGE('',*,*,#190,.F.);
#1183=EDGE_LOOP('',(#1180,#1181,#1182));
#1184=FACE_BOUND('',#1183,.T.);
#1185=ADVANCED_FACE('',(#1184),#1179,.T.);
#1186=CARTESIAN_POINT('',(598.46688878,202.713398595,180.));
#1187=DIRECTION('',(-0.999960778,0.00885677,0.));
#1188=DIRECTION('',(-0.00885677,-0.999960778,0.));
#1189=AXIS2_PLACEMENT_3D('',#1186,#1187,#1188);
#1190=CYLINDRICAL_SURFACE('',#1189,1.);
#1191=CARTESIAN_POINT('',(582.80388677,202.854800123,179.000003571));
#1192=VERTEX_POINT('',#1191);
#1193=CARTESIAN_POINT('',(582.803863102,202.85212786,180.));
#1194=DIRECTION('',(0.999960778,-0.00885677,-0.));
#1195=DIRECTION('',(-0.00885677,-0.999960778,0.));
#1196=AXIS2_PLACEMENT_3D('',#1193,#1194,#1195);
#1197=CIRCLE('',#1196,1.);
#1198=EDGE_CURVE('',#1192,#112,#1197,.T.);
#1199=ORIENTED_EDGE('',*,*,#1198,.F.);
#1200=CARTESIAN_POINT('',(568.04167333,202.988031196,179.000013275));
#1201=VERTEX_POINT('',#1200);
#1202=CARTESIAN_POINT('',(568.04167333,202.988031196,179.000013275));
#1203=CARTESIAN_POINT('',(572.962411143,202.943620838,179.000009015));
#1204=CARTESIAN_POINT('',(577.883148957,202.899210481,179.00000578));
#1205=CARTESIAN_POINT('',(582.80388677,202.854800123,179.000003571));
#1206=B_SPLINE_CURVE_WITH_KNOTS('',3,(#1202,#1203,#1204,#1205),.UNSPECIFIED.,.F.,.F.,(4,4),(0.,0.014762815),.UNSPECIFIED.);
#1207=EDGE_CURVE('',#1201,#1192,#1206,.T.);
#1208=ORIENTED_EDGE('',*,*,#1207,.F.);
#1209=CARTESIAN_POINT('',(568.038651755,202.982905077,180.));
#1210=DIRECTION('',(0.861477748,-0.507795322,0.));
#1211=DIRECTION('',(-0.507795322,-0.861477748,0.));
#1212=AXIS2_PLACEMENT_3D('',#1209,#1210,#1211);
#1213=ELLIPSE('',#1212,1.154812573,1.);
#1214=EDGE_CURVE('',#395,#1201,#1213,.T.);
#1215=ORIENTED_EDGE('',*,*,#1214,.F.);
#1216=ORIENTED_EDGE('',*,*,#400,.F.);
#1217=CARTESIAN_POINT('',(568.032793912,202.98295696,180.));
#1218=DIRECTION('',(0.999960778,-0.00885677,-0.));
#1219=DIRECTION('',(-0.00885677,-0.999960778,0.));
#1220=AXIS2_PLACEMENT_3D('',#1217,#1218,#1219);
#1221=CIRCLE('',#1220,1.);
#1222=EDGE_CURVE('',#393,#120,#1221,.T.);
#1223=ORIENTED_EDGE('',*,*,#1222,.T.);
#1224=ORIENTED_EDGE('',*,*,#125,.F.);
#1225=EDGE_LOOP('',(#1199,#1208,#1215,#1216,#1223,#1224));
#1226=FACE_BOUND('',#1225,.T.);
#1227=ADVANCED_FACE('',(#1226),#1190,.T.);
#1228=CARTESIAN_POINT('',(568.032793912,202.98295696,239.));
#1229=DIRECTION('',(0.,0.,-1.));
#1230=DIRECTION('',(-1.,0.,0.));
#1231=AXIS2_PLACEMENT_3D('',#1228,#1229,#1230);
#1232=CYLINDRICAL_SURFACE('',#1231,1.);
#1233=ORIENTED_EDGE('',*,*,#825,.F.);
#1234=ORIENTED_EDGE('',*,*,#133,.F.);
#1235=CARTESIAN_POINT('',(568.032793912,202.98295696,180.));
#1236=DIRECTION('',(0.,0.,-1.));
#1237=DIRECTION('',(-1.,0.,0.));
#1238=AXIS2_PLACEMENT_3D('',#1235,#1236,#1237);
#1239=CIRCLE('',#1238,1.);
#1240=EDGE_CURVE('',#646,#120,#1239,.T.);
#1241=ORIENTED_EDGE('',*,*,#1240,.F.);
#1242=ORIENTED_EDGE('',*,*,#651,.F.);
#1243=EDGE_LOOP('',(#1233,#1234,#1241,#1242));
#1244=FACE_BOUND('',#1243,.T.);
#1245=ADVANCED_FACE('',(#1244),#1232,.T.);
#1246=CARTESIAN_POINT('',(568.032793912,202.98295696,180.));
#1247=DIRECTION('',(0.861563051,-0.507650577,0.));
#1248=DIRECTION('',(0.507650577,0.861563051,0.));
#1249=AXIS2_PLACEMENT_3D('',#1246,#1247,#1248);
#1250=SPHERICAL_SURFACE('',#1249,1.);
#1251=ORIENTED_EDGE('',*,*,#1240,.T.);
#1252=ORIENTED_EDGE('',*,*,#1222,.F.);
#1253=CARTESIAN_POINT('',(568.032793912,202.98295696,180.));
#1254=DIRECTION('',(-0.507650577,-0.861563051,0.));
#1255=DIRECTION('',(0.861563051,-0.507650577,0.));
#1256=AXIS2_PLACEMENT_3D('',#1253,#1254,#1255);
#1257=CIRCLE('',#1256,1.);
#1258=EDGE_CURVE('',#646,#393,#1257,.T.);
#1259=ORIENTED_EDGE('',*,*,#1258,.F.);
#1260=EDGE_LOOP('',(#1251,#1252,#1259));
#1261=FACE_BOUND('',#1260,.T.);
#1262=ADVANCED_FACE('',(#1261),#1250,.T.);
#1263=CARTESIAN_POINT('',(552.582302086,176.761036845,180.));
#1264=DIRECTION('',(-0.507650577,-0.861563051,0.));
#1265=DIRECTION('',(0.861563051,-0.507650577,0.));
#1266=AXIS2_PLACEMENT_3D('',#1263,#1264,#1265);
#1267=CYLINDRICAL_SURFACE('',#1266,1.);
#1268=ORIENTED_EDGE('',*,*,#338,.F.);
#1269=CARTESIAN_POINT('',(537.131810259,150.53911673,180.));
#1270=DIRECTION('',(0.507650577,0.861563051,-0.));
#1271=DIRECTION('',(0.861563051,-0.507650577,0.));
#1272=AXIS2_PLACEMENT_3D('',#1269,#1270,#1271);
#1273=CIRCLE('',#1272,1.);
#1274=EDGE_CURVE('',#331,#622,#1273,.T.);
#1275=ORIENTED_EDGE('',*,*,#1274,.T.);
#1276=ORIENTED_EDGE('',*,*,#627,.F.);
#1277=ORIENTED_EDGE('',*,*,#657,.F.);
#1278=ORIENTED_EDGE('',*,*,#1258,.T.);
#1279=ORIENTED_EDGE('',*,*,#444,.F.);
#1280=CARTESIAN_POINT('',(537.131855551,150.54934365,179.000013275));
#1281=VERTEX_POINT('',#1280);
#1282=CARTESIAN_POINT('',(537.131855551,150.54934365,179.000013275));
#1283=CARTESIAN_POINT('',(542.323004741,159.356158762,179.000004425));
#1284=CARTESIAN_POINT('',(547.51415393,168.162973875,179.));
#1285=CARTESIAN_POINT('',(552.705303119,176.969788987,179.));
#1286=B_SPLINE_CURVE_WITH_KNOTS('',3,(#1282,#1283,#1284,#1285),.UNSPECIFIED.,.F.,.F.,(4,4),(0.,0.03066875),.UNSPECIFIED.);
#1287=EDGE_CURVE('',#1281,#433,#1286,.T.);
#1288=ORIENTED_EDGE('',*,*,#1287,.F.);
#1289=CARTESIAN_POINT('',(537.134784114,150.544163829,180.));
#1290=DIRECTION('',(0.870502523,0.492163954,0.));
#1291=DIRECTION('',(0.492163954,-0.870502523,0.));
#1292=AXIS2_PLACEMENT_3D('',#1289,#1290,#1291);
#1293=ELLIPSE('',#1292,1.154812573,1.);
#1294=EDGE_CURVE('',#333,#1281,#1293,.T.);
#1295=ORIENTED_EDGE('',*,*,#1294,.F.);
#1296=EDGE_LOOP('',(#1268,#1275,#1276,#1277,#1278,#1279,#1288,#1295));
#1297=FACE_BOUND('',#1296,.T.);
#1298=ADVANCED_FACE('',(#1297),#1267,.T.);
#1299=CARTESIAN_POINT('',(537.131810259,150.53911673,239.));
#1300=DIRECTION('',(0.,0.,-1.));
#1301=DIRECTION('',(-1.,0.,0.));
#1302=AXIS2_PLACEMENT_3D('',#1299,#1300,#1301);
#1303=CYLINDRICAL_SURFACE('',#1302,1.);
#1304=CARTESIAN_POINT('',(536.131810259,150.53911673,180.));
#1305=VERTEX_POINT('',#1304);
#1306=CARTESIAN_POINT('',(536.131810259,150.53911673,180.));
#1307=DIRECTION('',(-0.,-0.,1.));
#1308=VECTOR('',#1307,103.8);
#1309=LINE('',#1306,#1308);
#1310=EDGE_CURVE('',#1305,#829,#1309,.T.);
#1311=ORIENTED_EDGE('',*,*,#1310,.T.);
#1312=ORIENTED_EDGE('',*,*,#835,.F.);
#1313=ORIENTED_EDGE('',*,*,#635,.F.);
#1314=CARTESIAN_POINT('',(537.131810259,150.53911673,180.));
#1315=DIRECTION('',(0.,0.,-1.));
#1316=DIRECTION('',(-1.,0.,0.));
#1317=AXIS2_PLACEMENT_3D('',#1314,#1315,#1316);
#1318=CIRCLE('',#1317,1.);
#1319=EDGE_CURVE('',#1305,#622,#1318,.T.);
#1320=ORIENTED_EDGE('',*,*,#1319,.F.);
#1321=EDGE_LOOP('',(#1311,#1312,#1313,#1320));
#1322=FACE_BOUND('',#1321,.T.);
#1323=ADVANCED_FACE('',(#1322),#1303,.T.);
#1324=CARTESIAN_POINT('',(537.131810259,150.53911673,180.));
#1325=DIRECTION('',(0.870419822,0.492310201,0.));
#1326=DIRECTION('',(-0.492310201,0.870419822,0.));
#1327=AXIS2_PLACEMENT_3D('',#1324,#1325,#1326);
#1328=SPHERICAL_SURFACE('',#1327,1.);
#1329=CARTESIAN_POINT('',(537.131810259,150.53911673,180.));
#1330=DIRECTION('',(0.,0.,-1.));
#1331=DIRECTION('',(-1.,0.,0.));
#1332=AXIS2_PLACEMENT_3D('',#1329,#1330,#1331);
#1333=CIRCLE('',#1332,1.);
#1334=EDGE_CURVE('',#710,#1305,#1333,.T.);
#1335=ORIENTED_EDGE('',*,*,#1334,.T.);
#1336=ORIENTED_EDGE('',*,*,#1319,.T.);
#1337=ORIENTED_EDGE('',*,*,#1274,.F.);
#1338=CARTESIAN_POINT('',(537.131810259,150.53911673,180.));
#1339=DIRECTION('',(0.492310201,-0.870419822,0.));
#1340=DIRECTION('',(0.870419822,0.492310201,0.));
#1341=AXIS2_PLACEMENT_3D('',#1338,#1339,#1340);
#1342=CIRCLE('',#1341,1.);
#1343=EDGE_CURVE('',#710,#331,#1342,.T.);
#1344=ORIENTED_EDGE('',*,*,#1343,.F.);
#1345=EDGE_LOOP('',(#1335,#1336,#1337,#1344));
#1346=FACE_BOUND('',#1345,.T.);
#1347=ADVANCED_FACE('',(#1346),#1328,.T.);
#1348=CARTESIAN_POINT('',(552.115413302,124.04763825,180.));
#1349=DIRECTION('',(0.492310201,-0.870419822,0.));
#1350=DIRECTION('',(0.870419822,0.492310201,0.));
#1351=AXIS2_PLACEMENT_3D('',#1348,#1349,#1350);
#1352=CYLINDRICAL_SURFACE('',#1351,1.);
#1353=ORIENTED_EDGE('',*,*,#276,.F.);
#1354=CARTESIAN_POINT('',(567.099016345,97.55615977,180.));
#1355=DIRECTION('',(-0.492310201,0.870419822,-0.));
#1356=DIRECTION('',(0.870419822,0.492310201,0.));
#1357=AXIS2_PLACEMENT_3D('',#1354,#1355,#1356);
#1358=CIRCLE('',#1357,1.);
#1359=EDGE_CURVE('',#269,#686,#1358,.T.);
#1360=ORIENTED_EDGE('',*,*,#1359,.T.);
#1361=ORIENTED_EDGE('',*,*,#691,.F.);
#1362=ORIENTED_EDGE('',*,*,#721,.F.);
#1363=ORIENTED_EDGE('',*,*,#1343,.T.);
#1364=ORIENTED_EDGE('',*,*,#382,.F.);
#1365=CARTESIAN_POINT('',(567.090164647,97.561343533,179.000013275));
#1366=VERTEX_POINT('',#1365);
#1367=CARTESIAN_POINT('',(567.090164647,97.561343533,179.000013275));
#1368=CARTESIAN_POINT('',(562.058819606,106.460407588,179.000004425));
#1369=CARTESIAN_POINT('',(557.027474565,115.359471643,179.));
#1370=CARTESIAN_POINT('',(551.996129523,124.258535699,179.));
#1371=B_SPLINE_CURVE_WITH_KNOTS('',3,(#1367,#1368,#1369,#1370),.UNSPECIFIED.,.F.,.F.,(4,4),(0.000000036,0.030668749),.UNSPECIFIED.);
#1372=EDGE_CURVE('',#1366,#371,#1371,.T.);
#1373=ORIENTED_EDGE('',*,*,#1372,.F.);
#1374=CARTESIAN_POINT('',(567.096132356,97.561258753,180.));
#1375=DIRECTION('',(0.009024774,0.999959276,0.));
#1376=DIRECTION('',(0.999959276,-0.009024774,0.));
#1377=AXIS2_PLACEMENT_3D('',#1374,#1375,#1376);
#1378=ELLIPSE('',#1377,1.154812573,1.);
#1379=EDGE_CURVE('',#271,#1366,#1378,.T.);
#1380=ORIENTED_EDGE('',*,*,#1379,.F.);
#1381=EDGE_LOOP('',(#1353,#1360,#1361,#1362,#1363,#1364,#1373,#1380));
#1382=FACE_BOUND('',#1381,.T.);
#1383=ADVANCED_FACE('',(#1382),#1352,.T.);
#1384=CARTESIAN_POINT('',(567.099016345,97.55615977,239.));
#1385=DIRECTION('',(0.,0.,-1.));
#1386=DIRECTION('',(-1.,0.,0.));
#1387=AXIS2_PLACEMENT_3D('',#1384,#1385,#1386);
#1388=CYLINDRICAL_SURFACE('',#1387,1.);
#1389=ORIENTED_EDGE('',*,*,#850,.F.);
#1390=ORIENTED_EDGE('',*,*,#699,.F.);
#1391=CARTESIAN_POINT('',(567.099016345,97.55615977,180.));
#1392=DIRECTION('',(0.,0.,-1.));
#1393=DIRECTION('',(-1.,0.,0.));
#1394=AXIS2_PLACEMENT_3D('',#1391,#1392,#1393);
#1395=CIRCLE('',#1394,1.);
#1396=EDGE_CURVE('',#774,#686,#1395,.T.);
#1397=ORIENTED_EDGE('',*,*,#1396,.F.);
#1398=ORIENTED_EDGE('',*,*,#779,.F.);
#1399=EDGE_LOOP('',(#1389,#1390,#1397,#1398));
#1400=FACE_BOUND('',#1399,.T.);
#1401=ADVANCED_FACE('',(#1400),#1388,.T.);
#1402=CARTESIAN_POINT('',(567.099016345,97.55615977,180.));
#1403=DIRECTION('',(0.00885677,0.999960778,0.));
#1404=DIRECTION('',(-0.999960778,0.00885677,0.));
#1405=AXIS2_PLACEMENT_3D('',#1402,#1403,#1404);
#1406=SPHERICAL_SURFACE('',#1405,1.);
#1407=ORIENTED_EDGE('',*,*,#1396,.T.);
#1408=ORIENTED_EDGE('',*,*,#1359,.F.);
#1409=CARTESIAN_POINT('',(567.099016345,97.55615977,180.));
#1410=DIRECTION('',(0.999960778,-0.00885677,-0.));
#1411=DIRECTION('',(0.00885677,0.999960778,0.));
#1412=AXIS2_PLACEMENT_3D('',#1409,#1410,#1411);
#1413=CIRCLE('',#1412,1.);
#1414=EDGE_CURVE('',#774,#269,#1413,.T.);
#1415=ORIENTED_EDGE('',*,*,#1414,.F.);
#1416=EDGE_LOOP('',(#1407,#1408,#1415));
#1417=FACE_BOUND('',#1416,.T.);
#1418=ADVANCED_FACE('',(#1417),#1406,.T.);
#1419=CARTESIAN_POINT('',(597.533111214,97.286601405,180.));
#1420=DIRECTION('',(0.999960778,-0.00885677,0.));
#1421=DIRECTION('',(0.00885677,0.999960778,0.));
#1422=AXIS2_PLACEMENT_3D('',#1419,#1420,#1421);
#1423=CYLINDRICAL_SURFACE('',#1422,1.);
#1424=CARTESIAN_POINT('',(627.958326664,97.011968805,179.000013275));
#1425=VERTEX_POINT('',#1424);
#1426=CARTESIAN_POINT('',(627.961348239,97.017094924,180.));
#1427=DIRECTION('',(-0.861477748,0.507795322,0.));
#1428=DIRECTION('',(0.507795322,0.861477748,0.));
#1429=AXIS2_PLACEMENT_3D('',#1426,#1427,#1428);
#1430=ELLIPSE('',#1429,1.154812573,1.);
#1431=EDGE_CURVE('',#217,#1425,#1430,.T.);
#1432=ORIENTED_EDGE('',*,*,#1431,.F.);
#1433=ORIENTED_EDGE('',*,*,#222,.F.);
#1434=CARTESIAN_POINT('',(627.967206082,97.017043041,180.));
#1435=DIRECTION('',(0.999960778,-0.00885677,0.));
#1436=DIRECTION('',(0.00885677,0.999960778,0.));
#1437=AXIS2_PLACEMENT_3D('',#1434,#1435,#1436);
#1438=CIRCLE('',#1437,1.);
#1439=EDGE_CURVE('',#750,#209,#1438,.T.);
#1440=ORIENTED_EDGE('',*,*,#1439,.F.);
#1441=ORIENTED_EDGE('',*,*,#755,.F.);
#1442=ORIENTED_EDGE('',*,*,#785,.F.);
#1443=ORIENTED_EDGE('',*,*,#1414,.T.);
#1444=ORIENTED_EDGE('',*,*,#320,.F.);
#1445=CARTESIAN_POINT('',(627.958326664,97.011968805,179.000013275));
#1446=CARTESIAN_POINT('',(617.735826621,97.104228319,179.000004425));
#1447=CARTESIAN_POINT('',(607.513326579,97.196487834,179.));
#1448=CARTESIAN_POINT('',(597.290826536,97.288747349,179.));
#1449=B_SPLINE_CURVE_WITH_KNOTS('',3,(#1445,#1446,#1447,#1448),.UNSPECIFIED.,.F.,.F.,(4,4),(0.,0.030668749),.UNSPECIFIED.);
#1450=EDGE_CURVE('',#1425,#309,#1449,.T.);
#1451=ORIENTED_EDGE('',*,*,#1450,.F.);
#1452=EDGE_LOOP('',(#1432,#1433,#1440,#1441,#1442,#1443,#1444,#1451));
#1453=FACE_BOUND('',#1452,.T.);
#1454=ADVANCED_FACE('',(#1453),#1423,.T.);
#1455=CARTESIAN_POINT('',(627.967206082,97.017043041,180.));
#1456=DIRECTION('',(0.00885677,0.999960778,0.));
#1457=DIRECTION('',(-0.999960778,0.00885677,0.));
#1458=AXIS2_PLACEMENT_3D('',#1455,#1456,#1457);
#1459=SPHERICAL_SURFACE('',#1458,1.);
#1460=ORIENTED_EDGE('',*,*,#1439,.T.);
#1461=ORIENTED_EDGE('',*,*,#1056,.F.);
#1462=CARTESIAN_POINT('',(627.967206082,97.017043041,180.));
#1463=DIRECTION('',(0.,0.,1.));
#1464=DIRECTION('',(1.,0.,-0.));
#1465=AXIS2_PLACEMENT_3D('',#1462,#1463,#1464);
#1466=CIRCLE('',#1465,1.);
#1467=EDGE_CURVE('',#750,#526,#1466,.T.);
#1468=ORIENTED_EDGE('',*,*,#1467,.F.);
#1469=EDGE_LOOP('',(#1460,#1461,#1468));
#1470=FACE_BOUND('',#1469,.T.);
#1471=ADVANCED_FACE('',(#1470),#1459,.T.);
#1472=CARTESIAN_POINT('',(627.967206082,97.017043041,239.));
#1473=DIRECTION('',(0.,0.,-1.));
#1474=DIRECTION('',(-1.,0.,0.));
#1475=AXIS2_PLACEMENT_3D('',#1472,#1473,#1474);
#1476=CYLINDRICAL_SURFACE('',#1475,1.);
#1477=ORIENTED_EDGE('',*,*,#801,.F.);
#1478=ORIENTED_EDGE('',*,*,#763,.F.);
#1479=ORIENTED_EDGE('',*,*,#1467,.T.);
#1480=ORIENTED_EDGE('',*,*,#531,.F.);
#1481=EDGE_LOOP('',(#1477,#1478,#1479,#1480));
#1482=FACE_BOUND('',#1481,.T.);
#1483=ADVANCED_FACE('',(#1482),#1476,.T.);
#1484=CARTESIAN_POINT('',(613.639317927,201.378967534,191.454574975));
#1485=DIRECTION('',(0.999960778,-0.00885677,0.));
#1486=DIRECTION('',(0.00885677,0.999960778,0.));
#1487=AXIS2_PLACEMENT_3D('',#1484,#1485,#1486);
#1488=PLANE('',#1487);
#1489=CARTESIAN_POINT('',(613.649923818,202.576410257,210.));
#1490=VERTEX_POINT('',#1489);
#1491=CARTESIAN_POINT('',(613.649923818,202.576410257,179.));
#1492=DIRECTION('',(0.,0.,1.));
#1493=VECTOR('',#1492,31.);
#1494=LINE('',#1491,#1493);
#1495=EDGE_CURVE('',#493,#1490,#1494,.T.);
#1496=ORIENTED_EDGE('',*,*,#1495,.T.);
#1497=CARTESIAN_POINT('',(613.649923818,202.576410257,210.));
#1498=DIRECTION('',(0.00885677,0.999960778,0.));
#1499=VECTOR('',#1498,1.002510309);
#1500=LINE('',#1497,#1499);
#1501=EDGE_CURVE('',#1490,#104,#1500,.T.);
#1502=ORIENTED_EDGE('',*,*,#1501,.T.);
#1503=ORIENTED_EDGE('',*,*,#163,.T.);
#1504=ORIENTED_EDGE('',*,*,#180,.T.);
#1505=ORIENTED_EDGE('',*,*,#504,.F.);
#1506=EDGE_LOOP('',(#1496,#1502,#1503,#1504,#1505));
#1507=FACE_BOUND('',#1506,.T.);
#1508=ADVANCED_FACE('',(#1507),#1488,.F.);
#1509=CARTESIAN_POINT('',(582.793234977,201.652174926,191.454574975));
#1510=DIRECTION('',(-0.999960778,0.00885677,0.));
#1511=DIRECTION('',(-0.00885677,-0.999960778,0.));
#1512=AXIS2_PLACEMENT_3D('',#1509,#1510,#1511);
#1513=PLANE('',#1512);
#1514=CARTESIAN_POINT('',(582.80388677,202.854800123,210.));
#1515=VERTEX_POINT('',#1514);
#1516=CARTESIAN_POINT('',(582.80388677,202.854800123,210.));
#1517=DIRECTION('',(0.,0.,-1.));
#1518=VECTOR('',#1517,30.999996429);
#1519=LINE('',#1516,#1518);
#1520=EDGE_CURVE('',#1515,#1192,#1519,.T.);
#1521=ORIENTED_EDGE('',*,*,#1520,.T.);
#1522=ORIENTED_EDGE('',*,*,#1198,.T.);
#1523=ORIENTED_EDGE('',*,*,#117,.T.);
#1524=CARTESIAN_POINT('',(582.80388677,202.854800123,210.));
#1525=DIRECTION('',(0.00885677,0.999960778,0.));
#1526=VECTOR('',#1525,0.997327632);
#1527=LINE('',#1524,#1526);
#1528=EDGE_CURVE('',#1515,#102,#1527,.T.);
#1529=ORIENTED_EDGE('',*,*,#1528,.F.);
#1530=EDGE_LOOP('',(#1521,#1522,#1523,#1529));
#1531=FACE_BOUND('',#1530,.T.);
#1532=ADVANCED_FACE('',(#1531),#1513,.F.);
#1533=CARTESIAN_POINT('',(598.209191036,200.715602608,210.));
#1534=DIRECTION('',(0.,0.,1.));
#1535=DIRECTION('',(1.,0.,0.));
#1536=AXIS2_PLACEMENT_3D('',#1533,#1534,#1535);
#1537=PLANE('',#1536);
#1538=ORIENTED_EDGE('',*,*,#1501,.F.);
#1539=CARTESIAN_POINT('',(613.645411431,202.076430619,210.));
#1540=VERTEX_POINT('',#1539);
#1541=CARTESIAN_POINT('',(613.645411431,202.076430619,210.));
#1542=DIRECTION('',(0.009024774,0.999959276,0.));
#1543=VECTOR('',#1542,0.5);
#1544=LINE('',#1541,#1543);
#1545=EDGE_CURVE('',#1540,#1490,#1544,.T.);
#1546=ORIENTED_EDGE('',*,*,#1545,.F.);
#1547=CARTESIAN_POINT('',(582.799374383,202.354820485,210.));
#1548=VERTEX_POINT('',#1547);
#1549=CARTESIAN_POINT('',(613.645411431,202.076430619,210.));
#1550=DIRECTION('',(-0.999959276,0.009024774,0.));
#1551=VECTOR('',#1550,30.847293276);
#1552=LINE('',#1549,#1551);
#1553=EDGE_CURVE('',#1540,#1548,#1552,.T.);
#1554=ORIENTED_EDGE('',*,*,#1553,.T.);
#1555=CARTESIAN_POINT('',(582.799374383,202.354820485,210.));
#1556=DIRECTION('',(0.009024774,0.999959276,0.));
#1557=VECTOR('',#1556,0.5);
#1558=LINE('',#1555,#1557);
#1559=EDGE_CURVE('',#1548,#1515,#1558,.T.);
#1560=ORIENTED_EDGE('',*,*,#1559,.T.);
#1561=ORIENTED_EDGE('',*,*,#1528,.T.);
#1562=ORIENTED_EDGE('',*,*,#109,.T.);
#1563=EDGE_LOOP('',(#1538,#1546,#1554,#1560,#1561,#1562));
#1564=FACE_BOUND('',#1563,.T.);
#1565=ADVANCED_FACE('',(#1564),#1537,.F.);
#1566=CARTESIAN_POINT('',(582.799374383,202.354820485,239.));
#1567=DIRECTION('',(0.999959276,-0.009024774,0.));
#1568=DIRECTION('',(0.009024774,0.999959276,0.));
#1569=AXIS2_PLACEMENT_3D('',#1566,#1567,#1568);
#1570=PLANE('',#1569);
#1571=ORIENTED_EDGE('',*,*,#1520,.F.);
#1572=ORIENTED_EDGE('',*,*,#1559,.F.);
#1573=CARTESIAN_POINT('',(582.799374383,202.354820485,179.000003571));
#1574=VERTEX_POINT('',#1573);
#1575=CARTESIAN_POINT('',(582.799374383,202.354820485,210.));
#1576=DIRECTION('',(0.,0.,-1.));
#1577=VECTOR('',#1576,30.999996429);
#1578=LINE('',#1575,#1577);
#1579=EDGE_CURVE('',#1548,#1574,#1578,.T.);
#1580=ORIENTED_EDGE('',*,*,#1579,.T.);
#1581=CARTESIAN_POINT('',(582.799374383,202.354820485,179.000003571));
#1582=DIRECTION('',(0.009024774,0.999959276,0.));
#1583=VECTOR('',#1582,0.5);
#1584=LINE('',#1581,#1583);
#1585=EDGE_CURVE('',#1574,#1192,#1584,.T.);
#1586=ORIENTED_EDGE('',*,*,#1585,.T.);
#1587=EDGE_LOOP('',(#1571,#1572,#1580,#1586));
#1588=FACE_BOUND('',#1587,.T.);
#1589=ADVANCED_FACE('',(#1588),#1570,.T.);
#1590=CARTESIAN_POINT('',(613.645411431,202.076430619,239.));
#1591=DIRECTION('',(-0.999959276,0.009024774,0.));
#1592=DIRECTION('',(-0.009024774,-0.999959276,0.));
#1593=AXIS2_PLACEMENT_3D('',#1590,#1591,#1592);
#1594=PLANE('',#1593);
#1595=ORIENTED_EDGE('',*,*,#1495,.F.);
#1596=ORIENTED_EDGE('',*,*,#498,.F.);
#1597=CARTESIAN_POINT('',(613.645411431,202.076430619,179.));
#1598=DIRECTION('',(0.,0.,1.));
#1599=VECTOR('',#1598,31.);
#1600=LINE('',#1597,#1599);
#1601=EDGE_CURVE('',#485,#1540,#1600,.T.);
#1602=ORIENTED_EDGE('',*,*,#1601,.T.);
#1603=ORIENTED_EDGE('',*,*,#1545,.T.);
#1604=EDGE_LOOP('',(#1595,#1596,#1602,#1603));
#1605=FACE_BOUND('',#1604,.T.);
#1606=ADVANCED_FACE('',(#1605),#1594,.T.);
#1607=CARTESIAN_POINT('',(628.899355251,201.93876161,180.));
#1608=DIRECTION('',(-0.009024774,-0.999959276,0.));
#1609=DIRECTION('',(-0.999959276,0.009024774,0.));
#1610=AXIS2_PLACEMENT_3D('',#1607,#1608,#1609);
#1611=ELLIPSE('',#1610,1.154812573,1.);
#1612=DIRECTION('',(0.009024774,0.999959276,-0.));
#1613=VECTOR('',#1612,1.);
#1614=SURFACE_OF_LINEAR_EXTRUSION('',#1611,#1613);
#1615=ORIENTED_EDGE('',*,*,#475,.T.);
#1616=ORIENTED_EDGE('',*,*,#468,.T.);
#1617=ORIENTED_EDGE('',*,*,#1152,.T.);
#1618=CARTESIAN_POINT('',(628.905305388,201.938707909,179.000012903));
#1619=VERTEX_POINT('',#1618);
#1620=CARTESIAN_POINT('',(628.905305388,201.938707909,179.000013275));
#1621=DIRECTION('',(0.009024774,0.999959276,0.));
#1622=VECTOR('',#1621,0.5);
#1623=LINE('',#1620,#1622);
#1624=EDGE_CURVE('',#1619,#1139,#1623,.T.);
#1625=ORIENTED_EDGE('',*,*,#1624,.F.);
#1626=CARTESIAN_POINT('',(628.899355251,201.93876161,179.000012905));
#1627=CARTESIAN_POINT('',(628.90133863,201.93874371,179.000012905));
#1628=CARTESIAN_POINT('',(628.903322009,201.938725809,179.000012904));
#1629=CARTESIAN_POINT('',(628.905305388,201.938707909,179.000012903));
#1630=B_SPLINE_CURVE_WITH_KNOTS('',3,(#1626,#1627,#1628,#1629),.UNSPECIFIED.,.F.,.F.,(4,4),(0.,1.),.UNSPECIFIED.);
#1631=EDGE_CURVE('',#471,#1619,#1630,.T.);
#1632=ORIENTED_EDGE('',*,*,#1631,.F.);
#1633=EDGE_LOOP('',(#1615,#1616,#1617,#1625,#1632));
#1634=FACE_BOUND('',#1633,.T.);
#1635=ADVANCED_FACE('',(#1634),#1614,.F.);
#1636=CARTESIAN_POINT('',(568.037160943,202.488051558,179.000013275));
#1637=CARTESIAN_POINT('',(568.04167333,202.988031196,179.000013275));
#1638=CARTESIAN_POINT('',(568.70380046,202.482035042,179.000012698));
#1639=CARTESIAN_POINT('',(568.708312847,202.98201468,179.000012698));
#1640=CARTESIAN_POINT('',(569.370439977,202.476018526,179.00001214));
#1641=CARTESIAN_POINT('',(569.374952364,202.975998164,179.00001214));
#1642=CARTESIAN_POINT('',(570.037079494,202.470002009,179.0000116));
#1643=CARTESIAN_POINT('',(570.041591882,202.969981647,179.0000116));
#1644=CARTESIAN_POINT('',(572.703637564,202.445935944,179.000009442));
#1645=CARTESIAN_POINT('',(572.708149951,202.945915582,179.000009442));
#1646=CARTESIAN_POINT('',(575.370195633,202.421869879,179.000007585));
#1647=CARTESIAN_POINT('',(575.37470802,202.921849517,179.000007585));
#1648=CARTESIAN_POINT('',(578.036753702,202.397803813,179.000006029));
#1649=CARTESIAN_POINT('',(578.041266089,202.897783451,179.000006029));
#1650=CARTESIAN_POINT('',(579.624293929,202.383476037,179.000005103));
#1651=CARTESIAN_POINT('',(579.628806316,202.883455675,179.000005103));
#1652=CARTESIAN_POINT('',(581.211834156,202.369148261,179.000004284));
#1653=CARTESIAN_POINT('',(581.216346543,202.869127899,179.000004284));
#1654=CARTESIAN_POINT('',(582.799374383,202.354820485,179.000003571));
#1655=CARTESIAN_POINT('',(582.80388677,202.854800123,179.000003571));
#1656=B_SPLINE_SURFACE_WITH_KNOTS('',3,1,((#1636,#1637),(#1638,#1639),(#1640,#1641),(#1642,#1643),(#1644,#1645),(#1646,#1647),(#1648,#1649),(#1650,#1651),(#1652,#1653),(#1654,#1655)),.UNSPECIFIED.,.F.,.F.,.U.,(4,3,3,4),(2,2),(0.,0.002,0.01,0.014762815),(0.,1.),.UNSPECIFIED.);
#1657=ORIENTED_EDGE('',*,*,#415,.T.);
#1658=CARTESIAN_POINT('',(568.041611322,202.981160569,179.000013275));
#1659=CARTESIAN_POINT('',(568.041631991,202.983450778,179.000013275));
#1660=CARTESIAN_POINT('',(568.04165266,202.985740987,179.000013275));
#1661=CARTESIAN_POINT('',(568.04167333,202.988031196,179.000013275));
#1662=B_SPLINE_CURVE_WITH_KNOTS('',3,(#1658,#1659,#1660,#1661),.UNSPECIFIED.,.F.,.F.,(4,4),(0.986258187,1.),.UNSPECIFIED.);
#1663=EDGE_CURVE('',#403,#1201,#1662,.T.);
#1664=ORIENTED_EDGE('',*,*,#1663,.T.);
#1665=ORIENTED_EDGE('',*,*,#1207,.T.);
#1666=ORIENTED_EDGE('',*,*,#1585,.F.);
#1667=CARTESIAN_POINT('',(568.325824321,202.48544633,179.000013026));
#1668=CARTESIAN_POINT('',(573.150341009,202.441904382,179.000008889));
#1669=CARTESIAN_POINT('',(577.974857696,202.398362434,179.000005737));
#1670=CARTESIAN_POINT('',(582.799374383,202.354820485,179.000003571));
#1671=B_SPLINE_CURVE_WITH_KNOTS('',3,(#1667,#1668,#1669,#1670),.UNSPECIFIED.,.F.,.F.,(4,4),(0.000288675,0.014762815),.UNSPECIFIED.);
#1672=EDGE_CURVE('',#418,#1574,#1671,.T.);
#1673=ORIENTED_EDGE('',*,*,#1672,.F.);
#1674=ORIENTED_EDGE('',*,*,#422,.F.);
#1675=EDGE_LOOP('',(#1657,#1664,#1665,#1666,#1673,#1674));
#1676=FACE_BOUND('',#1675,.T.);
#1677=ADVANCED_FACE('',(#1676),#1656,.F.);
#1678=CARTESIAN_POINT('',(598.471233166,202.213379734,239.));
#1679=DIRECTION('',(-0.009024774,-0.999959276,0.));
#1680=DIRECTION('',(0.999959276,-0.009024774,0.));
#1681=AXIS2_PLACEMENT_3D('',#1678,#1679,#1680);
#1682=PLANE('',#1681);
#1683=CARTESIAN_POINT('',(628.61664201,201.941313137,283.8));
#1684=DIRECTION('',(0.,0.,-1.));
#1685=VECTOR('',#1684,104.799986974);
#1686=LINE('',#1683,#1685);
#1687=EDGE_CURVE('',#855,#478,#1686,.T.);
#1688=ORIENTED_EDGE('',*,*,#1687,.F.);
#1689=ORIENTED_EDGE('',*,*,#862,.T.);
#1690=CARTESIAN_POINT('',(568.325824321,202.48544633,179.000013026));
#1691=DIRECTION('',(0.,0.,1.));
#1692=VECTOR('',#1691,104.799986974);
#1693=LINE('',#1690,#1692);
#1694=EDGE_CURVE('',#418,#857,#1693,.T.);
#1695=ORIENTED_EDGE('',*,*,#1694,.F.);
#1696=ORIENTED_EDGE('',*,*,#1672,.T.);
#1697=ORIENTED_EDGE('',*,*,#1579,.F.);
#1698=ORIENTED_EDGE('',*,*,#1553,.F.);
#1699=ORIENTED_EDGE('',*,*,#1601,.F.);
#1700=ORIENTED_EDGE('',*,*,#490,.F.);
#1701=EDGE_LOOP('',(#1688,#1689,#1695,#1696,#1697,#1698,#1699,#1700));
#1702=FACE_BOUND('',#1701,.T.);
#1703=ADVANCED_FACE('',(#1702),#1682,.T.);
#1704=CARTESIAN_POINT('',(643.453729848,175.698589972,239.));
#1705=DIRECTION('',(-0.870502523,-0.492163954,0.));
#1706=DIRECTION('',(0.492163954,-0.870502523,0.));
#1707=AXIS2_PLACEMENT_3D('',#1704,#1705,#1706);
#1708=PLANE('',#1707);
#1709=CARTESIAN_POINT('',(642.318575147,177.706366086,182.));
#1710=VERTEX_POINT('',#1709);
#1711=CARTESIAN_POINT('',(643.302903069,175.965361015,182.));
#1712=DIRECTION('',(-0.870502523,-0.492163954,0.));
#1713=DIRECTION('',(-0.492163954,0.870502523,0.));
#1714=AXIS2_PLACEMENT_3D('',#1711,#1712,#1713);
#1715=ELLIPSE('',#1714,2.000000028,2.);
#1716=EDGE_CURVE('',#1710,#1710,#1715,.T.);
#1717=ORIENTED_EDGE('',*,*,#1716,.F.);
#1718=EDGE_LOOP('',(#1717));
#1719=FACE_BOUND('',#1718,.T.);
#1720=ORIENTED_EDGE('',*,*,#870,.T.);
#1721=ORIENTED_EDGE('',*,*,#1687,.T.);
#1722=CARTESIAN_POINT('',(628.61664201,201.941313137,179.000013026));
#1723=CARTESIAN_POINT('',(633.60063449,193.126002724,179.000004342));
#1724=CARTESIAN_POINT('',(638.584626971,184.31069231,179.));
#1725=CARTESIAN_POINT('',(643.568619451,175.495381897,179.));
#1726=B_SPLINE_CURVE_WITH_KNOTS('',3,(#1722,#1723,#1724,#1725),.UNSPECIFIED.,.F.,.F.,(4,4),(0.000288675,0.030668749),.UNSPECIFIED.);
#1727=EDGE_CURVE('',#478,#943,#1726,.T.);
#1728=ORIENTED_EDGE('',*,*,#1727,.T.);
#1729=ORIENTED_EDGE('',*,*,#948,.F.);
#1730=CARTESIAN_POINT('',(658.290817686,149.455866807,283.8));
#1731=DIRECTION('',(0.,0.,-1.));
#1732=VECTOR('',#1731,104.8);
#1733=LINE('',#1730,#1732);
#1734=EDGE_CURVE('',#865,#936,#1733,.T.);
#1735=ORIENTED_EDGE('',*,*,#1734,.F.);
#1736=EDGE_LOOP('',(#1720,#1721,#1728,#1729,#1735));
#1737=FACE_BOUND('',#1736,.T.);
#1738=ADVANCED_FACE('',(#1719,#1737),#1708,.T.);
#1739=CARTESIAN_POINT('',(628.474566514,202.19260557,179.000013275));
#1740=CARTESIAN_POINT('',(628.909817776,202.438687547,179.000013275));
#1741=CARTESIAN_POINT('',(628.802675817,201.612270555,179.000012698));
#1742=CARTESIAN_POINT('',(629.237927078,201.858352532,179.000012698));
#1743=CARTESIAN_POINT('',(629.130785119,201.031935539,179.00001214));
#1744=CARTESIAN_POINT('',(629.566036381,201.278017516,179.00001214));
#1745=CARTESIAN_POINT('',(629.458894422,200.451600524,179.0000116));
#1746=CARTESIAN_POINT('',(629.894145684,200.697682501,179.0000116));
#1747=CARTESIAN_POINT('',(630.771331633,198.130260463,179.000009442));
#1748=CARTESIAN_POINT('',(631.206582894,198.37634244,179.000009442));
#1749=CARTESIAN_POINT('',(632.083768843,195.808920402,179.000007585));
#1750=CARTESIAN_POINT('',(632.519020105,196.055002379,179.000007585));
#1751=CARTESIAN_POINT('',(633.396206054,193.487580341,179.000006029));
#1752=CARTESIAN_POINT('',(633.831457315,193.733662318,179.000006029));
#1753=CARTESIAN_POINT('',(636.78701052,187.490180859,179.00000201));
#1754=CARTESIAN_POINT('',(637.222261781,187.736262836,179.00000201));
#1755=CARTESIAN_POINT('',(640.177814985,181.492781378,179.));
#1756=CARTESIAN_POINT('',(640.613066247,181.738863355,179.));
#1757=CARTESIAN_POINT('',(643.568619451,175.495381897,179.));
#1758=CARTESIAN_POINT('',(644.003870713,175.741463874,179.));
#1759=B_SPLINE_SURFACE_WITH_KNOTS('',3,1,((#1739,#1740),(#1741,#1742),(#1743,#1744),(#1745,#1746),(#1747,#1748),(#1749,#1750),(#1751,#1752),(#1753,#1754),(#1755,#1756),(#1757,#1758)),.UNSPECIFIED.,.F.,.F.,.U.,(4,3,3,4),(2,2),(0.,0.002,0.01,0.030668749),(0.,1.),.UNSPECIFIED.);
#1760=ORIENTED_EDGE('',*,*,#482,.F.);
#1761=ORIENTED_EDGE('',*,*,#1631,.T.);
#1762=ORIENTED_EDGE('',*,*,#1624,.T.);
#1763=ORIENTED_EDGE('',*,*,#1145,.T.);
#1764=ORIENTED_EDGE('',*,*,#956,.F.);
#1765=ORIENTED_EDGE('',*,*,#1727,.F.);
#1766=EDGE_LOOP('',(#1760,#1761,#1762,#1763,#1764,#1765));
#1767=FACE_BOUND('',#1766,.T.);
#1768=ADVANCED_FACE('',(#1767),#1759,.F.);
#1769=CARTESIAN_POINT('',(658.429964619,149.209754195,180.));
#1770=DIRECTION('',(-0.870502523,-0.492163954,0.));
#1771=DIRECTION('',(-0.492163954,0.870502523,0.));
#1772=AXIS2_PLACEMENT_3D('',#1769,#1770,#1771);
#1773=ELLIPSE('',#1772,1.154812573,1.);
#1774=DIRECTION('',(0.870502523,0.492163954,-0.));
#1775=VECTOR('',#1774,1.);
#1776=SURFACE_OF_LINEAR_EXTRUSION('',#1773,#1775);
#1777=ORIENTED_EDGE('',*,*,#933,.T.);
#1778=ORIENTED_EDGE('',*,*,#926,.T.);
#1779=ORIENTED_EDGE('',*,*,#1073,.T.);
#1780=CARTESIAN_POINT('',(658.432893181,149.204574374,179.000012903));
#1781=VERTEX_POINT('',#1780);
#1782=CARTESIAN_POINT('',(658.432893181,149.204574374,179.000013275));
#1783=DIRECTION('',(0.870502523,0.492163954,0.));
#1784=VECTOR('',#1783,0.5);
#1785=LINE('',#1782,#1784);
#1786=EDGE_CURVE('',#1781,#1060,#1785,.T.);
#1787=ORIENTED_EDGE('',*,*,#1786,.F.);
#1788=CARTESIAN_POINT('',(658.429964619,149.209754195,179.000012905));
#1789=CARTESIAN_POINT('',(658.430940806,149.208027588,179.000012905));
#1790=CARTESIAN_POINT('',(658.431916994,149.206300981,179.000012904));
#1791=CARTESIAN_POINT('',(658.432893181,149.204574374,179.000012903));
#1792=B_SPLINE_CURVE_WITH_KNOTS('',3,(#1788,#1789,#1790,#1791),.UNSPECIFIED.,.F.,.F.,(4,4),(0.,1.),.UNSPECIFIED.);
#1793=EDGE_CURVE('',#929,#1781,#1792,.T.);
#1794=ORIENTED_EDGE('',*,*,#1793,.F.);
#1795=EDGE_LOOP('',(#1777,#1778,#1779,#1787,#1794));
#1796=FACE_BOUND('',#1795,.T.);
#1797=ADVANCED_FACE('',(#1796),#1776,.F.);
#1798=CARTESIAN_POINT('',(643.302903069,175.965361015,182.));
#1799=DIRECTION('',(-0.870502523,-0.492163954,0.));
#1800=DIRECTION('',(-0.492163954,0.870502523,0.));
#1801=AXIS2_PLACEMENT_3D('',#1798,#1799,#1800);
#1802=ELLIPSE('',#1801,2.000000028,2.);
#1803=DIRECTION('',(0.870502523,0.492163954,-0.));
#1804=VECTOR('',#1803,1.);
#1805=SURFACE_OF_LINEAR_EXTRUSION('',#1802,#1804);
#1806=CARTESIAN_POINT('',(642.753826408,177.952448063,182.));
#1807=DIRECTION('',(-0.870502523,-0.492163954,-0.));
#1808=VECTOR('',#1807,0.5);
#1809=LINE('',#1806,#1808);
#1810=EDGE_CURVE('',#1025,#1710,#1809,.T.);
#1811=ORIENTED_EDGE('',*,*,#1810,.T.);
#1812=ORIENTED_EDGE('',*,*,#1716,.T.);
#1813=ORIENTED_EDGE('',*,*,#1810,.F.);
#1814=ORIENTED_EDGE('',*,*,#1040,.F.);
#1815=EDGE_LOOP('',(#1811,#1812,#1813,#1814));
#1816=FACE_BOUND('',#1815,.T.);
#1817=ADVANCED_FACE('',(#1816),#1805,.T.);
#1818=CARTESIAN_POINT('',(658.437405569,149.704554012,179.000013275));
#1819=CARTESIAN_POINT('',(658.868144443,149.450656351,179.000013275));
#1820=CARTESIAN_POINT('',(658.098875354,149.130235513,179.000012698));
#1821=CARTESIAN_POINT('',(658.529614228,148.876337852,179.000012698));
#1822=CARTESIAN_POINT('',(657.760345139,148.555917014,179.00001214));
#1823=CARTESIAN_POINT('',(658.191084013,148.302019353,179.00001214));
#1824=CARTESIAN_POINT('',(657.421814925,147.981598515,179.0000116));
#1825=CARTESIAN_POINT('',(657.852553799,147.727700854,179.0000116));
#1826=CARTESIAN_POINT('',(656.067694066,145.684324519,179.000009442));
#1827=CARTESIAN_POINT('',(656.49843294,145.430426858,179.000009442));
#1828=CARTESIAN_POINT('',(654.713573208,143.387050524,179.000007585));
#1829=CARTESIAN_POINT('',(655.144312082,143.133152863,179.000007585));
#1830=CARTESIAN_POINT('',(653.359452349,141.089776528,179.000006029));
#1831=CARTESIAN_POINT('',(653.790191223,140.835878867,179.000006029));
#1832=CARTESIAN_POINT('',(649.860954233,135.15455391,179.00000201));
#1833=CARTESIAN_POINT('',(650.291693107,134.900656249,179.00000201));
#1834=CARTESIAN_POINT('',(646.362456117,129.219331292,179.));
#1835=CARTESIAN_POINT('',(646.793194991,128.965433631,179.));
#1836=CARTESIAN_POINT('',(642.863958001,123.284108674,179.));
#1837=CARTESIAN_POINT('',(643.294696875,123.030211013,179.));
#1838=B_SPLINE_SURFACE_WITH_KNOTS('',3,1,((#1818,#1819),(#1820,#1821),(#1822,#1823),(#1824,#1825),(#1826,#1827),(#1828,#1829),(#1830,#1831),(#1832,#1833),(#1834,#1835),(#1836,#1837)),.UNSPECIFIED.,.F.,.F.,.U.,(4,3,3,4),(2,2),(0.,0.002,0.01,0.03066875),(0.,1.),.UNSPECIFIED.);
#1839=ORIENTED_EDGE('',*,*,#1793,.T.);
#1840=ORIENTED_EDGE('',*,*,#1786,.T.);
#1841=ORIENTED_EDGE('',*,*,#1066,.T.);
#1842=ORIENTED_EDGE('',*,*,#258,.F.);
#1843=CARTESIAN_POINT('',(658.290817686,149.455866807,179.000013026));
#1844=CARTESIAN_POINT('',(653.148531124,140.731947429,179.000004342));
#1845=CARTESIAN_POINT('',(648.006244562,132.008028052,179.));
#1846=CARTESIAN_POINT('',(642.863958001,123.284108674,179.));
#1847=B_SPLINE_CURVE_WITH_KNOTS('',3,(#1843,#1844,#1845,#1846),.UNSPECIFIED.,.F.,.F.,(4,4),(0.000288675,0.03066875),.UNSPECIFIED.);
#1848=EDGE_CURVE('',#936,#247,#1847,.T.);
#1849=ORIENTED_EDGE('',*,*,#1848,.F.);
#1850=ORIENTED_EDGE('',*,*,#940,.F.);
#1851=EDGE_LOOP('',(#1839,#1840,#1841,#1842,#1849,#1850));
#1852=FACE_BOUND('',#1851,.T.);
#1853=ADVANCED_FACE('',(#1852),#1838,.F.);
#1854=CARTESIAN_POINT('',(567.52543348,97.807394431,179.000013275));
#1855=CARTESIAN_POINT('',(567.090182219,97.561312454,179.000013275));
#1856=CARTESIAN_POINT('',(567.197324177,98.387729446,179.000012698));
#1857=CARTESIAN_POINT('',(566.762072916,98.141647469,179.000012698));
#1858=CARTESIAN_POINT('',(566.869214875,98.968064461,179.00001214));
#1859=CARTESIAN_POINT('',(566.433963613,98.721982484,179.00001214));
#1860=CARTESIAN_POINT('',(566.541105572,99.548399477,179.0000116));
#1861=CARTESIAN_POINT('',(566.105854311,99.3023175,179.0000116));
#1862=CARTESIAN_POINT('',(565.228668361,101.869739538,179.000009442));
#1863=CARTESIAN_POINT('',(564.7934171,101.623657561,179.000009442));
#1864=CARTESIAN_POINT('',(563.916231151,104.191079599,179.000007585));
#1865=CARTESIAN_POINT('',(563.480979889,103.944997622,179.000007585));
#1866=CARTESIAN_POINT('',(562.60379394,106.51241966,179.000006029));
#1867=CARTESIAN_POINT('',(562.168542679,106.266337683,179.000006029));
#1868=CARTESIAN_POINT('',(559.212989555,112.509818999,179.00000201));
#1869=CARTESIAN_POINT('',(558.777738294,112.263737022,179.00000201));
#1870=CARTESIAN_POINT('',(555.82218517,118.507218337,179.));
#1871=CARTESIAN_POINT('',(555.386933909,118.26113636,179.));
#1872=CARTESIAN_POINT('',(552.431380785,124.504617676,179.));
#1873=CARTESIAN_POINT('',(551.996129523,124.258535699,179.));
#1874=B_SPLINE_SURFACE_WITH_KNOTS('',3,1,((#1854,#1855),(#1856,#1857),(#1858,#1859),(#1860,#1861),(#1862,#1863),(#1864,#1865),(#1866,#1867),(#1868,#1869),(#1870,#1871),(#1872,#1873)),.UNSPECIFIED.,.F.,.F.,.U.,(4,3,3,4),(2,2),(0.,0.002,0.01,0.030668749),(0.,1.),.UNSPECIFIED.);
#1875=ORIENTED_EDGE('',*,*,#291,.T.);
#1876=CARTESIAN_POINT('',(567.09616336,97.564694066,179.000013275));
#1877=CARTESIAN_POINT('',(567.094169646,97.563566862,179.000013275));
#1878=CARTESIAN_POINT('',(567.092175932,97.562439658,179.000013275));
#1879=CARTESIAN_POINT('',(567.090182219,97.561312454,179.000013275));
#1880=B_SPLINE_CURVE_WITH_KNOTS('',3,(#1876,#1877,#1878,#1879),.UNSPECIFIED.,.F.,.F.,(4,4),(0.986258187,1.),.UNSPECIFIED.);
#1881=EDGE_CURVE('',#279,#1366,#1880,.T.);
#1882=ORIENTED_EDGE('',*,*,#1881,.T.);
#1883=ORIENTED_EDGE('',*,*,#1372,.T.);
#1884=ORIENTED_EDGE('',*,*,#376,.F.);
#1885=CARTESIAN_POINT('',(567.383357984,98.058686864,179.000013026));
#1886=CARTESIAN_POINT('',(562.399365585,106.873997135,179.000004342));
#1887=CARTESIAN_POINT('',(557.415373185,115.689307405,179.));
#1888=CARTESIAN_POINT('',(552.431380785,124.504617676,179.));
#1889=B_SPLINE_CURVE_WITH_KNOTS('',3,(#1885,#1886,#1887,#1888),.UNSPECIFIED.,.F.,.F.,(4,4),(0.000288675,0.030668749),.UNSPECIFIED.);
#1890=EDGE_CURVE('',#294,#363,#1889,.T.);
#1891=ORIENTED_EDGE('',*,*,#1890,.F.);
#1892=ORIENTED_EDGE('',*,*,#298,.F.);
#1893=EDGE_LOOP('',(#1875,#1882,#1883,#1884,#1891,#1892));
#1894=FACE_BOUND('',#1893,.T.);
#1895=ADVANCED_FACE('',(#1894),#1874,.F.);
#1896=CARTESIAN_POINT('',(537.570035375,150.790245806,180.));
#1897=DIRECTION('',(0.870502523,0.492163954,0.));
#1898=DIRECTION('',(0.492163954,-0.870502523,0.));
#1899=AXIS2_PLACEMENT_3D('',#1896,#1897,#1898);
#1900=ELLIPSE('',#1899,1.154812573,1.);
#1901=DIRECTION('',(-0.870502523,-0.492163954,0.));
#1902=VECTOR('',#1901,1.);
#1903=SURFACE_OF_LINEAR_EXTRUSION('',#1900,#1902);
#1904=ORIENTED_EDGE('',*,*,#353,.T.);
#1905=ORIENTED_EDGE('',*,*,#346,.T.);
#1906=ORIENTED_EDGE('',*,*,#1294,.T.);
#1907=CARTESIAN_POINT('',(537.567106813,150.795425627,179.000012903));
#1908=VERTEX_POINT('',#1907);
#1909=CARTESIAN_POINT('',(537.567106813,150.795425627,179.000013275));
#1910=DIRECTION('',(-0.870502523,-0.492163954,0.));
#1911=VECTOR('',#1910,0.5);
#1912=LINE('',#1909,#1911);
#1913=EDGE_CURVE('',#1908,#1281,#1912,.T.);
#1914=ORIENTED_EDGE('',*,*,#1913,.F.);
#1915=CARTESIAN_POINT('',(537.570035375,150.790245806,179.000012905));
#1916=CARTESIAN_POINT('',(537.569059188,150.791972413,179.000012905));
#1917=CARTESIAN_POINT('',(537.568083,150.79369902,179.000012904));
#1918=CARTESIAN_POINT('',(537.567106813,150.795425627,179.000012903));
#1919=B_SPLINE_CURVE_WITH_KNOTS('',3,(#1915,#1916,#1917,#1918),.UNSPECIFIED.,.F.,.F.,(4,4),(0.,1.),.UNSPECIFIED.);
#1920=EDGE_CURVE('',#349,#1908,#1919,.T.);
#1921=ORIENTED_EDGE('',*,*,#1920,.F.);
#1922=EDGE_LOOP('',(#1904,#1905,#1906,#1914,#1921));
#1923=FACE_BOUND('',#1922,.T.);
#1924=ADVANCED_FACE('',(#1923),#1903,.F.);
#1925=CARTESIAN_POINT('',(553.475921361,122.657112999,182.));
#1926=DIRECTION('',(0.870502523,0.492163954,0.));
#1927=DIRECTION('',(0.492163954,-0.870502523,0.));
#1928=AXIS2_PLACEMENT_3D('',#1925,#1926,#1927);
#1929=ELLIPSE('',#1928,2.000000028,2.);
#1930=DIRECTION('',(-0.870502523,-0.492163954,0.));
#1931=VECTOR('',#1930,1.);
#1932=SURFACE_OF_LINEAR_EXTRUSION('',#1929,#1931);
#1933=CARTESIAN_POINT('',(554.460249283,120.916107928,182.));
#1934=VERTEX_POINT('',#1933);
#1935=CARTESIAN_POINT('',(554.024998021,120.670025951,182.));
#1936=DIRECTION('',(0.870502523,0.492163954,-0.));
#1937=VECTOR('',#1936,0.5);
#1938=LINE('',#1935,#1937);
#1939=EDGE_CURVE('',#999,#1934,#1938,.T.);
#1940=ORIENTED_EDGE('',*,*,#1939,.T.);
#1941=CARTESIAN_POINT('',(553.475921361,122.657112999,182.));
#1942=DIRECTION('',(0.870502523,0.492163954,0.));
#1943=DIRECTION('',(0.492163954,-0.870502523,0.));
#1944=AXIS2_PLACEMENT_3D('',#1941,#1942,#1943);
#1945=ELLIPSE('',#1944,2.000000028,2.);
#1946=EDGE_CURVE('',#1934,#1934,#1945,.T.);
#1947=ORIENTED_EDGE('',*,*,#1946,.T.);
#1948=ORIENTED_EDGE('',*,*,#1939,.F.);
#1949=ORIENTED_EDGE('',*,*,#1014,.F.);
#1950=EDGE_LOOP('',(#1940,#1947,#1948,#1949));
#1951=FACE_BOUND('',#1950,.T.);
#1952=ADVANCED_FACE('',(#1951),#1932,.T.);
#1953=CARTESIAN_POINT('',(552.546270146,124.301410029,239.));
#1954=DIRECTION('',(0.870502523,0.492163954,0.));
#1955=DIRECTION('',(-0.492163954,0.870502523,0.));
#1956=AXIS2_PLACEMENT_3D('',#1953,#1954,#1955);
#1957=PLANE('',#1956);
#1958=CARTESIAN_POINT('',(567.383357984,98.058686864,179.000013026));
#1959=DIRECTION('',(0.,0.,1.));
#1960=VECTOR('',#1959,104.799986974);
#1961=LINE('',#1958,#1960);
#1962=EDGE_CURVE('',#294,#881,#1961,.T.);
#1963=ORIENTED_EDGE('',*,*,#1962,.F.);
#1964=ORIENTED_EDGE('',*,*,#1890,.T.);
#1965=ORIENTED_EDGE('',*,*,#368,.F.);
#1966=CARTESIAN_POINT('',(537.709182309,150.544133194,283.8));
#1967=DIRECTION('',(0.,0.,-1.));
#1968=VECTOR('',#1967,104.799986974);
#1969=LINE('',#1966,#1968);
#1970=EDGE_CURVE('',#889,#356,#1969,.T.);
#1971=ORIENTED_EDGE('',*,*,#1970,.F.);
#1972=ORIENTED_EDGE('',*,*,#894,.T.);
#1973=EDGE_LOOP('',(#1963,#1964,#1965,#1971,#1972));
#1974=FACE_BOUND('',#1973,.T.);
#1975=ORIENTED_EDGE('',*,*,#1946,.F.);
#1976=EDGE_LOOP('',(#1975));
#1977=FACE_BOUND('',#1976,.T.);
#1978=ADVANCED_FACE('',(#1974,#1977),#1957,.T.);
#1979=CARTESIAN_POINT('',(537.562594426,150.295445989,179.000013275));
#1980=CARTESIAN_POINT('',(537.131855551,150.54934365,179.000013275));
#1981=CARTESIAN_POINT('',(537.90112464,150.869764488,179.000012698));
#1982=CARTESIAN_POINT('',(537.470385766,151.123662149,179.000012698));
#1983=CARTESIAN_POINT('',(538.239654855,151.444082987,179.00001214));
#1984=CARTESIAN_POINT('',(537.808915981,151.697980648,179.00001214));
#1985=CARTESIAN_POINT('',(538.578185069,152.018401486,179.0000116));
#1986=CARTESIAN_POINT('',(538.147446195,152.272299147,179.0000116));
#1987=CARTESIAN_POINT('',(539.932305928,154.315675481,179.000009442));
#1988=CARTESIAN_POINT('',(539.501567054,154.569573142,179.000009442));
#1989=CARTESIAN_POINT('',(541.286426786,156.612949477,179.000007585));
#1990=CARTESIAN_POINT('',(540.855687912,156.866847138,179.000007585));
#1991=CARTESIAN_POINT('',(542.640547645,158.910223473,179.000006029));
#1992=CARTESIAN_POINT('',(542.209808771,159.164121134,179.000006029));
#1993=CARTESIAN_POINT('',(546.139045761,164.845446091,179.00000201));
#1994=CARTESIAN_POINT('',(545.708306887,165.099343752,179.00000201));
#1995=CARTESIAN_POINT('',(549.637543877,170.780668709,179.));
#1996=CARTESIAN_POINT('',(549.206805003,171.03456637,179.));
#1997=CARTESIAN_POINT('',(553.136041993,176.715891327,179.));
#1998=CARTESIAN_POINT('',(552.705303119,176.969788988,179.));
#1999=B_SPLINE_SURFACE_WITH_KNOTS('',3,1,((#1979,#1980),(#1981,#1982),(#1983,#1984),(#1985,#1986),(#1987,#1988),(#1989,#1990),(#1991,#1992),(#1993,#1994),(#1995,#1996),(#1997,#1998)),.UNSPECIFIED.,.F.,.F.,.U.,(4,3,3,4),(2,2),(0.,0.002,0.01,0.03066875),(0.,1.),.UNSPECIFIED.);
#2000=ORIENTED_EDGE('',*,*,#360,.F.);
#2001=ORIENTED_EDGE('',*,*,#1920,.T.);
#2002=ORIENTED_EDGE('',*,*,#1913,.T.);
#2003=ORIENTED_EDGE('',*,*,#1287,.T.);
#2004=ORIENTED_EDGE('',*,*,#438,.F.);
#2005=CARTESIAN_POINT('',(537.709182309,150.544133194,179.000013026));
#2006=CARTESIAN_POINT('',(542.85146887,159.268052571,179.000004342));
#2007=CARTESIAN_POINT('',(547.993755432,167.991971949,179.));
#2008=CARTESIAN_POINT('',(553.136041993,176.715891327,179.));
#2009=B_SPLINE_CURVE_WITH_KNOTS('',3,(#2005,#2006,#2007,#2008),.UNSPECIFIED.,.F.,.F.,(4,4),(0.000288675,0.03066875),.UNSPECIFIED.);
#2010=EDGE_CURVE('',#356,#425,#2009,.T.);
#2011=ORIENTED_EDGE('',*,*,#2010,.F.);
#2012=EDGE_LOOP('',(#2000,#2001,#2002,#2003,#2004,#2011));
#2013=FACE_BOUND('',#2012,.T.);
#2014=ADVANCED_FACE('',(#2013),#1999,.F.);
#2015=CARTESIAN_POINT('',(568.469390629,202.729007416,180.));
#2016=DIRECTION('',(0.861477748,-0.507795322,0.));
#2017=DIRECTION('',(-0.507795322,-0.861477748,0.));
#2018=AXIS2_PLACEMENT_3D('',#2015,#2016,#2017);
#2019=ELLIPSE('',#2018,1.154812573,1.);
#2020=DIRECTION('',(-0.861477748,0.507795322,-0.));
#2021=VECTOR('',#2020,1.);
#2022=SURFACE_OF_LINEAR_EXTRUSION('',#2019,#2021);
#2023=ORIENTED_EDGE('',*,*,#1663,.F.);
#2024=ORIENTED_EDGE('',*,*,#408,.T.);
#2025=ORIENTED_EDGE('',*,*,#1214,.T.);
#2026=EDGE_LOOP('',(#2023,#2024,#2025));
#2027=FACE_BOUND('',#2026,.T.);
#2028=ADVANCED_FACE('',(#2027),#2022,.F.);
#2029=CARTESIAN_POINT('',(552.967420646,176.42982422,182.));
#2030=DIRECTION('',(0.861477748,-0.507795322,0.));
#2031=DIRECTION('',(-0.507795322,-0.861477748,0.));
#2032=AXIS2_PLACEMENT_3D('',#2029,#2030,#2031);
#2033=ELLIPSE('',#2032,2.000000028,2.);
#2034=DIRECTION('',(-0.861477748,0.507795322,-0.));
#2035=VECTOR('',#2034,1.);
#2036=SURFACE_OF_LINEAR_EXTRUSION('',#2033,#2035);
#2037=CARTESIAN_POINT('',(551.951829988,174.706868699,182.));
#2038=VERTEX_POINT('',#2037);
#2039=CARTESIAN_POINT('',(551.521091114,174.960766359,182.));
#2040=DIRECTION('',(0.861477748,-0.507795322,-0.));
#2041=VECTOR('',#2040,0.5);
#2042=LINE('',#2039,#2041);
#2043=EDGE_CURVE('',#973,#2038,#2042,.T.);
#2044=ORIENTED_EDGE('',*,*,#2043,.T.);
#2045=CARTESIAN_POINT('',(552.967420646,176.42982422,182.));
#2046=DIRECTION('',(0.861477748,-0.507795322,0.));
#2047=DIRECTION('',(-0.507795322,-0.861477748,0.));
#2048=AXIS2_PLACEMENT_3D('',#2045,#2046,#2047);
#2049=ELLIPSE('',#2048,2.000000028,2.);
#2050=EDGE_CURVE('',#2038,#2038,#2049,.T.);
#2051=ORIENTED_EDGE('',*,*,#2050,.T.);
#2052=ORIENTED_EDGE('',*,*,#2043,.F.);
#2053=ORIENTED_EDGE('',*,*,#988,.F.);
#2054=EDGE_LOOP('',(#2044,#2051,#2052,#2053));
#2055=FACE_BOUND('',#2054,.T.);
#2056=ADVANCED_FACE('',(#2055),#2036,.T.);
#2057=CARTESIAN_POINT('',(553.017503315,176.514789762,239.));
#2058=DIRECTION('',(0.861477748,-0.507795322,0.));
#2059=DIRECTION('',(0.507795322,0.861477748,0.));
#2060=AXIS2_PLACEMENT_3D('',#2057,#2058,#2059);
#2061=PLANE('',#2060);
#2062=ORIENTED_EDGE('',*,*,#2050,.F.);
#2063=EDGE_LOOP('',(#2062));
#2064=FACE_BOUND('',#2063,.T.);
#2065=ORIENTED_EDGE('',*,*,#430,.F.);
#2066=ORIENTED_EDGE('',*,*,#1694,.T.);
#2067=ORIENTED_EDGE('',*,*,#900,.T.);
#2068=ORIENTED_EDGE('',*,*,#1970,.T.);
#2069=ORIENTED_EDGE('',*,*,#2010,.T.);
#2070=EDGE_LOOP('',(#2065,#2066,#2067,#2068,#2069));
#2071=FACE_BOUND('',#2070,.T.);
#2072=ADVANCED_FACE('',(#2064,#2071),#2061,.T.);
#2073=CARTESIAN_POINT('',(627.962839051,97.511948443,179.000013275));
#2074=CARTESIAN_POINT('',(627.958326664,97.011968805,179.000013275));
#2075=CARTESIAN_POINT('',(627.296199534,97.517964959,179.000012698));
#2076=CARTESIAN_POINT('',(627.291687147,97.017985321,179.000012698));
#2077=CARTESIAN_POINT('',(626.629560017,97.523981475,179.00001214));
#2078=CARTESIAN_POINT('',(626.62504763,97.024001837,179.00001214));
#2079=CARTESIAN_POINT('',(625.9629205,97.529997992,179.0000116));
#2080=CARTESIAN_POINT('',(625.958408112,97.030018354,179.0000116));
#2081=CARTESIAN_POINT('',(623.296362431,97.554064057,179.000009442));
#2082=CARTESIAN_POINT('',(623.291850043,97.054084419,179.000009442));
#2083=CARTESIAN_POINT('',(620.629804362,97.578130122,179.000007585));
#2084=CARTESIAN_POINT('',(620.625291974,97.078150484,179.000007585));
#2085=CARTESIAN_POINT('',(617.963246293,97.602196188,179.000006029));
#2086=CARTESIAN_POINT('',(617.958733905,97.10221655,179.000006029));
#2087=CARTESIAN_POINT('',(611.073943836,97.664373121,179.00000201));
#2088=CARTESIAN_POINT('',(611.069431449,97.164393483,179.00000201));
#2089=CARTESIAN_POINT('',(604.184641379,97.726550054,179.));
#2090=CARTESIAN_POINT('',(604.180128992,97.226570416,179.));
#2091=CARTESIAN_POINT('',(597.295338923,97.788726987,179.));
#2092=CARTESIAN_POINT('',(597.290826536,97.288747349,179.));
#2093=B_SPLINE_SURFACE_WITH_KNOTS('',3,1,((#2073,#2074),(#2075,#2076),(#2077,#2078),(#2079,#2080),(#2081,#2082),(#2083,#2084),(#2085,#2086),(#2087,#2088),(#2089,#2090),(#2091,#2092)),.UNSPECIFIED.,.F.,.F.,.U.,(4,3,3,4),(2,2),(0.,0.002,0.01,0.030668749),(0.,1.),.UNSPECIFIED.);
#2094=ORIENTED_EDGE('',*,*,#237,.T.);
#2095=CARTESIAN_POINT('',(627.958388673,97.018839431,179.000013275));
#2096=CARTESIAN_POINT('',(627.958368003,97.016549222,179.000013275));
#2097=CARTESIAN_POINT('',(627.958347334,97.014259013,179.000013275));
#2098=CARTESIAN_POINT('',(627.958326664,97.011968805,179.000013275));
#2099=B_SPLINE_CURVE_WITH_KNOTS('',3,(#2095,#2096,#2097,#2098),.UNSPECIFIED.,.F.,.F.,(4,4),(0.986258187,1.),.UNSPECIFIED.);
#2100=EDGE_CURVE('',#225,#1425,#2099,.T.);
#2101=ORIENTED_EDGE('',*,*,#2100,.T.);
#2102=ORIENTED_EDGE('',*,*,#1450,.T.);
#2103=ORIENTED_EDGE('',*,*,#314,.F.);
#2104=CARTESIAN_POINT('',(627.674175673,97.514553671,179.000013026));
#2105=CARTESIAN_POINT('',(617.547896756,97.605944776,179.000004342));
#2106=CARTESIAN_POINT('',(607.42161784,97.697335882,179.));
#2107=CARTESIAN_POINT('',(597.295338923,97.788726987,179.));
#2108=B_SPLINE_CURVE_WITH_KNOTS('',3,(#2104,#2105,#2106,#2107),.UNSPECIFIED.,.F.,.F.,(4,4),(0.000288675,0.030668749),.UNSPECIFIED.);
#2109=EDGE_CURVE('',#240,#301,#2108,.T.);
#2110=ORIENTED_EDGE('',*,*,#2109,.F.);
#2111=ORIENTED_EDGE('',*,*,#244,.F.);
#2112=EDGE_LOOP('',(#2094,#2101,#2102,#2103,#2110,#2111));
#2113=FACE_BOUND('',#2112,.T.);
#2114=ADVANCED_FACE('',(#2113),#2093,.F.);
#2115=CARTESIAN_POINT('',(567.100644743,98.061238391,180.));
#2116=DIRECTION('',(0.009024774,0.999959276,0.));
#2117=DIRECTION('',(0.999959276,-0.009024774,0.));
#2118=AXIS2_PLACEMENT_3D('',#2115,#2116,#2117);
#2119=ELLIPSE('',#2118,1.154812573,1.);
#2120=DIRECTION('',(-0.009024774,-0.999959276,0.));
#2121=VECTOR('',#2120,1.);
#2122=SURFACE_OF_LINEAR_EXTRUSION('',#2119,#2121);
#2123=ORIENTED_EDGE('',*,*,#1881,.F.);
#2124=ORIENTED_EDGE('',*,*,#284,.T.);
#2125=ORIENTED_EDGE('',*,*,#1379,.T.);
#2126=EDGE_LOOP('',(#2123,#2124,#2125));
#2127=FACE_BOUND('',#2126,.T.);
#2128=ADVANCED_FACE('',(#2127),#2122,.F.);
#2129=CARTESIAN_POINT('',(597.528766829,97.786620267,239.));
#2130=DIRECTION('',(0.009024774,0.999959276,0.));
#2131=DIRECTION('',(-0.999959276,0.009024774,0.));
#2132=AXIS2_PLACEMENT_3D('',#2129,#2130,#2131);
#2133=PLANE('',#2132);
#2134=ORIENTED_EDGE('',*,*,#306,.F.);
#2135=ORIENTED_EDGE('',*,*,#1962,.T.);
#2136=ORIENTED_EDGE('',*,*,#886,.T.);
#2137=CARTESIAN_POINT('',(627.674175673,97.514553671,179.000013026));
#2138=DIRECTION('',(0.,0.,1.));
#2139=VECTOR('',#2138,104.799986974);
#2140=LINE('',#2137,#2139);
#2141=EDGE_CURVE('',#240,#873,#2140,.T.);
#2142=ORIENTED_EDGE('',*,*,#2141,.F.);
#2143=ORIENTED_EDGE('',*,*,#2109,.T.);
#2144=EDGE_LOOP('',(#2134,#2135,#2136,#2142,#2143));
#2145=FACE_BOUND('',#2144,.T.);
#2146=ADVANCED_FACE('',(#2145),#2133,.T.);
#2147=CARTESIAN_POINT('',(627.530609365,97.270992585,180.));
#2148=DIRECTION('',(-0.861477748,0.507795322,0.));
#2149=DIRECTION('',(0.507795322,0.861477748,0.));
#2150=AXIS2_PLACEMENT_3D('',#2147,#2148,#2149);
#2151=ELLIPSE('',#2150,1.154812573,1.);
#2152=DIRECTION('',(0.861477748,-0.507795322,-0.));
#2153=VECTOR('',#2152,1.);
#2154=SURFACE_OF_LINEAR_EXTRUSION('',#2151,#2153);
#2155=ORIENTED_EDGE('',*,*,#2100,.F.);
#2156=ORIENTED_EDGE('',*,*,#230,.T.);
#2157=ORIENTED_EDGE('',*,*,#1431,.T.);
#2158=EDGE_LOOP('',(#2155,#2156,#2157));
#2159=FACE_BOUND('',#2158,.T.);
#2160=ADVANCED_FACE('',(#2159),#2154,.F.);
#2161=CARTESIAN_POINT('',(642.982496679,123.485210239,239.));
#2162=DIRECTION('',(-0.861477748,0.507795322,0.));
#2163=DIRECTION('',(-0.507795322,-0.861477748,0.));
#2164=AXIS2_PLACEMENT_3D('',#2161,#2162,#2163);
#2165=PLANE('',#2164);
#2166=ORIENTED_EDGE('',*,*,#878,.T.);
#2167=ORIENTED_EDGE('',*,*,#1734,.T.);
#2168=ORIENTED_EDGE('',*,*,#1848,.T.);
#2169=ORIENTED_EDGE('',*,*,#252,.F.);
#2170=ORIENTED_EDGE('',*,*,#2141,.T.);
#2171=EDGE_LOOP('',(#2166,#2167,#2168,#2169,#2170));
#2172=FACE_BOUND('',#2171,.T.);
#2173=ADVANCED_FACE('',(#2172),#2165,.T.);
#2174=CARTESIAN_POINT('',(537.131810259,150.53911673,239.));
#2175=DIRECTION('',(0.,0.,-1.));
#2176=DIRECTION('',(-1.,0.,0.));
#2177=AXIS2_PLACEMENT_3D('',#2174,#2175,#2176);
#2178=CYLINDRICAL_SURFACE('',#2177,1.);
#2179=ORIENTED_EDGE('',*,*,#1310,.F.);
#2180=ORIENTED_EDGE('',*,*,#1334,.F.);
#2181=ORIENTED_EDGE('',*,*,#715,.F.);
#2182=ORIENTED_EDGE('',*,*,#842,.F.);
#2183=EDGE_LOOP('',(#2179,#2180,#2181,#2182));
#2184=FACE_BOUND('',#2183,.T.);
#2185=ADVANCED_FACE('',(#2184),#2178,.T.);
#2186=CLOSED_SHELL('',(#167,#200,#262,#324,#386,#448,#509,#549,#613,#677,#741,#789,#904,#966,#992,#1018,#1044,#1085,#1103,#1120,#1156,#1174,#1185,#1227,#1245,#1262,
#1298,#1323,#1347,#1383,#1401,#1418,#1454,#1471,#1483,#1508,#1532,#1565,#1589,#1606,#1635,#1677,#1703,#1738,#1768,#1797,#1817,#1853,#1895,#1924,#1952,
#1978,#2014,#2028,#2056,#2072,#2114,#2128,#2146,#2160,#2173,#2185));
#2187=MANIFOLD_SOLID_BREP('Cover Spiral Ball (2)',#2186);
#2188=COLOUR_RGB('',0.898039222,0.180392161,0.180392161);
#2189=FILL_AREA_STYLE_COLOUR('',#2188);
#2190=FILL_AREA_STYLE('',(#2189));
#2191=SURFACE_STYLE_FILL_AREA(#2190);
#2192=SURFACE_SIDE_STYLE('',(#2191));
#2193=SURFACE_STYLE_USAGE(.BOTH.,#2192);
#2194=PRESENTATION_STYLE_ASSIGNMENT((#2193));
#95=STYLED_ITEM('',(#2194),#2187);
#76=SHAPE_REPRESENTATION('Spriral Cover',(#15),#74);
#77=ADVANCED_BREP_SHAPE_REPRESENTATION('Spriral Cover',(#2187),#74);
#2202=SHAPE_REPRESENTATION_RELATIONSHIP('','',#76,#77);
#2203=CARTESIAN_POINT('',(0.,0.,0.));
#2204=DIRECTION('',(0.,0.,1.));
#2205=DIRECTION('',(1.,0.,0.));
#2206=AXIS2_PLACEMENT_3D('',#2203,#2204,#2205);
#2208=MAPPED_ITEM('',#2207,#2206);
#2207=REPRESENTATION_MAP(#2206,#76);
#84=PRODUCT('Spriral Cover','Spriral Cover','',(#62));
#2209=PRODUCT_RELATED_PRODUCT_CATEGORY('part','',(#84));
#2210=PRODUCT_DEFINITION_FORMATION_WITH_SPECIFIED_SOURCE('','',#84,.NOT_KNOWN.);
#85=PRODUCT_DEFINITION('design','',#2210,#63);
#83=PRODUCT_DEFINITION_SHAPE('','',#85);
#2211=SHAPE_DEFINITION_REPRESENTATION(#83,#76);
#75=DRAUGHTING_MODEL('',(#2208),#74);
#16=SHAPE_REPRESENTATION('root',(#15,#48,#89),#10);
#2212=CARTESIAN_POINT('',(0.,0.,0.));
#2213=DIRECTION('',(0.,0.,1.));
#2214=DIRECTION('',(1.,0.,0.));
#2215=AXIS2_PLACEMENT_3D('',#2212,#2213,#2214);
#2217=MAPPED_ITEM('',#2216,#2215);
#2216=REPRESENTATION_MAP(#2215,#16);
#24=PRODUCT('root','root','',(#62));
#2218=PRODUCT_RELATED_PRODUCT_CATEGORY('part','',(#24));
#2219=PRODUCT_DEFINITION_FORMATION_WITH_SPECIFIED_SOURCE('','',#24,.NOT_KNOWN.);
#25=PRODUCT_DEFINITION('design','',#2219,#63);
#23=PRODUCT_DEFINITION_SHAPE('','',#25);
#2220=SHAPE_DEFINITION_REPRESENTATION(#23,#16);
#11=DRAUGHTING_MODEL('',(#2217),#10);
#2221=DESCRIPTIVE_REPRESENTATION_ITEM('KEY','C:\\Users\\acer\\AppData\\Local\\Packages\\Shapr3D.Shapr3D_dvv5p1vgwv6mp\\TempState\\3ed28ac8-5406-4e3b-9de3-dad223cd4f31.tmp');
#2222=PROPERTY_DEFINITION('KEY','',#25);
#2223=REPRESENTATION('',(#2221),#10);
#2224=PROPERTY_DEFINITION_REPRESENTATION(#2222,#2223);
#2225=GENERAL_PROPERTY('','KEY','');
#2226=GENERAL_PROPERTY_ASSOCIATION('','',#2225,#2222);
#1=MECHANICAL_DESIGN_GEOMETRIC_PRESENTATION_REPRESENTATION('',(#95),#10);
ENDSEC;
END-ISO-10303-21;
