ISO-10303-21;
HEADER;

/* File generated by Shapr3D Version 5.1014.10201.0 */

FILE_DESCRIPTION(('HOOPS Exchange Step'),'2;1');

FILE_NAME('C:\\Users\\Ruben\\AppData\\Local\\Packages\\Shapr3D.Shapr3D_dvv5p1vgwv6mp\\TempState\\export\\temp_export',
'2026-01-16T15:24:50+01:00',
('Ruben'),
('Shapr3D Limited'),
'HOOPS Exchange 2025.7',
'Shapr3D',
'Authorized');

FILE_SCHEMA( ('AP242_MANAGED_MODEL_BASED_3D_ENGINEERING_MIM_LF {1 0 10303 442 1 1 4}') );

ENDSEC;

DATA;
#3=(NAMED_UNIT(*)PLANE_ANGLE_UNIT()SI_UNIT($,.RADIAN.));
#4=PLANE_ANGLE_MEASURE_WITH_UNIT(PLANE_ANGLE_MEASURE(0.0174532925),#3);
#5=(CONVERSION_BASED_UNIT('DEGREE',#4)NAMED_UNIT(#6)PLANE_ANGLE_UNIT());
#6=DIMENSIONAL_EXPONENTS(0.,0.,0.,0.,0.,0.,0.);
#7=(NAMED_UNIT(*)SI_UNIT($,.STERADIAN.)SOLID_ANGLE_UNIT());
#8=(LENGTH_UNIT()NAMED_UNIT(*)SI_UNIT(.MILLI.,.METRE.));
#9=UNCERTAINTY_MEASURE_WITH_UNIT(LENGTH_MEASURE(1.000000E-03),#8,'DISTANCE_ACCURACY_VALUE','Maximum Tolerance applied to model');
#10=(GEOMETRIC_REPRESENTATION_CONTEXT(3)GLOBAL_UNCERTAINTY_ASSIGNED_CONTEXT((#9))GLOBAL_UNIT_ASSIGNED_CONTEXT((#8,#5,#7))REPRESENTATION_CONTEXT('','root'));
#12=CARTESIAN_POINT('',(0.,0.,0.));
#13=DIRECTION('',(0.,0.,1.));
#14=DIRECTION('',(1.,0.,0.));
#15=AXIS2_PLACEMENT_3D('',#12,#13,#14);
#26=(NAMED_UNIT(*)PLANE_ANGLE_UNIT()SI_UNIT($,.RADIAN.));
#27=PLANE_ANGLE_MEASURE_WITH_UNIT(PLANE_ANGLE_MEASURE(0.0174532925),#26);
#28=(CONVERSION_BASED_UNIT('DEGREE',#27)NAMED_UNIT(#29)PLANE_ANGLE_UNIT());
#29=DIMENSIONAL_EXPONENTS(0.,0.,0.,0.,0.,0.,0.);
#30=(NAMED_UNIT(*)SI_UNIT($,.STERADIAN.)SOLID_ANGLE_UNIT());
#31=(LENGTH_UNIT()NAMED_UNIT(*)SI_UNIT(.MILLI.,.METRE.));
#32=UNCERTAINTY_MEASURE_WITH_UNIT(LENGTH_MEASURE(1.000000E-05),#31,'DISTANCE_ACCURACY_VALUE','Maximum Tolerance applied to model');
#33=(GEOMETRIC_REPRESENTATION_CONTEXT(3)GLOBAL_UNCERTAINTY_ASSIGNED_CONTEXT((#32))GLOBAL_UNIT_ASSIGNED_CONTEXT((#31,#28,#30))REPRESENTATION_CONTEXT('','Platform (Kreuz, steckbar)'));
#45=CARTESIAN_POINT('',(0.,0.,0.));
#46=DIRECTION('',(0.,0.,1.));
#47=DIRECTION('',(1.,0.,-0.));
#48=AXIS2_PLACEMENT_3D('',#45,#46,#47);
#49=ITEM_DEFINED_TRANSFORMATION('','',#48,#15);
#50=(REPRESENTATION_RELATIONSHIP('','',#35,#16)REPRESENTATION_RELATIONSHIP_WITH_TRANSFORMATION(#49)SHAPE_REPRESENTATION_RELATIONSHIP());
#51=NEXT_ASSEMBLY_USAGE_OCCURRENCE('Platform (Kreuz, steckbar)_1','Platform (Kreuz, steckbar)','Platform (Kreuz, steckbar)',#25,#44,$);
#52=PRODUCT_DEFINITION_SHAPE('','',#51);
#53=CONTEXT_DEPENDENT_SHAPE_REPRESENTATION(#50,#52);
#55=CARTESIAN_POINT('',(369.056788053,512.439249783,108.4));
#56=DIRECTION('',(0.,-1.,0.));
#57=DIRECTION('',(0.,-0.,-1.));
#58=AXIS2_PLACEMENT_3D('',#55,#56,#57);
#59=PLANE('',#58);
#60=CARTESIAN_POINT('',(359.706788053,512.439249783,107.2));
#61=VERTEX_POINT('',#60);
#62=CARTESIAN_POINT('',(359.706788053,512.439249783,125.5));
#63=VERTEX_POINT('',#62);
#64=CARTESIAN_POINT('',(359.706788053,512.439249783,107.2));
#65=DIRECTION('',(0.,0.,1.));
#66=VECTOR('',#65,18.3);
#67=LINE('',#64,#66);
#68=EDGE_CURVE('',#61,#63,#67,.T.);
#69=ORIENTED_EDGE('',*,*,#68,.T.);
#70=CARTESIAN_POINT('',(378.406788053,512.439249783,125.5));
#71=VERTEX_POINT('',#70);
#72=CARTESIAN_POINT('',(359.706788053,512.439249783,125.5));
#73=DIRECTION('',(1.,-0.,-0.));
#74=VECTOR('',#73,18.7);
#75=LINE('',#72,#74);
#76=EDGE_CURVE('',#63,#71,#75,.T.);
#77=ORIENTED_EDGE('',*,*,#76,.T.);
#78=CARTESIAN_POINT('',(378.406788053,512.439249783,107.2));
#79=VERTEX_POINT('',#78);
#80=CARTESIAN_POINT('',(378.406788053,512.439249783,107.2));
#81=DIRECTION('',(0.,0.,1.));
#82=VECTOR('',#81,18.3);
#83=LINE('',#80,#82);
#84=EDGE_CURVE('',#79,#71,#83,.T.);
#85=ORIENTED_EDGE('',*,*,#84,.F.);
#86=CARTESIAN_POINT('',(378.406788053,512.439249783,107.2));
#87=DIRECTION('',(-1.,-0.,0.));
#88=VECTOR('',#87,18.7);
#89=LINE('',#86,#88);
#90=EDGE_CURVE('',#79,#61,#89,.T.);
#91=ORIENTED_EDGE('',*,*,#90,.T.);
#92=EDGE_LOOP('',(#69,#77,#85,#91));
#93=FACE_BOUND('',#92,.T.);
#94=ADVANCED_FACE('',(#93),#59,.F.);
#95=COLOUR_RGB('',0.627451003,0.627451003,0.643137276);
#96=FILL_AREA_STYLE_COLOUR('',#95);
#97=FILL_AREA_STYLE('',(#96));
#98=SURFACE_STYLE_FILL_AREA(#97);
#99=SURFACE_SIDE_STYLE('',(#98));
#100=SURFACE_STYLE_USAGE(.BOTH.,#99);
#101=PRESENTATION_STYLE_ASSIGNMENT((#100));
#102=OVER_RIDING_STYLED_ITEM('',(#101),#94,#54);
#103=CARTESIAN_POINT('',(359.706788053,505.439249783,108.4));
#104=DIRECTION('',(0.,0.,1.));
#105=DIRECTION('',(-1.,0.,0.));
#106=AXIS2_PLACEMENT_3D('',#103,#104,#105);
#107=CYLINDRICAL_SURFACE('',#106,7.);
#108=CARTESIAN_POINT('',(352.706788053,505.439249783,107.2));
#109=VERTEX_POINT('',#108);
#110=CARTESIAN_POINT('',(352.706788053,505.439249783,125.5));
#111=VERTEX_POINT('',#110);
#112=CARTESIAN_POINT('',(352.706788053,505.439249783,107.2));
#113=DIRECTION('',(0.,0.,1.));
#114=VECTOR('',#113,18.3);
#115=LINE('',#112,#114);
#116=EDGE_CURVE('',#109,#111,#115,.T.);
#117=ORIENTED_EDGE('',*,*,#116,.T.);
#118=CARTESIAN_POINT('',(359.706788053,505.439249783,125.5));
#119=DIRECTION('',(-0.,-0.,-1.));
#120=DIRECTION('',(-1.,0.,0.));
#121=AXIS2_PLACEMENT_3D('',#118,#119,#120);
#122=CIRCLE('',#121,7.);
#123=EDGE_CURVE('',#111,#63,#122,.T.);
#124=ORIENTED_EDGE('',*,*,#123,.T.);
#125=ORIENTED_EDGE('',*,*,#68,.F.);
#126=CARTESIAN_POINT('',(359.706788053,505.439249783,107.2));
#127=DIRECTION('',(0.,0.,1.));
#128=DIRECTION('',(-1.,0.,0.));
#129=AXIS2_PLACEMENT_3D('',#126,#127,#128);
#130=CIRCLE('',#129,7.);
#131=EDGE_CURVE('',#61,#109,#130,.T.);
#132=ORIENTED_EDGE('',*,*,#131,.T.);
#133=EDGE_LOOP('',(#117,#124,#125,#132));
#134=FACE_BOUND('',#133,.T.);
#135=ADVANCED_FACE('',(#134),#107,.T.);
#136=OVER_RIDING_STYLED_ITEM('',(#101),#135,#54);
#137=CARTESIAN_POINT('',(352.706788053,500.564249783,108.4));
#138=DIRECTION('',(1.,0.,0.));
#139=DIRECTION('',(0.,0.,1.));
#140=AXIS2_PLACEMENT_3D('',#137,#138,#139);
#141=PLANE('',#140);
#142=CARTESIAN_POINT('',(352.706788053,495.689249783,107.2));
#143=VERTEX_POINT('',#142);
#144=CARTESIAN_POINT('',(352.706788053,495.689249783,125.5));
#145=VERTEX_POINT('',#144);
#146=CARTESIAN_POINT('',(352.706788053,495.689249783,107.2));
#147=DIRECTION('',(0.,0.,1.));
#148=VECTOR('',#147,18.3);
#149=LINE('',#146,#148);
#150=EDGE_CURVE('',#143,#145,#149,.T.);
#151=ORIENTED_EDGE('',*,*,#150,.T.);
#152=CARTESIAN_POINT('',(352.706788053,495.689249783,125.5));
#153=DIRECTION('',(0.,1.,-0.));
#154=VECTOR('',#153,9.75);
#155=LINE('',#152,#154);
#156=EDGE_CURVE('',#145,#111,#155,.T.);
#157=ORIENTED_EDGE('',*,*,#156,.T.);
#158=ORIENTED_EDGE('',*,*,#116,.F.);
#159=CARTESIAN_POINT('',(352.706788053,505.439249783,107.2));
#160=DIRECTION('',(-0.,-1.,0.));
#161=VECTOR('',#160,9.75);
#162=LINE('',#159,#161);
#163=EDGE_CURVE('',#109,#143,#162,.T.);
#164=ORIENTED_EDGE('',*,*,#163,.T.);
#165=EDGE_LOOP('',(#151,#157,#158,#164));
#166=FACE_BOUND('',#165,.T.);
#167=ADVANCED_FACE('',(#166),#141,.F.);
#168=OVER_RIDING_STYLED_ITEM('',(#101),#167,#54);
#169=CARTESIAN_POINT('',(349.706788053,495.689249783,108.4));
#170=DIRECTION('',(0.,0.,1.));
#171=DIRECTION('',(-1.,0.,0.));
#172=AXIS2_PLACEMENT_3D('',#169,#170,#171);
#173=CYLINDRICAL_SURFACE('',#172,3.);
#174=CARTESIAN_POINT('',(349.706788053,492.689249783,107.2));
#175=VERTEX_POINT('',#174);
#176=CARTESIAN_POINT('',(349.706788053,492.689249783,125.5));
#177=VERTEX_POINT('',#176);
#178=CARTESIAN_POINT('',(349.706788053,492.689249783,107.2));
#179=DIRECTION('',(0.,0.,1.));
#180=VECTOR('',#179,18.3);
#181=LINE('',#178,#180);
#182=EDGE_CURVE('',#175,#177,#181,.T.);
#183=ORIENTED_EDGE('',*,*,#182,.T.);
#184=CARTESIAN_POINT('',(349.706788053,495.689249783,125.5));
#185=DIRECTION('',(0.,0.,1.));
#186=DIRECTION('',(-1.,0.,0.));
#187=AXIS2_PLACEMENT_3D('',#184,#185,#186);
#188=CIRCLE('',#187,3.);
#189=EDGE_CURVE('',#177,#145,#188,.T.);
#190=ORIENTED_EDGE('',*,*,#189,.T.);
#191=ORIENTED_EDGE('',*,*,#150,.F.);
#192=CARTESIAN_POINT('',(349.706788053,495.689249783,107.2));
#193=DIRECTION('',(-0.,-0.,-1.));
#194=DIRECTION('',(-1.,0.,0.));
#195=AXIS2_PLACEMENT_3D('',#192,#193,#194);
#196=CIRCLE('',#195,3.);
#197=EDGE_CURVE('',#143,#175,#196,.T.);
#198=ORIENTED_EDGE('',*,*,#197,.T.);
#199=EDGE_LOOP('',(#183,#190,#191,#198));
#200=FACE_BOUND('',#199,.T.);
#201=ADVANCED_FACE('',(#200),#173,.F.);
#202=OVER_RIDING_STYLED_ITEM('',(#101),#201,#54);
#203=CARTESIAN_POINT('',(344.831788053,492.689249783,108.4));
#204=DIRECTION('',(0.,-1.,0.));
#205=DIRECTION('',(0.,-0.,-1.));
#206=AXIS2_PLACEMENT_3D('',#203,#204,#205);
#207=PLANE('',#206);
#208=CARTESIAN_POINT('',(339.956788053,492.689249783,107.2));
#209=VERTEX_POINT('',#208);
#210=CARTESIAN_POINT('',(339.956788053,492.689249783,125.5));
#211=VERTEX_POINT('',#210);
#212=CARTESIAN_POINT('',(339.956788053,492.689249783,107.2));
#213=DIRECTION('',(0.,0.,1.));
#214=VECTOR('',#213,18.3);
#215=LINE('',#212,#214);
#216=EDGE_CURVE('',#209,#211,#215,.T.);
#217=ORIENTED_EDGE('',*,*,#216,.T.);
#218=CARTESIAN_POINT('',(339.956788053,492.689249783,125.5));
#219=DIRECTION('',(1.,-0.,-0.));
#220=VECTOR('',#219,9.75);
#221=LINE('',#218,#220);
#222=EDGE_CURVE('',#211,#177,#221,.T.);
#223=ORIENTED_EDGE('',*,*,#222,.T.);
#224=ORIENTED_EDGE('',*,*,#182,.F.);
#225=CARTESIAN_POINT('',(349.706788053,492.689249783,107.2));
#226=DIRECTION('',(-1.,-0.,0.));
#227=VECTOR('',#226,9.75);
#228=LINE('',#225,#227);
#229=EDGE_CURVE('',#175,#209,#228,.T.);
#230=ORIENTED_EDGE('',*,*,#229,.T.);
#231=EDGE_LOOP('',(#217,#223,#224,#230));
#232=FACE_BOUND('',#231,.T.);
#233=ADVANCED_FACE('',(#232),#207,.F.);
#234=OVER_RIDING_STYLED_ITEM('',(#101),#233,#54);
#235=CARTESIAN_POINT('',(339.956788053,485.689249783,108.4));
#236=DIRECTION('',(0.,0.,1.));
#237=DIRECTION('',(-1.,0.,0.));
#238=AXIS2_PLACEMENT_3D('',#235,#236,#237);
#239=CYLINDRICAL_SURFACE('',#238,7.);
#240=CARTESIAN_POINT('',(332.956788053,485.689249783,107.2));
#241=VERTEX_POINT('',#240);
#242=CARTESIAN_POINT('',(332.956788053,485.689249783,125.5));
#243=VERTEX_POINT('',#242);
#244=CARTESIAN_POINT('',(332.956788053,485.689249783,107.2));
#245=DIRECTION('',(0.,0.,1.));
#246=VECTOR('',#245,18.3);
#247=LINE('',#244,#246);
#248=EDGE_CURVE('',#241,#243,#247,.T.);
#249=ORIENTED_EDGE('',*,*,#248,.T.);
#250=CARTESIAN_POINT('',(339.956788053,485.689249783,125.5));
#251=DIRECTION('',(-0.,-0.,-1.));
#252=DIRECTION('',(-1.,0.,0.));
#253=AXIS2_PLACEMENT_3D('',#250,#251,#252);
#254=CIRCLE('',#253,7.);
#255=EDGE_CURVE('',#243,#211,#254,.T.);
#256=ORIENTED_EDGE('',*,*,#255,.T.);
#257=ORIENTED_EDGE('',*,*,#216,.F.);
#258=CARTESIAN_POINT('',(339.956788053,485.689249783,107.2));
#259=DIRECTION('',(0.,0.,1.));
#260=DIRECTION('',(-1.,0.,0.));
#261=AXIS2_PLACEMENT_3D('',#258,#259,#260);
#262=CIRCLE('',#261,7.);
#263=EDGE_CURVE('',#209,#241,#262,.T.);
#264=ORIENTED_EDGE('',*,*,#263,.T.);
#265=EDGE_LOOP('',(#249,#256,#257,#264));
#266=FACE_BOUND('',#265,.T.);
#267=ADVANCED_FACE('',(#266),#239,.T.);
#268=OVER_RIDING_STYLED_ITEM('',(#101),#267,#54);
#269=CARTESIAN_POINT('',(332.956788053,476.339249783,108.4));
#270=DIRECTION('',(1.,0.,0.));
#271=DIRECTION('',(0.,0.,1.));
#272=AXIS2_PLACEMENT_3D('',#269,#270,#271);
#273=PLANE('',#272);
#274=CARTESIAN_POINT('',(332.956788053,466.989249783,107.2));
#275=VERTEX_POINT('',#274);
#276=CARTESIAN_POINT('',(332.956788053,466.989249783,125.5));
#277=VERTEX_POINT('',#276);
#278=CARTESIAN_POINT('',(332.956788053,466.989249783,107.2));
#279=DIRECTION('',(0.,0.,1.));
#280=VECTOR('',#279,18.3);
#281=LINE('',#278,#280);
#282=EDGE_CURVE('',#275,#277,#281,.T.);
#283=ORIENTED_EDGE('',*,*,#282,.T.);
#284=CARTESIAN_POINT('',(332.956788053,466.989249783,125.5));
#285=DIRECTION('',(0.,1.,-0.));
#286=VECTOR('',#285,18.7);
#287=LINE('',#284,#286);
#288=EDGE_CURVE('',#277,#243,#287,.T.);
#289=ORIENTED_EDGE('',*,*,#288,.T.);
#290=ORIENTED_EDGE('',*,*,#248,.F.);
#291=CARTESIAN_POINT('',(332.956788053,485.689249783,107.2));
#292=DIRECTION('',(-0.,-1.,0.));
#293=VECTOR('',#292,18.7);
#294=LINE('',#291,#293);
#295=EDGE_CURVE('',#241,#275,#294,.T.);
#296=ORIENTED_EDGE('',*,*,#295,.T.);
#297=EDGE_LOOP('',(#283,#289,#290,#296));
#298=FACE_BOUND('',#297,.T.);
#299=ADVANCED_FACE('',(#298),#273,.F.);
#300=OVER_RIDING_STYLED_ITEM('',(#101),#299,#54);
#301=CARTESIAN_POINT('',(339.956788053,466.989249783,108.4));
#302=DIRECTION('',(0.,0.,1.));
#303=DIRECTION('',(-1.,0.,0.));
#304=AXIS2_PLACEMENT_3D('',#301,#302,#303);
#305=CYLINDRICAL_SURFACE('',#304,7.);
#306=CARTESIAN_POINT('',(339.956788053,459.989249783,107.2));
#307=VERTEX_POINT('',#306);
#308=CARTESIAN_POINT('',(339.956788053,459.989249783,125.5));
#309=VERTEX_POINT('',#308);
#310=CARTESIAN_POINT('',(339.956788053,459.989249783,107.2));
#311=DIRECTION('',(0.,0.,1.));
#312=VECTOR('',#311,18.3);
#313=LINE('',#310,#312);
#314=EDGE_CURVE('',#307,#309,#313,.T.);
#315=ORIENTED_EDGE('',*,*,#314,.T.);
#316=CARTESIAN_POINT('',(339.956788053,466.989249783,125.5));
#317=DIRECTION('',(-0.,-0.,-1.));
#318=DIRECTION('',(-1.,0.,0.));
#319=AXIS2_PLACEMENT_3D('',#316,#317,#318);
#320=CIRCLE('',#319,7.);
#321=EDGE_CURVE('',#309,#277,#320,.T.);
#322=ORIENTED_EDGE('',*,*,#321,.T.);
#323=ORIENTED_EDGE('',*,*,#282,.F.);
#324=CARTESIAN_POINT('',(339.956788053,466.989249783,107.2));
#325=DIRECTION('',(0.,0.,1.));
#326=DIRECTION('',(-1.,0.,0.));
#327=AXIS2_PLACEMENT_3D('',#324,#325,#326);
#328=CIRCLE('',#327,7.);
#329=EDGE_CURVE('',#275,#307,#328,.T.);
#330=ORIENTED_EDGE('',*,*,#329,.T.);
#331=EDGE_LOOP('',(#315,#322,#323,#330));
#332=FACE_BOUND('',#331,.T.);
#333=ADVANCED_FACE('',(#332),#305,.T.);
#334=OVER_RIDING_STYLED_ITEM('',(#101),#333,#54);
#335=CARTESIAN_POINT('',(344.831788053,459.989249783,108.4));
#336=DIRECTION('',(0.,1.,-0.));
#337=DIRECTION('',(1.,-0.,0.));
#338=AXIS2_PLACEMENT_3D('',#335,#336,#337);
#339=PLANE('',#338);
#340=CARTESIAN_POINT('',(349.706788053,459.989249783,107.2));
#341=VERTEX_POINT('',#340);
#342=CARTESIAN_POINT('',(349.706788053,459.989249783,125.5));
#343=VERTEX_POINT('',#342);
#344=CARTESIAN_POINT('',(349.706788053,459.989249783,107.2));
#345=DIRECTION('',(0.,0.,1.));
#346=VECTOR('',#345,18.3);
#347=LINE('',#344,#346);
#348=EDGE_CURVE('',#341,#343,#347,.T.);
#349=ORIENTED_EDGE('',*,*,#348,.T.);
#350=CARTESIAN_POINT('',(349.706788053,459.989249783,125.5));
#351=DIRECTION('',(-1.,0.,0.));
#352=VECTOR('',#351,9.75);
#353=LINE('',#350,#352);
#354=EDGE_CURVE('',#343,#309,#353,.T.);
#355=ORIENTED_EDGE('',*,*,#354,.T.);
#356=ORIENTED_EDGE('',*,*,#314,.F.);
#357=CARTESIAN_POINT('',(339.956788053,459.989249783,107.2));
#358=DIRECTION('',(1.,-0.,0.));
#359=VECTOR('',#358,9.75);
#360=LINE('',#357,#359);
#361=EDGE_CURVE('',#307,#341,#360,.T.);
#362=ORIENTED_EDGE('',*,*,#361,.T.);
#363=EDGE_LOOP('',(#349,#355,#356,#362));
#364=FACE_BOUND('',#363,.T.);
#365=ADVANCED_FACE('',(#364),#339,.F.);
#366=OVER_RIDING_STYLED_ITEM('',(#101),#365,#54);
#367=CARTESIAN_POINT('',(349.706788053,456.989249783,108.4));
#368=DIRECTION('',(0.,0.,1.));
#369=DIRECTION('',(-1.,0.,0.));
#370=AXIS2_PLACEMENT_3D('',#367,#368,#369);
#371=CYLINDRICAL_SURFACE('',#370,3.);
#372=CARTESIAN_POINT('',(352.706788053,456.989249783,107.2));
#373=VERTEX_POINT('',#372);
#374=CARTESIAN_POINT('',(352.706788053,456.989249783,125.5));
#375=VERTEX_POINT('',#374);
#376=CARTESIAN_POINT('',(352.706788053,456.989249783,107.2));
#377=DIRECTION('',(0.,0.,1.));
#378=VECTOR('',#377,18.3);
#379=LINE('',#376,#378);
#380=EDGE_CURVE('',#373,#375,#379,.T.);
#381=ORIENTED_EDGE('',*,*,#380,.T.);
#382=CARTESIAN_POINT('',(349.706788053,456.989249783,125.5));
#383=DIRECTION('',(0.,0.,1.));
#384=DIRECTION('',(-1.,0.,0.));
#385=AXIS2_PLACEMENT_3D('',#382,#383,#384);
#386=CIRCLE('',#385,3.);
#387=EDGE_CURVE('',#375,#343,#386,.T.);
#388=ORIENTED_EDGE('',*,*,#387,.T.);
#389=ORIENTED_EDGE('',*,*,#348,.F.);
#390=CARTESIAN_POINT('',(349.706788053,456.989249783,107.2));
#391=DIRECTION('',(-0.,-0.,-1.));
#392=DIRECTION('',(-1.,0.,0.));
#393=AXIS2_PLACEMENT_3D('',#390,#391,#392);
#394=CIRCLE('',#393,3.);
#395=EDGE_CURVE('',#341,#373,#394,.T.);
#396=ORIENTED_EDGE('',*,*,#395,.T.);
#397=EDGE_LOOP('',(#381,#388,#389,#396));
#398=FACE_BOUND('',#397,.T.);
#399=ADVANCED_FACE('',(#398),#371,.F.);
#400=OVER_RIDING_STYLED_ITEM('',(#101),#399,#54);
#401=CARTESIAN_POINT('',(352.706788053,452.114249783,108.4));
#402=DIRECTION('',(1.,0.,0.));
#403=DIRECTION('',(0.,0.,1.));
#404=AXIS2_PLACEMENT_3D('',#401,#402,#403);
#405=PLANE('',#404);
#406=CARTESIAN_POINT('',(352.706788053,447.239249783,107.2));
#407=VERTEX_POINT('',#406);
#408=CARTESIAN_POINT('',(352.706788053,447.239249783,125.5));
#409=VERTEX_POINT('',#408);
#410=CARTESIAN_POINT('',(352.706788053,447.239249783,107.2));
#411=DIRECTION('',(0.,0.,1.));
#412=VECTOR('',#411,18.3);
#413=LINE('',#410,#412);
#414=EDGE_CURVE('',#407,#409,#413,.T.);
#415=ORIENTED_EDGE('',*,*,#414,.T.);
#416=CARTESIAN_POINT('',(352.706788053,447.239249783,125.5));
#417=DIRECTION('',(0.,1.,-0.));
#418=VECTOR('',#417,9.75);
#419=LINE('',#416,#418);
#420=EDGE_CURVE('',#409,#375,#419,.T.);
#421=ORIENTED_EDGE('',*,*,#420,.T.);
#422=ORIENTED_EDGE('',*,*,#380,.F.);
#423=CARTESIAN_POINT('',(352.706788053,456.989249783,107.2));
#424=DIRECTION('',(-0.,-1.,0.));
#425=VECTOR('',#424,9.75);
#426=LINE('',#423,#425);
#427=EDGE_CURVE('',#373,#407,#426,.T.);
#428=ORIENTED_EDGE('',*,*,#427,.T.);
#429=EDGE_LOOP('',(#415,#421,#422,#428));
#430=FACE_BOUND('',#429,.T.);
#431=ADVANCED_FACE('',(#430),#405,.F.);
#432=OVER_RIDING_STYLED_ITEM('',(#101),#431,#54);
#433=CARTESIAN_POINT('',(359.706788053,447.239249783,108.4));
#434=DIRECTION('',(0.,0.,1.));
#435=DIRECTION('',(-1.,0.,0.));
#436=AXIS2_PLACEMENT_3D('',#433,#434,#435);
#437=CYLINDRICAL_SURFACE('',#436,7.);
#438=CARTESIAN_POINT('',(359.706788053,440.239249783,107.2));
#439=VERTEX_POINT('',#438);
#440=CARTESIAN_POINT('',(359.706788053,440.239249783,125.5));
#441=VERTEX_POINT('',#440);
#442=CARTESIAN_POINT('',(359.706788053,440.239249783,107.2));
#443=DIRECTION('',(0.,0.,1.));
#444=VECTOR('',#443,18.3);
#445=LINE('',#442,#444);
#446=EDGE_CURVE('',#439,#441,#445,.T.);
#447=ORIENTED_EDGE('',*,*,#446,.T.);
#448=CARTESIAN_POINT('',(359.706788053,447.239249783,125.5));
#449=DIRECTION('',(-0.,-0.,-1.));
#450=DIRECTION('',(-1.,0.,0.));
#451=AXIS2_PLACEMENT_3D('',#448,#449,#450);
#452=CIRCLE('',#451,7.);
#453=EDGE_CURVE('',#441,#409,#452,.T.);
#454=ORIENTED_EDGE('',*,*,#453,.T.);
#455=ORIENTED_EDGE('',*,*,#414,.F.);
#456=CARTESIAN_POINT('',(359.706788053,447.239249783,107.2));
#457=DIRECTION('',(0.,0.,1.));
#458=DIRECTION('',(-1.,0.,0.));
#459=AXIS2_PLACEMENT_3D('',#456,#457,#458);
#460=CIRCLE('',#459,7.);
#461=EDGE_CURVE('',#407,#439,#460,.T.);
#462=ORIENTED_EDGE('',*,*,#461,.T.);
#463=EDGE_LOOP('',(#447,#454,#455,#462));
#464=FACE_BOUND('',#463,.T.);
#465=ADVANCED_FACE('',(#464),#437,.T.);
#466=OVER_RIDING_STYLED_ITEM('',(#101),#465,#54);
#467=CARTESIAN_POINT('',(369.056788053,440.239249783,108.4));
#468=DIRECTION('',(0.,1.,-0.));
#469=DIRECTION('',(0.,0.,1.));
#470=AXIS2_PLACEMENT_3D('',#467,#468,#469);
#471=PLANE('',#470);
#472=CARTESIAN_POINT('',(378.406788053,440.239249783,107.2));
#473=VERTEX_POINT('',#472);
#474=CARTESIAN_POINT('',(378.406788053,440.239249783,125.5));
#475=VERTEX_POINT('',#474);
#476=CARTESIAN_POINT('',(378.406788053,440.239249783,107.2));
#477=DIRECTION('',(0.,0.,1.));
#478=VECTOR('',#477,18.3);
#479=LINE('',#476,#478);
#480=EDGE_CURVE('',#473,#475,#479,.T.);
#481=ORIENTED_EDGE('',*,*,#480,.T.);
#482=CARTESIAN_POINT('',(378.406788053,440.239249783,125.5));
#483=DIRECTION('',(-1.,0.,0.));
#484=VECTOR('',#483,18.7);
#485=LINE('',#482,#484);
#486=EDGE_CURVE('',#475,#441,#485,.T.);
#487=ORIENTED_EDGE('',*,*,#486,.T.);
#488=ORIENTED_EDGE('',*,*,#446,.F.);
#489=CARTESIAN_POINT('',(359.706788053,440.239249783,107.2));
#490=DIRECTION('',(1.,-0.,-0.));
#491=VECTOR('',#490,18.7);
#492=LINE('',#489,#491);
#493=EDGE_CURVE('',#439,#473,#492,.T.);
#494=ORIENTED_EDGE('',*,*,#493,.T.);
#495=EDGE_LOOP('',(#481,#487,#488,#494));
#496=FACE_BOUND('',#495,.T.);
#497=ADVANCED_FACE('',(#496),#471,.F.);
#498=OVER_RIDING_STYLED_ITEM('',(#101),#497,#54);
#499=CARTESIAN_POINT('',(378.406788053,447.239249783,108.4));
#500=DIRECTION('',(0.,0.,1.));
#501=DIRECTION('',(-1.,0.,0.));
#502=AXIS2_PLACEMENT_3D('',#499,#500,#501);
#503=CYLINDRICAL_SURFACE('',#502,7.);
#504=CARTESIAN_POINT('',(385.406788053,447.239249783,107.2));
#505=VERTEX_POINT('',#504);
#506=CARTESIAN_POINT('',(385.406788053,447.239249783,125.5));
#507=VERTEX_POINT('',#506);
#508=CARTESIAN_POINT('',(385.406788053,447.239249783,107.2));
#509=DIRECTION('',(0.,0.,1.));
#510=VECTOR('',#509,18.3);
#511=LINE('',#508,#510);
#512=EDGE_CURVE('',#505,#507,#511,.T.);
#513=ORIENTED_EDGE('',*,*,#512,.T.);
#514=CARTESIAN_POINT('',(378.406788053,447.239249783,125.5));
#515=DIRECTION('',(-0.,-0.,-1.));
#516=DIRECTION('',(-1.,0.,0.));
#517=AXIS2_PLACEMENT_3D('',#514,#515,#516);
#518=CIRCLE('',#517,7.);
#519=EDGE_CURVE('',#507,#475,#518,.T.);
#520=ORIENTED_EDGE('',*,*,#519,.T.);
#521=ORIENTED_EDGE('',*,*,#480,.F.);
#522=CARTESIAN_POINT('',(378.406788053,447.239249783,107.2));
#523=DIRECTION('',(0.,0.,1.));
#524=DIRECTION('',(-1.,0.,0.));
#525=AXIS2_PLACEMENT_3D('',#522,#523,#524);
#526=CIRCLE('',#525,7.);
#527=EDGE_CURVE('',#473,#505,#526,.T.);
#528=ORIENTED_EDGE('',*,*,#527,.T.);
#529=EDGE_LOOP('',(#513,#520,#521,#528));
#530=FACE_BOUND('',#529,.T.);
#531=ADVANCED_FACE('',(#530),#503,.T.);
#532=OVER_RIDING_STYLED_ITEM('',(#101),#531,#54);
#533=CARTESIAN_POINT('',(385.406788053,452.114249783,108.4));
#534=DIRECTION('',(-1.,0.,0.));
#535=DIRECTION('',(0.,-0.,-1.));
#536=AXIS2_PLACEMENT_3D('',#533,#534,#535);
#537=PLANE('',#536);
#538=CARTESIAN_POINT('',(385.406788053,456.989249783,107.2));
#539=VERTEX_POINT('',#538);
#540=CARTESIAN_POINT('',(385.406788053,456.989249783,125.5));
#541=VERTEX_POINT('',#540);
#542=CARTESIAN_POINT('',(385.406788053,456.989249783,107.2));
#543=DIRECTION('',(0.,0.,1.));
#544=VECTOR('',#543,18.3);
#545=LINE('',#542,#544);
#546=EDGE_CURVE('',#539,#541,#545,.T.);
#547=ORIENTED_EDGE('',*,*,#546,.T.);
#548=CARTESIAN_POINT('',(385.406788053,456.989249783,125.5));
#549=DIRECTION('',(0.,-1.,0.));
#550=VECTOR('',#549,9.75);
#551=LINE('',#548,#550);
#552=EDGE_CURVE('',#541,#507,#551,.T.);
#553=ORIENTED_EDGE('',*,*,#552,.T.);
#554=ORIENTED_EDGE('',*,*,#512,.F.);
#555=CARTESIAN_POINT('',(385.406788053,447.239249783,107.2));
#556=DIRECTION('',(-0.,1.,-0.));
#557=VECTOR('',#556,9.75);
#558=LINE('',#555,#557);
#559=EDGE_CURVE('',#505,#539,#558,.T.);
#560=ORIENTED_EDGE('',*,*,#559,.T.);
#561=EDGE_LOOP('',(#547,#553,#554,#560));
#562=FACE_BOUND('',#561,.T.);
#563=ADVANCED_FACE('',(#562),#537,.F.);
#564=OVER_RIDING_STYLED_ITEM('',(#101),#563,#54);
#565=CARTESIAN_POINT('',(388.406788053,456.989249783,108.4));
#566=DIRECTION('',(0.,0.,1.));
#567=DIRECTION('',(-1.,0.,0.));
#568=AXIS2_PLACEMENT_3D('',#565,#566,#567);
#569=CYLINDRICAL_SURFACE('',#568,3.);
#570=CARTESIAN_POINT('',(388.406788053,459.989249783,107.2));
#571=VERTEX_POINT('',#570);
#572=CARTESIAN_POINT('',(388.406788053,459.989249783,125.5));
#573=VERTEX_POINT('',#572);
#574=CARTESIAN_POINT('',(388.406788053,459.989249783,107.2));
#575=DIRECTION('',(0.,0.,1.));
#576=VECTOR('',#575,18.3);
#577=LINE('',#574,#576);
#578=EDGE_CURVE('',#571,#573,#577,.T.);
#579=ORIENTED_EDGE('',*,*,#578,.T.);
#580=CARTESIAN_POINT('',(388.406788053,456.989249783,125.5));
#581=DIRECTION('',(0.,0.,1.));
#582=DIRECTION('',(-1.,0.,0.));
#583=AXIS2_PLACEMENT_3D('',#580,#581,#582);
#584=CIRCLE('',#583,3.);
#585=EDGE_CURVE('',#573,#541,#584,.T.);
#586=ORIENTED_EDGE('',*,*,#585,.T.);
#587=ORIENTED_EDGE('',*,*,#546,.F.);
#588=CARTESIAN_POINT('',(388.406788053,456.989249783,107.2));
#589=DIRECTION('',(-0.,-0.,-1.));
#590=DIRECTION('',(-1.,0.,0.));
#591=AXIS2_PLACEMENT_3D('',#588,#589,#590);
#592=CIRCLE('',#591,3.);
#593=EDGE_CURVE('',#539,#571,#592,.T.);
#594=ORIENTED_EDGE('',*,*,#593,.T.);
#595=EDGE_LOOP('',(#579,#586,#587,#594));
#596=FACE_BOUND('',#595,.T.);
#597=ADVANCED_FACE('',(#596),#569,.F.);
#598=OVER_RIDING_STYLED_ITEM('',(#101),#597,#54);
#599=CARTESIAN_POINT('',(393.281788053,459.989249783,108.4));
#600=DIRECTION('',(0.,1.,-0.));
#601=DIRECTION('',(0.,0.,1.));
#602=AXIS2_PLACEMENT_3D('',#599,#600,#601);
#603=PLANE('',#602);
#604=CARTESIAN_POINT('',(398.156788053,459.989249783,107.2));
#605=VERTEX_POINT('',#604);
#606=CARTESIAN_POINT('',(398.156788053,459.989249783,125.5));
#607=VERTEX_POINT('',#606);
#608=CARTESIAN_POINT('',(398.156788053,459.989249783,107.2));
#609=DIRECTION('',(0.,0.,1.));
#610=VECTOR('',#609,18.3);
#611=LINE('',#608,#610);
#612=EDGE_CURVE('',#605,#607,#611,.T.);
#613=ORIENTED_EDGE('',*,*,#612,.T.);
#614=CARTESIAN_POINT('',(398.156788053,459.989249783,125.5));
#615=DIRECTION('',(-1.,0.,0.));
#616=VECTOR('',#615,9.75);
#617=LINE('',#614,#616);
#618=EDGE_CURVE('',#607,#573,#617,.T.);
#619=ORIENTED_EDGE('',*,*,#618,.T.);
#620=ORIENTED_EDGE('',*,*,#578,.F.);
#621=CARTESIAN_POINT('',(388.406788053,459.989249783,107.2));
#622=DIRECTION('',(1.,-0.,-0.));
#623=VECTOR('',#622,9.75);
#624=LINE('',#621,#623);
#625=EDGE_CURVE('',#571,#605,#624,.T.);
#626=ORIENTED_EDGE('',*,*,#625,.T.);
#627=EDGE_LOOP('',(#613,#619,#620,#626));
#628=FACE_BOUND('',#627,.T.);
#629=ADVANCED_FACE('',(#628),#603,.F.);
#630=OVER_RIDING_STYLED_ITEM('',(#101),#629,#54);
#631=CARTESIAN_POINT('',(398.156788053,466.989249783,108.4));
#632=DIRECTION('',(0.,0.,1.));
#633=DIRECTION('',(-1.,0.,0.));
#634=AXIS2_PLACEMENT_3D('',#631,#632,#633);
#635=CYLINDRICAL_SURFACE('',#634,7.);
#636=CARTESIAN_POINT('',(405.156788053,466.989249783,107.2));
#637=VERTEX_POINT('',#636);
#638=CARTESIAN_POINT('',(405.156788053,466.989249783,125.5));
#639=VERTEX_POINT('',#638);
#640=CARTESIAN_POINT('',(405.156788053,466.989249783,107.2));
#641=DIRECTION('',(0.,0.,1.));
#642=VECTOR('',#641,18.3);
#643=LINE('',#640,#642);
#644=EDGE_CURVE('',#637,#639,#643,.T.);
#645=ORIENTED_EDGE('',*,*,#644,.T.);
#646=CARTESIAN_POINT('',(398.156788053,466.989249783,125.5));
#647=DIRECTION('',(-0.,-0.,-1.));
#648=DIRECTION('',(-1.,0.,0.));
#649=AXIS2_PLACEMENT_3D('',#646,#647,#648);
#650=CIRCLE('',#649,7.);
#651=EDGE_CURVE('',#639,#607,#650,.T.);
#652=ORIENTED_EDGE('',*,*,#651,.T.);
#653=ORIENTED_EDGE('',*,*,#612,.F.);
#654=CARTESIAN_POINT('',(398.156788053,466.989249783,107.2));
#655=DIRECTION('',(0.,0.,1.));
#656=DIRECTION('',(-1.,0.,0.));
#657=AXIS2_PLACEMENT_3D('',#654,#655,#656);
#658=CIRCLE('',#657,7.);
#659=EDGE_CURVE('',#605,#637,#658,.T.);
#660=ORIENTED_EDGE('',*,*,#659,.T.);
#661=EDGE_LOOP('',(#645,#652,#653,#660));
#662=FACE_BOUND('',#661,.T.);
#663=ADVANCED_FACE('',(#662),#635,.T.);
#664=OVER_RIDING_STYLED_ITEM('',(#101),#663,#54);
#665=CARTESIAN_POINT('',(405.156788053,476.339249783,108.4));
#666=DIRECTION('',(-1.,0.,0.));
#667=DIRECTION('',(0.,-0.,-1.));
#668=AXIS2_PLACEMENT_3D('',#665,#666,#667);
#669=PLANE('',#668);
#670=CARTESIAN_POINT('',(405.156788053,485.689249783,107.2));
#671=VERTEX_POINT('',#670);
#672=CARTESIAN_POINT('',(405.156788053,485.689249783,125.5));
#673=VERTEX_POINT('',#672);
#674=CARTESIAN_POINT('',(405.156788053,485.689249783,107.2));
#675=DIRECTION('',(0.,0.,1.));
#676=VECTOR('',#675,18.3);
#677=LINE('',#674,#676);
#678=EDGE_CURVE('',#671,#673,#677,.T.);
#679=ORIENTED_EDGE('',*,*,#678,.T.);
#680=CARTESIAN_POINT('',(405.156788053,485.689249783,125.5));
#681=DIRECTION('',(0.,-1.,0.));
#682=VECTOR('',#681,18.7);
#683=LINE('',#680,#682);
#684=EDGE_CURVE('',#673,#639,#683,.T.);
#685=ORIENTED_EDGE('',*,*,#684,.T.);
#686=ORIENTED_EDGE('',*,*,#644,.F.);
#687=CARTESIAN_POINT('',(405.156788053,466.989249783,107.2));
#688=DIRECTION('',(-0.,1.,-0.));
#689=VECTOR('',#688,18.7);
#690=LINE('',#687,#689);
#691=EDGE_CURVE('',#637,#671,#690,.T.);
#692=ORIENTED_EDGE('',*,*,#691,.T.);
#693=EDGE_LOOP('',(#679,#685,#686,#692));
#694=FACE_BOUND('',#693,.T.);
#695=ADVANCED_FACE('',(#694),#669,.F.);
#696=OVER_RIDING_STYLED_ITEM('',(#101),#695,#54);
#697=CARTESIAN_POINT('',(398.156788053,485.689249783,108.4));
#698=DIRECTION('',(0.,0.,1.));
#699=DIRECTION('',(-1.,0.,0.));
#700=AXIS2_PLACEMENT_3D('',#697,#698,#699);
#701=CYLINDRICAL_SURFACE('',#700,7.);
#702=CARTESIAN_POINT('',(398.156788053,492.689249783,107.2));
#703=VERTEX_POINT('',#702);
#704=CARTESIAN_POINT('',(398.156788053,492.689249783,125.5));
#705=VERTEX_POINT('',#704);
#706=CARTESIAN_POINT('',(398.156788053,492.689249783,107.2));
#707=DIRECTION('',(0.,0.,1.));
#708=VECTOR('',#707,18.3);
#709=LINE('',#706,#708);
#710=EDGE_CURVE('',#703,#705,#709,.T.);
#711=ORIENTED_EDGE('',*,*,#710,.T.);
#712=CARTESIAN_POINT('',(398.156788053,485.689249783,125.5));
#713=DIRECTION('',(-0.,-0.,-1.));
#714=DIRECTION('',(-1.,0.,0.));
#715=AXIS2_PLACEMENT_3D('',#712,#713,#714);
#716=CIRCLE('',#715,7.);
#717=EDGE_CURVE('',#705,#673,#716,.T.);
#718=ORIENTED_EDGE('',*,*,#717,.T.);
#719=ORIENTED_EDGE('',*,*,#678,.F.);
#720=CARTESIAN_POINT('',(398.156788053,485.689249783,107.2));
#721=DIRECTION('',(0.,0.,1.));
#722=DIRECTION('',(-1.,0.,0.));
#723=AXIS2_PLACEMENT_3D('',#720,#721,#722);
#724=CIRCLE('',#723,7.);
#725=EDGE_CURVE('',#671,#703,#724,.T.);
#726=ORIENTED_EDGE('',*,*,#725,.T.);
#727=EDGE_LOOP('',(#711,#718,#719,#726));
#728=FACE_BOUND('',#727,.T.);
#729=ADVANCED_FACE('',(#728),#701,.T.);
#730=OVER_RIDING_STYLED_ITEM('',(#101),#729,#54);
#731=CARTESIAN_POINT('',(393.281788053,492.689249783,108.4));
#732=DIRECTION('',(0.,-1.,0.));
#733=DIRECTION('',(0.,-0.,-1.));
#734=AXIS2_PLACEMENT_3D('',#731,#732,#733);
#735=PLANE('',#734);
#736=CARTESIAN_POINT('',(388.406788053,492.689249783,107.2));
#737=VERTEX_POINT('',#736);
#738=CARTESIAN_POINT('',(388.406788053,492.689249783,125.5));
#739=VERTEX_POINT('',#738);
#740=CARTESIAN_POINT('',(388.406788053,492.689249783,107.2));
#741=DIRECTION('',(0.,0.,1.));
#742=VECTOR('',#741,18.3);
#743=LINE('',#740,#742);
#744=EDGE_CURVE('',#737,#739,#743,.T.);
#745=ORIENTED_EDGE('',*,*,#744,.T.);
#746=CARTESIAN_POINT('',(388.406788053,492.689249783,125.5));
#747=DIRECTION('',(1.,-0.,-0.));
#748=VECTOR('',#747,9.75);
#749=LINE('',#746,#748);
#750=EDGE_CURVE('',#739,#705,#749,.T.);
#751=ORIENTED_EDGE('',*,*,#750,.T.);
#752=ORIENTED_EDGE('',*,*,#710,.F.);
#753=CARTESIAN_POINT('',(398.156788053,492.689249783,107.2));
#754=DIRECTION('',(-1.,-0.,0.));
#755=VECTOR('',#754,9.75);
#756=LINE('',#753,#755);
#757=EDGE_CURVE('',#703,#737,#756,.T.);
#758=ORIENTED_EDGE('',*,*,#757,.T.);
#759=EDGE_LOOP('',(#745,#751,#752,#758));
#760=FACE_BOUND('',#759,.T.);
#761=ADVANCED_FACE('',(#760),#735,.F.);
#762=OVER_RIDING_STYLED_ITEM('',(#101),#761,#54);
#763=CARTESIAN_POINT('',(388.406788053,495.689249783,108.4));
#764=DIRECTION('',(0.,0.,1.));
#765=DIRECTION('',(-1.,0.,0.));
#766=AXIS2_PLACEMENT_3D('',#763,#764,#765);
#767=CYLINDRICAL_SURFACE('',#766,3.);
#768=CARTESIAN_POINT('',(385.406788053,495.689249783,107.2));
#769=VERTEX_POINT('',#768);
#770=CARTESIAN_POINT('',(385.406788053,495.689249783,125.5));
#771=VERTEX_POINT('',#770);
#772=CARTESIAN_POINT('',(385.406788053,495.689249783,107.2));
#773=DIRECTION('',(0.,0.,1.));
#774=VECTOR('',#773,18.3);
#775=LINE('',#772,#774);
#776=EDGE_CURVE('',#769,#771,#775,.T.);
#777=ORIENTED_EDGE('',*,*,#776,.T.);
#778=CARTESIAN_POINT('',(388.406788053,495.689249783,125.5));
#779=DIRECTION('',(0.,0.,1.));
#780=DIRECTION('',(-1.,0.,0.));
#781=AXIS2_PLACEMENT_3D('',#778,#779,#780);
#782=CIRCLE('',#781,3.);
#783=EDGE_CURVE('',#771,#739,#782,.T.);
#784=ORIENTED_EDGE('',*,*,#783,.T.);
#785=ORIENTED_EDGE('',*,*,#744,.F.);
#786=CARTESIAN_POINT('',(388.406788053,495.689249783,107.2));
#787=DIRECTION('',(-0.,-0.,-1.));
#788=DIRECTION('',(-1.,0.,0.));
#789=AXIS2_PLACEMENT_3D('',#786,#787,#788);
#790=CIRCLE('',#789,3.);
#791=EDGE_CURVE('',#737,#769,#790,.T.);
#792=ORIENTED_EDGE('',*,*,#791,.T.);
#793=EDGE_LOOP('',(#777,#784,#785,#792));
#794=FACE_BOUND('',#793,.T.);
#795=ADVANCED_FACE('',(#794),#767,.F.);
#796=OVER_RIDING_STYLED_ITEM('',(#101),#795,#54);
#797=CARTESIAN_POINT('',(385.406788053,500.564249783,108.4));
#798=DIRECTION('',(-1.,0.,0.));
#799=DIRECTION('',(0.,-0.,-1.));
#800=AXIS2_PLACEMENT_3D('',#797,#798,#799);
#801=PLANE('',#800);
#802=CARTESIAN_POINT('',(385.406788053,505.439249783,107.2));
#803=VERTEX_POINT('',#802);
#804=CARTESIAN_POINT('',(385.406788053,505.439249783,125.5));
#805=VERTEX_POINT('',#804);
#806=CARTESIAN_POINT('',(385.406788053,505.439249783,107.2));
#807=DIRECTION('',(0.,0.,1.));
#808=VECTOR('',#807,18.3);
#809=LINE('',#806,#808);
#810=EDGE_CURVE('',#803,#805,#809,.T.);
#811=ORIENTED_EDGE('',*,*,#810,.T.);
#812=CARTESIAN_POINT('',(385.406788053,505.439249783,125.5));
#813=DIRECTION('',(0.,-1.,0.));
#814=VECTOR('',#813,9.75);
#815=LINE('',#812,#814);
#816=EDGE_CURVE('',#805,#771,#815,.T.);
#817=ORIENTED_EDGE('',*,*,#816,.T.);
#818=ORIENTED_EDGE('',*,*,#776,.F.);
#819=CARTESIAN_POINT('',(385.406788053,495.689249783,107.2));
#820=DIRECTION('',(-0.,1.,-0.));
#821=VECTOR('',#820,9.75);
#822=LINE('',#819,#821);
#823=EDGE_CURVE('',#769,#803,#822,.T.);
#824=ORIENTED_EDGE('',*,*,#823,.T.);
#825=EDGE_LOOP('',(#811,#817,#818,#824));
#826=FACE_BOUND('',#825,.T.);
#827=ADVANCED_FACE('',(#826),#801,.F.);
#828=OVER_RIDING_STYLED_ITEM('',(#101),#827,#54);
#829=CARTESIAN_POINT('',(378.406788053,505.439249783,108.4));
#830=DIRECTION('',(0.,0.,1.));
#831=DIRECTION('',(-1.,0.,0.));
#832=AXIS2_PLACEMENT_3D('',#829,#830,#831);
#833=CYLINDRICAL_SURFACE('',#832,7.);
#834=ORIENTED_EDGE('',*,*,#84,.T.);
#835=CARTESIAN_POINT('',(378.406788053,505.439249783,125.5));
#836=DIRECTION('',(-0.,-0.,-1.));
#837=DIRECTION('',(-1.,0.,0.));
#838=AXIS2_PLACEMENT_3D('',#835,#836,#837);
#839=CIRCLE('',#838,7.);
#840=EDGE_CURVE('',#71,#805,#839,.T.);
#841=ORIENTED_EDGE('',*,*,#840,.T.);
#842=ORIENTED_EDGE('',*,*,#810,.F.);
#843=CARTESIAN_POINT('',(378.406788053,505.439249783,107.2));
#844=DIRECTION('',(0.,0.,1.));
#845=DIRECTION('',(-1.,0.,0.));
#846=AXIS2_PLACEMENT_3D('',#843,#844,#845);
#847=CIRCLE('',#846,7.);
#848=EDGE_CURVE('',#803,#79,#847,.T.);
#849=ORIENTED_EDGE('',*,*,#848,.T.);
#850=EDGE_LOOP('',(#834,#841,#842,#849));
#851=FACE_BOUND('',#850,.T.);
#852=ADVANCED_FACE('',(#851),#833,.T.);
#853=OVER_RIDING_STYLED_ITEM('',(#101),#852,#54);
#854=CARTESIAN_POINT('',(359.706788053,505.439249783,108.4));
#855=DIRECTION('',(0.,0.,1.));
#856=DIRECTION('',(-1.,0.,0.));
#857=AXIS2_PLACEMENT_3D('',#854,#855,#856);
#858=CYLINDRICAL_SURFACE('',#857,5.2);
#859=CARTESIAN_POINT('',(354.506788053,505.439249783,107.2));
#860=VERTEX_POINT('',#859);
#861=CARTESIAN_POINT('',(354.506788053,505.439249783,126.95));
#862=VERTEX_POINT('',#861);
#863=CARTESIAN_POINT('',(354.506788053,505.439249783,107.2));
#864=DIRECTION('',(0.,0.,1.));
#865=VECTOR('',#864,19.75);
#866=LINE('',#863,#865);
#867=EDGE_CURVE('',#860,#862,#866,.T.);
#868=ORIENTED_EDGE('',*,*,#867,.F.);
#869=CARTESIAN_POINT('',(359.706788053,510.639249783,107.2));
#870=VERTEX_POINT('',#869);
#871=CARTESIAN_POINT('',(359.706788053,505.439249783,107.2));
#872=DIRECTION('',(-0.,-0.,-1.));
#873=DIRECTION('',(-1.,0.,0.));
#874=AXIS2_PLACEMENT_3D('',#871,#872,#873);
#875=CIRCLE('',#874,5.2);
#876=EDGE_CURVE('',#860,#870,#875,.T.);
#877=ORIENTED_EDGE('',*,*,#876,.T.);
#878=CARTESIAN_POINT('',(359.706788053,510.639249783,126.95));
#879=VERTEX_POINT('',#878);
#880=CARTESIAN_POINT('',(359.706788053,510.639249783,107.2));
#881=DIRECTION('',(0.,0.,1.));
#882=VECTOR('',#881,19.75);
#883=LINE('',#880,#882);
#884=EDGE_CURVE('',#870,#879,#883,.T.);
#885=ORIENTED_EDGE('',*,*,#884,.T.);
#886=CARTESIAN_POINT('',(359.706788053,505.439249783,126.95));
#887=DIRECTION('',(0.,0.,1.));
#888=DIRECTION('',(1.,-0.,-0.));
#889=AXIS2_PLACEMENT_3D('',#886,#887,#888);
#890=CIRCLE('',#889,5.2);
#891=EDGE_CURVE('',#879,#862,#890,.T.);
#892=ORIENTED_EDGE('',*,*,#891,.T.);
#893=EDGE_LOOP('',(#868,#877,#885,#892));
#894=FACE_BOUND('',#893,.T.);
#895=ADVANCED_FACE('',(#894),#858,.F.);
#896=OVER_RIDING_STYLED_ITEM('',(#101),#895,#54);
#897=CARTESIAN_POINT('',(369.056788053,510.639249783,108.4));
#898=DIRECTION('',(0.,-1.,0.));
#899=DIRECTION('',(0.,-0.,-1.));
#900=AXIS2_PLACEMENT_3D('',#897,#898,#899);
#901=PLANE('',#900);
#902=ORIENTED_EDGE('',*,*,#884,.F.);
#903=CARTESIAN_POINT('',(378.406788053,510.639249783,107.2));
#904=VERTEX_POINT('',#903);
#905=CARTESIAN_POINT('',(359.706788053,510.639249783,107.2));
#906=DIRECTION('',(1.,0.,-0.));
#907=VECTOR('',#906,18.7);
#908=LINE('',#905,#907);
#909=EDGE_CURVE('',#870,#904,#908,.T.);
#910=ORIENTED_EDGE('',*,*,#909,.T.);
#911=CARTESIAN_POINT('',(378.406788053,510.639249783,126.95));
#912=VERTEX_POINT('',#911);
#913=CARTESIAN_POINT('',(378.406788053,510.639249783,107.2));
#914=DIRECTION('',(0.,0.,1.));
#915=VECTOR('',#914,19.75);
#916=LINE('',#913,#915);
#917=EDGE_CURVE('',#904,#912,#916,.T.);
#918=ORIENTED_EDGE('',*,*,#917,.T.);
#919=CARTESIAN_POINT('',(359.706788053,510.639249783,126.95));
#920=DIRECTION('',(1.,-0.,-0.));
#921=VECTOR('',#920,18.7);
#922=LINE('',#919,#921);
#923=EDGE_CURVE('',#879,#912,#922,.T.);
#924=ORIENTED_EDGE('',*,*,#923,.F.);
#925=EDGE_LOOP('',(#902,#910,#918,#924));
#926=FACE_BOUND('',#925,.T.);
#927=ADVANCED_FACE('',(#926),#901,.T.);
#928=OVER_RIDING_STYLED_ITEM('',(#101),#927,#54);
#929=CARTESIAN_POINT('',(378.406788053,505.439249783,108.4));
#930=DIRECTION('',(0.,0.,1.));
#931=DIRECTION('',(-1.,0.,0.));
#932=AXIS2_PLACEMENT_3D('',#929,#930,#931);
#933=CYLINDRICAL_SURFACE('',#932,5.2);
#934=ORIENTED_EDGE('',*,*,#917,.F.);
#935=CARTESIAN_POINT('',(383.606788053,505.439249783,107.2));
#936=VERTEX_POINT('',#935);
#937=CARTESIAN_POINT('',(378.406788053,505.439249783,107.2));
#938=DIRECTION('',(-0.,-0.,-1.));
#939=DIRECTION('',(-1.,0.,0.));
#940=AXIS2_PLACEMENT_3D('',#937,#938,#939);
#941=CIRCLE('',#940,5.2);
#942=EDGE_CURVE('',#904,#936,#941,.T.);
#943=ORIENTED_EDGE('',*,*,#942,.T.);
#944=CARTESIAN_POINT('',(383.606788053,505.439249783,126.95));
#945=VERTEX_POINT('',#944);
#946=CARTESIAN_POINT('',(383.606788053,505.439249783,107.2));
#947=DIRECTION('',(0.,0.,1.));
#948=VECTOR('',#947,19.75);
#949=LINE('',#946,#948);
#950=EDGE_CURVE('',#936,#945,#949,.T.);
#951=ORIENTED_EDGE('',*,*,#950,.T.);
#952=CARTESIAN_POINT('',(378.406788053,505.439249783,126.95));
#953=DIRECTION('',(0.,0.,1.));
#954=DIRECTION('',(1.,-0.,-0.));
#955=AXIS2_PLACEMENT_3D('',#952,#953,#954);
#956=CIRCLE('',#955,5.2);
#957=EDGE_CURVE('',#945,#912,#956,.T.);
#958=ORIENTED_EDGE('',*,*,#957,.T.);
#959=EDGE_LOOP('',(#934,#943,#951,#958));
#960=FACE_BOUND('',#959,.T.);
#961=ADVANCED_FACE('',(#960),#933,.F.);
#962=OVER_RIDING_STYLED_ITEM('',(#101),#961,#54);
#963=CARTESIAN_POINT('',(383.606788053,500.564249783,108.4));
#964=DIRECTION('',(-1.,0.,0.));
#965=DIRECTION('',(0.,-0.,-1.));
#966=AXIS2_PLACEMENT_3D('',#963,#964,#965);
#967=PLANE('',#966);
#968=ORIENTED_EDGE('',*,*,#950,.F.);
#969=CARTESIAN_POINT('',(383.606788053,495.689249783,107.2));
#970=VERTEX_POINT('',#969);
#971=CARTESIAN_POINT('',(383.606788053,505.439249783,107.2));
#972=DIRECTION('',(0.,-1.,0.));
#973=VECTOR('',#972,9.75);
#974=LINE('',#971,#973);
#975=EDGE_CURVE('',#936,#970,#974,.T.);
#976=ORIENTED_EDGE('',*,*,#975,.T.);
#977=CARTESIAN_POINT('',(383.606788053,495.689249783,126.95));
#978=VERTEX_POINT('',#977);
#979=CARTESIAN_POINT('',(383.606788053,495.689249783,107.2));
#980=DIRECTION('',(0.,0.,1.));
#981=VECTOR('',#980,19.75);
#982=LINE('',#979,#981);
#983=EDGE_CURVE('',#970,#978,#982,.T.);
#984=ORIENTED_EDGE('',*,*,#983,.T.);
#985=CARTESIAN_POINT('',(383.606788053,505.439249783,126.95));
#986=DIRECTION('',(-0.,-1.,0.));
#987=VECTOR('',#986,9.75);
#988=LINE('',#985,#987);
#989=EDGE_CURVE('',#945,#978,#988,.T.);
#990=ORIENTED_EDGE('',*,*,#989,.F.);
#991=EDGE_LOOP('',(#968,#976,#984,#990));
#992=FACE_BOUND('',#991,.T.);
#993=ADVANCED_FACE('',(#992),#967,.T.);
#994=OVER_RIDING_STYLED_ITEM('',(#101),#993,#54);
#995=CARTESIAN_POINT('',(388.406788053,495.689249783,108.4));
#996=DIRECTION('',(0.,0.,1.));
#997=DIRECTION('',(-1.,0.,0.));
#998=AXIS2_PLACEMENT_3D('',#995,#996,#997);
#999=CYLINDRICAL_SURFACE('',#998,4.8);
#1000=ORIENTED_EDGE('',*,*,#983,.F.);
#1001=CARTESIAN_POINT('',(388.406788053,490.889249783,107.2));
#1002=VERTEX_POINT('',#1001);
#1003=CARTESIAN_POINT('',(388.406788053,495.689249783,107.2));
#1004=DIRECTION('',(0.,0.,1.));
#1005=DIRECTION('',(-1.,0.,0.));
#1006=AXIS2_PLACEMENT_3D('',#1003,#1004,#1005);
#1007=CIRCLE('',#1006,4.8);
#1008=EDGE_CURVE('',#970,#1002,#1007,.T.);
#1009=ORIENTED_EDGE('',*,*,#1008,.T.);
#1010=CARTESIAN_POINT('',(388.406788053,490.889249783,126.95));
#1011=VERTEX_POINT('',#1010);
#1012=CARTESIAN_POINT('',(388.406788053,490.889249783,107.2));
#1013=DIRECTION('',(0.,0.,1.));
#1014=VECTOR('',#1013,19.75);
#1015=LINE('',#1012,#1014);
#1016=EDGE_CURVE('',#1002,#1011,#1015,.T.);
#1017=ORIENTED_EDGE('',*,*,#1016,.T.);
#1018=CARTESIAN_POINT('',(388.406788053,495.689249783,126.95));
#1019=DIRECTION('',(0.,0.,1.));
#1020=DIRECTION('',(-1.,0.,0.));
#1021=AXIS2_PLACEMENT_3D('',#1018,#1019,#1020);
#1022=CIRCLE('',#1021,4.8);
#1023=EDGE_CURVE('',#978,#1011,#1022,.T.);
#1024=ORIENTED_EDGE('',*,*,#1023,.F.);
#1025=EDGE_LOOP('',(#1000,#1009,#1017,#1024));
#1026=FACE_BOUND('',#1025,.T.);
#1027=ADVANCED_FACE('',(#1026),#999,.T.);
#1028=OVER_RIDING_STYLED_ITEM('',(#101),#1027,#54);
#1029=CARTESIAN_POINT('',(393.281788053,490.889249783,108.4));
#1030=DIRECTION('',(0.,-1.,0.));
#1031=DIRECTION('',(0.,-0.,-1.));
#1032=AXIS2_PLACEMENT_3D('',#1029,#1030,#1031);
#1033=PLANE('',#1032);
#1034=ORIENTED_EDGE('',*,*,#1016,.F.);
#1035=CARTESIAN_POINT('',(398.156788053,490.889249783,107.2));
#1036=VERTEX_POINT('',#1035);
#1037=CARTESIAN_POINT('',(388.406788053,490.889249783,107.2));
#1038=DIRECTION('',(1.,0.,-0.));
#1039=VECTOR('',#1038,9.75);
#1040=LINE('',#1037,#1039);
#1041=EDGE_CURVE('',#1002,#1036,#1040,.T.);
#1042=ORIENTED_EDGE('',*,*,#1041,.T.);
#1043=CARTESIAN_POINT('',(398.156788053,490.889249783,126.95));
#1044=VERTEX_POINT('',#1043);
#1045=CARTESIAN_POINT('',(398.156788053,490.889249783,107.2));
#1046=DIRECTION('',(0.,0.,1.));
#1047=VECTOR('',#1046,19.75);
#1048=LINE('',#1045,#1047);
#1049=EDGE_CURVE('',#1036,#1044,#1048,.T.);
#1050=ORIENTED_EDGE('',*,*,#1049,.T.);
#1051=CARTESIAN_POINT('',(388.406788053,490.889249783,126.95));
#1052=DIRECTION('',(1.,0.,0.));
#1053=VECTOR('',#1052,9.75);
#1054=LINE('',#1051,#1053);
#1055=EDGE_CURVE('',#1011,#1044,#1054,.T.);
#1056=ORIENTED_EDGE('',*,*,#1055,.F.);
#1057=EDGE_LOOP('',(#1034,#1042,#1050,#1056));
#1058=FACE_BOUND('',#1057,.T.);
#1059=ADVANCED_FACE('',(#1058),#1033,.T.);
#1060=OVER_RIDING_STYLED_ITEM('',(#101),#1059,#54);
#1061=CARTESIAN_POINT('',(398.156788053,485.689249783,108.4));
#1062=DIRECTION('',(0.,0.,1.));
#1063=DIRECTION('',(-1.,0.,0.));
#1064=AXIS2_PLACEMENT_3D('',#1061,#1062,#1063);
#1065=CYLINDRICAL_SURFACE('',#1064,5.2);
#1066=ORIENTED_EDGE('',*,*,#1049,.F.);
#1067=CARTESIAN_POINT('',(403.356788053,485.689249783,107.2));
#1068=VERTEX_POINT('',#1067);
#1069=CARTESIAN_POINT('',(398.156788053,485.689249783,107.2));
#1070=DIRECTION('',(-0.,-0.,-1.));
#1071=DIRECTION('',(-1.,0.,0.));
#1072=AXIS2_PLACEMENT_3D('',#1069,#1070,#1071);
#1073=CIRCLE('',#1072,5.2);
#1074=EDGE_CURVE('',#1036,#1068,#1073,.T.);
#1075=ORIENTED_EDGE('',*,*,#1074,.T.);
#1076=CARTESIAN_POINT('',(403.356788053,485.689249783,126.95));
#1077=VERTEX_POINT('',#1076);
#1078=CARTESIAN_POINT('',(403.356788053,485.689249783,107.2));
#1079=DIRECTION('',(0.,0.,1.));
#1080=VECTOR('',#1079,19.75);
#1081=LINE('',#1078,#1080);
#1082=EDGE_CURVE('',#1068,#1077,#1081,.T.);
#1083=ORIENTED_EDGE('',*,*,#1082,.T.);
#1084=CARTESIAN_POINT('',(398.156788053,485.689249783,126.95));
#1085=DIRECTION('',(0.,0.,1.));
#1086=DIRECTION('',(1.,-0.,-0.));
#1087=AXIS2_PLACEMENT_3D('',#1084,#1085,#1086);
#1088=CIRCLE('',#1087,5.2);
#1089=EDGE_CURVE('',#1077,#1044,#1088,.T.);
#1090=ORIENTED_EDGE('',*,*,#1089,.T.);
#1091=EDGE_LOOP('',(#1066,#1075,#1083,#1090));
#1092=FACE_BOUND('',#1091,.T.);
#1093=ADVANCED_FACE('',(#1092),#1065,.F.);
#1094=OVER_RIDING_STYLED_ITEM('',(#101),#1093,#54);
#1095=CARTESIAN_POINT('',(403.356788053,476.339249783,108.4));
#1096=DIRECTION('',(-1.,0.,0.));
#1097=DIRECTION('',(0.,-0.,-1.));
#1098=AXIS2_PLACEMENT_3D('',#1095,#1096,#1097);
#1099=PLANE('',#1098);
#1100=ORIENTED_EDGE('',*,*,#1082,.F.);
#1101=CARTESIAN_POINT('',(403.356788053,466.989249783,107.2));
#1102=VERTEX_POINT('',#1101);
#1103=CARTESIAN_POINT('',(403.356788053,485.689249783,107.2));
#1104=DIRECTION('',(0.,-1.,0.));
#1105=VECTOR('',#1104,18.7);
#1106=LINE('',#1103,#1105);
#1107=EDGE_CURVE('',#1068,#1102,#1106,.T.);
#1108=ORIENTED_EDGE('',*,*,#1107,.T.);
#1109=CARTESIAN_POINT('',(403.356788053,466.989249783,126.95));
#1110=VERTEX_POINT('',#1109);
#1111=CARTESIAN_POINT('',(403.356788053,466.989249783,107.2));
#1112=DIRECTION('',(0.,0.,1.));
#1113=VECTOR('',#1112,19.75);
#1114=LINE('',#1111,#1113);
#1115=EDGE_CURVE('',#1102,#1110,#1114,.T.);
#1116=ORIENTED_EDGE('',*,*,#1115,.T.);
#1117=CARTESIAN_POINT('',(403.356788053,485.689249783,126.95));
#1118=DIRECTION('',(-0.,-1.,0.));
#1119=VECTOR('',#1118,18.7);
#1120=LINE('',#1117,#1119);
#1121=EDGE_CURVE('',#1077,#1110,#1120,.T.);
#1122=ORIENTED_EDGE('',*,*,#1121,.F.);
#1123=EDGE_LOOP('',(#1100,#1108,#1116,#1122));
#1124=FACE_BOUND('',#1123,.T.);
#1125=ADVANCED_FACE('',(#1124),#1099,.T.);
#1126=OVER_RIDING_STYLED_ITEM('',(#101),#1125,#54);
#1127=CARTESIAN_POINT('',(398.156788053,466.989249783,108.4));
#1128=DIRECTION('',(0.,0.,1.));
#1129=DIRECTION('',(-1.,0.,0.));
#1130=AXIS2_PLACEMENT_3D('',#1127,#1128,#1129);
#1131=CYLINDRICAL_SURFACE('',#1130,5.2);
#1132=ORIENTED_EDGE('',*,*,#1115,.F.);
#1133=CARTESIAN_POINT('',(398.156788053,461.789249783,107.2));
#1134=VERTEX_POINT('',#1133);
#1135=CARTESIAN_POINT('',(398.156788053,466.989249783,107.2));
#1136=DIRECTION('',(-0.,-0.,-1.));
#1137=DIRECTION('',(-1.,0.,0.));
#1138=AXIS2_PLACEMENT_3D('',#1135,#1136,#1137);
#1139=CIRCLE('',#1138,5.2);
#1140=EDGE_CURVE('',#1102,#1134,#1139,.T.);
#1141=ORIENTED_EDGE('',*,*,#1140,.T.);
#1142=CARTESIAN_POINT('',(398.156788053,461.789249783,126.95));
#1143=VERTEX_POINT('',#1142);
#1144=CARTESIAN_POINT('',(398.156788053,461.789249783,107.2));
#1145=DIRECTION('',(0.,0.,1.));
#1146=VECTOR('',#1145,19.75);
#1147=LINE('',#1144,#1146);
#1148=EDGE_CURVE('',#1134,#1143,#1147,.T.);
#1149=ORIENTED_EDGE('',*,*,#1148,.T.);
#1150=CARTESIAN_POINT('',(398.156788053,466.989249783,126.95));
#1151=DIRECTION('',(0.,0.,1.));
#1152=DIRECTION('',(1.,-0.,-0.));
#1153=AXIS2_PLACEMENT_3D('',#1150,#1151,#1152);
#1154=CIRCLE('',#1153,5.2);
#1155=EDGE_CURVE('',#1143,#1110,#1154,.T.);
#1156=ORIENTED_EDGE('',*,*,#1155,.T.);
#1157=EDGE_LOOP('',(#1132,#1141,#1149,#1156));
#1158=FACE_BOUND('',#1157,.T.);
#1159=ADVANCED_FACE('',(#1158),#1131,.F.);
#1160=OVER_RIDING_STYLED_ITEM('',(#101),#1159,#54);
#1161=CARTESIAN_POINT('',(393.281788053,461.789249783,108.4));
#1162=DIRECTION('',(0.,1.,-0.));
#1163=DIRECTION('',(1.,-0.,0.));
#1164=AXIS2_PLACEMENT_3D('',#1161,#1162,#1163);
#1165=PLANE('',#1164);
#1166=ORIENTED_EDGE('',*,*,#1148,.F.);
#1167=CARTESIAN_POINT('',(388.406788053,461.789249783,107.2));
#1168=VERTEX_POINT('',#1167);
#1169=CARTESIAN_POINT('',(398.156788053,461.789249783,107.2));
#1170=DIRECTION('',(-1.,0.,-0.));
#1171=VECTOR('',#1170,9.75);
#1172=LINE('',#1169,#1171);
#1173=EDGE_CURVE('',#1134,#1168,#1172,.T.);
#1174=ORIENTED_EDGE('',*,*,#1173,.T.);
#1175=CARTESIAN_POINT('',(388.406788053,461.789249783,126.95));
#1176=VERTEX_POINT('',#1175);
#1177=CARTESIAN_POINT('',(388.406788053,461.789249783,107.2));
#1178=DIRECTION('',(0.,0.,1.));
#1179=VECTOR('',#1178,19.75);
#1180=LINE('',#1177,#1179);
#1181=EDGE_CURVE('',#1168,#1176,#1180,.T.);
#1182=ORIENTED_EDGE('',*,*,#1181,.T.);
#1183=CARTESIAN_POINT('',(398.156788053,461.789249783,126.95));
#1184=DIRECTION('',(-1.,0.,0.));
#1185=VECTOR('',#1184,9.75);
#1186=LINE('',#1183,#1185);
#1187=EDGE_CURVE('',#1143,#1176,#1186,.T.);
#1188=ORIENTED_EDGE('',*,*,#1187,.F.);
#1189=EDGE_LOOP('',(#1166,#1174,#1182,#1188));
#1190=FACE_BOUND('',#1189,.T.);
#1191=ADVANCED_FACE('',(#1190),#1165,.T.);
#1192=OVER_RIDING_STYLED_ITEM('',(#101),#1191,#54);
#1193=CARTESIAN_POINT('',(388.406788053,456.989249783,108.4));
#1194=DIRECTION('',(0.,0.,1.));
#1195=DIRECTION('',(-1.,0.,0.));
#1196=AXIS2_PLACEMENT_3D('',#1193,#1194,#1195);
#1197=CYLINDRICAL_SURFACE('',#1196,4.8);
#1198=ORIENTED_EDGE('',*,*,#1181,.F.);
#1199=CARTESIAN_POINT('',(383.606788053,456.989249783,107.2));
#1200=VERTEX_POINT('',#1199);
#1201=CARTESIAN_POINT('',(388.406788053,456.989249783,107.2));
#1202=DIRECTION('',(0.,0.,1.));
#1203=DIRECTION('',(-1.,0.,0.));
#1204=AXIS2_PLACEMENT_3D('',#1201,#1202,#1203);
#1205=CIRCLE('',#1204,4.8);
#1206=EDGE_CURVE('',#1168,#1200,#1205,.T.);
#1207=ORIENTED_EDGE('',*,*,#1206,.T.);
#1208=CARTESIAN_POINT('',(383.606788053,456.989249783,126.95));
#1209=VERTEX_POINT('',#1208);
#1210=CARTESIAN_POINT('',(383.606788053,456.989249783,107.2));
#1211=DIRECTION('',(0.,0.,1.));
#1212=VECTOR('',#1211,19.75);
#1213=LINE('',#1210,#1212);
#1214=EDGE_CURVE('',#1200,#1209,#1213,.T.);
#1215=ORIENTED_EDGE('',*,*,#1214,.T.);
#1216=CARTESIAN_POINT('',(388.406788053,456.989249783,126.95));
#1217=DIRECTION('',(0.,0.,1.));
#1218=DIRECTION('',(-1.,0.,0.));
#1219=AXIS2_PLACEMENT_3D('',#1216,#1217,#1218);
#1220=CIRCLE('',#1219,4.8);
#1221=EDGE_CURVE('',#1176,#1209,#1220,.T.);
#1222=ORIENTED_EDGE('',*,*,#1221,.F.);
#1223=EDGE_LOOP('',(#1198,#1207,#1215,#1222));
#1224=FACE_BOUND('',#1223,.T.);
#1225=ADVANCED_FACE('',(#1224),#1197,.T.);
#1226=OVER_RIDING_STYLED_ITEM('',(#101),#1225,#54);
#1227=CARTESIAN_POINT('',(383.606788053,452.114249783,108.4));
#1228=DIRECTION('',(-1.,0.,0.));
#1229=DIRECTION('',(0.,-0.,-1.));
#1230=AXIS2_PLACEMENT_3D('',#1227,#1228,#1229);
#1231=PLANE('',#1230);
#1232=ORIENTED_EDGE('',*,*,#1214,.F.);
#1233=CARTESIAN_POINT('',(383.606788053,447.239249783,107.2));
#1234=VERTEX_POINT('',#1233);
#1235=CARTESIAN_POINT('',(383.606788053,456.989249783,107.2));
#1236=DIRECTION('',(0.,-1.,0.));
#1237=VECTOR('',#1236,9.75);
#1238=LINE('',#1235,#1237);
#1239=EDGE_CURVE('',#1200,#1234,#1238,.T.);
#1240=ORIENTED_EDGE('',*,*,#1239,.T.);
#1241=CARTESIAN_POINT('',(383.606788053,447.239249783,126.95));
#1242=VERTEX_POINT('',#1241);
#1243=CARTESIAN_POINT('',(383.606788053,447.239249783,107.2));
#1244=DIRECTION('',(0.,0.,1.));
#1245=VECTOR('',#1244,19.75);
#1246=LINE('',#1243,#1245);
#1247=EDGE_CURVE('',#1234,#1242,#1246,.T.);
#1248=ORIENTED_EDGE('',*,*,#1247,.T.);
#1249=CARTESIAN_POINT('',(383.606788053,456.989249783,126.95));
#1250=DIRECTION('',(-0.,-1.,0.));
#1251=VECTOR('',#1250,9.75);
#1252=LINE('',#1249,#1251);
#1253=EDGE_CURVE('',#1209,#1242,#1252,.T.);
#1254=ORIENTED_EDGE('',*,*,#1253,.F.);
#1255=EDGE_LOOP('',(#1232,#1240,#1248,#1254));
#1256=FACE_BOUND('',#1255,.T.);
#1257=ADVANCED_FACE('',(#1256),#1231,.T.);
#1258=OVER_RIDING_STYLED_ITEM('',(#101),#1257,#54);
#1259=CARTESIAN_POINT('',(378.406788053,447.239249783,108.4));
#1260=DIRECTION('',(0.,0.,1.));
#1261=DIRECTION('',(-1.,0.,0.));
#1262=AXIS2_PLACEMENT_3D('',#1259,#1260,#1261);
#1263=CYLINDRICAL_SURFACE('',#1262,5.2);
#1264=ORIENTED_EDGE('',*,*,#1247,.F.);
#1265=CARTESIAN_POINT('',(378.406788053,442.039249783,107.2));
#1266=VERTEX_POINT('',#1265);
#1267=CARTESIAN_POINT('',(378.406788053,447.239249783,107.2));
#1268=DIRECTION('',(-0.,-0.,-1.));
#1269=DIRECTION('',(-1.,0.,0.));
#1270=AXIS2_PLACEMENT_3D('',#1267,#1268,#1269);
#1271=CIRCLE('',#1270,5.2);
#1272=EDGE_CURVE('',#1234,#1266,#1271,.T.);
#1273=ORIENTED_EDGE('',*,*,#1272,.T.);
#1274=CARTESIAN_POINT('',(378.406788053,442.039249783,126.95));
#1275=VERTEX_POINT('',#1274);
#1276=CARTESIAN_POINT('',(378.406788053,442.039249783,107.2));
#1277=DIRECTION('',(0.,0.,1.));
#1278=VECTOR('',#1277,19.75);
#1279=LINE('',#1276,#1278);
#1280=EDGE_CURVE('',#1266,#1275,#1279,.T.);
#1281=ORIENTED_EDGE('',*,*,#1280,.T.);
#1282=CARTESIAN_POINT('',(378.406788053,447.239249783,126.95));
#1283=DIRECTION('',(0.,0.,1.));
#1284=DIRECTION('',(1.,-0.,-0.));
#1285=AXIS2_PLACEMENT_3D('',#1282,#1283,#1284);
#1286=CIRCLE('',#1285,5.2);
#1287=EDGE_CURVE('',#1275,#1242,#1286,.T.);
#1288=ORIENTED_EDGE('',*,*,#1287,.T.);
#1289=EDGE_LOOP('',(#1264,#1273,#1281,#1288));
#1290=FACE_BOUND('',#1289,.T.);
#1291=ADVANCED_FACE('',(#1290),#1263,.F.);
#1292=OVER_RIDING_STYLED_ITEM('',(#101),#1291,#54);
#1293=CARTESIAN_POINT('',(369.056788053,442.039249783,108.4));
#1294=DIRECTION('',(0.,1.,-0.));
#1295=DIRECTION('',(0.,0.,1.));
#1296=AXIS2_PLACEMENT_3D('',#1293,#1294,#1295);
#1297=PLANE('',#1296);
#1298=ORIENTED_EDGE('',*,*,#1280,.F.);
#1299=CARTESIAN_POINT('',(359.706788053,442.039249783,107.2));
#1300=VERTEX_POINT('',#1299);
#1301=CARTESIAN_POINT('',(378.406788053,442.039249783,107.2));
#1302=DIRECTION('',(-1.,0.,0.));
#1303=VECTOR('',#1302,18.7);
#1304=LINE('',#1301,#1303);
#1305=EDGE_CURVE('',#1266,#1300,#1304,.T.);
#1306=ORIENTED_EDGE('',*,*,#1305,.T.);
#1307=CARTESIAN_POINT('',(359.706788053,442.039249783,126.95));
#1308=VERTEX_POINT('',#1307);
#1309=CARTESIAN_POINT('',(359.706788053,442.039249783,107.2));
#1310=DIRECTION('',(0.,0.,1.));
#1311=VECTOR('',#1310,19.75);
#1312=LINE('',#1309,#1311);
#1313=EDGE_CURVE('',#1300,#1308,#1312,.T.);
#1314=ORIENTED_EDGE('',*,*,#1313,.T.);
#1315=CARTESIAN_POINT('',(378.406788053,442.039249783,126.95));
#1316=DIRECTION('',(-1.,0.,0.));
#1317=VECTOR('',#1316,18.7);
#1318=LINE('',#1315,#1317);
#1319=EDGE_CURVE('',#1275,#1308,#1318,.T.);
#1320=ORIENTED_EDGE('',*,*,#1319,.F.);
#1321=EDGE_LOOP('',(#1298,#1306,#1314,#1320));
#1322=FACE_BOUND('',#1321,.T.);
#1323=ADVANCED_FACE('',(#1322),#1297,.T.);
#1324=OVER_RIDING_STYLED_ITEM('',(#101),#1323,#54);
#1325=CARTESIAN_POINT('',(359.706788053,447.239249783,108.4));
#1326=DIRECTION('',(0.,0.,1.));
#1327=DIRECTION('',(-1.,0.,0.));
#1328=AXIS2_PLACEMENT_3D('',#1325,#1326,#1327);
#1329=CYLINDRICAL_SURFACE('',#1328,5.2);
#1330=ORIENTED_EDGE('',*,*,#1313,.F.);
#1331=CARTESIAN_POINT('',(354.506788053,447.239249783,107.2));
#1332=VERTEX_POINT('',#1331);
#1333=CARTESIAN_POINT('',(359.706788053,447.239249783,107.2));
#1334=DIRECTION('',(-0.,-0.,-1.));
#1335=DIRECTION('',(-1.,0.,0.));
#1336=AXIS2_PLACEMENT_3D('',#1333,#1334,#1335);
#1337=CIRCLE('',#1336,5.2);
#1338=EDGE_CURVE('',#1300,#1332,#1337,.T.);
#1339=ORIENTED_EDGE('',*,*,#1338,.T.);
#1340=CARTESIAN_POINT('',(354.506788053,447.239249783,126.95));
#1341=VERTEX_POINT('',#1340);
#1342=CARTESIAN_POINT('',(354.506788053,447.239249783,107.2));
#1343=DIRECTION('',(0.,0.,1.));
#1344=VECTOR('',#1343,19.75);
#1345=LINE('',#1342,#1344);
#1346=EDGE_CURVE('',#1332,#1341,#1345,.T.);
#1347=ORIENTED_EDGE('',*,*,#1346,.T.);
#1348=CARTESIAN_POINT('',(359.706788053,447.239249783,126.95));
#1349=DIRECTION('',(0.,0.,1.));
#1350=DIRECTION('',(1.,-0.,-0.));
#1351=AXIS2_PLACEMENT_3D('',#1348,#1349,#1350);
#1352=CIRCLE('',#1351,5.2);
#1353=EDGE_CURVE('',#1341,#1308,#1352,.T.);
#1354=ORIENTED_EDGE('',*,*,#1353,.T.);
#1355=EDGE_LOOP('',(#1330,#1339,#1347,#1354));
#1356=FACE_BOUND('',#1355,.T.);
#1357=ADVANCED_FACE('',(#1356),#1329,.F.);
#1358=OVER_RIDING_STYLED_ITEM('',(#101),#1357,#54);
#1359=CARTESIAN_POINT('',(354.506788053,452.114249783,108.4));
#1360=DIRECTION('',(1.,-0.,0.));
#1361=DIRECTION('',(-0.,-1.,0.));
#1362=AXIS2_PLACEMENT_3D('',#1359,#1360,#1361);
#1363=PLANE('',#1362);
#1364=ORIENTED_EDGE('',*,*,#1346,.F.);
#1365=CARTESIAN_POINT('',(354.506788053,456.989249783,107.2));
#1366=VERTEX_POINT('',#1365);
#1367=CARTESIAN_POINT('',(354.506788053,447.239249783,107.2));
#1368=DIRECTION('',(0.,1.,-0.));
#1369=VECTOR('',#1368,9.75);
#1370=LINE('',#1367,#1369);
#1371=EDGE_CURVE('',#1332,#1366,#1370,.T.);
#1372=ORIENTED_EDGE('',*,*,#1371,.T.);
#1373=CARTESIAN_POINT('',(354.506788053,456.989249783,126.95));
#1374=VERTEX_POINT('',#1373);
#1375=CARTESIAN_POINT('',(354.506788053,456.989249783,107.2));
#1376=DIRECTION('',(0.,0.,1.));
#1377=VECTOR('',#1376,19.75);
#1378=LINE('',#1375,#1377);
#1379=EDGE_CURVE('',#1366,#1374,#1378,.T.);
#1380=ORIENTED_EDGE('',*,*,#1379,.T.);
#1381=CARTESIAN_POINT('',(354.506788053,447.239249783,126.95));
#1382=DIRECTION('',(0.,1.,0.));
#1383=VECTOR('',#1382,9.75);
#1384=LINE('',#1381,#1383);
#1385=EDGE_CURVE('',#1341,#1374,#1384,.T.);
#1386=ORIENTED_EDGE('',*,*,#1385,.F.);
#1387=EDGE_LOOP('',(#1364,#1372,#1380,#1386));
#1388=FACE_BOUND('',#1387,.T.);
#1389=ADVANCED_FACE('',(#1388),#1363,.T.);
#1390=OVER_RIDING_STYLED_ITEM('',(#101),#1389,#54);
#1391=CARTESIAN_POINT('',(349.706788053,456.989249783,108.4));
#1392=DIRECTION('',(0.,0.,1.));
#1393=DIRECTION('',(-1.,0.,0.));
#1394=AXIS2_PLACEMENT_3D('',#1391,#1392,#1393);
#1395=CYLINDRICAL_SURFACE('',#1394,4.8);
#1396=ORIENTED_EDGE('',*,*,#1379,.F.);
#1397=CARTESIAN_POINT('',(349.706788053,461.789249783,107.2));
#1398=VERTEX_POINT('',#1397);
#1399=CARTESIAN_POINT('',(349.706788053,456.989249783,107.2));
#1400=DIRECTION('',(0.,0.,1.));
#1401=DIRECTION('',(-1.,0.,0.));
#1402=AXIS2_PLACEMENT_3D('',#1399,#1400,#1401);
#1403=CIRCLE('',#1402,4.8);
#1404=EDGE_CURVE('',#1366,#1398,#1403,.T.);
#1405=ORIENTED_EDGE('',*,*,#1404,.T.);
#1406=CARTESIAN_POINT('',(349.706788053,461.789249783,126.95));
#1407=VERTEX_POINT('',#1406);
#1408=CARTESIAN_POINT('',(349.706788053,461.789249783,107.2));
#1409=DIRECTION('',(0.,0.,1.));
#1410=VECTOR('',#1409,19.75);
#1411=LINE('',#1408,#1410);
#1412=EDGE_CURVE('',#1398,#1407,#1411,.T.);
#1413=ORIENTED_EDGE('',*,*,#1412,.T.);
#1414=CARTESIAN_POINT('',(349.706788053,456.989249783,126.95));
#1415=DIRECTION('',(0.,0.,1.));
#1416=DIRECTION('',(-1.,0.,0.));
#1417=AXIS2_PLACEMENT_3D('',#1414,#1415,#1416);
#1418=CIRCLE('',#1417,4.8);
#1419=EDGE_CURVE('',#1374,#1407,#1418,.T.);
#1420=ORIENTED_EDGE('',*,*,#1419,.F.);
#1421=EDGE_LOOP('',(#1396,#1405,#1413,#1420));
#1422=FACE_BOUND('',#1421,.T.);
#1423=ADVANCED_FACE('',(#1422),#1395,.T.);
#1424=OVER_RIDING_STYLED_ITEM('',(#101),#1423,#54);
#1425=CARTESIAN_POINT('',(344.831788053,461.789249783,108.4));
#1426=DIRECTION('',(0.,1.,-0.));
#1427=DIRECTION('',(1.,-0.,0.));
#1428=AXIS2_PLACEMENT_3D('',#1425,#1426,#1427);
#1429=PLANE('',#1428);
#1430=ORIENTED_EDGE('',*,*,#1412,.F.);
#1431=CARTESIAN_POINT('',(339.956788053,461.789249783,107.2));
#1432=VERTEX_POINT('',#1431);
#1433=CARTESIAN_POINT('',(349.706788053,461.789249783,107.2));
#1434=DIRECTION('',(-1.,0.,-0.));
#1435=VECTOR('',#1434,9.75);
#1436=LINE('',#1433,#1435);
#1437=EDGE_CURVE('',#1398,#1432,#1436,.T.);
#1438=ORIENTED_EDGE('',*,*,#1437,.T.);
#1439=CARTESIAN_POINT('',(339.956788053,461.789249783,126.95));
#1440=VERTEX_POINT('',#1439);
#1441=CARTESIAN_POINT('',(339.956788053,461.789249783,107.2));
#1442=DIRECTION('',(0.,0.,1.));
#1443=VECTOR('',#1442,19.75);
#1444=LINE('',#1441,#1443);
#1445=EDGE_CURVE('',#1432,#1440,#1444,.T.);
#1446=ORIENTED_EDGE('',*,*,#1445,.T.);
#1447=CARTESIAN_POINT('',(349.706788053,461.789249783,126.95));
#1448=DIRECTION('',(-1.,0.,0.));
#1449=VECTOR('',#1448,9.75);
#1450=LINE('',#1447,#1449);
#1451=EDGE_CURVE('',#1407,#1440,#1450,.T.);
#1452=ORIENTED_EDGE('',*,*,#1451,.F.);
#1453=EDGE_LOOP('',(#1430,#1438,#1446,#1452));
#1454=FACE_BOUND('',#1453,.T.);
#1455=ADVANCED_FACE('',(#1454),#1429,.T.);
#1456=OVER_RIDING_STYLED_ITEM('',(#101),#1455,#54);
#1457=CARTESIAN_POINT('',(339.956788053,466.989249783,108.4));
#1458=DIRECTION('',(0.,0.,1.));
#1459=DIRECTION('',(-1.,0.,0.));
#1460=AXIS2_PLACEMENT_3D('',#1457,#1458,#1459);
#1461=CYLINDRICAL_SURFACE('',#1460,5.2);
#1462=ORIENTED_EDGE('',*,*,#1445,.F.);
#1463=CARTESIAN_POINT('',(334.756788053,466.989249783,107.2));
#1464=VERTEX_POINT('',#1463);
#1465=CARTESIAN_POINT('',(339.956788053,466.989249783,107.2));
#1466=DIRECTION('',(-0.,-0.,-1.));
#1467=DIRECTION('',(-1.,0.,0.));
#1468=AXIS2_PLACEMENT_3D('',#1465,#1466,#1467);
#1469=CIRCLE('',#1468,5.2);
#1470=EDGE_CURVE('',#1432,#1464,#1469,.T.);
#1471=ORIENTED_EDGE('',*,*,#1470,.T.);
#1472=CARTESIAN_POINT('',(334.756788053,466.989249783,126.95));
#1473=VERTEX_POINT('',#1472);
#1474=CARTESIAN_POINT('',(334.756788053,466.989249783,107.2));
#1475=DIRECTION('',(0.,0.,1.));
#1476=VECTOR('',#1475,19.75);
#1477=LINE('',#1474,#1476);
#1478=EDGE_CURVE('',#1464,#1473,#1477,.T.);
#1479=ORIENTED_EDGE('',*,*,#1478,.T.);
#1480=CARTESIAN_POINT('',(339.956788053,466.989249783,126.95));
#1481=DIRECTION('',(0.,0.,1.));
#1482=DIRECTION('',(1.,-0.,-0.));
#1483=AXIS2_PLACEMENT_3D('',#1480,#1481,#1482);
#1484=CIRCLE('',#1483,5.2);
#1485=EDGE_CURVE('',#1473,#1440,#1484,.T.);
#1486=ORIENTED_EDGE('',*,*,#1485,.T.);
#1487=EDGE_LOOP('',(#1462,#1471,#1479,#1486));
#1488=FACE_BOUND('',#1487,.T.);
#1489=ADVANCED_FACE('',(#1488),#1461,.F.);
#1490=OVER_RIDING_STYLED_ITEM('',(#101),#1489,#54);
#1491=CARTESIAN_POINT('',(334.756788053,476.339249783,108.4));
#1492=DIRECTION('',(1.,0.,0.));
#1493=DIRECTION('',(0.,0.,1.));
#1494=AXIS2_PLACEMENT_3D('',#1491,#1492,#1493);
#1495=PLANE('',#1494);
#1496=ORIENTED_EDGE('',*,*,#1478,.F.);
#1497=CARTESIAN_POINT('',(334.756788053,485.689249783,107.2));
#1498=VERTEX_POINT('',#1497);
#1499=CARTESIAN_POINT('',(334.756788053,466.989249783,107.2));
#1500=DIRECTION('',(0.,1.,-0.));
#1501=VECTOR('',#1500,18.7);
#1502=LINE('',#1499,#1501);
#1503=EDGE_CURVE('',#1464,#1498,#1502,.T.);
#1504=ORIENTED_EDGE('',*,*,#1503,.T.);
#1505=CARTESIAN_POINT('',(334.756788053,485.689249783,126.95));
#1506=VERTEX_POINT('',#1505);
#1507=CARTESIAN_POINT('',(334.756788053,485.689249783,107.2));
#1508=DIRECTION('',(0.,0.,1.));
#1509=VECTOR('',#1508,19.75);
#1510=LINE('',#1507,#1509);
#1511=EDGE_CURVE('',#1498,#1506,#1510,.T.);
#1512=ORIENTED_EDGE('',*,*,#1511,.T.);
#1513=CARTESIAN_POINT('',(334.756788053,466.989249783,126.95));
#1514=DIRECTION('',(-0.,1.,-0.));
#1515=VECTOR('',#1514,18.7);
#1516=LINE('',#1513,#1515);
#1517=EDGE_CURVE('',#1473,#1506,#1516,.T.);
#1518=ORIENTED_EDGE('',*,*,#1517,.F.);
#1519=EDGE_LOOP('',(#1496,#1504,#1512,#1518));
#1520=FACE_BOUND('',#1519,.T.);
#1521=ADVANCED_FACE('',(#1520),#1495,.T.);
#1522=OVER_RIDING_STYLED_ITEM('',(#101),#1521,#54);
#1523=CARTESIAN_POINT('',(339.956788053,485.689249783,108.4));
#1524=DIRECTION('',(0.,0.,1.));
#1525=DIRECTION('',(-1.,0.,0.));
#1526=AXIS2_PLACEMENT_3D('',#1523,#1524,#1525);
#1527=CYLINDRICAL_SURFACE('',#1526,5.2);
#1528=ORIENTED_EDGE('',*,*,#1511,.F.);
#1529=CARTESIAN_POINT('',(339.956788053,490.889249783,107.2));
#1530=VERTEX_POINT('',#1529);
#1531=CARTESIAN_POINT('',(339.956788053,485.689249783,107.2));
#1532=DIRECTION('',(-0.,-0.,-1.));
#1533=DIRECTION('',(-1.,0.,0.));
#1534=AXIS2_PLACEMENT_3D('',#1531,#1532,#1533);
#1535=CIRCLE('',#1534,5.2);
#1536=EDGE_CURVE('',#1498,#1530,#1535,.T.);
#1537=ORIENTED_EDGE('',*,*,#1536,.T.);
#1538=CARTESIAN_POINT('',(339.956788053,490.889249783,126.95));
#1539=VERTEX_POINT('',#1538);
#1540=CARTESIAN_POINT('',(339.956788053,490.889249783,107.2));
#1541=DIRECTION('',(0.,0.,1.));
#1542=VECTOR('',#1541,19.75);
#1543=LINE('',#1540,#1542);
#1544=EDGE_CURVE('',#1530,#1539,#1543,.T.);
#1545=ORIENTED_EDGE('',*,*,#1544,.T.);
#1546=CARTESIAN_POINT('',(339.956788053,485.689249783,126.95));
#1547=DIRECTION('',(0.,0.,1.));
#1548=DIRECTION('',(1.,-0.,-0.));
#1549=AXIS2_PLACEMENT_3D('',#1546,#1547,#1548);
#1550=CIRCLE('',#1549,5.2);
#1551=EDGE_CURVE('',#1539,#1506,#1550,.T.);
#1552=ORIENTED_EDGE('',*,*,#1551,.T.);
#1553=EDGE_LOOP('',(#1528,#1537,#1545,#1552));
#1554=FACE_BOUND('',#1553,.T.);
#1555=ADVANCED_FACE('',(#1554),#1527,.F.);
#1556=OVER_RIDING_STYLED_ITEM('',(#101),#1555,#54);
#1557=CARTESIAN_POINT('',(344.831788053,490.889249783,108.4));
#1558=DIRECTION('',(0.,-1.,0.));
#1559=DIRECTION('',(0.,-0.,-1.));
#1560=AXIS2_PLACEMENT_3D('',#1557,#1558,#1559);
#1561=PLANE('',#1560);
#1562=ORIENTED_EDGE('',*,*,#1544,.F.);
#1563=CARTESIAN_POINT('',(349.706788053,490.889249783,107.2));
#1564=VERTEX_POINT('',#1563);
#1565=CARTESIAN_POINT('',(339.956788053,490.889249783,107.2));
#1566=DIRECTION('',(1.,0.,-0.));
#1567=VECTOR('',#1566,9.75);
#1568=LINE('',#1565,#1567);
#1569=EDGE_CURVE('',#1530,#1564,#1568,.T.);
#1570=ORIENTED_EDGE('',*,*,#1569,.T.);
#1571=CARTESIAN_POINT('',(349.706788053,490.889249783,126.95));
#1572=VERTEX_POINT('',#1571);
#1573=CARTESIAN_POINT('',(349.706788053,490.889249783,107.2));
#1574=DIRECTION('',(0.,0.,1.));
#1575=VECTOR('',#1574,19.75);
#1576=LINE('',#1573,#1575);
#1577=EDGE_CURVE('',#1564,#1572,#1576,.T.);
#1578=ORIENTED_EDGE('',*,*,#1577,.T.);
#1579=CARTESIAN_POINT('',(339.956788053,490.889249783,126.95));
#1580=DIRECTION('',(1.,0.,0.));
#1581=VECTOR('',#1580,9.75);
#1582=LINE('',#1579,#1581);
#1583=EDGE_CURVE('',#1539,#1572,#1582,.T.);
#1584=ORIENTED_EDGE('',*,*,#1583,.F.);
#1585=EDGE_LOOP('',(#1562,#1570,#1578,#1584));
#1586=FACE_BOUND('',#1585,.T.);
#1587=ADVANCED_FACE('',(#1586),#1561,.T.);
#1588=OVER_RIDING_STYLED_ITEM('',(#101),#1587,#54);
#1589=CARTESIAN_POINT('',(349.706788053,495.689249783,108.4));
#1590=DIRECTION('',(0.,0.,1.));
#1591=DIRECTION('',(-1.,0.,0.));
#1592=AXIS2_PLACEMENT_3D('',#1589,#1590,#1591);
#1593=CYLINDRICAL_SURFACE('',#1592,4.8);
#1594=ORIENTED_EDGE('',*,*,#1577,.F.);
#1595=CARTESIAN_POINT('',(354.506788053,495.689249783,107.2));
#1596=VERTEX_POINT('',#1595);
#1597=CARTESIAN_POINT('',(349.706788053,495.689249783,107.2));
#1598=DIRECTION('',(0.,0.,1.));
#1599=DIRECTION('',(-1.,0.,0.));
#1600=AXIS2_PLACEMENT_3D('',#1597,#1598,#1599);
#1601=CIRCLE('',#1600,4.8);
#1602=EDGE_CURVE('',#1564,#1596,#1601,.T.);
#1603=ORIENTED_EDGE('',*,*,#1602,.T.);
#1604=CARTESIAN_POINT('',(354.506788053,495.689249783,126.95));
#1605=VERTEX_POINT('',#1604);
#1606=CARTESIAN_POINT('',(354.506788053,495.689249783,107.2));
#1607=DIRECTION('',(0.,0.,1.));
#1608=VECTOR('',#1607,19.75);
#1609=LINE('',#1606,#1608);
#1610=EDGE_CURVE('',#1596,#1605,#1609,.T.);
#1611=ORIENTED_EDGE('',*,*,#1610,.T.);
#1612=CARTESIAN_POINT('',(349.706788053,495.689249783,126.95));
#1613=DIRECTION('',(0.,0.,1.));
#1614=DIRECTION('',(-1.,0.,0.));
#1615=AXIS2_PLACEMENT_3D('',#1612,#1613,#1614);
#1616=CIRCLE('',#1615,4.8);
#1617=EDGE_CURVE('',#1572,#1605,#1616,.T.);
#1618=ORIENTED_EDGE('',*,*,#1617,.F.);
#1619=EDGE_LOOP('',(#1594,#1603,#1611,#1618));
#1620=FACE_BOUND('',#1619,.T.);
#1621=ADVANCED_FACE('',(#1620),#1593,.T.);
#1622=OVER_RIDING_STYLED_ITEM('',(#101),#1621,#54);
#1623=CARTESIAN_POINT('',(354.506788053,500.564249783,108.4));
#1624=DIRECTION('',(1.,-0.,0.));
#1625=DIRECTION('',(-0.,-1.,0.));
#1626=AXIS2_PLACEMENT_3D('',#1623,#1624,#1625);
#1627=PLANE('',#1626);
#1628=ORIENTED_EDGE('',*,*,#1610,.F.);
#1629=CARTESIAN_POINT('',(354.506788053,495.689249783,107.2));
#1630=DIRECTION('',(0.,1.,-0.));
#1631=VECTOR('',#1630,9.75);
#1632=LINE('',#1629,#1631);
#1633=EDGE_CURVE('',#1596,#860,#1632,.T.);
#1634=ORIENTED_EDGE('',*,*,#1633,.T.);
#1635=ORIENTED_EDGE('',*,*,#867,.T.);
#1636=CARTESIAN_POINT('',(354.506788053,495.689249783,126.95));
#1637=DIRECTION('',(0.,1.,0.));
#1638=VECTOR('',#1637,9.75);
#1639=LINE('',#1636,#1638);
#1640=EDGE_CURVE('',#1605,#862,#1639,.T.);
#1641=ORIENTED_EDGE('',*,*,#1640,.F.);
#1642=EDGE_LOOP('',(#1628,#1634,#1635,#1641));
#1643=FACE_BOUND('',#1642,.T.);
#1644=ADVANCED_FACE('',(#1643),#1627,.T.);
#1645=OVER_RIDING_STYLED_ITEM('',(#101),#1644,#54);
#1646=CARTESIAN_POINT('',(369.056788053,476.339249783,106.5));
#1647=DIRECTION('',(0.,0.,1.));
#1648=DIRECTION('',(0.,1.,-0.));
#1649=AXIS2_PLACEMENT_3D('',#1646,#1647,#1648);
#1650=PLANE('',#1649);
#1651=CARTESIAN_POINT('',(388.406788053,491.589249783,106.5));
#1652=VERTEX_POINT('',#1651);
#1653=CARTESIAN_POINT('',(384.306788053,495.689249783,106.5));
#1654=VERTEX_POINT('',#1653);
#1655=CARTESIAN_POINT('',(388.406788053,495.689249783,106.5));
#1656=DIRECTION('',(-0.,-0.,-1.));
#1657=DIRECTION('',(-1.,0.,0.));
#1658=AXIS2_PLACEMENT_3D('',#1655,#1656,#1657);
#1659=CIRCLE('',#1658,4.1);
#1660=EDGE_CURVE('',#1652,#1654,#1659,.T.);
#1661=ORIENTED_EDGE('',*,*,#1660,.T.);
#1662=CARTESIAN_POINT('',(384.306788053,505.439249783,106.5));
#1663=VERTEX_POINT('',#1662);
#1664=CARTESIAN_POINT('',(384.306788053,495.689249783,106.5));
#1665=DIRECTION('',(-0.,1.,-0.));
#1666=VECTOR('',#1665,9.75);
#1667=LINE('',#1664,#1666);
#1668=EDGE_CURVE('',#1654,#1663,#1667,.T.);
#1669=ORIENTED_EDGE('',*,*,#1668,.T.);
#1670=CARTESIAN_POINT('',(378.406788053,511.339249783,106.5));
#1671=VERTEX_POINT('',#1670);
#1672=CARTESIAN_POINT('',(378.406788053,505.439249783,106.5));
#1673=DIRECTION('',(0.,0.,1.));
#1674=DIRECTION('',(-1.,0.,0.));
#1675=AXIS2_PLACEMENT_3D('',#1672,#1673,#1674);
#1676=CIRCLE('',#1675,5.9);
#1677=EDGE_CURVE('',#1663,#1671,#1676,.T.);
#1678=ORIENTED_EDGE('',*,*,#1677,.T.);
#1679=CARTESIAN_POINT('',(359.706788053,511.339249783,106.5));
#1680=VERTEX_POINT('',#1679);
#1681=CARTESIAN_POINT('',(378.406788053,511.339249783,106.5));
#1682=DIRECTION('',(-1.,-0.,0.));
#1683=VECTOR('',#1682,18.7);
#1684=LINE('',#1681,#1683);
#1685=EDGE_CURVE('',#1671,#1680,#1684,.T.);
#1686=ORIENTED_EDGE('',*,*,#1685,.T.);
#1687=CARTESIAN_POINT('',(353.806788053,505.439249783,106.5));
#1688=VERTEX_POINT('',#1687);
#1689=CARTESIAN_POINT('',(359.706788053,505.439249783,106.5));
#1690=DIRECTION('',(0.,0.,1.));
#1691=DIRECTION('',(-1.,0.,0.));
#1692=AXIS2_PLACEMENT_3D('',#1689,#1690,#1691);
#1693=CIRCLE('',#1692,5.9);
#1694=EDGE_CURVE('',#1680,#1688,#1693,.T.);
#1695=ORIENTED_EDGE('',*,*,#1694,.T.);
#1696=CARTESIAN_POINT('',(353.806788053,495.689249783,106.5));
#1697=VERTEX_POINT('',#1696);
#1698=CARTESIAN_POINT('',(353.806788053,505.439249783,106.5));
#1699=DIRECTION('',(-0.,-1.,0.));
#1700=VECTOR('',#1699,9.75);
#1701=LINE('',#1698,#1700);
#1702=EDGE_CURVE('',#1688,#1697,#1701,.T.);
#1703=ORIENTED_EDGE('',*,*,#1702,.T.);
#1704=CARTESIAN_POINT('',(349.706788053,491.589249783,106.5));
#1705=VERTEX_POINT('',#1704);
#1706=CARTESIAN_POINT('',(349.706788053,495.689249783,106.5));
#1707=DIRECTION('',(-0.,-0.,-1.));
#1708=DIRECTION('',(-1.,0.,0.));
#1709=AXIS2_PLACEMENT_3D('',#1706,#1707,#1708);
#1710=CIRCLE('',#1709,4.1);
#1711=EDGE_CURVE('',#1697,#1705,#1710,.T.);
#1712=ORIENTED_EDGE('',*,*,#1711,.T.);
#1713=CARTESIAN_POINT('',(339.956788053,491.589249783,106.5));
#1714=VERTEX_POINT('',#1713);
#1715=CARTESIAN_POINT('',(349.706788053,491.589249783,106.5));
#1716=DIRECTION('',(-1.,-0.,0.));
#1717=VECTOR('',#1716,9.75);
#1718=LINE('',#1715,#1717);
#1719=EDGE_CURVE('',#1705,#1714,#1718,.T.);
#1720=ORIENTED_EDGE('',*,*,#1719,.T.);
#1721=CARTESIAN_POINT('',(334.056788053,485.689249783,106.5));
#1722=VERTEX_POINT('',#1721);
#1723=CARTESIAN_POINT('',(339.956788053,485.689249783,106.5));
#1724=DIRECTION('',(0.,0.,1.));
#1725=DIRECTION('',(-1.,0.,0.));
#1726=AXIS2_PLACEMENT_3D('',#1723,#1724,#1725);
#1727=CIRCLE('',#1726,5.9);
#1728=EDGE_CURVE('',#1714,#1722,#1727,.T.);
#1729=ORIENTED_EDGE('',*,*,#1728,.T.);
#1730=CARTESIAN_POINT('',(334.056788053,466.989249783,106.5));
#1731=VERTEX_POINT('',#1730);
#1732=CARTESIAN_POINT('',(334.056788053,485.689249783,106.5));
#1733=DIRECTION('',(-0.,-1.,0.));
#1734=VECTOR('',#1733,18.7);
#1735=LINE('',#1732,#1734);
#1736=EDGE_CURVE('',#1722,#1731,#1735,.T.);
#1737=ORIENTED_EDGE('',*,*,#1736,.T.);
#1738=CARTESIAN_POINT('',(339.956788053,461.089249783,106.5));
#1739=VERTEX_POINT('',#1738);
#1740=CARTESIAN_POINT('',(339.956788053,466.989249783,106.5));
#1741=DIRECTION('',(0.,0.,1.));
#1742=DIRECTION('',(-1.,0.,0.));
#1743=AXIS2_PLACEMENT_3D('',#1740,#1741,#1742);
#1744=CIRCLE('',#1743,5.9);
#1745=EDGE_CURVE('',#1731,#1739,#1744,.T.);
#1746=ORIENTED_EDGE('',*,*,#1745,.T.);
#1747=CARTESIAN_POINT('',(349.706788053,461.089249783,106.5));
#1748=VERTEX_POINT('',#1747);
#1749=CARTESIAN_POINT('',(339.956788053,461.089249783,106.5));
#1750=DIRECTION('',(1.,-0.,0.));
#1751=VECTOR('',#1750,9.75);
#1752=LINE('',#1749,#1751);
#1753=EDGE_CURVE('',#1739,#1748,#1752,.T.);
#1754=ORIENTED_EDGE('',*,*,#1753,.T.);
#1755=CARTESIAN_POINT('',(353.806788053,456.989249783,106.5));
#1756=VERTEX_POINT('',#1755);
#1757=CARTESIAN_POINT('',(349.706788053,456.989249783,106.5));
#1758=DIRECTION('',(-0.,-0.,-1.));
#1759=DIRECTION('',(-1.,0.,0.));
#1760=AXIS2_PLACEMENT_3D('',#1757,#1758,#1759);
#1761=CIRCLE('',#1760,4.1);
#1762=EDGE_CURVE('',#1748,#1756,#1761,.T.);
#1763=ORIENTED_EDGE('',*,*,#1762,.T.);
#1764=CARTESIAN_POINT('',(353.806788053,447.239249783,106.5));
#1765=VERTEX_POINT('',#1764);
#1766=CARTESIAN_POINT('',(353.806788053,456.989249783,106.5));
#1767=DIRECTION('',(-0.,-1.,0.));
#1768=VECTOR('',#1767,9.75);
#1769=LINE('',#1766,#1768);
#1770=EDGE_CURVE('',#1756,#1765,#1769,.T.);
#1771=ORIENTED_EDGE('',*,*,#1770,.T.);
#1772=CARTESIAN_POINT('',(359.706788053,441.339249783,106.5));
#1773=VERTEX_POINT('',#1772);
#1774=CARTESIAN_POINT('',(359.706788053,447.239249783,106.5));
#1775=DIRECTION('',(0.,0.,1.));
#1776=DIRECTION('',(-1.,0.,0.));
#1777=AXIS2_PLACEMENT_3D('',#1774,#1775,#1776);
#1778=CIRCLE('',#1777,5.9);
#1779=EDGE_CURVE('',#1765,#1773,#1778,.T.);
#1780=ORIENTED_EDGE('',*,*,#1779,.T.);
#1781=CARTESIAN_POINT('',(378.406788053,441.339249783,106.5));
#1782=VERTEX_POINT('',#1781);
#1783=CARTESIAN_POINT('',(359.706788053,441.339249783,106.5));
#1784=DIRECTION('',(1.,-0.,-0.));
#1785=VECTOR('',#1784,18.7);
#1786=LINE('',#1783,#1785);
#1787=EDGE_CURVE('',#1773,#1782,#1786,.T.);
#1788=ORIENTED_EDGE('',*,*,#1787,.T.);
#1789=CARTESIAN_POINT('',(384.306788053,447.239249783,106.5));
#1790=VERTEX_POINT('',#1789);
#1791=CARTESIAN_POINT('',(378.406788053,447.239249783,106.5));
#1792=DIRECTION('',(0.,0.,1.));
#1793=DIRECTION('',(-1.,0.,0.));
#1794=AXIS2_PLACEMENT_3D('',#1791,#1792,#1793);
#1795=CIRCLE('',#1794,5.9);
#1796=EDGE_CURVE('',#1782,#1790,#1795,.T.);
#1797=ORIENTED_EDGE('',*,*,#1796,.T.);
#1798=CARTESIAN_POINT('',(384.306788053,456.989249783,106.5));
#1799=VERTEX_POINT('',#1798);
#1800=CARTESIAN_POINT('',(384.306788053,447.239249783,106.5));
#1801=DIRECTION('',(-0.,1.,-0.));
#1802=VECTOR('',#1801,9.75);
#1803=LINE('',#1800,#1802);
#1804=EDGE_CURVE('',#1790,#1799,#1803,.T.);
#1805=ORIENTED_EDGE('',*,*,#1804,.T.);
#1806=CARTESIAN_POINT('',(388.406788053,461.089249783,106.5));
#1807=VERTEX_POINT('',#1806);
#1808=CARTESIAN_POINT('',(388.406788053,456.989249783,106.5));
#1809=DIRECTION('',(-0.,-0.,-1.));
#1810=DIRECTION('',(-1.,0.,0.));
#1811=AXIS2_PLACEMENT_3D('',#1808,#1809,#1810);
#1812=CIRCLE('',#1811,4.1);
#1813=EDGE_CURVE('',#1799,#1807,#1812,.T.);
#1814=ORIENTED_EDGE('',*,*,#1813,.T.);
#1815=CARTESIAN_POINT('',(398.156788053,461.089249783,106.5));
#1816=VERTEX_POINT('',#1815);
#1817=CARTESIAN_POINT('',(388.406788053,461.089249783,106.5));
#1818=DIRECTION('',(1.,-0.,0.));
#1819=VECTOR('',#1818,9.75);
#1820=LINE('',#1817,#1819);
#1821=EDGE_CURVE('',#1807,#1816,#1820,.T.);
#1822=ORIENTED_EDGE('',*,*,#1821,.T.);
#1823=CARTESIAN_POINT('',(404.056788053,466.989249783,106.5));
#1824=VERTEX_POINT('',#1823);
#1825=CARTESIAN_POINT('',(398.156788053,466.989249783,106.5));
#1826=DIRECTION('',(0.,0.,1.));
#1827=DIRECTION('',(-1.,0.,0.));
#1828=AXIS2_PLACEMENT_3D('',#1825,#1826,#1827);
#1829=CIRCLE('',#1828,5.9);
#1830=EDGE_CURVE('',#1816,#1824,#1829,.T.);
#1831=ORIENTED_EDGE('',*,*,#1830,.T.);
#1832=CARTESIAN_POINT('',(404.056788053,485.689249783,106.5));
#1833=VERTEX_POINT('',#1832);
#1834=CARTESIAN_POINT('',(404.056788053,466.989249783,106.5));
#1835=DIRECTION('',(-0.,1.,-0.));
#1836=VECTOR('',#1835,18.7);
#1837=LINE('',#1834,#1836);
#1838=EDGE_CURVE('',#1824,#1833,#1837,.T.);
#1839=ORIENTED_EDGE('',*,*,#1838,.T.);
#1840=CARTESIAN_POINT('',(398.156788053,491.589249783,106.5));
#1841=VERTEX_POINT('',#1840);
#1842=CARTESIAN_POINT('',(398.156788053,485.689249783,106.5));
#1843=DIRECTION('',(0.,0.,1.));
#1844=DIRECTION('',(-1.,0.,0.));
#1845=AXIS2_PLACEMENT_3D('',#1842,#1843,#1844);
#1846=CIRCLE('',#1845,5.9);
#1847=EDGE_CURVE('',#1833,#1841,#1846,.T.);
#1848=ORIENTED_EDGE('',*,*,#1847,.T.);
#1849=CARTESIAN_POINT('',(398.156788053,491.589249783,106.5));
#1850=DIRECTION('',(-1.,-0.,0.));
#1851=VECTOR('',#1850,9.75);
#1852=LINE('',#1849,#1851);
#1853=EDGE_CURVE('',#1841,#1652,#1852,.T.);
#1854=ORIENTED_EDGE('',*,*,#1853,.T.);
#1855=EDGE_LOOP('',(#1661,#1669,#1678,#1686,#1695,#1703,#1712,#1720,#1729,#1737,#1746,#1754,#1763,#1771,#1780,#1788,#1797,#1805,#1814,#1822,#1831,#1839,#1848,#1854));
#1856=FACE_BOUND('',#1855,.T.);
#1857=CARTESIAN_POINT('',(378.406788053,440.939249783,106.5));
#1858=VERTEX_POINT('',#1857);
#1859=CARTESIAN_POINT('',(359.706788053,440.939249783,106.5));
#1860=VERTEX_POINT('',#1859);
#1861=CARTESIAN_POINT('',(378.406788053,440.939249783,106.5));
#1862=DIRECTION('',(-1.,0.,0.));
#1863=VECTOR('',#1862,18.7);
#1864=LINE('',#1861,#1863);
#1865=EDGE_CURVE('',#1858,#1860,#1864,.T.);
#1866=ORIENTED_EDGE('',*,*,#1865,.T.);
#1867=CARTESIAN_POINT('',(353.406788053,447.239249783,106.5));
#1868=VERTEX_POINT('',#1867);
#1869=CARTESIAN_POINT('',(359.706788053,447.239249783,106.5));
#1870=DIRECTION('',(-0.,-0.,-1.));
#1871=DIRECTION('',(-1.,0.,0.));
#1872=AXIS2_PLACEMENT_3D('',#1869,#1870,#1871);
#1873=CIRCLE('',#1872,6.3);
#1874=EDGE_CURVE('',#1860,#1868,#1873,.T.);
#1875=ORIENTED_EDGE('',*,*,#1874,.T.);
#1876=CARTESIAN_POINT('',(353.406788053,456.989249783,106.5));
#1877=VERTEX_POINT('',#1876);
#1878=CARTESIAN_POINT('',(353.406788053,447.239249783,106.5));
#1879=DIRECTION('',(0.,1.,-0.));
#1880=VECTOR('',#1879,9.75);
#1881=LINE('',#1878,#1880);
#1882=EDGE_CURVE('',#1868,#1877,#1881,.T.);
#1883=ORIENTED_EDGE('',*,*,#1882,.T.);
#1884=CARTESIAN_POINT('',(349.706788053,460.689249783,106.5));
#1885=VERTEX_POINT('',#1884);
#1886=CARTESIAN_POINT('',(349.706788053,456.989249783,106.5));
#1887=DIRECTION('',(0.,0.,1.));
#1888=DIRECTION('',(-1.,0.,0.));
#1889=AXIS2_PLACEMENT_3D('',#1886,#1887,#1888);
#1890=CIRCLE('',#1889,3.7);
#1891=EDGE_CURVE('',#1877,#1885,#1890,.T.);
#1892=ORIENTED_EDGE('',*,*,#1891,.T.);
#1893=CARTESIAN_POINT('',(339.956788053,460.689249783,106.5));
#1894=VERTEX_POINT('',#1893);
#1895=CARTESIAN_POINT('',(349.706788053,460.689249783,106.5));
#1896=DIRECTION('',(-1.,0.,-0.));
#1897=VECTOR('',#1896,9.75);
#1898=LINE('',#1895,#1897);
#1899=EDGE_CURVE('',#1885,#1894,#1898,.T.);
#1900=ORIENTED_EDGE('',*,*,#1899,.T.);
#1901=CARTESIAN_POINT('',(333.656788053,466.989249783,106.5));
#1902=VERTEX_POINT('',#1901);
#1903=CARTESIAN_POINT('',(339.956788053,466.989249783,106.5));
#1904=DIRECTION('',(-0.,-0.,-1.));
#1905=DIRECTION('',(-1.,0.,0.));
#1906=AXIS2_PLACEMENT_3D('',#1903,#1904,#1905);
#1907=CIRCLE('',#1906,6.3);
#1908=EDGE_CURVE('',#1894,#1902,#1907,.T.);
#1909=ORIENTED_EDGE('',*,*,#1908,.T.);
#1910=CARTESIAN_POINT('',(333.656788053,485.689249783,106.5));
#1911=VERTEX_POINT('',#1910);
#1912=CARTESIAN_POINT('',(333.656788053,466.989249783,106.5));
#1913=DIRECTION('',(0.,1.,-0.));
#1914=VECTOR('',#1913,18.7);
#1915=LINE('',#1912,#1914);
#1916=EDGE_CURVE('',#1902,#1911,#1915,.T.);
#1917=ORIENTED_EDGE('',*,*,#1916,.T.);
#1918=CARTESIAN_POINT('',(339.956788053,491.989249783,106.5));
#1919=VERTEX_POINT('',#1918);
#1920=CARTESIAN_POINT('',(339.956788053,485.689249783,106.5));
#1921=DIRECTION('',(-0.,-0.,-1.));
#1922=DIRECTION('',(-1.,0.,0.));
#1923=AXIS2_PLACEMENT_3D('',#1920,#1921,#1922);
#1924=CIRCLE('',#1923,6.3);
#1925=EDGE_CURVE('',#1911,#1919,#1924,.T.);
#1926=ORIENTED_EDGE('',*,*,#1925,.T.);
#1927=CARTESIAN_POINT('',(349.706788053,491.989249783,106.5));
#1928=VERTEX_POINT('',#1927);
#1929=CARTESIAN_POINT('',(339.956788053,491.989249783,106.5));
#1930=DIRECTION('',(1.,0.,-0.));
#1931=VECTOR('',#1930,9.75);
#1932=LINE('',#1929,#1931);
#1933=EDGE_CURVE('',#1919,#1928,#1932,.T.);
#1934=ORIENTED_EDGE('',*,*,#1933,.T.);
#1935=CARTESIAN_POINT('',(353.406788053,495.689249783,106.5));
#1936=VERTEX_POINT('',#1935);
#1937=CARTESIAN_POINT('',(349.706788053,495.689249783,106.5));
#1938=DIRECTION('',(0.,0.,1.));
#1939=DIRECTION('',(-1.,0.,0.));
#1940=AXIS2_PLACEMENT_3D('',#1937,#1938,#1939);
#1941=CIRCLE('',#1940,3.7);
#1942=EDGE_CURVE('',#1928,#1936,#1941,.T.);
#1943=ORIENTED_EDGE('',*,*,#1942,.T.);
#1944=CARTESIAN_POINT('',(353.406788053,505.439249783,106.5));
#1945=VERTEX_POINT('',#1944);
#1946=CARTESIAN_POINT('',(353.406788053,495.689249783,106.5));
#1947=DIRECTION('',(0.,1.,-0.));
#1948=VECTOR('',#1947,9.75);
#1949=LINE('',#1946,#1948);
#1950=EDGE_CURVE('',#1936,#1945,#1949,.T.);
#1951=ORIENTED_EDGE('',*,*,#1950,.T.);
#1952=CARTESIAN_POINT('',(359.706788053,511.739249783,106.5));
#1953=VERTEX_POINT('',#1952);
#1954=CARTESIAN_POINT('',(359.706788053,505.439249783,106.5));
#1955=DIRECTION('',(-0.,-0.,-1.));
#1956=DIRECTION('',(-1.,0.,0.));
#1957=AXIS2_PLACEMENT_3D('',#1954,#1955,#1956);
#1958=CIRCLE('',#1957,6.3);
#1959=EDGE_CURVE('',#1945,#1953,#1958,.T.);
#1960=ORIENTED_EDGE('',*,*,#1959,.T.);
#1961=CARTESIAN_POINT('',(378.406788053,511.739249783,106.5));
#1962=VERTEX_POINT('',#1961);
#1963=CARTESIAN_POINT('',(359.706788053,511.739249783,106.5));
#1964=DIRECTION('',(1.,0.,-0.));
#1965=VECTOR('',#1964,18.7);
#1966=LINE('',#1963,#1965);
#1967=EDGE_CURVE('',#1953,#1962,#1966,.T.);
#1968=ORIENTED_EDGE('',*,*,#1967,.T.);
#1969=CARTESIAN_POINT('',(384.706788053,505.439249783,106.5));
#1970=VERTEX_POINT('',#1969);
#1971=CARTESIAN_POINT('',(378.406788053,505.439249783,106.5));
#1972=DIRECTION('',(-0.,-0.,-1.));
#1973=DIRECTION('',(-1.,0.,0.));
#1974=AXIS2_PLACEMENT_3D('',#1971,#1972,#1973);
#1975=CIRCLE('',#1974,6.3);
#1976=EDGE_CURVE('',#1962,#1970,#1975,.T.);
#1977=ORIENTED_EDGE('',*,*,#1976,.T.);
#1978=CARTESIAN_POINT('',(384.706788053,495.689249783,106.5));
#1979=VERTEX_POINT('',#1978);
#1980=CARTESIAN_POINT('',(384.706788053,505.439249783,106.5));
#1981=DIRECTION('',(0.,-1.,0.));
#1982=VECTOR('',#1981,9.75);
#1983=LINE('',#1980,#1982);
#1984=EDGE_CURVE('',#1970,#1979,#1983,.T.);
#1985=ORIENTED_EDGE('',*,*,#1984,.T.);
#1986=CARTESIAN_POINT('',(388.406788053,491.989249783,106.5));
#1987=VERTEX_POINT('',#1986);
#1988=CARTESIAN_POINT('',(388.406788053,495.689249783,106.5));
#1989=DIRECTION('',(0.,0.,1.));
#1990=DIRECTION('',(-1.,0.,0.));
#1991=AXIS2_PLACEMENT_3D('',#1988,#1989,#1990);
#1992=CIRCLE('',#1991,3.7);
#1993=EDGE_CURVE('',#1979,#1987,#1992,.T.);
#1994=ORIENTED_EDGE('',*,*,#1993,.T.);
#1995=CARTESIAN_POINT('',(398.156788053,491.989249783,106.5));
#1996=VERTEX_POINT('',#1995);
#1997=CARTESIAN_POINT('',(388.406788053,491.989249783,106.5));
#1998=DIRECTION('',(1.,0.,-0.));
#1999=VECTOR('',#1998,9.75);
#2000=LINE('',#1997,#1999);
#2001=EDGE_CURVE('',#1987,#1996,#2000,.T.);
#2002=ORIENTED_EDGE('',*,*,#2001,.T.);
#2003=CARTESIAN_POINT('',(404.456788053,485.689249783,106.5));
#2004=VERTEX_POINT('',#2003);
#2005=CARTESIAN_POINT('',(398.156788053,485.689249783,106.5));
#2006=DIRECTION('',(-0.,-0.,-1.));
#2007=DIRECTION('',(-1.,0.,0.));
#2008=AXIS2_PLACEMENT_3D('',#2005,#2006,#2007);
#2009=CIRCLE('',#2008,6.3);
#2010=EDGE_CURVE('',#1996,#2004,#2009,.T.);
#2011=ORIENTED_EDGE('',*,*,#2010,.T.);
#2012=CARTESIAN_POINT('',(404.456788053,466.989249783,106.5));
#2013=VERTEX_POINT('',#2012);
#2014=CARTESIAN_POINT('',(404.456788053,485.689249783,106.5));
#2015=DIRECTION('',(0.,-1.,0.));
#2016=VECTOR('',#2015,18.7);
#2017=LINE('',#2014,#2016);
#2018=EDGE_CURVE('',#2004,#2013,#2017,.T.);
#2019=ORIENTED_EDGE('',*,*,#2018,.T.);
#2020=CARTESIAN_POINT('',(398.156788053,460.689249783,106.5));
#2021=VERTEX_POINT('',#2020);
#2022=CARTESIAN_POINT('',(398.156788053,466.989249783,106.5));
#2023=DIRECTION('',(-0.,-0.,-1.));
#2024=DIRECTION('',(-1.,0.,0.));
#2025=AXIS2_PLACEMENT_3D('',#2022,#2023,#2024);
#2026=CIRCLE('',#2025,6.3);
#2027=EDGE_CURVE('',#2013,#2021,#2026,.T.);
#2028=ORIENTED_EDGE('',*,*,#2027,.T.);
#2029=CARTESIAN_POINT('',(388.406788053,460.689249783,106.5));
#2030=VERTEX_POINT('',#2029);
#2031=CARTESIAN_POINT('',(398.156788053,460.689249783,106.5));
#2032=DIRECTION('',(-1.,0.,0.));
#2033=VECTOR('',#2032,9.75);
#2034=LINE('',#2031,#2033);
#2035=EDGE_CURVE('',#2021,#2030,#2034,.T.);
#2036=ORIENTED_EDGE('',*,*,#2035,.T.);
#2037=CARTESIAN_POINT('',(384.706788053,456.989249783,106.5));
#2038=VERTEX_POINT('',#2037);
#2039=CARTESIAN_POINT('',(388.406788053,456.989249783,106.5));
#2040=DIRECTION('',(0.,0.,1.));
#2041=DIRECTION('',(-1.,0.,0.));
#2042=AXIS2_PLACEMENT_3D('',#2039,#2040,#2041);
#2043=CIRCLE('',#2042,3.7);
#2044=EDGE_CURVE('',#2030,#2038,#2043,.T.);
#2045=ORIENTED_EDGE('',*,*,#2044,.T.);
#2046=CARTESIAN_POINT('',(384.706788053,447.239249783,106.5));
#2047=VERTEX_POINT('',#2046);
#2048=CARTESIAN_POINT('',(384.706788053,456.989249783,106.5));
#2049=DIRECTION('',(0.,-1.,0.));
#2050=VECTOR('',#2049,9.75);
#2051=LINE('',#2048,#2050);
#2052=EDGE_CURVE('',#2038,#2047,#2051,.T.);
#2053=ORIENTED_EDGE('',*,*,#2052,.T.);
#2054=CARTESIAN_POINT('',(378.406788053,447.239249783,106.5));
#2055=DIRECTION('',(-0.,-0.,-1.));
#2056=DIRECTION('',(-1.,0.,0.));
#2057=AXIS2_PLACEMENT_3D('',#2054,#2055,#2056);
#2058=CIRCLE('',#2057,6.3);
#2059=EDGE_CURVE('',#2047,#1858,#2058,.T.);
#2060=ORIENTED_EDGE('',*,*,#2059,.T.);
#2061=EDGE_LOOP('',(#1866,#1875,#1883,#1892,#1900,#1909,#1917,#1926,#1934,#1943,#1951,#1960,#1968,#1977,#1985,#1994,#2002,#2011,#2019,#2028,#2036,#2045,#2053,#2060));
#2062=FACE_BOUND('',#2061,.T.);
#2063=ADVANCED_FACE('',(#1856,#2062),#1650,.F.);
#2064=OVER_RIDING_STYLED_ITEM('',(#101),#2063,#54);
#2065=CARTESIAN_POINT('',(378.406788053,505.439249783,126.5));
#2066=DIRECTION('',(-0.,-0.,-1.));
#2067=DIRECTION('',(1.,-0.,-0.));
#2068=AXIS2_PLACEMENT_3D('',#2065,#2066,#2067);
#2069=CONICAL_SURFACE('',#2068,5.65,45.);
#2070=ORIENTED_EDGE('',*,*,#957,.F.);
#2071=CARTESIAN_POINT('',(383.556788053,505.439249783,127.));
#2072=VERTEX_POINT('',#2071);
#2073=CARTESIAN_POINT('',(383.556788053,505.439249783,127.));
#2074=DIRECTION('',(0.707106781,-0.,-0.707106781));
#2075=VECTOR('',#2074,0.070710678);
#2076=LINE('',#2073,#2075);
#2077=EDGE_CURVE('',#2072,#945,#2076,.T.);
#2078=ORIENTED_EDGE('',*,*,#2077,.F.);
#2079=CARTESIAN_POINT('',(378.406788053,510.589249783,127.));
#2080=VERTEX_POINT('',#2079);
#2081=CARTESIAN_POINT('',(378.406788053,505.439249783,127.));
#2082=DIRECTION('',(-0.,-0.,-1.));
#2083=DIRECTION('',(-1.,0.,0.));
#2084=AXIS2_PLACEMENT_3D('',#2081,#2082,#2083);
#2085=CIRCLE('',#2084,5.15);
#2086=EDGE_CURVE('',#2080,#2072,#2085,.T.);
#2087=ORIENTED_EDGE('',*,*,#2086,.F.);
#2088=CARTESIAN_POINT('',(378.406788053,510.639249783,126.95));
#2089=DIRECTION('',(0.,-0.707106781,0.707106781));
#2090=VECTOR('',#2089,0.070710678);
#2091=LINE('',#2088,#2090);
#2092=EDGE_CURVE('',#912,#2080,#2091,.T.);
#2093=ORIENTED_EDGE('',*,*,#2092,.F.);
#2094=EDGE_LOOP('',(#2070,#2078,#2087,#2093));
#2095=FACE_BOUND('',#2094,.T.);
#2096=ADVANCED_FACE('',(#2095),#2069,.F.);
#2097=CARTESIAN_POINT('',(398.156788053,485.689249783,126.5));
#2098=DIRECTION('',(-0.,-0.,-1.));
#2099=DIRECTION('',(1.,-0.,-0.));
#2100=AXIS2_PLACEMENT_3D('',#2097,#2098,#2099);
#2101=CONICAL_SURFACE('',#2100,5.65,45.);
#2102=ORIENTED_EDGE('',*,*,#1089,.F.);
#2103=CARTESIAN_POINT('',(403.306788053,485.689249783,127.));
#2104=VERTEX_POINT('',#2103);
#2105=CARTESIAN_POINT('',(403.306788053,485.689249783,127.));
#2106=DIRECTION('',(0.707106781,-0.,-0.707106781));
#2107=VECTOR('',#2106,0.070710678);
#2108=LINE('',#2105,#2107);
#2109=EDGE_CURVE('',#2104,#1077,#2108,.T.);
#2110=ORIENTED_EDGE('',*,*,#2109,.F.);
#2111=CARTESIAN_POINT('',(398.156788053,490.839249783,127.));
#2112=VERTEX_POINT('',#2111);
#2113=CARTESIAN_POINT('',(398.156788053,485.689249783,127.));
#2114=DIRECTION('',(-0.,-0.,-1.));
#2115=DIRECTION('',(-1.,0.,0.));
#2116=AXIS2_PLACEMENT_3D('',#2113,#2114,#2115);
#2117=CIRCLE('',#2116,5.15);
#2118=EDGE_CURVE('',#2112,#2104,#2117,.T.);
#2119=ORIENTED_EDGE('',*,*,#2118,.F.);
#2120=CARTESIAN_POINT('',(398.156788053,490.839249783,127.));
#2121=DIRECTION('',(-0.,0.707106781,-0.707106781));
#2122=VECTOR('',#2121,0.070710678);
#2123=LINE('',#2120,#2122);
#2124=EDGE_CURVE('',#2112,#1044,#2123,.T.);
#2125=ORIENTED_EDGE('',*,*,#2124,.T.);
#2126=EDGE_LOOP('',(#2102,#2110,#2119,#2125));
#2127=FACE_BOUND('',#2126,.T.);
#2128=ADVANCED_FACE('',(#2127),#2101,.F.);
#2129=CARTESIAN_POINT('',(398.156788053,466.989249783,126.5));
#2130=DIRECTION('',(-0.,-0.,-1.));
#2131=DIRECTION('',(1.,-0.,-0.));
#2132=AXIS2_PLACEMENT_3D('',#2129,#2130,#2131);
#2133=CONICAL_SURFACE('',#2132,5.65,45.);
#2134=ORIENTED_EDGE('',*,*,#1155,.F.);
#2135=CARTESIAN_POINT('',(398.156788053,461.839249783,127.));
#2136=VERTEX_POINT('',#2135);
#2137=CARTESIAN_POINT('',(398.156788053,461.839249783,127.));
#2138=DIRECTION('',(-0.,-0.707106781,-0.707106781));
#2139=VECTOR('',#2138,0.070710678);
#2140=LINE('',#2137,#2139);
#2141=EDGE_CURVE('',#2136,#1143,#2140,.T.);
#2142=ORIENTED_EDGE('',*,*,#2141,.F.);
#2143=CARTESIAN_POINT('',(403.306788053,466.989249783,127.));
#2144=VERTEX_POINT('',#2143);
#2145=CARTESIAN_POINT('',(398.156788053,466.989249783,127.));
#2146=DIRECTION('',(-0.,-0.,-1.));
#2147=DIRECTION('',(-1.,0.,0.));
#2148=AXIS2_PLACEMENT_3D('',#2145,#2146,#2147);
#2149=CIRCLE('',#2148,5.15);
#2150=EDGE_CURVE('',#2144,#2136,#2149,.T.);
#2151=ORIENTED_EDGE('',*,*,#2150,.F.);
#2152=CARTESIAN_POINT('',(403.306788053,466.989249783,127.));
#2153=DIRECTION('',(0.707106781,-0.,-0.707106781));
#2154=VECTOR('',#2153,0.070710678);
#2155=LINE('',#2152,#2154);
#2156=EDGE_CURVE('',#2144,#1110,#2155,.T.);
#2157=ORIENTED_EDGE('',*,*,#2156,.T.);
#2158=EDGE_LOOP('',(#2134,#2142,#2151,#2157));
#2159=FACE_BOUND('',#2158,.T.);
#2160=ADVANCED_FACE('',(#2159),#2133,.F.);
#2161=CARTESIAN_POINT('',(378.406788053,447.239249783,126.5));
#2162=DIRECTION('',(-0.,-0.,-1.));
#2163=DIRECTION('',(1.,-0.,-0.));
#2164=AXIS2_PLACEMENT_3D('',#2161,#2162,#2163);
#2165=CONICAL_SURFACE('',#2164,5.65,45.);
#2166=ORIENTED_EDGE('',*,*,#1287,.F.);
#2167=CARTESIAN_POINT('',(378.406788053,442.089249783,127.));
#2168=VERTEX_POINT('',#2167);
#2169=CARTESIAN_POINT('',(378.406788053,442.089249783,127.));
#2170=DIRECTION('',(-0.,-0.707106781,-0.707106781));
#2171=VECTOR('',#2170,0.070710678);
#2172=LINE('',#2169,#2171);
#2173=EDGE_CURVE('',#2168,#1275,#2172,.T.);
#2174=ORIENTED_EDGE('',*,*,#2173,.F.);
#2175=CARTESIAN_POINT('',(383.556788053,447.239249783,127.));
#2176=VERTEX_POINT('',#2175);
#2177=CARTESIAN_POINT('',(378.406788053,447.239249783,127.));
#2178=DIRECTION('',(-0.,-0.,-1.));
#2179=DIRECTION('',(-1.,0.,0.));
#2180=AXIS2_PLACEMENT_3D('',#2177,#2178,#2179);
#2181=CIRCLE('',#2180,5.15);
#2182=EDGE_CURVE('',#2176,#2168,#2181,.T.);
#2183=ORIENTED_EDGE('',*,*,#2182,.F.);
#2184=CARTESIAN_POINT('',(383.556788053,447.239249783,127.));
#2185=DIRECTION('',(0.707106781,-0.,-0.707106781));
#2186=VECTOR('',#2185,0.070710678);
#2187=LINE('',#2184,#2186);
#2188=EDGE_CURVE('',#2176,#1242,#2187,.T.);
#2189=ORIENTED_EDGE('',*,*,#2188,.T.);
#2190=EDGE_LOOP('',(#2166,#2174,#2183,#2189));
#2191=FACE_BOUND('',#2190,.T.);
#2192=ADVANCED_FACE('',(#2191),#2165,.F.);
#2193=CARTESIAN_POINT('',(359.706788053,447.239249783,126.5));
#2194=DIRECTION('',(-0.,-0.,-1.));
#2195=DIRECTION('',(1.,-0.,-0.));
#2196=AXIS2_PLACEMENT_3D('',#2193,#2194,#2195);
#2197=CONICAL_SURFACE('',#2196,5.65,45.);
#2198=ORIENTED_EDGE('',*,*,#1353,.F.);
#2199=CARTESIAN_POINT('',(354.556788053,447.239249783,127.));
#2200=VERTEX_POINT('',#2199);
#2201=CARTESIAN_POINT('',(354.506788053,447.239249783,126.95));
#2202=DIRECTION('',(0.707106781,0.,0.707106781));
#2203=VECTOR('',#2202,0.070710678);
#2204=LINE('',#2201,#2203);
#2205=EDGE_CURVE('',#1341,#2200,#2204,.T.);
#2206=ORIENTED_EDGE('',*,*,#2205,.T.);
#2207=CARTESIAN_POINT('',(359.706788053,442.089249783,127.));
#2208=VERTEX_POINT('',#2207);
#2209=CARTESIAN_POINT('',(359.706788053,447.239249783,127.));
#2210=DIRECTION('',(-0.,-0.,-1.));
#2211=DIRECTION('',(-1.,0.,0.));
#2212=AXIS2_PLACEMENT_3D('',#2209,#2210,#2211);
#2213=CIRCLE('',#2212,5.15);
#2214=EDGE_CURVE('',#2208,#2200,#2213,.T.);
#2215=ORIENTED_EDGE('',*,*,#2214,.F.);
#2216=CARTESIAN_POINT('',(359.706788053,442.089249783,127.));
#2217=DIRECTION('',(-0.,-0.707106781,-0.707106781));
#2218=VECTOR('',#2217,0.070710678);
#2219=LINE('',#2216,#2218);
#2220=EDGE_CURVE('',#2208,#1308,#2219,.T.);
#2221=ORIENTED_EDGE('',*,*,#2220,.T.);
#2222=EDGE_LOOP('',(#2198,#2206,#2215,#2221));
#2223=FACE_BOUND('',#2222,.T.);
#2224=ADVANCED_FACE('',(#2223),#2197,.F.);
#2225=CARTESIAN_POINT('',(339.956788053,466.989249783,126.5));
#2226=DIRECTION('',(-0.,-0.,-1.));
#2227=DIRECTION('',(1.,-0.,-0.));
#2228=AXIS2_PLACEMENT_3D('',#2225,#2226,#2227);
#2229=CONICAL_SURFACE('',#2228,5.65,45.);
#2230=ORIENTED_EDGE('',*,*,#1485,.F.);
#2231=CARTESIAN_POINT('',(334.806788053,466.989249783,127.));
#2232=VERTEX_POINT('',#2231);
#2233=CARTESIAN_POINT('',(334.756788053,466.989249783,126.95));
#2234=DIRECTION('',(0.707106781,0.,0.707106781));
#2235=VECTOR('',#2234,0.070710678);
#2236=LINE('',#2233,#2235);
#2237=EDGE_CURVE('',#1473,#2232,#2236,.T.);
#2238=ORIENTED_EDGE('',*,*,#2237,.T.);
#2239=CARTESIAN_POINT('',(339.956788053,461.839249783,127.));
#2240=VERTEX_POINT('',#2239);
#2241=CARTESIAN_POINT('',(339.956788053,466.989249783,127.));
#2242=DIRECTION('',(-0.,-0.,-1.));
#2243=DIRECTION('',(-1.,0.,0.));
#2244=AXIS2_PLACEMENT_3D('',#2241,#2242,#2243);
#2245=CIRCLE('',#2244,5.15);
#2246=EDGE_CURVE('',#2240,#2232,#2245,.T.);
#2247=ORIENTED_EDGE('',*,*,#2246,.F.);
#2248=CARTESIAN_POINT('',(339.956788053,461.789249783,126.95));
#2249=DIRECTION('',(0.,0.707106781,0.707106781));
#2250=VECTOR('',#2249,0.070710678);
#2251=LINE('',#2248,#2250);
#2252=EDGE_CURVE('',#1440,#2240,#2251,.T.);
#2253=ORIENTED_EDGE('',*,*,#2252,.F.);
#2254=EDGE_LOOP('',(#2230,#2238,#2247,#2253));
#2255=FACE_BOUND('',#2254,.T.);
#2256=ADVANCED_FACE('',(#2255),#2229,.F.);
#2257=CARTESIAN_POINT('',(339.956788053,485.689249783,126.5));
#2258=DIRECTION('',(-0.,-0.,-1.));
#2259=DIRECTION('',(1.,-0.,-0.));
#2260=AXIS2_PLACEMENT_3D('',#2257,#2258,#2259);
#2261=CONICAL_SURFACE('',#2260,5.65,45.);
#2262=ORIENTED_EDGE('',*,*,#1551,.F.);
#2263=CARTESIAN_POINT('',(339.956788053,490.839249783,127.));
#2264=VERTEX_POINT('',#2263);
#2265=CARTESIAN_POINT('',(339.956788053,490.889249783,126.95));
#2266=DIRECTION('',(0.,-0.707106781,0.707106781));
#2267=VECTOR('',#2266,0.070710678);
#2268=LINE('',#2265,#2267);
#2269=EDGE_CURVE('',#1539,#2264,#2268,.T.);
#2270=ORIENTED_EDGE('',*,*,#2269,.T.);
#2271=CARTESIAN_POINT('',(334.806788053,485.689249783,127.));
#2272=VERTEX_POINT('',#2271);
#2273=CARTESIAN_POINT('',(339.956788053,485.689249783,127.));
#2274=DIRECTION('',(-0.,-0.,-1.));
#2275=DIRECTION('',(-1.,0.,0.));
#2276=AXIS2_PLACEMENT_3D('',#2273,#2274,#2275);
#2277=CIRCLE('',#2276,5.15);
#2278=EDGE_CURVE('',#2272,#2264,#2277,.T.);
#2279=ORIENTED_EDGE('',*,*,#2278,.F.);
#2280=CARTESIAN_POINT('',(334.756788053,485.689249783,126.95));
#2281=DIRECTION('',(0.707106781,0.,0.707106781));
#2282=VECTOR('',#2281,0.070710678);
#2283=LINE('',#2280,#2282);
#2284=EDGE_CURVE('',#1506,#2272,#2283,.T.);
#2285=ORIENTED_EDGE('',*,*,#2284,.F.);
#2286=EDGE_LOOP('',(#2262,#2270,#2279,#2285));
#2287=FACE_BOUND('',#2286,.T.);
#2288=ADVANCED_FACE('',(#2287),#2261,.F.);
#2289=CARTESIAN_POINT('',(369.056788053,476.339249783,126.5));
#2290=DIRECTION('',(0.,0.,1.));
#2291=DIRECTION('',(-1.,0.,0.));
#2292=AXIS2_PLACEMENT_3D('',#2289,#2290,#2291);
#2293=PLANE('',#2292);
#2294=CARTESIAN_POINT('',(378.406788053,439.239249783,126.5));
#2295=VERTEX_POINT('',#2294);
#2296=CARTESIAN_POINT('',(386.406788053,447.239249783,126.5));
#2297=VERTEX_POINT('',#2296);
#2298=CARTESIAN_POINT('',(378.406788053,447.239249783,126.5));
#2299=DIRECTION('',(0.,0.,1.));
#2300=DIRECTION('',(-1.,0.,0.));
#2301=AXIS2_PLACEMENT_3D('',#2298,#2299,#2300);
#2302=CIRCLE('',#2301,8.);
#2303=EDGE_CURVE('',#2295,#2297,#2302,.T.);
#2304=ORIENTED_EDGE('',*,*,#2303,.T.);
#2305=CARTESIAN_POINT('',(386.406788053,456.989249783,126.5));
#2306=VERTEX_POINT('',#2305);
#2307=CARTESIAN_POINT('',(386.406788053,447.239249783,126.5));
#2308=DIRECTION('',(0.,1.,-0.));
#2309=VECTOR('',#2308,9.75);
#2310=LINE('',#2307,#2309);
#2311=EDGE_CURVE('',#2297,#2306,#2310,.T.);
#2312=ORIENTED_EDGE('',*,*,#2311,.T.);
#2313=CARTESIAN_POINT('',(388.406788053,458.989249783,126.5));
#2314=VERTEX_POINT('',#2313);
#2315=CARTESIAN_POINT('',(388.406788053,456.989249783,126.5));
#2316=DIRECTION('',(-0.,-0.,-1.));
#2317=DIRECTION('',(-1.,0.,0.));
#2318=AXIS2_PLACEMENT_3D('',#2315,#2316,#2317);
#2319=CIRCLE('',#2318,2.);
#2320=EDGE_CURVE('',#2306,#2314,#2319,.T.);
#2321=ORIENTED_EDGE('',*,*,#2320,.T.);
#2322=CARTESIAN_POINT('',(398.156788053,458.989249783,126.5));
#2323=VERTEX_POINT('',#2322);
#2324=CARTESIAN_POINT('',(388.406788053,458.989249783,126.5));
#2325=DIRECTION('',(1.,-0.,-0.));
#2326=VECTOR('',#2325,9.75);
#2327=LINE('',#2324,#2326);
#2328=EDGE_CURVE('',#2314,#2323,#2327,.T.);
#2329=ORIENTED_EDGE('',*,*,#2328,.T.);
#2330=CARTESIAN_POINT('',(406.156788053,466.989249783,126.5));
#2331=VERTEX_POINT('',#2330);
#2332=CARTESIAN_POINT('',(398.156788053,466.989249783,126.5));
#2333=DIRECTION('',(0.,0.,1.));
#2334=DIRECTION('',(-1.,0.,0.));
#2335=AXIS2_PLACEMENT_3D('',#2332,#2333,#2334);
#2336=CIRCLE('',#2335,8.);
#2337=EDGE_CURVE('',#2323,#2331,#2336,.T.);
#2338=ORIENTED_EDGE('',*,*,#2337,.T.);
#2339=CARTESIAN_POINT('',(406.156788053,485.689249783,126.5));
#2340=VERTEX_POINT('',#2339);
#2341=CARTESIAN_POINT('',(406.156788053,466.989249783,126.5));
#2342=DIRECTION('',(0.,1.,-0.));
#2343=VECTOR('',#2342,18.7);
#2344=LINE('',#2341,#2343);
#2345=EDGE_CURVE('',#2331,#2340,#2344,.T.);
#2346=ORIENTED_EDGE('',*,*,#2345,.T.);
#2347=CARTESIAN_POINT('',(398.156788053,493.689249783,126.5));
#2348=VERTEX_POINT('',#2347);
#2349=CARTESIAN_POINT('',(398.156788053,485.689249783,126.5));
#2350=DIRECTION('',(0.,0.,1.));
#2351=DIRECTION('',(-1.,0.,0.));
#2352=AXIS2_PLACEMENT_3D('',#2349,#2350,#2351);
#2353=CIRCLE('',#2352,8.);
#2354=EDGE_CURVE('',#2340,#2348,#2353,.T.);
#2355=ORIENTED_EDGE('',*,*,#2354,.T.);
#2356=CARTESIAN_POINT('',(388.406788053,493.689249783,126.5));
#2357=VERTEX_POINT('',#2356);
#2358=CARTESIAN_POINT('',(398.156788053,493.689249783,126.5));
#2359=DIRECTION('',(-1.,0.,0.));
#2360=VECTOR('',#2359,9.75);
#2361=LINE('',#2358,#2360);
#2362=EDGE_CURVE('',#2348,#2357,#2361,.T.);
#2363=ORIENTED_EDGE('',*,*,#2362,.T.);
#2364=CARTESIAN_POINT('',(386.406788053,495.689249783,126.5));
#2365=VERTEX_POINT('',#2364);
#2366=CARTESIAN_POINT('',(388.406788053,495.689249783,126.5));
#2367=DIRECTION('',(-0.,-0.,-1.));
#2368=DIRECTION('',(-1.,0.,0.));
#2369=AXIS2_PLACEMENT_3D('',#2366,#2367,#2368);
#2370=CIRCLE('',#2369,2.);
#2371=EDGE_CURVE('',#2357,#2365,#2370,.T.);
#2372=ORIENTED_EDGE('',*,*,#2371,.T.);
#2373=CARTESIAN_POINT('',(386.406788053,505.439249783,126.5));
#2374=VERTEX_POINT('',#2373);
#2375=CARTESIAN_POINT('',(386.406788053,495.689249783,126.5));
#2376=DIRECTION('',(0.,1.,-0.));
#2377=VECTOR('',#2376,9.75);
#2378=LINE('',#2375,#2377);
#2379=EDGE_CURVE('',#2365,#2374,#2378,.T.);
#2380=ORIENTED_EDGE('',*,*,#2379,.T.);
#2381=CARTESIAN_POINT('',(378.406788053,513.439249783,126.5));
#2382=VERTEX_POINT('',#2381);
#2383=CARTESIAN_POINT('',(378.406788053,505.439249783,126.5));
#2384=DIRECTION('',(0.,0.,1.));
#2385=DIRECTION('',(-1.,0.,0.));
#2386=AXIS2_PLACEMENT_3D('',#2383,#2384,#2385);
#2387=CIRCLE('',#2386,8.);
#2388=EDGE_CURVE('',#2374,#2382,#2387,.T.);
#2389=ORIENTED_EDGE('',*,*,#2388,.T.);
#2390=CARTESIAN_POINT('',(359.706788053,513.439249783,126.5));
#2391=VERTEX_POINT('',#2390);
#2392=CARTESIAN_POINT('',(378.406788053,513.439249783,126.5));
#2393=DIRECTION('',(-1.,0.,0.));
#2394=VECTOR('',#2393,18.7);
#2395=LINE('',#2392,#2394);
#2396=EDGE_CURVE('',#2382,#2391,#2395,.T.);
#2397=ORIENTED_EDGE('',*,*,#2396,.T.);
#2398=CARTESIAN_POINT('',(351.706788053,505.439249783,126.5));
#2399=VERTEX_POINT('',#2398);
#2400=CARTESIAN_POINT('',(359.706788053,505.439249783,126.5));
#2401=DIRECTION('',(0.,0.,1.));
#2402=DIRECTION('',(-1.,0.,0.));
#2403=AXIS2_PLACEMENT_3D('',#2400,#2401,#2402);
#2404=CIRCLE('',#2403,8.);
#2405=EDGE_CURVE('',#2391,#2399,#2404,.T.);
#2406=ORIENTED_EDGE('',*,*,#2405,.T.);
#2407=CARTESIAN_POINT('',(351.706788053,495.689249783,126.5));
#2408=VERTEX_POINT('',#2407);
#2409=CARTESIAN_POINT('',(351.706788053,505.439249783,126.5));
#2410=DIRECTION('',(0.,-1.,0.));
#2411=VECTOR('',#2410,9.75);
#2412=LINE('',#2409,#2411);
#2413=EDGE_CURVE('',#2399,#2408,#2412,.T.);
#2414=ORIENTED_EDGE('',*,*,#2413,.T.);
#2415=CARTESIAN_POINT('',(349.706788053,493.689249783,126.5));
#2416=VERTEX_POINT('',#2415);
#2417=CARTESIAN_POINT('',(349.706788053,495.689249783,126.5));
#2418=DIRECTION('',(-0.,-0.,-1.));
#2419=DIRECTION('',(-1.,0.,0.));
#2420=AXIS2_PLACEMENT_3D('',#2417,#2418,#2419);
#2421=CIRCLE('',#2420,2.);
#2422=EDGE_CURVE('',#2408,#2416,#2421,.T.);
#2423=ORIENTED_EDGE('',*,*,#2422,.T.);
#2424=CARTESIAN_POINT('',(339.956788053,493.689249783,126.5));
#2425=VERTEX_POINT('',#2424);
#2426=CARTESIAN_POINT('',(349.706788053,493.689249783,126.5));
#2427=DIRECTION('',(-1.,0.,0.));
#2428=VECTOR('',#2427,9.75);
#2429=LINE('',#2426,#2428);
#2430=EDGE_CURVE('',#2416,#2425,#2429,.T.);
#2431=ORIENTED_EDGE('',*,*,#2430,.T.);
#2432=CARTESIAN_POINT('',(331.956788053,485.689249783,126.5));
#2433=VERTEX_POINT('',#2432);
#2434=CARTESIAN_POINT('',(339.956788053,485.689249783,126.5));
#2435=DIRECTION('',(0.,0.,1.));
#2436=DIRECTION('',(-1.,0.,0.));
#2437=AXIS2_PLACEMENT_3D('',#2434,#2435,#2436);
#2438=CIRCLE('',#2437,8.);
#2439=EDGE_CURVE('',#2425,#2433,#2438,.T.);
#2440=ORIENTED_EDGE('',*,*,#2439,.T.);
#2441=CARTESIAN_POINT('',(331.956788053,466.989249783,126.5));
#2442=VERTEX_POINT('',#2441);
#2443=CARTESIAN_POINT('',(331.956788053,485.689249783,126.5));
#2444=DIRECTION('',(0.,-1.,0.));
#2445=VECTOR('',#2444,18.7);
#2446=LINE('',#2443,#2445);
#2447=EDGE_CURVE('',#2433,#2442,#2446,.T.);
#2448=ORIENTED_EDGE('',*,*,#2447,.T.);
#2449=CARTESIAN_POINT('',(339.956788053,458.989249783,126.5));
#2450=VERTEX_POINT('',#2449);
#2451=CARTESIAN_POINT('',(339.956788053,466.989249783,126.5));
#2452=DIRECTION('',(0.,0.,1.));
#2453=DIRECTION('',(-1.,0.,0.));
#2454=AXIS2_PLACEMENT_3D('',#2451,#2452,#2453);
#2455=CIRCLE('',#2454,8.);
#2456=EDGE_CURVE('',#2442,#2450,#2455,.T.);
#2457=ORIENTED_EDGE('',*,*,#2456,.T.);
#2458=CARTESIAN_POINT('',(349.706788053,458.989249783,126.5));
#2459=VERTEX_POINT('',#2458);
#2460=CARTESIAN_POINT('',(339.956788053,458.989249783,126.5));
#2461=DIRECTION('',(1.,-0.,-0.));
#2462=VECTOR('',#2461,9.75);
#2463=LINE('',#2460,#2462);
#2464=EDGE_CURVE('',#2450,#2459,#2463,.T.);
#2465=ORIENTED_EDGE('',*,*,#2464,.T.);
#2466=CARTESIAN_POINT('',(351.706788053,456.989249783,126.5));
#2467=VERTEX_POINT('',#2466);
#2468=CARTESIAN_POINT('',(349.706788053,456.989249783,126.5));
#2469=DIRECTION('',(-0.,-0.,-1.));
#2470=DIRECTION('',(-1.,0.,0.));
#2471=AXIS2_PLACEMENT_3D('',#2468,#2469,#2470);
#2472=CIRCLE('',#2471,2.);
#2473=EDGE_CURVE('',#2459,#2467,#2472,.T.);
#2474=ORIENTED_EDGE('',*,*,#2473,.T.);
#2475=CARTESIAN_POINT('',(351.706788053,447.239249783,126.5));
#2476=VERTEX_POINT('',#2475);
#2477=CARTESIAN_POINT('',(351.706788053,456.989249783,126.5));
#2478=DIRECTION('',(0.,-1.,0.));
#2479=VECTOR('',#2478,9.75);
#2480=LINE('',#2477,#2479);
#2481=EDGE_CURVE('',#2467,#2476,#2480,.T.);
#2482=ORIENTED_EDGE('',*,*,#2481,.T.);
#2483=CARTESIAN_POINT('',(359.706788053,439.239249783,126.5));
#2484=VERTEX_POINT('',#2483);
#2485=CARTESIAN_POINT('',(359.706788053,447.239249783,126.5));
#2486=DIRECTION('',(0.,0.,1.));
#2487=DIRECTION('',(-1.,0.,0.));
#2488=AXIS2_PLACEMENT_3D('',#2485,#2486,#2487);
#2489=CIRCLE('',#2488,8.);
#2490=EDGE_CURVE('',#2476,#2484,#2489,.T.);
#2491=ORIENTED_EDGE('',*,*,#2490,.T.);
#2492=CARTESIAN_POINT('',(359.706788053,439.239249783,126.5));
#2493=DIRECTION('',(1.,-0.,-0.));
#2494=VECTOR('',#2493,18.7);
#2495=LINE('',#2492,#2494);
#2496=EDGE_CURVE('',#2484,#2295,#2495,.T.);
#2497=ORIENTED_EDGE('',*,*,#2496,.T.);
#2498=EDGE_LOOP('',(#2304,#2312,#2321,#2329,#2338,#2346,#2355,#2363,#2372,#2380,#2389,#2397,#2406,#2414,#2423,#2431,#2440,#2448,#2457,#2465,#2474,#2482,#2491,#2497));
#2499=FACE_BOUND('',#2498,.T.);
#2500=CARTESIAN_POINT('',(395.873155368,522.786560448,126.5));
#2501=VERTEX_POINT('',#2500);
#2502=CARTESIAN_POINT('',(422.689522684,476.339249783,126.5));
#2503=VERTEX_POINT('',#2502);
#2504=CARTESIAN_POINT('',(395.873155368,522.786560448,126.5));
#2505=DIRECTION('',(0.5,-0.866025404,0.));
#2506=VECTOR('',#2505,53.632734631);
#2507=LINE('',#2504,#2506);
#2508=EDGE_CURVE('',#2501,#2503,#2507,.T.);
#2509=ORIENTED_EDGE('',*,*,#2508,.T.);
#2510=CARTESIAN_POINT('',(395.873155368,429.891939119,126.5));
#2511=VERTEX_POINT('',#2510);
#2512=CARTESIAN_POINT('',(422.689522684,476.339249783,126.5));
#2513=DIRECTION('',(-0.5,-0.866025404,0.));
#2514=VECTOR('',#2513,53.632734631);
#2515=LINE('',#2512,#2514);
#2516=EDGE_CURVE('',#2503,#2511,#2515,.T.);
#2517=ORIENTED_EDGE('',*,*,#2516,.T.);
#2518=CARTESIAN_POINT('',(342.240420738,429.891939119,126.5));
#2519=VERTEX_POINT('',#2518);
#2520=CARTESIAN_POINT('',(395.873155368,429.891939119,126.5));
#2521=DIRECTION('',(-1.,0.,0.));
#2522=VECTOR('',#2521,53.632734631);
#2523=LINE('',#2520,#2522);
#2524=EDGE_CURVE('',#2511,#2519,#2523,.T.);
#2525=ORIENTED_EDGE('',*,*,#2524,.T.);
#2526=CARTESIAN_POINT('',(315.424053422,476.339249783,126.5));
#2527=VERTEX_POINT('',#2526);
#2528=CARTESIAN_POINT('',(342.240420738,429.891939119,126.5));
#2529=DIRECTION('',(-0.5,0.866025404,-0.));
#2530=VECTOR('',#2529,53.632734631);
#2531=LINE('',#2528,#2530);
#2532=EDGE_CURVE('',#2519,#2527,#2531,.T.);
#2533=ORIENTED_EDGE('',*,*,#2532,.T.);
#2534=CARTESIAN_POINT('',(342.240420738,522.786560448,126.5));
#2535=VERTEX_POINT('',#2534);
#2536=CARTESIAN_POINT('',(315.424053422,476.339249783,126.5));
#2537=DIRECTION('',(0.5,0.866025404,-0.));
#2538=VECTOR('',#2537,53.632734631);
#2539=LINE('',#2536,#2538);
#2540=EDGE_CURVE('',#2527,#2535,#2539,.T.);
#2541=ORIENTED_EDGE('',*,*,#2540,.T.);
#2542=CARTESIAN_POINT('',(342.240420738,522.786560448,126.5));
#2543=DIRECTION('',(1.,-0.,-0.));
#2544=VECTOR('',#2543,53.632734631);
#2545=LINE('',#2542,#2544);
#2546=EDGE_CURVE('',#2535,#2501,#2545,.T.);
#2547=ORIENTED_EDGE('',*,*,#2546,.T.);
#2548=EDGE_LOOP('',(#2509,#2517,#2525,#2533,#2541,#2547));
#2549=FACE_BOUND('',#2548,.T.);
#2550=ADVANCED_FACE('',(#2499,#2549),#2293,.F.);
#2551=CARTESIAN_POINT('',(359.706788053,505.439249783,126.5));
#2552=DIRECTION('',(-0.,-0.,-1.));
#2553=DIRECTION('',(1.,-0.,-0.));
#2554=AXIS2_PLACEMENT_3D('',#2551,#2552,#2553);
#2555=CONICAL_SURFACE('',#2554,5.65,45.);
#2556=ORIENTED_EDGE('',*,*,#891,.F.);
#2557=CARTESIAN_POINT('',(359.706788053,510.589249783,127.));
#2558=VERTEX_POINT('',#2557);
#2559=CARTESIAN_POINT('',(359.706788053,510.639249783,126.95));
#2560=DIRECTION('',(0.,-0.707106781,0.707106781));
#2561=VECTOR('',#2560,0.070710678);
#2562=LINE('',#2559,#2561);
#2563=EDGE_CURVE('',#879,#2558,#2562,.T.);
#2564=ORIENTED_EDGE('',*,*,#2563,.T.);
#2565=CARTESIAN_POINT('',(354.556788053,505.439249783,127.));
#2566=VERTEX_POINT('',#2565);
#2567=CARTESIAN_POINT('',(359.706788053,505.439249783,127.));
#2568=DIRECTION('',(-0.,-0.,-1.));
#2569=DIRECTION('',(-1.,0.,0.));
#2570=AXIS2_PLACEMENT_3D('',#2567,#2568,#2569);
#2571=CIRCLE('',#2570,5.15);
#2572=EDGE_CURVE('',#2566,#2558,#2571,.T.);
#2573=ORIENTED_EDGE('',*,*,#2572,.F.);
#2574=CARTESIAN_POINT('',(354.506788053,505.439249783,126.95));
#2575=DIRECTION('',(0.707106781,0.,0.707106781));
#2576=VECTOR('',#2575,0.070710678);
#2577=LINE('',#2574,#2576);
#2578=EDGE_CURVE('',#862,#2566,#2577,.T.);
#2579=ORIENTED_EDGE('',*,*,#2578,.F.);
#2580=EDGE_LOOP('',(#2556,#2564,#2573,#2579));
#2581=FACE_BOUND('',#2580,.T.);
#2582=ADVANCED_FACE('',(#2581),#2555,.F.);
#2583=CARTESIAN_POINT('',(369.056788053,476.339249783,127.6));
#2584=DIRECTION('',(0.,0.,1.));
#2585=DIRECTION('',(-1.,0.,0.));
#2586=AXIS2_PLACEMENT_3D('',#2583,#2584,#2585);
#2587=PLANE('',#2586);
#2588=CARTESIAN_POINT('',(382.556788053,476.339249783,127.6));
#2589=VERTEX_POINT('',#2588);
#2590=CARTESIAN_POINT('',(393.556788053,476.339249783,127.6));
#2591=VERTEX_POINT('',#2590);
#2592=CARTESIAN_POINT('',(388.056788053,476.339249783,127.6));
#2593=DIRECTION('',(0.,0.,1.));
#2594=DIRECTION('',(-1.,0.,0.));
#2595=AXIS2_PLACEMENT_3D('',#2592,#2593,#2594);
#2596=CIRCLE('',#2595,5.5);
#2597=EDGE_CURVE('',#2589,#2591,#2596,.T.);
#2598=ORIENTED_EDGE('',*,*,#2597,.T.);
#2599=CARTESIAN_POINT('',(388.056788053,476.339249783,127.6));
#2600=DIRECTION('',(0.,0.,1.));
#2601=DIRECTION('',(-1.,0.,0.));
#2602=AXIS2_PLACEMENT_3D('',#2599,#2600,#2601);
#2603=CIRCLE('',#2602,5.5);
#2604=EDGE_CURVE('',#2591,#2589,#2603,.T.);
#2605=ORIENTED_EDGE('',*,*,#2604,.T.);
#2606=EDGE_LOOP('',(#2598,#2605));
#2607=FACE_BOUND('',#2606,.T.);
#2608=CARTESIAN_POINT('',(344.556788053,476.339249783,127.6));
#2609=VERTEX_POINT('',#2608);
#2610=CARTESIAN_POINT('',(355.556788053,476.339249783,127.6));
#2611=VERTEX_POINT('',#2610);
#2612=CARTESIAN_POINT('',(350.056788053,476.339249783,127.6));
#2613=DIRECTION('',(0.,0.,1.));
#2614=DIRECTION('',(-1.,0.,0.));
#2615=AXIS2_PLACEMENT_3D('',#2612,#2613,#2614);
#2616=CIRCLE('',#2615,5.5);
#2617=EDGE_CURVE('',#2609,#2611,#2616,.T.);
#2618=ORIENTED_EDGE('',*,*,#2617,.T.);
#2619=CARTESIAN_POINT('',(350.056788053,476.339249783,127.6));
#2620=DIRECTION('',(0.,0.,1.));
#2621=DIRECTION('',(-1.,0.,0.));
#2622=AXIS2_PLACEMENT_3D('',#2619,#2620,#2621);
#2623=CIRCLE('',#2622,5.5);
#2624=EDGE_CURVE('',#2611,#2609,#2623,.T.);
#2625=ORIENTED_EDGE('',*,*,#2624,.T.);
#2626=EDGE_LOOP('',(#2618,#2625));
#2627=FACE_BOUND('',#2626,.T.);
#2628=CARTESIAN_POINT('',(371.056788053,456.339249783,127.6));
#2629=VERTEX_POINT('',#2628);
#2630=CARTESIAN_POINT('',(367.056788053,456.339249783,127.6));
#2631=VERTEX_POINT('',#2630);
#2632=CARTESIAN_POINT('',(369.056788053,456.339249783,127.6));
#2633=DIRECTION('',(-0.,-0.,-1.));
#2634=DIRECTION('',(-1.,0.,0.));
#2635=AXIS2_PLACEMENT_3D('',#2632,#2633,#2634);
#2636=CIRCLE('',#2635,2.);
#2637=EDGE_CURVE('',#2629,#2631,#2636,.T.);
#2638=ORIENTED_EDGE('',*,*,#2637,.F.);
#2639=CARTESIAN_POINT('',(369.056788053,456.339249783,127.6));
#2640=DIRECTION('',(-0.,-0.,-1.));
#2641=DIRECTION('',(-1.,0.,0.));
#2642=AXIS2_PLACEMENT_3D('',#2639,#2640,#2641);
#2643=CIRCLE('',#2642,2.);
#2644=EDGE_CURVE('',#2631,#2629,#2643,.T.);
#2645=ORIENTED_EDGE('',*,*,#2644,.F.);
#2646=EDGE_LOOP('',(#2638,#2645));
#2647=FACE_BOUND('',#2646,.T.);
#2648=CARTESIAN_POINT('',(371.056788053,496.339249783,127.6));
#2649=VERTEX_POINT('',#2648);
#2650=CARTESIAN_POINT('',(367.056788053,496.339249783,127.6));
#2651=VERTEX_POINT('',#2650);
#2652=CARTESIAN_POINT('',(369.056788053,496.339249783,127.6));
#2653=DIRECTION('',(-0.,-0.,-1.));
#2654=DIRECTION('',(-1.,0.,0.));
#2655=AXIS2_PLACEMENT_3D('',#2652,#2653,#2654);
#2656=CIRCLE('',#2655,2.);
#2657=EDGE_CURVE('',#2649,#2651,#2656,.T.);
#2658=ORIENTED_EDGE('',*,*,#2657,.F.);
#2659=CARTESIAN_POINT('',(369.056788053,496.339249783,127.6));
#2660=DIRECTION('',(-0.,-0.,-1.));
#2661=DIRECTION('',(-1.,0.,0.));
#2662=AXIS2_PLACEMENT_3D('',#2659,#2660,#2661);
#2663=CIRCLE('',#2662,2.);
#2664=EDGE_CURVE('',#2651,#2649,#2663,.T.);
#2665=ORIENTED_EDGE('',*,*,#2664,.F.);
#2666=EDGE_LOOP('',(#2658,#2665));
#2667=FACE_BOUND('',#2666,.T.);
#2668=CARTESIAN_POINT('',(341.656788053,476.339249783,127.6));
#2669=VERTEX_POINT('',#2668);
#2670=CARTESIAN_POINT('',(338.456788053,476.339249783,127.6));
#2671=VERTEX_POINT('',#2670);
#2672=CARTESIAN_POINT('',(340.056788053,476.339249783,127.6));
#2673=DIRECTION('',(-0.,-0.,-1.));
#2674=DIRECTION('',(-1.,0.,0.));
#2675=AXIS2_PLACEMENT_3D('',#2672,#2673,#2674);
#2676=CIRCLE('',#2675,1.6);
#2677=EDGE_CURVE('',#2669,#2671,#2676,.T.);
#2678=ORIENTED_EDGE('',*,*,#2677,.F.);
#2679=CARTESIAN_POINT('',(340.056788053,476.339249783,127.6));
#2680=DIRECTION('',(-0.,-0.,-1.));
#2681=DIRECTION('',(-1.,0.,0.));
#2682=AXIS2_PLACEMENT_3D('',#2679,#2680,#2681);
#2683=CIRCLE('',#2682,1.6);
#2684=EDGE_CURVE('',#2671,#2669,#2683,.T.);
#2685=ORIENTED_EDGE('',*,*,#2684,.F.);
#2686=EDGE_LOOP('',(#2678,#2685));
#2687=FACE_BOUND('',#2686,.T.);
#2688=CARTESIAN_POINT('',(399.656788053,476.339249783,127.6));
#2689=VERTEX_POINT('',#2688);
#2690=CARTESIAN_POINT('',(396.456788053,476.339249783,127.6));
#2691=VERTEX_POINT('',#2690);
#2692=CARTESIAN_POINT('',(398.056788053,476.339249783,127.6));
#2693=DIRECTION('',(-0.,-0.,-1.));
#2694=DIRECTION('',(-1.,0.,0.));
#2695=AXIS2_PLACEMENT_3D('',#2692,#2693,#2694);
#2696=CIRCLE('',#2695,1.6);
#2697=EDGE_CURVE('',#2689,#2691,#2696,.T.);
#2698=ORIENTED_EDGE('',*,*,#2697,.F.);
#2699=CARTESIAN_POINT('',(398.056788053,476.339249783,127.6));
#2700=DIRECTION('',(-0.,-0.,-1.));
#2701=DIRECTION('',(-1.,0.,0.));
#2702=AXIS2_PLACEMENT_3D('',#2699,#2700,#2701);
#2703=CIRCLE('',#2702,1.6);
#2704=EDGE_CURVE('',#2691,#2689,#2703,.T.);
#2705=ORIENTED_EDGE('',*,*,#2704,.F.);
#2706=EDGE_LOOP('',(#2698,#2705));
#2707=FACE_BOUND('',#2706,.T.);
#2708=CARTESIAN_POINT('',(334.806788053,485.689249783,127.6));
#2709=VERTEX_POINT('',#2708);
#2710=CARTESIAN_POINT('',(334.806788053,466.989249783,127.6));
#2711=VERTEX_POINT('',#2710);
#2712=CARTESIAN_POINT('',(334.806788053,485.689249783,127.6));
#2713=DIRECTION('',(0.,-1.,0.));
#2714=VECTOR('',#2713,18.7);
#2715=LINE('',#2712,#2714);
#2716=EDGE_CURVE('',#2709,#2711,#2715,.T.);
#2717=ORIENTED_EDGE('',*,*,#2716,.F.);
#2718=CARTESIAN_POINT('',(339.956788053,490.839249783,127.6));
#2719=VERTEX_POINT('',#2718);
#2720=CARTESIAN_POINT('',(339.956788053,485.689249783,127.6));
#2721=DIRECTION('',(0.,0.,1.));
#2722=DIRECTION('',(-1.,0.,0.));
#2723=AXIS2_PLACEMENT_3D('',#2720,#2721,#2722);
#2724=CIRCLE('',#2723,5.15);
#2725=EDGE_CURVE('',#2719,#2709,#2724,.T.);
#2726=ORIENTED_EDGE('',*,*,#2725,.F.);
#2727=CARTESIAN_POINT('',(349.706788053,490.839249783,127.6));
#2728=VERTEX_POINT('',#2727);
#2729=CARTESIAN_POINT('',(349.706788053,490.839249783,127.6));
#2730=DIRECTION('',(-1.,-0.,0.));
#2731=VECTOR('',#2730,9.75);
#2732=LINE('',#2729,#2731);
#2733=EDGE_CURVE('',#2728,#2719,#2732,.T.);
#2734=ORIENTED_EDGE('',*,*,#2733,.F.);
#2735=CARTESIAN_POINT('',(354.556788053,495.689249783,127.6));
#2736=VERTEX_POINT('',#2735);
#2737=CARTESIAN_POINT('',(349.706788053,495.689249783,127.6));
#2738=DIRECTION('',(-0.,-0.,-1.));
#2739=DIRECTION('',(-1.,0.,0.));
#2740=AXIS2_PLACEMENT_3D('',#2737,#2738,#2739);
#2741=CIRCLE('',#2740,4.85);
#2742=EDGE_CURVE('',#2736,#2728,#2741,.T.);
#2743=ORIENTED_EDGE('',*,*,#2742,.F.);
#2744=CARTESIAN_POINT('',(354.556788053,505.439249783,127.6));
#2745=VERTEX_POINT('',#2744);
#2746=CARTESIAN_POINT('',(354.556788053,505.439249783,127.6));
#2747=DIRECTION('',(0.,-1.,0.));
#2748=VECTOR('',#2747,9.75);
#2749=LINE('',#2746,#2748);
#2750=EDGE_CURVE('',#2745,#2736,#2749,.T.);
#2751=ORIENTED_EDGE('',*,*,#2750,.F.);
#2752=CARTESIAN_POINT('',(359.706788053,510.589249783,127.6));
#2753=VERTEX_POINT('',#2752);
#2754=CARTESIAN_POINT('',(359.706788053,505.439249783,127.6));
#2755=DIRECTION('',(0.,0.,1.));
#2756=DIRECTION('',(-1.,0.,0.));
#2757=AXIS2_PLACEMENT_3D('',#2754,#2755,#2756);
#2758=CIRCLE('',#2757,5.15);
#2759=EDGE_CURVE('',#2753,#2745,#2758,.T.);
#2760=ORIENTED_EDGE('',*,*,#2759,.F.);
#2761=CARTESIAN_POINT('',(378.406788053,510.589249783,127.6));
#2762=VERTEX_POINT('',#2761);
#2763=CARTESIAN_POINT('',(378.406788053,510.589249783,127.6));
#2764=DIRECTION('',(-1.,0.,0.));
#2765=VECTOR('',#2764,18.7);
#2766=LINE('',#2763,#2765);
#2767=EDGE_CURVE('',#2762,#2753,#2766,.T.);
#2768=ORIENTED_EDGE('',*,*,#2767,.F.);
#2769=CARTESIAN_POINT('',(383.556788053,505.439249783,127.6));
#2770=VERTEX_POINT('',#2769);
#2771=CARTESIAN_POINT('',(378.406788053,505.439249783,127.6));
#2772=DIRECTION('',(0.,0.,1.));
#2773=DIRECTION('',(-1.,0.,0.));
#2774=AXIS2_PLACEMENT_3D('',#2771,#2772,#2773);
#2775=CIRCLE('',#2774,5.15);
#2776=EDGE_CURVE('',#2770,#2762,#2775,.T.);
#2777=ORIENTED_EDGE('',*,*,#2776,.F.);
#2778=CARTESIAN_POINT('',(383.556788053,495.689249783,127.6));
#2779=VERTEX_POINT('',#2778);
#2780=CARTESIAN_POINT('',(383.556788053,495.689249783,127.6));
#2781=DIRECTION('',(-0.,1.,-0.));
#2782=VECTOR('',#2781,9.75);
#2783=LINE('',#2780,#2782);
#2784=EDGE_CURVE('',#2779,#2770,#2783,.T.);
#2785=ORIENTED_EDGE('',*,*,#2784,.F.);
#2786=CARTESIAN_POINT('',(388.406788053,490.839249783,127.6));
#2787=VERTEX_POINT('',#2786);
#2788=CARTESIAN_POINT('',(388.406788053,495.689249783,127.6));
#2789=DIRECTION('',(-0.,-0.,-1.));
#2790=DIRECTION('',(-1.,0.,0.));
#2791=AXIS2_PLACEMENT_3D('',#2788,#2789,#2790);
#2792=CIRCLE('',#2791,4.85);
#2793=EDGE_CURVE('',#2787,#2779,#2792,.T.);
#2794=ORIENTED_EDGE('',*,*,#2793,.F.);
#2795=CARTESIAN_POINT('',(398.156788053,490.839249783,127.6));
#2796=VERTEX_POINT('',#2795);
#2797=CARTESIAN_POINT('',(398.156788053,490.839249783,127.6));
#2798=DIRECTION('',(-1.,-0.,0.));
#2799=VECTOR('',#2798,9.75);
#2800=LINE('',#2797,#2799);
#2801=EDGE_CURVE('',#2796,#2787,#2800,.T.);
#2802=ORIENTED_EDGE('',*,*,#2801,.F.);
#2803=CARTESIAN_POINT('',(403.306788053,485.689249783,127.6));
#2804=VERTEX_POINT('',#2803);
#2805=CARTESIAN_POINT('',(398.156788053,485.689249783,127.6));
#2806=DIRECTION('',(0.,0.,1.));
#2807=DIRECTION('',(-1.,0.,0.));
#2808=AXIS2_PLACEMENT_3D('',#2805,#2806,#2807);
#2809=CIRCLE('',#2808,5.15);
#2810=EDGE_CURVE('',#2804,#2796,#2809,.T.);
#2811=ORIENTED_EDGE('',*,*,#2810,.F.);
#2812=CARTESIAN_POINT('',(403.306788053,466.989249783,127.6));
#2813=VERTEX_POINT('',#2812);
#2814=CARTESIAN_POINT('',(403.306788053,466.989249783,127.6));
#2815=DIRECTION('',(0.,1.,-0.));
#2816=VECTOR('',#2815,18.7);
#2817=LINE('',#2814,#2816);
#2818=EDGE_CURVE('',#2813,#2804,#2817,.T.);
#2819=ORIENTED_EDGE('',*,*,#2818,.F.);
#2820=CARTESIAN_POINT('',(398.156788053,461.839249783,127.6));
#2821=VERTEX_POINT('',#2820);
#2822=CARTESIAN_POINT('',(398.156788053,466.989249783,127.6));
#2823=DIRECTION('',(0.,0.,1.));
#2824=DIRECTION('',(-1.,0.,0.));
#2825=AXIS2_PLACEMENT_3D('',#2822,#2823,#2824);
#2826=CIRCLE('',#2825,5.15);
#2827=EDGE_CURVE('',#2821,#2813,#2826,.T.);
#2828=ORIENTED_EDGE('',*,*,#2827,.F.);
#2829=CARTESIAN_POINT('',(388.406788053,461.839249783,127.6));
#2830=VERTEX_POINT('',#2829);
#2831=CARTESIAN_POINT('',(388.406788053,461.839249783,127.6));
#2832=DIRECTION('',(1.,0.,-0.));
#2833=VECTOR('',#2832,9.75);
#2834=LINE('',#2831,#2833);
#2835=EDGE_CURVE('',#2830,#2821,#2834,.T.);
#2836=ORIENTED_EDGE('',*,*,#2835,.F.);
#2837=CARTESIAN_POINT('',(383.556788053,456.989249783,127.6));
#2838=VERTEX_POINT('',#2837);
#2839=CARTESIAN_POINT('',(388.406788053,456.989249783,127.6));
#2840=DIRECTION('',(-0.,-0.,-1.));
#2841=DIRECTION('',(-1.,0.,0.));
#2842=AXIS2_PLACEMENT_3D('',#2839,#2840,#2841);
#2843=CIRCLE('',#2842,4.85);
#2844=EDGE_CURVE('',#2838,#2830,#2843,.T.);
#2845=ORIENTED_EDGE('',*,*,#2844,.F.);
#2846=CARTESIAN_POINT('',(383.556788053,447.239249783,127.6));
#2847=VERTEX_POINT('',#2846);
#2848=CARTESIAN_POINT('',(383.556788053,447.239249783,127.6));
#2849=DIRECTION('',(-0.,1.,-0.));
#2850=VECTOR('',#2849,9.75);
#2851=LINE('',#2848,#2850);
#2852=EDGE_CURVE('',#2847,#2838,#2851,.T.);
#2853=ORIENTED_EDGE('',*,*,#2852,.F.);
#2854=CARTESIAN_POINT('',(378.406788053,442.089249783,127.6));
#2855=VERTEX_POINT('',#2854);
#2856=CARTESIAN_POINT('',(378.406788053,447.239249783,127.6));
#2857=DIRECTION('',(0.,0.,1.));
#2858=DIRECTION('',(-1.,0.,0.));
#2859=AXIS2_PLACEMENT_3D('',#2856,#2857,#2858);
#2860=CIRCLE('',#2859,5.15);
#2861=EDGE_CURVE('',#2855,#2847,#2860,.T.);
#2862=ORIENTED_EDGE('',*,*,#2861,.F.);
#2863=CARTESIAN_POINT('',(359.706788053,442.089249783,127.6));
#2864=VERTEX_POINT('',#2863);
#2865=CARTESIAN_POINT('',(359.706788053,442.089249783,127.6));
#2866=DIRECTION('',(1.,-0.,-0.));
#2867=VECTOR('',#2866,18.7);
#2868=LINE('',#2865,#2867);
#2869=EDGE_CURVE('',#2864,#2855,#2868,.T.);
#2870=ORIENTED_EDGE('',*,*,#2869,.F.);
#2871=CARTESIAN_POINT('',(354.556788053,447.239249783,127.6));
#2872=VERTEX_POINT('',#2871);
#2873=CARTESIAN_POINT('',(359.706788053,447.239249783,127.6));
#2874=DIRECTION('',(0.,0.,1.));
#2875=DIRECTION('',(-1.,0.,0.));
#2876=AXIS2_PLACEMENT_3D('',#2873,#2874,#2875);
#2877=CIRCLE('',#2876,5.15);
#2878=EDGE_CURVE('',#2872,#2864,#2877,.T.);
#2879=ORIENTED_EDGE('',*,*,#2878,.F.);
#2880=CARTESIAN_POINT('',(354.556788053,456.989249783,127.6));
#2881=VERTEX_POINT('',#2880);
#2882=CARTESIAN_POINT('',(354.556788053,456.989249783,127.6));
#2883=DIRECTION('',(0.,-1.,0.));
#2884=VECTOR('',#2883,9.75);
#2885=LINE('',#2882,#2884);
#2886=EDGE_CURVE('',#2881,#2872,#2885,.T.);
#2887=ORIENTED_EDGE('',*,*,#2886,.F.);
#2888=CARTESIAN_POINT('',(349.706788053,461.839249783,127.6));
#2889=VERTEX_POINT('',#2888);
#2890=CARTESIAN_POINT('',(349.706788053,456.989249783,127.6));
#2891=DIRECTION('',(-0.,-0.,-1.));
#2892=DIRECTION('',(-1.,0.,0.));
#2893=AXIS2_PLACEMENT_3D('',#2890,#2891,#2892);
#2894=CIRCLE('',#2893,4.85);
#2895=EDGE_CURVE('',#2889,#2881,#2894,.T.);
#2896=ORIENTED_EDGE('',*,*,#2895,.F.);
#2897=CARTESIAN_POINT('',(339.956788053,461.839249783,127.6));
#2898=VERTEX_POINT('',#2897);
#2899=CARTESIAN_POINT('',(339.956788053,461.839249783,127.6));
#2900=DIRECTION('',(1.,0.,-0.));
#2901=VECTOR('',#2900,9.75);
#2902=LINE('',#2899,#2901);
#2903=EDGE_CURVE('',#2898,#2889,#2902,.T.);
#2904=ORIENTED_EDGE('',*,*,#2903,.F.);
#2905=CARTESIAN_POINT('',(339.956788053,466.989249783,127.6));
#2906=DIRECTION('',(0.,0.,1.));
#2907=DIRECTION('',(-1.,0.,0.));
#2908=AXIS2_PLACEMENT_3D('',#2905,#2906,#2907);
#2909=CIRCLE('',#2908,5.15);
#2910=EDGE_CURVE('',#2711,#2898,#2909,.T.);
#2911=ORIENTED_EDGE('',*,*,#2910,.F.);
#2912=EDGE_LOOP('',(#2717,#2726,#2734,#2743,#2751,#2760,#2768,#2777,#2785,#2794,#2802,#2811,#2819,#2828,#2836,#2845,#2853,#2862,#2870,#2879,#2887,#2896,#2904,#2911));
#2913=FACE_BOUND('',#2912,.T.);
#2914=ADVANCED_FACE('',(#2607,#2627,#2647,#2667,#2687,#2707,#2913),#2587,.F.);
#2915=CARTESIAN_POINT('',(340.056788053,476.339249783,162.6));
#2916=DIRECTION('',(-0.,-0.,-1.));
#2917=DIRECTION('',(1.,-0.,-0.));
#2918=AXIS2_PLACEMENT_3D('',#2915,#2916,#2917);
#2919=CYLINDRICAL_SURFACE('',#2918,1.6);
#2920=CARTESIAN_POINT('',(341.656788053,476.339249783,132.8));
#2921=VERTEX_POINT('',#2920);
#2922=CARTESIAN_POINT('',(341.656788053,476.339249783,127.6));
#2923=DIRECTION('',(0.,0.,1.));
#2924=VECTOR('',#2923,5.2);
#2925=LINE('',#2922,#2924);
#2926=EDGE_CURVE('',#2669,#2921,#2925,.T.);
#2927=ORIENTED_EDGE('',*,*,#2926,.F.);
#2928=ORIENTED_EDGE('',*,*,#2677,.T.);
#2929=ORIENTED_EDGE('',*,*,#2684,.T.);
#2930=ORIENTED_EDGE('',*,*,#2926,.T.);
#2931=CARTESIAN_POINT('',(338.456788053,476.339249783,132.8));
#2932=VERTEX_POINT('',#2931);
#2933=CARTESIAN_POINT('',(340.056788053,476.339249783,132.8));
#2934=DIRECTION('',(0.,0.,1.));
#2935=DIRECTION('',(-1.,0.,0.));
#2936=AXIS2_PLACEMENT_3D('',#2933,#2934,#2935);
#2937=CIRCLE('',#2936,1.6);
#2938=EDGE_CURVE('',#2921,#2932,#2937,.T.);
#2939=ORIENTED_EDGE('',*,*,#2938,.T.);
#2940=CARTESIAN_POINT('',(340.056788053,476.339249783,132.8));
#2941=DIRECTION('',(0.,0.,1.));
#2942=DIRECTION('',(-1.,0.,0.));
#2943=AXIS2_PLACEMENT_3D('',#2940,#2941,#2942);
#2944=CIRCLE('',#2943,1.6);
#2945=EDGE_CURVE('',#2932,#2921,#2944,.T.);
#2946=ORIENTED_EDGE('',*,*,#2945,.T.);
#2947=EDGE_LOOP('',(#2927,#2928,#2929,#2930,#2939,#2946));
#2948=FACE_BOUND('',#2947,.T.);
#2949=ADVANCED_FACE('',(#2948),#2919,.F.);
#2950=CARTESIAN_POINT('',(398.056788053,476.339249783,162.6));
#2951=DIRECTION('',(-0.,-0.,-1.));
#2952=DIRECTION('',(1.,-0.,-0.));
#2953=AXIS2_PLACEMENT_3D('',#2950,#2951,#2952);
#2954=CYLINDRICAL_SURFACE('',#2953,1.6);
#2955=CARTESIAN_POINT('',(399.656788053,476.339249783,132.8));
#2956=VERTEX_POINT('',#2955);
#2957=CARTESIAN_POINT('',(399.656788053,476.339249783,127.6));
#2958=DIRECTION('',(0.,0.,1.));
#2959=VECTOR('',#2958,5.2);
#2960=LINE('',#2957,#2959);
#2961=EDGE_CURVE('',#2689,#2956,#2960,.T.);
#2962=ORIENTED_EDGE('',*,*,#2961,.F.);
#2963=ORIENTED_EDGE('',*,*,#2697,.T.);
#2964=ORIENTED_EDGE('',*,*,#2704,.T.);
#2965=ORIENTED_EDGE('',*,*,#2961,.T.);
#2966=CARTESIAN_POINT('',(396.456788053,476.339249783,132.8));
#2967=VERTEX_POINT('',#2966);
#2968=CARTESIAN_POINT('',(398.056788053,476.339249783,132.8));
#2969=DIRECTION('',(0.,0.,1.));
#2970=DIRECTION('',(-1.,0.,0.));
#2971=AXIS2_PLACEMENT_3D('',#2968,#2969,#2970);
#2972=CIRCLE('',#2971,1.6);
#2973=EDGE_CURVE('',#2956,#2967,#2972,.T.);
#2974=ORIENTED_EDGE('',*,*,#2973,.T.);
#2975=CARTESIAN_POINT('',(398.056788053,476.339249783,132.8));
#2976=DIRECTION('',(0.,0.,1.));
#2977=DIRECTION('',(-1.,0.,0.));
#2978=AXIS2_PLACEMENT_3D('',#2975,#2976,#2977);
#2979=CIRCLE('',#2978,1.6);
#2980=EDGE_CURVE('',#2967,#2956,#2979,.T.);
#2981=ORIENTED_EDGE('',*,*,#2980,.T.);
#2982=EDGE_LOOP('',(#2962,#2963,#2964,#2965,#2974,#2981));
#2983=FACE_BOUND('',#2982,.T.);
#2984=ADVANCED_FACE('',(#2983),#2954,.F.);
#2985=CARTESIAN_POINT('',(369.056788053,476.339249783,135.5));
#2986=DIRECTION('',(0.,0.,1.));
#2987=DIRECTION('',(-1.,0.,0.));
#2988=AXIS2_PLACEMENT_3D('',#2985,#2986,#2987);
#2989=PLANE('',#2988);
#2990=CARTESIAN_POINT('',(391.062341552,433.028360651,135.5));
#2991=VERTEX_POINT('',#2990);
#2992=CARTESIAN_POINT('',(394.062341552,433.028360651,135.5));
#2993=DIRECTION('',(-0.,-0.,-1.));
#2994=DIRECTION('',(-1.,0.,0.));
#2995=AXIS2_PLACEMENT_3D('',#2992,#2993,#2994);
#2996=CIRCLE('',#2995,3.);
#2997=EDGE_CURVE('',#2991,#2991,#2996,.T.);
#2998=ORIENTED_EDGE('',*,*,#2997,.T.);
#2999=EDGE_LOOP('',(#2998));
#3000=FACE_BOUND('',#2999,.T.);
#3001=CARTESIAN_POINT('',(316.045681054,476.339249783,135.5));
#3002=VERTEX_POINT('',#3001);
#3003=CARTESIAN_POINT('',(319.045681054,476.339249783,135.5));
#3004=DIRECTION('',(-0.,-0.,-1.));
#3005=DIRECTION('',(-1.,0.,0.));
#3006=AXIS2_PLACEMENT_3D('',#3003,#3004,#3005);
#3007=CIRCLE('',#3006,3.);
#3008=EDGE_CURVE('',#3002,#3002,#3007,.T.);
#3009=ORIENTED_EDGE('',*,*,#3008,.T.);
#3010=EDGE_LOOP('',(#3009));
#3011=FACE_BOUND('',#3010,.T.);
#3012=CARTESIAN_POINT('',(391.062341552,519.650138916,135.5));
#3013=VERTEX_POINT('',#3012);
#3014=CARTESIAN_POINT('',(394.062341552,519.650138916,135.5));
#3015=DIRECTION('',(-0.,-0.,-1.));
#3016=DIRECTION('',(-1.,0.,0.));
#3017=AXIS2_PLACEMENT_3D('',#3014,#3015,#3016);
#3018=CIRCLE('',#3017,3.);
#3019=EDGE_CURVE('',#3013,#3013,#3018,.T.);
#3020=ORIENTED_EDGE('',*,*,#3019,.T.);
#3021=EDGE_LOOP('',(#3020));
#3022=FACE_BOUND('',#3021,.T.);
#3023=CARTESIAN_POINT('',(344.556788053,476.339249783,135.5));
#3024=VERTEX_POINT('',#3023);
#3025=CARTESIAN_POINT('',(350.056788053,476.339249783,135.5));
#3026=DIRECTION('',(-0.,-0.,-1.));
#3027=DIRECTION('',(-1.,0.,0.));
#3028=AXIS2_PLACEMENT_3D('',#3025,#3026,#3027);
#3029=CIRCLE('',#3028,5.5);
#3030=EDGE_CURVE('',#3024,#3024,#3029,.T.);
#3031=ORIENTED_EDGE('',*,*,#3030,.T.);
#3032=EDGE_LOOP('',(#3031));
#3033=FACE_BOUND('',#3032,.T.);
#3034=CARTESIAN_POINT('',(382.556788053,476.339249783,135.5));
#3035=VERTEX_POINT('',#3034);
#3036=CARTESIAN_POINT('',(388.056788053,476.339249783,135.5));
#3037=DIRECTION('',(-0.,-0.,-1.));
#3038=DIRECTION('',(-1.,0.,0.));
#3039=AXIS2_PLACEMENT_3D('',#3036,#3037,#3038);
#3040=CIRCLE('',#3039,5.5);
#3041=EDGE_CURVE('',#3035,#3035,#3040,.T.);
#3042=ORIENTED_EDGE('',*,*,#3041,.T.);
#3043=EDGE_LOOP('',(#3042));
#3044=FACE_BOUND('',#3043,.T.);
#3045=CARTESIAN_POINT('',(367.456788053,496.339249783,135.5));
#3046=VERTEX_POINT('',#3045);
#3047=CARTESIAN_POINT('',(369.056788053,496.339249783,135.5));
#3048=DIRECTION('',(0.,0.,1.));
#3049=DIRECTION('',(-1.,0.,0.));
#3050=AXIS2_PLACEMENT_3D('',#3047,#3048,#3049);
#3051=CIRCLE('',#3050,1.6);
#3052=EDGE_CURVE('',#3046,#3046,#3051,.T.);
#3053=ORIENTED_EDGE('',*,*,#3052,.F.);
#3054=EDGE_LOOP('',(#3053));
#3055=FACE_BOUND('',#3054,.T.);
#3056=CARTESIAN_POINT('',(367.456788053,456.339249783,135.5));
#3057=VERTEX_POINT('',#3056);
#3058=CARTESIAN_POINT('',(369.056788053,456.339249783,135.5));
#3059=DIRECTION('',(0.,0.,1.));
#3060=DIRECTION('',(-1.,0.,0.));
#3061=AXIS2_PLACEMENT_3D('',#3058,#3059,#3060);
#3062=CIRCLE('',#3061,1.6);
#3063=EDGE_CURVE('',#3057,#3057,#3062,.T.);
#3064=ORIENTED_EDGE('',*,*,#3063,.F.);
#3065=EDGE_LOOP('',(#3064));
#3066=FACE_BOUND('',#3065,.T.);
#3067=CARTESIAN_POINT('',(394.806788053,476.339249783,135.5));
#3068=VERTEX_POINT('',#3067);
#3069=CARTESIAN_POINT('',(398.056788053,476.339249783,135.5));
#3070=DIRECTION('',(0.,0.,1.));
#3071=DIRECTION('',(-1.,0.,0.));
#3072=AXIS2_PLACEMENT_3D('',#3069,#3070,#3071);
#3073=CIRCLE('',#3072,3.25);
#3074=EDGE_CURVE('',#3068,#3068,#3073,.T.);
#3075=ORIENTED_EDGE('',*,*,#3074,.F.);
#3076=EDGE_LOOP('',(#3075));
#3077=FACE_BOUND('',#3076,.T.);
#3078=CARTESIAN_POINT('',(336.806788053,476.339249783,135.5));
#3079=VERTEX_POINT('',#3078);
#3080=CARTESIAN_POINT('',(340.056788053,476.339249783,135.5));
#3081=DIRECTION('',(0.,0.,1.));
#3082=DIRECTION('',(-1.,0.,0.));
#3083=AXIS2_PLACEMENT_3D('',#3080,#3081,#3082);
#3084=CIRCLE('',#3083,3.25);
#3085=EDGE_CURVE('',#3079,#3079,#3084,.T.);
#3086=ORIENTED_EDGE('',*,*,#3085,.F.);
#3087=EDGE_LOOP('',(#3086));
#3088=FACE_BOUND('',#3087,.T.);
#3089=CARTESIAN_POINT('',(399.345463188,424.877725556,135.5));
#3090=VERTEX_POINT('',#3089);
#3091=CARTESIAN_POINT('',(428.768112918,475.839249783,135.5));
#3092=VERTEX_POINT('',#3091);
#3093=CARTESIAN_POINT('',(399.345463188,424.877725556,135.5));
#3094=DIRECTION('',(0.5,0.866025404,-0.));
#3095=VECTOR('',#3094,58.845299462);
#3096=LINE('',#3093,#3095);
#3097=EDGE_CURVE('',#3090,#3092,#3096,.T.);
#3098=ORIENTED_EDGE('',*,*,#3097,.T.);
#3099=CARTESIAN_POINT('',(428.902087515,476.339249783,135.5));
#3100=VERTEX_POINT('',#3099);
#3101=CARTESIAN_POINT('',(427.902087515,476.339249783,135.5));
#3102=DIRECTION('',(0.,0.,1.));
#3103=DIRECTION('',(-1.,0.,0.));
#3104=AXIS2_PLACEMENT_3D('',#3101,#3102,#3103);
#3105=CIRCLE('',#3104,1.);
#3106=EDGE_CURVE('',#3092,#3100,#3105,.T.);
#3107=ORIENTED_EDGE('',*,*,#3106,.T.);
#3108=CARTESIAN_POINT('',(428.768112918,476.839249783,135.5));
#3109=VERTEX_POINT('',#3108);
#3110=CARTESIAN_POINT('',(427.902087515,476.339249783,135.5));
#3111=DIRECTION('',(0.,0.,1.));
#3112=DIRECTION('',(-1.,0.,0.));
#3113=AXIS2_PLACEMENT_3D('',#3110,#3111,#3112);
#3114=CIRCLE('',#3113,1.);
#3115=EDGE_CURVE('',#3100,#3109,#3114,.T.);
#3116=ORIENTED_EDGE('',*,*,#3115,.T.);
#3117=CARTESIAN_POINT('',(399.345463188,527.80077401,135.5));
#3118=VERTEX_POINT('',#3117);
#3119=CARTESIAN_POINT('',(428.768112918,476.839249783,135.5));
#3120=DIRECTION('',(-0.5,0.866025404,-0.));
#3121=VECTOR('',#3120,58.845299462);
#3122=LINE('',#3119,#3121);
#3123=EDGE_CURVE('',#3109,#3118,#3122,.T.);
#3124=ORIENTED_EDGE('',*,*,#3123,.T.);
#3125=CARTESIAN_POINT('',(398.479437784,528.30077401,135.5));
#3126=VERTEX_POINT('',#3125);
#3127=CARTESIAN_POINT('',(398.479437784,527.30077401,135.5));
#3128=DIRECTION('',(0.,0.,1.));
#3129=DIRECTION('',(-1.,0.,0.));
#3130=AXIS2_PLACEMENT_3D('',#3127,#3128,#3129);
#3131=CIRCLE('',#3130,1.);
#3132=EDGE_CURVE('',#3118,#3126,#3131,.T.);
#3133=ORIENTED_EDGE('',*,*,#3132,.T.);
#3134=CARTESIAN_POINT('',(339.634138322,528.30077401,135.5));
#3135=VERTEX_POINT('',#3134);
#3136=CARTESIAN_POINT('',(398.479437784,528.30077401,135.5));
#3137=DIRECTION('',(-1.,0.,0.));
#3138=VECTOR('',#3137,58.845299462);
#3139=LINE('',#3136,#3138);
#3140=EDGE_CURVE('',#3126,#3135,#3139,.T.);
#3141=ORIENTED_EDGE('',*,*,#3140,.T.);
#3142=CARTESIAN_POINT('',(338.768112918,527.80077401,135.5));
#3143=VERTEX_POINT('',#3142);
#3144=CARTESIAN_POINT('',(339.634138322,527.30077401,135.5));
#3145=DIRECTION('',(0.,0.,1.));
#3146=DIRECTION('',(-1.,0.,0.));
#3147=AXIS2_PLACEMENT_3D('',#3144,#3145,#3146);
#3148=CIRCLE('',#3147,1.);
#3149=EDGE_CURVE('',#3135,#3143,#3148,.T.);
#3150=ORIENTED_EDGE('',*,*,#3149,.T.);
#3151=CARTESIAN_POINT('',(309.345463188,476.839249783,135.5));
#3152=VERTEX_POINT('',#3151);
#3153=CARTESIAN_POINT('',(338.768112918,527.80077401,135.5));
#3154=DIRECTION('',(-0.5,-0.866025404,0.));
#3155=VECTOR('',#3154,58.845299462);
#3156=LINE('',#3153,#3155);
#3157=EDGE_CURVE('',#3143,#3152,#3156,.T.);
#3158=ORIENTED_EDGE('',*,*,#3157,.T.);
#3159=CARTESIAN_POINT('',(309.345463188,475.839249783,135.5));
#3160=VERTEX_POINT('',#3159);
#3161=CARTESIAN_POINT('',(310.211488591,476.339249783,135.5));
#3162=DIRECTION('',(0.,0.,1.));
#3163=DIRECTION('',(-1.,0.,0.));
#3164=AXIS2_PLACEMENT_3D('',#3161,#3162,#3163);
#3165=CIRCLE('',#3164,1.);
#3166=EDGE_CURVE('',#3152,#3160,#3165,.T.);
#3167=ORIENTED_EDGE('',*,*,#3166,.T.);
#3168=CARTESIAN_POINT('',(338.768112918,424.877725556,135.5));
#3169=VERTEX_POINT('',#3168);
#3170=CARTESIAN_POINT('',(309.345463188,475.839249783,135.5));
#3171=DIRECTION('',(0.5,-0.866025404,0.));
#3172=VECTOR('',#3171,58.845299462);
#3173=LINE('',#3170,#3172);
#3174=EDGE_CURVE('',#3160,#3169,#3173,.T.);
#3175=ORIENTED_EDGE('',*,*,#3174,.T.);
#3176=CARTESIAN_POINT('',(339.634138322,424.377725556,135.5));
#3177=VERTEX_POINT('',#3176);
#3178=CARTESIAN_POINT('',(339.634138322,425.377725556,135.5));
#3179=DIRECTION('',(0.,0.,1.));
#3180=DIRECTION('',(-1.,0.,0.));
#3181=AXIS2_PLACEMENT_3D('',#3178,#3179,#3180);
#3182=CIRCLE('',#3181,1.);
#3183=EDGE_CURVE('',#3169,#3177,#3182,.T.);
#3184=ORIENTED_EDGE('',*,*,#3183,.T.);
#3185=CARTESIAN_POINT('',(398.479437784,424.377725556,135.5));
#3186=VERTEX_POINT('',#3185);
#3187=CARTESIAN_POINT('',(339.634138322,424.377725556,135.5));
#3188=DIRECTION('',(1.,-0.,-0.));
#3189=VECTOR('',#3188,58.845299462);
#3190=LINE('',#3187,#3189);
#3191=EDGE_CURVE('',#3177,#3186,#3190,.T.);
#3192=ORIENTED_EDGE('',*,*,#3191,.T.);
#3193=CARTESIAN_POINT('',(398.479437784,425.377725556,135.5));
#3194=DIRECTION('',(0.,0.,1.));
#3195=DIRECTION('',(-1.,0.,0.));
#3196=AXIS2_PLACEMENT_3D('',#3193,#3194,#3195);
#3197=CIRCLE('',#3196,1.);
#3198=EDGE_CURVE('',#3186,#3090,#3197,.T.);
#3199=ORIENTED_EDGE('',*,*,#3198,.T.);
#3200=EDGE_LOOP('',(#3098,#3107,#3116,#3124,#3133,#3141,#3150,#3158,#3167,#3175,#3184,#3192,#3199));
#3201=FACE_BOUND('',#3200,.T.);
#3202=ADVANCED_FACE('',(#3000,#3011,#3022,#3033,#3044,#3055,#3066,#3077,#3088,#3201),#2989,.T.);
#3203=CARTESIAN_POINT('',(324.056788053,502.320011897,136.6));
#3204=DIRECTION('',(0.866025404,-0.5,-0.));
#3205=DIRECTION('',(0.5,0.866025404,-0.));
#3206=AXIS2_PLACEMENT_3D('',#3203,#3204,#3205);
#3207=PLANE('',#3206);
#3208=CARTESIAN_POINT('',(338.768112918,527.80077401,132.014213562));
#3209=VERTEX_POINT('',#3208);
#3210=CARTESIAN_POINT('',(309.345463188,476.839249783,132.014213562));
#3211=VERTEX_POINT('',#3210);
#3212=CARTESIAN_POINT('',(338.768112918,527.80077401,132.014213562));
#3213=DIRECTION('',(-0.5,-0.866025404,0.));
#3214=VECTOR('',#3213,58.845299462);
#3215=LINE('',#3212,#3214);
#3216=EDGE_CURVE('',#3209,#3211,#3215,.T.);
#3217=ORIENTED_EDGE('',*,*,#3216,.T.);
#3218=CARTESIAN_POINT('',(309.345463188,476.839249783,132.014213562));
#3219=DIRECTION('',(0.,0.,1.));
#3220=VECTOR('',#3219,3.485786438);
#3221=LINE('',#3218,#3220);
#3222=EDGE_CURVE('',#3211,#3152,#3221,.T.);
#3223=ORIENTED_EDGE('',*,*,#3222,.T.);
#3224=ORIENTED_EDGE('',*,*,#3157,.F.);
#3225=CARTESIAN_POINT('',(338.768112918,527.80077401,135.5));
#3226=DIRECTION('',(-0.,-0.,-1.));
#3227=VECTOR('',#3226,3.485786438);
#3228=LINE('',#3225,#3227);
#3229=EDGE_CURVE('',#3143,#3209,#3228,.T.);
#3230=ORIENTED_EDGE('',*,*,#3229,.T.);
#3231=EDGE_LOOP('',(#3217,#3223,#3224,#3230));
#3232=FACE_BOUND('',#3231,.T.);
#3233=ADVANCED_FACE('',(#3232),#3207,.F.);
#3234=CARTESIAN_POINT('',(324.056788053,450.35848767,136.6));
#3235=DIRECTION('',(0.866025404,0.5,-0.));
#3236=DIRECTION('',(-0.5,0.866025404,-0.));
#3237=AXIS2_PLACEMENT_3D('',#3234,#3235,#3236);
#3238=PLANE('',#3237);
#3239=CARTESIAN_POINT('',(309.345463188,475.839249783,132.014213562));
#3240=VERTEX_POINT('',#3239);
#3241=CARTESIAN_POINT('',(338.768112918,424.877725556,132.014213562));
#3242=VERTEX_POINT('',#3241);
#3243=CARTESIAN_POINT('',(309.345463188,475.839249783,132.014213562));
#3244=DIRECTION('',(0.5,-0.866025404,0.));
#3245=VECTOR('',#3244,58.845299462);
#3246=LINE('',#3243,#3245);
#3247=EDGE_CURVE('',#3240,#3242,#3246,.T.);
#3248=ORIENTED_EDGE('',*,*,#3247,.T.);
#3249=CARTESIAN_POINT('',(338.768112918,424.877725556,132.014213562));
#3250=DIRECTION('',(0.,0.,1.));
#3251=VECTOR('',#3250,3.485786438);
#3252=LINE('',#3249,#3251);
#3253=EDGE_CURVE('',#3242,#3169,#3252,.T.);
#3254=ORIENTED_EDGE('',*,*,#3253,.T.);
#3255=ORIENTED_EDGE('',*,*,#3174,.F.);
#3256=CARTESIAN_POINT('',(309.345463188,475.839249783,135.5));
#3257=DIRECTION('',(-0.,-0.,-1.));
#3258=VECTOR('',#3257,3.485786438);
#3259=LINE('',#3256,#3258);
#3260=EDGE_CURVE('',#3160,#3240,#3259,.T.);
#3261=ORIENTED_EDGE('',*,*,#3260,.T.);
#3262=EDGE_LOOP('',(#3248,#3254,#3255,#3261));
#3263=FACE_BOUND('',#3262,.T.);
#3264=ADVANCED_FACE('',(#3263),#3238,.F.);
#3265=CARTESIAN_POINT('',(369.056788053,424.377725556,136.6));
#3266=DIRECTION('',(0.,1.,-0.));
#3267=DIRECTION('',(-1.,0.,0.));
#3268=AXIS2_PLACEMENT_3D('',#3265,#3266,#3267);
#3269=PLANE('',#3268);
#3270=CARTESIAN_POINT('',(339.634138322,424.377725556,132.014213562));
#3271=VERTEX_POINT('',#3270);
#3272=CARTESIAN_POINT('',(398.479437784,424.377725556,132.014213562));
#3273=VERTEX_POINT('',#3272);
#3274=CARTESIAN_POINT('',(339.634138322,424.377725556,132.014213562));
#3275=DIRECTION('',(1.,-0.,-0.));
#3276=VECTOR('',#3275,58.845299462);
#3277=LINE('',#3274,#3276);
#3278=EDGE_CURVE('',#3271,#3273,#3277,.T.);
#3279=ORIENTED_EDGE('',*,*,#3278,.T.);
#3280=CARTESIAN_POINT('',(398.479437784,424.377725556,132.014213562));
#3281=DIRECTION('',(0.,0.,1.));
#3282=VECTOR('',#3281,3.485786438);
#3283=LINE('',#3280,#3282);
#3284=EDGE_CURVE('',#3273,#3186,#3283,.T.);
#3285=ORIENTED_EDGE('',*,*,#3284,.T.);
#3286=ORIENTED_EDGE('',*,*,#3191,.F.);
#3287=CARTESIAN_POINT('',(339.634138322,424.377725556,135.5));
#3288=DIRECTION('',(-0.,-0.,-1.));
#3289=VECTOR('',#3288,3.485786438);
#3290=LINE('',#3287,#3289);
#3291=EDGE_CURVE('',#3177,#3271,#3290,.T.);
#3292=ORIENTED_EDGE('',*,*,#3291,.T.);
#3293=EDGE_LOOP('',(#3279,#3285,#3286,#3292));
#3294=FACE_BOUND('',#3293,.T.);
#3295=ADVANCED_FACE('',(#3294),#3269,.F.);
#3296=CARTESIAN_POINT('',(414.056788053,450.35848767,136.6));
#3297=DIRECTION('',(-0.866025404,0.5,0.));
#3298=DIRECTION('',(-0.5,-0.866025404,0.));
#3299=AXIS2_PLACEMENT_3D('',#3296,#3297,#3298);
#3300=PLANE('',#3299);
#3301=CARTESIAN_POINT('',(399.345463188,424.877725556,132.014213562));
#3302=VERTEX_POINT('',#3301);
#3303=CARTESIAN_POINT('',(428.768112918,475.839249783,132.014213562));
#3304=VERTEX_POINT('',#3303);
#3305=CARTESIAN_POINT('',(399.345463188,424.877725556,132.014213562));
#3306=DIRECTION('',(0.5,0.866025404,-0.));
#3307=VECTOR('',#3306,58.845299462);
#3308=LINE('',#3305,#3307);
#3309=EDGE_CURVE('',#3302,#3304,#3308,.T.);
#3310=ORIENTED_EDGE('',*,*,#3309,.T.);
#3311=CARTESIAN_POINT('',(428.768112918,475.839249783,132.014213562));
#3312=DIRECTION('',(0.,0.,1.));
#3313=VECTOR('',#3312,3.485786438);
#3314=LINE('',#3311,#3313);
#3315=EDGE_CURVE('',#3304,#3092,#3314,.T.);
#3316=ORIENTED_EDGE('',*,*,#3315,.T.);
#3317=ORIENTED_EDGE('',*,*,#3097,.F.);
#3318=CARTESIAN_POINT('',(399.345463188,424.877725556,135.5));
#3319=DIRECTION('',(-0.,-0.,-1.));
#3320=VECTOR('',#3319,3.485786438);
#3321=LINE('',#3318,#3320);
#3322=EDGE_CURVE('',#3090,#3302,#3321,.T.);
#3323=ORIENTED_EDGE('',*,*,#3322,.T.);
#3324=EDGE_LOOP('',(#3310,#3316,#3317,#3323));
#3325=FACE_BOUND('',#3324,.T.);
#3326=ADVANCED_FACE('',(#3325),#3300,.F.);
#3327=CARTESIAN_POINT('',(414.056788053,502.320011897,136.6));
#3328=DIRECTION('',(-0.866025404,-0.5,0.));
#3329=DIRECTION('',(0.5,-0.866025404,0.));
#3330=AXIS2_PLACEMENT_3D('',#3327,#3328,#3329);
#3331=PLANE('',#3330);
#3332=ORIENTED_EDGE('',*,*,#3123,.F.);
#3333=CARTESIAN_POINT('',(428.768112918,476.839249783,132.014213562));
#3334=VERTEX_POINT('',#3333);
#3335=CARTESIAN_POINT('',(428.768112918,476.839249783,135.5));
#3336=DIRECTION('',(-0.,-0.,-1.));
#3337=VECTOR('',#3336,3.485786438);
#3338=LINE('',#3335,#3337);
#3339=EDGE_CURVE('',#3109,#3334,#3338,.T.);
#3340=ORIENTED_EDGE('',*,*,#3339,.T.);
#3341=CARTESIAN_POINT('',(399.345463188,527.80077401,132.014213562));
#3342=VERTEX_POINT('',#3341);
#3343=CARTESIAN_POINT('',(428.768112918,476.839249783,132.014213562));
#3344=DIRECTION('',(-0.5,0.866025404,-0.));
#3345=VECTOR('',#3344,58.845299462);
#3346=LINE('',#3343,#3345);
#3347=EDGE_CURVE('',#3334,#3342,#3346,.T.);
#3348=ORIENTED_EDGE('',*,*,#3347,.T.);
#3349=CARTESIAN_POINT('',(399.345463188,527.80077401,132.014213562));
#3350=DIRECTION('',(0.,0.,1.));
#3351=VECTOR('',#3350,3.485786438);
#3352=LINE('',#3349,#3351);
#3353=EDGE_CURVE('',#3342,#3118,#3352,.T.);
#3354=ORIENTED_EDGE('',*,*,#3353,.T.);
#3355=EDGE_LOOP('',(#3332,#3340,#3348,#3354));
#3356=FACE_BOUND('',#3355,.T.);
#3357=ADVANCED_FACE('',(#3356),#3331,.F.);
#3358=CARTESIAN_POINT('',(369.056788053,528.30077401,136.6));
#3359=DIRECTION('',(-0.,-1.,0.));
#3360=DIRECTION('',(1.,-0.,-0.));
#3361=AXIS2_PLACEMENT_3D('',#3358,#3359,#3360);
#3362=PLANE('',#3361);
#3363=ORIENTED_EDGE('',*,*,#3140,.F.);
#3364=CARTESIAN_POINT('',(398.479437784,528.30077401,132.014213562));
#3365=VERTEX_POINT('',#3364);
#3366=CARTESIAN_POINT('',(398.479437784,528.30077401,135.5));
#3367=DIRECTION('',(-0.,-0.,-1.));
#3368=VECTOR('',#3367,3.485786438);
#3369=LINE('',#3366,#3368);
#3370=EDGE_CURVE('',#3126,#3365,#3369,.T.);
#3371=ORIENTED_EDGE('',*,*,#3370,.T.);
#3372=CARTESIAN_POINT('',(339.634138322,528.30077401,132.014213562));
#3373=VERTEX_POINT('',#3372);
#3374=CARTESIAN_POINT('',(398.479437784,528.30077401,132.014213562));
#3375=DIRECTION('',(-1.,0.,0.));
#3376=VECTOR('',#3375,58.845299462);
#3377=LINE('',#3374,#3376);
#3378=EDGE_CURVE('',#3365,#3373,#3377,.T.);
#3379=ORIENTED_EDGE('',*,*,#3378,.T.);
#3380=CARTESIAN_POINT('',(339.634138322,528.30077401,132.014213562));
#3381=DIRECTION('',(0.,0.,1.));
#3382=VECTOR('',#3381,3.485786438);
#3383=LINE('',#3380,#3382);
#3384=EDGE_CURVE('',#3373,#3135,#3383,.T.);
#3385=ORIENTED_EDGE('',*,*,#3384,.T.);
#3386=EDGE_LOOP('',(#3363,#3371,#3379,#3385));
#3387=FACE_BOUND('',#3386,.T.);
#3388=ADVANCED_FACE('',(#3387),#3362,.F.);
#3389=CARTESIAN_POINT('',(414.056788053,502.320011897,131.6));
#3390=DIRECTION('',(-0.612372436,-0.353553391,0.707106781));
#3391=DIRECTION('',(-0.5,0.866025404,0.));
#3392=AXIS2_PLACEMENT_3D('',#3389,#3390,#3391);
#3393=PLANE('',#3392);
#3394=CARTESIAN_POINT('',(399.091810219,527.654327401,131.307106781));
#3395=VERTEX_POINT('',#3394);
#3396=CARTESIAN_POINT('',(428.51445995,476.692803174,131.307106781));
#3397=VERTEX_POINT('',#3396);
#3398=CARTESIAN_POINT('',(399.091810219,527.654327401,131.307106781));
#3399=DIRECTION('',(0.5,-0.866025404,0.));
#3400=VECTOR('',#3399,58.845299462);
#3401=LINE('',#3398,#3400);
#3402=EDGE_CURVE('',#3395,#3397,#3401,.T.);
#3403=ORIENTED_EDGE('',*,*,#3402,.T.);
#3404=CARTESIAN_POINT('',(423.301895119,476.692803174,126.792893219));
#3405=VERTEX_POINT('',#3404);
#3406=CARTESIAN_POINT('',(428.51445995,476.692803174,131.307106781));
#3407=DIRECTION('',(-0.755928946,-0.,-0.654653671));
#3408=VECTOR('',#3407,6.895575118);
#3409=LINE('',#3406,#3408);
#3410=EDGE_CURVE('',#3397,#3405,#3409,.T.);
#3411=ORIENTED_EDGE('',*,*,#3410,.T.);
#3412=CARTESIAN_POINT('',(396.485527804,523.140113838,126.792893219));
#3413=VERTEX_POINT('',#3412);
#3414=CARTESIAN_POINT('',(423.301895119,476.692803174,126.792893219));
#3415=DIRECTION('',(-0.5,0.866025404,-0.));
#3416=VECTOR('',#3415,53.632734631);
#3417=LINE('',#3414,#3416);
#3418=EDGE_CURVE('',#3405,#3413,#3417,.T.);
#3419=ORIENTED_EDGE('',*,*,#3418,.T.);
#3420=CARTESIAN_POINT('',(396.485527804,523.140113838,126.792893219));
#3421=DIRECTION('',(0.377964473,0.654653671,0.654653671));
#3422=VECTOR('',#3421,6.895575118);
#3423=LINE('',#3420,#3422);
#3424=EDGE_CURVE('',#3413,#3395,#3423,.T.);
#3425=ORIENTED_EDGE('',*,*,#3424,.T.);
#3426=EDGE_LOOP('',(#3403,#3411,#3419,#3425));
#3427=FACE_BOUND('',#3426,.T.);
#3428=ADVANCED_FACE('',(#3427),#3393,.F.);
#3429=CARTESIAN_POINT('',(369.056788053,528.30077401,131.6));
#3430=DIRECTION('',(-0.,-0.707106781,0.707106781));
#3431=DIRECTION('',(-1.,0.,0.));
#3432=AXIS2_PLACEMENT_3D('',#3429,#3430,#3431);
#3433=PLANE('',#3432);
#3434=CARTESIAN_POINT('',(339.634138322,528.007880791,131.307106781));
#3435=VERTEX_POINT('',#3434);
#3436=CARTESIAN_POINT('',(398.479437784,528.007880791,131.307106781));
#3437=VERTEX_POINT('',#3436);
#3438=CARTESIAN_POINT('',(339.634138322,528.007880791,131.307106781));
#3439=DIRECTION('',(1.,-0.,-0.));
#3440=VECTOR('',#3439,58.845299462);
#3441=LINE('',#3438,#3440);
#3442=EDGE_CURVE('',#3435,#3437,#3441,.T.);
#3443=ORIENTED_EDGE('',*,*,#3442,.T.);
#3444=CARTESIAN_POINT('',(395.873155368,523.493667229,126.792893219));
#3445=VERTEX_POINT('',#3444);
#3446=CARTESIAN_POINT('',(398.479437784,528.007880791,131.307106781));
#3447=DIRECTION('',(-0.377964473,-0.654653671,-0.654653671));
#3448=VECTOR('',#3447,6.895575118);
#3449=LINE('',#3446,#3448);
#3450=EDGE_CURVE('',#3437,#3445,#3449,.T.);
#3451=ORIENTED_EDGE('',*,*,#3450,.T.);
#3452=CARTESIAN_POINT('',(342.240420738,523.493667229,126.792893219));
#3453=VERTEX_POINT('',#3452);
#3454=CARTESIAN_POINT('',(395.873155368,523.493667229,126.792893219));
#3455=DIRECTION('',(-1.,0.,0.));
#3456=VECTOR('',#3455,53.632734631);
#3457=LINE('',#3454,#3456);
#3458=EDGE_CURVE('',#3445,#3453,#3457,.T.);
#3459=ORIENTED_EDGE('',*,*,#3458,.T.);
#3460=CARTESIAN_POINT('',(342.240420738,523.493667229,126.792893219));
#3461=DIRECTION('',(-0.377964473,0.654653671,0.654653671));
#3462=VECTOR('',#3461,6.895575118);
#3463=LINE('',#3460,#3462);
#3464=EDGE_CURVE('',#3453,#3435,#3463,.T.);
#3465=ORIENTED_EDGE('',*,*,#3464,.T.);
#3466=EDGE_LOOP('',(#3443,#3451,#3459,#3465));
#3467=FACE_BOUND('',#3466,.T.);
#3468=ADVANCED_FACE('',(#3467),#3433,.F.);
#3469=CARTESIAN_POINT('',(414.056788053,450.35848767,131.6));
#3470=DIRECTION('',(-0.612372436,0.353553391,0.707106781));
#3471=DIRECTION('',(0.5,0.866025404,-0.));
#3472=AXIS2_PLACEMENT_3D('',#3469,#3470,#3471);
#3473=PLANE('',#3472);
#3474=CARTESIAN_POINT('',(396.485527804,429.538385728,126.792893219));
#3475=VERTEX_POINT('',#3474);
#3476=CARTESIAN_POINT('',(423.301895119,475.985696393,126.792893219));
#3477=VERTEX_POINT('',#3476);
#3478=CARTESIAN_POINT('',(396.485527804,429.538385728,126.792893219));
#3479=DIRECTION('',(0.5,0.866025404,-0.));
#3480=VECTOR('',#3479,53.632734631);
#3481=LINE('',#3478,#3480);
#3482=EDGE_CURVE('',#3475,#3477,#3481,.T.);
#3483=ORIENTED_EDGE('',*,*,#3482,.T.);
#3484=CARTESIAN_POINT('',(428.51445995,475.985696393,131.307106781));
#3485=VERTEX_POINT('',#3484);
#3486=CARTESIAN_POINT('',(423.301895119,475.985696393,126.792893219));
#3487=DIRECTION('',(0.755928946,0.,0.654653671));
#3488=VECTOR('',#3487,6.895575118);
#3489=LINE('',#3486,#3488);
#3490=EDGE_CURVE('',#3477,#3485,#3489,.T.);
#3491=ORIENTED_EDGE('',*,*,#3490,.T.);
#3492=CARTESIAN_POINT('',(399.091810219,425.024172166,131.307106781));
#3493=VERTEX_POINT('',#3492);
#3494=CARTESIAN_POINT('',(428.51445995,475.985696393,131.307106781));
#3495=DIRECTION('',(-0.5,-0.866025404,0.));
#3496=VECTOR('',#3495,58.845299462);
#3497=LINE('',#3494,#3496);
#3498=EDGE_CURVE('',#3485,#3493,#3497,.T.);
#3499=ORIENTED_EDGE('',*,*,#3498,.T.);
#3500=CARTESIAN_POINT('',(399.091810219,425.024172166,131.307106781));
#3501=DIRECTION('',(-0.377964473,0.654653671,-0.654653671));
#3502=VECTOR('',#3501,6.895575118);
#3503=LINE('',#3500,#3502);
#3504=EDGE_CURVE('',#3493,#3475,#3503,.T.);
#3505=ORIENTED_EDGE('',*,*,#3504,.T.);
#3506=EDGE_LOOP('',(#3483,#3491,#3499,#3505));
#3507=FACE_BOUND('',#3506,.T.);
#3508=ADVANCED_FACE('',(#3507),#3473,.F.);
#3509=CARTESIAN_POINT('',(324.056788053,502.320011897,131.6));
#3510=DIRECTION('',(0.612372436,-0.353553391,0.707106781));
#3511=DIRECTION('',(-0.5,-0.866025404,0.));
#3512=AXIS2_PLACEMENT_3D('',#3509,#3510,#3511);
#3513=PLANE('',#3512);
#3514=CARTESIAN_POINT('',(341.628048302,523.140113838,126.792893219));
#3515=VERTEX_POINT('',#3514);
#3516=CARTESIAN_POINT('',(314.811680986,476.692803174,126.792893219));
#3517=VERTEX_POINT('',#3516);
#3518=CARTESIAN_POINT('',(341.628048302,523.140113838,126.792893219));
#3519=DIRECTION('',(-0.5,-0.866025404,0.));
#3520=VECTOR('',#3519,53.632734631);
#3521=LINE('',#3518,#3520);
#3522=EDGE_CURVE('',#3515,#3517,#3521,.T.);
#3523=ORIENTED_EDGE('',*,*,#3522,.T.);
#3524=CARTESIAN_POINT('',(309.599116156,476.692803174,131.307106781));
#3525=VERTEX_POINT('',#3524);
#3526=CARTESIAN_POINT('',(314.811680986,476.692803174,126.792893219));
#3527=DIRECTION('',(-0.755928946,0.,0.654653671));
#3528=VECTOR('',#3527,6.895575118);
#3529=LINE('',#3526,#3528);
#3530=EDGE_CURVE('',#3517,#3525,#3529,.T.);
#3531=ORIENTED_EDGE('',*,*,#3530,.T.);
#3532=CARTESIAN_POINT('',(339.021765886,527.654327401,131.307106781));
#3533=VERTEX_POINT('',#3532);
#3534=CARTESIAN_POINT('',(309.599116156,476.692803174,131.307106781));
#3535=DIRECTION('',(0.5,0.866025404,-0.));
#3536=VECTOR('',#3535,58.845299462);
#3537=LINE('',#3534,#3536);
#3538=EDGE_CURVE('',#3525,#3533,#3537,.T.);
#3539=ORIENTED_EDGE('',*,*,#3538,.T.);
#3540=CARTESIAN_POINT('',(339.021765886,527.654327401,131.307106781));
#3541=DIRECTION('',(0.377964473,-0.654653671,-0.654653671));
#3542=VECTOR('',#3541,6.895575118);
#3543=LINE('',#3540,#3542);
#3544=EDGE_CURVE('',#3533,#3515,#3543,.T.);
#3545=ORIENTED_EDGE('',*,*,#3544,.T.);
#3546=EDGE_LOOP('',(#3523,#3531,#3539,#3545));
#3547=FACE_BOUND('',#3546,.T.);
#3548=ADVANCED_FACE('',(#3547),#3513,.F.);
#3549=CARTESIAN_POINT('',(369.056788053,424.377725556,131.6));
#3550=DIRECTION('',(0.,0.707106781,0.707106781));
#3551=DIRECTION('',(1.,-0.,-0.));
#3552=AXIS2_PLACEMENT_3D('',#3549,#3550,#3551);
#3553=PLANE('',#3552);
#3554=CARTESIAN_POINT('',(342.240420738,429.184832337,126.792893219));
#3555=VERTEX_POINT('',#3554);
#3556=CARTESIAN_POINT('',(395.873155368,429.184832337,126.792893219));
#3557=VERTEX_POINT('',#3556);
#3558=CARTESIAN_POINT('',(342.240420738,429.184832337,126.792893219));
#3559=DIRECTION('',(1.,-0.,-0.));
#3560=VECTOR('',#3559,53.632734631);
#3561=LINE('',#3558,#3560);
#3562=EDGE_CURVE('',#3555,#3557,#3561,.T.);
#3563=ORIENTED_EDGE('',*,*,#3562,.T.);
#3564=CARTESIAN_POINT('',(398.479437784,424.670618775,131.307106781));
#3565=VERTEX_POINT('',#3564);
#3566=CARTESIAN_POINT('',(395.873155368,429.184832337,126.792893219));
#3567=DIRECTION('',(0.377964473,-0.654653671,0.654653671));
#3568=VECTOR('',#3567,6.895575118);
#3569=LINE('',#3566,#3568);
#3570=EDGE_CURVE('',#3557,#3565,#3569,.T.);
#3571=ORIENTED_EDGE('',*,*,#3570,.T.);
#3572=CARTESIAN_POINT('',(339.634138322,424.670618775,131.307106781));
#3573=VERTEX_POINT('',#3572);
#3574=CARTESIAN_POINT('',(398.479437784,424.670618775,131.307106781));
#3575=DIRECTION('',(-1.,0.,0.));
#3576=VECTOR('',#3575,58.845299462);
#3577=LINE('',#3574,#3576);
#3578=EDGE_CURVE('',#3565,#3573,#3577,.T.);
#3579=ORIENTED_EDGE('',*,*,#3578,.T.);
#3580=CARTESIAN_POINT('',(339.634138322,424.670618775,131.307106781));
#3581=DIRECTION('',(0.377964473,0.654653671,-0.654653671));
#3582=VECTOR('',#3581,6.895575118);
#3583=LINE('',#3580,#3582);
#3584=EDGE_CURVE('',#3573,#3555,#3583,.T.);
#3585=ORIENTED_EDGE('',*,*,#3584,.T.);
#3586=EDGE_LOOP('',(#3563,#3571,#3579,#3585));
#3587=FACE_BOUND('',#3586,.T.);
#3588=ADVANCED_FACE('',(#3587),#3553,.F.);
#3589=CARTESIAN_POINT('',(324.056788053,450.35848767,131.6));
#3590=DIRECTION('',(0.612372436,0.353553391,0.707106781));
#3591=DIRECTION('',(0.5,-0.866025404,-0.));
#3592=AXIS2_PLACEMENT_3D('',#3589,#3590,#3591);
#3593=PLANE('',#3592);
#3594=CARTESIAN_POINT('',(314.811680986,475.985696393,126.792893219));
#3595=VERTEX_POINT('',#3594);
#3596=CARTESIAN_POINT('',(341.628048302,429.538385728,126.792893219));
#3597=VERTEX_POINT('',#3596);
#3598=CARTESIAN_POINT('',(314.811680986,475.985696393,126.792893219));
#3599=DIRECTION('',(0.5,-0.866025404,0.));
#3600=VECTOR('',#3599,53.632734631);
#3601=LINE('',#3598,#3600);
#3602=EDGE_CURVE('',#3595,#3597,#3601,.T.);
#3603=ORIENTED_EDGE('',*,*,#3602,.T.);
#3604=CARTESIAN_POINT('',(339.021765886,425.024172166,131.307106781));
#3605=VERTEX_POINT('',#3604);
#3606=CARTESIAN_POINT('',(341.628048302,429.538385728,126.792893219));
#3607=DIRECTION('',(-0.377964473,-0.654653671,0.654653671));
#3608=VECTOR('',#3607,6.895575118);
#3609=LINE('',#3606,#3608);
#3610=EDGE_CURVE('',#3597,#3605,#3609,.T.);
#3611=ORIENTED_EDGE('',*,*,#3610,.T.);
#3612=CARTESIAN_POINT('',(309.599116156,475.985696393,131.307106781));
#3613=VERTEX_POINT('',#3612);
#3614=CARTESIAN_POINT('',(339.021765886,425.024172166,131.307106781));
#3615=DIRECTION('',(-0.5,0.866025404,-0.));
#3616=VECTOR('',#3615,58.845299462);
#3617=LINE('',#3614,#3616);
#3618=EDGE_CURVE('',#3605,#3613,#3617,.T.);
#3619=ORIENTED_EDGE('',*,*,#3618,.T.);
#3620=CARTESIAN_POINT('',(309.599116156,475.985696393,131.307106781));
#3621=DIRECTION('',(0.755928946,-0.,-0.654653671));
#3622=VECTOR('',#3621,6.895575118);
#3623=LINE('',#3620,#3622);
#3624=EDGE_CURVE('',#3613,#3595,#3623,.T.);
#3625=ORIENTED_EDGE('',*,*,#3624,.T.);
#3626=EDGE_LOOP('',(#3603,#3611,#3619,#3625));
#3627=FACE_BOUND('',#3626,.T.);
#3628=ADVANCED_FACE('',(#3627),#3593,.F.);
#3629=CARTESIAN_POINT('',(369.056788053,527.30077401,132.014213562));
#3630=DIRECTION('',(-1.,0.,0.));
#3631=DIRECTION('',(-0.,-1.,0.));
#3632=AXIS2_PLACEMENT_3D('',#3629,#3630,#3631);
#3633=CYLINDRICAL_SURFACE('',#3632,1.);
#3634=ORIENTED_EDGE('',*,*,#3378,.F.);
#3635=CARTESIAN_POINT('',(398.479437784,527.30077401,132.014213562));
#3636=DIRECTION('',(-1.,0.,0.));
#3637=DIRECTION('',(-0.,-1.,0.));
#3638=AXIS2_PLACEMENT_3D('',#3635,#3636,#3637);
#3639=CIRCLE('',#3638,1.);
#3640=EDGE_CURVE('',#3365,#3437,#3639,.T.);
#3641=ORIENTED_EDGE('',*,*,#3640,.T.);
#3642=ORIENTED_EDGE('',*,*,#3442,.F.);
#3643=CARTESIAN_POINT('',(339.634138322,527.30077401,132.014213562));
#3644=DIRECTION('',(1.,-0.,-0.));
#3645=DIRECTION('',(-0.,-1.,0.));
#3646=AXIS2_PLACEMENT_3D('',#3643,#3644,#3645);
#3647=CIRCLE('',#3646,1.);
#3648=EDGE_CURVE('',#3435,#3373,#3647,.T.);
#3649=ORIENTED_EDGE('',*,*,#3648,.T.);
#3650=EDGE_LOOP('',(#3634,#3641,#3642,#3649));
#3651=FACE_BOUND('',#3650,.T.);
#3652=ADVANCED_FACE('',(#3651),#3633,.T.);
#3653=CARTESIAN_POINT('',(324.922813457,501.820011897,132.014213562));
#3654=DIRECTION('',(-0.5,-0.866025404,0.));
#3655=DIRECTION('',(0.866025404,-0.5,-0.));
#3656=AXIS2_PLACEMENT_3D('',#3653,#3654,#3655);
#3657=CYLINDRICAL_SURFACE('',#3656,1.);
#3658=ORIENTED_EDGE('',*,*,#3538,.F.);
#3659=CARTESIAN_POINT('',(310.211488591,476.339249783,132.014213562));
#3660=DIRECTION('',(0.5,0.866025404,-0.));
#3661=DIRECTION('',(0.866025404,-0.5,-0.));
#3662=AXIS2_PLACEMENT_3D('',#3659,#3660,#3661);
#3663=CIRCLE('',#3662,1.);
#3664=EDGE_CURVE('',#3525,#3211,#3663,.T.);
#3665=ORIENTED_EDGE('',*,*,#3664,.T.);
#3666=ORIENTED_EDGE('',*,*,#3216,.F.);
#3667=CARTESIAN_POINT('',(339.634138322,527.30077401,132.014213562));
#3668=DIRECTION('',(-0.5,-0.866025404,0.));
#3669=DIRECTION('',(0.866025404,-0.5,-0.));
#3670=AXIS2_PLACEMENT_3D('',#3667,#3668,#3669);
#3671=CIRCLE('',#3670,1.);
#3672=EDGE_CURVE('',#3209,#3533,#3671,.T.);
#3673=ORIENTED_EDGE('',*,*,#3672,.T.);
#3674=EDGE_LOOP('',(#3658,#3665,#3666,#3673));
#3675=FACE_BOUND('',#3674,.T.);
#3676=ADVANCED_FACE('',(#3675),#3657,.T.);
#3677=CARTESIAN_POINT('',(413.190762649,501.820011897,132.014213562));
#3678=DIRECTION('',(-0.5,0.866025404,-0.));
#3679=DIRECTION('',(-0.866025404,-0.5,0.));
#3680=AXIS2_PLACEMENT_3D('',#3677,#3678,#3679);
#3681=CYLINDRICAL_SURFACE('',#3680,1.);
#3682=ORIENTED_EDGE('',*,*,#3347,.F.);
#3683=CARTESIAN_POINT('',(427.902087515,476.339249783,132.014213562));
#3684=DIRECTION('',(-0.5,0.866025404,-0.));
#3685=DIRECTION('',(-0.866025404,-0.5,0.));
#3686=AXIS2_PLACEMENT_3D('',#3683,#3684,#3685);
#3687=CIRCLE('',#3686,1.);
#3688=EDGE_CURVE('',#3334,#3397,#3687,.T.);
#3689=ORIENTED_EDGE('',*,*,#3688,.T.);
#3690=ORIENTED_EDGE('',*,*,#3402,.F.);
#3691=CARTESIAN_POINT('',(398.479437784,527.30077401,132.014213562));
#3692=DIRECTION('',(0.5,-0.866025404,0.));
#3693=DIRECTION('',(-0.866025404,-0.5,0.));
#3694=AXIS2_PLACEMENT_3D('',#3691,#3692,#3693);
#3695=CIRCLE('',#3694,1.);
#3696=EDGE_CURVE('',#3395,#3342,#3695,.T.);
#3697=ORIENTED_EDGE('',*,*,#3696,.T.);
#3698=EDGE_LOOP('',(#3682,#3689,#3690,#3697));
#3699=FACE_BOUND('',#3698,.T.);
#3700=ADVANCED_FACE('',(#3699),#3681,.T.);
#3701=CARTESIAN_POINT('',(324.922813457,450.85848767,132.014213562));
#3702=DIRECTION('',(0.5,-0.866025404,0.));
#3703=DIRECTION('',(0.866025404,0.5,-0.));
#3704=AXIS2_PLACEMENT_3D('',#3701,#3702,#3703);
#3705=CYLINDRICAL_SURFACE('',#3704,1.);
#3706=ORIENTED_EDGE('',*,*,#3618,.F.);
#3707=CARTESIAN_POINT('',(339.634138322,425.377725556,132.014213562));
#3708=DIRECTION('',(-0.5,0.866025404,-0.));
#3709=DIRECTION('',(0.866025404,0.5,-0.));
#3710=AXIS2_PLACEMENT_3D('',#3707,#3708,#3709);
#3711=CIRCLE('',#3710,1.);
#3712=EDGE_CURVE('',#3605,#3242,#3711,.T.);
#3713=ORIENTED_EDGE('',*,*,#3712,.T.);
#3714=ORIENTED_EDGE('',*,*,#3247,.F.);
#3715=CARTESIAN_POINT('',(310.211488591,476.339249783,132.014213562));
#3716=DIRECTION('',(0.5,-0.866025404,0.));
#3717=DIRECTION('',(0.866025404,0.5,-0.));
#3718=AXIS2_PLACEMENT_3D('',#3715,#3716,#3717);
#3719=CIRCLE('',#3718,1.);
#3720=EDGE_CURVE('',#3240,#3613,#3719,.T.);
#3721=ORIENTED_EDGE('',*,*,#3720,.T.);
#3722=EDGE_LOOP('',(#3706,#3713,#3714,#3721));
#3723=FACE_BOUND('',#3722,.T.);
#3724=ADVANCED_FACE('',(#3723),#3705,.T.);
#3725=CARTESIAN_POINT('',(413.190762649,450.85848767,132.014213562));
#3726=DIRECTION('',(0.5,0.866025404,-0.));
#3727=DIRECTION('',(-0.866025404,0.5,0.));
#3728=AXIS2_PLACEMENT_3D('',#3725,#3726,#3727);
#3729=CYLINDRICAL_SURFACE('',#3728,1.);
#3730=ORIENTED_EDGE('',*,*,#3498,.F.);
#3731=CARTESIAN_POINT('',(427.902087515,476.339249783,132.014213562));
#3732=DIRECTION('',(-0.5,-0.866025404,0.));
#3733=DIRECTION('',(-0.866025404,0.5,0.));
#3734=AXIS2_PLACEMENT_3D('',#3731,#3732,#3733);
#3735=CIRCLE('',#3734,1.);
#3736=EDGE_CURVE('',#3485,#3304,#3735,.T.);
#3737=ORIENTED_EDGE('',*,*,#3736,.T.);
#3738=ORIENTED_EDGE('',*,*,#3309,.F.);
#3739=CARTESIAN_POINT('',(398.479437784,425.377725556,132.014213562));
#3740=DIRECTION('',(0.5,0.866025404,-0.));
#3741=DIRECTION('',(-0.866025404,0.5,0.));
#3742=AXIS2_PLACEMENT_3D('',#3739,#3740,#3741);
#3743=CIRCLE('',#3742,1.);
#3744=EDGE_CURVE('',#3302,#3493,#3743,.T.);
#3745=ORIENTED_EDGE('',*,*,#3744,.T.);
#3746=EDGE_LOOP('',(#3730,#3737,#3738,#3745));
#3747=FACE_BOUND('',#3746,.T.);
#3748=ADVANCED_FACE('',(#3747),#3729,.T.);
#3749=CARTESIAN_POINT('',(369.056788053,425.377725556,132.014213562));
#3750=DIRECTION('',(1.,-0.,-0.));
#3751=DIRECTION('',(0.,1.,-0.));
#3752=AXIS2_PLACEMENT_3D('',#3749,#3750,#3751);
#3753=CYLINDRICAL_SURFACE('',#3752,1.);
#3754=ORIENTED_EDGE('',*,*,#3578,.F.);
#3755=CARTESIAN_POINT('',(398.479437784,425.377725556,132.014213562));
#3756=DIRECTION('',(-1.,0.,0.));
#3757=DIRECTION('',(0.,1.,-0.));
#3758=AXIS2_PLACEMENT_3D('',#3755,#3756,#3757);
#3759=CIRCLE('',#3758,1.);
#3760=EDGE_CURVE('',#3565,#3273,#3759,.T.);
#3761=ORIENTED_EDGE('',*,*,#3760,.T.);
#3762=ORIENTED_EDGE('',*,*,#3278,.F.);
#3763=CARTESIAN_POINT('',(339.634138322,425.377725556,132.014213562));
#3764=DIRECTION('',(1.,-0.,-0.));
#3765=DIRECTION('',(0.,1.,-0.));
#3766=AXIS2_PLACEMENT_3D('',#3763,#3764,#3765);
#3767=CIRCLE('',#3766,1.);
#3768=EDGE_CURVE('',#3271,#3573,#3767,.T.);
#3769=ORIENTED_EDGE('',*,*,#3768,.T.);
#3770=EDGE_LOOP('',(#3754,#3761,#3762,#3769));
#3771=FACE_BOUND('',#3770,.T.);
#3772=ADVANCED_FACE('',(#3771),#3753,.T.);
#3773=CARTESIAN_POINT('',(328.83223708,499.562905116,127.5));
#3774=DIRECTION('',(0.5,0.866025404,-0.));
#3775=DIRECTION('',(-0.866025404,0.5,0.));
#3776=AXIS2_PLACEMENT_3D('',#3773,#3774,#3775);
#3777=CYLINDRICAL_SURFACE('',#3776,1.);
#3778=ORIENTED_EDGE('',*,*,#2540,.F.);
#3779=CARTESIAN_POINT('',(315.424053422,476.339249783,127.5));
#3780=DIRECTION('',(0.5,0.866025404,-0.));
#3781=DIRECTION('',(-0.866025404,0.5,0.));
#3782=AXIS2_PLACEMENT_3D('',#3779,#3780,#3781);
#3783=CIRCLE('',#3782,1.);
#3784=EDGE_CURVE('',#2527,#3517,#3783,.T.);
#3785=ORIENTED_EDGE('',*,*,#3784,.T.);
#3786=ORIENTED_EDGE('',*,*,#3522,.F.);
#3787=CARTESIAN_POINT('',(342.240420738,522.786560448,127.5));
#3788=DIRECTION('',(-0.5,-0.866025404,0.));
#3789=DIRECTION('',(-0.866025404,0.5,0.));
#3790=AXIS2_PLACEMENT_3D('',#3787,#3788,#3789);
#3791=CIRCLE('',#3790,1.);
#3792=EDGE_CURVE('',#3515,#2535,#3791,.T.);
#3793=ORIENTED_EDGE('',*,*,#3792,.T.);
#3794=EDGE_LOOP('',(#3778,#3785,#3786,#3793));
#3795=FACE_BOUND('',#3794,.T.);
#3796=ADVANCED_FACE('',(#3795),#3777,.T.);
#3797=CARTESIAN_POINT('',(369.056788053,522.786560448,127.5));
#3798=DIRECTION('',(1.,-0.,-0.));
#3799=DIRECTION('',(0.,1.,-0.));
#3800=AXIS2_PLACEMENT_3D('',#3797,#3798,#3799);
#3801=CYLINDRICAL_SURFACE('',#3800,1.);
#3802=ORIENTED_EDGE('',*,*,#3458,.F.);
#3803=CARTESIAN_POINT('',(395.873155368,522.786560448,127.5));
#3804=DIRECTION('',(-1.,0.,0.));
#3805=DIRECTION('',(0.,1.,-0.));
#3806=AXIS2_PLACEMENT_3D('',#3803,#3804,#3805);
#3807=CIRCLE('',#3806,1.);
#3808=EDGE_CURVE('',#3445,#2501,#3807,.T.);
#3809=ORIENTED_EDGE('',*,*,#3808,.T.);
#3810=ORIENTED_EDGE('',*,*,#2546,.F.);
#3811=CARTESIAN_POINT('',(342.240420738,522.786560448,127.5));
#3812=DIRECTION('',(1.,-0.,-0.));
#3813=DIRECTION('',(0.,1.,-0.));
#3814=AXIS2_PLACEMENT_3D('',#3811,#3812,#3813);
#3815=CIRCLE('',#3814,1.);
#3816=EDGE_CURVE('',#2535,#3453,#3815,.T.);
#3817=ORIENTED_EDGE('',*,*,#3816,.T.);
#3818=EDGE_LOOP('',(#3802,#3809,#3810,#3817));
#3819=FACE_BOUND('',#3818,.T.);
#3820=ADVANCED_FACE('',(#3819),#3801,.T.);
#3821=CARTESIAN_POINT('',(328.83223708,453.115594451,127.5));
#3822=DIRECTION('',(-0.5,0.866025404,-0.));
#3823=DIRECTION('',(-0.866025404,-0.5,0.));
#3824=AXIS2_PLACEMENT_3D('',#3821,#3822,#3823);
#3825=CYLINDRICAL_SURFACE('',#3824,1.);
#3826=ORIENTED_EDGE('',*,*,#2532,.F.);
#3827=CARTESIAN_POINT('',(342.240420738,429.891939119,127.5));
#3828=DIRECTION('',(-0.5,0.866025404,-0.));
#3829=DIRECTION('',(-0.866025404,-0.5,0.));
#3830=AXIS2_PLACEMENT_3D('',#3827,#3828,#3829);
#3831=CIRCLE('',#3830,1.);
#3832=EDGE_CURVE('',#2519,#3597,#3831,.T.);
#3833=ORIENTED_EDGE('',*,*,#3832,.T.);
#3834=ORIENTED_EDGE('',*,*,#3602,.F.);
#3835=CARTESIAN_POINT('',(315.424053422,476.339249783,127.5));
#3836=DIRECTION('',(0.5,-0.866025404,0.));
#3837=DIRECTION('',(-0.866025404,-0.5,0.));
#3838=AXIS2_PLACEMENT_3D('',#3835,#3836,#3837);
#3839=CIRCLE('',#3838,1.);
#3840=EDGE_CURVE('',#3595,#2527,#3839,.T.);
#3841=ORIENTED_EDGE('',*,*,#3840,.T.);
#3842=EDGE_LOOP('',(#3826,#3833,#3834,#3841));
#3843=FACE_BOUND('',#3842,.T.);
#3844=ADVANCED_FACE('',(#3843),#3825,.T.);
#3845=CARTESIAN_POINT('',(409.281339026,499.562905116,127.5));
#3846=DIRECTION('',(0.5,-0.866025404,0.));
#3847=DIRECTION('',(0.866025404,0.5,-0.));
#3848=AXIS2_PLACEMENT_3D('',#3845,#3846,#3847);
#3849=CYLINDRICAL_SURFACE('',#3848,1.);
#3850=ORIENTED_EDGE('',*,*,#3418,.F.);
#3851=CARTESIAN_POINT('',(422.689522684,476.339249783,127.5));
#3852=DIRECTION('',(-0.5,0.866025404,-0.));
#3853=DIRECTION('',(0.866025404,0.5,-0.));
#3854=AXIS2_PLACEMENT_3D('',#3851,#3852,#3853);
#3855=CIRCLE('',#3854,1.);
#3856=EDGE_CURVE('',#3405,#2503,#3855,.T.);
#3857=ORIENTED_EDGE('',*,*,#3856,.T.);
#3858=ORIENTED_EDGE('',*,*,#2508,.F.);
#3859=CARTESIAN_POINT('',(395.873155368,522.786560448,127.5));
#3860=DIRECTION('',(0.5,-0.866025404,0.));
#3861=DIRECTION('',(0.866025404,0.5,-0.));
#3862=AXIS2_PLACEMENT_3D('',#3859,#3860,#3861);
#3863=CIRCLE('',#3862,1.);
#3864=EDGE_CURVE('',#2501,#3413,#3863,.T.);
#3865=ORIENTED_EDGE('',*,*,#3864,.T.);
#3866=EDGE_LOOP('',(#3850,#3857,#3858,#3865));
#3867=FACE_BOUND('',#3866,.T.);
#3868=ADVANCED_FACE('',(#3867),#3849,.T.);
#3869=CARTESIAN_POINT('',(369.056788053,429.891939119,127.5));
#3870=DIRECTION('',(-1.,0.,0.));
#3871=DIRECTION('',(-0.,-1.,0.));
#3872=AXIS2_PLACEMENT_3D('',#3869,#3870,#3871);
#3873=CYLINDRICAL_SURFACE('',#3872,1.);
#3874=ORIENTED_EDGE('',*,*,#2524,.F.);
#3875=CARTESIAN_POINT('',(395.873155368,429.891939119,127.5));
#3876=DIRECTION('',(-1.,0.,0.));
#3877=DIRECTION('',(-0.,-1.,0.));
#3878=AXIS2_PLACEMENT_3D('',#3875,#3876,#3877);
#3879=CIRCLE('',#3878,1.);
#3880=EDGE_CURVE('',#2511,#3557,#3879,.T.);
#3881=ORIENTED_EDGE('',*,*,#3880,.T.);
#3882=ORIENTED_EDGE('',*,*,#3562,.F.);
#3883=CARTESIAN_POINT('',(342.240420738,429.891939119,127.5));
#3884=DIRECTION('',(1.,-0.,-0.));
#3885=DIRECTION('',(-0.,-1.,0.));
#3886=AXIS2_PLACEMENT_3D('',#3883,#3884,#3885);
#3887=CIRCLE('',#3886,1.);
#3888=EDGE_CURVE('',#3555,#2519,#3887,.T.);
#3889=ORIENTED_EDGE('',*,*,#3888,.T.);
#3890=EDGE_LOOP('',(#3874,#3881,#3882,#3889));
#3891=FACE_BOUND('',#3890,.T.);
#3892=ADVANCED_FACE('',(#3891),#3873,.T.);
#3893=CARTESIAN_POINT('',(409.281339026,453.115594451,127.5));
#3894=DIRECTION('',(-0.5,-0.866025404,0.));
#3895=DIRECTION('',(0.866025404,-0.5,-0.));
#3896=AXIS2_PLACEMENT_3D('',#3893,#3894,#3895);
#3897=CYLINDRICAL_SURFACE('',#3896,1.);
#3898=ORIENTED_EDGE('',*,*,#2516,.F.);
#3899=CARTESIAN_POINT('',(422.689522684,476.339249783,127.5));
#3900=DIRECTION('',(-0.5,-0.866025404,0.));
#3901=DIRECTION('',(0.866025404,-0.5,-0.));
#3902=AXIS2_PLACEMENT_3D('',#3899,#3900,#3901);
#3903=CIRCLE('',#3902,1.);
#3904=EDGE_CURVE('',#2503,#3477,#3903,.T.);
#3905=ORIENTED_EDGE('',*,*,#3904,.T.);
#3906=ORIENTED_EDGE('',*,*,#3482,.F.);
#3907=CARTESIAN_POINT('',(395.873155368,429.891939119,127.5));
#3908=DIRECTION('',(0.5,0.866025404,-0.));
#3909=DIRECTION('',(0.866025404,-0.5,-0.));
#3910=AXIS2_PLACEMENT_3D('',#3907,#3908,#3909);
#3911=CIRCLE('',#3910,1.);
#3912=EDGE_CURVE('',#3475,#2511,#3911,.T.);
#3913=ORIENTED_EDGE('',*,*,#3912,.T.);
#3914=EDGE_LOOP('',(#3898,#3905,#3906,#3913));
#3915=FACE_BOUND('',#3914,.T.);
#3916=ADVANCED_FACE('',(#3915),#3897,.T.);
#3917=CARTESIAN_POINT('',(422.689522684,476.339249783,127.5));
#3918=DIRECTION('',(0.,0.,1.));
#3919=DIRECTION('',(-1.,0.,0.));
#3920=AXIS2_PLACEMENT_3D('',#3917,#3918,#3919);
#3921=SPHERICAL_SURFACE('',#3920,1.);
#3922=ORIENTED_EDGE('',*,*,#3904,.F.);
#3923=ORIENTED_EDGE('',*,*,#3856,.F.);
#3924=CARTESIAN_POINT('',(422.689522684,476.339249783,127.5));
#3925=DIRECTION('',(0.755928946,0.,0.654653671));
#3926=DIRECTION('',(-0.654653671,0.,0.755928946));
#3927=AXIS2_PLACEMENT_3D('',#3924,#3925,#3926);
#3928=CIRCLE('',#3927,1.);
#3929=EDGE_CURVE('',#3477,#3405,#3928,.T.);
#3930=ORIENTED_EDGE('',*,*,#3929,.F.);
#3931=EDGE_LOOP('',(#3922,#3923,#3930));
#3932=FACE_BOUND('',#3931,.T.);
#3933=ADVANCED_FACE('',(#3932),#3921,.T.);
#3934=CARTESIAN_POINT('',(419.785505269,476.339249783,124.985047146));
#3935=DIRECTION('',(0.755928946,0.,0.654653671));
#3936=DIRECTION('',(-0.654653671,0.,0.755928946));
#3937=AXIS2_PLACEMENT_3D('',#3934,#3935,#3936);
#3938=CYLINDRICAL_SURFACE('',#3937,1.);
#3939=ORIENTED_EDGE('',*,*,#3929,.T.);
#3940=ORIENTED_EDGE('',*,*,#3410,.F.);
#3941=CARTESIAN_POINT('',(427.902087515,476.339249783,132.014213562));
#3942=DIRECTION('',(0.755928946,-0.,0.654653671));
#3943=DIRECTION('',(-0.654653671,0.,0.755928946));
#3944=AXIS2_PLACEMENT_3D('',#3941,#3942,#3943);
#3945=CIRCLE('',#3944,1.);
#3946=EDGE_CURVE('',#3485,#3397,#3945,.T.);
#3947=ORIENTED_EDGE('',*,*,#3946,.F.);
#3948=ORIENTED_EDGE('',*,*,#3490,.F.);
#3949=EDGE_LOOP('',(#3939,#3940,#3947,#3948));
#3950=FACE_BOUND('',#3949,.T.);
#3951=ADVANCED_FACE('',(#3950),#3938,.T.);
#3952=CARTESIAN_POINT('',(427.902087515,476.339249783,132.014213562));
#3953=DIRECTION('',(0.,0.,1.));
#3954=DIRECTION('',(-1.,0.,0.));
#3955=AXIS2_PLACEMENT_3D('',#3952,#3953,#3954);
#3956=SPHERICAL_SURFACE('',#3955,1.);
#3957=ORIENTED_EDGE('',*,*,#3946,.T.);
#3958=ORIENTED_EDGE('',*,*,#3688,.F.);
#3959=CARTESIAN_POINT('',(428.902087515,476.339249783,132.014213562));
#3960=VERTEX_POINT('',#3959);
#3961=CARTESIAN_POINT('',(427.902087515,476.339249783,132.014213562));
#3962=DIRECTION('',(0.,0.,1.));
#3963=DIRECTION('',(-0.,1.,-0.));
#3964=AXIS2_PLACEMENT_3D('',#3961,#3962,#3963);
#3965=CIRCLE('',#3964,1.);
#3966=EDGE_CURVE('',#3960,#3334,#3965,.T.);
#3967=ORIENTED_EDGE('',*,*,#3966,.F.);
#3968=CARTESIAN_POINT('',(427.902087515,476.339249783,132.014213562));
#3969=DIRECTION('',(0.,0.,1.));
#3970=DIRECTION('',(-0.,1.,-0.));
#3971=AXIS2_PLACEMENT_3D('',#3968,#3969,#3970);
#3972=CIRCLE('',#3971,1.);
#3973=EDGE_CURVE('',#3304,#3960,#3972,.T.);
#3974=ORIENTED_EDGE('',*,*,#3973,.F.);
#3975=ORIENTED_EDGE('',*,*,#3736,.F.);
#3976=EDGE_LOOP('',(#3957,#3958,#3967,#3974,#3975));
#3977=FACE_BOUND('',#3976,.T.);
#3978=ADVANCED_FACE('',(#3977),#3956,.T.);
#3979=CARTESIAN_POINT('',(427.902087515,476.339249783,136.6));
#3980=DIRECTION('',(-0.,-0.,-1.));
#3981=DIRECTION('',(1.,-0.,-0.));
#3982=AXIS2_PLACEMENT_3D('',#3979,#3980,#3981);
#3983=CYLINDRICAL_SURFACE('',#3982,1.);
#3984=CARTESIAN_POINT('',(428.902087515,476.339249783,132.014213562));
#3985=DIRECTION('',(0.,0.,1.));
#3986=VECTOR('',#3985,3.485786438);
#3987=LINE('',#3984,#3986);
#3988=EDGE_CURVE('',#3960,#3100,#3987,.T.);
#3989=ORIENTED_EDGE('',*,*,#3988,.T.);
#3990=ORIENTED_EDGE('',*,*,#3106,.F.);
#3991=ORIENTED_EDGE('',*,*,#3315,.F.);
#3992=ORIENTED_EDGE('',*,*,#3973,.T.);
#3993=EDGE_LOOP('',(#3989,#3990,#3991,#3992));
#3994=FACE_BOUND('',#3993,.T.);
#3995=ADVANCED_FACE('',(#3994),#3983,.T.);
#3996=CARTESIAN_POINT('',(398.479437784,425.377725556,136.6));
#3997=DIRECTION('',(-0.,-0.,-1.));
#3998=DIRECTION('',(1.,-0.,-0.));
#3999=AXIS2_PLACEMENT_3D('',#3996,#3997,#3998);
#4000=CYLINDRICAL_SURFACE('',#3999,1.);
#4001=ORIENTED_EDGE('',*,*,#3198,.F.);
#4002=ORIENTED_EDGE('',*,*,#3284,.F.);
#4003=CARTESIAN_POINT('',(398.479437784,425.377725556,132.014213562));
#4004=DIRECTION('',(0.,0.,-1.));
#4005=DIRECTION('',(-0.,-1.,-0.));
#4006=AXIS2_PLACEMENT_3D('',#4003,#4004,#4005);
#4007=CIRCLE('',#4006,1.);
#4008=EDGE_CURVE('',#3302,#3273,#4007,.T.);
#4009=ORIENTED_EDGE('',*,*,#4008,.F.);
#4010=ORIENTED_EDGE('',*,*,#3322,.F.);
#4011=EDGE_LOOP('',(#4001,#4002,#4009,#4010));
#4012=FACE_BOUND('',#4011,.T.);
#4013=ADVANCED_FACE('',(#4012),#4000,.T.);
#4014=CARTESIAN_POINT('',(398.479437784,425.377725556,132.014213562));
#4015=DIRECTION('',(0.,0.,1.));
#4016=DIRECTION('',(-1.,0.,0.));
#4017=AXIS2_PLACEMENT_3D('',#4014,#4015,#4016);
#4018=SPHERICAL_SURFACE('',#4017,1.);
#4019=ORIENTED_EDGE('',*,*,#4008,.T.);
#4020=ORIENTED_EDGE('',*,*,#3760,.F.);
#4021=CARTESIAN_POINT('',(398.479437784,425.377725556,132.014213562));
#4022=DIRECTION('',(-0.377964473,0.654653671,-0.654653671));
#4023=DIRECTION('',(-0.,-0.707106781,-0.707106781));
#4024=AXIS2_PLACEMENT_3D('',#4021,#4022,#4023);
#4025=CIRCLE('',#4024,1.);
#4026=EDGE_CURVE('',#3493,#3565,#4025,.T.);
#4027=ORIENTED_EDGE('',*,*,#4026,.F.);
#4028=ORIENTED_EDGE('',*,*,#3744,.F.);
#4029=EDGE_LOOP('',(#4019,#4020,#4027,#4028));
#4030=FACE_BOUND('',#4029,.T.);
#4031=ADVANCED_FACE('',(#4030),#4018,.T.);
#4032=CARTESIAN_POINT('',(394.421146661,432.406891972,124.985047146));
#4033=DIRECTION('',(0.377964473,-0.654653671,0.654653671));
#4034=DIRECTION('',(0.,0.707106781,0.707106781));
#4035=AXIS2_PLACEMENT_3D('',#4032,#4033,#4034);
#4036=CYLINDRICAL_SURFACE('',#4035,1.);
#4037=ORIENTED_EDGE('',*,*,#4026,.T.);
#4038=ORIENTED_EDGE('',*,*,#3570,.F.);
#4039=CARTESIAN_POINT('',(395.873155368,429.891939119,127.5));
#4040=DIRECTION('',(-0.377964473,0.654653671,-0.654653671));
#4041=DIRECTION('',(0.,0.707106781,0.707106781));
#4042=AXIS2_PLACEMENT_3D('',#4039,#4040,#4041);
#4043=CIRCLE('',#4042,1.);
#4044=EDGE_CURVE('',#3475,#3557,#4043,.T.);
#4045=ORIENTED_EDGE('',*,*,#4044,.F.);
#4046=ORIENTED_EDGE('',*,*,#3504,.F.);
#4047=EDGE_LOOP('',(#4037,#4038,#4045,#4046));
#4048=FACE_BOUND('',#4047,.T.);
#4049=ADVANCED_FACE('',(#4048),#4036,.T.);
#4050=CARTESIAN_POINT('',(395.873155368,429.891939119,127.5));
#4051=DIRECTION('',(0.,0.,1.));
#4052=DIRECTION('',(-1.,0.,0.));
#4053=AXIS2_PLACEMENT_3D('',#4050,#4051,#4052);
#4054=SPHERICAL_SURFACE('',#4053,1.);
#4055=ORIENTED_EDGE('',*,*,#4044,.T.);
#4056=ORIENTED_EDGE('',*,*,#3880,.F.);
#4057=ORIENTED_EDGE('',*,*,#3912,.F.);
#4058=EDGE_LOOP('',(#4055,#4056,#4057));
#4059=FACE_BOUND('',#4058,.T.);
#4060=ADVANCED_FACE('',(#4059),#4054,.T.);
#4061=CARTESIAN_POINT('',(398.479437784,527.30077401,136.6));
#4062=DIRECTION('',(-0.,-0.,-1.));
#4063=DIRECTION('',(1.,-0.,-0.));
#4064=AXIS2_PLACEMENT_3D('',#4061,#4062,#4063);
#4065=CYLINDRICAL_SURFACE('',#4064,1.);
#4066=ORIENTED_EDGE('',*,*,#3132,.F.);
#4067=ORIENTED_EDGE('',*,*,#3353,.F.);
#4068=CARTESIAN_POINT('',(398.479437784,527.30077401,132.014213562));
#4069=DIRECTION('',(0.,-0.,-1.));
#4070=DIRECTION('',(1.,0.,0.));
#4071=AXIS2_PLACEMENT_3D('',#4068,#4069,#4070);
#4072=CIRCLE('',#4071,1.);
#4073=EDGE_CURVE('',#3365,#3342,#4072,.T.);
#4074=ORIENTED_EDGE('',*,*,#4073,.F.);
#4075=ORIENTED_EDGE('',*,*,#3370,.F.);
#4076=EDGE_LOOP('',(#4066,#4067,#4074,#4075));
#4077=FACE_BOUND('',#4076,.T.);
#4078=ADVANCED_FACE('',(#4077),#4065,.T.);
#4079=CARTESIAN_POINT('',(398.479437784,527.30077401,132.014213562));
#4080=DIRECTION('',(0.,0.,1.));
#4081=DIRECTION('',(-1.,0.,0.));
#4082=AXIS2_PLACEMENT_3D('',#4079,#4080,#4081);
#4083=SPHERICAL_SURFACE('',#4082,1.);
#4084=ORIENTED_EDGE('',*,*,#4073,.T.);
#4085=ORIENTED_EDGE('',*,*,#3696,.F.);
#4086=CARTESIAN_POINT('',(398.479437784,527.30077401,132.014213562));
#4087=DIRECTION('',(-0.377964473,-0.654653671,-0.654653671));
#4088=DIRECTION('',(0.,-0.707106781,0.707106781));
#4089=AXIS2_PLACEMENT_3D('',#4086,#4087,#4088);
#4090=CIRCLE('',#4089,1.);
#4091=EDGE_CURVE('',#3437,#3395,#4090,.T.);
#4092=ORIENTED_EDGE('',*,*,#4091,.F.);
#4093=ORIENTED_EDGE('',*,*,#3640,.F.);
#4094=EDGE_LOOP('',(#4084,#4085,#4092,#4093));
#4095=FACE_BOUND('',#4094,.T.);
#4096=ADVANCED_FACE('',(#4095),#4083,.T.);
#4097=CARTESIAN_POINT('',(394.421146661,520.271607594,124.985047146));
#4098=DIRECTION('',(-0.377964473,-0.654653671,-0.654653671));
#4099=DIRECTION('',(0.,-0.707106781,0.707106781));
#4100=AXIS2_PLACEMENT_3D('',#4097,#4098,#4099);
#4101=CYLINDRICAL_SURFACE('',#4100,1.);
#4102=ORIENTED_EDGE('',*,*,#4091,.T.);
#4103=ORIENTED_EDGE('',*,*,#3424,.F.);
#4104=CARTESIAN_POINT('',(395.873155368,522.786560448,127.5));
#4105=DIRECTION('',(-0.377964473,-0.654653671,-0.654653671));
#4106=DIRECTION('',(0.,-0.707106781,0.707106781));
#4107=AXIS2_PLACEMENT_3D('',#4104,#4105,#4106);
#4108=CIRCLE('',#4107,1.);
#4109=EDGE_CURVE('',#3445,#3413,#4108,.T.);
#4110=ORIENTED_EDGE('',*,*,#4109,.F.);
#4111=ORIENTED_EDGE('',*,*,#3450,.F.);
#4112=EDGE_LOOP('',(#4102,#4103,#4110,#4111));
#4113=FACE_BOUND('',#4112,.T.);
#4114=ADVANCED_FACE('',(#4113),#4101,.T.);
#4115=CARTESIAN_POINT('',(395.873155368,522.786560448,127.5));
#4116=DIRECTION('',(0.,0.,1.));
#4117=DIRECTION('',(-1.,0.,0.));
#4118=AXIS2_PLACEMENT_3D('',#4115,#4116,#4117);
#4119=SPHERICAL_SURFACE('',#4118,1.);
#4120=ORIENTED_EDGE('',*,*,#3864,.F.);
#4121=ORIENTED_EDGE('',*,*,#3808,.F.);
#4122=ORIENTED_EDGE('',*,*,#4109,.T.);
#4123=EDGE_LOOP('',(#4120,#4121,#4122));
#4124=FACE_BOUND('',#4123,.T.);
#4125=ADVANCED_FACE('',(#4124),#4119,.T.);
#4126=CARTESIAN_POINT('',(339.634138322,425.377725556,136.6));
#4127=DIRECTION('',(-0.,-0.,-1.));
#4128=DIRECTION('',(1.,-0.,-0.));
#4129=AXIS2_PLACEMENT_3D('',#4126,#4127,#4128);
#4130=CYLINDRICAL_SURFACE('',#4129,1.);
#4131=ORIENTED_EDGE('',*,*,#3183,.F.);
#4132=ORIENTED_EDGE('',*,*,#3253,.F.);
#4133=CARTESIAN_POINT('',(339.634138322,425.377725556,132.014213562));
#4134=DIRECTION('',(-0.,-0.,-1.));
#4135=DIRECTION('',(1.,-0.,-0.));
#4136=AXIS2_PLACEMENT_3D('',#4133,#4134,#4135);
#4137=CIRCLE('',#4136,1.);
#4138=EDGE_CURVE('',#3271,#3242,#4137,.T.);
#4139=ORIENTED_EDGE('',*,*,#4138,.F.);
#4140=ORIENTED_EDGE('',*,*,#3291,.F.);
#4141=EDGE_LOOP('',(#4131,#4132,#4139,#4140));
#4142=FACE_BOUND('',#4141,.T.);
#4143=ADVANCED_FACE('',(#4142),#4130,.T.);
#4144=CARTESIAN_POINT('',(339.634138322,425.377725556,132.014213562));
#4145=DIRECTION('',(0.,0.,1.));
#4146=DIRECTION('',(-1.,0.,0.));
#4147=AXIS2_PLACEMENT_3D('',#4144,#4145,#4146);
#4148=SPHERICAL_SURFACE('',#4147,1.);
#4149=ORIENTED_EDGE('',*,*,#4138,.T.);
#4150=ORIENTED_EDGE('',*,*,#3712,.F.);
#4151=CARTESIAN_POINT('',(339.634138322,425.377725556,132.014213562));
#4152=DIRECTION('',(0.377964473,0.654653671,-0.654653671));
#4153=DIRECTION('',(-0.,-0.707106781,-0.707106781));
#4154=AXIS2_PLACEMENT_3D('',#4151,#4152,#4153);
#4155=CIRCLE('',#4154,1.);
#4156=EDGE_CURVE('',#3573,#3605,#4155,.T.);
#4157=ORIENTED_EDGE('',*,*,#4156,.F.);
#4158=ORIENTED_EDGE('',*,*,#3768,.F.);
#4159=EDGE_LOOP('',(#4149,#4150,#4157,#4158));
#4160=FACE_BOUND('',#4159,.T.);
#4161=ADVANCED_FACE('',(#4160),#4148,.T.);
#4162=CARTESIAN_POINT('',(343.692429445,432.406891972,124.985047146));
#4163=DIRECTION('',(-0.377964473,-0.654653671,0.654653671));
#4164=DIRECTION('',(0.,0.707106781,0.707106781));
#4165=AXIS2_PLACEMENT_3D('',#4162,#4163,#4164);
#4166=CYLINDRICAL_SURFACE('',#4165,1.);
#4167=ORIENTED_EDGE('',*,*,#4156,.T.);
#4168=ORIENTED_EDGE('',*,*,#3610,.F.);
#4169=CARTESIAN_POINT('',(342.240420738,429.891939119,127.5));
#4170=DIRECTION('',(0.377964473,0.654653671,-0.654653671));
#4171=DIRECTION('',(0.,0.707106781,0.707106781));
#4172=AXIS2_PLACEMENT_3D('',#4169,#4170,#4171);
#4173=CIRCLE('',#4172,1.);
#4174=EDGE_CURVE('',#3555,#3597,#4173,.T.);
#4175=ORIENTED_EDGE('',*,*,#4174,.F.);
#4176=ORIENTED_EDGE('',*,*,#3584,.F.);
#4177=EDGE_LOOP('',(#4167,#4168,#4175,#4176));
#4178=FACE_BOUND('',#4177,.T.);
#4179=ADVANCED_FACE('',(#4178),#4166,.T.);
#4180=CARTESIAN_POINT('',(342.240420738,429.891939119,127.5));
#4181=DIRECTION('',(0.,0.,1.));
#4182=DIRECTION('',(-1.,0.,0.));
#4183=AXIS2_PLACEMENT_3D('',#4180,#4181,#4182);
#4184=SPHERICAL_SURFACE('',#4183,1.);
#4185=ORIENTED_EDGE('',*,*,#4174,.T.);
#4186=ORIENTED_EDGE('',*,*,#3832,.F.);
#4187=ORIENTED_EDGE('',*,*,#3888,.F.);
#4188=EDGE_LOOP('',(#4185,#4186,#4187));
#4189=FACE_BOUND('',#4188,.T.);
#4190=ADVANCED_FACE('',(#4189),#4184,.T.);
#4191=CARTESIAN_POINT('',(310.211488591,476.339249783,136.6));
#4192=DIRECTION('',(-0.,-0.,-1.));
#4193=DIRECTION('',(1.,-0.,-0.));
#4194=AXIS2_PLACEMENT_3D('',#4191,#4192,#4193);
#4195=CYLINDRICAL_SURFACE('',#4194,1.);
#4196=ORIENTED_EDGE('',*,*,#3166,.F.);
#4197=ORIENTED_EDGE('',*,*,#3222,.F.);
#4198=CARTESIAN_POINT('',(309.211488591,476.339249783,132.014213562));
#4199=VERTEX_POINT('',#4198);
#4200=CARTESIAN_POINT('',(310.211488591,476.339249783,132.014213562));
#4201=DIRECTION('',(0.,-0.,-1.));
#4202=DIRECTION('',(0.,-1.,0.));
#4203=AXIS2_PLACEMENT_3D('',#4200,#4201,#4202);
#4204=CIRCLE('',#4203,1.);
#4205=EDGE_CURVE('',#4199,#3211,#4204,.T.);
#4206=ORIENTED_EDGE('',*,*,#4205,.F.);
#4207=CARTESIAN_POINT('',(310.211488591,476.339249783,132.014213562));
#4208=DIRECTION('',(0.,-0.,-1.));
#4209=DIRECTION('',(0.,-1.,0.));
#4210=AXIS2_PLACEMENT_3D('',#4207,#4208,#4209);
#4211=CIRCLE('',#4210,1.);
#4212=EDGE_CURVE('',#3240,#4199,#4211,.T.);
#4213=ORIENTED_EDGE('',*,*,#4212,.F.);
#4214=ORIENTED_EDGE('',*,*,#3260,.F.);
#4215=EDGE_LOOP('',(#4196,#4197,#4206,#4213,#4214));
#4216=FACE_BOUND('',#4215,.T.);
#4217=ADVANCED_FACE('',(#4216),#4195,.T.);
#4218=CARTESIAN_POINT('',(310.211488591,476.339249783,132.014213562));
#4219=DIRECTION('',(0.,0.,1.));
#4220=DIRECTION('',(-1.,0.,0.));
#4221=AXIS2_PLACEMENT_3D('',#4218,#4219,#4220);
#4222=SPHERICAL_SURFACE('',#4221,1.);
#4223=CARTESIAN_POINT('',(309.556834921,476.339249783,131.258284616));
#4224=VERTEX_POINT('',#4223);
#4225=CARTESIAN_POINT('',(310.211488591,476.339249783,132.014213562));
#4226=DIRECTION('',(-0.,-1.,0.));
#4227=DIRECTION('',(-1.,0.,0.));
#4228=AXIS2_PLACEMENT_3D('',#4225,#4226,#4227);
#4229=CIRCLE('',#4228,1.);
#4230=EDGE_CURVE('',#4199,#4224,#4229,.T.);
#4231=ORIENTED_EDGE('',*,*,#4230,.T.);
#4232=CARTESIAN_POINT('',(310.211488591,476.339249783,132.014213562));
#4233=DIRECTION('',(0.755928946,0.,-0.654653671));
#4234=DIRECTION('',(0.654653671,0.,0.755928946));
#4235=AXIS2_PLACEMENT_3D('',#4232,#4233,#4234);
#4236=CIRCLE('',#4235,1.);
#4237=EDGE_CURVE('',#3613,#4224,#4236,.T.);
#4238=ORIENTED_EDGE('',*,*,#4237,.F.);
#4239=ORIENTED_EDGE('',*,*,#3720,.F.);
#4240=ORIENTED_EDGE('',*,*,#4212,.T.);
#4241=EDGE_LOOP('',(#4231,#4238,#4239,#4240));
#4242=FACE_BOUND('',#4241,.T.);
#4243=ADVANCED_FACE('',(#4242),#4222,.T.);
#4244=CARTESIAN_POINT('',(318.328070837,476.339249783,124.985047146));
#4245=DIRECTION('',(0.755928946,-0.,-0.654653671));
#4246=DIRECTION('',(0.654653671,0.,0.755928946));
#4247=AXIS2_PLACEMENT_3D('',#4244,#4245,#4246);
#4248=CYLINDRICAL_SURFACE('',#4247,1.);
#4249=ORIENTED_EDGE('',*,*,#4237,.T.);
#4250=CARTESIAN_POINT('',(310.211488591,476.339249783,132.014213562));
#4251=DIRECTION('',(0.755928946,0.,-0.654653671));
#4252=DIRECTION('',(0.654653671,0.,0.755928946));
#4253=AXIS2_PLACEMENT_3D('',#4250,#4251,#4252);
#4254=CIRCLE('',#4253,1.);
#4255=EDGE_CURVE('',#4224,#3525,#4254,.T.);
#4256=ORIENTED_EDGE('',*,*,#4255,.T.);
#4257=ORIENTED_EDGE('',*,*,#3530,.F.);
#4258=CARTESIAN_POINT('',(314.769399751,476.339249783,126.744071054));
#4259=VERTEX_POINT('',#4258);
#4260=CARTESIAN_POINT('',(315.424053422,476.339249783,127.5));
#4261=DIRECTION('',(0.755928946,-0.,-0.654653671));
#4262=DIRECTION('',(0.654653671,0.,0.755928946));
#4263=AXIS2_PLACEMENT_3D('',#4260,#4261,#4262);
#4264=CIRCLE('',#4263,1.);
#4265=EDGE_CURVE('',#4259,#3517,#4264,.T.);
#4266=ORIENTED_EDGE('',*,*,#4265,.F.);
#4267=CARTESIAN_POINT('',(315.424053422,476.339249783,127.5));
#4268=DIRECTION('',(0.755928946,-0.,-0.654653671));
#4269=DIRECTION('',(0.654653671,0.,0.755928946));
#4270=AXIS2_PLACEMENT_3D('',#4267,#4268,#4269);
#4271=CIRCLE('',#4270,1.);
#4272=EDGE_CURVE('',#3595,#4259,#4271,.T.);
#4273=ORIENTED_EDGE('',*,*,#4272,.F.);
#4274=ORIENTED_EDGE('',*,*,#3624,.F.);
#4275=EDGE_LOOP('',(#4249,#4256,#4257,#4266,#4273,#4274));
#4276=FACE_BOUND('',#4275,.T.);
#4277=ADVANCED_FACE('',(#4276),#4248,.T.);
#4278=CARTESIAN_POINT('',(315.424053422,476.339249783,127.5));
#4279=DIRECTION('',(0.,0.,1.));
#4280=DIRECTION('',(-1.,0.,0.));
#4281=AXIS2_PLACEMENT_3D('',#4278,#4279,#4280);
#4282=SPHERICAL_SURFACE('',#4281,1.);
#4283=CARTESIAN_POINT('',(315.424053422,476.339249783,127.5));
#4284=DIRECTION('',(-0.,-1.,0.));
#4285=DIRECTION('',(-1.,0.,0.));
#4286=AXIS2_PLACEMENT_3D('',#4283,#4284,#4285);
#4287=CIRCLE('',#4286,1.);
#4288=EDGE_CURVE('',#4259,#2527,#4287,.T.);
#4289=ORIENTED_EDGE('',*,*,#4288,.T.);
#4290=ORIENTED_EDGE('',*,*,#3840,.F.);
#4291=ORIENTED_EDGE('',*,*,#4272,.T.);
#4292=EDGE_LOOP('',(#4289,#4290,#4291));
#4293=FACE_BOUND('',#4292,.T.);
#4294=ADVANCED_FACE('',(#4293),#4282,.T.);
#4295=CARTESIAN_POINT('',(339.634138322,527.30077401,136.6));
#4296=DIRECTION('',(-0.,-0.,-1.));
#4297=DIRECTION('',(1.,-0.,-0.));
#4298=AXIS2_PLACEMENT_3D('',#4295,#4296,#4297);
#4299=CYLINDRICAL_SURFACE('',#4298,1.);
#4300=ORIENTED_EDGE('',*,*,#3149,.F.);
#4301=ORIENTED_EDGE('',*,*,#3384,.F.);
#4302=CARTESIAN_POINT('',(339.634138322,527.30077401,132.014213562));
#4303=DIRECTION('',(-0.,-0.,-1.));
#4304=DIRECTION('',(0.,-1.,0.));
#4305=AXIS2_PLACEMENT_3D('',#4302,#4303,#4304);
#4306=CIRCLE('',#4305,1.);
#4307=EDGE_CURVE('',#3209,#3373,#4306,.T.);
#4308=ORIENTED_EDGE('',*,*,#4307,.F.);
#4309=ORIENTED_EDGE('',*,*,#3229,.F.);
#4310=EDGE_LOOP('',(#4300,#4301,#4308,#4309));
#4311=FACE_BOUND('',#4310,.T.);
#4312=ADVANCED_FACE('',(#4311),#4299,.T.);
#4313=CARTESIAN_POINT('',(339.634138322,527.30077401,132.014213562));
#4314=DIRECTION('',(0.,0.,1.));
#4315=DIRECTION('',(-1.,0.,0.));
#4316=AXIS2_PLACEMENT_3D('',#4313,#4314,#4315);
#4317=SPHERICAL_SURFACE('',#4316,1.);
#4318=ORIENTED_EDGE('',*,*,#4307,.T.);
#4319=ORIENTED_EDGE('',*,*,#3648,.F.);
#4320=CARTESIAN_POINT('',(339.634138322,527.30077401,132.014213562));
#4321=DIRECTION('',(0.377964473,-0.654653671,-0.654653671));
#4322=DIRECTION('',(0.,-0.707106781,0.707106781));
#4323=AXIS2_PLACEMENT_3D('',#4320,#4321,#4322);
#4324=CIRCLE('',#4323,1.);
#4325=EDGE_CURVE('',#3533,#3435,#4324,.T.);
#4326=ORIENTED_EDGE('',*,*,#4325,.F.);
#4327=ORIENTED_EDGE('',*,*,#3672,.F.);
#4328=EDGE_LOOP('',(#4318,#4319,#4326,#4327));
#4329=FACE_BOUND('',#4328,.T.);
#4330=ADVANCED_FACE('',(#4329),#4317,.T.);
#4331=CARTESIAN_POINT('',(343.692429445,520.271607594,124.985047146));
#4332=DIRECTION('',(0.377964473,-0.654653671,-0.654653671));
#4333=DIRECTION('',(0.,-0.707106781,0.707106781));
#4334=AXIS2_PLACEMENT_3D('',#4331,#4332,#4333);
#4335=CYLINDRICAL_SURFACE('',#4334,1.);
#4336=ORIENTED_EDGE('',*,*,#4325,.T.);
#4337=ORIENTED_EDGE('',*,*,#3464,.F.);
#4338=CARTESIAN_POINT('',(342.240420738,522.786560448,127.5));
#4339=DIRECTION('',(0.377964473,-0.654653671,-0.654653671));
#4340=DIRECTION('',(0.,-0.707106781,0.707106781));
#4341=AXIS2_PLACEMENT_3D('',#4338,#4339,#4340);
#4342=CIRCLE('',#4341,1.);
#4343=EDGE_CURVE('',#3515,#3453,#4342,.T.);
#4344=ORIENTED_EDGE('',*,*,#4343,.F.);
#4345=ORIENTED_EDGE('',*,*,#3544,.F.);
#4346=EDGE_LOOP('',(#4336,#4337,#4344,#4345));
#4347=FACE_BOUND('',#4346,.T.);
#4348=ADVANCED_FACE('',(#4347),#4335,.T.);
#4349=CARTESIAN_POINT('',(342.240420738,522.786560448,127.5));
#4350=DIRECTION('',(0.,0.,1.));
#4351=DIRECTION('',(-1.,0.,0.));
#4352=AXIS2_PLACEMENT_3D('',#4349,#4350,#4351);
#4353=SPHERICAL_SURFACE('',#4352,1.);
#4354=ORIENTED_EDGE('',*,*,#3816,.F.);
#4355=ORIENTED_EDGE('',*,*,#3792,.F.);
#4356=ORIENTED_EDGE('',*,*,#4343,.T.);
#4357=EDGE_LOOP('',(#4354,#4355,#4356));
#4358=FACE_BOUND('',#4357,.T.);
#4359=ADVANCED_FACE('',(#4358),#4353,.T.);
#4360=CARTESIAN_POINT('',(340.056788053,476.339249783,132.6));
#4361=DIRECTION('',(0.,0.,1.));
#4362=DIRECTION('',(-1.,0.,0.));
#4363=AXIS2_PLACEMENT_3D('',#4360,#4361,#4362);
#4364=CYLINDRICAL_SURFACE('',#4363,3.25);
#4365=CARTESIAN_POINT('',(336.806788053,476.339249783,134.45));
#4366=VERTEX_POINT('',#4365);
#4367=CARTESIAN_POINT('',(336.806788053,476.339249783,135.5));
#4368=DIRECTION('',(-0.,-0.,-1.));
#4369=VECTOR('',#4368,1.05);
#4370=LINE('',#4367,#4369);
#4371=EDGE_CURVE('',#3079,#4366,#4370,.T.);
#4372=ORIENTED_EDGE('',*,*,#4371,.F.);
#4373=ORIENTED_EDGE('',*,*,#3085,.T.);
#4374=ORIENTED_EDGE('',*,*,#4371,.T.);
#4375=CARTESIAN_POINT('',(340.056788053,476.339249783,134.45));
#4376=DIRECTION('',(-0.,-0.,-1.));
#4377=DIRECTION('',(-1.,0.,0.));
#4378=AXIS2_PLACEMENT_3D('',#4375,#4376,#4377);
#4379=CIRCLE('',#4378,3.25);
#4380=EDGE_CURVE('',#4366,#4366,#4379,.T.);
#4381=ORIENTED_EDGE('',*,*,#4380,.T.);
#4382=EDGE_LOOP('',(#4372,#4373,#4374,#4381));
#4383=FACE_BOUND('',#4382,.T.);
#4384=ADVANCED_FACE('',(#4383),#4364,.F.);
#4385=CARTESIAN_POINT('',(398.056788053,476.339249783,132.6));
#4386=DIRECTION('',(0.,0.,1.));
#4387=DIRECTION('',(-1.,0.,0.));
#4388=AXIS2_PLACEMENT_3D('',#4385,#4386,#4387);
#4389=CYLINDRICAL_SURFACE('',#4388,3.25);
#4390=CARTESIAN_POINT('',(394.806788053,476.339249783,134.45));
#4391=VERTEX_POINT('',#4390);
#4392=CARTESIAN_POINT('',(394.806788053,476.339249783,135.5));
#4393=DIRECTION('',(-0.,-0.,-1.));
#4394=VECTOR('',#4393,1.05);
#4395=LINE('',#4392,#4394);
#4396=EDGE_CURVE('',#3068,#4391,#4395,.T.);
#4397=ORIENTED_EDGE('',*,*,#4396,.F.);
#4398=ORIENTED_EDGE('',*,*,#3074,.T.);
#4399=ORIENTED_EDGE('',*,*,#4396,.T.);
#4400=CARTESIAN_POINT('',(398.056788053,476.339249783,134.45));
#4401=DIRECTION('',(-0.,-0.,-1.));
#4402=DIRECTION('',(-1.,0.,0.));
#4403=AXIS2_PLACEMENT_3D('',#4400,#4401,#4402);
#4404=CIRCLE('',#4403,3.25);
#4405=EDGE_CURVE('',#4391,#4391,#4404,.T.);
#4406=ORIENTED_EDGE('',*,*,#4405,.T.);
#4407=EDGE_LOOP('',(#4397,#4398,#4399,#4406));
#4408=FACE_BOUND('',#4407,.T.);
#4409=ADVANCED_FACE('',(#4408),#4389,.F.);
#4410=CARTESIAN_POINT('',(344.831788053,490.839249783,10.6));
#4411=DIRECTION('',(-0.,1.,-0.));
#4412=DIRECTION('',(-1.,-0.,0.));
#4413=AXIS2_PLACEMENT_3D('',#4410,#4411,#4412);
#4414=PLANE('',#4413);
#4415=CARTESIAN_POINT('',(339.956788053,490.839249783,127.));
#4416=DIRECTION('',(0.,0.,1.));
#4417=VECTOR('',#4416,0.6);
#4418=LINE('',#4415,#4417);
#4419=EDGE_CURVE('',#2264,#2719,#4418,.T.);
#4420=ORIENTED_EDGE('',*,*,#4419,.F.);
#4421=CARTESIAN_POINT('',(349.706788053,490.839249783,127.));
#4422=VERTEX_POINT('',#4421);
#4423=CARTESIAN_POINT('',(339.956788053,490.839249783,127.));
#4424=DIRECTION('',(1.,0.,-0.));
#4425=VECTOR('',#4424,9.75);
#4426=LINE('',#4423,#4425);
#4427=EDGE_CURVE('',#2264,#4422,#4426,.T.);
#4428=ORIENTED_EDGE('',*,*,#4427,.T.);
#4429=CARTESIAN_POINT('',(349.706788053,490.839249783,127.6));
#4430=DIRECTION('',(-0.,-0.,-1.));
#4431=VECTOR('',#4430,0.6);
#4432=LINE('',#4429,#4431);
#4433=EDGE_CURVE('',#2728,#4422,#4432,.T.);
#4434=ORIENTED_EDGE('',*,*,#4433,.F.);
#4435=ORIENTED_EDGE('',*,*,#2733,.T.);
#4436=EDGE_LOOP('',(#4420,#4428,#4434,#4435));
#4437=FACE_BOUND('',#4436,.T.);
#4438=ADVANCED_FACE('',(#4437),#4414,.F.);
#4439=CARTESIAN_POINT('',(334.806788053,476.339249783,10.6));
#4440=DIRECTION('',(-1.,0.,0.));
#4441=DIRECTION('',(-0.,-0.,-1.));
#4442=AXIS2_PLACEMENT_3D('',#4439,#4440,#4441);
#4443=PLANE('',#4442);
#4444=CARTESIAN_POINT('',(334.806788053,466.989249783,127.));
#4445=DIRECTION('',(0.,0.,1.));
#4446=VECTOR('',#4445,0.6);
#4447=LINE('',#4444,#4446);
#4448=EDGE_CURVE('',#2232,#2711,#4447,.T.);
#4449=ORIENTED_EDGE('',*,*,#4448,.F.);
#4450=CARTESIAN_POINT('',(334.806788053,466.989249783,127.));
#4451=DIRECTION('',(0.,1.,-0.));
#4452=VECTOR('',#4451,18.7);
#4453=LINE('',#4450,#4452);
#4454=EDGE_CURVE('',#2232,#2272,#4453,.T.);
#4455=ORIENTED_EDGE('',*,*,#4454,.T.);
#4456=CARTESIAN_POINT('',(334.806788053,485.689249783,127.6));
#4457=DIRECTION('',(-0.,-0.,-1.));
#4458=VECTOR('',#4457,0.6);
#4459=LINE('',#4456,#4458);
#4460=EDGE_CURVE('',#2709,#2272,#4459,.T.);
#4461=ORIENTED_EDGE('',*,*,#4460,.F.);
#4462=ORIENTED_EDGE('',*,*,#2716,.T.);
#4463=EDGE_LOOP('',(#4449,#4455,#4461,#4462));
#4464=FACE_BOUND('',#4463,.T.);
#4465=ADVANCED_FACE('',(#4464),#4443,.F.);
#4466=CARTESIAN_POINT('',(344.831788053,461.839249783,10.6));
#4467=DIRECTION('',(0.,-1.,0.));
#4468=DIRECTION('',(1.,0.,-0.));
#4469=AXIS2_PLACEMENT_3D('',#4466,#4467,#4468);
#4470=PLANE('',#4469);
#4471=CARTESIAN_POINT('',(349.706788053,461.839249783,127.));
#4472=VERTEX_POINT('',#4471);
#4473=CARTESIAN_POINT('',(349.706788053,461.839249783,127.));
#4474=DIRECTION('',(0.,0.,1.));
#4475=VECTOR('',#4474,0.6);
#4476=LINE('',#4473,#4475);
#4477=EDGE_CURVE('',#4472,#2889,#4476,.T.);
#4478=ORIENTED_EDGE('',*,*,#4477,.F.);
#4479=CARTESIAN_POINT('',(349.706788053,461.839249783,127.));
#4480=DIRECTION('',(-1.,-0.,0.));
#4481=VECTOR('',#4480,9.75);
#4482=LINE('',#4479,#4481);
#4483=EDGE_CURVE('',#4472,#2240,#4482,.T.);
#4484=ORIENTED_EDGE('',*,*,#4483,.T.);
#4485=CARTESIAN_POINT('',(339.956788053,461.839249783,127.6));
#4486=DIRECTION('',(-0.,-0.,-1.));
#4487=VECTOR('',#4486,0.6);
#4488=LINE('',#4485,#4487);
#4489=EDGE_CURVE('',#2898,#2240,#4488,.T.);
#4490=ORIENTED_EDGE('',*,*,#4489,.F.);
#4491=ORIENTED_EDGE('',*,*,#2903,.T.);
#4492=EDGE_LOOP('',(#4478,#4484,#4490,#4491));
#4493=FACE_BOUND('',#4492,.T.);
#4494=ADVANCED_FACE('',(#4493),#4470,.F.);
#4495=CARTESIAN_POINT('',(354.556788053,452.114249783,10.6));
#4496=DIRECTION('',(-1.,-0.,0.));
#4497=DIRECTION('',(0.,-1.,0.));
#4498=AXIS2_PLACEMENT_3D('',#4495,#4496,#4497);
#4499=PLANE('',#4498);
#4500=CARTESIAN_POINT('',(354.556788053,447.239249783,127.));
#4501=DIRECTION('',(0.,0.,1.));
#4502=VECTOR('',#4501,0.6);
#4503=LINE('',#4500,#4502);
#4504=EDGE_CURVE('',#2200,#2872,#4503,.T.);
#4505=ORIENTED_EDGE('',*,*,#4504,.F.);
#4506=CARTESIAN_POINT('',(354.556788053,456.989249783,127.));
#4507=VERTEX_POINT('',#4506);
#4508=CARTESIAN_POINT('',(354.556788053,447.239249783,127.));
#4509=DIRECTION('',(-0.,1.,-0.));
#4510=VECTOR('',#4509,9.75);
#4511=LINE('',#4508,#4510);
#4512=EDGE_CURVE('',#2200,#4507,#4511,.T.);
#4513=ORIENTED_EDGE('',*,*,#4512,.T.);
#4514=CARTESIAN_POINT('',(354.556788053,456.989249783,127.6));
#4515=DIRECTION('',(-0.,-0.,-1.));
#4516=VECTOR('',#4515,0.6);
#4517=LINE('',#4514,#4516);
#4518=EDGE_CURVE('',#2881,#4507,#4517,.T.);
#4519=ORIENTED_EDGE('',*,*,#4518,.F.);
#4520=ORIENTED_EDGE('',*,*,#2886,.T.);
#4521=EDGE_LOOP('',(#4505,#4513,#4519,#4520));
#4522=FACE_BOUND('',#4521,.T.);
#4523=ADVANCED_FACE('',(#4522),#4499,.F.);
#4524=CARTESIAN_POINT('',(369.056788053,442.089249783,10.6));
#4525=DIRECTION('',(0.,-1.,0.));
#4526=DIRECTION('',(0.,0.,1.));
#4527=AXIS2_PLACEMENT_3D('',#4524,#4525,#4526);
#4528=PLANE('',#4527);
#4529=CARTESIAN_POINT('',(378.406788053,442.089249783,127.));
#4530=DIRECTION('',(0.,0.,1.));
#4531=VECTOR('',#4530,0.6);
#4532=LINE('',#4529,#4531);
#4533=EDGE_CURVE('',#2168,#2855,#4532,.T.);
#4534=ORIENTED_EDGE('',*,*,#4533,.F.);
#4535=CARTESIAN_POINT('',(378.406788053,442.089249783,127.));
#4536=DIRECTION('',(-1.,0.,0.));
#4537=VECTOR('',#4536,18.7);
#4538=LINE('',#4535,#4537);
#4539=EDGE_CURVE('',#2168,#2208,#4538,.T.);
#4540=ORIENTED_EDGE('',*,*,#4539,.T.);
#4541=CARTESIAN_POINT('',(359.706788053,442.089249783,127.6));
#4542=DIRECTION('',(-0.,-0.,-1.));
#4543=VECTOR('',#4542,0.6);
#4544=LINE('',#4541,#4543);
#4545=EDGE_CURVE('',#2864,#2208,#4544,.T.);
#4546=ORIENTED_EDGE('',*,*,#4545,.F.);
#4547=ORIENTED_EDGE('',*,*,#2869,.T.);
#4548=EDGE_LOOP('',(#4534,#4540,#4546,#4547));
#4549=FACE_BOUND('',#4548,.T.);
#4550=ADVANCED_FACE('',(#4549),#4528,.F.);
#4551=CARTESIAN_POINT('',(383.556788053,452.114249783,10.6));
#4552=DIRECTION('',(1.,0.,-0.));
#4553=DIRECTION('',(-0.,1.,-0.));
#4554=AXIS2_PLACEMENT_3D('',#4551,#4552,#4553);
#4555=PLANE('',#4554);
#4556=CARTESIAN_POINT('',(383.556788053,456.989249783,127.));
#4557=VERTEX_POINT('',#4556);
#4558=CARTESIAN_POINT('',(383.556788053,456.989249783,127.));
#4559=DIRECTION('',(0.,0.,1.));
#4560=VECTOR('',#4559,0.6);
#4561=LINE('',#4558,#4560);
#4562=EDGE_CURVE('',#4557,#2838,#4561,.T.);
#4563=ORIENTED_EDGE('',*,*,#4562,.F.);
#4564=CARTESIAN_POINT('',(383.556788053,456.989249783,127.));
#4565=DIRECTION('',(0.,-1.,0.));
#4566=VECTOR('',#4565,9.75);
#4567=LINE('',#4564,#4566);
#4568=EDGE_CURVE('',#4557,#2176,#4567,.T.);
#4569=ORIENTED_EDGE('',*,*,#4568,.T.);
#4570=CARTESIAN_POINT('',(383.556788053,447.239249783,127.6));
#4571=DIRECTION('',(-0.,-0.,-1.));
#4572=VECTOR('',#4571,0.6);
#4573=LINE('',#4570,#4572);
#4574=EDGE_CURVE('',#2847,#2176,#4573,.T.);
#4575=ORIENTED_EDGE('',*,*,#4574,.F.);
#4576=ORIENTED_EDGE('',*,*,#2852,.T.);
#4577=EDGE_LOOP('',(#4563,#4569,#4575,#4576));
#4578=FACE_BOUND('',#4577,.T.);
#4579=ADVANCED_FACE('',(#4578),#4555,.F.);
#4580=CARTESIAN_POINT('',(393.281788053,461.839249783,10.6));
#4581=DIRECTION('',(0.,-1.,0.));
#4582=DIRECTION('',(1.,0.,-0.));
#4583=AXIS2_PLACEMENT_3D('',#4580,#4581,#4582);
#4584=PLANE('',#4583);
#4585=CARTESIAN_POINT('',(398.156788053,461.839249783,127.));
#4586=DIRECTION('',(0.,0.,1.));
#4587=VECTOR('',#4586,0.6);
#4588=LINE('',#4585,#4587);
#4589=EDGE_CURVE('',#2136,#2821,#4588,.T.);
#4590=ORIENTED_EDGE('',*,*,#4589,.F.);
#4591=CARTESIAN_POINT('',(388.406788053,461.839249783,127.));
#4592=VERTEX_POINT('',#4591);
#4593=CARTESIAN_POINT('',(398.156788053,461.839249783,127.));
#4594=DIRECTION('',(-1.,-0.,0.));
#4595=VECTOR('',#4594,9.75);
#4596=LINE('',#4593,#4595);
#4597=EDGE_CURVE('',#2136,#4592,#4596,.T.);
#4598=ORIENTED_EDGE('',*,*,#4597,.T.);
#4599=CARTESIAN_POINT('',(388.406788053,461.839249783,127.6));
#4600=DIRECTION('',(-0.,-0.,-1.));
#4601=VECTOR('',#4600,0.6);
#4602=LINE('',#4599,#4601);
#4603=EDGE_CURVE('',#2830,#4592,#4602,.T.);
#4604=ORIENTED_EDGE('',*,*,#4603,.F.);
#4605=ORIENTED_EDGE('',*,*,#2835,.T.);
#4606=EDGE_LOOP('',(#4590,#4598,#4604,#4605));
#4607=FACE_BOUND('',#4606,.T.);
#4608=ADVANCED_FACE('',(#4607),#4584,.F.);
#4609=CARTESIAN_POINT('',(403.306788053,476.339249783,10.6));
#4610=DIRECTION('',(1.,-0.,-0.));
#4611=DIRECTION('',(0.,0.,1.));
#4612=AXIS2_PLACEMENT_3D('',#4609,#4610,#4611);
#4613=PLANE('',#4612);
#4614=CARTESIAN_POINT('',(403.306788053,485.689249783,127.));
#4615=DIRECTION('',(0.,0.,1.));
#4616=VECTOR('',#4615,0.6);
#4617=LINE('',#4614,#4616);
#4618=EDGE_CURVE('',#2104,#2804,#4617,.T.);
#4619=ORIENTED_EDGE('',*,*,#4618,.F.);
#4620=CARTESIAN_POINT('',(403.306788053,485.689249783,127.));
#4621=DIRECTION('',(0.,-1.,0.));
#4622=VECTOR('',#4621,18.7);
#4623=LINE('',#4620,#4622);
#4624=EDGE_CURVE('',#2104,#2144,#4623,.T.);
#4625=ORIENTED_EDGE('',*,*,#4624,.T.);
#4626=CARTESIAN_POINT('',(403.306788053,466.989249783,127.6));
#4627=DIRECTION('',(-0.,-0.,-1.));
#4628=VECTOR('',#4627,0.6);
#4629=LINE('',#4626,#4628);
#4630=EDGE_CURVE('',#2813,#2144,#4629,.T.);
#4631=ORIENTED_EDGE('',*,*,#4630,.F.);
#4632=ORIENTED_EDGE('',*,*,#2818,.T.);
#4633=EDGE_LOOP('',(#4619,#4625,#4631,#4632));
#4634=FACE_BOUND('',#4633,.T.);
#4635=ADVANCED_FACE('',(#4634),#4613,.F.);
#4636=CARTESIAN_POINT('',(393.281788053,490.839249783,10.6));
#4637=DIRECTION('',(-0.,1.,-0.));
#4638=DIRECTION('',(-1.,-0.,0.));
#4639=AXIS2_PLACEMENT_3D('',#4636,#4637,#4638);
#4640=PLANE('',#4639);
#4641=CARTESIAN_POINT('',(388.406788053,490.839249783,127.));
#4642=VERTEX_POINT('',#4641);
#4643=CARTESIAN_POINT('',(388.406788053,490.839249783,127.));
#4644=DIRECTION('',(0.,0.,1.));
#4645=VECTOR('',#4644,0.6);
#4646=LINE('',#4643,#4645);
#4647=EDGE_CURVE('',#4642,#2787,#4646,.T.);
#4648=ORIENTED_EDGE('',*,*,#4647,.F.);
#4649=CARTESIAN_POINT('',(388.406788053,490.839249783,127.));
#4650=DIRECTION('',(1.,0.,-0.));
#4651=VECTOR('',#4650,9.75);
#4652=LINE('',#4649,#4651);
#4653=EDGE_CURVE('',#4642,#2112,#4652,.T.);
#4654=ORIENTED_EDGE('',*,*,#4653,.T.);
#4655=CARTESIAN_POINT('',(398.156788053,490.839249783,127.6));
#4656=DIRECTION('',(-0.,-0.,-1.));
#4657=VECTOR('',#4656,0.6);
#4658=LINE('',#4655,#4657);
#4659=EDGE_CURVE('',#2796,#2112,#4658,.T.);
#4660=ORIENTED_EDGE('',*,*,#4659,.F.);
#4661=ORIENTED_EDGE('',*,*,#2801,.T.);
#4662=EDGE_LOOP('',(#4648,#4654,#4660,#4661));
#4663=FACE_BOUND('',#4662,.T.);
#4664=ADVANCED_FACE('',(#4663),#4640,.F.);
#4665=CARTESIAN_POINT('',(383.556788053,500.564249783,10.6));
#4666=DIRECTION('',(1.,0.,-0.));
#4667=DIRECTION('',(-0.,1.,-0.));
#4668=AXIS2_PLACEMENT_3D('',#4665,#4666,#4667);
#4669=PLANE('',#4668);
#4670=CARTESIAN_POINT('',(383.556788053,505.439249783,127.));
#4671=DIRECTION('',(0.,0.,1.));
#4672=VECTOR('',#4671,0.6);
#4673=LINE('',#4670,#4672);
#4674=EDGE_CURVE('',#2072,#2770,#4673,.T.);
#4675=ORIENTED_EDGE('',*,*,#4674,.F.);
#4676=CARTESIAN_POINT('',(383.556788053,495.689249783,127.));
#4677=VERTEX_POINT('',#4676);
#4678=CARTESIAN_POINT('',(383.556788053,505.439249783,127.));
#4679=DIRECTION('',(0.,-1.,0.));
#4680=VECTOR('',#4679,9.75);
#4681=LINE('',#4678,#4680);
#4682=EDGE_CURVE('',#2072,#4677,#4681,.T.);
#4683=ORIENTED_EDGE('',*,*,#4682,.T.);
#4684=CARTESIAN_POINT('',(383.556788053,495.689249783,127.6));
#4685=DIRECTION('',(-0.,-0.,-1.));
#4686=VECTOR('',#4685,0.6);
#4687=LINE('',#4684,#4686);
#4688=EDGE_CURVE('',#2779,#4677,#4687,.T.);
#4689=ORIENTED_EDGE('',*,*,#4688,.F.);
#4690=ORIENTED_EDGE('',*,*,#2784,.T.);
#4691=EDGE_LOOP('',(#4675,#4683,#4689,#4690));
#4692=FACE_BOUND('',#4691,.T.);
#4693=ADVANCED_FACE('',(#4692),#4669,.F.);
#4694=CARTESIAN_POINT('',(369.056788053,510.589249783,10.6));
#4695=DIRECTION('',(0.,1.,-0.));
#4696=DIRECTION('',(-0.,-0.,-1.));
#4697=AXIS2_PLACEMENT_3D('',#4694,#4695,#4696);
#4698=PLANE('',#4697);
#4699=CARTESIAN_POINT('',(359.706788053,510.589249783,127.));
#4700=DIRECTION('',(0.,0.,1.));
#4701=VECTOR('',#4700,0.6);
#4702=LINE('',#4699,#4701);
#4703=EDGE_CURVE('',#2558,#2753,#4702,.T.);
#4704=ORIENTED_EDGE('',*,*,#4703,.F.);
#4705=CARTESIAN_POINT('',(359.706788053,510.589249783,127.));
#4706=DIRECTION('',(1.,-0.,-0.));
#4707=VECTOR('',#4706,18.7);
#4708=LINE('',#4705,#4707);
#4709=EDGE_CURVE('',#2558,#2080,#4708,.T.);
#4710=ORIENTED_EDGE('',*,*,#4709,.T.);
#4711=CARTESIAN_POINT('',(378.406788053,510.589249783,127.6));
#4712=DIRECTION('',(-0.,-0.,-1.));
#4713=VECTOR('',#4712,0.6);
#4714=LINE('',#4711,#4713);
#4715=EDGE_CURVE('',#2762,#2080,#4714,.T.);
#4716=ORIENTED_EDGE('',*,*,#4715,.F.);
#4717=ORIENTED_EDGE('',*,*,#2767,.T.);
#4718=EDGE_LOOP('',(#4704,#4710,#4716,#4717));
#4719=FACE_BOUND('',#4718,.T.);
#4720=ADVANCED_FACE('',(#4719),#4698,.F.);
#4721=CARTESIAN_POINT('',(354.556788053,500.564249783,10.6));
#4722=DIRECTION('',(-1.,-0.,0.));
#4723=DIRECTION('',(0.,-1.,0.));
#4724=AXIS2_PLACEMENT_3D('',#4721,#4722,#4723);
#4725=PLANE('',#4724);
#4726=CARTESIAN_POINT('',(354.556788053,495.689249783,127.));
#4727=VERTEX_POINT('',#4726);
#4728=CARTESIAN_POINT('',(354.556788053,495.689249783,127.));
#4729=DIRECTION('',(0.,0.,1.));
#4730=VECTOR('',#4729,0.6);
#4731=LINE('',#4728,#4730);
#4732=EDGE_CURVE('',#4727,#2736,#4731,.T.);
#4733=ORIENTED_EDGE('',*,*,#4732,.F.);
#4734=CARTESIAN_POINT('',(354.556788053,495.689249783,127.));
#4735=DIRECTION('',(-0.,1.,-0.));
#4736=VECTOR('',#4735,9.75);
#4737=LINE('',#4734,#4736);
#4738=EDGE_CURVE('',#4727,#2566,#4737,.T.);
#4739=ORIENTED_EDGE('',*,*,#4738,.T.);
#4740=CARTESIAN_POINT('',(354.556788053,505.439249783,127.6));
#4741=DIRECTION('',(-0.,-0.,-1.));
#4742=VECTOR('',#4741,0.6);
#4743=LINE('',#4740,#4742);
#4744=EDGE_CURVE('',#2745,#2566,#4743,.T.);
#4745=ORIENTED_EDGE('',*,*,#4744,.F.);
#4746=ORIENTED_EDGE('',*,*,#2750,.T.);
#4747=EDGE_LOOP('',(#4733,#4739,#4745,#4746));
#4748=FACE_BOUND('',#4747,.T.);
#4749=ADVANCED_FACE('',(#4748),#4725,.F.);
#4750=CARTESIAN_POINT('',(349.706788053,495.689249783,10.6));
#4751=DIRECTION('',(-0.,-0.,-1.));
#4752=DIRECTION('',(1.,-0.,-0.));
#4753=AXIS2_PLACEMENT_3D('',#4750,#4751,#4752);
#4754=CYLINDRICAL_SURFACE('',#4753,4.85);
#4755=ORIENTED_EDGE('',*,*,#4433,.T.);
#4756=CARTESIAN_POINT('',(349.706788053,495.689249783,127.));
#4757=DIRECTION('',(0.,0.,1.));
#4758=DIRECTION('',(-1.,0.,0.));
#4759=AXIS2_PLACEMENT_3D('',#4756,#4757,#4758);
#4760=CIRCLE('',#4759,4.85);
#4761=EDGE_CURVE('',#4422,#4727,#4760,.T.);
#4762=ORIENTED_EDGE('',*,*,#4761,.T.);
#4763=ORIENTED_EDGE('',*,*,#4732,.T.);
#4764=ORIENTED_EDGE('',*,*,#2742,.T.);
#4765=EDGE_LOOP('',(#4755,#4762,#4763,#4764));
#4766=FACE_BOUND('',#4765,.T.);
#4767=ADVANCED_FACE('',(#4766),#4754,.T.);
#4768=CARTESIAN_POINT('',(388.406788053,495.689249783,10.6));
#4769=DIRECTION('',(-0.,-0.,-1.));
#4770=DIRECTION('',(1.,-0.,-0.));
#4771=AXIS2_PLACEMENT_3D('',#4768,#4769,#4770);
#4772=CYLINDRICAL_SURFACE('',#4771,4.85);
#4773=ORIENTED_EDGE('',*,*,#4688,.T.);
#4774=CARTESIAN_POINT('',(388.406788053,495.689249783,127.));
#4775=DIRECTION('',(0.,0.,1.));
#4776=DIRECTION('',(-1.,0.,0.));
#4777=AXIS2_PLACEMENT_3D('',#4774,#4775,#4776);
#4778=CIRCLE('',#4777,4.85);
#4779=EDGE_CURVE('',#4677,#4642,#4778,.T.);
#4780=ORIENTED_EDGE('',*,*,#4779,.T.);
#4781=ORIENTED_EDGE('',*,*,#4647,.T.);
#4782=ORIENTED_EDGE('',*,*,#2793,.T.);
#4783=EDGE_LOOP('',(#4773,#4780,#4781,#4782));
#4784=FACE_BOUND('',#4783,.T.);
#4785=ADVANCED_FACE('',(#4784),#4772,.T.);
#4786=CARTESIAN_POINT('',(349.706788053,456.989249783,10.6));
#4787=DIRECTION('',(-0.,-0.,-1.));
#4788=DIRECTION('',(1.,-0.,-0.));
#4789=AXIS2_PLACEMENT_3D('',#4786,#4787,#4788);
#4790=CYLINDRICAL_SURFACE('',#4789,4.85);
#4791=ORIENTED_EDGE('',*,*,#4518,.T.);
#4792=CARTESIAN_POINT('',(349.706788053,456.989249783,127.));
#4793=DIRECTION('',(0.,0.,1.));
#4794=DIRECTION('',(-1.,0.,0.));
#4795=AXIS2_PLACEMENT_3D('',#4792,#4793,#4794);
#4796=CIRCLE('',#4795,4.85);
#4797=EDGE_CURVE('',#4507,#4472,#4796,.T.);
#4798=ORIENTED_EDGE('',*,*,#4797,.T.);
#4799=ORIENTED_EDGE('',*,*,#4477,.T.);
#4800=ORIENTED_EDGE('',*,*,#2895,.T.);
#4801=EDGE_LOOP('',(#4791,#4798,#4799,#4800));
#4802=FACE_BOUND('',#4801,.T.);
#4803=ADVANCED_FACE('',(#4802),#4790,.T.);
#4804=CARTESIAN_POINT('',(388.406788053,456.989249783,10.6));
#4805=DIRECTION('',(-0.,-0.,-1.));
#4806=DIRECTION('',(1.,-0.,-0.));
#4807=AXIS2_PLACEMENT_3D('',#4804,#4805,#4806);
#4808=CYLINDRICAL_SURFACE('',#4807,4.85);
#4809=ORIENTED_EDGE('',*,*,#4603,.T.);
#4810=CARTESIAN_POINT('',(388.406788053,456.989249783,127.));
#4811=DIRECTION('',(0.,0.,1.));
#4812=DIRECTION('',(-1.,0.,0.));
#4813=AXIS2_PLACEMENT_3D('',#4810,#4811,#4812);
#4814=CIRCLE('',#4813,4.85);
#4815=EDGE_CURVE('',#4592,#4557,#4814,.T.);
#4816=ORIENTED_EDGE('',*,*,#4815,.T.);
#4817=ORIENTED_EDGE('',*,*,#4562,.T.);
#4818=ORIENTED_EDGE('',*,*,#2844,.T.);
#4819=EDGE_LOOP('',(#4809,#4816,#4817,#4818));
#4820=FACE_BOUND('',#4819,.T.);
#4821=ADVANCED_FACE('',(#4820),#4808,.T.);
#4822=CARTESIAN_POINT('',(339.956788053,466.989249783,10.6));
#4823=DIRECTION('',(0.,0.,1.));
#4824=DIRECTION('',(-1.,0.,0.));
#4825=AXIS2_PLACEMENT_3D('',#4822,#4823,#4824);
#4826=CYLINDRICAL_SURFACE('',#4825,5.15);
#4827=ORIENTED_EDGE('',*,*,#4489,.T.);
#4828=ORIENTED_EDGE('',*,*,#2246,.T.);
#4829=ORIENTED_EDGE('',*,*,#4448,.T.);
#4830=ORIENTED_EDGE('',*,*,#2910,.T.);
#4831=EDGE_LOOP('',(#4827,#4828,#4829,#4830));
#4832=FACE_BOUND('',#4831,.T.);
#4833=ADVANCED_FACE('',(#4832),#4826,.F.);
#4834=CARTESIAN_POINT('',(398.156788053,485.689249783,10.6));
#4835=DIRECTION('',(0.,0.,1.));
#4836=DIRECTION('',(-1.,0.,0.));
#4837=AXIS2_PLACEMENT_3D('',#4834,#4835,#4836);
#4838=CYLINDRICAL_SURFACE('',#4837,5.15);
#4839=ORIENTED_EDGE('',*,*,#4659,.T.);
#4840=ORIENTED_EDGE('',*,*,#2118,.T.);
#4841=ORIENTED_EDGE('',*,*,#4618,.T.);
#4842=ORIENTED_EDGE('',*,*,#2810,.T.);
#4843=EDGE_LOOP('',(#4839,#4840,#4841,#4842));
#4844=FACE_BOUND('',#4843,.T.);
#4845=ADVANCED_FACE('',(#4844),#4838,.F.);
#4846=CARTESIAN_POINT('',(359.706788053,447.239249783,10.6));
#4847=DIRECTION('',(0.,0.,1.));
#4848=DIRECTION('',(-1.,0.,0.));
#4849=AXIS2_PLACEMENT_3D('',#4846,#4847,#4848);
#4850=CYLINDRICAL_SURFACE('',#4849,5.15);
#4851=ORIENTED_EDGE('',*,*,#4545,.T.);
#4852=ORIENTED_EDGE('',*,*,#2214,.T.);
#4853=ORIENTED_EDGE('',*,*,#4504,.T.);
#4854=ORIENTED_EDGE('',*,*,#2878,.T.);
#4855=EDGE_LOOP('',(#4851,#4852,#4853,#4854));
#4856=FACE_BOUND('',#4855,.T.);
#4857=ADVANCED_FACE('',(#4856),#4850,.F.);
#4858=CARTESIAN_POINT('',(398.156788053,466.989249783,10.6));
#4859=DIRECTION('',(0.,0.,1.));
#4860=DIRECTION('',(-1.,0.,0.));
#4861=AXIS2_PLACEMENT_3D('',#4858,#4859,#4860);
#4862=CYLINDRICAL_SURFACE('',#4861,5.15);
#4863=ORIENTED_EDGE('',*,*,#4630,.T.);
#4864=ORIENTED_EDGE('',*,*,#2150,.T.);
#4865=ORIENTED_EDGE('',*,*,#4589,.T.);
#4866=ORIENTED_EDGE('',*,*,#2827,.T.);
#4867=EDGE_LOOP('',(#4863,#4864,#4865,#4866));
#4868=FACE_BOUND('',#4867,.T.);
#4869=ADVANCED_FACE('',(#4868),#4862,.F.);
#4870=CARTESIAN_POINT('',(359.706788053,505.439249783,10.6));
#4871=DIRECTION('',(0.,0.,1.));
#4872=DIRECTION('',(-1.,0.,0.));
#4873=AXIS2_PLACEMENT_3D('',#4870,#4871,#4872);
#4874=CYLINDRICAL_SURFACE('',#4873,5.15);
#4875=ORIENTED_EDGE('',*,*,#4744,.T.);
#4876=ORIENTED_EDGE('',*,*,#2572,.T.);
#4877=ORIENTED_EDGE('',*,*,#4703,.T.);
#4878=ORIENTED_EDGE('',*,*,#2759,.T.);
#4879=EDGE_LOOP('',(#4875,#4876,#4877,#4878));
#4880=FACE_BOUND('',#4879,.T.);
#4881=ADVANCED_FACE('',(#4880),#4874,.F.);
#4882=CARTESIAN_POINT('',(339.956788053,485.689249783,10.6));
#4883=DIRECTION('',(0.,0.,1.));
#4884=DIRECTION('',(-1.,0.,0.));
#4885=AXIS2_PLACEMENT_3D('',#4882,#4883,#4884);
#4886=CYLINDRICAL_SURFACE('',#4885,5.15);
#4887=ORIENTED_EDGE('',*,*,#4460,.T.);
#4888=ORIENTED_EDGE('',*,*,#2278,.T.);
#4889=ORIENTED_EDGE('',*,*,#4419,.T.);
#4890=ORIENTED_EDGE('',*,*,#2725,.T.);
#4891=EDGE_LOOP('',(#4887,#4888,#4889,#4890));
#4892=FACE_BOUND('',#4891,.T.);
#4893=ADVANCED_FACE('',(#4892),#4886,.F.);
#4894=CARTESIAN_POINT('',(378.406788053,447.239249783,10.6));
#4895=DIRECTION('',(0.,0.,1.));
#4896=DIRECTION('',(-1.,0.,0.));
#4897=AXIS2_PLACEMENT_3D('',#4894,#4895,#4896);
#4898=CYLINDRICAL_SURFACE('',#4897,5.15);
#4899=ORIENTED_EDGE('',*,*,#4574,.T.);
#4900=ORIENTED_EDGE('',*,*,#2182,.T.);
#4901=ORIENTED_EDGE('',*,*,#4533,.T.);
#4902=ORIENTED_EDGE('',*,*,#2861,.T.);
#4903=EDGE_LOOP('',(#4899,#4900,#4901,#4902));
#4904=FACE_BOUND('',#4903,.T.);
#4905=ADVANCED_FACE('',(#4904),#4898,.F.);
#4906=CARTESIAN_POINT('',(378.406788053,505.439249783,10.6));
#4907=DIRECTION('',(0.,0.,1.));
#4908=DIRECTION('',(-1.,0.,0.));
#4909=AXIS2_PLACEMENT_3D('',#4906,#4907,#4908);
#4910=CYLINDRICAL_SURFACE('',#4909,5.15);
#4911=ORIENTED_EDGE('',*,*,#4715,.T.);
#4912=ORIENTED_EDGE('',*,*,#2086,.T.);
#4913=ORIENTED_EDGE('',*,*,#4674,.T.);
#4914=ORIENTED_EDGE('',*,*,#2776,.T.);
#4915=EDGE_LOOP('',(#4911,#4912,#4913,#4914));
#4916=FACE_BOUND('',#4915,.T.);
#4917=ADVANCED_FACE('',(#4916),#4910,.F.);
#4918=CARTESIAN_POINT('',(340.056788053,476.339249783,132.8));
#4919=DIRECTION('',(0.,0.,1.));
#4920=DIRECTION('',(-1.,0.,0.));
#4921=AXIS2_PLACEMENT_3D('',#4918,#4919,#4920);
#4922=CONICAL_SURFACE('',#4921,1.6,45.);
#4923=CARTESIAN_POINT('',(336.806788053,476.339249783,134.45));
#4924=DIRECTION('',(0.707106781,-0.,-0.707106781));
#4925=VECTOR('',#4924,2.333452378);
#4926=LINE('',#4923,#4925);
#4927=EDGE_CURVE('',#4366,#2932,#4926,.T.);
#4928=ORIENTED_EDGE('',*,*,#4927,.F.);
#4929=ORIENTED_EDGE('',*,*,#4380,.F.);
#4930=ORIENTED_EDGE('',*,*,#4927,.T.);
#4931=ORIENTED_EDGE('',*,*,#2938,.F.);
#4932=ORIENTED_EDGE('',*,*,#2945,.F.);
#4933=EDGE_LOOP('',(#4928,#4929,#4930,#4931,#4932));
#4934=FACE_BOUND('',#4933,.T.);
#4935=ADVANCED_FACE('',(#4934),#4922,.F.);
#4936=CARTESIAN_POINT('',(398.056788053,476.339249783,132.8));
#4937=DIRECTION('',(0.,0.,1.));
#4938=DIRECTION('',(-1.,0.,0.));
#4939=AXIS2_PLACEMENT_3D('',#4936,#4937,#4938);
#4940=CONICAL_SURFACE('',#4939,1.6,45.);
#4941=CARTESIAN_POINT('',(394.806788053,476.339249783,134.45));
#4942=DIRECTION('',(0.707106781,-0.,-0.707106781));
#4943=VECTOR('',#4942,2.333452378);
#4944=LINE('',#4941,#4943);
#4945=EDGE_CURVE('',#4391,#2967,#4944,.T.);
#4946=ORIENTED_EDGE('',*,*,#4945,.F.);
#4947=ORIENTED_EDGE('',*,*,#4405,.F.);
#4948=ORIENTED_EDGE('',*,*,#4945,.T.);
#4949=ORIENTED_EDGE('',*,*,#2973,.F.);
#4950=ORIENTED_EDGE('',*,*,#2980,.F.);
#4951=EDGE_LOOP('',(#4946,#4947,#4948,#4949,#4950));
#4952=FACE_BOUND('',#4951,.T.);
#4953=ADVANCED_FACE('',(#4952),#4940,.F.);
#4954=CARTESIAN_POINT('',(369.056788053,511.089249783,126.5));
#4955=DIRECTION('',(0.,0.707106781,0.707106781));
#4956=DIRECTION('',(-1.,0.,0.));
#4957=AXIS2_PLACEMENT_3D('',#4954,#4955,#4956);
#4958=PLANE('',#4957);
#4959=ORIENTED_EDGE('',*,*,#2563,.F.);
#4960=ORIENTED_EDGE('',*,*,#923,.T.);
#4961=ORIENTED_EDGE('',*,*,#2092,.T.);
#4962=ORIENTED_EDGE('',*,*,#4709,.F.);
#4963=EDGE_LOOP('',(#4959,#4960,#4961,#4962));
#4964=FACE_BOUND('',#4963,.T.);
#4965=ADVANCED_FACE('',(#4964),#4958,.F.);
#4966=CARTESIAN_POINT('',(384.056788053,476.339249783,126.5));
#4967=DIRECTION('',(0.707106781,0.,0.707106781));
#4968=DIRECTION('',(-0.,1.,-0.));
#4969=AXIS2_PLACEMENT_3D('',#4966,#4967,#4968);
#4970=PLANE('',#4969);
#4971=ORIENTED_EDGE('',*,*,#2077,.T.);
#4972=ORIENTED_EDGE('',*,*,#989,.T.);
#4973=CARTESIAN_POINT('',(383.556788053,495.689249783,127.));
#4974=DIRECTION('',(0.707106781,-0.,-0.707106781));
#4975=VECTOR('',#4974,0.070710678);
#4976=LINE('',#4973,#4975);
#4977=EDGE_CURVE('',#4677,#978,#4976,.T.);
#4978=ORIENTED_EDGE('',*,*,#4977,.F.);
#4979=ORIENTED_EDGE('',*,*,#4682,.F.);
#4980=EDGE_LOOP('',(#4971,#4972,#4978,#4979));
#4981=FACE_BOUND('',#4980,.T.);
#4982=ADVANCED_FACE('',(#4981),#4970,.F.);
#4983=CARTESIAN_POINT('',(388.406788053,495.689249783,127.));
#4984=DIRECTION('',(0.,0.,1.));
#4985=DIRECTION('',(-1.,0.,0.));
#4986=AXIS2_PLACEMENT_3D('',#4983,#4984,#4985);
#4987=CONICAL_SURFACE('',#4986,4.85,45.);
#4988=ORIENTED_EDGE('',*,*,#4977,.T.);
#4989=ORIENTED_EDGE('',*,*,#1023,.T.);
#4990=CARTESIAN_POINT('',(388.406788053,490.839249783,127.));
#4991=DIRECTION('',(-0.,0.707106781,-0.707106781));
#4992=VECTOR('',#4991,0.070710678);
#4993=LINE('',#4990,#4992);
#4994=EDGE_CURVE('',#4642,#1011,#4993,.T.);
#4995=ORIENTED_EDGE('',*,*,#4994,.F.);
#4996=ORIENTED_EDGE('',*,*,#4779,.F.);
#4997=EDGE_LOOP('',(#4988,#4989,#4995,#4996));
#4998=FACE_BOUND('',#4997,.T.);
#4999=ADVANCED_FACE('',(#4998),#4987,.T.);
#5000=CARTESIAN_POINT('',(354.056788053,476.339249783,126.5));
#5001=DIRECTION('',(-0.707106781,-0.,0.707106781));
#5002=DIRECTION('',(0.,-1.,0.));
#5003=AXIS2_PLACEMENT_3D('',#5000,#5001,#5002);
#5004=PLANE('',#5003);
#5005=CARTESIAN_POINT('',(354.506788053,495.689249783,126.95));
#5006=DIRECTION('',(0.707106781,0.,0.707106781));
#5007=VECTOR('',#5006,0.070710678);
#5008=LINE('',#5005,#5007);
#5009=EDGE_CURVE('',#1605,#4727,#5008,.T.);
#5010=ORIENTED_EDGE('',*,*,#5009,.F.);
#5011=ORIENTED_EDGE('',*,*,#1640,.T.);
#5012=ORIENTED_EDGE('',*,*,#2578,.T.);
#5013=ORIENTED_EDGE('',*,*,#4738,.F.);
#5014=EDGE_LOOP('',(#5010,#5011,#5012,#5013));
#5015=FACE_BOUND('',#5014,.T.);
#5016=ADVANCED_FACE('',(#5015),#5004,.F.);
#5017=CARTESIAN_POINT('',(369.056788053,491.339249783,126.5));
#5018=DIRECTION('',(-0.,0.707106781,0.707106781));
#5019=DIRECTION('',(-1.,-0.,0.));
#5020=AXIS2_PLACEMENT_3D('',#5017,#5018,#5019);
#5021=PLANE('',#5020);
#5022=ORIENTED_EDGE('',*,*,#4994,.T.);
#5023=ORIENTED_EDGE('',*,*,#1055,.T.);
#5024=ORIENTED_EDGE('',*,*,#2124,.F.);
#5025=ORIENTED_EDGE('',*,*,#4653,.F.);
#5026=EDGE_LOOP('',(#5022,#5023,#5024,#5025));
#5027=FACE_BOUND('',#5026,.T.);
#5028=ADVANCED_FACE('',(#5027),#5021,.F.);
#5029=CARTESIAN_POINT('',(349.706788053,495.689249783,127.));
#5030=DIRECTION('',(0.,0.,1.));
#5031=DIRECTION('',(-1.,0.,0.));
#5032=AXIS2_PLACEMENT_3D('',#5029,#5030,#5031);
#5033=CONICAL_SURFACE('',#5032,4.85,45.);
#5034=CARTESIAN_POINT('',(349.706788053,490.889249783,126.95));
#5035=DIRECTION('',(0.,-0.707106781,0.707106781));
#5036=VECTOR('',#5035,0.070710678);
#5037=LINE('',#5034,#5036);
#5038=EDGE_CURVE('',#1572,#4422,#5037,.T.);
#5039=ORIENTED_EDGE('',*,*,#5038,.F.);
#5040=ORIENTED_EDGE('',*,*,#1617,.T.);
#5041=ORIENTED_EDGE('',*,*,#5009,.T.);
#5042=ORIENTED_EDGE('',*,*,#4761,.F.);
#5043=EDGE_LOOP('',(#5039,#5040,#5041,#5042));
#5044=FACE_BOUND('',#5043,.T.);
#5045=ADVANCED_FACE('',(#5044),#5033,.T.);
#5046=CARTESIAN_POINT('',(369.056788053,491.339249783,126.5));
#5047=DIRECTION('',(-0.,0.707106781,0.707106781));
#5048=DIRECTION('',(-1.,-0.,0.));
#5049=AXIS2_PLACEMENT_3D('',#5046,#5047,#5048);
#5050=PLANE('',#5049);
#5051=ORIENTED_EDGE('',*,*,#2269,.F.);
#5052=ORIENTED_EDGE('',*,*,#1583,.T.);
#5053=ORIENTED_EDGE('',*,*,#5038,.T.);
#5054=ORIENTED_EDGE('',*,*,#4427,.F.);
#5055=EDGE_LOOP('',(#5051,#5052,#5053,#5054));
#5056=FACE_BOUND('',#5055,.T.);
#5057=ADVANCED_FACE('',(#5056),#5050,.F.);
#5058=CARTESIAN_POINT('',(403.806788053,476.339249783,126.5));
#5059=DIRECTION('',(0.707106781,0.,0.707106781));
#5060=DIRECTION('',(0.,1.,-0.));
#5061=AXIS2_PLACEMENT_3D('',#5058,#5059,#5060);
#5062=PLANE('',#5061);
#5063=ORIENTED_EDGE('',*,*,#2109,.T.);
#5064=ORIENTED_EDGE('',*,*,#1121,.T.);
#5065=ORIENTED_EDGE('',*,*,#2156,.F.);
#5066=ORIENTED_EDGE('',*,*,#4624,.F.);
#5067=EDGE_LOOP('',(#5063,#5064,#5065,#5066));
#5068=FACE_BOUND('',#5067,.T.);
#5069=ADVANCED_FACE('',(#5068),#5062,.F.);
#5070=CARTESIAN_POINT('',(334.306788053,476.339249783,126.5));
#5071=DIRECTION('',(-0.707106781,0.,0.707106781));
#5072=DIRECTION('',(-0.,-1.,0.));
#5073=AXIS2_PLACEMENT_3D('',#5070,#5071,#5072);
#5074=PLANE('',#5073);
#5075=ORIENTED_EDGE('',*,*,#2237,.F.);
#5076=ORIENTED_EDGE('',*,*,#1517,.T.);
#5077=ORIENTED_EDGE('',*,*,#2284,.T.);
#5078=ORIENTED_EDGE('',*,*,#4454,.F.);
#5079=EDGE_LOOP('',(#5075,#5076,#5077,#5078));
#5080=FACE_BOUND('',#5079,.T.);
#5081=ADVANCED_FACE('',(#5080),#5074,.F.);
#5082=CARTESIAN_POINT('',(369.056788053,461.339249783,126.5));
#5083=DIRECTION('',(0.,-0.707106781,0.707106781));
#5084=DIRECTION('',(1.,0.,-0.));
#5085=AXIS2_PLACEMENT_3D('',#5082,#5083,#5084);
#5086=PLANE('',#5085);
#5087=ORIENTED_EDGE('',*,*,#2141,.T.);
#5088=ORIENTED_EDGE('',*,*,#1187,.T.);
#5089=CARTESIAN_POINT('',(388.406788053,461.839249783,127.));
#5090=DIRECTION('',(-0.,-0.707106781,-0.707106781));
#5091=VECTOR('',#5090,0.070710678);
#5092=LINE('',#5089,#5091);
#5093=EDGE_CURVE('',#4592,#1176,#5092,.T.);
#5094=ORIENTED_EDGE('',*,*,#5093,.F.);
#5095=ORIENTED_EDGE('',*,*,#4597,.F.);
#5096=EDGE_LOOP('',(#5087,#5088,#5094,#5095));
#5097=FACE_BOUND('',#5096,.T.);
#5098=ADVANCED_FACE('',(#5097),#5086,.F.);
#5099=CARTESIAN_POINT('',(388.406788053,456.989249783,127.));
#5100=DIRECTION('',(0.,0.,1.));
#5101=DIRECTION('',(-1.,0.,0.));
#5102=AXIS2_PLACEMENT_3D('',#5099,#5100,#5101);
#5103=CONICAL_SURFACE('',#5102,4.85,45.);
#5104=ORIENTED_EDGE('',*,*,#5093,.T.);
#5105=ORIENTED_EDGE('',*,*,#1221,.T.);
#5106=CARTESIAN_POINT('',(383.556788053,456.989249783,127.));
#5107=DIRECTION('',(0.707106781,-0.,-0.707106781));
#5108=VECTOR('',#5107,0.070710678);
#5109=LINE('',#5106,#5108);
#5110=EDGE_CURVE('',#4557,#1209,#5109,.T.);
#5111=ORIENTED_EDGE('',*,*,#5110,.F.);
#5112=ORIENTED_EDGE('',*,*,#4815,.F.);
#5113=EDGE_LOOP('',(#5104,#5105,#5111,#5112));
#5114=FACE_BOUND('',#5113,.T.);
#5115=ADVANCED_FACE('',(#5114),#5103,.T.);
#5116=CARTESIAN_POINT('',(369.056788053,461.339249783,126.5));
#5117=DIRECTION('',(0.,-0.707106781,0.707106781));
#5118=DIRECTION('',(1.,0.,-0.));
#5119=AXIS2_PLACEMENT_3D('',#5116,#5117,#5118);
#5120=PLANE('',#5119);
#5121=CARTESIAN_POINT('',(349.706788053,461.789249783,126.95));
#5122=DIRECTION('',(0.,0.707106781,0.707106781));
#5123=VECTOR('',#5122,0.070710678);
#5124=LINE('',#5121,#5123);
#5125=EDGE_CURVE('',#1407,#4472,#5124,.T.);
#5126=ORIENTED_EDGE('',*,*,#5125,.F.);
#5127=ORIENTED_EDGE('',*,*,#1451,.T.);
#5128=ORIENTED_EDGE('',*,*,#2252,.T.);
#5129=ORIENTED_EDGE('',*,*,#4483,.F.);
#5130=EDGE_LOOP('',(#5126,#5127,#5128,#5129));
#5131=FACE_BOUND('',#5130,.T.);
#5132=ADVANCED_FACE('',(#5131),#5120,.F.);
#5133=CARTESIAN_POINT('',(384.056788053,476.339249783,126.5));
#5134=DIRECTION('',(0.707106781,0.,0.707106781));
#5135=DIRECTION('',(-0.,1.,-0.));
#5136=AXIS2_PLACEMENT_3D('',#5133,#5134,#5135);
#5137=PLANE('',#5136);
#5138=ORIENTED_EDGE('',*,*,#5110,.T.);
#5139=ORIENTED_EDGE('',*,*,#1253,.T.);
#5140=ORIENTED_EDGE('',*,*,#2188,.F.);
#5141=ORIENTED_EDGE('',*,*,#4568,.F.);
#5142=EDGE_LOOP('',(#5138,#5139,#5140,#5141));
#5143=FACE_BOUND('',#5142,.T.);
#5144=ADVANCED_FACE('',(#5143),#5137,.F.);
#5145=CARTESIAN_POINT('',(349.706788053,456.989249783,127.));
#5146=DIRECTION('',(0.,0.,1.));
#5147=DIRECTION('',(-1.,0.,0.));
#5148=AXIS2_PLACEMENT_3D('',#5145,#5146,#5147);
#5149=CONICAL_SURFACE('',#5148,4.85,45.);
#5150=CARTESIAN_POINT('',(354.506788053,456.989249783,126.95));
#5151=DIRECTION('',(0.707106781,0.,0.707106781));
#5152=VECTOR('',#5151,0.070710678);
#5153=LINE('',#5150,#5152);
#5154=EDGE_CURVE('',#1374,#4507,#5153,.T.);
#5155=ORIENTED_EDGE('',*,*,#5154,.F.);
#5156=ORIENTED_EDGE('',*,*,#1419,.T.);
#5157=ORIENTED_EDGE('',*,*,#5125,.T.);
#5158=ORIENTED_EDGE('',*,*,#4797,.F.);
#5159=EDGE_LOOP('',(#5155,#5156,#5157,#5158));
#5160=FACE_BOUND('',#5159,.T.);
#5161=ADVANCED_FACE('',(#5160),#5149,.T.);
#5162=CARTESIAN_POINT('',(354.056788053,476.339249783,126.5));
#5163=DIRECTION('',(-0.707106781,-0.,0.707106781));
#5164=DIRECTION('',(0.,-1.,0.));
#5165=AXIS2_PLACEMENT_3D('',#5162,#5163,#5164);
#5166=PLANE('',#5165);
#5167=ORIENTED_EDGE('',*,*,#2205,.F.);
#5168=ORIENTED_EDGE('',*,*,#1385,.T.);
#5169=ORIENTED_EDGE('',*,*,#5154,.T.);
#5170=ORIENTED_EDGE('',*,*,#4512,.F.);
#5171=EDGE_LOOP('',(#5167,#5168,#5169,#5170));
#5172=FACE_BOUND('',#5171,.T.);
#5173=ADVANCED_FACE('',(#5172),#5166,.F.);
#5174=CARTESIAN_POINT('',(369.056788053,441.589249783,126.5));
#5175=DIRECTION('',(0.,-0.707106781,0.707106781));
#5176=DIRECTION('',(1.,-0.,-0.));
#5177=AXIS2_PLACEMENT_3D('',#5174,#5175,#5176);
#5178=PLANE('',#5177);
#5179=ORIENTED_EDGE('',*,*,#2173,.T.);
#5180=ORIENTED_EDGE('',*,*,#1319,.T.);
#5181=ORIENTED_EDGE('',*,*,#2220,.F.);
#5182=ORIENTED_EDGE('',*,*,#4539,.F.);
#5183=EDGE_LOOP('',(#5179,#5180,#5181,#5182));
#5184=FACE_BOUND('',#5183,.T.);
#5185=ADVANCED_FACE('',(#5184),#5178,.F.);
#5186=CARTESIAN_POINT('',(388.056788053,476.339249783,139.4));
#5187=DIRECTION('',(0.,-0.,-1.));
#5188=DIRECTION('',(1.,0.,0.));
#5189=AXIS2_PLACEMENT_3D('',#5186,#5187,#5188);
#5190=CYLINDRICAL_SURFACE('',#5189,5.);
#5191=CARTESIAN_POINT('',(393.056788053,476.339249783,128.1));
#5192=VERTEX_POINT('',#5191);
#5193=CARTESIAN_POINT('',(393.056788053,476.339249783,135.));
#5194=VERTEX_POINT('',#5193);
#5195=CARTESIAN_POINT('',(393.056788053,476.339249783,128.1));
#5196=DIRECTION('',(-0.,0.,1.));
#5197=VECTOR('',#5196,6.9);
#5198=LINE('',#5195,#5197);
#5199=EDGE_CURVE('',#5192,#5194,#5198,.T.);
#5200=ORIENTED_EDGE('',*,*,#5199,.F.);
#5201=CARTESIAN_POINT('',(383.056788053,476.339249783,128.1));
#5202=VERTEX_POINT('',#5201);
#5203=CARTESIAN_POINT('',(388.056788053,476.339249783,128.1));
#5204=DIRECTION('',(-0.,-0.,-1.));
#5205=DIRECTION('',(-1.,0.,0.));
#5206=AXIS2_PLACEMENT_3D('',#5203,#5204,#5205);
#5207=CIRCLE('',#5206,5.);
#5208=EDGE_CURVE('',#5192,#5202,#5207,.T.);
#5209=ORIENTED_EDGE('',*,*,#5208,.T.);
#5210=CARTESIAN_POINT('',(388.056788053,476.339249783,128.1));
#5211=DIRECTION('',(-0.,-0.,-1.));
#5212=DIRECTION('',(-1.,0.,0.));
#5213=AXIS2_PLACEMENT_3D('',#5210,#5211,#5212);
#5214=CIRCLE('',#5213,5.);
#5215=EDGE_CURVE('',#5202,#5192,#5214,.T.);
#5216=ORIENTED_EDGE('',*,*,#5215,.T.);
#5217=ORIENTED_EDGE('',*,*,#5199,.T.);
#5218=CARTESIAN_POINT('',(383.056788053,476.339249783,135.));
#5219=VERTEX_POINT('',#5218);
#5220=CARTESIAN_POINT('',(388.056788053,476.339249783,135.));
#5221=DIRECTION('',(0.,0.,1.));
#5222=DIRECTION('',(-1.,0.,0.));
#5223=AXIS2_PLACEMENT_3D('',#5220,#5221,#5222);
#5224=CIRCLE('',#5223,5.);
#5225=EDGE_CURVE('',#5194,#5219,#5224,.T.);
#5226=ORIENTED_EDGE('',*,*,#5225,.T.);
#5227=CARTESIAN_POINT('',(388.056788053,476.339249783,135.));
#5228=DIRECTION('',(0.,0.,1.));
#5229=DIRECTION('',(-1.,0.,0.));
#5230=AXIS2_PLACEMENT_3D('',#5227,#5228,#5229);
#5231=CIRCLE('',#5230,5.);
#5232=EDGE_CURVE('',#5219,#5194,#5231,.T.);
#5233=ORIENTED_EDGE('',*,*,#5232,.T.);
#5234=EDGE_LOOP('',(#5200,#5209,#5216,#5217,#5226,#5233));
#5235=FACE_BOUND('',#5234,.T.);
#5236=ADVANCED_FACE('',(#5235),#5190,.F.);
#5237=CARTESIAN_POINT('',(350.056788053,476.339249783,139.4));
#5238=DIRECTION('',(0.,-0.,-1.));
#5239=DIRECTION('',(1.,0.,0.));
#5240=AXIS2_PLACEMENT_3D('',#5237,#5238,#5239);
#5241=CYLINDRICAL_SURFACE('',#5240,5.);
#5242=CARTESIAN_POINT('',(355.056788053,476.339249783,128.1));
#5243=VERTEX_POINT('',#5242);
#5244=CARTESIAN_POINT('',(355.056788053,476.339249783,135.));
#5245=VERTEX_POINT('',#5244);
#5246=CARTESIAN_POINT('',(355.056788053,476.339249783,128.1));
#5247=DIRECTION('',(-0.,0.,1.));
#5248=VECTOR('',#5247,6.9);
#5249=LINE('',#5246,#5248);
#5250=EDGE_CURVE('',#5243,#5245,#5249,.T.);
#5251=ORIENTED_EDGE('',*,*,#5250,.F.);
#5252=CARTESIAN_POINT('',(345.056788053,476.339249783,128.1));
#5253=VERTEX_POINT('',#5252);
#5254=CARTESIAN_POINT('',(350.056788053,476.339249783,128.1));
#5255=DIRECTION('',(-0.,-0.,-1.));
#5256=DIRECTION('',(-1.,0.,0.));
#5257=AXIS2_PLACEMENT_3D('',#5254,#5255,#5256);
#5258=CIRCLE('',#5257,5.);
#5259=EDGE_CURVE('',#5243,#5253,#5258,.T.);
#5260=ORIENTED_EDGE('',*,*,#5259,.T.);
#5261=CARTESIAN_POINT('',(350.056788053,476.339249783,128.1));
#5262=DIRECTION('',(-0.,-0.,-1.));
#5263=DIRECTION('',(-1.,0.,0.));
#5264=AXIS2_PLACEMENT_3D('',#5261,#5262,#5263);
#5265=CIRCLE('',#5264,5.);
#5266=EDGE_CURVE('',#5253,#5243,#5265,.T.);
#5267=ORIENTED_EDGE('',*,*,#5266,.T.);
#5268=ORIENTED_EDGE('',*,*,#5250,.T.);
#5269=CARTESIAN_POINT('',(345.056788053,476.339249783,135.));
#5270=VERTEX_POINT('',#5269);
#5271=CARTESIAN_POINT('',(350.056788053,476.339249783,135.));
#5272=DIRECTION('',(0.,0.,1.));
#5273=DIRECTION('',(-1.,0.,0.));
#5274=AXIS2_PLACEMENT_3D('',#5271,#5272,#5273);
#5275=CIRCLE('',#5274,5.);
#5276=EDGE_CURVE('',#5245,#5270,#5275,.T.);
#5277=ORIENTED_EDGE('',*,*,#5276,.T.);
#5278=CARTESIAN_POINT('',(350.056788053,476.339249783,135.));
#5279=DIRECTION('',(0.,0.,1.));
#5280=DIRECTION('',(-1.,0.,0.));
#5281=AXIS2_PLACEMENT_3D('',#5278,#5279,#5280);
#5282=CIRCLE('',#5281,5.);
#5283=EDGE_CURVE('',#5270,#5245,#5282,.T.);
#5284=ORIENTED_EDGE('',*,*,#5283,.T.);
#5285=EDGE_LOOP('',(#5251,#5260,#5267,#5268,#5277,#5284));
#5286=FACE_BOUND('',#5285,.T.);
#5287=ADVANCED_FACE('',(#5286),#5241,.F.);
#5288=CARTESIAN_POINT('',(369.056788053,496.339249783,134.6));
#5289=DIRECTION('',(-0.,-0.,-1.));
#5290=DIRECTION('',(1.,-0.,-0.));
#5291=AXIS2_PLACEMENT_3D('',#5288,#5289,#5290);
#5292=CYLINDRICAL_SURFACE('',#5291,2.);
#5293=CARTESIAN_POINT('',(371.056788053,496.339249783,133.6));
#5294=VERTEX_POINT('',#5293);
#5295=CARTESIAN_POINT('',(371.056788053,496.339249783,127.6));
#5296=DIRECTION('',(0.,0.,1.));
#5297=VECTOR('',#5296,6.);
#5298=LINE('',#5295,#5297);
#5299=EDGE_CURVE('',#2649,#5294,#5298,.T.);
#5300=ORIENTED_EDGE('',*,*,#5299,.F.);
#5301=ORIENTED_EDGE('',*,*,#2657,.T.);
#5302=ORIENTED_EDGE('',*,*,#2664,.T.);
#5303=ORIENTED_EDGE('',*,*,#5299,.T.);
#5304=CARTESIAN_POINT('',(369.056788053,496.339249783,133.6));
#5305=DIRECTION('',(-0.,-0.,-1.));
#5306=DIRECTION('',(1.,-0.,-0.));
#5307=AXIS2_PLACEMENT_3D('',#5304,#5305,#5306);
#5308=CIRCLE('',#5307,2.);
#5309=EDGE_CURVE('',#5294,#5294,#5308,.T.);
#5310=ORIENTED_EDGE('',*,*,#5309,.F.);
#5311=EDGE_LOOP('',(#5300,#5301,#5302,#5303,#5310));
#5312=FACE_BOUND('',#5311,.T.);
#5313=ADVANCED_FACE('',(#5312),#5292,.F.);
#5314=CARTESIAN_POINT('',(369.056788053,476.339249783,133.6));
#5315=DIRECTION('',(-0.,-0.,-1.));
#5316=DIRECTION('',(1.,-0.,-0.));
#5317=AXIS2_PLACEMENT_3D('',#5314,#5315,#5316);
#5318=PLANE('',#5317);
#5319=CARTESIAN_POINT('',(367.456788053,496.339249783,133.6));
#5320=VERTEX_POINT('',#5319);
#5321=CARTESIAN_POINT('',(370.656788053,496.339249783,133.6));
#5322=VERTEX_POINT('',#5321);
#5323=CARTESIAN_POINT('',(369.056788053,496.339249783,133.6));
#5324=DIRECTION('',(-0.,-0.,-1.));
#5325=DIRECTION('',(1.,-0.,-0.));
#5326=AXIS2_PLACEMENT_3D('',#5323,#5324,#5325);
#5327=CIRCLE('',#5326,1.6);
#5328=EDGE_CURVE('',#5320,#5322,#5327,.T.);
#5329=ORIENTED_EDGE('',*,*,#5328,.F.);
#5330=CARTESIAN_POINT('',(369.056788053,496.339249783,133.6));
#5331=DIRECTION('',(-0.,-0.,-1.));
#5332=DIRECTION('',(1.,-0.,-0.));
#5333=AXIS2_PLACEMENT_3D('',#5330,#5331,#5332);
#5334=CIRCLE('',#5333,1.6);
#5335=EDGE_CURVE('',#5322,#5320,#5334,.T.);
#5336=ORIENTED_EDGE('',*,*,#5335,.F.);
#5337=EDGE_LOOP('',(#5329,#5336));
#5338=FACE_BOUND('',#5337,.T.);
#5339=ORIENTED_EDGE('',*,*,#5309,.T.);
#5340=EDGE_LOOP('',(#5339));
#5341=FACE_BOUND('',#5340,.T.);
#5342=ADVANCED_FACE('',(#5338,#5341),#5318,.T.);
#5343=CARTESIAN_POINT('',(369.056788053,456.339249783,134.6));
#5344=DIRECTION('',(-0.,-0.,-1.));
#5345=DIRECTION('',(1.,-0.,-0.));
#5346=AXIS2_PLACEMENT_3D('',#5343,#5344,#5345);
#5347=CYLINDRICAL_SURFACE('',#5346,2.);
#5348=CARTESIAN_POINT('',(371.056788053,456.339249783,133.6));
#5349=VERTEX_POINT('',#5348);
#5350=CARTESIAN_POINT('',(371.056788053,456.339249783,127.6));
#5351=DIRECTION('',(0.,0.,1.));
#5352=VECTOR('',#5351,6.);
#5353=LINE('',#5350,#5352);
#5354=EDGE_CURVE('',#2629,#5349,#5353,.T.);
#5355=ORIENTED_EDGE('',*,*,#5354,.F.);
#5356=ORIENTED_EDGE('',*,*,#2637,.T.);
#5357=ORIENTED_EDGE('',*,*,#2644,.T.);
#5358=ORIENTED_EDGE('',*,*,#5354,.T.);
#5359=CARTESIAN_POINT('',(369.056788053,456.339249783,133.6));
#5360=DIRECTION('',(-0.,-0.,-1.));
#5361=DIRECTION('',(1.,-0.,-0.));
#5362=AXIS2_PLACEMENT_3D('',#5359,#5360,#5361);
#5363=CIRCLE('',#5362,2.);
#5364=EDGE_CURVE('',#5349,#5349,#5363,.T.);
#5365=ORIENTED_EDGE('',*,*,#5364,.F.);
#5366=EDGE_LOOP('',(#5355,#5356,#5357,#5358,#5365));
#5367=FACE_BOUND('',#5366,.T.);
#5368=ADVANCED_FACE('',(#5367),#5347,.F.);
#5369=CARTESIAN_POINT('',(369.056788053,476.339249783,133.6));
#5370=DIRECTION('',(-0.,-0.,-1.));
#5371=DIRECTION('',(1.,-0.,-0.));
#5372=AXIS2_PLACEMENT_3D('',#5369,#5370,#5371);
#5373=PLANE('',#5372);
#5374=CARTESIAN_POINT('',(367.456788053,456.339249783,133.6));
#5375=VERTEX_POINT('',#5374);
#5376=CARTESIAN_POINT('',(370.656788053,456.339249783,133.6));
#5377=VERTEX_POINT('',#5376);
#5378=CARTESIAN_POINT('',(369.056788053,456.339249783,133.6));
#5379=DIRECTION('',(-0.,-0.,-1.));
#5380=DIRECTION('',(1.,-0.,-0.));
#5381=AXIS2_PLACEMENT_3D('',#5378,#5379,#5380);
#5382=CIRCLE('',#5381,1.6);
#5383=EDGE_CURVE('',#5375,#5377,#5382,.T.);
#5384=ORIENTED_EDGE('',*,*,#5383,.F.);
#5385=CARTESIAN_POINT('',(369.056788053,456.339249783,133.6));
#5386=DIRECTION('',(-0.,-0.,-1.));
#5387=DIRECTION('',(1.,-0.,-0.));
#5388=AXIS2_PLACEMENT_3D('',#5385,#5386,#5387);
#5389=CIRCLE('',#5388,1.6);
#5390=EDGE_CURVE('',#5377,#5375,#5389,.T.);
#5391=ORIENTED_EDGE('',*,*,#5390,.F.);
#5392=EDGE_LOOP('',(#5384,#5391));
#5393=FACE_BOUND('',#5392,.T.);
#5394=ORIENTED_EDGE('',*,*,#5364,.T.);
#5395=EDGE_LOOP('',(#5394));
#5396=FACE_BOUND('',#5395,.T.);
#5397=ADVANCED_FACE('',(#5393,#5396),#5373,.T.);
#5398=CARTESIAN_POINT('',(369.056788053,456.339249783,119.5));
#5399=DIRECTION('',(0.,0.,1.));
#5400=DIRECTION('',(-1.,0.,0.));
#5401=AXIS2_PLACEMENT_3D('',#5398,#5399,#5400);
#5402=CYLINDRICAL_SURFACE('',#5401,1.6);
#5403=CARTESIAN_POINT('',(367.456788053,456.339249783,135.5));
#5404=DIRECTION('',(-0.,-0.,-1.));
#5405=VECTOR('',#5404,1.9);
#5406=LINE('',#5403,#5405);
#5407=EDGE_CURVE('',#3057,#5375,#5406,.T.);
#5408=ORIENTED_EDGE('',*,*,#5407,.F.);
#5409=ORIENTED_EDGE('',*,*,#3063,.T.);
#5410=ORIENTED_EDGE('',*,*,#5407,.T.);
#5411=ORIENTED_EDGE('',*,*,#5383,.T.);
#5412=ORIENTED_EDGE('',*,*,#5390,.T.);
#5413=EDGE_LOOP('',(#5408,#5409,#5410,#5411,#5412));
#5414=FACE_BOUND('',#5413,.T.);
#5415=ADVANCED_FACE('',(#5414),#5402,.F.);
#5416=CARTESIAN_POINT('',(369.056788053,496.339249783,119.5));
#5417=DIRECTION('',(0.,0.,1.));
#5418=DIRECTION('',(-1.,0.,0.));
#5419=AXIS2_PLACEMENT_3D('',#5416,#5417,#5418);
#5420=CYLINDRICAL_SURFACE('',#5419,1.6);
#5421=CARTESIAN_POINT('',(367.456788053,496.339249783,135.5));
#5422=DIRECTION('',(-0.,-0.,-1.));
#5423=VECTOR('',#5422,1.9);
#5424=LINE('',#5421,#5423);
#5425=EDGE_CURVE('',#3046,#5320,#5424,.T.);
#5426=ORIENTED_EDGE('',*,*,#5425,.F.);
#5427=ORIENTED_EDGE('',*,*,#3052,.T.);
#5428=ORIENTED_EDGE('',*,*,#5425,.T.);
#5429=ORIENTED_EDGE('',*,*,#5328,.T.);
#5430=ORIENTED_EDGE('',*,*,#5335,.T.);
#5431=EDGE_LOOP('',(#5426,#5427,#5428,#5429,#5430));
#5432=FACE_BOUND('',#5431,.T.);
#5433=ADVANCED_FACE('',(#5432),#5420,.F.);
#5434=CARTESIAN_POINT('',(388.056788053,476.339249783,128.1));
#5435=DIRECTION('',(0.,-0.,-1.));
#5436=DIRECTION('',(1.,0.,0.));
#5437=AXIS2_PLACEMENT_3D('',#5434,#5435,#5436);
#5438=CONICAL_SURFACE('',#5437,5.,45.);
#5439=CARTESIAN_POINT('',(393.556788053,476.339249783,127.6));
#5440=DIRECTION('',(-0.707106781,0.,0.707106781));
#5441=VECTOR('',#5440,0.707106781);
#5442=LINE('',#5439,#5441);
#5443=EDGE_CURVE('',#2591,#5192,#5442,.T.);
#5444=ORIENTED_EDGE('',*,*,#5443,.F.);
#5445=ORIENTED_EDGE('',*,*,#2597,.F.);
#5446=ORIENTED_EDGE('',*,*,#2604,.F.);
#5447=ORIENTED_EDGE('',*,*,#5443,.T.);
#5448=ORIENTED_EDGE('',*,*,#5215,.F.);
#5449=ORIENTED_EDGE('',*,*,#5208,.F.);
#5450=EDGE_LOOP('',(#5444,#5445,#5446,#5447,#5448,#5449));
#5451=FACE_BOUND('',#5450,.T.);
#5452=ADVANCED_FACE('',(#5451),#5438,.F.);
#5453=CARTESIAN_POINT('',(350.056788053,476.339249783,135.5));
#5454=DIRECTION('',(0.,0.,1.));
#5455=DIRECTION('',(-1.,0.,0.));
#5456=AXIS2_PLACEMENT_3D('',#5453,#5454,#5455);
#5457=CONICAL_SURFACE('',#5456,5.5,45.);
#5458=CARTESIAN_POINT('',(344.556788053,476.339249783,135.5));
#5459=DIRECTION('',(0.707106781,-0.,-0.707106781));
#5460=VECTOR('',#5459,0.707106781);
#5461=LINE('',#5458,#5460);
#5462=EDGE_CURVE('',#3024,#5270,#5461,.T.);
#5463=ORIENTED_EDGE('',*,*,#5462,.F.);
#5464=ORIENTED_EDGE('',*,*,#3030,.F.);
#5465=ORIENTED_EDGE('',*,*,#5462,.T.);
#5466=ORIENTED_EDGE('',*,*,#5276,.F.);
#5467=ORIENTED_EDGE('',*,*,#5283,.F.);
#5468=EDGE_LOOP('',(#5463,#5464,#5465,#5466,#5467));
#5469=FACE_BOUND('',#5468,.T.);
#5470=ADVANCED_FACE('',(#5469),#5457,.F.);
#5471=CARTESIAN_POINT('',(350.056788053,476.339249783,128.1));
#5472=DIRECTION('',(0.,-0.,-1.));
#5473=DIRECTION('',(1.,0.,0.));
#5474=AXIS2_PLACEMENT_3D('',#5471,#5472,#5473);
#5475=CONICAL_SURFACE('',#5474,5.,45.);
#5476=CARTESIAN_POINT('',(355.556788053,476.339249783,127.6));
#5477=DIRECTION('',(-0.707106781,0.,0.707106781));
#5478=VECTOR('',#5477,0.707106781);
#5479=LINE('',#5476,#5478);
#5480=EDGE_CURVE('',#2611,#5243,#5479,.T.);
#5481=ORIENTED_EDGE('',*,*,#5480,.F.);
#5482=ORIENTED_EDGE('',*,*,#2617,.F.);
#5483=ORIENTED_EDGE('',*,*,#2624,.F.);
#5484=ORIENTED_EDGE('',*,*,#5480,.T.);
#5485=ORIENTED_EDGE('',*,*,#5266,.F.);
#5486=ORIENTED_EDGE('',*,*,#5259,.F.);
#5487=EDGE_LOOP('',(#5481,#5482,#5483,#5484,#5485,#5486));
#5488=FACE_BOUND('',#5487,.T.);
#5489=ADVANCED_FACE('',(#5488),#5475,.F.);
#5490=CARTESIAN_POINT('',(388.056788053,476.339249783,135.5));
#5491=DIRECTION('',(0.,0.,1.));
#5492=DIRECTION('',(-1.,0.,0.));
#5493=AXIS2_PLACEMENT_3D('',#5490,#5491,#5492);
#5494=CONICAL_SURFACE('',#5493,5.5,45.);
#5495=CARTESIAN_POINT('',(382.556788053,476.339249783,135.5));
#5496=DIRECTION('',(0.707106781,-0.,-0.707106781));
#5497=VECTOR('',#5496,0.707106781);
#5498=LINE('',#5495,#5497);
#5499=EDGE_CURVE('',#3035,#5219,#5498,.T.);
#5500=ORIENTED_EDGE('',*,*,#5499,.F.);
#5501=ORIENTED_EDGE('',*,*,#3041,.F.);
#5502=ORIENTED_EDGE('',*,*,#5499,.T.);
#5503=ORIENTED_EDGE('',*,*,#5225,.F.);
#5504=ORIENTED_EDGE('',*,*,#5232,.F.);
#5505=EDGE_LOOP('',(#5500,#5501,#5502,#5503,#5504));
#5506=FACE_BOUND('',#5505,.T.);
#5507=ADVANCED_FACE('',(#5506),#5494,.F.);
#5508=CARTESIAN_POINT('',(394.062341552,519.650138916,127.5));
#5509=DIRECTION('',(0.,0.,1.));
#5510=DIRECTION('',(-1.,0.,0.));
#5511=AXIS2_PLACEMENT_3D('',#5508,#5509,#5510);
#5512=CYLINDRICAL_SURFACE('',#5511,2.);
#5513=CARTESIAN_POINT('',(392.062341552,519.650138916,134.5));
#5514=VERTEX_POINT('',#5513);
#5515=CARTESIAN_POINT('',(392.062341552,519.650138916,127.5));
#5516=VERTEX_POINT('',#5515);
#5517=CARTESIAN_POINT('',(392.062341552,519.650138916,134.5));
#5518=DIRECTION('',(-0.,-0.,-1.));
#5519=VECTOR('',#5518,7.);
#5520=LINE('',#5517,#5519);
#5521=EDGE_CURVE('',#5514,#5516,#5520,.T.);
#5522=ORIENTED_EDGE('',*,*,#5521,.F.);
#5523=CARTESIAN_POINT('',(394.062341552,519.650138916,134.5));
#5524=DIRECTION('',(0.,0.,1.));
#5525=DIRECTION('',(-1.,0.,0.));
#5526=AXIS2_PLACEMENT_3D('',#5523,#5524,#5525);
#5527=CIRCLE('',#5526,2.);
#5528=EDGE_CURVE('',#5514,#5514,#5527,.T.);
#5529=ORIENTED_EDGE('',*,*,#5528,.T.);
#5530=ORIENTED_EDGE('',*,*,#5521,.T.);
#5531=CARTESIAN_POINT('',(394.062341552,519.650138916,127.5));
#5532=DIRECTION('',(0.,0.,1.));
#5533=DIRECTION('',(-1.,0.,0.));
#5534=AXIS2_PLACEMENT_3D('',#5531,#5532,#5533);
#5535=CIRCLE('',#5534,2.);
#5536=EDGE_CURVE('',#5516,#5516,#5535,.T.);
#5537=ORIENTED_EDGE('',*,*,#5536,.F.);
#5538=EDGE_LOOP('',(#5522,#5529,#5530,#5537));
#5539=FACE_BOUND('',#5538,.T.);
#5540=ADVANCED_FACE('',(#5539),#5512,.F.);
#5541=CARTESIAN_POINT('',(369.056788053,476.339249783,127.5));
#5542=DIRECTION('',(0.,0.,1.));
#5543=DIRECTION('',(0.,1.,-0.));
#5544=AXIS2_PLACEMENT_3D('',#5541,#5542,#5543);
#5545=PLANE('',#5544);
#5546=ORIENTED_EDGE('',*,*,#5536,.T.);
#5547=EDGE_LOOP('',(#5546));
#5548=FACE_BOUND('',#5547,.T.);
#5549=ADVANCED_FACE('',(#5548),#5545,.T.);
#5550=CARTESIAN_POINT('',(394.062341552,433.028360651,127.5));
#5551=DIRECTION('',(0.,0.,1.));
#5552=DIRECTION('',(-1.,0.,0.));
#5553=AXIS2_PLACEMENT_3D('',#5550,#5551,#5552);
#5554=CYLINDRICAL_SURFACE('',#5553,2.);
#5555=CARTESIAN_POINT('',(392.062341552,433.028360651,134.5));
#5556=VERTEX_POINT('',#5555);
#5557=CARTESIAN_POINT('',(392.062341552,433.028360651,127.5));
#5558=VERTEX_POINT('',#5557);
#5559=CARTESIAN_POINT('',(392.062341552,433.028360651,134.5));
#5560=DIRECTION('',(-0.,-0.,-1.));
#5561=VECTOR('',#5560,7.);
#5562=LINE('',#5559,#5561);
#5563=EDGE_CURVE('',#5556,#5558,#5562,.T.);
#5564=ORIENTED_EDGE('',*,*,#5563,.F.);
#5565=CARTESIAN_POINT('',(394.062341552,433.028360651,134.5));
#5566=DIRECTION('',(0.,0.,1.));
#5567=DIRECTION('',(-1.,0.,0.));
#5568=AXIS2_PLACEMENT_3D('',#5565,#5566,#5567);
#5569=CIRCLE('',#5568,2.);
#5570=EDGE_CURVE('',#5556,#5556,#5569,.T.);
#5571=ORIENTED_EDGE('',*,*,#5570,.T.);
#5572=ORIENTED_EDGE('',*,*,#5563,.T.);
#5573=CARTESIAN_POINT('',(394.062341552,433.028360651,127.5));
#5574=DIRECTION('',(0.,0.,1.));
#5575=DIRECTION('',(-1.,0.,0.));
#5576=AXIS2_PLACEMENT_3D('',#5573,#5574,#5575);
#5577=CIRCLE('',#5576,2.);
#5578=EDGE_CURVE('',#5558,#5558,#5577,.T.);
#5579=ORIENTED_EDGE('',*,*,#5578,.F.);
#5580=EDGE_LOOP('',(#5564,#5571,#5572,#5579));
#5581=FACE_BOUND('',#5580,.T.);
#5582=ADVANCED_FACE('',(#5581),#5554,.F.);
#5583=CARTESIAN_POINT('',(369.056788053,476.339249783,127.5));
#5584=DIRECTION('',(0.,0.,1.));
#5585=DIRECTION('',(0.,1.,-0.));
#5586=AXIS2_PLACEMENT_3D('',#5583,#5584,#5585);
#5587=PLANE('',#5586);
#5588=ORIENTED_EDGE('',*,*,#5578,.T.);
#5589=EDGE_LOOP('',(#5588));
#5590=FACE_BOUND('',#5589,.T.);
#5591=ADVANCED_FACE('',(#5590),#5587,.T.);
#5592=CARTESIAN_POINT('',(319.045681054,476.339249783,127.5));
#5593=DIRECTION('',(0.,0.,1.));
#5594=DIRECTION('',(-1.,0.,0.));
#5595=AXIS2_PLACEMENT_3D('',#5592,#5593,#5594);
#5596=CYLINDRICAL_SURFACE('',#5595,2.);
#5597=CARTESIAN_POINT('',(317.045681054,476.339249783,134.5));
#5598=VERTEX_POINT('',#5597);
#5599=CARTESIAN_POINT('',(317.045681054,476.339249783,127.5));
#5600=VERTEX_POINT('',#5599);
#5601=CARTESIAN_POINT('',(317.045681054,476.339249783,134.5));
#5602=DIRECTION('',(-0.,-0.,-1.));
#5603=VECTOR('',#5602,7.);
#5604=LINE('',#5601,#5603);
#5605=EDGE_CURVE('',#5598,#5600,#5604,.T.);
#5606=ORIENTED_EDGE('',*,*,#5605,.F.);
#5607=CARTESIAN_POINT('',(319.045681054,476.339249783,134.5));
#5608=DIRECTION('',(0.,0.,1.));
#5609=DIRECTION('',(-1.,0.,0.));
#5610=AXIS2_PLACEMENT_3D('',#5607,#5608,#5609);
#5611=CIRCLE('',#5610,2.);
#5612=EDGE_CURVE('',#5598,#5598,#5611,.T.);
#5613=ORIENTED_EDGE('',*,*,#5612,.T.);
#5614=ORIENTED_EDGE('',*,*,#5605,.T.);
#5615=CARTESIAN_POINT('',(319.045681054,476.339249783,127.5));
#5616=DIRECTION('',(0.,0.,1.));
#5617=DIRECTION('',(-1.,0.,0.));
#5618=AXIS2_PLACEMENT_3D('',#5615,#5616,#5617);
#5619=CIRCLE('',#5618,2.);
#5620=EDGE_CURVE('',#5600,#5600,#5619,.T.);
#5621=ORIENTED_EDGE('',*,*,#5620,.F.);
#5622=EDGE_LOOP('',(#5606,#5613,#5614,#5621));
#5623=FACE_BOUND('',#5622,.T.);
#5624=ADVANCED_FACE('',(#5623),#5596,.F.);
#5625=CARTESIAN_POINT('',(369.056788053,476.339249783,127.5));
#5626=DIRECTION('',(0.,0.,1.));
#5627=DIRECTION('',(0.,1.,-0.));
#5628=AXIS2_PLACEMENT_3D('',#5625,#5626,#5627);
#5629=PLANE('',#5628);
#5630=ORIENTED_EDGE('',*,*,#5620,.T.);
#5631=EDGE_LOOP('',(#5630));
#5632=FACE_BOUND('',#5631,.T.);
#5633=ADVANCED_FACE('',(#5632),#5629,.T.);
#5634=CARTESIAN_POINT('',(394.062341552,433.028360651,134.5));
#5635=DIRECTION('',(0.,0.,1.));
#5636=DIRECTION('',(-1.,0.,0.));
#5637=AXIS2_PLACEMENT_3D('',#5634,#5635,#5636);
#5638=CONICAL_SURFACE('',#5637,2.,45.);
#5639=CARTESIAN_POINT('',(391.062341552,433.028360651,135.5));
#5640=DIRECTION('',(0.707106781,-0.,-0.707106781));
#5641=VECTOR('',#5640,1.414213562);
#5642=LINE('',#5639,#5641);
#5643=EDGE_CURVE('',#2991,#5556,#5642,.T.);
#5644=ORIENTED_EDGE('',*,*,#5643,.F.);
#5645=ORIENTED_EDGE('',*,*,#2997,.F.);
#5646=ORIENTED_EDGE('',*,*,#5643,.T.);
#5647=ORIENTED_EDGE('',*,*,#5570,.F.);
#5648=EDGE_LOOP('',(#5644,#5645,#5646,#5647));
#5649=FACE_BOUND('',#5648,.T.);
#5650=ADVANCED_FACE('',(#5649),#5638,.F.);
#5651=CARTESIAN_POINT('',(319.045681054,476.339249783,134.5));
#5652=DIRECTION('',(0.,0.,1.));
#5653=DIRECTION('',(-1.,0.,0.));
#5654=AXIS2_PLACEMENT_3D('',#5651,#5652,#5653);
#5655=CONICAL_SURFACE('',#5654,2.,45.);
#5656=CARTESIAN_POINT('',(316.045681054,476.339249783,135.5));
#5657=DIRECTION('',(0.707106781,-0.,-0.707106781));
#5658=VECTOR('',#5657,1.414213562);
#5659=LINE('',#5656,#5658);
#5660=EDGE_CURVE('',#3002,#5598,#5659,.T.);
#5661=ORIENTED_EDGE('',*,*,#5660,.F.);
#5662=ORIENTED_EDGE('',*,*,#3008,.F.);
#5663=ORIENTED_EDGE('',*,*,#5660,.T.);
#5664=ORIENTED_EDGE('',*,*,#5612,.F.);
#5665=EDGE_LOOP('',(#5661,#5662,#5663,#5664));
#5666=FACE_BOUND('',#5665,.T.);
#5667=ADVANCED_FACE('',(#5666),#5655,.F.);
#5668=CARTESIAN_POINT('',(394.062341552,519.650138916,134.5));
#5669=DIRECTION('',(0.,0.,1.));
#5670=DIRECTION('',(-1.,0.,0.));
#5671=AXIS2_PLACEMENT_3D('',#5668,#5669,#5670);
#5672=CONICAL_SURFACE('',#5671,2.,45.);
#5673=CARTESIAN_POINT('',(391.062341552,519.650138916,135.5));
#5674=DIRECTION('',(0.707106781,-0.,-0.707106781));
#5675=VECTOR('',#5674,1.414213562);
#5676=LINE('',#5673,#5675);
#5677=EDGE_CURVE('',#3013,#5514,#5676,.T.);
#5678=ORIENTED_EDGE('',*,*,#5677,.F.);
#5679=ORIENTED_EDGE('',*,*,#3019,.F.);
#5680=ORIENTED_EDGE('',*,*,#5677,.T.);
#5681=ORIENTED_EDGE('',*,*,#5528,.F.);
#5682=EDGE_LOOP('',(#5678,#5679,#5680,#5681));
#5683=FACE_BOUND('',#5682,.T.);
#5684=ADVANCED_FACE('',(#5683),#5672,.F.);
#5685=CARTESIAN_POINT('',(353.806788053,452.114249783,107.2));
#5686=DIRECTION('',(-0.,-1.,0.));
#5687=DIRECTION('',(-1.,0.,-0.));
#5688=AXIS2_PLACEMENT_3D('',#5685,#5686,#5687);
#5689=CYLINDRICAL_SURFACE('',#5688,0.7);
#5690=CARTESIAN_POINT('',(353.806788053,447.239249783,107.2));
#5691=DIRECTION('',(0.,-1.,0.));
#5692=DIRECTION('',(0.,-0.,-1.));
#5693=AXIS2_PLACEMENT_3D('',#5690,#5691,#5692);
#5694=CIRCLE('',#5693,0.7);
#5695=EDGE_CURVE('',#1765,#1332,#5694,.T.);
#5696=ORIENTED_EDGE('',*,*,#5695,.F.);
#5697=ORIENTED_EDGE('',*,*,#1770,.F.);
#5698=CARTESIAN_POINT('',(353.806788053,456.989249783,107.2));
#5699=DIRECTION('',(0.,1.,-0.));
#5700=DIRECTION('',(0.,0.,1.));
#5701=AXIS2_PLACEMENT_3D('',#5698,#5699,#5700);
#5702=CIRCLE('',#5701,0.7);
#5703=EDGE_CURVE('',#1366,#1756,#5702,.T.);
#5704=ORIENTED_EDGE('',*,*,#5703,.F.);
#5705=ORIENTED_EDGE('',*,*,#1371,.F.);
#5706=EDGE_LOOP('',(#5696,#5697,#5704,#5705));
#5707=FACE_BOUND('',#5706,.T.);
#5708=ADVANCED_FACE('',(#5707),#5689,.T.);
#5709=OVER_RIDING_STYLED_ITEM('',(#101),#5708,#54);
#5710=CARTESIAN_POINT('',(349.706788053,456.989249783,107.2));
#5711=DIRECTION('',(0.,0.,1.));
#5712=DIRECTION('',(-1.,0.,0.));
#5713=AXIS2_PLACEMENT_3D('',#5710,#5711,#5712);
#5714=TOROIDAL_SURFACE('',#5713,4.1,0.7);
#5715=ORIENTED_EDGE('',*,*,#5703,.T.);
#5716=ORIENTED_EDGE('',*,*,#1762,.F.);
#5717=CARTESIAN_POINT('',(349.706788053,461.089249783,107.2));
#5718=DIRECTION('',(-1.,-0.,0.));
#5719=DIRECTION('',(0.,-0.,-1.));
#5720=AXIS2_PLACEMENT_3D('',#5717,#5718,#5719);
#5721=CIRCLE('',#5720,0.7);
#5722=EDGE_CURVE('',#1398,#1748,#5721,.T.);
#5723=ORIENTED_EDGE('',*,*,#5722,.F.);
#5724=ORIENTED_EDGE('',*,*,#1404,.F.);
#5725=EDGE_LOOP('',(#5715,#5716,#5723,#5724));
#5726=FACE_BOUND('',#5725,.T.);
#5727=ADVANCED_FACE('',(#5726),#5714,.T.);
#5728=OVER_RIDING_STYLED_ITEM('',(#101),#5727,#54);
#5729=CARTESIAN_POINT('',(359.706788053,447.239249783,107.2));
#5730=DIRECTION('',(0.,0.,1.));
#5731=DIRECTION('',(-1.,0.,0.));
#5732=AXIS2_PLACEMENT_3D('',#5729,#5730,#5731);
#5733=TOROIDAL_SURFACE('',#5732,5.9,0.7);
#5734=ORIENTED_EDGE('',*,*,#5695,.T.);
#5735=ORIENTED_EDGE('',*,*,#1338,.F.);
#5736=CARTESIAN_POINT('',(359.706788053,441.339249783,107.2));
#5737=DIRECTION('',(1.,0.,-0.));
#5738=DIRECTION('',(0.,0.,1.));
#5739=AXIS2_PLACEMENT_3D('',#5736,#5737,#5738);
#5740=CIRCLE('',#5739,0.7);
#5741=EDGE_CURVE('',#1773,#1300,#5740,.T.);
#5742=ORIENTED_EDGE('',*,*,#5741,.F.);
#5743=ORIENTED_EDGE('',*,*,#1779,.F.);
#5744=EDGE_LOOP('',(#5734,#5735,#5742,#5743));
#5745=FACE_BOUND('',#5744,.T.);
#5746=ADVANCED_FACE('',(#5745),#5733,.T.);
#5747=OVER_RIDING_STYLED_ITEM('',(#101),#5746,#54);
#5748=CARTESIAN_POINT('',(344.831788053,461.089249783,107.2));
#5749=DIRECTION('',(1.,-0.,0.));
#5750=DIRECTION('',(-0.,-1.,0.));
#5751=AXIS2_PLACEMENT_3D('',#5748,#5749,#5750);
#5752=CYLINDRICAL_SURFACE('',#5751,0.7);
#5753=ORIENTED_EDGE('',*,*,#5722,.T.);
#5754=ORIENTED_EDGE('',*,*,#1753,.F.);
#5755=CARTESIAN_POINT('',(339.956788053,461.089249783,107.2));
#5756=DIRECTION('',(-1.,-0.,0.));
#5757=DIRECTION('',(0.,-0.,-1.));
#5758=AXIS2_PLACEMENT_3D('',#5755,#5756,#5757);
#5759=CIRCLE('',#5758,0.7);
#5760=EDGE_CURVE('',#1432,#1739,#5759,.T.);
#5761=ORIENTED_EDGE('',*,*,#5760,.F.);
#5762=ORIENTED_EDGE('',*,*,#1437,.F.);
#5763=EDGE_LOOP('',(#5753,#5754,#5761,#5762));
#5764=FACE_BOUND('',#5763,.T.);
#5765=ADVANCED_FACE('',(#5764),#5752,.T.);
#5766=OVER_RIDING_STYLED_ITEM('',(#101),#5765,#54);
#5767=CARTESIAN_POINT('',(369.056788053,441.339249783,107.2));
#5768=DIRECTION('',(1.,0.,-0.));
#5769=DIRECTION('',(0.,0.,1.));
#5770=AXIS2_PLACEMENT_3D('',#5767,#5768,#5769);
#5771=CYLINDRICAL_SURFACE('',#5770,0.7);
#5772=ORIENTED_EDGE('',*,*,#5741,.T.);
#5773=ORIENTED_EDGE('',*,*,#1305,.F.);
#5774=CARTESIAN_POINT('',(378.406788053,441.339249783,107.2));
#5775=DIRECTION('',(1.,0.,-0.));
#5776=DIRECTION('',(0.,0.,1.));
#5777=AXIS2_PLACEMENT_3D('',#5774,#5775,#5776);
#5778=CIRCLE('',#5777,0.7);
#5779=EDGE_CURVE('',#1782,#1266,#5778,.T.);
#5780=ORIENTED_EDGE('',*,*,#5779,.F.);
#5781=ORIENTED_EDGE('',*,*,#1787,.F.);
#5782=EDGE_LOOP('',(#5772,#5773,#5780,#5781));
#5783=FACE_BOUND('',#5782,.T.);
#5784=ADVANCED_FACE('',(#5783),#5771,.T.);
#5785=OVER_RIDING_STYLED_ITEM('',(#101),#5784,#54);
#5786=CARTESIAN_POINT('',(339.956788053,466.989249783,107.2));
#5787=DIRECTION('',(0.,0.,1.));
#5788=DIRECTION('',(-1.,0.,0.));
#5789=AXIS2_PLACEMENT_3D('',#5786,#5787,#5788);
#5790=TOROIDAL_SURFACE('',#5789,5.9,0.7);
#5791=ORIENTED_EDGE('',*,*,#5760,.T.);
#5792=ORIENTED_EDGE('',*,*,#1745,.F.);
#5793=CARTESIAN_POINT('',(334.056788053,466.989249783,107.2));
#5794=DIRECTION('',(0.,1.,-0.));
#5795=DIRECTION('',(0.,0.,1.));
#5796=AXIS2_PLACEMENT_3D('',#5793,#5794,#5795);
#5797=CIRCLE('',#5796,0.7);
#5798=EDGE_CURVE('',#1464,#1731,#5797,.T.);
#5799=ORIENTED_EDGE('',*,*,#5798,.F.);
#5800=ORIENTED_EDGE('',*,*,#1470,.F.);
#5801=EDGE_LOOP('',(#5791,#5792,#5799,#5800));
#5802=FACE_BOUND('',#5801,.T.);
#5803=ADVANCED_FACE('',(#5802),#5790,.T.);
#5804=OVER_RIDING_STYLED_ITEM('',(#101),#5803,#54);
#5805=CARTESIAN_POINT('',(378.406788053,447.239249783,107.2));
#5806=DIRECTION('',(0.,0.,1.));
#5807=DIRECTION('',(-1.,0.,0.));
#5808=AXIS2_PLACEMENT_3D('',#5805,#5806,#5807);
#5809=TOROIDAL_SURFACE('',#5808,5.9,0.7);
#5810=ORIENTED_EDGE('',*,*,#5779,.T.);
#5811=ORIENTED_EDGE('',*,*,#1272,.F.);
#5812=CARTESIAN_POINT('',(384.306788053,447.239249783,107.2));
#5813=DIRECTION('',(0.,1.,-0.));
#5814=DIRECTION('',(0.,0.,1.));
#5815=AXIS2_PLACEMENT_3D('',#5812,#5813,#5814);
#5816=CIRCLE('',#5815,0.7);
#5817=EDGE_CURVE('',#1790,#1234,#5816,.T.);
#5818=ORIENTED_EDGE('',*,*,#5817,.F.);
#5819=ORIENTED_EDGE('',*,*,#1796,.F.);
#5820=EDGE_LOOP('',(#5810,#5811,#5818,#5819));
#5821=FACE_BOUND('',#5820,.T.);
#5822=ADVANCED_FACE('',(#5821),#5809,.T.);
#5823=OVER_RIDING_STYLED_ITEM('',(#101),#5822,#54);
#5824=CARTESIAN_POINT('',(334.056788053,476.339249783,107.2));
#5825=DIRECTION('',(0.,-1.,0.));
#5826=DIRECTION('',(0.,-0.,-1.));
#5827=AXIS2_PLACEMENT_3D('',#5824,#5825,#5826);
#5828=CYLINDRICAL_SURFACE('',#5827,0.7);
#5829=ORIENTED_EDGE('',*,*,#5798,.T.);
#5830=ORIENTED_EDGE('',*,*,#1736,.F.);
#5831=CARTESIAN_POINT('',(334.056788053,485.689249783,107.2));
#5832=DIRECTION('',(0.,1.,-0.));
#5833=DIRECTION('',(0.,0.,1.));
#5834=AXIS2_PLACEMENT_3D('',#5831,#5832,#5833);
#5835=CIRCLE('',#5834,0.7);
#5836=EDGE_CURVE('',#1498,#1722,#5835,.T.);
#5837=ORIENTED_EDGE('',*,*,#5836,.F.);
#5838=ORIENTED_EDGE('',*,*,#1503,.F.);
#5839=EDGE_LOOP('',(#5829,#5830,#5837,#5838));
#5840=FACE_BOUND('',#5839,.T.);
#5841=ADVANCED_FACE('',(#5840),#5828,.T.);
#5842=OVER_RIDING_STYLED_ITEM('',(#101),#5841,#54);
#5843=CARTESIAN_POINT('',(384.306788053,452.114249783,107.2));
#5844=DIRECTION('',(0.,1.,-0.));
#5845=DIRECTION('',(0.,0.,1.));
#5846=AXIS2_PLACEMENT_3D('',#5843,#5844,#5845);
#5847=CYLINDRICAL_SURFACE('',#5846,0.7);
#5848=ORIENTED_EDGE('',*,*,#5817,.T.);
#5849=ORIENTED_EDGE('',*,*,#1239,.F.);
#5850=CARTESIAN_POINT('',(384.306788053,456.989249783,107.2));
#5851=DIRECTION('',(0.,1.,-0.));
#5852=DIRECTION('',(0.,0.,1.));
#5853=AXIS2_PLACEMENT_3D('',#5850,#5851,#5852);
#5854=CIRCLE('',#5853,0.7);
#5855=EDGE_CURVE('',#1799,#1200,#5854,.T.);
#5856=ORIENTED_EDGE('',*,*,#5855,.F.);
#5857=ORIENTED_EDGE('',*,*,#1804,.F.);
#5858=EDGE_LOOP('',(#5848,#5849,#5856,#5857));
#5859=FACE_BOUND('',#5858,.T.);
#5860=ADVANCED_FACE('',(#5859),#5847,.T.);
#5861=OVER_RIDING_STYLED_ITEM('',(#101),#5860,#54);
#5862=CARTESIAN_POINT('',(339.956788053,485.689249783,107.2));
#5863=DIRECTION('',(0.,0.,1.));
#5864=DIRECTION('',(-1.,0.,0.));
#5865=AXIS2_PLACEMENT_3D('',#5862,#5863,#5864);
#5866=TOROIDAL_SURFACE('',#5865,5.9,0.7);
#5867=ORIENTED_EDGE('',*,*,#5836,.T.);
#5868=ORIENTED_EDGE('',*,*,#1728,.F.);
#5869=CARTESIAN_POINT('',(339.956788053,491.589249783,107.2));
#5870=DIRECTION('',(1.,0.,-0.));
#5871=DIRECTION('',(0.,0.,1.));
#5872=AXIS2_PLACEMENT_3D('',#5869,#5870,#5871);
#5873=CIRCLE('',#5872,0.7);
#5874=EDGE_CURVE('',#1530,#1714,#5873,.T.);
#5875=ORIENTED_EDGE('',*,*,#5874,.F.);
#5876=ORIENTED_EDGE('',*,*,#1536,.F.);
#5877=EDGE_LOOP('',(#5867,#5868,#5875,#5876));
#5878=FACE_BOUND('',#5877,.T.);
#5879=ADVANCED_FACE('',(#5878),#5866,.T.);
#5880=OVER_RIDING_STYLED_ITEM('',(#101),#5879,#54);
#5881=CARTESIAN_POINT('',(388.406788053,456.989249783,107.2));
#5882=DIRECTION('',(0.,0.,1.));
#5883=DIRECTION('',(-1.,0.,0.));
#5884=AXIS2_PLACEMENT_3D('',#5881,#5882,#5883);
#5885=TOROIDAL_SURFACE('',#5884,4.1,0.7);
#5886=ORIENTED_EDGE('',*,*,#5855,.T.);
#5887=ORIENTED_EDGE('',*,*,#1206,.F.);
#5888=CARTESIAN_POINT('',(388.406788053,461.089249783,107.2));
#5889=DIRECTION('',(1.,0.,-0.));
#5890=DIRECTION('',(0.,0.,1.));
#5891=AXIS2_PLACEMENT_3D('',#5888,#5889,#5890);
#5892=CIRCLE('',#5891,0.7);
#5893=EDGE_CURVE('',#1807,#1168,#5892,.T.);
#5894=ORIENTED_EDGE('',*,*,#5893,.F.);
#5895=ORIENTED_EDGE('',*,*,#1813,.F.);
#5896=EDGE_LOOP('',(#5886,#5887,#5894,#5895));
#5897=FACE_BOUND('',#5896,.T.);
#5898=ADVANCED_FACE('',(#5897),#5885,.T.);
#5899=OVER_RIDING_STYLED_ITEM('',(#101),#5898,#54);
#5900=CARTESIAN_POINT('',(344.831788053,491.589249783,107.2));
#5901=DIRECTION('',(-1.,-0.,0.));
#5902=DIRECTION('',(0.,-0.,-1.));
#5903=AXIS2_PLACEMENT_3D('',#5900,#5901,#5902);
#5904=CYLINDRICAL_SURFACE('',#5903,0.7);
#5905=ORIENTED_EDGE('',*,*,#5874,.T.);
#5906=ORIENTED_EDGE('',*,*,#1719,.F.);
#5907=CARTESIAN_POINT('',(349.706788053,491.589249783,107.2));
#5908=DIRECTION('',(1.,0.,-0.));
#5909=DIRECTION('',(0.,0.,1.));
#5910=AXIS2_PLACEMENT_3D('',#5907,#5908,#5909);
#5911=CIRCLE('',#5910,0.7);
#5912=EDGE_CURVE('',#1564,#1705,#5911,.T.);
#5913=ORIENTED_EDGE('',*,*,#5912,.F.);
#5914=ORIENTED_EDGE('',*,*,#1569,.F.);
#5915=EDGE_LOOP('',(#5905,#5906,#5913,#5914));
#5916=FACE_BOUND('',#5915,.T.);
#5917=ADVANCED_FACE('',(#5916),#5904,.T.);
#5918=OVER_RIDING_STYLED_ITEM('',(#101),#5917,#54);
#5919=CARTESIAN_POINT('',(393.281788053,461.089249783,107.2));
#5920=DIRECTION('',(1.,-0.,0.));
#5921=DIRECTION('',(-0.,-1.,0.));
#5922=AXIS2_PLACEMENT_3D('',#5919,#5920,#5921);
#5923=CYLINDRICAL_SURFACE('',#5922,0.7);
#5924=ORIENTED_EDGE('',*,*,#5893,.T.);
#5925=ORIENTED_EDGE('',*,*,#1173,.F.);
#5926=CARTESIAN_POINT('',(398.156788053,461.089249783,107.2));
#5927=DIRECTION('',(1.,0.,-0.));
#5928=DIRECTION('',(0.,0.,1.));
#5929=AXIS2_PLACEMENT_3D('',#5926,#5927,#5928);
#5930=CIRCLE('',#5929,0.7);
#5931=EDGE_CURVE('',#1816,#1134,#5930,.T.);
#5932=ORIENTED_EDGE('',*,*,#5931,.F.);
#5933=ORIENTED_EDGE('',*,*,#1821,.F.);
#5934=EDGE_LOOP('',(#5924,#5925,#5932,#5933));
#5935=FACE_BOUND('',#5934,.T.);
#5936=ADVANCED_FACE('',(#5935),#5923,.T.);
#5937=OVER_RIDING_STYLED_ITEM('',(#101),#5936,#54);
#5938=CARTESIAN_POINT('',(349.706788053,495.689249783,107.2));
#5939=DIRECTION('',(0.,0.,1.));
#5940=DIRECTION('',(-1.,0.,0.));
#5941=AXIS2_PLACEMENT_3D('',#5938,#5939,#5940);
#5942=TOROIDAL_SURFACE('',#5941,4.1,0.7);
#5943=ORIENTED_EDGE('',*,*,#5912,.T.);
#5944=ORIENTED_EDGE('',*,*,#1711,.F.);
#5945=CARTESIAN_POINT('',(353.806788053,495.689249783,107.2));
#5946=DIRECTION('',(0.,1.,-0.));
#5947=DIRECTION('',(0.,0.,1.));
#5948=AXIS2_PLACEMENT_3D('',#5945,#5946,#5947);
#5949=CIRCLE('',#5948,0.7);
#5950=EDGE_CURVE('',#1596,#1697,#5949,.T.);
#5951=ORIENTED_EDGE('',*,*,#5950,.F.);
#5952=ORIENTED_EDGE('',*,*,#1602,.F.);
#5953=EDGE_LOOP('',(#5943,#5944,#5951,#5952));
#5954=FACE_BOUND('',#5953,.T.);
#5955=ADVANCED_FACE('',(#5954),#5942,.T.);
#5956=OVER_RIDING_STYLED_ITEM('',(#101),#5955,#54);
#5957=CARTESIAN_POINT('',(398.156788053,466.989249783,107.2));
#5958=DIRECTION('',(0.,0.,1.));
#5959=DIRECTION('',(-1.,0.,0.));
#5960=AXIS2_PLACEMENT_3D('',#5957,#5958,#5959);
#5961=TOROIDAL_SURFACE('',#5960,5.9,0.7);
#5962=ORIENTED_EDGE('',*,*,#5931,.T.);
#5963=ORIENTED_EDGE('',*,*,#1140,.F.);
#5964=CARTESIAN_POINT('',(404.056788053,466.989249783,107.2));
#5965=DIRECTION('',(0.,1.,-0.));
#5966=DIRECTION('',(0.,0.,1.));
#5967=AXIS2_PLACEMENT_3D('',#5964,#5965,#5966);
#5968=CIRCLE('',#5967,0.7);
#5969=EDGE_CURVE('',#1824,#1102,#5968,.T.);
#5970=ORIENTED_EDGE('',*,*,#5969,.F.);
#5971=ORIENTED_EDGE('',*,*,#1830,.F.);
#5972=EDGE_LOOP('',(#5962,#5963,#5970,#5971));
#5973=FACE_BOUND('',#5972,.T.);
#5974=ADVANCED_FACE('',(#5973),#5961,.T.);
#5975=OVER_RIDING_STYLED_ITEM('',(#101),#5974,#54);
#5976=CARTESIAN_POINT('',(353.806788053,500.564249783,107.2));
#5977=DIRECTION('',(-0.,-1.,0.));
#5978=DIRECTION('',(-1.,0.,-0.));
#5979=AXIS2_PLACEMENT_3D('',#5976,#5977,#5978);
#5980=CYLINDRICAL_SURFACE('',#5979,0.7);
#5981=ORIENTED_EDGE('',*,*,#5950,.T.);
#5982=ORIENTED_EDGE('',*,*,#1702,.F.);
#5983=CARTESIAN_POINT('',(353.806788053,505.439249783,107.2));
#5984=DIRECTION('',(0.,1.,-0.));
#5985=DIRECTION('',(0.,0.,1.));
#5986=AXIS2_PLACEMENT_3D('',#5983,#5984,#5985);
#5987=CIRCLE('',#5986,0.7);
#5988=EDGE_CURVE('',#860,#1688,#5987,.T.);
#5989=ORIENTED_EDGE('',*,*,#5988,.F.);
#5990=ORIENTED_EDGE('',*,*,#1633,.F.);
#5991=EDGE_LOOP('',(#5981,#5982,#5989,#5990));
#5992=FACE_BOUND('',#5991,.T.);
#5993=ADVANCED_FACE('',(#5992),#5980,.T.);
#5994=OVER_RIDING_STYLED_ITEM('',(#101),#5993,#54);
#5995=CARTESIAN_POINT('',(404.056788053,476.339249783,107.2));
#5996=DIRECTION('',(0.,1.,-0.));
#5997=DIRECTION('',(0.,0.,1.));
#5998=AXIS2_PLACEMENT_3D('',#5995,#5996,#5997);
#5999=CYLINDRICAL_SURFACE('',#5998,0.7);
#6000=ORIENTED_EDGE('',*,*,#5969,.T.);
#6001=ORIENTED_EDGE('',*,*,#1107,.F.);
#6002=CARTESIAN_POINT('',(404.056788053,485.689249783,107.2));
#6003=DIRECTION('',(0.,1.,-0.));
#6004=DIRECTION('',(0.,0.,1.));
#6005=AXIS2_PLACEMENT_3D('',#6002,#6003,#6004);
#6006=CIRCLE('',#6005,0.7);
#6007=EDGE_CURVE('',#1833,#1068,#6006,.T.);
#6008=ORIENTED_EDGE('',*,*,#6007,.F.);
#6009=ORIENTED_EDGE('',*,*,#1838,.F.);
#6010=EDGE_LOOP('',(#6000,#6001,#6008,#6009));
#6011=FACE_BOUND('',#6010,.T.);
#6012=ADVANCED_FACE('',(#6011),#5999,.T.);
#6013=OVER_RIDING_STYLED_ITEM('',(#101),#6012,#54);
#6014=CARTESIAN_POINT('',(359.706788053,505.439249783,107.2));
#6015=DIRECTION('',(0.,0.,1.));
#6016=DIRECTION('',(-1.,0.,0.));
#6017=AXIS2_PLACEMENT_3D('',#6014,#6015,#6016);
#6018=TOROIDAL_SURFACE('',#6017,5.9,0.7);
#6019=ORIENTED_EDGE('',*,*,#5988,.T.);
#6020=ORIENTED_EDGE('',*,*,#1694,.F.);
#6021=CARTESIAN_POINT('',(359.706788053,511.339249783,107.2));
#6022=DIRECTION('',(1.,0.,-0.));
#6023=DIRECTION('',(0.,0.,1.));
#6024=AXIS2_PLACEMENT_3D('',#6021,#6022,#6023);
#6025=CIRCLE('',#6024,0.7);
#6026=EDGE_CURVE('',#870,#1680,#6025,.T.);
#6027=ORIENTED_EDGE('',*,*,#6026,.F.);
#6028=ORIENTED_EDGE('',*,*,#876,.F.);
#6029=EDGE_LOOP('',(#6019,#6020,#6027,#6028));
#6030=FACE_BOUND('',#6029,.T.);
#6031=ADVANCED_FACE('',(#6030),#6018,.T.);
#6032=OVER_RIDING_STYLED_ITEM('',(#101),#6031,#54);
#6033=CARTESIAN_POINT('',(398.156788053,485.689249783,107.2));
#6034=DIRECTION('',(0.,0.,1.));
#6035=DIRECTION('',(-1.,0.,0.));
#6036=AXIS2_PLACEMENT_3D('',#6033,#6034,#6035);
#6037=TOROIDAL_SURFACE('',#6036,5.9,0.7);
#6038=ORIENTED_EDGE('',*,*,#6007,.T.);
#6039=ORIENTED_EDGE('',*,*,#1074,.F.);
#6040=CARTESIAN_POINT('',(398.156788053,491.589249783,107.2));
#6041=DIRECTION('',(-1.,-0.,0.));
#6042=DIRECTION('',(0.,-0.,-1.));
#6043=AXIS2_PLACEMENT_3D('',#6040,#6041,#6042);
#6044=CIRCLE('',#6043,0.7);
#6045=EDGE_CURVE('',#1841,#1036,#6044,.T.);
#6046=ORIENTED_EDGE('',*,*,#6045,.F.);
#6047=ORIENTED_EDGE('',*,*,#1847,.F.);
#6048=EDGE_LOOP('',(#6038,#6039,#6046,#6047));
#6049=FACE_BOUND('',#6048,.T.);
#6050=ADVANCED_FACE('',(#6049),#6037,.T.);
#6051=OVER_RIDING_STYLED_ITEM('',(#101),#6050,#54);
#6052=CARTESIAN_POINT('',(369.056788053,511.339249783,107.2));
#6053=DIRECTION('',(-1.,-0.,0.));
#6054=DIRECTION('',(0.,-0.,-1.));
#6055=AXIS2_PLACEMENT_3D('',#6052,#6053,#6054);
#6056=CYLINDRICAL_SURFACE('',#6055,0.7);
#6057=ORIENTED_EDGE('',*,*,#6026,.T.);
#6058=ORIENTED_EDGE('',*,*,#1685,.F.);
#6059=CARTESIAN_POINT('',(378.406788053,511.339249783,107.2));
#6060=DIRECTION('',(1.,0.,-0.));
#6061=DIRECTION('',(0.,0.,1.));
#6062=AXIS2_PLACEMENT_3D('',#6059,#6060,#6061);
#6063=CIRCLE('',#6062,0.7);
#6064=EDGE_CURVE('',#904,#1671,#6063,.T.);
#6065=ORIENTED_EDGE('',*,*,#6064,.F.);
#6066=ORIENTED_EDGE('',*,*,#909,.F.);
#6067=EDGE_LOOP('',(#6057,#6058,#6065,#6066));
#6068=FACE_BOUND('',#6067,.T.);
#6069=ADVANCED_FACE('',(#6068),#6056,.T.);
#6070=OVER_RIDING_STYLED_ITEM('',(#101),#6069,#54);
#6071=CARTESIAN_POINT('',(393.281788053,491.589249783,107.2));
#6072=DIRECTION('',(-1.,-0.,0.));
#6073=DIRECTION('',(0.,-0.,-1.));
#6074=AXIS2_PLACEMENT_3D('',#6071,#6072,#6073);
#6075=CYLINDRICAL_SURFACE('',#6074,0.7);
#6076=ORIENTED_EDGE('',*,*,#6045,.T.);
#6077=ORIENTED_EDGE('',*,*,#1041,.F.);
#6078=CARTESIAN_POINT('',(388.406788053,491.589249783,107.2));
#6079=DIRECTION('',(-1.,-0.,0.));
#6080=DIRECTION('',(0.,-0.,-1.));
#6081=AXIS2_PLACEMENT_3D('',#6078,#6079,#6080);
#6082=CIRCLE('',#6081,0.7);
#6083=EDGE_CURVE('',#1652,#1002,#6082,.T.);
#6084=ORIENTED_EDGE('',*,*,#6083,.F.);
#6085=ORIENTED_EDGE('',*,*,#1853,.F.);
#6086=EDGE_LOOP('',(#6076,#6077,#6084,#6085));
#6087=FACE_BOUND('',#6086,.T.);
#6088=ADVANCED_FACE('',(#6087),#6075,.T.);
#6089=OVER_RIDING_STYLED_ITEM('',(#101),#6088,#54);
#6090=CARTESIAN_POINT('',(378.406788053,505.439249783,107.2));
#6091=DIRECTION('',(0.,0.,1.));
#6092=DIRECTION('',(-1.,0.,0.));
#6093=AXIS2_PLACEMENT_3D('',#6090,#6091,#6092);
#6094=TOROIDAL_SURFACE('',#6093,5.9,0.7);
#6095=ORIENTED_EDGE('',*,*,#6064,.T.);
#6096=ORIENTED_EDGE('',*,*,#1677,.F.);
#6097=CARTESIAN_POINT('',(384.306788053,505.439249783,107.2));
#6098=DIRECTION('',(0.,-1.,0.));
#6099=DIRECTION('',(0.,-0.,-1.));
#6100=AXIS2_PLACEMENT_3D('',#6097,#6098,#6099);
#6101=CIRCLE('',#6100,0.7);
#6102=EDGE_CURVE('',#936,#1663,#6101,.T.);
#6103=ORIENTED_EDGE('',*,*,#6102,.F.);
#6104=ORIENTED_EDGE('',*,*,#942,.F.);
#6105=EDGE_LOOP('',(#6095,#6096,#6103,#6104));
#6106=FACE_BOUND('',#6105,.T.);
#6107=ADVANCED_FACE('',(#6106),#6094,.T.);
#6108=OVER_RIDING_STYLED_ITEM('',(#101),#6107,#54);
#6109=CARTESIAN_POINT('',(388.406788053,495.689249783,107.2));
#6110=DIRECTION('',(0.,0.,1.));
#6111=DIRECTION('',(-1.,0.,0.));
#6112=AXIS2_PLACEMENT_3D('',#6109,#6110,#6111);
#6113=TOROIDAL_SURFACE('',#6112,4.1,0.7);
#6114=ORIENTED_EDGE('',*,*,#6083,.T.);
#6115=ORIENTED_EDGE('',*,*,#1008,.F.);
#6116=CARTESIAN_POINT('',(384.306788053,495.689249783,107.2));
#6117=DIRECTION('',(0.,1.,-0.));
#6118=DIRECTION('',(0.,0.,1.));
#6119=AXIS2_PLACEMENT_3D('',#6116,#6117,#6118);
#6120=CIRCLE('',#6119,0.7);
#6121=EDGE_CURVE('',#1654,#970,#6120,.T.);
#6122=ORIENTED_EDGE('',*,*,#6121,.F.);
#6123=ORIENTED_EDGE('',*,*,#1660,.F.);
#6124=EDGE_LOOP('',(#6114,#6115,#6122,#6123));
#6125=FACE_BOUND('',#6124,.T.);
#6126=ADVANCED_FACE('',(#6125),#6113,.T.);
#6127=OVER_RIDING_STYLED_ITEM('',(#101),#6126,#54);
#6128=CARTESIAN_POINT('',(384.306788053,500.564249783,107.2));
#6129=DIRECTION('',(0.,1.,-0.));
#6130=DIRECTION('',(0.,0.,1.));
#6131=AXIS2_PLACEMENT_3D('',#6128,#6129,#6130);
#6132=CYLINDRICAL_SURFACE('',#6131,0.7);
#6133=ORIENTED_EDGE('',*,*,#6102,.T.);
#6134=ORIENTED_EDGE('',*,*,#1668,.F.);
#6135=ORIENTED_EDGE('',*,*,#6121,.T.);
#6136=ORIENTED_EDGE('',*,*,#975,.F.);
#6137=EDGE_LOOP('',(#6133,#6134,#6135,#6136));
#6138=FACE_BOUND('',#6137,.T.);
#6139=ADVANCED_FACE('',(#6138),#6132,.T.);
#6140=OVER_RIDING_STYLED_ITEM('',(#101),#6139,#54);
#6141=CARTESIAN_POINT('',(378.406788053,505.439249783,107.2));
#6142=DIRECTION('',(0.,0.,1.));
#6143=DIRECTION('',(-1.,0.,0.));
#6144=AXIS2_PLACEMENT_3D('',#6141,#6142,#6143);
#6145=TOROIDAL_SURFACE('',#6144,6.3,0.7);
#6146=CARTESIAN_POINT('',(384.706788053,505.439249783,107.2));
#6147=DIRECTION('',(0.,-1.,0.));
#6148=DIRECTION('',(0.,-0.,-1.));
#6149=AXIS2_PLACEMENT_3D('',#6146,#6147,#6148);
#6150=CIRCLE('',#6149,0.7);
#6151=EDGE_CURVE('',#1970,#803,#6150,.T.);
#6152=ORIENTED_EDGE('',*,*,#6151,.F.);
#6153=ORIENTED_EDGE('',*,*,#1976,.F.);
#6154=CARTESIAN_POINT('',(378.406788053,511.739249783,107.2));
#6155=DIRECTION('',(-1.,-0.,0.));
#6156=DIRECTION('',(0.,-0.,-1.));
#6157=AXIS2_PLACEMENT_3D('',#6154,#6155,#6156);
#6158=CIRCLE('',#6157,0.7);
#6159=EDGE_CURVE('',#79,#1962,#6158,.T.);
#6160=ORIENTED_EDGE('',*,*,#6159,.F.);
#6161=ORIENTED_EDGE('',*,*,#848,.F.);
#6162=EDGE_LOOP('',(#6152,#6153,#6160,#6161));
#6163=FACE_BOUND('',#6162,.T.);
#6164=ADVANCED_FACE('',(#6163),#6145,.T.);
#6165=OVER_RIDING_STYLED_ITEM('',(#101),#6164,#54);
#6166=CARTESIAN_POINT('',(369.056788053,511.739249783,107.2));
#6167=DIRECTION('',(1.,0.,-0.));
#6168=DIRECTION('',(0.,0.,1.));
#6169=AXIS2_PLACEMENT_3D('',#6166,#6167,#6168);
#6170=CYLINDRICAL_SURFACE('',#6169,0.7);
#6171=ORIENTED_EDGE('',*,*,#6159,.T.);
#6172=ORIENTED_EDGE('',*,*,#1967,.F.);
#6173=CARTESIAN_POINT('',(359.706788053,511.739249783,107.2));
#6174=DIRECTION('',(-1.,-0.,0.));
#6175=DIRECTION('',(0.,-0.,-1.));
#6176=AXIS2_PLACEMENT_3D('',#6173,#6174,#6175);
#6177=CIRCLE('',#6176,0.7);
#6178=EDGE_CURVE('',#61,#1953,#6177,.T.);
#6179=ORIENTED_EDGE('',*,*,#6178,.F.);
#6180=ORIENTED_EDGE('',*,*,#90,.F.);
#6181=EDGE_LOOP('',(#6171,#6172,#6179,#6180));
#6182=FACE_BOUND('',#6181,.T.);
#6183=ADVANCED_FACE('',(#6182),#6170,.T.);
#6184=OVER_RIDING_STYLED_ITEM('',(#101),#6183,#54);
#6185=CARTESIAN_POINT('',(384.706788053,476.339249783,107.2));
#6186=DIRECTION('',(0.,-1.,0.));
#6187=DIRECTION('',(0.,-0.,-1.));
#6188=AXIS2_PLACEMENT_3D('',#6185,#6186,#6187);
#6189=CYLINDRICAL_SURFACE('',#6188,0.7);
#6190=ORIENTED_EDGE('',*,*,#6151,.T.);
#6191=ORIENTED_EDGE('',*,*,#823,.F.);
#6192=CARTESIAN_POINT('',(384.706788053,495.689249783,107.2));
#6193=DIRECTION('',(0.,-1.,0.));
#6194=DIRECTION('',(0.,-0.,-1.));
#6195=AXIS2_PLACEMENT_3D('',#6192,#6193,#6194);
#6196=CIRCLE('',#6195,0.7);
#6197=EDGE_CURVE('',#1979,#769,#6196,.T.);
#6198=ORIENTED_EDGE('',*,*,#6197,.F.);
#6199=ORIENTED_EDGE('',*,*,#1984,.F.);
#6200=EDGE_LOOP('',(#6190,#6191,#6198,#6199));
#6201=FACE_BOUND('',#6200,.T.);
#6202=ADVANCED_FACE('',(#6201),#6189,.T.);
#6203=OVER_RIDING_STYLED_ITEM('',(#101),#6202,#54);
#6204=CARTESIAN_POINT('',(359.706788053,505.439249783,107.2));
#6205=DIRECTION('',(0.,0.,1.));
#6206=DIRECTION('',(-1.,0.,0.));
#6207=AXIS2_PLACEMENT_3D('',#6204,#6205,#6206);
#6208=TOROIDAL_SURFACE('',#6207,6.3,0.7);
#6209=ORIENTED_EDGE('',*,*,#6178,.T.);
#6210=ORIENTED_EDGE('',*,*,#1959,.F.);
#6211=CARTESIAN_POINT('',(353.406788053,505.439249783,107.2));
#6212=DIRECTION('',(0.,-1.,0.));
#6213=DIRECTION('',(0.,-0.,-1.));
#6214=AXIS2_PLACEMENT_3D('',#6211,#6212,#6213);
#6215=CIRCLE('',#6214,0.7);
#6216=EDGE_CURVE('',#109,#1945,#6215,.T.);
#6217=ORIENTED_EDGE('',*,*,#6216,.F.);
#6218=ORIENTED_EDGE('',*,*,#131,.F.);
#6219=EDGE_LOOP('',(#6209,#6210,#6217,#6218));
#6220=FACE_BOUND('',#6219,.T.);
#6221=ADVANCED_FACE('',(#6220),#6208,.T.);
#6222=OVER_RIDING_STYLED_ITEM('',(#101),#6221,#54);
#6223=CARTESIAN_POINT('',(388.406788053,495.689249783,107.2));
#6224=DIRECTION('',(0.,0.,1.));
#6225=DIRECTION('',(-1.,0.,0.));
#6226=AXIS2_PLACEMENT_3D('',#6223,#6224,#6225);
#6227=TOROIDAL_SURFACE('',#6226,3.7,0.7);
#6228=ORIENTED_EDGE('',*,*,#6197,.T.);
#6229=ORIENTED_EDGE('',*,*,#791,.F.);
#6230=CARTESIAN_POINT('',(388.406788053,491.989249783,107.2));
#6231=DIRECTION('',(1.,0.,-0.));
#6232=DIRECTION('',(0.,0.,1.));
#6233=AXIS2_PLACEMENT_3D('',#6230,#6231,#6232);
#6234=CIRCLE('',#6233,0.7);
#6235=EDGE_CURVE('',#1987,#737,#6234,.T.);
#6236=ORIENTED_EDGE('',*,*,#6235,.F.);
#6237=ORIENTED_EDGE('',*,*,#1993,.F.);
#6238=EDGE_LOOP('',(#6228,#6229,#6236,#6237));
#6239=FACE_BOUND('',#6238,.T.);
#6240=ADVANCED_FACE('',(#6239),#6227,.T.);
#6241=OVER_RIDING_STYLED_ITEM('',(#101),#6240,#54);
#6242=CARTESIAN_POINT('',(353.406788053,476.339249783,107.2));
#6243=DIRECTION('',(0.,1.,-0.));
#6244=DIRECTION('',(0.,0.,1.));
#6245=AXIS2_PLACEMENT_3D('',#6242,#6243,#6244);
#6246=CYLINDRICAL_SURFACE('',#6245,0.7);
#6247=ORIENTED_EDGE('',*,*,#6216,.T.);
#6248=ORIENTED_EDGE('',*,*,#1950,.F.);
#6249=CARTESIAN_POINT('',(353.406788053,495.689249783,107.2));
#6250=DIRECTION('',(0.,-1.,0.));
#6251=DIRECTION('',(0.,-0.,-1.));
#6252=AXIS2_PLACEMENT_3D('',#6249,#6250,#6251);
#6253=CIRCLE('',#6252,0.7);
#6254=EDGE_CURVE('',#143,#1936,#6253,.T.);
#6255=ORIENTED_EDGE('',*,*,#6254,.F.);
#6256=ORIENTED_EDGE('',*,*,#163,.F.);
#6257=EDGE_LOOP('',(#6247,#6248,#6255,#6256));
#6258=FACE_BOUND('',#6257,.T.);
#6259=ADVANCED_FACE('',(#6258),#6246,.T.);
#6260=OVER_RIDING_STYLED_ITEM('',(#101),#6259,#54);
#6261=CARTESIAN_POINT('',(369.056788053,491.989249783,107.2));
#6262=DIRECTION('',(1.,0.,-0.));
#6263=DIRECTION('',(0.,0.,1.));
#6264=AXIS2_PLACEMENT_3D('',#6261,#6262,#6263);
#6265=CYLINDRICAL_SURFACE('',#6264,0.7);
#6266=ORIENTED_EDGE('',*,*,#6235,.T.);
#6267=ORIENTED_EDGE('',*,*,#757,.F.);
#6268=CARTESIAN_POINT('',(398.156788053,491.989249783,107.2));
#6269=DIRECTION('',(1.,0.,-0.));
#6270=DIRECTION('',(0.,0.,1.));
#6271=AXIS2_PLACEMENT_3D('',#6268,#6269,#6270);
#6272=CIRCLE('',#6271,0.7);
#6273=EDGE_CURVE('',#1996,#703,#6272,.T.);
#6274=ORIENTED_EDGE('',*,*,#6273,.F.);
#6275=ORIENTED_EDGE('',*,*,#2001,.F.);
#6276=EDGE_LOOP('',(#6266,#6267,#6274,#6275));
#6277=FACE_BOUND('',#6276,.T.);
#6278=ADVANCED_FACE('',(#6277),#6265,.T.);
#6279=OVER_RIDING_STYLED_ITEM('',(#101),#6278,#54);
#6280=CARTESIAN_POINT('',(349.706788053,495.689249783,107.2));
#6281=DIRECTION('',(0.,0.,1.));
#6282=DIRECTION('',(-1.,0.,0.));
#6283=AXIS2_PLACEMENT_3D('',#6280,#6281,#6282);
#6284=TOROIDAL_SURFACE('',#6283,3.7,0.7);
#6285=ORIENTED_EDGE('',*,*,#6254,.T.);
#6286=ORIENTED_EDGE('',*,*,#1942,.F.);
#6287=CARTESIAN_POINT('',(349.706788053,491.989249783,107.2));
#6288=DIRECTION('',(-1.,-0.,0.));
#6289=DIRECTION('',(0.,-0.,-1.));
#6290=AXIS2_PLACEMENT_3D('',#6287,#6288,#6289);
#6291=CIRCLE('',#6290,0.7);
#6292=EDGE_CURVE('',#175,#1928,#6291,.T.);
#6293=ORIENTED_EDGE('',*,*,#6292,.F.);
#6294=ORIENTED_EDGE('',*,*,#197,.F.);
#6295=EDGE_LOOP('',(#6285,#6286,#6293,#6294));
#6296=FACE_BOUND('',#6295,.T.);
#6297=ADVANCED_FACE('',(#6296),#6284,.T.);
#6298=OVER_RIDING_STYLED_ITEM('',(#101),#6297,#54);
#6299=CARTESIAN_POINT('',(398.156788053,485.689249783,107.2));
#6300=DIRECTION('',(0.,0.,1.));
#6301=DIRECTION('',(-1.,0.,0.));
#6302=AXIS2_PLACEMENT_3D('',#6299,#6300,#6301);
#6303=TOROIDAL_SURFACE('',#6302,6.3,0.7);
#6304=ORIENTED_EDGE('',*,*,#6273,.T.);
#6305=ORIENTED_EDGE('',*,*,#725,.F.);
#6306=CARTESIAN_POINT('',(404.456788053,485.689249783,107.2));
#6307=DIRECTION('',(0.,-1.,0.));
#6308=DIRECTION('',(0.,-0.,-1.));
#6309=AXIS2_PLACEMENT_3D('',#6306,#6307,#6308);
#6310=CIRCLE('',#6309,0.7);
#6311=EDGE_CURVE('',#2004,#671,#6310,.T.);
#6312=ORIENTED_EDGE('',*,*,#6311,.F.);
#6313=ORIENTED_EDGE('',*,*,#2010,.F.);
#6314=EDGE_LOOP('',(#6304,#6305,#6312,#6313));
#6315=FACE_BOUND('',#6314,.T.);
#6316=ADVANCED_FACE('',(#6315),#6303,.T.);
#6317=OVER_RIDING_STYLED_ITEM('',(#101),#6316,#54);
#6318=CARTESIAN_POINT('',(369.056788053,491.989249783,107.2));
#6319=DIRECTION('',(1.,0.,-0.));
#6320=DIRECTION('',(0.,0.,1.));
#6321=AXIS2_PLACEMENT_3D('',#6318,#6319,#6320);
#6322=CYLINDRICAL_SURFACE('',#6321,0.7);
#6323=ORIENTED_EDGE('',*,*,#6292,.T.);
#6324=ORIENTED_EDGE('',*,*,#1933,.F.);
#6325=CARTESIAN_POINT('',(339.956788053,491.989249783,107.2));
#6326=DIRECTION('',(-1.,-0.,0.));
#6327=DIRECTION('',(0.,-0.,-1.));
#6328=AXIS2_PLACEMENT_3D('',#6325,#6326,#6327);
#6329=CIRCLE('',#6328,0.7);
#6330=EDGE_CURVE('',#209,#1919,#6329,.T.);
#6331=ORIENTED_EDGE('',*,*,#6330,.F.);
#6332=ORIENTED_EDGE('',*,*,#229,.F.);
#6333=EDGE_LOOP('',(#6323,#6324,#6331,#6332));
#6334=FACE_BOUND('',#6333,.T.);
#6335=ADVANCED_FACE('',(#6334),#6322,.T.);
#6336=OVER_RIDING_STYLED_ITEM('',(#101),#6335,#54);
#6337=CARTESIAN_POINT('',(404.456788053,476.339249783,107.2));
#6338=DIRECTION('',(0.,-1.,0.));
#6339=DIRECTION('',(0.,-0.,-1.));
#6340=AXIS2_PLACEMENT_3D('',#6337,#6338,#6339);
#6341=CYLINDRICAL_SURFACE('',#6340,0.7);
#6342=ORIENTED_EDGE('',*,*,#6311,.T.);
#6343=ORIENTED_EDGE('',*,*,#691,.F.);
#6344=CARTESIAN_POINT('',(404.456788053,466.989249783,107.2));
#6345=DIRECTION('',(-0.,-1.,0.));
#6346=DIRECTION('',(-1.,0.,-0.));
#6347=AXIS2_PLACEMENT_3D('',#6344,#6345,#6346);
#6348=CIRCLE('',#6347,0.7);
#6349=EDGE_CURVE('',#2013,#637,#6348,.T.);
#6350=ORIENTED_EDGE('',*,*,#6349,.F.);
#6351=ORIENTED_EDGE('',*,*,#2018,.F.);
#6352=EDGE_LOOP('',(#6342,#6343,#6350,#6351));
#6353=FACE_BOUND('',#6352,.T.);
#6354=ADVANCED_FACE('',(#6353),#6341,.T.);
#6355=OVER_RIDING_STYLED_ITEM('',(#101),#6354,#54);
#6356=CARTESIAN_POINT('',(339.956788053,485.689249783,107.2));
#6357=DIRECTION('',(0.,0.,1.));
#6358=DIRECTION('',(-1.,0.,0.));
#6359=AXIS2_PLACEMENT_3D('',#6356,#6357,#6358);
#6360=TOROIDAL_SURFACE('',#6359,6.3,0.7);
#6361=ORIENTED_EDGE('',*,*,#6330,.T.);
#6362=ORIENTED_EDGE('',*,*,#1925,.F.);
#6363=CARTESIAN_POINT('',(333.656788053,485.689249783,107.2));
#6364=DIRECTION('',(0.,-1.,0.));
#6365=DIRECTION('',(0.,-0.,-1.));
#6366=AXIS2_PLACEMENT_3D('',#6363,#6364,#6365);
#6367=CIRCLE('',#6366,0.7);
#6368=EDGE_CURVE('',#241,#1911,#6367,.T.);
#6369=ORIENTED_EDGE('',*,*,#6368,.F.);
#6370=ORIENTED_EDGE('',*,*,#263,.F.);
#6371=EDGE_LOOP('',(#6361,#6362,#6369,#6370));
#6372=FACE_BOUND('',#6371,.T.);
#6373=ADVANCED_FACE('',(#6372),#6360,.T.);
#6374=OVER_RIDING_STYLED_ITEM('',(#101),#6373,#54);
#6375=CARTESIAN_POINT('',(398.156788053,466.989249783,107.2));
#6376=DIRECTION('',(0.,0.,1.));
#6377=DIRECTION('',(-1.,0.,0.));
#6378=AXIS2_PLACEMENT_3D('',#6375,#6376,#6377);
#6379=TOROIDAL_SURFACE('',#6378,6.3,0.7);
#6380=ORIENTED_EDGE('',*,*,#6349,.T.);
#6381=ORIENTED_EDGE('',*,*,#659,.F.);
#6382=CARTESIAN_POINT('',(398.156788053,460.689249783,107.2));
#6383=DIRECTION('',(-1.,-0.,0.));
#6384=DIRECTION('',(0.,-0.,-1.));
#6385=AXIS2_PLACEMENT_3D('',#6382,#6383,#6384);
#6386=CIRCLE('',#6385,0.7);
#6387=EDGE_CURVE('',#2021,#605,#6386,.T.);
#6388=ORIENTED_EDGE('',*,*,#6387,.F.);
#6389=ORIENTED_EDGE('',*,*,#2027,.F.);
#6390=EDGE_LOOP('',(#6380,#6381,#6388,#6389));
#6391=FACE_BOUND('',#6390,.T.);
#6392=ADVANCED_FACE('',(#6391),#6379,.T.);
#6393=OVER_RIDING_STYLED_ITEM('',(#101),#6392,#54);
#6394=CARTESIAN_POINT('',(333.656788053,476.339249783,107.2));
#6395=DIRECTION('',(0.,1.,-0.));
#6396=DIRECTION('',(0.,0.,1.));
#6397=AXIS2_PLACEMENT_3D('',#6394,#6395,#6396);
#6398=CYLINDRICAL_SURFACE('',#6397,0.7);
#6399=ORIENTED_EDGE('',*,*,#6368,.T.);
#6400=ORIENTED_EDGE('',*,*,#1916,.F.);
#6401=CARTESIAN_POINT('',(333.656788053,466.989249783,107.2));
#6402=DIRECTION('',(0.,-1.,0.));
#6403=DIRECTION('',(0.,-0.,-1.));
#6404=AXIS2_PLACEMENT_3D('',#6401,#6402,#6403);
#6405=CIRCLE('',#6404,0.7);
#6406=EDGE_CURVE('',#275,#1902,#6405,.T.);
#6407=ORIENTED_EDGE('',*,*,#6406,.F.);
#6408=ORIENTED_EDGE('',*,*,#295,.F.);
#6409=EDGE_LOOP('',(#6399,#6400,#6407,#6408));
#6410=FACE_BOUND('',#6409,.T.);
#6411=ADVANCED_FACE('',(#6410),#6398,.T.);
#6412=OVER_RIDING_STYLED_ITEM('',(#101),#6411,#54);
#6413=CARTESIAN_POINT('',(369.056788053,460.689249783,107.2));
#6414=DIRECTION('',(-1.,-0.,0.));
#6415=DIRECTION('',(0.,-0.,-1.));
#6416=AXIS2_PLACEMENT_3D('',#6413,#6414,#6415);
#6417=CYLINDRICAL_SURFACE('',#6416,0.7);
#6418=ORIENTED_EDGE('',*,*,#6387,.T.);
#6419=ORIENTED_EDGE('',*,*,#625,.F.);
#6420=CARTESIAN_POINT('',(388.406788053,460.689249783,107.2));
#6421=DIRECTION('',(-1.,-0.,0.));
#6422=DIRECTION('',(0.,-0.,-1.));
#6423=AXIS2_PLACEMENT_3D('',#6420,#6421,#6422);
#6424=CIRCLE('',#6423,0.7);
#6425=EDGE_CURVE('',#2030,#571,#6424,.T.);
#6426=ORIENTED_EDGE('',*,*,#6425,.F.);
#6427=ORIENTED_EDGE('',*,*,#2035,.F.);
#6428=EDGE_LOOP('',(#6418,#6419,#6426,#6427));
#6429=FACE_BOUND('',#6428,.T.);
#6430=ADVANCED_FACE('',(#6429),#6417,.T.);
#6431=OVER_RIDING_STYLED_ITEM('',(#101),#6430,#54);
#6432=CARTESIAN_POINT('',(339.956788053,466.989249783,107.2));
#6433=DIRECTION('',(0.,0.,1.));
#6434=DIRECTION('',(-1.,0.,0.));
#6435=AXIS2_PLACEMENT_3D('',#6432,#6433,#6434);
#6436=TOROIDAL_SURFACE('',#6435,6.3,0.7);
#6437=ORIENTED_EDGE('',*,*,#6406,.T.);
#6438=ORIENTED_EDGE('',*,*,#1908,.F.);
#6439=CARTESIAN_POINT('',(339.956788053,460.689249783,107.2));
#6440=DIRECTION('',(1.,0.,-0.));
#6441=DIRECTION('',(0.,0.,1.));
#6442=AXIS2_PLACEMENT_3D('',#6439,#6440,#6441);
#6443=CIRCLE('',#6442,0.7);
#6444=EDGE_CURVE('',#307,#1894,#6443,.T.);
#6445=ORIENTED_EDGE('',*,*,#6444,.F.);
#6446=ORIENTED_EDGE('',*,*,#329,.F.);
#6447=EDGE_LOOP('',(#6437,#6438,#6445,#6446));
#6448=FACE_BOUND('',#6447,.T.);
#6449=ADVANCED_FACE('',(#6448),#6436,.T.);
#6450=OVER_RIDING_STYLED_ITEM('',(#101),#6449,#54);
#6451=CARTESIAN_POINT('',(388.406788053,456.989249783,107.2));
#6452=DIRECTION('',(0.,0.,1.));
#6453=DIRECTION('',(-1.,0.,0.));
#6454=AXIS2_PLACEMENT_3D('',#6451,#6452,#6453);
#6455=TOROIDAL_SURFACE('',#6454,3.7,0.7);
#6456=ORIENTED_EDGE('',*,*,#6425,.T.);
#6457=ORIENTED_EDGE('',*,*,#593,.F.);
#6458=CARTESIAN_POINT('',(384.706788053,456.989249783,107.2));
#6459=DIRECTION('',(0.,-1.,0.));
#6460=DIRECTION('',(0.,-0.,-1.));
#6461=AXIS2_PLACEMENT_3D('',#6458,#6459,#6460);
#6462=CIRCLE('',#6461,0.7);
#6463=EDGE_CURVE('',#2038,#539,#6462,.T.);
#6464=ORIENTED_EDGE('',*,*,#6463,.F.);
#6465=ORIENTED_EDGE('',*,*,#2044,.F.);
#6466=EDGE_LOOP('',(#6456,#6457,#6464,#6465));
#6467=FACE_BOUND('',#6466,.T.);
#6468=ADVANCED_FACE('',(#6467),#6455,.T.);
#6469=OVER_RIDING_STYLED_ITEM('',(#101),#6468,#54);
#6470=CARTESIAN_POINT('',(369.056788053,460.689249783,107.2));
#6471=DIRECTION('',(-1.,0.,-0.));
#6472=DIRECTION('',(0.,1.,-0.));
#6473=AXIS2_PLACEMENT_3D('',#6470,#6471,#6472);
#6474=CYLINDRICAL_SURFACE('',#6473,0.7);
#6475=ORIENTED_EDGE('',*,*,#6444,.T.);
#6476=ORIENTED_EDGE('',*,*,#1899,.F.);
#6477=CARTESIAN_POINT('',(349.706788053,460.689249783,107.2));
#6478=DIRECTION('',(1.,0.,-0.));
#6479=DIRECTION('',(0.,0.,1.));
#6480=AXIS2_PLACEMENT_3D('',#6477,#6478,#6479);
#6481=CIRCLE('',#6480,0.7);
#6482=EDGE_CURVE('',#341,#1885,#6481,.T.);
#6483=ORIENTED_EDGE('',*,*,#6482,.F.);
#6484=ORIENTED_EDGE('',*,*,#361,.F.);
#6485=EDGE_LOOP('',(#6475,#6476,#6483,#6484));
#6486=FACE_BOUND('',#6485,.T.);
#6487=ADVANCED_FACE('',(#6486),#6474,.T.);
#6488=OVER_RIDING_STYLED_ITEM('',(#101),#6487,#54);
#6489=CARTESIAN_POINT('',(384.706788053,476.339249783,107.2));
#6490=DIRECTION('',(0.,-1.,0.));
#6491=DIRECTION('',(0.,-0.,-1.));
#6492=AXIS2_PLACEMENT_3D('',#6489,#6490,#6491);
#6493=CYLINDRICAL_SURFACE('',#6492,0.7);
#6494=ORIENTED_EDGE('',*,*,#6463,.T.);
#6495=ORIENTED_EDGE('',*,*,#559,.F.);
#6496=CARTESIAN_POINT('',(384.706788053,447.239249783,107.2));
#6497=DIRECTION('',(0.,-1.,0.));
#6498=DIRECTION('',(0.,-0.,-1.));
#6499=AXIS2_PLACEMENT_3D('',#6496,#6497,#6498);
#6500=CIRCLE('',#6499,0.7);
#6501=EDGE_CURVE('',#2047,#505,#6500,.T.);
#6502=ORIENTED_EDGE('',*,*,#6501,.F.);
#6503=ORIENTED_EDGE('',*,*,#2052,.F.);
#6504=EDGE_LOOP('',(#6494,#6495,#6502,#6503));
#6505=FACE_BOUND('',#6504,.T.);
#6506=ADVANCED_FACE('',(#6505),#6493,.T.);
#6507=OVER_RIDING_STYLED_ITEM('',(#101),#6506,#54);
#6508=CARTESIAN_POINT('',(349.706788053,456.989249783,107.2));
#6509=DIRECTION('',(0.,0.,1.));
#6510=DIRECTION('',(-1.,0.,0.));
#6511=AXIS2_PLACEMENT_3D('',#6508,#6509,#6510);
#6512=TOROIDAL_SURFACE('',#6511,3.7,0.7);
#6513=ORIENTED_EDGE('',*,*,#6482,.T.);
#6514=ORIENTED_EDGE('',*,*,#1891,.F.);
#6515=CARTESIAN_POINT('',(353.406788053,456.989249783,107.2));
#6516=DIRECTION('',(0.,-1.,0.));
#6517=DIRECTION('',(0.,-0.,-1.));
#6518=AXIS2_PLACEMENT_3D('',#6515,#6516,#6517);
#6519=CIRCLE('',#6518,0.7);
#6520=EDGE_CURVE('',#373,#1877,#6519,.T.);
#6521=ORIENTED_EDGE('',*,*,#6520,.F.);
#6522=ORIENTED_EDGE('',*,*,#395,.F.);
#6523=EDGE_LOOP('',(#6513,#6514,#6521,#6522));
#6524=FACE_BOUND('',#6523,.T.);
#6525=ADVANCED_FACE('',(#6524),#6512,.T.);
#6526=OVER_RIDING_STYLED_ITEM('',(#101),#6525,#54);
#6527=CARTESIAN_POINT('',(378.406788053,447.239249783,107.2));
#6528=DIRECTION('',(0.,0.,1.));
#6529=DIRECTION('',(-1.,0.,0.));
#6530=AXIS2_PLACEMENT_3D('',#6527,#6528,#6529);
#6531=TOROIDAL_SURFACE('',#6530,6.3,0.7);
#6532=ORIENTED_EDGE('',*,*,#6501,.T.);
#6533=ORIENTED_EDGE('',*,*,#527,.F.);
#6534=CARTESIAN_POINT('',(378.406788053,440.939249783,107.2));
#6535=DIRECTION('',(-1.,-0.,0.));
#6536=DIRECTION('',(0.,-0.,-1.));
#6537=AXIS2_PLACEMENT_3D('',#6534,#6535,#6536);
#6538=CIRCLE('',#6537,0.7);
#6539=EDGE_CURVE('',#1858,#473,#6538,.T.);
#6540=ORIENTED_EDGE('',*,*,#6539,.F.);
#6541=ORIENTED_EDGE('',*,*,#2059,.F.);
#6542=EDGE_LOOP('',(#6532,#6533,#6540,#6541));
#6543=FACE_BOUND('',#6542,.T.);
#6544=ADVANCED_FACE('',(#6543),#6531,.T.);
#6545=OVER_RIDING_STYLED_ITEM('',(#101),#6544,#54);
#6546=CARTESIAN_POINT('',(353.406788053,476.339249783,107.2));
#6547=DIRECTION('',(0.,1.,-0.));
#6548=DIRECTION('',(0.,0.,1.));
#6549=AXIS2_PLACEMENT_3D('',#6546,#6547,#6548);
#6550=CYLINDRICAL_SURFACE('',#6549,0.7);
#6551=ORIENTED_EDGE('',*,*,#6520,.T.);
#6552=ORIENTED_EDGE('',*,*,#1882,.F.);
#6553=CARTESIAN_POINT('',(353.406788053,447.239249783,107.2));
#6554=DIRECTION('',(0.,-1.,0.));
#6555=DIRECTION('',(0.,-0.,-1.));
#6556=AXIS2_PLACEMENT_3D('',#6553,#6554,#6555);
#6557=CIRCLE('',#6556,0.7);
#6558=EDGE_CURVE('',#407,#1868,#6557,.T.);
#6559=ORIENTED_EDGE('',*,*,#6558,.F.);
#6560=ORIENTED_EDGE('',*,*,#427,.F.);
#6561=EDGE_LOOP('',(#6551,#6552,#6559,#6560));
#6562=FACE_BOUND('',#6561,.T.);
#6563=ADVANCED_FACE('',(#6562),#6550,.T.);
#6564=OVER_RIDING_STYLED_ITEM('',(#101),#6563,#54);
#6565=CARTESIAN_POINT('',(369.056788053,440.939249783,107.2));
#6566=DIRECTION('',(-1.,-0.,0.));
#6567=DIRECTION('',(0.,-0.,-1.));
#6568=AXIS2_PLACEMENT_3D('',#6565,#6566,#6567);
#6569=CYLINDRICAL_SURFACE('',#6568,0.7);
#6570=ORIENTED_EDGE('',*,*,#6539,.T.);
#6571=ORIENTED_EDGE('',*,*,#493,.F.);
#6572=CARTESIAN_POINT('',(359.706788053,440.939249783,107.2));
#6573=DIRECTION('',(-1.,-0.,0.));
#6574=DIRECTION('',(0.,-0.,-1.));
#6575=AXIS2_PLACEMENT_3D('',#6572,#6573,#6574);
#6576=CIRCLE('',#6575,0.7);
#6577=EDGE_CURVE('',#1860,#439,#6576,.T.);
#6578=ORIENTED_EDGE('',*,*,#6577,.F.);
#6579=ORIENTED_EDGE('',*,*,#1865,.F.);
#6580=EDGE_LOOP('',(#6570,#6571,#6578,#6579));
#6581=FACE_BOUND('',#6580,.T.);
#6582=ADVANCED_FACE('',(#6581),#6569,.T.);
#6583=OVER_RIDING_STYLED_ITEM('',(#101),#6582,#54);
#6584=CARTESIAN_POINT('',(359.706788053,447.239249783,107.2));
#6585=DIRECTION('',(0.,0.,1.));
#6586=DIRECTION('',(-1.,0.,0.));
#6587=AXIS2_PLACEMENT_3D('',#6584,#6585,#6586);
#6588=TOROIDAL_SURFACE('',#6587,6.3,0.7);
#6589=ORIENTED_EDGE('',*,*,#6558,.T.);
#6590=ORIENTED_EDGE('',*,*,#1874,.F.);
#6591=ORIENTED_EDGE('',*,*,#6577,.T.);
#6592=ORIENTED_EDGE('',*,*,#461,.F.);
#6593=EDGE_LOOP('',(#6589,#6590,#6591,#6592));
#6594=FACE_BOUND('',#6593,.T.);
#6595=ADVANCED_FACE('',(#6594),#6588,.T.);
#6596=OVER_RIDING_STYLED_ITEM('',(#101),#6595,#54);
#6597=CARTESIAN_POINT('',(351.706788053,476.339249783,126.5));
#6598=DIRECTION('',(-0.707106781,-0.,-0.707106781));
#6599=DIRECTION('',(0.,1.,-0.));
#6600=AXIS2_PLACEMENT_3D('',#6597,#6598,#6599);
#6601=PLANE('',#6600);
#6602=CARTESIAN_POINT('',(352.706788053,505.439249783,125.5));
#6603=DIRECTION('',(-0.707106781,0.,0.707106781));
#6604=VECTOR('',#6603,1.414213562);
#6605=LINE('',#6602,#6604);
#6606=EDGE_CURVE('',#111,#2399,#6605,.T.);
#6607=ORIENTED_EDGE('',*,*,#6606,.F.);
#6608=ORIENTED_EDGE('',*,*,#156,.F.);
#6609=CARTESIAN_POINT('',(351.706788053,495.689249783,126.5));
#6610=DIRECTION('',(0.707106781,-0.,-0.707106781));
#6611=VECTOR('',#6610,1.414213562);
#6612=LINE('',#6609,#6611);
#6613=EDGE_CURVE('',#2408,#145,#6612,.T.);
#6614=ORIENTED_EDGE('',*,*,#6613,.F.);
#6615=ORIENTED_EDGE('',*,*,#2413,.F.);
#6616=EDGE_LOOP('',(#6607,#6608,#6614,#6615));
#6617=FACE_BOUND('',#6616,.T.);
#6618=ADVANCED_FACE('',(#6617),#6601,.T.);
#6619=OVER_RIDING_STYLED_ITEM('',(#101),#6618,#54);
#6620=CARTESIAN_POINT('',(349.706788053,495.689249783,126.5));
#6621=DIRECTION('',(0.,-0.,-1.));
#6622=DIRECTION('',(1.,0.,0.));
#6623=AXIS2_PLACEMENT_3D('',#6620,#6621,#6622);
#6624=CONICAL_SURFACE('',#6623,2.,45.);
#6625=ORIENTED_EDGE('',*,*,#6613,.T.);
#6626=ORIENTED_EDGE('',*,*,#189,.F.);
#6627=CARTESIAN_POINT('',(349.706788053,493.689249783,126.5));
#6628=DIRECTION('',(0.,-0.707106781,-0.707106781));
#6629=VECTOR('',#6628,1.414213562);
#6630=LINE('',#6627,#6629);
#6631=EDGE_CURVE('',#2416,#177,#6630,.T.);
#6632=ORIENTED_EDGE('',*,*,#6631,.F.);
#6633=ORIENTED_EDGE('',*,*,#2422,.F.);
#6634=EDGE_LOOP('',(#6625,#6626,#6632,#6633));
#6635=FACE_BOUND('',#6634,.T.);
#6636=ADVANCED_FACE('',(#6635),#6624,.F.);
#6637=OVER_RIDING_STYLED_ITEM('',(#101),#6636,#54);
#6638=CARTESIAN_POINT('',(359.706788053,505.439249783,125.5));
#6639=DIRECTION('',(0.,0.,1.));
#6640=DIRECTION('',(-1.,0.,0.));
#6641=AXIS2_PLACEMENT_3D('',#6638,#6639,#6640);
#6642=CONICAL_SURFACE('',#6641,7.,45.);
#6643=ORIENTED_EDGE('',*,*,#6606,.T.);
#6644=ORIENTED_EDGE('',*,*,#2405,.F.);
#6645=CARTESIAN_POINT('',(359.706788053,512.439249783,125.5));
#6646=DIRECTION('',(0.,0.707106781,0.707106781));
#6647=VECTOR('',#6646,1.414213562);
#6648=LINE('',#6645,#6647);
#6649=EDGE_CURVE('',#63,#2391,#6648,.T.);
#6650=ORIENTED_EDGE('',*,*,#6649,.F.);
#6651=ORIENTED_EDGE('',*,*,#123,.F.);
#6652=EDGE_LOOP('',(#6643,#6644,#6650,#6651));
#6653=FACE_BOUND('',#6652,.T.);
#6654=ADVANCED_FACE('',(#6653),#6642,.T.);
#6655=OVER_RIDING_STYLED_ITEM('',(#101),#6654,#54);
#6656=CARTESIAN_POINT('',(369.056788053,493.689249783,126.5));
#6657=DIRECTION('',(-0.,0.707106781,-0.707106781));
#6658=DIRECTION('',(1.,-0.,-0.));
#6659=AXIS2_PLACEMENT_3D('',#6656,#6657,#6658);
#6660=PLANE('',#6659);
#6661=ORIENTED_EDGE('',*,*,#6631,.T.);
#6662=ORIENTED_EDGE('',*,*,#222,.F.);
#6663=CARTESIAN_POINT('',(339.956788053,493.689249783,126.5));
#6664=DIRECTION('',(0.,-0.707106781,-0.707106781));
#6665=VECTOR('',#6664,1.414213562);
#6666=LINE('',#6663,#6665);
#6667=EDGE_CURVE('',#2425,#211,#6666,.T.);
#6668=ORIENTED_EDGE('',*,*,#6667,.F.);
#6669=ORIENTED_EDGE('',*,*,#2430,.F.);
#6670=EDGE_LOOP('',(#6661,#6662,#6668,#6669));
#6671=FACE_BOUND('',#6670,.T.);
#6672=ADVANCED_FACE('',(#6671),#6660,.T.);
#6673=OVER_RIDING_STYLED_ITEM('',(#101),#6672,#54);
#6674=CARTESIAN_POINT('',(369.056788053,513.439249783,126.5));
#6675=DIRECTION('',(-0.,0.707106781,-0.707106781));
#6676=DIRECTION('',(1.,-0.,-0.));
#6677=AXIS2_PLACEMENT_3D('',#6674,#6675,#6676);
#6678=PLANE('',#6677);
#6679=ORIENTED_EDGE('',*,*,#6649,.T.);
#6680=ORIENTED_EDGE('',*,*,#2396,.F.);
#6681=CARTESIAN_POINT('',(378.406788053,512.439249783,125.5));
#6682=DIRECTION('',(0.,0.707106781,0.707106781));
#6683=VECTOR('',#6682,1.414213562);
#6684=LINE('',#6681,#6683);
#6685=EDGE_CURVE('',#71,#2382,#6684,.T.);
#6686=ORIENTED_EDGE('',*,*,#6685,.F.);
#6687=ORIENTED_EDGE('',*,*,#76,.F.);
#6688=EDGE_LOOP('',(#6679,#6680,#6686,#6687));
#6689=FACE_BOUND('',#6688,.T.);
#6690=ADVANCED_FACE('',(#6689),#6678,.T.);
#6691=OVER_RIDING_STYLED_ITEM('',(#101),#6690,#54);
#6692=CARTESIAN_POINT('',(339.956788053,485.689249783,125.5));
#6693=DIRECTION('',(0.,0.,1.));
#6694=DIRECTION('',(-1.,0.,0.));
#6695=AXIS2_PLACEMENT_3D('',#6692,#6693,#6694);
#6696=CONICAL_SURFACE('',#6695,7.,45.);
#6697=ORIENTED_EDGE('',*,*,#6667,.T.);
#6698=ORIENTED_EDGE('',*,*,#255,.F.);
#6699=CARTESIAN_POINT('',(331.956788053,485.689249783,126.5));
#6700=DIRECTION('',(0.707106781,-0.,-0.707106781));
#6701=VECTOR('',#6700,1.414213562);
#6702=LINE('',#6699,#6701);
#6703=EDGE_CURVE('',#2433,#243,#6702,.T.);
#6704=ORIENTED_EDGE('',*,*,#6703,.F.);
#6705=ORIENTED_EDGE('',*,*,#2439,.F.);
#6706=EDGE_LOOP('',(#6697,#6698,#6704,#6705));
#6707=FACE_BOUND('',#6706,.T.);
#6708=ADVANCED_FACE('',(#6707),#6696,.T.);
#6709=OVER_RIDING_STYLED_ITEM('',(#101),#6708,#54);
#6710=CARTESIAN_POINT('',(378.406788053,505.439249783,125.5));
#6711=DIRECTION('',(0.,0.,1.));
#6712=DIRECTION('',(-1.,0.,0.));
#6713=AXIS2_PLACEMENT_3D('',#6710,#6711,#6712);
#6714=CONICAL_SURFACE('',#6713,7.,45.);
#6715=ORIENTED_EDGE('',*,*,#6685,.T.);
#6716=ORIENTED_EDGE('',*,*,#2388,.F.);
#6717=CARTESIAN_POINT('',(385.406788053,505.439249783,125.5));
#6718=DIRECTION('',(0.707106781,0.,0.707106781));
#6719=VECTOR('',#6718,1.414213562);
#6720=LINE('',#6717,#6719);
#6721=EDGE_CURVE('',#805,#2374,#6720,.T.);
#6722=ORIENTED_EDGE('',*,*,#6721,.F.);
#6723=ORIENTED_EDGE('',*,*,#840,.F.);
#6724=EDGE_LOOP('',(#6715,#6716,#6722,#6723));
#6725=FACE_BOUND('',#6724,.T.);
#6726=ADVANCED_FACE('',(#6725),#6714,.T.);
#6727=OVER_RIDING_STYLED_ITEM('',(#101),#6726,#54);
#6728=CARTESIAN_POINT('',(331.956788053,476.339249783,126.5));
#6729=DIRECTION('',(-0.707106781,-0.,-0.707106781));
#6730=DIRECTION('',(0.,1.,-0.));
#6731=AXIS2_PLACEMENT_3D('',#6728,#6729,#6730);
#6732=PLANE('',#6731);
#6733=ORIENTED_EDGE('',*,*,#6703,.T.);
#6734=ORIENTED_EDGE('',*,*,#288,.F.);
#6735=CARTESIAN_POINT('',(331.956788053,466.989249783,126.5));
#6736=DIRECTION('',(0.707106781,-0.,-0.707106781));
#6737=VECTOR('',#6736,1.414213562);
#6738=LINE('',#6735,#6737);
#6739=EDGE_CURVE('',#2442,#277,#6738,.T.);
#6740=ORIENTED_EDGE('',*,*,#6739,.F.);
#6741=ORIENTED_EDGE('',*,*,#2447,.F.);
#6742=EDGE_LOOP('',(#6733,#6734,#6740,#6741));
#6743=FACE_BOUND('',#6742,.T.);
#6744=ADVANCED_FACE('',(#6743),#6732,.T.);
#6745=OVER_RIDING_STYLED_ITEM('',(#101),#6744,#54);
#6746=CARTESIAN_POINT('',(386.406788053,476.339249783,126.5));
#6747=DIRECTION('',(0.707106781,-0.,-0.707106781));
#6748=DIRECTION('',(0.,-1.,0.));
#6749=AXIS2_PLACEMENT_3D('',#6746,#6747,#6748);
#6750=PLANE('',#6749);
#6751=ORIENTED_EDGE('',*,*,#6721,.T.);
#6752=ORIENTED_EDGE('',*,*,#2379,.F.);
#6753=CARTESIAN_POINT('',(385.406788053,495.689249783,125.5));
#6754=DIRECTION('',(0.707106781,0.,0.707106781));
#6755=VECTOR('',#6754,1.414213562);
#6756=LINE('',#6753,#6755);
#6757=EDGE_CURVE('',#771,#2365,#6756,.T.);
#6758=ORIENTED_EDGE('',*,*,#6757,.F.);
#6759=ORIENTED_EDGE('',*,*,#816,.F.);
#6760=EDGE_LOOP('',(#6751,#6752,#6758,#6759));
#6761=FACE_BOUND('',#6760,.T.);
#6762=ADVANCED_FACE('',(#6761),#6750,.T.);
#6763=OVER_RIDING_STYLED_ITEM('',(#101),#6762,#54);
#6764=CARTESIAN_POINT('',(339.956788053,466.989249783,125.5));
#6765=DIRECTION('',(0.,0.,1.));
#6766=DIRECTION('',(-1.,0.,0.));
#6767=AXIS2_PLACEMENT_3D('',#6764,#6765,#6766);
#6768=CONICAL_SURFACE('',#6767,7.,45.);
#6769=ORIENTED_EDGE('',*,*,#6739,.T.);
#6770=ORIENTED_EDGE('',*,*,#321,.F.);
#6771=CARTESIAN_POINT('',(339.956788053,458.989249783,126.5));
#6772=DIRECTION('',(0.,0.707106781,-0.707106781));
#6773=VECTOR('',#6772,1.414213562);
#6774=LINE('',#6771,#6773);
#6775=EDGE_CURVE('',#2450,#309,#6774,.T.);
#6776=ORIENTED_EDGE('',*,*,#6775,.F.);
#6777=ORIENTED_EDGE('',*,*,#2456,.F.);
#6778=EDGE_LOOP('',(#6769,#6770,#6776,#6777));
#6779=FACE_BOUND('',#6778,.T.);
#6780=ADVANCED_FACE('',(#6779),#6768,.T.);
#6781=OVER_RIDING_STYLED_ITEM('',(#101),#6780,#54);
#6782=CARTESIAN_POINT('',(388.406788053,495.689249783,126.5));
#6783=DIRECTION('',(0.,-0.,-1.));
#6784=DIRECTION('',(1.,0.,0.));
#6785=AXIS2_PLACEMENT_3D('',#6782,#6783,#6784);
#6786=CONICAL_SURFACE('',#6785,2.,45.);
#6787=ORIENTED_EDGE('',*,*,#6757,.T.);
#6788=ORIENTED_EDGE('',*,*,#2371,.F.);
#6789=CARTESIAN_POINT('',(388.406788053,492.689249783,125.5));
#6790=DIRECTION('',(0.,0.707106781,0.707106781));
#6791=VECTOR('',#6790,1.414213562);
#6792=LINE('',#6789,#6791);
#6793=EDGE_CURVE('',#739,#2357,#6792,.T.);
#6794=ORIENTED_EDGE('',*,*,#6793,.F.);
#6795=ORIENTED_EDGE('',*,*,#783,.F.);
#6796=EDGE_LOOP('',(#6787,#6788,#6794,#6795));
#6797=FACE_BOUND('',#6796,.T.);
#6798=ADVANCED_FACE('',(#6797),#6786,.F.);
#6799=OVER_RIDING_STYLED_ITEM('',(#101),#6798,#54);
#6800=CARTESIAN_POINT('',(369.056788053,458.989249783,126.5));
#6801=DIRECTION('',(-0.,-0.707106781,-0.707106781));
#6802=DIRECTION('',(-1.,0.,0.));
#6803=AXIS2_PLACEMENT_3D('',#6800,#6801,#6802);
#6804=PLANE('',#6803);
#6805=ORIENTED_EDGE('',*,*,#6775,.T.);
#6806=ORIENTED_EDGE('',*,*,#354,.F.);
#6807=CARTESIAN_POINT('',(349.706788053,458.989249783,126.5));
#6808=DIRECTION('',(0.,0.707106781,-0.707106781));
#6809=VECTOR('',#6808,1.414213562);
#6810=LINE('',#6807,#6809);
#6811=EDGE_CURVE('',#2459,#343,#6810,.T.);
#6812=ORIENTED_EDGE('',*,*,#6811,.F.);
#6813=ORIENTED_EDGE('',*,*,#2464,.F.);
#6814=EDGE_LOOP('',(#6805,#6806,#6812,#6813));
#6815=FACE_BOUND('',#6814,.T.);
#6816=ADVANCED_FACE('',(#6815),#6804,.T.);
#6817=OVER_RIDING_STYLED_ITEM('',(#101),#6816,#54);
#6818=CARTESIAN_POINT('',(369.056788053,493.689249783,126.5));
#6819=DIRECTION('',(-0.,0.707106781,-0.707106781));
#6820=DIRECTION('',(1.,-0.,-0.));
#6821=AXIS2_PLACEMENT_3D('',#6818,#6819,#6820);
#6822=PLANE('',#6821);
#6823=ORIENTED_EDGE('',*,*,#6793,.T.);
#6824=ORIENTED_EDGE('',*,*,#2362,.F.);
#6825=CARTESIAN_POINT('',(398.156788053,492.689249783,125.5));
#6826=DIRECTION('',(0.,0.707106781,0.707106781));
#6827=VECTOR('',#6826,1.414213562);
#6828=LINE('',#6825,#6827);
#6829=EDGE_CURVE('',#705,#2348,#6828,.T.);
#6830=ORIENTED_EDGE('',*,*,#6829,.F.);
#6831=ORIENTED_EDGE('',*,*,#750,.F.);
#6832=EDGE_LOOP('',(#6823,#6824,#6830,#6831));
#6833=FACE_BOUND('',#6832,.T.);
#6834=ADVANCED_FACE('',(#6833),#6822,.T.);
#6835=OVER_RIDING_STYLED_ITEM('',(#101),#6834,#54);
#6836=CARTESIAN_POINT('',(349.706788053,456.989249783,126.5));
#6837=DIRECTION('',(0.,-0.,-1.));
#6838=DIRECTION('',(1.,0.,0.));
#6839=AXIS2_PLACEMENT_3D('',#6836,#6837,#6838);
#6840=CONICAL_SURFACE('',#6839,2.,45.);
#6841=ORIENTED_EDGE('',*,*,#6811,.T.);
#6842=ORIENTED_EDGE('',*,*,#387,.F.);
#6843=CARTESIAN_POINT('',(351.706788053,456.989249783,126.5));
#6844=DIRECTION('',(0.707106781,-0.,-0.707106781));
#6845=VECTOR('',#6844,1.414213562);
#6846=LINE('',#6843,#6845);
#6847=EDGE_CURVE('',#2467,#375,#6846,.T.);
#6848=ORIENTED_EDGE('',*,*,#6847,.F.);
#6849=ORIENTED_EDGE('',*,*,#2473,.F.);
#6850=EDGE_LOOP('',(#6841,#6842,#6848,#6849));
#6851=FACE_BOUND('',#6850,.T.);
#6852=ADVANCED_FACE('',(#6851),#6840,.F.);
#6853=OVER_RIDING_STYLED_ITEM('',(#101),#6852,#54);
#6854=CARTESIAN_POINT('',(398.156788053,485.689249783,125.5));
#6855=DIRECTION('',(0.,0.,1.));
#6856=DIRECTION('',(-1.,0.,0.));
#6857=AXIS2_PLACEMENT_3D('',#6854,#6855,#6856);
#6858=CONICAL_SURFACE('',#6857,7.,45.);
#6859=ORIENTED_EDGE('',*,*,#6829,.T.);
#6860=ORIENTED_EDGE('',*,*,#2354,.F.);
#6861=CARTESIAN_POINT('',(405.156788053,485.689249783,125.5));
#6862=DIRECTION('',(0.707106781,0.,0.707106781));
#6863=VECTOR('',#6862,1.414213562);
#6864=LINE('',#6861,#6863);
#6865=EDGE_CURVE('',#673,#2340,#6864,.T.);
#6866=ORIENTED_EDGE('',*,*,#6865,.F.);
#6867=ORIENTED_EDGE('',*,*,#717,.F.);
#6868=EDGE_LOOP('',(#6859,#6860,#6866,#6867));
#6869=FACE_BOUND('',#6868,.T.);
#6870=ADVANCED_FACE('',(#6869),#6858,.T.);
#6871=OVER_RIDING_STYLED_ITEM('',(#101),#6870,#54);
#6872=CARTESIAN_POINT('',(351.706788053,476.339249783,126.5));
#6873=DIRECTION('',(-0.707106781,-0.,-0.707106781));
#6874=DIRECTION('',(0.,1.,-0.));
#6875=AXIS2_PLACEMENT_3D('',#6872,#6873,#6874);
#6876=PLANE('',#6875);
#6877=ORIENTED_EDGE('',*,*,#6847,.T.);
#6878=ORIENTED_EDGE('',*,*,#420,.F.);
#6879=CARTESIAN_POINT('',(351.706788053,447.239249783,126.5));
#6880=DIRECTION('',(0.707106781,-0.,-0.707106781));
#6881=VECTOR('',#6880,1.414213562);
#6882=LINE('',#6879,#6881);
#6883=EDGE_CURVE('',#2476,#409,#6882,.T.);
#6884=ORIENTED_EDGE('',*,*,#6883,.F.);
#6885=ORIENTED_EDGE('',*,*,#2481,.F.);
#6886=EDGE_LOOP('',(#6877,#6878,#6884,#6885));
#6887=FACE_BOUND('',#6886,.T.);
#6888=ADVANCED_FACE('',(#6887),#6876,.T.);
#6889=OVER_RIDING_STYLED_ITEM('',(#101),#6888,#54);
#6890=CARTESIAN_POINT('',(406.156788053,476.339249783,126.5));
#6891=DIRECTION('',(0.707106781,-0.,-0.707106781));
#6892=DIRECTION('',(0.,-1.,0.));
#6893=AXIS2_PLACEMENT_3D('',#6890,#6891,#6892);
#6894=PLANE('',#6893);
#6895=ORIENTED_EDGE('',*,*,#6865,.T.);
#6896=ORIENTED_EDGE('',*,*,#2345,.F.);
#6897=CARTESIAN_POINT('',(405.156788053,466.989249783,125.5));
#6898=DIRECTION('',(0.707106781,-0.,0.707106781));
#6899=VECTOR('',#6898,1.414213562);
#6900=LINE('',#6897,#6899);
#6901=EDGE_CURVE('',#639,#2331,#6900,.T.);
#6902=ORIENTED_EDGE('',*,*,#6901,.F.);
#6903=ORIENTED_EDGE('',*,*,#684,.F.);
#6904=EDGE_LOOP('',(#6895,#6896,#6902,#6903));
#6905=FACE_BOUND('',#6904,.T.);
#6906=ADVANCED_FACE('',(#6905),#6894,.T.);
#6907=OVER_RIDING_STYLED_ITEM('',(#101),#6906,#54);
#6908=CARTESIAN_POINT('',(359.706788053,447.239249783,125.5));
#6909=DIRECTION('',(0.,0.,1.));
#6910=DIRECTION('',(-1.,0.,0.));
#6911=AXIS2_PLACEMENT_3D('',#6908,#6909,#6910);
#6912=CONICAL_SURFACE('',#6911,7.,45.);
#6913=ORIENTED_EDGE('',*,*,#6883,.T.);
#6914=ORIENTED_EDGE('',*,*,#453,.F.);
#6915=CARTESIAN_POINT('',(359.706788053,439.239249783,126.5));
#6916=DIRECTION('',(0.,0.707106781,-0.707106781));
#6917=VECTOR('',#6916,1.414213562);
#6918=LINE('',#6915,#6917);
#6919=EDGE_CURVE('',#2484,#441,#6918,.T.);
#6920=ORIENTED_EDGE('',*,*,#6919,.F.);
#6921=ORIENTED_EDGE('',*,*,#2490,.F.);
#6922=EDGE_LOOP('',(#6913,#6914,#6920,#6921));
#6923=FACE_BOUND('',#6922,.T.);
#6924=ADVANCED_FACE('',(#6923),#6912,.T.);
#6925=OVER_RIDING_STYLED_ITEM('',(#101),#6924,#54);
#6926=CARTESIAN_POINT('',(398.156788053,466.989249783,125.5));
#6927=DIRECTION('',(0.,0.,1.));
#6928=DIRECTION('',(-1.,0.,0.));
#6929=AXIS2_PLACEMENT_3D('',#6926,#6927,#6928);
#6930=CONICAL_SURFACE('',#6929,7.,45.);
#6931=ORIENTED_EDGE('',*,*,#6901,.T.);
#6932=ORIENTED_EDGE('',*,*,#2337,.F.);
#6933=CARTESIAN_POINT('',(398.156788053,459.989249783,125.5));
#6934=DIRECTION('',(0.,-0.707106781,0.707106781));
#6935=VECTOR('',#6934,1.414213562);
#6936=LINE('',#6933,#6935);
#6937=EDGE_CURVE('',#607,#2323,#6936,.T.);
#6938=ORIENTED_EDGE('',*,*,#6937,.F.);
#6939=ORIENTED_EDGE('',*,*,#651,.F.);
#6940=EDGE_LOOP('',(#6931,#6932,#6938,#6939));
#6941=FACE_BOUND('',#6940,.T.);
#6942=ADVANCED_FACE('',(#6941),#6930,.T.);
#6943=OVER_RIDING_STYLED_ITEM('',(#101),#6942,#54);
#6944=CARTESIAN_POINT('',(369.056788053,439.239249783,126.5));
#6945=DIRECTION('',(-0.,-0.707106781,-0.707106781));
#6946=DIRECTION('',(-1.,0.,0.));
#6947=AXIS2_PLACEMENT_3D('',#6944,#6945,#6946);
#6948=PLANE('',#6947);
#6949=ORIENTED_EDGE('',*,*,#6919,.T.);
#6950=ORIENTED_EDGE('',*,*,#486,.F.);
#6951=CARTESIAN_POINT('',(378.406788053,439.239249783,126.5));
#6952=DIRECTION('',(0.,0.707106781,-0.707106781));
#6953=VECTOR('',#6952,1.414213562);
#6954=LINE('',#6951,#6953);
#6955=EDGE_CURVE('',#2295,#475,#6954,.T.);
#6956=ORIENTED_EDGE('',*,*,#6955,.F.);
#6957=ORIENTED_EDGE('',*,*,#2496,.F.);
#6958=EDGE_LOOP('',(#6949,#6950,#6956,#6957));
#6959=FACE_BOUND('',#6958,.T.);
#6960=ADVANCED_FACE('',(#6959),#6948,.T.);
#6961=OVER_RIDING_STYLED_ITEM('',(#101),#6960,#54);
#6962=CARTESIAN_POINT('',(369.056788053,458.989249783,126.5));
#6963=DIRECTION('',(-0.,-0.707106781,-0.707106781));
#6964=DIRECTION('',(-1.,0.,0.));
#6965=AXIS2_PLACEMENT_3D('',#6962,#6963,#6964);
#6966=PLANE('',#6965);
#6967=ORIENTED_EDGE('',*,*,#6937,.T.);
#6968=ORIENTED_EDGE('',*,*,#2328,.F.);
#6969=CARTESIAN_POINT('',(388.406788053,459.989249783,125.5));
#6970=DIRECTION('',(-0.,-0.707106781,0.707106781));
#6971=VECTOR('',#6970,1.414213562);
#6972=LINE('',#6969,#6971);
#6973=EDGE_CURVE('',#573,#2314,#6972,.T.);
#6974=ORIENTED_EDGE('',*,*,#6973,.F.);
#6975=ORIENTED_EDGE('',*,*,#618,.F.);
#6976=EDGE_LOOP('',(#6967,#6968,#6974,#6975));
#6977=FACE_BOUND('',#6976,.T.);
#6978=ADVANCED_FACE('',(#6977),#6966,.T.);
#6979=OVER_RIDING_STYLED_ITEM('',(#101),#6978,#54);
#6980=CARTESIAN_POINT('',(378.406788053,447.239249783,125.5));
#6981=DIRECTION('',(0.,0.,1.));
#6982=DIRECTION('',(-1.,0.,0.));
#6983=AXIS2_PLACEMENT_3D('',#6980,#6981,#6982);
#6984=CONICAL_SURFACE('',#6983,7.,45.);
#6985=ORIENTED_EDGE('',*,*,#6955,.T.);
#6986=ORIENTED_EDGE('',*,*,#519,.F.);
#6987=CARTESIAN_POINT('',(386.406788053,447.239249783,126.5));
#6988=DIRECTION('',(-0.707106781,-0.,-0.707106781));
#6989=VECTOR('',#6988,1.414213562);
#6990=LINE('',#6987,#6989);
#6991=EDGE_CURVE('',#2297,#507,#6990,.T.);
#6992=ORIENTED_EDGE('',*,*,#6991,.F.);
#6993=ORIENTED_EDGE('',*,*,#2303,.F.);
#6994=EDGE_LOOP('',(#6985,#6986,#6992,#6993));
#6995=FACE_BOUND('',#6994,.T.);
#6996=ADVANCED_FACE('',(#6995),#6984,.T.);
#6997=OVER_RIDING_STYLED_ITEM('',(#101),#6996,#54);
#6998=CARTESIAN_POINT('',(388.406788053,456.989249783,126.5));
#6999=DIRECTION('',(0.,-0.,-1.));
#7000=DIRECTION('',(1.,0.,0.));
#7001=AXIS2_PLACEMENT_3D('',#6998,#6999,#7000);
#7002=CONICAL_SURFACE('',#7001,2.,45.);
#7003=ORIENTED_EDGE('',*,*,#6973,.T.);
#7004=ORIENTED_EDGE('',*,*,#2320,.F.);
#7005=CARTESIAN_POINT('',(385.406788053,456.989249783,125.5));
#7006=DIRECTION('',(0.707106781,0.,0.707106781));
#7007=VECTOR('',#7006,1.414213562);
#7008=LINE('',#7005,#7007);
#7009=EDGE_CURVE('',#541,#2306,#7008,.T.);
#7010=ORIENTED_EDGE('',*,*,#7009,.F.);
#7011=ORIENTED_EDGE('',*,*,#585,.F.);
#7012=EDGE_LOOP('',(#7003,#7004,#7010,#7011));
#7013=FACE_BOUND('',#7012,.T.);
#7014=ADVANCED_FACE('',(#7013),#7002,.F.);
#7015=OVER_RIDING_STYLED_ITEM('',(#101),#7014,#54);
#7016=CARTESIAN_POINT('',(386.406788053,476.339249783,126.5));
#7017=DIRECTION('',(0.707106781,-0.,-0.707106781));
#7018=DIRECTION('',(0.,-1.,0.));
#7019=AXIS2_PLACEMENT_3D('',#7016,#7017,#7018);
#7020=PLANE('',#7019);
#7021=ORIENTED_EDGE('',*,*,#6991,.T.);
#7022=ORIENTED_EDGE('',*,*,#552,.F.);
#7023=ORIENTED_EDGE('',*,*,#7009,.T.);
#7024=ORIENTED_EDGE('',*,*,#2311,.F.);
#7025=EDGE_LOOP('',(#7021,#7022,#7023,#7024));
#7026=FACE_BOUND('',#7025,.T.);
#7027=ADVANCED_FACE('',(#7026),#7020,.T.);
#7028=OVER_RIDING_STYLED_ITEM('',(#101),#7027,#54);
#7029=CARTESIAN_POINT('',(427.902087515,476.339249783,136.6));
#7030=DIRECTION('',(-0.,-0.,-1.));
#7031=DIRECTION('',(1.,-0.,-0.));
#7032=AXIS2_PLACEMENT_3D('',#7029,#7030,#7031);
#7033=CYLINDRICAL_SURFACE('',#7032,1.);
#7034=ORIENTED_EDGE('',*,*,#3988,.F.);
#7035=ORIENTED_EDGE('',*,*,#3966,.T.);
#7036=ORIENTED_EDGE('',*,*,#3339,.F.);
#7037=ORIENTED_EDGE('',*,*,#3115,.F.);
#7038=EDGE_LOOP('',(#7034,#7035,#7036,#7037));
#7039=FACE_BOUND('',#7038,.T.);
#7040=ADVANCED_FACE('',(#7039),#7033,.T.);
#7041=CARTESIAN_POINT('',(310.211488591,476.339249783,132.014213562));
#7042=DIRECTION('',(0.,0.,1.));
#7043=DIRECTION('',(-1.,0.,0.));
#7044=AXIS2_PLACEMENT_3D('',#7041,#7042,#7043);
#7045=SPHERICAL_SURFACE('',#7044,1.);
#7046=ORIENTED_EDGE('',*,*,#4230,.F.);
#7047=ORIENTED_EDGE('',*,*,#4205,.T.);
#7048=ORIENTED_EDGE('',*,*,#3664,.F.);
#7049=ORIENTED_EDGE('',*,*,#4255,.F.);
#7050=EDGE_LOOP('',(#7046,#7047,#7048,#7049));
#7051=FACE_BOUND('',#7050,.T.);
#7052=ADVANCED_FACE('',(#7051),#7045,.T.);
#7053=CARTESIAN_POINT('',(315.424053422,476.339249783,127.5));
#7054=DIRECTION('',(0.,0.,1.));
#7055=DIRECTION('',(-1.,0.,0.));
#7056=AXIS2_PLACEMENT_3D('',#7053,#7054,#7055);
#7057=SPHERICAL_SURFACE('',#7056,1.);
#7058=ORIENTED_EDGE('',*,*,#4288,.F.);
#7059=ORIENTED_EDGE('',*,*,#4265,.T.);
#7060=ORIENTED_EDGE('',*,*,#3784,.F.);
#7061=EDGE_LOOP('',(#7058,#7059,#7060));
#7062=FACE_BOUND('',#7061,.T.);
#7063=ADVANCED_FACE('',(#7062),#7057,.T.);
#7064=CLOSED_SHELL('',(#94,#135,#167,#201,#233,#267,#299,#333,#365,#399,#431,#465,#497,#531,#563,#597,#629,#663,#695,#729,#761,#795,#827,#852,#895,#927,
#961,#993,#1027,#1059,#1093,#1125,#1159,#1191,#1225,#1257,#1291,#1323,#1357,#1389,#1423,#1455,#1489,#1521,#1555,#1587,#1621,#1644,#2063,#2096,#2128,
#2160,#2192,#2224,#2256,#2288,#2550,#2582,#2914,#2949,#2984,#3202,#3233,#3264,#3295,#3326,#3357,#3388,#3428,#3468,#3508,#3548,#3588,#3628,#3652,#3676,
#3700,#3724,#3748,#3772,#3796,#3820,#3844,#3868,#3892,#3916,#3933,#3951,#3978,#3995,#4013,#4031,#4049,#4060,#4078,#4096,#4114,#4125,#4143,#4161,#4179,
#4190,#4217,#4243,#4277,#4294,#4312,#4330,#4348,#4359,#4384,#4409,#4438,#4465,#4494,#4523,#4550,#4579,#4608,#4635,#4664,#4693,#4720,#4749,#4767,#4785,
#4803,#4821,#4833,#4845,#4857,#4869,#4881,#4893,#4905,#4917,#4935,#4953,#4965,#4982,#4999,#5016,#5028,#5045,#5057,#5069,#5081,#5098,#5115,#5132,#5144,
#5161,#5173,#5185,#5236,#5287,#5313,#5342,#5368,#5397,#5415,#5433,#5452,#5470,#5489,#5507,#5540,#5549,#5582,#5591,#5624,#5633,#5650,#5667,#5684,#5708,
#5727,#5746,#5765,#5784,#5803,#5822,#5841,#5860,#5879,#5898,#5917,#5936,#5955,#5974,#5993,#6012,#6031,#6050,#6069,#6088,#6107,#6126,#6139,#6164,#6183,
#6202,#6221,#6240,#6259,#6278,#6297,#6316,#6335,#6354,#6373,#6392,#6411,#6430,#6449,#6468,#6487,#6506,#6525,#6544,#6563,#6582,#6595,#6618,#6636,#6654,
#6672,#6690,#6708,#6726,#6744,#6762,#6780,#6798,#6816,#6834,#6852,#6870,#6888,#6906,#6924,#6942,#6960,#6978,#6996,#7014,#7027,#7040,#7052,#7063));
#7065=MANIFOLD_SOLID_BREP('K\S\vrper 55 (1)',#7064);
#7066=COLOUR_RGB('',0.494117647,0.494117647,0.525490224);
#7067=FILL_AREA_STYLE_COLOUR('',#7066);
#7068=FILL_AREA_STYLE('',(#7067));
#7069=SURFACE_STYLE_FILL_AREA(#7068);
#7070=SURFACE_SIDE_STYLE('',(#7069));
#7071=SURFACE_STYLE_USAGE(.BOTH.,#7070);
#7072=PRESENTATION_STYLE_ASSIGNMENT((#7071));
#54=STYLED_ITEM('',(#7072),#7065);
#35=SHAPE_REPRESENTATION('Platform (Kreuz, steckbar)',(#15),#33);
#36=ADVANCED_BREP_SHAPE_REPRESENTATION('Platform (Kreuz, steckbar)',(#7065),#33);
#7080=SHAPE_REPRESENTATION_RELATIONSHIP('','',#35,#36);
#7081=CARTESIAN_POINT('',(0.,0.,0.));
#7082=DIRECTION('',(0.,0.,1.));
#7083=DIRECTION('',(1.,0.,0.));
#7084=AXIS2_PLACEMENT_3D('',#7081,#7082,#7083);
#7086=MAPPED_ITEM('',#7085,#7084);
#7085=REPRESENTATION_MAP(#7084,#35);
#7087=APPLICATION_CONTEXT('Managed model based 3d engineering');
#7088=APPLICATION_PROTOCOL_DEFINITION('international standard','ap242_managed_model_based_3d_engineering',2014,#7087);
#7089=PRODUCT_CONTEXT('',#7087,'mechanical');
#7090=PRODUCT_DEFINITION_CONTEXT('part definition',#7087,'design');
#43=PRODUCT('Platform (Kreuz, steckbar)','Platform (Kreuz, steckbar)','',(#7089));
#7091=PRODUCT_RELATED_PRODUCT_CATEGORY('part','',(#43));
#7092=PRODUCT_DEFINITION_FORMATION_WITH_SPECIFIED_SOURCE('','',#43,.NOT_KNOWN.);
#44=PRODUCT_DEFINITION('design','',#7092,#7090);
#42=PRODUCT_DEFINITION_SHAPE('','',#44);
#7093=SHAPE_DEFINITION_REPRESENTATION(#42,#35);
#34=DRAUGHTING_MODEL('',(#7086),#33);
#16=SHAPE_REPRESENTATION('root',(#15,#48),#10);
#7094=CARTESIAN_POINT('',(0.,0.,0.));
#7095=DIRECTION('',(0.,0.,1.));
#7096=DIRECTION('',(1.,0.,0.));
#7097=AXIS2_PLACEMENT_3D('',#7094,#7095,#7096);
#7099=MAPPED_ITEM('',#7098,#7097);
#7098=REPRESENTATION_MAP(#7097,#16);
#24=PRODUCT('root','root','',(#7089));
#7100=PRODUCT_RELATED_PRODUCT_CATEGORY('part','',(#24));
#7101=PRODUCT_DEFINITION_FORMATION_WITH_SPECIFIED_SOURCE('','',#24,.NOT_KNOWN.);
#25=PRODUCT_DEFINITION('design','',#7101,#7090);
#23=PRODUCT_DEFINITION_SHAPE('','',#25);
#7102=SHAPE_DEFINITION_REPRESENTATION(#23,#16);
#11=DRAUGHTING_MODEL('',(#7099),#10);
#7103=DESCRIPTIVE_REPRESENTATION_ITEM('KEY','C:\\Users\\Ruben\\AppData\\Local\\Packages\\Shapr3D.Shapr3D_dvv5p1vgwv6mp\\TempState\\1a67fb30-d68a-4f57-bc30-df3686b327d5.tmp');
#7104=PROPERTY_DEFINITION('KEY','',#25);
#7105=REPRESENTATION('',(#7103),#10);
#7106=PROPERTY_DEFINITION_REPRESENTATION(#7104,#7105);
#7107=GENERAL_PROPERTY('','KEY','');
#7108=GENERAL_PROPERTY_ASSOCIATION('','',#7107,#7104);
#1=MECHANICAL_DESIGN_GEOMETRIC_PRESENTATION_REPRESENTATION('',(#102,#136,#168,#202,#234,#268,#300,#334,#366,#400,#432,#466,#498,#532,#564,#598,#630,#664,#696,#730,#762,#796,#828,#853,#896,#928,
#962,#994,#1028,#1060,#1094,#1126,#1160,#1192,#1226,#1258,#1292,#1324,#1358,#1390,#1424,#1456,#1490,#1522,#1556,#1588,#1622,#1645,#2064,#5709,#5728,
#5747,#5766,#5785,#5804,#5823,#5842,#5861,#5880,#5899,#5918,#5937,#5956,#5975,#5994,#6013,#6032,#6051,#6070,#6089,#6108,#6127,#6140,#6165,#6184,#6203,
#6222,#6241,#6260,#6279,#6298,#6317,#6336,#6355,#6374,#6393,#6412,#6431,#6450,#6469,#6488,#6507,#6526,#6545,#6564,#6583,#6596,#6619,#6637,#6655,#6673,
#6691,#6709,#6727,#6745,#6763,#6781,#6799,#6817,#6835,#6853,#6871,#6889,#6907,#6925,#6943,#6961,#6979,#6997,#7015,#7028,#54),#10);
ENDSEC;
END-ISO-10303-21;
