ISO-10303-21;
HEADER;

/* File generated by Shapr3D Version 5.1015.10234.0 */

FILE_DESCRIPTION(('HOOPS Exchange Step'),'2;1');

FILE_NAME('C:\\Users\\Ruben\\AppData\\Local\\Packages\\Shapr3D.Shapr3D_dvv5p1vgwv6mp\\TempState\\export\\temp_export',
'2026-01-18T16:35:45+01:00',
('Ruben'),
('Shapr3D Limited'),
'HOOPS Exchange 2025.7',
'Shapr3D',
'Authorized');

FILE_SCHEMA( ('AP242_MANAGED_MODEL_BASED_3D_ENGINEERING_MIM_LF {1 0 10303 442 1 1 4}') );

ENDSEC;

DATA;
#3=(NAMED_UNIT(*)PLANE_ANGLE_UNIT()SI_UNIT($,.RADIAN.));
#4=PLANE_ANGLE_MEASURE_WITH_UNIT(PLANE_ANGLE_MEASURE(0.0174532925),#3);
#5=(CONVERSION_BASED_UNIT('DEGREE',#4)NAMED_UNIT(#6)PLANE_ANGLE_UNIT());
#6=DIMENSIONAL_EXPONENTS(0.,0.,0.,0.,0.,0.,0.);
#7=(NAMED_UNIT(*)SI_UNIT($,.STERADIAN.)SOLID_ANGLE_UNIT());
#8=(LENGTH_UNIT()NAMED_UNIT(*)SI_UNIT(.MILLI.,.METRE.));
#9=UNCERTAINTY_MEASURE_WITH_UNIT(LENGTH_MEASURE(1.000000E-05),#8,'DISTANCE_ACCURACY_VALUE','Maximum Tolerance applied to model');
#10=(GEOMETRIC_REPRESENTATION_CONTEXT(3)GLOBAL_UNCERTAINTY_ASSIGNED_CONTEXT((#9))GLOBAL_UNIT_ASSIGNED_CONTEXT((#8,#5,#7))REPRESENTATION_CONTEXT('','root'));
#12=CARTESIAN_POINT('',(0.,0.,0.));
#13=DIRECTION('',(0.,0.,1.));
#14=DIRECTION('',(1.,0.,0.));
#15=AXIS2_PLACEMENT_3D('',#12,#13,#14);
#27=CARTESIAN_POINT('',(181.988917882,191.182143495,178.));
#28=DIRECTION('',(-0.,-1.,0.));
#29=DIRECTION('',(0.,0.,1.));
#30=AXIS2_PLACEMENT_3D('',#27,#28,#29);
#31=PLANE('',#30);
#32=CARTESIAN_POINT('',(185.038917882,191.182143495,176.5));
#33=VERTEX_POINT('',#32);
#34=CARTESIAN_POINT('',(185.038917882,191.182143495,171.));
#35=VERTEX_POINT('',#34);
#36=CARTESIAN_POINT('',(185.038917882,191.182143495,176.5));
#37=DIRECTION('',(0.,0.,-1.));
#38=VECTOR('',#37,5.5);
#39=LINE('',#36,#38);
#40=EDGE_CURVE('',#33,#35,#39,.T.);
#41=ORIENTED_EDGE('',*,*,#40,.F.);
#42=CARTESIAN_POINT('',(184.538917882,191.182143495,177.));
#43=VERTEX_POINT('',#42);
#44=CARTESIAN_POINT('',(184.538917882,191.182143495,176.5));
#45=DIRECTION('',(-0.,-1.,0.));
#46=DIRECTION('',(0.,0.,1.));
#47=AXIS2_PLACEMENT_3D('',#44,#45,#46);
#48=CIRCLE('',#47,0.5);
#49=EDGE_CURVE('',#33,#43,#48,.T.);
#50=ORIENTED_EDGE('',*,*,#49,.T.);
#51=CARTESIAN_POINT('',(178.138917882,191.182143495,177.));
#52=VERTEX_POINT('',#51);
#53=CARTESIAN_POINT('',(184.538917882,191.182143495,177.));
#54=DIRECTION('',(-1.,0.,0.));
#55=VECTOR('',#54,6.4);
#56=LINE('',#53,#55);
#57=EDGE_CURVE('',#43,#52,#56,.T.);
#58=ORIENTED_EDGE('',*,*,#57,.T.);
#59=CARTESIAN_POINT('',(178.138917882,191.182143495,171.));
#60=VERTEX_POINT('',#59);
#61=CARTESIAN_POINT('',(178.138917882,191.182143495,177.));
#62=DIRECTION('',(0.,0.,-1.));
#63=VECTOR('',#62,6.);
#64=LINE('',#61,#63);
#65=EDGE_CURVE('',#52,#60,#64,.T.);
#66=ORIENTED_EDGE('',*,*,#65,.T.);
#67=CARTESIAN_POINT('',(185.038917882,191.182143495,171.));
#68=DIRECTION('',(-1.,0.,0.));
#69=VECTOR('',#68,6.9);
#70=LINE('',#67,#69);
#71=EDGE_CURVE('',#35,#60,#70,.T.);
#72=ORIENTED_EDGE('',*,*,#71,.F.);
#73=EDGE_LOOP('',(#41,#50,#58,#66,#72));
#74=FACE_BOUND('',#73,.T.);
#75=ADVANCED_FACE('',(#74),#31,.T.);
#76=CARTESIAN_POINT('',(185.038917882,192.993243495,178.));
#77=DIRECTION('',(-1.,0.,0.));
#78=DIRECTION('',(0.,0.,-1.));
#79=AXIS2_PLACEMENT_3D('',#76,#77,#78);
#80=PLANE('',#79);
#81=CARTESIAN_POINT('',(185.038917882,197.982143495,176.5));
#82=VERTEX_POINT('',#81);
#83=CARTESIAN_POINT('',(185.038917882,197.982143495,171.));
#84=VERTEX_POINT('',#83);
#85=CARTESIAN_POINT('',(185.038917882,197.982143495,176.5));
#86=DIRECTION('',(0.,0.,-1.));
#87=VECTOR('',#86,5.5);
#88=LINE('',#85,#87);
#89=EDGE_CURVE('',#82,#84,#88,.T.);
#90=ORIENTED_EDGE('',*,*,#89,.F.);
#91=CARTESIAN_POINT('',(185.038917882,197.982143495,176.5));
#92=DIRECTION('',(-0.,-1.,0.));
#93=VECTOR('',#92,6.8);
#94=LINE('',#91,#93);
#95=EDGE_CURVE('',#82,#33,#94,.T.);
#96=ORIENTED_EDGE('',*,*,#95,.T.);
#97=ORIENTED_EDGE('',*,*,#40,.T.);
#98=CARTESIAN_POINT('',(185.038917882,191.182143495,171.));
#99=DIRECTION('',(0.,1.,0.));
#100=VECTOR('',#99,6.8);
#101=LINE('',#98,#100);
#102=EDGE_CURVE('',#35,#84,#101,.T.);
#103=ORIENTED_EDGE('',*,*,#102,.T.);
#104=EDGE_LOOP('',(#90,#96,#97,#103));
#105=FACE_BOUND('',#104,.T.);
#106=ADVANCED_FACE('',(#105),#80,.F.);
#107=CARTESIAN_POINT('',(181.988917882,197.982143495,178.));
#108=DIRECTION('',(0.,1.,0.));
#109=DIRECTION('',(0.,0.,-1.));
#110=AXIS2_PLACEMENT_3D('',#107,#108,#109);
#111=PLANE('',#110);
#112=CARTESIAN_POINT('',(178.138917882,197.982143495,177.));
#113=VERTEX_POINT('',#112);
#114=CARTESIAN_POINT('',(184.538917882,197.982143495,177.));
#115=VERTEX_POINT('',#114);
#116=CARTESIAN_POINT('',(178.138917882,197.982143495,177.));
#117=DIRECTION('',(1.,-0.,0.));
#118=VECTOR('',#117,6.4);
#119=LINE('',#116,#118);
#120=EDGE_CURVE('',#113,#115,#119,.T.);
#121=ORIENTED_EDGE('',*,*,#120,.T.);
#122=CARTESIAN_POINT('',(184.538917882,197.982143495,176.5));
#123=DIRECTION('',(0.,1.,0.));
#124=DIRECTION('',(0.,0.,-1.));
#125=AXIS2_PLACEMENT_3D('',#122,#123,#124);
#126=CIRCLE('',#125,0.5);
#127=EDGE_CURVE('',#115,#82,#126,.T.);
#128=ORIENTED_EDGE('',*,*,#127,.T.);
#129=ORIENTED_EDGE('',*,*,#89,.T.);
#130=CARTESIAN_POINT('',(178.138917882,197.982143495,171.));
#131=VERTEX_POINT('',#130);
#132=CARTESIAN_POINT('',(178.138917882,197.982143495,171.));
#133=DIRECTION('',(1.,-0.,0.));
#134=VECTOR('',#133,6.9);
#135=LINE('',#132,#134);
#136=EDGE_CURVE('',#131,#84,#135,.T.);
#137=ORIENTED_EDGE('',*,*,#136,.F.);
#138=CARTESIAN_POINT('',(178.138917882,197.982143495,177.));
#139=DIRECTION('',(0.,0.,-1.));
#140=VECTOR('',#139,6.);
#141=LINE('',#138,#140);
#142=EDGE_CURVE('',#113,#131,#141,.T.);
#143=ORIENTED_EDGE('',*,*,#142,.F.);
#144=EDGE_LOOP('',(#121,#128,#129,#137,#143));
#145=FACE_BOUND('',#144,.T.);
#146=ADVANCED_FACE('',(#145),#111,.T.);
#147=CARTESIAN_POINT('',(178.138917882,194.582143495,178.));
#148=DIRECTION('',(-1.,0.,0.));
#149=DIRECTION('',(0.,0.,-1.));
#150=AXIS2_PLACEMENT_3D('',#147,#148,#149);
#151=PLANE('',#150);
#152=CARTESIAN_POINT('',(178.138917882,191.182143495,171.));
#153=DIRECTION('',(0.,1.,0.));
#154=VECTOR('',#153,6.8);
#155=LINE('',#152,#154);
#156=EDGE_CURVE('',#60,#131,#155,.T.);
#157=ORIENTED_EDGE('',*,*,#156,.F.);
#158=ORIENTED_EDGE('',*,*,#65,.F.);
#159=CARTESIAN_POINT('',(178.138917882,191.182143495,177.));
#160=DIRECTION('',(0.,1.,0.));
#161=VECTOR('',#160,6.8);
#162=LINE('',#159,#161);
#163=EDGE_CURVE('',#52,#113,#162,.T.);
#164=ORIENTED_EDGE('',*,*,#163,.T.);
#165=ORIENTED_EDGE('',*,*,#142,.T.);
#166=EDGE_LOOP('',(#157,#158,#164,#165));
#167=FACE_BOUND('',#166,.T.);
#168=ADVANCED_FACE('',(#167),#151,.T.);
#169=CARTESIAN_POINT('',(455.681814913,797.725240419,177.));
#170=DIRECTION('',(0.,0.,1.));
#171=DIRECTION('',(-1.,0.,0.));
#172=AXIS2_PLACEMENT_3D('',#169,#170,#171);
#173=PLANE('',#172);
#174=ORIENTED_EDGE('',*,*,#57,.F.);
#175=CARTESIAN_POINT('',(184.538917882,191.182143495,177.));
#176=DIRECTION('',(0.,1.,-0.));
#177=VECTOR('',#176,6.8);
#178=LINE('',#175,#177);
#179=EDGE_CURVE('',#43,#115,#178,.T.);
#180=ORIENTED_EDGE('',*,*,#179,.T.);
#181=ORIENTED_EDGE('',*,*,#120,.F.);
#182=ORIENTED_EDGE('',*,*,#163,.F.);
#183=EDGE_LOOP('',(#174,#180,#181,#182));
#184=FACE_BOUND('',#183,.T.);
#185=ADVANCED_FACE('',(#184),#173,.T.);
#186=CARTESIAN_POINT('',(455.681814913,797.725240419,171.));
#187=DIRECTION('',(0.,0.,1.));
#188=DIRECTION('',(-1.,0.,0.));
#189=AXIS2_PLACEMENT_3D('',#186,#187,#188);
#190=PLANE('',#189);
#191=ORIENTED_EDGE('',*,*,#71,.T.);
#192=ORIENTED_EDGE('',*,*,#156,.T.);
#193=ORIENTED_EDGE('',*,*,#136,.T.);
#194=ORIENTED_EDGE('',*,*,#102,.F.);
#195=EDGE_LOOP('',(#191,#192,#193,#194));
#196=FACE_BOUND('',#195,.T.);
#197=ADVANCED_FACE('',(#196),#190,.F.);
#198=CARTESIAN_POINT('',(184.538917882,192.993243495,176.5));
#199=DIRECTION('',(0.,1.,0.));
#200=DIRECTION('',(0.,0.,-1.));
#201=AXIS2_PLACEMENT_3D('',#198,#199,#200);
#202=CYLINDRICAL_SURFACE('',#201,0.5);
#203=ORIENTED_EDGE('',*,*,#49,.F.);
#204=ORIENTED_EDGE('',*,*,#95,.F.);
#205=ORIENTED_EDGE('',*,*,#127,.F.);
#206=ORIENTED_EDGE('',*,*,#179,.F.);
#207=EDGE_LOOP('',(#203,#204,#205,#206));
#208=FACE_BOUND('',#207,.T.);
#209=ADVANCED_FACE('',(#208),#202,.T.);
#210=CLOSED_SHELL('',(#75,#106,#146,#168,#185,#197,#209));
#211=MANIFOLD_SOLID_BREP('Body 09',#210);
#212=COLOUR_RGB('',0.627451003,0.627451003,0.643137276);
#213=FILL_AREA_STYLE_COLOUR('',#212);
#214=FILL_AREA_STYLE('',(#213));
#215=SURFACE_STYLE_FILL_AREA(#214);
#216=SURFACE_SIDE_STYLE('',(#215));
#217=SURFACE_STYLE_USAGE(.BOTH.,#216);
#218=PRESENTATION_STYLE_ASSIGNMENT((#217));
#26=STYLED_ITEM('',(#218),#211);
#220=CARTESIAN_POINT('',(218.779163291,191.174573684,178.));
#221=DIRECTION('',(-0.,-1.,0.));
#222=DIRECTION('',(0.,0.,1.));
#223=AXIS2_PLACEMENT_3D('',#220,#221,#222);
#224=PLANE('',#223);
#225=CARTESIAN_POINT('',(222.629163291,191.174573684,177.));
#226=VERTEX_POINT('',#225);
#227=CARTESIAN_POINT('',(216.229163291,191.174573684,177.));
#228=VERTEX_POINT('',#227);
#229=CARTESIAN_POINT('',(222.629163291,191.174573684,177.));
#230=DIRECTION('',(-1.,0.,0.));
#231=VECTOR('',#230,6.4);
#232=LINE('',#229,#231);
#233=EDGE_CURVE('',#226,#228,#232,.T.);
#234=ORIENTED_EDGE('',*,*,#233,.T.);
#235=CARTESIAN_POINT('',(215.729163291,191.174573684,176.5));
#236=VERTEX_POINT('',#235);
#237=CARTESIAN_POINT('',(216.229163291,191.174573684,176.5));
#238=DIRECTION('',(-0.,-1.,0.));
#239=DIRECTION('',(0.,0.,1.));
#240=AXIS2_PLACEMENT_3D('',#237,#238,#239);
#241=CIRCLE('',#240,0.5);
#242=EDGE_CURVE('',#228,#236,#241,.T.);
#243=ORIENTED_EDGE('',*,*,#242,.T.);
#244=CARTESIAN_POINT('',(215.729163291,191.174573684,171.));
#245=VERTEX_POINT('',#244);
#246=CARTESIAN_POINT('',(215.729163291,191.174573684,176.5));
#247=DIRECTION('',(0.,0.,-1.));
#248=VECTOR('',#247,5.5);
#249=LINE('',#246,#248);
#250=EDGE_CURVE('',#236,#245,#249,.T.);
#251=ORIENTED_EDGE('',*,*,#250,.T.);
#252=CARTESIAN_POINT('',(222.629163291,191.174573684,171.));
#253=VERTEX_POINT('',#252);
#254=CARTESIAN_POINT('',(222.629163291,191.174573684,171.));
#255=DIRECTION('',(-1.,0.,0.));
#256=VECTOR('',#255,6.9);
#257=LINE('',#254,#256);
#258=EDGE_CURVE('',#253,#245,#257,.T.);
#259=ORIENTED_EDGE('',*,*,#258,.F.);
#260=CARTESIAN_POINT('',(222.629163291,191.174573684,177.));
#261=DIRECTION('',(0.,0.,-1.));
#262=VECTOR('',#261,6.);
#263=LINE('',#260,#262);
#264=EDGE_CURVE('',#226,#253,#263,.T.);
#265=ORIENTED_EDGE('',*,*,#264,.F.);
#266=EDGE_LOOP('',(#234,#243,#251,#259,#265));
#267=FACE_BOUND('',#266,.T.);
#268=ADVANCED_FACE('',(#267),#224,.T.);
#269=CARTESIAN_POINT('',(222.629163291,194.574573684,178.));
#270=DIRECTION('',(1.,-0.,0.));
#271=DIRECTION('',(0.,0.,1.));
#272=AXIS2_PLACEMENT_3D('',#269,#270,#271);
#273=PLANE('',#272);
#274=CARTESIAN_POINT('',(222.629163291,197.974573684,171.));
#275=VERTEX_POINT('',#274);
#276=CARTESIAN_POINT('',(222.629163291,197.974573684,171.));
#277=DIRECTION('',(-0.,-1.,0.));
#278=VECTOR('',#277,6.8);
#279=LINE('',#276,#278);
#280=EDGE_CURVE('',#275,#253,#279,.T.);
#281=ORIENTED_EDGE('',*,*,#280,.F.);
#282=CARTESIAN_POINT('',(222.629163291,197.974573684,177.));
#283=VERTEX_POINT('',#282);
#284=CARTESIAN_POINT('',(222.629163291,197.974573684,177.));
#285=DIRECTION('',(0.,0.,-1.));
#286=VECTOR('',#285,6.);
#287=LINE('',#284,#286);
#288=EDGE_CURVE('',#283,#275,#287,.T.);
#289=ORIENTED_EDGE('',*,*,#288,.F.);
#290=CARTESIAN_POINT('',(222.629163291,197.974573684,177.));
#291=DIRECTION('',(-0.,-1.,0.));
#292=VECTOR('',#291,6.8);
#293=LINE('',#290,#292);
#294=EDGE_CURVE('',#283,#226,#293,.T.);
#295=ORIENTED_EDGE('',*,*,#294,.T.);
#296=ORIENTED_EDGE('',*,*,#264,.T.);
#297=EDGE_LOOP('',(#281,#289,#295,#296));
#298=FACE_BOUND('',#297,.T.);
#299=ADVANCED_FACE('',(#298),#273,.T.);
#300=CARTESIAN_POINT('',(218.779163291,197.974573684,178.));
#301=DIRECTION('',(0.,1.,0.));
#302=DIRECTION('',(0.,0.,-1.));
#303=AXIS2_PLACEMENT_3D('',#300,#301,#302);
#304=PLANE('',#303);
#305=CARTESIAN_POINT('',(215.729163291,197.974573684,176.5));
#306=VERTEX_POINT('',#305);
#307=CARTESIAN_POINT('',(215.729163291,197.974573684,171.));
#308=VERTEX_POINT('',#307);
#309=CARTESIAN_POINT('',(215.729163291,197.974573684,176.5));
#310=DIRECTION('',(0.,0.,-1.));
#311=VECTOR('',#310,5.5);
#312=LINE('',#309,#311);
#313=EDGE_CURVE('',#306,#308,#312,.T.);
#314=ORIENTED_EDGE('',*,*,#313,.F.);
#315=CARTESIAN_POINT('',(216.229163291,197.974573684,177.));
#316=VERTEX_POINT('',#315);
#317=CARTESIAN_POINT('',(216.229163291,197.974573684,176.5));
#318=DIRECTION('',(0.,1.,0.));
#319=DIRECTION('',(0.,0.,-1.));
#320=AXIS2_PLACEMENT_3D('',#317,#318,#319);
#321=CIRCLE('',#320,0.5);
#322=EDGE_CURVE('',#306,#316,#321,.T.);
#323=ORIENTED_EDGE('',*,*,#322,.T.);
#324=CARTESIAN_POINT('',(216.229163291,197.974573684,177.));
#325=DIRECTION('',(1.,-0.,0.));
#326=VECTOR('',#325,6.4);
#327=LINE('',#324,#326);
#328=EDGE_CURVE('',#316,#283,#327,.T.);
#329=ORIENTED_EDGE('',*,*,#328,.T.);
#330=ORIENTED_EDGE('',*,*,#288,.T.);
#331=CARTESIAN_POINT('',(215.729163291,197.974573684,171.));
#332=DIRECTION('',(1.,-0.,0.));
#333=VECTOR('',#332,6.9);
#334=LINE('',#331,#333);
#335=EDGE_CURVE('',#308,#275,#334,.T.);
#336=ORIENTED_EDGE('',*,*,#335,.F.);
#337=EDGE_LOOP('',(#314,#323,#329,#330,#336));
#338=FACE_BOUND('',#337,.T.);
#339=ADVANCED_FACE('',(#338),#304,.T.);
#340=CARTESIAN_POINT('',(215.729163291,192.985673684,178.));
#341=DIRECTION('',(1.,-0.,0.));
#342=DIRECTION('',(0.,0.,1.));
#343=AXIS2_PLACEMENT_3D('',#340,#341,#342);
#344=PLANE('',#343);
#345=ORIENTED_EDGE('',*,*,#250,.F.);
#346=CARTESIAN_POINT('',(215.729163291,191.174573684,176.5));
#347=DIRECTION('',(0.,1.,-0.));
#348=VECTOR('',#347,6.8);
#349=LINE('',#346,#348);
#350=EDGE_CURVE('',#236,#306,#349,.T.);
#351=ORIENTED_EDGE('',*,*,#350,.T.);
#352=ORIENTED_EDGE('',*,*,#313,.T.);
#353=CARTESIAN_POINT('',(215.729163291,197.974573684,171.));
#354=DIRECTION('',(-0.,-1.,0.));
#355=VECTOR('',#354,6.8);
#356=LINE('',#353,#355);
#357=EDGE_CURVE('',#308,#245,#356,.T.);
#358=ORIENTED_EDGE('',*,*,#357,.T.);
#359=EDGE_LOOP('',(#345,#351,#352,#358));
#360=FACE_BOUND('',#359,.T.);
#361=ADVANCED_FACE('',(#360),#344,.F.);
#362=CARTESIAN_POINT('',(455.772060322,797.717670607,177.));
#363=DIRECTION('',(0.,0.,1.));
#364=DIRECTION('',(-1.,0.,0.));
#365=AXIS2_PLACEMENT_3D('',#362,#363,#364);
#366=PLANE('',#365);
#367=ORIENTED_EDGE('',*,*,#328,.F.);
#368=CARTESIAN_POINT('',(216.229163291,197.974573684,177.));
#369=DIRECTION('',(-0.,-1.,0.));
#370=VECTOR('',#369,6.8);
#371=LINE('',#368,#370);
#372=EDGE_CURVE('',#316,#228,#371,.T.);
#373=ORIENTED_EDGE('',*,*,#372,.T.);
#374=ORIENTED_EDGE('',*,*,#233,.F.);
#375=ORIENTED_EDGE('',*,*,#294,.F.);
#376=EDGE_LOOP('',(#367,#373,#374,#375));
#377=FACE_BOUND('',#376,.T.);
#378=ADVANCED_FACE('',(#377),#366,.T.);
#379=CARTESIAN_POINT('',(455.772060322,797.717670607,171.));
#380=DIRECTION('',(0.,0.,1.));
#381=DIRECTION('',(-1.,0.,0.));
#382=AXIS2_PLACEMENT_3D('',#379,#380,#381);
#383=PLANE('',#382);
#384=ORIENTED_EDGE('',*,*,#258,.T.);
#385=ORIENTED_EDGE('',*,*,#357,.F.);
#386=ORIENTED_EDGE('',*,*,#335,.T.);
#387=ORIENTED_EDGE('',*,*,#280,.T.);
#388=EDGE_LOOP('',(#384,#385,#386,#387));
#389=FACE_BOUND('',#388,.T.);
#390=ADVANCED_FACE('',(#389),#383,.F.);
#391=CARTESIAN_POINT('',(216.229163291,797.717670607,176.5));
#392=DIRECTION('',(0.,1.,0.));
#393=DIRECTION('',(0.,0.,-1.));
#394=AXIS2_PLACEMENT_3D('',#391,#392,#393);
#395=CYLINDRICAL_SURFACE('',#394,0.5);
#396=ORIENTED_EDGE('',*,*,#322,.F.);
#397=ORIENTED_EDGE('',*,*,#350,.F.);
#398=ORIENTED_EDGE('',*,*,#242,.F.);
#399=ORIENTED_EDGE('',*,*,#372,.F.);
#400=EDGE_LOOP('',(#396,#397,#398,#399));
#401=FACE_BOUND('',#400,.T.);
#402=ADVANCED_FACE('',(#401),#395,.T.);
#403=CLOSED_SHELL('',(#268,#299,#339,#361,#378,#390,#402));
#404=MANIFOLD_SOLID_BREP('Body 08',#403);
#219=STYLED_ITEM('',(#218),#404);
#406=CARTESIAN_POINT('',(200.611958383,97.71813799,184.4));
#407=DIRECTION('',(-0.,-1.,0.));
#408=DIRECTION('',(0.,0.,1.));
#409=AXIS2_PLACEMENT_3D('',#406,#407,#408);
#410=PLANE('',#409);
#411=CARTESIAN_POINT('',(199.136505156,97.71813799,171.));
#412=VERTEX_POINT('',#411);
#413=CARTESIAN_POINT('',(171.540649751,97.71813799,171.));
#414=VERTEX_POINT('',#413);
#415=CARTESIAN_POINT('',(199.136505156,97.71813799,171.));
#416=DIRECTION('',(-1.,0.,0.));
#417=VECTOR('',#416,27.595855405);
#418=LINE('',#415,#417);
#419=EDGE_CURVE('',#412,#414,#418,.T.);
#420=ORIENTED_EDGE('',*,*,#419,.F.);
#421=CARTESIAN_POINT('',(200.85697021,97.71813799,178.4));
#422=VERTEX_POINT('',#421);
#423=CARTESIAN_POINT('',(200.85697021,97.71813799,174.5));
#424=DIRECTION('',(0.,1.,-0.));
#425=DIRECTION('',(1.,-0.,0.));
#426=AXIS2_PLACEMENT_3D('',#423,#424,#425);
#427=CIRCLE('',#426,3.9);
#428=EDGE_CURVE('',#412,#422,#427,.T.);
#429=ORIENTED_EDGE('',*,*,#428,.T.);
#430=CARTESIAN_POINT('',(191.861908383,97.71813799,178.4));
#431=VERTEX_POINT('',#430);
#432=CARTESIAN_POINT('',(200.85697021,97.71813799,178.4));
#433=DIRECTION('',(-1.,0.,0.));
#434=VECTOR('',#433,8.995061826);
#435=LINE('',#432,#434);
#436=EDGE_CURVE('',#422,#431,#435,.T.);
#437=ORIENTED_EDGE('',*,*,#436,.T.);
#438=CARTESIAN_POINT('',(191.861908383,97.71813799,183.));
#439=VERTEX_POINT('',#438);
#440=CARTESIAN_POINT('',(191.861908383,97.71813799,178.4));
#441=DIRECTION('',(0.,0.,1.));
#442=VECTOR('',#441,4.6);
#443=LINE('',#440,#442);
#444=EDGE_CURVE('',#431,#439,#443,.T.);
#445=ORIENTED_EDGE('',*,*,#444,.T.);
#446=CARTESIAN_POINT('',(189.861908383,97.71813799,185.));
#447=VERTEX_POINT('',#446);
#448=CARTESIAN_POINT('',(189.861908383,97.71813799,183.));
#449=DIRECTION('',(-0.,-1.,0.));
#450=DIRECTION('',(0.,0.,1.));
#451=AXIS2_PLACEMENT_3D('',#448,#449,#450);
#452=CIRCLE('',#451,2.);
#453=EDGE_CURVE('',#439,#447,#452,.T.);
#454=ORIENTED_EDGE('',*,*,#453,.T.);
#455=CARTESIAN_POINT('',(171.540649751,97.71813799,185.));
#456=VERTEX_POINT('',#455);
#457=CARTESIAN_POINT('',(189.861908383,97.71813799,185.));
#458=DIRECTION('',(-1.,0.,0.));
#459=VECTOR('',#458,18.321258632);
#460=LINE('',#457,#459);
#461=EDGE_CURVE('',#447,#456,#460,.T.);
#462=ORIENTED_EDGE('',*,*,#461,.T.);
#463=CARTESIAN_POINT('',(171.540649751,97.71813799,185.));
#464=DIRECTION('',(0.,0.,-1.));
#465=VECTOR('',#464,14.);
#466=LINE('',#463,#465);
#467=EDGE_CURVE('',#456,#414,#466,.T.);
#468=ORIENTED_EDGE('',*,*,#467,.T.);
#469=EDGE_LOOP('',(#420,#429,#437,#445,#454,#462,#468));
#470=FACE_BOUND('',#469,.T.);
#471=ADVANCED_FACE('',(#470),#410,.T.);
#472=CARTESIAN_POINT('',(186.111908383,192.986141066,197.));
#473=DIRECTION('',(-1.,0.,0.));
#474=DIRECTION('',(0.,0.,-1.));
#475=AXIS2_PLACEMENT_3D('',#472,#473,#474);
#476=PLANE('',#475);
#477=CARTESIAN_POINT('',(186.111908383,187.097241066,171.));
#478=VERTEX_POINT('',#477);
#479=CARTESIAN_POINT('',(186.111908383,190.175041066,171.));
#480=VERTEX_POINT('',#479);
#481=CARTESIAN_POINT('',(186.111908383,187.097241066,171.));
#482=DIRECTION('',(0.,1.,0.));
#483=VECTOR('',#482,3.0778);
#484=LINE('',#481,#483);
#485=EDGE_CURVE('',#478,#480,#484,.T.);
#486=ORIENTED_EDGE('',*,*,#485,.T.);
#487=CARTESIAN_POINT('',(186.111908383,190.175041066,185.));
#488=VERTEX_POINT('',#487);
#489=CARTESIAN_POINT('',(186.111908383,190.175041066,171.));
#490=DIRECTION('',(-0.,-0.,1.));
#491=VECTOR('',#490,14.);
#492=LINE('',#489,#491);
#493=EDGE_CURVE('',#480,#488,#492,.T.);
#494=ORIENTED_EDGE('',*,*,#493,.T.);
#495=CARTESIAN_POINT('',(186.111908383,187.097241066,185.));
#496=VERTEX_POINT('',#495);
#497=CARTESIAN_POINT('',(186.111908383,190.175041066,185.));
#498=DIRECTION('',(-0.,-1.,0.));
#499=VECTOR('',#498,3.0778);
#500=LINE('',#497,#499);
#501=EDGE_CURVE('',#488,#496,#500,.T.);
#502=ORIENTED_EDGE('',*,*,#501,.T.);
#503=CARTESIAN_POINT('',(186.111908383,187.097241066,185.));
#504=DIRECTION('',(0.,0.,-1.));
#505=VECTOR('',#504,14.);
#506=LINE('',#503,#505);
#507=EDGE_CURVE('',#496,#478,#506,.T.);
#508=ORIENTED_EDGE('',*,*,#507,.T.);
#509=EDGE_LOOP('',(#486,#494,#502,#508));
#510=FACE_BOUND('',#509,.T.);
#511=ADVANCED_FACE('',(#510),#476,.F.);
#512=CARTESIAN_POINT('',(455.954805414,797.71813799,171.));
#513=DIRECTION('',(0.,0.,1.));
#514=DIRECTION('',(-1.,0.,0.));
#515=AXIS2_PLACEMENT_3D('',#512,#513,#514);
#516=PLANE('',#515);
#517=CARTESIAN_POINT('',(229.683267015,97.71813799,171.));
#518=VERTEX_POINT('',#517);
#519=CARTESIAN_POINT('',(202.577435263,97.71813799,171.));
#520=VERTEX_POINT('',#519);
#521=CARTESIAN_POINT('',(229.683267015,97.71813799,171.));
#522=DIRECTION('',(-1.,0.,0.));
#523=VECTOR('',#522,27.105831752);
#524=LINE('',#521,#523);
#525=EDGE_CURVE('',#518,#520,#524,.T.);
#526=ORIENTED_EDGE('',*,*,#525,.T.);
#527=CARTESIAN_POINT('',(202.577435263,97.71813799,171.));
#528=CARTESIAN_POINT('',(202.290515431,97.71813799,171.));
#529=CARTESIAN_POINT('',(202.003902167,97.730524315,171.));
#530=CARTESIAN_POINT('',(201.717249257,97.741308807,171.));
#531=CARTESIAN_POINT('',(201.430596347,97.752093299,171.));
#532=CARTESIAN_POINT('',(201.143890042,97.760720428,171.));
#533=CARTESIAN_POINT('',(200.85697021,97.760720428,171.));
#534=CARTESIAN_POINT('',(200.570050378,97.760720428,171.));
#535=CARTESIAN_POINT('',(200.283344072,97.752093299,171.));
#536=CARTESIAN_POINT('',(199.996691162,97.741308807,171.));
#537=CARTESIAN_POINT('',(199.710038252,97.730524315,171.));
#538=CARTESIAN_POINT('',(199.423424988,97.71813799,171.));
#539=CARTESIAN_POINT('',(199.136505156,97.71813799,171.));
#540=B_SPLINE_CURVE_WITH_KNOTS('',3,(#527,#528,#529,#530,#531,#532,#533,#534,#535,#536,#537,#538,#539),.UNSPECIFIED.,.F.,.F.,(4,3,3,3,4),(0.,0.000860496,0.001720992,0.002581488,0.003441984),.UNSPECIFIED.);
#541=EDGE_CURVE('',#520,#412,#540,.T.);
#542=ORIENTED_EDGE('',*,*,#541,.T.);
#543=ORIENTED_EDGE('',*,*,#419,.T.);
#544=CARTESIAN_POINT('',(170.666104669,98.233193767,171.));
#545=VERTEX_POINT('',#544);
#546=CARTESIAN_POINT('',(171.540649751,98.71813799,171.));
#547=DIRECTION('',(-0.,-0.,-1.));
#548=DIRECTION('',(-1.,0.,0.));
#549=AXIS2_PLACEMENT_3D('',#546,#547,#548);
#550=CIRCLE('',#549,1.);
#551=EDGE_CURVE('',#414,#545,#550,.T.);
#552=ORIENTED_EDGE('',*,*,#551,.T.);
#553=CARTESIAN_POINT('',(142.453481146,149.111645305,171.));
#554=VERTEX_POINT('',#553);
#555=CARTESIAN_POINT('',(170.666104669,98.233193767,171.));
#556=DIRECTION('',(-0.484944223,0.874545082,0.));
#557=VECTOR('',#556,58.177048369);
#558=LINE('',#555,#557);
#559=EDGE_CURVE('',#545,#554,#558,.T.);
#560=ORIENTED_EDGE('',*,*,#559,.T.);
#561=CARTESIAN_POINT('',(142.328026228,149.596589528,171.));
#562=VERTEX_POINT('',#561);
#563=CARTESIAN_POINT('',(143.328026228,149.596589528,171.));
#564=DIRECTION('',(-0.,-0.,-1.));
#565=DIRECTION('',(-1.,0.,0.));
#566=AXIS2_PLACEMENT_3D('',#563,#564,#565);
#567=CIRCLE('',#566,1.);
#568=EDGE_CURVE('',#554,#562,#567,.T.);
#569=ORIENTED_EDGE('',*,*,#568,.T.);
#570=CARTESIAN_POINT('',(142.453481146,150.081533751,171.));
#571=VERTEX_POINT('',#570);
#572=CARTESIAN_POINT('',(143.328026228,149.596589528,171.));
#573=DIRECTION('',(-0.,-0.,-1.));
#574=DIRECTION('',(-1.,0.,0.));
#575=AXIS2_PLACEMENT_3D('',#572,#573,#574);
#576=CIRCLE('',#575,1.);
#577=EDGE_CURVE('',#562,#571,#576,.T.);
#578=ORIENTED_EDGE('',*,*,#577,.T.);
#579=CARTESIAN_POINT('',(170.666104669,200.95998529,171.));
#580=VERTEX_POINT('',#579);
#581=CARTESIAN_POINT('',(170.666104669,200.95998529,171.));
#582=DIRECTION('',(-0.484944223,-0.874545082,0.));
#583=VECTOR('',#582,58.177048369);
#584=LINE('',#581,#583);
#585=EDGE_CURVE('',#580,#571,#584,.T.);
#586=ORIENTED_EDGE('',*,*,#585,.F.);
#587=CARTESIAN_POINT('',(171.540649751,201.475041066,171.));
#588=VERTEX_POINT('',#587);
#589=CARTESIAN_POINT('',(171.540649751,200.475041066,171.));
#590=DIRECTION('',(-0.,-0.,-1.));
#591=DIRECTION('',(-1.,0.,0.));
#592=AXIS2_PLACEMENT_3D('',#589,#590,#591);
#593=CIRCLE('',#592,1.);
#594=EDGE_CURVE('',#580,#588,#593,.T.);
#595=ORIENTED_EDGE('',*,*,#594,.T.);
#596=CARTESIAN_POINT('',(185.111908383,201.475041066,171.));
#597=VERTEX_POINT('',#596);
#598=CARTESIAN_POINT('',(185.111908383,201.475041066,171.));
#599=DIRECTION('',(-1.,0.,0.));
#600=VECTOR('',#599,13.571258632);
#601=LINE('',#598,#600);
#602=EDGE_CURVE('',#597,#588,#601,.T.);
#603=ORIENTED_EDGE('',*,*,#602,.F.);
#604=CARTESIAN_POINT('',(186.111908383,200.475041066,171.));
#605=VERTEX_POINT('',#604);
#606=CARTESIAN_POINT('',(185.111908383,200.475041066,171.));
#607=DIRECTION('',(-0.,-0.,-1.));
#608=DIRECTION('',(-1.,0.,0.));
#609=AXIS2_PLACEMENT_3D('',#606,#607,#608);
#610=CIRCLE('',#609,1.);
#611=EDGE_CURVE('',#597,#605,#610,.T.);
#612=ORIENTED_EDGE('',*,*,#611,.T.);
#613=CARTESIAN_POINT('',(186.111908383,198.975041066,171.));
#614=VERTEX_POINT('',#613);
#615=CARTESIAN_POINT('',(186.111908383,198.975041066,171.));
#616=DIRECTION('',(0.,1.,0.));
#617=VECTOR('',#616,1.5);
#618=LINE('',#615,#617);
#619=EDGE_CURVE('',#614,#605,#618,.T.);
#620=ORIENTED_EDGE('',*,*,#619,.F.);
#621=CARTESIAN_POINT('',(185.111908383,197.975041066,171.));
#622=VERTEX_POINT('',#621);
#623=CARTESIAN_POINT('',(185.111908383,198.975041066,171.));
#624=DIRECTION('',(-0.,-0.,-1.));
#625=DIRECTION('',(-1.,0.,0.));
#626=AXIS2_PLACEMENT_3D('',#623,#624,#625);
#627=CIRCLE('',#626,1.);
#628=EDGE_CURVE('',#614,#622,#627,.T.);
#629=ORIENTED_EDGE('',*,*,#628,.T.);
#630=CARTESIAN_POINT('',(179.611908383,197.975041066,171.));
#631=VERTEX_POINT('',#630);
#632=CARTESIAN_POINT('',(179.611908383,197.975041066,171.));
#633=DIRECTION('',(1.,-0.,0.));
#634=VECTOR('',#633,5.5);
#635=LINE('',#632,#634);
#636=EDGE_CURVE('',#631,#622,#635,.T.);
#637=ORIENTED_EDGE('',*,*,#636,.F.);
#638=CARTESIAN_POINT('',(179.611908383,191.175041066,171.));
#639=VERTEX_POINT('',#638);
#640=CARTESIAN_POINT('',(179.611908383,191.175041066,171.));
#641=DIRECTION('',(0.,1.,0.));
#642=VECTOR('',#641,6.8);
#643=LINE('',#640,#642);
#644=EDGE_CURVE('',#639,#631,#643,.T.);
#645=ORIENTED_EDGE('',*,*,#644,.F.);
#646=CARTESIAN_POINT('',(185.111908383,191.175041066,171.));
#647=VERTEX_POINT('',#646);
#648=CARTESIAN_POINT('',(185.111908383,191.175041066,171.));
#649=DIRECTION('',(-1.,0.,0.));
#650=VECTOR('',#649,5.5);
#651=LINE('',#648,#650);
#652=EDGE_CURVE('',#647,#639,#651,.T.);
#653=ORIENTED_EDGE('',*,*,#652,.F.);
#654=CARTESIAN_POINT('',(185.111908383,190.175041066,171.));
#655=DIRECTION('',(-0.,-0.,-1.));
#656=DIRECTION('',(-1.,0.,0.));
#657=AXIS2_PLACEMENT_3D('',#654,#655,#656);
#658=CIRCLE('',#657,1.);
#659=EDGE_CURVE('',#647,#480,#658,.T.);
#660=ORIENTED_EDGE('',*,*,#659,.T.);
#661=ORIENTED_EDGE('',*,*,#485,.F.);
#662=CARTESIAN_POINT('',(215.111908383,187.097241066,171.));
#663=VERTEX_POINT('',#662);
#664=CARTESIAN_POINT('',(215.111908383,187.097241066,171.));
#665=DIRECTION('',(-1.,0.,0.));
#666=VECTOR('',#665,29.);
#667=LINE('',#664,#666);
#668=EDGE_CURVE('',#663,#478,#667,.T.);
#669=ORIENTED_EDGE('',*,*,#668,.F.);
#670=CARTESIAN_POINT('',(215.111908383,190.175041066,171.));
#671=VERTEX_POINT('',#670);
#672=CARTESIAN_POINT('',(215.111908383,190.175041066,171.));
#673=DIRECTION('',(-0.,-1.,0.));
#674=VECTOR('',#673,3.0778);
#675=LINE('',#672,#674);
#676=EDGE_CURVE('',#671,#663,#675,.T.);
#677=ORIENTED_EDGE('',*,*,#676,.F.);
#678=CARTESIAN_POINT('',(216.111908383,191.175041066,171.));
#679=VERTEX_POINT('',#678);
#680=CARTESIAN_POINT('',(216.111908383,190.175041066,171.));
#681=DIRECTION('',(-0.,-0.,-1.));
#682=DIRECTION('',(-1.,0.,0.));
#683=AXIS2_PLACEMENT_3D('',#680,#681,#682);
#684=CIRCLE('',#683,1.);
#685=EDGE_CURVE('',#671,#679,#684,.T.);
#686=ORIENTED_EDGE('',*,*,#685,.T.);
#687=CARTESIAN_POINT('',(221.611908383,191.175041066,171.));
#688=VERTEX_POINT('',#687);
#689=CARTESIAN_POINT('',(221.611908383,191.175041066,171.));
#690=DIRECTION('',(-1.,0.,0.));
#691=VECTOR('',#690,5.5);
#692=LINE('',#689,#691);
#693=EDGE_CURVE('',#688,#679,#692,.T.);
#694=ORIENTED_EDGE('',*,*,#693,.F.);
#695=CARTESIAN_POINT('',(221.611908383,197.975041066,171.));
#696=VERTEX_POINT('',#695);
#697=CARTESIAN_POINT('',(221.611908383,197.975041066,171.));
#698=DIRECTION('',(-0.,-1.,0.));
#699=VECTOR('',#698,6.8);
#700=LINE('',#697,#699);
#701=EDGE_CURVE('',#696,#688,#700,.T.);
#702=ORIENTED_EDGE('',*,*,#701,.F.);
#703=CARTESIAN_POINT('',(216.111908383,197.975041066,171.));
#704=VERTEX_POINT('',#703);
#705=CARTESIAN_POINT('',(216.111908383,197.975041066,171.));
#706=DIRECTION('',(1.,-0.,0.));
#707=VECTOR('',#706,5.5);
#708=LINE('',#705,#707);
#709=EDGE_CURVE('',#704,#696,#708,.T.);
#710=ORIENTED_EDGE('',*,*,#709,.F.);
#711=CARTESIAN_POINT('',(215.111908383,198.975041066,171.));
#712=VERTEX_POINT('',#711);
#713=CARTESIAN_POINT('',(216.111908383,198.975041066,171.));
#714=DIRECTION('',(-0.,-0.,-1.));
#715=DIRECTION('',(-1.,0.,0.));
#716=AXIS2_PLACEMENT_3D('',#713,#714,#715);
#717=CIRCLE('',#716,1.);
#718=EDGE_CURVE('',#704,#712,#717,.T.);
#719=ORIENTED_EDGE('',*,*,#718,.T.);
#720=CARTESIAN_POINT('',(215.111908383,200.475041066,171.));
#721=VERTEX_POINT('',#720);
#722=CARTESIAN_POINT('',(215.111908383,200.475041066,171.));
#723=DIRECTION('',(-0.,-1.,0.));
#724=VECTOR('',#723,1.5);
#725=LINE('',#722,#724);
#726=EDGE_CURVE('',#721,#712,#725,.T.);
#727=ORIENTED_EDGE('',*,*,#726,.F.);
#728=CARTESIAN_POINT('',(216.111908383,201.475041066,171.));
#729=VERTEX_POINT('',#728);
#730=CARTESIAN_POINT('',(216.111908383,200.475041066,171.));
#731=DIRECTION('',(-0.,-0.,-1.));
#732=DIRECTION('',(-1.,0.,0.));
#733=AXIS2_PLACEMENT_3D('',#730,#731,#732);
#734=CIRCLE('',#733,1.);
#735=EDGE_CURVE('',#721,#729,#734,.T.);
#736=ORIENTED_EDGE('',*,*,#735,.T.);
#737=CARTESIAN_POINT('',(229.683267015,201.475041066,171.));
#738=VERTEX_POINT('',#737);
#739=CARTESIAN_POINT('',(229.683267015,201.475041066,171.));
#740=DIRECTION('',(-1.,0.,0.));
#741=VECTOR('',#740,13.571358632);
#742=LINE('',#739,#741);
#743=EDGE_CURVE('',#738,#729,#742,.T.);
#744=ORIENTED_EDGE('',*,*,#743,.F.);
#745=CARTESIAN_POINT('',(230.557812097,200.95998529,171.));
#746=VERTEX_POINT('',#745);
#747=CARTESIAN_POINT('',(229.683267015,200.475041066,171.));
#748=DIRECTION('',(-0.,-0.,-1.));
#749=DIRECTION('',(-1.,0.,0.));
#750=AXIS2_PLACEMENT_3D('',#747,#748,#749);
#751=CIRCLE('',#750,1.);
#752=EDGE_CURVE('',#738,#746,#751,.T.);
#753=ORIENTED_EDGE('',*,*,#752,.T.);
#754=CARTESIAN_POINT('',(258.770435621,150.081533751,171.));
#755=VERTEX_POINT('',#754);
#756=CARTESIAN_POINT('',(258.770435621,150.081533751,171.));
#757=DIRECTION('',(-0.484944223,0.874545082,0.));
#758=VECTOR('',#757,58.177048369);
#759=LINE('',#756,#758);
#760=EDGE_CURVE('',#755,#746,#759,.T.);
#761=ORIENTED_EDGE('',*,*,#760,.F.);
#762=CARTESIAN_POINT('',(258.895890539,149.596589528,171.));
#763=VERTEX_POINT('',#762);
#764=CARTESIAN_POINT('',(257.895890539,149.596589528,171.));
#765=DIRECTION('',(-0.,-0.,-1.));
#766=DIRECTION('',(-1.,0.,0.));
#767=AXIS2_PLACEMENT_3D('',#764,#765,#766);
#768=CIRCLE('',#767,1.);
#769=EDGE_CURVE('',#755,#763,#768,.T.);
#770=ORIENTED_EDGE('',*,*,#769,.T.);
#771=CARTESIAN_POINT('',(258.770435621,149.111645305,171.));
#772=VERTEX_POINT('',#771);
#773=CARTESIAN_POINT('',(257.895890539,149.596589528,171.));
#774=DIRECTION('',(-0.,-0.,-1.));
#775=DIRECTION('',(-1.,0.,0.));
#776=AXIS2_PLACEMENT_3D('',#773,#774,#775);
#777=CIRCLE('',#776,1.);
#778=EDGE_CURVE('',#763,#772,#777,.T.);
#779=ORIENTED_EDGE('',*,*,#778,.T.);
#780=CARTESIAN_POINT('',(230.557812097,98.233193767,171.));
#781=VERTEX_POINT('',#780);
#782=CARTESIAN_POINT('',(230.557812097,98.233193767,171.));
#783=DIRECTION('',(0.484944223,0.874545082,0.));
#784=VECTOR('',#783,58.177048369);
#785=LINE('',#782,#784);
#786=EDGE_CURVE('',#781,#772,#785,.T.);
#787=ORIENTED_EDGE('',*,*,#786,.F.);
#788=CARTESIAN_POINT('',(229.683267015,98.71813799,171.));
#789=DIRECTION('',(-0.,-0.,-1.));
#790=DIRECTION('',(-1.,0.,0.));
#791=AXIS2_PLACEMENT_3D('',#788,#789,#790);
#792=CIRCLE('',#791,1.);
#793=EDGE_CURVE('',#781,#518,#792,.T.);
#794=ORIENTED_EDGE('',*,*,#793,.T.);
#795=EDGE_LOOP('',(#526,#542,#543,#552,#560,#569,#578,#586,#595,#603,#612,#620,#629,#637,#645,#653,#660,#661,#669,#677,#686,#694,#702,#710,#719,#727,
#736,#744,#753,#761,#770,#779,#787,#794));
#796=FACE_BOUND('',#795,.T.);
#797=ADVANCED_FACE('',(#796),#516,.F.);
#798=CARTESIAN_POINT('',(215.111908383,192.986141066,197.));
#799=DIRECTION('',(1.,-0.,0.));
#800=DIRECTION('',(0.,0.,1.));
#801=AXIS2_PLACEMENT_3D('',#798,#799,#800);
#802=PLANE('',#801);
#803=CARTESIAN_POINT('',(215.111908383,198.975041066,185.));
#804=VERTEX_POINT('',#803);
#805=CARTESIAN_POINT('',(215.111908383,200.475041066,185.));
#806=VERTEX_POINT('',#805);
#807=CARTESIAN_POINT('',(215.111908383,198.975041066,185.));
#808=DIRECTION('',(0.,1.,0.));
#809=VECTOR('',#808,1.5);
#810=LINE('',#807,#809);
#811=EDGE_CURVE('',#804,#806,#810,.T.);
#812=ORIENTED_EDGE('',*,*,#811,.T.);
#813=CARTESIAN_POINT('',(215.111908383,200.475041066,185.));
#814=DIRECTION('',(0.,0.,-1.));
#815=VECTOR('',#814,14.);
#816=LINE('',#813,#815);
#817=EDGE_CURVE('',#806,#721,#816,.T.);
#818=ORIENTED_EDGE('',*,*,#817,.T.);
#819=ORIENTED_EDGE('',*,*,#726,.T.);
#820=CARTESIAN_POINT('',(215.111908383,198.975041066,171.));
#821=DIRECTION('',(-0.,-0.,1.));
#822=VECTOR('',#821,14.);
#823=LINE('',#820,#822);
#824=EDGE_CURVE('',#712,#804,#823,.T.);
#825=ORIENTED_EDGE('',*,*,#824,.T.);
#826=EDGE_LOOP('',(#812,#818,#819,#825));
#827=FACE_BOUND('',#826,.T.);
#828=ADVANCED_FACE('',(#827),#802,.F.);
#829=CARTESIAN_POINT('',(455.954805414,797.71813799,186.));
#830=DIRECTION('',(0.,0.,1.));
#831=DIRECTION('',(-1.,0.,0.));
#832=AXIS2_PLACEMENT_3D('',#829,#830,#831);
#833=PLANE('',#832);
#834=CARTESIAN_POINT('',(185.111908383,198.975041066,186.));
#835=VERTEX_POINT('',#834);
#836=CARTESIAN_POINT('',(185.111908383,200.475041066,186.));
#837=VERTEX_POINT('',#836);
#838=CARTESIAN_POINT('',(185.111908383,198.975041066,186.));
#839=DIRECTION('',(0.,1.,-0.));
#840=VECTOR('',#839,1.5);
#841=LINE('',#838,#840);
#842=EDGE_CURVE('',#835,#837,#841,.T.);
#843=ORIENTED_EDGE('',*,*,#842,.T.);
#844=CARTESIAN_POINT('',(171.540649751,200.475041066,186.));
#845=VERTEX_POINT('',#844);
#846=CARTESIAN_POINT('',(185.111908383,200.475041066,186.));
#847=DIRECTION('',(-1.,0.,0.));
#848=VECTOR('',#847,13.571258632);
#849=LINE('',#846,#848);
#850=EDGE_CURVE('',#837,#845,#849,.T.);
#851=ORIENTED_EDGE('',*,*,#850,.T.);
#852=CARTESIAN_POINT('',(143.328026228,149.596589528,186.));
#853=VERTEX_POINT('',#852);
#854=CARTESIAN_POINT('',(171.540649751,200.475041066,186.));
#855=DIRECTION('',(-0.484944223,-0.874545082,0.));
#856=VECTOR('',#855,58.177048369);
#857=LINE('',#854,#856);
#858=EDGE_CURVE('',#845,#853,#857,.T.);
#859=ORIENTED_EDGE('',*,*,#858,.T.);
#860=CARTESIAN_POINT('',(171.540649751,98.71813799,186.));
#861=VERTEX_POINT('',#860);
#862=CARTESIAN_POINT('',(143.328026228,149.596589528,186.));
#863=DIRECTION('',(0.484944223,-0.874545082,-0.));
#864=VECTOR('',#863,58.177048369);
#865=LINE('',#862,#864);
#866=EDGE_CURVE('',#853,#861,#865,.T.);
#867=ORIENTED_EDGE('',*,*,#866,.T.);
#868=CARTESIAN_POINT('',(189.861908383,98.71813799,186.));
#869=VERTEX_POINT('',#868);
#870=CARTESIAN_POINT('',(171.540649751,98.71813799,186.));
#871=DIRECTION('',(1.,-0.,-0.));
#872=VECTOR('',#871,18.321258632);
#873=LINE('',#870,#872);
#874=EDGE_CURVE('',#861,#869,#873,.T.);
#875=ORIENTED_EDGE('',*,*,#874,.T.);
#876=CARTESIAN_POINT('',(189.861908383,186.097241066,186.));
#877=VERTEX_POINT('',#876);
#878=CARTESIAN_POINT('',(189.861908383,98.71813799,186.));
#879=DIRECTION('',(0.,1.,-0.));
#880=VECTOR('',#879,87.379103076);
#881=LINE('',#878,#880);
#882=EDGE_CURVE('',#869,#877,#881,.T.);
#883=ORIENTED_EDGE('',*,*,#882,.T.);
#884=CARTESIAN_POINT('',(185.111908383,186.097241066,186.));
#885=VERTEX_POINT('',#884);
#886=CARTESIAN_POINT('',(189.861908383,186.097241066,186.));
#887=DIRECTION('',(-1.,0.,-0.));
#888=VECTOR('',#887,4.75);
#889=LINE('',#886,#888);
#890=EDGE_CURVE('',#877,#885,#889,.T.);
#891=ORIENTED_EDGE('',*,*,#890,.T.);
#892=CARTESIAN_POINT('',(185.111908383,190.175041066,186.));
#893=VERTEX_POINT('',#892);
#894=CARTESIAN_POINT('',(185.111908383,186.097241066,186.));
#895=DIRECTION('',(0.,1.,-0.));
#896=VECTOR('',#895,4.0778);
#897=LINE('',#894,#896);
#898=EDGE_CURVE('',#885,#893,#897,.T.);
#899=ORIENTED_EDGE('',*,*,#898,.T.);
#900=CARTESIAN_POINT('',(178.611908383,190.175041066,186.));
#901=VERTEX_POINT('',#900);
#902=CARTESIAN_POINT('',(185.111908383,190.175041066,186.));
#903=DIRECTION('',(-1.,0.,-0.));
#904=VECTOR('',#903,6.5);
#905=LINE('',#902,#904);
#906=EDGE_CURVE('',#893,#901,#905,.T.);
#907=ORIENTED_EDGE('',*,*,#906,.T.);
#908=CARTESIAN_POINT('',(178.611908383,198.975041066,186.));
#909=VERTEX_POINT('',#908);
#910=CARTESIAN_POINT('',(178.611908383,190.175041066,186.));
#911=DIRECTION('',(0.,1.,-0.));
#912=VECTOR('',#911,8.8);
#913=LINE('',#910,#912);
#914=EDGE_CURVE('',#901,#909,#913,.T.);
#915=ORIENTED_EDGE('',*,*,#914,.T.);
#916=CARTESIAN_POINT('',(178.611908383,198.975041066,186.));
#917=DIRECTION('',(1.,-0.,-0.));
#918=VECTOR('',#917,6.5);
#919=LINE('',#916,#918);
#920=EDGE_CURVE('',#909,#835,#919,.T.);
#921=ORIENTED_EDGE('',*,*,#920,.T.);
#922=EDGE_LOOP('',(#843,#851,#859,#867,#875,#883,#891,#899,#907,#915,#921));
#923=FACE_BOUND('',#922,.T.);
#924=ADVANCED_FACE('',(#923),#833,.T.);
#925=CARTESIAN_POINT('',(200.611958383,97.71813799,184.4));
#926=DIRECTION('',(-0.,-1.,0.));
#927=DIRECTION('',(0.,0.,1.));
#928=AXIS2_PLACEMENT_3D('',#925,#926,#927);
#929=PLANE('',#928);
#930=CARTESIAN_POINT('',(209.361908383,97.71813799,178.4));
#931=VERTEX_POINT('',#930);
#932=CARTESIAN_POINT('',(209.361908383,97.71813799,178.4));
#933=DIRECTION('',(-1.,0.,0.));
#934=VECTOR('',#933,8.504938174);
#935=LINE('',#932,#934);
#936=EDGE_CURVE('',#931,#422,#935,.T.);
#937=ORIENTED_EDGE('',*,*,#936,.T.);
#938=CARTESIAN_POINT('',(204.75697021,97.71813799,174.5));
#939=VERTEX_POINT('',#938);
#940=CARTESIAN_POINT('',(200.85697021,97.71813799,174.5));
#941=DIRECTION('',(0.,1.,-0.));
#942=DIRECTION('',(1.,-0.,0.));
#943=AXIS2_PLACEMENT_3D('',#940,#941,#942);
#944=CIRCLE('',#943,3.9);
#945=EDGE_CURVE('',#422,#939,#944,.T.);
#946=ORIENTED_EDGE('',*,*,#945,.T.);
#947=CARTESIAN_POINT('',(200.85697021,97.71813799,174.5));
#948=DIRECTION('',(0.,1.,-0.));
#949=DIRECTION('',(1.,-0.,0.));
#950=AXIS2_PLACEMENT_3D('',#947,#948,#949);
#951=CIRCLE('',#950,3.9);
#952=EDGE_CURVE('',#939,#520,#951,.T.);
#953=ORIENTED_EDGE('',*,*,#952,.T.);
#954=ORIENTED_EDGE('',*,*,#525,.F.);
#955=CARTESIAN_POINT('',(229.683267015,97.71813799,185.));
#956=VERTEX_POINT('',#955);
#957=CARTESIAN_POINT('',(229.683267015,97.71813799,171.));
#958=DIRECTION('',(-0.,-0.,1.));
#959=VECTOR('',#958,14.);
#960=LINE('',#957,#959);
#961=EDGE_CURVE('',#518,#956,#960,.T.);
#962=ORIENTED_EDGE('',*,*,#961,.T.);
#963=CARTESIAN_POINT('',(211.361908383,97.71813799,185.));
#964=VERTEX_POINT('',#963);
#965=CARTESIAN_POINT('',(229.683267015,97.71813799,185.));
#966=DIRECTION('',(-1.,0.,0.));
#967=VECTOR('',#966,18.321358632);
#968=LINE('',#965,#967);
#969=EDGE_CURVE('',#956,#964,#968,.T.);
#970=ORIENTED_EDGE('',*,*,#969,.T.);
#971=CARTESIAN_POINT('',(209.361908383,97.71813799,183.));
#972=VERTEX_POINT('',#971);
#973=CARTESIAN_POINT('',(211.361908383,97.71813799,183.));
#974=DIRECTION('',(-0.,-1.,0.));
#975=DIRECTION('',(0.,0.,1.));
#976=AXIS2_PLACEMENT_3D('',#973,#974,#975);
#977=CIRCLE('',#976,2.);
#978=EDGE_CURVE('',#964,#972,#977,.T.);
#979=ORIENTED_EDGE('',*,*,#978,.T.);
#980=CARTESIAN_POINT('',(209.361908383,97.71813799,183.));
#981=DIRECTION('',(0.,0.,-1.));
#982=VECTOR('',#981,4.6);
#983=LINE('',#980,#982);
#984=EDGE_CURVE('',#972,#931,#983,.T.);
#985=ORIENTED_EDGE('',*,*,#984,.T.);
#986=EDGE_LOOP('',(#937,#946,#953,#954,#962,#970,#979,#985));
#987=FACE_BOUND('',#986,.T.);
#988=ADVANCED_FACE('',(#987),#929,.T.);
#989=CARTESIAN_POINT('',(200.611958383,201.475041066,184.4));
#990=DIRECTION('',(-0.,-1.,0.));
#991=DIRECTION('',(0.,0.,1.));
#992=AXIS2_PLACEMENT_3D('',#989,#990,#991);
#993=PLANE('',#992);
#994=CARTESIAN_POINT('',(216.111908383,201.475041066,185.));
#995=VERTEX_POINT('',#994);
#996=CARTESIAN_POINT('',(229.683267015,201.475041066,185.));
#997=VERTEX_POINT('',#996);
#998=CARTESIAN_POINT('',(216.111908383,201.475041066,185.));
#999=DIRECTION('',(1.,-0.,-0.));
#1000=VECTOR('',#999,13.571358632);
#1001=LINE('',#998,#1000);
#1002=EDGE_CURVE('',#995,#997,#1001,.T.);
#1003=ORIENTED_EDGE('',*,*,#1002,.T.);
#1004=CARTESIAN_POINT('',(229.683267015,201.475041066,185.));
#1005=DIRECTION('',(0.,0.,-1.));
#1006=VECTOR('',#1005,14.);
#1007=LINE('',#1004,#1006);
#1008=EDGE_CURVE('',#997,#738,#1007,.T.);
#1009=ORIENTED_EDGE('',*,*,#1008,.T.);
#1010=ORIENTED_EDGE('',*,*,#743,.T.);
#1011=CARTESIAN_POINT('',(216.111908383,201.475041066,171.));
#1012=DIRECTION('',(-0.,-0.,1.));
#1013=VECTOR('',#1012,14.);
#1014=LINE('',#1011,#1013);
#1015=EDGE_CURVE('',#729,#995,#1014,.T.);
#1016=ORIENTED_EDGE('',*,*,#1015,.T.);
#1017=EDGE_LOOP('',(#1003,#1009,#1010,#1016));
#1018=FACE_BOUND('',#1017,.T.);
#1019=ADVANCED_FACE('',(#1018),#993,.F.);
#1020=CARTESIAN_POINT('',(156.56814149,123.657363759,184.4));
#1021=DIRECTION('',(-0.874545082,-0.484944223,0.));
#1022=DIRECTION('',(0.484944223,-0.874545082,0.));
#1023=AXIS2_PLACEMENT_3D('',#1020,#1021,#1022);
#1024=PLANE('',#1023);
#1025=CARTESIAN_POINT('',(158.528795231,120.121534265,174.9932));
#1026=VERTEX_POINT('',#1025);
#1027=CARTESIAN_POINT('',(156.637512761,123.532260085,174.9932));
#1028=DIRECTION('',(0.874545082,0.484944223,-0.));
#1029=DIRECTION('',(0.484944223,-0.874545082,0.));
#1030=AXIS2_PLACEMENT_3D('',#1027,#1028,#1029);
#1031=CIRCLE('',#1030,3.9);
#1032=EDGE_CURVE('',#1026,#1026,#1031,.T.);
#1033=ORIENTED_EDGE('',*,*,#1032,.T.);
#1034=EDGE_LOOP('',(#1033));
#1035=FACE_BOUND('',#1034,.T.);
#1036=CARTESIAN_POINT('',(170.666104669,98.233193767,185.));
#1037=VERTEX_POINT('',#1036);
#1038=CARTESIAN_POINT('',(142.453481146,149.111645305,185.));
#1039=VERTEX_POINT('',#1038);
#1040=CARTESIAN_POINT('',(170.666104669,98.233193767,185.));
#1041=DIRECTION('',(-0.484944223,0.874545082,0.));
#1042=VECTOR('',#1041,58.177048369);
#1043=LINE('',#1040,#1042);
#1044=EDGE_CURVE('',#1037,#1039,#1043,.T.);
#1045=ORIENTED_EDGE('',*,*,#1044,.T.);
#1046=CARTESIAN_POINT('',(142.453481146,149.111645305,185.));
#1047=DIRECTION('',(0.,0.,-1.));
#1048=VECTOR('',#1047,14.);
#1049=LINE('',#1046,#1048);
#1050=EDGE_CURVE('',#1039,#554,#1049,.T.);
#1051=ORIENTED_EDGE('',*,*,#1050,.T.);
#1052=ORIENTED_EDGE('',*,*,#559,.F.);
#1053=CARTESIAN_POINT('',(170.666104669,98.233193767,171.));
#1054=DIRECTION('',(-0.,-0.,1.));
#1055=VECTOR('',#1054,14.);
#1056=LINE('',#1053,#1055);
#1057=EDGE_CURVE('',#545,#1037,#1056,.T.);
#1058=ORIENTED_EDGE('',*,*,#1057,.T.);
#1059=EDGE_LOOP('',(#1045,#1051,#1052,#1058));
#1060=FACE_BOUND('',#1059,.T.);
#1061=ADVANCED_FACE('',(#1035,#1060),#1024,.T.);
#1062=CARTESIAN_POINT('',(244.655775276,123.657363759,184.4));
#1063=DIRECTION('',(-0.874545082,0.484944223,0.));
#1064=DIRECTION('',(-0.484944223,-0.874545082,0.));
#1065=AXIS2_PLACEMENT_3D('',#1062,#1063,#1064);
#1066=PLANE('',#1065);
#1067=CARTESIAN_POINT('',(258.770435621,149.111645305,185.));
#1068=VERTEX_POINT('',#1067);
#1069=CARTESIAN_POINT('',(230.557812097,98.233193767,185.));
#1070=VERTEX_POINT('',#1069);
#1071=CARTESIAN_POINT('',(258.770435621,149.111645305,185.));
#1072=DIRECTION('',(-0.484944223,-0.874545082,-0.));
#1073=VECTOR('',#1072,58.177048369);
#1074=LINE('',#1071,#1073);
#1075=EDGE_CURVE('',#1068,#1070,#1074,.T.);
#1076=ORIENTED_EDGE('',*,*,#1075,.T.);
#1077=CARTESIAN_POINT('',(230.557812097,98.233193767,185.));
#1078=DIRECTION('',(0.,0.,-1.));
#1079=VECTOR('',#1078,14.);
#1080=LINE('',#1077,#1079);
#1081=EDGE_CURVE('',#1070,#781,#1080,.T.);
#1082=ORIENTED_EDGE('',*,*,#1081,.T.);
#1083=ORIENTED_EDGE('',*,*,#786,.T.);
#1084=CARTESIAN_POINT('',(258.770435621,149.111645305,171.));
#1085=DIRECTION('',(-0.,-0.,1.));
#1086=VECTOR('',#1085,14.);
#1087=LINE('',#1084,#1086);
#1088=EDGE_CURVE('',#772,#1068,#1087,.T.);
#1089=ORIENTED_EDGE('',*,*,#1088,.T.);
#1090=EDGE_LOOP('',(#1076,#1082,#1083,#1089));
#1091=FACE_BOUND('',#1090,.T.);
#1092=ADVANCED_FACE('',(#1091),#1066,.F.);
#1093=CARTESIAN_POINT('',(244.655775276,175.535815297,184.4));
#1094=DIRECTION('',(-0.874545082,-0.484944223,0.));
#1095=DIRECTION('',(0.484944223,-0.874545082,0.));
#1096=AXIS2_PLACEMENT_3D('',#1093,#1094,#1095);
#1097=PLANE('',#1096);
#1098=CARTESIAN_POINT('',(246.615233544,172.002141712,174.993199239));
#1099=VERTEX_POINT('',#1098);
#1100=CARTESIAN_POINT('',(246.615233544,172.002141712,174.993199239));
#1101=CARTESIAN_POINT('',(246.615233544,172.002141712,175.768673612));
#1102=CARTESIAN_POINT('',(246.471268238,172.261767756,176.485664625));
#1103=CARTESIAN_POINT('',(246.327452867,172.521123409,177.20190892));
#1104=CARTESIAN_POINT('',(246.061289734,173.001120176,177.750915686));
#1105=CARTESIAN_POINT('',(245.795500954,173.480441837,178.299150285));
#1106=CARTESIAN_POINT('',(245.447713541,174.107639268,178.596329416));
#1107=CARTESIAN_POINT('',(245.100415285,174.733954559,178.893090571));
#1108=CARTESIAN_POINT('',(244.723951074,175.412867532,178.893199239));
#1109=CARTESIAN_POINT('',(244.348016353,176.090825627,178.893307754));
#1110=CARTESIAN_POINT('',(244.000188607,176.718095795,178.596329416));
#1111=CARTESIAN_POINT('',(243.652850074,177.34448372,178.299768771));
#1112=CARTESIAN_POINT('',(243.386612414,177.824614888,177.750915686));
#1113=CARTESIAN_POINT('',(243.120749213,178.30407076,177.202834551));
#1114=CARTESIAN_POINT('',(242.97663391,178.563967308,176.485664625));
#1115=CARTESIAN_POINT('',(242.832721302,178.823498316,175.769503385));
#1116=CARTESIAN_POINT('',(242.832668604,178.823593351,174.993199239));
#1117=CARTESIAN_POINT('',(242.83261598,178.823688253,174.217986949));
#1118=CARTESIAN_POINT('',(242.97663391,178.563967308,173.500733853));
#1119=CARTESIAN_POINT('',(243.120449281,178.304611654,172.784489558));
#1120=CARTESIAN_POINT('',(243.386612414,177.824614888,172.235482792));
#1121=CARTESIAN_POINT('',(243.652401195,177.345293226,171.687248194));
#1122=CARTESIAN_POINT('',(244.000188607,176.718095795,171.390069062));
#1123=CARTESIAN_POINT('',(244.347486863,176.091780504,171.093307907));
#1124=CARTESIAN_POINT('',(244.723951074,175.412867532,171.093199239));
#1125=CARTESIAN_POINT('',(245.099885796,174.734909436,171.093090724));
#1126=CARTESIAN_POINT('',(245.447713541,174.107639268,171.390069062));
#1127=CARTESIAN_POINT('',(245.795052074,173.481251343,171.686629707));
#1128=CARTESIAN_POINT('',(246.061289734,173.001120176,172.235482792));
#1129=CARTESIAN_POINT('',(246.327152935,172.521664304,172.783563927));
#1130=CARTESIAN_POINT('',(246.471268238,172.261767756,173.500733853));
#1131=CARTESIAN_POINT('',(246.615233544,172.002141712,174.217157338));
#1132=CARTESIAN_POINT('',(246.615233544,172.002141712,174.993199239));
#1133=B_SPLINE_CURVE_WITH_KNOTS('',2,(#1100,#1101,#1102,#1103,#1104,#1105,#1106,#1107,#1108,#1109,#1110,#1111,#1112,#1113,#1114,#1115,#1116,#1117,#1118,#1119,#1120,#1121,#1122,#1123,#1124,#1125,
#1126,#1127,#1128,#1129,#1130,#1131,#1132),.UNSPECIFIED.,.T.,.F.,(3,2,2,2,2,2,2,2,2,2,2,2,2,2,2,2,3),(0.,0.0625,0.125,0.1875,0.25,0.3125,0.375,0.4375,0.5,0.5625,0.625,0.6875,0.75,0.8125,0.875,0.9375,1.),.UNSPECIFIED.);
#1134=EDGE_CURVE('',#1099,#1099,#1133,.T.);
#1135=ORIENTED_EDGE('',*,*,#1134,.T.);
#1136=EDGE_LOOP('',(#1135));
#1137=FACE_BOUND('',#1136,.T.);
#1138=CARTESIAN_POINT('',(230.557812097,200.95998529,185.));
#1139=VERTEX_POINT('',#1138);
#1140=CARTESIAN_POINT('',(258.770435621,150.081533751,185.));
#1141=VERTEX_POINT('',#1140);
#1142=CARTESIAN_POINT('',(230.557812097,200.95998529,185.));
#1143=DIRECTION('',(0.484944223,-0.874545082,-0.));
#1144=VECTOR('',#1143,58.177048369);
#1145=LINE('',#1142,#1144);
#1146=EDGE_CURVE('',#1139,#1141,#1145,.T.);
#1147=ORIENTED_EDGE('',*,*,#1146,.T.);
#1148=CARTESIAN_POINT('',(258.770435621,150.081533751,185.));
#1149=DIRECTION('',(0.,0.,-1.));
#1150=VECTOR('',#1149,14.);
#1151=LINE('',#1148,#1150);
#1152=EDGE_CURVE('',#1141,#755,#1151,.T.);
#1153=ORIENTED_EDGE('',*,*,#1152,.T.);
#1154=ORIENTED_EDGE('',*,*,#760,.T.);
#1155=CARTESIAN_POINT('',(230.557812097,200.95998529,171.));
#1156=DIRECTION('',(-0.,-0.,1.));
#1157=VECTOR('',#1156,14.);
#1158=LINE('',#1155,#1157);
#1159=EDGE_CURVE('',#746,#1139,#1158,.T.);
#1160=ORIENTED_EDGE('',*,*,#1159,.T.);
#1161=EDGE_LOOP('',(#1147,#1153,#1154,#1160));
#1162=FACE_BOUND('',#1161,.T.);
#1163=ADVANCED_FACE('',(#1137,#1162),#1097,.F.);
#1164=CARTESIAN_POINT('',(200.611958383,201.475041066,184.4));
#1165=DIRECTION('',(-0.,-1.,0.));
#1166=DIRECTION('',(0.,0.,1.));
#1167=AXIS2_PLACEMENT_3D('',#1164,#1165,#1166);
#1168=PLANE('',#1167);
#1169=CARTESIAN_POINT('',(171.540649751,201.475041066,185.));
#1170=VERTEX_POINT('',#1169);
#1171=CARTESIAN_POINT('',(185.111908383,201.475041066,185.));
#1172=VERTEX_POINT('',#1171);
#1173=CARTESIAN_POINT('',(171.540649751,201.475041066,185.));
#1174=DIRECTION('',(1.,-0.,-0.));
#1175=VECTOR('',#1174,13.571258632);
#1176=LINE('',#1173,#1175);
#1177=EDGE_CURVE('',#1170,#1172,#1176,.T.);
#1178=ORIENTED_EDGE('',*,*,#1177,.T.);
#1179=CARTESIAN_POINT('',(185.111908383,201.475041066,185.));
#1180=DIRECTION('',(0.,0.,-1.));
#1181=VECTOR('',#1180,14.);
#1182=LINE('',#1179,#1181);
#1183=EDGE_CURVE('',#1172,#597,#1182,.T.);
#1184=ORIENTED_EDGE('',*,*,#1183,.T.);
#1185=ORIENTED_EDGE('',*,*,#602,.T.);
#1186=CARTESIAN_POINT('',(171.540649751,201.475041066,171.));
#1187=DIRECTION('',(-0.,-0.,1.));
#1188=VECTOR('',#1187,14.);
#1189=LINE('',#1186,#1188);
#1190=EDGE_CURVE('',#588,#1170,#1189,.T.);
#1191=ORIENTED_EDGE('',*,*,#1190,.T.);
#1192=EDGE_LOOP('',(#1178,#1184,#1185,#1191));
#1193=FACE_BOUND('',#1192,.T.);
#1194=ADVANCED_FACE('',(#1193),#1168,.F.);
#1195=CARTESIAN_POINT('',(156.56814149,175.535815297,184.4));
#1196=DIRECTION('',(0.874545082,-0.484944223,0.));
#1197=DIRECTION('',(0.484944223,0.874545082,0.));
#1198=AXIS2_PLACEMENT_3D('',#1195,#1196,#1197);
#1199=PLANE('',#1198);
#1200=CARTESIAN_POINT('',(158.390052689,178.821437443,174.9932));
#1201=VERTEX_POINT('',#1200);
#1202=CARTESIAN_POINT('',(156.498770219,175.410711623,174.9932));
#1203=DIRECTION('',(0.874545082,-0.484944223,0.));
#1204=DIRECTION('',(0.484944223,0.874545082,0.));
#1205=AXIS2_PLACEMENT_3D('',#1202,#1203,#1204);
#1206=CIRCLE('',#1205,3.9);
#1207=EDGE_CURVE('',#1201,#1201,#1206,.T.);
#1208=ORIENTED_EDGE('',*,*,#1207,.T.);
#1209=EDGE_LOOP('',(#1208));
#1210=FACE_BOUND('',#1209,.T.);
#1211=CARTESIAN_POINT('',(142.453481146,150.081533751,185.));
#1212=VERTEX_POINT('',#1211);
#1213=CARTESIAN_POINT('',(170.666104669,200.95998529,185.));
#1214=VERTEX_POINT('',#1213);
#1215=CARTESIAN_POINT('',(142.453481146,150.081533751,185.));
#1216=DIRECTION('',(0.484944223,0.874545082,-0.));
#1217=VECTOR('',#1216,58.177048369);
#1218=LINE('',#1215,#1217);
#1219=EDGE_CURVE('',#1212,#1214,#1218,.T.);
#1220=ORIENTED_EDGE('',*,*,#1219,.T.);
#1221=CARTESIAN_POINT('',(170.666104669,200.95998529,185.));
#1222=DIRECTION('',(0.,0.,-1.));
#1223=VECTOR('',#1222,14.);
#1224=LINE('',#1221,#1223);
#1225=EDGE_CURVE('',#1214,#580,#1224,.T.);
#1226=ORIENTED_EDGE('',*,*,#1225,.T.);
#1227=ORIENTED_EDGE('',*,*,#585,.T.);
#1228=CARTESIAN_POINT('',(142.453481146,150.081533751,171.));
#1229=DIRECTION('',(-0.,-0.,1.));
#1230=VECTOR('',#1229,14.);
#1231=LINE('',#1228,#1230);
#1232=EDGE_CURVE('',#571,#1212,#1231,.T.);
#1233=ORIENTED_EDGE('',*,*,#1232,.T.);
#1234=EDGE_LOOP('',(#1220,#1226,#1227,#1233));
#1235=FACE_BOUND('',#1234,.T.);
#1236=ADVANCED_FACE('',(#1210,#1235),#1199,.F.);
#1237=CARTESIAN_POINT('',(455.954805414,797.71813799,186.));
#1238=DIRECTION('',(0.,0.,1.));
#1239=DIRECTION('',(-1.,0.,0.));
#1240=AXIS2_PLACEMENT_3D('',#1237,#1238,#1239);
#1241=PLANE('',#1240);
#1242=CARTESIAN_POINT('',(211.361908383,186.097241066,186.));
#1243=VERTEX_POINT('',#1242);
#1244=CARTESIAN_POINT('',(211.361908383,98.71813799,186.));
#1245=VERTEX_POINT('',#1244);
#1246=CARTESIAN_POINT('',(211.361908383,186.097241066,186.));
#1247=DIRECTION('',(-0.,-1.,0.));
#1248=VECTOR('',#1247,87.379103076);
#1249=LINE('',#1246,#1248);
#1250=EDGE_CURVE('',#1243,#1245,#1249,.T.);
#1251=ORIENTED_EDGE('',*,*,#1250,.T.);
#1252=CARTESIAN_POINT('',(229.683267015,98.71813799,186.));
#1253=VERTEX_POINT('',#1252);
#1254=CARTESIAN_POINT('',(211.361908383,98.71813799,186.));
#1255=DIRECTION('',(1.,-0.,-0.));
#1256=VECTOR('',#1255,18.321358632);
#1257=LINE('',#1254,#1256);
#1258=EDGE_CURVE('',#1245,#1253,#1257,.T.);
#1259=ORIENTED_EDGE('',*,*,#1258,.T.);
#1260=CARTESIAN_POINT('',(257.895890539,149.596589528,186.));
#1261=VERTEX_POINT('',#1260);
#1262=CARTESIAN_POINT('',(229.683267015,98.71813799,186.));
#1263=DIRECTION('',(0.484944223,0.874545082,0.));
#1264=VECTOR('',#1263,58.177048369);
#1265=LINE('',#1262,#1264);
#1266=EDGE_CURVE('',#1253,#1261,#1265,.T.);
#1267=ORIENTED_EDGE('',*,*,#1266,.T.);
#1268=CARTESIAN_POINT('',(229.683267015,200.475041066,186.));
#1269=VERTEX_POINT('',#1268);
#1270=CARTESIAN_POINT('',(257.895890539,149.596589528,186.));
#1271=DIRECTION('',(-0.484944223,0.874545082,0.));
#1272=VECTOR('',#1271,58.177048369);
#1273=LINE('',#1270,#1272);
#1274=EDGE_CURVE('',#1261,#1269,#1273,.T.);
#1275=ORIENTED_EDGE('',*,*,#1274,.T.);
#1276=CARTESIAN_POINT('',(216.111908383,200.475041066,186.));
#1277=VERTEX_POINT('',#1276);
#1278=CARTESIAN_POINT('',(229.683267015,200.475041066,186.));
#1279=DIRECTION('',(-1.,0.,0.));
#1280=VECTOR('',#1279,13.571358632);
#1281=LINE('',#1278,#1280);
#1282=EDGE_CURVE('',#1269,#1277,#1281,.T.);
#1283=ORIENTED_EDGE('',*,*,#1282,.T.);
#1284=CARTESIAN_POINT('',(216.111908383,198.975041066,186.));
#1285=VERTEX_POINT('',#1284);
#1286=CARTESIAN_POINT('',(216.111908383,200.475041066,186.));
#1287=DIRECTION('',(-0.,-1.,-0.));
#1288=VECTOR('',#1287,1.5);
#1289=LINE('',#1286,#1288);
#1290=EDGE_CURVE('',#1277,#1285,#1289,.T.);
#1291=ORIENTED_EDGE('',*,*,#1290,.T.);
#1292=CARTESIAN_POINT('',(222.611908383,198.975041066,186.));
#1293=VERTEX_POINT('',#1292);
#1294=CARTESIAN_POINT('',(216.111908383,198.975041066,186.));
#1295=DIRECTION('',(1.,-0.,-0.));
#1296=VECTOR('',#1295,6.5);
#1297=LINE('',#1294,#1296);
#1298=EDGE_CURVE('',#1285,#1293,#1297,.T.);
#1299=ORIENTED_EDGE('',*,*,#1298,.T.);
#1300=CARTESIAN_POINT('',(222.611908383,190.175041066,186.));
#1301=VERTEX_POINT('',#1300);
#1302=CARTESIAN_POINT('',(222.611908383,198.975041066,186.));
#1303=DIRECTION('',(-0.,-1.,-0.));
#1304=VECTOR('',#1303,8.8);
#1305=LINE('',#1302,#1304);
#1306=EDGE_CURVE('',#1293,#1301,#1305,.T.);
#1307=ORIENTED_EDGE('',*,*,#1306,.T.);
#1308=CARTESIAN_POINT('',(216.111908383,190.175041066,186.));
#1309=VERTEX_POINT('',#1308);
#1310=CARTESIAN_POINT('',(222.611908383,190.175041066,186.));
#1311=DIRECTION('',(-1.,0.,0.));
#1312=VECTOR('',#1311,6.5);
#1313=LINE('',#1310,#1312);
#1314=EDGE_CURVE('',#1301,#1309,#1313,.T.);
#1315=ORIENTED_EDGE('',*,*,#1314,.T.);
#1316=CARTESIAN_POINT('',(216.111908383,186.097241066,186.));
#1317=VERTEX_POINT('',#1316);
#1318=CARTESIAN_POINT('',(216.111908383,190.175041066,186.));
#1319=DIRECTION('',(-0.,-1.,-0.));
#1320=VECTOR('',#1319,4.0778);
#1321=LINE('',#1318,#1320);
#1322=EDGE_CURVE('',#1309,#1317,#1321,.T.);
#1323=ORIENTED_EDGE('',*,*,#1322,.T.);
#1324=CARTESIAN_POINT('',(216.111908383,186.097241066,186.));
#1325=DIRECTION('',(-1.,0.,-0.));
#1326=VECTOR('',#1325,4.75);
#1327=LINE('',#1324,#1326);
#1328=EDGE_CURVE('',#1317,#1243,#1327,.T.);
#1329=ORIENTED_EDGE('',*,*,#1328,.T.);
#1330=EDGE_LOOP('',(#1251,#1259,#1267,#1275,#1283,#1291,#1299,#1307,#1315,#1323,#1329));
#1331=FACE_BOUND('',#1330,.T.);
#1332=ADVANCED_FACE('',(#1331),#1241,.T.);
#1333=CARTESIAN_POINT('',(186.111908383,192.986141066,197.));
#1334=DIRECTION('',(-1.,0.,0.));
#1335=DIRECTION('',(0.,0.,-1.));
#1336=AXIS2_PLACEMENT_3D('',#1333,#1334,#1335);
#1337=PLANE('',#1336);
#1338=ORIENTED_EDGE('',*,*,#619,.T.);
#1339=CARTESIAN_POINT('',(186.111908383,200.475041066,185.));
#1340=VERTEX_POINT('',#1339);
#1341=CARTESIAN_POINT('',(186.111908383,200.475041066,171.));
#1342=DIRECTION('',(-0.,-0.,1.));
#1343=VECTOR('',#1342,14.);
#1344=LINE('',#1341,#1343);
#1345=EDGE_CURVE('',#605,#1340,#1344,.T.);
#1346=ORIENTED_EDGE('',*,*,#1345,.T.);
#1347=CARTESIAN_POINT('',(186.111908383,198.975041066,185.));
#1348=VERTEX_POINT('',#1347);
#1349=CARTESIAN_POINT('',(186.111908383,200.475041066,185.));
#1350=DIRECTION('',(-0.,-1.,0.));
#1351=VECTOR('',#1350,1.5);
#1352=LINE('',#1349,#1351);
#1353=EDGE_CURVE('',#1340,#1348,#1352,.T.);
#1354=ORIENTED_EDGE('',*,*,#1353,.T.);
#1355=CARTESIAN_POINT('',(186.111908383,198.975041066,185.));
#1356=DIRECTION('',(0.,0.,-1.));
#1357=VECTOR('',#1356,14.);
#1358=LINE('',#1355,#1357);
#1359=EDGE_CURVE('',#1348,#614,#1358,.T.);
#1360=ORIENTED_EDGE('',*,*,#1359,.T.);
#1361=EDGE_LOOP('',(#1338,#1346,#1354,#1360));
#1362=FACE_BOUND('',#1361,.T.);
#1363=ADVANCED_FACE('',(#1362),#1337,.F.);
#1364=CARTESIAN_POINT('',(200.611908383,187.097241066,197.));
#1365=DIRECTION('',(-0.,-1.,0.));
#1366=DIRECTION('',(0.,0.,1.));
#1367=AXIS2_PLACEMENT_3D('',#1364,#1365,#1366);
#1368=PLANE('',#1367);
#1369=CARTESIAN_POINT('',(191.861908383,187.097241066,178.4));
#1370=VERTEX_POINT('',#1369);
#1371=CARTESIAN_POINT('',(209.361908383,187.097241066,178.4));
#1372=VERTEX_POINT('',#1371);
#1373=CARTESIAN_POINT('',(191.861908383,187.097241066,178.4));
#1374=DIRECTION('',(1.,-0.,0.));
#1375=VECTOR('',#1374,17.5);
#1376=LINE('',#1373,#1375);
#1377=EDGE_CURVE('',#1370,#1372,#1376,.T.);
#1378=ORIENTED_EDGE('',*,*,#1377,.T.);
#1379=CARTESIAN_POINT('',(209.361908383,187.097241066,183.));
#1380=VERTEX_POINT('',#1379);
#1381=CARTESIAN_POINT('',(209.361908383,187.097241066,178.4));
#1382=DIRECTION('',(0.,0.,1.));
#1383=VECTOR('',#1382,4.6);
#1384=LINE('',#1381,#1383);
#1385=EDGE_CURVE('',#1372,#1380,#1384,.T.);
#1386=ORIENTED_EDGE('',*,*,#1385,.T.);
#1387=CARTESIAN_POINT('',(211.361908383,187.097241066,185.));
#1388=VERTEX_POINT('',#1387);
#1389=CARTESIAN_POINT('',(211.361908383,187.097241066,183.));
#1390=DIRECTION('',(0.,1.,-0.));
#1391=DIRECTION('',(0.,0.,1.));
#1392=AXIS2_PLACEMENT_3D('',#1389,#1390,#1391);
#1393=CIRCLE('',#1392,2.);
#1394=EDGE_CURVE('',#1380,#1388,#1393,.T.);
#1395=ORIENTED_EDGE('',*,*,#1394,.T.);
#1396=CARTESIAN_POINT('',(215.111908383,187.097241066,185.));
#1397=VERTEX_POINT('',#1396);
#1398=CARTESIAN_POINT('',(211.361908383,187.097241066,185.));
#1399=DIRECTION('',(1.,-0.,0.));
#1400=VECTOR('',#1399,3.75);
#1401=LINE('',#1398,#1400);
#1402=EDGE_CURVE('',#1388,#1397,#1401,.T.);
#1403=ORIENTED_EDGE('',*,*,#1402,.T.);
#1404=CARTESIAN_POINT('',(215.111908383,187.097241066,185.));
#1405=DIRECTION('',(0.,0.,-1.));
#1406=VECTOR('',#1405,14.);
#1407=LINE('',#1404,#1406);
#1408=EDGE_CURVE('',#1397,#663,#1407,.T.);
#1409=ORIENTED_EDGE('',*,*,#1408,.T.);
#1410=ORIENTED_EDGE('',*,*,#668,.T.);
#1411=ORIENTED_EDGE('',*,*,#507,.F.);
#1412=CARTESIAN_POINT('',(189.861908383,187.097241066,185.));
#1413=VERTEX_POINT('',#1412);
#1414=CARTESIAN_POINT('',(186.111908383,187.097241066,185.));
#1415=DIRECTION('',(1.,-0.,0.));
#1416=VECTOR('',#1415,3.75);
#1417=LINE('',#1414,#1416);
#1418=EDGE_CURVE('',#496,#1413,#1417,.T.);
#1419=ORIENTED_EDGE('',*,*,#1418,.T.);
#1420=CARTESIAN_POINT('',(191.861908383,187.097241066,183.));
#1421=VERTEX_POINT('',#1420);
#1422=CARTESIAN_POINT('',(189.861908383,187.097241066,183.));
#1423=DIRECTION('',(0.,1.,-0.));
#1424=DIRECTION('',(0.,0.,1.));
#1425=AXIS2_PLACEMENT_3D('',#1422,#1423,#1424);
#1426=CIRCLE('',#1425,2.);
#1427=EDGE_CURVE('',#1413,#1421,#1426,.T.);
#1428=ORIENTED_EDGE('',*,*,#1427,.T.);
#1429=CARTESIAN_POINT('',(191.861908383,187.097241066,183.));
#1430=DIRECTION('',(0.,0.,-1.));
#1431=VECTOR('',#1430,4.6);
#1432=LINE('',#1429,#1431);
#1433=EDGE_CURVE('',#1421,#1370,#1432,.T.);
#1434=ORIENTED_EDGE('',*,*,#1433,.T.);
#1435=EDGE_LOOP('',(#1378,#1386,#1395,#1403,#1409,#1410,#1411,#1419,#1428,#1434));
#1436=FACE_BOUND('',#1435,.T.);
#1437=ADVANCED_FACE('',(#1436),#1368,.F.);
#1438=CARTESIAN_POINT('',(215.111908383,192.986141066,197.));
#1439=DIRECTION('',(1.,-0.,0.));
#1440=DIRECTION('',(0.,0.,1.));
#1441=AXIS2_PLACEMENT_3D('',#1438,#1439,#1440);
#1442=PLANE('',#1441);
#1443=CARTESIAN_POINT('',(215.111908383,190.175041066,185.));
#1444=VERTEX_POINT('',#1443);
#1445=CARTESIAN_POINT('',(215.111908383,187.097241066,185.));
#1446=DIRECTION('',(0.,1.,0.));
#1447=VECTOR('',#1446,3.0778);
#1448=LINE('',#1445,#1447);
#1449=EDGE_CURVE('',#1397,#1444,#1448,.T.);
#1450=ORIENTED_EDGE('',*,*,#1449,.T.);
#1451=CARTESIAN_POINT('',(215.111908383,190.175041066,185.));
#1452=DIRECTION('',(0.,0.,-1.));
#1453=VECTOR('',#1452,14.);
#1454=LINE('',#1451,#1453);
#1455=EDGE_CURVE('',#1444,#671,#1454,.T.);
#1456=ORIENTED_EDGE('',*,*,#1455,.T.);
#1457=ORIENTED_EDGE('',*,*,#676,.T.);
#1458=ORIENTED_EDGE('',*,*,#1408,.F.);
#1459=EDGE_LOOP('',(#1450,#1456,#1457,#1458));
#1460=FACE_BOUND('',#1459,.T.);
#1461=ADVANCED_FACE('',(#1460),#1442,.F.);
#1462=CARTESIAN_POINT('',(200.611908383,76.497241066,179.4));
#1463=DIRECTION('',(0.,0.,1.));
#1464=DIRECTION('',(-1.,0.,0.));
#1465=AXIS2_PLACEMENT_3D('',#1462,#1463,#1464);
#1466=PLANE('',#1465);
#1467=CARTESIAN_POINT('',(192.861908383,98.71813799,179.4));
#1468=VERTEX_POINT('',#1467);
#1469=CARTESIAN_POINT('',(192.861908383,186.097241066,179.4));
#1470=VERTEX_POINT('',#1469);
#1471=CARTESIAN_POINT('',(192.861908383,98.71813799,179.4));
#1472=DIRECTION('',(0.,1.,0.));
#1473=VECTOR('',#1472,87.379103076);
#1474=LINE('',#1471,#1473);
#1475=EDGE_CURVE('',#1468,#1470,#1474,.T.);
#1476=ORIENTED_EDGE('',*,*,#1475,.F.);
#1477=CARTESIAN_POINT('',(208.361908383,98.71813799,179.4));
#1478=VERTEX_POINT('',#1477);
#1479=CARTESIAN_POINT('',(192.861908383,98.71813799,179.4));
#1480=DIRECTION('',(1.,-0.,-0.));
#1481=VECTOR('',#1480,15.5);
#1482=LINE('',#1479,#1481);
#1483=EDGE_CURVE('',#1468,#1478,#1482,.T.);
#1484=ORIENTED_EDGE('',*,*,#1483,.T.);
#1485=CARTESIAN_POINT('',(208.361908383,186.097241066,179.4));
#1486=VERTEX_POINT('',#1485);
#1487=CARTESIAN_POINT('',(208.361908383,98.71813799,179.4));
#1488=DIRECTION('',(0.,1.,0.));
#1489=VECTOR('',#1488,87.379103076);
#1490=LINE('',#1487,#1489);
#1491=EDGE_CURVE('',#1478,#1486,#1490,.T.);
#1492=ORIENTED_EDGE('',*,*,#1491,.T.);
#1493=CARTESIAN_POINT('',(208.361908383,186.097241066,179.4));
#1494=DIRECTION('',(-1.,0.,-0.));
#1495=VECTOR('',#1494,15.5);
#1496=LINE('',#1493,#1495);
#1497=EDGE_CURVE('',#1486,#1470,#1496,.T.);
#1498=ORIENTED_EDGE('',*,*,#1497,.T.);
#1499=EDGE_LOOP('',(#1476,#1484,#1492,#1498));
#1500=FACE_BOUND('',#1499,.T.);
#1501=ADVANCED_FACE('',(#1500),#1466,.T.);
#1502=CARTESIAN_POINT('',(192.861908383,76.497241066,183.));
#1503=DIRECTION('',(1.,-0.,0.));
#1504=DIRECTION('',(0.,0.,1.));
#1505=AXIS2_PLACEMENT_3D('',#1502,#1503,#1504);
#1506=PLANE('',#1505);
#1507=CARTESIAN_POINT('',(192.861908383,186.097241066,183.));
#1508=VERTEX_POINT('',#1507);
#1509=CARTESIAN_POINT('',(192.861908383,98.71813799,183.));
#1510=VERTEX_POINT('',#1509);
#1511=CARTESIAN_POINT('',(192.861908383,186.097241066,183.));
#1512=DIRECTION('',(-0.,-1.,0.));
#1513=VECTOR('',#1512,87.379103076);
#1514=LINE('',#1511,#1513);
#1515=EDGE_CURVE('',#1508,#1510,#1514,.T.);
#1516=ORIENTED_EDGE('',*,*,#1515,.T.);
#1517=CARTESIAN_POINT('',(192.861908383,98.71813799,183.));
#1518=DIRECTION('',(-0.,-0.,-1.));
#1519=VECTOR('',#1518,3.6);
#1520=LINE('',#1517,#1519);
#1521=EDGE_CURVE('',#1510,#1468,#1520,.T.);
#1522=ORIENTED_EDGE('',*,*,#1521,.T.);
#1523=ORIENTED_EDGE('',*,*,#1475,.T.);
#1524=CARTESIAN_POINT('',(192.861908383,186.097241066,179.4));
#1525=DIRECTION('',(-0.,-0.,1.));
#1526=VECTOR('',#1525,3.6);
#1527=LINE('',#1524,#1526);
#1528=EDGE_CURVE('',#1470,#1508,#1527,.T.);
#1529=ORIENTED_EDGE('',*,*,#1528,.T.);
#1530=EDGE_LOOP('',(#1516,#1522,#1523,#1529));
#1531=FACE_BOUND('',#1530,.T.);
#1532=ADVANCED_FACE('',(#1531),#1506,.T.);
#1533=CARTESIAN_POINT('',(208.361908383,76.497241066,183.));
#1534=DIRECTION('',(-1.,0.,0.));
#1535=DIRECTION('',(0.,0.,-1.));
#1536=AXIS2_PLACEMENT_3D('',#1533,#1534,#1535);
#1537=PLANE('',#1536);
#1538=ORIENTED_EDGE('',*,*,#1491,.F.);
#1539=CARTESIAN_POINT('',(208.361908383,98.71813799,183.));
#1540=VERTEX_POINT('',#1539);
#1541=CARTESIAN_POINT('',(208.361908383,98.71813799,179.4));
#1542=DIRECTION('',(-0.,-0.,1.));
#1543=VECTOR('',#1542,3.6);
#1544=LINE('',#1541,#1543);
#1545=EDGE_CURVE('',#1478,#1540,#1544,.T.);
#1546=ORIENTED_EDGE('',*,*,#1545,.T.);
#1547=CARTESIAN_POINT('',(208.361908383,186.097241066,183.));
#1548=VERTEX_POINT('',#1547);
#1549=CARTESIAN_POINT('',(208.361908383,98.71813799,183.));
#1550=DIRECTION('',(0.,1.,-0.));
#1551=VECTOR('',#1550,87.379103076);
#1552=LINE('',#1549,#1551);
#1553=EDGE_CURVE('',#1540,#1548,#1552,.T.);
#1554=ORIENTED_EDGE('',*,*,#1553,.T.);
#1555=CARTESIAN_POINT('',(208.361908383,186.097241066,183.));
#1556=DIRECTION('',(-0.,-0.,-1.));
#1557=VECTOR('',#1556,3.6);
#1558=LINE('',#1555,#1557);
#1559=EDGE_CURVE('',#1548,#1486,#1558,.T.);
#1560=ORIENTED_EDGE('',*,*,#1559,.T.);
#1561=EDGE_LOOP('',(#1538,#1546,#1554,#1560));
#1562=FACE_BOUND('',#1561,.T.);
#1563=ADVANCED_FACE('',(#1562),#1537,.T.);
#1564=CARTESIAN_POINT('',(211.361908383,797.71813799,183.));
#1565=DIRECTION('',(-0.,-1.,0.));
#1566=DIRECTION('',(0.,0.,1.));
#1567=AXIS2_PLACEMENT_3D('',#1564,#1565,#1566);
#1568=CYLINDRICAL_SURFACE('',#1567,3.);
#1569=ORIENTED_EDGE('',*,*,#1553,.F.);
#1570=CARTESIAN_POINT('',(211.361908383,98.71813799,183.));
#1571=DIRECTION('',(0.,1.,-0.));
#1572=DIRECTION('',(0.,0.,1.));
#1573=AXIS2_PLACEMENT_3D('',#1570,#1571,#1572);
#1574=CIRCLE('',#1573,3.);
#1575=EDGE_CURVE('',#1540,#1245,#1574,.T.);
#1576=ORIENTED_EDGE('',*,*,#1575,.T.);
#1577=ORIENTED_EDGE('',*,*,#1250,.F.);
#1578=CARTESIAN_POINT('',(211.361908383,186.097241066,183.));
#1579=DIRECTION('',(-0.,-1.,0.));
#1580=DIRECTION('',(0.,0.,1.));
#1581=AXIS2_PLACEMENT_3D('',#1578,#1579,#1580);
#1582=CIRCLE('',#1581,3.);
#1583=EDGE_CURVE('',#1243,#1548,#1582,.T.);
#1584=ORIENTED_EDGE('',*,*,#1583,.T.);
#1585=EDGE_LOOP('',(#1569,#1576,#1577,#1584));
#1586=FACE_BOUND('',#1585,.T.);
#1587=ADVANCED_FACE('',(#1586),#1568,.T.);
#1588=CARTESIAN_POINT('',(189.861908383,76.497241066,183.));
#1589=DIRECTION('',(-0.,-1.,0.));
#1590=DIRECTION('',(0.,0.,1.));
#1591=AXIS2_PLACEMENT_3D('',#1588,#1589,#1590);
#1592=CYLINDRICAL_SURFACE('',#1591,3.);
#1593=ORIENTED_EDGE('',*,*,#882,.F.);
#1594=CARTESIAN_POINT('',(189.861908383,98.71813799,183.));
#1595=DIRECTION('',(0.,1.,-0.));
#1596=DIRECTION('',(0.,0.,1.));
#1597=AXIS2_PLACEMENT_3D('',#1594,#1595,#1596);
#1598=CIRCLE('',#1597,3.);
#1599=EDGE_CURVE('',#869,#1510,#1598,.T.);
#1600=ORIENTED_EDGE('',*,*,#1599,.T.);
#1601=ORIENTED_EDGE('',*,*,#1515,.F.);
#1602=CARTESIAN_POINT('',(189.861908383,186.097241066,183.));
#1603=DIRECTION('',(-0.,-1.,0.));
#1604=DIRECTION('',(0.,0.,1.));
#1605=AXIS2_PLACEMENT_3D('',#1602,#1603,#1604);
#1606=CIRCLE('',#1605,3.);
#1607=EDGE_CURVE('',#1508,#877,#1606,.T.);
#1608=ORIENTED_EDGE('',*,*,#1607,.T.);
#1609=EDGE_LOOP('',(#1593,#1600,#1601,#1608));
#1610=FACE_BOUND('',#1609,.T.);
#1611=ADVANCED_FACE('',(#1610),#1592,.T.);
#1612=CARTESIAN_POINT('',(218.961908383,191.175041066,211.));
#1613=DIRECTION('',(-0.,-1.,0.));
#1614=DIRECTION('',(0.,0.,1.));
#1615=AXIS2_PLACEMENT_3D('',#1612,#1613,#1614);
#1616=PLANE('',#1615);
#1617=ORIENTED_EDGE('',*,*,#693,.T.);
#1618=CARTESIAN_POINT('',(216.111908383,191.175041066,185.));
#1619=VERTEX_POINT('',#1618);
#1620=CARTESIAN_POINT('',(216.111908383,191.175041066,171.));
#1621=DIRECTION('',(-0.,-0.,1.));
#1622=VECTOR('',#1621,14.);
#1623=LINE('',#1620,#1622);
#1624=EDGE_CURVE('',#679,#1619,#1623,.T.);
#1625=ORIENTED_EDGE('',*,*,#1624,.T.);
#1626=CARTESIAN_POINT('',(221.611908383,191.175041066,185.));
#1627=VERTEX_POINT('',#1626);
#1628=CARTESIAN_POINT('',(216.111908383,191.175041066,185.));
#1629=DIRECTION('',(1.,-0.,-0.));
#1630=VECTOR('',#1629,5.5);
#1631=LINE('',#1628,#1630);
#1632=EDGE_CURVE('',#1619,#1627,#1631,.T.);
#1633=ORIENTED_EDGE('',*,*,#1632,.T.);
#1634=CARTESIAN_POINT('',(221.611908383,191.175041066,185.));
#1635=DIRECTION('',(0.,0.,-1.));
#1636=VECTOR('',#1635,14.);
#1637=LINE('',#1634,#1636);
#1638=EDGE_CURVE('',#1627,#688,#1637,.T.);
#1639=ORIENTED_EDGE('',*,*,#1638,.T.);
#1640=EDGE_LOOP('',(#1617,#1625,#1633,#1639));
#1641=FACE_BOUND('',#1640,.T.);
#1642=ADVANCED_FACE('',(#1641),#1616,.F.);
#1643=CARTESIAN_POINT('',(221.611908383,194.575041066,211.));
#1644=DIRECTION('',(1.,-0.,0.));
#1645=DIRECTION('',(0.,0.,1.));
#1646=AXIS2_PLACEMENT_3D('',#1643,#1644,#1645);
#1647=PLANE('',#1646);
#1648=ORIENTED_EDGE('',*,*,#1638,.F.);
#1649=CARTESIAN_POINT('',(221.611908383,197.975041066,185.));
#1650=VERTEX_POINT('',#1649);
#1651=CARTESIAN_POINT('',(221.611908383,191.175041066,185.));
#1652=DIRECTION('',(0.,1.,0.));
#1653=VECTOR('',#1652,6.8);
#1654=LINE('',#1651,#1653);
#1655=EDGE_CURVE('',#1627,#1650,#1654,.T.);
#1656=ORIENTED_EDGE('',*,*,#1655,.T.);
#1657=CARTESIAN_POINT('',(221.611908383,197.975041066,185.));
#1658=DIRECTION('',(0.,0.,-1.));
#1659=VECTOR('',#1658,14.);
#1660=LINE('',#1657,#1659);
#1661=EDGE_CURVE('',#1650,#696,#1660,.T.);
#1662=ORIENTED_EDGE('',*,*,#1661,.T.);
#1663=ORIENTED_EDGE('',*,*,#701,.T.);
#1664=EDGE_LOOP('',(#1648,#1656,#1662,#1663));
#1665=FACE_BOUND('',#1664,.T.);
#1666=ADVANCED_FACE('',(#1665),#1647,.F.);
#1667=CARTESIAN_POINT('',(218.961908383,197.975041066,211.));
#1668=DIRECTION('',(0.,1.,0.));
#1669=DIRECTION('',(0.,0.,-1.));
#1670=AXIS2_PLACEMENT_3D('',#1667,#1668,#1669);
#1671=PLANE('',#1670);
#1672=CARTESIAN_POINT('',(216.111908383,197.975041066,185.));
#1673=VERTEX_POINT('',#1672);
#1674=CARTESIAN_POINT('',(221.611908383,197.975041066,185.));
#1675=DIRECTION('',(-1.,0.,0.));
#1676=VECTOR('',#1675,5.5);
#1677=LINE('',#1674,#1676);
#1678=EDGE_CURVE('',#1650,#1673,#1677,.T.);
#1679=ORIENTED_EDGE('',*,*,#1678,.T.);
#1680=CARTESIAN_POINT('',(216.111908383,197.975041066,185.));
#1681=DIRECTION('',(0.,0.,-1.));
#1682=VECTOR('',#1681,14.);
#1683=LINE('',#1680,#1682);
#1684=EDGE_CURVE('',#1673,#704,#1683,.T.);
#1685=ORIENTED_EDGE('',*,*,#1684,.T.);
#1686=ORIENTED_EDGE('',*,*,#709,.T.);
#1687=ORIENTED_EDGE('',*,*,#1661,.F.);
#1688=EDGE_LOOP('',(#1679,#1685,#1686,#1687));
#1689=FACE_BOUND('',#1688,.T.);
#1690=ADVANCED_FACE('',(#1689),#1671,.F.);
#1691=CARTESIAN_POINT('',(179.611908383,194.575041066,203.));
#1692=DIRECTION('',(-1.,0.,0.));
#1693=DIRECTION('',(0.,0.,-1.));
#1694=AXIS2_PLACEMENT_3D('',#1691,#1692,#1693);
#1695=PLANE('',#1694);
#1696=CARTESIAN_POINT('',(179.611908383,197.975041066,185.));
#1697=VERTEX_POINT('',#1696);
#1698=CARTESIAN_POINT('',(179.611908383,197.975041066,185.));
#1699=DIRECTION('',(0.,0.,-1.));
#1700=VECTOR('',#1699,14.);
#1701=LINE('',#1698,#1700);
#1702=EDGE_CURVE('',#1697,#631,#1701,.T.);
#1703=ORIENTED_EDGE('',*,*,#1702,.F.);
#1704=CARTESIAN_POINT('',(179.611908383,191.175041066,185.));
#1705=VERTEX_POINT('',#1704);
#1706=CARTESIAN_POINT('',(179.611908383,197.975041066,185.));
#1707=DIRECTION('',(-0.,-1.,0.));
#1708=VECTOR('',#1707,6.8);
#1709=LINE('',#1706,#1708);
#1710=EDGE_CURVE('',#1697,#1705,#1709,.T.);
#1711=ORIENTED_EDGE('',*,*,#1710,.T.);
#1712=CARTESIAN_POINT('',(179.611908383,191.175041066,185.));
#1713=DIRECTION('',(0.,0.,-1.));
#1714=VECTOR('',#1713,14.);
#1715=LINE('',#1712,#1714);
#1716=EDGE_CURVE('',#1705,#639,#1715,.T.);
#1717=ORIENTED_EDGE('',*,*,#1716,.T.);
#1718=ORIENTED_EDGE('',*,*,#644,.T.);
#1719=EDGE_LOOP('',(#1703,#1711,#1717,#1718));
#1720=FACE_BOUND('',#1719,.T.);
#1721=ADVANCED_FACE('',(#1720),#1695,.F.);
#1722=CARTESIAN_POINT('',(182.261908383,191.175041066,203.));
#1723=DIRECTION('',(-0.,-1.,0.));
#1724=DIRECTION('',(0.,0.,1.));
#1725=AXIS2_PLACEMENT_3D('',#1722,#1723,#1724);
#1726=PLANE('',#1725);
#1727=CARTESIAN_POINT('',(185.111908383,191.175041066,185.));
#1728=VERTEX_POINT('',#1727);
#1729=CARTESIAN_POINT('',(179.611908383,191.175041066,185.));
#1730=DIRECTION('',(1.,-0.,0.));
#1731=VECTOR('',#1730,5.5);
#1732=LINE('',#1729,#1731);
#1733=EDGE_CURVE('',#1705,#1728,#1732,.T.);
#1734=ORIENTED_EDGE('',*,*,#1733,.T.);
#1735=CARTESIAN_POINT('',(185.111908383,191.175041066,185.));
#1736=DIRECTION('',(0.,0.,-1.));
#1737=VECTOR('',#1736,14.);
#1738=LINE('',#1735,#1737);
#1739=EDGE_CURVE('',#1728,#647,#1738,.T.);
#1740=ORIENTED_EDGE('',*,*,#1739,.T.);
#1741=ORIENTED_EDGE('',*,*,#652,.T.);
#1742=ORIENTED_EDGE('',*,*,#1716,.F.);
#1743=EDGE_LOOP('',(#1734,#1740,#1741,#1742));
#1744=FACE_BOUND('',#1743,.T.);
#1745=ADVANCED_FACE('',(#1744),#1726,.F.);
#1746=CARTESIAN_POINT('',(182.261908383,197.975041066,203.));
#1747=DIRECTION('',(0.,1.,0.));
#1748=DIRECTION('',(0.,0.,-1.));
#1749=AXIS2_PLACEMENT_3D('',#1746,#1747,#1748);
#1750=PLANE('',#1749);
#1751=ORIENTED_EDGE('',*,*,#636,.T.);
#1752=CARTESIAN_POINT('',(185.111908383,197.975041066,185.));
#1753=VERTEX_POINT('',#1752);
#1754=CARTESIAN_POINT('',(185.111908383,197.975041066,171.));
#1755=DIRECTION('',(-0.,-0.,1.));
#1756=VECTOR('',#1755,14.);
#1757=LINE('',#1754,#1756);
#1758=EDGE_CURVE('',#622,#1753,#1757,.T.);
#1759=ORIENTED_EDGE('',*,*,#1758,.T.);
#1760=CARTESIAN_POINT('',(185.111908383,197.975041066,185.));
#1761=DIRECTION('',(-1.,0.,0.));
#1762=VECTOR('',#1761,5.5);
#1763=LINE('',#1760,#1762);
#1764=EDGE_CURVE('',#1753,#1697,#1763,.T.);
#1765=ORIENTED_EDGE('',*,*,#1764,.T.);
#1766=ORIENTED_EDGE('',*,*,#1702,.T.);
#1767=EDGE_LOOP('',(#1751,#1759,#1765,#1766));
#1768=FACE_BOUND('',#1767,.T.);
#1769=ADVANCED_FACE('',(#1768),#1750,.F.);
#1770=CARTESIAN_POINT('',(455.954805414,190.175041066,185.));
#1771=DIRECTION('',(1.,-0.,0.));
#1772=DIRECTION('',(0.,0.,1.));
#1773=AXIS2_PLACEMENT_3D('',#1770,#1771,#1772);
#1774=CYLINDRICAL_SURFACE('',#1773,1.);
#1775=ORIENTED_EDGE('',*,*,#1632,.F.);
#1776=CARTESIAN_POINT('',(216.111908383,190.175041066,185.));
#1777=DIRECTION('',(1.,-0.,0.));
#1778=DIRECTION('',(0.,0.,1.));
#1779=AXIS2_PLACEMENT_3D('',#1776,#1777,#1778);
#1780=CIRCLE('',#1779,1.);
#1781=EDGE_CURVE('',#1619,#1309,#1780,.T.);
#1782=ORIENTED_EDGE('',*,*,#1781,.T.);
#1783=ORIENTED_EDGE('',*,*,#1314,.F.);
#1784=CARTESIAN_POINT('',(222.611908383,190.175041066,185.));
#1785=DIRECTION('',(-0.707106781,-0.707106781,0.));
#1786=DIRECTION('',(0.707106781,-0.707106781,0.));
#1787=AXIS2_PLACEMENT_3D('',#1784,#1785,#1786);
#1788=ELLIPSE('',#1787,1.414213562,1.);
#1789=EDGE_CURVE('',#1301,#1627,#1788,.T.);
#1790=ORIENTED_EDGE('',*,*,#1789,.T.);
#1791=EDGE_LOOP('',(#1775,#1782,#1783,#1790));
#1792=FACE_BOUND('',#1791,.T.);
#1793=ADVANCED_FACE('',(#1792),#1774,.T.);
#1794=CARTESIAN_POINT('',(222.611908383,194.575041066,185.));
#1795=DIRECTION('',(-0.,-1.,0.));
#1796=DIRECTION('',(0.,0.,1.));
#1797=AXIS2_PLACEMENT_3D('',#1794,#1795,#1796);
#1798=CYLINDRICAL_SURFACE('',#1797,1.);
#1799=ORIENTED_EDGE('',*,*,#1789,.F.);
#1800=ORIENTED_EDGE('',*,*,#1306,.F.);
#1801=CARTESIAN_POINT('',(222.611908383,198.975041066,185.));
#1802=DIRECTION('',(0.707106781,-0.707106781,0.));
#1803=DIRECTION('',(0.707106781,0.707106781,0.));
#1804=AXIS2_PLACEMENT_3D('',#1801,#1802,#1803);
#1805=ELLIPSE('',#1804,1.414213562,1.);
#1806=EDGE_CURVE('',#1293,#1650,#1805,.T.);
#1807=ORIENTED_EDGE('',*,*,#1806,.T.);
#1808=ORIENTED_EDGE('',*,*,#1655,.F.);
#1809=EDGE_LOOP('',(#1799,#1800,#1807,#1808));
#1810=FACE_BOUND('',#1809,.T.);
#1811=ADVANCED_FACE('',(#1810),#1798,.T.);
#1812=CARTESIAN_POINT('',(218.961908383,198.975041066,185.));
#1813=DIRECTION('',(1.,-0.,0.));
#1814=DIRECTION('',(0.,0.,1.));
#1815=AXIS2_PLACEMENT_3D('',#1812,#1813,#1814);
#1816=CYLINDRICAL_SURFACE('',#1815,1.);
#1817=ORIENTED_EDGE('',*,*,#1298,.F.);
#1818=CARTESIAN_POINT('',(216.111908383,198.975041066,185.));
#1819=DIRECTION('',(1.,-0.,0.));
#1820=DIRECTION('',(0.,0.,1.));
#1821=AXIS2_PLACEMENT_3D('',#1818,#1819,#1820);
#1822=CIRCLE('',#1821,1.);
#1823=EDGE_CURVE('',#1285,#1673,#1822,.T.);
#1824=ORIENTED_EDGE('',*,*,#1823,.T.);
#1825=ORIENTED_EDGE('',*,*,#1678,.F.);
#1826=ORIENTED_EDGE('',*,*,#1806,.F.);
#1827=EDGE_LOOP('',(#1817,#1824,#1825,#1826));
#1828=FACE_BOUND('',#1827,.T.);
#1829=ADVANCED_FACE('',(#1828),#1816,.T.);
#1830=CARTESIAN_POINT('',(182.261908383,190.175041066,185.));
#1831=DIRECTION('',(-1.,0.,0.));
#1832=DIRECTION('',(0.,0.,-1.));
#1833=AXIS2_PLACEMENT_3D('',#1830,#1831,#1832);
#1834=CYLINDRICAL_SURFACE('',#1833,1.);
#1835=ORIENTED_EDGE('',*,*,#906,.F.);
#1836=CARTESIAN_POINT('',(185.111908383,190.175041066,185.));
#1837=DIRECTION('',(-1.,0.,0.));
#1838=DIRECTION('',(0.,0.,-1.));
#1839=AXIS2_PLACEMENT_3D('',#1836,#1837,#1838);
#1840=CIRCLE('',#1839,1.);
#1841=EDGE_CURVE('',#893,#1728,#1840,.T.);
#1842=ORIENTED_EDGE('',*,*,#1841,.T.);
#1843=ORIENTED_EDGE('',*,*,#1733,.F.);
#1844=CARTESIAN_POINT('',(178.611908383,190.175041066,185.));
#1845=DIRECTION('',(0.707106781,-0.707106781,-0.));
#1846=DIRECTION('',(0.707106781,0.707106781,0.));
#1847=AXIS2_PLACEMENT_3D('',#1844,#1845,#1846);
#1848=ELLIPSE('',#1847,1.414213562,1.);
#1849=EDGE_CURVE('',#1705,#901,#1848,.T.);
#1850=ORIENTED_EDGE('',*,*,#1849,.T.);
#1851=EDGE_LOOP('',(#1835,#1842,#1843,#1850));
#1852=FACE_BOUND('',#1851,.T.);
#1853=ADVANCED_FACE('',(#1852),#1834,.T.);
#1854=CARTESIAN_POINT('',(178.611908383,194.575041066,185.));
#1855=DIRECTION('',(0.,1.,0.));
#1856=DIRECTION('',(0.,0.,-1.));
#1857=AXIS2_PLACEMENT_3D('',#1854,#1855,#1856);
#1858=CYLINDRICAL_SURFACE('',#1857,1.);
#1859=ORIENTED_EDGE('',*,*,#1710,.F.);
#1860=CARTESIAN_POINT('',(178.611908383,198.975041066,185.));
#1861=DIRECTION('',(-0.707106781,-0.707106781,-0.));
#1862=DIRECTION('',(0.707106781,-0.707106781,0.));
#1863=AXIS2_PLACEMENT_3D('',#1860,#1861,#1862);
#1864=ELLIPSE('',#1863,1.414213562,1.);
#1865=EDGE_CURVE('',#1697,#909,#1864,.T.);
#1866=ORIENTED_EDGE('',*,*,#1865,.T.);
#1867=ORIENTED_EDGE('',*,*,#914,.F.);
#1868=ORIENTED_EDGE('',*,*,#1849,.F.);
#1869=EDGE_LOOP('',(#1859,#1866,#1867,#1868));
#1870=FACE_BOUND('',#1869,.T.);
#1871=ADVANCED_FACE('',(#1870),#1858,.T.);
#1872=CARTESIAN_POINT('',(182.261908383,198.975041066,185.));
#1873=DIRECTION('',(1.,-0.,0.));
#1874=DIRECTION('',(0.,0.,1.));
#1875=AXIS2_PLACEMENT_3D('',#1872,#1873,#1874);
#1876=CYLINDRICAL_SURFACE('',#1875,1.);
#1877=ORIENTED_EDGE('',*,*,#1764,.F.);
#1878=CARTESIAN_POINT('',(185.111908383,198.975041066,185.));
#1879=DIRECTION('',(-1.,0.,-0.));
#1880=DIRECTION('',(0.,0.,1.));
#1881=AXIS2_PLACEMENT_3D('',#1878,#1879,#1880);
#1882=CIRCLE('',#1881,1.);
#1883=EDGE_CURVE('',#1753,#835,#1882,.T.);
#1884=ORIENTED_EDGE('',*,*,#1883,.T.);
#1885=ORIENTED_EDGE('',*,*,#920,.F.);
#1886=ORIENTED_EDGE('',*,*,#1865,.F.);
#1887=EDGE_LOOP('',(#1877,#1884,#1885,#1886));
#1888=FACE_BOUND('',#1887,.T.);
#1889=ADVANCED_FACE('',(#1888),#1876,.T.);
#1890=CARTESIAN_POINT('',(185.111908383,192.986141066,185.));
#1891=DIRECTION('',(0.,1.,0.));
#1892=DIRECTION('',(0.,0.,-1.));
#1893=AXIS2_PLACEMENT_3D('',#1890,#1891,#1892);
#1894=CYLINDRICAL_SURFACE('',#1893,1.);
#1895=CARTESIAN_POINT('',(185.111908383,190.175041066,185.));
#1896=DIRECTION('',(0.,1.,0.));
#1897=DIRECTION('',(0.,0.,-1.));
#1898=AXIS2_PLACEMENT_3D('',#1895,#1896,#1897);
#1899=CIRCLE('',#1898,1.);
#1900=EDGE_CURVE('',#893,#488,#1899,.T.);
#1901=ORIENTED_EDGE('',*,*,#1900,.F.);
#1902=ORIENTED_EDGE('',*,*,#898,.F.);
#1903=CARTESIAN_POINT('',(185.111908383,186.097241066,185.));
#1904=DIRECTION('',(-0.707106781,0.707106781,0.));
#1905=DIRECTION('',(-0.707106781,-0.707106781,0.));
#1906=AXIS2_PLACEMENT_3D('',#1903,#1904,#1905);
#1907=ELLIPSE('',#1906,1.414213562,1.);
#1908=EDGE_CURVE('',#885,#496,#1907,.T.);
#1909=ORIENTED_EDGE('',*,*,#1908,.T.);
#1910=ORIENTED_EDGE('',*,*,#501,.F.);
#1911=EDGE_LOOP('',(#1901,#1902,#1909,#1910));
#1912=FACE_BOUND('',#1911,.T.);
#1913=ADVANCED_FACE('',(#1912),#1894,.T.);
#1914=CARTESIAN_POINT('',(185.111908383,190.175041066,185.));
#1915=DIRECTION('',(-1.,0.,0.));
#1916=DIRECTION('',(0.,0.,-1.));
#1917=AXIS2_PLACEMENT_3D('',#1914,#1915,#1916);
#1918=SPHERICAL_SURFACE('',#1917,1.);
#1919=ORIENTED_EDGE('',*,*,#1841,.F.);
#1920=ORIENTED_EDGE('',*,*,#1900,.T.);
#1921=CARTESIAN_POINT('',(185.111908383,190.175041066,185.));
#1922=DIRECTION('',(0.,0.,-1.));
#1923=DIRECTION('',(1.,-0.,0.));
#1924=AXIS2_PLACEMENT_3D('',#1921,#1922,#1923);
#1925=CIRCLE('',#1924,1.);
#1926=EDGE_CURVE('',#1728,#488,#1925,.T.);
#1927=ORIENTED_EDGE('',*,*,#1926,.F.);
#1928=EDGE_LOOP('',(#1919,#1920,#1927));
#1929=FACE_BOUND('',#1928,.T.);
#1930=ADVANCED_FACE('',(#1929),#1918,.T.);
#1931=CARTESIAN_POINT('',(185.111908383,190.175041066,203.));
#1932=DIRECTION('',(0.,0.,-1.));
#1933=DIRECTION('',(1.,-0.,0.));
#1934=AXIS2_PLACEMENT_3D('',#1931,#1932,#1933);
#1935=CYLINDRICAL_SURFACE('',#1934,1.);
#1936=ORIENTED_EDGE('',*,*,#1926,.T.);
#1937=ORIENTED_EDGE('',*,*,#493,.F.);
#1938=ORIENTED_EDGE('',*,*,#659,.F.);
#1939=ORIENTED_EDGE('',*,*,#1739,.F.);
#1940=EDGE_LOOP('',(#1936,#1937,#1938,#1939));
#1941=FACE_BOUND('',#1940,.T.);
#1942=ADVANCED_FACE('',(#1941),#1935,.T.);
#1943=CARTESIAN_POINT('',(185.111908383,192.986141066,185.));
#1944=DIRECTION('',(0.,1.,0.));
#1945=DIRECTION('',(0.,0.,-1.));
#1946=AXIS2_PLACEMENT_3D('',#1943,#1944,#1945);
#1947=CYLINDRICAL_SURFACE('',#1946,1.);
#1948=ORIENTED_EDGE('',*,*,#1353,.F.);
#1949=CARTESIAN_POINT('',(185.111908383,200.475041066,185.));
#1950=DIRECTION('',(-0.,-1.,-0.));
#1951=DIRECTION('',(0.,0.,-1.));
#1952=AXIS2_PLACEMENT_3D('',#1949,#1950,#1951);
#1953=CIRCLE('',#1952,1.);
#1954=EDGE_CURVE('',#1340,#837,#1953,.T.);
#1955=ORIENTED_EDGE('',*,*,#1954,.T.);
#1956=ORIENTED_EDGE('',*,*,#842,.F.);
#1957=CARTESIAN_POINT('',(185.111908383,198.975041066,185.));
#1958=DIRECTION('',(-0.,-1.,0.));
#1959=DIRECTION('',(0.,0.,1.));
#1960=AXIS2_PLACEMENT_3D('',#1957,#1958,#1959);
#1961=CIRCLE('',#1960,1.);
#1962=EDGE_CURVE('',#1348,#835,#1961,.T.);
#1963=ORIENTED_EDGE('',*,*,#1962,.F.);
#1964=EDGE_LOOP('',(#1948,#1955,#1956,#1963));
#1965=FACE_BOUND('',#1964,.T.);
#1966=ADVANCED_FACE('',(#1965),#1947,.T.);
#1967=CARTESIAN_POINT('',(185.111908383,198.975041066,185.));
#1968=DIRECTION('',(-1.,0.,0.));
#1969=DIRECTION('',(0.,0.,-1.));
#1970=AXIS2_PLACEMENT_3D('',#1967,#1968,#1969);
#1971=SPHERICAL_SURFACE('',#1970,1.);
#1972=ORIENTED_EDGE('',*,*,#1962,.T.);
#1973=ORIENTED_EDGE('',*,*,#1883,.F.);
#1974=CARTESIAN_POINT('',(185.111908383,198.975041066,185.));
#1975=DIRECTION('',(0.,0.,-1.));
#1976=DIRECTION('',(1.,-0.,0.));
#1977=AXIS2_PLACEMENT_3D('',#1974,#1975,#1976);
#1978=CIRCLE('',#1977,1.);
#1979=EDGE_CURVE('',#1348,#1753,#1978,.T.);
#1980=ORIENTED_EDGE('',*,*,#1979,.F.);
#1981=EDGE_LOOP('',(#1972,#1973,#1980));
#1982=FACE_BOUND('',#1981,.T.);
#1983=ADVANCED_FACE('',(#1982),#1971,.T.);
#1984=CARTESIAN_POINT('',(185.111908383,198.975041066,197.));
#1985=DIRECTION('',(0.,0.,-1.));
#1986=DIRECTION('',(1.,-0.,0.));
#1987=AXIS2_PLACEMENT_3D('',#1984,#1985,#1986);
#1988=CYLINDRICAL_SURFACE('',#1987,1.);
#1989=ORIENTED_EDGE('',*,*,#1979,.T.);
#1990=ORIENTED_EDGE('',*,*,#1758,.F.);
#1991=ORIENTED_EDGE('',*,*,#628,.F.);
#1992=ORIENTED_EDGE('',*,*,#1359,.F.);
#1993=EDGE_LOOP('',(#1989,#1990,#1991,#1992));
#1994=FACE_BOUND('',#1993,.T.);
#1995=ADVANCED_FACE('',(#1994),#1988,.T.);
#1996=CARTESIAN_POINT('',(216.111908383,192.986141066,185.));
#1997=DIRECTION('',(-0.,-1.,0.));
#1998=DIRECTION('',(0.,0.,1.));
#1999=AXIS2_PLACEMENT_3D('',#1996,#1997,#1998);
#2000=CYLINDRICAL_SURFACE('',#1999,1.);
#2001=ORIENTED_EDGE('',*,*,#1290,.F.);
#2002=CARTESIAN_POINT('',(216.111908383,200.475041066,185.));
#2003=DIRECTION('',(-0.,-1.,0.));
#2004=DIRECTION('',(0.,0.,1.));
#2005=AXIS2_PLACEMENT_3D('',#2002,#2003,#2004);
#2006=CIRCLE('',#2005,1.);
#2007=EDGE_CURVE('',#1277,#806,#2006,.T.);
#2008=ORIENTED_EDGE('',*,*,#2007,.T.);
#2009=ORIENTED_EDGE('',*,*,#811,.F.);
#2010=CARTESIAN_POINT('',(216.111908383,198.975041066,185.));
#2011=DIRECTION('',(-0.,-1.,0.));
#2012=DIRECTION('',(0.,0.,1.));
#2013=AXIS2_PLACEMENT_3D('',#2010,#2011,#2012);
#2014=CIRCLE('',#2013,1.);
#2015=EDGE_CURVE('',#1285,#804,#2014,.T.);
#2016=ORIENTED_EDGE('',*,*,#2015,.F.);
#2017=EDGE_LOOP('',(#2001,#2008,#2009,#2016));
#2018=FACE_BOUND('',#2017,.T.);
#2019=ADVANCED_FACE('',(#2018),#2000,.T.);
#2020=CARTESIAN_POINT('',(216.111908383,198.975041066,185.));
#2021=DIRECTION('',(1.,-0.,0.));
#2022=DIRECTION('',(0.,0.,1.));
#2023=AXIS2_PLACEMENT_3D('',#2020,#2021,#2022);
#2024=SPHERICAL_SURFACE('',#2023,1.);
#2025=ORIENTED_EDGE('',*,*,#1823,.F.);
#2026=ORIENTED_EDGE('',*,*,#2015,.T.);
#2027=CARTESIAN_POINT('',(216.111908383,198.975041066,185.));
#2028=DIRECTION('',(0.,0.,-1.));
#2029=DIRECTION('',(1.,-0.,0.));
#2030=AXIS2_PLACEMENT_3D('',#2027,#2028,#2029);
#2031=CIRCLE('',#2030,1.);
#2032=EDGE_CURVE('',#1673,#804,#2031,.T.);
#2033=ORIENTED_EDGE('',*,*,#2032,.F.);
#2034=EDGE_LOOP('',(#2025,#2026,#2033));
#2035=FACE_BOUND('',#2034,.T.);
#2036=ADVANCED_FACE('',(#2035),#2024,.T.);
#2037=CARTESIAN_POINT('',(216.111908383,198.975041066,211.));
#2038=DIRECTION('',(0.,0.,-1.));
#2039=DIRECTION('',(1.,-0.,0.));
#2040=AXIS2_PLACEMENT_3D('',#2037,#2038,#2039);
#2041=CYLINDRICAL_SURFACE('',#2040,1.);
#2042=ORIENTED_EDGE('',*,*,#2032,.T.);
#2043=ORIENTED_EDGE('',*,*,#824,.F.);
#2044=ORIENTED_EDGE('',*,*,#718,.F.);
#2045=ORIENTED_EDGE('',*,*,#1684,.F.);
#2046=EDGE_LOOP('',(#2042,#2043,#2044,#2045));
#2047=FACE_BOUND('',#2046,.T.);
#2048=ADVANCED_FACE('',(#2047),#2041,.T.);
#2049=CARTESIAN_POINT('',(216.111908383,192.986141066,185.));
#2050=DIRECTION('',(-0.,-1.,0.));
#2051=DIRECTION('',(0.,0.,1.));
#2052=AXIS2_PLACEMENT_3D('',#2049,#2050,#2051);
#2053=CYLINDRICAL_SURFACE('',#2052,1.);
#2054=ORIENTED_EDGE('',*,*,#1449,.F.);
#2055=CARTESIAN_POINT('',(216.111908383,186.097241066,185.));
#2056=DIRECTION('',(0.707106781,0.707106781,-0.));
#2057=DIRECTION('',(-0.707106781,0.707106781,0.));
#2058=AXIS2_PLACEMENT_3D('',#2055,#2056,#2057);
#2059=ELLIPSE('',#2058,1.414213562,1.);
#2060=EDGE_CURVE('',#1397,#1317,#2059,.T.);
#2061=ORIENTED_EDGE('',*,*,#2060,.T.);
#2062=ORIENTED_EDGE('',*,*,#1322,.F.);
#2063=CARTESIAN_POINT('',(216.111908383,190.175041066,185.));
#2064=DIRECTION('',(0.,1.,0.));
#2065=DIRECTION('',(0.,0.,-1.));
#2066=AXIS2_PLACEMENT_3D('',#2063,#2064,#2065);
#2067=CIRCLE('',#2066,1.);
#2068=EDGE_CURVE('',#1444,#1309,#2067,.T.);
#2069=ORIENTED_EDGE('',*,*,#2068,.F.);
#2070=EDGE_LOOP('',(#2054,#2061,#2062,#2069));
#2071=FACE_BOUND('',#2070,.T.);
#2072=ADVANCED_FACE('',(#2071),#2053,.T.);
#2073=CARTESIAN_POINT('',(216.111908383,190.175041066,185.));
#2074=DIRECTION('',(1.,-0.,0.));
#2075=DIRECTION('',(0.,0.,1.));
#2076=AXIS2_PLACEMENT_3D('',#2073,#2074,#2075);
#2077=SPHERICAL_SURFACE('',#2076,1.);
#2078=ORIENTED_EDGE('',*,*,#2068,.T.);
#2079=ORIENTED_EDGE('',*,*,#1781,.F.);
#2080=CARTESIAN_POINT('',(216.111908383,190.175041066,185.));
#2081=DIRECTION('',(0.,0.,-1.));
#2082=DIRECTION('',(1.,-0.,0.));
#2083=AXIS2_PLACEMENT_3D('',#2080,#2081,#2082);
#2084=CIRCLE('',#2083,1.);
#2085=EDGE_CURVE('',#1444,#1619,#2084,.T.);
#2086=ORIENTED_EDGE('',*,*,#2085,.F.);
#2087=EDGE_LOOP('',(#2078,#2079,#2086));
#2088=FACE_BOUND('',#2087,.T.);
#2089=ADVANCED_FACE('',(#2088),#2077,.T.);
#2090=CARTESIAN_POINT('',(216.111908383,190.175041066,197.));
#2091=DIRECTION('',(0.,0.,-1.));
#2092=DIRECTION('',(1.,-0.,0.));
#2093=AXIS2_PLACEMENT_3D('',#2090,#2091,#2092);
#2094=CYLINDRICAL_SURFACE('',#2093,1.);
#2095=ORIENTED_EDGE('',*,*,#2085,.T.);
#2096=ORIENTED_EDGE('',*,*,#1624,.F.);
#2097=ORIENTED_EDGE('',*,*,#685,.F.);
#2098=ORIENTED_EDGE('',*,*,#1455,.F.);
#2099=EDGE_LOOP('',(#2095,#2096,#2097,#2098));
#2100=FACE_BOUND('',#2099,.T.);
#2101=ADVANCED_FACE('',(#2100),#2094,.T.);
#2102=CARTESIAN_POINT('',(209.361908383,186.097241066,197.));
#2103=DIRECTION('',(0.,0.,-1.));
#2104=DIRECTION('',(1.,-0.,0.));
#2105=AXIS2_PLACEMENT_3D('',#2102,#2103,#2104);
#2106=CYLINDRICAL_SURFACE('',#2105,1.);
#2107=ORIENTED_EDGE('',*,*,#1385,.F.);
#2108=CARTESIAN_POINT('',(209.361908383,186.097241066,178.4));
#2109=DIRECTION('',(0.707106781,-0.,0.707106781));
#2110=DIRECTION('',(-0.707106781,0.,0.707106781));
#2111=AXIS2_PLACEMENT_3D('',#2108,#2109,#2110);
#2112=ELLIPSE('',#2111,1.414213562,1.);
#2113=EDGE_CURVE('',#1372,#1486,#2112,.T.);
#2114=ORIENTED_EDGE('',*,*,#2113,.T.);
#2115=ORIENTED_EDGE('',*,*,#1559,.F.);
#2116=CARTESIAN_POINT('',(209.361908383,186.097241066,183.));
#2117=DIRECTION('',(-0.,-0.,1.));
#2118=DIRECTION('',(1.,-0.,0.));
#2119=AXIS2_PLACEMENT_3D('',#2116,#2117,#2118);
#2120=CIRCLE('',#2119,1.);
#2121=EDGE_CURVE('',#1380,#1548,#2120,.T.);
#2122=ORIENTED_EDGE('',*,*,#2121,.F.);
#2123=EDGE_LOOP('',(#2107,#2114,#2115,#2122));
#2124=FACE_BOUND('',#2123,.T.);
#2125=ADVANCED_FACE('',(#2124),#2106,.T.);
#2126=CARTESIAN_POINT('',(211.361908383,186.097241066,183.));
#2127=DIRECTION('',(-0.,-1.,0.));
#2128=DIRECTION('',(0.,0.,1.));
#2129=AXIS2_PLACEMENT_3D('',#2126,#2127,#2128);
#2130=TOROIDAL_SURFACE('',#2129,2.,1.);
#2131=ORIENTED_EDGE('',*,*,#2121,.T.);
#2132=ORIENTED_EDGE('',*,*,#1583,.F.);
#2133=CARTESIAN_POINT('',(211.361908383,186.097241066,185.));
#2134=DIRECTION('',(1.,-0.,-0.));
#2135=DIRECTION('',(0.,0.,-1.));
#2136=AXIS2_PLACEMENT_3D('',#2133,#2134,#2135);
#2137=CIRCLE('',#2136,1.);
#2138=EDGE_CURVE('',#1388,#1243,#2137,.T.);
#2139=ORIENTED_EDGE('',*,*,#2138,.F.);
#2140=ORIENTED_EDGE('',*,*,#1394,.F.);
#2141=EDGE_LOOP('',(#2131,#2132,#2139,#2140));
#2142=FACE_BOUND('',#2141,.T.);
#2143=ADVANCED_FACE('',(#2142),#2130,.T.);
#2144=CARTESIAN_POINT('',(200.611908383,186.097241066,185.));
#2145=DIRECTION('',(-1.,0.,0.));
#2146=DIRECTION('',(0.,0.,-1.));
#2147=AXIS2_PLACEMENT_3D('',#2144,#2145,#2146);
#2148=CYLINDRICAL_SURFACE('',#2147,1.);
#2149=ORIENTED_EDGE('',*,*,#2138,.T.);
#2150=ORIENTED_EDGE('',*,*,#1328,.F.);
#2151=ORIENTED_EDGE('',*,*,#2060,.F.);
#2152=ORIENTED_EDGE('',*,*,#1402,.F.);
#2153=EDGE_LOOP('',(#2149,#2150,#2151,#2152));
#2154=FACE_BOUND('',#2153,.T.);
#2155=ADVANCED_FACE('',(#2154),#2148,.T.);
#2156=CARTESIAN_POINT('',(200.611908383,186.097241066,185.));
#2157=DIRECTION('',(-1.,0.,0.));
#2158=DIRECTION('',(0.,0.,-1.));
#2159=AXIS2_PLACEMENT_3D('',#2156,#2157,#2158);
#2160=CYLINDRICAL_SURFACE('',#2159,1.);
#2161=ORIENTED_EDGE('',*,*,#1908,.F.);
#2162=ORIENTED_EDGE('',*,*,#890,.F.);
#2163=CARTESIAN_POINT('',(189.861908383,186.097241066,185.));
#2164=DIRECTION('',(1.,-0.,-0.));
#2165=DIRECTION('',(0.,0.,-1.));
#2166=AXIS2_PLACEMENT_3D('',#2163,#2164,#2165);
#2167=CIRCLE('',#2166,1.);
#2168=EDGE_CURVE('',#1413,#877,#2167,.T.);
#2169=ORIENTED_EDGE('',*,*,#2168,.F.);
#2170=ORIENTED_EDGE('',*,*,#1418,.F.);
#2171=EDGE_LOOP('',(#2161,#2162,#2169,#2170));
#2172=FACE_BOUND('',#2171,.T.);
#2173=ADVANCED_FACE('',(#2172),#2160,.T.);
#2174=CARTESIAN_POINT('',(189.861908383,186.097241066,183.));
#2175=DIRECTION('',(-0.,-1.,0.));
#2176=DIRECTION('',(0.,0.,1.));
#2177=AXIS2_PLACEMENT_3D('',#2174,#2175,#2176);
#2178=TOROIDAL_SURFACE('',#2177,2.,1.);
#2179=ORIENTED_EDGE('',*,*,#2168,.T.);
#2180=ORIENTED_EDGE('',*,*,#1607,.F.);
#2181=CARTESIAN_POINT('',(191.861908383,186.097241066,183.));
#2182=DIRECTION('',(-0.,-0.,-1.));
#2183=DIRECTION('',(-1.,0.,0.));
#2184=AXIS2_PLACEMENT_3D('',#2181,#2182,#2183);
#2185=CIRCLE('',#2184,1.);
#2186=EDGE_CURVE('',#1421,#1508,#2185,.T.);
#2187=ORIENTED_EDGE('',*,*,#2186,.F.);
#2188=ORIENTED_EDGE('',*,*,#1427,.F.);
#2189=EDGE_LOOP('',(#2179,#2180,#2187,#2188));
#2190=FACE_BOUND('',#2189,.T.);
#2191=ADVANCED_FACE('',(#2190),#2178,.T.);
#2192=CARTESIAN_POINT('',(191.861908383,186.097241066,197.));
#2193=DIRECTION('',(0.,0.,1.));
#2194=DIRECTION('',(-1.,0.,0.));
#2195=AXIS2_PLACEMENT_3D('',#2192,#2193,#2194);
#2196=CYLINDRICAL_SURFACE('',#2195,1.);
#2197=ORIENTED_EDGE('',*,*,#2186,.T.);
#2198=ORIENTED_EDGE('',*,*,#1528,.F.);
#2199=CARTESIAN_POINT('',(191.861908383,186.097241066,178.4));
#2200=DIRECTION('',(-0.707106781,0.,0.707106781));
#2201=DIRECTION('',(-0.707106781,0.,-0.707106781));
#2202=AXIS2_PLACEMENT_3D('',#2199,#2200,#2201);
#2203=ELLIPSE('',#2202,1.414213562,1.);
#2204=EDGE_CURVE('',#1470,#1370,#2203,.T.);
#2205=ORIENTED_EDGE('',*,*,#2204,.T.);
#2206=ORIENTED_EDGE('',*,*,#1433,.F.);
#2207=EDGE_LOOP('',(#2197,#2198,#2205,#2206));
#2208=FACE_BOUND('',#2207,.T.);
#2209=ADVANCED_FACE('',(#2208),#2196,.T.);
#2210=CARTESIAN_POINT('',(200.611908383,186.097241066,178.4));
#2211=DIRECTION('',(-1.,0.,0.));
#2212=DIRECTION('',(0.,0.,-1.));
#2213=AXIS2_PLACEMENT_3D('',#2210,#2211,#2212);
#2214=CYLINDRICAL_SURFACE('',#2213,1.);
#2215=ORIENTED_EDGE('',*,*,#2204,.F.);
#2216=ORIENTED_EDGE('',*,*,#1497,.F.);
#2217=ORIENTED_EDGE('',*,*,#2113,.F.);
#2218=ORIENTED_EDGE('',*,*,#1377,.F.);
#2219=EDGE_LOOP('',(#2215,#2216,#2217,#2218));
#2220=FACE_BOUND('',#2219,.T.);
#2221=ADVANCED_FACE('',(#2220),#2214,.T.);
#2222=CARTESIAN_POINT('',(227.233049434,165.71398307,174.993199239));
#2223=DIRECTION('',(0.874545082,0.484944223,0.));
#2224=DIRECTION('',(-0.484944223,0.874545082,0.));
#2225=AXIS2_PLACEMENT_3D('',#2222,#2223,#2224);
#2226=CYLINDRICAL_SURFACE('',#2225,2.);
#2227=CARTESIAN_POINT('',(242.092426972,176.240563672,174.993199239));
#2228=VERTEX_POINT('',#2227);
#2229=CARTESIAN_POINT('',(226.263160987,167.463073234,174.993199239));
#2230=VERTEX_POINT('',#2229);
#2231=CARTESIAN_POINT('',(242.092426972,176.240563672,174.993199239));
#2232=DIRECTION('',(-0.874545082,-0.484944223,-0.));
#2233=VECTOR('',#2232,18.1);
#2234=LINE('',#2231,#2233);
#2235=EDGE_CURVE('',#2228,#2230,#2234,.T.);
#2236=ORIENTED_EDGE('',*,*,#2235,.F.);
#2237=CARTESIAN_POINT('',(244.032288561,172.742362964,174.993199239));
#2238=VERTEX_POINT('',#2237);
#2239=CARTESIAN_POINT('',(244.032203864,172.742383344,174.993199239));
#2240=CARTESIAN_POINT('',(244.032203864,172.742383344,174.862299545));
#2241=CARTESIAN_POINT('',(244.025951878,172.753658133,174.731403088));
#2242=CARTESIAN_POINT('',(244.01356773,172.775991621,174.603018595));
#2243=CARTESIAN_POINT('',(244.001183582,172.798325109,174.474634102));
#2244=CARTESIAN_POINT('',(243.982667883,172.831716192,174.348767922));
#2245=CARTESIAN_POINT('',(243.958375503,172.875524905,174.227832374));
#2246=CARTESIAN_POINT('',(243.934083122,172.919333617,174.106896826));
#2247=CARTESIAN_POINT('',(243.904015259,172.973557794,173.990897891));
#2248=CARTESIAN_POINT('',(243.868748189,173.037158187,173.882058773));
#2249=CARTESIAN_POINT('',(243.833481118,173.10075858,173.773219655));
#2250=CARTESIAN_POINT('',(243.793016583,173.173732045,173.671545738));
#2251=CARTESIAN_POINT('',(243.748130116,173.254679992,173.578985677));
#2252=CARTESIAN_POINT('',(243.703243649,173.335627938,173.486425615));
#2253=CARTESIAN_POINT('',(243.65393747,173.424546363,173.402983988));
#2254=CARTESIAN_POINT('',(243.601156568,173.519731078,173.330260014));
#2255=CARTESIAN_POINT('',(243.548375667,173.614915793,173.257536041));
#2256=CARTESIAN_POINT('',(243.492122653,173.716362091,173.195533318));
#2257=CARTESIAN_POINT('',(243.433475658,173.82212568,173.145440174));
#2258=CARTESIAN_POINT('',(243.374828663,173.927889269,173.09534703));
#2259=CARTESIAN_POINT('',(243.313790586,174.037964917,173.057165942));
#2260=CARTESIAN_POINT('',(243.251531268,174.150242944,173.031628678));
#2261=CARTESIAN_POINT('',(243.189271949,174.262520971,173.006091415));
#2262=CARTESIAN_POINT('',(243.125794469,174.376995824,172.993199239));
#2263=CARTESIAN_POINT('',(243.062315418,174.491473508,172.993199239));
#2264=CARTESIAN_POINT('',(242.998836368,174.605951191,172.993199239));
#2265=CARTESIAN_POINT('',(242.935358887,174.720426044,173.006091415));
#2266=CARTESIAN_POINT('',(242.873099569,174.832704071,173.031628678));
#2267=CARTESIAN_POINT('',(242.810840251,174.944982098,173.057165942));
#2268=CARTESIAN_POINT('',(242.749802174,175.055057746,173.09534703));
#2269=CARTESIAN_POINT('',(242.691155179,175.160821335,173.145440174));
#2270=CARTESIAN_POINT('',(242.632508183,175.266584924,173.195533318));
#2271=CARTESIAN_POINT('',(242.57625517,175.368031223,173.257536041));
#2272=CARTESIAN_POINT('',(242.523474268,175.463215938,173.330260014));
#2273=CARTESIAN_POINT('',(242.470693367,175.558400653,173.402983988));
#2274=CARTESIAN_POINT('',(242.421387188,175.647319077,173.486425615));
#2275=CARTESIAN_POINT('',(242.376500721,175.728267024,173.578985677));
#2276=CARTESIAN_POINT('',(242.331614254,175.80921497,173.671545738));
#2277=CARTESIAN_POINT('',(242.291149719,175.882188435,173.773219655));
#2278=CARTESIAN_POINT('',(242.255882648,175.945788828,173.882058773));
#2279=CARTESIAN_POINT('',(242.220615577,176.009389222,173.990897891));
#2280=CARTESIAN_POINT('',(242.190547715,176.063613398,174.106896826));
#2281=CARTESIAN_POINT('',(242.166255334,176.107422111,174.227832374));
#2282=CARTESIAN_POINT('',(242.141962953,176.151230824,174.348767922));
#2283=CARTESIAN_POINT('',(242.123447255,176.184621907,174.474634102));
#2284=CARTESIAN_POINT('',(242.111063107,176.206955395,174.603018595));
#2285=CARTESIAN_POINT('',(242.098678958,176.229288883,174.731403088));
#2286=CARTESIAN_POINT('',(242.092426972,176.240563672,174.862299545));
#2287=CARTESIAN_POINT('',(242.092426972,176.240563672,174.993199239));
#2288=CARTESIAN_POINT('',(242.092426972,176.240563672,175.124098933));
#2289=CARTESIAN_POINT('',(242.098678958,176.229288883,175.25499539));
#2290=CARTESIAN_POINT('',(242.111063107,176.206955395,175.383379883));
#2291=CARTESIAN_POINT('',(242.123447255,176.184621907,175.511764376));
#2292=CARTESIAN_POINT('',(242.141962953,176.151230824,175.637630556));
#2293=CARTESIAN_POINT('',(242.166255334,176.107422111,175.758566104));
#2294=CARTESIAN_POINT('',(242.190547715,176.063613398,175.879501652));
#2295=CARTESIAN_POINT('',(242.220615577,176.009389222,175.995500587));
#2296=CARTESIAN_POINT('',(242.255882648,175.945788828,176.104339705));
#2297=CARTESIAN_POINT('',(242.291149719,175.882188435,176.213178823));
#2298=CARTESIAN_POINT('',(242.331614254,175.80921497,176.31485274));
#2299=CARTESIAN_POINT('',(242.376500721,175.728267024,176.407412801));
#2300=CARTESIAN_POINT('',(242.421387188,175.647319077,176.499972863));
#2301=CARTESIAN_POINT('',(242.470693367,175.558400653,176.58341449));
#2302=CARTESIAN_POINT('',(242.523474268,175.463215938,176.656138464));
#2303=CARTESIAN_POINT('',(242.57625517,175.368031223,176.728862437));
#2304=CARTESIAN_POINT('',(242.632508183,175.266584924,176.79086516));
#2305=CARTESIAN_POINT('',(242.691155179,175.160821335,176.840958304));
#2306=CARTESIAN_POINT('',(242.749802174,175.055057746,176.891051448));
#2307=CARTESIAN_POINT('',(242.810840251,174.944982098,176.929232536));
#2308=CARTESIAN_POINT('',(242.873099569,174.832704071,176.9547698));
#2309=CARTESIAN_POINT('',(242.935358887,174.720426044,176.980307063));
#2310=CARTESIAN_POINT('',(242.998836368,174.605951191,176.993199239));
#2311=CARTESIAN_POINT('',(243.062315418,174.491473508,176.993199239));
#2312=CARTESIAN_POINT('',(243.125794469,174.376995824,176.993199239));
#2313=CARTESIAN_POINT('',(243.189271949,174.262520971,176.980307063));
#2314=CARTESIAN_POINT('',(243.251531268,174.150242944,176.9547698));
#2315=CARTESIAN_POINT('',(243.313790586,174.037964917,176.929232536));
#2316=CARTESIAN_POINT('',(243.374828663,173.927889269,176.891051448));
#2317=CARTESIAN_POINT('',(243.433475658,173.82212568,176.840958304));
#2318=CARTESIAN_POINT('',(243.492122653,173.716362091,176.79086516));
#2319=CARTESIAN_POINT('',(243.548375667,173.614915793,176.728862437));
#2320=CARTESIAN_POINT('',(243.601156568,173.519731078,176.656138464));
#2321=CARTESIAN_POINT('',(243.65393747,173.424546363,176.58341449));
#2322=CARTESIAN_POINT('',(243.703243649,173.335627938,176.499972863));
#2323=CARTESIAN_POINT('',(243.748130116,173.254679992,176.407412801));
#2324=CARTESIAN_POINT('',(243.793016583,173.173732045,176.31485274));
#2325=CARTESIAN_POINT('',(243.833481118,173.10075858,176.213178823));
#2326=CARTESIAN_POINT('',(243.868748189,173.037158187,176.104339705));
#2327=CARTESIAN_POINT('',(243.904015259,172.973557794,175.995500587));
#2328=CARTESIAN_POINT('',(243.934083122,172.919333617,175.879501652));
#2329=CARTESIAN_POINT('',(243.958375503,172.875524905,175.758566104));
#2330=CARTESIAN_POINT('',(243.982667883,172.831716192,175.637630556));
#2331=CARTESIAN_POINT('',(244.001183582,172.798325109,175.511764376));
#2332=CARTESIAN_POINT('',(244.01356773,172.775991621,175.383379883));
#2333=CARTESIAN_POINT('',(244.025951878,172.753658133,175.25499539));
#2334=CARTESIAN_POINT('',(244.032203864,172.742383344,175.124098933));
#2335=CARTESIAN_POINT('',(244.032203864,172.742383344,174.993199239));
#2336=B_SPLINE_CURVE_WITH_KNOTS('',3,(#2239,#2240,#2241,#2242,#2243,#2244,#2245,#2246,#2247,#2248,#2249,#2250,#2251,#2252,#2253,#2254,#2255,#2256,#2257,#2258,#2259,#2260,#2261,#2262,#2263,#2264,
#2265,#2266,#2267,#2268,#2269,#2270,#2271,#2272,#2273,#2274,#2275,#2276,#2277,#2278,#2279,#2280,#2281,#2282,#2283,#2284,#2285,#2286,#2287,#2288,#2289,
#2290,#2291,#2292,#2293,#2294,#2295,#2296,#2297,#2298,#2299,#2300,#2301,#2302,#2303,#2304,#2305,#2306,#2307,#2308,#2309,#2310,#2311,#2312,#2313,#2314,
#2315,#2316,#2317,#2318,#2319,#2320,#2321,#2322,#2323,#2324,#2325,#2326,#2327,#2328,#2329,#2330,#2331,#2332,#2333,#2334,#2335),.UNSPECIFIED.,.T.,.F.,(4,3,3,3,3,3,3,3,3,3,3,3,3,3,3,3,3,3,3,3,3,3,3,3,3,3,
3,3,3,3,3,3,4),(0.,0.03125,0.0625,0.09375,0.125,0.15625,0.1875,0.21875,0.25,0.28125,0.3125,0.34375,0.375,0.40625,0.4375,0.46875,0.5,0.53125,0.5625,0.59375,0.625,0.65625,0.6875,0.71875,0.75,0.78125,
0.8125,0.84375,0.875,0.90625,0.9375,0.96875,1.),.UNSPECIFIED.);
#2337=EDGE_CURVE('',#2228,#2238,#2336,.T.);
#2338=ORIENTED_EDGE('',*,*,#2337,.T.);
#2339=CARTESIAN_POINT('',(244.032203864,172.742383344,174.993199239));
#2340=CARTESIAN_POINT('',(244.032203864,172.742383344,174.862299545));
#2341=CARTESIAN_POINT('',(244.025951878,172.753658133,174.731403088));
#2342=CARTESIAN_POINT('',(244.01356773,172.775991621,174.603018595));
#2343=CARTESIAN_POINT('',(244.001183582,172.798325109,174.474634102));
#2344=CARTESIAN_POINT('',(243.982667883,172.831716192,174.348767922));
#2345=CARTESIAN_POINT('',(243.958375503,172.875524905,174.227832374));
#2346=CARTESIAN_POINT('',(243.934083122,172.919333617,174.106896826));
#2347=CARTESIAN_POINT('',(243.904015259,172.973557794,173.990897891));
#2348=CARTESIAN_POINT('',(243.868748189,173.037158187,173.882058773));
#2349=CARTESIAN_POINT('',(243.833481118,173.10075858,173.773219655));
#2350=CARTESIAN_POINT('',(243.793016583,173.173732045,173.671545738));
#2351=CARTESIAN_POINT('',(243.748130116,173.254679992,173.578985677));
#2352=CARTESIAN_POINT('',(243.703243649,173.335627938,173.486425615));
#2353=CARTESIAN_POINT('',(243.65393747,173.424546363,173.402983988));
#2354=CARTESIAN_POINT('',(243.601156568,173.519731078,173.330260014));
#2355=CARTESIAN_POINT('',(243.548375667,173.614915793,173.257536041));
#2356=CARTESIAN_POINT('',(243.492122653,173.716362091,173.195533318));
#2357=CARTESIAN_POINT('',(243.433475658,173.82212568,173.145440174));
#2358=CARTESIAN_POINT('',(243.374828663,173.927889269,173.09534703));
#2359=CARTESIAN_POINT('',(243.313790586,174.037964917,173.057165942));
#2360=CARTESIAN_POINT('',(243.251531268,174.150242944,173.031628678));
#2361=CARTESIAN_POINT('',(243.189271949,174.262520971,173.006091415));
#2362=CARTESIAN_POINT('',(243.125794469,174.376995824,172.993199239));
#2363=CARTESIAN_POINT('',(243.062315418,174.491473508,172.993199239));
#2364=CARTESIAN_POINT('',(242.998836368,174.605951191,172.993199239));
#2365=CARTESIAN_POINT('',(242.935358887,174.720426044,173.006091415));
#2366=CARTESIAN_POINT('',(242.873099569,174.832704071,173.031628678));
#2367=CARTESIAN_POINT('',(242.810840251,174.944982098,173.057165942));
#2368=CARTESIAN_POINT('',(242.749802174,175.055057746,173.09534703));
#2369=CARTESIAN_POINT('',(242.691155179,175.160821335,173.145440174));
#2370=CARTESIAN_POINT('',(242.632508183,175.266584924,173.195533318));
#2371=CARTESIAN_POINT('',(242.57625517,175.368031223,173.257536041));
#2372=CARTESIAN_POINT('',(242.523474268,175.463215938,173.330260014));
#2373=CARTESIAN_POINT('',(242.470693367,175.558400653,173.402983988));
#2374=CARTESIAN_POINT('',(242.421387188,175.647319077,173.486425615));
#2375=CARTESIAN_POINT('',(242.376500721,175.728267024,173.578985677));
#2376=CARTESIAN_POINT('',(242.331614254,175.80921497,173.671545738));
#2377=CARTESIAN_POINT('',(242.291149719,175.882188435,173.773219655));
#2378=CARTESIAN_POINT('',(242.255882648,175.945788828,173.882058773));
#2379=CARTESIAN_POINT('',(242.220615577,176.009389222,173.990897891));
#2380=CARTESIAN_POINT('',(242.190547715,176.063613398,174.106896826));
#2381=CARTESIAN_POINT('',(242.166255334,176.107422111,174.227832374));
#2382=CARTESIAN_POINT('',(242.141962953,176.151230824,174.348767922));
#2383=CARTESIAN_POINT('',(242.123447255,176.184621907,174.474634102));
#2384=CARTESIAN_POINT('',(242.111063107,176.206955395,174.603018595));
#2385=CARTESIAN_POINT('',(242.098678958,176.229288883,174.731403088));
#2386=CARTESIAN_POINT('',(242.092426972,176.240563672,174.862299545));
#2387=CARTESIAN_POINT('',(242.092426972,176.240563672,174.993199239));
#2388=CARTESIAN_POINT('',(242.092426972,176.240563672,175.124098933));
#2389=CARTESIAN_POINT('',(242.098678958,176.229288883,175.25499539));
#2390=CARTESIAN_POINT('',(242.111063107,176.206955395,175.383379883));
#2391=CARTESIAN_POINT('',(242.123447255,176.184621907,175.511764376));
#2392=CARTESIAN_POINT('',(242.141962953,176.151230824,175.637630556));
#2393=CARTESIAN_POINT('',(242.166255334,176.107422111,175.758566104));
#2394=CARTESIAN_POINT('',(242.190547715,176.063613398,175.879501652));
#2395=CARTESIAN_POINT('',(242.220615577,176.009389222,175.995500587));
#2396=CARTESIAN_POINT('',(242.255882648,175.945788828,176.104339705));
#2397=CARTESIAN_POINT('',(242.291149719,175.882188435,176.213178823));
#2398=CARTESIAN_POINT('',(242.331614254,175.80921497,176.31485274));
#2399=CARTESIAN_POINT('',(242.376500721,175.728267024,176.407412801));
#2400=CARTESIAN_POINT('',(242.421387188,175.647319077,176.499972863));
#2401=CARTESIAN_POINT('',(242.470693367,175.558400653,176.58341449));
#2402=CARTESIAN_POINT('',(242.523474268,175.463215938,176.656138464));
#2403=CARTESIAN_POINT('',(242.57625517,175.368031223,176.728862437));
#2404=CARTESIAN_POINT('',(242.632508183,175.266584924,176.79086516));
#2405=CARTESIAN_POINT('',(242.691155179,175.160821335,176.840958304));
#2406=CARTESIAN_POINT('',(242.749802174,175.055057746,176.891051448));
#2407=CARTESIAN_POINT('',(242.810840251,174.944982098,176.929232536));
#2408=CARTESIAN_POINT('',(242.873099569,174.832704071,176.9547698));
#2409=CARTESIAN_POINT('',(242.935358887,174.720426044,176.980307063));
#2410=CARTESIAN_POINT('',(242.998836368,174.605951191,176.993199239));
#2411=CARTESIAN_POINT('',(243.062315418,174.491473508,176.993199239));
#2412=CARTESIAN_POINT('',(243.125794469,174.376995824,176.993199239));
#2413=CARTESIAN_POINT('',(243.189271949,174.262520971,176.980307063));
#2414=CARTESIAN_POINT('',(243.251531268,174.150242944,176.9547698));
#2415=CARTESIAN_POINT('',(243.313790586,174.037964917,176.929232536));
#2416=CARTESIAN_POINT('',(243.374828663,173.927889269,176.891051448));
#2417=CARTESIAN_POINT('',(243.433475658,173.82212568,176.840958304));
#2418=CARTESIAN_POINT('',(243.492122653,173.716362091,176.79086516));
#2419=CARTESIAN_POINT('',(243.548375667,173.614915793,176.728862437));
#2420=CARTESIAN_POINT('',(243.601156568,173.519731078,176.656138464));
#2421=CARTESIAN_POINT('',(243.65393747,173.424546363,176.58341449));
#2422=CARTESIAN_POINT('',(243.703243649,173.335627938,176.499972863));
#2423=CARTESIAN_POINT('',(243.748130116,173.254679992,176.407412801));
#2424=CARTESIAN_POINT('',(243.793016583,173.173732045,176.31485274));
#2425=CARTESIAN_POINT('',(243.833481118,173.10075858,176.213178823));
#2426=CARTESIAN_POINT('',(243.868748189,173.037158187,176.104339705));
#2427=CARTESIAN_POINT('',(243.904015259,172.973557794,175.995500587));
#2428=CARTESIAN_POINT('',(243.934083122,172.919333617,175.879501652));
#2429=CARTESIAN_POINT('',(243.958375503,172.875524905,175.758566104));
#2430=CARTESIAN_POINT('',(243.982667883,172.831716192,175.637630556));
#2431=CARTESIAN_POINT('',(244.001183582,172.798325109,175.511764376));
#2432=CARTESIAN_POINT('',(244.01356773,172.775991621,175.383379883));
#2433=CARTESIAN_POINT('',(244.025951878,172.753658133,175.25499539));
#2434=CARTESIAN_POINT('',(244.032203864,172.742383344,175.124098933));
#2435=CARTESIAN_POINT('',(244.032203864,172.742383344,174.993199239));
#2436=B_SPLINE_CURVE_WITH_KNOTS('',3,(#2339,#2340,#2341,#2342,#2343,#2344,#2345,#2346,#2347,#2348,#2349,#2350,#2351,#2352,#2353,#2354,#2355,#2356,#2357,#2358,#2359,#2360,#2361,#2362,#2363,#2364,
#2365,#2366,#2367,#2368,#2369,#2370,#2371,#2372,#2373,#2374,#2375,#2376,#2377,#2378,#2379,#2380,#2381,#2382,#2383,#2384,#2385,#2386,#2387,#2388,#2389,
#2390,#2391,#2392,#2393,#2394,#2395,#2396,#2397,#2398,#2399,#2400,#2401,#2402,#2403,#2404,#2405,#2406,#2407,#2408,#2409,#2410,#2411,#2412,#2413,#2414,
#2415,#2416,#2417,#2418,#2419,#2420,#2421,#2422,#2423,#2424,#2425,#2426,#2427,#2428,#2429,#2430,#2431,#2432,#2433,#2434,#2435),.UNSPECIFIED.,.T.,.F.,(4,3,3,3,3,3,3,3,3,3,3,3,3,3,3,3,3,3,3,3,3,3,3,3,3,3,
3,3,3,3,3,3,4),(0.,0.03125,0.0625,0.09375,0.125,0.15625,0.1875,0.21875,0.25,0.28125,0.3125,0.34375,0.375,0.40625,0.4375,0.46875,0.5,0.53125,0.5625,0.59375,0.625,0.65625,0.6875,0.71875,0.75,0.78125,
0.8125,0.84375,0.875,0.90625,0.9375,0.96875,1.),.UNSPECIFIED.);
#2437=EDGE_CURVE('',#2238,#2228,#2436,.T.);
#2438=ORIENTED_EDGE('',*,*,#2437,.T.);
#2439=ORIENTED_EDGE('',*,*,#2235,.T.);
#2440=CARTESIAN_POINT('',(227.233049434,165.71398307,174.993199239));
#2441=DIRECTION('',(0.874545082,0.484944223,0.));
#2442=DIRECTION('',(-0.484944223,0.874545082,0.));
#2443=AXIS2_PLACEMENT_3D('',#2440,#2441,#2442);
#2444=CIRCLE('',#2443,2.);
#2445=EDGE_CURVE('',#2230,#2230,#2444,.T.);
#2446=ORIENTED_EDGE('',*,*,#2445,.F.);
#2447=EDGE_LOOP('',(#2236,#2338,#2438,#2439,#2446));
#2448=FACE_BOUND('',#2447,.T.);
#2449=ADVANCED_FACE('',(#2448),#2226,.F.);
#2450=CARTESIAN_POINT('',(12.985258453,552.086978179,171.));
#2451=DIRECTION('',(0.874545082,0.484944223,0.));
#2452=DIRECTION('',(-0.484944223,0.874545082,0.));
#2453=AXIS2_PLACEMENT_3D('',#2450,#2451,#2452);
#2454=PLANE('',#2453);
#2455=ORIENTED_EDGE('',*,*,#2445,.T.);
#2456=EDGE_LOOP('',(#2455));
#2457=FACE_BOUND('',#2456,.T.);
#2458=ADVANCED_FACE('',(#2457),#2454,.T.);
#2459=CARTESIAN_POINT('',(246.615233544,172.002141712,174.993199239));
#2460=CARTESIAN_POINT('',(246.615233544,172.002141712,175.50370804));
#2461=CARTESIAN_POINT('',(246.566008523,172.090913777,176.014015993));
#2462=CARTESIAN_POINT('',(246.376527954,172.432621734,176.957313257));
#2463=CARTESIAN_POINT('',(246.236346953,172.685423188,177.389931451));
#2464=CARTESIAN_POINT('',(245.886232515,173.316817163,178.11189992));
#2465=CARTESIAN_POINT('',(245.676436821,173.695161276,178.400966156));
#2466=CARTESIAN_POINT('',(245.218990262,174.52011726,178.791692676));
#2467=CARTESIAN_POINT('',(244.971519368,174.966404571,178.893199239));
#2468=CARTESIAN_POINT('',(244.47638278,175.859330493,178.893199239));
#2469=CARTESIAN_POINT('',(244.228911886,176.305617804,178.791692676));
#2470=CARTESIAN_POINT('',(243.771465327,177.130573787,178.400966156));
#2471=CARTESIAN_POINT('',(243.561669634,177.5089179,178.11189992));
#2472=CARTESIAN_POINT('',(243.211555195,178.140311875,177.389931451));
#2473=CARTESIAN_POINT('',(243.071374194,178.393113329,176.957313257));
#2474=CARTESIAN_POINT('',(242.881893625,178.734821286,176.014015993));
#2475=CARTESIAN_POINT('',(242.832668604,178.823593351,175.50370804));
#2476=CARTESIAN_POINT('',(242.832668604,178.823593351,174.482690438));
#2477=CARTESIAN_POINT('',(242.881893625,178.734821286,173.972382485));
#2478=CARTESIAN_POINT('',(243.071374194,178.393113329,173.029085221));
#2479=CARTESIAN_POINT('',(243.211555195,178.140311875,172.596467027));
#2480=CARTESIAN_POINT('',(243.561669634,177.5089179,171.874498558));
#2481=CARTESIAN_POINT('',(243.771465327,177.130573787,171.585432322));
#2482=CARTESIAN_POINT('',(244.228911886,176.305617804,171.194705802));
#2483=CARTESIAN_POINT('',(244.47638278,175.859330493,171.093199239));
#2484=CARTESIAN_POINT('',(244.971519368,174.966404571,171.093199239));
#2485=CARTESIAN_POINT('',(245.218990262,174.52011726,171.194705802));
#2486=CARTESIAN_POINT('',(245.676436821,173.695161276,171.585432322));
#2487=CARTESIAN_POINT('',(245.886232515,173.316817163,171.874498558));
#2488=CARTESIAN_POINT('',(246.236346953,172.685423188,172.596467027));
#2489=CARTESIAN_POINT('',(246.376527954,172.432621734,173.029085221));
#2490=CARTESIAN_POINT('',(246.566008523,172.090913777,173.972382485));
#2491=CARTESIAN_POINT('',(246.615233544,172.002141712,174.482690438));
#2492=CARTESIAN_POINT('',(246.615233544,172.002141712,174.993199239));
#2493=CARTESIAN_POINT('',(245.69383952,173.663777368,174.993199239));
#2494=CARTESIAN_POINT('',(245.69383952,173.663777368,175.254998624));
#2495=CARTESIAN_POINT('',(245.66859592,173.709301504,175.51669501));
#2496=CARTESIAN_POINT('',(245.571426397,173.884536353,176.000437197));
#2497=CARTESIAN_POINT('',(245.499538704,174.014178125,176.222292681));
#2498=CARTESIAN_POINT('',(245.319992838,174.337969907,176.592532922));
#2499=CARTESIAN_POINT('',(245.212405303,174.531992529,176.740772017));
#2500=CARTESIAN_POINT('',(244.977817324,174.955046879,176.941144591));
#2501=CARTESIAN_POINT('',(244.850909173,175.183912167,176.993199239));
#2502=CARTESIAN_POINT('',(244.596992975,175.641822896,176.993199239));
#2503=CARTESIAN_POINT('',(244.470084824,175.870688184,176.941144591));
#2504=CARTESIAN_POINT('',(244.235496845,176.293742534,176.740772017));
#2505=CARTESIAN_POINT('',(244.12790931,176.487765157,176.592532922));
#2506=CARTESIAN_POINT('',(243.948363444,176.811556938,176.222292681));
#2507=CARTESIAN_POINT('',(243.876475751,176.94119871,176.000437197));
#2508=CARTESIAN_POINT('',(243.779306229,177.116433559,175.51669501));
#2509=CARTESIAN_POINT('',(243.754062628,177.161957696,175.254998624));
#2510=CARTESIAN_POINT('',(243.754062628,177.161957696,174.731399854));
#2511=CARTESIAN_POINT('',(243.779306229,177.116433559,174.469703468));
#2512=CARTESIAN_POINT('',(243.876475751,176.94119871,173.985961281));
#2513=CARTESIAN_POINT('',(243.948363444,176.811556938,173.764105797));
#2514=CARTESIAN_POINT('',(244.12790931,176.487765157,173.393865556));
#2515=CARTESIAN_POINT('',(244.235496845,176.293742534,173.245626461));
#2516=CARTESIAN_POINT('',(244.470084824,175.870688184,173.045253887));
#2517=CARTESIAN_POINT('',(244.596992975,175.641822896,172.993199239));
#2518=CARTESIAN_POINT('',(244.850909173,175.183912167,172.993199239));
#2519=CARTESIAN_POINT('',(244.977817324,174.955046879,173.045253887));
#2520=CARTESIAN_POINT('',(245.212405303,174.531992529,173.245626461));
#2521=CARTESIAN_POINT('',(245.319992838,174.337969907,173.393865556));
#2522=CARTESIAN_POINT('',(245.499538704,174.014178125,173.764105797));
#2523=CARTESIAN_POINT('',(245.571426397,173.884536353,173.985961281));
#2524=CARTESIAN_POINT('',(245.66859592,173.709301504,174.469703468));
#2525=CARTESIAN_POINT('',(245.69383952,173.663777368,174.731399854));
#2526=CARTESIAN_POINT('',(245.69383952,173.663777368,174.993199239));
#2527=CARTESIAN_POINT('',(244.032203864,172.742383344,174.993199239));
#2528=CARTESIAN_POINT('',(244.032203864,172.742383344,175.254998624));
#2529=CARTESIAN_POINT('',(244.006960264,172.78790748,175.51669501));
#2530=CARTESIAN_POINT('',(243.909790741,172.963142329,176.000437197));
#2531=CARTESIAN_POINT('',(243.837903049,173.092784101,176.222292681));
#2532=CARTESIAN_POINT('',(243.658357183,173.416575883,176.592532922));
#2533=CARTESIAN_POINT('',(243.550769647,173.610598505,176.740772017));
#2534=CARTESIAN_POINT('',(243.316181668,174.033652855,176.941144591));
#2535=CARTESIAN_POINT('',(243.189273518,174.262518143,176.993199239));
#2536=CARTESIAN_POINT('',(242.935357319,174.720428872,176.993199239));
#2537=CARTESIAN_POINT('',(242.808449168,174.94929416,176.941144591));
#2538=CARTESIAN_POINT('',(242.573861189,175.37234851,176.740772017));
#2539=CARTESIAN_POINT('',(242.466273654,175.566371133,176.592532922));
#2540=CARTESIAN_POINT('',(242.286727788,175.890162914,176.222292681));
#2541=CARTESIAN_POINT('',(242.214840095,176.019804686,176.000437197));
#2542=CARTESIAN_POINT('',(242.117670573,176.195039536,175.51669501));
#2543=CARTESIAN_POINT('',(242.092426972,176.240563672,175.254998624));
#2544=CARTESIAN_POINT('',(242.092426972,176.240563672,174.731399854));
#2545=CARTESIAN_POINT('',(242.117670573,176.195039536,174.469703468));
#2546=CARTESIAN_POINT('',(242.214840095,176.019804686,173.985961281));
#2547=CARTESIAN_POINT('',(242.286727788,175.890162914,173.764105797));
#2548=CARTESIAN_POINT('',(242.466273654,175.566371133,173.393865556));
#2549=CARTESIAN_POINT('',(242.573861189,175.37234851,173.245626461));
#2550=CARTESIAN_POINT('',(242.808449168,174.94929416,173.045253887));
#2551=CARTESIAN_POINT('',(242.935357319,174.720428872,172.993199239));
#2552=CARTESIAN_POINT('',(243.189273518,174.262518143,172.993199239));
#2553=CARTESIAN_POINT('',(243.316181668,174.033652855,173.045253887));
#2554=CARTESIAN_POINT('',(243.550769647,173.610598505,173.245626461));
#2555=CARTESIAN_POINT('',(243.658357183,173.416575883,173.393865556));
#2556=CARTESIAN_POINT('',(243.837903049,173.092784101,173.764105797));
#2557=CARTESIAN_POINT('',(243.909790741,172.963142329,173.985961281));
#2558=CARTESIAN_POINT('',(244.006960264,172.78790748,174.469703468));
#2559=CARTESIAN_POINT('',(244.032203864,172.742383344,174.731399854));
#2560=CARTESIAN_POINT('',(244.032203864,172.742383344,174.993199239));
#2561=(BOUNDED_SURFACE()
B_SPLINE_SURFACE(2,3,((#2459,#2460,#2461,#2462,#2463,#2464,#2465,#2466,#2467,#2468,#2469,#2470,#2471,#2472,#2473,#2474,#2475,#2476,#2477,#2478,#2479,#2480,#2481,#2482,#2483,#2484,
#2485,#2486,#2487,#2488,#2489,#2490,#2491,#2492),(#2493,#2494,#2495,#2496,#2497,#2498,#2499,#2500,#2501,#2502,#2503,#2504,#2505,#2506,#2507,#2508,#2509,#2510,#2511,#2512,#2513,#2514,#2515,#2516,#2517,#2518,
#2519,#2520,#2521,#2522,#2523,#2524,#2525,#2526),(#2527,#2528,#2529,#2530,#2531,#2532,#2533,#2534,#2535,#2536,#2537,#2538,#2539,#2540,#2541,#2542,#2543,#2544,#2545,#2546,#2547,#2548,#2549,#2550,#2551,#2552,
#2553,#2554,#2555,#2556,#2557,#2558,#2559,#2560)),.UNSPECIFIED.,.F.,.T.,.U.)
B_SPLINE_SURFACE_WITH_KNOTS((3,3),(4,2,2,2,2,2,2,2,2,2,2,2,2,2,2,2,4),(0.,1.),(-6.283185307,-5.890486225,-5.497787144,-5.105088062,-4.71238898,-4.319689899,-3.926990817,-3.534291735,-3.141592654,-2.748893572,-2.35619449,-1.963495408,-1.570796327,-1.178097245,-0.785398163,-0.392699082,0.),.UNSPECIFIED.)
GEOMETRIC_REPRESENTATION_ITEM()
RATIONAL_B_SPLINE_SURFACE(((53.169661567,53.169661567,53.169661567,53.169661567,53.169661567,53.169661567,53.169661567,53.169661567,53.169661567,53.169661567,53.169661567,53.169661567,53.169661567,53.169661567,53.169661567,53.169661567,53.169661567,53.169661567,53.169661567,53.169661567,53.169661567,53.169661567,53.169661567,53.169661567,53.169661567,53.169661567,
53.169661567,53.169661567,53.169661567,53.169661567,53.169661567,53.169661567,53.169661567,53.169661567),(0.018807718,0.018807718,0.018807718,0.018807718,0.018807718,0.018807718,0.018807718,0.018807718,0.018807718,0.018807718,0.018807718,0.018807718,0.018807718,0.018807718,0.018807718,0.018807718,0.018807718,0.018807718,0.018807718,0.018807718,0.018807718,0.018807718,0.018807718,0.018807718,0.018807718,0.018807718,
0.018807718,0.018807718,0.018807718,0.018807718,0.018807718,0.018807718,0.018807718,0.018807718),(53.169661567,53.169661567,53.169661567,53.169661567,53.169661567,53.169661567,53.169661567,53.169661567,53.169661567,53.169661567,53.169661567,53.169661567,53.169661567,53.169661567,53.169661567,53.169661567,53.169661567,53.169661567,53.169661567,53.169661567,53.169661567,53.169661567,53.169661567,53.169661567,53.169661567,53.169661567,
53.169661567,53.169661567,53.169661567,53.169661567,53.169661567,53.169661567,53.169661567,53.169661567)))
REPRESENTATION_ITEM('')
SURFACE()
);
#2562=CARTESIAN_POINT('',(244.032203864,172.742383344,174.993199239));
#2563=CARTESIAN_POINT('',(245.69383952,173.663777368,174.993199239));
#2564=CARTESIAN_POINT('',(246.615233544,172.002141712,174.993199239));
#2565=(BOUNDED_CURVE()
B_SPLINE_CURVE(2,(#2562,#2563,#2564),.UNSPECIFIED.,.F.,.F.)
B_SPLINE_CURVE_WITH_KNOTS((3,3),(0.,1.),.UNSPECIFIED.)
CURVE()
GEOMETRIC_REPRESENTATION_ITEM()
RATIONAL_B_SPLINE_CURVE((53.169661567,0.018807718,53.169661567))
REPRESENTATION_ITEM(''));
#2566=EDGE_CURVE('',#2238,#1099,#2565,.T.);
#2567=ORIENTED_EDGE('',*,*,#2566,.T.);
#2568=ORIENTED_EDGE('',*,*,#1134,.F.);
#2569=ORIENTED_EDGE('',*,*,#2566,.F.);
#2570=ORIENTED_EDGE('',*,*,#2337,.F.);
#2571=ORIENTED_EDGE('',*,*,#2437,.F.);
#2572=EDGE_LOOP('',(#2567,#2568,#2569,#2570,#2571));
#2573=FACE_BOUND('',#2572,.T.);
#2574=ADVANCED_FACE('',(#2573),#2561,.T.);
#2575=CARTESIAN_POINT('',(173.98967186,165.711827162,174.9932));
#2576=DIRECTION('',(-0.874545082,0.484944223,0.));
#2577=DIRECTION('',(-0.484944223,-0.874545082,0.));
#2578=AXIS2_PLACEMENT_3D('',#2575,#2576,#2577);
#2579=CYLINDRICAL_SURFACE('',#2578,2.);
#2580=CARTESIAN_POINT('',(157.190517429,172.740227436,174.9932));
#2581=VERTEX_POINT('',#2580);
#2582=CARTESIAN_POINT('',(173.019783413,163.962736998,174.9932));
#2583=VERTEX_POINT('',#2582);
#2584=CARTESIAN_POINT('',(157.190517429,172.740227436,174.9932));
#2585=DIRECTION('',(0.874545082,-0.484944223,-0.));
#2586=VECTOR('',#2585,18.1);
#2587=LINE('',#2584,#2586);
#2588=EDGE_CURVE('',#2581,#2583,#2587,.T.);
#2589=ORIENTED_EDGE('',*,*,#2588,.F.);
#2590=CARTESIAN_POINT('',(159.130294321,176.238407764,174.9932));
#2591=VERTEX_POINT('',#2590);
#2592=CARTESIAN_POINT('',(158.160405875,174.4893176,174.9932));
#2593=DIRECTION('',(-0.874545082,0.484944223,-0.));
#2594=DIRECTION('',(0.484944223,0.874545082,0.));
#2595=AXIS2_PLACEMENT_3D('',#2592,#2593,#2594);
#2596=CIRCLE('',#2595,2.);
#2597=EDGE_CURVE('',#2581,#2591,#2596,.T.);
#2598=ORIENTED_EDGE('',*,*,#2597,.T.);
#2599=CARTESIAN_POINT('',(158.160405875,174.4893176,174.9932));
#2600=DIRECTION('',(-0.874545082,0.484944223,-0.));
#2601=DIRECTION('',(0.484944223,0.874545082,0.));
#2602=AXIS2_PLACEMENT_3D('',#2599,#2600,#2601);
#2603=CIRCLE('',#2602,2.);
#2604=EDGE_CURVE('',#2591,#2581,#2603,.T.);
#2605=ORIENTED_EDGE('',*,*,#2604,.T.);
#2606=ORIENTED_EDGE('',*,*,#2588,.T.);
#2607=CARTESIAN_POINT('',(173.98967186,165.711827162,174.9932));
#2608=DIRECTION('',(-0.874545082,0.484944223,0.));
#2609=DIRECTION('',(-0.484944223,-0.874545082,0.));
#2610=AXIS2_PLACEMENT_3D('',#2607,#2608,#2609);
#2611=CIRCLE('',#2610,2.);
#2612=EDGE_CURVE('',#2583,#2583,#2611,.T.);
#2613=ORIENTED_EDGE('',*,*,#2612,.F.);
#2614=EDGE_LOOP('',(#2589,#2598,#2605,#2606,#2613));
#2615=FACE_BOUND('',#2614,.T.);
#2616=ADVANCED_FACE('',(#2615),#2579,.F.);
#2617=CARTESIAN_POINT('',(508.337072354,768.671633394,171.));
#2618=DIRECTION('',(-0.874545082,0.484944223,0.));
#2619=DIRECTION('',(-0.484944223,-0.874545082,0.));
#2620=AXIS2_PLACEMENT_3D('',#2617,#2618,#2619);
#2621=PLANE('',#2620);
#2622=ORIENTED_EDGE('',*,*,#2612,.T.);
#2623=EDGE_LOOP('',(#2622));
#2624=FACE_BOUND('',#2623,.T.);
#2625=ADVANCED_FACE('',(#2624),#2621,.T.);
#2626=CARTESIAN_POINT('',(158.160405875,174.4893176,174.9932));
#2627=DIRECTION('',(0.874545082,-0.484944223,0.));
#2628=DIRECTION('',(0.484944223,0.874545082,0.));
#2629=AXIS2_PLACEMENT_3D('',#2626,#2627,#2628);
#2630=TOROIDAL_SURFACE('',#2629,3.9,1.9);
#2631=CARTESIAN_POINT('',(160.051688345,177.900043419,174.9932));
#2632=DIRECTION('',(-0.,-0.,1.));
#2633=DIRECTION('',(0.484944223,0.874545082,0.));
#2634=AXIS2_PLACEMENT_3D('',#2631,#2632,#2633);
#2635=CIRCLE('',#2634,1.9);
#2636=EDGE_CURVE('',#1201,#2591,#2635,.T.);
#2637=ORIENTED_EDGE('',*,*,#2636,.T.);
#2638=ORIENTED_EDGE('',*,*,#2597,.F.);
#2639=ORIENTED_EDGE('',*,*,#2604,.F.);
#2640=ORIENTED_EDGE('',*,*,#2636,.F.);
#2641=ORIENTED_EDGE('',*,*,#1207,.F.);
#2642=EDGE_LOOP('',(#2637,#2638,#2639,#2640,#2641));
#2643=FACE_BOUND('',#2642,.T.);
#2644=ADVANCED_FACE('',(#2643),#2630,.T.);
#2645=CARTESIAN_POINT('',(174.128414402,133.231144547,174.9932));
#2646=DIRECTION('',(-0.874545082,-0.484944223,0.));
#2647=DIRECTION('',(0.484944223,-0.874545082,0.));
#2648=AXIS2_PLACEMENT_3D('',#2645,#2646,#2647);
#2649=CYLINDRICAL_SURFACE('',#2648,2.);
#2650=CARTESIAN_POINT('',(159.269036863,122.704563945,174.9932));
#2651=VERTEX_POINT('',#2650);
#2652=CARTESIAN_POINT('',(175.098302848,131.482054383,174.9932));
#2653=VERTEX_POINT('',#2652);
#2654=CARTESIAN_POINT('',(159.269036863,122.704563945,174.9932));
#2655=DIRECTION('',(0.874545082,0.484944223,-0.));
#2656=VECTOR('',#2655,18.1);
#2657=LINE('',#2654,#2656);
#2658=EDGE_CURVE('',#2651,#2653,#2657,.T.);
#2659=ORIENTED_EDGE('',*,*,#2658,.F.);
#2660=CARTESIAN_POINT('',(158.299148417,124.453654109,174.9932));
#2661=DIRECTION('',(-0.874545082,-0.484944223,0.));
#2662=DIRECTION('',(0.484944223,-0.874545082,0.));
#2663=AXIS2_PLACEMENT_3D('',#2660,#2661,#2662);
#2664=CIRCLE('',#2663,2.);
#2665=EDGE_CURVE('',#2651,#2651,#2664,.T.);
#2666=ORIENTED_EDGE('',*,*,#2665,.T.);
#2667=ORIENTED_EDGE('',*,*,#2658,.T.);
#2668=CARTESIAN_POINT('',(174.128414402,133.231144547,174.9932));
#2669=DIRECTION('',(-0.874545082,-0.484944223,0.));
#2670=DIRECTION('',(0.484944223,-0.874545082,0.));
#2671=AXIS2_PLACEMENT_3D('',#2668,#2669,#2670);
#2672=CIRCLE('',#2671,2.);
#2673=EDGE_CURVE('',#2653,#2653,#2672,.T.);
#2674=ORIENTED_EDGE('',*,*,#2673,.F.);
#2675=EDGE_LOOP('',(#2659,#2666,#2667,#2674));
#2676=FACE_BOUND('',#2675,.T.);
#2677=ADVANCED_FACE('',(#2676),#2649,.F.);
#2678=CARTESIAN_POINT('',(-41.406865037,521.925987499,171.));
#2679=DIRECTION('',(-0.874545082,-0.484944223,0.));
#2680=DIRECTION('',(0.484944223,-0.874545082,0.));
#2681=AXIS2_PLACEMENT_3D('',#2678,#2679,#2680);
#2682=PLANE('',#2681);
#2683=ORIENTED_EDGE('',*,*,#2673,.T.);
#2684=EDGE_LOOP('',(#2683));
#2685=FACE_BOUND('',#2684,.T.);
#2686=ADVANCED_FACE('',(#2685),#2682,.T.);
#2687=CARTESIAN_POINT('',(158.299148417,124.453654109,174.9932));
#2688=DIRECTION('',(-0.874545082,-0.484944223,0.));
#2689=DIRECTION('',(0.484944223,-0.874545082,0.));
#2690=AXIS2_PLACEMENT_3D('',#2687,#2688,#2689);
#2691=TOROIDAL_SURFACE('',#2690,3.9,1.9);
#2692=CARTESIAN_POINT('',(160.190430887,121.042928289,174.9932));
#2693=DIRECTION('',(-0.,-0.,1.));
#2694=DIRECTION('',(0.484944223,-0.874545082,0.));
#2695=AXIS2_PLACEMENT_3D('',#2692,#2693,#2694);
#2696=CIRCLE('',#2695,1.9);
#2697=EDGE_CURVE('',#2651,#1026,#2696,.T.);
#2698=ORIENTED_EDGE('',*,*,#2697,.T.);
#2699=ORIENTED_EDGE('',*,*,#1032,.F.);
#2700=ORIENTED_EDGE('',*,*,#2697,.F.);
#2701=ORIENTED_EDGE('',*,*,#2665,.F.);
#2702=EDGE_LOOP('',(#2698,#2699,#2700,#2701));
#2703=FACE_BOUND('',#2702,.T.);
#2704=ADVANCED_FACE('',(#2703),#2691,.T.);
#2705=CARTESIAN_POINT('',(455.954805414,200.475041066,185.));
#2706=DIRECTION('',(1.,-0.,0.));
#2707=DIRECTION('',(0.,0.,1.));
#2708=AXIS2_PLACEMENT_3D('',#2705,#2706,#2707);
#2709=CYLINDRICAL_SURFACE('',#2708,1.);
#2710=ORIENTED_EDGE('',*,*,#1282,.F.);
#2711=CARTESIAN_POINT('',(229.683267015,200.475041066,185.));
#2712=DIRECTION('',(-1.,0.,-0.));
#2713=DIRECTION('',(0.,0.,1.));
#2714=AXIS2_PLACEMENT_3D('',#2711,#2712,#2713);
#2715=CIRCLE('',#2714,1.);
#2716=EDGE_CURVE('',#1269,#997,#2715,.T.);
#2717=ORIENTED_EDGE('',*,*,#2716,.T.);
#2718=ORIENTED_EDGE('',*,*,#1002,.F.);
#2719=CARTESIAN_POINT('',(216.111908383,200.475041066,185.));
#2720=DIRECTION('',(-1.,0.,0.));
#2721=DIRECTION('',(0.,0.,-1.));
#2722=AXIS2_PLACEMENT_3D('',#2719,#2720,#2721);
#2723=CIRCLE('',#2722,1.);
#2724=EDGE_CURVE('',#1277,#995,#2723,.T.);
#2725=ORIENTED_EDGE('',*,*,#2724,.F.);
#2726=EDGE_LOOP('',(#2710,#2717,#2718,#2725));
#2727=FACE_BOUND('',#2726,.T.);
#2728=ADVANCED_FACE('',(#2727),#2709,.T.);
#2729=CARTESIAN_POINT('',(216.111908383,200.475041066,185.));
#2730=DIRECTION('',(-0.,-1.,0.));
#2731=DIRECTION('',(0.,0.,1.));
#2732=AXIS2_PLACEMENT_3D('',#2729,#2730,#2731);
#2733=SPHERICAL_SURFACE('',#2732,1.);
#2734=ORIENTED_EDGE('',*,*,#2007,.F.);
#2735=ORIENTED_EDGE('',*,*,#2724,.T.);
#2736=CARTESIAN_POINT('',(216.111908383,200.475041066,185.));
#2737=DIRECTION('',(0.,0.,-1.));
#2738=DIRECTION('',(1.,-0.,0.));
#2739=AXIS2_PLACEMENT_3D('',#2736,#2737,#2738);
#2740=CIRCLE('',#2739,1.);
#2741=EDGE_CURVE('',#806,#995,#2740,.T.);
#2742=ORIENTED_EDGE('',*,*,#2741,.F.);
#2743=EDGE_LOOP('',(#2734,#2735,#2742));
#2744=FACE_BOUND('',#2743,.T.);
#2745=ADVANCED_FACE('',(#2744),#2733,.T.);
#2746=CARTESIAN_POINT('',(216.111908383,200.475041066,197.));
#2747=DIRECTION('',(0.,0.,-1.));
#2748=DIRECTION('',(1.,-0.,0.));
#2749=AXIS2_PLACEMENT_3D('',#2746,#2747,#2748);
#2750=CYLINDRICAL_SURFACE('',#2749,1.);
#2751=ORIENTED_EDGE('',*,*,#2741,.T.);
#2752=ORIENTED_EDGE('',*,*,#1015,.F.);
#2753=ORIENTED_EDGE('',*,*,#735,.F.);
#2754=ORIENTED_EDGE('',*,*,#817,.F.);
#2755=EDGE_LOOP('',(#2751,#2752,#2753,#2754));
#2756=FACE_BOUND('',#2755,.T.);
#2757=ADVANCED_FACE('',(#2756),#2750,.T.);
#2758=CARTESIAN_POINT('',(29.601615011,561.300918417,185.));
#2759=DIRECTION('',(0.484944223,-0.874545082,0.));
#2760=DIRECTION('',(0.874545082,0.484944223,0.));
#2761=AXIS2_PLACEMENT_3D('',#2758,#2759,#2760);
#2762=CYLINDRICAL_SURFACE('',#2761,1.);
#2763=ORIENTED_EDGE('',*,*,#1274,.F.);
#2764=CARTESIAN_POINT('',(257.895890539,149.596589528,185.));
#2765=DIRECTION('',(-0.484944223,0.874545082,-0.));
#2766=DIRECTION('',(0.874545082,0.484944223,0.));
#2767=AXIS2_PLACEMENT_3D('',#2764,#2765,#2766);
#2768=CIRCLE('',#2767,1.);
#2769=EDGE_CURVE('',#1261,#1141,#2768,.T.);
#2770=ORIENTED_EDGE('',*,*,#2769,.T.);
#2771=ORIENTED_EDGE('',*,*,#1146,.F.);
#2772=CARTESIAN_POINT('',(229.683267015,200.475041066,185.));
#2773=DIRECTION('',(-0.484944223,0.874545082,0.));
#2774=DIRECTION('',(-0.874545082,-0.484944223,0.));
#2775=AXIS2_PLACEMENT_3D('',#2772,#2773,#2774);
#2776=CIRCLE('',#2775,1.);
#2777=EDGE_CURVE('',#1269,#1139,#2776,.T.);
#2778=ORIENTED_EDGE('',*,*,#2777,.F.);
#2779=EDGE_LOOP('',(#2763,#2770,#2771,#2778));
#2780=FACE_BOUND('',#2779,.T.);
#2781=ADVANCED_FACE('',(#2780),#2762,.T.);
#2782=CARTESIAN_POINT('',(229.683267015,200.475041066,185.));
#2783=DIRECTION('',(-0.874545082,-0.484944223,0.));
#2784=DIRECTION('',(0.484944223,-0.874545082,0.));
#2785=AXIS2_PLACEMENT_3D('',#2782,#2783,#2784);
#2786=SPHERICAL_SURFACE('',#2785,1.);
#2787=ORIENTED_EDGE('',*,*,#2716,.F.);
#2788=ORIENTED_EDGE('',*,*,#2777,.T.);
#2789=CARTESIAN_POINT('',(229.683267015,200.475041066,185.));
#2790=DIRECTION('',(0.,0.,-1.));
#2791=DIRECTION('',(1.,-0.,0.));
#2792=AXIS2_PLACEMENT_3D('',#2789,#2790,#2791);
#2793=CIRCLE('',#2792,1.);
#2794=EDGE_CURVE('',#997,#1139,#2793,.T.);
#2795=ORIENTED_EDGE('',*,*,#2794,.F.);
#2796=EDGE_LOOP('',(#2787,#2788,#2795));
#2797=FACE_BOUND('',#2796,.T.);
#2798=ADVANCED_FACE('',(#2797),#2786,.T.);
#2799=CARTESIAN_POINT('',(229.683267015,200.475041066,184.4));
#2800=DIRECTION('',(0.,0.,-1.));
#2801=DIRECTION('',(1.,-0.,0.));
#2802=AXIS2_PLACEMENT_3D('',#2799,#2800,#2801);
#2803=CYLINDRICAL_SURFACE('',#2802,1.);
#2804=ORIENTED_EDGE('',*,*,#2794,.T.);
#2805=ORIENTED_EDGE('',*,*,#1159,.F.);
#2806=ORIENTED_EDGE('',*,*,#752,.F.);
#2807=ORIENTED_EDGE('',*,*,#1008,.F.);
#2808=EDGE_LOOP('',(#2804,#2805,#2806,#2807));
#2809=FACE_BOUND('',#2808,.T.);
#2810=ADVANCED_FACE('',(#2809),#2803,.T.);
#2811=CARTESIAN_POINT('',(579.345552401,729.296702476,185.));
#2812=DIRECTION('',(-0.484944223,-0.874545082,0.));
#2813=DIRECTION('',(0.874545082,-0.484944223,0.));
#2814=AXIS2_PLACEMENT_3D('',#2811,#2812,#2813);
#2815=CYLINDRICAL_SURFACE('',#2814,1.);
#2816=ORIENTED_EDGE('',*,*,#1266,.F.);
#2817=CARTESIAN_POINT('',(229.683267015,98.71813799,185.));
#2818=DIRECTION('',(0.484944223,0.874545082,-0.));
#2819=DIRECTION('',(0.874545082,-0.484944223,0.));
#2820=AXIS2_PLACEMENT_3D('',#2817,#2818,#2819);
#2821=CIRCLE('',#2820,1.);
#2822=EDGE_CURVE('',#1253,#1070,#2821,.T.);
#2823=ORIENTED_EDGE('',*,*,#2822,.T.);
#2824=ORIENTED_EDGE('',*,*,#1075,.F.);
#2825=CARTESIAN_POINT('',(257.895890539,149.596589528,185.));
#2826=DIRECTION('',(0.484944223,0.874545082,0.));
#2827=DIRECTION('',(-0.874545082,0.484944223,0.));
#2828=AXIS2_PLACEMENT_3D('',#2825,#2826,#2827);
#2829=CIRCLE('',#2828,1.);
#2830=EDGE_CURVE('',#1261,#1068,#2829,.T.);
#2831=ORIENTED_EDGE('',*,*,#2830,.F.);
#2832=EDGE_LOOP('',(#2816,#2823,#2824,#2831));
#2833=FACE_BOUND('',#2832,.T.);
#2834=ADVANCED_FACE('',(#2833),#2815,.T.);
#2835=CARTESIAN_POINT('',(257.895890539,149.596589528,185.));
#2836=DIRECTION('',(-0.874545082,0.484944223,0.));
#2837=DIRECTION('',(-0.484944223,-0.874545082,0.));
#2838=AXIS2_PLACEMENT_3D('',#2835,#2836,#2837);
#2839=SPHERICAL_SURFACE('',#2838,1.);
#2840=ORIENTED_EDGE('',*,*,#2769,.F.);
#2841=ORIENTED_EDGE('',*,*,#2830,.T.);
#2842=CARTESIAN_POINT('',(258.895890539,149.596589528,185.));
#2843=VERTEX_POINT('',#2842);
#2844=CARTESIAN_POINT('',(257.895890539,149.596589528,185.));
#2845=DIRECTION('',(0.,0.,-1.));
#2846=DIRECTION('',(1.,-0.,0.));
#2847=AXIS2_PLACEMENT_3D('',#2844,#2845,#2846);
#2848=CIRCLE('',#2847,1.);
#2849=EDGE_CURVE('',#2843,#1068,#2848,.T.);
#2850=ORIENTED_EDGE('',*,*,#2849,.F.);
#2851=CARTESIAN_POINT('',(257.895890539,149.596589528,185.));
#2852=DIRECTION('',(0.,0.,-1.));
#2853=DIRECTION('',(1.,-0.,0.));
#2854=AXIS2_PLACEMENT_3D('',#2851,#2852,#2853);
#2855=CIRCLE('',#2854,1.);
#2856=EDGE_CURVE('',#1141,#2843,#2855,.T.);
#2857=ORIENTED_EDGE('',*,*,#2856,.F.);
#2858=EDGE_LOOP('',(#2840,#2841,#2850,#2857));
#2859=FACE_BOUND('',#2858,.T.);
#2860=ADVANCED_FACE('',(#2859),#2839,.T.);
#2861=CARTESIAN_POINT('',(257.895890539,149.596589528,184.4));
#2862=DIRECTION('',(0.,0.,-1.));
#2863=DIRECTION('',(1.,-0.,0.));
#2864=AXIS2_PLACEMENT_3D('',#2861,#2862,#2863);
#2865=CYLINDRICAL_SURFACE('',#2864,1.);
#2866=CARTESIAN_POINT('',(258.895890539,149.596589528,171.));
#2867=DIRECTION('',(-0.,-0.,1.));
#2868=VECTOR('',#2867,14.);
#2869=LINE('',#2866,#2868);
#2870=EDGE_CURVE('',#763,#2843,#2869,.T.);
#2871=ORIENTED_EDGE('',*,*,#2870,.T.);
#2872=ORIENTED_EDGE('',*,*,#2849,.T.);
#2873=ORIENTED_EDGE('',*,*,#1088,.F.);
#2874=ORIENTED_EDGE('',*,*,#778,.F.);
#2875=EDGE_LOOP('',(#2871,#2872,#2873,#2874));
#2876=FACE_BOUND('',#2875,.T.);
#2877=ADVANCED_FACE('',(#2876),#2865,.T.);
#2878=CARTESIAN_POINT('',(209.361908383,98.71813799,184.4));
#2879=DIRECTION('',(0.,0.,-1.));
#2880=DIRECTION('',(1.,-0.,0.));
#2881=AXIS2_PLACEMENT_3D('',#2878,#2879,#2880);
#2882=CYLINDRICAL_SURFACE('',#2881,1.);
#2883=ORIENTED_EDGE('',*,*,#1545,.F.);
#2884=CARTESIAN_POINT('',(209.361908383,98.71813799,178.4));
#2885=DIRECTION('',(0.707106781,-0.,0.707106781));
#2886=DIRECTION('',(-0.707106781,0.,0.707106781));
#2887=AXIS2_PLACEMENT_3D('',#2884,#2885,#2886);
#2888=ELLIPSE('',#2887,1.414213562,1.);
#2889=EDGE_CURVE('',#1478,#931,#2888,.T.);
#2890=ORIENTED_EDGE('',*,*,#2889,.T.);
#2891=ORIENTED_EDGE('',*,*,#984,.F.);
#2892=CARTESIAN_POINT('',(209.361908383,98.71813799,183.));
#2893=DIRECTION('',(0.,0.,1.));
#2894=DIRECTION('',(-1.,0.,0.));
#2895=AXIS2_PLACEMENT_3D('',#2892,#2893,#2894);
#2896=CIRCLE('',#2895,1.);
#2897=EDGE_CURVE('',#1540,#972,#2896,.T.);
#2898=ORIENTED_EDGE('',*,*,#2897,.F.);
#2899=EDGE_LOOP('',(#2883,#2890,#2891,#2898));
#2900=FACE_BOUND('',#2899,.T.);
#2901=ADVANCED_FACE('',(#2900),#2882,.T.);
#2902=CARTESIAN_POINT('',(211.361908383,98.71813799,183.));
#2903=DIRECTION('',(-0.,-1.,0.));
#2904=DIRECTION('',(0.,0.,1.));
#2905=AXIS2_PLACEMENT_3D('',#2902,#2903,#2904);
#2906=TOROIDAL_SURFACE('',#2905,2.,1.);
#2907=ORIENTED_EDGE('',*,*,#2897,.T.);
#2908=ORIENTED_EDGE('',*,*,#978,.F.);
#2909=CARTESIAN_POINT('',(211.361908383,98.71813799,185.));
#2910=DIRECTION('',(1.,-0.,0.));
#2911=DIRECTION('',(0.,0.,1.));
#2912=AXIS2_PLACEMENT_3D('',#2909,#2910,#2911);
#2913=CIRCLE('',#2912,1.);
#2914=EDGE_CURVE('',#1245,#964,#2913,.T.);
#2915=ORIENTED_EDGE('',*,*,#2914,.F.);
#2916=ORIENTED_EDGE('',*,*,#1575,.F.);
#2917=EDGE_LOOP('',(#2907,#2908,#2915,#2916));
#2918=FACE_BOUND('',#2917,.T.);
#2919=ADVANCED_FACE('',(#2918),#2906,.T.);
#2920=CARTESIAN_POINT('',(200.611958383,98.71813799,185.));
#2921=DIRECTION('',(-1.,0.,0.));
#2922=DIRECTION('',(0.,0.,-1.));
#2923=AXIS2_PLACEMENT_3D('',#2920,#2921,#2922);
#2924=CYLINDRICAL_SURFACE('',#2923,1.);
#2925=CARTESIAN_POINT('',(229.683267015,98.71813799,185.));
#2926=DIRECTION('',(1.,0.,0.));
#2927=DIRECTION('',(-0.,1.,0.));
#2928=AXIS2_PLACEMENT_3D('',#2925,#2926,#2927);
#2929=CIRCLE('',#2928,1.);
#2930=EDGE_CURVE('',#1253,#956,#2929,.T.);
#2931=ORIENTED_EDGE('',*,*,#2930,.F.);
#2932=ORIENTED_EDGE('',*,*,#1258,.F.);
#2933=ORIENTED_EDGE('',*,*,#2914,.T.);
#2934=ORIENTED_EDGE('',*,*,#969,.F.);
#2935=EDGE_LOOP('',(#2931,#2932,#2933,#2934));
#2936=FACE_BOUND('',#2935,.T.);
#2937=ADVANCED_FACE('',(#2936),#2924,.T.);
#2938=CARTESIAN_POINT('',(229.683267015,98.71813799,185.));
#2939=DIRECTION('',(-0.,-1.,0.));
#2940=DIRECTION('',(0.,0.,1.));
#2941=AXIS2_PLACEMENT_3D('',#2938,#2939,#2940);
#2942=SPHERICAL_SURFACE('',#2941,1.);
#2943=ORIENTED_EDGE('',*,*,#2822,.F.);
#2944=ORIENTED_EDGE('',*,*,#2930,.T.);
#2945=CARTESIAN_POINT('',(229.683267015,98.71813799,185.));
#2946=DIRECTION('',(0.,0.,-1.));
#2947=DIRECTION('',(1.,-0.,0.));
#2948=AXIS2_PLACEMENT_3D('',#2945,#2946,#2947);
#2949=CIRCLE('',#2948,1.);
#2950=EDGE_CURVE('',#1070,#956,#2949,.T.);
#2951=ORIENTED_EDGE('',*,*,#2950,.F.);
#2952=EDGE_LOOP('',(#2943,#2944,#2951));
#2953=FACE_BOUND('',#2952,.T.);
#2954=ADVANCED_FACE('',(#2953),#2942,.T.);
#2955=CARTESIAN_POINT('',(229.683267015,98.71813799,184.4));
#2956=DIRECTION('',(0.,0.,1.));
#2957=DIRECTION('',(-1.,0.,0.));
#2958=AXIS2_PLACEMENT_3D('',#2955,#2956,#2957);
#2959=CYLINDRICAL_SURFACE('',#2958,1.);
#2960=ORIENTED_EDGE('',*,*,#2950,.T.);
#2961=ORIENTED_EDGE('',*,*,#961,.F.);
#2962=ORIENTED_EDGE('',*,*,#793,.F.);
#2963=ORIENTED_EDGE('',*,*,#1081,.F.);
#2964=EDGE_LOOP('',(#2960,#2961,#2962,#2963));
#2965=FACE_BOUND('',#2964,.T.);
#2966=ADVANCED_FACE('',(#2965),#2959,.T.);
#2967=CARTESIAN_POINT('',(191.861908383,98.71813799,184.4));
#2968=DIRECTION('',(0.,0.,1.));
#2969=DIRECTION('',(-1.,0.,0.));
#2970=AXIS2_PLACEMENT_3D('',#2967,#2968,#2969);
#2971=CYLINDRICAL_SURFACE('',#2970,1.);
#2972=ORIENTED_EDGE('',*,*,#444,.F.);
#2973=CARTESIAN_POINT('',(191.861908383,98.71813799,178.4));
#2974=DIRECTION('',(-0.707106781,0.,0.707106781));
#2975=DIRECTION('',(-0.707106781,0.,-0.707106781));
#2976=AXIS2_PLACEMENT_3D('',#2973,#2974,#2975);
#2977=ELLIPSE('',#2976,1.414213562,1.);
#2978=EDGE_CURVE('',#431,#1468,#2977,.T.);
#2979=ORIENTED_EDGE('',*,*,#2978,.T.);
#2980=ORIENTED_EDGE('',*,*,#1521,.F.);
#2981=CARTESIAN_POINT('',(191.861908383,98.71813799,183.));
#2982=DIRECTION('',(0.,0.,1.));
#2983=DIRECTION('',(-1.,0.,0.));
#2984=AXIS2_PLACEMENT_3D('',#2981,#2982,#2983);
#2985=CIRCLE('',#2984,1.);
#2986=EDGE_CURVE('',#439,#1510,#2985,.T.);
#2987=ORIENTED_EDGE('',*,*,#2986,.F.);
#2988=EDGE_LOOP('',(#2972,#2979,#2980,#2987));
#2989=FACE_BOUND('',#2988,.T.);
#2990=ADVANCED_FACE('',(#2989),#2971,.T.);
#2991=CARTESIAN_POINT('',(189.861908383,98.71813799,183.));
#2992=DIRECTION('',(-0.,-1.,0.));
#2993=DIRECTION('',(0.,0.,1.));
#2994=AXIS2_PLACEMENT_3D('',#2991,#2992,#2993);
#2995=TOROIDAL_SURFACE('',#2994,2.,1.);
#2996=ORIENTED_EDGE('',*,*,#2986,.T.);
#2997=ORIENTED_EDGE('',*,*,#1599,.F.);
#2998=CARTESIAN_POINT('',(189.861908383,98.71813799,185.));
#2999=DIRECTION('',(-1.,0.,0.));
#3000=DIRECTION('',(0.,0.,-1.));
#3001=AXIS2_PLACEMENT_3D('',#2998,#2999,#3000);
#3002=CIRCLE('',#3001,1.);
#3003=EDGE_CURVE('',#447,#869,#3002,.T.);
#3004=ORIENTED_EDGE('',*,*,#3003,.F.);
#3005=ORIENTED_EDGE('',*,*,#453,.F.);
#3006=EDGE_LOOP('',(#2996,#2997,#3004,#3005));
#3007=FACE_BOUND('',#3006,.T.);
#3008=ADVANCED_FACE('',(#3007),#2995,.T.);
#3009=CARTESIAN_POINT('',(200.611958383,98.71813799,185.));
#3010=DIRECTION('',(-1.,0.,0.));
#3011=DIRECTION('',(0.,0.,-1.));
#3012=AXIS2_PLACEMENT_3D('',#3009,#3010,#3011);
#3013=CYLINDRICAL_SURFACE('',#3012,1.);
#3014=ORIENTED_EDGE('',*,*,#874,.F.);
#3015=CARTESIAN_POINT('',(171.540649751,98.71813799,185.));
#3016=DIRECTION('',(1.,-0.,-0.));
#3017=DIRECTION('',(0.,0.,-1.));
#3018=AXIS2_PLACEMENT_3D('',#3015,#3016,#3017);
#3019=CIRCLE('',#3018,1.);
#3020=EDGE_CURVE('',#861,#456,#3019,.T.);
#3021=ORIENTED_EDGE('',*,*,#3020,.T.);
#3022=ORIENTED_EDGE('',*,*,#461,.F.);
#3023=ORIENTED_EDGE('',*,*,#3003,.T.);
#3024=EDGE_LOOP('',(#3014,#3021,#3022,#3023));
#3025=FACE_BOUND('',#3024,.T.);
#3026=ADVANCED_FACE('',(#3025),#3013,.T.);
#3027=CARTESIAN_POINT('',(157.442686572,124.142307982,185.));
#3028=DIRECTION('',(-0.484944223,0.874545082,0.));
#3029=DIRECTION('',(-0.874545082,-0.484944223,0.));
#3030=AXIS2_PLACEMENT_3D('',#3027,#3028,#3029);
#3031=CYLINDRICAL_SURFACE('',#3030,1.);
#3032=ORIENTED_EDGE('',*,*,#866,.F.);
#3033=CARTESIAN_POINT('',(143.328026228,149.596589528,185.));
#3034=DIRECTION('',(0.484944223,-0.874545082,-0.));
#3035=DIRECTION('',(-0.874545082,-0.484944223,0.));
#3036=AXIS2_PLACEMENT_3D('',#3033,#3034,#3035);
#3037=CIRCLE('',#3036,1.);
#3038=EDGE_CURVE('',#853,#1039,#3037,.T.);
#3039=ORIENTED_EDGE('',*,*,#3038,.T.);
#3040=ORIENTED_EDGE('',*,*,#1044,.F.);
#3041=CARTESIAN_POINT('',(171.540649751,98.71813799,185.));
#3042=DIRECTION('',(0.484944223,-0.874545082,0.));
#3043=DIRECTION('',(0.874545082,0.484944223,0.));
#3044=AXIS2_PLACEMENT_3D('',#3041,#3042,#3043);
#3045=CIRCLE('',#3044,1.);
#3046=EDGE_CURVE('',#861,#1037,#3045,.T.);
#3047=ORIENTED_EDGE('',*,*,#3046,.F.);
#3048=EDGE_LOOP('',(#3032,#3039,#3040,#3047));
#3049=FACE_BOUND('',#3048,.T.);
#3050=ADVANCED_FACE('',(#3049),#3031,.T.);
#3051=CARTESIAN_POINT('',(171.540649751,98.71813799,185.));
#3052=DIRECTION('',(-0.874545082,-0.484944223,0.));
#3053=DIRECTION('',(0.484944223,-0.874545082,0.));
#3054=AXIS2_PLACEMENT_3D('',#3051,#3052,#3053);
#3055=SPHERICAL_SURFACE('',#3054,1.);
#3056=ORIENTED_EDGE('',*,*,#3020,.F.);
#3057=ORIENTED_EDGE('',*,*,#3046,.T.);
#3058=CARTESIAN_POINT('',(171.540649751,98.71813799,185.));
#3059=DIRECTION('',(0.,0.,-1.));
#3060=DIRECTION('',(1.,-0.,0.));
#3061=AXIS2_PLACEMENT_3D('',#3058,#3059,#3060);
#3062=CIRCLE('',#3061,1.);
#3063=EDGE_CURVE('',#456,#1037,#3062,.T.);
#3064=ORIENTED_EDGE('',*,*,#3063,.F.);
#3065=EDGE_LOOP('',(#3056,#3057,#3064));
#3066=FACE_BOUND('',#3065,.T.);
#3067=ADVANCED_FACE('',(#3066),#3055,.T.);
#3068=CARTESIAN_POINT('',(171.540649751,98.71813799,184.4));
#3069=DIRECTION('',(0.,0.,-1.));
#3070=DIRECTION('',(1.,-0.,0.));
#3071=AXIS2_PLACEMENT_3D('',#3068,#3069,#3070);
#3072=CYLINDRICAL_SURFACE('',#3071,1.);
#3073=ORIENTED_EDGE('',*,*,#3063,.T.);
#3074=ORIENTED_EDGE('',*,*,#1057,.F.);
#3075=ORIENTED_EDGE('',*,*,#551,.F.);
#3076=ORIENTED_EDGE('',*,*,#467,.F.);
#3077=EDGE_LOOP('',(#3073,#3074,#3075,#3076));
#3078=FACE_BOUND('',#3077,.T.);
#3079=ADVANCED_FACE('',(#3078),#3072,.T.);
#3080=CARTESIAN_POINT('',(491.720715795,777.885573633,185.));
#3081=DIRECTION('',(0.484944223,0.874545082,0.));
#3082=DIRECTION('',(-0.874545082,0.484944223,0.));
#3083=AXIS2_PLACEMENT_3D('',#3080,#3081,#3082);
#3084=CYLINDRICAL_SURFACE('',#3083,1.);
#3085=ORIENTED_EDGE('',*,*,#858,.F.);
#3086=CARTESIAN_POINT('',(171.540649751,200.475041066,185.));
#3087=DIRECTION('',(-0.484944223,-0.874545082,-0.));
#3088=DIRECTION('',(-0.874545082,0.484944223,0.));
#3089=AXIS2_PLACEMENT_3D('',#3086,#3087,#3088);
#3090=CIRCLE('',#3089,1.);
#3091=EDGE_CURVE('',#845,#1214,#3090,.T.);
#3092=ORIENTED_EDGE('',*,*,#3091,.T.);
#3093=ORIENTED_EDGE('',*,*,#1219,.F.);
#3094=CARTESIAN_POINT('',(143.328026228,149.596589528,185.));
#3095=DIRECTION('',(-0.484944223,-0.874545082,0.));
#3096=DIRECTION('',(0.874545082,-0.484944223,0.));
#3097=AXIS2_PLACEMENT_3D('',#3094,#3095,#3096);
#3098=CIRCLE('',#3097,1.);
#3099=EDGE_CURVE('',#853,#1212,#3098,.T.);
#3100=ORIENTED_EDGE('',*,*,#3099,.F.);
#3101=EDGE_LOOP('',(#3085,#3092,#3093,#3100));
#3102=FACE_BOUND('',#3101,.T.);
#3103=ADVANCED_FACE('',(#3102),#3084,.T.);
#3104=CARTESIAN_POINT('',(143.328026228,149.596589528,185.));
#3105=DIRECTION('',(0.874545082,-0.484944223,0.));
#3106=DIRECTION('',(0.484944223,0.874545082,0.));
#3107=AXIS2_PLACEMENT_3D('',#3104,#3105,#3106);
#3108=SPHERICAL_SURFACE('',#3107,1.);
#3109=ORIENTED_EDGE('',*,*,#3038,.F.);
#3110=ORIENTED_EDGE('',*,*,#3099,.T.);
#3111=CARTESIAN_POINT('',(142.328026228,149.596589528,185.));
#3112=VERTEX_POINT('',#3111);
#3113=CARTESIAN_POINT('',(143.328026228,149.596589528,185.));
#3114=DIRECTION('',(0.,0.,-1.));
#3115=DIRECTION('',(1.,-0.,0.));
#3116=AXIS2_PLACEMENT_3D('',#3113,#3114,#3115);
#3117=CIRCLE('',#3116,1.);
#3118=EDGE_CURVE('',#3112,#1212,#3117,.T.);
#3119=ORIENTED_EDGE('',*,*,#3118,.F.);
#3120=CARTESIAN_POINT('',(143.328026228,149.596589528,185.));
#3121=DIRECTION('',(0.,0.,-1.));
#3122=DIRECTION('',(1.,-0.,0.));
#3123=AXIS2_PLACEMENT_3D('',#3120,#3121,#3122);
#3124=CIRCLE('',#3123,1.);
#3125=EDGE_CURVE('',#1039,#3112,#3124,.T.);
#3126=ORIENTED_EDGE('',*,*,#3125,.F.);
#3127=EDGE_LOOP('',(#3109,#3110,#3119,#3126));
#3128=FACE_BOUND('',#3127,.T.);
#3129=ADVANCED_FACE('',(#3128),#3108,.T.);
#3130=CARTESIAN_POINT('',(143.328026228,149.596589528,184.4));
#3131=DIRECTION('',(0.,0.,1.));
#3132=DIRECTION('',(-1.,0.,0.));
#3133=AXIS2_PLACEMENT_3D('',#3130,#3131,#3132);
#3134=CYLINDRICAL_SURFACE('',#3133,1.);
#3135=CARTESIAN_POINT('',(142.328026228,149.596589528,185.));
#3136=DIRECTION('',(-0.,-0.,-1.));
#3137=VECTOR('',#3136,14.);
#3138=LINE('',#3135,#3137);
#3139=EDGE_CURVE('',#3112,#562,#3138,.T.);
#3140=ORIENTED_EDGE('',*,*,#3139,.T.);
#3141=ORIENTED_EDGE('',*,*,#568,.F.);
#3142=ORIENTED_EDGE('',*,*,#1050,.F.);
#3143=ORIENTED_EDGE('',*,*,#3125,.T.);
#3144=EDGE_LOOP('',(#3140,#3141,#3142,#3143));
#3145=FACE_BOUND('',#3144,.T.);
#3146=ADVANCED_FACE('',(#3145),#3134,.T.);
#3147=CARTESIAN_POINT('',(171.540649751,200.475041066,184.4));
#3148=DIRECTION('',(0.,0.,-1.));
#3149=DIRECTION('',(1.,-0.,0.));
#3150=AXIS2_PLACEMENT_3D('',#3147,#3148,#3149);
#3151=CYLINDRICAL_SURFACE('',#3150,1.);
#3152=ORIENTED_EDGE('',*,*,#594,.F.);
#3153=ORIENTED_EDGE('',*,*,#1225,.F.);
#3154=CARTESIAN_POINT('',(171.540649751,200.475041066,185.));
#3155=DIRECTION('',(0.,0.,1.));
#3156=DIRECTION('',(-1.,0.,0.));
#3157=AXIS2_PLACEMENT_3D('',#3154,#3155,#3156);
#3158=CIRCLE('',#3157,1.);
#3159=EDGE_CURVE('',#1170,#1214,#3158,.T.);
#3160=ORIENTED_EDGE('',*,*,#3159,.F.);
#3161=ORIENTED_EDGE('',*,*,#1190,.F.);
#3162=EDGE_LOOP('',(#3152,#3153,#3160,#3161));
#3163=FACE_BOUND('',#3162,.T.);
#3164=ADVANCED_FACE('',(#3163),#3151,.T.);
#3165=CARTESIAN_POINT('',(171.540649751,200.475041066,185.));
#3166=DIRECTION('',(-0.,-1.,0.));
#3167=DIRECTION('',(0.,0.,1.));
#3168=AXIS2_PLACEMENT_3D('',#3165,#3166,#3167);
#3169=SPHERICAL_SURFACE('',#3168,1.);
#3170=ORIENTED_EDGE('',*,*,#3159,.T.);
#3171=ORIENTED_EDGE('',*,*,#3091,.F.);
#3172=CARTESIAN_POINT('',(171.540649751,200.475041066,185.));
#3173=DIRECTION('',(1.,-0.,-0.));
#3174=DIRECTION('',(0.,-0.,1.));
#3175=AXIS2_PLACEMENT_3D('',#3172,#3173,#3174);
#3176=CIRCLE('',#3175,1.);
#3177=EDGE_CURVE('',#1170,#845,#3176,.T.);
#3178=ORIENTED_EDGE('',*,*,#3177,.F.);
#3179=EDGE_LOOP('',(#3170,#3171,#3178));
#3180=FACE_BOUND('',#3179,.T.);
#3181=ADVANCED_FACE('',(#3180),#3169,.T.);
#3182=CARTESIAN_POINT('',(455.954805414,200.475041066,185.));
#3183=DIRECTION('',(1.,-0.,0.));
#3184=DIRECTION('',(0.,0.,1.));
#3185=AXIS2_PLACEMENT_3D('',#3182,#3183,#3184);
#3186=CYLINDRICAL_SURFACE('',#3185,1.);
#3187=ORIENTED_EDGE('',*,*,#3177,.T.);
#3188=ORIENTED_EDGE('',*,*,#850,.F.);
#3189=CARTESIAN_POINT('',(185.111908383,200.475041066,185.));
#3190=DIRECTION('',(1.,-0.,0.));
#3191=DIRECTION('',(0.,0.,1.));
#3192=AXIS2_PLACEMENT_3D('',#3189,#3190,#3191);
#3193=CIRCLE('',#3192,1.);
#3194=EDGE_CURVE('',#1172,#837,#3193,.T.);
#3195=ORIENTED_EDGE('',*,*,#3194,.F.);
#3196=ORIENTED_EDGE('',*,*,#1177,.F.);
#3197=EDGE_LOOP('',(#3187,#3188,#3195,#3196));
#3198=FACE_BOUND('',#3197,.T.);
#3199=ADVANCED_FACE('',(#3198),#3186,.T.);
#3200=CARTESIAN_POINT('',(185.111908383,200.475041066,185.));
#3201=DIRECTION('',(-0.,-1.,0.));
#3202=DIRECTION('',(0.,0.,1.));
#3203=AXIS2_PLACEMENT_3D('',#3200,#3201,#3202);
#3204=SPHERICAL_SURFACE('',#3203,1.);
#3205=ORIENTED_EDGE('',*,*,#3194,.T.);
#3206=ORIENTED_EDGE('',*,*,#1954,.F.);
#3207=CARTESIAN_POINT('',(185.111908383,200.475041066,185.));
#3208=DIRECTION('',(0.,0.,-1.));
#3209=DIRECTION('',(1.,-0.,0.));
#3210=AXIS2_PLACEMENT_3D('',#3207,#3208,#3209);
#3211=CIRCLE('',#3210,1.);
#3212=EDGE_CURVE('',#1172,#1340,#3211,.T.);
#3213=ORIENTED_EDGE('',*,*,#3212,.F.);
#3214=EDGE_LOOP('',(#3205,#3206,#3213));
#3215=FACE_BOUND('',#3214,.T.);
#3216=ADVANCED_FACE('',(#3215),#3204,.T.);
#3217=CARTESIAN_POINT('',(185.111908383,200.475041066,184.4));
#3218=DIRECTION('',(0.,0.,-1.));
#3219=DIRECTION('',(1.,-0.,0.));
#3220=AXIS2_PLACEMENT_3D('',#3217,#3218,#3219);
#3221=CYLINDRICAL_SURFACE('',#3220,1.);
#3222=ORIENTED_EDGE('',*,*,#3212,.T.);
#3223=ORIENTED_EDGE('',*,*,#1345,.F.);
#3224=ORIENTED_EDGE('',*,*,#611,.F.);
#3225=ORIENTED_EDGE('',*,*,#1183,.F.);
#3226=EDGE_LOOP('',(#3222,#3223,#3224,#3225));
#3227=FACE_BOUND('',#3226,.T.);
#3228=ADVANCED_FACE('',(#3227),#3221,.T.);
#3229=CARTESIAN_POINT('',(200.611958383,98.71813799,178.4));
#3230=DIRECTION('',(-1.,0.,0.));
#3231=DIRECTION('',(0.,0.,-1.));
#3232=AXIS2_PLACEMENT_3D('',#3229,#3230,#3231);
#3233=CYLINDRICAL_SURFACE('',#3232,1.);
#3234=ORIENTED_EDGE('',*,*,#2889,.F.);
#3235=ORIENTED_EDGE('',*,*,#1483,.F.);
#3236=ORIENTED_EDGE('',*,*,#2978,.F.);
#3237=ORIENTED_EDGE('',*,*,#436,.F.);
#3238=ORIENTED_EDGE('',*,*,#936,.F.);
#3239=EDGE_LOOP('',(#3234,#3235,#3236,#3237,#3238));
#3240=FACE_BOUND('',#3239,.T.);
#3241=ADVANCED_FACE('',(#3240),#3233,.T.);
#3242=CARTESIAN_POINT('',(200.85697021,116.564033286,174.5));
#3243=DIRECTION('',(0.,-1.,0.));
#3244=DIRECTION('',(0.,0.,-1.));
#3245=AXIS2_PLACEMENT_3D('',#3242,#3243,#3244);
#3246=CYLINDRICAL_SURFACE('',#3245,2.);
#3247=CARTESIAN_POINT('',(200.85697021,99.61813799,172.5));
#3248=VERTEX_POINT('',#3247);
#3249=CARTESIAN_POINT('',(200.85697021,116.564033286,172.5));
#3250=VERTEX_POINT('',#3249);
#3251=CARTESIAN_POINT('',(200.85697021,99.61813799,172.5));
#3252=DIRECTION('',(-0.,1.,-0.));
#3253=VECTOR('',#3252,16.945895296);
#3254=LINE('',#3251,#3253);
#3255=EDGE_CURVE('',#3248,#3250,#3254,.T.);
#3256=ORIENTED_EDGE('',*,*,#3255,.F.);
#3257=CARTESIAN_POINT('',(202.85697021,99.61813799,174.5));
#3258=VERTEX_POINT('',#3257);
#3259=CARTESIAN_POINT('',(200.85697021,99.61813799,174.5));
#3260=DIRECTION('',(-0.,-1.,0.));
#3261=DIRECTION('',(1.,-0.,0.));
#3262=AXIS2_PLACEMENT_3D('',#3259,#3260,#3261);
#3263=CIRCLE('',#3262,2.);
#3264=EDGE_CURVE('',#3248,#3258,#3263,.T.);
#3265=ORIENTED_EDGE('',*,*,#3264,.T.);
#3266=CARTESIAN_POINT('',(200.85697021,99.61813799,174.5));
#3267=DIRECTION('',(-0.,-1.,0.));
#3268=DIRECTION('',(1.,-0.,0.));
#3269=AXIS2_PLACEMENT_3D('',#3266,#3267,#3268);
#3270=CIRCLE('',#3269,2.);
#3271=EDGE_CURVE('',#3258,#3248,#3270,.T.);
#3272=ORIENTED_EDGE('',*,*,#3271,.T.);
#3273=ORIENTED_EDGE('',*,*,#3255,.T.);
#3274=CARTESIAN_POINT('',(200.85697021,116.564033286,174.5));
#3275=DIRECTION('',(0.,-1.,0.));
#3276=DIRECTION('',(0.,0.,-1.));
#3277=AXIS2_PLACEMENT_3D('',#3274,#3275,#3276);
#3278=CIRCLE('',#3277,2.);
#3279=EDGE_CURVE('',#3250,#3250,#3278,.T.);
#3280=ORIENTED_EDGE('',*,*,#3279,.F.);
#3281=EDGE_LOOP('',(#3256,#3265,#3272,#3273,#3280));
#3282=FACE_BOUND('',#3281,.T.);
#3283=ADVANCED_FACE('',(#3282),#3246,.F.);
#3284=CARTESIAN_POINT('',(0.289017438,116.564033286,0.));
#3285=DIRECTION('',(0.,-1.,0.));
#3286=DIRECTION('',(1.,0.,0.));
#3287=AXIS2_PLACEMENT_3D('',#3284,#3285,#3286);
#3288=PLANE('',#3287);
#3289=ORIENTED_EDGE('',*,*,#3279,.T.);
#3290=EDGE_LOOP('',(#3289));
#3291=FACE_BOUND('',#3290,.T.);
#3292=ADVANCED_FACE('',(#3291),#3288,.T.);
#3293=CARTESIAN_POINT('',(200.85697021,99.61813799,174.5));
#3294=DIRECTION('',(-0.,-1.,0.));
#3295=DIRECTION('',(1.,-0.,0.));
#3296=AXIS2_PLACEMENT_3D('',#3293,#3294,#3295);
#3297=TOROIDAL_SURFACE('',#3296,3.9,1.9);
#3298=CARTESIAN_POINT('',(204.75697021,99.61813799,174.5));
#3299=DIRECTION('',(-0.,-0.,1.));
#3300=DIRECTION('',(1.,-0.,0.));
#3301=AXIS2_PLACEMENT_3D('',#3298,#3299,#3300);
#3302=CIRCLE('',#3301,1.9);
#3303=EDGE_CURVE('',#3258,#939,#3302,.T.);
#3304=ORIENTED_EDGE('',*,*,#3303,.T.);
#3305=ORIENTED_EDGE('',*,*,#945,.F.);
#3306=ORIENTED_EDGE('',*,*,#428,.F.);
#3307=ORIENTED_EDGE('',*,*,#541,.F.);
#3308=ORIENTED_EDGE('',*,*,#952,.F.);
#3309=ORIENTED_EDGE('',*,*,#3303,.F.);
#3310=ORIENTED_EDGE('',*,*,#3264,.F.);
#3311=ORIENTED_EDGE('',*,*,#3271,.F.);
#3312=EDGE_LOOP('',(#3304,#3305,#3306,#3307,#3308,#3309,#3310,#3311));
#3313=FACE_BOUND('',#3312,.T.);
#3314=ADVANCED_FACE('',(#3313),#3297,.T.);
#3315=CARTESIAN_POINT('',(257.895890539,149.596589528,184.4));
#3316=DIRECTION('',(0.,0.,-1.));
#3317=DIRECTION('',(1.,-0.,0.));
#3318=AXIS2_PLACEMENT_3D('',#3315,#3316,#3317);
#3319=CYLINDRICAL_SURFACE('',#3318,1.);
#3320=ORIENTED_EDGE('',*,*,#2870,.F.);
#3321=ORIENTED_EDGE('',*,*,#769,.F.);
#3322=ORIENTED_EDGE('',*,*,#1152,.F.);
#3323=ORIENTED_EDGE('',*,*,#2856,.T.);
#3324=EDGE_LOOP('',(#3320,#3321,#3322,#3323));
#3325=FACE_BOUND('',#3324,.T.);
#3326=ADVANCED_FACE('',(#3325),#3319,.T.);
#3327=CARTESIAN_POINT('',(143.328026228,149.596589528,184.4));
#3328=DIRECTION('',(0.,0.,1.));
#3329=DIRECTION('',(-1.,0.,0.));
#3330=AXIS2_PLACEMENT_3D('',#3327,#3328,#3329);
#3331=CYLINDRICAL_SURFACE('',#3330,1.);
#3332=ORIENTED_EDGE('',*,*,#3139,.F.);
#3333=ORIENTED_EDGE('',*,*,#3118,.T.);
#3334=ORIENTED_EDGE('',*,*,#1232,.F.);
#3335=ORIENTED_EDGE('',*,*,#577,.F.);
#3336=EDGE_LOOP('',(#3332,#3333,#3334,#3335));
#3337=FACE_BOUND('',#3336,.T.);
#3338=ADVANCED_FACE('',(#3337),#3331,.T.);
#3339=CLOSED_SHELL('',(#471,#511,#797,#828,#924,#988,#1019,#1061,#1092,#1163,#1194,#1236,#1332,#1363,#1437,#1461,#1501,#1532,#1563,#1587,#1611,#1642,#1666,#1690,#1721,#1745,
#1769,#1793,#1811,#1829,#1853,#1871,#1889,#1913,#1930,#1942,#1966,#1983,#1995,#2019,#2036,#2048,#2072,#2089,#2101,#2125,#2143,#2155,#2173,#2191,#2209,
#2221,#2449,#2458,#2574,#2616,#2625,#2644,#2677,#2686,#2704,#2728,#2745,#2757,#2781,#2798,#2810,#2834,#2860,#2877,#2901,#2919,#2937,#2954,#2966,#2990,
#3008,#3026,#3050,#3067,#3079,#3103,#3129,#3146,#3164,#3181,#3199,#3216,#3228,#3241,#3283,#3292,#3314,#3326,#3338));
#3340=MANIFOLD_SOLID_BREP('Schinenkopf 1 Weg',#3339);
#405=STYLED_ITEM('',(#218),#3340);
#16=SHAPE_REPRESENTATION('root',(#15),#10);
#17=ADVANCED_BREP_SHAPE_REPRESENTATION('root',(#211,#404,#3340),#10);
#3348=SHAPE_REPRESENTATION_RELATIONSHIP('','',#16,#17);
#3349=CARTESIAN_POINT('',(0.,0.,0.));
#3350=DIRECTION('',(0.,0.,1.));
#3351=DIRECTION('',(1.,0.,0.));
#3352=AXIS2_PLACEMENT_3D('',#3349,#3350,#3351);
#3354=MAPPED_ITEM('',#3353,#3352);
#3353=REPRESENTATION_MAP(#3352,#16);
#3355=APPLICATION_CONTEXT('Managed model based 3d engineering');
#3356=APPLICATION_PROTOCOL_DEFINITION('international standard','ap242_managed_model_based_3d_engineering',2014,#3355);
#3357=PRODUCT_CONTEXT('',#3355,'mechanical');
#3358=PRODUCT_DEFINITION_CONTEXT('part definition',#3355,'design');
#24=PRODUCT('root','root','',(#3357));
#3359=PRODUCT_RELATED_PRODUCT_CATEGORY('part','',(#24));
#3360=PRODUCT_DEFINITION_FORMATION_WITH_SPECIFIED_SOURCE('','',#24,.NOT_KNOWN.);
#25=PRODUCT_DEFINITION('design','',#3360,#3358);
#23=PRODUCT_DEFINITION_SHAPE('','',#25);
#3361=SHAPE_DEFINITION_REPRESENTATION(#23,#16);
#11=DRAUGHTING_MODEL('',(#3354),#10);
#3362=DESCRIPTIVE_REPRESENTATION_ITEM('KEY','C:\\Users\\Ruben\\AppData\\Local\\Packages\\Shapr3D.Shapr3D_dvv5p1vgwv6mp\\TempState\\6da014ec-82e7-44ae-8f78-56a55f716844.tmp');
#3363=PROPERTY_DEFINITION('KEY','',#25);
#3364=REPRESENTATION('',(#3362),#10);
#3365=PROPERTY_DEFINITION_REPRESENTATION(#3363,#3364);
#3366=GENERAL_PROPERTY('','KEY','');
#3367=GENERAL_PROPERTY_ASSOCIATION('','',#3366,#3363);
#1=MECHANICAL_DESIGN_GEOMETRIC_PRESENTATION_REPRESENTATION('',(#26,#219,#405),#10);
ENDSEC;
END-ISO-10303-21;
