ISO-10303-21;
HEADER;

/* File generated by Shapr3D Version 5.1014.10201.0 */

FILE_DESCRIPTION(('HOOPS Exchange Step'),'2;1');

FILE_NAME('C:\\Users\\Ruben\\AppData\\Local\\Packages\\Shapr3D.Shapr3D_dvv5p1vgwv6mp\\TempState\\export\\temp_export',
'2026-01-17T23:25:36+01:00',
('Ruben'),
('Shapr3D Limited'),
'HOOPS Exchange 2025.7',
'Shapr3D',
'Authorized');

FILE_SCHEMA( ('AP242_MANAGED_MODEL_BASED_3D_ENGINEERING_MIM_LF {1 0 10303 442 1 1 4}') );

ENDSEC;

DATA;
#3=(NAMED_UNIT(*)PLANE_ANGLE_UNIT()SI_UNIT($,.RADIAN.));
#4=PLANE_ANGLE_MEASURE_WITH_UNIT(PLANE_ANGLE_MEASURE(0.0174532925),#3);
#5=(CONVERSION_BASED_UNIT('DEGREE',#4)NAMED_UNIT(#6)PLANE_ANGLE_UNIT());
#6=DIMENSIONAL_EXPONENTS(0.,0.,0.,0.,0.,0.,0.);
#7=(NAMED_UNIT(*)SI_UNIT($,.STERADIAN.)SOLID_ANGLE_UNIT());
#8=(LENGTH_UNIT()NAMED_UNIT(*)SI_UNIT(.MILLI.,.METRE.));
#9=UNCERTAINTY_MEASURE_WITH_UNIT(LENGTH_MEASURE(1.000000E-03),#8,'DISTANCE_ACCURACY_VALUE','Maximum Tolerance applied to model');
#10=(GEOMETRIC_REPRESENTATION_CONTEXT(3)GLOBAL_UNCERTAINTY_ASSIGNED_CONTEXT((#9))GLOBAL_UNIT_ASSIGNED_CONTEXT((#8,#5,#7))REPRESENTATION_CONTEXT('','root'));
#12=CARTESIAN_POINT('',(0.,0.,0.));
#13=DIRECTION('',(0.,0.,1.));
#14=DIRECTION('',(1.,0.,0.));
#15=AXIS2_PLACEMENT_3D('',#12,#13,#14);
#26=(NAMED_UNIT(*)PLANE_ANGLE_UNIT()SI_UNIT($,.RADIAN.));
#27=PLANE_ANGLE_MEASURE_WITH_UNIT(PLANE_ANGLE_MEASURE(0.0174532925),#26);
#28=(CONVERSION_BASED_UNIT('DEGREE',#27)NAMED_UNIT(#29)PLANE_ANGLE_UNIT());
#29=DIMENSIONAL_EXPONENTS(0.,0.,0.,0.,0.,0.,0.);
#30=(NAMED_UNIT(*)SI_UNIT($,.STERADIAN.)SOLID_ANGLE_UNIT());
#31=(LENGTH_UNIT()NAMED_UNIT(*)SI_UNIT(.MILLI.,.METRE.));
#32=UNCERTAINTY_MEASURE_WITH_UNIT(LENGTH_MEASURE(1.000000E-03),#31,'DISTANCE_ACCURACY_VALUE','Maximum Tolerance applied to model');
#33=(GEOMETRIC_REPRESENTATION_CONTEXT(3)GLOBAL_UNCERTAINTY_ASSIGNED_CONTEXT((#32))GLOBAL_UNIT_ASSIGNED_CONTEXT((#31,#28,#30))REPRESENTATION_CONTEXT('','Schienenhalter (r = 7.5mm)'));
#45=CARTESIAN_POINT('',(0.,0.,0.));
#46=DIRECTION('',(0.,0.,1.));
#47=DIRECTION('',(1.,0.,-0.));
#48=AXIS2_PLACEMENT_3D('',#45,#46,#47);
#49=ITEM_DEFINED_TRANSFORMATION('','',#48,#15);
#50=(REPRESENTATION_RELATIONSHIP('','',#35,#16)REPRESENTATION_RELATIONSHIP_WITH_TRANSFORMATION(#49)SHAPE_REPRESENTATION_RELATIONSHIP());
#51=NEXT_ASSEMBLY_USAGE_OCCURRENCE('Schienenhalter (r = 7.5mm)_1','Schienenhalter (r = 7.5mm)','Schienenhalter (r = 7.5mm)',#25,#44,$);
#52=PRODUCT_DEFINITION_SHAPE('','',#51);
#53=CONTEXT_DEPENDENT_SHAPE_REPRESENTATION(#50,#52);
#54=(NAMED_UNIT(*)PLANE_ANGLE_UNIT()SI_UNIT($,.RADIAN.));
#55=PLANE_ANGLE_MEASURE_WITH_UNIT(PLANE_ANGLE_MEASURE(0.0174532925),#54);
#56=(CONVERSION_BASED_UNIT('DEGREE',#55)NAMED_UNIT(#57)PLANE_ANGLE_UNIT());
#57=DIMENSIONAL_EXPONENTS(0.,0.,0.,0.,0.,0.,0.);
#58=(NAMED_UNIT(*)SI_UNIT($,.STERADIAN.)SOLID_ANGLE_UNIT());
#59=(LENGTH_UNIT()NAMED_UNIT(*)SI_UNIT(.MILLI.,.METRE.));
#60=UNCERTAINTY_MEASURE_WITH_UNIT(LENGTH_MEASURE(1.000000E-05),#59,'DISTANCE_ACCURACY_VALUE','Maximum Tolerance applied to model');
#61=(GEOMETRIC_REPRESENTATION_CONTEXT(3)GLOBAL_UNCERTAINTY_ASSIGNED_CONTEXT((#60))GLOBAL_UNIT_ASSIGNED_CONTEXT((#59,#56,#58))REPRESENTATION_CONTEXT('','Schienenhalter 7.5mm (NN +3mm)'));
#73=CARTESIAN_POINT('',(0.,0.,0.));
#74=DIRECTION('',(0.,0.,1.));
#75=DIRECTION('',(1.,0.,-0.));
#76=AXIS2_PLACEMENT_3D('',#73,#74,#75);
#77=ITEM_DEFINED_TRANSFORMATION('','',#76,#15);
#78=(REPRESENTATION_RELATIONSHIP('','',#63,#35)REPRESENTATION_RELATIONSHIP_WITH_TRANSFORMATION(#77)SHAPE_REPRESENTATION_RELATIONSHIP());
#79=NEXT_ASSEMBLY_USAGE_OCCURRENCE('Schienenhalter 7.5mm (NN +3mm)_2','Schienenhalter 7.5mm (NN +3mm)','Schienenhalter 7.5mm (NN +3mm)',#44,#72,$);
#80=PRODUCT_DEFINITION_SHAPE('','',#79);
#81=CONTEXT_DEPENDENT_SHAPE_REPRESENTATION(#78,#80);
#83=CARTESIAN_POINT('',(-10.,129.077075644,171.884357274));
#84=DIRECTION('',(-0.,-1.,-0.));
#85=DIRECTION('',(-1.,0.,0.));
#86=AXIS2_PLACEMENT_3D('',#83,#84,#85);
#87=CYLINDRICAL_SURFACE('',#86,3.5);
#88=CARTESIAN_POINT('',(-6.526107106,103.895354498,172.311051733));
#89=VERTEX_POINT('',#88);
#90=CARTESIAN_POINT('',(-13.5,103.937485602,171.884357274));
#91=VERTEX_POINT('',#90);
#92=CARTESIAN_POINT('',(-6.526107106,103.895354498,172.311051733));
#93=CARTESIAN_POINT('',(-6.553297836,103.879870821,172.532422514));
#94=CARTESIAN_POINT('',(-6.60104193,103.874642383,172.747852448));
#95=CARTESIAN_POINT('',(-6.668597618,103.878087595,172.957557241));
#96=CARTESIAN_POINT('',(-6.702375462,103.8798102,173.062409638));
#97=CARTESIAN_POINT('',(-6.741140327,103.883708041,173.165820896));
#98=CARTESIAN_POINT('',(-6.785003928,103.889608585,173.267758972));
#99=CARTESIAN_POINT('',(-6.828867529,103.895509129,173.369697047));
#100=CARTESIAN_POINT('',(-6.877922505,103.903442352,173.470174432));
#101=CARTESIAN_POINT('',(-6.930986694,103.912942011,173.566961604));
#102=CARTESIAN_POINT('',(-7.037115073,103.931941329,173.760535948));
#103=CARTESIAN_POINT('',(-7.16008874,103.957298219,173.941809775));
#104=CARTESIAN_POINT('',(-7.299780798,103.986562828,174.111197246));
#105=CARTESIAN_POINT('',(-7.369626827,104.001195132,174.195890982));
#106=CARTESIAN_POINT('',(-7.444088924,104.016893137,174.277978018));
#107=CARTESIAN_POINT('',(-7.521769483,104.033030435,174.355869666));
#108=CARTESIAN_POINT('',(-7.599450042,104.049167732,174.433761315));
#109=CARTESIAN_POINT('',(-7.680256115,104.06572509,174.507462149));
#110=CARTESIAN_POINT('',(-7.764142467,104.082365403,174.577114429));
#111=CARTESIAN_POINT('',(-7.931915171,104.115646029,174.716418988));
#112=CARTESIAN_POINT('',(-8.111912119,104.149269455,174.839653298));
#113=CARTESIAN_POINT('',(-8.304885214,104.180622052,174.946478412));
#114=CARTESIAN_POINT('',(-8.497858308,104.211974649,175.053303526));
#115=CARTESIAN_POINT('',(-8.699770385,104.240306538,175.141238707));
#116=CARTESIAN_POINT('',(-8.907624749,104.263103794,175.209521377));
#117=CARTESIAN_POINT('',(-9.115479113,104.28590105,175.277804048));
#118=CARTESIAN_POINT('',(-9.331498476,104.303389719,175.327123059));
#119=CARTESIAN_POINT('',(-9.552224239,104.313552704,175.355595795));
#120=CARTESIAN_POINT('',(-9.772950003,104.32371569,175.384068531));
#121=CARTESIAN_POINT('',(-9.993223167,104.326374607,175.391273288));
#122=CARTESIAN_POINT('',(-10.213056232,104.321541605,175.377866548));
#123=CARTESIAN_POINT('',(-10.322972764,104.319125104,175.371163178));
#124=CARTESIAN_POINT('',(-10.432778653,104.314842285,175.359271855));
#125=CARTESIAN_POINT('',(-10.542471727,104.308736714,175.342062355));
#126=CARTESIAN_POINT('',(-10.6521648,104.302631144,175.324852855));
#127=CARTESIAN_POINT('',(-10.761596459,104.294686661,175.302272515));
#128=CARTESIAN_POINT('',(-10.868486237,104.285264452,175.274892875));
#129=CARTESIAN_POINT('',(-11.082265791,104.266420034,175.220133593));
#130=CARTESIAN_POINT('',(-11.288437681,104.241534383,175.145980891));
#131=CARTESIAN_POINT('',(-11.487303165,104.212629953,175.052626407));
#132=CARTESIAN_POINT('',(-11.586735907,104.198177739,175.005949165));
#133=CARTESIAN_POINT('',(-11.684806237,104.182638,174.9541334));
#134=CARTESIAN_POINT('',(-11.77951912,104.166631167,174.898210572));
#135=CARTESIAN_POINT('',(-11.874232003,104.150624333,174.842287745));
#136=CARTESIAN_POINT('',(-11.965668822,104.13415375,174.782293129));
#137=CARTESIAN_POINT('',(-12.053954829,104.117548496,174.718306738));
#138=CARTESIAN_POINT('',(-12.230526844,104.084337988,174.590333955));
#139=CARTESIAN_POINT('',(-12.394585112,104.050567937,174.446513455));
#140=CARTESIAN_POINT('',(-12.545986015,104.018903817,174.286014039));
#141=CARTESIAN_POINT('',(-12.697386917,103.987239697,174.125514622));
#142=CARTESIAN_POINT('',(-12.832490846,103.958479209,173.951929115));
#143=CARTESIAN_POINT('',(-12.950199408,103.93535564,173.767525736));
#144=CARTESIAN_POINT('',(-13.009053689,103.923793855,173.675324047));
#145=CARTESIAN_POINT('',(-13.063681736,103.913607613,173.580235449));
#146=CARTESIAN_POINT('',(-13.114000506,103.905105318,173.482168542));
#147=CARTESIAN_POINT('',(-13.164319276,103.896603022,173.384101635));
#148=CARTESIAN_POINT('',(-13.210546705,103.889760708,173.28248668));
#149=CARTESIAN_POINT('',(-13.251701051,103.885004453,173.179131491));
#150=CARTESIAN_POINT('',(-13.334009745,103.875491942,172.972421113));
#151=CARTESIAN_POINT('',(-13.395597443,103.87431717,172.760913931));
#152=CARTESIAN_POINT('',(-13.437124797,103.882667625,172.54479132));
#153=CARTESIAN_POINT('',(-13.478652152,103.89101808,172.328668708));
#154=CARTESIAN_POINT('',(-13.5,103.909159897,172.106180047));
#155=CARTESIAN_POINT('',(-13.5,103.937485602,171.884357274));
#156=B_SPLINE_CURVE_WITH_KNOTS('',3,(#92,#93,#94,#95,#96,#97,#98,#99,#100,#101,#102,#103,#104,#105,#106,#107,#108,#109,#110,#111,#112,#113,#114,#115,#116,#117,
#118,#119,#120,#121,#122,#123,#124,#125,#126,#127,#128,#129,#130,#131,#132,#133,#134,#135,#136,#137,#138,#139,#140,#141,#142,
#143,#144,#145,#146,#147,#148,#149,#150,#151,#152,#153,#154,#155),.UNSPECIFIED.,.F.,.F.,(4,3,3,3,3,3,3,3,3,3,3,3,3,3,3,3,3,3,3,3,3,4),(0.,0.00066065,0.000990976,0.001321301,0.001981951,0.002312277,0.002642602,0.003303252,0.003963903,0.004624553,0.005285204,0.005615529,0.005945854,0.006606505,0.00693683,0.007267155,0.007927806,0.008588456,0.008918781,0.009249107,0.009909757,0.010570408),.UNSPECIFIED.);
#157=EDGE_CURVE('',#89,#91,#156,.T.);
#158=ORIENTED_EDGE('',*,*,#157,.F.);
#159=CARTESIAN_POINT('',(-6.526107106,115.926626958,172.311051733));
#160=VERTEX_POINT('',#159);
#161=CARTESIAN_POINT('',(-6.526107106,103.895354498,172.311051733));
#162=DIRECTION('',(0.,1.,0.));
#163=VECTOR('',#162,12.03127246);
#164=LINE('',#161,#163);
#165=EDGE_CURVE('',#89,#160,#164,.T.);
#166=ORIENTED_EDGE('',*,*,#165,.T.);
#167=CARTESIAN_POINT('',(-12.933344442,128.077075644,173.793674007));
#168=VERTEX_POINT('',#167);
#169=CARTESIAN_POINT('',(-6.526107106,115.926626958,172.311051733));
#170=CARTESIAN_POINT('',(-6.552886184,115.534549775,172.529071083));
#171=CARTESIAN_POINT('',(-6.599489895,115.207958039,172.738599054));
#172=CARTESIAN_POINT('',(-6.661988575,114.946851749,172.93682092));
#173=CARTESIAN_POINT('',(-6.662476846,114.944811857,172.938369528));
#174=CARTESIAN_POINT('',(-6.663407401,114.940941164,172.941312983));
#175=CARTESIAN_POINT('',(-6.664120053,114.937997775,172.943557435));
#176=CARTESIAN_POINT('',(-6.664832706,114.935054386,172.945801886));
#177=CARTESIAN_POINT('',(-6.665547517,114.932118933,172.948045282));
#178=CARTESIAN_POINT('',(-6.666264483,114.929191416,172.95028762));
#179=CARTESIAN_POINT('',(-6.667698415,114.923336383,172.954772295));
#180=CARTESIAN_POINT('',(-6.669140968,114.917513094,172.959252734));
#181=CARTESIAN_POINT('',(-6.670592113,114.911721549,172.963728907));
#182=CARTESIAN_POINT('',(-6.673494403,114.90013846,172.972681252));
#183=CARTESIAN_POINT('',(-6.676431063,114.888682348,172.98161653));
#184=CARTESIAN_POINT('',(-6.679401867,114.877353213,172.990534493));
#185=CARTESIAN_POINT('',(-6.685343476,114.854694943,173.008370419));
#186=CARTESIAN_POINT('',(-6.691421665,114.832544583,173.026137083));
#187=CARTESIAN_POINT('',(-6.697634617,114.810902131,173.043832535));
#188=CARTESIAN_POINT('',(-6.710060522,114.767617228,173.079223439));
#189=CARTESIAN_POINT('',(-6.723025501,114.726363961,173.114329451));
#190=CARTESIAN_POINT('',(-6.736514749,114.687142331,173.149135524));
#191=CARTESIAN_POINT('',(-6.763493246,114.60869907,173.218747668));
#192=CARTESIAN_POINT('',(-6.792569113,114.538382355,173.287159328));
#193=CARTESIAN_POINT('',(-6.823620053,114.476192184,173.354258778));
#194=CARTESIAN_POINT('',(-6.885721932,114.351811844,173.488457677));
#195=CARTESIAN_POINT('',(-6.955727212,114.259937685,173.61739626));
#196=CARTESIAN_POINT('',(-7.032609625,114.200569707,173.740319117));
#197=CARTESIAN_POINT('',(-7.033810912,114.199642082,173.742239786));
#198=CARTESIAN_POINT('',(-7.035827668,114.198101208,173.745456834));
#199=CARTESIAN_POINT('',(-7.037441632,114.196887809,173.748022459));
#200=CARTESIAN_POINT('',(-7.039055597,114.19567441,173.750588083));
#201=CARTESIAN_POINT('',(-7.040672856,114.194474911,173.753151548));
#202=CARTESIAN_POINT('',(-7.042293401,114.193289313,173.755712846));
#203=CARTESIAN_POINT('',(-7.045534493,114.190918117,173.760835442));
#204=CARTESIAN_POINT('',(-7.048788735,114.188602521,173.765949369));
#205=CARTESIAN_POINT('',(-7.05205608,114.186342527,173.771054559));
#206=CARTESIAN_POINT('',(-7.058590769,114.181822539,173.78126494));
#207=CARTESIAN_POINT('',(-7.065177869,114.177524956,173.791440376));
#208=CARTESIAN_POINT('',(-7.071816993,114.173449778,173.801580338));
#209=CARTESIAN_POINT('',(-7.08509524,114.165299422,173.821860262));
#210=CARTESIAN_POINT('',(-7.098581589,114.158038685,173.841998287));
#211=CARTESIAN_POINT('',(-7.112272885,114.151667569,173.86199023));
#212=CARTESIAN_POINT('',(-7.139655477,114.138925337,173.901974118));
#213=CARTESIAN_POINT('',(-7.167857938,114.129741584,173.941373608));
#214=CARTESIAN_POINT('',(-7.196854049,114.124116312,173.980156114));
#215=CARTESIAN_POINT('',(-7.254846272,114.112865767,174.057721128));
#216=CARTESIAN_POINT('',(-7.316014301,114.115849143,174.132816958));
#217=CARTESIAN_POINT('',(-7.380133369,114.133066439,174.205197389));
#218=CARTESIAN_POINT('',(-7.388148253,114.135218601,174.214244943));
#219=CARTESIAN_POINT('',(-7.394902959,114.137209745,174.221790251));
#220=CARTESIAN_POINT('',(-7.402351261,114.139564565,174.230038631));
#221=CARTESIAN_POINT('',(-7.409799562,114.141919385,174.238287011));
#222=CARTESIAN_POINT('',(-7.417290121,114.144462982,174.246503204));
#223=CARTESIAN_POINT('',(-7.42482269,114.147195357,174.25468675));
#224=CARTESIAN_POINT('',(-7.439887829,114.152660107,174.271053843));
#225=CARTESIAN_POINT('',(-7.455121015,114.158879967,174.287290351));
#226=CARTESIAN_POINT('',(-7.470520216,114.165854938,174.303392624));
#227=CARTESIAN_POINT('',(-7.501318618,114.17980488,174.33559717));
#228=CARTESIAN_POINT('',(-7.532781159,114.196775264,174.367264748));
#229=CARTESIAN_POINT('',(-7.564890591,114.21676609,174.398366456));
#230=CARTESIAN_POINT('',(-7.629109456,114.256747742,174.460569874));
#231=CARTESIAN_POINT('',(-7.695917188,114.308811164,174.520509293));
#232=CARTESIAN_POINT('',(-7.765160159,114.372956354,174.577959117));
#233=CARTESIAN_POINT('',(-7.767324002,114.374960891,174.579754424));
#234=CARTESIAN_POINT('',(-7.768260433,114.375833338,174.580529109));
#235=CARTESIAN_POINT('',(-7.769812661,114.377281205,174.581812452));
#236=CARTESIAN_POINT('',(-7.771364889,114.378729072,174.583095794));
#237=CARTESIAN_POINT('',(-7.772918511,114.380183189,174.584378034));
#238=CARTESIAN_POINT('',(-7.774473526,114.381643555,174.585659167));
#239=CARTESIAN_POINT('',(-7.777583555,114.384564288,174.588221432));
#240=CARTESIAN_POINT('',(-7.780699156,114.387510021,174.590779271));
#241=CARTESIAN_POINT('',(-7.783820319,114.390480753,174.593332656));
#242=CARTESIAN_POINT('',(-7.790062644,114.396422217,174.598439426));
#243=CARTESIAN_POINT('',(-7.796327218,114.402463679,174.603528381));
#244=CARTESIAN_POINT('',(-7.802613968,114.408605139,174.608599302));
#245=CARTESIAN_POINT('',(-7.815187469,114.420888058,174.618741146));
#246=CARTESIAN_POINT('',(-7.827849678,114.433570968,174.628810857));
#247=CARTESIAN_POINT('',(-7.840599993,114.446653869,174.638806695));
#248=CARTESIAN_POINT('',(-7.866100623,114.472819671,174.658798371));
#249=CARTESIAN_POINT('',(-7.891953709,114.500585436,174.678494554));
#250=CARTESIAN_POINT('',(-7.918154036,114.529951165,174.697881289));
#251=CARTESIAN_POINT('',(-7.970554688,114.588682624,174.736654758));
#252=CARTESIAN_POINT('',(-8.024344852,114.653813937,174.774190425));
#253=CARTESIAN_POINT('',(-8.079476256,114.725345104,174.810376507));
#254=CARTESIAN_POINT('',(-8.189739064,114.868407439,174.88274867));
#255=CARTESIAN_POINT('',(-8.305376092,115.037069192,174.949721339));
#256=CARTESIAN_POINT('',(-8.425892869,115.231330363,175.010406976));
#257=CARTESIAN_POINT('',(-8.426834406,115.232848028,175.010881083));
#258=CARTESIAN_POINT('',(-8.427088738,115.233258433,175.011008936));
#259=CARTESIAN_POINT('',(-8.427686918,115.234223533,175.011309716));
#260=CARTESIAN_POINT('',(-8.428285098,115.235188633,175.011610497));
#261=CARTESIAN_POINT('',(-8.428883442,115.236154442,175.011911144));
#262=CARTESIAN_POINT('',(-8.429481949,115.237120962,175.012211659));
#263=CARTESIAN_POINT('',(-8.430678964,115.239054002,175.012812689));
#264=CARTESIAN_POINT('',(-8.431876633,115.240989881,175.013413187));
#265=CARTESIAN_POINT('',(-8.433074956,115.242928599,175.014013151));
#266=CARTESIAN_POINT('',(-8.435471601,115.246806036,175.01521308));
#267=CARTESIAN_POINT('',(-8.437870863,115.250694832,175.016410875));
#268=CARTESIAN_POINT('',(-8.440272738,115.254594987,175.017606525));
#269=CARTESIAN_POINT('',(-8.445076489,115.262395296,175.019997826));
#270=CARTESIAN_POINT('',(-8.449890695,115.270241039,175.022380546));
#271=CARTESIAN_POINT('',(-8.454715339,115.278132216,175.024754593));
#272=CARTESIAN_POINT('',(-8.464364628,115.293914571,175.029502686));
#273=CARTESIAN_POINT('',(-8.474055671,115.309878662,175.034216083));
#274=CARTESIAN_POINT('',(-8.483788322,115.32602449,175.038894031));
#275=CARTESIAN_POINT('',(-8.503253624,115.358316147,175.048249927));
#276=CARTESIAN_POINT('',(-8.522885373,115.391334751,175.057464031));
#277=CARTESIAN_POINT('',(-8.542682274,115.425080303,175.066530281));
#278=CARTESIAN_POINT('',(-8.582276077,115.492571407,175.084662781));
#279=CARTESIAN_POINT('',(-8.622530678,115.562970301,175.102203906));
#280=CARTESIAN_POINT('',(-8.663433544,115.636276986,175.119104577));
#281=CARTESIAN_POINT('',(-8.745239277,115.782890355,175.152905918));
#282=CARTESIAN_POINT('',(-8.829641284,115.941134886,175.184145904));
#283=CARTESIAN_POINT('',(-8.916502284,116.111010578,175.212424687));
#284=CARTESIAN_POINT('',(-9.090224285,116.450761962,175.268982252));
#285=CARTESIAN_POINT('',(-9.273840374,116.837037992,175.313692724));
#286=CARTESIAN_POINT('',(-9.465599883,117.269838669,175.343319043));
#287=CARTESIAN_POINT('',(-9.467098005,117.273219924,175.343550498));
#288=CARTESIAN_POINT('',(-9.467656239,117.274480676,175.343636275));
#289=CARTESIAN_POINT('',(-9.468685096,117.276804438,175.343794291));
#290=CARTESIAN_POINT('',(-9.469713952,117.2791282,175.343952307));
#291=CARTESIAN_POINT('',(-9.470743261,117.2814538,175.344109923));
#292=CARTESIAN_POINT('',(-9.471773021,117.283781239,175.344267137));
#293=CARTESIAN_POINT('',(-9.473832542,117.288436118,175.344581566));
#294=CARTESIAN_POINT('',(-9.47589387,117.293098351,175.344894388));
#295=CARTESIAN_POINT('',(-9.477957004,117.297767938,175.345205597));
#296=CARTESIAN_POINT('',(-9.482083271,117.307107114,175.345828013));
#297=CARTESIAN_POINT('',(-9.48621676,117.316475708,175.346443972));
#298=CARTESIAN_POINT('',(-9.490357454,117.325873722,175.347053403));
#299=CARTESIAN_POINT('',(-9.498638843,117.344669748,175.348272264));
#300=CARTESIAN_POINT('',(-9.506949052,117.36358345,175.349465016));
#301=CARTESIAN_POINT('',(-9.515287943,117.382614827,175.350631098));
#302=CARTESIAN_POINT('',(-9.531965725,117.420677582,175.352963263));
#303=CARTESIAN_POINT('',(-9.54875824,117.459211038,175.355188754));
#304=CARTESIAN_POINT('',(-9.565664283,117.498215196,175.357303068));
#305=CARTESIAN_POINT('',(-9.599476371,117.576223513,175.361531696));
#306=CARTESIAN_POINT('',(-9.6337427,117.656114636,175.365315655));
#307=CARTESIAN_POINT('',(-9.668452151,117.737888567,175.368618462));
#308=CARTESIAN_POINT('',(-9.737871051,117.901436428,175.375224077));
#309=CARTESIAN_POINT('',(-9.809064651,118.072515518,175.379905507));
#310=CARTESIAN_POINT('',(-9.881918643,118.251125837,175.382364821));
#311=CARTESIAN_POINT('',(-10.027626626,118.608346475,175.387283448));
#312=CARTESIAN_POINT('',(-10.18001727,118.995692027,175.383313973));
#313=CARTESIAN_POINT('',(-10.337720979,119.413162494,175.368025534));
#314=CARTESIAN_POINT('',(-10.338953039,119.416423982,175.367906093));
#315=CARTESIAN_POINT('',(-10.339461321,119.417770006,175.367856489));
#316=CARTESIAN_POINT('',(-10.340332322,119.420076726,175.367771391));
#317=CARTESIAN_POINT('',(-10.341203322,119.422383446,175.367686294));
#318=CARTESIAN_POINT('',(-10.342074876,119.424692141,175.367600813));
#319=CARTESIAN_POINT('',(-10.342946982,119.427002812,175.367514946));
#320=CARTESIAN_POINT('',(-10.344691194,119.431624153,175.367343214));
#321=CARTESIAN_POINT('',(-10.346437617,119.436253397,175.36716994));
#322=CARTESIAN_POINT('',(-10.348186247,119.440890542,175.366995116));
#323=CARTESIAN_POINT('',(-10.351683508,119.450164833,175.366645468));
#324=CARTESIAN_POINT('',(-10.355189598,119.459470732,175.366289617));
#325=CARTESIAN_POINT('',(-10.358704493,119.468808239,175.365927479));
#326=CARTESIAN_POINT('',(-10.365734283,119.487483253,175.365203203));
#327=CARTESIAN_POINT('',(-10.372799294,119.5062847,175.364453781));
#328=CARTESIAN_POINT('',(-10.379899323,119.525212579,175.363678545));
#329=CARTESIAN_POINT('',(-10.394099379,119.563068337,175.362128073));
#330=CARTESIAN_POINT('',(-10.408439514,119.601429824,175.360474346));
#331=CARTESIAN_POINT('',(-10.42291799,119.64029704,175.358711945));
#332=CARTESIAN_POINT('',(-10.451874941,119.718031473,175.355187142));
#333=CARTESIAN_POINT('',(-10.481385414,119.797788822,175.351227719));
#334=CARTESIAN_POINT('',(-10.511433652,119.87956909,175.346789313));
#335=CARTESIAN_POINT('',(-10.571530128,120.043129624,175.3379125));
#336=CARTESIAN_POINT('',(-10.633780579,120.214781827,175.327120795));
#337=CARTESIAN_POINT('',(-10.698026309,120.394525698,175.314045201));
#338=CARTESIAN_POINT('',(-10.826517767,120.754013441,175.287894011));
#339=CARTESIAN_POINT('',(-10.963048191,121.14586786,175.252613973));
#340=CARTESIAN_POINT('',(-11.105729185,121.570088953,175.205104625));
#341=CARTESIAN_POINT('',(-11.106843881,121.573403181,175.204733459));
#342=CARTESIAN_POINT('',(-11.107270528,121.574672111,175.204591098));
#343=CARTESIAN_POINT('',(-11.108043067,121.576969868,175.204333263));
#344=CARTESIAN_POINT('',(-11.108815605,121.579267625,175.204075428));
#345=CARTESIAN_POINT('',(-11.109589388,121.5815695,175.203816878));
#346=CARTESIAN_POINT('',(-11.110364414,121.583875494,175.20355761));
#347=CARTESIAN_POINT('',(-11.111914466,121.588487482,175.203039075));
#348=CARTESIAN_POINT('',(-11.113469491,121.593115944,175.202517668));
#349=CARTESIAN_POINT('',(-11.11502948,121.597760881,175.201993369));
#350=CARTESIAN_POINT('',(-11.118149457,121.607050754,175.200944771));
#351=CARTESIAN_POINT('',(-11.121289289,121.616406525,175.199884602));
#352=CARTESIAN_POINT('',(-11.124448902,121.625828193,175.198812685));
#353=CARTESIAN_POINT('',(-11.130768128,121.644671529,175.196668849));
#354=CARTESIAN_POINT('',(-11.13716648,121.663778455,175.194478022));
#355=CARTESIAN_POINT('',(-11.143643342,121.683148971,175.192238758));
#356=CARTESIAN_POINT('',(-11.156597066,121.721890001,175.187760229));
#357=CARTESIAN_POINT('',(-11.169864866,121.761685391,175.183087987));
#358=CARTESIAN_POINT('',(-11.183441447,121.802535138,175.178210086));
#359=CARTESIAN_POINT('',(-11.210594608,121.884234634,175.168454283));
#360=CARTESIAN_POINT('',(-11.23898347,121.970151563,175.157876324));
#361=CARTESIAN_POINT('',(-11.26855916,122.060285926,175.146374696));
#362=CARTESIAN_POINT('',(-11.327710542,122.240554651,175.123371438));
#363=CARTESIAN_POINT('',(-11.391620471,122.437693111,175.096679798));
#364=CARTESIAN_POINT('',(-11.459776839,122.651701306,175.065402948));
#365=CARTESIAN_POINT('',(-11.461906725,122.658389062,175.064425547));
#366=CARTESIAN_POINT('',(-11.463368027,122.66297974,175.063753117));
#367=CARTESIAN_POINT('',(-11.465162572,122.668619044,175.06292592));
#368=CARTESIAN_POINT('',(-11.466957117,122.674258348,175.062098724));
#369=CARTESIAN_POINT('',(-11.468750961,122.67989771,175.061270008));
#370=CARTESIAN_POINT('',(-11.470544102,122.68553713,175.060439774));
#371=CARTESIAN_POINT('',(-11.474130384,122.696815971,175.058779305));
#372=CARTESIAN_POINT('',(-11.477713854,122.708095043,175.057112762));
#373=CARTESIAN_POINT('',(-11.481294491,122.719374348,175.055440154));
#374=CARTESIAN_POINT('',(-11.488455765,122.741932957,175.052094939));
#375=CARTESIAN_POINT('',(-11.495605707,122.764492494,175.048725465));
#376=CARTESIAN_POINT('',(-11.502744153,122.787052961,175.045331809));
#377=CARTESIAN_POINT('',(-11.517021045,122.832173893,175.038544499));
#378=CARTESIAN_POINT('',(-11.531251953,122.87729854,175.031660462));
#379=CARTESIAN_POINT('',(-11.54543557,122.922426901,175.024680331));
#380=CARTESIAN_POINT('',(-11.573802804,123.012683624,175.010720069));
#381=CARTESIAN_POINT('',(-11.601980867,123.102955204,174.996375412));
#382=CARTESIAN_POINT('',(-11.629959413,123.193241642,174.981651628));
#383=CARTESIAN_POINT('',(-11.685916504,123.373814518,174.95220406));
#384=CARTESIAN_POINT('',(-11.741075371,123.554446825,174.921239707));
#385=CARTESIAN_POINT('',(-11.795355032,123.735138562,174.88880403));
#386=CARTESIAN_POINT('',(-11.797051272,123.740785179,174.887790415));
#387=CARTESIAN_POINT('',(-11.799296945,123.748263952,174.886445841));
#388=CARTESIAN_POINT('',(-11.80126329,123.754816,174.885265564));
#389=CARTESIAN_POINT('',(-11.803229634,123.761368049,174.884085286));
#390=CARTESIAN_POINT('',(-11.805192905,123.767912999,174.882904225));
#391=CARTESIAN_POINT('',(-11.807153106,123.774450852,174.881722393));
#392=CARTESIAN_POINT('',(-11.811073506,123.787526558,174.879358729));
#393=CARTESIAN_POINT('',(-11.814981624,123.800573873,174.876991983));
#394=CARTESIAN_POINT('',(-11.818877484,123.813592797,174.874622262));
#395=CARTESIAN_POINT('',(-11.826669205,123.839630644,174.869882821));
#396=CARTESIAN_POINT('',(-11.834411892,123.865554928,174.865131484));
#397=CARTESIAN_POINT('',(-11.842105747,123.891365648,174.860369105));
#398=CARTESIAN_POINT('',(-11.857493459,123.942987088,174.850844347));
#399=CARTESIAN_POINT('',(-11.872685836,123.994154272,174.841275434));
#400=CARTESIAN_POINT('',(-11.887684594,124.044867201,174.831669079));
#401=CARTESIAN_POINT('',(-11.917682109,124.146293059,174.812456369));
#402=CARTESIAN_POINT('',(-11.946905028,124.245901895,174.79309406));
#403=CARTESIAN_POINT('',(-11.975368581,124.343693709,174.773633822));
#404=CARTESIAN_POINT('',(-12.032295686,124.539277337,174.734713347));
#405=CARTESIAN_POINT('',(-12.086183875,124.727592878,174.695403848));
#406=CARTESIAN_POINT('',(-12.137175324,124.908640332,174.656086272));
#407=CARTESIAN_POINT('',(-12.23915822,125.270735239,174.57745112));
#408=CARTESIAN_POINT('',(-12.329543296,125.603757797,174.498824223));
#409=CARTESIAN_POINT('',(-12.409681164,125.907708006,174.422749815));
#410=CARTESIAN_POINT('',(-12.410307241,125.910082617,174.422155483));
#411=CARTESIAN_POINT('',(-12.411360406,125.914078163,174.421154927));
#412=CARTESIAN_POINT('',(-12.412199052,125.917261125,174.420357222));
#413=CARTESIAN_POINT('',(-12.413037697,125.920444087,174.419559517));
#414=CARTESIAN_POINT('',(-12.413875693,125.923625639,174.418761638));
#415=CARTESIAN_POINT('',(-12.414713038,125.926805781,174.417963586));
#416=CARTESIAN_POINT('',(-12.416387729,125.933166063,174.416367482));
#417=CARTESIAN_POINT('',(-12.418059821,125.939520704,174.414770688));
#418=CARTESIAN_POINT('',(-12.419729315,125.945869703,174.413173211));
#419=CARTESIAN_POINT('',(-12.423068303,125.9585677,174.409978258));
#420=CARTESIAN_POINT('',(-12.426396903,125.97124313,174.406780578));
#421=CARTESIAN_POINT('',(-12.429715134,125.983895992,174.403580243));
#422=CARTESIAN_POINT('',(-12.436351597,126.009201716,174.397179574));
#423=CARTESIAN_POINT('',(-12.442946585,126.034417168,174.390768288));
#424=CARTESIAN_POINT('',(-12.449500264,126.059542349,174.384346966));
#425=CARTESIAN_POINT('',(-12.462607622,126.10979271,174.371504322));
#426=CARTESIAN_POINT('',(-12.475549739,126.159681986,174.35862154));
#427=CARTESIAN_POINT('',(-12.488328009,126.209210176,174.345703191));
#428=CARTESIAN_POINT('',(-12.513884549,126.308266555,174.319866492));
#429=CARTESIAN_POINT('',(-12.538785616,126.405878591,174.293887622));
#430=CARTESIAN_POINT('',(-12.563043386,126.502046284,174.267801967));
#431=CARTESIAN_POINT('',(-12.611558926,126.694381668,174.215630656));
#432=CARTESIAN_POINT('',(-12.657500177,126.880939679,174.163033791));
#433=CARTESIAN_POINT('',(-12.70097911,127.061720316,174.110275478));
#434=CARTESIAN_POINT('',(-12.787936976,127.423281589,174.004758851));
#435=CARTESIAN_POINT('',(-12.86503421,127.761733365,173.898621204));
#436=CARTESIAN_POINT('',(-12.933344442,128.077075644,173.793674007));
#437=B_SPLINE_CURVE_WITH_KNOTS('',3,(#169,#170,#171,#172,#173,#174,#175,#176,#177,#178,#179,#180,#181,#182,#183,#184,#185,#186,#187,#188,#189,#190,#191,#192,#193,#194,
#195,#196,#197,#198,#199,#200,#201,#202,#203,#204,#205,#206,#207,#208,#209,#210,#211,#212,#213,#214,#215,#216,#217,#218,#219,
#220,#221,#222,#223,#224,#225,#226,#227,#228,#229,#230,#231,#232,#233,#234,#235,#236,#237,#238,#239,#240,#241,#242,#243,#244,
#245,#246,#247,#248,#249,#250,#251,#252,#253,#254,#255,#256,#257,#258,#259,#260,#261,#262,#263,#264,#265,#266,#267,#268,#269,
#270,#271,#272,#273,#274,#275,#276,#277,#278,#279,#280,#281,#282,#283,#284,#285,#286,#287,#288,#289,#290,#291,#292,#293,#294,
#295,#296,#297,#298,#299,#300,#301,#302,#303,#304,#305,#306,#307,#308,#309,#310,#311,#312,#313,#314,#315,#316,#317,#318,#319,
#320,#321,#322,#323,#324,#325,#326,#327,#328,#329,#330,#331,#332,#333,#334,#335,#336,#337,#338,#339,#340,#341,#342,#343,#344,
#345,#346,#347,#348,#349,#350,#351,#352,#353,#354,#355,#356,#357,#358,#359,#360,#361,#362,#363,#364,#365,#366,#367,#368,#369,
#370,#371,#372,#373,#374,#375,#376,#377,#378,#379,#380,#381,#382,#383,#384,#385,#386,#387,#388,#389,#390,#391,#392,#393,#394,
#395,#396,#397,#398,#399,#400,#401,#402,#403,#404,#405,#406,#407,#408,#409,#410,#411,#412,#413,#414,#415,#416,#417,#418,#419,
#420,#421,#422,#423,#424,#425,#426,#427,#428,#429,#430,#431,#432,#433,#434,#435,#436),.UNSPECIFIED.,.F.,.F.,(4,3,3,3,3,3,3,3,3,3,3,3,3,3,3,3,3,3,3,3,3,3,3,3,3,3,
3,3,3,3,3,3,3,3,3,3,3,3,3,3,3,3,3,3,3,3,3,3,3,3,3,
3,3,3,3,3,3,3,3,3,3,3,3,3,3,3,3,3,3,3,3,3,3,3,3,3,
3,3,3,3,3,3,3,3,3,3,3,3,3,4),(0.,0.0625,0.062988281,0.063476562,0.064453125,0.06640625,0.0703125,0.078125,0.09375,0.125,0.125488281,0.125976562,0.126953125,0.12890625,0.1328125,0.140625,0.15625,0.158203125,0.16015625,0.1640625,0.171875,0.1875,0.187988281,0.188476562,0.189453125,0.19140625,
0.1953125,0.203125,0.21875,0.25,0.250244141,0.250488281,0.250976562,0.251953125,0.25390625,0.2578125,0.265625,0.28125,0.3125,0.375,0.375488281,0.375976562,0.376953125,0.37890625,0.3828125,0.390625,0.40625,0.4375,0.5,0.500488281,0.500976562,
0.501953125,0.50390625,0.5078125,0.515625,0.53125,0.5625,0.625,0.625488281,0.625976562,0.626953125,0.62890625,0.6328125,0.640625,0.65625,0.6875,0.688476562,0.689453125,0.69140625,0.6953125,0.703125,0.71875,0.75,0.750976562,0.751953125,0.75390625,
0.7578125,0.765625,0.78125,0.8125,0.875,0.875488281,0.875976562,0.876953125,0.87890625,0.8828125,0.890625,0.90625,0.9375,1.),.UNSPECIFIED.);
#438=EDGE_CURVE('',#160,#168,#437,.T.);
#439=ORIENTED_EDGE('',*,*,#438,.T.);
#440=CARTESIAN_POINT('',(-13.5,128.077075644,171.884357274));
#441=VERTEX_POINT('',#440);
#442=CARTESIAN_POINT('',(-10.,128.077075644,171.884357274));
#443=DIRECTION('',(-0.,-1.,-0.));
#444=DIRECTION('',(0.,0.,-1.));
#445=AXIS2_PLACEMENT_3D('',#442,#443,#444);
#446=CIRCLE('',#445,3.5);
#447=EDGE_CURVE('',#168,#441,#446,.T.);
#448=ORIENTED_EDGE('',*,*,#447,.T.);
#449=CARTESIAN_POINT('',(-13.5,113.68954186,171.884357274));
#450=VERTEX_POINT('',#449);
#451=CARTESIAN_POINT('',(-13.5,113.68954186,171.884357274));
#452=DIRECTION('',(0.,1.,0.));
#453=VECTOR('',#452,14.387533784);
#454=LINE('',#451,#453);
#455=EDGE_CURVE('',#450,#441,#454,.T.);
#456=ORIENTED_EDGE('',*,*,#455,.F.);
#457=CARTESIAN_POINT('',(-10.6,111.472244267,175.332545204));
#458=VERTEX_POINT('',#457);
#459=CARTESIAN_POINT('',(-13.5,113.68954186,171.884357274));
#460=CARTESIAN_POINT('',(-13.5,113.781868786,172.109097167));
#461=CARTESIAN_POINT('',(-13.478505953,113.839421766,172.340851295));
#462=CARTESIAN_POINT('',(-13.43063709,113.863866529,172.577703623));
#463=CARTESIAN_POINT('',(-13.382768227,113.888311292,172.81455595));
#464=CARTESIAN_POINT('',(-13.311109929,113.878298052,173.04361935));
#465=CARTESIAN_POINT('',(-13.216742679,113.839933941,173.263692817));
#466=CARTESIAN_POINT('',(-13.122375428,113.801569831,173.483766284));
#467=CARTESIAN_POINT('',(-13.009349845,113.736549966,173.685815286));
#468=CARTESIAN_POINT('',(-12.880521032,113.651348856,173.872471603));
#469=CARTESIAN_POINT('',(-12.751692219,113.566147745,174.05912792));
#470=CARTESIAN_POINT('',(-12.611736959,113.463834033,174.223760816));
#471=CARTESIAN_POINT('',(-12.462730008,113.348815892,174.371315438));
#472=CARTESIAN_POINT('',(-12.313723058,113.23379775,174.51887006));
#473=CARTESIAN_POINT('',(-12.154226363,113.104760514,174.64987581));
#474=CARTESIAN_POINT('',(-11.992306011,112.969014026,174.761980731));
#475=CARTESIAN_POINT('',(-11.830385659,112.833267537,174.874085652));
#476=CARTESIAN_POINT('',(-11.664980832,112.690225911,174.968517684));
#477=CARTESIAN_POINT('',(-11.497793469,112.539486791,175.047680641));
#478=CARTESIAN_POINT('',(-11.414199788,112.464117231,175.08726212));
#479=CARTESIAN_POINT('',(-11.330157791,112.386803783,175.122990898));
#480=CARTESIAN_POINT('',(-11.246219775,112.306987594,175.154974383));
#481=CARTESIAN_POINT('',(-11.162281759,112.227171405,175.186957869));
#482=CARTESIAN_POINT('',(-11.07832951,112.144870764,175.215186338));
#483=CARTESIAN_POINT('',(-10.996893608,112.059605721,175.239383822));
#484=CARTESIAN_POINT('',(-10.915457705,111.974340678,175.263581306));
#485=CARTESIAN_POINT('',(-10.835517345,111.885837595,175.28395922));
#486=CARTESIAN_POINT('',(-10.763915548,111.790279552,175.299973329));
#487=CARTESIAN_POINT('',(-10.72811465,111.74250053,175.307980384));
#488=CARTESIAN_POINT('',(-10.694594377,111.693102303,175.314867039));
#489=CARTESIAN_POINT('',(-10.665819396,111.640473037,175.320442915));
#490=CARTESIAN_POINT('',(-10.637044416,111.58784377,175.326018791));
#491=CARTESIAN_POINT('',(-10.61301075,111.531672658,175.330281276));
#492=CARTESIAN_POINT('',(-10.6,111.472244267,175.332545204));
#493=B_SPLINE_CURVE_WITH_KNOTS('',3,(#459,#460,#461,#462,#463,#464,#465,#466,#467,#468,#469,#470,#471,#472,#473,#474,#475,#476,#477,#478,#479,#480,#481,#482,#483,#484,
#485,#486,#487,#488,#489,#490,#491,#492),.UNSPECIFIED.,.F.,.F.,(4,3,3,3,3,3,3,3,3,3,3,4),(0.,0.000718286,0.001436573,0.002154859,0.002873146,0.003591432,0.004309719,0.004668862,0.005028005,0.005387149,0.00556672,0.005746292),.UNSPECIFIED.);
#494=EDGE_CURVE('',#450,#458,#493,.T.);
#495=ORIENTED_EDGE('',*,*,#494,.T.);
#496=CARTESIAN_POINT('',(-10.6,111.281907021,175.332545204));
#497=VERTEX_POINT('',#496);
#498=CARTESIAN_POINT('',(-10.6,111.472244267,175.332545204));
#499=DIRECTION('',(-0.,-1.,-0.));
#500=VECTOR('',#499,0.190337246);
#501=LINE('',#498,#500);
#502=EDGE_CURVE('',#458,#497,#501,.T.);
#503=ORIENTED_EDGE('',*,*,#502,.T.);
#504=CARTESIAN_POINT('',(-13.5,109.064609428,171.884357274));
#505=VERTEX_POINT('',#504);
#506=CARTESIAN_POINT('',(-10.6,111.281907021,175.332545204));
#507=CARTESIAN_POINT('',(-10.61319063,111.221657004,175.330249976));
#508=CARTESIAN_POINT('',(-10.636910257,111.166628478,175.326043219));
#509=CARTESIAN_POINT('',(-10.665588596,111.11410064,175.320487631));
#510=CARTESIAN_POINT('',(-10.694266935,111.061572801,175.314932042));
#511=CARTESIAN_POINT('',(-10.728322816,111.011338468,175.307937854));
#512=CARTESIAN_POINT('',(-10.764284164,110.963379973,175.299890866));
#513=CARTESIAN_POINT('',(-10.836206861,110.867462983,175.283796891));
#514=CARTESIAN_POINT('',(-10.915556357,110.779724295,175.263546935));
#515=CARTESIAN_POINT('',(-10.996676868,110.694772509,175.239448215));
#516=CARTESIAN_POINT('',(-11.07779738,110.609820724,175.215349495));
#517=CARTESIAN_POINT('',(-11.161139042,110.52808948,175.187362031));
#518=CARTESIAN_POINT('',(-11.245163235,110.448168481,175.155376767));
#519=CARTESIAN_POINT('',(-11.329187429,110.368247483,175.123391502));
#520=CARTESIAN_POINT('',(-11.414088827,110.290126866,175.087322404));
#521=CARTESIAN_POINT('',(-11.498054091,110.214429537,175.047557227));
#522=CARTESIAN_POINT('',(-11.665984619,110.06303488,174.968026874));
#523=CARTESIAN_POINT('',(-11.8312708,109.920144846,174.873466176));
#524=CARTESIAN_POINT('',(-11.992228366,109.785202356,174.762034487));
#525=CARTESIAN_POINT('',(-12.153185932,109.650259866,174.650602797));
#526=CARTESIAN_POINT('',(-12.310554438,109.522842261,174.521818396));
#527=CARTESIAN_POINT('',(-12.461151851,109.406553797,174.372877229));
#528=CARTESIAN_POINT('',(-12.611749265,109.290265334,174.223936062));
#529=CARTESIAN_POINT('',(-12.751890242,109.187910968,174.058692293));
#530=CARTESIAN_POINT('',(-12.879779783,109.103292769,173.873545149));
#531=CARTESIAN_POINT('',(-12.943724554,109.06098367,173.780971576));
#532=CARTESIAN_POINT('',(-13.00495203,109.022977008,173.682622252));
#533=CARTESIAN_POINT('',(-13.061263237,108.991180957,173.581020881));
#534=CARTESIAN_POINT('',(-13.117574444,108.959384906,173.47941951));
#535=CARTESIAN_POINT('',(-13.169213764,108.933595061,173.374358053));
#536=CARTESIAN_POINT('',(-13.215938549,108.91454473,173.265566617));
#537=CARTESIAN_POINT('',(-13.262663334,108.895494399,173.156775181));
#538=CARTESIAN_POINT('',(-13.304774025,108.88314885,173.043261508));
#539=CARTESIAN_POINT('',(-13.340790612,108.878828758,172.927965481));
#540=CARTESIAN_POINT('',(-13.376807198,108.874508667,172.812669454));
#541=CARTESIAN_POINT('',(-13.406481826,108.878122993,172.696758728));
#542=CARTESIAN_POINT('',(-13.430105855,108.89001541,172.580326976));
#543=CARTESIAN_POINT('',(-13.477353913,108.913800245,172.347463472));
#544=CARTESIAN_POINT('',(-13.5,108.972143325,172.109435947));
#545=CARTESIAN_POINT('',(-13.5,109.064609428,171.884357274));
#546=B_SPLINE_CURVE_WITH_KNOTS('',3,(#506,#507,#508,#509,#510,#511,#512,#513,#514,#515,#516,#517,#518,#519,#520,#521,#522,#523,#524,#525,#526,#527,#528,#529,#530,#531,
#532,#533,#534,#535,#536,#537,#538,#539,#540,#541,#542,#543,#544,#545),.UNSPECIFIED.,.F.,.F.,(4,3,3,3,3,3,3,3,3,3,3,3,3,4),(0.,0.000180053,0.000360107,0.000720214,0.001080321,0.001440427,0.002160641,0.002880855,0.003601069,0.003961175,0.004321282,0.004681389,0.005041496,0.00576171),.UNSPECIFIED.);
#547=EDGE_CURVE('',#497,#505,#546,.T.);
#548=ORIENTED_EDGE('',*,*,#547,.T.);
#549=CARTESIAN_POINT('',(-13.5,103.937485602,171.884357274));
#550=DIRECTION('',(0.,1.,0.));
#551=VECTOR('',#550,5.127123826);
#552=LINE('',#549,#551);
#553=EDGE_CURVE('',#91,#505,#552,.T.);
#554=ORIENTED_EDGE('',*,*,#553,.F.);
#555=EDGE_LOOP('',(#158,#166,#439,#448,#456,#495,#503,#548,#554));
#556=FACE_BOUND('',#555,.T.);
#557=ADVANCED_FACE('',(#556),#87,.T.);
#558=CARTESIAN_POINT('',(10.,129.077075644,171.884357274));
#559=DIRECTION('',(-0.,-1.,-0.));
#560=DIRECTION('',(-1.,0.,0.));
#561=AXIS2_PLACEMENT_3D('',#558,#559,#560);
#562=CYLINDRICAL_SURFACE('',#561,3.5);
#563=CARTESIAN_POINT('',(13.5,103.937485602,171.884357274));
#564=VERTEX_POINT('',#563);
#565=CARTESIAN_POINT('',(6.526107106,103.895354498,172.311051733));
#566=VERTEX_POINT('',#565);
#567=CARTESIAN_POINT('',(13.5,103.937485602,171.884357274));
#568=CARTESIAN_POINT('',(13.5,103.909173371,172.106074527));
#569=CARTESIAN_POINT('',(13.479117966,103.89125484,172.325088428));
#570=CARTESIAN_POINT('',(13.437772193,103.882798914,172.541413096));
#571=CARTESIAN_POINT('',(13.417099306,103.878570951,172.649575429));
#572=CARTESIAN_POINT('',(13.391276978,103.876713853,172.757060482));
#573=CARTESIAN_POINT('',(13.360151161,103.877133589,172.863838858));
#574=CARTESIAN_POINT('',(13.329025345,103.877553325,172.970617233));
#575=CARTESIAN_POINT('',(13.292572967,103.880279697,173.076496678));
#576=CARTESIAN_POINT('',(13.251653361,103.885009965,173.179251255));
#577=CARTESIAN_POINT('',(13.169814148,103.894470501,173.38476041));
#578=CARTESIAN_POINT('',(13.069567391,103.91191636,173.580341129));
#579=CARTESIAN_POINT('',(12.951028241,103.935192853,173.766226643));
#580=CARTESIAN_POINT('',(12.891758667,103.946831099,173.8591694));
#581=CARTESIAN_POINT('',(12.827533008,103.960006397,173.950075121));
#582=CARTESIAN_POINT('',(12.759789198,103.974115287,174.036928663));
#583=CARTESIAN_POINT('',(12.692045388,103.988224176,174.123782204));
#584=CARTESIAN_POINT('',(12.620677614,104.003283151,174.206849753));
#585=CARTESIAN_POINT('',(12.54575038,104.018953097,174.28626381));
#586=CARTESIAN_POINT('',(12.246041442,104.081632884,174.603920037));
#587=CARTESIAN_POINT('',(11.883796005,104.154955436,174.866290081));
#588=CARTESIAN_POINT('',(11.488682195,104.212429433,175.051978672));
#589=CARTESIAN_POINT('',(11.389903743,104.226797932,175.09840082));
#590=CARTESIAN_POINT('',(11.288750802,104.240262235,175.140313614));
#591=CARTESIAN_POINT('',(11.185124052,104.252527251,175.177605061));
#592=CARTESIAN_POINT('',(11.081497301,104.264792266,175.214896507));
#593=CARTESIAN_POINT('',(10.974814628,104.275899773,175.247682957));
#594=CARTESIAN_POINT('',(10.867708967,104.285332939,175.275091877));
#595=CARTESIAN_POINT('',(10.653497645,104.304199271,175.329909719));
#596=CARTESIAN_POINT('',(10.436461216,104.316549558,175.364017319));
#597=CARTESIAN_POINT('',(10.216588982,104.321463293,175.377649305));
#598=CARTESIAN_POINT('',(9.996716749,104.326377028,175.391281292));
#599=CARTESIAN_POINT('',(9.77156968,104.323645154,175.383870718));
#600=CARTESIAN_POINT('',(9.55252608,104.313566598,175.355634718));
#601=CARTESIAN_POINT('',(9.33348248,104.303488041,175.327398719));
#602=CARTESIAN_POINT('',(9.119208628,104.286271692,175.278892186));
#603=CARTESIAN_POINT('',(8.909592684,104.263319461,175.210167234));
#604=CARTESIAN_POINT('',(8.804784712,104.251843345,175.175804757));
#605=CARTESIAN_POINT('',(8.700718861,104.238868614,175.136125078));
#606=CARTESIAN_POINT('',(8.59979646,104.224962192,175.092071421));
#607=CARTESIAN_POINT('',(8.49887406,104.21105577,175.048017765));
#608=CARTESIAN_POINT('',(8.400701819,104.196187044,174.999507903));
#609=CARTESIAN_POINT('',(8.305172696,104.180668757,174.946637538));
#610=CARTESIAN_POINT('',(8.114114451,104.149632181,174.840896807));
#611=CARTESIAN_POINT('',(7.933226902,104.115911368,174.717568169));
#612=CARTESIAN_POINT('',(7.763586502,104.082255109,174.576652702));
#613=CARTESIAN_POINT('',(7.593946103,104.04859885,174.435737234));
#614=CARTESIAN_POINT('',(7.439997078,104.015939343,174.281028154));
#615=CARTESIAN_POINT('',(7.301018985,103.986822231,174.112697796));
#616=CARTESIAN_POINT('',(7.231529938,103.972263675,174.028532617));
#617=CARTESIAN_POINT('',(7.165812991,103.958588871,173.940936964));
#618=CARTESIAN_POINT('',(7.103949249,103.946132578,173.849780906));
#619=CARTESIAN_POINT('',(7.042085508,103.933676286,173.758624848));
#620=CARTESIAN_POINT('',(6.983841837,103.92240158,173.663402306));
#621=CARTESIAN_POINT('',(6.930731947,103.912896412,173.566496871));
#622=CARTESIAN_POINT('',(6.824512167,103.893886075,173.372685999));
#623=CARTESIAN_POINT('',(6.737610536,103.881700206,173.170963184));
#624=CARTESIAN_POINT('',(6.669816873,103.878150605,172.961334684));
#625=CARTESIAN_POINT('',(6.602023211,103.874601005,172.751706184));
#626=CARTESIAN_POINT('',(6.553301437,103.87986877,172.532451826));
#627=CARTESIAN_POINT('',(6.526107106,103.895354498,172.311051733));
#628=B_SPLINE_CURVE_WITH_KNOTS('',3,(#567,#568,#569,#570,#571,#572,#573,#574,#575,#576,#577,#578,#579,#580,#581,#582,#583,#584,#585,#586,#587,#588,#589,#590,#591,#592,
#593,#594,#595,#596,#597,#598,#599,#600,#601,#602,#603,#604,#605,#606,#607,#608,#609,#610,#611,#612,#613,#614,#615,#616,#617,
#618,#619,#620,#621,#622,#623,#624,#625,#626,#627),.UNSPECIFIED.,.F.,.F.,(4,3,3,3,3,3,3,3,3,3,3,3,3,3,3,3,3,3,3,3,4),(0.,0.000660759,0.000991139,0.001321518,0.001982277,0.002312657,0.002643036,0.003964554,0.004294934,0.004625313,0.005286072,0.005946831,0.00660759,0.00693797,0.007268349,0.007929108,0.008589867,0.008920247,0.009250626,0.009911385,0.010572144),.UNSPECIFIED.);
#629=EDGE_CURVE('',#564,#566,#628,.T.);
#630=ORIENTED_EDGE('',*,*,#629,.F.);
#631=CARTESIAN_POINT('',(13.5,109.064609428,171.884357274));
#632=VERTEX_POINT('',#631);
#633=CARTESIAN_POINT('',(13.5,103.937485602,171.884357274));
#634=DIRECTION('',(0.,1.,0.));
#635=VECTOR('',#634,5.127123826);
#636=LINE('',#633,#635);
#637=EDGE_CURVE('',#564,#632,#636,.T.);
#638=ORIENTED_EDGE('',*,*,#637,.T.);
#639=CARTESIAN_POINT('',(10.6,111.281907021,175.332545204));
#640=VERTEX_POINT('',#639);
#641=CARTESIAN_POINT('',(10.6,111.281907021,175.332545204));
#642=CARTESIAN_POINT('',(10.61319063,111.221657004,175.330249976));
#643=CARTESIAN_POINT('',(10.636910257,111.166628478,175.326043219));
#644=CARTESIAN_POINT('',(10.665588596,111.11410064,175.320487631));
#645=CARTESIAN_POINT('',(10.694266935,111.061572801,175.314932042));
#646=CARTESIAN_POINT('',(10.728322816,111.011338468,175.307937854));
#647=CARTESIAN_POINT('',(10.764284164,110.963379973,175.299890866));
#648=CARTESIAN_POINT('',(10.836206861,110.867462984,175.283796891));
#649=CARTESIAN_POINT('',(10.915556357,110.779724295,175.263546935));
#650=CARTESIAN_POINT('',(10.996676868,110.694772509,175.239448215));
#651=CARTESIAN_POINT('',(11.07779738,110.609820724,175.215349495));
#652=CARTESIAN_POINT('',(11.161139042,110.52808948,175.187362031));
#653=CARTESIAN_POINT('',(11.245163235,110.448168481,175.155376767));
#654=CARTESIAN_POINT('',(11.329187429,110.368247483,175.123391502));
#655=CARTESIAN_POINT('',(11.414088827,110.290126866,175.087322404));
#656=CARTESIAN_POINT('',(11.498054091,110.214429537,175.047557227));
#657=CARTESIAN_POINT('',(11.665984619,110.06303488,174.968026874));
#658=CARTESIAN_POINT('',(11.8312708,109.920144846,174.873466176));
#659=CARTESIAN_POINT('',(11.992228366,109.785202356,174.762034487));
#660=CARTESIAN_POINT('',(12.153185932,109.650259866,174.650602797));
#661=CARTESIAN_POINT('',(12.310554438,109.522842261,174.521818396));
#662=CARTESIAN_POINT('',(12.461151851,109.406553797,174.372877229));
#663=CARTESIAN_POINT('',(12.611749265,109.290265334,174.223936062));
#664=CARTESIAN_POINT('',(12.751890242,109.187910968,174.058692293));
#665=CARTESIAN_POINT('',(12.879779783,109.103292769,173.873545149));
#666=CARTESIAN_POINT('',(12.943724554,109.06098367,173.780971576));
#667=CARTESIAN_POINT('',(13.00495203,109.022977008,173.682622252));
#668=CARTESIAN_POINT('',(13.061263237,108.991180957,173.581020881));
#669=CARTESIAN_POINT('',(13.117574444,108.959384906,173.47941951));
#670=CARTESIAN_POINT('',(13.169213764,108.933595061,173.374358053));
#671=CARTESIAN_POINT('',(13.215938549,108.91454473,173.265566617));
#672=CARTESIAN_POINT('',(13.262663334,108.895494399,173.156775181));
#673=CARTESIAN_POINT('',(13.304774025,108.88314885,173.043261508));
#674=CARTESIAN_POINT('',(13.340790612,108.878828758,172.927965481));
#675=CARTESIAN_POINT('',(13.376807198,108.874508667,172.812669454));
#676=CARTESIAN_POINT('',(13.406481826,108.878122993,172.696758728));
#677=CARTESIAN_POINT('',(13.430105855,108.89001541,172.580326976));
#678=CARTESIAN_POINT('',(13.477353913,108.913800245,172.347463472));
#679=CARTESIAN_POINT('',(13.5,108.972143325,172.109435947));
#680=CARTESIAN_POINT('',(13.5,109.064609428,171.884357274));
#681=B_SPLINE_CURVE_WITH_KNOTS('',3,(#641,#642,#643,#644,#645,#646,#647,#648,#649,#650,#651,#652,#653,#654,#655,#656,#657,#658,#659,#660,#661,#662,#663,#664,#665,#666,
#667,#668,#669,#670,#671,#672,#673,#674,#675,#676,#677,#678,#679,#680),.UNSPECIFIED.,.F.,.F.,(4,3,3,3,3,3,3,3,3,3,3,3,3,4),(0.,0.000180053,0.000360107,0.000720214,0.001080321,0.001440427,0.002160641,0.002880855,0.003601069,0.003961175,0.004321282,0.004681389,0.005041496,0.00576171),.UNSPECIFIED.);
#682=EDGE_CURVE('',#640,#632,#681,.T.);
#683=ORIENTED_EDGE('',*,*,#682,.F.);
#684=CARTESIAN_POINT('',(10.6,111.472244267,175.332545204));
#685=VERTEX_POINT('',#684);
#686=CARTESIAN_POINT('',(10.6,111.281907021,175.332545204));
#687=DIRECTION('',(0.,1.,0.));
#688=VECTOR('',#687,0.190337246);
#689=LINE('',#686,#688);
#690=EDGE_CURVE('',#640,#685,#689,.T.);
#691=ORIENTED_EDGE('',*,*,#690,.T.);
#692=CARTESIAN_POINT('',(13.5,113.68954186,171.884357274));
#693=VERTEX_POINT('',#692);
#694=CARTESIAN_POINT('',(13.5,113.68954186,171.884357274));
#695=CARTESIAN_POINT('',(13.5,113.781868786,172.109097167));
#696=CARTESIAN_POINT('',(13.478505953,113.839421766,172.340851295));
#697=CARTESIAN_POINT('',(13.43063709,113.863866529,172.577703623));
#698=CARTESIAN_POINT('',(13.382768227,113.888311292,172.81455595));
#699=CARTESIAN_POINT('',(13.311109929,113.878298052,173.04361935));
#700=CARTESIAN_POINT('',(13.216742679,113.839933941,173.263692817));
#701=CARTESIAN_POINT('',(13.122375428,113.801569831,173.483766284));
#702=CARTESIAN_POINT('',(13.009349845,113.736549966,173.685815286));
#703=CARTESIAN_POINT('',(12.880521032,113.651348856,173.872471603));
#704=CARTESIAN_POINT('',(12.751692219,113.566147745,174.05912792));
#705=CARTESIAN_POINT('',(12.611736959,113.463834033,174.223760816));
#706=CARTESIAN_POINT('',(12.462730008,113.348815892,174.371315438));
#707=CARTESIAN_POINT('',(12.313723058,113.23379775,174.51887006));
#708=CARTESIAN_POINT('',(12.154226363,113.104760514,174.64987581));
#709=CARTESIAN_POINT('',(11.992306011,112.969014026,174.761980731));
#710=CARTESIAN_POINT('',(11.830385659,112.833267537,174.874085652));
#711=CARTESIAN_POINT('',(11.664980832,112.690225911,174.968517684));
#712=CARTESIAN_POINT('',(11.497793469,112.539486791,175.047680641));
#713=CARTESIAN_POINT('',(11.414199788,112.464117231,175.08726212));
#714=CARTESIAN_POINT('',(11.330157791,112.386803783,175.122990898));
#715=CARTESIAN_POINT('',(11.246219775,112.306987594,175.154974383));
#716=CARTESIAN_POINT('',(11.162281759,112.227171405,175.186957869));
#717=CARTESIAN_POINT('',(11.07832951,112.144870764,175.215186338));
#718=CARTESIAN_POINT('',(10.996893608,112.059605721,175.239383822));
#719=CARTESIAN_POINT('',(10.915457705,111.974340678,175.263581306));
#720=CARTESIAN_POINT('',(10.835517345,111.885837595,175.28395922));
#721=CARTESIAN_POINT('',(10.763915548,111.790279552,175.299973329));
#722=CARTESIAN_POINT('',(10.72811465,111.74250053,175.307980384));
#723=CARTESIAN_POINT('',(10.694594377,111.693102303,175.314867039));
#724=CARTESIAN_POINT('',(10.665819396,111.640473037,175.320442915));
#725=CARTESIAN_POINT('',(10.637044416,111.58784377,175.326018791));
#726=CARTESIAN_POINT('',(10.61301075,111.531672658,175.330281276));
#727=CARTESIAN_POINT('',(10.6,111.472244267,175.332545204));
#728=B_SPLINE_CURVE_WITH_KNOTS('',3,(#694,#695,#696,#697,#698,#699,#700,#701,#702,#703,#704,#705,#706,#707,#708,#709,#710,#711,#712,#713,#714,#715,#716,#717,#718,#719,
#720,#721,#722,#723,#724,#725,#726,#727),.UNSPECIFIED.,.F.,.F.,(4,3,3,3,3,3,3,3,3,3,3,4),(0.,0.000718286,0.001436573,0.002154859,0.002873146,0.003591432,0.004309719,0.004668862,0.005028005,0.005387149,0.00556672,0.005746292),.UNSPECIFIED.);
#729=EDGE_CURVE('',#693,#685,#728,.T.);
#730=ORIENTED_EDGE('',*,*,#729,.F.);
#731=CARTESIAN_POINT('',(13.5,128.077075644,171.884357274));
#732=VERTEX_POINT('',#731);
#733=CARTESIAN_POINT('',(13.5,113.68954186,171.884357274));
#734=DIRECTION('',(0.,1.,0.));
#735=VECTOR('',#734,14.387533784);
#736=LINE('',#733,#735);
#737=EDGE_CURVE('',#693,#732,#736,.T.);
#738=ORIENTED_EDGE('',*,*,#737,.T.);
#739=CARTESIAN_POINT('',(12.933344442,128.077075644,173.793674007));
#740=VERTEX_POINT('',#739);
#741=CARTESIAN_POINT('',(10.,128.077075644,171.884357274));
#742=DIRECTION('',(-0.,-1.,-0.));
#743=DIRECTION('',(0.,0.,-1.));
#744=AXIS2_PLACEMENT_3D('',#741,#742,#743);
#745=CIRCLE('',#744,3.5);
#746=EDGE_CURVE('',#732,#740,#745,.T.);
#747=ORIENTED_EDGE('',*,*,#746,.T.);
#748=CARTESIAN_POINT('',(6.526107106,115.926626958,172.311051733));
#749=VERTEX_POINT('',#748);
#750=CARTESIAN_POINT('',(12.933344442,128.077075644,173.793674007));
#751=CARTESIAN_POINT('',(12.79706817,127.44797999,174.003039607));
#752=CARTESIAN_POINT('',(12.625591757,126.726991104,174.217515117));
#753=CARTESIAN_POINT('',(12.41136843,125.914108986,174.421147036));
#754=CARTESIAN_POINT('',(12.410531621,125.910933665,174.421942473));
#755=CARTESIAN_POINT('',(12.410205464,125.909696523,174.422252124));
#756=CARTESIAN_POINT('',(12.409622817,125.907486602,174.422805201));
#757=CARTESIAN_POINT('',(12.409040171,125.905276681,174.423358279));
#758=CARTESIAN_POINT('',(12.408456749,125.903064299,174.423911711));
#759=CARTESIAN_POINT('',(12.407872551,125.900849458,174.424465496));
#760=CARTESIAN_POINT('',(12.406704155,125.896419776,174.425573067));
#761=CARTESIAN_POINT('',(12.405532652,125.891980254,174.426682051));
#762=CARTESIAN_POINT('',(12.404358036,125.887530892,174.427792439));
#763=CARTESIAN_POINT('',(12.402008802,125.878632169,174.430013214));
#764=CARTESIAN_POINT('',(12.399647112,125.869694087,174.432239602));
#765=CARTESIAN_POINT('',(12.397272901,125.860716645,174.434471514));
#766=CARTESIAN_POINT('',(12.392524479,125.842761762,174.438935339));
#767=CARTESIAN_POINT('',(12.387725972,125.824649444,174.443421266));
#768=CARTESIAN_POINT('',(12.38287686,125.806379689,174.447928586));
#769=CARTESIAN_POINT('',(12.373178637,125.76984018,174.456943225));
#770=CARTESIAN_POINT('',(12.363277997,125.732670927,174.466043455));
#771=CARTESIAN_POINT('',(12.353170767,125.694871931,174.475223411));
#772=CARTESIAN_POINT('',(12.332956307,125.619273938,174.493583324));
#773=CARTESIAN_POINT('',(12.311915486,125.541156971,174.512262421));
#774=CARTESIAN_POINT('',(12.290014782,125.460521029,174.531210557));
#775=CARTESIAN_POINT('',(12.246213374,125.299249145,174.569106829));
#776=CARTESIAN_POINT('',(12.19897177,125.127901363,174.608083959));
#777=CARTESIAN_POINT('',(12.148025256,124.946477684,174.647686335));
#778=CARTESIAN_POINT('',(12.04613223,124.583630324,174.726891088));
#779=CARTESIAN_POINT('',(11.929383004,124.180479372,174.808679178));
#780=CARTESIAN_POINT('',(11.795922744,123.737024827,174.888464712));
#781=CARTESIAN_POINT('',(11.793837427,123.73009585,174.889711361));
#782=CARTESIAN_POINT('',(11.792501508,123.725659716,174.890508021));
#783=CARTESIAN_POINT('',(11.790789583,123.719976987,174.891527484));
#784=CARTESIAN_POINT('',(11.789077659,123.714294259,174.892546946));
#785=CARTESIAN_POINT('',(11.787364863,123.708611414,174.893564947));
#786=CARTESIAN_POINT('',(11.7856512,123.702928455,174.894581484));
#787=CARTESIAN_POINT('',(11.782223873,123.691562536,174.896614559));
#788=CARTESIAN_POINT('',(11.778793074,123.680196155,174.89864178));
#789=CARTESIAN_POINT('',(11.775358823,123.668829312,174.900663136));
#790=CARTESIAN_POINT('',(11.768490321,123.646095627,174.904705848));
#791=CARTESIAN_POINT('',(11.76160801,123.623360095,174.908725099));
#792=CARTESIAN_POINT('',(11.754712052,123.600622715,174.912720795));
#793=CARTESIAN_POINT('',(11.740920134,123.555147956,174.920712189));
#794=CARTESIAN_POINT('',(11.727073624,123.509665808,174.928609363));
#795=CARTESIAN_POINT('',(11.713173813,123.464176272,174.93641158));
#796=CARTESIAN_POINT('',(11.685374192,123.373197199,174.952016015));
#797=CARTESIAN_POINT('',(11.657361359,123.282188573,174.967240607));
#798=CARTESIAN_POINT('',(11.629145771,123.191150392,174.982079673));
#799=CARTESIAN_POINT('',(11.572714597,123.00907403,175.011757803));
#800=CARTESIAN_POINT('',(11.515472263,122.826879452,175.039893534));
#801=CARTESIAN_POINT('',(11.457504216,122.644566657,175.066444869));
#802=CARTESIAN_POINT('',(11.428520193,122.55341026,175.079720536));
#803=CARTESIAN_POINT('',(11.398813612,122.460718147,175.092837993));
#804=CARTESIAN_POINT('',(11.369306117,122.36934601,175.105382074));
#805=CARTESIAN_POINT('',(11.339798623,122.277973874,175.117926154));
#806=CARTESIAN_POINT('',(11.310187549,122.186969817,175.130035488));
#807=CARTESIAN_POINT('',(11.280486354,122.096333839,175.141711215));
#808=CARTESIAN_POINT('',(11.221083964,121.915061883,175.165062669));
#809=CARTESIAN_POINT('',(11.1613213,121.735262243,175.186679307));
#810=CARTESIAN_POINT('',(11.101303538,121.556934921,175.206574985));
#811=CARTESIAN_POINT('',(11.099427983,121.551362192,175.207196725));
#812=CARTESIAN_POINT('',(11.09684647,121.543695381,175.208049997));
#813=CARTESIAN_POINT('',(11.09462016,121.537087424,175.208783045));
#814=CARTESIAN_POINT('',(11.092393849,121.530479467,175.209516094));
#815=CARTESIAN_POINT('',(11.090169024,121.523879385,175.210246174));
#816=CARTESIAN_POINT('',(11.087945692,121.517287179,175.210973298));
#817=CARTESIAN_POINT('',(11.08349903,121.504102767,175.212427547));
#818=CARTESIAN_POINT('',(11.079058343,121.490949857,175.213869972));
#819=CARTESIAN_POINT('',(11.074623704,121.477828448,175.215300669));
#820=CARTESIAN_POINT('',(11.065754425,121.45158563,175.218162061));
#821=CARTESIAN_POINT('',(11.056909333,121.425468819,175.22097654));
#822=CARTESIAN_POINT('',(11.048088979,121.399478015,175.223744867));
#823=CARTESIAN_POINT('',(11.030448272,121.347496407,175.22928152));
#824=CARTESIAN_POINT('',(11.012906532,121.296018826,175.234633565));
#825=CARTESIAN_POINT('',(10.995467988,121.245045272,175.239807093));
#826=CARTESIAN_POINT('',(10.9605909,121.143098164,175.250154148));
#827=CARTESIAN_POINT('',(10.926126819,121.043167165,175.259787157));
#828=CARTESIAN_POINT('',(10.892106805,120.945252274,175.268754628));
#829=CARTESIAN_POINT('',(10.824066777,120.749422491,175.286689571));
#830=CARTESIAN_POINT('',(10.757806267,120.561657142,175.301963106));
#831=CARTESIAN_POINT('',(10.69353246,120.381956226,175.314956745));
#832=CARTESIAN_POINT('',(10.564984846,120.022554395,175.340944023));
#833=CARTESIAN_POINT('',(10.444424905,119.695410297,175.357832162));
#834=CARTESIAN_POINT('',(10.332944841,119.400523933,175.368485248));
#835=CARTESIAN_POINT('',(10.332073903,119.398220133,175.368568475));
#836=CARTESIAN_POINT('',(10.330505086,119.394071279,175.368717745));
#837=CARTESIAN_POINT('',(10.329285683,119.390847659,175.368832979));
#838=CARTESIAN_POINT('',(10.32806628,119.387624039,175.368948214));
#839=CARTESIAN_POINT('',(10.326847193,119.384402224,175.369062773));
#840=CARTESIAN_POINT('',(10.325628424,119.381182213,175.369176657));
#841=CARTESIAN_POINT('',(10.323190885,119.374742191,175.369404425));
#842=CARTESIAN_POINT('',(10.320754615,119.368309388,175.369629496));
#843=CARTESIAN_POINT('',(10.31831962,119.361883804,175.369851876));
#844=CARTESIAN_POINT('',(10.31344963,119.349032635,175.370296638));
#845=CARTESIAN_POINT('',(10.30858474,119.33621034,175.370730641));
#846=CARTESIAN_POINT('',(10.303725,119.323416919,175.37115396));
#847=CARTESIAN_POINT('',(10.294005521,119.297830077,175.372000596));
#848=CARTESIAN_POINT('',(10.28430664,119.272358732,175.37280449));
#849=CARTESIAN_POINT('',(10.274628747,119.247002883,175.373566218));
#850=CARTESIAN_POINT('',(10.255272961,119.196291185,175.375089674));
#851=CARTESIAN_POINT('',(10.236001132,119.146041471,175.376444465));
#852=CARTESIAN_POINT('',(10.216816242,119.096253743,175.377635207));
#853=CARTESIAN_POINT('',(10.178446462,118.996678287,175.380016693));
#854=CARTESIAN_POINT('',(10.140424588,118.898950772,175.381741988));
#855=CARTESIAN_POINT('',(10.102772579,118.803071196,175.382848063));
#856=CARTESIAN_POINT('',(10.027468559,118.611312046,175.385060213));
#857=CARTESIAN_POINT('',(9.9536463,118.426944657,175.384795709));
#858=CARTESIAN_POINT('',(9.881452691,118.24996903,175.38234906));
#859=CARTESIAN_POINT('',(9.737065474,117.896017777,175.377455763));
#860=CARTESIAN_POINT('',(9.599224217,117.57163357,175.363842833));
#861=CARTESIAN_POINT('',(9.468690424,117.27681641,175.343795109));
#862=CARTESIAN_POINT('',(9.467670628,117.274513151,175.343638487));
#863=CARTESIAN_POINT('',(9.465676146,117.270010261,175.34333116));
#864=CARTESIAN_POINT('',(9.464169753,117.266611493,175.343097789));
#865=CARTESIAN_POINT('',(9.46266336,117.263212726,175.342864418));
#866=CARTESIAN_POINT('',(9.461157466,117.25981683,175.342630116));
#867=CARTESIAN_POINT('',(9.45965207,117.256423805,175.342394885));
#868=CARTESIAN_POINT('',(9.456641278,117.249637756,175.341924423));
#869=CARTESIAN_POINT('',(9.453632482,117.242863192,175.341450245));
#870=CARTESIAN_POINT('',(9.45062569,117.236100114,175.340972362));
#871=CARTESIAN_POINT('',(9.444612106,117.222573958,175.340016598));
#872=CARTESIAN_POINT('',(9.438606539,117.209093743,175.339046019));
#873=CARTESIAN_POINT('',(9.432609056,117.195659471,175.338060724));
#874=CARTESIAN_POINT('',(9.420614091,117.168790927,175.336090134));
#875=CARTESIAN_POINT('',(9.408651465,117.142106152,175.33406068));
#876=CARTESIAN_POINT('',(9.396721709,117.115605146,175.331973161));
#877=CARTESIAN_POINT('',(9.372862196,117.062603133,175.327798124));
#878=CARTESIAN_POINT('',(9.349134176,117.010336195,175.323390823));
#879=CARTESIAN_POINT('',(9.325541712,116.958804333,175.318757661));
#880=CARTESIAN_POINT('',(9.278356782,116.855740609,175.309491337));
#881=CARTESIAN_POINT('',(9.231714305,116.755617186,175.299321556));
#882=CARTESIAN_POINT('',(9.18564396,116.658434065,175.28829973));
#883=CARTESIAN_POINT('',(9.093503272,116.464067821,175.266256077));
#884=CARTESIAN_POINT('',(9.003654622,116.281462783,175.240804416));
#885=CARTESIAN_POINT('',(8.916292016,116.110618951,175.212356224));
#886=CARTESIAN_POINT('',(8.741566805,115.768931285,175.15545984));
#887=CARTESIAN_POINT('',(8.576834625,115.474288441,175.086589107));
#888=CARTESIAN_POINT('',(8.423012291,115.226690417,175.008954811));
#889=CARTESIAN_POINT('',(8.422411422,115.225723238,175.008651552));
#890=CARTESIAN_POINT('',(8.421121544,115.223648099,175.008000011));
#891=CARTESIAN_POINT('',(8.42017662,115.222129305,175.00752203));
#892=CARTESIAN_POINT('',(8.419231696,115.220610512,175.007044049));
#893=CARTESIAN_POINT('',(8.418287071,115.219093295,175.006565681));
#894=CARTESIAN_POINT('',(8.417342746,115.217577656,175.006086926));
#895=CARTESIAN_POINT('',(8.415454097,115.214546378,175.005129417));
#896=CARTESIAN_POINT('',(8.413566646,115.211521409,175.004170361));
#897=CARTESIAN_POINT('',(8.411680397,115.208502748,175.003209762));
#898=CARTESIAN_POINT('',(8.407907898,115.202465428,175.001288564));
#899=CARTESIAN_POINT('',(8.404140204,115.196453343,174.999361193));
#900=CARTESIAN_POINT('',(8.400377334,115.190466494,174.997427676));
#901=CARTESIAN_POINT('',(8.392851592,115.178492796,174.993560643));
#902=CARTESIAN_POINT('',(8.385345141,115.166620041,174.989669026));
#903=CARTESIAN_POINT('',(8.377858119,115.154848228,174.985753044));
#904=CARTESIAN_POINT('',(8.362884075,115.131304604,174.977921078));
#905=CARTESIAN_POINT('',(8.347987747,115.108164752,174.969991647));
#906=CARTESIAN_POINT('',(8.333170212,115.085428672,174.961966486));
#907=CARTESIAN_POINT('',(8.303535142,115.039956511,174.945916164));
#908=CARTESIAN_POINT('',(8.274215277,114.99609944,174.92948292));
#909=CARTESIAN_POINT('',(8.245218778,114.953857456,174.912680715));
#910=CARTESIAN_POINT('',(8.18722578,114.869373488,174.879076305));
#911=CARTESIAN_POINT('',(8.13052682,114.791349874,174.843996006));
#912=CARTESIAN_POINT('',(8.075180228,114.719786613,174.807552246));
#913=CARTESIAN_POINT('',(7.964487043,114.576660091,174.734664727));
#914=CARTESIAN_POINT('',(7.859212051,114.459374982,174.656323709));
#915=CARTESIAN_POINT('',(7.759714218,114.367931285,174.573431393));
#916=CARTESIAN_POINT('',(7.758159564,114.366502477,174.5721362));
#917=CARTESIAN_POINT('',(7.755397548,114.363973663,174.569830739));
#918=CARTESIAN_POINT('',(7.753242766,114.362012546,174.568026764));
#919=CARTESIAN_POINT('',(7.751087983,114.360051429,174.566222789));
#920=CARTESIAN_POINT('',(7.748935572,114.358102108,174.564416385));
#921=CARTESIAN_POINT('',(7.746785535,114.356164584,174.562607557));
#922=CARTESIAN_POINT('',(7.742485462,114.352289535,174.558989902));
#923=CARTESIAN_POINT('',(7.738194891,114.348461671,174.555362554));
#924=CARTESIAN_POINT('',(7.733913861,114.344680993,174.551725568));
#925=CARTESIAN_POINT('',(7.725351802,114.337119636,174.544451595));
#926=CARTESIAN_POINT('',(7.71682791,114.329747019,174.537139068));
#927=CARTESIAN_POINT('',(7.708342502,114.322563142,174.529788414));
#928=CARTESIAN_POINT('',(7.691371687,114.308195388,174.515087106));
#929=CARTESIAN_POINT('',(7.674554813,114.294582594,174.500233292));
#930=CARTESIAN_POINT('',(7.657894362,114.281724762,174.485230432));
#931=CARTESIAN_POINT('',(7.62457346,114.256009097,174.455224711));
#932=CARTESIAN_POINT('',(7.591878325,114.233313274,174.424622774));
#933=CARTESIAN_POINT('',(7.559827841,114.213637293,174.393452696));
#934=CARTESIAN_POINT('',(7.495726873,114.174285333,174.331112541));
#935=CARTESIAN_POINT('',(7.43420579,114.147012742,174.266499413));
#936=CARTESIAN_POINT('',(7.375400295,114.131819521,174.199843485));
#937=CARTESIAN_POINT('',(7.368049609,114.129920369,174.191511494));
#938=CARTESIAN_POINT('',(7.35950747,114.127922706,174.181734992));
#939=CARTESIAN_POINT('',(7.351629981,114.126305965,174.172617803));
#940=CARTESIAN_POINT('',(7.343752493,114.124689224,174.163500613));
#941=CARTESIAN_POINT('',(7.335921106,114.123293595,174.154341613));
#942=CARTESIAN_POINT('',(7.328136274,114.122119077,174.145141261));
#943=CARTESIAN_POINT('',(7.312566611,114.11977004,174.126740555));
#944=CARTESIAN_POINT('',(7.297183171,114.118305448,174.108174436));
#945=CARTESIAN_POINT('',(7.281989526,114.117725301,174.089446629));
#946=CARTESIAN_POINT('',(7.251602235,114.116565007,174.051991015));
#947=CARTESIAN_POINT('',(7.221974196,114.118942492,174.013888576));
#948=CARTESIAN_POINT('',(7.193133092,114.124857756,173.975170074));
#949=CARTESIAN_POINT('',(7.135450884,114.136688284,173.897733069));
#950=CARTESIAN_POINT('',(7.080917703,114.162669929,173.81783065));
#951=CARTESIAN_POINT('',(7.029740136,114.202802691,173.735723349));
#952=CARTESIAN_POINT('',(7.028140838,114.20405684,173.733157496));
#953=CARTESIAN_POINT('',(7.027345185,114.204690037,173.731876824));
#954=CARTESIAN_POINT('',(7.026150229,114.205645624,173.729951363));
#955=CARTESIAN_POINT('',(7.024955273,114.206601211,173.728025902));
#956=CARTESIAN_POINT('',(7.023761998,114.20756474,173.726098976));
#957=CARTESIAN_POINT('',(7.022570409,114.208536211,173.724170588));
#958=CARTESIAN_POINT('',(7.02018723,114.210479154,173.720313812));
#959=CARTESIAN_POINT('',(7.017810792,114.212453866,173.716451188));
#960=CARTESIAN_POINT('',(7.015441127,114.214460347,173.712582735));
#961=CARTESIAN_POINT('',(7.010701798,114.21847331,173.704845829));
#962=CARTESIAN_POINT('',(7.005989561,114.22261335,173.69708561));
#963=CARTESIAN_POINT('',(7.001304674,114.226880467,173.689302243));
#964=CARTESIAN_POINT('',(6.9919349,114.235414701,173.67373551));
#965=CARTESIAN_POINT('',(6.982674525,114.244457243,173.658076182));
#966=CARTESIAN_POINT('',(6.973525599,114.254008095,173.642325618));
#967=CARTESIAN_POINT('',(6.955227745,114.273109797,173.610824491));
#968=CARTESIAN_POINT('',(6.937375695,114.294244734,173.578958375));
#969=CARTESIAN_POINT('',(6.919985702,114.317412907,173.546738676));
#970=CARTESIAN_POINT('',(6.885205715,114.363749251,173.482299278));
#971=CARTESIAN_POINT('',(6.852274195,114.418218534,173.416444821));
#972=CARTESIAN_POINT('',(6.821318624,114.480820756,173.349275262));
#973=CARTESIAN_POINT('',(6.759407483,114.606025201,173.214936144));
#974=CARTESIAN_POINT('',(6.7054056,114.763761402,173.075324921));
#975=CARTESIAN_POINT('',(6.660278388,114.954029359,172.931381417));
#976=CARTESIAN_POINT('',(6.659573276,114.957002295,172.9291323));
#977=CARTESIAN_POINT('',(6.659316395,114.958093313,172.928309211));
#978=CARTESIAN_POINT('',(6.65883683,114.960131183,172.926772102));
#979=CARTESIAN_POINT('',(6.658357265,114.962169052,172.925234992));
#980=CARTESIAN_POINT('',(6.657878654,114.96421085,172.923697211));
#981=CARTESIAN_POINT('',(6.657401,114.966256575,172.92215876));
#982=CARTESIAN_POINT('',(6.656445691,114.970348026,172.919081858));
#983=CARTESIAN_POINT('',(6.655494209,114.97445519,172.916002276));
#984=CARTESIAN_POINT('',(6.654546567,114.978578065,172.912920023));
#985=CARTESIAN_POINT('',(6.652651284,114.986823817,172.906755516));
#986=CARTESIAN_POINT('',(6.650771364,114.995132417,172.900580322));
#987=CARTESIAN_POINT('',(6.648906927,115.003503867,172.894394509));
#988=CARTESIAN_POINT('',(6.645178053,115.020246766,172.882022882));
#989=CARTESIAN_POINT('',(6.64151111,115.037241062,172.869608775));
#990=CARTESIAN_POINT('',(6.637907052,115.054486754,172.857152737));
#991=CARTESIAN_POINT('',(6.630698937,115.088978139,172.83224066));
#992=CARTESIAN_POINT('',(6.623742362,115.124475109,172.80716084));
#993=CARTESIAN_POINT('',(6.617044939,115.160977666,172.781917887));
#994=CARTESIAN_POINT('',(6.603650093,115.233982778,172.73143198));
#995=CARTESIAN_POINT('',(6.591291897,115.311010234,172.680293241));
#996=CARTESIAN_POINT('',(6.580030846,115.392060034,172.628542055));
#997=CARTESIAN_POINT('',(6.557508745,115.554159634,172.525039682));
#998=CARTESIAN_POINT('',(6.539376419,115.732348609,172.419082604));
#999=CARTESIAN_POINT('',(6.526107106,115.926626958,172.311051733));
#1000=B_SPLINE_CURVE_WITH_KNOTS('',3,(#750,#751,#752,#753,#754,#755,#756,#757,#758,#759,#760,#761,#762,#763,#764,#765,#766,#767,#768,#769,#770,#771,#772,#773,#774,#775,
#776,#777,#778,#779,#780,#781,#782,#783,#784,#785,#786,#787,#788,#789,#790,#791,#792,#793,#794,#795,#796,#797,#798,#799,#800,
#801,#802,#803,#804,#805,#806,#807,#808,#809,#810,#811,#812,#813,#814,#815,#816,#817,#818,#819,#820,#821,#822,#823,#824,#825,
#826,#827,#828,#829,#830,#831,#832,#833,#834,#835,#836,#837,#838,#839,#840,#841,#842,#843,#844,#845,#846,#847,#848,#849,#850,
#851,#852,#853,#854,#855,#856,#857,#858,#859,#860,#861,#862,#863,#864,#865,#866,#867,#868,#869,#870,#871,#872,#873,#874,#875,
#876,#877,#878,#879,#880,#881,#882,#883,#884,#885,#886,#887,#888,#889,#890,#891,#892,#893,#894,#895,#896,#897,#898,#899,#900,
#901,#902,#903,#904,#905,#906,#907,#908,#909,#910,#911,#912,#913,#914,#915,#916,#917,#918,#919,#920,#921,#922,#923,#924,#925,
#926,#927,#928,#929,#930,#931,#932,#933,#934,#935,#936,#937,#938,#939,#940,#941,#942,#943,#944,#945,#946,#947,#948,#949,#950,
#951,#952,#953,#954,#955,#956,#957,#958,#959,#960,#961,#962,#963,#964,#965,#966,#967,#968,#969,#970,#971,#972,#973,#974,#975,
#976,#977,#978,#979,#980,#981,#982,#983,#984,#985,#986,#987,#988,#989,#990,#991,#992,#993,#994,#995,#996,#997,#998,#999),.UNSPECIFIED.,.F.,.F.,(4,3,3,3,3,3,3,3,3,3,3,3,3,3,3,3,3,3,3,3,3,3,3,3,3,3,
3,3,3,3,3,3,3,3,3,3,3,3,3,3,3,3,3,3,3,3,3,3,3,3,3,
3,3,3,3,3,3,3,3,3,3,3,3,3,3,3,3,3,3,3,3,3,3,3,3,3,
3,3,3,3,3,3,3,4),(0.,0.125,0.125488281,0.125976562,0.126953125,0.12890625,0.1328125,0.140625,0.15625,0.1875,0.25,0.250976562,0.251953125,0.25390625,0.2578125,0.265625,0.28125,0.3125,0.328125,0.34375,0.375,0.375976562,0.376953125,0.37890625,0.3828125,0.390625,
0.40625,0.4375,0.5,0.500488281,0.500976562,0.501953125,0.50390625,0.5078125,0.515625,0.53125,0.5625,0.625,0.625488281,0.625976562,0.626953125,0.62890625,0.6328125,0.640625,0.65625,0.6875,0.75,0.750244141,0.750488281,0.750976562,0.751953125,
0.75390625,0.7578125,0.765625,0.78125,0.8125,0.812988281,0.813476562,0.814453125,0.81640625,0.8203125,0.828125,0.84375,0.845703125,0.84765625,0.8515625,0.859375,0.875,0.875488281,0.875976562,0.876953125,0.87890625,0.8828125,0.890625,0.90625,0.9375,
0.937988281,0.938476562,0.939453125,0.94140625,0.9453125,0.953125,0.96875,1.),.UNSPECIFIED.);
#1001=EDGE_CURVE('',#740,#749,#1000,.T.);
#1002=ORIENTED_EDGE('',*,*,#1001,.T.);
#1003=CARTESIAN_POINT('',(6.526107106,115.926626958,172.311051733));
#1004=DIRECTION('',(-0.,-1.,-0.));
#1005=VECTOR('',#1004,12.03127246);
#1006=LINE('',#1003,#1005);
#1007=EDGE_CURVE('',#749,#566,#1006,.T.);
#1008=ORIENTED_EDGE('',*,*,#1007,.T.);
#1009=EDGE_LOOP('',(#630,#638,#683,#691,#730,#738,#747,#1002,#1008));
#1010=FACE_BOUND('',#1009,.T.);
#1011=ADVANCED_FACE('',(#1010),#562,.T.);
#1012=CARTESIAN_POINT('',(-10.,139.077075644,171.884357274));
#1013=DIRECTION('',(-0.,-1.,-0.));
#1014=DIRECTION('',(0.,0.,-1.));
#1015=AXIS2_PLACEMENT_3D('',#1012,#1013,#1014);
#1016=CYLINDRICAL_SURFACE('',#1015,1.2);
#1017=CARTESIAN_POINT('',(-10.,104.191847742,170.684357274));
#1018=VERTEX_POINT('',#1017);
#1019=CARTESIAN_POINT('',(-10.,106.657075644,170.684357274));
#1020=VERTEX_POINT('',#1019);
#1021=CARTESIAN_POINT('',(-10.,104.191847742,170.684357274));
#1022=DIRECTION('',(0.,1.,0.));
#1023=VECTOR('',#1022,2.465227902);
#1024=LINE('',#1021,#1023);
#1025=EDGE_CURVE('',#1018,#1020,#1024,.T.);
#1026=ORIENTED_EDGE('',*,*,#1025,.F.);
#1027=CARTESIAN_POINT('',(-10.,104.191847742,170.684357274));
#1028=CARTESIAN_POINT('',(-10.07977325,104.191847742,170.684357274));
#1029=CARTESIAN_POINT('',(-10.158127913,104.189478125,170.692232273));
#1030=CARTESIAN_POINT('',(-10.235133279,104.184928159,170.707619266));
#1031=CARTESIAN_POINT('',(-10.312138645,104.180378194,170.723006258));
#1032=CARTESIAN_POINT('',(-10.388617479,104.173531507,170.746310854));
#1033=CARTESIAN_POINT('',(-10.461154537,104.164916167,170.776505076));
#1034=CARTESIAN_POINT('',(-10.533691595,104.156300826,170.806699298));
#1035=CARTESIAN_POINT('',(-10.602405464,104.145974347,170.843578061));
#1036=CARTESIAN_POINT('',(-10.667388213,104.134282629,170.887064452));
#1037=CARTESIAN_POINT('',(-10.732370961,104.122590911,170.930550844));
#1038=CARTESIAN_POINT('',(-10.793457052,104.109512792,170.980788446));
#1039=CARTESIAN_POINT('',(-10.848294301,104.095973008,171.035595365));
#1040=CARTESIAN_POINT('',(-10.957968799,104.068893442,171.145209202));
#1041=CARTESIAN_POINT('',(-11.046645559,104.039040844,171.277317166));
#1042=CARTESIAN_POINT('',(-11.10654136,104.0116306,171.420066181));
#1043=CARTESIAN_POINT('',(-11.13648926,103.997925477,171.491440688));
#1044=CARTESIAN_POINT('',(-11.159824464,103.98458085,171.566663332));
#1045=CARTESIAN_POINT('',(-11.175541475,103.972251943,171.643313213));
#1046=CARTESIAN_POINT('',(-11.191258487,103.959923036,171.719963094));
#1047=CARTESIAN_POINT('',(-11.199384083,103.948700098,171.797325744));
#1048=CARTESIAN_POINT('',(-11.199966605,103.938634272,171.875404748));
#1049=CARTESIAN_POINT('',(-11.200549126,103.928568445,171.953483752));
#1050=CARTESIAN_POINT('',(-11.193334491,103.91960222,172.033054491));
#1051=CARTESIAN_POINT('',(-11.178570419,103.912124883,172.110126553));
#1052=CARTESIAN_POINT('',(-11.163806347,103.904647546,172.187198615));
#1053=CARTESIAN_POINT('',(-11.141645868,103.898560049,172.262356415));
#1054=CARTESIAN_POINT('',(-11.111948227,103.89368155,172.33554586));
#1055=CARTESIAN_POINT('',(-11.082250587,103.888803051,172.408735305));
#1056=CARTESIAN_POINT('',(-11.044981223,103.885187699,172.479497058));
#1057=CARTESIAN_POINT('',(-11.00170514,103.882655533,172.545104437));
#1058=CARTESIAN_POINT('',(-10.958429057,103.880123368,172.610711815));
#1059=CARTESIAN_POINT('',(-10.908704022,103.878616622,172.672138375));
#1060=CARTESIAN_POINT('',(-10.852668213,103.877819559,172.728725037));
#1061=CARTESIAN_POINT('',(-10.796632404,103.877022497,172.785311699));
#1062=CARTESIAN_POINT('',(-10.735908195,103.876946812,172.835477583));
#1063=CARTESIAN_POINT('',(-10.670662305,103.87721121,172.879451277));
#1064=CARTESIAN_POINT('',(-10.605416414,103.877475608,172.92342497));
#1065=CARTESIAN_POINT('',(-10.534790585,103.87809176,172.961502297));
#1066=CARTESIAN_POINT('',(-10.461868617,103.878730725,172.991911959));
#1067=CARTESIAN_POINT('',(-10.38894665,103.879369691,173.022321622));
#1068=CARTESIAN_POINT('',(-10.313767811,103.880026534,173.04529994));
#1069=CARTESIAN_POINT('',(-10.236333023,103.880496503,173.060854917));
#1070=CARTESIAN_POINT('',(-10.158898235,103.880966473,173.076409894));
#1071=CARTESIAN_POINT('',(-10.079017552,103.881242732,173.084335185));
#1072=CARTESIAN_POINT('',(-10.000336156,103.881243467,173.084357227));
#1073=CARTESIAN_POINT('',(-9.842973363,103.881244938,173.084401312));
#1074=CARTESIAN_POINT('',(-9.684084013,103.880009707,173.052655383));
#1075=CARTESIAN_POINT('',(-9.538917443,103.878737613,172.992239432));
#1076=CARTESIAN_POINT('',(-9.466334158,103.878101567,172.962031456));
#1077=CARTESIAN_POINT('',(-9.395930013,103.877483995,172.924249518));
#1078=CARTESIAN_POINT('',(-9.330195856,103.877214707,172.880029112));
#1079=CARTESIAN_POINT('',(-9.264461698,103.876945418,172.835808707));
#1080=CARTESIAN_POINT('',(-9.203873379,103.877024973,172.785685961));
#1081=CARTESIAN_POINT('',(-9.148352049,103.877805135,172.729754085));
#1082=CARTESIAN_POINT('',(-9.09283072,103.878585297,172.67382221));
#1083=CARTESIAN_POINT('',(-9.042116713,103.880100635,172.611447266));
#1084=CARTESIAN_POINT('',(-8.998717817,103.88263083,172.545745202));
#1085=CARTESIAN_POINT('',(-8.955318922,103.885161025,172.480043137));
#1086=CARTESIAN_POINT('',(-8.918630544,103.888697914,172.410572883));
#1087=CARTESIAN_POINT('',(-8.888760605,103.893565574,172.337288845));
#1088=CARTESIAN_POINT('',(-8.829020728,103.903300893,172.190720768));
#1089=CARTESIAN_POINT('',(-8.799000801,103.91819119,172.034171701));
#1090=CARTESIAN_POINT('',(-8.800025352,103.938485812,171.876557027));
#1091=CARTESIAN_POINT('',(-8.800537627,103.948633124,171.797749691));
#1092=CARTESIAN_POINT('',(-8.808729174,103.95988171,171.720268989));
#1093=CARTESIAN_POINT('',(-8.824306548,103.972132574,171.644055577));
#1094=CARTESIAN_POINT('',(-8.839883921,103.984383439,171.567842164));
#1095=CARTESIAN_POINT('',(-8.863233324,103.997787457,171.492182945));
#1096=CARTESIAN_POINT('',(-8.893271914,104.011545113,171.420511455));
#1097=CARTESIAN_POINT('',(-8.923310504,104.025302769,171.348839965));
#1098=CARTESIAN_POINT('',(-8.959963212,104.039459935,171.280725417));
#1099=CARTESIAN_POINT('',(-9.003268922,104.05373339,171.216130398));
#1100=CARTESIAN_POINT('',(-9.046574632,104.068006844,171.151535379));
#1101=CARTESIAN_POINT('',(-9.096651463,104.082372854,171.090655866));
#1102=CARTESIAN_POINT('',(-9.151421683,104.095902865,171.03587932));
#1103=CARTESIAN_POINT('',(-9.260962122,104.122962885,170.926326228));
#1104=CARTESIAN_POINT('',(-9.393894866,104.147666402,170.836971682));
#1105=CARTESIAN_POINT('',(-9.537998078,104.164815422,170.776858189));
#1106=CARTESIAN_POINT('',(-9.610049684,104.173389932,170.746801442));
#1107=CARTESIAN_POINT('',(-9.68586883,104.180236275,170.72348811));
#1108=CARTESIAN_POINT('',(-9.763659565,104.184856647,170.707861121));
#1109=CARTESIAN_POINT('',(-9.8414503,104.189477019,170.692234132));
#1110=CARTESIAN_POINT('',(-9.920224113,104.191847742,170.684357274));
#1111=CARTESIAN_POINT('',(-10.,104.191847742,170.684357274));
#1112=B_SPLINE_CURVE_WITH_KNOTS('',3,(#1027,#1028,#1029,#1030,#1031,#1032,#1033,#1034,#1035,#1036,#1037,#1038,#1039,#1040,#1041,#1042,#1043,#1044,#1045,#1046,#1047,#1048,#1049,#1050,#1051,#1052,
#1053,#1054,#1055,#1056,#1057,#1058,#1059,#1060,#1061,#1062,#1063,#1064,#1065,#1066,#1067,#1068,#1069,#1070,#1071,#1072,#1073,#1074,#1075,#1076,#1077,
#1078,#1079,#1080,#1081,#1082,#1083,#1084,#1085,#1086,#1087,#1088,#1089,#1090,#1091,#1092,#1093,#1094,#1095,#1096,#1097,#1098,#1099,#1100,#1101,#1102,
#1103,#1104,#1105,#1106,#1107,#1108,#1109,#1110,#1111),.UNSPECIFIED.,.T.,.F.,(4,3,3,3,3,3,3,3,3,3,3,3,3,3,3,3,3,3,3,3,3,3,3,3,3,3,
3,3,4),(0.,0.000235837,0.000471673,0.00070751,0.000943346,0.00141502,0.001650856,0.001886693,0.00212253,0.002358366,0.002594203,0.002830039,0.003065876,0.003301713,0.003537549,0.003773386,0.004245059,0.004480896,0.004716732,0.004952569,0.005188406,0.005660079,0.005895915,0.006131752,0.006367589,0.006603425,
0.007075099,0.007310935,0.007546772),.UNSPECIFIED.);
#1113=EDGE_CURVE('',#1018,#1018,#1112,.T.);
#1114=ORIENTED_EDGE('',*,*,#1113,.F.);
#1115=ORIENTED_EDGE('',*,*,#1025,.T.);
#1116=CARTESIAN_POINT('',(-10.,106.657075644,173.084357274));
#1117=VERTEX_POINT('',#1116);
#1118=CARTESIAN_POINT('',(-10.,106.657075644,171.884357274));
#1119=DIRECTION('',(0.,1.,0.));
#1120=DIRECTION('',(1.,-0.,-0.));
#1121=AXIS2_PLACEMENT_3D('',#1118,#1119,#1120);
#1122=CIRCLE('',#1121,1.2);
#1123=EDGE_CURVE('',#1020,#1117,#1122,.T.);
#1124=ORIENTED_EDGE('',*,*,#1123,.T.);
#1125=CARTESIAN_POINT('',(-8.8,106.657075644,171.884357274));
#1126=VERTEX_POINT('',#1125);
#1127=CARTESIAN_POINT('',(-10.,106.657075644,171.884357274));
#1128=DIRECTION('',(0.,1.,0.));
#1129=DIRECTION('',(1.,-0.,-0.));
#1130=AXIS2_PLACEMENT_3D('',#1127,#1128,#1129);
#1131=CIRCLE('',#1130,1.2);
#1132=EDGE_CURVE('',#1117,#1126,#1131,.T.);
#1133=ORIENTED_EDGE('',*,*,#1132,.T.);
#1134=CARTESIAN_POINT('',(-10.,106.657075644,171.884357274));
#1135=DIRECTION('',(0.,1.,0.));
#1136=DIRECTION('',(1.,-0.,-0.));
#1137=AXIS2_PLACEMENT_3D('',#1134,#1135,#1136);
#1138=CIRCLE('',#1137,1.2);
#1139=EDGE_CURVE('',#1126,#1020,#1138,.T.);
#1140=ORIENTED_EDGE('',*,*,#1139,.T.);
#1141=EDGE_LOOP('',(#1026,#1114,#1115,#1124,#1133,#1140));
#1142=FACE_BOUND('',#1141,.T.);
#1143=ADVANCED_FACE('',(#1142),#1016,.F.);
#1144=CARTESIAN_POINT('',(10.,139.077075644,171.884357274));
#1145=DIRECTION('',(-0.,-1.,-0.));
#1146=DIRECTION('',(0.,0.,-1.));
#1147=AXIS2_PLACEMENT_3D('',#1144,#1145,#1146);
#1148=CYLINDRICAL_SURFACE('',#1147,1.2);
#1149=CARTESIAN_POINT('',(10.,104.191847742,170.684357274));
#1150=VERTEX_POINT('',#1149);
#1151=CARTESIAN_POINT('',(10.,106.667075644,170.684357274));
#1152=VERTEX_POINT('',#1151);
#1153=CARTESIAN_POINT('',(10.,104.191847742,170.684357274));
#1154=DIRECTION('',(0.,1.,0.));
#1155=VECTOR('',#1154,2.475227902);
#1156=LINE('',#1153,#1155);
#1157=EDGE_CURVE('',#1150,#1152,#1156,.T.);
#1158=ORIENTED_EDGE('',*,*,#1157,.F.);
#1159=CARTESIAN_POINT('',(10.,104.191847742,170.684357274));
#1160=CARTESIAN_POINT('',(9.92022675,104.191847742,170.684357274));
#1161=CARTESIAN_POINT('',(9.841872087,104.189478125,170.692232273));
#1162=CARTESIAN_POINT('',(9.764866721,104.184928159,170.707619266));
#1163=CARTESIAN_POINT('',(9.687861355,104.180378194,170.723006258));
#1164=CARTESIAN_POINT('',(9.611382521,104.173531507,170.746310854));
#1165=CARTESIAN_POINT('',(9.538845463,104.164916167,170.776505076));
#1166=CARTESIAN_POINT('',(9.466308405,104.156300826,170.806699298));
#1167=CARTESIAN_POINT('',(9.397594536,104.145974347,170.843578061));
#1168=CARTESIAN_POINT('',(9.332611787,104.134282629,170.887064452));
#1169=CARTESIAN_POINT('',(9.267629039,104.122590911,170.930550844));
#1170=CARTESIAN_POINT('',(9.206542948,104.109512792,170.980788446));
#1171=CARTESIAN_POINT('',(9.151705699,104.095973008,171.035595365));
#1172=CARTESIAN_POINT('',(9.042031201,104.068893442,171.145209202));
#1173=CARTESIAN_POINT('',(8.953354441,104.039040844,171.277317166));
#1174=CARTESIAN_POINT('',(8.89345864,104.0116306,171.420066181));
#1175=CARTESIAN_POINT('',(8.86351074,103.997925477,171.491440688));
#1176=CARTESIAN_POINT('',(8.840175536,103.98458085,171.566663332));
#1177=CARTESIAN_POINT('',(8.824458525,103.972251943,171.643313213));
#1178=CARTESIAN_POINT('',(8.808741513,103.959923036,171.719963094));
#1179=CARTESIAN_POINT('',(8.800615917,103.948700098,171.797325744));
#1180=CARTESIAN_POINT('',(8.800033395,103.938634272,171.875404748));
#1181=CARTESIAN_POINT('',(8.799450874,103.928568445,171.953483752));
#1182=CARTESIAN_POINT('',(8.806665509,103.91960222,172.033054491));
#1183=CARTESIAN_POINT('',(8.821429581,103.912124883,172.110126553));
#1184=CARTESIAN_POINT('',(8.836193653,103.904647546,172.187198615));
#1185=CARTESIAN_POINT('',(8.858354132,103.898560049,172.262356415));
#1186=CARTESIAN_POINT('',(8.888051773,103.89368155,172.33554586));
#1187=CARTESIAN_POINT('',(8.917749413,103.888803051,172.408735305));
#1188=CARTESIAN_POINT('',(8.955018777,103.885187699,172.479497058));
#1189=CARTESIAN_POINT('',(8.99829486,103.882655533,172.545104437));
#1190=CARTESIAN_POINT('',(9.041570943,103.880123368,172.610711815));
#1191=CARTESIAN_POINT('',(9.091295978,103.878616622,172.672138375));
#1192=CARTESIAN_POINT('',(9.147331787,103.877819559,172.728725037));
#1193=CARTESIAN_POINT('',(9.203367596,103.877022497,172.785311699));
#1194=CARTESIAN_POINT('',(9.264091805,103.876946812,172.835477583));
#1195=CARTESIAN_POINT('',(9.329337695,103.87721121,172.879451277));
#1196=CARTESIAN_POINT('',(9.394583586,103.877475608,172.92342497));
#1197=CARTESIAN_POINT('',(9.465209415,103.87809176,172.961502297));
#1198=CARTESIAN_POINT('',(9.538131383,103.878730725,172.991911959));
#1199=CARTESIAN_POINT('',(9.61105335,103.879369691,173.022321622));
#1200=CARTESIAN_POINT('',(9.686232189,103.880026534,173.04529994));
#1201=CARTESIAN_POINT('',(9.763666977,103.880496503,173.060854917));
#1202=CARTESIAN_POINT('',(9.841101765,103.880966473,173.076409894));
#1203=CARTESIAN_POINT('',(9.920982448,103.881242732,173.084335185));
#1204=CARTESIAN_POINT('',(9.999663844,103.881243467,173.084357227));
#1205=CARTESIAN_POINT('',(10.157026637,103.881244938,173.084401312));
#1206=CARTESIAN_POINT('',(10.315915987,103.880009707,173.052655383));
#1207=CARTESIAN_POINT('',(10.461082557,103.878737613,172.992239432));
#1208=CARTESIAN_POINT('',(10.533665842,103.878101567,172.962031456));
#1209=CARTESIAN_POINT('',(10.604069987,103.877483995,172.924249518));
#1210=CARTESIAN_POINT('',(10.669804144,103.877214707,172.880029112));
#1211=CARTESIAN_POINT('',(10.735538302,103.876945418,172.835808707));
#1212=CARTESIAN_POINT('',(10.796126621,103.877024973,172.785685961));
#1213=CARTESIAN_POINT('',(10.851647951,103.877805135,172.729754085));
#1214=CARTESIAN_POINT('',(10.90716928,103.878585297,172.67382221));
#1215=CARTESIAN_POINT('',(10.957883287,103.880100635,172.611447266));
#1216=CARTESIAN_POINT('',(11.001282183,103.88263083,172.545745202));
#1217=CARTESIAN_POINT('',(11.044681078,103.885161025,172.480043137));
#1218=CARTESIAN_POINT('',(11.081369456,103.888697914,172.410572883));
#1219=CARTESIAN_POINT('',(11.111239395,103.893565574,172.337288845));
#1220=CARTESIAN_POINT('',(11.170979272,103.903300893,172.190720768));
#1221=CARTESIAN_POINT('',(11.200999199,103.91819119,172.034171701));
#1222=CARTESIAN_POINT('',(11.199974648,103.938485812,171.876557027));
#1223=CARTESIAN_POINT('',(11.199462373,103.948633124,171.797749691));
#1224=CARTESIAN_POINT('',(11.191270826,103.95988171,171.720268989));
#1225=CARTESIAN_POINT('',(11.175693452,103.972132574,171.644055577));
#1226=CARTESIAN_POINT('',(11.160116079,103.984383439,171.567842164));
#1227=CARTESIAN_POINT('',(11.136766676,103.997787457,171.492182945));
#1228=CARTESIAN_POINT('',(11.106728086,104.011545113,171.420511455));
#1229=CARTESIAN_POINT('',(11.076689496,104.025302769,171.348839965));
#1230=CARTESIAN_POINT('',(11.040036788,104.039459935,171.280725417));
#1231=CARTESIAN_POINT('',(10.996731078,104.05373339,171.216130398));
#1232=CARTESIAN_POINT('',(10.953425368,104.068006844,171.151535379));
#1233=CARTESIAN_POINT('',(10.903348537,104.082372854,171.090655866));
#1234=CARTESIAN_POINT('',(10.848578317,104.095902865,171.03587932));
#1235=CARTESIAN_POINT('',(10.739037878,104.122962885,170.926326228));
#1236=CARTESIAN_POINT('',(10.606105134,104.147666402,170.836971682));
#1237=CARTESIAN_POINT('',(10.462001922,104.164815422,170.776858189));
#1238=CARTESIAN_POINT('',(10.389950316,104.173389932,170.746801442));
#1239=CARTESIAN_POINT('',(10.31413117,104.180236275,170.72348811));
#1240=CARTESIAN_POINT('',(10.236340435,104.184856647,170.707861121));
#1241=CARTESIAN_POINT('',(10.1585497,104.189477019,170.692234132));
#1242=CARTESIAN_POINT('',(10.079775887,104.191847742,170.684357274));
#1243=CARTESIAN_POINT('',(10.,104.191847742,170.684357274));
#1244=B_SPLINE_CURVE_WITH_KNOTS('',3,(#1159,#1160,#1161,#1162,#1163,#1164,#1165,#1166,#1167,#1168,#1169,#1170,#1171,#1172,#1173,#1174,#1175,#1176,#1177,#1178,#1179,#1180,#1181,#1182,#1183,#1184,
#1185,#1186,#1187,#1188,#1189,#1190,#1191,#1192,#1193,#1194,#1195,#1196,#1197,#1198,#1199,#1200,#1201,#1202,#1203,#1204,#1205,#1206,#1207,#1208,#1209,
#1210,#1211,#1212,#1213,#1214,#1215,#1216,#1217,#1218,#1219,#1220,#1221,#1222,#1223,#1224,#1225,#1226,#1227,#1228,#1229,#1230,#1231,#1232,#1233,#1234,
#1235,#1236,#1237,#1238,#1239,#1240,#1241,#1242,#1243),.UNSPECIFIED.,.T.,.F.,(4,3,3,3,3,3,3,3,3,3,3,3,3,3,3,3,3,3,3,3,3,3,3,3,3,3,
3,3,4),(0.,0.000235837,0.000471673,0.00070751,0.000943346,0.00141502,0.001650856,0.001886693,0.00212253,0.002358366,0.002594203,0.002830039,0.003065876,0.003301713,0.003537549,0.003773386,0.004245059,0.004480896,0.004716732,0.004952569,0.005188406,0.005660079,0.005895915,0.006131752,0.006367589,0.006603425,
0.007075099,0.007310935,0.007546772),.UNSPECIFIED.);
#1245=EDGE_CURVE('',#1150,#1150,#1244,.T.);
#1246=ORIENTED_EDGE('',*,*,#1245,.F.);
#1247=ORIENTED_EDGE('',*,*,#1157,.T.);
#1248=CARTESIAN_POINT('',(10.,106.667075644,173.084357274));
#1249=VERTEX_POINT('',#1248);
#1250=CARTESIAN_POINT('',(10.,106.667075644,171.884357274));
#1251=DIRECTION('',(0.,1.,0.));
#1252=DIRECTION('',(1.,-0.,-0.));
#1253=AXIS2_PLACEMENT_3D('',#1250,#1251,#1252);
#1254=CIRCLE('',#1253,1.2);
#1255=EDGE_CURVE('',#1152,#1249,#1254,.T.);
#1256=ORIENTED_EDGE('',*,*,#1255,.T.);
#1257=CARTESIAN_POINT('',(11.2,106.667075644,171.884357274));
#1258=VERTEX_POINT('',#1257);
#1259=CARTESIAN_POINT('',(10.,106.667075644,171.884357274));
#1260=DIRECTION('',(0.,1.,0.));
#1261=DIRECTION('',(1.,-0.,-0.));
#1262=AXIS2_PLACEMENT_3D('',#1259,#1260,#1261);
#1263=CIRCLE('',#1262,1.2);
#1264=EDGE_CURVE('',#1249,#1258,#1263,.T.);
#1265=ORIENTED_EDGE('',*,*,#1264,.T.);
#1266=CARTESIAN_POINT('',(10.,106.667075644,171.884357274));
#1267=DIRECTION('',(0.,1.,0.));
#1268=DIRECTION('',(1.,-0.,-0.));
#1269=AXIS2_PLACEMENT_3D('',#1266,#1267,#1268);
#1270=CIRCLE('',#1269,1.2);
#1271=EDGE_CURVE('',#1258,#1152,#1270,.T.);
#1272=ORIENTED_EDGE('',*,*,#1271,.T.);
#1273=EDGE_LOOP('',(#1158,#1246,#1247,#1256,#1265,#1272));
#1274=FACE_BOUND('',#1273,.T.);
#1275=ADVANCED_FACE('',(#1274),#1148,.F.);
#1276=CARTESIAN_POINT('',(-6.75,99.077075644,165.384357274));
#1277=DIRECTION('',(0.,0.,-1.));
#1278=DIRECTION('',(-1.,0.,-0.));
#1279=AXIS2_PLACEMENT_3D('',#1276,#1277,#1278);
#1280=PLANE('',#1279);
#1281=CARTESIAN_POINT('',(12.5,128.077075644,165.384357274));
#1282=VERTEX_POINT('',#1281);
#1283=CARTESIAN_POINT('',(12.5,110.512494821,165.384357274));
#1284=VERTEX_POINT('',#1283);
#1285=CARTESIAN_POINT('',(12.5,128.077075644,165.384357274));
#1286=DIRECTION('',(-0.,-1.,-0.));
#1287=VECTOR('',#1286,17.564580823);
#1288=LINE('',#1285,#1287);
#1289=EDGE_CURVE('',#1282,#1284,#1288,.T.);
#1290=ORIENTED_EDGE('',*,*,#1289,.T.);
#1291=CARTESIAN_POINT('',(-12.5,110.512494821,165.384357274));
#1292=VERTEX_POINT('',#1291);
#1293=CARTESIAN_POINT('',(12.5,110.512494821,165.384357274));
#1294=DIRECTION('',(-1.,0.,-0.));
#1295=VECTOR('',#1294,25.);
#1296=LINE('',#1293,#1295);
#1297=EDGE_CURVE('',#1284,#1292,#1296,.T.);
#1298=ORIENTED_EDGE('',*,*,#1297,.T.);
#1299=CARTESIAN_POINT('',(-12.5,128.077075644,165.384357274));
#1300=VERTEX_POINT('',#1299);
#1301=CARTESIAN_POINT('',(-12.5,110.512494821,165.384357274));
#1302=DIRECTION('',(0.,1.,0.));
#1303=VECTOR('',#1302,17.564580823);
#1304=LINE('',#1301,#1303);
#1305=EDGE_CURVE('',#1292,#1300,#1304,.T.);
#1306=ORIENTED_EDGE('',*,*,#1305,.T.);
#1307=CARTESIAN_POINT('',(-12.5,128.077075644,165.384357274));
#1308=DIRECTION('',(1.,-0.,0.));
#1309=VECTOR('',#1308,25.);
#1310=LINE('',#1307,#1309);
#1311=EDGE_CURVE('',#1300,#1282,#1310,.T.);
#1312=ORIENTED_EDGE('',*,*,#1311,.T.);
#1313=EDGE_LOOP('',(#1290,#1298,#1306,#1312));
#1314=FACE_BOUND('',#1313,.T.);
#1315=ADVANCED_FACE('',(#1314),#1280,.T.);
#1316=CARTESIAN_POINT('',(13.5,99.077075644,168.384357274));
#1317=DIRECTION('',(1.,-0.,-0.));
#1318=DIRECTION('',(-0.,0.,-1.));
#1319=AXIS2_PLACEMENT_3D('',#1316,#1317,#1318);
#1320=PLANE('',#1319);
#1321=ORIENTED_EDGE('',*,*,#637,.F.);
#1322=CARTESIAN_POINT('',(13.5,107.549870398,166.384357274));
#1323=VERTEX_POINT('',#1322);
#1324=CARTESIAN_POINT('',(13.5,111.377075644,172.834357274));
#1325=DIRECTION('',(1.,-0.,-0.));
#1326=DIRECTION('',(0.,-0.,1.));
#1327=AXIS2_PLACEMENT_3D('',#1324,#1325,#1326);
#1328=CIRCLE('',#1327,7.5);
#1329=EDGE_CURVE('',#564,#1323,#1328,.T.);
#1330=ORIENTED_EDGE('',*,*,#1329,.T.);
#1331=CARTESIAN_POINT('',(13.5,128.077075644,166.384357274));
#1332=VERTEX_POINT('',#1331);
#1333=CARTESIAN_POINT('',(13.5,107.549870398,166.384357274));
#1334=DIRECTION('',(0.,1.,0.));
#1335=VECTOR('',#1334,20.527205247);
#1336=LINE('',#1333,#1335);
#1337=EDGE_CURVE('',#1323,#1332,#1336,.T.);
#1338=ORIENTED_EDGE('',*,*,#1337,.T.);
#1339=CARTESIAN_POINT('',(13.5,128.077075644,166.384357274));
#1340=DIRECTION('',(0.,-0.,1.));
#1341=VECTOR('',#1340,5.5);
#1342=LINE('',#1339,#1341);
#1343=EDGE_CURVE('',#1332,#732,#1342,.T.);
#1344=ORIENTED_EDGE('',*,*,#1343,.T.);
#1345=ORIENTED_EDGE('',*,*,#737,.F.);
#1346=CARTESIAN_POINT('',(13.5,111.377075644,172.834357274));
#1347=DIRECTION('',(-1.,0.,0.));
#1348=DIRECTION('',(0.,-0.,1.));
#1349=AXIS2_PLACEMENT_3D('',#1346,#1347,#1348);
#1350=CIRCLE('',#1349,2.5);
#1351=EDGE_CURVE('',#693,#632,#1350,.T.);
#1352=ORIENTED_EDGE('',*,*,#1351,.T.);
#1353=EDGE_LOOP('',(#1321,#1330,#1338,#1344,#1345,#1352));
#1354=FACE_BOUND('',#1353,.T.);
#1355=ADVANCED_FACE('',(#1354),#1320,.T.);
#1356=CARTESIAN_POINT('',(0.,129.077075644,180.884357274));
#1357=DIRECTION('',(-0.,-1.,-0.));
#1358=DIRECTION('',(0.,0.,-1.));
#1359=AXIS2_PLACEMENT_3D('',#1356,#1357,#1358);
#1360=CYLINDRICAL_SURFACE('',#1359,11.101801656);
#1361=CARTESIAN_POINT('',(0.,104.526053321,169.782555608));
#1362=VERTEX_POINT('',#1361);
#1363=CARTESIAN_POINT('',(0.,117.299623392,169.782555602));
#1364=VERTEX_POINT('',#1363);
#1365=CARTESIAN_POINT('',(0.,104.526053321,169.782555619));
#1366=DIRECTION('',(0.,1.,0.));
#1367=VECTOR('',#1366,12.773570071);
#1368=LINE('',#1365,#1367);
#1369=EDGE_CURVE('',#1362,#1364,#1368,.T.);
#1370=ORIENTED_EDGE('',*,*,#1369,.F.);
#1371=CARTESIAN_POINT('',(6.081346415,103.979960096,171.596342105));
#1372=VERTEX_POINT('',#1371);
#1373=CARTESIAN_POINT('',(6.081346415,103.979960096,171.596342105));
#1374=CARTESIAN_POINT('',(5.628708748,104.02956117,171.299976692));
#1375=CARTESIAN_POINT('',(5.161338169,104.090944088,171.040908613));
#1376=CARTESIAN_POINT('',(4.679007972,104.153556614,170.816741648));
#1377=CARTESIAN_POINT('',(4.196677776,104.216169139,170.592574684));
#1378=CARTESIAN_POINT('',(3.699389035,104.280106338,170.403332662));
#1379=CARTESIAN_POINT('',(3.185879612,104.336584377,170.249500853));
#1380=CARTESIAN_POINT('',(2.9291249,104.364823397,170.172584949));
#1381=CARTESIAN_POINT('',(2.667169379,104.39131058,170.104331673));
#1382=CARTESIAN_POINT('',(2.403858721,104.414699306,170.045931962));
#1383=CARTESIAN_POINT('',(2.140548064,104.438088031,169.987532251));
#1384=CARTESIAN_POINT('',(1.876483665,104.45834787,169.939018156));
#1385=CARTESIAN_POINT('',(1.611663757,104.474865877,169.900162268));
#1386=CARTESIAN_POINT('',(1.08202394,104.507901892,169.822450493));
#1387=CARTESIAN_POINT('',(0.549366265,104.525756872,169.783221158));
#1388=CARTESIAN_POINT('',(0.01361826,104.526049616,169.782563971));
#1389=CARTESIAN_POINT('',(-0.254255743,104.526195988,169.782235378));
#1390=CARTESIAN_POINT('',(-0.522903394,104.522004801,169.791587559));
#1391=CARTESIAN_POINT('',(-0.792340273,104.513512151,169.810866547));
#1392=CARTESIAN_POINT('',(-1.061777152,104.505019502,169.830145535));
#1393=CARTESIAN_POINT('',(-1.332586983,104.492152702,169.85952661));
#1394=CARTESIAN_POINT('',(-1.599365621,104.475630254,169.898364847));
#1395=CARTESIAN_POINT('',(-2.132922896,104.442585359,169.976041322));
#1396=CARTESIAN_POINT('',(-2.655063077,104.394733216,170.0915087));
#1397=CARTESIAN_POINT('',(-3.166684928,104.338691215,170.243769576));
#1398=CARTESIAN_POINT('',(-3.422495854,104.310670214,170.319900014));
#1399=CARTESIAN_POINT('',(-3.675668949,104.280634016,170.405271718));
#1400=CARTESIAN_POINT('',(-3.926265947,104.249602383,170.5000212));
#1401=CARTESIAN_POINT('',(-4.176862946,104.21857075,170.594770682));
#1402=CARTESIAN_POINT('',(-4.425559293,104.18645379,170.699223126));
#1403=CARTESIAN_POINT('',(-4.669893682,104.154739698,170.812510721));
#1404=CARTESIAN_POINT('',(-5.15856246,104.091311516,171.03908591));
#1405=CARTESIAN_POINT('',(-5.628791227,104.029552131,171.300030695));
#1406=CARTESIAN_POINT('',(-6.081346415,103.979960096,171.596342105));
#1407=B_SPLINE_CURVE_WITH_KNOTS('',3,(#1373,#1374,#1375,#1376,#1377,#1378,#1379,#1380,#1381,#1382,#1383,#1384,#1385,#1386,#1387,#1388,#1389,#1390,#1391,#1392,#1393,#1394,#1395,#1396,#1397,#1398,
#1399,#1400,#1401,#1402,#1403,#1404,#1405,#1406),.UNSPECIFIED.,.F.,.F.,(4,3,3,3,3,3,3,3,3,3,3,4),(0.,0.001606042,0.003212085,0.004015106,0.004818127,0.006424169,0.007227191,0.008030212,0.009636254,0.010439275,0.011242297,0.012848339),.UNSPECIFIED.);
#1408=EDGE_CURVE('',#1372,#1362,#1407,.T.);
#1409=ORIENTED_EDGE('',*,*,#1408,.F.);
#1410=CARTESIAN_POINT('',(6.081346415,118.006375722,171.596342105));
#1411=VERTEX_POINT('',#1410);
#1412=CARTESIAN_POINT('',(6.081346415,103.979960096,171.596342105));
#1413=DIRECTION('',(0.,1.,0.));
#1414=VECTOR('',#1413,14.026415626);
#1415=LINE('',#1412,#1414);
#1416=EDGE_CURVE('',#1372,#1411,#1415,.T.);
#1417=ORIENTED_EDGE('',*,*,#1416,.T.);
#1418=CARTESIAN_POINT('',(6.081346415,118.006375722,171.596342105));
#1419=CARTESIAN_POINT('',(5.633606212,117.893039552,171.303183316));
#1420=CARTESIAN_POINT('',(5.164181324,117.79166258,171.042057087));
#1421=CARTESIAN_POINT('',(4.676065717,117.703433976,170.815374733));
#1422=CARTESIAN_POINT('',(4.18795011,117.615205373,170.58869238));
#1423=CARTESIAN_POINT('',(3.687468961,117.541178648,170.399187369));
#1424=CARTESIAN_POINT('',(3.174820586,117.481336796,170.246194169));
#1425=CARTESIAN_POINT('',(2.662172211,117.421494945,170.09320097));
#1426=CARTESIAN_POINT('',(2.137361064,117.375823325,169.976709426));
#1427=CARTESIAN_POINT('',(1.599805434,117.34510975,169.898428885));
#1428=CARTESIAN_POINT('',(1.331027619,117.329752963,169.859288615));
#1429=CARTESIAN_POINT('',(1.060098699,117.318248025,169.829982886));
#1430=CARTESIAN_POINT('',(0.790595167,117.310692554,169.810741818));
#1431=CARTESIAN_POINT('',(0.521091635,117.303137084,169.79150075));
#1432=CARTESIAN_POINT('',(0.251975597,117.299469383,169.782162587));
#1433=CARTESIAN_POINT('',(-0.016759254,117.299628344,169.782568269));
#1434=CARTESIAN_POINT('',(-0.554228957,117.299946265,169.783379633));
#1435=CARTESIAN_POINT('',(-1.090179567,117.315521615,169.823012386));
#1436=CARTESIAN_POINT('',(-1.624588291,117.346538127,169.902066398));
#1437=CARTESIAN_POINT('',(-1.891792654,117.362046382,169.941593405));
#1438=CARTESIAN_POINT('',(-2.15988518,117.381546617,169.99132507));
#1439=CARTESIAN_POINT('',(-2.424010611,117.404701939,170.050421122));
#1440=CARTESIAN_POINT('',(-2.688136041,117.427857261,170.109517173));
#1441=CARTESIAN_POINT('',(-2.948021951,117.454562872,170.177791694));
#1442=CARTESIAN_POINT('',(-3.203825154,117.484717034,170.254893299));
#1443=CARTESIAN_POINT('',(-3.715431559,117.545025359,170.40909651));
#1444=CARTESIAN_POINT('',(-4.21077976,117.61899312,170.5984779));
#1445=CARTESIAN_POINT('',(-4.690368563,117.705993853,170.822029375));
#1446=CARTESIAN_POINT('',(-5.169957366,117.792994587,171.04558085));
#1447=CARTESIAN_POINT('',(-5.633780701,117.89308372,171.303297564));
#1448=CARTESIAN_POINT('',(-6.081346415,118.006375722,171.596342105));
#1449=B_SPLINE_CURVE_WITH_KNOTS('',3,(#1418,#1419,#1420,#1421,#1422,#1423,#1424,#1425,#1426,#1427,#1428,#1429,#1430,#1431,#1432,#1433,#1434,#1435,#1436,#1437,#1438,#1439,#1440,#1441,#1442,#1443,
#1444,#1445,#1446,#1447,#1448),.UNSPECIFIED.,.F.,.F.,(4,3,3,3,3,3,3,3,3,3,4),(0.,0.001747855,0.003495711,0.005243566,0.006117494,0.006991421,0.008739277,0.009613204,0.010487132,0.012234987,0.013982843),.UNSPECIFIED.);
#1450=EDGE_CURVE('',#1411,#1364,#1449,.T.);
#1451=ORIENTED_EDGE('',*,*,#1450,.T.);
#1452=EDGE_LOOP('',(#1370,#1409,#1417,#1451));
#1453=FACE_BOUND('',#1452,.T.);
#1454=ADVANCED_FACE('',(#1453),#1360,.F.);
#1455=CARTESIAN_POINT('',(5.533566279,129.077075644,172.432964435));
#1456=DIRECTION('',(-0.,-1.,-0.));
#1457=DIRECTION('',(-1.,0.,0.));
#1458=AXIS2_PLACEMENT_3D('',#1455,#1456,#1457);
#1459=CYLINDRICAL_SURFACE('',#1458,1.);
#1460=CARTESIAN_POINT('',(6.526107106,103.895354498,172.311051733));
#1461=CARTESIAN_POINT('',(6.517193553,103.900430293,172.238482875));
#1462=CARTESIAN_POINT('',(6.500586624,103.906401063,172.168257681));
#1463=CARTESIAN_POINT('',(6.476600117,103.913087946,172.100267604));
#1464=CARTESIAN_POINT('',(6.452613609,103.919774829,172.032277528));
#1465=CARTESIAN_POINT('',(6.420735528,103.927268276,171.965925521));
#1466=CARTESIAN_POINT('',(6.382663727,103.934912667,171.904728196));
#1467=CARTESIAN_POINT('',(6.306520124,103.95020145,171.782333546));
#1468=CARTESIAN_POINT('',(6.20356112,103.966567528,171.676362426));
#1469=CARTESIAN_POINT('',(6.081346415,103.979960096,171.596342105));
#1470=B_SPLINE_CURVE_WITH_KNOTS('',3,(#1460,#1461,#1462,#1463,#1464,#1465,#1466,#1467,#1468,#1469),.UNSPECIFIED.,.F.,.F.,(4,3,3,4),(0.000005154,0.000222066,0.000438978,0.000872802),.UNSPECIFIED.);
#1471=EDGE_CURVE('',#566,#1372,#1470,.T.);
#1472=ORIENTED_EDGE('',*,*,#1471,.F.);
#1473=ORIENTED_EDGE('',*,*,#1007,.F.);
#1474=CARTESIAN_POINT('',(6.526107106,115.926626958,172.311051733));
#1475=CARTESIAN_POINT('',(6.520668818,116.149571165,172.26677642));
#1476=CARTESIAN_POINT('',(6.512049203,116.36963296,172.220344955));
#1477=CARTESIAN_POINT('',(6.498589471,116.585465408,172.170799907));
#1478=CARTESIAN_POINT('',(6.485129738,116.801297856,172.121254859));
#1479=CARTESIAN_POINT('',(6.46707563,117.013103137,172.068740954));
#1480=CARTESIAN_POINT('',(6.440042034,117.217301299,172.010706569));
#1481=CARTESIAN_POINT('',(6.426525236,117.31940038,171.981689376));
#1482=CARTESIAN_POINT('',(6.410790106,117.418887575,171.951444608));
#1483=CARTESIAN_POINT('',(6.391693899,117.513661344,171.919527985));
#1484=CARTESIAN_POINT('',(6.372597691,117.608435112,171.887611362));
#1485=CARTESIAN_POINT('',(6.350200317,117.698547448,171.854065738));
#1486=CARTESIAN_POINT('',(6.322609608,117.777964954,171.818626883));
#1487=CARTESIAN_POINT('',(6.295018899,117.857382459,171.783188029));
#1488=CARTESIAN_POINT('',(6.261724855,117.927375356,171.745233178));
#1489=CARTESIAN_POINT('',(6.220695,117.971461981,171.706428737));
#1490=CARTESIAN_POINT('',(6.200180072,117.993505293,171.687026516));
#1491=CARTESIAN_POINT('',(6.178090907,118.008422425,171.6677999));
#1492=CARTESIAN_POINT('',(6.15472749,118.014595142,171.649281623));
#1493=CARTESIAN_POINT('',(6.131364073,118.020767858,171.630763345));
#1494=CARTESIAN_POINT('',(6.106380949,118.018002393,171.612733516));
#1495=CARTESIAN_POINT('',(6.081346415,118.006375722,171.596342105));
#1496=B_SPLINE_CURVE_WITH_KNOTS('',3,(#1474,#1475,#1476,#1477,#1478,#1479,#1480,#1481,#1482,#1483,#1484,#1485,#1486,#1487,#1488,#1489,#1490,#1491,#1492,#1493,#1494,#1495),.UNSPECIFIED.,.F.,.F.,(4,3,3,3,3,3,3,4),(-0.,0.000716987,0.001433974,0.001792467,0.002150961,0.002509454,0.002688701,0.002867947),.UNSPECIFIED.);
#1497=EDGE_CURVE('',#749,#1411,#1496,.T.);
#1498=ORIENTED_EDGE('',*,*,#1497,.T.);
#1499=ORIENTED_EDGE('',*,*,#1416,.F.);
#1500=EDGE_LOOP('',(#1472,#1473,#1498,#1499));
#1501=FACE_BOUND('',#1500,.T.);
#1502=ADVANCED_FACE('',(#1501),#1459,.F.);
#1503=CARTESIAN_POINT('',(-5.533566279,129.077075644,172.432964435));
#1504=DIRECTION('',(-0.,-1.,-0.));
#1505=DIRECTION('',(-1.,0.,0.));
#1506=AXIS2_PLACEMENT_3D('',#1503,#1504,#1505);
#1507=CYLINDRICAL_SURFACE('',#1506,1.);
#1508=CARTESIAN_POINT('',(-6.081346415,103.979960096,171.596342105));
#1509=VERTEX_POINT('',#1508);
#1510=CARTESIAN_POINT('',(-6.081346415,103.979960096,171.596342105));
#1511=CARTESIAN_POINT('',(-6.142455732,103.973263596,171.636353552));
#1512=CARTESIAN_POINT('',(-6.198046724,103.965919189,171.6822003));
#1513=CARTESIAN_POINT('',(-6.248383292,103.958285321,171.73365289));
#1514=CARTESIAN_POINT('',(-6.298719861,103.950651453,171.78510548));
#1515=CARTESIAN_POINT('',(-6.344154354,103.942637717,171.842926209));
#1516=CARTESIAN_POINT('',(-6.382283344,103.934989008,171.904117251));
#1517=CARTESIAN_POINT('',(-6.458541322,103.919691591,172.026499334));
#1518=CARTESIAN_POINT('',(-6.508265295,103.905514462,172.1657943));
#1519=CARTESIAN_POINT('',(-6.526107106,103.895354498,172.311051733));
#1520=B_SPLINE_CURVE_WITH_KNOTS('',3,(#1510,#1511,#1512,#1513,#1514,#1515,#1516,#1517,#1518,#1519),.UNSPECIFIED.,.F.,.F.,(4,3,3,4),(0.,0.000216911,0.000433823,0.000867645),.UNSPECIFIED.);
#1521=EDGE_CURVE('',#1509,#89,#1520,.T.);
#1522=ORIENTED_EDGE('',*,*,#1521,.F.);
#1523=CARTESIAN_POINT('',(-6.081346415,118.006375722,171.596342105));
#1524=VERTEX_POINT('',#1523);
#1525=CARTESIAN_POINT('',(-6.081346415,118.006375722,171.596342105));
#1526=DIRECTION('',(-0.,-1.,-0.));
#1527=VECTOR('',#1526,14.026415626);
#1528=LINE('',#1525,#1527);
#1529=EDGE_CURVE('',#1524,#1509,#1528,.T.);
#1530=ORIENTED_EDGE('',*,*,#1529,.F.);
#1531=CARTESIAN_POINT('',(-6.081346415,118.006375722,171.596342105));
#1532=CARTESIAN_POINT('',(-6.106454197,118.018036411,171.612781475));
#1533=CARTESIAN_POINT('',(-6.130859948,118.020852216,171.630372607));
#1534=CARTESIAN_POINT('',(-6.154548696,118.014640096,171.649139941));
#1535=CARTESIAN_POINT('',(-6.178237445,118.008427976,171.667907275));
#1536=CARTESIAN_POINT('',(-6.200545698,117.993206342,171.687354759));
#1537=CARTESIAN_POINT('',(-6.221026097,117.971106359,171.706742018));
#1538=CARTESIAN_POINT('',(-6.241506496,117.949006375,171.726129277));
#1539=CARTESIAN_POINT('',(-6.260256064,117.920011428,171.745537313));
#1540=CARTESIAN_POINT('',(-6.277086493,117.887075227,171.764250975));
#1541=CARTESIAN_POINT('',(-6.293916922,117.854139026,171.782964636));
#1542=CARTESIAN_POINT('',(-6.3090848,117.816963342,171.801230776));
#1543=CARTESIAN_POINT('',(-6.323032813,117.77668473,171.819170828));
#1544=CARTESIAN_POINT('',(-6.350928837,117.696127506,171.855050932));
#1545=CARTESIAN_POINT('',(-6.373036448,117.6064852,171.888300534));
#1546=CARTESIAN_POINT('',(-6.392013336,117.512062819,171.920062251));
#1547=CARTESIAN_POINT('',(-6.410990225,117.417640438,171.951823968));
#1548=CARTESIAN_POINT('',(-6.426790142,117.317708131,171.982218419));
#1549=CARTESIAN_POINT('',(-6.440249585,117.215820237,172.011152408));
#1550=CARTESIAN_POINT('',(-6.467168469,117.012044449,172.069020386));
#1551=CARTESIAN_POINT('',(-6.485184887,116.800545495,172.121434141));
#1552=CARTESIAN_POINT('',(-6.498621293,116.584954974,172.170917074));
#1553=CARTESIAN_POINT('',(-6.5120577,116.369364453,172.220400007));
#1554=CARTESIAN_POINT('',(-6.520671369,116.149466597,172.266797187));
#1555=CARTESIAN_POINT('',(-6.526107106,115.926626958,172.311051733));
#1556=B_SPLINE_CURVE_WITH_KNOTS('',3,(#1531,#1532,#1533,#1534,#1535,#1536,#1537,#1538,#1539,#1540,#1541,#1542,#1543,#1544,#1545,#1546,#1547,#1548,#1549,#1550,#1551,#1552,#1553,#1554,#1555),.UNSPECIFIED.,.F.,.F.,(4,3,3,3,3,3,3,3,4),(-0.,0.000180661,0.000361322,0.000541983,0.000722644,0.001083966,0.001445287,0.002167931,0.002890575),.UNSPECIFIED.);
#1557=EDGE_CURVE('',#1524,#160,#1556,.T.);
#1558=ORIENTED_EDGE('',*,*,#1557,.T.);
#1559=ORIENTED_EDGE('',*,*,#165,.F.);
#1560=EDGE_LOOP('',(#1522,#1530,#1558,#1559));
#1561=FACE_BOUND('',#1560,.T.);
#1562=ADVANCED_FACE('',(#1561),#1507,.F.);
#1563=CARTESIAN_POINT('',(12.5,99.077075644,166.384357274));
#1564=DIRECTION('',(0.,1.,0.));
#1565=DIRECTION('',(-0.,-0.,1.));
#1566=AXIS2_PLACEMENT_3D('',#1563,#1564,#1565);
#1567=CYLINDRICAL_SURFACE('',#1566,1.);
#1568=ORIENTED_EDGE('',*,*,#1337,.F.);
#1569=CARTESIAN_POINT('',(13.5,107.549870398,166.384357274));
#1570=CARTESIAN_POINT('',(13.5,107.794862434,166.238987537));
#1571=CARTESIAN_POINT('',(13.469640115,108.04299261,166.110481375));
#1572=CARTESIAN_POINT('',(13.421826221,108.295326253,165.996753843));
#1573=CARTESIAN_POINT('',(13.374012327,108.547659895,165.883026311));
#1574=CARTESIAN_POINT('',(13.307662411,108.805853694,165.783659066));
#1575=CARTESIAN_POINT('',(13.229168606,109.063792884,165.700023187));
#1576=CARTESIAN_POINT('',(13.150674801,109.321732075,165.616387307));
#1577=CARTESIAN_POINT('',(13.061062958,109.57950952,165.548266889));
#1578=CARTESIAN_POINT('',(12.956301138,109.835335466,165.494531852));
#1579=CARTESIAN_POINT('',(12.903920228,109.963248439,165.467664334));
#1580=CARTESIAN_POINT('',(12.848245108,110.090857674,165.444395476));
#1581=CARTESIAN_POINT('',(12.781750152,110.215399941,165.424869467));
#1582=CARTESIAN_POINT('',(12.748502675,110.277671075,165.415106463));
#1583=CARTESIAN_POINT('',(12.712841892,110.339208695,165.406300169));
#1584=CARTESIAN_POINT('',(12.669902615,110.395280433,165.398896417));
#1585=CARTESIAN_POINT('',(12.648432977,110.423316302,165.395194541));
#1586=CARTESIAN_POINT('',(12.624926699,110.450330916,165.391800717));
#1587=CARTESIAN_POINT('',(12.59721482,110.472613052,165.389093853));
#1588=CARTESIAN_POINT('',(12.569502942,110.494895188,165.386386988));
#1589=CARTESIAN_POINT('',(12.536086012,110.512494821,165.384357274));
#1590=CARTESIAN_POINT('',(12.5,110.512494821,165.384357274));
#1591=B_SPLINE_CURVE_WITH_KNOTS('',3,(#1569,#1570,#1571,#1572,#1573,#1574,#1575,#1576,#1577,#1578,#1579,#1580,#1581,#1582,#1583,#1584,#1585,#1586,#1587,#1588,#1589,#1590),.UNSPECIFIED.,.F.,.F.,(4,3,3,3,3,3,3,4),(0.,0.000842167,0.001684333,0.0025265,0.002947583,0.003158125,0.003263396,0.003368667),.UNSPECIFIED.);
#1592=EDGE_CURVE('',#1323,#1284,#1591,.T.);
#1593=ORIENTED_EDGE('',*,*,#1592,.T.);
#1594=ORIENTED_EDGE('',*,*,#1289,.F.);
#1595=CARTESIAN_POINT('',(12.5,128.077075644,166.384357274));
#1596=DIRECTION('',(-0.,-1.,-0.));
#1597=DIRECTION('',(1.,-0.,-0.));
#1598=AXIS2_PLACEMENT_3D('',#1595,#1596,#1597);
#1599=CIRCLE('',#1598,1.);
#1600=EDGE_CURVE('',#1282,#1332,#1599,.T.);
#1601=ORIENTED_EDGE('',*,*,#1600,.T.);
#1602=EDGE_LOOP('',(#1568,#1593,#1594,#1601));
#1603=FACE_BOUND('',#1602,.T.);
#1604=ADVANCED_FACE('',(#1603),#1567,.T.);
#1605=CARTESIAN_POINT('',(-12.5,99.077075644,166.384357274));
#1606=DIRECTION('',(-0.,-1.,-0.));
#1607=DIRECTION('',(0.,0.,-1.));
#1608=AXIS2_PLACEMENT_3D('',#1605,#1606,#1607);
#1609=CYLINDRICAL_SURFACE('',#1608,1.);
#1610=ORIENTED_EDGE('',*,*,#1305,.F.);
#1611=CARTESIAN_POINT('',(-13.5,107.549870398,166.384357274));
#1612=VERTEX_POINT('',#1611);
#1613=CARTESIAN_POINT('',(-12.5,110.512494821,165.384357274));
#1614=CARTESIAN_POINT('',(-12.536409593,110.512494821,165.384357274));
#1615=CARTESIAN_POINT('',(-12.569560817,110.494922175,165.386382846));
#1616=CARTESIAN_POINT('',(-12.597563153,110.472332512,165.389127938));
#1617=CARTESIAN_POINT('',(-12.625565489,110.449742849,165.391873031));
#1618=CARTESIAN_POINT('',(-12.648727524,110.422972249,165.395238515));
#1619=CARTESIAN_POINT('',(-12.670200344,110.394891413,165.398947794));
#1620=CARTESIAN_POINT('',(-12.713145983,110.338729742,165.406366353));
#1621=CARTESIAN_POINT('',(-12.748804294,110.277115477,165.415192474));
#1622=CARTESIAN_POINT('',(-12.781818708,110.21527153,165.424889601));
#1623=CARTESIAN_POINT('',(-12.847847535,110.091583635,165.444283856));
#1624=CARTESIAN_POINT('',(-12.9036898,109.963793264,165.467546779));
#1625=CARTESIAN_POINT('',(-12.956359343,109.835193342,165.494561707));
#1626=CARTESIAN_POINT('',(-13.009028885,109.706593419,165.521576635));
#1627=CARTESIAN_POINT('',(-13.057758812,109.576800959,165.552406832));
#1628=CARTESIAN_POINT('',(-13.103132863,109.447903878,165.586716534));
#1629=CARTESIAN_POINT('',(-13.148506913,109.319006796,165.621026237));
#1630=CARTESIAN_POINT('',(-13.190615134,109.190557616,165.658897049));
#1631=CARTESIAN_POINT('',(-13.229530096,109.062604696,165.700408562));
#1632=CARTESIAN_POINT('',(-13.307360019,108.806698856,165.783431588));
#1633=CARTESIAN_POINT('',(-13.372792193,108.552839746,165.880916206));
#1634=CARTESIAN_POINT('',(-13.420876434,108.300325847,165.994502694));
#1635=CARTESIAN_POINT('',(-13.468960675,108.047811948,166.108089182));
#1636=CARTESIAN_POINT('',(-13.5,107.79487873,166.238977867));
#1637=CARTESIAN_POINT('',(-13.5,107.549870398,166.384357274));
#1638=B_SPLINE_CURVE_WITH_KNOTS('',3,(#1613,#1614,#1615,#1616,#1617,#1618,#1619,#1620,#1621,#1622,#1623,#1624,#1625,#1626,#1627,#1628,#1629,#1630,#1631,#1632,#1633,#1634,#1635,#1636,#1637),.UNSPECIFIED.,.F.,.F.,(4,3,3,3,3,3,3,3,4),(0.,0.00010715,0.000214299,0.000428598,0.000857197,0.001285795,0.001714394,0.002571591,0.003428787),.UNSPECIFIED.);
#1639=EDGE_CURVE('',#1292,#1612,#1638,.T.);
#1640=ORIENTED_EDGE('',*,*,#1639,.T.);
#1641=CARTESIAN_POINT('',(-13.5,128.077075644,166.384357274));
#1642=VERTEX_POINT('',#1641);
#1643=CARTESIAN_POINT('',(-13.5,128.077075644,166.384357274));
#1644=DIRECTION('',(-0.,-1.,-0.));
#1645=VECTOR('',#1644,20.527205247);
#1646=LINE('',#1643,#1645);
#1647=EDGE_CURVE('',#1642,#1612,#1646,.T.);
#1648=ORIENTED_EDGE('',*,*,#1647,.F.);
#1649=CARTESIAN_POINT('',(-12.5,128.077075644,166.384357274));
#1650=DIRECTION('',(-0.,-1.,-0.));
#1651=DIRECTION('',(-1.,0.,0.));
#1652=AXIS2_PLACEMENT_3D('',#1649,#1650,#1651);
#1653=CIRCLE('',#1652,1.);
#1654=EDGE_CURVE('',#1642,#1300,#1653,.T.);
#1655=ORIENTED_EDGE('',*,*,#1654,.T.);
#1656=EDGE_LOOP('',(#1610,#1640,#1648,#1655));
#1657=FACE_BOUND('',#1656,.T.);
#1658=ADVANCED_FACE('',(#1657),#1609,.T.);
#1659=CARTESIAN_POINT('',(-21.,111.377075644,172.834357274));
#1660=DIRECTION('',(1.,-0.,0.));
#1661=DIRECTION('',(-0.,-0.,1.));
#1662=AXIS2_PLACEMENT_3D('',#1659,#1660,#1661);
#1663=CYLINDRICAL_SURFACE('',#1662,2.5);
#1664=CARTESIAN_POINT('',(-10.6,111.377075644,175.334357274));
#1665=VERTEX_POINT('',#1664);
#1666=CARTESIAN_POINT('',(-19.5,111.377075644,175.334357274));
#1667=VERTEX_POINT('',#1666);
#1668=CARTESIAN_POINT('',(-10.6,111.377075644,175.334357274));
#1669=DIRECTION('',(-1.,0.,-0.));
#1670=VECTOR('',#1669,8.9);
#1671=LINE('',#1668,#1670);
#1672=EDGE_CURVE('',#1665,#1667,#1671,.T.);
#1673=ORIENTED_EDGE('',*,*,#1672,.T.);
#1674=CARTESIAN_POINT('',(-19.5,111.377075644,170.334357274));
#1675=VERTEX_POINT('',#1674);
#1676=CARTESIAN_POINT('',(-19.5,111.377075644,172.834357274));
#1677=DIRECTION('',(1.,-0.,0.));
#1678=DIRECTION('',(0.,0.,-1.));
#1679=AXIS2_PLACEMENT_3D('',#1676,#1677,#1678);
#1680=CIRCLE('',#1679,2.5);
#1681=EDGE_CURVE('',#1667,#1675,#1680,.T.);
#1682=ORIENTED_EDGE('',*,*,#1681,.T.);
#1683=CARTESIAN_POINT('',(-19.5,111.377075644,172.834357274));
#1684=DIRECTION('',(1.,-0.,0.));
#1685=DIRECTION('',(0.,0.,-1.));
#1686=AXIS2_PLACEMENT_3D('',#1683,#1684,#1685);
#1687=CIRCLE('',#1686,2.5);
#1688=EDGE_CURVE('',#1675,#1667,#1687,.T.);
#1689=ORIENTED_EDGE('',*,*,#1688,.T.);
#1690=ORIENTED_EDGE('',*,*,#1672,.F.);
#1691=CARTESIAN_POINT('',(-10.6,111.377075644,172.834357274));
#1692=DIRECTION('',(-1.,0.,-0.));
#1693=DIRECTION('',(0.,0.,-1.));
#1694=AXIS2_PLACEMENT_3D('',#1691,#1692,#1693);
#1695=CIRCLE('',#1694,2.5);
#1696=EDGE_CURVE('',#1665,#458,#1695,.T.);
#1697=ORIENTED_EDGE('',*,*,#1696,.T.);
#1698=ORIENTED_EDGE('',*,*,#494,.F.);
#1699=CARTESIAN_POINT('',(-13.5,111.377075644,172.834357274));
#1700=DIRECTION('',(1.,-0.,0.));
#1701=DIRECTION('',(-0.,-0.,1.));
#1702=AXIS2_PLACEMENT_3D('',#1699,#1700,#1701);
#1703=CIRCLE('',#1702,2.5);
#1704=EDGE_CURVE('',#505,#450,#1703,.T.);
#1705=ORIENTED_EDGE('',*,*,#1704,.F.);
#1706=ORIENTED_EDGE('',*,*,#547,.F.);
#1707=CARTESIAN_POINT('',(-10.6,111.377075644,172.834357274));
#1708=DIRECTION('',(-1.,0.,-0.));
#1709=DIRECTION('',(0.,0.,-1.));
#1710=AXIS2_PLACEMENT_3D('',#1707,#1708,#1709);
#1711=CIRCLE('',#1710,2.5);
#1712=EDGE_CURVE('',#497,#1665,#1711,.T.);
#1713=ORIENTED_EDGE('',*,*,#1712,.T.);
#1714=EDGE_LOOP('',(#1673,#1682,#1689,#1690,#1697,#1698,#1705,#1706,#1713));
#1715=FACE_BOUND('',#1714,.T.);
#1716=ADVANCED_FACE('',(#1715),#1663,.T.);
#1717=COLOUR_RGB('',0.627451003,0.627451003,0.643137276);
#1718=FILL_AREA_STYLE_COLOUR('',#1717);
#1719=FILL_AREA_STYLE('',(#1718));
#1720=SURFACE_STYLE_FILL_AREA(#1719);
#1721=SURFACE_SIDE_STYLE('',(#1720));
#1722=SURFACE_STYLE_USAGE(.BOTH.,#1721);
#1723=PRESENTATION_STYLE_ASSIGNMENT((#1722));
#1724=OVER_RIDING_STYLED_ITEM('',(#1723),#1716,#82);
#1725=CARTESIAN_POINT('',(-10.6,49.417113848,59.4));
#1726=DIRECTION('',(-1.,0.,-0.));
#1727=DIRECTION('',(-0.,-1.,-0.));
#1728=AXIS2_PLACEMENT_3D('',#1725,#1726,#1727);
#1729=PLANE('',#1728);
#1730=ORIENTED_EDGE('',*,*,#502,.F.);
#1731=ORIENTED_EDGE('',*,*,#1696,.F.);
#1732=ORIENTED_EDGE('',*,*,#1712,.F.);
#1733=EDGE_LOOP('',(#1730,#1731,#1732));
#1734=FACE_BOUND('',#1733,.T.);
#1735=ADVANCED_FACE('',(#1734),#1729,.F.);
#1736=OVER_RIDING_STYLED_ITEM('',(#1723),#1735,#82);
#1737=CARTESIAN_POINT('',(-20.5,49.417113848,59.4));
#1738=DIRECTION('',(-1.,0.,-0.));
#1739=DIRECTION('',(-0.,-1.,-0.));
#1740=AXIS2_PLACEMENT_3D('',#1737,#1738,#1739);
#1741=PLANE('',#1740);
#1742=CARTESIAN_POINT('',(-20.5,111.377075644,171.334357274));
#1743=VERTEX_POINT('',#1742);
#1744=CARTESIAN_POINT('',(-20.5,111.377075644,172.834357274));
#1745=DIRECTION('',(-1.,0.,-0.));
#1746=DIRECTION('',(0.,0.,-1.));
#1747=AXIS2_PLACEMENT_3D('',#1744,#1745,#1746);
#1748=CIRCLE('',#1747,1.5);
#1749=EDGE_CURVE('',#1743,#1743,#1748,.T.);
#1750=ORIENTED_EDGE('',*,*,#1749,.T.);
#1751=EDGE_LOOP('',(#1750));
#1752=FACE_BOUND('',#1751,.T.);
#1753=ADVANCED_FACE('',(#1752),#1741,.T.);
#1754=OVER_RIDING_STYLED_ITEM('',(#1723),#1753,#82);
#1755=CARTESIAN_POINT('',(-19.5,111.377075644,172.834357274));
#1756=DIRECTION('',(-1.,0.,-0.));
#1757=DIRECTION('',(0.,0.,-1.));
#1758=AXIS2_PLACEMENT_3D('',#1755,#1756,#1757);
#1759=TOROIDAL_SURFACE('',#1758,1.5,1.);
#1760=CARTESIAN_POINT('',(-19.5,111.377075644,171.334357274));
#1761=DIRECTION('',(-0.,-1.,-0.));
#1762=DIRECTION('',(0.,0.,-1.));
#1763=AXIS2_PLACEMENT_3D('',#1760,#1761,#1762);
#1764=CIRCLE('',#1763,1.);
#1765=EDGE_CURVE('',#1743,#1675,#1764,.T.);
#1766=ORIENTED_EDGE('',*,*,#1765,.T.);
#1767=ORIENTED_EDGE('',*,*,#1681,.F.);
#1768=ORIENTED_EDGE('',*,*,#1688,.F.);
#1769=ORIENTED_EDGE('',*,*,#1765,.F.);
#1770=ORIENTED_EDGE('',*,*,#1749,.F.);
#1771=EDGE_LOOP('',(#1766,#1767,#1768,#1769,#1770));
#1772=FACE_BOUND('',#1771,.T.);
#1773=ADVANCED_FACE('',(#1772),#1759,.T.);
#1774=OVER_RIDING_STYLED_ITEM('',(#1723),#1773,#82);
#1775=CARTESIAN_POINT('',(0.,129.077075644,184.884357274));
#1776=DIRECTION('',(-0.,-1.,-0.));
#1777=DIRECTION('',(0.,0.,-1.));
#1778=AXIS2_PLACEMENT_3D('',#1775,#1776,#1777);
#1779=PLANE('',#1778);
#1780=CARTESIAN_POINT('',(-9.643243157,129.077075644,170.018151349));
#1781=VERTEX_POINT('',#1780);
#1782=CARTESIAN_POINT('',(-2.843265365,129.077075644,166.384357274));
#1783=VERTEX_POINT('',#1782);
#1784=CARTESIAN_POINT('',(0.,129.077075644,179.884357274));
#1785=DIRECTION('',(-0.,-1.,-0.));
#1786=DIRECTION('',(0.,0.,-1.));
#1787=AXIS2_PLACEMENT_3D('',#1784,#1785,#1786);
#1788=CIRCLE('',#1787,13.79616461);
#1789=EDGE_CURVE('',#1781,#1783,#1788,.T.);
#1790=ORIENTED_EDGE('',*,*,#1789,.T.);
#1791=CARTESIAN_POINT('',(-12.5,129.077075644,166.384357274));
#1792=VERTEX_POINT('',#1791);
#1793=CARTESIAN_POINT('',(-2.843265365,129.077075644,166.384357274));
#1794=DIRECTION('',(-1.,0.,-0.));
#1795=VECTOR('',#1794,9.656734635);
#1796=LINE('',#1793,#1795);
#1797=EDGE_CURVE('',#1783,#1792,#1796,.T.);
#1798=ORIENTED_EDGE('',*,*,#1797,.T.);
#1799=CARTESIAN_POINT('',(-12.5,129.077075644,171.884357274));
#1800=VERTEX_POINT('',#1799);
#1801=CARTESIAN_POINT('',(-12.5,129.077075644,166.384357274));
#1802=DIRECTION('',(-0.,-0.,1.));
#1803=VECTOR('',#1802,5.5);
#1804=LINE('',#1801,#1803);
#1805=EDGE_CURVE('',#1792,#1800,#1804,.T.);
#1806=ORIENTED_EDGE('',*,*,#1805,.T.);
#1807=CARTESIAN_POINT('',(-12.09524603,129.077075644,173.248154941));
#1808=VERTEX_POINT('',#1807);
#1809=CARTESIAN_POINT('',(-10.,129.077075644,171.884357274));
#1810=DIRECTION('',(0.,1.,0.));
#1811=DIRECTION('',(0.,0.,-1.));
#1812=AXIS2_PLACEMENT_3D('',#1809,#1810,#1811);
#1813=CIRCLE('',#1812,2.5);
#1814=EDGE_CURVE('',#1800,#1808,#1813,.T.);
#1815=ORIENTED_EDGE('',*,*,#1814,.T.);
#1816=CARTESIAN_POINT('',(-11.74237623,129.077075644,172.64206769));
#1817=VERTEX_POINT('',#1816);
#1818=CARTESIAN_POINT('',(0.,129.077075644,179.884357274));
#1819=DIRECTION('',(-0.,-1.,-0.));
#1820=DIRECTION('',(0.,0.,-1.));
#1821=AXIS2_PLACEMENT_3D('',#1818,#1819,#1820);
#1822=CIRCLE('',#1821,13.79616461);
#1823=EDGE_CURVE('',#1808,#1817,#1822,.T.);
#1824=ORIENTED_EDGE('',*,*,#1823,.T.);
#1825=CARTESIAN_POINT('',(-10.,129.077075644,169.984357274));
#1826=VERTEX_POINT('',#1825);
#1827=CARTESIAN_POINT('',(-10.,129.077075644,171.884357274));
#1828=DIRECTION('',(-0.,-1.,-0.));
#1829=DIRECTION('',(0.,0.,-1.));
#1830=AXIS2_PLACEMENT_3D('',#1827,#1828,#1829);
#1831=CIRCLE('',#1830,1.9);
#1832=EDGE_CURVE('',#1817,#1826,#1831,.T.);
#1833=ORIENTED_EDGE('',*,*,#1832,.T.);
#1834=CARTESIAN_POINT('',(-10.,129.077075644,171.884357274));
#1835=DIRECTION('',(-0.,-1.,-0.));
#1836=DIRECTION('',(0.,0.,-1.));
#1837=AXIS2_PLACEMENT_3D('',#1834,#1835,#1836);
#1838=CIRCLE('',#1837,1.9);
#1839=EDGE_CURVE('',#1826,#1781,#1838,.T.);
#1840=ORIENTED_EDGE('',*,*,#1839,.T.);
#1841=EDGE_LOOP('',(#1790,#1798,#1806,#1815,#1824,#1833,#1840));
#1842=FACE_BOUND('',#1841,.T.);
#1843=ADVANCED_FACE('',(#1842),#1779,.F.);
#1844=CARTESIAN_POINT('',(-13.5,99.077075644,168.384357274));
#1845=DIRECTION('',(1.,-0.,0.));
#1846=DIRECTION('',(0.,0.,-1.));
#1847=AXIS2_PLACEMENT_3D('',#1844,#1845,#1846);
#1848=PLANE('',#1847);
#1849=ORIENTED_EDGE('',*,*,#1647,.T.);
#1850=CARTESIAN_POINT('',(-13.5,111.377075644,172.834357274));
#1851=DIRECTION('',(-1.,0.,-0.));
#1852=DIRECTION('',(0.,0.,-1.));
#1853=AXIS2_PLACEMENT_3D('',#1850,#1851,#1852);
#1854=CIRCLE('',#1853,7.5);
#1855=EDGE_CURVE('',#1612,#91,#1854,.T.);
#1856=ORIENTED_EDGE('',*,*,#1855,.T.);
#1857=ORIENTED_EDGE('',*,*,#553,.T.);
#1858=ORIENTED_EDGE('',*,*,#1704,.T.);
#1859=ORIENTED_EDGE('',*,*,#455,.T.);
#1860=CARTESIAN_POINT('',(-13.5,128.077075644,171.884357274));
#1861=DIRECTION('',(0.,0.,-1.));
#1862=VECTOR('',#1861,5.5);
#1863=LINE('',#1860,#1862);
#1864=EDGE_CURVE('',#441,#1642,#1863,.T.);
#1865=ORIENTED_EDGE('',*,*,#1864,.T.);
#1866=EDGE_LOOP('',(#1849,#1856,#1857,#1858,#1859,#1865));
#1867=FACE_BOUND('',#1866,.T.);
#1868=ADVANCED_FACE('',(#1867),#1848,.F.);
#1869=CARTESIAN_POINT('',(-8.655162993,119.373355033,172.751198341));
#1870=CARTESIAN_POINT('',(-8.660878161,119.361092625,172.758732616));
#1871=CARTESIAN_POINT('',(-8.666704439,119.348443526,172.766265282));
#1872=CARTESIAN_POINT('',(-8.679434839,119.322461671,172.782785881));
#1873=CARTESIAN_POINT('',(-8.686361721,119.309080936,172.791807706));
#1874=CARTESIAN_POINT('',(-8.702303915,119.2837581,172.812662433));
#1875=CARTESIAN_POINT('',(-8.711368045,119.271870455,172.824557376));
#1876=CARTESIAN_POINT('',(-8.72673626,119.25886379,172.84446486));
#1877=CARTESIAN_POINT('',(-8.732146365,119.255356826,172.851430382));
#1878=CARTESIAN_POINT('',(-8.743361604,119.250585914,172.865731235));
#1879=CARTESIAN_POINT('',(-8.749159514,119.249331011,172.873056235));
#1880=CARTESIAN_POINT('',(-8.755000294,119.249334402,172.880357039));
#1881=CARTESIAN_POINT('',(-8.427321218,119.760949058,173.29346815));
#1882=CARTESIAN_POINT('',(-8.426860678,119.773306654,173.290024906));
#1883=CARTESIAN_POINT('',(-8.424695664,119.785086578,173.284761154));
#1884=CARTESIAN_POINT('',(-8.417553765,119.806174391,173.271608743));
#1885=CARTESIAN_POINT('',(-8.412515401,119.815459755,173.263654233));
#1886=CARTESIAN_POINT('',(-8.400357198,119.830675617,173.246014252));
#1887=CARTESIAN_POINT('',(-8.393237455,119.836520048,173.236341958));
#1888=CARTESIAN_POINT('',(-8.381737374,119.84242547,173.221248094));
#1889=CARTESIAN_POINT('',(-8.377757971,119.843912953,173.216107747));
#1890=CARTESIAN_POINT('',(-8.369629758,119.84590531,173.205729818));
#1891=CARTESIAN_POINT('',(-8.365494762,119.846395424,173.200513326));
#1892=CARTESIAN_POINT('',(-8.361324804,119.846404034,173.195297434));
#1893=CARTESIAN_POINT('',(-8.004482047,119.290803503,172.983036611));
#1894=CARTESIAN_POINT('',(-8.015509421,119.264924675,173.005734526));
#1895=CARTESIAN_POINT('',(-8.027585684,119.240070933,173.02938292));
#1896=CARTESIAN_POINT('',(-8.054764715,119.193371924,173.079415949));
#1897=CARTESIAN_POINT('',(-8.0698902,119.171496439,173.105839278));
#1898=CARTESIAN_POINT('',(-8.10414177,119.133352281,173.16175282));
#1899=CARTESIAN_POINT('',(-8.12330983,119.117134124,173.191278219));
#1900=CARTESIAN_POINT('',(-8.15512206,119.100177932,173.236860552));
#1901=CARTESIAN_POINT('',(-8.166223877,119.095761818,173.252252488));
#1902=CARTESIAN_POINT('',(-8.189241619,119.089815235,173.283064142));
#1903=CARTESIAN_POINT('',(-8.201155652,119.088288731,173.298480148));
#1904=CARTESIAN_POINT('',(-8.213327653,119.088288731,173.313695149));
#1905=(BOUNDED_SURFACE()
B_SPLINE_SURFACE(2,3,((#1869,#1870,#1871,#1872,#1873,#1874,#1875,#1876,#1877,#1878,#1879,#1880),(#1881,#1882,#1883,#1884,#1885,#1886,#1887,#1888,#1889,#1890,#1891,#1892),(#1893,#1894,#1895,#1896,#1897,#1898,#1899,#1900,#1901,#1902,#1903,#1904)),.UNSPECIFIED.,.F.,.F.,.U.)
B_SPLINE_SURFACE_WITH_KNOTS((3,3),(4,2,2,2,2,4),(0.278422362,1.),(3.908591632,4.109540968,4.310490303,4.511439639,4.611914307,4.712388975),.UNSPECIFIED.)
GEOMETRIC_REPRESENTATION_ITEM()
RATIONAL_B_SPLINE_SURFACE(((0.667864548,0.665821562,0.663579904,0.65903218,0.656722063,0.652538412,0.650671332,0.648694201,0.648173044,0.647469326,0.647286619,0.647287353),(0.403540275,0.399871413,0.395845769,0.387678818,0.383530235,0.376017097,0.372664133,0.369113537,0.368177626,0.366913866,0.366585755,0.366587073),(1.,1.,1.,1.,1.,1.,1.,1.,1.,1.,1.,1.)))
REPRESENTATION_ITEM('')
SURFACE()
);
#1906=CARTESIAN_POINT('',(-8.750609904,119.255849612,172.883869349));
#1907=VERTEX_POINT('',#1906);
#1908=CARTESIAN_POINT('',(-8.655162994,119.37335503,172.751198337));
#1909=VERTEX_POINT('',#1908);
#1910=CARTESIAN_POINT('',(-8.750609904,119.255849612,172.883869349));
#1911=CARTESIAN_POINT('',(-8.728710523,119.255835873,172.856495123));
#1912=CARTESIAN_POINT('',(-8.709635484,119.273851779,172.830740369));
#1913=CARTESIAN_POINT('',(-8.69454147,119.296662461,172.809439988));
#1914=CARTESIAN_POINT('',(-8.679447456,119.319473143,172.788139607));
#1915=CARTESIAN_POINT('',(-8.667346795,119.3468722,172.770100564));
#1916=CARTESIAN_POINT('',(-8.655162994,119.37335503,172.751198337));
#1917=B_SPLINE_CURVE_WITH_KNOTS('',3,(#1910,#1911,#1912,#1913,#1914,#1915,#1916),.UNSPECIFIED.,.F.,.F.,(4,3,4),(0.,0.000103651,0.000207301),.UNSPECIFIED.);
#1918=EDGE_CURVE('',#1907,#1909,#1917,.T.);
#1919=ORIENTED_EDGE('',*,*,#1918,.F.);
#1920=CARTESIAN_POINT('',(-8.213327653,119.088288731,173.313695149));
#1921=VERTEX_POINT('',#1920);
#1922=CARTESIAN_POINT('',(-8.750609905,119.255849612,172.88386935));
#1923=CARTESIAN_POINT('',(-8.712566919,119.31109153,172.914303739));
#1924=CARTESIAN_POINT('',(-8.656976135,119.358169079,172.958776366));
#1925=CARTESIAN_POINT('',(-8.593467208,119.378891081,173.009583508));
#1926=CARTESIAN_POINT('',(-8.52995828,119.399613083,173.060390651));
#1927=CARTESIAN_POINT('',(-8.46043605,119.392707937,173.116008435));
#1928=CARTESIAN_POINT('',(-8.402806977,119.363910181,173.162111692));
#1929=CARTESIAN_POINT('',(-8.345177904,119.335112425,173.20821495));
#1930=CARTESIAN_POINT('',(-8.299976645,119.286700081,173.244375958));
#1931=CARTESIAN_POINT('',(-8.269503638,119.236366853,173.268754362));
#1932=CARTESIAN_POINT('',(-8.239030632,119.186033625,173.293132767));
#1933=CARTESIAN_POINT('',(-8.22228241,119.134159465,173.306531344));
#1934=CARTESIAN_POINT('',(-8.213327653,119.088288731,173.313695149));
#1935=B_SPLINE_CURVE_WITH_KNOTS('',3,(#1922,#1923,#1924,#1925,#1926,#1927,#1928,#1929,#1930,#1931,#1932,#1933,#1934),.UNSPECIFIED.,.F.,.F.,(4,3,3,3,4),(0.285408906,0.46405668,0.642704453,0.821352227,1.),.UNSPECIFIED.);
#1936=EDGE_CURVE('',#1907,#1921,#1935,.T.);
#1937=ORIENTED_EDGE('',*,*,#1936,.T.);
#1938=CARTESIAN_POINT('',(-8.004482047,119.290803503,172.983036611));
#1939=VERTEX_POINT('',#1938);
#1940=CARTESIAN_POINT('',(-8.004482047,119.290803503,172.983036611));
#1941=CARTESIAN_POINT('',(-8.029579262,119.231905848,173.034694823));
#1942=CARTESIAN_POINT('',(-8.057068004,119.185779467,173.084906432));
#1943=CARTESIAN_POINT('',(-8.087015985,119.15242436,173.133796049));
#1944=CARTESIAN_POINT('',(-8.088887734,119.150339666,173.13685165));
#1945=CARTESIAN_POINT('',(-8.091603124,119.147406126,173.141253238));
#1946=CARTESIAN_POINT('',(-8.093917046,119.145010547,173.144968185));
#1947=CARTESIAN_POINT('',(-8.096230967,119.142614967,173.148683132));
#1948=CARTESIAN_POINT('',(-8.098558469,119.140295079,173.152388999));
#1949=CARTESIAN_POINT('',(-8.100899586,119.138050881,173.156085842));
#1950=CARTESIAN_POINT('',(-8.105581822,119.133562487,173.163479527));
#1951=CARTESIAN_POINT('',(-8.110318521,119.129376858,173.170837115));
#1952=CARTESIAN_POINT('',(-8.115109971,119.125493995,173.178159051));
#1953=CARTESIAN_POINT('',(-8.124692872,119.117728267,173.192802922));
#1954=CARTESIAN_POINT('',(-8.13449478,119.111173601,173.207304182));
#1955=CARTESIAN_POINT('',(-8.144517983,119.105829996,173.221666441));
#1956=CARTESIAN_POINT('',(-8.149529585,119.103158193,173.22884757));
#1957=CARTESIAN_POINT('',(-8.155547604,119.100348351,173.237334003));
#1958=CARTESIAN_POINT('',(-8.161155866,119.098155693,173.245096456));
#1959=CARTESIAN_POINT('',(-8.166764128,119.095963035,173.25285891));
#1960=CARTESIAN_POINT('',(-8.172434834,119.09413582,173.260574));
#1961=CARTESIAN_POINT('',(-8.178168408,119.092674048,173.268242297));
#1962=CARTESIAN_POINT('',(-8.189635556,119.089750504,173.283578891));
#1963=CARTESIAN_POINT('',(-8.20135418,119.088288731,173.298728308));
#1964=CARTESIAN_POINT('',(-8.213327653,119.088288731,173.313695149));
#1965=B_SPLINE_CURVE_WITH_KNOTS('',3,(#1940,#1941,#1942,#1943,#1944,#1945,#1946,#1947,#1948,#1949,#1950,#1951,#1952,#1953,#1954,#1955,#1956,#1957,#1958,#1959,#1960,#1961,#1962,#1963,#1964),.UNSPECIFIED.,.F.,.F.,(4,3,3,3,3,3,3,3,4),(0.,0.5,0.53125,0.5625,0.625,0.75,0.8125,0.875,1.),.UNSPECIFIED.);
#1966=EDGE_CURVE('',#1939,#1921,#1965,.T.);
#1967=ORIENTED_EDGE('',*,*,#1966,.F.);
#1968=CARTESIAN_POINT('',(-8.655162993,119.373355033,172.751198341));
#1969=CARTESIAN_POINT('',(-8.632218387,119.412387349,172.805807146));
#1970=CARTESIAN_POINT('',(-8.588447474,119.446563812,172.865385769));
#1971=CARTESIAN_POINT('',(-8.527688644,119.464099861,172.914981294));
#1972=CARTESIAN_POINT('',(-8.466929813,119.48163591,172.96457682));
#1973=CARTESIAN_POINT('',(-8.390507947,119.481674945,173.002582806));
#1974=CARTESIAN_POINT('',(-8.317956478,119.4663947,173.02170684));
#1975=CARTESIAN_POINT('',(-8.245405009,119.451114455,173.040830875));
#1976=CARTESIAN_POINT('',(-8.178046021,119.421794161,173.041832392));
#1977=CARTESIAN_POINT('',(-8.125116486,119.389526206,173.032402809));
#1978=CARTESIAN_POINT('',(-8.072186951,119.35725825,173.022973225));
#1979=CARTESIAN_POINT('',(-8.032920819,119.322423947,173.003915215));
#1980=CARTESIAN_POINT('',(-8.004482047,119.290803503,172.983036611));
#1981=B_SPLINE_CURVE_WITH_KNOTS('',3,(#1968,#1969,#1970,#1971,#1972,#1973,#1974,#1975,#1976,#1977,#1978,#1979,#1980),.UNSPECIFIED.,.F.,.F.,(4,3,3,3,4),(0.278422362,0.458816772,0.639211181,0.819605591,1.),.UNSPECIFIED.);
#1982=EDGE_CURVE('',#1909,#1939,#1981,.T.);
#1983=ORIENTED_EDGE('',*,*,#1982,.F.);
#1984=EDGE_LOOP('',(#1919,#1937,#1967,#1983));
#1985=FACE_BOUND('',#1984,.T.);
#1986=ADVANCED_FACE('',(#1985),#1905,.F.);
#1987=CARTESIAN_POINT('',(-8.754993769,119.249344298,172.880362258));
#1988=CARTESIAN_POINT('',(-8.760771569,119.249340978,172.887584675));
#1989=CARTESIAN_POINT('',(-8.766581149,119.250574052,172.894771848));
#1990=CARTESIAN_POINT('',(-8.777947763,119.255264312,172.908708581));
#1991=CARTESIAN_POINT('',(-8.783496508,119.258712787,172.91544903));
#1992=CARTESIAN_POINT('',(-8.799381448,119.271511539,172.934633876));
#1993=CARTESIAN_POINT('',(-8.808907632,119.283220885,172.945998354));
#1994=CARTESIAN_POINT('',(-8.825611899,119.308201809,172.965992319));
#1995=CARTESIAN_POINT('',(-8.832838245,119.321418336,172.97468134));
#1996=CARTESIAN_POINT('',(-8.846062254,119.347102633,172.990642368));
#1997=CARTESIAN_POINT('',(-8.852087511,119.359616457,172.997943682));
#1998=CARTESIAN_POINT('',(-8.858135288,119.371749663,173.005136012));
#1999=CARTESIAN_POINT('',(-8.361318897,119.846373775,173.195302159));
#2000=CARTESIAN_POINT('',(-8.357116946,119.84636535,173.190053091));
#2001=CARTESIAN_POINT('',(-8.352905232,119.845871763,173.184838815));
#2002=CARTESIAN_POINT('',(-8.344503101,119.843866986,173.174563444));
#2003=CARTESIAN_POINT('',(-8.340330082,119.842370356,173.169520311));
#2004=CARTESIAN_POINT('',(-8.328032958,119.836431443,173.15489335));
#2005=CARTESIAN_POINT('',(-8.320094872,119.830556916,173.145766269));
#2006=CARTESIAN_POINT('',(-8.305423169,119.815280459,173.129914206));
#2007=CARTESIAN_POINT('',(-8.2987026,119.805964398,173.12319239));
#2008=CARTESIAN_POINT('',(-8.287297154,119.784812409,173.113201823));
#2009=CARTESIAN_POINT('',(-8.282561926,119.772998569,173.10985951));
#2010=CARTESIAN_POINT('',(-8.279219733,119.760599015,173.108568946));
#2011=CARTESIAN_POINT('',(-8.213327653,119.088288731,173.313695149));
#2012=CARTESIAN_POINT('',(-8.225415744,119.088288731,173.328805263));
#2013=CARTESIAN_POINT('',(-8.237753109,119.089794106,173.34371075));
#2014=CARTESIAN_POINT('',(-8.262585751,119.09566032,173.372739642));
#2015=CARTESIAN_POINT('',(-8.275077916,119.100017334,173.386860457));
#2016=CARTESIAN_POINT('',(-8.312311997,119.116754694,173.427661115));
#2017=CARTESIAN_POINT('',(-8.336753891,119.132773301,173.452716685));
#2018=CARTESIAN_POINT('',(-8.38351461,119.170493666,173.498214261));
#2019=CARTESIAN_POINT('',(-8.405857568,119.192145249,173.518703597));
#2020=CARTESIAN_POINT('',(-8.448500133,119.238403779,173.556099537));
#2021=CARTESIAN_POINT('',(-8.468831965,119.263039841,173.573036499));
#2022=CARTESIAN_POINT('',(-8.488472224,119.288702049,173.58874814));
#2023=(BOUNDED_SURFACE()
B_SPLINE_SURFACE(2,3,((#1987,#1988,#1989,#1990,#1991,#1992,#1993,#1994,#1995,#1996,#1997,#1998),(#1999,#2000,#2001,#2002,#2003,#2004,#2005,#2006,#2007,#2008,#2009,#2010),(#2011,#2012,#2013,#2014,#2015,#2016,#2017,#2018,#2019,#2020,#2021,#2022)),.UNSPECIFIED.,.F.,.F.,.U.)
B_SPLINE_SURFACE_WITH_KNOTS((3,3),(4,2,2,2,2,4),(0.27843292,1.),(4.712388975,4.812528596,4.912668217,5.11294746,5.313226702,5.513505945),.UNSPECIFIED.)
GEOMETRIC_REPRESENTATION_ITEM()
RATIONAL_B_SPLINE_SURFACE(((0.647279139,0.647278421,0.647458846,0.64815403,0.648668936,0.65062327,0.652469947,0.656612937,0.658902819,0.663415794,0.66564282,0.667675056),(0.366596341,0.366595051,0.366919053,0.368167439,0.369092089,0.372601614,0.375917811,0.383357645,0.387469735,0.395573976,0.399573191,0.403222608),(1.,1.,1.,1.,1.,1.,1.,1.,1.,1.,1.,1.)))
REPRESENTATION_ITEM('')
SURFACE()
);
#2024=CARTESIAN_POINT('',(-8.858135288,119.371749663,173.005136012));
#2025=VERTEX_POINT('',#2024);
#2026=CARTESIAN_POINT('',(-8.858135288,119.371749663,173.005136012));
#2027=CARTESIAN_POINT('',(-8.842532417,119.34565287,172.989239594));
#2028=CARTESIAN_POINT('',(-8.827743604,119.318665796,172.97361748));
#2029=CARTESIAN_POINT('',(-8.810397049,119.296122488,172.954331488));
#2030=CARTESIAN_POINT('',(-8.793050493,119.273579181,172.935045496));
#2031=CARTESIAN_POINT('',(-8.772265303,119.255836194,172.910938598));
#2032=CARTESIAN_POINT('',(-8.750609904,119.255849612,172.883869349));
#2033=B_SPLINE_CURVE_WITH_KNOTS('',3,(#2026,#2027,#2028,#2029,#2030,#2031,#2032),.UNSPECIFIED.,.F.,.F.,(4,3,4),(0.,0.000102869,0.000205738),.UNSPECIFIED.);
#2034=EDGE_CURVE('',#2025,#1907,#2033,.T.);
#2035=ORIENTED_EDGE('',*,*,#2034,.F.);
#2036=CARTESIAN_POINT('',(-8.488472224,119.288702049,173.58874814));
#2037=VERTEX_POINT('',#2036);
#2038=CARTESIAN_POINT('',(-8.858135285,119.371749665,173.005136013));
#2039=CARTESIAN_POINT('',(-8.799865463,119.410888676,173.015546891));
#2040=CARTESIAN_POINT('',(-8.732137027,119.445154971,173.045182773));
#2041=CARTESIAN_POINT('',(-8.67037787,119.462720398,173.093576272));
#2042=CARTESIAN_POINT('',(-8.608618714,119.480285825,173.141969771));
#2043=CARTESIAN_POINT('',(-8.554690079,119.48029031,173.208179007));
#2044=CARTESIAN_POINT('',(-8.520024503,119.464929484,173.274736942));
#2045=CARTESIAN_POINT('',(-8.485358927,119.449568658,173.341294878));
#2046=CARTESIAN_POINT('',(-8.469507327,119.420128177,173.406744702));
#2047=CARTESIAN_POINT('',(-8.467008091,119.387744401,173.460397307));
#2048=CARTESIAN_POINT('',(-8.464508854,119.355360624,173.514049911));
#2049=CARTESIAN_POINT('',(-8.474409668,119.320415303,173.556478289));
#2050=CARTESIAN_POINT('',(-8.488472224,119.288702049,173.58874814));
#2051=B_SPLINE_CURVE_WITH_KNOTS('',3,(#2038,#2039,#2040,#2041,#2042,#2043,#2044,#2045,#2046,#2047,#2048,#2049,#2050),.UNSPECIFIED.,.F.,.F.,(4,3,3,3,4),(0.278432924,0.458824693,0.639216462,0.819608231,1.),.UNSPECIFIED.);
#2052=EDGE_CURVE('',#2025,#2037,#2051,.T.);
#2053=ORIENTED_EDGE('',*,*,#2052,.T.);
#2054=CARTESIAN_POINT('',(-8.213327653,119.088288731,173.313695149));
#2055=CARTESIAN_POINT('',(-8.237105138,119.088288731,173.343417005));
#2056=CARTESIAN_POINT('',(-8.261816089,119.094057973,173.372327471));
#2057=CARTESIAN_POINT('',(-8.287489276,119.105596454,173.400460676));
#2058=CARTESIAN_POINT('',(-8.293907573,119.108481075,173.407493978));
#2059=CARTESIAN_POINT('',(-8.299265429,119.111168221,173.413269391));
#2060=CARTESIAN_POINT('',(-8.305224044,119.114404334,173.419607275));
#2061=CARTESIAN_POINT('',(-8.311182659,119.117640447,173.425945159));
#2062=CARTESIAN_POINT('',(-8.317188421,119.121176713,173.432238855));
#2063=CARTESIAN_POINT('',(-8.32324169,119.125013132,173.438488745));
#2064=CARTESIAN_POINT('',(-8.335348229,119.13268597,173.450988525));
#2065=CARTESIAN_POINT('',(-8.3476448,119.14155942,173.463313081));
#2066=CARTESIAN_POINT('',(-8.36013425,119.151633483,173.475465473));
#2067=CARTESIAN_POINT('',(-8.363256613,119.154151999,173.478503571));
#2068=CARTESIAN_POINT('',(-8.365256001,119.155808515,173.480433921));
#2069=CARTESIAN_POINT('',(-8.367827606,119.157970361,173.482905963));
#2070=CARTESIAN_POINT('',(-8.370399211,119.160132207,173.485378005));
#2071=CARTESIAN_POINT('',(-8.372977979,119.162343606,173.487841934));
#2072=CARTESIAN_POINT('',(-8.375563935,119.164604559,173.490297771));
#2073=CARTESIAN_POINT('',(-8.380735847,119.169126465,173.495209446));
#2074=CARTESIAN_POINT('',(-8.385936513,119.173846585,173.500088759));
#2075=CARTESIAN_POINT('',(-8.391166145,119.17876492,173.504935891));
#2076=CARTESIAN_POINT('',(-8.401625407,119.188601588,173.514630155));
#2077=CARTESIAN_POINT('',(-8.412200531,119.199231112,173.524195699));
#2078=CARTESIAN_POINT('',(-8.422893172,119.210653492,173.533633982));
#2079=CARTESIAN_POINT('',(-8.444278455,119.233498253,173.552510549));
#2080=CARTESIAN_POINT('',(-8.466133841,119.259514439,173.570878078));
#2081=CARTESIAN_POINT('',(-8.488472224,119.288702049,173.58874814));
#2082=B_SPLINE_CURVE_WITH_KNOTS('',3,(#2054,#2055,#2056,#2057,#2058,#2059,#2060,#2061,#2062,#2063,#2064,#2065,#2066,#2067,#2068,#2069,#2070,#2071,#2072,#2073,#2074,#2075,#2076,#2077,#2078,#2079,
#2080,#2081),.UNSPECIFIED.,.F.,.F.,(4,3,3,3,3,3,3,3,3,4),(0.,0.25,0.3125,0.375,0.5,0.53125,0.5625,0.625,0.75,1.),.UNSPECIFIED.);
#2083=EDGE_CURVE('',#1921,#2037,#2082,.T.);
#2084=ORIENTED_EDGE('',*,*,#2083,.F.);
#2085=ORIENTED_EDGE('',*,*,#1936,.F.);
#2086=EDGE_LOOP('',(#2035,#2053,#2084,#2085));
#2087=FACE_BOUND('',#2086,.T.);
#2088=ADVANCED_FACE('',(#2087),#2023,.F.);
#2089=CARTESIAN_POINT('',(-8.8580422,119.371607855,173.004988363));
#2090=CARTESIAN_POINT('',(-8.856503234,119.372641479,173.005261679));
#2091=CARTESIAN_POINT('',(-8.854962341,119.373669139,173.005546692));
#2092=CARTESIAN_POINT('',(-8.815071548,119.400085427,173.013219053));
#2093=CARTESIAN_POINT('',(-8.775640512,119.421712519,173.02781856));
#2094=CARTESIAN_POINT('',(-8.699336409,119.454840806,173.069716767));
#2095=CARTESIAN_POINT('',(-8.662482158,119.466333834,173.09700514));
#2096=CARTESIAN_POINT('',(-8.595784191,119.477800914,173.160991625));
#2097=CARTESIAN_POINT('',(-8.565956921,119.47777214,173.19767396));
#2098=CARTESIAN_POINT('',(-8.51691875,119.466193385,173.276022427));
#2099=CARTESIAN_POINT('',(-8.497719939,119.454646259,173.317669239));
#2100=CARTESIAN_POINT('',(-8.472262403,119.421419693,173.400918684));
#2101=CARTESIAN_POINT('',(-8.466009952,119.399748444,173.442500786));
#2102=CARTESIAN_POINT('',(-8.467206193,119.348885953,173.520597986));
#2103=CARTESIAN_POINT('',(-8.474654585,119.31970725,173.557093821));
#2104=CARTESIAN_POINT('',(-8.488506833,119.288528715,173.588850609));
#2105=CARTESIAN_POINT('',(-8.880124489,119.40788503,173.027133077));
#2106=CARTESIAN_POINT('',(-8.878558052,119.408855514,173.027396324));
#2107=CARTESIAN_POINT('',(-8.876990233,119.409820507,173.027671377));
#2108=CARTESIAN_POINT('',(-8.83641738,119.434628746,173.035089014));
#2109=CARTESIAN_POINT('',(-8.796669164,119.455008216,173.04951171));
#2110=CARTESIAN_POINT('',(-8.720376469,119.4864253,173.091239518));
#2111=CARTESIAN_POINT('',(-8.683850245,119.497455412,173.118534653));
#2112=CARTESIAN_POINT('',(-8.618348869,119.508857733,173.182765881));
#2113=CARTESIAN_POINT('',(-8.589389379,119.509227215,173.219686607));
#2114=CARTESIAN_POINT('',(-8.542469216,119.499258472,173.298779816));
#2115=CARTESIAN_POINT('',(-8.524519749,119.48892262,173.34093337));
#2116=CARTESIAN_POINT('',(-8.501757941,119.45876567,173.425477413));
#2117=CARTESIAN_POINT('',(-8.49695102,119.438951763,173.467847662));
#2118=CARTESIAN_POINT('',(-8.501049203,119.392188319,173.547781293));
#2119=CARTESIAN_POINT('',(-8.509953299,119.365249938,173.585325532));
#2120=CARTESIAN_POINT('',(-8.525185178,119.336342622,173.618230041));
#2121=CARTESIAN_POINT('',(-8.903430539,119.450487152,173.0487416));
#2122=CARTESIAN_POINT('',(-8.901852275,119.451405919,173.049009419));
#2123=CARTESIAN_POINT('',(-8.900273035,119.452319579,173.049289012));
#2124=CARTESIAN_POINT('',(-8.859415292,119.475810561,173.056823257));
#2125=CARTESIAN_POINT('',(-8.819642635,119.495166487,173.071338637));
#2126=CARTESIAN_POINT('',(-8.743732199,119.525175796,173.11322629));
#2127=CARTESIAN_POINT('',(-8.707612033,119.535822223,173.140588842));
#2128=CARTESIAN_POINT('',(-8.643241328,119.547161157,173.204969451));
#2129=CARTESIAN_POINT('',(-8.615005721,119.547851033,173.241972567));
#2130=CARTESIAN_POINT('',(-8.569716244,119.539190933,173.321301462));
#2131=CARTESIAN_POINT('',(-8.552672876,119.52984296,173.363608831));
#2132=CARTESIAN_POINT('',(-8.531769432,119.502196798,173.448589583));
#2133=CARTESIAN_POINT('',(-8.527914197,119.48390501,173.491243242));
#2134=CARTESIAN_POINT('',(-8.533843663,119.440508919,173.571916864));
#2135=CARTESIAN_POINT('',(-8.543626978,119.415414667,173.6099181));
#2136=CARTESIAN_POINT('',(-8.559659456,119.388381934,173.643374005));
#2137=CARTESIAN_POINT('',(-8.962434302,119.567833333,173.099788266));
#2138=CARTESIAN_POINT('',(-8.960837227,119.568640946,173.100072172));
#2139=CARTESIAN_POINT('',(-8.959240068,119.569444273,173.100367716));
#2140=CARTESIAN_POINT('',(-8.917942035,119.590103927,173.10831087));
#2141=CARTESIAN_POINT('',(-8.878295852,119.607257558,173.12313461));
#2142=CARTESIAN_POINT('',(-8.803555249,119.634232014,173.165496111));
#2143=CARTESIAN_POINT('',(-8.768476905,119.644047052,173.193024753));
#2144=CARTESIAN_POINT('',(-8.706833129,119.65523424,173.257692907));
#2145=CARTESIAN_POINT('',(-8.680280945,119.656603983,173.294818503));
#2146=CARTESIAN_POINT('',(-8.63868861,119.65074123,173.374492523));
#2147=CARTESIAN_POINT('',(-8.623657387,119.643509978,173.417023801));
#2148=CARTESIAN_POINT('',(-8.606805987,119.621254714,173.502708809));
#2149=CARTESIAN_POINT('',(-8.604989412,119.606235458,173.545844095));
#2150=CARTESIAN_POINT('',(-8.614774897,119.570091559,173.62786607));
#2151=CARTESIAN_POINT('',(-8.626374828,119.548974649,173.666735099));
#2152=CARTESIAN_POINT('',(-8.644030635,119.525992791,173.70128381));
#2153=CARTESIAN_POINT('',(-8.99811318,119.647141791,173.127418827));
#2154=CARTESIAN_POINT('',(-8.996518482,119.647900208,173.127721171));
#2155=CARTESIAN_POINT('',(-8.994924088,119.6486547,173.128034978));
#2156=CARTESIAN_POINT('',(-8.953707534,119.668061042,173.136445797));
#2157=CARTESIAN_POINT('',(-8.91437727,119.684237339,173.151609442));
#2158=CARTESIAN_POINT('',(-8.840613684,119.709858668,173.194429281));
#2159=CARTESIAN_POINT('',(-8.80619555,119.719298431,173.222076651));
#2160=CARTESIAN_POINT('',(-8.746059583,119.730401652,173.286814169));
#2161=CARTESIAN_POINT('',(-8.720354128,119.732062824,173.323890981));
#2162=CARTESIAN_POINT('',(-8.680485528,119.7274216,173.403394937));
#2163=CARTESIAN_POINT('',(-8.666330583,119.721120152,173.445805704));
#2164=CARTESIAN_POINT('',(-8.65113003,119.701244935,173.531294311));
#2165=CARTESIAN_POINT('',(-8.650087541,119.687675244,173.574354541));
#2166=CARTESIAN_POINT('',(-8.661231093,119.654757151,173.656385078));
#2167=CARTESIAN_POINT('',(-8.673414828,119.635415508,173.695338487));
#2168=CARTESIAN_POINT('',(-8.691542001,119.614250176,173.730094182));
#2169=CARTESIAN_POINT('',(-9.067118876,119.811752823,173.176591942));
#2170=CARTESIAN_POINT('',(-9.065536616,119.812430401,173.17693162));
#2171=CARTESIAN_POINT('',(-9.063955306,119.813104643,173.177282389));
#2172=CARTESIAN_POINT('',(-9.023093672,119.830451355,173.186639211));
#2173=CARTESIAN_POINT('',(-8.984499187,119.845019308,173.202479317));
#2174=CARTESIAN_POINT('',(-8.912744698,119.868408122,173.246182145));
#2175=CARTESIAN_POINT('',(-8.87959828,119.877224561,173.27403658));
#2176=CARTESIAN_POINT('',(-8.822253808,119.888174407,173.338820045));
#2177=CARTESIAN_POINT('',(-8.798066607,119.89030574,173.375736799));
#2178=CARTESIAN_POINT('',(-8.761205901,119.887656417,173.454735643));
#2179=CARTESIAN_POINT('',(-8.748539368,119.882876255,173.496802768));
#2180=CARTESIAN_POINT('',(-8.736065237,119.866906278,173.581645926));
#2181=CARTESIAN_POINT('',(-8.736259992,119.855719474,173.624405887));
#2182=CARTESIAN_POINT('',(-8.749491277,119.828116821,173.706103121));
#2183=CARTESIAN_POINT('',(-8.762525292,119.811706181,173.745024916));
#2184=CARTESIAN_POINT('',(-8.7812914,119.79354808,173.779971965));
#2185=CARTESIAN_POINT('',(-9.100735332,119.89767664,173.198359191));
#2186=CARTESIAN_POINT('',(-9.099163781,119.898322605,173.198718564));
#2187=CARTESIAN_POINT('',(-9.097593436,119.898965461,173.199088822));
#2188=CARTESIAN_POINT('',(-9.057021852,119.915506591,173.208944259));
#2189=CARTESIAN_POINT('',(-9.018861469,119.929444011,173.225135862));
#2190=CARTESIAN_POINT('',(-8.94816146,119.951953843,173.269282427));
#2191=CARTESIAN_POINT('',(-8.915634699,119.960522162,173.297229349));
#2192=CARTESIAN_POINT('',(-8.859582487,119.971401976,173.361986862));
#2193=CARTESIAN_POINT('',(-8.836067233,119.973711491,173.398785664));
#2194=CARTESIAN_POINT('',(-8.800483435,119.971831158,173.477426854));
#2195=CARTESIAN_POINT('',(-8.788421361,119.967641649,173.519254927));
#2196=CARTESIAN_POINT('',(-8.77700034,119.953195226,173.603610867));
#2197=CARTESIAN_POINT('',(-8.777643465,119.942940934,173.64612338));
#2198=CARTESIAN_POINT('',(-8.791569905,119.917426636,173.727431742));
#2199=CARTESIAN_POINT('',(-8.80485068,119.902171264,173.766212791));
#2200=CARTESIAN_POINT('',(-8.823763709,119.885203699,173.801120243));
#2201=CARTESIAN_POINT('',(-9.199214993,120.161868253,173.25734221));
#2202=CARTESIAN_POINT('',(-9.197680535,120.162433088,173.257758825));
#2203=CARTESIAN_POINT('',(-9.196147945,120.162995394,173.258185711));
#2204=CARTESIAN_POINT('',(-9.156569437,120.177468965,173.269489363));
#2205=CARTESIAN_POINT('',(-9.119764116,120.189785781,173.286689454));
#2206=CARTESIAN_POINT('',(-9.052218193,120.210030497,173.332079729));
#2207=CARTESIAN_POINT('',(-9.021488481,120.217955145,173.360262565));
#2208=CARTESIAN_POINT('',(-8.969102486,120.228639212,173.424859381));
#2209=CARTESIAN_POINT('',(-8.947454638,120.231396906,173.46126292));
#2210=CARTESIAN_POINT('',(-8.915351857,120.231473986,173.538737348));
#2211=CARTESIAN_POINT('',(-8.904902081,120.228793344,173.579795723));
#2212=CARTESIAN_POINT('',(-8.896218888,120.21825075,173.662559695));
#2213=CARTESIAN_POINT('',(-8.897986849,120.210390468,173.704251927));
#2214=CARTESIAN_POINT('',(-8.91356686,120.190250947,173.784200208));
#2215=CARTESIAN_POINT('',(-8.927376378,120.177974914,173.822443345));
#2216=CARTESIAN_POINT('',(-8.946532533,120.164086297,173.857094662));
#2217=CARTESIAN_POINT('',(-9.261760575,120.346410638,173.288371629));
#2218=CARTESIAN_POINT('',(-9.260257407,120.346939274,173.288824089));
#2219=CARTESIAN_POINT('',(-9.258756407,120.347465636,173.289286406));
#2220=CARTESIAN_POINT('',(-9.220002386,120.361016417,173.301495533));
#2221=CARTESIAN_POINT('',(-9.184170508,120.372606419,173.319309557));
#2222=CARTESIAN_POINT('',(-9.118716099,120.391826254,173.365416838));
#2223=CARTESIAN_POINT('',(-9.089103392,120.399453203,173.393703155));
#2224=CARTESIAN_POINT('',(-9.038885028,120.41002559,173.458084153));
#2225=CARTESIAN_POINT('',(-9.018286905,120.412969439,173.494169154));
#2226=CARTESIAN_POINT('',(-8.98804443,120.413895477,173.570739913));
#2227=CARTESIAN_POINT('',(-8.978404609,120.411877521,173.611214162));
#2228=CARTESIAN_POINT('',(-8.970990963,120.403067487,173.692740672));
#2229=CARTESIAN_POINT('',(-8.973218241,120.396276719,173.733780682));
#2230=CARTESIAN_POINT('',(-8.989330608,120.378558728,173.812561552));
#2231=CARTESIAN_POINT('',(-9.003213269,120.36763415,173.850290575));
#2232=CARTESIAN_POINT('',(-9.022270416,120.355155267,173.884587157));
#2233=CARTESIAN_POINT('',(-9.382497205,120.723545651,173.34000186));
#2234=CARTESIAN_POINT('',(-9.381058369,120.72401466,173.34051861));
#2235=CARTESIAN_POINT('',(-9.379622189,120.724481808,173.341044437));
#2236=CARTESIAN_POINT('',(-9.342556606,120.736512356,173.354875543));
#2237=CARTESIAN_POINT('',(-9.308640213,120.746902474,173.373764053));
#2238=CARTESIAN_POINT('',(-9.247207686,120.764423869,173.421068951));
#2239=CARTESIAN_POINT('',(-9.219699558,120.771552866,173.449479153));
#2240=CARTESIAN_POINT('',(-9.173506505,120.781923602,173.51332558));
#2241=CARTESIAN_POINT('',(-9.154827596,120.785163988,173.548753465));
#2242=CARTESIAN_POINT('',(-9.127938623,120.787470406,173.623515443));
#2243=CARTESIAN_POINT('',(-9.119732055,120.786536131,173.662839775));
#2244=CARTESIAN_POINT('',(-9.114511555,120.780572762,173.741931362));
#2245=CARTESIAN_POINT('',(-9.117498294,120.775544435,173.781688295));
#2246=CARTESIAN_POINT('',(-9.134402855,120.761832294,173.85814298));
#2247=CARTESIAN_POINT('',(-9.148318464,120.753150253,173.894830753));
#2248=CARTESIAN_POINT('',(-9.167087737,120.743020831,173.928372497));
#2249=CARTESIAN_POINT('',(-9.440184714,120.914787081,173.36030217));
#2250=CARTESIAN_POINT('',(-9.438779134,120.91523361,173.360847406));
#2251=CARTESIAN_POINT('',(-9.437376389,120.915678432,173.361401352));
#2252=CARTESIAN_POINT('',(-9.401179906,120.927135692,173.375949985));
#2253=CARTESIAN_POINT('',(-9.368206086,120.937071493,173.395300034));
#2254=CARTESIAN_POINT('',(-9.308696978,120.953945088,173.443086827));
#2255=CARTESIAN_POINT('',(-9.282168952,120.960880822,173.471517725));
#2256=CARTESIAN_POINT('',(-9.23781233,120.97116265,173.535044412));
#2257=CARTESIAN_POINT('',(-9.219989145,120.974507488,173.570132437));
#2258=CARTESIAN_POINT('',(-9.194561827,120.977321236,173.643984281));
#2259=CARTESIAN_POINT('',(-9.186960793,120.9767898,173.682739078));
#2260=CARTESIAN_POINT('',(-9.182626875,120.971894462,173.760622576));
#2261=CARTESIAN_POINT('',(-9.185894515,120.967531153,173.799741765));
#2262=CARTESIAN_POINT('',(-9.203021353,120.955341648,173.875020454));
#2263=CARTESIAN_POINT('',(-9.216878456,120.947516932,173.911170761));
#2264=CARTESIAN_POINT('',(-9.235442001,120.938292944,173.944300466));
#2265=CARTESIAN_POINT('',(-9.607369645,121.492013484,173.409713584));
#2266=CARTESIAN_POINT('',(-9.606063322,121.492402895,173.410335285));
#2267=CARTESIAN_POINT('',(-9.60476027,121.492790984,173.410964656));
#2268=CARTESIAN_POINT('',(-9.571152578,121.502791389,173.427436674));
#2269=CARTESIAN_POINT('',(-9.540925795,121.511570172,173.447991238));
#2270=CARTESIAN_POINT('',(-9.486947498,121.526787524,173.496955899));
#2271=CARTESIAN_POINT('',(-9.463201318,121.53322459,173.525361095));
#2272=CARTESIAN_POINT('',(-9.424009659,121.543262659,173.58783475));
#2273=CARTESIAN_POINT('',(-9.408568041,121.546862662,173.621896983));
#2274=CARTESIAN_POINT('',(-9.387171312,121.550947093,173.693058648));
#2275=CARTESIAN_POINT('',(-9.381218296,121.551431101,173.730151004));
#2276=CARTESIAN_POINT('',(-9.37925456,121.54924193,173.804514573));
#2277=CARTESIAN_POINT('',(-9.383244013,121.546568943,173.841778397));
#2278=CARTESIAN_POINT('',(-9.400856477,121.538265588,173.913613442));
#2279=CARTESIAN_POINT('',(-9.414477725,121.53263601,173.948177526));
#2280=CARTESIAN_POINT('',(-9.4323911,121.52574094,173.980063075));
#2281=CARTESIAN_POINT('',(-9.71126892,121.881955534,173.427606531));
#2282=CARTESIAN_POINT('',(-9.710028276,121.882320396,173.428267564));
#2283=CARTESIAN_POINT('',(-9.70879106,121.882684095,173.428935656));
#2284=CARTESIAN_POINT('',(-9.676889522,121.892058037,173.446393117));
#2285=CARTESIAN_POINT('',(-9.648392577,121.90033537,173.467517074));
#2286=CARTESIAN_POINT('',(-9.597795058,121.914824794,173.516918509));
#2287=CARTESIAN_POINT('',(-9.575698934,121.921035609,173.545191612));
#2288=CARTESIAN_POINT('',(-9.539504024,121.930940962,173.606838285));
#2289=CARTESIAN_POINT('',(-9.525408416,121.934634623,173.640206407));
#2290=CARTESIAN_POINT('',(-9.506235486,121.939236441,173.709621392));
#2291=CARTESIAN_POINT('',(-9.501159841,121.940144186,173.745662126));
#2292=CARTESIAN_POINT('',(-9.50039412,121.939106278,173.8178072));
#2293=CARTESIAN_POINT('',(-9.504704102,121.937160708,173.853905172));
#2294=CARTESIAN_POINT('',(-9.522396862,121.930554623,173.923545373));
#2295=CARTESIAN_POINT('',(-9.535778073,121.925894679,173.957081457));
#2296=CARTESIAN_POINT('',(-9.553210632,121.920044725,173.988122623));
#2297=CARTESIAN_POINT('',(-9.909824507,122.666383414,173.444603053));
#2298=CARTESIAN_POINT('',(-9.90871137,122.666707853,173.445327671));
#2299=CARTESIAN_POINT('',(-9.907601856,122.667031389,173.446058243));
#2300=CARTESIAN_POINT('',(-9.879007101,122.675373616,173.465102651));
#2301=CARTESIAN_POINT('',(-9.853798432,122.682822796,173.487068138));
#2302=CARTESIAN_POINT('',(-9.809552447,122.696103998,173.536903088));
#2303=CARTESIAN_POINT('',(-9.790518174,122.701935103,173.564769088));
#2304=CARTESIAN_POINT('',(-9.759842179,122.711604932,173.6246109));
#2305=CARTESIAN_POINT('',(-9.748202561,122.715442986,173.656582565));
#2306=CARTESIAN_POINT('',(-9.733061946,122.720878803,173.722578748));
#2307=CARTESIAN_POINT('',(-9.72956198,122.722476184,173.756598698));
#2308=CARTESIAN_POINT('',(-9.730924099,122.723325986,173.824503498));
#2309=CARTESIAN_POINT('',(-9.735786077,122.722578339,173.858383651));
#2310=CARTESIAN_POINT('',(-9.753558769,122.718783474,173.923830014));
#2311=CARTESIAN_POINT('',(-9.766468248,122.715736508,173.955391699));
#2312=CARTESIAN_POINT('',(-9.782987161,122.711636116,173.9847813));
#2313=CARTESIAN_POINT('',(-10.00435264,123.061050763,173.443438412));
#2314=CARTESIAN_POINT('',(-10.003301536,123.061359992,173.44418718));
#2315=CARTESIAN_POINT('',(-10.002254089,123.061668413,173.444941407));
#2316=CARTESIAN_POINT('',(-9.975265011,123.069622284,173.464584665));
#2317=CARTESIAN_POINT('',(-9.951616684,123.076757877,173.486819853));
#2318=CARTESIAN_POINT('',(-9.910340143,123.089576779,173.536647258));
#2319=CARTESIAN_POINT('',(-9.892714461,123.095259298,173.564236398));
#2320=CARTESIAN_POINT('',(-9.864550457,123.104827016,173.623097069));
#2321=CARTESIAN_POINT('',(-9.85401386,123.108711626,173.654364969));
#2322=CARTESIAN_POINT('',(-9.840665667,123.114447138,173.718686074));
#2323=CARTESIAN_POINT('',(-9.837854884,123.116297686,173.751735314));
#2324=CARTESIAN_POINT('',(-9.840127918,123.117851661,173.817614335));
#2325=CARTESIAN_POINT('',(-9.845211589,123.117554988,173.850440058));
#2326=CARTESIAN_POINT('',(-9.862964932,123.114830986,173.913880862));
#2327=CARTESIAN_POINT('',(-9.875633508,123.112403819,173.944492036));
#2328=CARTESIAN_POINT('',(-9.891711052,123.108984033,173.973069297));
#2329=CARTESIAN_POINT('',(-10.186242744,123.853441493,173.426171253));
#2330=CARTESIAN_POINT('',(-10.185312243,123.85372494,173.426957058));
#2331=CARTESIAN_POINT('',(-10.184385397,123.854007735,173.427747417));
#2332=CARTESIAN_POINT('',(-10.160514484,123.861303142,173.448301595));
#2333=CARTESIAN_POINT('',(-10.139854441,123.867905425,173.470853955));
#2334=CARTESIAN_POINT('',(-10.104215677,123.879933892,173.520331598));
#2335=CARTESIAN_POINT('',(-10.089238672,123.885359493,173.547254474));
#2336=CARTESIAN_POINT('',(-10.065770282,123.894742122,173.604021779));
#2337=CARTESIAN_POINT('',(-10.057280023,123.898698694,173.633863452));
#2338=CARTESIAN_POINT('',(-10.047240463,123.904929482,173.694860619));
#2339=CARTESIAN_POINT('',(-10.045691638,123.907203393,173.726013155));
#2340=CARTESIAN_POINT('',(-10.049617054,123.909945263,173.787954216));
#2341=CARTESIAN_POINT('',(-10.055091098,123.910413085,173.81873974));
#2342=CARTESIAN_POINT('',(-10.072766853,123.909516058,173.878288836));
#2343=CARTESIAN_POINT('',(-10.084967705,123.908151247,173.907049524));
#2344=CARTESIAN_POINT('',(-10.100203896,123.905905936,173.93402466));
#2345=CARTESIAN_POINT('',(-10.273570351,124.251201375,173.4100017));
#2346=CARTESIAN_POINT('',(-10.272698447,124.251474369,173.410800344));
#2347=CARTESIAN_POINT('',(-10.271830159,124.251746775,173.411603132));
#2348=CARTESIAN_POINT('',(-10.249472372,124.258775165,173.432468145));
#2349=CARTESIAN_POINT('',(-10.230240276,124.265160129,173.455066934));
#2350=CARTESIAN_POINT('',(-10.197268908,124.276863775,173.504200697));
#2351=CARTESIAN_POINT('',(-10.183531049,124.282181954,173.53073355));
#2352=CARTESIAN_POINT('',(-10.16224382,124.291481771,173.586387793));
#2353=CARTESIAN_POINT('',(-10.154695359,124.295463009,173.615506784));
#2354=CARTESIAN_POINT('',(-10.146168749,124.30188632,173.674854891));
#2355=CARTESIAN_POINT('',(-10.145190962,124.304328114,173.705081451));
#2356=CARTESIAN_POINT('',(-10.14985445,124.307547814,173.765110359));
#2357=CARTESIAN_POINT('',(-10.155495521,124.308325579,173.794910121));
#2358=CARTESIAN_POINT('',(-10.173110001,124.308176741,173.852572813));
#2359=CARTESIAN_POINT('',(-10.18508265,124.307250141,173.880433259));
#2360=CARTESIAN_POINT('',(-10.199917644,124.305494282,173.906618106));
#2361=CARTESIAN_POINT('',(-10.441950706,125.049094124,173.364477931));
#2362=CARTESIAN_POINT('',(-10.441192777,125.049348928,173.365292964));
#2363=CARTESIAN_POINT('',(-10.440438342,125.049603251,173.366111389));
#2364=CARTESIAN_POINT('',(-10.42102119,125.056166854,173.387361412));
#2365=CARTESIAN_POINT('',(-10.404534327,125.062172431,173.409868397));
#2366=CARTESIAN_POINT('',(-10.37665552,125.073306142,173.458029621));
#2367=CARTESIAN_POINT('',(-10.365264506,125.0784339,173.483682233));
#2368=CARTESIAN_POINT('',(-10.348087233,125.0875813,173.536981123));
#2369=CARTESIAN_POINT('',(-10.342301545,125.091600632,173.564625605));
#2370=CARTESIAN_POINT('',(-10.336593247,125.098350071,173.620665752));
#2371=CARTESIAN_POINT('',(-10.336670824,125.101079948,173.64905953));
#2372=CARTESIAN_POINT('',(-10.34268442,125.105127051,173.705322482));
#2373=CARTESIAN_POINT('',(-10.348620232,125.106444137,173.733189762));
#2374=CARTESIAN_POINT('',(-10.366082987,125.107605474,173.787147703));
#2375=CARTESIAN_POINT('',(-10.377609339,125.107449681,173.813236547));
#2376=CARTESIAN_POINT('',(-10.391672267,125.106560367,173.837850952));
#2377=CARTESIAN_POINT('',(-10.523048574,125.449522078,173.335075244));
#2378=CARTESIAN_POINT('',(-10.522346061,125.449769174,173.335893804));
#2379=CARTESIAN_POINT('',(-10.521646958,125.450015831,173.336715417));
#2380=CARTESIAN_POINT('',(-10.503658266,125.456382396,173.358039084));
#2381=CARTESIAN_POINT('',(-10.488489375,125.462226474,173.380407288));
#2382=CARTESIAN_POINT('',(-10.463036704,125.473115845,173.427938762));
#2383=CARTESIAN_POINT('',(-10.452753678,125.478160813,173.453100614));
#2384=CARTESIAN_POINT('',(-10.437505477,125.487238627,173.505156182));
#2385=CARTESIAN_POINT('',(-10.432540751,125.491271201,173.532048348));
#2386=CARTESIAN_POINT('',(-10.428137587,125.498153499,173.586428656));
#2387=CARTESIAN_POINT('',(-10.428699275,125.501003018,173.613915179));
#2388=CARTESIAN_POINT('',(-10.435324355,125.505398287,173.668323441));
#2389=CARTESIAN_POINT('',(-10.441387547,125.506943906,173.695243561));
#2390=CARTESIAN_POINT('',(-10.458759113,125.508665378,173.747382236));
#2391=CARTESIAN_POINT('',(-10.47006697,125.508841178,173.772599239));
#2392=CARTESIAN_POINT('',(-10.483758601,125.508327955,173.796432977));
#2393=CARTESIAN_POINT('',(-10.756823818,126.651952912,173.228122636));
#2394=CARTESIAN_POINT('',(-10.756282607,126.652179505,173.228939356));
#2395=CARTESIAN_POINT('',(-10.755744501,126.652405777,173.229758195));
#2396=CARTESIAN_POINT('',(-10.741910752,126.658248247,173.250986144));
#2397=CARTESIAN_POINT('',(-10.730540907,126.663661575,173.272688912));
#2398=CARTESIAN_POINT('',(-10.712039185,126.673896176,173.317938035));
#2399=CARTESIAN_POINT('',(-10.704907639,126.678717252,173.341483512));
#2400=CARTESIAN_POINT('',(-10.695119001,126.687601065,173.389607903));
#2401=CARTESIAN_POINT('',(-10.692462075,126.691663629,173.414185889));
#2402=CARTESIAN_POINT('',(-10.691707026,126.698889544,173.463531726));
#2403=CARTESIAN_POINT('',(-10.6936089,126.702052751,173.488298629));
#2404=CARTESIAN_POINT('',(-10.701901161,126.707369261,173.537173534));
#2405=CARTESIAN_POINT('',(-10.708291377,126.709522455,173.5612806));
#2406=CARTESIAN_POINT('',(-10.725337988,126.712742234,173.608010211));
#2407=CARTESIAN_POINT('',(-10.735994049,126.713808749,173.630631863));
#2408=CARTESIAN_POINT('',(-10.748599801,126.714311946,173.65212379));
#2409=CARTESIAN_POINT('',(-10.899963254,127.453279776,173.132442035));
#2410=CARTESIAN_POINT('',(-10.899522866,127.453496146,173.133241236));
#2411=CARTESIAN_POINT('',(-10.899085315,127.453712248,173.134042055));
#2412=CARTESIAN_POINT('',(-10.887844699,127.459293231,173.154791088));
#2413=CARTESIAN_POINT('',(-10.878799264,127.464489937,173.175724955));
#2414=CARTESIAN_POINT('',(-10.864492876,127.474390826,173.218941686));
#2415=CARTESIAN_POINT('',(-10.859232123,127.479094863,173.241223913));
#2416=CARTESIAN_POINT('',(-10.852647003,127.487868979,173.286471606));
#2417=CARTESIAN_POINT('',(-10.851322724,127.491938928,173.309436407));
#2418=CARTESIAN_POINT('',(-10.852645879,127.499322119,173.355363979));
#2419=CARTESIAN_POINT('',(-10.855293288,127.50263525,173.378326079));
#2420=CARTESIAN_POINT('',(-10.864477634,127.508404376,173.423563591));
#2421=CARTESIAN_POINT('',(-10.871014431,127.510860283,173.445838342));
#2422=CARTESIAN_POINT('',(-10.887780341,127.514839834,173.4890372));
#2423=CARTESIAN_POINT('',(-10.898009205,127.516363415,173.509960673));
#2424=CARTESIAN_POINT('',(-10.909931028,127.517397076,173.52989693));
#2425=CARTESIAN_POINT('',(-11.028054482,128.254011431,173.010264739));
#2426=CARTESIAN_POINT('',(-11.027707438,128.254219149,173.011031103));
#2427=CARTESIAN_POINT('',(-11.027362932,128.254426645,173.011798676));
#2428=CARTESIAN_POINT('',(-11.018520505,128.259786277,173.031677608));
#2429=CARTESIAN_POINT('',(-11.011593994,128.264798916,173.051525285));
#2430=CARTESIAN_POINT('',(-11.001068964,128.274414429,173.092179659));
#2431=CARTESIAN_POINT('',(-10.997470566,128.279017194,173.112985896));
#2432=CARTESIAN_POINT('',(-10.993695552,128.287693077,173.155015538));
#2433=CARTESIAN_POINT('',(-10.99351898,128.291766096,173.176238468));
#2434=CARTESIAN_POINT('',(-10.996592297,128.299276398,173.218548781));
#2435=CARTESIAN_POINT('',(-10.999842151,128.302713596,173.239635685));
#2436=CARTESIAN_POINT('',(-11.009683759,128.308862723,173.281124762));
#2437=CARTESIAN_POINT('',(-11.016275401,128.311574583,173.301526464));
#2438=CARTESIAN_POINT('',(-11.032628989,128.316202391,173.341113786));
#2439=CARTESIAN_POINT('',(-11.04239075,128.318118287,173.360298956));
#2440=CARTESIAN_POINT('',(-11.053610583,128.319611269,173.378626244));
#2441=B_SPLINE_SURFACE_WITH_KNOTS('',3,3,((#2089,#2090,#2091,#2092,#2093,#2094,#2095,#2096,#2097,#2098,#2099,#2100,#2101,#2102,#2103,#2104),(#2105,#2106,#2107,#2108,#2109,#2110,#2111,#2112,#2113,#2114,#2115,#2116,#2117,#2118,#2119,#2120),(#2121,#2122,#2123,#2124,#2125,#2126,#2127,#2128,#2129,#2130,#2131,#2132,#2133,#2134,#2135,#2136),(#2137,#2138,#2139,#2140,#2141,#2142,#2143,#2144,#2145,#2146,#2147,#2148,#2149,#2150,#2151,#2152),(#2153,#2154,#2155,#2156,#2157,#2158,#2159,#2160,#2161,#2162,#2163,#2164,#2165,#2166,#2167,#2168),(#2169,#2170,#2171,#2172,#2173,#2174,#2175,#2176,#2177,#2178,#2179,#2180,#2181,#2182,#2183,#2184),(#2185,#2186,#2187,#2188,#2189,#2190,#2191,#2192,#2193,#2194,#2195,#2196,#2197,#2198,#2199,#2200),(#2201,#2202,#2203,#2204,#2205,#2206,#2207,#2208,#2209,#2210,#2211,#2212,#2213,#2214,#2215,#2216),(#2217,#2218,#2219,#2220,#2221,#2222,#2223,#2224,#2225,#2226,#2227,#2228,#2229,#2230,#2231,#2232),(#2233,#2234,#2235,#2236,#2237,#2238,#2239,#2240,#2241,#2242,#2243,#2244,#2245,#2246,#2247,#2248),(#2249,#2250,#2251,#2252,#2253,#2254,#2255,#2256,#2257,#2258,#2259,#2260,#2261,#2262,#2263,#2264),(#2265,#2266,#2267,#2268,#2269,#2270,#2271,#2272,#2273,#2274,#2275,#2276,#2277,#2278,#2279,#2280),(#2281,#2282,#2283,#2284,#2285,#2286,#2287,#2288,#2289,#2290,#2291,#2292,#2293,#2294,#2295,#2296),(#2297,#2298,#2299,#2300,#2301,#2302,#2303,#2304,#2305,#2306,#2307,#2308,#2309,#2310,#2311,#2312),(#2313,#2314,#2315,#2316,#2317,#2318,#2319,#2320,#2321,#2322,#2323,#2324,#2325,#2326,#2327,#2328),(#2329,#2330,#2331,#2332,#2333,#2334,#2335,#2336,#2337,#2338,#2339,#2340,#2341,#2342,#2343,#2344),(#2345,#2346,#2347,#2348,#2349,#2350,#2351,#2352,#2353,#2354,#2355,#2356,#2357,#2358,#2359,#2360),(#2361,#2362,#2363,#2364,#2365,#2366,#2367,#2368,#2369,#2370,#2371,#2372,#2373,#2374,#2375,#2376),(#2377,#2378,#2379,#2380,#2381,#2382,#2383,#2384,#2385,#2386,#2387,#2388,#2389,#2390,#2391,#2392),(#2393,#2394,#2395,#2396,#2397,#2398,#2399,#2400,#2401,#2402,#2403,#2404,#2405,#2406,#2407,#2408),(#2409,#2410,#2411,#2412,#2413,#2414,#2415,#2416,#2417,#2418,#2419,#2420,#2421,#2422,#2423,#2424),(#2425,#2426,#2427,#2428,#2429,#2430,#2431,#2432,#2433,#2434,#2435,#2436,#2437,#2438,#2439,#2440)),.UNSPECIFIED.,.F.,.F.,.U.,(4,2,2,2,2,2,2,2,2,2,4),(4,2,2,2,2,2,2,4),(0.010425426,0.01062901,0.010941961,0.011254912,0.011880814,0.012506716,0.01375852,0.015010324,0.016262129,0.017513933,0.020017541),(0.244971471,0.25,0.375,0.5,0.625,0.75,0.875,1.),.UNSPECIFIED.);
#2442=CARTESIAN_POINT('',(-10.000000002,123.283237554,173.484375521));
#2443=VERTEX_POINT('',#2442);
#2444=CARTESIAN_POINT('',(-10.995317909,128.283990867,173.137091188));
#2445=CARTESIAN_POINT('',(-10.865888035,127.530927242,173.239925374));
#2446=CARTESIAN_POINT('',(-10.72626579,126.776639707,173.318832888));
#2447=CARTESIAN_POINT('',(-10.578304716,126.022889186,173.376189589));
#2448=CARTESIAN_POINT('',(-10.430343642,125.269138665,173.43354629));
#2449=CARTESIAN_POINT('',(-10.273874117,124.514739336,173.469541282));
#2450=CARTESIAN_POINT('',(-10.10748971,123.762466258,173.480742554));
#2451=CARTESIAN_POINT('',(-10.024297507,123.38632972,173.486343191));
#2452=CARTESIAN_POINT('',(-9.938610044,123.010817603,173.485680582));
#2453=CARTESIAN_POINT('',(-9.849574254,122.636138402,173.477270359));
#2454=CARTESIAN_POINT('',(-9.760538464,122.261459202,173.468860137));
#2455=CARTESIAN_POINT('',(-9.668157526,121.887237242,173.452833346));
#2456=CARTESIAN_POINT('',(-9.570706355,121.515316735,173.425690128));
#2457=CARTESIAN_POINT('',(-9.473255185,121.143396229,173.398546911));
#2458=CARTESIAN_POINT('',(-9.371024516,120.772857006,173.361041958));
#2459=CARTESIAN_POINT('',(-9.258252927,120.409256911,173.302035404));
#2460=CARTESIAN_POINT('',(-9.201867132,120.227456863,173.272532128));
#2461=CARTESIAN_POINT('',(-9.143000119,120.047690854,173.237777653));
#2462=CARTESIAN_POINT('',(-9.078648773,119.872189163,173.19245204));
#2463=CARTESIAN_POINT('',(-9.046473099,119.784438318,173.169789234));
#2464=CARTESIAN_POINT('',(-9.01292923,119.697753385,173.144479913));
#2465=CARTESIAN_POINT('',(-8.976727595,119.613064532,173.114362797));
#2466=CARTESIAN_POINT('',(-8.940525961,119.528375679,173.084245682));
#2467=CARTESIAN_POINT('',(-8.902419598,119.445801915,173.050253472));
#2468=CARTESIAN_POINT('',(-8.858135302,119.371749686,173.005136027));
#2469=B_SPLINE_CURVE_WITH_KNOTS('',3,(#2444,#2445,#2446,#2447,#2448,#2449,#2450,#2451,#2452,#2453,#2454,#2455,#2456,#2457,#2458,#2459,#2460,#2461,#2462,#2463,#2464,#2465,#2466,#2467,#2468),.UNSPECIFIED.,.F.,.F.,(4,3,3,3,3,3,3,3,4),(0.,0.002312826,0.004625651,0.005782064,0.006938477,0.00809489,0.008673096,0.0089622,0.009251303),.UNSPECIFIED.);
#2470=EDGE_CURVE('',#2443,#2025,#2469,.T.);
#2471=ORIENTED_EDGE('',*,*,#2470,.F.);
#2472=CARTESIAN_POINT('',(-10.995317909,128.283990867,173.137091188));
#2473=VERTEX_POINT('',#2472);
#2474=CARTESIAN_POINT('',(-10.995317909,128.283990867,173.137091188));
#2475=CARTESIAN_POINT('',(-10.865888035,127.530927242,173.239925374));
#2476=CARTESIAN_POINT('',(-10.72626579,126.776639707,173.318832888));
#2477=CARTESIAN_POINT('',(-10.578304716,126.022889186,173.376189589));
#2478=CARTESIAN_POINT('',(-10.430343642,125.269138665,173.43354629));
#2479=CARTESIAN_POINT('',(-10.273874117,124.514739336,173.469541282));
#2480=CARTESIAN_POINT('',(-10.10748971,123.762466258,173.480742554));
#2481=CARTESIAN_POINT('',(-10.024297507,123.38632972,173.486343191));
#2482=CARTESIAN_POINT('',(-9.938610044,123.010817603,173.485680582));
#2483=CARTESIAN_POINT('',(-9.849574254,122.636138402,173.477270359));
#2484=CARTESIAN_POINT('',(-9.760538464,122.261459202,173.468860137));
#2485=CARTESIAN_POINT('',(-9.668157526,121.887237242,173.452833346));
#2486=CARTESIAN_POINT('',(-9.570706355,121.515316735,173.425690128));
#2487=CARTESIAN_POINT('',(-9.473255185,121.143396229,173.398546911));
#2488=CARTESIAN_POINT('',(-9.371024516,120.772857006,173.361041958));
#2489=CARTESIAN_POINT('',(-9.258252927,120.409256911,173.302035404));
#2490=CARTESIAN_POINT('',(-9.201867132,120.227456863,173.272532128));
#2491=CARTESIAN_POINT('',(-9.143000119,120.047690854,173.237777653));
#2492=CARTESIAN_POINT('',(-9.078648773,119.872189163,173.19245204));
#2493=CARTESIAN_POINT('',(-9.046473099,119.784438318,173.169789234));
#2494=CARTESIAN_POINT('',(-9.01292923,119.697753385,173.144479913));
#2495=CARTESIAN_POINT('',(-8.976727595,119.613064532,173.114362797));
#2496=CARTESIAN_POINT('',(-8.940525961,119.528375679,173.084245682));
#2497=CARTESIAN_POINT('',(-8.902419598,119.445801915,173.050253472));
#2498=CARTESIAN_POINT('',(-8.858135302,119.371749686,173.005136027));
#2499=B_SPLINE_CURVE_WITH_KNOTS('',3,(#2474,#2475,#2476,#2477,#2478,#2479,#2480,#2481,#2482,#2483,#2484,#2485,#2486,#2487,#2488,#2489,#2490,#2491,#2492,#2493,#2494,#2495,#2496,#2497,#2498),.UNSPECIFIED.,.F.,.F.,(4,3,3,3,3,3,3,3,4),(0.,0.002312826,0.004625651,0.005782064,0.006938477,0.00809489,0.008673096,0.0089622,0.009251303),.UNSPECIFIED.);
#2500=EDGE_CURVE('',#2473,#2443,#2499,.T.);
#2501=ORIENTED_EDGE('',*,*,#2500,.F.);
#2502=CARTESIAN_POINT('',(-11.053610583,128.319611269,173.378626244));
#2503=VERTEX_POINT('',#2502);
#2504=CARTESIAN_POINT('',(-11.388042484,128.222597019,173.18179246));
#2505=DIRECTION('',(-0.172247946,0.967663491,-0.184277002));
#2506=DIRECTION('',(-0.,0.187073067,0.982346002));
#2507=AXIS2_PLACEMENT_3D('',#2504,#2505,#2506);
#2508=CIRCLE('',#2507,0.4);
#2509=EDGE_CURVE('',#2503,#2473,#2508,.T.);
#2510=ORIENTED_EDGE('',*,*,#2509,.F.);
#2511=CARTESIAN_POINT('',(-8.488488993,119.288664915,173.588786327));
#2512=CARTESIAN_POINT('',(-8.542437858,119.359165206,173.631938182));
#2513=CARTESIAN_POINT('',(-8.592175445,119.438398382,173.666763493));
#2514=CARTESIAN_POINT('',(-8.63914108,119.520950256,173.696894026));
#2515=CARTESIAN_POINT('',(-8.686106715,119.603502129,173.727024559));
#2516=CARTESIAN_POINT('',(-8.729802217,119.688772151,173.75204911));
#2517=CARTESIAN_POINT('',(-8.771612498,119.775620106,173.77408444));
#2518=CARTESIAN_POINT('',(-8.855233061,119.949316015,173.818155101));
#2519=CARTESIAN_POINT('',(-8.931357109,120.129290614,173.850328585));
#2520=CARTESIAN_POINT('',(-9.003793965,120.312412245,173.876405561));
#2521=CARTESIAN_POINT('',(-9.076230821,120.495533876,173.902482536));
#2522=CARTESIAN_POINT('',(-9.144853474,120.682273769,173.922137586));
#2523=CARTESIAN_POINT('',(-9.210331942,120.869168501,173.937410543));
#2524=CARTESIAN_POINT('',(-9.27581041,121.056063233,173.9526835));
#2525=CARTESIAN_POINT('',(-9.338327742,121.243715171,173.963593222));
#2526=CARTESIAN_POINT('',(-9.398769843,121.43189479,173.971320275));
#2527=CARTESIAN_POINT('',(-9.519654046,121.808254027,173.986774381));
#2528=CARTESIAN_POINT('',(-9.632354055,122.186693612,173.989654577));
#2529=CARTESIAN_POINT('',(-9.7399559,122.566412532,173.984062273));
#2530=CARTESIAN_POINT('',(-9.847557745,122.946131452,173.978469968));
#2531=CARTESIAN_POINT('',(-9.949929906,123.327163757,173.964229618));
#2532=CARTESIAN_POINT('',(-10.048324585,123.709183091,173.942994442));
#2533=CARTESIAN_POINT('',(-10.245113943,124.47322176,173.900524089));
#2534=CARTESIAN_POINT('',(-10.426447477,125.242020576,173.830317877));
#2535=CARTESIAN_POINT('',(-10.594292276,126.012032255,173.736016673));
#2536=CARTESIAN_POINT('',(-10.762137075,126.782043935,173.641715469));
#2537=CARTESIAN_POINT('',(-10.915990135,127.551227234,173.523517697));
#2538=CARTESIAN_POINT('',(-11.053610583,128.319611269,173.378626244));
#2539=B_SPLINE_CURVE_WITH_KNOTS('',3,(#2511,#2512,#2513,#2514,#2515,#2516,#2517,#2518,#2519,#2520,#2521,#2522,#2523,#2524,#2525,#2526,#2527,#2528,#2529,#2530,#2531,#2532,#2533,#2534,#2535,#2536,
#2537,#2538),.UNSPECIFIED.,.F.,.F.,(4,3,3,3,3,3,3,3,3,4),(0.010425426,0.01072518,0.011024934,0.011624441,0.012223948,0.012823455,0.014022469,0.015221484,0.017619512,0.020017541),.UNSPECIFIED.);
#2540=EDGE_CURVE('',#2037,#2503,#2539,.T.);
#2541=ORIENTED_EDGE('',*,*,#2540,.F.);
#2542=ORIENTED_EDGE('',*,*,#2052,.F.);
#2543=EDGE_LOOP('',(#2471,#2501,#2510,#2541,#2542));
#2544=FACE_BOUND('',#2543,.T.);
#2545=ADVANCED_FACE('',(#2544),#2441,.T.);
#2546=CARTESIAN_POINT('',(8.859093275,119.373355033,173.006111193));
#2547=CARTESIAN_POINT('',(8.852997312,119.361092625,172.998881554));
#2548=CARTESIAN_POINT('',(8.846927308,119.348443526,172.991543869));
#2549=CARTESIAN_POINT('',(8.833604129,119.322461671,172.975497494));
#2550=CARTESIAN_POINT('',(8.826322884,119.309080936,172.966759159));
#2551=CARTESIAN_POINT('',(8.809476315,119.2837581,172.946627933));
#2552=CARTESIAN_POINT('',(8.799861179,119.271870455,172.935173793));
#2553=CARTESIAN_POINT('',(8.783812754,119.25886379,172.915810478));
#2554=CARTESIAN_POINT('',(8.778204707,119.255356826,172.909003309));
#2555=CARTESIAN_POINT('',(8.766714536,119.250585914,172.894922401));
#2556=CARTESIAN_POINT('',(8.760840908,119.249331011,172.887657977));
#2557=CARTESIAN_POINT('',(8.755000295,119.249334402,172.880357039));
#2558=CARTESIAN_POINT('',(8.280035511,119.760949058,173.109361016));
#2559=CARTESIAN_POINT('',(8.283293679,119.773306654,173.110566157));
#2560=CARTESIAN_POINT('',(8.2879538,119.785086578,173.113833823));
#2561=CARTESIAN_POINT('',(8.299217686,119.806174391,173.123688644));
#2562=CARTESIAN_POINT('',(8.305872202,119.815459755,173.130350233));
#2563=CARTESIAN_POINT('',(8.320413065,119.830675617,173.146084086));
#2564=CARTESIAN_POINT('',(8.32828658,119.836520048,173.155153364));
#2565=CARTESIAN_POINT('',(8.340487892,119.84242547,173.169686242));
#2566=CARTESIAN_POINT('',(8.344629337,119.843912953,173.174696955));
#2567=CARTESIAN_POINT('',(8.352969905,119.84590531,173.184905001));
#2568=CARTESIAN_POINT('',(8.357151483,119.846395424,173.190084227));
#2569=CARTESIAN_POINT('',(8.361324801,119.846404034,173.19529743));
#2570=CARTESIAN_POINT('',(8.490077194,119.290803503,173.590030545));
#2571=CARTESIAN_POINT('',(8.47035353,119.264924675,173.574289662));
#2572=CARTESIAN_POINT('',(8.449932813,119.240070933,173.557316831));
#2573=CARTESIAN_POINT('',(8.40708623,119.193371924,173.519817843));
#2574=CARTESIAN_POINT('',(8.384627601,119.171496439,173.49926103));
#2575=CARTESIAN_POINT('',(8.337596442,119.133352281,173.453571159));
#2576=CARTESIAN_POINT('',(8.312998797,119.117134124,173.428389428));
#2577=CARTESIAN_POINT('',(8.275511401,119.100177932,173.387347228));
#2578=CARTESIAN_POINT('',(8.262931862,119.095761818,173.373137469));
#2579=CARTESIAN_POINT('',(8.237924387,119.089815235,173.343917602));
#2580=CARTESIAN_POINT('',(8.225499657,119.088288731,173.328910154));
#2581=CARTESIAN_POINT('',(8.213327656,119.088288731,173.313695153));
#2582=(BOUNDED_SURFACE()
B_SPLINE_SURFACE(2,3,((#2546,#2547,#2548,#2549,#2550,#2551,#2552,#2553,#2554,#2555,#2556,#2557),(#2558,#2559,#2560,#2561,#2562,#2563,#2564,#2565,#2566,#2567,#2568,#2569),(#2570,#2571,#2572,#2573,#2574,#2575,#2576,#2577,#2578,#2579,#2580,#2581)),.UNSPECIFIED.,.F.,.F.,.U.)
B_SPLINE_SURFACE_WITH_KNOTS((3,3),(4,2,2,2,2,4),(0.278422362,1.),(3.908591632,4.109540968,4.310490303,4.511439639,4.611914307,4.712388975),.UNSPECIFIED.)
GEOMETRIC_REPRESENTATION_ITEM()
RATIONAL_B_SPLINE_SURFACE(((0.667864548,0.665821562,0.663579904,0.65903218,0.656722063,0.652538412,0.650671332,0.648694201,0.648173044,0.647469326,0.647286619,0.647287353),(0.403540275,0.399871413,0.395845769,0.387678818,0.383530235,0.376017097,0.372664133,0.369113537,0.368177626,0.366913866,0.366585755,0.366587073),(1.,1.,1.,1.,1.,1.,1.,1.,1.,1.,1.,1.)))
REPRESENTATION_ITEM('')
SURFACE()
);
#2583=CARTESIAN_POINT('',(8.750609906,119.255849612,172.883869352));
#2584=VERTEX_POINT('',#2583);
#2585=CARTESIAN_POINT('',(8.859093279,119.37335503,173.006111193));
#2586=VERTEX_POINT('',#2585);
#2587=CARTESIAN_POINT('',(8.750609906,119.255849612,172.883869352));
#2588=CARTESIAN_POINT('',(8.772509287,119.255835873,172.911243578));
#2589=CARTESIAN_POINT('',(8.793448673,119.273851779,172.935506855));
#2590=CARTESIAN_POINT('',(8.810916212,119.296662461,172.954908415));
#2591=CARTESIAN_POINT('',(8.828383751,119.319473143,172.974309975));
#2592=CARTESIAN_POINT('',(8.843326575,119.3468722,172.990075289));
#2593=CARTESIAN_POINT('',(8.859093279,119.37335503,173.006111193));
#2594=B_SPLINE_CURVE_WITH_KNOTS('',3,(#2587,#2588,#2589,#2590,#2591,#2592,#2593),.UNSPECIFIED.,.F.,.F.,(4,3,4),(0.,0.000103651,0.000207301),.UNSPECIFIED.);
#2595=EDGE_CURVE('',#2584,#2586,#2594,.T.);
#2596=ORIENTED_EDGE('',*,*,#2595,.F.);
#2597=CARTESIAN_POINT('',(8.213327656,119.088288731,173.313695153));
#2598=VERTEX_POINT('',#2597);
#2599=CARTESIAN_POINT('',(8.750609905,119.255849612,172.883869351));
#2600=CARTESIAN_POINT('',(8.712566919,119.31109153,172.914303739));
#2601=CARTESIAN_POINT('',(8.656976135,119.358169079,172.958776366));
#2602=CARTESIAN_POINT('',(8.593467207,119.378891081,173.009583508));
#2603=CARTESIAN_POINT('',(8.52995828,119.399613083,173.060390651));
#2604=CARTESIAN_POINT('',(8.46043605,119.392707937,173.116008435));
#2605=CARTESIAN_POINT('',(8.402806977,119.363910181,173.162111693));
#2606=CARTESIAN_POINT('',(8.345177905,119.335112425,173.208214951));
#2607=CARTESIAN_POINT('',(8.299976646,119.286700081,173.244375959));
#2608=CARTESIAN_POINT('',(8.26950364,119.236366853,173.268754364));
#2609=CARTESIAN_POINT('',(8.239030634,119.186033625,173.293132769));
#2610=CARTESIAN_POINT('',(8.222282412,119.134159465,173.306531347));
#2611=CARTESIAN_POINT('',(8.213327656,119.088288731,173.313695153));
#2612=B_SPLINE_CURVE_WITH_KNOTS('',3,(#2599,#2600,#2601,#2602,#2603,#2604,#2605,#2606,#2607,#2608,#2609,#2610,#2611),.UNSPECIFIED.,.F.,.F.,(4,3,3,3,4),(0.285408906,0.46405668,0.642704453,0.821352227,1.),.UNSPECIFIED.);
#2613=EDGE_CURVE('',#2584,#2598,#2612,.T.);
#2614=ORIENTED_EDGE('',*,*,#2613,.T.);
#2615=CARTESIAN_POINT('',(8.490077194,119.290803503,173.590030545));
#2616=VERTEX_POINT('',#2615);
#2617=CARTESIAN_POINT('',(8.490077194,119.290803503,173.590030545));
#2618=CARTESIAN_POINT('',(8.445188084,119.231905848,173.55420585));
#2619=CARTESIAN_POINT('',(8.402235262,119.185779467,173.516365504));
#2620=CARTESIAN_POINT('',(8.361112022,119.15242436,173.476416095));
#2621=CARTESIAN_POINT('',(8.358541819,119.150339666,173.473919256));
#2622=CARTESIAN_POINT('',(8.354843649,119.147406126,173.470303893));
#2623=CARTESIAN_POINT('',(8.351727244,119.145010547,173.467230932));
#2624=CARTESIAN_POINT('',(8.348610839,119.142614967,173.464157972));
#2625=CARTESIAN_POINT('',(8.345506274,119.140295079,173.461073756));
#2626=CARTESIAN_POINT('',(8.342413502,119.138050881,173.457978236));
#2627=CARTESIAN_POINT('',(8.336227958,119.133562487,173.451787198));
#2628=CARTESIAN_POINT('',(8.330089587,119.129376858,173.445550948));
#2629=CARTESIAN_POINT('',(8.323998017,119.125493995,173.439269108));
#2630=CARTESIAN_POINT('',(8.311814877,119.117728267,173.426705428));
#2631=CARTESIAN_POINT('',(8.299818944,119.111173601,173.413959388));
#2632=CARTESIAN_POINT('',(8.2880072,119.105829996,173.401027962));
#2633=CARTESIAN_POINT('',(8.282101328,119.103158193,173.394562249));
#2634=CARTESIAN_POINT('',(8.27514291,119.100348351,173.386828135));
#2635=CARTESIAN_POINT('',(8.268800866,119.098155693,173.379652706));
#2636=CARTESIAN_POINT('',(8.262458823,119.095963035,173.372477278));
#2637=CARTESIAN_POINT('',(8.256176695,119.09413582,173.365251326));
#2638=CARTESIAN_POINT('',(8.249954019,119.092674048,173.357974311));
#2639=CARTESIAN_POINT('',(8.237508667,119.089750504,173.34342028));
#2640=CARTESIAN_POINT('',(8.225301129,119.088288731,173.328661993));
#2641=CARTESIAN_POINT('',(8.213327656,119.088288731,173.313695153));
#2642=B_SPLINE_CURVE_WITH_KNOTS('',3,(#2617,#2618,#2619,#2620,#2621,#2622,#2623,#2624,#2625,#2626,#2627,#2628,#2629,#2630,#2631,#2632,#2633,#2634,#2635,#2636,#2637,#2638,#2639,#2640,#2641),.UNSPECIFIED.,.F.,.F.,(4,3,3,3,3,3,3,3,4),(0.,0.5,0.53125,0.5625,0.625,0.75,0.8125,0.875,1.),.UNSPECIFIED.);
#2643=EDGE_CURVE('',#2616,#2598,#2642,.T.);
#2644=ORIENTED_EDGE('',*,*,#2643,.F.);
#2645=CARTESIAN_POINT('',(8.859093275,119.373355033,173.006111193));
#2646=CARTESIAN_POINT('',(8.800779772,119.412387349,173.016508876));
#2647=CARTESIAN_POINT('',(8.733046037,119.446563812,173.046133972));
#2648=CARTESIAN_POINT('',(8.671322853,119.464099861,173.094524057));
#2649=CARTESIAN_POINT('',(8.60959967,119.48163591,173.142914142));
#2650=CARTESIAN_POINT('',(8.555745128,119.481674945,173.209129283));
#2651=CARTESIAN_POINT('',(8.521161601,119.4663947,173.275713245));
#2652=CARTESIAN_POINT('',(8.486578074,119.451114455,173.342297207));
#2653=CARTESIAN_POINT('',(8.470814865,119.421794161,173.407793448));
#2654=CARTESIAN_POINT('',(8.468395781,119.389526206,173.461501927));
#2655=CARTESIAN_POINT('',(8.465976696,119.35725825,173.515210406));
#2656=CARTESIAN_POINT('',(8.475950481,119.322423947,173.557702293));
#2657=CARTESIAN_POINT('',(8.490077194,119.290803503,173.590030545));
#2658=B_SPLINE_CURVE_WITH_KNOTS('',3,(#2645,#2646,#2647,#2648,#2649,#2650,#2651,#2652,#2653,#2654,#2655,#2656,#2657),.UNSPECIFIED.,.F.,.F.,(4,3,3,3,4),(0.278422362,0.458816772,0.639211181,0.819605591,1.),.UNSPECIFIED.);
#2659=EDGE_CURVE('',#2586,#2616,#2658,.T.);
#2660=ORIENTED_EDGE('',*,*,#2659,.F.);
#2661=EDGE_LOOP('',(#2596,#2614,#2644,#2660));
#2662=FACE_BOUND('',#2661,.T.);
#2663=ADVANCED_FACE('',(#2662),#2582,.F.);
#2664=CARTESIAN_POINT('',(8.75499377,119.249344298,172.880362259));
#2665=CARTESIAN_POINT('',(8.749215807,119.249340978,172.873139973));
#2666=CARTESIAN_POINT('',(8.743479205,119.250574052,172.865894418));
#2667=CARTESIAN_POINT('',(8.732377502,119.255264312,172.851745756));
#2668=CARTESIAN_POINT('',(8.727019472,119.258712787,172.844852735));
#2669=CARTESIAN_POINT('',(8.711789487,119.271511539,172.825143925));
#2670=CARTESIAN_POINT('',(8.702793305,119.283220885,172.813355446));
#2671=CARTESIAN_POINT('',(8.686953788,119.308201809,172.79266968));
#2672=CARTESIAN_POINT('',(8.680062966,119.321418336,172.78371224));
#2673=CARTESIAN_POINT('',(8.667394062,119.347102633,172.767307128));
#2674=CARTESIAN_POINT('',(8.661593446,119.359616457,172.759826101));
#2675=CARTESIAN_POINT('',(8.655904099,119.371749663,172.752347026));
#2676=CARTESIAN_POINT('',(8.361318895,119.846373775,173.195302156));
#2677=CARTESIAN_POINT('',(8.365517557,119.84636535,173.200553855));
#2678=CARTESIAN_POINT('',(8.369680133,119.845871763,173.205807441));
#2679=CARTESIAN_POINT('',(8.377860516,119.843866986,173.216260212));
#2680=CARTESIAN_POINT('',(8.381864616,119.842370356,173.221438479));
#2681=CARTESIAN_POINT('',(8.393435454,119.836431443,173.236646469));
#2682=CARTESIAN_POINT('',(8.400597416,119.830556916,173.246394449));
#2683=CARTESIAN_POINT('',(8.412842226,119.815280459,173.264188027));
#2684=CARTESIAN_POINT('',(8.417924848,119.805964398,173.272220201));
#2685=CARTESIAN_POINT('',(8.425168108,119.784812409,173.285540516));
#2686=CARTESIAN_POINT('',(8.427389461,119.772998569,173.290893929));
#2687=CARTESIAN_POINT('',(8.427914896,119.760599015,173.2944379));
#2688=CARTESIAN_POINT('',(8.213327656,119.088288731,173.313695153));
#2689=CARTESIAN_POINT('',(8.201239565,119.088288731,173.298585039));
#2690=CARTESIAN_POINT('',(8.189405829,119.089794106,173.283276649));
#2691=CARTESIAN_POINT('',(8.166536026,119.09566032,173.252677485));
#2692=CARTESIAN_POINT('',(8.155501804,119.100017334,173.237390316));
#2693=CARTESIAN_POINT('',(8.123869618,119.116754694,173.192108142));
#2694=CARTESIAN_POINT('',(8.104790453,119.132773301,173.162762388));
#2695=CARTESIAN_POINT('',(8.070667122,119.170493666,173.107154902));
#2696=CARTESIAN_POINT('',(8.055582078,119.192145249,173.080859235));
#2697=CARTESIAN_POINT('',(8.028458798,119.238403779,173.031047867));
#2698=CARTESIAN_POINT('',(8.016398017,119.263039841,173.007494064));
#2699=CARTESIAN_POINT('',(8.005380864,119.288702049,172.984883939));
#2700=(BOUNDED_SURFACE()
B_SPLINE_SURFACE(2,3,((#2664,#2665,#2666,#2667,#2668,#2669,#2670,#2671,#2672,#2673,#2674,#2675),(#2676,#2677,#2678,#2679,#2680,#2681,#2682,#2683,#2684,#2685,#2686,#2687),(#2688,#2689,#2690,#2691,#2692,#2693,#2694,#2695,#2696,#2697,#2698,#2699)),.UNSPECIFIED.,.F.,.F.,.U.)
B_SPLINE_SURFACE_WITH_KNOTS((3,3),(4,2,2,2,2,4),(0.27843292,1.),(4.712388975,4.812528596,4.912668217,5.11294746,5.313226702,5.513505945),.UNSPECIFIED.)
GEOMETRIC_REPRESENTATION_ITEM()
RATIONAL_B_SPLINE_SURFACE(((0.647279139,0.647278421,0.647458846,0.64815403,0.648668936,0.65062327,0.652469947,0.656612937,0.658902819,0.663415794,0.66564282,0.667675056),(0.366596341,0.366595051,0.366919053,0.368167439,0.369092089,0.372601614,0.375917811,0.383357645,0.387469735,0.395573976,0.399573191,0.403222608),(1.,1.,1.,1.,1.,1.,1.,1.,1.,1.,1.,1.)))
REPRESENTATION_ITEM('')
SURFACE()
);
#2701=CARTESIAN_POINT('',(8.655904099,119.371749663,172.752347026));
#2702=VERTEX_POINT('',#2701);
#2703=CARTESIAN_POINT('',(8.655904099,119.371749663,172.752347026));
#2704=CARTESIAN_POINT('',(8.66798778,119.34565287,172.771058797));
#2705=CARTESIAN_POINT('',(8.679982542,119.318665796,172.788916152));
#2706=CARTESIAN_POINT('',(8.694990363,119.296122488,172.810073131));
#2707=CARTESIAN_POINT('',(8.709998184,119.273579181,172.831230111));
#2708=CARTESIAN_POINT('',(8.728954507,119.255836194,172.856800103));
#2709=CARTESIAN_POINT('',(8.750609906,119.255849612,172.883869352));
#2710=B_SPLINE_CURVE_WITH_KNOTS('',3,(#2703,#2704,#2705,#2706,#2707,#2708,#2709),.UNSPECIFIED.,.F.,.F.,(4,3,4),(0.,0.000102869,0.000205738),.UNSPECIFIED.);
#2711=EDGE_CURVE('',#2702,#2584,#2710,.T.);
#2712=ORIENTED_EDGE('',*,*,#2711,.F.);
#2713=CARTESIAN_POINT('',(8.005380864,119.288702049,172.984883939));
#2714=VERTEX_POINT('',#2713);
#2715=CARTESIAN_POINT('',(8.655904098,119.371749665,172.75234703));
#2716=CARTESIAN_POINT('',(8.632956208,119.410888676,172.806910322));
#2717=CARTESIAN_POINT('',(8.589175934,119.445154971,172.866481407));
#2718=CARTESIAN_POINT('',(8.528405876,119.462720398,172.916111279));
#2719=CARTESIAN_POINT('',(8.467635819,119.480285825,172.965741152));
#2720=CARTESIAN_POINT('',(8.391203449,119.48029031,173.003820719));
#2721=CARTESIAN_POINT('',(8.318659361,119.464929484,173.023030515));
#2722=CARTESIAN_POINT('',(8.246115273,119.449568658,173.04224031));
#2723=CARTESIAN_POINT('',(8.178782166,119.420128177,173.043338251));
#2724=CARTESIAN_POINT('',(8.125889549,119.387744401,173.03399913));
#2725=CARTESIAN_POINT('',(8.072996932,119.355360624,173.024660009));
#2726=CARTESIAN_POINT('',(8.033776743,119.320415303,173.005687132));
#2727=CARTESIAN_POINT('',(8.005380864,119.288702049,172.984883939));
#2728=B_SPLINE_CURVE_WITH_KNOTS('',3,(#2715,#2716,#2717,#2718,#2719,#2720,#2721,#2722,#2723,#2724,#2725,#2726,#2727),.UNSPECIFIED.,.F.,.F.,(4,3,3,3,4),(0.278432924,0.458824693,0.639216462,0.819608231,1.),.UNSPECIFIED.);
#2729=EDGE_CURVE('',#2702,#2714,#2728,.T.);
#2730=ORIENTED_EDGE('',*,*,#2729,.T.);
#2731=CARTESIAN_POINT('',(8.213327656,119.088288731,173.313695153));
#2732=CARTESIAN_POINT('',(8.189550171,119.088288731,173.283973297));
#2733=CARTESIAN_POINT('',(8.166769193,119.094057973,173.253518852));
#2734=CARTESIAN_POINT('',(8.144957742,119.105596454,173.222296258));
#2735=CARTESIAN_POINT('',(8.139504879,119.108481075,173.21449061));
#2736=CARTESIAN_POINT('',(8.135046444,119.111168221,173.207995659));
#2737=CARTESIAN_POINT('',(8.130171131,119.114404334,173.200791134));
#2738=CARTESIAN_POINT('',(8.125295818,119.117640447,173.193586608));
#2739=CARTESIAN_POINT('',(8.120473965,119.121176713,173.186345785));
#2740=CARTESIAN_POINT('',(8.115705278,119.125013132,173.179068229));
#2741=CARTESIAN_POINT('',(8.106167903,119.13268597,173.164513118));
#2742=CARTESIAN_POINT('',(8.096843194,119.14155942,173.149811073));
#2743=CARTESIAN_POINT('',(8.087728788,119.151633483,173.134958645));
#2744=CARTESIAN_POINT('',(8.085450186,119.154151999,173.131245538));
#2745=CARTESIAN_POINT('',(8.084005808,119.155808515,173.12887118));
#2746=CARTESIAN_POINT('',(8.082158558,119.157970361,173.125819654));
#2747=CARTESIAN_POINT('',(8.080311309,119.160132207,173.122768127));
#2748=CARTESIAN_POINT('',(8.078473547,119.162343606,173.119711394));
#2749=CARTESIAN_POINT('',(8.076645257,119.164604559,173.116649424));
#2750=CARTESIAN_POINT('',(8.072988677,119.169126465,173.110525484));
#2751=CARTESIAN_POINT('',(8.069369982,119.173846585,173.104380594));
#2752=CARTESIAN_POINT('',(8.06578904,119.17876492,173.09821451));
#2753=CARTESIAN_POINT('',(8.058627157,119.188601588,173.085882342));
#2754=CARTESIAN_POINT('',(8.051616287,119.199231112,173.073465395));
#2755=CARTESIAN_POINT('',(8.044755371,119.210653493,173.060961732));
#2756=CARTESIAN_POINT('',(8.03103354,119.233498253,173.035954404));
#2757=CARTESIAN_POINT('',(8.017911522,119.259514439,173.01060018));
#2758=CARTESIAN_POINT('',(8.005380864,119.288702049,172.984883939));
#2759=B_SPLINE_CURVE_WITH_KNOTS('',3,(#2731,#2732,#2733,#2734,#2735,#2736,#2737,#2738,#2739,#2740,#2741,#2742,#2743,#2744,#2745,#2746,#2747,#2748,#2749,#2750,#2751,#2752,#2753,#2754,#2755,#2756,
#2757,#2758),.UNSPECIFIED.,.F.,.F.,(4,3,3,3,3,3,3,3,3,4),(0.,0.25,0.3125,0.375,0.5,0.53125,0.5625,0.625,0.75,1.),.UNSPECIFIED.);
#2760=EDGE_CURVE('',#2598,#2714,#2759,.T.);
#2761=ORIENTED_EDGE('',*,*,#2760,.F.);
#2762=ORIENTED_EDGE('',*,*,#2613,.F.);
#2763=EDGE_LOOP('',(#2712,#2730,#2761,#2762));
#2764=FACE_BOUND('',#2763,.T.);
#2765=ADVANCED_FACE('',(#2764),#2700,.F.);
#2766=CARTESIAN_POINT('',(8.656027713,119.371607855,172.752470255));
#2767=CARTESIAN_POINT('',(8.655423242,119.372641479,172.753911688));
#2768=CARTESIAN_POINT('',(8.654806935,119.373669139,172.755352435));
#2769=CARTESIAN_POINT('',(8.63856519,119.400085427,172.792586106));
#2770=CARTESIAN_POINT('',(8.615666176,119.421712519,172.827850639));
#2771=CARTESIAN_POINT('',(8.558040194,119.454840806,172.893096498));
#2772=CARTESIAN_POINT('',(8.523327434,119.466333834,172.923061735));
#2773=CARTESIAN_POINT('',(8.446260578,119.477800914,172.974087108));
#2774=CARTESIAN_POINT('',(8.403925485,119.47777214,172.995134665));
#2775=CARTESIAN_POINT('',(8.316723479,119.466193385,173.025778338));
#2776=CARTESIAN_POINT('',(8.27187807,119.454646259,173.035366903));
#2777=CARTESIAN_POINT('',(8.18507086,119.421419693,173.041929255));
#2778=CARTESIAN_POINT('',(8.143130466,119.399748444,173.038901428));
#2779=CARTESIAN_POINT('',(8.067200666,119.348885953,173.020591076));
#2780=CARTESIAN_POINT('',(8.033229985,119.31970725,173.005313071));
#2781=CARTESIAN_POINT('',(8.005288491,119.288528715,172.984827681));
#2782=CARTESIAN_POINT('',(8.639270446,119.40788503,172.726065523));
#2783=CARTESIAN_POINT('',(8.638669768,119.408855514,172.727535969));
#2784=CARTESIAN_POINT('',(8.638057268,119.409820507,172.729005171));
#2785=CARTESIAN_POINT('',(8.621914313,119.434628746,172.76696018));
#2786=CARTESIAN_POINT('',(8.599118172,119.455008216,172.80257297));
#2787=CARTESIAN_POINT('',(8.541660939,119.4864253,172.867845104));
#2788=CARTESIAN_POINT('',(8.507013586,119.497455412,172.897488831));
#2789=CARTESIAN_POINT('',(8.429970623,119.508857733,172.947293073));
#2790=CARTESIAN_POINT('',(8.387593441,119.509227215,172.967441685));
#2791=CARTESIAN_POINT('',(8.300129787,119.499258472,172.99585553));
#2792=CARTESIAN_POINT('',(8.255064242,119.48892262,173.004113986));
#2793=CARTESIAN_POINT('',(8.167585755,119.45876567,173.007762179));
#2794=CARTESIAN_POINT('',(8.125193749,119.438951763,173.003151072));
#2795=CARTESIAN_POINT('',(8.048109319,119.392188319,172.981606438));
#2796=CARTESIAN_POINT('',(8.01343535,119.365249938,172.964678097));
#2797=CARTESIAN_POINT('',(7.984676974,119.336342622,172.942594787));
#2798=CARTESIAN_POINT('',(8.623304923,119.450487152,172.69858458));
#2799=CARTESIAN_POINT('',(8.622697188,119.451405919,172.70006556));
#2800=CARTESIAN_POINT('',(8.622077751,119.452319579,172.701544908));
#2801=CARTESIAN_POINT('',(8.605758496,119.475810561,172.739752261));
#2802=CARTESIAN_POINT('',(8.582866566,119.495166487,172.775368551));
#2803=CARTESIAN_POINT('',(8.525337296,119.525175796,172.840232663));
#2804=CARTESIAN_POINT('',(8.490713308,119.535822223,172.869465435));
#2805=CARTESIAN_POINT('',(8.413772803,119.547161157,172.918133794));
#2806=CARTESIAN_POINT('',(8.371474141,119.547851033,172.937558093));
#2807=CARTESIAN_POINT('',(8.284138504,119.539190933,172.964329288));
#2808=CARTESIAN_POINT('',(8.239121796,119.52984296,172.971669981));
#2809=CARTESIAN_POINT('',(8.151625184,119.502196798,172.973409273));
#2810=CARTESIAN_POINT('',(8.109165587,119.48390501,172.96780748));
#2811=CARTESIAN_POINT('',(8.031761205,119.440508919,172.944313791));
#2812=CARTESIAN_POINT('',(7.996834385,119.415414667,172.926427358));
#2813=CARTESIAN_POINT('',(7.967713802,119.388381934,172.903441938));
#2814=CARTESIAN_POINT('',(8.586455342,119.567833333,172.629814567));
#2815=CARTESIAN_POINT('',(8.585827784,119.568640946,172.631310368));
#2816=CARTESIAN_POINT('',(8.585188852,119.569444273,172.632803697));
#2817=CARTESIAN_POINT('',(8.568374012,119.590103927,172.671350842));
#2818=CARTESIAN_POINT('',(8.545209006,119.607257558,172.706776052));
#2819=CARTESIAN_POINT('',(8.487474238,119.634232014,172.770394848));
#2820=CARTESIAN_POINT('',(8.452916903,119.644047052,172.79857475));
#2821=CARTESIAN_POINT('',(8.37629446,119.65523424,172.844519571));
#2822=CARTESIAN_POINT('',(8.334245839,119.656603983,172.862274619));
#2823=CARTESIAN_POINT('',(8.247385062,119.65074123,172.885363088));
#2824=CARTESIAN_POINT('',(8.202591596,119.643509978,172.890691562));
#2825=CARTESIAN_POINT('',(8.115297378,119.621254714,172.888323048));
#2826=CARTESIAN_POINT('',(8.072815411,119.606235458,172.880626595));
#2827=CARTESIAN_POINT('',(7.994942006,119.570091559,172.853074956));
#2828=CARTESIAN_POINT('',(7.959567328,119.548974649,172.833225725));
#2829=CARTESIAN_POINT('',(7.929736934,119.525992791,172.808416684));
#2830=CARTESIAN_POINT('',(8.567330647,119.647141791,172.58894066));
#2831=CARTESIAN_POINT('',(8.566685622,119.647900208,172.590430095));
#2832=CARTESIAN_POINT('',(8.566029479,119.6486547,172.591916717));
#2833=CARTESIAN_POINT('',(8.548776266,119.668061042,172.630281712));
#2834=CARTESIAN_POINT('',(8.525348993,119.684237339,172.665324097));
#2835=CARTESIAN_POINT('',(8.467381534,119.709858668,172.727889094));
#2836=CARTESIAN_POINT('',(8.43285329,119.719298431,172.755398826));
#2837=CARTESIAN_POINT('',(8.356494158,119.730401652,172.799857387));
#2838=CARTESIAN_POINT('',(8.314678997,119.732062824,172.816797068));
#2839=CARTESIAN_POINT('',(8.228362518,119.7274216,172.838241175));
#2840=CARTESIAN_POINT('',(8.183878977,119.721120152,172.842741196));
#2841=CARTESIAN_POINT('',(8.097138752,119.701244935,172.838805213));
#2842=CARTESIAN_POINT('',(8.054899932,119.687675244,172.830370029));
#2843=CARTESIAN_POINT('',(7.977316285,119.654757151,172.801491568));
#2844=CARTESIAN_POINT('',(7.941987438,119.635415508,172.781054249));
#2845=CARTESIAN_POINT('',(7.912058578,119.614250176,172.755739903));
#2846=CARTESIAN_POINT('',(8.534504468,119.811752823,172.510823932));
#2847=CARTESIAN_POINT('',(8.533825749,119.812430401,172.512293037));
#2848=CARTESIAN_POINT('',(8.533136419,119.813104643,172.51375878));
#2849=CARTESIAN_POINT('',(8.515038185,119.830451355,172.551569853));
#2850=CARTESIAN_POINT('',(8.491112463,119.845019308,172.585745911));
#2851=CARTESIAN_POINT('',(8.432724573,119.868408122,172.646156988));
#2852=CARTESIAN_POINT('',(8.39827347,119.877224561,172.672380568));
#2853=CARTESIAN_POINT('',(8.322482279,119.888174407,172.714105634));
#2854=CARTESIAN_POINT('',(8.281156548,119.89030574,172.729599226));
#2855=CARTESIAN_POINT('',(8.19599313,119.887656417,172.74821968));
#2856=CARTESIAN_POINT('',(8.152171575,119.882876255,172.751343027));
#2857=CARTESIAN_POINT('',(8.066659538,119.866906278,172.744888803));
#2858=CARTESIAN_POINT('',(8.024985254,119.855719474,172.735312465));
#2859=CARTESIAN_POINT('',(7.948185064,119.828116821,172.704470355));
#2860=CARTESIAN_POINT('',(7.913073707,119.811706181,172.683210434));
#2861=CARTESIAN_POINT('',(7.883098414,119.79354808,172.657230732));
#2862=CARTESIAN_POINT('',(8.520647349,119.89767664,172.473249213));
#2863=CARTESIAN_POINT('',(8.519951767,119.898322605,172.474703547));
#2864=CARTESIAN_POINT('',(8.51924583,119.898965461,172.476154314));
#2865=CARTESIAN_POINT('',(8.500724812,119.915506591,172.513572958));
#2866=CARTESIAN_POINT('',(8.476551456,119.929444011,172.547248346));
#2867=CARTESIAN_POINT('',(8.417962123,119.951953843,172.606533256));
#2868=CARTESIAN_POINT('',(8.383556812,119.960522162,172.632131991));
#2869=CARTESIAN_POINT('',(8.308074607,119.971401976,172.672602012));
#2870=CARTESIAN_POINT('',(8.267011452,119.973711491,172.687465937));
#2871=CARTESIAN_POINT('',(8.182477262,119.971831158,172.704919138));
#2872=CARTESIAN_POINT('',(8.139021613,119.967641649,172.707505242));
#2873=CARTESIAN_POINT('',(8.054216081,119.953195226,172.700130545));
#2874=CARTESIAN_POINT('',(8.012881633,119.942940934,172.69017109));
#2875=CARTESIAN_POINT('',(7.936613425,119.917426636,172.658736143));
#2876=CARTESIAN_POINT('',(7.901693547,119.902171264,172.637266376));
#2877=CARTESIAN_POINT('',(7.871789138,119.885203699,172.611152028));
#2878=CARTESIAN_POINT('',(8.484720427,120.161868253,172.364224003));
#2879=CARTESIAN_POINT('',(8.483977141,120.162433088,172.365629582));
#2880=CARTESIAN_POINT('',(8.483224245,120.162995394,172.367031086));
#2881=CARTESIAN_POINT('',(8.463508327,120.177468965,172.403162975));
#2882=CARTESIAN_POINT('',(8.438648533,120.189785781,172.435294975));
#2883=CARTESIAN_POINT('',(8.379538184,120.210030497,172.491229718));
#2884=CARTESIAN_POINT('',(8.345297188,120.217955145,172.515023449));
#2885=CARTESIAN_POINT('',(8.27077654,120.228639212,172.551951948));
#2886=CARTESIAN_POINT('',(8.230508924,120.231396906,172.565080779));
#2887=CARTESIAN_POINT('',(8.147877165,120.231473986,172.579393983));
#2888=CARTESIAN_POINT('',(8.10552636,120.228793344,172.580576072));
#2889=CARTESIAN_POINT('',(8.022874956,120.21825075,172.570879779));
#2890=CARTESIAN_POINT('',(7.982587696,120.210390468,172.560002986));
#2891=CARTESIAN_POINT('',(7.908009376,120.190250947,172.527253352));
#2892=CARTESIAN_POINT('',(7.873730355,120.177974914,172.505385817));
#2893=CARTESIAN_POINT('',(7.844129202,120.164086297,172.479090498));
#2894=CARTESIAN_POINT('',(8.468177341,120.346410638,172.296392587));
#2895=CARTESIAN_POINT('',(8.467405953,120.346939274,172.297759772));
#2896=CARTESIAN_POINT('',(8.466625424,120.347465636,172.299122678));
#2897=CARTESIAN_POINT('',(8.446207101,120.361016417,172.334251427));
#2898=CARTESIAN_POINT('',(8.420962031,120.372606419,172.36529896));
#2899=CARTESIAN_POINT('',(8.361611277,120.391826254,172.41903581));
#2900=CARTESIAN_POINT('',(8.32751452,120.399453203,172.441717065));
#2901=CARTESIAN_POINT('',(8.253680246,120.41002559,172.476578176));
#2902=CARTESIAN_POINT('',(8.213953828,120.412969439,172.488752808));
#2903=CARTESIAN_POINT('',(8.132612057,120.413895477,172.501449447));
#2904=CARTESIAN_POINT('',(8.091008926,120.411877521,172.501969559));
#2905=CARTESIAN_POINT('',(8.009843482,120.403067487,172.491306321));
#2906=CARTESIAN_POINT('',(7.970293363,120.396276719,172.480124584));
#2907=CARTESIAN_POINT('',(7.896970838,120.378558728,172.44711184));
#2908=CARTESIAN_POINT('',(7.863209449,120.36763415,172.4252858));
#2909=CARTESIAN_POINT('',(7.833932645,120.355155267,172.399164943));
#2910=CARTESIAN_POINT('',(8.444309547,120.723545651,172.167267288));
#2911=CARTESIAN_POINT('',(8.443489559,120.72401466,172.168557597));
#2912=CARTESIAN_POINT('',(8.442661297,120.724481808,172.169843323));
#2913=CARTESIAN_POINT('',(8.421031188,120.736512356,172.20296877));
#2914=CARTESIAN_POINT('',(8.395158312,120.746902474,172.231911676));
#2915=CARTESIAN_POINT('',(8.335522002,120.764423869,172.281461847));
#2916=CARTESIAN_POINT('',(8.301766363,120.771552866,172.302062659));
#2917=CARTESIAN_POINT('',(8.229337227,120.781923602,172.333113983));
#2918=CARTESIAN_POINT('',(8.190673188,120.785163988,172.343560456));
#2919=CARTESIAN_POINT('',(8.111832217,120.787470406,172.353382435));
#2920=CARTESIAN_POINT('',(8.071665572,120.786536131,172.352756671));
#2921=CARTESIAN_POINT('',(7.993357085,120.780572762,172.340488274));
#2922=CARTESIAN_POINT('',(7.955225459,120.775544435,172.328847251));
#2923=CARTESIAN_POINT('',(7.88434628,120.761832294,172.295572261));
#2924=CARTESIAN_POINT('',(7.851607976,120.753150253,172.273942643));
#2925=CARTESIAN_POINT('',(7.823004408,120.743020831,172.248268336));
#2926=CARTESIAN_POINT('',(8.437167478,120.914787081,172.106530625));
#2927=CARTESIAN_POINT('',(8.436326999,120.91523361,172.107782237));
#2928=CARTESIAN_POINT('',(8.435478644,120.915678432,172.10902917));
#2929=CARTESIAN_POINT('',(8.413339286,120.927135692,172.14114921));
#2930=CARTESIAN_POINT('',(8.387223033,120.937071493,172.169071219));
#2931=CARTESIAN_POINT('',(8.327538798,120.953945088,172.216639102));
#2932=CARTESIAN_POINT('',(8.293978111,120.960880822,172.236279174));
#2933=CARTESIAN_POINT('',(8.222264036,120.97116265,172.265609044));
#2934=CARTESIAN_POINT('',(8.18411941,120.974507488,172.275295268));
#2935=CARTESIAN_POINT('',(8.106487224,120.977321236,172.283891027));
#2936=CARTESIAN_POINT('',(8.067009146,120.9767898,172.28279952));
#2937=CARTESIAN_POINT('',(7.990073898,120.971894462,172.269931355));
#2938=CARTESIAN_POINT('',(7.952626123,120.967531153,172.258156274));
#2939=CARTESIAN_POINT('',(7.882943048,120.955341648,172.224922574));
#2940=CARTESIAN_POINT('',(7.850716259,120.947516932,172.203468016));
#2941=CARTESIAN_POINT('',(7.82246952,120.938292944,172.178084865));
#2942=CARTESIAN_POINT('',(8.425660351,121.492013484,171.932576968));
#2943=CARTESIAN_POINT('',(8.42476706,121.492402895,171.933714958));
#2944=CARTESIAN_POINT('',(8.423867004,121.492790984,171.934848073));
#2945=CARTESIAN_POINT('',(8.400419445,121.502791389,171.964020257));
#2946=CARTESIAN_POINT('',(8.373731063,121.511570172,171.988997824));
#2947=CARTESIAN_POINT('',(8.314111768,121.526787524,172.030911236));
#2948=CARTESIAN_POINT('',(8.281186805,121.53322459,172.047842955));
#2949=CARTESIAN_POINT('',(8.211633851,121.543262659,172.072364991));
#2950=CARTESIAN_POINT('',(8.175012781,121.546862662,172.079952908));
#2951=CARTESIAN_POINT('',(8.100889923,121.550947093,172.085206913));
#2952=CARTESIAN_POINT('',(8.0633955,121.551431101,172.082872508));
#2953=CARTESIAN_POINT('',(7.990414613,121.54924193,172.068464638));
#2954=CARTESIAN_POINT('',(7.954935396,121.546568943,172.056392625));
#2955=CARTESIAN_POINT('',(7.888718575,121.538265588,172.023441065));
#2956=CARTESIAN_POINT('',(7.857987547,121.53263601,172.002564805));
#2957=CARTESIAN_POINT('',(7.830811899,121.52574094,171.978089074));
#2958=CARTESIAN_POINT('',(8.431010976,121.881955534,171.827284101));
#2959=CARTESIAN_POINT('',(8.43009373,121.882320396,171.82834938));
#2960=CARTESIAN_POINT('',(8.429170348,121.882684095,171.829409767));
#2961=CARTESIAN_POINT('',(8.405135902,121.892058037,171.856701093));
#2962=CARTESIAN_POINT('',(8.378271737,121.90033537,171.879866024));
#2963=CARTESIAN_POINT('',(8.318968442,121.914824794,171.918385239));
#2964=CARTESIAN_POINT('',(8.286534559,121.921035609,171.933736143));
#2965=CARTESIAN_POINT('',(8.218446238,121.930940962,171.955516053));
#2966=CARTESIAN_POINT('',(8.182797815,121.934634623,171.961943156));
#2967=CARTESIAN_POINT('',(8.110867187,121.939236441,171.965411019));
#2968=CARTESIAN_POINT('',(8.074591329,121.940144186,171.962451487));
#2969=CARTESIAN_POINT('',(8.004037807,121.939106278,171.947361808));
#2970=CARTESIAN_POINT('',(7.969766366,121.937160708,171.935233002));
#2971=CARTESIAN_POINT('',(7.905708483,121.930554623,171.902684899));
#2972=CARTESIAN_POINT('',(7.875927692,121.925894679,171.88226848));
#2973=CARTESIAN_POINT('',(7.849470286,121.920044725,171.858447191));
#2974=CARTESIAN_POINT('',(8.458014376,122.666383414,171.629840389));
#2975=CARTESIAN_POINT('',(8.457063085,122.666707853,171.630767314));
#2976=CARTESIAN_POINT('',(8.45610678,122.667031389,171.631689398));
#2977=CARTESIAN_POINT('',(8.431249972,122.675373616,171.65540624));
#2978=CARTESIAN_POINT('',(8.404286619,122.682822796,171.67517837));
#2979=CARTESIAN_POINT('',(8.345954622,122.696103998,171.707405806));
#2980=CARTESIAN_POINT('',(8.314590025,122.701935103,171.719858902));
#2981=CARTESIAN_POINT('',(8.249474014,122.711604932,171.736650695));
#2982=CARTESIAN_POINT('',(8.215727108,122.715442986,171.740988249));
#2983=CARTESIAN_POINT('',(8.148017039,122.720878803,171.741272614));
#2984=CARTESIAN_POINT('',(8.114058558,122.722476184,171.73721942));
#2985=CARTESIAN_POINT('',(8.048108974,122.723325986,171.720984592));
#2986=CARTESIAN_POINT('',(8.01612243,122.722578339,171.708804092));
#2987=CARTESIAN_POINT('',(7.956173642,122.718783474,171.677098605));
#2988=CARTESIAN_POINT('',(7.928215542,122.715736508,171.657575817));
#2989=CARTESIAN_POINT('',(7.903168864,122.711636116,171.635008428));
#2990=CARTESIAN_POINT('',(8.479900689,123.061050763,171.537873473));
#2991=CARTESIAN_POINT('',(8.478939453,123.061359992,171.538734577));
#2992=CARTESIAN_POINT('',(8.477973695,123.061668413,171.539590915));
#2993=CARTESIAN_POINT('',(8.452885109,123.069622284,171.561609788));
#2994=CARTESIAN_POINT('',(8.426001146,123.076757877,171.579800432));
#2995=CARTESIAN_POINT('',(8.36832834,123.089576779,171.609132505));
#2996=CARTESIAN_POINT('',(8.337543054,123.095259298,171.620272139));
#2997=CARTESIAN_POINT('',(8.273935667,123.104827016,171.634828581));
#2998=CARTESIAN_POINT('',(8.241117486,123.108711626,171.638244502));
#2999=CARTESIAN_POINT('',(8.175435098,123.114447138,171.637147863));
#3000=CARTESIAN_POINT('',(8.142574936,123.116297686,171.632635379));
#3001=CARTESIAN_POINT('',(8.078801679,123.117851661,171.615956536));
#3002=CARTESIAN_POINT('',(8.047892511,123.117554988,171.603791211));
#3003=CARTESIAN_POINT('',(7.989896119,123.114830986,171.572544846));
#3004=CARTESIAN_POINT('',(7.962812466,123.112403819,171.553465733));
#3005=CARTESIAN_POINT('',(7.938461429,123.108984033,171.531507268));
#3006=CARTESIAN_POINT('',(8.536673794,123.853441493,171.364210065));
#3007=CARTESIAN_POINT('',(8.535702898,123.85372494,171.364945377));
#3008=CARTESIAN_POINT('',(8.534728363,123.854007735,171.365676125));
#3009=CARTESIAN_POINT('',(8.50943555,123.861303142,171.384452927));
#3010=CARTESIAN_POINT('',(8.482898116,123.867905425,171.399658548));
#3011=CARTESIAN_POINT('',(8.426804101,123.879933892,171.423567128));
#3012=CARTESIAN_POINT('',(8.397250245,123.885359493,171.432268941));
#3013=CARTESIAN_POINT('',(8.336715911,123.894742122,171.442703816));
#3014=CARTESIAN_POINT('',(8.305738368,123.898698694,171.444436383));
#3015=CARTESIAN_POINT('',(8.244025132,123.904929482,171.440841455));
#3016=CARTESIAN_POINT('',(8.213292427,123.907203393,171.435514142));
#3017=CARTESIAN_POINT('',(8.153723801,123.909945263,171.41808765));
#3018=CARTESIAN_POINT('',(8.124890762,123.910413085,171.405989321));
#3019=CARTESIAN_POINT('',(8.070674127,123.909516058,171.375672928));
#3020=CARTESIAN_POINT('',(8.045293155,123.908151247,171.357456337));
#3021=CARTESIAN_POINT('',(8.022320479,123.905905936,171.336670389));
#3022=CARTESIAN_POINT('',(8.571618443,124.251201375,171.282561814));
#3023=CARTESIAN_POINT('',(8.570647884,124.251474369,171.28323714));
#3024=CARTESIAN_POINT('',(8.569674076,124.251746775,171.283908029));
#3025=CARTESIAN_POINT('',(8.544410159,124.258775165,171.301140379));
#3026=CARTESIAN_POINT('',(8.51814088,124.265160129,171.31494269));
#3027=CARTESIAN_POINT('',(8.462967885,124.276863775,171.336324418));
#3028=CARTESIAN_POINT('',(8.434066547,124.282181954,171.343902922));
#3029=CARTESIAN_POINT('',(8.375096918,124.291481771,171.352454166));
#3030=CARTESIAN_POINT('',(8.345031167,124.295463009,171.353426544));
#3031=CARTESIAN_POINT('',(8.28525888,124.30188632,171.348717555));
#3032=CARTESIAN_POINT('',(8.255554917,124.304328114,171.343036395));
#3033=CARTESIAN_POINT('',(8.198013821,124.307547814,171.325309573));
#3034=CARTESIAN_POINT('',(8.170179166,124.308325579,171.313264678));
#3035=CARTESIAN_POINT('',(8.117789475,124.308176741,171.283422155));
#3036=CARTESIAN_POINT('',(8.093236695,124.307250141,171.265625815));
#3037=CARTESIAN_POINT('',(8.070946965,124.305494282,171.245404756));
#3038=CARTESIAN_POINT('',(8.652993416,125.049094124,171.128281319));
#3039=CARTESIAN_POINT('',(8.652031888,125.049348928,171.128841853));
#3040=CARTESIAN_POINT('',(8.651067817,125.049603251,171.129398233));
#3041=CARTESIAN_POINT('',(8.626073786,125.056166854,171.143677156));
#3042=CARTESIAN_POINT('',(8.600496683,125.062172431,171.154821343));
#3043=CARTESIAN_POINT('',(8.547390385,125.073306142,171.171448203));
#3044=CARTESIAN_POINT('',(8.519862981,125.0784339,171.176930326));
#3045=CARTESIAN_POINT('',(8.464093442,125.0875813,171.181988885));
#3046=CARTESIAN_POINT('',(8.435853187,125.091600632,171.181565158));
#3047=CARTESIAN_POINT('',(8.379926832,125.098350071,171.174832733));
#3048=CARTESIAN_POINT('',(8.352242615,125.101079948,171.168524268));
#3049=CARTESIAN_POINT('',(8.298671987,125.105127051,171.150306941));
#3050=CARTESIAN_POINT('',(8.27278738,125.106444137,171.138398697));
#3051=CARTESIAN_POINT('',(8.223978774,125.107605474,171.109517437));
#3052=CARTESIAN_POINT('',(8.201056418,125.107449681,171.092545396));
#3053=CARTESIAN_POINT('',(8.180129349,125.106560367,171.073422304));
#3054=CARTESIAN_POINT('',(8.699480936,125.449522078,171.055615697));
#3055=CARTESIAN_POINT('',(8.69852813,125.449769174,171.056121391));
#3056=CARTESIAN_POINT('',(8.697573095,125.450015831,171.056623089));
#3057=CARTESIAN_POINT('',(8.672820781,125.456382396,171.069492227));
#3058=CARTESIAN_POINT('',(8.647668386,125.462226474,171.079381052));
#3059=CARTESIAN_POINT('',(8.595709045,125.473115845,171.093779187));
#3060=CARTESIAN_POINT('',(8.568903647,125.478160813,171.098288075));
#3061=CARTESIAN_POINT('',(8.514770561,125.487238627,171.101737537));
#3062=CARTESIAN_POINT('',(8.487444484,125.491271201,171.100678013));
#3063=CARTESIAN_POINT('',(8.433423976,125.498153499,171.093036643));
#3064=CARTESIAN_POINT('',(8.406731154,125.501003018,171.086455027));
#3065=CARTESIAN_POINT('',(8.355104208,125.505398287,171.068048258));
#3066=CARTESIAN_POINT('',(8.330171621,125.506943906,171.056223654));
#3067=CARTESIAN_POINT('',(8.283117891,125.508665378,171.027830709));
#3068=CARTESIAN_POINT('',(8.26099815,125.508841178,171.011263214));
#3069=CARTESIAN_POINT('',(8.240751203,125.508327955,170.992673729));
#3070=CARTESIAN_POINT('',(8.855141461,126.651952912,170.85101969));
#3071=CARTESIAN_POINT('',(8.854225859,126.652179505,170.85136842));
#3072=CARTESIAN_POINT('',(8.85330887,126.652405777,170.851713657));
#3073=CARTESIAN_POINT('',(8.829561999,126.658248247,170.860550204));
#3074=CARTESIAN_POINT('',(8.805892748,126.663661575,170.866878713));
#3075=CARTESIAN_POINT('',(8.757685909,126.673896176,170.874996439));
#3076=CARTESIAN_POINT('',(8.73314925,126.678717252,170.876785525));
#3077=CARTESIAN_POINT('',(8.684049899,126.687601065,170.875771526));
#3078=CARTESIAN_POINT('',(8.659488148,126.691663629,170.872968481));
#3079=CARTESIAN_POINT('',(8.611180126,126.698889544,170.862873102));
#3080=CARTESIAN_POINT('',(8.587434778,126.702052751,170.855580977));
#3081=CARTESIAN_POINT('',(8.541572197,126.707369261,170.836762329));
#3082=CARTESIAN_POINT('',(8.519455838,126.709522455,170.825236176));
#3083=CARTESIAN_POINT('',(8.477607913,126.712742234,170.798347617));
#3084=CARTESIAN_POINT('',(8.457877144,126.713808749,170.782985732));
#3085=CARTESIAN_POINT('',(8.439676526,126.714311946,170.765969697));
#3086=CARTESIAN_POINT('',(8.979909241,127.453279776,170.732374518));
#3087=CARTESIAN_POINT('',(8.979032862,127.453496146,170.73262873));
#3088=CARTESIAN_POINT('',(8.978155527,127.453712248,170.73287982));
#3089=CARTESIAN_POINT('',(8.955445116,127.459293231,170.739291609));
#3090=CARTESIAN_POINT('',(8.933036248,127.464489937,170.743521184));
#3091=CARTESIAN_POINT('',(8.887733157,127.474390826,170.747992036));
#3092=CARTESIAN_POINT('',(8.864839599,127.479094863,170.748233258));
#3093=CARTESIAN_POINT('',(8.819249994,127.487868979,170.744725345));
#3094=CARTESIAN_POINT('',(8.796554615,127.491938928,170.740976271));
#3095=CARTESIAN_POINT('',(8.752037676,127.499322119,170.729603725));
#3096=CARTESIAN_POINT('',(8.730216766,127.50263525,170.721980427));
#3097=CARTESIAN_POINT('',(8.688098684,127.508404376,170.703089904));
#3098=CARTESIAN_POINT('',(8.667802126,127.510860283,170.691822961));
#3099=CARTESIAN_POINT('',(8.629337221,127.514839834,170.6659833));
#3100=CARTESIAN_POINT('',(8.611169436,127.516363415,170.651410962));
#3101=CARTESIAN_POINT('',(8.594336415,127.517397076,170.635403664));
#3102=CARTESIAN_POINT('',(9.12722419,128.254011431,170.634226873));
#3103=CARTESIAN_POINT('',(9.126400337,128.254219149,170.634397226));
#3104=CARTESIAN_POINT('',(9.125575861,128.254426645,170.634564838));
#3105=CARTESIAN_POINT('',(9.104240761,128.259786277,170.638827928));
#3106=CARTESIAN_POINT('',(9.08335672,128.264798916,170.641228693));
#3107=CARTESIAN_POINT('',(9.041383543,128.274414429,170.642572883));
#3108=CARTESIAN_POINT('',(9.020294884,128.279017194,170.641516293));
#3109=CARTESIAN_POINT('',(8.978461693,128.287693077,170.635973214));
#3110=CARTESIAN_POINT('',(8.957717636,128.291766096,170.631486788));
#3111=CARTESIAN_POINT('',(8.917113913,128.299276398,170.6192008));
#3112=CARTESIAN_POINT('',(8.897254706,128.302713596,170.611401378));
#3113=CARTESIAN_POINT('',(8.858937911,128.308862723,170.592692452));
#3114=CARTESIAN_POINT('',(8.840480756,128.311574583,170.581783159));
#3115=CARTESIAN_POINT('',(8.805448791,128.316202391,170.557138539));
#3116=CARTESIAN_POINT('',(8.788874377,128.318118287,170.54340349));
#3117=CARTESIAN_POINT('',(8.773456986,128.319611269,170.528434249));
#3118=B_SPLINE_SURFACE_WITH_KNOTS('',3,3,((#2766,#2767,#2768,#2769,#2770,#2771,#2772,#2773,#2774,#2775,#2776,#2777,#2778,#2779,#2780,#2781),(#2782,#2783,#2784,#2785,#2786,#2787,#2788,#2789,#2790,#2791,#2792,#2793,#2794,#2795,#2796,#2797),(#2798,#2799,#2800,#2801,#2802,#2803,#2804,#2805,#2806,#2807,#2808,#2809,#2810,#2811,#2812,#2813),(#2814,#2815,#2816,#2817,#2818,#2819,#2820,#2821,#2822,#2823,#2824,#2825,#2826,#2827,#2828,#2829),(#2830,#2831,#2832,#2833,#2834,#2835,#2836,#2837,#2838,#2839,#2840,#2841,#2842,#2843,#2844,#2845),(#2846,#2847,#2848,#2849,#2850,#2851,#2852,#2853,#2854,#2855,#2856,#2857,#2858,#2859,#2860,#2861),(#2862,#2863,#2864,#2865,#2866,#2867,#2868,#2869,#2870,#2871,#2872,#2873,#2874,#2875,#2876,#2877),(#2878,#2879,#2880,#2881,#2882,#2883,#2884,#2885,#2886,#2887,#2888,#2889,#2890,#2891,#2892,#2893),(#2894,#2895,#2896,#2897,#2898,#2899,#2900,#2901,#2902,#2903,#2904,#2905,#2906,#2907,#2908,#2909),(#2910,#2911,#2912,#2913,#2914,#2915,#2916,#2917,#2918,#2919,#2920,#2921,#2922,#2923,#2924,#2925),(#2926,#2927,#2928,#2929,#2930,#2931,#2932,#2933,#2934,#2935,#2936,#2937,#2938,#2939,#2940,#2941),(#2942,#2943,#2944,#2945,#2946,#2947,#2948,#2949,#2950,#2951,#2952,#2953,#2954,#2955,#2956,#2957),(#2958,#2959,#2960,#2961,#2962,#2963,#2964,#2965,#2966,#2967,#2968,#2969,#2970,#2971,#2972,#2973),(#2974,#2975,#2976,#2977,#2978,#2979,#2980,#2981,#2982,#2983,#2984,#2985,#2986,#2987,#2988,#2989),(#2990,#2991,#2992,#2993,#2994,#2995,#2996,#2997,#2998,#2999,#3000,#3001,#3002,#3003,#3004,#3005),(#3006,#3007,#3008,#3009,#3010,#3011,#3012,#3013,#3014,#3015,#3016,#3017,#3018,#3019,#3020,#3021),(#3022,#3023,#3024,#3025,#3026,#3027,#3028,#3029,#3030,#3031,#3032,#3033,#3034,#3035,#3036,#3037),(#3038,#3039,#3040,#3041,#3042,#3043,#3044,#3045,#3046,#3047,#3048,#3049,#3050,#3051,#3052,#3053),(#3054,#3055,#3056,#3057,#3058,#3059,#3060,#3061,#3062,#3063,#3064,#3065,#3066,#3067,#3068,#3069),(#3070,#3071,#3072,#3073,#3074,#3075,#3076,#3077,#3078,#3079,#3080,#3081,#3082,#3083,#3084,#3085),(#3086,#3087,#3088,#3089,#3090,#3091,#3092,#3093,#3094,#3095,#3096,#3097,#3098,#3099,#3100,#3101),(#3102,#3103,#3104,#3105,#3106,#3107,#3108,#3109,#3110,#3111,#3112,#3113,#3114,#3115,#3116,#3117)),.UNSPECIFIED.,.F.,.F.,.U.,(4,2,2,2,2,2,2,2,2,2,4),(4,2,2,2,2,2,2,4),(0.010425426,0.01062901,0.010941961,0.011254912,0.011880814,0.012506716,0.01375852,0.015010324,0.016262129,0.017513933,0.020017541),(0.244971471,0.25,0.375,0.5,0.625,0.75,0.875,1.),.UNSPECIFIED.);
#3119=CARTESIAN_POINT('',(8.996304991,128.283990867,170.63832504));
#3120=VERTEX_POINT('',#3119);
#3121=CARTESIAN_POINT('',(8.996304991,128.283990867,170.63832504));
#3122=CARTESIAN_POINT('',(8.86756752,127.530927242,170.742024731));
#3123=CARTESIAN_POINT('',(8.759935794,126.776639707,170.860920393));
#3124=CARTESIAN_POINT('',(8.671498777,126.022889186,170.992682165));
#3125=CARTESIAN_POINT('',(8.583061759,125.269138665,171.124443937));
#3126=CARTESIAN_POINT('',(8.513597726,124.514739336,171.269195793));
#3127=CARTESIAN_POINT('',(8.466146248,123.762466258,171.429063227));
#3128=CARTESIAN_POINT('',(8.44242051,123.38632972,171.508996945));
#3129=CARTESIAN_POINT('',(8.424257515,123.010817603,171.59273992));
#3130=CARTESIAN_POINT('',(8.412918168,122.636138402,171.681450252));
#3131=CARTESIAN_POINT('',(8.401578821,122.261459202,171.770160584));
#3132=CARTESIAN_POINT('',(8.396935972,121.887237242,171.863806404));
#3133=CARTESIAN_POINT('',(8.40202544,121.515316735,171.964838984));
#3134=CARTESIAN_POINT('',(8.407114908,121.143396229,172.065871564));
#3135=CARTESIAN_POINT('',(8.421264227,120.772857006,172.173841596));
#3136=CARTESIAN_POINT('',(8.454076857,120.409256911,172.296815317));
#3137=CARTESIAN_POINT('',(8.470483172,120.227456863,172.358302178));
#3138=CARTESIAN_POINT('',(8.49146795,120.047690854,172.423362441));
#3139=CARTESIAN_POINT('',(8.521562154,119.872189163,172.496093767));
#3140=CARTESIAN_POINT('',(8.536609257,119.784438318,172.53245943));
#3141=CARTESIAN_POINT('',(8.553937989,119.697753385,172.570740861));
#3142=CARTESIAN_POINT('',(8.57537384,119.613064532,172.612670603));
#3143=CARTESIAN_POINT('',(8.596809691,119.528375679,172.654600345));
#3144=CARTESIAN_POINT('',(8.621608012,119.445801915,172.699238989));
#3145=CARTESIAN_POINT('',(8.655904089,119.371749686,172.75234701));
#3146=B_SPLINE_CURVE_WITH_KNOTS('',3,(#3121,#3122,#3123,#3124,#3125,#3126,#3127,#3128,#3129,#3130,#3131,#3132,#3133,#3134,#3135,#3136,#3137,#3138,#3139,#3140,#3141,#3142,#3143,#3144,#3145),.UNSPECIFIED.,.F.,.F.,(4,3,3,3,3,3,3,3,4),(0.,0.002312826,0.004625651,0.005782064,0.006938477,0.00809489,0.008673096,0.0089622,0.009251303),.UNSPECIFIED.);
#3147=EDGE_CURVE('',#3120,#2702,#3146,.T.);
#3148=ORIENTED_EDGE('',*,*,#3147,.F.);
#3149=CARTESIAN_POINT('',(8.773456986,128.319611269,170.528434249));
#3150=VERTEX_POINT('',#3149);
#3151=CARTESIAN_POINT('',(9.038901827,128.222597019,170.245366639));
#3152=DIRECTION('',(0.217592966,0.967663491,-0.127595727));
#3153=DIRECTION('',(-0.975638103,0.219386172,-0.));
#3154=AXIS2_PLACEMENT_3D('',#3151,#3152,#3153);
#3155=CIRCLE('',#3154,0.4);
#3156=EDGE_CURVE('',#3150,#3120,#3155,.T.);
#3157=ORIENTED_EDGE('',*,*,#3156,.F.);
#3158=CARTESIAN_POINT('',(8.005347289,119.288664915,172.984859197));
#3159=CARTESIAN_POINT('',(7.975090352,119.359165206,172.922753799));
#3160=CARTESIAN_POINT('',(7.952032445,119.438398382,172.866584744));
#3161=CARTESIAN_POINT('',(7.932946333,119.520950256,172.814150592));
#3162=CARTESIAN_POINT('',(7.913860221,119.603502129,172.761716441));
#3163=CARTESIAN_POINT('',(7.899037721,119.688772151,172.713593489));
#3164=CARTESIAN_POINT('',(7.886717704,119.775620106,172.667965947));
#3165=CARTESIAN_POINT('',(7.86207767,119.949316015,172.576710863));
#3166=CARTESIAN_POINT('',(7.847399063,120.129290614,172.495381027));
#3167=CARTESIAN_POINT('',(7.837858884,120.312412245,172.418986709));
#3168=CARTESIAN_POINT('',(7.828318705,120.495533876,172.342592392));
#3169=CARTESIAN_POINT('',(7.824206556,120.682273769,172.271328938));
#3170=CARTESIAN_POINT('',(7.823679432,120.869168501,172.204094906));
#3171=CARTESIAN_POINT('',(7.823152309,121.056063233,172.136860873));
#3172=CARTESIAN_POINT('',(7.826231994,121.243715171,172.073473538));
#3173=CARTESIAN_POINT('',(7.831961184,121.43189479,172.012809451));
#3174=CARTESIAN_POINT('',(7.843419565,121.808254027,171.891481279));
#3175=CARTESIAN_POINT('',(7.865348643,122.186693612,171.780897813));
#3176=CARTESIAN_POINT('',(7.894424467,122.566412532,171.677147982));
#3177=CARTESIAN_POINT('',(7.923500292,122.946131452,171.573398152));
#3178=CARTESIAN_POINT('',(7.959865254,123.327163757,171.476648803));
#3179=CARTESIAN_POINT('',(8.002181331,123.709183091,171.385315374));
#3180=CARTESIAN_POINT('',(8.086813485,124.47322176,171.202648517));
#3181=CARTESIAN_POINT('',(8.195112273,125.242020576,171.041148872));
#3182=CARTESIAN_POINT('',(8.323957428,126.012032255,170.898098113));
#3183=CARTESIAN_POINT('',(8.452802583,126.782043935,170.755047353));
#3184=CARTESIAN_POINT('',(8.601890105,127.551227234,170.630892659));
#3185=CARTESIAN_POINT('',(8.773456986,128.319611269,170.528434249));
#3186=B_SPLINE_CURVE_WITH_KNOTS('',3,(#3158,#3159,#3160,#3161,#3162,#3163,#3164,#3165,#3166,#3167,#3168,#3169,#3170,#3171,#3172,#3173,#3174,#3175,#3176,#3177,#3178,#3179,#3180,#3181,#3182,#3183,
#3184,#3185),.UNSPECIFIED.,.F.,.F.,(4,3,3,3,3,3,3,3,3,4),(0.010425426,0.01072518,0.011024934,0.011624441,0.012223948,0.012823455,0.014022469,0.015221484,0.017619512,0.020017541),.UNSPECIFIED.);
#3187=EDGE_CURVE('',#2714,#3150,#3186,.T.);
#3188=ORIENTED_EDGE('',*,*,#3187,.F.);
#3189=ORIENTED_EDGE('',*,*,#2729,.F.);
#3190=EDGE_LOOP('',(#3148,#3157,#3188,#3189));
#3191=FACE_BOUND('',#3190,.T.);
#3192=ADVANCED_FACE('',(#3191),#3118,.T.);
#3193=CARTESIAN_POINT('',(0.,128.077075644,179.884357274));
#3194=DIRECTION('',(-0.,-1.,-0.));
#3195=DIRECTION('',(0.,0.,-1.));
#3196=AXIS2_PLACEMENT_3D('',#3193,#3194,#3195);
#3197=TOROIDAL_SURFACE('',#3196,13.79616461,1.);
#3198=CARTESIAN_POINT('',(0.,129.066050685,166.23627497));
#3199=VERTEX_POINT('',#3198);
#3200=CARTESIAN_POINT('',(0.,128.319611269,167.058335165));
#3201=VERTEX_POINT('',#3200);
#3202=CARTESIAN_POINT('',(0.,128.077075644,166.088192665));
#3203=DIRECTION('',(1.,-0.,0.));
#3204=DIRECTION('',(0.,0.,-1.));
#3205=AXIS2_PLACEMENT_3D('',#3202,#3203,#3204);
#3206=CIRCLE('',#3205,1.);
#3207=EDGE_CURVE('',#3199,#3201,#3206,.T.);
#3208=ORIENTED_EDGE('',*,*,#3207,.T.);
#3209=CARTESIAN_POINT('',(0.,128.319611269,179.884357274));
#3210=DIRECTION('',(0.,1.,0.));
#3211=DIRECTION('',(-0.,-0.,1.));
#3212=AXIS2_PLACEMENT_3D('',#3209,#3210,#3211);
#3213=CIRCLE('',#3212,12.826022109);
#3214=EDGE_CURVE('',#3150,#3201,#3213,.T.);
#3215=ORIENTED_EDGE('',*,*,#3214,.F.);
#3216=CARTESIAN_POINT('',(9.643243157,129.077075644,170.018151349));
#3217=VERTEX_POINT('',#3216);
#3218=CARTESIAN_POINT('',(8.773456986,128.319611269,170.528434249));
#3219=CARTESIAN_POINT('',(8.796908833,128.435495418,170.510709713));
#3220=CARTESIAN_POINT('',(8.836501204,128.543211897,170.48099713));
#3221=CARTESIAN_POINT('',(8.89133482,128.639913799,170.442184641));
#3222=CARTESIAN_POINT('',(8.918751628,128.68826475,170.422778396));
#3223=CARTESIAN_POINT('',(8.949416207,128.732824523,170.401512296));
#3224=CARTESIAN_POINT('',(8.983267064,128.773772946,170.378784902));
#3225=CARTESIAN_POINT('',(9.017117922,128.814721369,170.356057507));
#3226=CARTESIAN_POINT('',(9.054566503,128.852356051,170.331612572));
#3227=CARTESIAN_POINT('',(9.094155869,128.885355848,170.306734334));
#3228=CARTESIAN_POINT('',(9.133745234,128.918355645,170.281856096));
#3229=CARTESIAN_POINT('',(9.175424871,128.946839893,170.25656467));
#3230=CARTESIAN_POINT('',(9.219102446,128.971146609,170.231189829));
#3231=CARTESIAN_POINT('',(9.26278002,128.995453326,170.205814988));
#3232=CARTESIAN_POINT('',(9.308779939,129.015631049,170.180198248));
#3233=CARTESIAN_POINT('',(9.355318772,129.031313425,170.155526791));
#3234=CARTESIAN_POINT('',(9.448396438,129.062678177,170.106183878));
#3235=CARTESIAN_POINT('',(9.545410227,129.077075644,170.059666119));
#3236=CARTESIAN_POINT('',(9.643243157,129.077075644,170.018151349));
#3237=B_SPLINE_CURVE_WITH_KNOTS('',3,(#3218,#3219,#3220,#3221,#3222,#3223,#3224,#3225,#3226,#3227,#3228,#3229,#3230,#3231,#3232,#3233,#3234,#3235,#3236),.UNSPECIFIED.,.F.,.F.,(4,3,3,3,3,3,4),(-0.,0.000212473,0.000318709,0.000424945,0.000531181,0.000637418,0.00084989),.UNSPECIFIED.);
#3238=EDGE_CURVE('',#3150,#3217,#3237,.T.);
#3239=ORIENTED_EDGE('',*,*,#3238,.T.);
#3240=CARTESIAN_POINT('',(2.843265365,129.077075644,166.384357274));
#3241=VERTEX_POINT('',#3240);
#3242=CARTESIAN_POINT('',(0.,129.077075644,179.884357274));
#3243=DIRECTION('',(-0.,-1.,-0.));
#3244=DIRECTION('',(0.,0.,-1.));
#3245=AXIS2_PLACEMENT_3D('',#3242,#3243,#3244);
#3246=CIRCLE('',#3245,13.79616461);
#3247=EDGE_CURVE('',#3241,#3217,#3246,.T.);
#3248=ORIENTED_EDGE('',*,*,#3247,.F.);
#3249=CARTESIAN_POINT('',(-2.843265365,129.077075644,166.384357274));
#3250=CARTESIAN_POINT('',(-2.370589189,129.077075644,166.335241624));
#3251=CARTESIAN_POINT('',(-1.897760413,129.073661416,166.298130334));
#3252=CARTESIAN_POINT('',(-1.423774454,129.070901623,166.273407177));
#3253=CARTESIAN_POINT('',(-0.949788495,129.06814183,166.248684021));
#3254=CARTESIAN_POINT('',(-0.474840875,129.06605135,166.236279409));
#3255=CARTESIAN_POINT('',(-0.000254825,129.066050685,166.236274971));
#3256=CARTESIAN_POINT('',(0.474331224,129.066050021,166.236270532));
#3257=CARTESIAN_POINT('',(0.949023521,129.068137463,166.248653988));
#3258=CARTESIAN_POINT('',(1.423203281,129.070898297,166.273377391));
#3259=CARTESIAN_POINT('',(1.897383042,129.073659132,166.298100793));
#3260=CARTESIAN_POINT('',(2.370908398,129.077075644,166.335274742));
#3261=CARTESIAN_POINT('',(2.843265365,129.077075644,166.384357274));
#3262=B_SPLINE_CURVE_WITH_KNOTS('',3,(#3249,#3250,#3251,#3252,#3253,#3254,#3255,#3256,#3257,#3258,#3259,#3260,#3261),.UNSPECIFIED.,.F.,.F.,(4,3,3,3,4),(-0.000013932,0.001409825,0.002833582,0.004257338,0.005681095),.UNSPECIFIED.);
#3263=EDGE_CURVE('',#3199,#3241,#3262,.T.);
#3264=ORIENTED_EDGE('',*,*,#3263,.F.);
#3265=EDGE_LOOP('',(#3208,#3215,#3239,#3248,#3264));
#3266=FACE_BOUND('',#3265,.T.);
#3267=ADVANCED_FACE('',(#3266),#3197,.T.);
#3268=CARTESIAN_POINT('',(0.,128.077075644,179.884357274));
#3269=DIRECTION('',(-0.,-1.,-0.));
#3270=DIRECTION('',(0.,0.,-1.));
#3271=AXIS2_PLACEMENT_3D('',#3268,#3269,#3270);
#3272=TOROIDAL_SURFACE('',#3271,13.79616461,1.);
#3273=CARTESIAN_POINT('',(11.74237623,129.077075644,172.64206769));
#3274=VERTEX_POINT('',#3273);
#3275=CARTESIAN_POINT('',(12.09524603,129.077075644,173.248154941));
#3276=VERTEX_POINT('',#3275);
#3277=CARTESIAN_POINT('',(0.,129.077075644,179.884357274));
#3278=DIRECTION('',(-0.,-1.,-0.));
#3279=DIRECTION('',(0.,0.,-1.));
#3280=AXIS2_PLACEMENT_3D('',#3277,#3278,#3279);
#3281=CIRCLE('',#3280,13.79616461);
#3282=EDGE_CURVE('',#3274,#3276,#3281,.T.);
#3283=ORIENTED_EDGE('',*,*,#3282,.F.);
#3284=CARTESIAN_POINT('',(11.053610583,128.319611269,173.378626244));
#3285=VERTEX_POINT('',#3284);
#3286=CARTESIAN_POINT('',(11.74237623,129.077075644,172.64206769));
#3287=CARTESIAN_POINT('',(11.680332594,129.077075644,172.728493251));
#3288=CARTESIAN_POINT('',(11.6144702,129.062949112,172.811932487));
#3289=CARTESIAN_POINT('',(11.545605383,129.031522269,172.892280348));
#3290=CARTESIAN_POINT('',(11.476740565,129.000095426,172.972628209));
#3291=CARTESIAN_POINT('',(11.406947218,128.951870339,173.047325238));
#3292=CARTESIAN_POINT('',(11.341246202,128.886299476,173.113467878));
#3293=CARTESIAN_POINT('',(11.308395695,128.853514045,173.146539197));
#3294=CARTESIAN_POINT('',(11.276114478,128.815781884,173.177933446));
#3295=CARTESIAN_POINT('',(11.24638577,128.774767878,173.20610064));
#3296=CARTESIAN_POINT('',(11.216657062,128.733753872,173.234267835));
#3297=CARTESIAN_POINT('',(11.189197484,128.689282412,173.259515006));
#3298=CARTESIAN_POINT('',(11.164337009,128.641270102,173.28193064));
#3299=CARTESIAN_POINT('',(11.139476534,128.593257792,173.304346273));
#3300=CARTESIAN_POINT('',(11.117103568,128.541231706,173.324018365));
#3301=CARTESIAN_POINT('',(11.098508335,128.487416298,173.340157205));
#3302=CARTESIAN_POINT('',(11.079913102,128.433600891,173.356296045));
#3303=CARTESIAN_POINT('',(11.064856125,128.377684739,173.369110164));
#3304=CARTESIAN_POINT('',(11.053610583,128.319611269,173.378626244));
#3305=B_SPLINE_CURVE_WITH_KNOTS('',3,(#3286,#3287,#3288,#3289,#3290,#3291,#3292,#3293,#3294,#3295,#3296,#3297,#3298,#3299,#3300,#3301,#3302,#3303,#3304),.UNSPECIFIED.,.F.,.F.,(4,3,3,3,3,3,4),(-0.,0.000212566,0.000425132,0.000531415,0.000637698,0.000743981,0.000850264),.UNSPECIFIED.);
#3306=EDGE_CURVE('',#3274,#3285,#3305,.T.);
#3307=ORIENTED_EDGE('',*,*,#3306,.T.);
#3308=CARTESIAN_POINT('',(11.244711656,128.319611269,173.714810863));
#3309=VERTEX_POINT('',#3308);
#3310=CARTESIAN_POINT('',(0.,128.319611269,179.884357274));
#3311=DIRECTION('',(0.,1.,0.));
#3312=DIRECTION('',(-0.,-0.,1.));
#3313=AXIS2_PLACEMENT_3D('',#3310,#3311,#3312);
#3314=CIRCLE('',#3313,12.826022109);
#3315=EDGE_CURVE('',#3309,#3285,#3314,.T.);
#3316=ORIENTED_EDGE('',*,*,#3315,.F.);
#3317=CARTESIAN_POINT('',(12.09524603,128.077075644,173.248154941));
#3318=DIRECTION('',(-0.481017915,0.,-0.876710765));
#3319=DIRECTION('',(0.876710765,-0.,-0.481017915));
#3320=AXIS2_PLACEMENT_3D('',#3317,#3318,#3319);
#3321=CIRCLE('',#3320,1.);
#3322=EDGE_CURVE('',#3309,#3276,#3321,.T.);
#3323=ORIENTED_EDGE('',*,*,#3322,.T.);
#3324=EDGE_LOOP('',(#3283,#3307,#3316,#3323));
#3325=FACE_BOUND('',#3324,.T.);
#3326=ADVANCED_FACE('',(#3325),#3272,.T.);
#3327=CARTESIAN_POINT('',(0.,129.077075644,184.884357274));
#3328=DIRECTION('',(-0.,-1.,-0.));
#3329=DIRECTION('',(0.,0.,-1.));
#3330=AXIS2_PLACEMENT_3D('',#3327,#3328,#3329);
#3331=PLANE('',#3330);
#3332=CARTESIAN_POINT('',(12.5,129.077075644,166.384357274));
#3333=VERTEX_POINT('',#3332);
#3334=CARTESIAN_POINT('',(12.5,129.077075644,166.384357274));
#3335=DIRECTION('',(-1.,0.,-0.));
#3336=VECTOR('',#3335,9.656734635);
#3337=LINE('',#3334,#3336);
#3338=EDGE_CURVE('',#3333,#3241,#3337,.T.);
#3339=ORIENTED_EDGE('',*,*,#3338,.T.);
#3340=ORIENTED_EDGE('',*,*,#3247,.T.);
#3341=CARTESIAN_POINT('',(10.,129.077075644,169.984357274));
#3342=VERTEX_POINT('',#3341);
#3343=CARTESIAN_POINT('',(10.,129.077075644,171.884357274));
#3344=DIRECTION('',(-0.,-1.,-0.));
#3345=DIRECTION('',(0.,0.,-1.));
#3346=AXIS2_PLACEMENT_3D('',#3343,#3344,#3345);
#3347=CIRCLE('',#3346,1.9);
#3348=EDGE_CURVE('',#3217,#3342,#3347,.T.);
#3349=ORIENTED_EDGE('',*,*,#3348,.T.);
#3350=CARTESIAN_POINT('',(10.,129.077075644,171.884357274));
#3351=DIRECTION('',(-0.,-1.,-0.));
#3352=DIRECTION('',(0.,0.,-1.));
#3353=AXIS2_PLACEMENT_3D('',#3350,#3351,#3352);
#3354=CIRCLE('',#3353,1.9);
#3355=EDGE_CURVE('',#3342,#3274,#3354,.T.);
#3356=ORIENTED_EDGE('',*,*,#3355,.T.);
#3357=ORIENTED_EDGE('',*,*,#3282,.T.);
#3358=CARTESIAN_POINT('',(12.5,129.077075644,171.884357274));
#3359=VERTEX_POINT('',#3358);
#3360=CARTESIAN_POINT('',(10.,129.077075644,171.884357274));
#3361=DIRECTION('',(0.,1.,0.));
#3362=DIRECTION('',(0.,0.,-1.));
#3363=AXIS2_PLACEMENT_3D('',#3360,#3361,#3362);
#3364=CIRCLE('',#3363,2.5);
#3365=EDGE_CURVE('',#3276,#3359,#3364,.T.);
#3366=ORIENTED_EDGE('',*,*,#3365,.T.);
#3367=CARTESIAN_POINT('',(12.5,129.077075644,171.884357274));
#3368=DIRECTION('',(-0.,0.,-1.));
#3369=VECTOR('',#3368,5.5);
#3370=LINE('',#3367,#3369);
#3371=EDGE_CURVE('',#3359,#3333,#3370,.T.);
#3372=ORIENTED_EDGE('',*,*,#3371,.T.);
#3373=EDGE_LOOP('',(#3339,#3340,#3349,#3356,#3357,#3366,#3372));
#3374=FACE_BOUND('',#3373,.T.);
#3375=ADVANCED_FACE('',(#3374),#3331,.F.);
#3376=CARTESIAN_POINT('',(0.,128.955807832,179.884357274));
#3377=DIRECTION('',(0.,1.,0.));
#3378=DIRECTION('',(-0.,-0.,1.));
#3379=AXIS2_PLACEMENT_3D('',#3376,#3377,#3378);
#3380=CONICAL_SURFACE('',#3379,12.98507125,14.036243468);
#3381=ORIENTED_EDGE('',*,*,#3214,.T.);
#3382=CARTESIAN_POINT('',(-8.773456986,128.319611269,170.528434249));
#3383=VERTEX_POINT('',#3382);
#3384=CARTESIAN_POINT('',(0.,128.319611269,179.884357274));
#3385=DIRECTION('',(0.,1.,0.));
#3386=DIRECTION('',(-0.,-0.,1.));
#3387=AXIS2_PLACEMENT_3D('',#3384,#3385,#3386);
#3388=CIRCLE('',#3387,12.826022109);
#3389=EDGE_CURVE('',#3201,#3383,#3388,.T.);
#3390=ORIENTED_EDGE('',*,*,#3389,.T.);
#3391=CARTESIAN_POINT('',(-8.773456986,128.319611269,170.528434249));
#3392=CARTESIAN_POINT('',(-8.601964936,127.551562373,170.630847971));
#3393=CARTESIAN_POINT('',(-8.453053847,126.783234216,170.754874482));
#3394=CARTESIAN_POINT('',(-8.324383577,126.014588885,170.89762162));
#3395=CARTESIAN_POINT('',(-8.195713308,125.245943553,171.040368759));
#3396=CARTESIAN_POINT('',(-8.087093292,124.475660466,171.202074853));
#3397=CARTESIAN_POINT('',(-8.002231515,123.709632734,171.385208229));
#3398=CARTESIAN_POINT('',(-7.959800627,123.326618869,171.476774916));
#3399=CARTESIAN_POINT('',(-7.923351039,122.944592278,171.573786384));
#3400=CARTESIAN_POINT('',(-7.894231773,122.563880522,171.677840947));
#3401=CARTESIAN_POINT('',(-7.865112507,122.183168767,171.781895509));
#3402=CARTESIAN_POINT('',(-7.843172846,121.803735528,171.89281806));
#3403=CARTESIAN_POINT('',(-7.831788314,121.426391493,172.014578353));
#3404=CARTESIAN_POINT('',(-7.820403781,121.049047459,172.136338647));
#3405=CARTESIAN_POINT('',(-7.818925153,120.675221599,172.267592409));
#3406=CARTESIAN_POINT('',(-7.83789937,120.311633672,172.419311438));
#3407=CARTESIAN_POINT('',(-7.847386479,120.129839709,172.495170953));
#3408=CARTESIAN_POINT('',(-7.861931236,119.950473086,172.576124973));
#3409=CARTESIAN_POINT('',(-7.886637163,119.776138532,172.667685936));
#3410=CARTESIAN_POINT('',(-7.898990126,119.688971255,172.713466418));
#3411=CARTESIAN_POINT('',(-7.913882099,119.603528784,172.761734268));
#3412=CARTESIAN_POINT('',(-7.932782105,119.521658286,172.8137003));
#3413=CARTESIAN_POINT('',(-7.95168211,119.439787787,172.865666332));
#3414=CARTESIAN_POINT('',(-7.9746371,119.360750737,172.921640134));
#3415=CARTESIAN_POINT('',(-8.004450194,119.290764947,172.983014422));
#3416=B_SPLINE_CURVE_WITH_KNOTS('',3,(#3391,#3392,#3393,#3394,#3395,#3396,#3397,#3398,#3399,#3400,#3401,#3402,#3403,#3404,#3405,#3406,#3407,#3408,#3409,#3410,#3411,#3412,#3413,#3414,#3415),.UNSPECIFIED.,.F.,.F.,(4,3,3,3,3,3,3,3,4),(0.,0.002376652,0.004753305,0.005941631,0.007129957,0.008318284,0.008912447,0.009209528,0.00950661),.UNSPECIFIED.);
#3417=EDGE_CURVE('',#3383,#1939,#3416,.T.);
#3418=ORIENTED_EDGE('',*,*,#3417,.T.);
#3419=ORIENTED_EDGE('',*,*,#1966,.T.);
#3420=ORIENTED_EDGE('',*,*,#2083,.T.);
#3421=ORIENTED_EDGE('',*,*,#2540,.T.);
#3422=CARTESIAN_POINT('',(-11.244711656,128.319611269,173.714810863));
#3423=VERTEX_POINT('',#3422);
#3424=CARTESIAN_POINT('',(0.,128.319611269,179.884357274));
#3425=DIRECTION('',(0.,1.,0.));
#3426=DIRECTION('',(-0.,-0.,1.));
#3427=AXIS2_PLACEMENT_3D('',#3424,#3425,#3426);
#3428=CIRCLE('',#3427,12.826022109);
#3429=EDGE_CURVE('',#2503,#3423,#3428,.T.);
#3430=ORIENTED_EDGE('',*,*,#3429,.T.);
#3431=CARTESIAN_POINT('',(-6.84066082,116.169162583,172.883048207));
#3432=VERTEX_POINT('',#3431);
#3433=CARTESIAN_POINT('',(-11.244711656,128.319611269,173.714810863));
#3434=CARTESIAN_POINT('',(-11.133565227,127.621728296,173.874945174));
#3435=CARTESIAN_POINT('',(-11.010188262,126.924437003,174.014164311));
#3436=CARTESIAN_POINT('',(-10.877925078,126.22742309,174.136841163));
#3437=CARTESIAN_POINT('',(-10.745661893,125.530409177,174.259518016));
#3438=CARTESIAN_POINT('',(-10.604424018,124.833681107,174.365538853));
#3439=CARTESIAN_POINT('',(-10.455497142,124.137121762,174.456613971));
#3440=CARTESIAN_POINT('',(-10.306570267,123.440562417,174.547689088));
#3441=CARTESIAN_POINT('',(-10.14995035,122.744172104,174.623813976));
#3442=CARTESIAN_POINT('',(-9.98553348,122.047970029,174.684914765));
#3443=CARTESIAN_POINT('',(-9.821116609,121.351767953,174.746015553));
#3444=CARTESIAN_POINT('',(-9.648976436,120.655746376,174.792185353));
#3445=CARTESIAN_POINT('',(-9.467162441,119.960110223,174.820990365));
#3446=CARTESIAN_POINT('',(-9.285348445,119.264474069,174.849795377));
#3447=CARTESIAN_POINT('',(-9.094255255,118.569181505,174.8617417));
#3448=CARTESIAN_POINT('',(-8.88706926,117.874933291,174.848166858));
#3449=CARTESIAN_POINT('',(-8.783476263,117.527809184,174.841379437));
#3450=CARTESIAN_POINT('',(-8.676206153,117.182414651,174.828119812));
#3451=CARTESIAN_POINT('',(-8.563599172,116.840800826,174.805669729));
#3452=CARTESIAN_POINT('',(-8.450992191,116.499187001,174.783219647));
#3453=CARTESIAN_POINT('',(-8.333250577,116.160899216,174.751985238));
#3454=CARTESIAN_POINT('',(-8.205176835,115.829099471,174.70449904));
#3455=CARTESIAN_POINT('',(-8.141139965,115.663199599,174.680755942));
#3456=CARTESIAN_POINT('',(-8.074489058,115.498940649,174.652905175));
#3457=CARTESIAN_POINT('',(-8.003382393,115.337440768,174.618290675));
#3458=CARTESIAN_POINT('',(-7.932275727,115.175940887,174.583676175));
#3459=CARTESIAN_POINT('',(-7.85691178,115.017202234,174.5425382));
#3460=CARTESIAN_POINT('',(-7.775175166,114.869300748,174.489597544));
#3461=CARTESIAN_POINT('',(-7.734306858,114.795350005,174.463127216));
#3462=CARTESIAN_POINT('',(-7.691753075,114.723893341,174.433670026));
#3463=CARTESIAN_POINT('',(-7.646281842,114.656728602,174.399090894));
#3464=CARTESIAN_POINT('',(-7.60081061,114.589563863,174.364511762));
#3465=CARTESIAN_POINT('',(-7.552415881,114.526709358,174.324797667));
#3466=CARTESIAN_POINT('',(-7.501450477,114.475377429,174.278040756));
#3467=CARTESIAN_POINT('',(-7.450485073,114.424045499,174.231283846));
#3468=CARTESIAN_POINT('',(-7.395570206,114.383632299,174.175954791));
#3469=CARTESIAN_POINT('',(-7.341307903,114.36764553,174.11339417));
#3470=CARTESIAN_POINT('',(-7.314176752,114.359652145,174.08211386));
#3471=CARTESIAN_POINT('',(-7.288018201,114.357874979,174.050000951));
#3472=CARTESIAN_POINT('',(-7.262833954,114.362350419,174.017046252));
#3473=CARTESIAN_POINT('',(-7.237649708,114.36682586,173.984091553));
#3474=CARTESIAN_POINT('',(-7.213559119,114.377756012,173.950377993));
#3475=CARTESIAN_POINT('',(-7.191728063,114.393501758,173.917898588));
#3476=CARTESIAN_POINT('',(-7.14806595,114.424993251,173.852939777));
#3477=CARTESIAN_POINT('',(-7.11179988,114.475908985,173.790812299));
#3478=CARTESIAN_POINT('',(-7.081645937,114.534627769,173.733707468));
#3479=CARTESIAN_POINT('',(-7.051491993,114.593346554,173.676602637));
#3480=CARTESIAN_POINT('',(-7.026898345,114.660594466,173.623590241));
#3481=CARTESIAN_POINT('',(-7.006113795,114.730288659,173.574476762));
#3482=CARTESIAN_POINT('',(-6.964544695,114.869677045,173.476249805));
#3483=CARTESIAN_POINT('',(-6.936473852,115.021920699,173.390425825));
#3484=CARTESIAN_POINT('',(-6.914317455,115.179706049,173.309878651));
#3485=CARTESIAN_POINT('',(-6.892161059,115.337491399,173.229331477));
#3486=CARTESIAN_POINT('',(-6.876444847,115.501214072,173.154596202));
#3487=CARTESIAN_POINT('',(-6.86477979,115.666613773,173.084064972));
#3488=CARTESIAN_POINT('',(-6.853114733,115.832013475,173.013533743));
#3489=CARTESIAN_POINT('',(-6.845510055,115.999799858,172.946981953));
#3490=CARTESIAN_POINT('',(-6.84066082,116.169162583,172.883048207));
#3491=B_SPLINE_CURVE_WITH_KNOTS('',3,(#3433,#3434,#3435,#3436,#3437,#3438,#3439,#3440,#3441,#3442,#3443,#3444,#3445,#3446,#3447,#3448,#3449,#3450,#3451,#3452,#3453,#3454,#3455,#3456,#3457,#3458,
#3459,#3460,#3461,#3462,#3463,#3464,#3465,#3466,#3467,#3468,#3469,#3470,#3471,#3472,#3473,#3474,#3475,#3476,#3477,#3478,#3479,#3480,#3481,#3482,#3483,
#3484,#3485,#3486,#3487,#3488,#3489,#3490),.UNSPECIFIED.,.F.,.F.,(4,3,3,3,3,3,3,3,3,3,3,3,3,3,3,3,3,3,3,4),(-0.,0.002185929,0.004371857,0.006557786,0.008743715,0.010929644,0.012022608,0.013115572,0.013662055,0.014208537,0.014481778,0.014755019,0.01502826,0.015164881,0.015301501,0.015574742,0.015847983,0.016394466,0.016940948,0.01748743),.UNSPECIFIED.);
#3492=EDGE_CURVE('',#3423,#3432,#3491,.T.);
#3493=ORIENTED_EDGE('',*,*,#3492,.T.);
#3494=CARTESIAN_POINT('',(-6.05890452,118.248910318,171.544591616));
#3495=VERTEX_POINT('',#3494);
#3496=CARTESIAN_POINT('',(-6.84066082,116.169162583,172.883048207));
#3497=CARTESIAN_POINT('',(-6.83428041,116.392002632,172.798926987));
#3498=CARTESIAN_POINT('',(-6.82200214,116.611900887,172.710886811));
#3499=CARTESIAN_POINT('',(-6.800786843,116.827491788,172.617215276));
#3500=CARTESIAN_POINT('',(-6.779571546,117.043082689,172.52354374));
#3501=CARTESIAN_POINT('',(-6.749900038,117.254585829,172.42452191));
#3502=CARTESIAN_POINT('',(-6.703723982,117.458358109,172.31557153));
#3503=CARTESIAN_POINT('',(-6.680635955,117.560244249,172.261096341));
#3504=CARTESIAN_POINT('',(-6.653205747,117.66017859,172.203979283));
#3505=CARTESIAN_POINT('',(-6.619887028,117.754601049,172.144420155));
#3506=CARTESIAN_POINT('',(-6.586568309,117.849023509,172.084861027));
#3507=CARTESIAN_POINT('',(-6.547435689,117.938665931,172.022638607));
#3508=CARTESIAN_POINT('',(-6.497570624,118.019223022,171.955735684));
#3509=CARTESIAN_POINT('',(-6.472638091,118.059501567,171.922284223));
#3510=CARTESIAN_POINT('',(-6.445434453,118.096678451,171.888278979));
#3511=CARTESIAN_POINT('',(-6.415118219,118.129613214,171.853523881));
#3512=CARTESIAN_POINT('',(-6.384801986,118.162547977,171.818768783));
#3513=CARTESIAN_POINT('',(-6.35091433,118.191544089,171.782810247));
#3514=CARTESIAN_POINT('',(-6.313770908,118.213643691,171.746997778));
#3515=CARTESIAN_POINT('',(-6.276627486,118.235743293,171.711185309));
#3516=CARTESIAN_POINT('',(-6.236045927,118.250964603,171.675375309));
#3517=CARTESIAN_POINT('',(-6.192823021,118.257176235,171.640961949));
#3518=CARTESIAN_POINT('',(-6.149600115,118.263387867,171.606548589));
#3519=CARTESIAN_POINT('',(-6.104948163,118.260571182,171.574439335));
#3520=CARTESIAN_POINT('',(-6.058904539,118.248909983,171.544591733));
#3521=B_SPLINE_CURVE_WITH_KNOTS('',3,(#3496,#3497,#3498,#3499,#3500,#3501,#3502,#3503,#3504,#3505,#3506,#3507,#3508,#3509,#3510,#3511,#3512,#3513,#3514,#3515,#3516,#3517,#3518,#3519,#3520),.UNSPECIFIED.,.F.,.F.,(4,3,3,3,3,3,3,3,4),(-0.000000005,0.00072264,0.001445285,0.001806607,0.00216793,0.002348591,0.002529252,0.002709914,0.002890575),.UNSPECIFIED.);
#3522=EDGE_CURVE('',#3432,#3495,#3521,.T.);
#3523=ORIENTED_EDGE('',*,*,#3522,.T.);
#3524=CARTESIAN_POINT('',(6.058911426,118.248912067,171.544596093));
#3525=VERTEX_POINT('',#3524);
#3526=CARTESIAN_POINT('',(-6.058904549,118.248910636,171.544591538));
#3527=CARTESIAN_POINT('',(-5.61155818,118.135618738,171.254599474));
#3528=CARTESIAN_POINT('',(-5.148468818,118.035526704,170.999791516));
#3529=CARTESIAN_POINT('',(-4.670090852,117.948528717,170.778881607));
#3530=CARTESIAN_POINT('',(-4.191712886,117.861530731,170.557971698));
#3531=CARTESIAN_POINT('',(-3.698033553,117.787557979,170.370966599));
#3532=CARTESIAN_POINT('',(-3.188464517,117.727252153,170.218748108));
#3533=CARTESIAN_POINT('',(-2.933679999,117.697099239,170.142638862));
#3534=CARTESIAN_POINT('',(-2.674924292,117.670392361,170.075257704));
#3535=CARTESIAN_POINT('',(-2.411988279,117.647237183,170.016944962));
#3536=CARTESIAN_POINT('',(-2.149052265,117.624082005,169.958632221));
#3537=CARTESIAN_POINT('',(-1.882230729,117.604581866,169.909569198));
#3538=CARTESIAN_POINT('',(-1.616330238,117.589073502,169.870577272));
#3539=CARTESIAN_POINT('',(-1.084529256,117.558056774,169.792593419));
#3540=CARTESIAN_POINT('',(-0.551349601,117.542481068,169.753510711));
#3541=CARTESIAN_POINT('',(-0.016665055,117.542163966,169.752710696));
#3542=CARTESIAN_POINT('',(0.250677218,117.542005416,169.752310689));
#3543=CARTESIAN_POINT('',(0.518397635,117.545672493,169.761520314));
#3544=CARTESIAN_POINT('',(0.786523794,117.553228293,169.780497711));
#3545=CARTESIAN_POINT('',(1.054649953,117.560784094,169.799475107));
#3546=CARTESIAN_POINT('',(1.324210901,117.572288825,169.828379834));
#3547=CARTESIAN_POINT('',(1.591674666,117.587645602,169.866990186));
#3548=CARTESIAN_POINT('',(2.126602196,117.618359154,169.944210889));
#3549=CARTESIAN_POINT('',(2.648999466,117.664032716,170.059138883));
#3550=CARTESIAN_POINT('',(3.159594671,117.723872842,170.210161103));
#3551=CARTESIAN_POINT('',(3.670189876,117.783712969,170.361183324));
#3552=CARTESIAN_POINT('',(4.168977688,117.857741546,170.548309476));
#3553=CARTESIAN_POINT('',(4.655851922,117.945970192,170.772310965));
#3554=CARTESIAN_POINT('',(5.142726156,118.034198838,170.996312453));
#3555=CARTESIAN_POINT('',(5.611390797,118.135576071,171.254490536));
#3556=CARTESIAN_POINT('',(6.058911358,118.248912222,171.544595995));
#3557=B_SPLINE_CURVE_WITH_KNOTS('',3,(#3526,#3527,#3528,#3529,#3530,#3531,#3532,#3533,#3534,#3535,#3536,#3537,#3538,#3539,#3540,#3541,#3542,#3543,#3544,#3545,#3546,#3547,#3548,#3549,#3550,#3551,
#3552,#3553,#3554,#3555,#3556),.UNSPECIFIED.,.F.,.F.,(4,3,3,3,3,3,3,3,3,3,4),(0.000000005,0.00174786,0.003495716,0.004369643,0.005243571,0.006991426,0.007865353,0.008739281,0.010487136,0.012234991,0.013982846),.UNSPECIFIED.);
#3558=EDGE_CURVE('',#3495,#3525,#3557,.T.);
#3559=ORIENTED_EDGE('',*,*,#3558,.T.);
#3560=CARTESIAN_POINT('',(6.84066082,116.169162583,172.883048207));
#3561=VERTEX_POINT('',#3560);
#3562=CARTESIAN_POINT('',(6.058911405,118.248911743,171.544596177));
#3563=CARTESIAN_POINT('',(6.104820543,118.260538039,171.574356913));
#3564=CARTESIAN_POINT('',(6.150527486,118.263303391,171.60726889));
#3565=CARTESIAN_POINT('',(6.193155887,118.257130409,171.641226353));
#3566=CARTESIAN_POINT('',(6.235784287,118.250957426,171.675183816));
#3567=CARTESIAN_POINT('',(6.27596813,118.236039877,171.710585102));
#3568=CARTESIAN_POINT('',(6.313175054,118.213996412,171.746423887));
#3569=CARTESIAN_POINT('',(6.387588903,118.169909482,171.818101457));
#3570=CARTESIAN_POINT('',(6.447502735,118.09991256,171.88863612));
#3571=CARTESIAN_POINT('',(6.49683081,118.020498736,171.95471715));
#3572=CARTESIAN_POINT('',(6.546158886,117.941084912,172.020798179));
#3573=CARTESIAN_POINT('',(6.585798156,117.850968469,172.083571493));
#3574=CARTESIAN_POINT('',(6.619330548,117.756195136,172.143419874));
#3575=CARTESIAN_POINT('',(6.65286294,117.661421802,172.203268255));
#3576=CARTESIAN_POINT('',(6.680158876,117.561934179,172.260115371));
#3577=CARTESIAN_POINT('',(6.703344457,117.459835344,172.314742092));
#3578=CARTESIAN_POINT('',(6.749715618,117.255637674,172.423995534));
#3579=CARTESIAN_POINT('',(6.779482646,117.043832379,172.52320591));
#3580=CARTESIAN_POINT('',(6.800736789,116.828000198,172.616994358));
#3581=CARTESIAN_POINT('',(6.821990931,116.612168018,172.710782806));
#3582=CARTESIAN_POINT('',(6.834277436,116.392106503,172.798887777));
#3583=CARTESIAN_POINT('',(6.84066082,116.169162583,172.883048207));
#3584=B_SPLINE_CURVE_WITH_KNOTS('',3,(#3562,#3563,#3564,#3565,#3566,#3567,#3568,#3569,#3570,#3571,#3572,#3573,#3574,#3575,#3576,#3577,#3578,#3579,#3580,#3581,#3582,#3583),.UNSPECIFIED.,.F.,.F.,(4,3,3,3,3,3,3,4),(-0.,0.000179246,0.000358493,0.000716986,0.001075479,0.001433972,0.002150958,0.002867944),.UNSPECIFIED.);
#3585=EDGE_CURVE('',#3525,#3561,#3584,.T.);
#3586=ORIENTED_EDGE('',*,*,#3585,.T.);
#3587=CARTESIAN_POINT('',(6.84066082,116.169162583,172.883048207));
#3588=CARTESIAN_POINT('',(6.84548643,116.000624977,172.946670474));
#3589=CARTESIAN_POINT('',(6.853069162,115.833893291,173.012829203));
#3590=CARTESIAN_POINT('',(6.864588876,115.669807382,173.082737857));
#3591=CARTESIAN_POINT('',(6.876108589,115.505721473,173.152646511));
#3592=CARTESIAN_POINT('',(6.891457006,115.344205102,173.226194513));
#3593=CARTESIAN_POINT('',(6.913280083,115.187132286,173.30609428));
#3594=CARTESIAN_POINT('',(6.924191621,115.108595878,173.346044164));
#3595=CARTESIAN_POINT('',(6.936745017,115.031186727,173.387605695));
#3596=CARTESIAN_POINT('',(6.951676062,114.955424344,173.431531704));
#3597=CARTESIAN_POINT('',(6.966607108,114.87966196,173.475457713));
#3598=CARTESIAN_POINT('',(6.983964145,114.805173528,173.52193763));
#3599=CARTESIAN_POINT('',(7.004643966,114.735099229,173.571048659));
#3600=CARTESIAN_POINT('',(7.025323787,114.66502493,173.620159689));
#3601=CARTESIAN_POINT('',(7.049256003,114.598918811,173.671962975));
#3602=CARTESIAN_POINT('',(7.078968257,114.539900148,173.728616927));
#3603=CARTESIAN_POINT('',(7.108680511,114.480881484,173.785270878));
#3604=CARTESIAN_POINT('',(7.143616869,114.430080861,173.845700017));
#3605=CARTESIAN_POINT('',(7.187056651,114.396973841,173.910914241));
#3606=CARTESIAN_POINT('',(7.208776542,114.380420332,173.943521354));
#3607=CARTESIAN_POINT('',(7.232014122,114.368945378,173.976348834));
#3608=CARTESIAN_POINT('',(7.256947845,114.36351326,174.00930559));
#3609=CARTESIAN_POINT('',(7.281881567,114.358081142,174.042262346));
#3610=CARTESIAN_POINT('',(7.308402962,114.358955042,174.075126258));
#3611=CARTESIAN_POINT('',(7.33508263,114.365915501,174.106182619));
#3612=CARTESIAN_POINT('',(7.361762297,114.372875961,174.137238979));
#3613=CARTESIAN_POINT('',(7.389258369,114.386076154,174.167260779));
#3614=CARTESIAN_POINT('',(7.415837975,114.403599328,174.19470758));
#3615=CARTESIAN_POINT('',(7.44241758,114.421122502,174.222154381));
#3616=CARTESIAN_POINT('',(7.468411056,114.442942976,174.247447871));
#3617=CARTESIAN_POINT('',(7.493970439,114.467971491,174.271133916));
#3618=CARTESIAN_POINT('',(7.545089203,114.51802852,174.318506005));
#3619=CARTESIAN_POINT('',(7.593440767,114.579737512,174.358544771));
#3620=CARTESIAN_POINT('',(7.639265598,114.646501239,174.393703433));
#3621=CARTESIAN_POINT('',(7.68509043,114.713264966,174.428862094));
#3622=CARTESIAN_POINT('',(7.727936375,114.784467599,174.458780398));
#3623=CARTESIAN_POINT('',(7.768957177,114.858094757,174.485554629));
#3624=CARTESIAN_POINT('',(7.850998779,115.005349071,174.539103089));
#3625=CARTESIAN_POINT('',(7.926226848,115.162942372,174.580470189));
#3626=CARTESIAN_POINT('',(7.997580315,115.324273741,174.615464234));
#3627=CARTESIAN_POINT('',(8.068933782,115.485605109,174.65045828));
#3628=CARTESIAN_POINT('',(8.136071401,115.650451423,174.678738884));
#3629=CARTESIAN_POINT('',(8.200688649,115.817440542,174.702851044));
#3630=CARTESIAN_POINT('',(8.265305898,115.98442966,174.726963204));
#3631=CARTESIAN_POINT('',(8.327402208,116.153819461,174.746815618));
#3632=CARTESIAN_POINT('',(8.387300527,116.323416924,174.763556702));
#3633=CARTESIAN_POINT('',(8.447198845,116.493014387,174.780297786));
#3634=CARTESIAN_POINT('',(8.505009583,116.663199843,174.793931826));
#3635=CARTESIAN_POINT('',(8.561295392,116.833813303,174.805209982));
#3636=CARTESIAN_POINT('',(8.673867009,117.175040221,174.827766295));
#3637=CARTESIAN_POINT('',(8.780424794,117.517954415,174.841016326));
#3638=CARTESIAN_POINT('',(8.883183838,117.861924036,174.847907571));
#3639=CARTESIAN_POINT('',(9.088701926,118.549863277,174.861690061));
#3640=CARTESIAN_POINT('',(9.279234628,119.241963794,174.850321736));
#3641=CARTESIAN_POINT('',(9.460973641,119.936443481,174.821964847));
#3642=CARTESIAN_POINT('',(9.642712655,120.630923167,174.793607957));
#3643=CARTESIAN_POINT('',(9.815308339,121.327881801,174.747793571));
#3644=CARTESIAN_POINT('',(9.980527829,122.026795354,174.686763587));
#3645=CARTESIAN_POINT('',(10.145747319,122.725708907,174.625733603));
#3646=CARTESIAN_POINT('',(10.303740884,123.427626794,174.549258055));
#3647=CARTESIAN_POINT('',(10.453653481,124.128498045,174.457741756));
#3648=CARTESIAN_POINT('',(10.603566079,124.829369295,174.366225457));
#3649=CARTESIAN_POINT('',(10.745419929,125.529046551,174.259789335));
#3650=CARTESIAN_POINT('',(10.877963506,126.227578316,174.136830822));
#3651=CARTESIAN_POINT('',(11.010507082,126.92611008,174.013872309));
#3652=CARTESIAN_POINT('',(11.133849364,127.623512378,173.874535803));
#3653=CARTESIAN_POINT('',(11.244711656,128.319611269,173.714810863));
#3654=B_SPLINE_CURVE_WITH_KNOTS('',3,(#3587,#3588,#3589,#3590,#3591,#3592,#3593,#3594,#3595,#3596,#3597,#3598,#3599,#3600,#3601,#3602,#3603,#3604,#3605,#3606,#3607,#3608,#3609,#3610,#3611,#3612,
#3613,#3614,#3615,#3616,#3617,#3618,#3619,#3620,#3621,#3622,#3623,#3624,#3625,#3626,#3627,#3628,#3629,#3630,#3631,#3632,#3633,#3634,#3635,#3636,#3637,
#3638,#3639,#3640,#3641,#3642,#3643,#3644,#3645,#3646,#3647,#3648,#3649,#3650,#3651,#3652,#3653),.UNSPECIFIED.,.F.,.F.,(4,3,3,3,3,3,3,3,3,3,3,3,3,3,3,3,3,3,3,3,3,3,4),(0.,0.000541335,0.00108267,0.001353337,0.001624005,0.001894672,0.00216534,0.002300674,0.002436007,0.002571341,0.002706675,0.002977342,0.00324801,0.003789345,0.00433068,0.004872015,0.00541335,0.00649602,0.008661359,0.010826699,0.012992039,0.015157379,0.017322719),.UNSPECIFIED.);
#3655=EDGE_CURVE('',#3561,#3309,#3654,.T.);
#3656=ORIENTED_EDGE('',*,*,#3655,.T.);
#3657=ORIENTED_EDGE('',*,*,#3315,.T.);
#3658=CARTESIAN_POINT('',(11.053610583,128.319611269,173.378626244));
#3659=CARTESIAN_POINT('',(10.91605016,127.551562373,173.523454501));
#3660=CARTESIAN_POINT('',(10.762360886,126.783234216,173.641508281));
#3661=CARTESIAN_POINT('',(10.594850692,126.014588885,173.735705514));
#3662=CARTESIAN_POINT('',(10.427340497,125.245943553,173.829902746));
#3663=CARTESIAN_POINT('',(10.245735036,124.475660466,173.900377033));
#3664=CARTESIAN_POINT('',(10.048440133,123.709632734,173.942969001));
#3665=CARTESIAN_POINT('',(9.949792682,123.326618869,173.964264986));
#3666=CARTESIAN_POINT('',(9.847146218,122.944592278,173.978530358));
#3667=CARTESIAN_POINT('',(9.739237538,122.563880522,173.984098153));
#3668=CARTESIAN_POINT('',(9.631328858,122.183168767,173.989665948));
#3669=CARTESIAN_POINT('',(9.518295712,121.803735528,173.986721642));
#3670=CARTESIAN_POINT('',(9.397006138,121.426391493,173.971100634));
#3671=CARTESIAN_POINT('',(9.275716564,121.049047459,173.955479625));
#3672=CARTESIAN_POINT('',(9.147339536,120.675221599,173.928110388));
#3673=CARTESIAN_POINT('',(9.003486043,120.311633672,173.87629478));
#3674=CARTESIAN_POINT('',(8.931559297,120.129839709,173.850386976));
#3675=CARTESIAN_POINT('',(8.855772517,119.950473086,173.818426574));
#3676=CARTESIAN_POINT('',(8.771868,119.776138532,173.774224482));
#3677=CARTESIAN_POINT('',(8.729915742,119.688971255,173.752123437));
#3678=CARTESIAN_POINT('',(8.686094126,119.603528784,173.726999301));
#3679=CARTESIAN_POINT('',(8.63954434,119.521658286,173.697153094));
#3680=CARTESIAN_POINT('',(8.592994553,119.439787787,173.667306886));
#3681=CARTESIAN_POINT('',(8.543424866,119.360750737,173.632624842));
#3682=CARTESIAN_POINT('',(8.49009185,119.290764947,173.590066492));
#3683=B_SPLINE_CURVE_WITH_KNOTS('',3,(#3658,#3659,#3660,#3661,#3662,#3663,#3664,#3665,#3666,#3667,#3668,#3669,#3670,#3671,#3672,#3673,#3674,#3675,#3676,#3677,#3678,#3679,#3680,#3681,#3682),.UNSPECIFIED.,.F.,.F.,(4,3,3,3,3,3,3,3,4),(0.,0.002376652,0.004753305,0.005941631,0.007129957,0.008318284,0.008912447,0.009209528,0.00950661),.UNSPECIFIED.);
#3684=EDGE_CURVE('',#3285,#2616,#3683,.T.);
#3685=ORIENTED_EDGE('',*,*,#3684,.T.);
#3686=ORIENTED_EDGE('',*,*,#2643,.T.);
#3687=ORIENTED_EDGE('',*,*,#2760,.T.);
#3688=ORIENTED_EDGE('',*,*,#3187,.T.);
#3689=EDGE_LOOP('',(#3381,#3390,#3418,#3419,#3420,#3421,#3430,#3493,#3523,#3559,#3586,#3656,#3657,#3685,#3686,#3687,#3688));
#3690=FACE_BOUND('',#3689,.T.);
#3691=ADVANCED_FACE('',(#3690),#3380,.F.);
#3692=CARTESIAN_POINT('',(-12.5,128.077075644,168.384357274));
#3693=DIRECTION('',(0.,0.,-1.));
#3694=DIRECTION('',(-1.,0.,-0.));
#3695=AXIS2_PLACEMENT_3D('',#3692,#3693,#3694);
#3696=CYLINDRICAL_SURFACE('',#3695,1.);
#3697=ORIENTED_EDGE('',*,*,#1805,.F.);
#3698=CARTESIAN_POINT('',(-12.5,128.077075644,166.384357274));
#3699=DIRECTION('',(-0.,-0.,1.));
#3700=DIRECTION('',(1.,-0.,0.));
#3701=AXIS2_PLACEMENT_3D('',#3698,#3699,#3700);
#3702=CIRCLE('',#3701,1.);
#3703=EDGE_CURVE('',#1792,#1642,#3702,.T.);
#3704=ORIENTED_EDGE('',*,*,#3703,.T.);
#3705=ORIENTED_EDGE('',*,*,#1864,.F.);
#3706=CARTESIAN_POINT('',(-12.5,128.077075644,171.884357274));
#3707=DIRECTION('',(-0.,-0.,1.));
#3708=DIRECTION('',(1.,-0.,0.));
#3709=AXIS2_PLACEMENT_3D('',#3706,#3707,#3708);
#3710=CIRCLE('',#3709,1.);
#3711=EDGE_CURVE('',#1800,#441,#3710,.T.);
#3712=ORIENTED_EDGE('',*,*,#3711,.F.);
#3713=EDGE_LOOP('',(#3697,#3704,#3705,#3712));
#3714=FACE_BOUND('',#3713,.T.);
#3715=ADVANCED_FACE('',(#3714),#3696,.T.);
#3716=CARTESIAN_POINT('',(12.5,128.077075644,184.884357274));
#3717=DIRECTION('',(0.,-0.,1.));
#3718=DIRECTION('',(1.,-0.,-0.));
#3719=AXIS2_PLACEMENT_3D('',#3716,#3717,#3718);
#3720=CYLINDRICAL_SURFACE('',#3719,1.);
#3721=ORIENTED_EDGE('',*,*,#1343,.F.);
#3722=CARTESIAN_POINT('',(12.5,128.077075644,166.384357274));
#3723=DIRECTION('',(0.,-0.,1.));
#3724=DIRECTION('',(-1.,-0.,0.));
#3725=AXIS2_PLACEMENT_3D('',#3722,#3723,#3724);
#3726=CIRCLE('',#3725,1.);
#3727=EDGE_CURVE('',#1332,#3333,#3726,.T.);
#3728=ORIENTED_EDGE('',*,*,#3727,.T.);
#3729=ORIENTED_EDGE('',*,*,#3371,.F.);
#3730=CARTESIAN_POINT('',(12.5,128.077075644,171.884357274));
#3731=DIRECTION('',(-0.,-0.,1.));
#3732=DIRECTION('',(1.,-0.,0.));
#3733=AXIS2_PLACEMENT_3D('',#3730,#3731,#3732);
#3734=CIRCLE('',#3733,1.);
#3735=EDGE_CURVE('',#732,#3359,#3734,.T.);
#3736=ORIENTED_EDGE('',*,*,#3735,.F.);
#3737=EDGE_LOOP('',(#3721,#3728,#3729,#3736));
#3738=FACE_BOUND('',#3737,.T.);
#3739=ADVANCED_FACE('',(#3738),#3720,.T.);
#3740=CARTESIAN_POINT('',(-10.,128.077075644,171.884357274));
#3741=DIRECTION('',(-0.,-1.,-0.));
#3742=DIRECTION('',(0.,0.,-1.));
#3743=AXIS2_PLACEMENT_3D('',#3740,#3741,#3742);
#3744=TOROIDAL_SURFACE('',#3743,2.5,1.);
#3745=ORIENTED_EDGE('',*,*,#447,.F.);
#3746=CARTESIAN_POINT('',(-12.09524603,128.077075644,173.248154941));
#3747=DIRECTION('',(-0.545519067,0.,-0.838098412));
#3748=DIRECTION('',(-0.838098412,0.,0.545519067));
#3749=AXIS2_PLACEMENT_3D('',#3746,#3747,#3748);
#3750=CIRCLE('',#3749,1.);
#3751=EDGE_CURVE('',#168,#1808,#3750,.T.);
#3752=ORIENTED_EDGE('',*,*,#3751,.T.);
#3753=ORIENTED_EDGE('',*,*,#1814,.F.);
#3754=ORIENTED_EDGE('',*,*,#3711,.T.);
#3755=EDGE_LOOP('',(#3745,#3752,#3753,#3754));
#3756=FACE_BOUND('',#3755,.T.);
#3757=ADVANCED_FACE('',(#3756),#3744,.T.);
#3758=CARTESIAN_POINT('',(10.,128.077075644,171.884357274));
#3759=DIRECTION('',(-0.,-1.,-0.));
#3760=DIRECTION('',(0.,0.,-1.));
#3761=AXIS2_PLACEMENT_3D('',#3758,#3759,#3760);
#3762=TOROIDAL_SURFACE('',#3761,2.5,1.);
#3763=ORIENTED_EDGE('',*,*,#3365,.F.);
#3764=CARTESIAN_POINT('',(12.09524603,128.077075644,173.248154941));
#3765=DIRECTION('',(0.545519067,0.,-0.838098412));
#3766=DIRECTION('',(0.838098412,-0.,0.545519067));
#3767=AXIS2_PLACEMENT_3D('',#3764,#3765,#3766);
#3768=CIRCLE('',#3767,1.);
#3769=EDGE_CURVE('',#3276,#740,#3768,.T.);
#3770=ORIENTED_EDGE('',*,*,#3769,.T.);
#3771=ORIENTED_EDGE('',*,*,#746,.F.);
#3772=ORIENTED_EDGE('',*,*,#3735,.T.);
#3773=EDGE_LOOP('',(#3763,#3770,#3771,#3772));
#3774=FACE_BOUND('',#3773,.T.);
#3775=ADVANCED_FACE('',(#3774),#3762,.T.);
#3776=CARTESIAN_POINT('',(0.,128.077075644,179.884357274));
#3777=DIRECTION('',(-0.,-1.,-0.));
#3778=DIRECTION('',(0.,0.,-1.));
#3779=AXIS2_PLACEMENT_3D('',#3776,#3777,#3778);
#3780=TOROIDAL_SURFACE('',#3779,13.79616461,1.);
#3781=ORIENTED_EDGE('',*,*,#3429,.F.);
#3782=CARTESIAN_POINT('',(-11.053610583,128.319611269,173.378626244));
#3783=CARTESIAN_POINT('',(-11.07605078,128.435495418,173.359637146));
#3784=CARTESIAN_POINT('',(-11.113729673,128.543211897,173.327532717));
#3785=CARTESIAN_POINT('',(-11.163632164,128.639913799,173.282556321));
#3786=CARTESIAN_POINT('',(-11.188583409,128.68826475,173.260068123));
#3787=CARTESIAN_POINT('',(-11.216062073,128.732824523,173.234819629));
#3788=CARTESIAN_POINT('',(-11.245665817,128.773772946,173.206783342));
#3789=CARTESIAN_POINT('',(-11.275269561,128.814721369,173.178747056));
#3790=CARTESIAN_POINT('',(-11.307338698,128.852356051,173.147577815));
#3791=CARTESIAN_POINT('',(-11.340300498,128.885355848,173.114415121));
#3792=CARTESIAN_POINT('',(-11.373262298,128.918355645,173.081252426));
#3793=CARTESIAN_POINT('',(-11.407086049,128.946839893,173.046141142));
#3794=CARTESIAN_POINT('',(-11.441429752,128.971146609,173.009098962));
#3795=CARTESIAN_POINT('',(-11.475773455,128.995453326,172.972056781));
#3796=CARTESIAN_POINT('',(-11.510862939,129.015631049,172.932801998));
#3797=CARTESIAN_POINT('',(-11.545148495,129.031313425,172.892813944));
#3798=CARTESIAN_POINT('',(-11.613719605,129.062678177,172.812837836));
#3799=CARTESIAN_POINT('',(-11.680398494,129.077075644,172.728401453));
#3800=CARTESIAN_POINT('',(-11.74237623,129.077075644,172.64206769));
#3801=B_SPLINE_CURVE_WITH_KNOTS('',3,(#3782,#3783,#3784,#3785,#3786,#3787,#3788,#3789,#3790,#3791,#3792,#3793,#3794,#3795,#3796,#3797,#3798,#3799,#3800),.UNSPECIFIED.,.F.,.F.,(4,3,3,3,3,3,4),(0.,0.000212473,0.000318709,0.000424945,0.000531181,0.000637418,0.00084989),.UNSPECIFIED.);
#3802=EDGE_CURVE('',#2503,#1817,#3801,.T.);
#3803=ORIENTED_EDGE('',*,*,#3802,.T.);
#3804=ORIENTED_EDGE('',*,*,#1823,.F.);
#3805=CARTESIAN_POINT('',(-12.09524603,128.077075644,173.248154941));
#3806=DIRECTION('',(0.481017915,-0.,-0.876710765));
#3807=DIRECTION('',(-0.876710765,0.,-0.481017915));
#3808=AXIS2_PLACEMENT_3D('',#3805,#3806,#3807);
#3809=CIRCLE('',#3808,1.);
#3810=EDGE_CURVE('',#1808,#3423,#3809,.T.);
#3811=ORIENTED_EDGE('',*,*,#3810,.T.);
#3812=EDGE_LOOP('',(#3781,#3803,#3804,#3811));
#3813=FACE_BOUND('',#3812,.T.);
#3814=ADVANCED_FACE('',(#3813),#3780,.T.);
#3815=CARTESIAN_POINT('',(12.09524603,128.077075644,173.248154941));
#3816=DIRECTION('',(-0.,-0.,1.));
#3817=DIRECTION('',(1.,-0.,0.));
#3818=AXIS2_PLACEMENT_3D('',#3815,#3816,#3817);
#3819=SPHERICAL_SURFACE('',#3818,1.);
#3820=CARTESIAN_POINT('',(12.09524603,128.077075644,173.248154941));
#3821=DIRECTION('',(-0.148858279,-0.962049619,0.228695742));
#3822=DIRECTION('',(-0.,0.231272455,0.972889023));
#3823=AXIS2_PLACEMENT_3D('',#3820,#3821,#3822);
#3824=CIRCLE('',#3823,1.);
#3825=EDGE_CURVE('',#740,#3309,#3824,.T.);
#3826=ORIENTED_EDGE('',*,*,#3825,.F.);
#3827=ORIENTED_EDGE('',*,*,#3769,.F.);
#3828=ORIENTED_EDGE('',*,*,#3322,.F.);
#3829=EDGE_LOOP('',(#3826,#3827,#3828));
#3830=FACE_BOUND('',#3829,.T.);
#3831=ADVANCED_FACE('',(#3830),#3819,.T.);
#3832=CARTESIAN_POINT('',(-12.09524603,128.077075644,173.248154941));
#3833=DIRECTION('',(-0.,-0.,1.));
#3834=DIRECTION('',(1.,-0.,0.));
#3835=AXIS2_PLACEMENT_3D('',#3832,#3833,#3834);
#3836=SPHERICAL_SURFACE('',#3835,1.);
#3837=ORIENTED_EDGE('',*,*,#3810,.F.);
#3838=ORIENTED_EDGE('',*,*,#3751,.F.);
#3839=CARTESIAN_POINT('',(-12.09524603,128.077075644,173.248154941));
#3840=DIRECTION('',(0.148858279,-0.962049619,0.228695742));
#3841=DIRECTION('',(0.,-0.231272455,-0.972889023));
#3842=AXIS2_PLACEMENT_3D('',#3839,#3840,#3841);
#3843=CIRCLE('',#3842,1.);
#3844=EDGE_CURVE('',#3423,#168,#3843,.T.);
#3845=ORIENTED_EDGE('',*,*,#3844,.F.);
#3846=EDGE_LOOP('',(#3837,#3838,#3845));
#3847=FACE_BOUND('',#3846,.T.);
#3848=ADVANCED_FACE('',(#3847),#3836,.T.);
#3849=CARTESIAN_POINT('',(11.244711656,128.319611269,173.714810863));
#3850=CARTESIAN_POINT('',(11.330749171,128.340940652,173.860538636));
#3851=CARTESIAN_POINT('',(11.454596626,128.351436516,173.985303795));
#3852=CARTESIAN_POINT('',(11.746707802,128.34811675,174.161474054));
#3853=CARTESIAN_POINT('',(11.914641862,128.334304868,174.212680338));
#3854=CARTESIAN_POINT('',(12.251955604,128.285857035,174.228433687));
#3855=CARTESIAN_POINT('',(12.42095461,128.25127576,174.192962974));
#3856=CARTESIAN_POINT('',(12.717057256,128.170111315,174.044263691));
#3857=CARTESIAN_POINT('',(12.843826729,128.123619743,173.931202936));
#3858=CARTESIAN_POINT('',(12.933344442,128.077075644,173.793674007));
#3859=CARTESIAN_POINT('',(11.173096807,127.869945144,173.817990017));
#3860=CARTESIAN_POINT('',(11.256247798,127.888456661,173.9614569));
#3861=CARTESIAN_POINT('',(11.375615262,127.896623565,174.085074128));
#3862=CARTESIAN_POINT('',(11.658024941,127.890322067,174.262790102));
#3863=CARTESIAN_POINT('',(11.820777175,127.87586045,174.316705614));
#3864=CARTESIAN_POINT('',(12.150156059,127.827812273,174.341611963));
#3865=CARTESIAN_POINT('',(12.316444168,127.794275173,174.312576242));
#3866=CARTESIAN_POINT('',(12.612117798,127.71625704,174.178465511));
#3867=CARTESIAN_POINT('',(12.741198762,127.671856071,174.073527226));
#3868=CARTESIAN_POINT('',(12.835936643,127.627409519,173.943324728));
#3869=CARTESIAN_POINT('',(11.096219578,127.419753639,173.912584739));
#3870=CARTESIAN_POINT('',(11.176687217,127.435820113,174.053639988));
#3871=CARTESIAN_POINT('',(11.291845934,127.442001733,174.175856424));
#3872=CARTESIAN_POINT('',(11.564957633,127.433183186,174.354368359));
#3873=CARTESIAN_POINT('',(11.722653642,127.418191512,174.410495419));
#3874=CARTESIAN_POINT('',(12.043911919,127.370514173,174.443496344));
#3875=CARTESIAN_POINT('',(12.207171731,127.337873463,174.420338509));
#3876=CARTESIAN_POINT('',(12.501235758,127.262527285,174.300008202));
#3877=CARTESIAN_POINT('',(12.631762727,127.21989272,174.202948242));
#3878=CARTESIAN_POINT('',(12.730690835,127.177218014,174.080177597));
#3879=CARTESIAN_POINT('',(10.933968412,126.518368609,174.087110559));
#3880=CARTESIAN_POINT('',(11.009368888,126.530012935,174.223119373));
#3881=CARTESIAN_POINT('',(11.116512279,126.532649985,174.342164655));
#3882=CARTESIAN_POINT('',(11.371632763,126.519368276,174.521131881));
#3883=CARTESIAN_POINT('',(11.519409715,126.503460147,174.580912915));
#3884=CARTESIAN_POINT('',(11.82414869,126.456482854,174.628391503));
#3885=CARTESIAN_POINT('',(11.980871453,126.425450647,174.616051115));
#3886=CARTESIAN_POINT('',(12.269864184,126.354863364,174.521771887));
#3887=CARTESIAN_POINT('',(12.401906841,126.315363673,174.439906251));
#3888=CARTESIAN_POINT('',(12.507509958,126.275832984,174.331946524));
#3889=CARTESIAN_POINT('',(10.848579525,126.06717469,174.167023169));
#3890=CARTESIAN_POINT('',(10.92159675,126.076845113,174.300395757));
#3891=CARTESIAN_POINT('',(11.024934347,126.077925951,174.417668841));
#3892=CARTESIAN_POINT('',(11.271362629,126.062702404,174.596291505));
#3893=CARTESIAN_POINT('',(11.414276965,126.046409056,174.657512924));
#3894=CARTESIAN_POINT('',(11.710616327,125.999760853,174.711371555));
#3895=CARTESIAN_POINT('',(11.863829182,125.96943946,174.703969753));
#3896=CARTESIAN_POINT('',(12.149356804,125.900934803,174.621961511));
#3897=CARTESIAN_POINT('',(12.281466892,125.862800591,174.547413209));
#3898=CARTESIAN_POINT('',(12.389552715,125.824639065,174.446835159));
#3899=CARTESIAN_POINT('',(10.670424275,125.163809232,174.313568183));
#3900=CARTESIAN_POINT('',(10.738895893,125.169853316,174.441464302));
#3901=CARTESIAN_POINT('',(10.834923989,125.168111406,174.554879987));
#3902=CARTESIAN_POINT('',(11.064421701,125.149389509,174.731857742));
#3903=CARTESIAN_POINT('',(11.197755931,125.132420719,174.79531505));
#3904=CARTESIAN_POINT('',(11.477055923,125.086399008,174.860456942));
#3905=CARTESIAN_POINT('',(11.622856806,125.057373323,174.862102592));
#3906=CARTESIAN_POINT('',(11.899912885,124.992637834,174.803198995));
#3907=CARTESIAN_POINT('',(12.031004261,124.956966251,174.742683909));
#3908=CARTESIAN_POINT('',(12.142576771,124.921273607,174.656652329));
#3909=CARTESIAN_POINT('',(10.577652198,124.711637545,174.380193518));
#3910=CARTESIAN_POINT('',(10.643961839,124.71603052,174.505248952));
#3911=CARTESIAN_POINT('',(10.736486718,124.713023338,174.616578793));
#3912=CARTESIAN_POINT('',(10.957746766,124.692746678,174.792254724));
#3913=CARTESIAN_POINT('',(11.086363705,124.675488145,174.856506704));
#3914=CARTESIAN_POINT('',(11.357023655,124.62976378,174.926550526));
#3915=CARTESIAN_POINT('',(11.498921981,124.601322451,174.932304596));
#3916=CARTESIAN_POINT('',(11.770970059,124.538271735,174.884234773));
#3917=CARTESIAN_POINT('',(11.900974226,124.503696077,174.830436143));
#3918=CARTESIAN_POINT('',(12.013549722,124.46910192,174.751570551));
#3919=CARTESIAN_POINT('',(10.38528553,123.806325647,174.500851821));
#3920=CARTESIAN_POINT('',(10.447426363,123.807648321,174.620012651));
#3921=CARTESIAN_POINT('',(10.533166247,123.802317708,174.726875687));
#3922=CARTESIAN_POINT('',(10.738277015,123.779205102,174.899079624));
#3923=CARTESIAN_POINT('',(10.857559084,123.761433234,174.964345706));
#3924=CARTESIAN_POINT('',(11.110701473,123.716278692,175.042852344));
#3925=CARTESIAN_POINT('',(11.24445212,123.688915646,175.056058536));
#3926=CARTESIAN_POINT('',(11.505137814,123.628952445,175.028250765));
#3927=CARTESIAN_POINT('',(11.631959751,123.596378296,174.987248385));
#3928=CARTESIAN_POINT('',(11.745212299,123.563790022,174.92237118));
#3929=CARTESIAN_POINT('',(10.285594967,123.352779472,174.55492058));
#3930=CARTESIAN_POINT('',(10.34572759,123.352682472,174.671024495));
#3931=CARTESIAN_POINT('',(10.428183289,123.346293491,174.775504004));
#3932=CARTESIAN_POINT('',(10.62537618,123.32189956,174.9455346));
#3933=CARTESIAN_POINT('',(10.740036819,123.303904168,175.011019511));
#3934=CARTESIAN_POINT('',(10.984293583,123.259022297,175.093088602));
#3935=CARTESIAN_POINT('',(11.113794859,123.232153304,175.109640673));
#3936=CARTESIAN_POINT('',(11.368118704,123.173593079,175.091268547));
#3937=CARTESIAN_POINT('',(11.492842417,123.14192462,175.056351159));
#3938=CARTESIAN_POINT('',(11.605767151,123.110243847,174.998302766));
#3939=CARTESIAN_POINT('',(9.977432379,121.995145366,174.697947644));
#3940=CARTESIAN_POINT('',(10.031697626,121.991062403,174.804544893));
#3941=CARTESIAN_POINT('',(10.104553578,121.981738381,174.901440625));
#3942=CARTESIAN_POINT('',(10.278372715,121.953814486,175.063704764));
#3943=CARTESIAN_POINT('',(10.379290538,121.935222294,175.129030065));
#3944=CARTESIAN_POINT('',(10.596578236,121.891125968,175.219839667));
#3945=CARTESIAN_POINT('',(10.712891282,121.86563362,175.245299136));
#3946=CARTESIAN_POINT('',(10.946345951,121.810957021,175.253024034));
#3947=CARTESIAN_POINT('',(11.063426078,121.781787227,175.235285979));
#3948=CARTESIAN_POINT('',(11.173525837,121.752609741,175.196971917));
#3949=CARTESIAN_POINT('',(9.760076434,121.093190223,174.768343745));
#3950=CARTESIAN_POINT('',(9.810646709,121.086805182,174.868169195));
#3951=CARTESIAN_POINT('',(9.87744284,121.07583692,174.959447778));
#3952=CARTESIAN_POINT('',(10.036191706,121.045968398,175.114913976));
#3953=CARTESIAN_POINT('',(10.128112557,121.027074361,175.179070061));
#3954=CARTESIAN_POINT('',(10.327019314,120.983459473,175.27316915));
#3955=CARTESIAN_POINT('',(10.433965275,120.958747564,175.30309278));
#3956=CARTESIAN_POINT('',(10.651166958,120.90623672,175.32533627));
#3957=CARTESIAN_POINT('',(10.761378942,120.878448485,175.317651004));
#3958=CARTESIAN_POINT('',(10.867172577,120.850654605,175.291521376));
#3959=CARTESIAN_POINT('',(9.412289129,119.746134093,174.831717448));
#3960=CARTESIAN_POINT('',(9.457161509,119.736615907,174.92031597));
#3961=CARTESIAN_POINT('',(9.514858111,119.723458074,175.002011338));
#3962=CARTESIAN_POINT('',(9.650831114,119.691029613,175.144410639));
#3963=CARTESIAN_POINT('',(9.72908979,119.671763277,175.205095923));
#3964=CARTESIAN_POINT('',(9.899279745,119.628827401,175.300091424));
#3965=CARTESIAN_POINT('',(9.99118884,119.605163512,175.334389121));
#3966=CARTESIAN_POINT('',(10.180562398,119.55552936,175.373547086));
#3967=CARTESIAN_POINT('',(10.278002144,119.529565612,175.378402059));
#3968=CARTESIAN_POINT('',(10.373911599,119.503598464,175.368303263));
#3969=CARTESIAN_POINT('',(9.292673857,119.298111977,174.84572311));
#3970=CARTESIAN_POINT('',(9.335619725,119.287604434,174.930398266));
#3971=CARTESIAN_POINT('',(9.390280602,119.273764435,175.00870315));
#3972=CARTESIAN_POINT('',(9.518630889,119.240544267,175.146261263));
#3973=CARTESIAN_POINT('',(9.592306255,119.221167784,175.205499389));
#3974=CARTESIAN_POINT('',(9.752728333,119.178450926,175.300112408));
#3975=CARTESIAN_POINT('',(9.839457498,119.155115268,175.335476867));
#3976=CARTESIAN_POINT('',(10.018971681,119.106375875,175.379455124));
#3977=CARTESIAN_POINT('',(10.11173705,119.080977513,175.388063992));
#3978=CARTESIAN_POINT('',(10.203775258,119.055576352,175.382932571));
#3979=CARTESIAN_POINT('',(9.043839958,118.404706358,174.856581576));
#3980=CARTESIAN_POINT('',(9.082738339,118.392309253,174.93288911));
#3981=CARTESIAN_POINT('',(9.131180752,118.377181586,175.003877081));
#3982=CARTESIAN_POINT('',(9.243952595,118.342476379,175.130516593));
#3983=CARTESIAN_POINT('',(9.308273806,118.322901425,175.186158843));
#3984=CARTESIAN_POINT('',(9.448540446,118.280610072,175.278398766));
#3985=CARTESIAN_POINT('',(9.524475659,118.257896804,175.31498962));
#3986=CARTESIAN_POINT('',(9.682935882,118.210844219,175.366673901));
#3987=CARTESIAN_POINT('',(9.765449335,118.186508373,175.381763426));
#3988=CARTESIAN_POINT('',(9.848519296,118.162170733,175.385586638));
#3989=CARTESIAN_POINT('',(8.914717268,117.959295523,174.853563023));
#3990=CARTESIAN_POINT('',(8.951499433,117.945998264,174.925431951));
#3991=CARTESIAN_POINT('',(8.996763797,117.930265156,174.992499086));
#3992=CARTESIAN_POINT('',(9.101589212,117.8948667,175.113072385));
#3993=CARTESIAN_POINT('',(9.161144187,117.875203449,175.166571524));
#3994=CARTESIAN_POINT('',(9.29103245,117.83311859,175.256832226));
#3995=CARTESIAN_POINT('',(9.361358216,117.810699462,175.293588504));
#3996=CARTESIAN_POINT('',(9.508633058,117.76443885,175.348170498));
#3997=CARTESIAN_POINT('',(9.5855736,117.740600085,175.365992976));
#3998=CARTESIAN_POINT('',(9.663551297,117.716759927,175.37380996));
#3999=CARTESIAN_POINT('',(8.710105614,117.294226463,174.831232636));
#4000=CARTESIAN_POINT('',(8.743367995,117.279635447,174.89581743));
#4001=CARTESIAN_POINT('',(8.783557737,117.263042165,174.95637748));
#4002=CARTESIAN_POINT('',(8.875829097,117.226664914,175.066489042));
#4003=CARTESIAN_POINT('',(8.927907023,117.206882413,175.11603614));
#4004=CARTESIAN_POINT('',(9.041404955,117.165098873,175.201690431));
#4005=CARTESIAN_POINT('',(9.102820422,117.143099516,175.237794183));
#4006=CARTESIAN_POINT('',(9.231986201,117.097962811,175.294787066));
#4007=CARTESIAN_POINT('',(9.299731348,117.07482728,175.315673896));
#4008=CARTESIAN_POINT('',(9.368984802,117.051690823,175.328437745));
#4009=CARTESIAN_POINT('',(8.640054584,117.073052082,174.820786925));
#4010=CARTESIAN_POINT('',(8.672084858,117.058039279,174.882837895));
#4011=CARTESIAN_POINT('',(8.710530573,117.041167316,174.941123223));
#4012=CARTESIAN_POINT('',(8.798509064,117.004474043,175.047517676));
#4013=CARTESIAN_POINT('',(8.848038806,116.984654009,175.095623124));
#4014=CARTESIAN_POINT('',(8.955933671,116.942969509,175.179466147));
#4015=CARTESIAN_POINT('',(9.014295074,116.921106489,175.21520082));
#4016=CARTESIAN_POINT('',(9.137200011,116.876333697,175.27267172));
#4017=CARTESIAN_POINT('',(9.201739309,116.853425477,175.294405951));
#4018=CARTESIAN_POINT('',(9.267902274,116.830516464,175.308643196));
#4019=CARTESIAN_POINT('',(8.494908501,116.632118438,174.792095516));
#4020=CARTESIAN_POINT('',(8.524289645,116.616279854,174.84878492));
#4021=CARTESIAN_POINT('',(8.559076359,116.598865484,174.902229044));
#4022=CARTESIAN_POINT('',(8.638122898,116.561559082,175.000569722));
#4023=CARTESIAN_POINT('',(8.682380774,116.54166798,175.045463844));
#4024=CARTESIAN_POINT('',(8.778664471,116.500178784,175.124970257));
#4025=CARTESIAN_POINT('',(8.830687919,116.478581723,175.159580576));
#4026=CARTESIAN_POINT('',(8.940498481,116.434516832,175.217179865));
#4027=CARTESIAN_POINT('',(8.99828289,116.412050098,175.2401674));
#4028=CARTESIAN_POINT('',(9.057835702,116.389582807,175.256897573));
#4029=CARTESIAN_POINT('',(8.41984838,116.412349447,174.773895575));
#4030=CARTESIAN_POINT('',(8.447813994,116.39610687,174.827759481));
#4031=CARTESIAN_POINT('',(8.480687204,116.378428781,174.878639402));
#4032=CARTESIAN_POINT('',(8.555097585,116.340825285,174.972648075));
#4033=CARTESIAN_POINT('',(8.596633234,116.320900657,175.015774901));
#4034=CARTESIAN_POINT('',(8.686911762,116.279507739,175.092760856));
#4035=CARTESIAN_POINT('',(8.735652796,116.258040305,175.126618405));
#4036=CARTESIAN_POINT('',(8.838632836,116.214319406,175.183873225));
#4037=CARTESIAN_POINT('',(8.892869738,116.192066844,175.207269316));
#4038=CARTESIAN_POINT('',(8.948904467,116.169813822,175.225021764));
#4039=CARTESIAN_POINT('',(8.26215114,115.97494725,174.726310232));
#4040=CARTESIAN_POINT('',(8.286976164,115.95791414,174.774078735));
#4041=CARTESIAN_POINT('',(8.315729262,115.939722995,174.819390192));
#4042=CARTESIAN_POINT('',(8.38028007,115.901543343,174.903818569));
#4043=CARTESIAN_POINT('',(8.416076933,115.881555349,174.942934374));
#4044=CARTESIAN_POINT('',(8.493704265,115.840352122,175.013862507));
#4045=CARTESIAN_POINT('',(8.535533717,115.819137442,175.045673894));
#4046=CARTESIAN_POINT('',(8.62404514,115.776085429,175.101089211));
#4047=CARTESIAN_POINT('',(8.670725951,115.754248673,175.124692399));
#4048=CARTESIAN_POINT('',(8.719173829,115.732411625,175.143854992));
#4049=CARTESIAN_POINT('',(8.179722478,115.757656916,174.697063113));
#4050=CARTESIAN_POINT('',(8.202828957,115.740237949,174.741571336));
#4051=CARTESIAN_POINT('',(8.229382778,115.721797926,174.783887787));
#4052=CARTESIAN_POINT('',(8.288726071,115.683339735,174.863085062));
#4053=CARTESIAN_POINT('',(8.32151494,115.663321967,174.899965075));
#4054=CARTESIAN_POINT('',(8.392514059,115.622211998,174.967369952));
#4055=CARTESIAN_POINT('',(8.430723588,115.601120224,174.997894124));
#4056=CARTESIAN_POINT('',(8.511615404,115.558392509,175.05182476));
#4057=CARTESIAN_POINT('',(8.55429687,115.536757013,175.075230668));
#4058=CARTESIAN_POINT('',(8.598684839,115.515121291,175.094784301));
#4059=CARTESIAN_POINT('',(8.048183107,115.439368812,174.640043672));
#4060=CARTESIAN_POINT('',(8.068318986,115.421393283,174.679162036));
#4061=CARTESIAN_POINT('',(8.091207598,115.402596279,174.716485059));
#4062=CARTESIAN_POINT('',(8.142029242,115.363739777,174.786788092));
#4063=CARTESIAN_POINT('',(8.169961931,115.343680544,174.819767626));
#4064=CARTESIAN_POINT('',(8.230308602,115.302705937,174.880717672));
#4065=CARTESIAN_POINT('',(8.262722178,115.281790841,174.908687771));
#4066=CARTESIAN_POINT('',(8.33137723,115.239528083,174.959053673));
#4067=CARTESIAN_POINT('',(8.367618244,115.218180708,174.981449135));
#4068=CARTESIAN_POINT('',(8.405407916,115.196833187,175.000830851));
#4069=CARTESIAN_POINT('',(8.002954329,115.334434488,174.618801955));
#4070=CARTESIAN_POINT('',(8.022032555,115.316276935,174.656037444));
#4071=CARTESIAN_POINT('',(8.043636142,115.297363523,174.691609629));
#4072=CARTESIAN_POINT('',(8.091493944,115.258377348,174.758767975));
#4073=CARTESIAN_POINT('',(8.117747885,115.238304809,174.790353751));
#4074=CARTESIAN_POINT('',(8.174419773,115.197374618,174.84895277));
#4075=CARTESIAN_POINT('',(8.204837398,115.176517202,174.875965679));
#4076=CARTESIAN_POINT('',(8.269272907,115.134406024,174.924917037));
#4077=CARTESIAN_POINT('',(8.303290424,115.113152505,174.946855206));
#4078=CARTESIAN_POINT('',(8.338792825,115.091898863,174.966052105));
#4079=CARTESIAN_POINT('',(7.908450628,115.127929759,174.569915142));
#4080=CARTESIAN_POINT('',(7.925209541,115.109416609,174.603132754));
#4081=CARTESIAN_POINT('',(7.944049789,115.09027641,174.634950075));
#4082=CARTESIAN_POINT('',(7.98560389,115.051037981,174.695295241));
#4083=CARTESIAN_POINT('',(8.008317581,115.030939906,174.723822852));
#4084=CARTESIAN_POINT('',(8.057269919,114.990096747,174.777149542));
#4085=CARTESIAN_POINT('',(8.083508375,114.969351825,174.801948414));
#4086=CARTESIAN_POINT('',(8.13910755,114.927535897,174.847435598));
#4087=CARTESIAN_POINT('',(8.168468053,114.906465057,174.868123732));
#4088=CARTESIAN_POINT('',(8.199164372,114.885394134,174.886596996));
#4089=CARTESIAN_POINT('',(7.859534055,115.0270558,174.54248398));
#4090=CARTESIAN_POINT('',(7.875040964,115.00837028,174.573582399));
#4091=CARTESIAN_POINT('',(7.892414062,114.989120471,174.603410626));
#4092=CARTESIAN_POINT('',(7.930653251,114.949760318,174.660114806));
#4093=CARTESIAN_POINT('',(7.951519222,114.929650101,174.686990581));
#4094=CARTESIAN_POINT('',(7.996456467,114.888849263,174.737418219));
#4095=CARTESIAN_POINT('',(8.020527599,114.868158773,174.760969923));
#4096=CARTESIAN_POINT('',(8.071543297,114.826485514,174.804423515));
#4097=CARTESIAN_POINT('',(8.098487703,114.805502878,174.824325265));
#4098=CARTESIAN_POINT('',(8.126683067,114.784520175,174.842264251));
#4099=CARTESIAN_POINT('',(7.756426611,114.83274717,174.478356377));
#4100=CARTESIAN_POINT('',(7.769128564,114.813731809,174.504867875));
#4101=CARTESIAN_POINT('',(7.78328578,114.794272783,174.530363337));
#4102=CARTESIAN_POINT('',(7.814358114,114.754680615,174.579046249));
#4103=CARTESIAN_POINT('',(7.831273173,114.734547551,174.602233606));
#4104=CARTESIAN_POINT('',(7.867678803,114.693827919,174.646048978));
#4105=CARTESIAN_POINT('',(7.887169305,114.673241431,174.66667691));
#4106=CARTESIAN_POINT('',(7.928515678,114.631840436,174.705149575));
#4107=CARTESIAN_POINT('',(7.950371471,114.611026011,174.722994234));
#4108=CARTESIAN_POINT('',(7.973292106,114.590211544,174.739350292));
#4109=CARTESIAN_POINT('',(7.702360585,114.739139586,174.441872541));
#4110=CARTESIAN_POINT('',(7.713517042,114.719966471,174.465924591));
#4111=CARTESIAN_POINT('',(7.725932651,114.700407663,174.489084929));
#4112=CARTESIAN_POINT('',(7.753166622,114.660705012,174.533405189));
#4113=CARTESIAN_POINT('',(7.767984944,114.640561227,174.554565047));
#4114=CARTESIAN_POINT('',(7.799886269,114.59988055,174.5946859));
#4115=CARTESIAN_POINT('',(7.816969226,114.579343718,174.613646837));
#4116=CARTESIAN_POINT('',(7.853240558,114.538072547,174.649191918));
#4117=CARTESIAN_POINT('',(7.872428881,114.517338269,174.665776011));
#4118=CARTESIAN_POINT('',(7.892580422,114.496603961,174.681093822));
#4119=CARTESIAN_POINT('',(7.613817635,114.609104484,174.374286624));
#4120=CARTESIAN_POINT('',(7.622222135,114.589713449,174.394158094));
#4121=CARTESIAN_POINT('',(7.631615791,114.570017108,174.413313201));
#4122=CARTESIAN_POINT('',(7.652311255,114.530162357,174.450047137));
#4123=CARTESIAN_POINT('',(7.663613042,114.510003984,174.467625933));
#4124=CARTESIAN_POINT('',(7.688040285,114.469377243,174.501075419));
#4125=CARTESIAN_POINT('',(7.701165719,114.448908914,174.516946079));
#4126=CARTESIAN_POINT('',(7.729142113,114.407816657,174.546860247));
#4127=CARTESIAN_POINT('',(7.743993048,114.387192767,174.560903727));
#4128=CARTESIAN_POINT('',(7.759651209,114.366568859,174.573980937));
#4129=CARTESIAN_POINT('',(7.583421358,114.568124735,174.349852466));
#4130=CARTESIAN_POINT('',(7.590846317,114.548665243,174.368264726));
#4131=CARTESIAN_POINT('',(7.59917578,114.528925751,174.386016355));
#4132=CARTESIAN_POINT('',(7.617586762,114.489023312,174.420076435));
#4133=CARTESIAN_POINT('',(7.627668266,114.468860396,174.436384861));
#4134=CARTESIAN_POINT('',(7.649514316,114.428250622,174.467446481));
#4135=CARTESIAN_POINT('',(7.661278844,114.407803796,174.482199651));
#4136=CARTESIAN_POINT('',(7.686410352,114.366767667,174.510049386));
#4137=CARTESIAN_POINT('',(7.699777314,114.346178397,174.52314593));
#4138=CARTESIAN_POINT('',(7.713899697,114.32558911,174.535369172));
#4139=CARTESIAN_POINT('',(7.520088821,114.493093713,174.295489976));
#4140=CARTESIAN_POINT('',(7.525372219,114.473509175,174.310793509));
#4141=CARTESIAN_POINT('',(7.531405701,114.453690938,174.325539081));
#4142=CARTESIAN_POINT('',(7.544938651,114.413701518,174.35383002));
#4143=CARTESIAN_POINT('',(7.552438113,114.393530357,174.367375372));
#4144=CARTESIAN_POINT('',(7.568860443,114.352951604,174.393188418));
#4145=CARTESIAN_POINT('',(7.577783304,114.332544034,174.405456099));
#4146=CARTESIAN_POINT('',(7.597001707,114.291610327,174.428643653));
#4147=CARTESIAN_POINT('',(7.607297239,114.271084213,174.439563514));
#4148=CARTESIAN_POINT('',(7.618249818,114.250558088,174.449778243));
#4149=CARTESIAN_POINT('',(7.487021365,114.458994464,174.265413223));
#4150=CARTESIAN_POINT('',(7.491137278,114.43935326,174.279060114));
#4151=CARTESIAN_POINT('',(7.495933427,114.419499381,174.292196066));
#4152=CARTESIAN_POINT('',(7.506861542,114.379470616,174.317377776));
#4153=CARTESIAN_POINT('',(7.512993503,114.35929575,174.329423522));
#4154=CARTESIAN_POINT('',(7.526561608,114.318731071,174.352362169));
#4155=CARTESIAN_POINT('',(7.533997745,114.298341277,174.363255059));
#4156=CARTESIAN_POINT('',(7.550135746,114.257453926,174.383831363));
#4157=CARTESIAN_POINT('',(7.558837604,114.236956387,174.393514767));
#4158=CARTESIAN_POINT('',(7.56814979,114.216458839,174.402568271));
#4159=CARTESIAN_POINT('',(7.436524619,114.41760205,174.215947841));
#4160=CARTESIAN_POINT('',(7.438751835,114.39789217,174.22699367));
#4161=CARTESIAN_POINT('',(7.44157445,114.377995119,174.237585551));
#4162=CARTESIAN_POINT('',(7.448397561,114.337918717,174.257812606));
#4163=CARTESIAN_POINT('',(7.452398054,114.317739379,174.267447771));
#4164=CARTESIAN_POINT('',(7.461558562,114.277191769,174.285716981));
#4165=CARTESIAN_POINT('',(7.466718573,114.256823511,174.294351019));
#4166=CARTESIAN_POINT('',(7.478174401,114.215992304,174.31057818));
#4167=CARTESIAN_POINT('',(7.484470214,114.195529368,174.318171299));
#4168=CARTESIAN_POINT('',(7.49131945,114.175066425,174.325226467));
#4169=CARTESIAN_POINT('',(7.419480531,114.405363055,174.198678512));
#4170=CARTESIAN_POINT('',(7.42105308,114.38563289,174.208834849));
#4171=CARTESIAN_POINT('',(7.42319593,114.365723093,174.218554066));
#4172=CARTESIAN_POINT('',(7.428612828,114.325632629,174.237075254));
#4173=CARTESIAN_POINT('',(7.431886874,114.305451974,174.245877219));
#4174=CARTESIAN_POINT('',(7.439551745,114.264909408,174.262524954));
#4175=CARTESIAN_POINT('',(7.443942566,114.24454751,174.270370718));
#4176=CARTESIAN_POINT('',(7.453821613,114.203732878,174.28507134));
#4177=CARTESIAN_POINT('',(7.459309834,114.183280158,174.291926193));
#4178=CARTESIAN_POINT('',(7.465334636,114.16282743,174.298270435));
#4179=CARTESIAN_POINT('',(7.38487192,114.384690743,174.162232584));
#4180=CARTESIAN_POINT('',(7.385073323,114.364926334,174.170554667));
#4181=CARTESIAN_POINT('',(7.385802422,114.344995027,174.178467781));
#4182=CARTESIAN_POINT('',(7.38831311,114.304880834,174.193443571));
#4183=CARTESIAN_POINT('',(7.3900947,114.284697959,174.200506243));
#4184=CARTESIAN_POINT('',(7.39470314,114.24416391,174.213752144));
#4185=CARTESIAN_POINT('',(7.397529988,114.223812746,174.21993537));
#4186=CARTESIAN_POINT('',(7.404217403,114.183026088,174.231396995));
#4187=CARTESIAN_POINT('',(7.408077968,114.162590606,174.236675392));
#4188=CARTESIAN_POINT('',(7.412447492,114.142155118,174.241490548));
#4189=CARTESIAN_POINT('',(7.367172538,114.376242604,174.142892331));
#4190=CARTESIAN_POINT('',(7.366651472,114.356464212,174.150262066));
#4191=CARTESIAN_POINT('',(7.366640559,114.336524124,174.15723417));
#4192=CARTESIAN_POINT('',(7.367639151,114.296400247,174.170355334));
#4193=CARTESIAN_POINT('',(7.368648655,114.276216469,174.176504392));
#4194=CARTESIAN_POINT('',(7.371684114,114.235685898,174.187954965));
#4195=CARTESIAN_POINT('',(7.373710068,114.215339116,174.193256477));
#4196=CARTESIAN_POINT('',(7.378770399,114.174563878,174.202990847));
#4197=CARTESIAN_POINT('',(7.381804775,114.154135432,174.207423701));
#4198=CARTESIAN_POINT('',(7.385337333,114.133706981,174.211413407));
#4199=CARTESIAN_POINT('',(7.332452081,114.364444509,174.103379164));
#4200=CARTESIAN_POINT('',(7.330465555,114.344646595,174.108848262));
#4201=CARTESIAN_POINT('',(7.32896412,114.324694249,174.113934856));
#4202=CARTESIAN_POINT('',(7.326937231,114.284556853,174.123323707));
#4203=CARTESIAN_POINT('',(7.326411777,114.264371813,174.12762596));
#4204=CARTESIAN_POINT('',(7.326338926,114.223846098,174.135429784));
#4205=CARTESIAN_POINT('',(7.326791528,114.203505434,174.138931353));
#4206=CARTESIAN_POINT('',(7.328673133,114.162746135,174.145120519));
#4207=CARTESIAN_POINT('',(7.330102134,114.142327511,174.147808114));
#4208=CARTESIAN_POINT('',(7.332016644,114.121908881,174.150083631));
#4209=CARTESIAN_POINT('',(7.315311343,114.360992978,174.083090206));
#4210=CARTESIAN_POINT('',(7.312577398,114.341189357,174.087604879));
#4211=CARTESIAN_POINT('',(7.310320817,114.321233428,174.09174098));
#4212=CARTESIAN_POINT('',(7.306770887,114.281092081,174.099240477));
#4213=CARTESIAN_POINT('',(7.30547754,114.260906674,174.102603872));
#4214=CARTESIAN_POINT('',(7.303858959,114.220382381,174.108545305));
#4215=CARTESIAN_POINT('',(7.303533726,114.200043506,174.111123341));
#4216=CARTESIAN_POINT('',(7.303852609,114.159288867,174.11548436));
#4217=CARTESIAN_POINT('',(7.304496725,114.138873113,174.117267342));
#4218=CARTESIAN_POINT('',(7.305624307,114.118457355,174.118649446));
#4219=CARTESIAN_POINT('',(7.281495149,114.359306746,174.041375451));
#4220=CARTESIAN_POINT('',(7.277234547,114.339500336,174.04397196));
#4221=CARTESIAN_POINT('',(7.273445885,114.319542655,174.046189757));
#4222=CARTESIAN_POINT('',(7.266826619,114.279399377,174.049859645));
#4223=CARTESIAN_POINT('',(7.263996016,114.259213789,174.051311736));
#4224=CARTESIAN_POINT('',(7.259303464,114.21869019,174.053444792));
#4225=CARTESIAN_POINT('',(7.257441516,114.198352188,174.054125758));
#4226=CARTESIAN_POINT('',(7.254693247,114.157599825,174.05471403));
#4227=CARTESIAN_POINT('',(7.253806928,114.137185474,174.054621337));
#4228=CARTESIAN_POINT('',(7.253410084,114.116771118,174.054141993));
#4229=CARTESIAN_POINT('',(7.264751378,114.361145744,174.019840062));
#4230=CARTESIAN_POINT('',(7.259707662,114.341342373,174.021468389));
#4231=CARTESIAN_POINT('',(7.255138327,114.3213866,174.022713808));
#4232=CARTESIAN_POINT('',(7.246965581,114.281245424,174.024434078));
#4233=CARTESIAN_POINT('',(7.243362172,114.26106003,174.024908928));
#4234=CARTESIAN_POINT('',(7.237134807,114.220535672,174.025086206));
#4235=CARTESIAN_POINT('',(7.234510852,114.200196716,174.024788634));
#4236=CARTESIAN_POINT('',(7.230252235,114.159441871,174.023422126));
#4237=CARTESIAN_POINT('',(7.228617574,114.139025991,174.02235319));
#4238=CARTESIAN_POINT('',(7.227480616,114.118610106,174.020900553));
#4239=CARTESIAN_POINT('',(7.23301882,114.369844462,173.977308471));
#4240=CARTESIAN_POINT('',(7.226437561,114.350055483,173.977065623));
#4241=CARTESIAN_POINT('',(7.220345094,114.330108747,173.97642363));
#4242=CARTESIAN_POINT('',(7.209161448,114.289977538,173.974343796));
#4243=CARTESIAN_POINT('',(7.204070272,114.269793076,173.972905955));
#4244=CARTESIAN_POINT('',(7.194909018,114.229265141,173.969239969));
#4245=CARTESIAN_POINT('',(7.190838942,114.208921678,173.967011825));
#4246=CARTESIAN_POINT('',(7.183735714,114.168155088,173.961773858));
#4247=CARTESIAN_POINT('',(7.180702565,114.147731971,173.958764037));
#4248=CARTESIAN_POINT('',(7.178193769,114.127308849,173.955369215));
#4249=CARTESIAN_POINT('',(7.217859782,114.376666259,173.956111954));
#4250=CARTESIAN_POINT('',(7.2105167,114.356888566,173.954956643));
#4251=CARTESIAN_POINT('',(7.203674297,114.336948916,173.95339019));
#4252=CARTESIAN_POINT('',(7.191018139,114.296825521,173.949441143));
#4253=CARTESIAN_POINT('',(7.185204386,114.276641786,173.947058551));
#4254=CARTESIAN_POINT('',(7.174628711,114.23611104,173.941486638));
#4255=CARTESIAN_POINT('',(7.169866791,114.215764039,173.938297318));
#4256=CARTESIAN_POINT('',(7.161413757,114.174988229,173.931124588));
#4257=CARTESIAN_POINT('',(7.157722645,114.154559431,173.92714118));
#4258=CARTESIAN_POINT('',(7.154574283,114.134130629,173.922768634));
#4259=CARTESIAN_POINT('',(7.188813106,114.394756846,173.913840997));
#4260=CARTESIAN_POINT('',(7.179958555,114.375009108,173.910901726));
#4261=CARTESIAN_POINT('',(7.17163671,114.355088272,173.907520109));
#4262=CARTESIAN_POINT('',(7.156093933,114.31498563,173.899886523));
#4263=CARTESIAN_POINT('',(7.148873006,114.294803835,173.895634557));
#4264=CARTESIAN_POINT('',(7.13556287,114.254265639,173.88627834));
#4265=CARTESIAN_POINT('',(7.129473664,114.233909251,173.881174092));
#4266=CARTESIAN_POINT('',(7.118452938,114.193108977,173.870135023));
#4267=CARTESIAN_POINT('',(7.113521421,114.172665104,173.864200204));
#4268=CARTESIAN_POINT('',(7.109179255,114.152221226,173.857862729));
#4269=CARTESIAN_POINT('',(7.174934398,114.40606928,173.892763178));
#4270=CARTESIAN_POINT('',(7.165330145,114.386340282,173.888952634));
#4271=CARTESIAN_POINT('',(7.156278816,114.36643122,173.884680467));
#4272=CARTESIAN_POINT('',(7.139322145,114.326341564,173.875231734));
#4273=CARTESIAN_POINT('',(7.131416809,114.306160984,173.870055171));
#4274=CARTESIAN_POINT('',(7.11678719,114.265618128,173.858820514));
#4275=CARTESIAN_POINT('',(7.110062911,114.245255864,173.852762424));
#4276=CARTESIAN_POINT('',(7.097825224,114.204440278,173.839791498));
#4277=CARTESIAN_POINT('',(7.092311819,114.18398697,173.832878668));
#4278=CARTESIAN_POINT('',(7.087416069,114.163533655,173.825553757));
#4279=CARTESIAN_POINT('',(7.136144847,114.444658056,173.831548858));
#4280=CARTESIAN_POINT('',(7.124373031,114.424993048,173.825253014));
#4281=CARTESIAN_POINT('',(7.113223269,114.4051242,173.818429979));
#4282=CARTESIAN_POINT('',(7.092223467,114.365078915,173.803763229));
#4283=CARTESIAN_POINT('',(7.082373436,114.344902496,173.795919519));
#4284=CARTESIAN_POINT('',(7.064022221,114.304343731,173.779250245));
#4285=CARTESIAN_POINT('',(7.055521044,114.283961404,173.770424687));
#4286=CARTESIAN_POINT('',(7.039909911,114.243093519,173.751835462));
#4287=CARTESIAN_POINT('',(7.03279996,114.222607979,173.742071803));
#4288=CARTESIAN_POINT('',(7.026403324,114.202122431,173.731863315));
#4289=CARTESIAN_POINT('',(7.113528513,114.476776827,173.79267825));
#4290=CARTESIAN_POINT('',(7.100393191,114.457165153,173.784864095));
#4291=CARTESIAN_POINT('',(7.087937628,114.437329842,173.776468358));
#4292=CARTESIAN_POINT('',(7.064454159,114.397321572,173.758559289));
#4293=CARTESIAN_POINT('',(7.053426264,114.377148633,173.749045965));
#4294=CARTESIAN_POINT('',(7.03285848,114.336576616,173.728953419));
#4295=CARTESIAN_POINT('',(7.023318602,114.316177559,173.718374206));
#4296=CARTESIAN_POINT('',(7.005779064,114.275266057,173.69620742));
#4297=CARTESIAN_POINT('',(6.997779413,114.254753631,173.684619857));
#4298=CARTESIAN_POINT('',(6.99057177,114.234241196,173.672559649));
#4299=CARTESIAN_POINT('',(7.052299764,114.586167174,173.679993682));
#4300=CARTESIAN_POINT('',(7.035238408,114.566737667,173.667902404));
#4301=CARTESIAN_POINT('',(7.019052487,114.547017038,173.655043079));
#4302=CARTESIAN_POINT('',(6.988545145,114.507135421,173.627877499));
#4303=CARTESIAN_POINT('',(6.974223748,114.486974467,173.613571266));
#4304=CARTESIAN_POINT('',(6.947546044,114.446357247,173.583611235));
#4305=CARTESIAN_POINT('',(6.93518976,114.425901015,173.567957462));
#4306=CARTESIAN_POINT('',(6.912529089,114.384840358,173.535411204));
#4307=CARTESIAN_POINT('',(6.902224721,114.364235967,173.518518746));
#4308=CARTESIAN_POINT('',(6.892982516,114.34363156,173.501065729));
#4309=CARTESIAN_POINT('',(7.021831185,114.672455931,173.613336507));
#4310=CARTESIAN_POINT('',(7.002482852,114.653170752,173.598879708));
#4311=CARTESIAN_POINT('',(6.984163233,114.633541141,173.583506249));
#4312=CARTESIAN_POINT('',(6.949734477,114.593760139,173.551053536));
#4313=CARTESIAN_POINT('',(6.933625378,114.573608796,173.533974318));
#4314=CARTESIAN_POINT('',(6.903752512,114.532955823,173.498251807));
#4315=CARTESIAN_POINT('',(6.889988779,114.512454242,173.479608554));
#4316=CARTESIAN_POINT('',(6.864922116,114.471275185,173.440912693));
#4317=CARTESIAN_POINT('',(6.853619215,114.450597758,173.420860128));
#4318=CARTESIAN_POINT('',(6.843594292,114.429920306,173.400186126));
#4319=CARTESIAN_POINT('',(6.983521061,114.810411389,173.519627093));
#4320=CARTESIAN_POINT('',(6.960984662,114.791358595,173.501963498));
#4321=CARTESIAN_POINT('',(6.939719488,114.771875944,173.483141899));
#4322=CARTESIAN_POINT('',(6.899956497,114.732257649,173.443381558));
#4323=CARTESIAN_POINT('',(6.881458754,114.712122079,173.422442891));
#4324=CARTESIAN_POINT('',(6.847426453,114.671411711,173.378669794));
#4325=CARTESIAN_POINT('',(6.831891959,114.65083699,173.355835445));
#4326=CARTESIAN_POINT('',(6.803950672,114.609466729,173.308512413));
#4327=CARTESIAN_POINT('',(6.79154393,114.588671266,173.284023817));
#4328=CARTESIAN_POINT('',(6.780766772,114.567875764,173.25883752));
#4329=CARTESIAN_POINT('',(6.972044024,114.858167568,173.489396892));
#4330=CARTESIAN_POINT('',(6.948484485,114.839195469,173.470722239));
#4331=CARTESIAN_POINT('',(6.926279749,114.819763912,173.450805485));
#4332=CARTESIAN_POINT('',(6.884830971,114.780202223,173.408712811));
#4333=CARTESIAN_POINT('',(6.865587016,114.760072176,173.386536981));
#4334=CARTESIAN_POINT('',(6.830277634,114.719341904,173.340176875));
#4335=CARTESIAN_POINT('',(6.814212283,114.698741766,173.315992698));
#4336=CARTESIAN_POINT('',(6.785442047,114.657305023,173.265889324));
#4337=CARTESIAN_POINT('',(6.772737222,114.636468505,173.239970233));
#4338=CARTESIAN_POINT('',(6.761784623,114.615631943,173.213330159));
#4339=CARTESIAN_POINT('',(6.951338637,114.9550684,173.431236545));
#4340=CARTESIAN_POINT('',(6.925818926,114.936260613,173.410651715));
#4341=CARTESIAN_POINT('',(6.901822883,114.916933233,173.388653025));
#4342=CARTESIAN_POINT('',(6.857185023,114.877487047,173.342109111));
#4343=CARTESIAN_POINT('',(6.836543329,114.857368349,173.317564014));
#4344=CARTESIAN_POINT('',(6.798878461,114.816597606,173.266241257));
#4345=CARTESIAN_POINT('',(6.781855389,114.795945673,173.239463737));
#4346=CARTESIAN_POINT('',(6.751645799,114.754373362,173.184018662));
#4347=CARTESIAN_POINT('',(6.738459365,114.733453097,173.155351258));
#4348=CARTESIAN_POINT('',(6.727275706,114.712532775,173.125922194));
#4349=CARTESIAN_POINT('',(6.94208568,115.004281846,173.403253009));
#4350=CARTESIAN_POINT('',(6.915627109,114.985557788,173.381767175));
#4351=CARTESIAN_POINT('',(6.890777612,114.966283564,173.358779702));
#4352=CARTESIAN_POINT('',(6.844633321,114.926896353,173.310112667));
#4353=CARTESIAN_POINT('',(6.823338668,114.906783488,173.284433254));
#4354=CARTESIAN_POINT('',(6.784592821,114.865992151,173.230730243));
#4355=CARTESIAN_POINT('',(6.767141746,114.845313804,173.202706809));
#4356=CARTESIAN_POINT('',(6.736319786,114.803672314,173.144695412));
#4357=CARTESIAN_POINT('',(6.722948996,114.7827093,173.114707625));
#4358=CARTESIAN_POINT('',(6.711709056,114.761746221,173.083940715));
#4359=CARTESIAN_POINT('',(6.916855202,115.153667447,173.321804019));
#4360=CARTESIAN_POINT('',(6.8876742,115.135198461,173.297737107));
#4361=CARTESIAN_POINT('',(6.860360535,115.116086392,173.271900507));
#4362=CARTESIAN_POINT('',(6.809898373,115.076879229,173.217094619));
#4363=CARTESIAN_POINT('',(6.786750084,115.056784298,173.188125556));
#4364=CARTESIAN_POINT('',(6.744984172,115.015930314,173.12751109));
#4365=CARTESIAN_POINT('',(6.726366721,114.995171431,173.095865937));
#4366=CARTESIAN_POINT('',(6.693956782,114.953318887,173.030397772));
#4367=CARTESIAN_POINT('',(6.680164427,114.932225399,172.99657503));
#4368=CARTESIAN_POINT('',(6.668893798,114.911131823,172.961929773));
#4369=CARTESIAN_POINT('',(6.903366997,115.255557341,173.270800299));
#4370=CARTESIAN_POINT('',(6.872495091,115.237263539,173.245173206));
#4371=CARTESIAN_POINT('',(6.843665372,115.21826313,173.217591492));
#4372=CARTESIAN_POINT('',(6.790590032,115.179180126,173.158996472));
#4373=CARTESIAN_POINT('',(6.766344674,115.159097728,173.127983458));
#4374=CARTESIAN_POINT('',(6.72285916,115.118200841,173.06306334));
#4375=CARTESIAN_POINT('',(6.703619221,115.097386558,173.029156558));
#4376=CARTESIAN_POINT('',(6.670479168,115.055388649,172.959036523));
#4377=CARTESIAN_POINT('',(6.656579222,115.034205235,172.922823617));
#4378=CARTESIAN_POINT('',(6.645470378,115.013021715,172.885771295));
#4379=CARTESIAN_POINT('',(6.880798926,115.462341462,173.173074285));
#4380=CARTESIAN_POINT('',(6.846706867,115.444405947,173.144529628));
#4381=CARTESIAN_POINT('',(6.815009684,115.425634572,173.113651093));
#4382=CARTESIAN_POINT('',(6.757055206,115.386806644,173.047859214));
#4383=CARTESIAN_POINT('',(6.730798319,115.366750365,173.01294633));
#4384=CARTESIAN_POINT('',(6.684264087,115.325766011,172.93980218));
#4385=CARTESIAN_POINT('',(6.663987069,115.304838224,172.901571427));
#4386=CARTESIAN_POINT('',(6.629829762,115.262542089,172.822576024));
#4387=CARTESIAN_POINT('',(6.615949713,115.241174039,172.781811927));
#4388=CARTESIAN_POINT('',(6.605411121,115.219805839,172.740199147));
#4389=CARTESIAN_POINT('',(6.871750806,115.567258024,173.126384404));
#4390=CARTESIAN_POINT('',(6.836130711,115.549505651,173.096484021));
#4391=CARTESIAN_POINT('',(6.803083371,115.530851669,173.064055398));
#4392=CARTESIAN_POINT('',(6.742865534,115.49215468,172.994858959));
#4393=CARTESIAN_POINT('',(6.715695528,115.472111991,172.958091707));
#4394=CARTESIAN_POINT('',(6.66783496,115.431083062,172.881032214));
#4395=CARTESIAN_POINT('',(6.64714479,115.41009716,172.840740602));
#4396=CARTESIAN_POINT('',(6.612703315,115.367648131,172.757524612));
#4397=CARTESIAN_POINT('',(6.598952294,115.346185353,172.714600913));
#4398=CARTESIAN_POINT('',(6.588823758,115.324722399,172.670836134));
#4399=CARTESIAN_POINT('',(6.852963394,115.836245445,173.011897377));
#4400=CARTESIAN_POINT('',(6.81361687,115.818966429,172.978739528));
#4401=CARTESIAN_POINT('',(6.77729699,115.800616765,172.942550542));
#4402=CARTESIAN_POINT('',(6.71166186,115.762259758,172.865057453));
#4403=CARTESIAN_POINT('',(6.68234736,115.742252857,172.823754233));
#4404=CARTESIAN_POINT('',(6.631493093,115.701109103,172.737115081));
#4405=CARTESIAN_POINT('',(6.609953908,115.679972723,172.691780135));
#4406=CARTESIAN_POINT('',(6.57521728,115.637127257,172.59826553));
#4407=CARTESIAN_POINT('',(6.562020236,115.615418664,172.550086935));
#4408=CARTESIAN_POINT('',(6.553168625,115.593709821,172.501117337));
#4409=CARTESIAN_POINT('',(6.845410673,116.002078381,172.946078041));
#4410=CARTESIAN_POINT('',(6.803941329,115.985094734,172.911111012));
#4411=CARTESIAN_POINT('',(6.765776456,115.966935786,172.872798564));
#4412=CARTESIAN_POINT('',(6.697153601,115.92879235,172.790584322));
#4413=CARTESIAN_POINT('',(6.666696565,115.908808392,172.746683658));
#4414=CARTESIAN_POINT('',(6.614368399,115.867593339,172.654556954));
#4415=CARTESIAN_POINT('',(6.592497992,115.846362815,172.606332181));
#4416=CARTESIAN_POINT('',(6.557975732,115.803268815,172.506945714));
#4417=CARTESIAN_POINT('',(6.545324359,115.781405938,172.455785386));
#4418=CARTESIAN_POINT('',(6.537466326,115.759542757,172.403893257));
#4419=CARTESIAN_POINT('',(6.840646038,116.169233078,172.883005176));
#4420=CARTESIAN_POINT('',(6.79715705,116.152551142,172.846344716));
#4421=CARTESIAN_POINT('',(6.757251286,116.134587915,172.806018216));
#4422=CARTESIAN_POINT('',(6.685862105,116.096664218,172.719302273));
#4423=CARTESIAN_POINT('',(6.654379876,116.076704378,172.672914273));
#4424=CARTESIAN_POINT('',(6.600830929,116.035416889,172.575538122));
#4425=CARTESIAN_POINT('',(6.578765101,116.014089928,172.524551593));
#4426=CARTESIAN_POINT('',(6.544745166,115.97074077,172.419586262));
#4427=CARTESIAN_POINT('',(6.532791623,115.948719295,172.365609208));
#4428=CARTESIAN_POINT('',(6.526082587,115.926697453,172.310987142));
#4429=B_SPLINE_SURFACE_WITH_KNOTS('',3,3,((#3849,#3850,#3851,#3852,#3853,#3854,#3855,#3856,#3857,#3858),(#3859,#3860,#3861,#3862,#3863,#3864,#3865,#3866,#3867,#3868),(#3869,#3870,#3871,#3872,#3873,#3874,#3875,#3876,#3877,#3878),(#3879,#3880,#3881,#3882,#3883,#3884,#3885,#3886,#3887,#3888),(#3889,#3890,#3891,#3892,#3893,#3894,#3895,#3896,#3897,#3898),(#3899,#3900,#3901,#3902,#3903,#3904,#3905,#3906,#3907,#3908),(#3909,#3910,#3911,#3912,#3913,#3914,#3915,#3916,#3917,#3918),(#3919,#3920,#3921,#3922,#3923,#3924,#3925,#3926,#3927,#3928),(#3929,#3930,#3931,#3932,#3933,#3934,#3935,#3936,#3937,#3938),(#3939,#3940,#3941,#3942,#3943,#3944,#3945,#3946,#3947,#3948),(#3949,#3950,#3951,#3952,#3953,#3954,#3955,#3956,#3957,#3958),(#3959,#3960,#3961,#3962,#3963,#3964,#3965,#3966,#3967,#3968),(#3969,#3970,#3971,#3972,#3973,#3974,#3975,#3976,#3977,#3978),(#3979,#3980,#3981,#3982,#3983,#3984,#3985,#3986,#3987,#3988),(#3989,#3990,#3991,#3992,#3993,#3994,#3995,#3996,#3997,#3998),(#3999,#4000,#4001,#4002,#4003,#4004,#4005,#4006,#4007,#4008),(#4009,#4010,#4011,#4012,#4013,#4014,#4015,#4016,#4017,#4018),(#4019,#4020,#4021,#4022,#4023,#4024,#4025,#4026,#4027,#4028),(#4029,#4030,#4031,#4032,#4033,#4034,#4035,#4036,#4037,#4038),(#4039,#4040,#4041,#4042,#4043,#4044,#4045,#4046,#4047,#4048),(#4049,#4050,#4051,#4052,#4053,#4054,#4055,#4056,#4057,#4058),(#4059,#4060,#4061,#4062,#4063,#4064,#4065,#4066,#4067,#4068),(#4069,#4070,#4071,#4072,#4073,#4074,#4075,#4076,#4077,#4078),(#4079,#4080,#4081,#4082,#4083,#4084,#4085,#4086,#4087,#4088),(#4089,#4090,#4091,#4092,#4093,#4094,#4095,#4096,#4097,#4098),(#4099,#4100,#4101,#4102,#4103,#4104,#4105,#4106,#4107,#4108),
(#4109,#4110,#4111,#4112,#4113,#4114,#4115,#4116,#4117,#4118),(#4119,#4120,#4121,#4122,#4123,#4124,#4125,#4126,#4127,#4128),(#4129,#4130,#4131,#4132,#4133,#4134,#4135,#4136,#4137,#4138),(#4139,#4140,#4141,#4142,#4143,#4144,#4145,#4146,#4147,#4148),(#4149,#4150,#4151,#4152,#4153,#4154,#4155,#4156,#4157,#4158),(#4159,#4160,#4161,#4162,#4163,#4164,#4165,#4166,#4167,#4168),(#4169,#4170,#4171,#4172,#4173,#4174,#4175,#4176,#4177,#4178),(#4179,#4180,#4181,#4182,#4183,#4184,#4185,#4186,#4187,#4188),(#4189,#4190,#4191,#4192,#4193,#4194,#4195,#4196,#4197,#4198),(#4199,#4200,#4201,#4202,#4203,#4204,#4205,#4206,#4207,#4208),(#4209,#4210,#4211,#4212,#4213,#4214,#4215,#4216,#4217,#4218),(#4219,#4220,#4221,#4222,#4223,#4224,#4225,#4226,#4227,#4228),(#4229,#4230,#4231,#4232,#4233,#4234,#4235,#4236,#4237,#4238),(#4239,#4240,#4241,#4242,#4243,#4244,#4245,#4246,#4247,#4248),(#4249,#4250,#4251,#4252,#4253,#4254,#4255,#4256,#4257,#4258),(#4259,#4260,#4261,#4262,#4263,#4264,#4265,#4266,#4267,#4268),(#4269,#4270,#4271,#4272,#4273,#4274,#4275,#4276,#4277,#4278),(#4279,#4280,#4281,#4282,#4283,#4284,#4285,#4286,#4287,#4288),(#4289,#4290,#4291,#4292,#4293,#4294,#4295,#4296,#4297,#4298),(#4299,#4300,#4301,#4302,#4303,#4304,#4305,#4306,#4307,#4308),(#4309,#4310,#4311,#4312,#4313,#4314,#4315,#4316,#4317,#4318),(#4319,#4320,#4321,#4322,#4323,#4324,#4325,#4326,#4327,#4328),(#4329,#4330,#4331,#4332,#4333,#4334,#4335,#4336,#4337,#4338),(#4339,#4340,#4341,#4342,#4343,#4344,#4345,#4346,#4347,#4348),(#4349,#4350,#4351,#4352,#4353,#4354,#4355,#4356,#4357,#4358),
(#4359,#4360,#4361,#4362,#4363,#4364,#4365,#4366,#4367,#4368),(#4369,#4370,#4371,#4372,#4373,#4374,#4375,#4376,#4377,#4378),(#4379,#4380,#4381,#4382,#4383,#4384,#4385,#4386,#4387,#4388),(#4389,#4390,#4391,#4392,#4393,#4394,#4395,#4396,#4397,#4398),(#4399,#4400,#4401,#4402,#4403,#4404,#4405,#4406,#4407,#4408),(#4409,#4410,#4411,#4412,#4413,#4414,#4415,#4416,#4417,#4418),(#4419,#4420,#4421,#4422,#4423,#4424,#4425,#4426,#4427,#4428)),.UNSPECIFIED.,.F.,.F.,.U.,(4,2,2,2,2,2,2,2,2,2,2,2,2,2,2,2,2,2,2,2,2,2,2,2,2,2,
2,2,4),(4,2,2,2,4),(-0.,0.001398767,0.002797533,0.0041963,0.005595067,0.0083926,0.009791367,0.011190134,0.011889517,0.012588901,0.013288284,0.013637976,0.013987667,0.014337359,0.014512205,0.014687051,0.014774474,0.014861897,0.01494932,0.015036743,0.015124165,0.015211588,0.015386434,0.015736126,0.015910972,0.016085818,
0.016435509,0.016785201,0.017322719),(0.,0.25,0.5,0.75,1.),.UNSPECIFIED.);
#4430=ORIENTED_EDGE('',*,*,#3825,.T.);
#4431=ORIENTED_EDGE('',*,*,#3655,.F.);
#4432=CARTESIAN_POINT('',(7.518647933,115.926626958,172.18913903));
#4433=DIRECTION('',(-0.045294056,0.92842151,-0.368757304));
#4434=DIRECTION('',(-0.,0.369136149,0.92937533));
#4435=AXIS2_PLACEMENT_3D('',#4432,#4433,#4434);
#4436=CIRCLE('',#4435,1.);
#4437=EDGE_CURVE('',#749,#3561,#4436,.T.);
#4438=ORIENTED_EDGE('',*,*,#4437,.F.);
#4439=ORIENTED_EDGE('',*,*,#1001,.F.);
#4440=EDGE_LOOP('',(#4430,#4431,#4438,#4439));
#4441=FACE_BOUND('',#4440,.T.);
#4442=ADVANCED_FACE('',(#4441),#4429,.T.);
#4443=CARTESIAN_POINT('',(6.84066082,116.169162583,172.883048207));
#4444=CARTESIAN_POINT('',(6.753685732,116.135798445,172.80973026));
#4445=CARTESIAN_POINT('',(6.681174422,116.097277283,172.721651884));
#4446=CARTESIAN_POINT('',(6.574079862,116.014702368,172.526907049));
#4447=CARTESIAN_POINT('',(6.539524993,115.970670499,172.420292201));
#4448=CARTESIAN_POINT('',(6.526107106,115.926626958,172.311051733));
#4449=CARTESIAN_POINT('',(6.834277428,116.39210679,172.798887668));
#4450=CARTESIAN_POINT('',(6.751273232,116.358014721,172.730730957));
#4451=CARTESIAN_POINT('',(6.681179316,116.319283548,172.649201358));
#4452=CARTESIAN_POINT('',(6.574633184,116.236883394,172.468448207));
#4453=CARTESIAN_POINT('',(6.538203571,116.193231906,172.369262313));
#4454=CARTESIAN_POINT('',(6.520668818,116.149571165,172.26677642));
#4455=CARTESIAN_POINT('',(6.8219909,116.612168586,172.710782579));
#4456=CARTESIAN_POINT('',(6.743240204,116.577380131,172.647980237));
#4457=CARTESIAN_POINT('',(6.675917813,116.538452288,172.573161487));
#4458=CARTESIAN_POINT('',(6.570837094,116.456220445,172.4069078));
#4459=CARTESIAN_POINT('',(6.533096459,116.412930362,172.315500475));
#4460=CARTESIAN_POINT('',(6.512049203,116.36963296,172.220344955));
#4461=CARTESIAN_POINT('',(6.779482513,117.043833481,172.523205411));
#4462=CARTESIAN_POINT('',(6.710218162,117.007715563,172.471774241));
#4463=CARTESIAN_POINT('',(6.649572142,116.968419093,172.41097395));
#4464=CARTESIAN_POINT('',(6.55016899,116.886510353,172.275257329));
#4465=CARTESIAN_POINT('',(6.511421633,116.843906215,172.200353947));
#4466=CARTESIAN_POINT('',(6.485129738,116.801297856,172.121254859));
#4467=CARTESIAN_POINT('',(6.749715409,117.255639032,172.423994884));
#4468=CARTESIAN_POINT('',(6.6856515,117.218887538,172.378558921));
#4469=CARTESIAN_POINT('',(6.628876913,117.179418967,172.325045736));
#4470=CARTESIAN_POINT('',(6.533616473,117.09766505,172.205327798));
#4471=CARTESIAN_POINT('',(6.495137392,117.05538563,172.139131375));
#4472=CARTESIAN_POINT('',(6.46707563,117.013103137,172.068740954));
#4473=CARTESIAN_POINT('',(6.680158442,117.56193587,172.260114428));
#4474=CARTESIAN_POINT('',(6.625415985,117.524290151,172.224696819));
#4475=CARTESIAN_POINT('',(6.576110745,117.484582898,172.183070399));
#4476=CARTESIAN_POINT('',(6.490848851,117.403048845,172.089478953));
#4477=CARTESIAN_POINT('',(6.454895786,117.361225506,172.037517814));
#4478=CARTESIAN_POINT('',(6.426525236,117.31940038,171.981689376));
#4479=CARTESIAN_POINT('',(6.652862418,117.661423573,172.203267216));
#4480=CARTESIAN_POINT('',(6.601467296,117.623491175,172.171343352));
#4481=CARTESIAN_POINT('',(6.554920017,117.583708069,172.133817515));
#4482=CARTESIAN_POINT('',(6.473616119,117.502244458,172.049242374));
#4483=CARTESIAN_POINT('',(6.438862254,117.460566744,172.002195904));
#4484=CARTESIAN_POINT('',(6.410790106,117.418887575,171.951444608));
#4485=CARTESIAN_POINT('',(6.585797381,117.850970364,172.083570217));
#4486=CARTESIAN_POINT('',(6.541851419,117.812497914,172.059101201));
#4487=CARTESIAN_POINT('',(6.501651765,117.772573252,172.030188272));
#4488=CARTESIAN_POINT('',(6.430162914,117.691243259,171.964484546));
#4489=CARTESIAN_POINT('',(6.398875183,117.649839632,171.927695064));
#4490=CARTESIAN_POINT('',(6.372597691,117.608435112,171.887611362));
#4491=CARTESIAN_POINT('',(6.546129197,117.941056548,172.020782667));
#4492=CARTESIAN_POINT('',(6.506276206,117.902330437,172.000268372));
#4493=CARTESIAN_POINT('',(6.469657587,117.862339805,171.975861676));
#4494=CARTESIAN_POINT('',(6.404010043,117.781072446,171.920002784));
#4495=CARTESIAN_POINT('',(6.374982138,117.739797013,171.888551443));
#4496=CARTESIAN_POINT('',(6.35019491,117.698520923,171.854055775));
#4497=CARTESIAN_POINT('',(6.447468,118.099879383,171.888618743));
#4498=CARTESIAN_POINT('',(6.41695215,118.06071017,171.876654791));
#4499=CARTESIAN_POINT('',(6.388783138,118.02060514,171.861772559));
#4500=CARTESIAN_POINT('',(6.337770791,117.939447644,171.826495265));
#4501=CARTESIAN_POINT('',(6.314927869,117.898395878,171.80610047));
#4502=CARTESIAN_POINT('',(6.295005121,117.857343758,171.783173356));
#4503=CARTESIAN_POINT('',(6.387587268,118.169911085,171.818099646));
#4504=CARTESIAN_POINT('',(6.362393585,118.13054873,171.810802027));
#4505=CARTESIAN_POINT('',(6.339164903,118.090394258,171.801017371));
#4506=CARTESIAN_POINT('',(6.297077759,118.009284723,171.776653228));
#4507=CARTESIAN_POINT('',(6.278219547,117.968330169,171.76207388));
#4508=CARTESIAN_POINT('',(6.261724855,117.927375356,171.745233178));
#4509=CARTESIAN_POINT('',(6.275965924,118.236040866,171.710583095));
#4510=CARTESIAN_POINT('',(6.259986977,118.196496838,171.710803029));
#4511=CARTESIAN_POINT('',(6.245607772,118.15629602,171.708938065));
#4512=CARTESIAN_POINT('',(6.220278393,118.075231723,171.701065612));
#4513=CARTESIAN_POINT('',(6.209328327,118.034368598,171.695058154));
#4514=CARTESIAN_POINT('',(6.200180072,117.993505293,171.687026516));
#4515=CARTESIAN_POINT('',(6.235781974,118.25095811,171.675181844));
#4516=CARTESIAN_POINT('',(6.223024407,118.21137323,171.677946331));
#4517=CARTESIAN_POINT('',(6.211782545,118.171162002,171.678715056));
#4518=CARTESIAN_POINT('',(6.192502823,118.090107831,171.676248317));
#4519=CARTESIAN_POINT('',(6.184465038,118.049265212,171.673012861));
#4520=CARTESIAN_POINT('',(6.178090907,118.008422425,171.6677999));
#4521=CARTESIAN_POINT('',(6.150524852,118.263303424,171.607266922));
#4522=CARTESIAN_POINT('',(6.144420831,118.223684757,171.615098444));
#4523=CARTESIAN_POINT('',(6.13975116,118.183464943,171.62099923));
#4524=CARTESIAN_POINT('',(6.133348726,118.102419225,171.628851066));
#4525=CARTESIAN_POINT('',(6.131615984,118.06159362,171.630802086));
#4526=CARTESIAN_POINT('',(6.131364073,118.020767858,171.630763345));
#4527=CARTESIAN_POINT('',(6.104817815,118.260538018,171.574354915));
#4528=CARTESIAN_POINT('',(6.10219326,118.220926885,171.584742053));
#4529=CARTESIAN_POINT('',(6.101006454,118.180708976,171.593172931));
#4530=CARTESIAN_POINT('',(6.10152812,118.099661357,171.605997391));
#4531=CARTESIAN_POINT('',(6.103236594,118.058831952,171.610390925));
#4532=CARTESIAN_POINT('',(6.106380949,118.018002393,171.612733516));
#4533=CARTESIAN_POINT('',(6.058908585,118.248911347,171.544594251));
#4534=CARTESIAN_POINT('',(6.059710169,118.209332072,171.557407079));
#4535=CARTESIAN_POINT('',(6.061994522,118.169122276,171.568178897));
#4536=CARTESIAN_POINT('',(6.069493258,118.088066731,171.58547306));
#4537=CARTESIAN_POINT('',(6.074707609,118.047221309,171.591995334));
#4538=CARTESIAN_POINT('',(6.081346415,118.006375722,171.596342105));
#4539=B_SPLINE_SURFACE_WITH_KNOTS('',3,3,((#4443,#4444,#4445,#4446,#4447,#4448),(#4449,#4450,#4451,#4452,#4453,#4454),(#4455,#4456,#4457,#4458,#4459,#4460),(#4461,#4462,#4463,#4464,#4465,#4466),(#4467,#4468,#4469,#4470,#4471,#4472),(#4473,#4474,#4475,#4476,#4477,#4478),(#4479,#4480,#4481,#4482,#4483,#4484),(#4485,#4486,#4487,#4488,#4489,#4490),(#4491,#4492,#4493,#4494,#4495,#4496),(#4497,#4498,#4499,#4500,#4501,#4502),(#4503,#4504,#4505,#4506,#4507,#4508),(#4509,#4510,#4511,#4512,#4513,#4514),(#4515,#4516,#4517,#4518,#4519,#4520),(#4521,#4522,#4523,#4524,#4525,#4526),(#4527,#4528,#4529,#4530,#4531,#4532),(#4533,#4534,#4535,#4536,#4537,#4538)),.UNSPECIFIED.,.F.,.F.,.U.,(4,2,2,2,2,2,2,4),(4,2,4),(-0.,0.000716987,0.001433974,0.001792467,0.002150961,0.002509454,0.002688701,0.002867947),(0.,0.5,1.),.UNSPECIFIED.);
#4540=ORIENTED_EDGE('',*,*,#4437,.T.);
#4541=ORIENTED_EDGE('',*,*,#3585,.F.);
#4542=CARTESIAN_POINT('',(6.62912655,118.006375722,170.759719775));
#4543=DIRECTION('',(-0.821267526,-0.190708708,-0.537726547));
#4544=DIRECTION('',(-0.547780135,-0.,0.83662233));
#4545=AXIS2_PLACEMENT_3D('',#4542,#4543,#4544);
#4546=CIRCLE('',#4545,1.);
#4547=EDGE_CURVE('',#1411,#3525,#4546,.T.);
#4548=ORIENTED_EDGE('',*,*,#4547,.F.);
#4549=ORIENTED_EDGE('',*,*,#1497,.F.);
#4550=EDGE_LOOP('',(#4540,#4541,#4548,#4549));
#4551=FACE_BOUND('',#4550,.T.);
#4552=ADVANCED_FACE('',(#4551),#4539,.T.);
#4553=CARTESIAN_POINT('',(-6.84066082,116.169162583,172.883048207));
#4554=CARTESIAN_POINT('',(-6.797173276,116.152480514,172.846389233));
#4555=CARTESIAN_POINT('',(-6.757268838,116.134517201,172.806064357));
#4556=CARTESIAN_POINT('',(-6.685881997,116.096593405,172.719351857));
#4557=CARTESIAN_POINT('',(-6.654400782,116.076633554,172.672965675));
#4558=CARTESIAN_POINT('',(-6.600853502,116.035346096,172.575593258));
#4559=CARTESIAN_POINT('',(-6.578788327,116.014019177,172.524608642));
#4560=CARTESIAN_POINT('',(-6.544769318,115.970670133,172.419647124));
#4561=CARTESIAN_POINT('',(-6.532816049,115.948648728,172.365671967));
#4562=CARTESIAN_POINT('',(-6.526107106,115.926626958,172.311051733));
#4563=CARTESIAN_POINT('',(-6.845510055,115.999799858,172.946981953));
#4564=CARTESIAN_POINT('',(-6.804069831,115.982812086,172.912040072));
#4565=CARTESIAN_POINT('',(-6.765930278,115.96465046,172.873757149));
#4566=CARTESIAN_POINT('',(-6.697348289,115.926504016,172.791608401));
#4567=CARTESIAN_POINT('',(-6.666906795,115.906519727,172.747743703));
#4568=CARTESIAN_POINT('',(-6.614598379,115.865305662,172.65569263));
#4569=CARTESIAN_POINT('',(-6.592732178,115.844076457,172.607507517));
#4570=CARTESIAN_POINT('',(-6.55820615,115.80098595,172.508201034));
#4571=CARTESIAN_POINT('',(-6.545546803,115.779125243,172.457081025));
#4572=CARTESIAN_POINT('',(-6.537674669,115.757264233,172.405227964));
#4573=CARTESIAN_POINT('',(-6.853145732,115.832031471,173.013558289));
#4574=CARTESIAN_POINT('',(-6.813852726,115.814744944,172.980445911));
#4575=CARTESIAN_POINT('',(-6.777579305,115.79639043,172.944310388));
#4576=CARTESIAN_POINT('',(-6.712019239,115.758027991,172.866936272));
#4577=CARTESIAN_POINT('',(-6.682733338,115.738020506,172.825698554));
#4578=CARTESIAN_POINT('',(-6.631915635,115.696878563,172.739197812));
#4579=CARTESIAN_POINT('',(-6.610384413,115.675744578,172.693935768));
#4580=CARTESIAN_POINT('',(-6.575641409,115.632905432,172.600569251));
#4581=CARTESIAN_POINT('',(-6.562430025,115.611200763,172.552465836));
#4582=CARTESIAN_POINT('',(-6.553552686,115.589495845,172.50356987));
#4583=CARTESIAN_POINT('',(-6.876478923,115.501233933,173.154623903));
#4584=CARTESIAN_POINT('',(-6.841778555,115.483365471,173.125528875));
#4585=CARTESIAN_POINT('',(-6.809539477,115.464636879,173.094028927));
#4586=CARTESIAN_POINT('',(-6.750661537,115.425856551,173.026880406));
#4587=CARTESIAN_POINT('',(-6.724023105,115.405805102,172.991232321));
#4588=CARTESIAN_POINT('',(-6.676908101,115.364804344,172.916536355));
#4589=CARTESIAN_POINT('',(-6.656431876,115.343855339,172.877489015));
#4590=CARTESIAN_POINT('',(-6.622074285,115.301503502,172.796814672));
#4591=CARTESIAN_POINT('',(-6.608193174,115.280100984,172.755188253));
#4592=CARTESIAN_POINT('',(-6.597757162,115.258698308,172.712709255));
#4593=CARTESIAN_POINT('',(-6.892161059,115.337491399,173.229331477));
#4594=CARTESIAN_POINT('',(-6.859912914,115.319338549,173.202428813));
#4595=CARTESIAN_POINT('',(-6.82984761,115.300428001,173.173422825));
#4596=CARTESIAN_POINT('',(-6.774638103,115.26144493,173.111738957));
#4597=CARTESIAN_POINT('',(-6.74949421,115.241372629,173.079061422));
#4598=CARTESIAN_POINT('',(-6.70459326,115.200441231,173.010637324));
#4599=CARTESIAN_POINT('',(-6.684836457,115.179582368,172.974891145));
#4600=CARTESIAN_POINT('',(-6.651076521,115.137467474,172.90098916));
#4601=CARTESIAN_POINT('',(-6.63707358,115.116211685,172.862833768));
#4602=CARTESIAN_POINT('',(-6.626078087,115.094955774,172.823825536));
#4603=CARTESIAN_POINT('',(-6.925395653,115.100813374,173.350152238));
#4604=CARTESIAN_POINT('',(-6.897160739,115.082253975,173.326978087));
#4605=CARTESIAN_POINT('',(-6.87070194,115.063084387,173.302129349));
#4606=CARTESIAN_POINT('',(-6.821733176,115.023813334,173.249454861));
#4607=CARTESIAN_POINT('',(-6.799223394,115.003712016,173.221629307));
#4608=CARTESIAN_POINT('',(-6.758490616,114.962880221,173.163418242));
#4609=CARTESIAN_POINT('',(-6.740267772,114.942149898,173.133032948));
#4610=CARTESIAN_POINT('',(-6.708382707,114.900372221,173.070157807));
#4611=CARTESIAN_POINT('',(-6.694720605,114.879325025,173.037668194));
#4612=CARTESIAN_POINT('',(-6.683441635,114.858277749,173.00436979));
#4613=CARTESIAN_POINT('',(-6.938103791,115.023451562,173.391886859));
#4614=CARTESIAN_POINT('',(-6.911262537,115.004760047,173.370029279));
#4615=CARTESIAN_POINT('',(-6.886063723,114.985506466,173.346636016));
#4616=CARTESIAN_POINT('',(-6.839298731,114.946142148,173.297100603));
#4617=CARTESIAN_POINT('',(-6.817732701,114.926031537,173.270958609));
#4618=CARTESIAN_POINT('',(-6.778531323,114.885232188,173.216286373));
#4619=CARTESIAN_POINT('',(-6.760896099,114.86454358,173.187756304));
#4620=CARTESIAN_POINT('',(-6.729800237,114.822875227,173.128701493));
#4621=CARTESIAN_POINT('',(-6.716339698,114.801895616,173.098176938));
#4622=CARTESIAN_POINT('',(-6.705059658,114.780915938,173.066865605));
#4623=CARTESIAN_POINT('',(-6.968091067,114.873055957,173.479511555));
#4624=CARTESIAN_POINT('',(-6.944195758,114.854108924,173.460501248));
#4625=CARTESIAN_POINT('',(-6.921681421,114.834693215,173.440222796));
#4626=CARTESIAN_POINT('',(-6.879673514,114.795149069,173.397362321));
#4627=CARTESIAN_POINT('',(-6.860180037,114.775020721,173.374780393));
#4628=CARTESIAN_POINT('',(-6.824438278,114.734284256,173.327572256));
#4629=CARTESIAN_POINT('',(-6.808190073,114.713676231,173.302946151));
#4630=CARTESIAN_POINT('',(-6.779126121,114.672218868,173.251932413));
#4631=CARTESIAN_POINT('',(-6.766310437,114.651369623,173.225544892));
#4632=CARTESIAN_POINT('',(-6.755284963,114.630520331,173.198428109));
#4633=CARTESIAN_POINT('',(-6.985329245,114.799982852,173.525363284));
#4634=CARTESIAN_POINT('',(-6.962984758,114.780912352,173.507881609));
#4635=CARTESIAN_POINT('',(-6.941893372,114.761418469,173.489260483));
#4636=CARTESIAN_POINT('',(-6.902435549,114.721787718,173.449931975));
#4637=CARTESIAN_POINT('',(-6.884069182,114.701650921,173.429224663));
#4638=CARTESIAN_POINT('',(-6.850252107,114.660944913,173.385938149));
#4639=CARTESIAN_POINT('',(-6.834801458,114.640375775,173.363359024));
#4640=CARTESIAN_POINT('',(-6.806976371,114.59902013,173.31656264));
#4641=CARTESIAN_POINT('',(-6.794601983,114.578233698,173.292345465));
#4642=CARTESIAN_POINT('',(-6.78383007,114.557447228,173.2674346));
#4643=CARTESIAN_POINT('',(-7.01650607,114.695441562,173.599033502));
#4644=CARTESIAN_POINT('',(-6.99667429,114.67619524,173.584101212));
#4645=CARTESIAN_POINT('',(-6.977911424,114.656590236,173.568211744));
#4646=CARTESIAN_POINT('',(-6.942689267,114.616836498,173.534658683));
#4647=CARTESIAN_POINT('',(-6.926230022,114.596687817,173.516995133));
#4648=CARTESIAN_POINT('',(-6.895760617,114.556025261,173.480049878));
#4649=CARTESIAN_POINT('',(-6.881750498,114.53551144,173.46076822));
#4650=CARTESIAN_POINT('',(-6.856303238,114.494300365,173.420757012));
#4651=CARTESIAN_POINT('',(-6.844866131,114.473603164,173.400027514));
#4652=CARTESIAN_POINT('',(-6.834766105,114.452905937,173.378665599));
#4653=CARTESIAN_POINT('',(-7.027796437,114.661450243,173.624416449));
#4654=CARTESIAN_POINT('',(-7.008833713,114.642146894,173.610377275));
#4655=CARTESIAN_POINT('',(-6.990879799,114.622505883,173.595439869));
#4656=CARTESIAN_POINT('',(-6.957138856,114.582712317,173.563892634));
#4657=CARTESIAN_POINT('',(-6.941351866,114.562559807,173.547282841));
#4658=CARTESIAN_POINT('',(-6.912076115,114.52191136,173.512528836));
#4659=CARTESIAN_POINT('',(-6.898587387,114.50141547,173.494384664));
#4660=CARTESIAN_POINT('',(-6.874020403,114.460251235,173.456712667));
#4661=CARTESIAN_POINT('',(-6.862942175,114.439582938,173.437184884));
#4662=CARTESIAN_POINT('',(-6.853115289,114.418914618,173.417046413));
#4663=CARTESIAN_POINT('',(-7.052797537,114.595779514,173.677420116));
#4664=CARTESIAN_POINT('',(-7.035658209,114.576366231,173.665285391));
#4665=CARTESIAN_POINT('',(-7.019411166,114.556655868,173.652365739));
#4666=CARTESIAN_POINT('',(-6.988820431,114.516785622,173.625050869));
#4667=CARTESIAN_POINT('',(-6.974476767,114.496625775,173.610655676));
#4668=CARTESIAN_POINT('',(-6.947797726,114.45600455,173.58049484));
#4669=CARTESIAN_POINT('',(-6.935462373,114.435543208,173.564729223));
#4670=CARTESIAN_POINT('',(-6.912890223,114.394469189,173.531942675));
#4671=CARTESIAN_POINT('',(-6.902653445,114.373856548,173.514921772));
#4672=CARTESIAN_POINT('',(-6.893503413,114.353243889,173.49733537));
#4673=CARTESIAN_POINT('',(-7.066575227,114.563997214,173.705158395));
#4674=CARTESIAN_POINT('',(-7.050394347,114.544530852,173.694039543));
#4675=CARTESIAN_POINT('',(-7.035049145,114.524787037,173.68219029));
#4676=CARTESIAN_POINT('',(-7.006134841,114.484879824,173.657111689));
#4677=CARTESIAN_POINT('',(-6.992565763,114.464716457,173.64388236));
#4678=CARTESIAN_POINT('',(-6.967296376,114.424108388,173.616133769));
#4679=CARTESIAN_POINT('',(-6.955596087,114.403663717,173.601614528));
#4680=CARTESIAN_POINT('',(-6.934144196,114.362633212,173.571385086));
#4681=CARTESIAN_POINT('',(-6.924392609,114.342047408,173.555674908));
#4682=CARTESIAN_POINT('',(-6.915648672,114.321461589,173.539422805));
#4683=CARTESIAN_POINT('',(-7.096729566,114.505279083,173.762263503));
#4684=CARTESIAN_POINT('',(-7.082532878,114.485714845,173.753287104));
#4685=CARTESIAN_POINT('',(-7.06906698,114.465909389,173.743680608));
#4686=CARTESIAN_POINT('',(-7.043676597,114.425934086,173.723264169));
#4687=CARTESIAN_POINT('',(-7.031752126,114.405764262,173.712454238));
#4688=CARTESIAN_POINT('',(-7.009515319,114.365180472,173.689694833));
#4689=CARTESIAN_POINT('',(-6.999202997,114.34476653,173.677745372));
#4690=CARTESIAN_POINT('',(-6.980251661,114.303816199,173.652777572));
#4691=CARTESIAN_POINT('',(-6.971612657,114.283279835,173.639759246));
#4692=CARTESIAN_POINT('',(-6.963835936,114.262743458,173.626244986));
#4693=CARTESIAN_POINT('',(-7.113152991,114.478150947,173.791752534));
#4694=CARTESIAN_POINT('',(-7.099986177,114.458541587,173.783906786));
#4695=CARTESIAN_POINT('',(-7.08750153,114.43870774,173.775477044));
#4696=CARTESIAN_POINT('',(-7.063965438,114.39870109,173.757495871));
#4697=CARTESIAN_POINT('',(-7.052914005,114.378528308,173.74794445));
#4698=CARTESIAN_POINT('',(-7.032305318,114.337955721,173.727772428));
#4699=CARTESIAN_POINT('',(-7.022748074,114.317555937,173.717151838));
#4700=CARTESIAN_POINT('',(-7.005180489,114.276642532,173.6948999));
#4701=CARTESIAN_POINT('',(-6.997170157,114.256128932,173.683268563));
#4702=CARTESIAN_POINT('',(-6.989955368,114.235615322,173.671163852));
#4703=CARTESIAN_POINT('',(-7.149725919,114.430076476,173.853336032));
#4704=CARTESIAN_POINT('',(-7.138724163,114.410387272,173.847918171));
#4705=CARTESIAN_POINT('',(-7.128318347,114.390503213,173.841997912));
#4706=CARTESIAN_POINT('',(-7.108748321,114.350441143,173.829180645));
#4707=CARTESIAN_POINT('',(-7.099584119,114.330263147,173.822283641));
#4708=CARTESIAN_POINT('',(-7.082541119,114.289710396,173.807545619));
#4709=CARTESIAN_POINT('',(-7.074662328,114.269335656,173.799704606));
#4710=CARTESIAN_POINT('',(-7.060227792,114.228487554,173.783115826));
#4711=CARTESIAN_POINT('',(-7.053672054,114.208014207,173.774368064));
#4712=CARTESIAN_POINT('',(-7.047793496,114.187540851,173.765187728));
#4713=CARTESIAN_POINT('',(-7.169899159,114.409253377,173.885419467));
#4714=CARTESIAN_POINT('',(-7.160032383,114.389529654,173.881299301));
#4715=CARTESIAN_POINT('',(-7.150724162,114.369623904,173.876712014));
#4716=CARTESIAN_POINT('',(-7.133266434,114.329537903,173.866623504));
#4717=CARTESIAN_POINT('',(-7.125116932,114.309357666,173.861122284));
#4718=CARTESIAN_POINT('',(-7.110013058,114.268813497,173.849230318));
#4719=CARTESIAN_POINT('',(-7.103058692,114.24844958,173.842839576));
#4720=CARTESIAN_POINT('',(-7.090376144,114.207629685,173.829196972));
#4721=CARTESIAN_POINT('',(-7.084647967,114.187173722,173.821945114));
#4722=CARTESIAN_POINT('',(-7.079545661,114.166717752,173.814278832));
#4723=CARTESIAN_POINT('',(-7.202645835,114.385634997,173.934138608));
#4724=CARTESIAN_POINT('',(-7.194516305,114.365872153,173.932052512));
#4725=CARTESIAN_POINT('',(-7.186903296,114.345941829,173.929539764));
#4726=CARTESIAN_POINT('',(-7.17274177,114.305828721,173.92367128));
#4727=CARTESIAN_POINT('',(-7.166193256,114.285645949,173.920315546));
#4728=CARTESIAN_POINT('',(-7.154187769,114.24511151,173.9127749));
#4729=CARTESIAN_POINT('',(-7.1487308,114.224759855,173.908589989));
#4730=CARTESIAN_POINT('',(-7.138930938,114.183971919,173.899408229));
#4731=CARTESIAN_POINT('',(-7.134588048,114.163535648,173.894411382));
#4732=CARTESIAN_POINT('',(-7.130811159,114.143099372,173.889018864));
#4733=CARTESIAN_POINT('',(-7.214016652,114.378977612,173.950546228));
#4734=CARTESIAN_POINT('',(-7.206474437,114.359203748,173.949155434));
#4735=CARTESIAN_POINT('',(-7.199436982,114.339266503,173.947349494));
#4736=CARTESIAN_POINT('',(-7.186399965,114.299145762,173.942914555));
#4737=CARTESIAN_POINT('',(-7.180400406,114.278962276,173.940285558));
#4738=CARTESIAN_POINT('',(-7.16946337,114.238430581,173.934215065));
#4739=CARTESIAN_POINT('',(-7.164525895,114.218082382,173.93077357));
#4740=CARTESIAN_POINT('',(-7.155732928,114.17730345,173.923091923));
#4741=CARTESIAN_POINT('',(-7.151877438,114.156872728,173.918851772));
#4742=CARTESIAN_POINT('',(-7.148570705,114.136442001,173.914220825));
#4743=CARTESIAN_POINT('',(-7.237798982,114.368440696,173.983746232));
#4744=CARTESIAN_POINT('',(-7.231450311,114.348649392,173.983785931));
#4745=CARTESIAN_POINT('',(-7.225588092,114.328701195,173.983429089));
#4746=CARTESIAN_POINT('',(-7.214859244,114.288568373,173.981923647));
#4747=CARTESIAN_POINT('',(-7.209992618,114.268383758,173.980775047));
#4748=CARTESIAN_POINT('',(-7.20127379,114.227856397,173.977690485));
#4749=CARTESIAN_POINT('',(-7.197421589,114.20751366,173.975754524));
#4750=CARTESIAN_POINT('',(-7.190746511,114.166748962,173.971102688));
#4751=CARTESIAN_POINT('',(-7.187923635,114.146327011,173.968386814));
#4752=CARTESIAN_POINT('',(-7.185620875,114.125905056,173.96528622));
#4753=CARTESIAN_POINT('',(-7.250241831,114.36458814,174.000568903));
#4754=CARTESIAN_POINT('',(-7.244500546,114.344790465,174.001345394));
#4755=CARTESIAN_POINT('',(-7.239239219,114.32483827,174.001732402));
#4756=CARTESIAN_POINT('',(-7.229696556,114.28470104,174.001725946));
#4757=CARTESIAN_POINT('',(-7.225415223,114.264516016,174.001332483));
#4758=CARTESIAN_POINT('',(-7.217848883,114.223990243,173.999766563));
#4759=CARTESIAN_POINT('',(-7.214563879,114.203649504,173.998594106));
#4760=CARTESIAN_POINT('',(-7.20900273,114.16289001,173.995474653));
#4761=CARTESIAN_POINT('',(-7.206726586,114.142471265,173.993527658));
#4762=CARTESIAN_POINT('',(-7.204959209,114.122052514,173.991197098));
#4763=CARTESIAN_POINT('',(-7.288018201,114.357874979,174.050000951));
#4764=CARTESIAN_POINT('',(-7.284070029,114.3380662,174.052979655));
#4765=CARTESIAN_POINT('',(-7.28059152,114.318107034,174.055582436));
#4766=CARTESIAN_POINT('',(-7.274586676,114.277962117,174.060026381));
#4767=CARTESIAN_POINT('',(-7.272060342,114.257776376,174.061867543));
#4768=CARTESIAN_POINT('',(-7.267969164,114.217253366,174.064781301));
#4769=CARTESIAN_POINT('',(-7.26640432,114.196916107,174.065853895));
#4770=CARTESIAN_POINT('',(-7.264241861,114.156165678,174.067226428));
#4771=CARTESIAN_POINT('',(-7.263644246,114.135752518,174.067526366));
#4772=CARTESIAN_POINT('',(-7.26353132,114.115339354,174.067439366));
#4773=CARTESIAN_POINT('',(-7.314176752,114.359652145,174.08211386));
#4774=CARTESIAN_POINT('',(-7.31140454,114.339846305,174.086572899));
#4775=CARTESIAN_POINT('',(-7.309106997,114.319888981,174.090655278));
#4776=CARTESIAN_POINT('',(-7.305469995,114.279746097,174.09805161));
#4777=CARTESIAN_POINT('',(-7.304130536,114.259560546,174.101365562));
#4778=CARTESIAN_POINT('',(-7.302414866,114.219036805,174.107212806));
#4779=CARTESIAN_POINT('',(-7.302038655,114.198698625,174.109746097));
#4780=CARTESIAN_POINT('',(-7.302251039,114.157945799,174.114022703));
#4781=CARTESIAN_POINT('',(-7.302839633,114.137531162,174.115766018));
#4782=CARTESIAN_POINT('',(-7.303909605,114.11711652,174.117111165));
#4783=CARTESIAN_POINT('',(-7.395570206,114.383632299,174.175954791));
#4784=CARTESIAN_POINT('',(-7.396270546,114.363866132,174.184894414));
#4785=CARTESIAN_POINT('',(-7.397497121,114.343933719,174.193427414));
#4786=CARTESIAN_POINT('',(-7.400998273,114.303818306,174.209645826));
#4787=CARTESIAN_POINT('',(-7.403272849,114.283635317,174.217331233));
#4788=CARTESIAN_POINT('',(-7.408861239,114.243101704,174.231823582));
#4789=CARTESIAN_POINT('',(-7.412175053,114.222751091,174.238630519));
#4790=CARTESIAN_POINT('',(-7.419828898,114.181965872,174.251338642));
#4791=CARTESIAN_POINT('',(-7.424168927,114.161531276,174.257239825));
#4792=CARTESIAN_POINT('',(-7.429013452,114.141096674,174.262676342));
#4793=CARTESIAN_POINT('',(-7.45047993,114.424070762,174.231266604));
#4794=CARTESIAN_POINT('',(-7.453278128,114.404371518,174.243064323));
#4795=CARTESIAN_POINT('',(-7.456684911,114.38448113,174.254399127));
#4796=CARTESIAN_POINT('',(-7.464701052,114.344412063,174.276091305));
#4797=CARTESIAN_POINT('',(-7.469310408,114.3242334,174.286448673));
#4798=CARTESIAN_POINT('',(-7.479711567,114.283683137,174.306138856));
#4799=CARTESIAN_POINT('',(-7.485503367,114.263311551,174.315471665));
#4800=CARTESIAN_POINT('',(-7.49824384,114.222471682,174.333070301));
#4801=CARTESIAN_POINT('',(-7.505192508,114.202003413,174.341336121));
#4802=CARTESIAN_POINT('',(-7.512704154,114.181535137,174.349049675));
#4803=CARTESIAN_POINT('',(-7.526928767,114.501066052,174.301403752));
#4804=CARTESIAN_POINT('',(-7.532444812,114.481494808,174.31704392));
#4805=CARTESIAN_POINT('',(-7.538727373,114.461684945,174.332115246));
#4806=CARTESIAN_POINT('',(-7.552788864,114.421704777,174.361031847));
#4807=CARTESIAN_POINT('',(-7.560567786,114.401534494,174.374877107));
#4808=CARTESIAN_POINT('',(-7.577576536,114.360952444,174.401260375));
#4809=CARTESIAN_POINT('',(-7.586806355,114.340540699,174.413798369));
#4810=CARTESIAN_POINT('',(-7.606662915,114.2995961,174.437493577));
#4811=CARTESIAN_POINT('',(-7.617289644,114.279063269,174.448650779));
#4812=CARTESIAN_POINT('',(-7.628583739,114.258530427,174.459084878));
#4813=CARTESIAN_POINT('',(-7.551635438,114.529516506,174.322886008));
#4814=CARTESIAN_POINT('',(-7.55799479,114.509992635,174.339744308));
#4815=CARTESIAN_POINT('',(-7.565179118,114.490212593,174.355994732));
#4816=CARTESIAN_POINT('',(-7.581152662,114.450265357,174.387177515));
#4817=CARTESIAN_POINT('',(-7.589941868,114.43009819,174.402109854));
#4818=CARTESIAN_POINT('',(-7.60906998,114.389504383,174.430562407));
#4819=CARTESIAN_POINT('',(-7.619408873,114.36907777,174.444082603));
#4820=CARTESIAN_POINT('',(-7.64157141,114.328094385,174.469625701));
#4821=CARTESIAN_POINT('',(-7.653395039,114.30753764,174.481648586));
#4822=CARTESIAN_POINT('',(-7.665923889,114.286980881,174.492884948));
#4823=CARTESIAN_POINT('',(-7.599912144,114.590523559,174.363052562));
#4824=CARTESIAN_POINT('',(-7.607866954,114.571101497,174.382255388));
#4825=CARTESIAN_POINT('',(-7.616772561,114.551385602,174.400767146));
#4826=CARTESIAN_POINT('',(-7.636421137,114.511509242,174.436274702));
#4827=CARTESIAN_POINT('',(-7.647164089,114.491348812,174.453270471));
#4828=CARTESIAN_POINT('',(-7.670409812,114.450729763,174.485623126));
#4829=CARTESIAN_POINT('',(-7.682912563,114.430271179,174.500979985));
#4830=CARTESIAN_POINT('',(-7.70958761,114.389204356,174.529943742));
#4831=CARTESIAN_POINT('',(-7.723759883,114.368596154,174.543550616));
#4832=CARTESIAN_POINT('',(-7.738715753,114.347987934,174.556233295));
#4833=CARTESIAN_POINT('',(-7.623525197,114.623183206,174.381756395));
#4834=CARTESIAN_POINT('',(-7.632233106,114.603815756,174.40208738));
#4835=CARTESIAN_POINT('',(-7.641959383,114.584134296,174.421682994));
#4836=CARTESIAN_POINT('',(-7.663373648,114.544296,174.459252052));
#4837=CARTESIAN_POINT('',(-7.675061614,114.524139204,174.477225457));
#4838=CARTESIAN_POINT('',(-7.70030904,114.483506626,174.511411115));
#4839=CARTESIAN_POINT('',(-7.713868475,114.463030884,174.527623333));
#4840=CARTESIAN_POINT('',(-7.74275416,114.421919268,174.558161231));
#4841=CARTESIAN_POINT('',(-7.758080381,114.401283435,174.572486882));
#4842=CARTESIAN_POINT('',(-7.774230842,114.380647581,174.585813854));
#4843=CARTESIAN_POINT('',(-7.691734536,114.723926691,174.433629414));
#4844=CARTESIAN_POINT('',(-7.702556992,114.704728105,174.457177171));
#4845=CARTESIAN_POINT('',(-7.714607058,114.685153227,174.47985378));
#4846=CARTESIAN_POINT('',(-7.741052056,114.645432807,174.523256143));
#4847=CARTESIAN_POINT('',(-7.755446952,114.625287322,174.543981836));
#4848=CARTESIAN_POINT('',(-7.786449657,114.584612951,174.58329159));
#4849=CARTESIAN_POINT('',(-7.803057424,114.564084124,174.601875595));
#4850=CARTESIAN_POINT('',(-7.838333585,114.522833858,174.636730842));
#4851=CARTESIAN_POINT('',(-7.85700193,114.502112477,174.653002034));
#4852=CARTESIAN_POINT('',(-7.876614969,114.481391066,174.668041882));
#4853=CARTESIAN_POINT('',(-7.734306858,114.795350005,174.463127216));
#4854=CARTESIAN_POINT('',(-7.746367928,114.776271662,174.488626571));
#4855=CARTESIAN_POINT('',(-7.759805989,114.75677281,174.51315964));
#4856=CARTESIAN_POINT('',(-7.789298088,114.717136551,174.560040547));
#4857=CARTESIAN_POINT('',(-7.805352074,114.696999215,174.582388303));
#4858=CARTESIAN_POINT('',(-7.839911078,114.65629514,174.624668168));
#4859=CARTESIAN_POINT('',(-7.858416036,114.635728473,174.644600203));
#4860=CARTESIAN_POINT('',(-7.897686856,114.594379294,174.681842969));
#4861=CARTESIAN_POINT('',(-7.918452649,114.573596855,174.699153635));
#4862=CARTESIAN_POINT('',(-7.940242202,114.552814379,174.71506425));
#4863=CARTESIAN_POINT('',(-7.816043473,114.943251491,174.516067872));
#4864=CARTESIAN_POINT('',(-7.830384123,114.924423503,174.545243627));
#4865=CARTESIAN_POINT('',(-7.846413388,114.905083276,174.573258454));
#4866=CARTESIAN_POINT('',(-7.881648059,114.865622821,174.626614211));
#4867=CARTESIAN_POINT('',(-7.900853372,114.845502698,174.651955001));
#4868=CARTESIAN_POINT('',(-7.942199051,114.804736914,174.699643879));
#4869=CARTESIAN_POINT('',(-7.964339308,114.784091361,174.721991843));
#4870=CARTESIAN_POINT('',(-8.011276938,114.742535773,174.763413786));
#4871=CARTESIAN_POINT('',(-8.036074188,114.721625847,174.782487656));
#4872=CARTESIAN_POINT('',(-8.062044339,114.700715866,174.799804413));
#4873=CARTESIAN_POINT('',(-7.855163643,115.019793594,174.539434657));
#4874=CARTESIAN_POINT('',(-7.870542596,115.001095821,174.57033227));
#4875=CARTESIAN_POINT('',(-7.887772526,114.981838257,174.599969348));
#4876=CARTESIAN_POINT('',(-7.925697829,114.942469516,174.656315118));
#4877=CARTESIAN_POINT('',(-7.946393085,114.922358463,174.683023634));
#4878=CARTESIAN_POINT('',(-7.990964808,114.88156065,174.733144733));
#4879=CARTESIAN_POINT('',(-8.014841137,114.860874019,174.756557159));
#4880=CARTESIAN_POINT('',(-8.065447114,114.819210849,174.799763694));
#4881=CARTESIAN_POINT('',(-8.092176604,114.798234442,174.819557668));
#4882=CARTESIAN_POINT('',(-8.120149208,114.777257969,174.837406076));
#4883=CARTESIAN_POINT('',(-7.931033648,115.176429364,174.581892201));
#4884=CARTESIAN_POINT('',(-7.948354313,115.157999602,174.616075501));
#4885=CARTESIAN_POINT('',(-7.967860409,115.138912555,174.648796554));
#4886=CARTESIAN_POINT('',(-8.010928805,115.099733228,174.710785894));
#4887=CARTESIAN_POINT('',(-8.034490918,115.079641119,174.740053911));
#4888=CARTESIAN_POINT('',(-8.085290954,115.038777538,174.794663994));
#4889=CARTESIAN_POINT('',(-8.112528658,115.018006245,174.820005822));
#4890=CARTESIAN_POINT('',(-8.170240165,114.976121123,174.86635364));
#4891=CARTESIAN_POINT('',(-8.200713718,114.955007477,174.887359428));
#4892=CARTESIAN_POINT('',(-8.232559337,114.933893739,174.906027297));
#4893=CARTESIAN_POINT('',(-7.96782906,115.256690828,174.600983425));
#4894=CARTESIAN_POINT('',(-7.986053607,115.238399155,174.636732042));
#4895=CARTESIAN_POINT('',(-8.006636043,115.219400148,174.670916095));
#4896=CARTESIAN_POINT('',(-8.052159202,115.18031873,174.735560967));
#4897=CARTESIAN_POINT('',(-8.077099697,115.160236516,174.76602146));
#4898=CARTESIAN_POINT('',(-8.130905443,115.119339126,174.822689013));
#4899=CARTESIAN_POINT('',(-8.159770424,115.098524156,174.848895788));
#4900=CARTESIAN_POINT('',(-8.220923427,115.056524419,174.896599517));
#4901=CARTESIAN_POINT('',(-8.253211143,115.035339865,174.91809623));
#4902=CARTESIAN_POINT('',(-8.286929767,115.014155203,174.937050695));
#4903=CARTESIAN_POINT('',(-8.074489058,115.498940649,174.652905175));
#4904=CARTESIAN_POINT('',(-8.095253089,115.481068276,174.693128232));
#4905=CARTESIAN_POINT('',(-8.118898633,115.462337198,174.731480676));
#4906=CARTESIAN_POINT('',(-8.171457862,115.42355411,174.803640325));
#4907=CARTESIAN_POINT('',(-8.200371165,115.403502387,174.837447004));
#4908=CARTESIAN_POINT('',(-8.262860384,115.36250259,174.899804811));
#4909=CARTESIAN_POINT('',(-8.296435848,115.34155482,174.928355484));
#4910=CARTESIAN_POINT('',(-8.367546364,115.299206219,174.979600585));
#4911=CARTESIAN_POINT('',(-8.405080901,115.2778057,175.002294639));
#4912=CARTESIAN_POINT('',(-8.444202246,115.256405024,175.021821269));
#4913=CARTESIAN_POINT('',(-8.141139965,115.663199599,174.680755942));
#4914=CARTESIAN_POINT('',(-8.163382952,115.645614835,174.723690433));
#4915=CARTESIAN_POINT('',(-8.188866568,115.627068322,174.764550409));
#4916=CARTESIAN_POINT('',(-8.245716356,115.588491222,174.841160309));
#4917=CARTESIAN_POINT('',(-8.27708201,115.568460992,174.876909532));
#4918=CARTESIAN_POINT('',(-8.344958508,115.527391282,174.942454979));
#4919=CARTESIAN_POINT('',(-8.381468734,115.506352182,174.972250601));
#4920=CARTESIAN_POINT('',(-8.458776252,115.463763181,175.025185157));
#4921=CARTESIAN_POINT('',(-8.49957284,115.442213675,175.048323603));
#4922=CARTESIAN_POINT('',(-8.542033471,115.420663969,175.067859692));
#4923=CARTESIAN_POINT('',(-8.269213706,115.994999344,174.728242139));
#4924=CARTESIAN_POINT('',(-8.294177432,115.978003077,174.776280635));
#4925=CARTESIAN_POINT('',(-8.323114565,115.959835979,174.821838088));
#4926=CARTESIAN_POINT('',(-8.388107304,115.921683414,174.90668586));
#4927=CARTESIAN_POINT('',(-8.424162024,115.901698475,174.945975018));
#4928=CARTESIAN_POINT('',(-8.502356572,115.860486467,175.017157738));
#4929=CARTESIAN_POINT('',(-8.544495334,115.839259966,175.049050324));
#4930=CARTESIAN_POINT('',(-8.633650355,115.79617659,175.104522824));
#4931=CARTESIAN_POINT('',(-8.680665398,115.774320307,175.128101976));
#4932=CARTESIAN_POINT('',(-8.729445448,115.752463724,175.14718503));
#4933=CARTESIAN_POINT('',(-8.330567369,116.162582005,174.747777652));
#4934=CARTESIAN_POINT('',(-8.356769331,116.145886693,174.798204503));
#4935=CARTESIAN_POINT('',(-8.387318456,116.127914481,174.845947633));
#4936=CARTESIAN_POINT('',(-8.45615684,116.089980504,174.934574344));
#4937=CARTESIAN_POINT('',(-8.494444982,116.070019363,174.975456481));
#4938=CARTESIAN_POINT('',(-8.577563857,116.02873495,175.049079834));
#4939=CARTESIAN_POINT('',(-8.622393241,116.007412355,175.081819848));
#4940=CARTESIAN_POINT('',(-8.71719258,115.964074945,175.138131451));
#4941=CARTESIAN_POINT('',(-8.767160995,115.942060841,175.161702117));
#4942=CARTESIAN_POINT('',(-8.818918198,115.920046376,175.180317754));
#4943=CARTESIAN_POINT('',(-8.449618637,116.500073048,174.780893815));
#4944=CARTESIAN_POINT('',(-8.478142174,116.483992142,174.835874758));
#4945=CARTESIAN_POINT('',(-8.511772391,116.46641968,174.88776755));
#4946=CARTESIAN_POINT('',(-8.588019505,116.428935234,174.983483225));
#4947=CARTESIAN_POINT('',(-8.630634705,116.409024092,175.027303974));
#4948=CARTESIAN_POINT('',(-8.723294534,116.367592686,175.105271506));
#4949=CARTESIAN_POINT('',(-8.7733371,116.346073351,175.139416548));
#4950=CARTESIAN_POINT('',(-8.879023031,116.302214664,175.196781474));
#4951=CARTESIAN_POINT('',(-8.934664044,116.279876295,175.220000074));
#4952=CARTESIAN_POINT('',(-8.992088713,116.257537427,175.237329736));
#4953=CARTESIAN_POINT('',(-8.507295681,116.669993914,174.794444688));
#4954=CARTESIAN_POINT('',(-8.536901481,116.65422648,174.851590137));
#4955=CARTESIAN_POINT('',(-8.571999752,116.636858893,174.905445671));
#4956=CARTESIAN_POINT('',(-8.651807908,116.599605402,175.004468849));
#4957=CARTESIAN_POINT('',(-8.696515748,116.57972046,175.049633952));
#4958=CARTESIAN_POINT('',(-8.793790248,116.538214459,175.129502419));
#4959=CARTESIAN_POINT('',(-8.846354417,116.51659447,175.164203731));
#4960=CARTESIAN_POINT('',(-8.957280743,116.472468518,175.221780148));
#4961=CARTESIAN_POINT('',(-9.015640057,116.449963692,175.24465377));
#4962=CARTESIAN_POINT('',(-9.075754128,116.427458288,175.261163432));
#4963=CARTESIAN_POINT('',(-8.676206153,117.182414651,174.828119812));
#4964=CARTESIAN_POINT('',(-8.708898784,117.167606252,174.891509193));
#4965=CARTESIAN_POINT('',(-8.748257038,117.150868462,174.951003771));
#4966=CARTESIAN_POINT('',(-8.83846117,117.114326802,175.05941363));
#4967=CARTESIAN_POINT('',(-8.889303751,117.094524291,175.108324934));
#4968=CARTESIAN_POINT('',(-9.000090615,117.052791407,175.193263683));
#4969=CARTESIAN_POINT('',(-9.060030853,117.030862582,175.229288));
#4970=CARTESIAN_POINT('',(-9.186200368,116.985914687,175.286749919));
#4971=CARTESIAN_POINT('',(-9.252425038,116.962897283,175.308185386));
#4972=CARTESIAN_POINT('',(-9.320239807,116.939879027,175.321816646));
#4973=CARTESIAN_POINT('',(-8.783476263,117.527809184,174.841379437));
#4974=CARTESIAN_POINT('',(-8.818019202,117.513665445,174.908606136));
#4975=CARTESIAN_POINT('',(-8.860031515,117.497368054,174.971534883));
#4976=CARTESIAN_POINT('',(-8.956797031,117.461326562,175.085500974));
#4977=CARTESIAN_POINT('',(-9.011545823,117.441584135,175.136533098));
#4978=CARTESIAN_POINT('',(-9.130913886,117.39969572,175.224018876));
#4979=CARTESIAN_POINT('',(-9.195527721,117.377551669,175.2604685));
#4980=CARTESIAN_POINT('',(-9.33123785,117.332028527,175.316862667));
#4981=CARTESIAN_POINT('',(-9.40232796,117.308651537,175.336804579));
#4982=CARTESIAN_POINT('',(-9.474794199,117.285273486,175.347961189));
#4983=CARTESIAN_POINT('',(-8.990662258,118.222057398,174.854954279));
#4984=CARTESIAN_POINT('',(-9.02869,118.209293546,174.929430205));
#4985=CARTESIAN_POINT('',(-9.075827499,118.193919671,174.998798267));
#4986=CARTESIAN_POINT('',(-9.185336143,118.158932844,175.122921597));
#4987=CARTESIAN_POINT('',(-9.247699902,118.13932228,175.17766847));
#4988=CARTESIAN_POINT('',(-9.383698227,118.097115281,175.269058605));
#4989=CARTESIAN_POINT('',(-9.457323627,118.074521718,175.305695667));
#4990=CARTESIAN_POINT('',(-9.61116595,118.027791142,175.358522618));
#4991=CARTESIAN_POINT('',(-9.691372499,118.003657304,175.374708891));
#4992=CARTESIAN_POINT('',(-9.772324686,117.979521846,175.380147731));
#4993=CARTESIAN_POINT('',(-9.090086771,118.569458487,174.855173578));
#4994=CARTESIAN_POINT('',(-9.129738786,118.557406914,174.933043087));
#4995=CARTESIAN_POINT('',(-9.179333751,118.542514158,175.005399692));
#4996=CARTESIAN_POINT('',(-9.294991689,118.508079519,175.134096663));
#4997=CARTESIAN_POINT('',(-9.361045421,118.488540422,175.19042671));
#4998=CARTESIAN_POINT('',(-9.505052585,118.446170994,175.283160209));
#4999=CARTESIAN_POINT('',(-9.582994516,118.423344078,175.319556194));
#5000=CARTESIAN_POINT('',(-9.745385805,118.375983846,175.369885571));
#5001=CARTESIAN_POINT('',(-9.829822184,118.35145434,175.383814861));
#5002=CARTESIAN_POINT('',(-9.914589349,118.326922862,175.386019702));
#5003=CARTESIAN_POINT('',(-9.282898273,119.264573551,174.845412872));
#5004=CARTESIAN_POINT('',(-9.325683498,119.253998597,174.929750996));
#5005=CARTESIAN_POINT('',(-9.380103953,119.240113332,175.007757777));
#5006=CARTESIAN_POINT('',(-9.50785343,119.206841382,175.144852727));
#5007=CARTESIAN_POINT('',(-9.581168564,119.187458346,175.203925958));
#5008=CARTESIAN_POINT('',(-9.74080542,119.144756987,175.298382117));
#5009=CARTESIAN_POINT('',(-9.827109789,119.121443335,175.333754724));
#5010=CARTESIAN_POINT('',(-10.005774956,119.072763142,175.377942158));
#5011=CARTESIAN_POINT('',(-10.098116325,119.047401919,175.386752107));
#5012=CARTESIAN_POINT('',(-10.189765423,119.022037926,175.381916952));
#5013=CARTESIAN_POINT('',(-9.376255443,119.612292146,174.835392871));
#5014=CARTESIAN_POINT('',(-9.420547596,119.602481481,174.922804094));
#5015=CARTESIAN_POINT('',(-9.477333974,119.589122551,175.003470715));
#5016=CARTESIAN_POINT('',(-9.611021381,119.556461062,175.144386728));
#5017=CARTESIAN_POINT('',(-9.687905727,119.537162618,175.204618487));
#5018=CARTESIAN_POINT('',(-9.855158984,119.494291771,175.29945129));
#5019=CARTESIAN_POINT('',(-9.945507024,119.47072475,175.334040424));
#5020=CARTESIAN_POINT('',(-10.131892711,119.421354278,175.374581395));
#5021=CARTESIAN_POINT('',(-10.227907083,119.395557014,175.380528067));
#5022=CARTESIAN_POINT('',(-10.322621053,119.369756519,175.371886073));
#5023=CARTESIAN_POINT('',(-9.648976436,120.655746376,174.792185353));
#5024=CARTESIAN_POINT('',(-9.697714078,120.648320624,174.888454665));
#5025=CARTESIAN_POINT('',(-9.761563032,120.636620991,174.97671679));
#5026=CARTESIAN_POINT('',(-9.912944204,120.605894813,175.128170352));
#5027=CARTESIAN_POINT('',(-10.000449587,120.586873847,175.191334767));
#5028=CARTESIAN_POINT('',(-10.190134908,120.543482481,175.286038623));
#5029=CARTESIAN_POINT('',(-10.292281228,120.519119882,175.317561004));
#5030=CARTESIAN_POINT('',(-10.500723253,120.467570574,175.345668073));
#5031=CARTESIAN_POINT('',(-10.606981953,120.440393095,175.342247398));
#5032=CARTESIAN_POINT('',(-10.709831103,120.413210755,175.321493328));
#5033=CARTESIAN_POINT('',(-9.821116609,121.351767953,174.746015553));
#5034=CARTESIAN_POINT('',(-9.872721894,121.346052875,174.847714149));
#5035=CARTESIAN_POINT('',(-9.941236019,121.33556469,174.940533631));
#5036=CARTESIAN_POINT('',(-10.104260675,121.306264854,175.097790498));
#5037=CARTESIAN_POINT('',(-10.198735282,121.287459862,175.162192872));
#5038=CARTESIAN_POINT('',(-10.402828989,121.243705578,175.255146299));
#5039=CARTESIAN_POINT('',(-10.512403075,121.218766078,175.283676329));
#5040=CARTESIAN_POINT('',(-10.73408987,121.1656227,175.301515212));
#5041=CARTESIAN_POINT('',(-10.846153499,121.137430644,175.290819419));
#5042=CARTESIAN_POINT('',(-10.953022437,121.109232327,175.261074166));
#5043=CARTESIAN_POINT('',(-10.14995035,122.744172104,174.623813976));
#5044=CARTESIAN_POINT('',(-10.207429516,122.742229654,174.735753978));
#5045=CARTESIAN_POINT('',(-10.285538103,122.7344733,174.836951472));
#5046=CARTESIAN_POINT('',(-10.472195569,122.708429427,175.003820365));
#5047=CARTESIAN_POINT('',(-10.58068309,122.690150645,175.0694366));
#5048=CARTESIAN_POINT('',(-10.812953639,122.645627922,175.15590287));
#5049=CARTESIAN_POINT('',(-10.936660281,122.619398748,175.176724011));
#5050=CARTESIAN_POINT('',(-11.182075681,122.562649399,175.170596211));
#5051=CARTESIAN_POINT('',(-11.303703566,122.532147975,175.143648659));
#5052=CARTESIAN_POINT('',(-11.415812215,122.501636481,175.094644436));
#5053=CARTESIAN_POINT('',(-10.306570267,123.440562417,174.547689088));
#5054=CARTESIAN_POINT('',(-10.367050778,123.440679803,174.664436221));
#5055=CARTESIAN_POINT('',(-10.450083499,123.434441863,174.769449926));
#5056=CARTESIAN_POINT('',(-10.648720415,123.41022492,174.940119452));
#5057=CARTESIAN_POINT('',(-10.764246943,123.392255666,175.005707944));
#5058=CARTESIAN_POINT('',(-11.010277898,123.347327559,175.087429833));
#5059=CARTESIAN_POINT('',(-11.140685988,123.320386453,175.103530404));
#5060=CARTESIAN_POINT('',(-11.39657967,123.261627936,175.083694018));
#5061=CARTESIAN_POINT('',(-11.521964673,123.229833599,175.047763736));
#5062=CARTESIAN_POINT('',(-11.635290788,123.198026792,174.988484015));
#5063=CARTESIAN_POINT('',(-10.604424018,124.833681107,174.365538853));
#5064=CARTESIAN_POINT('',(-10.671276208,124.838458143,174.491414693));
#5065=CARTESIAN_POINT('',(-10.764687403,124.835737601,174.603382867));
#5066=CARTESIAN_POINT('',(-10.988081739,124.815808181,174.779634999));
#5067=CARTESIAN_POINT('',(-11.117943303,124.798610397,174.843822503));
#5068=CARTESIAN_POINT('',(-11.390992042,124.752812452,174.912895081));
#5069=CARTESIAN_POINT('',(-11.534030493,124.724237376,174.917741789));
#5070=CARTESIAN_POINT('',(-11.807777657,124.660806617,174.867120591));
#5071=CARTESIAN_POINT('',(-11.938336913,124.625985545,174.811679273));
#5072=CARTESIAN_POINT('',(-12.05098832,124.591145482,174.730973877));
#5073=CARTESIAN_POINT('',(-10.745661893,125.530409177,174.259518016));
#5074=CARTESIAN_POINT('',(-10.815880973,125.537780641,174.389716283));
#5075=CARTESIAN_POINT('',(-10.914742713,125.537053954,174.504824656));
#5076=CARTESIAN_POINT('',(-11.150909121,125.519578037,174.682863868));
#5077=CARTESIAN_POINT('',(-11.288064679,125.502840269,174.745681277));
#5078=CARTESIAN_POINT('',(-11.574370359,125.456578124,174.806853731));
#5079=CARTESIAN_POINT('',(-11.723339363,125.427083183,174.805168736));
#5080=CARTESIAN_POINT('',(-12.004468049,125.360996518,174.737469663));
#5081=CARTESIAN_POINT('',(-12.136449103,125.324446578,174.671496722));
#5082=CARTESIAN_POINT('',(-12.247212667,125.287873551,174.579634578));
#5083=CARTESIAN_POINT('',(-11.010188262,126.924437003,174.014164311));
#5084=CARTESIAN_POINT('',(-11.087762423,126.937907459,174.152529929));
#5085=CARTESIAN_POINT('',(-11.19836883,126.941990796,174.273140442));
#5086=CARTESIAN_POINT('',(-11.461369311,126.930518506,174.452326048));
#5087=CARTESIAN_POINT('',(-11.613540922,126.914972965,174.510748658));
#5088=CARTESIAN_POINT('',(-11.925818758,126.867695631,174.552354087));
#5089=CARTESIAN_POINT('',(-12.085660523,126.836004032,174.535500441));
#5090=CARTESIAN_POINT('',(-12.377622408,126.76347932,174.430083262));
#5091=CARTESIAN_POINT('',(-12.509494554,126.722707606,174.341607457));
#5092=CARTESIAN_POINT('',(-12.612734891,126.681901379,174.227026947));
#5093=CARTESIAN_POINT('',(-11.133565227,127.621728296,173.874945174));
#5094=CARTESIAN_POINT('',(-11.21512285,127.638684342,174.017164039));
#5095=CARTESIAN_POINT('',(-11.332017348,127.645565655,174.140147607));
#5096=CARTESIAN_POINT('',(-11.609071775,127.637618233,174.318716819));
#5097=CARTESIAN_POINT('',(-11.768963627,127.622797961,174.374127832));
#5098=CARTESIAN_POINT('',(-12.09396245,127.574970396,174.40408666));
#5099=CARTESIAN_POINT('',(-12.258754137,127.542009683,174.378603071));
#5100=CARTESIAN_POINT('',(-12.554190949,127.465728321,174.252545258));
#5101=CARTESIAN_POINT('',(-12.684547863,127.42248137,174.152090598));
#5102=CARTESIAN_POINT('',(-12.782167289,127.379192671,174.025932308));
#5103=CARTESIAN_POINT('',(-11.244711656,128.319611269,173.714810863));
#5104=CARTESIAN_POINT('',(-11.330749171,128.340940652,173.860538636));
#5105=CARTESIAN_POINT('',(-11.454596626,128.351436516,173.985303795));
#5106=CARTESIAN_POINT('',(-11.746707802,128.34811675,174.161474054));
#5107=CARTESIAN_POINT('',(-11.914641862,128.334304868,174.212680338));
#5108=CARTESIAN_POINT('',(-12.251955604,128.285857035,174.228433687));
#5109=CARTESIAN_POINT('',(-12.42095461,128.25127576,174.192962974));
#5110=CARTESIAN_POINT('',(-12.717057256,128.170111315,174.044263691));
#5111=CARTESIAN_POINT('',(-12.843826729,128.123619743,173.931202936));
#5112=CARTESIAN_POINT('',(-12.933344442,128.077075644,173.793674007));
#5113=B_SPLINE_SURFACE_WITH_KNOTS('',3,3,((#4553,#4554,#4555,#4556,#4557,#4558,#4559,#4560,#4561,#4562),(#4563,#4564,#4565,#4566,#4567,#4568,#4569,#4570,#4571,#4572),(#4573,#4574,#4575,#4576,#4577,#4578,#4579,#4580,#4581,#4582),(#4583,#4584,#4585,#4586,#4587,#4588,#4589,#4590,#4591,#4592),(#4593,#4594,#4595,#4596,#4597,#4598,#4599,#4600,#4601,#4602),(#4603,#4604,#4605,#4606,#4607,#4608,#4609,#4610,#4611,#4612),(#4613,#4614,#4615,#4616,#4617,#4618,#4619,#4620,#4621,#4622),(#4623,#4624,#4625,#4626,#4627,#4628,#4629,#4630,#4631,#4632),(#4633,#4634,#4635,#4636,#4637,#4638,#4639,#4640,#4641,#4642),(#4643,#4644,#4645,#4646,#4647,#4648,#4649,#4650,#4651,#4652),(#4653,#4654,#4655,#4656,#4657,#4658,#4659,#4660,#4661,#4662),(#4663,#4664,#4665,#4666,#4667,#4668,#4669,#4670,#4671,#4672),(#4673,#4674,#4675,#4676,#4677,#4678,#4679,#4680,#4681,#4682),(#4683,#4684,#4685,#4686,#4687,#4688,#4689,#4690,#4691,#4692),(#4693,#4694,#4695,#4696,#4697,#4698,#4699,#4700,#4701,#4702),(#4703,#4704,#4705,#4706,#4707,#4708,#4709,#4710,#4711,#4712),(#4713,#4714,#4715,#4716,#4717,#4718,#4719,#4720,#4721,#4722),(#4723,#4724,#4725,#4726,#4727,#4728,#4729,#4730,#4731,#4732),(#4733,#4734,#4735,#4736,#4737,#4738,#4739,#4740,#4741,#4742),(#4743,#4744,#4745,#4746,#4747,#4748,#4749,#4750,#4751,#4752),(#4753,#4754,#4755,#4756,#4757,#4758,#4759,#4760,#4761,#4762),(#4763,#4764,#4765,#4766,#4767,#4768,#4769,#4770,#4771,#4772),(#4773,#4774,#4775,#4776,#4777,#4778,#4779,#4780,#4781,#4782),(#4783,#4784,#4785,#4786,#4787,#4788,#4789,#4790,#4791,#4792),(#4793,#4794,#4795,#4796,#4797,#4798,#4799,#4800,#4801,#4802),(#4803,#4804,#4805,#4806,#4807,#4808,#4809,#4810,#4811,#4812),
(#4813,#4814,#4815,#4816,#4817,#4818,#4819,#4820,#4821,#4822),(#4823,#4824,#4825,#4826,#4827,#4828,#4829,#4830,#4831,#4832),(#4833,#4834,#4835,#4836,#4837,#4838,#4839,#4840,#4841,#4842),(#4843,#4844,#4845,#4846,#4847,#4848,#4849,#4850,#4851,#4852),(#4853,#4854,#4855,#4856,#4857,#4858,#4859,#4860,#4861,#4862),(#4863,#4864,#4865,#4866,#4867,#4868,#4869,#4870,#4871,#4872),(#4873,#4874,#4875,#4876,#4877,#4878,#4879,#4880,#4881,#4882),(#4883,#4884,#4885,#4886,#4887,#4888,#4889,#4890,#4891,#4892),(#4893,#4894,#4895,#4896,#4897,#4898,#4899,#4900,#4901,#4902),(#4903,#4904,#4905,#4906,#4907,#4908,#4909,#4910,#4911,#4912),(#4913,#4914,#4915,#4916,#4917,#4918,#4919,#4920,#4921,#4922),(#4923,#4924,#4925,#4926,#4927,#4928,#4929,#4930,#4931,#4932),(#4933,#4934,#4935,#4936,#4937,#4938,#4939,#4940,#4941,#4942),(#4943,#4944,#4945,#4946,#4947,#4948,#4949,#4950,#4951,#4952),(#4953,#4954,#4955,#4956,#4957,#4958,#4959,#4960,#4961,#4962),(#4963,#4964,#4965,#4966,#4967,#4968,#4969,#4970,#4971,#4972),(#4973,#4974,#4975,#4976,#4977,#4978,#4979,#4980,#4981,#4982),(#4983,#4984,#4985,#4986,#4987,#4988,#4989,#4990,#4991,#4992),(#4993,#4994,#4995,#4996,#4997,#4998,#4999,#5000,#5001,#5002),(#5003,#5004,#5005,#5006,#5007,#5008,#5009,#5010,#5011,#5012),(#5013,#5014,#5015,#5016,#5017,#5018,#5019,#5020,#5021,#5022),(#5023,#5024,#5025,#5026,#5027,#5028,#5029,#5030,#5031,#5032),(#5033,#5034,#5035,#5036,#5037,#5038,#5039,#5040,#5041,#5042),(#5043,#5044,#5045,#5046,#5047,#5048,#5049,#5050,#5051,#5052),(#5053,#5054,#5055,#5056,#5057,#5058,#5059,#5060,#5061,#5062),
(#5063,#5064,#5065,#5066,#5067,#5068,#5069,#5070,#5071,#5072),(#5073,#5074,#5075,#5076,#5077,#5078,#5079,#5080,#5081,#5082),(#5083,#5084,#5085,#5086,#5087,#5088,#5089,#5090,#5091,#5092),(#5093,#5094,#5095,#5096,#5097,#5098,#5099,#5100,#5101,#5102),(#5103,#5104,#5105,#5106,#5107,#5108,#5109,#5110,#5111,#5112)),.UNSPECIFIED.,.F.,.F.,.U.,(4,2,2,2,2,2,2,2,2,2,2,2,2,2,2,2,2,2,2,2,2,2,2,2,2,2,
2,4),(4,2,2,2,4),(-0.,0.000546482,0.001092964,0.001366205,0.001639447,0.001776067,0.001912688,0.002049308,0.002185929,0.002254239,0.002322549,0.00245917,0.002732411,0.002869031,0.003005652,0.003278893,0.003552134,0.003825375,0.004371857,0.00491834,0.005464822,0.006557786,0.007650751,0.008743715,0.010929644,0.013115572,
0.015301501,0.01748743),(0.,0.25,0.5,0.75,1.),.UNSPECIFIED.);
#5114=ORIENTED_EDGE('',*,*,#3844,.T.);
#5115=ORIENTED_EDGE('',*,*,#438,.F.);
#5116=CARTESIAN_POINT('',(-7.518647933,115.926626958,172.18913903));
#5117=DIRECTION('',(0.045294056,0.92842151,-0.368757304));
#5118=DIRECTION('',(-0.,0.369136149,0.92937533));
#5119=AXIS2_PLACEMENT_3D('',#5116,#5117,#5118);
#5120=CIRCLE('',#5119,1.);
#5121=EDGE_CURVE('',#3432,#160,#5120,.T.);
#5122=ORIENTED_EDGE('',*,*,#5121,.F.);
#5123=ORIENTED_EDGE('',*,*,#3492,.F.);
#5124=EDGE_LOOP('',(#5114,#5115,#5122,#5123));
#5125=FACE_BOUND('',#5124,.T.);
#5126=ADVANCED_FACE('',(#5125),#5113,.T.);
#5127=CARTESIAN_POINT('',(-6.081346415,118.006375722,171.596342105));
#5128=CARTESIAN_POINT('',(-6.068068804,118.088066896,171.587648563));
#5129=CARTESIAN_POINT('',(-6.060511752,118.169752796,171.570219907));
#5130=CARTESIAN_POINT('',(-6.058908585,118.248911347,171.544594251));
#5131=CARTESIAN_POINT('',(-5.633780583,117.89308369,171.303297486));
#5132=CARTESIAN_POINT('',(-5.621028627,117.974770364,171.29586222));
#5133=CARTESIAN_POINT('',(-5.613545877,118.056451821,171.279462502));
#5134=CARTESIAN_POINT('',(-5.611562144,118.135619315,171.254601863));
#5135=CARTESIAN_POINT('',(-5.16995344,117.793028214,171.045578808));
#5136=CARTESIAN_POINT('',(-5.157913864,117.874710648,171.039318904));
#5137=CARTESIAN_POINT('',(-5.150685391,117.956387916,171.02390016));
#5138=CARTESIAN_POINT('',(-5.148488878,118.035563839,170.999793674));
#5139=CARTESIAN_POINT('',(-4.210776361,117.619018481,170.598476529));
#5140=CARTESIAN_POINT('',(-4.20048193,117.700693265,170.594325857));
#5141=CARTESIAN_POINT('',(-4.194069906,117.782362977,170.580687326));
#5142=CARTESIAN_POINT('',(-4.191734432,117.861554106,170.55797388));
#5143=CARTESIAN_POINT('',(-3.715425864,117.545063569,170.40909451));
#5144=CARTESIAN_POINT('',(-3.706164381,117.626734942,170.405877908));
#5145=CARTESIAN_POINT('',(-3.700314714,117.708401285,170.393038809));
#5146=CARTESIAN_POINT('',(-3.698053245,117.787599194,170.370964424));
#5147=CARTESIAN_POINT('',(-2.948016678,117.454594529,170.177790248));
#5148=CARTESIAN_POINT('',(-2.940502396,117.536261637,170.175737925));
#5149=CARTESIAN_POINT('',(-2.935682165,117.617923767,170.163901588));
#5150=CARTESIAN_POINT('',(-2.933700626,117.697130154,170.14263644));
#5151=CARTESIAN_POINT('',(-2.688135074,117.427857166,170.10951693));
#5152=CARTESIAN_POINT('',(-2.68123541,117.509522926,170.107813332));
#5153=CARTESIAN_POINT('',(-2.676788521,117.591183757,170.096278657));
#5154=CARTESIAN_POINT('',(-2.674927642,117.670392689,170.07525853));
#5155=CARTESIAN_POINT('',(-2.291946806,117.393124188,170.020872866));
#5156=CARTESIAN_POINT('',(-2.286013498,117.474788323,170.019625688));
#5157=CARTESIAN_POINT('',(-2.2821674,117.556447548,170.008486788));
#5158=CARTESIAN_POINT('',(-2.280523525,117.635659864,169.987789271));
#5159=CARTESIAN_POINT('',(-2.158509021,117.382424977,169.993569935));
#5160=CARTESIAN_POINT('',(-2.152906631,117.464088613,169.992463942));
#5161=CARTESIAN_POINT('',(-2.1492687,117.545747311,169.981447654));
#5162=CARTESIAN_POINT('',(-2.147703948,117.624960613,169.960850304));
#5163=CARTESIAN_POINT('',(-1.89169464,117.363015209,169.944069278));
#5164=CARTESIAN_POINT('',(-1.886760259,117.44467789,169.943220427));
#5165=CARTESIAN_POINT('',(-1.883545515,117.526335646,169.932427713));
#5166=CARTESIAN_POINT('',(-1.882146369,117.605550823,169.912013319));
#5167=CARTESIAN_POINT('',(-1.758189236,117.354292177,169.921829703));
#5168=CARTESIAN_POINT('',(-1.753593406,117.435954464,169.921096925));
#5169=CARTESIAN_POINT('',(-1.750595025,117.517611827,169.910405264));
#5170=CARTESIAN_POINT('',(-1.749283552,117.596827877,169.890073722));
#5171=CARTESIAN_POINT('',(-1.090178151,117.315521558,169.82301224));
#5172=CARTESIAN_POINT('',(-1.087289947,117.39718181,169.822796504));
#5173=CARTESIAN_POINT('',(-1.085389078,117.47883716,169.812555372));
#5174=CARTESIAN_POINT('',(-1.08453208,117.558056879,169.792593684));
#5175=CARTESIAN_POINT('',(-0.554227396,117.299946232,169.783379548));
#5176=CARTESIAN_POINT('',(-0.552757496,117.381605544,169.783375163));
#5177=CARTESIAN_POINT('',(-0.551789511,117.463259972,169.773319237));
#5178=CARTESIAN_POINT('',(-0.551352228,117.542481116,169.753510832));
#5179=CARTESIAN_POINT('',(0.251977376,117.299469398,169.782162625));
#5180=CARTESIAN_POINT('',(0.251310673,117.381129067,169.78216477));
#5181=CARTESIAN_POINT('',(0.250872163,117.462783853,169.772114476));
#5182=CARTESIAN_POINT('',(0.250674888,117.542005394,169.752310634));
#5183=CARTESIAN_POINT('',(0.521093487,117.303137117,169.791500835));
#5184=CARTESIAN_POINT('',(0.519713225,117.384796745,169.791453397));
#5185=CARTESIAN_POINT('',(0.51880486,117.466451484,169.781359774));
#5186=CARTESIAN_POINT('',(0.518395404,117.545672451,169.761520208));
#5187=CARTESIAN_POINT('',(0.925348894,117.314470354,169.820362515));
#5188=CARTESIAN_POINT('',(0.92290621,117.396130694,169.820162593));
#5189=CARTESIAN_POINT('',(0.921302261,117.477786139,169.809935695));
#5190=CARTESIAN_POINT('',(0.920584791,117.557006125,169.789986236));
#5191=CARTESIAN_POINT('',(1.060197684,117.319220576,169.832461278));
#5192=CARTESIAN_POINT('',(1.057401451,117.400881094,169.832197425));
#5193=CARTESIAN_POINT('',(1.055566447,117.482536711,169.821914683));
#5194=CARTESIAN_POINT('',(1.054747306,117.56175617,169.801919215));
#5195=CARTESIAN_POINT('',(1.330091858,117.33069233,169.861686097));
#5196=CARTESIAN_POINT('',(1.326594023,117.412353436,169.861268416));
#5197=CARTESIAN_POINT('',(1.324302965,117.494009636,169.850851404));
#5198=CARTESIAN_POINT('',(1.323286944,117.573227987,169.830745435));
#5199=CARTESIAN_POINT('',(1.465418633,117.337431466,169.87885903));
#5200=CARTESIAN_POINT('',(1.461570956,117.419092895,169.878351141));
#5201=CARTESIAN_POINT('',(1.459053366,117.500749421,169.867855437));
#5202=CARTESIAN_POINT('',(1.457940903,117.579967114,169.847684761));
#5203=CARTESIAN_POINT('',(2.137363306,117.375823495,169.976709859));
#5204=CARTESIAN_POINT('',(2.131796035,117.457486772,169.975689746));
#5205=CARTESIAN_POINT('',(2.128172399,117.539145123,169.964747692));
#5206=CARTESIAN_POINT('',(2.126600604,117.618359027,169.944210569));
#5207=CARTESIAN_POINT('',(2.662173671,117.421504936,170.093201333));
#5208=CARTESIAN_POINT('',(2.655313837,117.503170481,170.091575561));
#5209=CARTESIAN_POINT('',(2.65088098,117.584831067,170.080106801));
#5210=CARTESIAN_POINT('',(2.649007816,117.664040561,170.059138531));
#5211=CARTESIAN_POINT('',(3.687470244,117.541193245,170.399187824));
#5212=CARTESIAN_POINT('',(3.678268956,117.622864439,170.396020363));
#5213=CARTESIAN_POINT('',(3.672453074,117.704530604,170.383223396));
#5214=CARTESIAN_POINT('',(3.670197922,117.78372887,170.361182785));
#5215=CARTESIAN_POINT('',(4.187952738,117.615205787,170.588693441));
#5216=CARTESIAN_POINT('',(4.177702505,117.696880403,170.584589762));
#5217=CARTESIAN_POINT('',(4.171312763,117.77854995,170.57099112));
#5218=CARTESIAN_POINT('',(4.168976942,117.857741423,170.548309165));
#5219=CARTESIAN_POINT('',(4.920126274,117.747548806,170.928717269));
#5220=CARTESIAN_POINT('',(4.908539936,117.82922924,170.923008255));
#5221=CARTESIAN_POINT('',(4.901522726,117.910904533,170.908054356));
#5222=CARTESIAN_POINT('',(4.899288583,117.990084426,170.884311483));
#5223=CARTESIAN_POINT('',(5.160022744,117.795056181,171.050946128));
#5224=CARTESIAN_POINT('',(5.148032513,117.876738661,171.044670715));
#5225=CARTESIAN_POINT('',(5.140845914,117.958415985,171.029241543));
#5226=CARTESIAN_POINT('',(5.138682585,118.037591822,171.005130141));
#5227=CARTESIAN_POINT('',(5.628450626,117.896091537,171.311356018));
#5228=CARTESIAN_POINT('',(5.615746681,117.977778248,171.303903562));
#5229=CARTESIAN_POINT('',(5.608308962,118.05945975,171.287494794));
#5230=CARTESIAN_POINT('',(5.606365914,118.138627146,171.262633681));
#5231=CARTESIAN_POINT('',(5.857479094,117.949708481,171.449764436));
#5232=CARTESIAN_POINT('',(5.844464405,118.031397412,171.44170025));
#5233=CARTESIAN_POINT('',(5.836944515,118.113081097,171.424786236));
#5234=CARTESIAN_POINT('',(5.835150993,118.192244125,171.39954321));
#5235=CARTESIAN_POINT('',(6.081349195,118.006376597,171.596343926));
#5236=CARTESIAN_POINT('',(6.068071578,118.088067773,171.587650357));
#5237=CARTESIAN_POINT('',(6.060514524,118.169753674,171.570221675));
#5238=CARTESIAN_POINT('',(6.058911358,118.248912222,171.544595995));
#5239=B_SPLINE_SURFACE_WITH_KNOTS('',3,3,((#5127,#5128,#5129,#5130),(#5131,#5132,#5133,#5134),(#5135,#5136,#5137,#5138),(#5139,#5140,#5141,#5142),(#5143,#5144,#5145,#5146),(#5147,#5148,#5149,#5150),(#5151,#5152,#5153,#5154),(#5155,#5156,#5157,#5158),(#5159,#5160,#5161,#5162),(#5163,#5164,#5165,#5166),(#5167,#5168,#5169,#5170),(#5171,#5172,#5173,#5174),(#5175,#5176,#5177,#5178),(#5179,#5180,#5181,#5182),(#5183,#5184,#5185,#5186),(#5187,#5188,#5189,#5190),(#5191,#5192,#5193,#5194),(#5195,#5196,#5197,#5198),(#5199,#5200,#5201,#5202),(#5203,#5204,#5205,#5206),(#5207,#5208,#5209,#5210),(#5211,#5212,#5213,#5214),(#5215,#5216,#5217,#5218),(#5219,#5220,#5221,#5222),(#5223,#5224,#5225,#5226),(#5227,#5228,#5229,#5230),
(#5231,#5232,#5233,#5234),(#5235,#5236,#5237,#5238)),.UNSPECIFIED.,.F.,.F.,.U.,(4,2,2,2,2,2,2,2,2,2,2,2,2,4),(4,4),(0.,0.001747856,0.003495712,0.004369639,0.004806603,0.005243567,0.006991423,0.007865351,0.008302315,0.008739279,0.010487135,0.012234991,0.013108918,0.013982846),(0.,1.),.UNSPECIFIED.);
#5240=ORIENTED_EDGE('',*,*,#4547,.T.);
#5241=ORIENTED_EDGE('',*,*,#3558,.F.);
#5242=CARTESIAN_POINT('',(-6.62912655,118.006375722,170.759719775));
#5243=DIRECTION('',(-0.821267526,0.190708708,0.537726547));
#5244=DIRECTION('',(0.547780135,-0.,0.83662233));
#5245=AXIS2_PLACEMENT_3D('',#5242,#5243,#5244);
#5246=CIRCLE('',#5245,1.);
#5247=EDGE_CURVE('',#1524,#3495,#5246,.T.);
#5248=ORIENTED_EDGE('',*,*,#5247,.F.);
#5249=CARTESIAN_POINT('',(6.081346415,118.006375722,171.596342105));
#5250=CARTESIAN_POINT('',(5.633606212,117.893039552,171.303183316));
#5251=CARTESIAN_POINT('',(5.164181324,117.79166258,171.042057087));
#5252=CARTESIAN_POINT('',(4.676065717,117.703433976,170.815374733));
#5253=CARTESIAN_POINT('',(4.18795011,117.615205373,170.58869238));
#5254=CARTESIAN_POINT('',(3.687468961,117.541178648,170.399187369));
#5255=CARTESIAN_POINT('',(3.174820586,117.481336796,170.246194169));
#5256=CARTESIAN_POINT('',(2.662172211,117.421494945,170.09320097));
#5257=CARTESIAN_POINT('',(2.137361064,117.375823325,169.976709426));
#5258=CARTESIAN_POINT('',(1.599805434,117.34510975,169.898428885));
#5259=CARTESIAN_POINT('',(1.331027619,117.329752963,169.859288615));
#5260=CARTESIAN_POINT('',(1.060098699,117.318248025,169.829982886));
#5261=CARTESIAN_POINT('',(0.790595167,117.310692554,169.810741818));
#5262=CARTESIAN_POINT('',(0.521091635,117.303137084,169.79150075));
#5263=CARTESIAN_POINT('',(0.251975597,117.299469383,169.782162587));
#5264=CARTESIAN_POINT('',(-0.016759254,117.299628344,169.782568269));
#5265=CARTESIAN_POINT('',(-0.554228957,117.299946265,169.783379633));
#5266=CARTESIAN_POINT('',(-1.090179567,117.315521615,169.823012386));
#5267=CARTESIAN_POINT('',(-1.624588291,117.346538127,169.902066398));
#5268=CARTESIAN_POINT('',(-1.891792654,117.362046382,169.941593405));
#5269=CARTESIAN_POINT('',(-2.15988518,117.381546617,169.99132507));
#5270=CARTESIAN_POINT('',(-2.424010611,117.404701939,170.050421122));
#5271=CARTESIAN_POINT('',(-2.688136041,117.427857261,170.109517173));
#5272=CARTESIAN_POINT('',(-2.948021951,117.454562872,170.177791694));
#5273=CARTESIAN_POINT('',(-3.203825154,117.484717034,170.254893299));
#5274=CARTESIAN_POINT('',(-3.715431559,117.545025359,170.40909651));
#5275=CARTESIAN_POINT('',(-4.21077976,117.61899312,170.5984779));
#5276=CARTESIAN_POINT('',(-4.690368563,117.705993853,170.822029375));
#5277=CARTESIAN_POINT('',(-5.169957366,117.792994587,171.04558085));
#5278=CARTESIAN_POINT('',(-5.633780701,117.89308372,171.303297564));
#5279=CARTESIAN_POINT('',(-6.081346415,118.006375722,171.596342105));
#5280=B_SPLINE_CURVE_WITH_KNOTS('',3,(#5249,#5250,#5251,#5252,#5253,#5254,#5255,#5256,#5257,#5258,#5259,#5260,#5261,#5262,#5263,#5264,#5265,#5266,#5267,#5268,#5269,#5270,#5271,#5272,#5273,#5274,
#5275,#5276,#5277,#5278,#5279),.UNSPECIFIED.,.F.,.F.,(4,3,3,3,3,3,3,3,3,3,4),(0.,0.001747855,0.003495711,0.005243566,0.006117494,0.006991421,0.008739277,0.009613204,0.010487132,0.012234987,0.013982843),.UNSPECIFIED.);
#5281=EDGE_CURVE('',#1364,#1524,#5280,.T.);
#5282=ORIENTED_EDGE('',*,*,#5281,.F.);
#5283=ORIENTED_EDGE('',*,*,#1450,.F.);
#5284=EDGE_LOOP('',(#5240,#5241,#5248,#5282,#5283));
#5285=FACE_BOUND('',#5284,.T.);
#5286=ADVANCED_FACE('',(#5285),#5239,.T.);
#5287=CARTESIAN_POINT('',(-6.058904539,118.248909983,171.544591733));
#5288=CARTESIAN_POINT('',(-6.05970643,118.209330708,171.55740476));
#5289=CARTESIAN_POINT('',(-6.061991094,118.169120912,171.56817677));
#5290=CARTESIAN_POINT('',(-6.069490453,118.088065366,171.585471298));
#5291=CARTESIAN_POINT('',(-6.074705118,118.047219944,171.591993745));
#5292=CARTESIAN_POINT('',(-6.081344235,118.006374358,171.596340678));
#5293=CARTESIAN_POINT('',(-6.104948163,118.260571182,171.574439335));
#5294=CARTESIAN_POINT('',(-6.102313888,118.220959953,171.584819579));
#5295=CARTESIAN_POINT('',(-6.101117233,118.180742018,171.593243808));
#5296=CARTESIAN_POINT('',(-6.101619098,118.099694418,171.606055578));
#5297=CARTESIAN_POINT('',(-6.103317619,118.058865057,171.610443072));
#5298=CARTESIAN_POINT('',(-6.106452052,118.018035545,171.61277998));
#5299=CARTESIAN_POINT('',(-6.149600115,118.263387867,171.606548589));
#5300=CARTESIAN_POINT('',(-6.143567867,118.223768944,171.614434188));
#5301=CARTESIAN_POINT('',(-6.138969326,118.183549054,171.620389453));
#5302=CARTESIAN_POINT('',(-6.132706772,118.102503375,171.628350248));
#5303=CARTESIAN_POINT('',(-6.13104278,118.061677883,171.630355749));
#5304=CARTESIAN_POINT('',(-6.130857904,118.020852242,171.630371084));
#5305=CARTESIAN_POINT('',(-6.236045927,118.250964603,171.675375309));
#5306=CARTESIAN_POINT('',(-6.223268254,118.211379698,171.678124835));
#5307=CARTESIAN_POINT('',(-6.212006304,118.171168468,171.678878702));
#5308=CARTESIAN_POINT('',(-6.192686723,118.090114324,171.676382668));
#5309=CARTESIAN_POINT('',(-6.184629169,118.049271732,171.673132776));
#5310=CARTESIAN_POINT('',(-6.178235567,118.008428978,171.667905691));
#5311=CARTESIAN_POINT('',(-6.276627486,118.235743293,171.711185309));
#5312=CARTESIAN_POINT('',(-6.260594907,118.19620009,171.711362418));
#5313=CARTESIAN_POINT('',(-6.246163736,118.155999485,171.709452829));
#5314=CARTESIAN_POINT('',(-6.220734813,118.074934988,171.701488277));
#5315=CARTESIAN_POINT('',(-6.209737169,118.03407145,171.695433344));
#5316=CARTESIAN_POINT('',(-6.200543997,117.993207729,171.687353234));
#5317=CARTESIAN_POINT('',(-6.35091433,118.191544089,171.782810247));
#5318=CARTESIAN_POINT('',(-6.328747084,118.152122313,171.777980814));
#5319=CARTESIAN_POINT('',(-6.30842534,118.111952683,171.77079587));
#5320=CARTESIAN_POINT('',(-6.271844056,118.030857942,171.751844434));
#5321=CARTESIAN_POINT('',(-6.255584719,117.989933291,171.740078044));
#5322=CARTESIAN_POINT('',(-6.241505033,117.949008403,171.726127807));
#5323=CARTESIAN_POINT('',(-6.384784938,118.162524802,171.818762675));
#5324=CARTESIAN_POINT('',(-6.359724736,118.123182918,171.811488881));
#5325=CARTESIAN_POINT('',(-6.336668744,118.083033715,171.801681569));
#5326=CARTESIAN_POINT('',(-6.295019543,118.001919135,171.777190751));
#5327=CARTESIAN_POINT('',(-6.276426604,117.960954291,171.7625074));
#5328=CARTESIAN_POINT('',(-6.260248511,117.919989177,171.74552974));
#5329=CARTESIAN_POINT('',(-6.445418637,118.09665693,171.888273138));
#5330=CARTESIAN_POINT('',(-6.415012866,118.05749723,171.876358415));
#5331=CARTESIAN_POINT('',(-6.38697396,118.017394757,171.861505906));
#5332=CARTESIAN_POINT('',(-6.336276421,117.936234928,171.8262658));
#5333=CARTESIAN_POINT('',(-6.313618236,117.895178301,171.805878512));
#5334=CARTESIAN_POINT('',(-6.293911853,117.854121305,171.782958177));
#5335=CARTESIAN_POINT('',(-6.472638091,118.059501567,171.922284223));
#5336=CARTESIAN_POINT('',(-6.439741981,118.020444994,171.908141699));
#5337=CARTESIAN_POINT('',(-6.409418306,117.980369043,171.890833236));
#5338=CARTESIAN_POINT('',(-6.354672044,117.899183619,171.850313648));
#5339=CARTESIAN_POINT('',(-6.330250024,117.858074997,171.827102938));
#5340=CARTESIAN_POINT('',(-6.309083796,117.816965943,171.80122954));
#5341=CARTESIAN_POINT('',(-6.547435689,117.938665931,172.022638607));
#5342=CARTESIAN_POINT('',(-6.507455373,117.899946512,172.002005442));
#5343=CARTESIAN_POINT('',(-6.470722872,117.859957612,171.977465221));
#5344=CARTESIAN_POINT('',(-6.404882002,117.778688594,171.921316581));
#5345=CARTESIAN_POINT('',(-6.375774664,117.73740978,171.889709024));
#5346=CARTESIAN_POINT('',(-6.350928075,117.696130304,171.85504984));
#5347=CARTESIAN_POINT('',(-6.586568309,117.849023509,172.084861027));
#5348=CARTESIAN_POINT('',(-6.542540301,117.810556425,172.060310834));
#5349=CARTESIAN_POINT('',(-6.502269757,117.770633106,172.031304919));
#5350=CARTESIAN_POINT('',(-6.430668076,117.689301634,171.965397959));
#5351=CARTESIAN_POINT('',(-6.399338419,117.647895195,171.928498241));
#5352=CARTESIAN_POINT('',(-6.373035828,117.606487884,171.888299571));
#5353=CARTESIAN_POINT('',(-6.653205747,117.66017859,172.203979283));
#5354=CARTESIAN_POINT('',(-6.601769125,117.622249727,172.17201141));
#5355=CARTESIAN_POINT('',(-6.555187649,117.582467587,172.134434101));
#5356=CARTESIAN_POINT('',(-6.473834596,117.501003231,172.049745975));
#5357=CARTESIAN_POINT('',(-6.439065782,117.459323813,172.002638004));
#5358=CARTESIAN_POINT('',(-6.410989797,117.417642965,171.951823179));
#5359=CARTESIAN_POINT('',(-6.680590782,117.560222963,172.261063817));
#5360=CARTESIAN_POINT('',(-6.625793462,117.522582137,172.22558782));
#5361=CARTESIAN_POINT('',(-6.576443578,117.482876161,172.183892635));
#5362=CARTESIAN_POINT('',(-6.49111949,117.401340846,172.090150133));
#5363=CARTESIAN_POINT('',(-6.45514889,117.359514983,172.038106724));
#5364=CARTESIAN_POINT('',(-6.42677641,117.317687338,171.982193694));
#5365=CARTESIAN_POINT('',(-6.74986102,117.254567286,172.424492798));
#5366=CARTESIAN_POINT('',(-6.685771533,117.217818974,172.379026665));
#5367=CARTESIAN_POINT('',(-6.628978047,117.178351292,172.325476877));
#5368=CARTESIAN_POINT('',(-6.533697848,117.096596692,172.20567865));
#5369=CARTESIAN_POINT('',(-6.495217924,117.054315709,172.139438565));
#5370=CARTESIAN_POINT('',(-6.467165523,117.012031661,172.069004481));
#5371=CARTESIAN_POINT('',(-6.779571546,117.043082689,172.52354374));
#5372=CARTESIAN_POINT('',(-6.710289753,117.006967055,172.472092077));
#5373=CARTESIAN_POINT('',(-6.6496311,116.967671212,172.4112667));
#5374=CARTESIAN_POINT('',(-6.550215774,116.885761916,172.275495248));
#5375=CARTESIAN_POINT('',(-6.511468888,116.843156603,172.200562142));
#5376=CARTESIAN_POINT('',(-6.48518477,116.800547065,172.121433765));
#5377=CARTESIAN_POINT('',(-6.82200214,116.611900887,172.710886811));
#5378=CARTESIAN_POINT('',(-6.743246504,116.577113287,172.648078134));
#5379=CARTESIAN_POINT('',(-6.675920992,116.538185686,172.573251396));
#5380=CARTESIAN_POINT('',(-6.570839054,116.455953637,172.406980491));
#5381=CARTESIAN_POINT('',(-6.533100325,116.41266311,172.31556395));
#5382=CARTESIAN_POINT('',(-6.512057669,116.369365262,172.220399837));
#5383=CARTESIAN_POINT('',(-6.83428041,116.392002632,172.798926987));
#5384=CARTESIAN_POINT('',(-6.751274359,116.357910903,172.730767865));
#5385=CARTESIAN_POINT('',(-6.681179314,116.319179828,172.649235207));
#5386=CARTESIAN_POINT('',(-6.574632926,116.236779592,172.468475519));
#5387=CARTESIAN_POINT('',(-6.538204188,116.193127927,172.369286154));
#5388=CARTESIAN_POINT('',(-6.520671359,116.149467007,172.266797105));
#5389=CARTESIAN_POINT('',(-6.84066082,116.169162583,172.883048207));
#5390=CARTESIAN_POINT('',(-6.753685732,116.135798445,172.80973026));
#5391=CARTESIAN_POINT('',(-6.681174422,116.097277283,172.721651884));
#5392=CARTESIAN_POINT('',(-6.574079862,116.014702368,172.526907049));
#5393=CARTESIAN_POINT('',(-6.539524993,115.970670499,172.420292201));
#5394=CARTESIAN_POINT('',(-6.526107106,115.926626958,172.311051733));
#5395=B_SPLINE_SURFACE_WITH_KNOTS('',3,3,((#5287,#5288,#5289,#5290,#5291,#5292),(#5293,#5294,#5295,#5296,#5297,#5298),(#5299,#5300,#5301,#5302,#5303,#5304),(#5305,#5306,#5307,#5308,#5309,#5310),(#5311,#5312,#5313,#5314,#5315,#5316),(#5317,#5318,#5319,#5320,#5321,#5322),(#5323,#5324,#5325,#5326,#5327,#5328),(#5329,#5330,#5331,#5332,#5333,#5334),(#5335,#5336,#5337,#5338,#5339,#5340),(#5341,#5342,#5343,#5344,#5345,#5346),(#5347,#5348,#5349,#5350,#5351,#5352),(#5353,#5354,#5355,#5356,#5357,#5358),(#5359,#5360,#5361,#5362,#5363,#5364),(#5365,#5366,#5367,#5368,#5369,#5370),(#5371,#5372,#5373,#5374,#5375,#5376),(#5377,#5378,#5379,#5380,#5381,#5382),(#5383,#5384,#5385,#5386,#5387,#5388),(#5389,#5390,#5391,#5392,#5393,#5394)),.UNSPECIFIED.,.F.,.F.,.U.,(4,2,2,2,2,2,2,2,4),(4,2,4),(-0.000000005,0.000180656,0.000361317,0.000541978,0.00072264,0.001083962,0.001445285,0.00216793,0.002890575),(0.,0.5,1.),.UNSPECIFIED.);
#5396=ORIENTED_EDGE('',*,*,#5121,.T.);
#5397=ORIENTED_EDGE('',*,*,#1557,.F.);
#5398=ORIENTED_EDGE('',*,*,#5247,.T.);
#5399=ORIENTED_EDGE('',*,*,#3522,.F.);
#5400=EDGE_LOOP('',(#5396,#5397,#5398,#5399));
#5401=FACE_BOUND('',#5400,.T.);
#5402=ADVANCED_FACE('',(#5401),#5395,.T.);
#5403=CARTESIAN_POINT('',(12.5,128.077075644,166.384357274));
#5404=DIRECTION('',(0.,0.,-1.));
#5405=DIRECTION('',(1.,0.,0.));
#5406=AXIS2_PLACEMENT_3D('',#5403,#5404,#5405);
#5407=SPHERICAL_SURFACE('',#5406,1.);
#5408=CARTESIAN_POINT('',(12.5,128.077075644,166.384357274));
#5409=DIRECTION('',(-1.,0.,-0.));
#5410=DIRECTION('',(-0.,-0.,1.));
#5411=AXIS2_PLACEMENT_3D('',#5408,#5409,#5410);
#5412=CIRCLE('',#5411,1.);
#5413=EDGE_CURVE('',#3333,#1282,#5412,.T.);
#5414=ORIENTED_EDGE('',*,*,#5413,.F.);
#5415=ORIENTED_EDGE('',*,*,#3727,.F.);
#5416=ORIENTED_EDGE('',*,*,#1600,.F.);
#5417=EDGE_LOOP('',(#5414,#5415,#5416));
#5418=FACE_BOUND('',#5417,.T.);
#5419=ADVANCED_FACE('',(#5418),#5407,.T.);
#5420=CARTESIAN_POINT('',(0.,128.077075644,166.384357274));
#5421=DIRECTION('',(1.,-0.,0.));
#5422=DIRECTION('',(0.,0.,-1.));
#5423=AXIS2_PLACEMENT_3D('',#5420,#5421,#5422);
#5424=CYLINDRICAL_SURFACE('',#5423,1.);
#5425=ORIENTED_EDGE('',*,*,#1797,.F.);
#5426=CARTESIAN_POINT('',(-2.843265365,129.077075644,166.384357274));
#5427=CARTESIAN_POINT('',(-2.370589189,129.077075644,166.335241624));
#5428=CARTESIAN_POINT('',(-1.897760413,129.073661416,166.298130334));
#5429=CARTESIAN_POINT('',(-1.423774454,129.070901623,166.273407177));
#5430=CARTESIAN_POINT('',(-0.949788495,129.06814183,166.248684021));
#5431=CARTESIAN_POINT('',(-0.474840875,129.06605135,166.236279409));
#5432=CARTESIAN_POINT('',(-0.000254825,129.066050685,166.236274971));
#5433=CARTESIAN_POINT('',(0.474331224,129.066050021,166.236270532));
#5434=CARTESIAN_POINT('',(0.949023521,129.068137463,166.248653988));
#5435=CARTESIAN_POINT('',(1.423203281,129.070898297,166.273377391));
#5436=CARTESIAN_POINT('',(1.897383042,129.073659132,166.298100793));
#5437=CARTESIAN_POINT('',(2.370908398,129.077075644,166.335274742));
#5438=CARTESIAN_POINT('',(2.843265365,129.077075644,166.384357274));
#5439=B_SPLINE_CURVE_WITH_KNOTS('',3,(#5426,#5427,#5428,#5429,#5430,#5431,#5432,#5433,#5434,#5435,#5436,#5437,#5438),.UNSPECIFIED.,.F.,.F.,(4,3,3,3,4),(-0.000013932,0.001409825,0.002833582,0.004257338,0.005681095),.UNSPECIFIED.);
#5440=EDGE_CURVE('',#1783,#3199,#5439,.T.);
#5441=ORIENTED_EDGE('',*,*,#5440,.T.);
#5442=ORIENTED_EDGE('',*,*,#3263,.T.);
#5443=ORIENTED_EDGE('',*,*,#3338,.F.);
#5444=ORIENTED_EDGE('',*,*,#5413,.T.);
#5445=ORIENTED_EDGE('',*,*,#1311,.F.);
#5446=CARTESIAN_POINT('',(-12.5,128.077075644,166.384357274));
#5447=DIRECTION('',(-1.,0.,-0.));
#5448=DIRECTION('',(-0.,-0.,1.));
#5449=AXIS2_PLACEMENT_3D('',#5446,#5447,#5448);
#5450=CIRCLE('',#5449,1.);
#5451=EDGE_CURVE('',#1792,#1300,#5450,.T.);
#5452=ORIENTED_EDGE('',*,*,#5451,.F.);
#5453=EDGE_LOOP('',(#5425,#5441,#5442,#5443,#5444,#5445,#5452));
#5454=FACE_BOUND('',#5453,.T.);
#5455=ADVANCED_FACE('',(#5454),#5424,.T.);
#5456=CARTESIAN_POINT('',(-12.5,128.077075644,166.384357274));
#5457=DIRECTION('',(0.,0.,-1.));
#5458=DIRECTION('',(1.,0.,0.));
#5459=AXIS2_PLACEMENT_3D('',#5456,#5457,#5458);
#5460=SPHERICAL_SURFACE('',#5459,1.);
#5461=ORIENTED_EDGE('',*,*,#3703,.F.);
#5462=ORIENTED_EDGE('',*,*,#5451,.T.);
#5463=ORIENTED_EDGE('',*,*,#1654,.F.);
#5464=EDGE_LOOP('',(#5461,#5462,#5463));
#5465=FACE_BOUND('',#5464,.T.);
#5466=ADVANCED_FACE('',(#5465),#5460,.T.);
#5467=CARTESIAN_POINT('',(11.028052918,128.254012367,173.010268192));
#5468=CARTESIAN_POINT('',(11.027706403,128.254219772,173.011033408));
#5469=CARTESIAN_POINT('',(11.027362419,128.254426957,173.011799831));
#5470=CARTESIAN_POINT('',(11.018520505,128.259786277,173.031677608));
#5471=CARTESIAN_POINT('',(11.011593994,128.264798916,173.051525285));
#5472=CARTESIAN_POINT('',(11.001068964,128.274414429,173.092179659));
#5473=CARTESIAN_POINT('',(10.997470566,128.279017194,173.112985896));
#5474=CARTESIAN_POINT('',(10.993695552,128.287693077,173.155015538));
#5475=CARTESIAN_POINT('',(10.99351898,128.291766096,173.176238468));
#5476=CARTESIAN_POINT('',(10.996592297,128.299276398,173.218548781));
#5477=CARTESIAN_POINT('',(10.999842151,128.302713596,173.239635685));
#5478=CARTESIAN_POINT('',(11.009683759,128.308862723,173.281124762));
#5479=CARTESIAN_POINT('',(11.016275401,128.311574583,173.301526464));
#5480=CARTESIAN_POINT('',(11.032628989,128.316202391,173.341113786));
#5481=CARTESIAN_POINT('',(11.04239075,128.318118287,173.360298956));
#5482=CARTESIAN_POINT('',(11.053610583,128.319611269,173.378626244));
#5483=CARTESIAN_POINT('',(10.89993049,127.453088342,173.132474994));
#5484=CARTESIAN_POINT('',(10.89949075,127.453304388,173.133273008));
#5485=CARTESIAN_POINT('',(10.899053838,127.453520168,173.134072634));
#5486=CARTESIAN_POINT('',(10.887813299,127.45910088,173.154820671));
#5487=CARTESIAN_POINT('',(10.878767355,127.46429763,173.175754799));
#5488=CARTESIAN_POINT('',(10.864460058,127.474198588,173.218972146));
#5489=CARTESIAN_POINT('',(10.859198906,127.478902649,173.241254728));
#5490=CARTESIAN_POINT('',(10.85261311,127.487676789,173.286503193));
#5491=CARTESIAN_POINT('',(10.851288555,127.491746737,173.309468413));
#5492=CARTESIAN_POINT('',(10.85261129,127.499129897,173.355396855));
#5493=CARTESIAN_POINT('',(10.855258554,127.502442998,173.378359405));
#5494=CARTESIAN_POINT('',(10.864442742,127.508212033,173.423597818));
#5495=CARTESIAN_POINT('',(10.870979526,127.510667879,173.445873019));
#5496=CARTESIAN_POINT('',(10.887745535,127.514647274,173.489072744));
#5497=CARTESIAN_POINT('',(10.897974512,127.516170761,173.509996636));
#5498=CARTESIAN_POINT('',(10.909896503,127.517204311,173.529933279));
#5499=CARTESIAN_POINT('',(10.756848574,126.65216136,173.228085552));
#5500=CARTESIAN_POINT('',(10.756308212,126.652387612,173.228901035));
#5501=CARTESIAN_POINT('',(10.755770945,126.652613543,173.229718631));
#5502=CARTESIAN_POINT('',(10.741938679,126.658455674,173.25094491));
#5503=CARTESIAN_POINT('',(10.730569409,126.663868999,173.272647215));
#5504=CARTESIAN_POINT('',(10.712068678,126.674103589,173.31789536));
#5505=CARTESIAN_POINT('',(10.704937548,126.678924655,173.341440322));
#5506=CARTESIAN_POINT('',(10.69514959,126.687808448,173.38956366));
#5507=CARTESIAN_POINT('',(10.692492929,126.691871001,173.414141107));
#5508=CARTESIAN_POINT('',(10.691738265,126.699096894,173.463485866));
#5509=CARTESIAN_POINT('',(10.693640259,126.702260092,173.48825223));
#5510=CARTESIAN_POINT('',(10.701932628,126.70757659,173.537126076));
#5511=CARTESIAN_POINT('',(10.708322831,126.709729783,173.561232622));
#5512=CARTESIAN_POINT('',(10.72536929,126.712949575,173.607961231));
#5513=CARTESIAN_POINT('',(10.736025213,126.714016104,173.630582401));
#5514=CARTESIAN_POINT('',(10.748630769,126.714519327,173.652073872));
#5515=CARTESIAN_POINT('',(10.445531469,125.050770951,173.370571264));
#5516=CARTESIAN_POINT('',(10.444776622,125.051024459,173.371389229));
#5517=CARTESIAN_POINT('',(10.444025276,125.051277493,173.372210547));
#5518=CARTESIAN_POINT('',(10.42466015,125.057817398,173.39356511));
#5519=CARTESIAN_POINT('',(10.408231738,125.063804255,173.416154275));
#5520=CARTESIAN_POINT('',(10.380474631,125.074910661,173.464443031));
#5521=CARTESIAN_POINT('',(10.369146828,125.080029844,173.490141026));
#5522=CARTESIAN_POINT('',(10.352088705,125.089171966,173.543500357));
#5523=CARTESIAN_POINT('',(10.346358929,125.093194602,173.571159936));
#5524=CARTESIAN_POINT('',(10.340746407,125.099963009,173.627209656));
#5525=CARTESIAN_POINT('',(10.340863833,125.102708553,173.655597956));
#5526=CARTESIAN_POINT('',(10.34693627,125.106798465,173.711840947));
#5527=CARTESIAN_POINT('',(10.352891072,125.108142692,173.739693793));
#5528=CARTESIAN_POINT('',(10.370370407,125.109367513,173.793625965));
#5529=CARTESIAN_POINT('',(10.381894359,125.109248059,173.81970352));
#5530=CARTESIAN_POINT('',(10.395945989,125.108397906,173.844313766));
#5531=CARTESIAN_POINT('',(10.277064209,124.248921711,173.417641216));
#5532=CARTESIAN_POINT('',(10.276195241,124.249191853,173.418444374));
#5533=CARTESIAN_POINT('',(10.275329917,124.249461424,173.419251621));
#5534=CARTESIAN_POINT('',(10.253017179,124.256427054,173.440260837));
#5535=CARTESIAN_POINT('',(10.23384941,124.26276258,173.462972736));
#5536=CARTESIAN_POINT('',(10.201026303,124.27439571,173.512277639));
#5537=CARTESIAN_POINT('',(10.18737227,124.279692835,173.538868572));
#5538=CARTESIAN_POINT('',(10.16624943,124.288982969,173.594591706));
#5539=CARTESIAN_POINT('',(10.15878145,124.29297559,173.623721589));
#5540=CARTESIAN_POINT('',(10.150394856,124.299454216,173.683059491));
#5541=CARTESIAN_POINT('',(10.149476552,124.301939941,173.713265056));
#5542=CARTESIAN_POINT('',(10.154227637,124.305276055,173.7732399));
#5543=CARTESIAN_POINT('',(10.159896804,124.306126288,173.803006708));
#5544=CARTESIAN_POINT('',(10.177534,124.306143051,173.860612668));
#5545=CARTESIAN_POINT('',(10.189501287,124.305309557,173.888449448));
#5546=CARTESIAN_POINT('',(10.204317269,124.30365158,173.914624809));
#5547=CARTESIAN_POINT('',(10.003270891,123.056458554,173.443499498));
#5548=CARTESIAN_POINT('',(10.002220669,123.05676748,173.44424691));
#5549=CARTESIAN_POINT('',(10.001174093,123.057075599,173.444999769));
#5550=CARTESIAN_POINT('',(9.974168248,123.065033184,173.464635756));
#5551=CARTESIAN_POINT('',(9.950502217,123.072172154,173.486868437));
#5552=CARTESIAN_POINT('',(9.909192111,123.084996044,173.536696846));
#5553=CARTESIAN_POINT('',(9.891550572,123.090680172,173.564289492));
#5554=CARTESIAN_POINT('',(9.863358351,123.100249017,173.623161859));
#5555=CARTESIAN_POINT('',(9.852809397,123.104133143,173.654437943));
#5556=CARTESIAN_POINT('',(9.839441143,123.109865463,173.718778337));
#5557=CARTESIAN_POINT('',(9.83662266,123.111713302,173.751838677));
#5558=CARTESIAN_POINT('',(9.838885515,123.113259718,173.817740814));
#5559=CARTESIAN_POINT('',(9.843966708,123.112958194,173.850578547));
#5560=CARTESIAN_POINT('',(9.861720258,123.110222646,173.914042239));
#5561=CARTESIAN_POINT('',(9.874391517,123.107788784,173.944664284));
#5562=CARTESIAN_POINT('',(9.890473987,123.104361625,173.973250903));
#5563=CARTESIAN_POINT('',(9.908397161,122.66050437,173.444598666));
#5564=CARTESIAN_POINT('',(9.907284781,122.660828556,173.445321832));
#5565=CARTESIAN_POINT('',(9.906176012,122.66115184,173.446050942));
#5566=CARTESIAN_POINT('',(9.877558922,122.669499627,173.465084769));
#5567=CARTESIAN_POINT('',(9.852326832,122.676953684,173.487045784));
#5568=CARTESIAN_POINT('',(9.808036138,122.690242061,173.536880119));
#5569=CARTESIAN_POINT('',(9.788980585,122.696075462,173.56474997));
#5570=CARTESIAN_POINT('',(9.758266541,122.705746841,173.624606021));
#5571=CARTESIAN_POINT('',(9.74661016,122.709584148,173.656588065));
#5572=CARTESIAN_POINT('',(9.731442212,122.715015258,173.722609118));
#5573=CARTESIAN_POINT('',(9.727931682,122.71660868,173.756643551));
#5574=CARTESIAN_POINT('',(9.729279711,122.717447499,173.824578635));
#5575=CARTESIAN_POINT('',(9.734138167,122.716692829,173.858474582));
#5576=CARTESIAN_POINT('',(9.751910803,122.712881324,173.92395099));
#5577=CARTESIAN_POINT('',(9.764823746,122.709824739,173.955526916));
#5578=CARTESIAN_POINT('',(9.781349154,122.705713808,173.984928666));
#5579=CARTESIAN_POINT('',(9.75889741,122.070278739,173.431628666));
#5580=CARTESIAN_POINT('',(9.757689195,122.070633392,173.432303918));
#5581=CARTESIAN_POINT('',(9.756484445,122.070986948,173.432985944));
#5582=CARTESIAN_POINT('',(9.725378329,122.080113499,173.45082206));
#5583=CARTESIAN_POINT('',(9.69767031,122.088192664,173.472147017));
#5584=CARTESIAN_POINT('',(9.648596335,122.10239294,173.521650947));
#5585=CARTESIAN_POINT('',(9.627234493,122.10851286,173.549825763));
#5586=CARTESIAN_POINT('',(9.592362891,122.118361763,173.61103846));
#5587=CARTESIAN_POINT('',(9.578856053,122.122089919,173.644071204));
#5588=CARTESIAN_POINT('',(9.560649601,122.12689119,173.712665473));
#5589=CARTESIAN_POINT('',(9.555951511,122.127963902,173.748221243));
#5590=CARTESIAN_POINT('',(9.555695425,122.127377626,173.819348804));
#5591=CARTESIAN_POINT('',(9.560137449,122.125718686,173.854914628));
#5592=CARTESIAN_POINT('',(9.577848729,122.119785333,173.923548508));
#5593=CARTESIAN_POINT('',(9.5911165,122.115511415,173.956610806));
#5594=CARTESIAN_POINT('',(9.608329651,122.110080231,173.987255567));
#5595=CARTESIAN_POINT('',(9.707853459,121.874163979,173.424846192));
#5596=CARTESIAN_POINT('',(9.706612867,121.874530078,173.425503529));
#5597=CARTESIAN_POINT('',(9.705375673,121.874895006,173.426167932));
#5598=CARTESIAN_POINT('',(9.673427857,121.884314081,173.443555245));
#5599=CARTESIAN_POINT('',(9.644873236,121.89262757,173.464629701));
#5600=CARTESIAN_POINT('',(9.594152265,121.907168428,173.513966366));
#5601=CARTESIAN_POINT('',(9.571990431,121.913394501,173.542224172));
#5602=CARTESIAN_POINT('',(9.535669724,121.923306587,173.603869074));
#5603=CARTESIAN_POINT('',(9.521514084,121.926991715,173.637250671));
#5604=CARTESIAN_POINT('',(9.502237467,121.931552701,173.706711491));
#5605=CARTESIAN_POINT('',(9.497118204,121.93242815,173.74278452));
#5606=CARTESIAN_POINT('',(9.496288057,121.931304911,173.815000337));
#5607=CARTESIAN_POINT('',(9.500577244,121.92930632,173.851136687));
#5608=CARTESIAN_POINT('',(9.518252596,121.922579242,173.920846328));
#5609=CARTESIAN_POINT('',(9.531637184,121.917851351,173.954413406));
#5610=CARTESIAN_POINT('',(9.549083358,121.911929972,173.985475872));
#5611=CARTESIAN_POINT('',(9.60277386,121.483697717,173.405280176));
#5612=CARTESIAN_POINT('',(9.601467814,121.484090867,173.405896935));
#5613=CARTESIAN_POINT('',(9.600164989,121.484482669,173.406521377));
#5614=CARTESIAN_POINT('',(9.566513283,121.494592982,173.42288994));
#5615=CARTESIAN_POINT('',(9.536217686,121.503458501,173.443368831));
#5616=CARTESIAN_POINT('',(9.482075234,121.518797393,173.492230655));
#5617=CARTESIAN_POINT('',(9.458233842,121.525269217,173.520608648));
#5618=CARTESIAN_POINT('',(9.418848357,121.535318549,173.583069325));
#5619=CARTESIAN_POINT('',(9.403308236,121.538895041,173.617145697));
#5620=CARTESIAN_POINT('',(9.381730694,121.542875594,173.688362026));
#5621=CARTESIAN_POINT('',(9.375695447,121.543279251,173.725494788));
#5622=CARTESIAN_POINT('',(9.373596615,121.540881636,173.799945618));
#5623=CARTESIAN_POINT('',(9.377533239,121.538080602,173.837256165));
#5624=CARTESIAN_POINT('',(9.395074414,121.52948928,173.90917005));
#5625=CARTESIAN_POINT('',(9.408677191,121.523699855,173.943766123));
#5626=CARTESIAN_POINT('',(9.426587498,121.516639404,173.97566723));
#5627=CARTESIAN_POINT('',(9.548663643,121.289055627,173.392486515));
#5628=CARTESIAN_POINT('',(9.547324454,121.289464364,173.393080573));
#5629=CARTESIAN_POINT('',(9.545988375,121.289871648,173.393682642));
#5630=CARTESIAN_POINT('',(9.511472761,121.300380163,173.409480328));
#5631=CARTESIAN_POINT('',(9.480281214,121.309563006,173.429613605));
#5632=CARTESIAN_POINT('',(9.424361488,121.325358864,173.478167394));
#5633=CARTESIAN_POINT('',(9.399639317,121.331970182,173.506582675));
#5634=CARTESIAN_POINT('',(9.358636236,121.342093657,173.569427646));
#5635=CARTESIAN_POINT('',(9.342359729,121.345604724,173.60385057));
#5636=CARTESIAN_POINT('',(9.31955058,121.349245743,173.675957502));
#5637=CARTESIAN_POINT('',(9.313020383,121.349375299,173.713633751));
#5638=CARTESIAN_POINT('',(9.310227208,121.346241287,173.789233558));
#5639=CARTESIAN_POINT('',(9.313964525,121.342978049,173.827148985));
#5640=CARTESIAN_POINT('',(9.331408761,121.333317416,173.900193755));
#5641=CARTESIAN_POINT('',(9.345113802,121.326921052,173.935315241));
#5642=CARTESIAN_POINT('',(9.363256281,121.319212296,173.96763837));
#5643=CARTESIAN_POINT('',(9.437022177,120.904199758,173.359246193));
#5644=CARTESIAN_POINT('',(9.43561689,120.904646803,173.359789117));
#5645=CARTESIAN_POINT('',(9.43421442,120.905092137,173.360340744));
#5646=CARTESIAN_POINT('',(9.397972248,120.916579163,173.374850214));
#5647=CARTESIAN_POINT('',(9.364946878,120.926539092,173.39417579));
#5648=CARTESIAN_POINT('',(9.305332912,120.943447114,173.44193746));
#5649=CARTESIAN_POINT('',(9.278751616,120.950393136,173.47036769));
#5650=CARTESIAN_POINT('',(9.234295368,120.960679751,173.533912501));
#5651=CARTESIAN_POINT('',(9.216425858,120.964019082,173.569019288));
#5652=CARTESIAN_POINT('',(9.190919533,120.966805968,173.642921063));
#5653=CARTESIAN_POINT('',(9.183285837,120.966253179,173.68170699));
#5654=CARTESIAN_POINT('',(9.178904214,120.961301175,173.759656472));
#5655=CARTESIAN_POINT('',(9.182156818,120.956902561,173.79881047));
#5656=CARTESIAN_POINT('',(9.199271983,120.944632159,173.874153445));
#5657=CARTESIAN_POINT('',(9.213132444,120.936761866,173.910333186));
#5658=CARTESIAN_POINT('',(9.23170733,120.927489699,173.943485585));
#5659=CARTESIAN_POINT('',(9.379507386,120.713930519,173.338847075));
#5660=CARTESIAN_POINT('',(9.378069065,120.71440012,173.339361548));
#5661=CARTESIAN_POINT('',(9.376633381,120.714867857,173.339885092));
#5662=CARTESIAN_POINT('',(9.339526576,120.726930952,173.353676828));
#5663=CARTESIAN_POINT('',(9.305562161,120.73734736,173.372540132));
#5664=CARTESIAN_POINT('',(9.244030326,120.754906099,173.419817742));
#5665=CARTESIAN_POINT('',(9.216470954,120.762046134,173.448225845));
#5666=CARTESIAN_POINT('',(9.170180928,120.772421633,173.512087061));
#5667=CARTESIAN_POINT('',(9.151456324,120.775655737,173.547531804));
#5668=CARTESIAN_POINT('',(9.124488413,120.77793233,173.62233958));
#5669=CARTESIAN_POINT('',(9.116248627,120.776974514,173.661692814));
#5670=CARTESIAN_POINT('',(9.110978367,120.770949035,173.740845707));
#5671=CARTESIAN_POINT('',(9.113948575,120.765882147,173.780635002));
#5672=CARTESIAN_POINT('',(9.130837783,120.752082045,173.857148954));
#5673=CARTESIAN_POINT('',(9.144754565,120.743350621,173.893863592));
#5674=CARTESIAN_POINT('',(9.163532755,120.733169254,173.927425468));
#5675=CARTESIAN_POINT('',(9.259791734,120.340598135,173.287411592));
#5676=CARTESIAN_POINT('',(9.258289866,120.341127113,173.287862299));
#5677=CARTESIAN_POINT('',(9.256790151,120.341653816,173.288322846));
#5678=CARTESIAN_POINT('',(9.218012939,120.355233001,173.300503372));
#5679=CARTESIAN_POINT('',(9.182150901,120.366845986,173.3182985));
#5680=CARTESIAN_POINT('',(9.116631477,120.386098206,173.364383724));
#5681=CARTESIAN_POINT('',(9.086983948,120.393734546,173.392666868));
#5682=CARTESIAN_POINT('',(9.036697795,120.404310408,173.457054512));
#5683=CARTESIAN_POINT('',(9.016066731,120.407248336,173.493149308));
#5684=CARTESIAN_POINT('',(8.985765619,120.408147464,173.569747813));
#5685=CARTESIAN_POINT('',(8.976100122,120.406108522,173.610239983));
#5686=CARTESIAN_POINT('',(8.968645877,120.397243659,173.691804396));
#5687=CARTESIAN_POINT('',(8.970858242,120.39041906,173.732864355));
#5688=CARTESIAN_POINT('',(8.986952729,120.372624504,173.81168083));
#5689=CARTESIAN_POINT('',(9.00083242,120.36165721,173.849425476));
#5690=CARTESIAN_POINT('',(9.019891966,120.349133787,173.88373274));
#5691=CARTESIAN_POINT('',(9.197608093,120.157299008,173.256493096));
#5692=CARTESIAN_POINT('',(9.196075203,120.157864032,173.256908186));
#5693=CARTESIAN_POINT('',(9.194544166,120.158426527,173.257333526));
#5694=CARTESIAN_POINT('',(9.154948287,120.172925926,173.26861298));
#5695=CARTESIAN_POINT('',(9.118118847,120.18526371,173.285796945));
#5696=CARTESIAN_POINT('',(9.050519939,120.205537898,173.331167998));
#5697=CARTESIAN_POINT('',(9.019761388,120.213471038,173.359347728));
#5698=CARTESIAN_POINT('',(8.967318594,120.224158071,173.423949103));
#5699=CARTESIAN_POINT('',(8.94564281,120.226910235,173.460360288));
#5700=CARTESIAN_POINT('',(8.913489738,120.226962513,173.537856712));
#5701=CARTESIAN_POINT('',(8.903017626,120.224262601,173.578929411));
#5702=CARTESIAN_POINT('',(8.894298472,120.213669826,173.661723585));
#5703=CARTESIAN_POINT('',(8.896052818,120.205778643,173.703431667));
#5704=CARTESIAN_POINT('',(8.911615473,120.185569377,173.783407838));
#5705=CARTESIAN_POINT('',(8.925421247,120.173254518,173.821662987));
#5706=CARTESIAN_POINT('',(8.944578146,120.15932554,173.856322071));
#5707=CARTESIAN_POINT('',(9.09911733,119.893503023,173.197340361));
#5708=CARTESIAN_POINT('',(9.097547611,119.894149474,173.197698293));
#5709=CARTESIAN_POINT('',(9.095979082,119.894792815,173.198067087));
#5710=CARTESIAN_POINT('',(9.055395458,119.911370389,173.207898274));
#5711=CARTESIAN_POINT('',(9.017214011,119.925337096,173.224073245));
#5712=CARTESIAN_POINT('',(8.946463332,119.947887777,173.268198948));
#5713=CARTESIAN_POINT('',(8.913906998,119.956467643,173.296141627));
#5714=CARTESIAN_POINT('',(8.857793393,119.967350768,173.360900739));
#5715=CARTESIAN_POINT('',(8.834246349,119.969652043,173.397705361));
#5716=CARTESIAN_POINT('',(8.798602359,119.967736064,173.476364036));
#5717=CARTESIAN_POINT('',(8.786511907,119.963519155,173.518203744));
#5718=CARTESIAN_POINT('',(8.775041667,119.949002011,173.602583452));
#5719=CARTESIAN_POINT('',(8.775663965,119.938704415,173.645108064));
#5720=CARTESIAN_POINT('',(8.789558396,119.913093088,173.726435654));
#5721=CARTESIAN_POINT('',(8.802827991,119.897784017,173.7652238));
#5722=CARTESIAN_POINT('',(8.821734591,119.880761081,173.80013357));
#5723=CARTESIAN_POINT('',(9.065305114,119.807229066,173.175386168));
#5724=CARTESIAN_POINT('',(9.063724709,119.807907434,173.175724321));
#5725=CARTESIAN_POINT('',(9.062145238,119.808582461,173.176073542));
#5726=CARTESIAN_POINT('',(9.021271652,119.825974521,173.18540325));
#5727=CARTESIAN_POINT('',(8.982654495,119.840578753,173.201224624));
#5728=CARTESIAN_POINT('',(8.91084364,119.864018098,173.244903774));
#5729=CARTESIAN_POINT('',(8.877663571,119.872848771,173.272753251));
#5730=CARTESIAN_POINT('',(8.820248163,119.883802527,173.337537907));
#5731=CARTESIAN_POINT('',(8.796023716,119.885923532,173.374460782));
#5732=CARTESIAN_POINT('',(8.759091618,119.883229821,173.453478071));
#5733=CARTESIAN_POINT('',(8.746390966,119.878415609,173.495557481));
#5734=CARTESIAN_POINT('',(8.733856767,119.862357923,173.580425252));
#5735=CARTESIAN_POINT('',(8.734025588,119.851117481,173.623197499));
#5736=CARTESIAN_POINT('',(8.747215888,119.823394869,173.704913094));
#5737=CARTESIAN_POINT('',(8.760234854,119.806917941,173.743840925));
#5738=CARTESIAN_POINT('',(8.778991395,119.788691642,173.778788328));
#5739=CARTESIAN_POINT('',(8.996031291,119.642417256,173.125854301));
#5740=CARTESIAN_POINT('',(8.994438792,119.643177269,173.126155167));
#5741=CARTESIAN_POINT('',(8.992846575,119.64393335,173.126467471));
#5742=CARTESIAN_POINT('',(8.951626186,119.663408665,173.134850922));
#5743=CARTESIAN_POINT('',(8.912276543,119.679639663,173.14999525));
#5744=CARTESIAN_POINT('',(8.838455014,119.705336788,173.192789513));
#5745=CARTESIAN_POINT('',(8.803998365,119.714797616,173.220430606));
#5746=CARTESIAN_POINT('',(8.743775285,119.725905687,173.285165436));
#5747=CARTESIAN_POINT('',(8.718021279,119.727550637,173.322245803));
#5748=CARTESIAN_POINT('',(8.678054475,119.722841217,173.401761121));
#5749=CARTESIAN_POINT('',(8.663849918,119.716487811,173.444179651));
#5750=CARTESIAN_POINT('',(8.648556506,119.69647951,173.529681196));
#5751=CARTESIAN_POINT('',(8.647470799,119.682828731,173.572746553));
#5752=CARTESIAN_POINT('',(8.658539198,119.649730112,173.654778107));
#5753=CARTESIAN_POINT('',(8.670691009,119.630289087,173.693727362));
#5754=CARTESIAN_POINT('',(8.688792803,119.609022026,173.728471755));
#5755=CARTESIAN_POINT('',(8.96066084,119.564084213,173.098352749));
#5756=CARTESIAN_POINT('',(8.959066288,119.564893389,173.098635491));
#5757=CARTESIAN_POINT('',(8.95747163,119.565698273,173.098929844));
#5758=CARTESIAN_POINT('',(8.916178076,119.586427901,173.106852921));
#5759=CARTESIAN_POINT('',(8.876520334,119.603636988,173.12166231));
#5760=CARTESIAN_POINT('',(8.801735692,119.630688077,173.164003925));
#5761=CARTESIAN_POINT('',(8.766624913,119.640524263,173.191527015));
#5762=CARTESIAN_POINT('',(8.704903408,119.65171583,173.256190093));
#5763=CARTESIAN_POINT('',(8.678305977,119.653068797,173.293316133));
#5764=CARTESIAN_POINT('',(8.636618736,119.647136275,173.372992381));
#5765=CARTESIAN_POINT('',(8.621537894,119.639852047,173.415525404));
#5766=CARTESIAN_POINT('',(8.604590344,119.617461488,173.501209716));
#5767=CARTESIAN_POINT('',(8.602727267,119.602359951,173.544342522));
#5768=CARTESIAN_POINT('',(8.612428324,119.566033312,173.626350216));
#5769=CARTESIAN_POINT('',(8.623990343,119.544815998,173.665207409));
#5770=CARTESIAN_POINT('',(8.641613945,119.521731639,173.699737848));
#5771=CARTESIAN_POINT('',(8.902738801,119.44928484,173.048087714));
#5772=CARTESIAN_POINT('',(8.901163402,119.45020387,173.048355167));
#5773=CARTESIAN_POINT('',(8.899587014,119.451117796,173.048634358));
#5774=CARTESIAN_POINT('',(8.858743791,119.474649724,173.056168166));
#5775=CARTESIAN_POINT('',(8.818974443,119.494038525,173.070683366));
#5776=CARTESIAN_POINT('',(8.74305566,119.524093021,173.112569559));
#5777=CARTESIAN_POINT('',(8.706923857,119.534751742,173.139930821));
#5778=CARTESIAN_POINT('',(8.642518296,119.546092628,173.204306419));
#5779=CARTESIAN_POINT('',(8.614259493,119.546772158,173.241305801));
#5780=CARTESIAN_POINT('',(8.568916383,119.53806992,173.320623215));
#5781=CARTESIAN_POINT('',(8.5518426,119.528690167,173.362922821));
#5782=CARTESIAN_POINT('',(8.530875669,119.500963309,173.447882635));
#5783=CARTESIAN_POINT('',(8.526987381,119.482622633,173.490523104));
#5784=CARTESIAN_POINT('',(8.532852259,119.439118491,173.571164154));
#5785=CARTESIAN_POINT('',(8.542604053,119.413965112,173.609145998));
#5786=CARTESIAN_POINT('',(8.558607386,119.386872351,173.642579524));
#5787=CARTESIAN_POINT('',(8.880304885,119.408346394,173.027259256));
#5788=CARTESIAN_POINT('',(8.878741219,119.409315428,173.027522651));
#5789=CARTESIAN_POINT('',(8.877176173,119.410278987,173.027797812));
#5790=CARTESIAN_POINT('',(8.836616504,119.435086394,173.035227923));
#5791=CARTESIAN_POINT('',(8.796877421,119.455466285,173.0496601));
#5792=CARTESIAN_POINT('',(8.720598867,119.486883809,173.091399966));
#5793=CARTESIAN_POINT('',(8.684077642,119.497913938,173.118697678));
#5794=CARTESIAN_POINT('',(8.618581211,119.509315912,173.182927112));
#5795=CARTESIAN_POINT('',(8.58962166,119.509685029,173.21984347));
#5796=CARTESIAN_POINT('',(8.542696193,119.499715298,173.298921952));
#5797=CARTESIAN_POINT('',(8.524741483,119.489378824,173.341065154));
#5798=CARTESIAN_POINT('',(8.501964703,119.459220569,173.425584301));
#5799=CARTESIAN_POINT('',(8.497148058,119.439405981,173.467940017));
#5800=CARTESIAN_POINT('',(8.501223729,119.392641349,173.547842765));
#5801=CARTESIAN_POINT('',(8.510115045,119.365702462,173.585370665));
#5802=CARTESIAN_POINT('',(8.525333585,119.336794831,173.618259224));
#5803=CARTESIAN_POINT('',(8.859057787,119.373310786,173.006006396));
#5804=CARTESIAN_POINT('',(8.857519946,119.374340008,173.006278951));
#5805=CARTESIAN_POINT('',(8.855980207,119.375363305,173.006563171));
#5806=CARTESIAN_POINT('',(8.816062404,119.401705819,173.014225304));
#5807=CARTESIAN_POINT('',(8.776618265,119.423276855,173.028818109));
#5808=CARTESIAN_POINT('',(8.70031653,119.456328239,173.070710295));
#5809=CARTESIAN_POINT('',(8.663477722,119.467800448,173.097999364));
#5810=CARTESIAN_POINT('',(8.596834356,119.479264567,173.161996771));
#5811=CARTESIAN_POINT('',(8.567046206,119.479253653,173.198689351));
#5812=CARTESIAN_POINT('',(8.51810285,119.467747171,173.277069605));
#5813=CARTESIAN_POINT('',(8.498959693,119.456254437,173.318737977));
#5814=CARTESIAN_POINT('',(8.473621775,119.423165752,173.402042652));
#5815=CARTESIAN_POINT('',(8.46743325,119.401577948,173.44365844));
#5816=CARTESIAN_POINT('',(8.468757447,119.350899666,173.521834473));
#5817=CARTESIAN_POINT('',(8.476269838,119.321821666,173.558375464));
#5818=CARTESIAN_POINT('',(8.490182587,119.290745257,173.590181918));
#5819=B_SPLINE_SURFACE_WITH_KNOTS('',3,3,((#5467,#5468,#5469,#5470,#5471,#5472,#5473,#5474,#5475,#5476,#5477,#5478,#5479,#5480,#5481,#5482),(#5483,#5484,#5485,#5486,#5487,#5488,#5489,#5490,#5491,#5492,#5493,#5494,#5495,#5496,#5497,#5498),(#5499,#5500,#5501,#5502,#5503,#5504,#5505,#5506,#5507,#5508,#5509,#5510,#5511,#5512,#5513,#5514),(#5515,#5516,#5517,#5518,#5519,#5520,#5521,#5522,#5523,#5524,#5525,#5526,#5527,#5528,#5529,#5530),(#5531,#5532,#5533,#5534,#5535,#5536,#5537,#5538,#5539,#5540,#5541,#5542,#5543,#5544,#5545,#5546),(#5547,#5548,#5549,#5550,#5551,#5552,#5553,#5554,#5555,#5556,#5557,#5558,#5559,#5560,#5561,#5562),(#5563,#5564,#5565,#5566,#5567,#5568,#5569,#5570,#5571,#5572,#5573,#5574,#5575,#5576,#5577,#5578),(#5579,#5580,#5581,#5582,#5583,#5584,#5585,#5586,#5587,#5588,#5589,#5590,#5591,#5592,#5593,#5594),(#5595,#5596,#5597,#5598,#5599,#5600,#5601,#5602,#5603,#5604,#5605,#5606,#5607,#5608,#5609,#5610),(#5611,#5612,#5613,#5614,#5615,#5616,#5617,#5618,#5619,#5620,#5621,#5622,#5623,#5624,#5625,#5626),(#5627,#5628,#5629,#5630,#5631,#5632,#5633,#5634,#5635,#5636,#5637,#5638,#5639,#5640,#5641,#5642),(#5643,#5644,#5645,#5646,#5647,#5648,#5649,#5650,#5651,#5652,#5653,#5654,#5655,#5656,#5657,#5658),(#5659,#5660,#5661,#5662,#5663,#5664,#5665,#5666,#5667,#5668,#5669,#5670,#5671,#5672,#5673,#5674),(#5675,#5676,#5677,#5678,#5679,#5680,#5681,#5682,#5683,#5684,#5685,#5686,#5687,#5688,#5689,#5690),(#5691,#5692,#5693,#5694,#5695,#5696,#5697,#5698,#5699,#5700,#5701,#5702,#5703,#5704,#5705,#5706),(#5707,#5708,#5709,#5710,#5711,#5712,#5713,#5714,#5715,#5716,#5717,#5718,#5719,#5720,#5721,#5722),(#5723,#5724,#5725,#5726,#5727,#5728,#5729,#5730,#5731,#5732,#5733,#5734,#5735,#5736,#5737,#5738),(#5739,#5740,#5741,#5742,#5743,#5744,#5745,#5746,#5747,#5748,#5749,#5750,#5751,#5752,#5753,#5754),(#5755,#5756,#5757,#5758,#5759,#5760,#5761,#5762,#5763,#5764,#5765,#5766,#5767,#5768,#5769,#5770),(#5771,#5772,#5773,#5774,#5775,#5776,#5777,#5778,#5779,#5780,#5781,#5782,#5783,#5784,#5785,#5786),(#5787,#5788,#5789,#5790,#5791,#5792,#5793,#5794,#5795,#5796,#5797,#5798,#5799,#5800,#5801,#5802),(#5803,#5804,#5805,#5806,#5807,#5808,#5809,#5810,#5811,#5812,#5813,#5814,#5815,#5816,#5817,#5818)),.UNSPECIFIED.,.F.,.F.,.U.,(4,2,2,2,2,2,2,2,2,2,4),(4,2,2,2,2,2,2,4),(0.,0.00248297,0.00496594,0.006207425,0.006828168,0.00744891,0.008069653,0.008690395,0.009000767,0.009311138,0.00950661),(0.244979024,0.25,0.375,0.5,0.625,0.75,0.875,1.),.UNSPECIFIED.);
#5820=CARTESIAN_POINT('',(10.000000002,123.283235,173.48437627));
#5821=VERTEX_POINT('',#5820);
#5822=CARTESIAN_POINT('',(10.995317909,128.283990867,173.137091188));
#5823=VERTEX_POINT('',#5822);
#5824=CARTESIAN_POINT('',(8.859093279,119.37335503,173.006111193));
#5825=CARTESIAN_POINT('',(8.903752603,119.448352439,173.05153303));
#5826=CARTESIAN_POINT('',(8.941638576,119.530815327,173.08522158));
#5827=CARTESIAN_POINT('',(8.977753966,119.615467919,173.115215937));
#5828=CARTESIAN_POINT('',(9.013869356,119.700120512,173.145210293));
#5829=CARTESIAN_POINT('',(9.04772251,119.787682831,173.170725378));
#5830=CARTESIAN_POINT('',(9.080201933,119.876429004,173.193544624));
#5831=CARTESIAN_POINT('',(9.145160778,120.053921351,173.239183115));
#5832=CARTESIAN_POINT('',(9.204112617,120.234414001,173.273816265));
#5833=CARTESIAN_POINT('',(9.260428067,120.416275643,173.303171341));
#5834=CARTESIAN_POINT('',(9.373058966,120.779998927,173.361881493));
#5835=CARTESIAN_POINT('',(9.474870847,121.149320559,173.399100271));
#5836=CARTESIAN_POINT('',(9.572223045,121.521106995,173.426111754));
#5837=CARTESIAN_POINT('',(9.669575243,121.892893431,173.453123238));
#5838=CARTESIAN_POINT('',(9.762114421,122.267903891,173.469101213));
#5839=CARTESIAN_POINT('',(9.851210337,122.643025199,173.477424014));
#5840=CARTESIAN_POINT('',(9.940306252,123.018146507,173.485746815));
#5841=CARTESIAN_POINT('',(10.025928943,123.393558231,173.486310966));
#5842=CARTESIAN_POINT('',(10.108969997,123.769160438,173.480642192));
#5843=CARTESIAN_POINT('',(10.275052105,124.520364852,173.469304645));
#5844=CARTESIAN_POINT('',(10.430976619,125.272313084,173.433339637));
#5845=CARTESIAN_POINT('',(10.578677383,126.024787762,173.376045073));
#5846=CARTESIAN_POINT('',(10.652527765,126.401025101,173.34739779));
#5847=CARTESIAN_POINT('',(10.724248006,126.777402757,173.313298272));
#5848=CARTESIAN_POINT('',(10.79375247,127.153929579,173.273586203));
#5849=CARTESIAN_POINT('',(10.828504702,127.342192989,173.253730169));
#5850=CARTESIAN_POINT('',(10.862699642,127.530494068,173.232465306));
#5851=CARTESIAN_POINT('',(10.896306492,127.718836231,173.209738228));
#5852=CARTESIAN_POINT('',(10.929913341,127.907178394,173.187011151));
#5853=CARTESIAN_POINT('',(10.962730071,128.094384595,173.162982768));
#5854=CARTESIAN_POINT('',(10.995317909,128.283990867,173.137091188));
#5855=B_SPLINE_CURVE_WITH_KNOTS('',3,(#5824,#5825,#5826,#5827,#5828,#5829,#5830,#5831,#5832,#5833,#5834,#5835,#5836,#5837,#5838,#5839,#5840,#5841,#5842,#5843,#5844,#5845,#5846,#5847,#5848,#5849,
#5850,#5851,#5852,#5853,#5854),.UNSPECIFIED.,.F.,.F.,(4,3,3,3,3,3,3,3,3,3,4),(0.,0.000290316,0.000580631,0.001161263,0.002322526,0.003483789,0.004645051,0.006967577,0.00812884,0.008709472,0.009290103),.UNSPECIFIED.);
#5856=EDGE_CURVE('',#5821,#5823,#5855,.T.);
#5857=ORIENTED_EDGE('',*,*,#5856,.F.);
#5858=CARTESIAN_POINT('',(8.859093279,119.37335503,173.006111193));
#5859=CARTESIAN_POINT('',(8.903752603,119.448352439,173.05153303));
#5860=CARTESIAN_POINT('',(8.941638576,119.530815327,173.08522158));
#5861=CARTESIAN_POINT('',(8.977753966,119.615467919,173.115215937));
#5862=CARTESIAN_POINT('',(9.013869356,119.700120512,173.145210293));
#5863=CARTESIAN_POINT('',(9.04772251,119.787682831,173.170725378));
#5864=CARTESIAN_POINT('',(9.080201933,119.876429004,173.193544624));
#5865=CARTESIAN_POINT('',(9.145160778,120.053921351,173.239183115));
#5866=CARTESIAN_POINT('',(9.204112617,120.234414001,173.273816265));
#5867=CARTESIAN_POINT('',(9.260428067,120.416275643,173.303171341));
#5868=CARTESIAN_POINT('',(9.373058966,120.779998927,173.361881493));
#5869=CARTESIAN_POINT('',(9.474870847,121.149320559,173.399100271));
#5870=CARTESIAN_POINT('',(9.572223045,121.521106995,173.426111754));
#5871=CARTESIAN_POINT('',(9.669575243,121.892893431,173.453123238));
#5872=CARTESIAN_POINT('',(9.762114421,122.267903891,173.469101213));
#5873=CARTESIAN_POINT('',(9.851210337,122.643025199,173.477424014));
#5874=CARTESIAN_POINT('',(9.940306252,123.018146507,173.485746815));
#5875=CARTESIAN_POINT('',(10.025928943,123.393558231,173.486310966));
#5876=CARTESIAN_POINT('',(10.108969997,123.769160438,173.480642192));
#5877=CARTESIAN_POINT('',(10.275052105,124.520364852,173.469304645));
#5878=CARTESIAN_POINT('',(10.430976619,125.272313084,173.433339637));
#5879=CARTESIAN_POINT('',(10.578677383,126.024787762,173.376045073));
#5880=CARTESIAN_POINT('',(10.652527765,126.401025101,173.34739779));
#5881=CARTESIAN_POINT('',(10.724248006,126.777402757,173.313298272));
#5882=CARTESIAN_POINT('',(10.79375247,127.153929579,173.273586203));
#5883=CARTESIAN_POINT('',(10.828504702,127.342192989,173.253730169));
#5884=CARTESIAN_POINT('',(10.862699642,127.530494068,173.232465306));
#5885=CARTESIAN_POINT('',(10.896306492,127.718836231,173.209738228));
#5886=CARTESIAN_POINT('',(10.929913341,127.907178394,173.187011151));
#5887=CARTESIAN_POINT('',(10.962730071,128.094384595,173.162982768));
#5888=CARTESIAN_POINT('',(10.995317909,128.283990867,173.137091188));
#5889=B_SPLINE_CURVE_WITH_KNOTS('',3,(#5858,#5859,#5860,#5861,#5862,#5863,#5864,#5865,#5866,#5867,#5868,#5869,#5870,#5871,#5872,#5873,#5874,#5875,#5876,#5877,#5878,#5879,#5880,#5881,#5882,#5883,
#5884,#5885,#5886,#5887,#5888),.UNSPECIFIED.,.F.,.F.,(4,3,3,3,3,3,3,3,3,3,4),(0.,0.000290316,0.000580631,0.001161263,0.002322526,0.003483789,0.004645051,0.006967577,0.00812884,0.008709472,0.009290103),.UNSPECIFIED.);
#5890=EDGE_CURVE('',#2586,#5821,#5889,.T.);
#5891=ORIENTED_EDGE('',*,*,#5890,.F.);
#5892=ORIENTED_EDGE('',*,*,#2659,.T.);
#5893=ORIENTED_EDGE('',*,*,#3684,.F.);
#5894=CARTESIAN_POINT('',(11.388042484,128.222597019,173.18179246));
#5895=DIRECTION('',(0.172247946,0.967663491,-0.184277002));
#5896=DIRECTION('',(-0.,0.187073067,0.982346002));
#5897=AXIS2_PLACEMENT_3D('',#5894,#5895,#5896);
#5898=CIRCLE('',#5897,0.4);
#5899=EDGE_CURVE('',#5823,#3285,#5898,.T.);
#5900=ORIENTED_EDGE('',*,*,#5899,.F.);
#5901=EDGE_LOOP('',(#5857,#5891,#5892,#5893,#5900));
#5902=FACE_BOUND('',#5901,.T.);
#5903=ADVANCED_FACE('',(#5902),#5819,.T.);
#5904=CARTESIAN_POINT('',(9.019448686,128.279122412,170.640871198));
#5905=CARTESIAN_POINT('',(9.012747003,128.280559077,170.640338023));
#5906=CARTESIAN_POINT('',(9.00605391,128.281970663,170.639629303));
#5907=CARTESIAN_POINT('',(8.957545098,128.292031018,170.633201675));
#5908=CARTESIAN_POINT('',(8.916413104,128.299639032,170.620755842));
#5909=CARTESIAN_POINT('',(8.839779513,128.311937287,170.583337988));
#5910=CARTESIAN_POINT('',(8.804291768,128.316625304,170.558372732));
#5911=CARTESIAN_POINT('',(8.773456986,128.319611269,170.528434249));
#5912=CARTESIAN_POINT('',(9.028445668,128.327388066,170.63441561));
#5913=CARTESIAN_POINT('',(9.021824528,128.329167911,170.633805771));
#5914=CARTESIAN_POINT('',(9.015211455,128.330916694,170.633021262));
#5915=CARTESIAN_POINT('',(8.967279479,128.343380302,170.626050028));
#5916=CARTESIAN_POINT('',(8.92661976,128.352806058,170.613174044));
#5917=CARTESIAN_POINT('',(8.850830783,128.368043576,170.575017085));
#5918=CARTESIAN_POINT('',(8.815715216,128.373852585,170.549743003));
#5919=CARTESIAN_POINT('',(8.78518291,128.377553344,170.519571981));
#5920=CARTESIAN_POINT('',(9.04051654,128.373720668,170.62584458));
#5921=CARTESIAN_POINT('',(9.034003126,128.375829939,170.625132444));
#5922=CARTESIAN_POINT('',(9.027497083,128.377902408,170.624246744));
#5923=CARTESIAN_POINT('',(8.980336738,128.392673018,170.616549267));
#5924=CARTESIAN_POINT('',(8.940309192,128.403843918,170.603096202));
#5925=CARTESIAN_POINT('',(8.865652954,128.421903893,170.563942676));
#5926=CARTESIAN_POINT('',(8.831037749,128.428789706,170.538249287));
#5927=CARTESIAN_POINT('',(8.800914038,128.433177597,170.507759388));
#5928=CARTESIAN_POINT('',(9.070654199,128.462755342,170.605097232));
#5929=CARTESIAN_POINT('',(9.064407449,128.46549792,170.604133649));
#5930=CARTESIAN_POINT('',(9.058166383,128.46819254,170.602998827));
#5931=CARTESIAN_POINT('',(9.012916746,128.487396393,170.593510487));
#5932=CARTESIAN_POINT('',(8.974456625,128.501915382,170.578618408));
#5933=CARTESIAN_POINT('',(8.902621018,128.525374504,170.536948434));
#5934=CARTESIAN_POINT('',(8.869258559,128.534310385,170.510178096));
#5935=CARTESIAN_POINT('',(8.840168923,128.53999263,170.478850477));
#5936=CARTESIAN_POINT('',(9.088893611,128.505774181,170.592806722));
#5937=CARTESIAN_POINT('',(9.082807299,128.508822894,170.591692568));
#5938=CARTESIAN_POINT('',(9.07672567,128.51181819,170.5904084));
#5939=CARTESIAN_POINT('',(9.032625867,128.533164051,170.579845234));
#5940=CARTESIAN_POINT('',(8.995109891,128.549297852,170.564082808));
#5941=CARTESIAN_POINT('',(8.924978474,128.575352686,170.520877746));
#5942=CARTESIAN_POINT('',(8.892375804,128.585268979,170.493442973));
#5943=CARTESIAN_POINT('',(8.863918012,128.591562848,170.461590886));
#5944=CARTESIAN_POINT('',(9.131055899,128.586654565,170.565556659));
#5945=CARTESIAN_POINT('',(9.125336671,128.590279766,170.564101379));
#5946=CARTESIAN_POINT('',(9.11961986,128.593840846,170.562478206));
#5947=CARTESIAN_POINT('',(9.078151381,128.619213948,170.549470464));
#5948=CARTESIAN_POINT('',(9.04279783,128.638365093,170.531702469));
#5949=CARTESIAN_POINT('',(8.976584161,128.669215976,170.484913193));
#5950=CARTESIAN_POINT('',(8.945736301,128.680910008,170.455900569));
#5951=CARTESIAN_POINT('',(8.918751628,128.68826475,170.422778396));
#5952=CARTESIAN_POINT('',(9.154655595,128.624039194,170.550801624));
#5953=CARTESIAN_POINT('',(9.149140171,128.627931349,170.549158275));
#5954=CARTESIAN_POINT('',(9.143625916,128.631754198,170.547347908));
#5955=CARTESIAN_POINT('',(9.103618563,128.658988757,170.532988173));
#5956=CARTESIAN_POINT('',(9.069466631,128.679524506,170.514099372));
#5957=CARTESIAN_POINT('',(9.005436604,128.712546897,170.465286422));
#5958=CARTESIAN_POINT('',(8.975570512,128.72502736,170.43537141));
#5959=CARTESIAN_POINT('',(8.949416207,128.732824523,170.401512296));
#5960=CARTESIAN_POINT('',(9.206864234,128.693179477,170.519774489));
#5961=CARTESIAN_POINT('',(9.201795028,128.697567157,170.51772461));
#5962=CARTESIAN_POINT('',(9.196724218,128.701875058,170.515508771));
#5963=CARTESIAN_POINT('',(9.159915493,128.732552068,170.498214591));
#5964=CARTESIAN_POINT('',(9.128393305,128.755610795,170.476860852));
#5965=CARTESIAN_POINT('',(9.06914968,128.792480228,170.423547545));
#5966=CARTESIAN_POINT('',(9.041439757,128.806283779,170.391598323));
#5967=CARTESIAN_POINT('',(9.017117922,128.814721369,170.356057507));
#5968=CARTESIAN_POINT('',(9.23579183,128.725193982,170.503334693));
#5969=CARTESIAN_POINT('',(9.230967694,128.729812115,170.501063991));
#5970=CARTESIAN_POINT('',(9.226140416,128.734345127,170.498627509));
#5971=CARTESIAN_POINT('',(9.191088234,128.766615992,170.479733676));
#5972=CARTESIAN_POINT('',(9.161009831,128.790821877,170.457020929));
#5973=CARTESIAN_POINT('',(9.104397604,128.829378302,170.401203109));
#5974=CARTESIAN_POINT('',(9.077875062,128.84372118,170.368109125));
#5975=CARTESIAN_POINT('',(9.054566503,128.852356051,170.331612572));
#5976=CARTESIAN_POINT('',(9.297140056,128.782072712,170.470513942));
#5977=CARTESIAN_POINT('',(9.292830462,128.78710324,170.467786126));
#5978=CARTESIAN_POINT('',(9.288514348,128.792037656,170.464891915));
#5979=CARTESIAN_POINT('',(9.25714807,128.827139164,170.4426727));
#5980=CARTESIAN_POINT('',(9.230093707,128.853318643,170.41709778));
#5981=CARTESIAN_POINT('',(9.178984827,128.894586995,170.35596079));
#5982=CARTESIAN_POINT('',(9.154941145,128.909667142,170.320411644));
#5983=CARTESIAN_POINT('',(9.133745234,128.918355645,170.281856096));
#5984=CARTESIAN_POINT('',(9.329520089,128.807030336,170.454136952));
#5985=CARTESIAN_POINT('',(9.325479702,128.812243442,170.451173119));
#5986=CARTESIAN_POINT('',(9.321430962,128.817354789,170.448042111));
#5987=CARTESIAN_POINT('',(9.291992162,128.853697728,170.424099358));
#5988=CARTESIAN_POINT('',(9.266516504,128.880707705,170.397023697));
#5989=CARTESIAN_POINT('',(9.218276548,128.923009079,170.333077367));
#5990=CARTESIAN_POINT('',(9.195522875,128.938291192,170.296220713));
#5991=CARTESIAN_POINT('',(9.175424871,128.946839893,170.25656467));
#5992=CARTESIAN_POINT('',(9.397659708,128.850708701,170.42197761));
#5993=CARTESIAN_POINT('',(9.394181202,128.856245367,170.418529417));
#5994=CARTESIAN_POINT('',(9.39069022,128.861668236,170.414911449));
#5995=CARTESIAN_POINT('',(9.365269952,128.900180563,170.387417553));
#5996=CARTESIAN_POINT('',(9.34307298,128.928549616,170.357213571));
#5997=CARTESIAN_POINT('',(9.300757355,128.972248994,170.28738495));
#5998=CARTESIAN_POINT('',(9.280648883,128.987568843,170.247777034));
#5999=CARTESIAN_POINT('',(9.26278002,128.995453326,170.205814988));
#6000=CARTESIAN_POINT('',(9.433676151,128.869489888,170.406102805));
#6001=CARTESIAN_POINT('',(9.430492392,128.875168029,170.402404606));
#6002=CARTESIAN_POINT('',(9.427293848,128.880725928,170.39853479));
#6003=CARTESIAN_POINT('',(9.403979388,128.920169044,170.369200942));
#6004=CARTESIAN_POINT('',(9.383494245,128.949067067,170.337358147));
#6005=CARTESIAN_POINT('',(9.344254821,128.993127163,170.264435396));
#6006=CARTESIAN_POINT('',(9.325510488,129.008278119,170.223373797));
#6007=CARTESIAN_POINT('',(9.308779939,129.015631049,170.180198248));
#6008=CARTESIAN_POINT('',(9.543556646,128.915694903,170.361382288));
#6009=CARTESIAN_POINT('',(9.541266613,128.921729071,170.356940139));
#6010=CARTESIAN_POINT('',(9.538954086,128.927622576,170.35231941));
#6011=CARTESIAN_POINT('',(9.522013857,128.969344691,170.31748982));
#6012=CARTESIAN_POINT('',(9.506678198,128.999340891,170.280700766));
#6013=CARTESIAN_POINT('',(9.476594041,129.043424663,170.19843337));
#6014=CARTESIAN_POINT('',(9.461854668,129.057499133,170.152979295));
#6015=CARTESIAN_POINT('',(9.448396438,129.062678177,170.106183878));
#6016=CARTESIAN_POINT('',(9.620638385,128.933914748,170.334843013));
#6017=CARTESIAN_POINT('',(9.618968165,128.940102117,170.329903524));
#6018=CARTESIAN_POINT('',(9.617269198,128.946133453,170.324778841));
#6019=CARTESIAN_POINT('',(9.604735584,128.988737108,170.286248174));
#6020=CARTESIAN_POINT('',(9.592918739,129.01884146,170.246060725));
#6021=CARTESIAN_POINT('',(9.568962488,129.061551502,170.157366724));
#6022=CARTESIAN_POINT('',(9.556831492,129.074142627,170.108889755));
#6023=CARTESIAN_POINT('',(9.545410227,129.077075644,170.059666119));
#6024=CARTESIAN_POINT('',(9.699572189,128.941646103,170.312810234));
#6025=CARTESIAN_POINT('',(9.69853507,128.947914887,170.307385035));
#6026=CARTESIAN_POINT('',(9.697460978,128.954010168,170.301766424));
#6027=CARTESIAN_POINT('',(9.689399735,128.996942381,170.259597819));
#6028=CARTESIAN_POINT('',(9.681068318,129.0265902,170.216015923));
#6029=CARTESIAN_POINT('',(9.662902178,129.066664715,170.120988287));
#6030=CARTESIAN_POINT('',(9.653074601,129.077075644,170.069579935));
#6031=CARTESIAN_POINT('',(9.643243157,129.077075644,170.018151349));
#6032=B_SPLINE_SURFACE_WITH_KNOTS('',3,3,((#5904,#5905,#5906,#5907,#5908,#5909,#5910,#5911),(#5912,#5913,#5914,#5915,#5916,#5917,#5918,#5919),(#5920,#5921,#5922,#5923,#5924,#5925,#5926,#5927),(#5928,#5929,#5930,#5931,#5932,#5933,#5934,#5935),(#5936,#5937,#5938,#5939,#5940,#5941,#5942,#5943),(#5944,#5945,#5946,#5947,#5948,#5949,#5950,#5951),(#5952,#5953,#5954,#5955,#5956,#5957,#5958,#5959),(#5960,#5961,#5962,#5963,#5964,#5965,#5966,#5967),(#5968,#5969,#5970,#5971,#5972,#5973,#5974,#5975),(#5976,#5977,#5978,#5979,#5980,#5981,#5982,#5983),(#5984,#5985,#5986,#5987,#5988,#5989,#5990,#5991),(#5992,#5993,#5994,#5995,#5996,#5997,#5998,#5999),(#6000,#6001,#6002,#6003,#6004,#6005,#6006,#6007),(#6008,#6009,#6010,#6011,#6012,#6013,#6014,#6015),(#6016,#6017,#6018,#6019,#6020,#6021,#6022,#6023),(#6024,#6025,#6026,#6027,#6028,#6029,#6030,#6031)),.UNSPECIFIED.,.F.,.F.,.U.,(4,2,2,2,2,2,2,4),(4,2,2,4),(-0.,0.000106236,0.000212473,0.000318709,0.000424945,0.000531181,0.000637418,0.00084989),(0.46010571,0.5,0.75,1.),.UNSPECIFIED.);
#6033=CARTESIAN_POINT('',(9.699573185,128.941650775,170.312815443));
#6034=VERTEX_POINT('',#6033);
#6035=CARTESIAN_POINT('',(9.699573185,128.941650775,170.312815443));
#6036=CARTESIAN_POINT('',(9.653855521,128.941650775,170.321555148));
#6037=CARTESIAN_POINT('',(9.609104779,128.937874199,170.332174481));
#6038=CARTESIAN_POINT('',(9.565313579,128.930104171,170.344536598));
#6039=CARTESIAN_POINT('',(9.521522379,128.922334142,170.356898715));
#6040=CARTESIAN_POINT('',(9.478448415,128.910395906,170.371132155));
#6041=CARTESIAN_POINT('',(9.438002423,128.894681386,170.386305632));
#6042=CARTESIAN_POINT('',(9.357110439,128.863252346,170.416652586));
#6043=CARTESIAN_POINT('',(9.283811796,128.815386495,170.451906024));
#6044=CARTESIAN_POINT('',(9.222990472,128.755295317,170.485694987));
#6045=CARTESIAN_POINT('',(9.162169147,128.695204139,170.519483951));
#6046=CARTESIAN_POINT('',(9.112624123,128.622024892,170.552193617));
#6047=CARTESIAN_POINT('',(9.075277436,128.542240899,170.578643608));
#6048=CARTESIAN_POINT('',(9.037930749,128.462456906,170.605093598));
#6049=CARTESIAN_POINT('',(9.011822262,128.374760804,170.625825679));
#6050=CARTESIAN_POINT('',(8.996304991,128.283990867,170.63832504));
#6051=B_SPLINE_CURVE_WITH_KNOTS('',3,(#6035,#6036,#6037,#6038,#6039,#6040,#6041,#6042,#6043,#6044,#6045,#6046,#6047,#6048,#6049,#6050),.UNSPECIFIED.,.F.,.F.,(4,3,3,3,3,4),(0.,0.000138302,0.000276604,0.000553207,0.000829811,0.001106414),.UNSPECIFIED.);
#6052=EDGE_CURVE('',#6034,#3120,#6051,.T.);
#6053=ORIENTED_EDGE('',*,*,#6052,.F.);
#6054=CARTESIAN_POINT('',(9.643243157,128.677075644,170.018151349));
#6055=DIRECTION('',(0.982213645,-0.,-0.18776676));
#6056=DIRECTION('',(-0.18776676,0.,-0.982213645));
#6057=AXIS2_PLACEMENT_3D('',#6054,#6055,#6056);
#6058=CIRCLE('',#6057,0.4);
#6059=EDGE_CURVE('',#3217,#6034,#6058,.T.);
#6060=ORIENTED_EDGE('',*,*,#6059,.F.);
#6061=ORIENTED_EDGE('',*,*,#3238,.F.);
#6062=ORIENTED_EDGE('',*,*,#3156,.T.);
#6063=EDGE_LOOP('',(#6053,#6060,#6061,#6062));
#6064=FACE_BOUND('',#6063,.T.);
#6065=ADVANCED_FACE('',(#6064),#6032,.T.);
#6066=CARTESIAN_POINT('',(11.467269057,128.941646103,172.522431319));
#6067=CARTESIAN_POINT('',(11.472334274,128.947914887,172.524634039));
#6068=CARTESIAN_POINT('',(11.477580068,128.954010168,172.526915288));
#6069=CARTESIAN_POINT('',(11.51695063,128.996942381,172.544036438));
#6070=CARTESIAN_POINT('',(11.557640705,129.0265902,172.561731407));
#6071=CARTESIAN_POINT('',(11.646362905,129.066664715,172.600314196));
#6072=CARTESIAN_POINT('',(11.694360121,129.077075644,172.621186835));
#6073=CARTESIAN_POINT('',(11.74237623,129.077075644,172.64206769));
#6074=CARTESIAN_POINT('',(11.42840545,128.933906528,172.594680184));
#6075=CARTESIAN_POINT('',(11.432857178,128.94009381,172.597394488));
#6076=CARTESIAN_POINT('',(11.437483268,128.946125078,172.60017748));
#6077=CARTESIAN_POINT('',(11.472318063,128.988728383,172.620867138));
#6078=CARTESIAN_POINT('',(11.508927054,129.018833221,172.641220226));
#6079=CARTESIAN_POINT('',(11.590191176,129.061546065,172.684066121));
#6080=CARTESIAN_POINT('',(11.6348193,129.074139508,172.70654423));
#6081=CARTESIAN_POINT('',(11.680332594,129.077075644,172.728493251));
#6082=CARTESIAN_POINT('',(11.386123852,128.915978746,172.663240692));
#6083=CARTESIAN_POINT('',(11.389961796,128.922015172,172.666444642));
#6084=CARTESIAN_POINT('',(11.393969071,128.927910775,172.66970981));
#6085=CARTESIAN_POINT('',(11.424280755,128.969646904,172.693844732));
#6086=CARTESIAN_POINT('',(11.456850614,128.999648476,172.716852662));
#6087=CARTESIAN_POINT('',(11.530590635,129.043726362,172.764211094));
#6088=CARTESIAN_POINT('',(11.571739074,129.057789559,172.788547362));
#6089=CARTESIAN_POINT('',(11.6144702,129.062949112,172.811932487));
#6090=CARTESIAN_POINT('',(11.318091091,128.869655128,172.761082749));
#6091=CARTESIAN_POINT('',(11.321002941,128.875334527,172.764998595));
#6092=CARTESIAN_POINT('',(11.324078987,128.880893628,172.76896656));
#6093=CARTESIAN_POINT('',(11.347599502,128.920345027,172.798136894));
#6094=CARTESIAN_POINT('',(11.37418636,128.94924777,172.825100685));
#6095=CARTESIAN_POINT('',(11.436749651,128.993311123,172.879369948));
#6096=CARTESIAN_POINT('',(11.472710345,129.008460608,172.906661684));
#6097=CARTESIAN_POINT('',(11.511172974,129.015808847,172.932454278));
#6098=CARTESIAN_POINT('',(11.294752858,128.850922737,172.792666344));
#6099=CARTESIAN_POINT('',(11.297356866,128.856460993,172.796814371));
#6100=CARTESIAN_POINT('',(11.300123785,128.861885377,172.801011867));
#6101=CARTESIAN_POINT('',(11.321392585,128.900408144,172.831829226));
#6102=CARTESIAN_POINT('',(11.346009741,128.928783072,172.86010053));
#6103=CARTESIAN_POINT('',(11.404888298,128.972486271,172.916686683));
#6104=CARTESIAN_POINT('',(11.439135601,128.987804057,172.944987924));
#6105=CARTESIAN_POINT('',(11.476168041,128.995682361,172.971622739));
#6106=CARTESIAN_POINT('',(11.248632479,128.807512249,172.851846473));
#6107=CARTESIAN_POINT('',(11.250643169,128.812728881,172.856434528));
#6108=CARTESIAN_POINT('',(11.252815136,128.817843633,172.861067473));
#6109=CARTESIAN_POINT('',(11.269755894,128.854210367,172.895012779));
#6110=CARTESIAN_POINT('',(11.29061714,128.881235709,172.925785458));
#6111=CARTESIAN_POINT('',(11.342485782,128.923554462,172.986840794));
#6112=CARTESIAN_POINT('',(11.373481812,128.938838577,173.017110009));
#6113=CARTESIAN_POINT('',(11.407786691,128.947382111,173.045405784));
#6114=CARTESIAN_POINT('',(11.225642922,128.782710393,172.879748287));
#6115=CARTESIAN_POINT('',(11.227365344,128.787745553,172.884546419));
#6116=CARTESIAN_POINT('',(11.229248679,128.792684461,172.889387483));
#6117=CARTESIAN_POINT('',(11.244092635,128.827817509,172.924829484));
#6118=CARTESIAN_POINT('',(11.263149639,128.854018227,172.95680842));
#6119=CARTESIAN_POINT('',(11.311659444,128.895313473,173.020037675));
#6120=CARTESIAN_POINT('',(11.341101988,128.91039926,173.051274586));
#6121=CARTESIAN_POINT('',(11.37409671,128.919084907,173.080396558));
#6122=CARTESIAN_POINT('',(11.18031909,128.726185474,172.932255362));
#6123=CARTESIAN_POINT('',(11.181484386,128.730810744,172.93745397));
#6124=CARTESIAN_POINT('',(11.18281072,128.735350715,172.942692085));
#6125=CARTESIAN_POINT('',(11.193614028,128.767670764,172.980991669));
#6126=CARTESIAN_POINT('',(11.209225103,128.791911528,173.015285515));
#6127=CARTESIAN_POINT('',(11.251355702,128.830517719,173.082703091));
#6128=CARTESIAN_POINT('',(11.277866855,128.844875466,173.115813383));
#6129=CARTESIAN_POINT('',(11.308395695,128.853514045,173.146539197));
#6130=CARTESIAN_POINT('',(11.157789546,128.694078552,172.957049211));
#6131=CARTESIAN_POINT('',(11.158683753,128.698472694,172.962439756));
#6132=CARTESIAN_POINT('',(11.159739502,128.702786913,172.967868333));
#6133=CARTESIAN_POINT('',(11.168583011,128.733508705,173.007539849));
#6134=CARTESIAN_POINT('',(11.1825394,128.756599923,173.042951469));
#6135=CARTESIAN_POINT('',(11.221626467,128.793517917,173.112400095));
#6136=CARTESIAN_POINT('',(11.246749558,128.807337526,173.146423596));
#6137=CARTESIAN_POINT('',(11.276114478,128.815781884,173.177933446));
#6138=CARTESIAN_POINT('',(11.115889429,128.624819791,173.001382443));
#6139=CARTESIAN_POINT('',(11.116286938,128.628717526,173.007120644));
#6140=CARTESIAN_POINT('',(11.116847625,128.632545846,173.01289439));
#6141=CARTESIAN_POINT('',(11.122110574,128.659819291,173.055053484));
#6142=CARTESIAN_POINT('',(11.133071408,128.680383882,173.092498591));
#6143=CARTESIAN_POINT('',(11.16669188,128.713451262,173.165645239));
#6144=CARTESIAN_POINT('',(11.189345227,128.725947862,173.201333067));
#6145=CARTESIAN_POINT('',(11.216657062,128.733753872,173.234267835));
#6146=CARTESIAN_POINT('',(11.09632591,128.5875092,173.021166453));
#6147=CARTESIAN_POINT('',(11.096495389,128.591140499,173.027062221));
#6148=CARTESIAN_POINT('',(11.096829174,128.594707557,173.032992508));
#6149=CARTESIAN_POINT('',(11.100453743,128.620123159,173.076280423));
#6150=CARTESIAN_POINT('',(11.110058504,128.639305852,173.114651856));
#6151=CARTESIAN_POINT('',(11.141227512,128.670206049,173.189484611));
#6152=CARTESIAN_POINT('',(11.162785993,128.681917835,173.225932076));
#6153=CARTESIAN_POINT('',(11.189197484,128.689282412,173.259515006));
#6154=CARTESIAN_POINT('',(11.060621484,128.507190796,173.05620717));
#6155=CARTESIAN_POINT('',(11.060379058,128.510249595,173.062385223));
#6156=CARTESIAN_POINT('',(11.060303485,128.513254792,173.068596053));
#6157=CARTESIAN_POINT('',(11.06097595,128.534671144,173.113907554));
#6158=CARTESIAN_POINT('',(11.068157547,128.550857856,173.153942644));
#6159=CARTESIAN_POINT('',(11.09498365,128.576997092,173.231800355));
#6160=CARTESIAN_POINT('',(11.114623274,128.58694486,173.269608795));
#6161=CARTESIAN_POINT('',(11.139476534,128.593257792,173.304346273));
#6162=CARTESIAN_POINT('',(11.044398555,128.463789136,173.071531709));
#6163=CARTESIAN_POINT('',(11.043971338,128.46653907,173.077835045));
#6164=CARTESIAN_POINT('',(11.043712403,128.469240914,173.084170439));
#6165=CARTESIAN_POINT('',(11.043064643,128.488496234,173.130380773));
#6166=CARTESIAN_POINT('',(11.049173965,128.503054007,173.171156594));
#6167=CARTESIAN_POINT('',(11.074099549,128.526575435,173.250359415));
#6168=CARTESIAN_POINT('',(11.092911291,128.535534825,173.288772051));
#6169=CARTESIAN_POINT('',(11.117103568,128.541231706,173.324018365));
#6170=CARTESIAN_POINT('',(11.017273814,128.374073615,173.096634125));
#6171=CARTESIAN_POINT('',(11.016539692,128.376185396,173.103144501));
#6172=CARTESIAN_POINT('',(11.015976513,128.378260331,173.109685787));
#6173=CARTESIAN_POINT('',(11.01314031,128.393048509,173.157381995));
#6174=CARTESIAN_POINT('',(11.017483896,128.404232666,173.199383392));
#6175=CARTESIAN_POINT('',(11.039303754,128.422313998,173.280807921));
#6176=CARTESIAN_POINT('',(11.056776085,128.429207906,173.320216344));
#6177=CARTESIAN_POINT('',(11.079913102,128.433600891,173.356296045));
#6178=CARTESIAN_POINT('',(11.006206019,128.327497518,173.106575907));
#6179=CARTESIAN_POINT('',(11.005347773,128.329278141,173.113169282));
#6180=CARTESIAN_POINT('',(11.004661705,128.331027689,173.119793131));
#6181=CARTESIAN_POINT('',(11.000942745,128.343496747,173.1680853));
#6182=CARTESIAN_POINT('',(11.004580563,128.352926625,173.210578922));
#6183=CARTESIAN_POINT('',(11.025172316,128.368170809,173.292893806));
#6184=CARTESIAN_POINT('',(11.04212253,128.373982359,173.332700195));
#6185=CARTESIAN_POINT('',(11.064856125,128.377684739,173.369110164));
#6186=CARTESIAN_POINT('',(10.997914176,128.279122412,173.113953061));
#6187=CARTESIAN_POINT('',(10.996963246,128.280559077,173.120608327));
#6188=CARTESIAN_POINT('',(10.996185465,128.281970663,173.127293746));
#6189=CARTESIAN_POINT('',(10.991808046,128.292031018,173.17603036));
#6190=CARTESIAN_POINT('',(10.994921347,128.299639032,173.218891146));
#6191=CARTESIAN_POINT('',(11.014604562,128.311937287,173.3018693));
#6192=CARTESIAN_POINT('',(11.031170917,128.316625304,173.341971668));
#6193=CARTESIAN_POINT('',(11.053610583,128.319611269,173.378626244));
#6194=B_SPLINE_SURFACE_WITH_KNOTS('',3,3,((#6066,#6067,#6068,#6069,#6070,#6071,#6072,#6073),(#6074,#6075,#6076,#6077,#6078,#6079,#6080,#6081),(#6082,#6083,#6084,#6085,#6086,#6087,#6088,#6089),(#6090,#6091,#6092,#6093,#6094,#6095,#6096,#6097),(#6098,#6099,#6100,#6101,#6102,#6103,#6104,#6105),(#6106,#6107,#6108,#6109,#6110,#6111,#6112,#6113),(#6114,#6115,#6116,#6117,#6118,#6119,#6120,#6121),(#6122,#6123,#6124,#6125,#6126,#6127,#6128,#6129),(#6130,#6131,#6132,#6133,#6134,#6135,#6136,#6137),(#6138,#6139,#6140,#6141,#6142,#6143,#6144,#6145),(#6146,#6147,#6148,#6149,#6150,#6151,#6152,#6153),(#6154,#6155,#6156,#6157,#6158,#6159,#6160,#6161),(#6162,#6163,#6164,#6165,#6166,#6167,#6168,#6169),(#6170,#6171,#6172,#6173,#6174,#6175,#6176,#6177),(#6178,#6179,#6180,#6181,#6182,#6183,#6184,#6185),(#6186,#6187,#6188,#6189,#6190,#6191,#6192,#6193)),.UNSPECIFIED.,.F.,.F.,.U.,(4,2,2,2,2,2,2,4),(4,2,2,4),(-0.,0.000212566,0.000318849,0.000425132,0.000531415,0.000637698,0.000743981,0.000850264),(0.46010571,0.5,0.75,1.),.UNSPECIFIED.);
#6195=CARTESIAN_POINT('',(11.467264193,128.941650775,172.522429204));
#6196=VERTEX_POINT('',#6195);
#6197=CARTESIAN_POINT('',(10.995317909,128.283990867,173.137091188));
#6198=CARTESIAN_POINT('',(11.01095854,128.374992961,173.124664448));
#6199=CARTESIAN_POINT('',(11.036301573,128.460913267,173.104273922));
#6200=CARTESIAN_POINT('',(11.070507527,128.541367952,173.073480327));
#6201=CARTESIAN_POINT('',(11.104713481,128.621822636,173.042686732));
#6202=CARTESIAN_POINT('',(11.146897689,128.694032533,173.002156955));
#6203=CARTESIAN_POINT('',(11.193302133,128.754407449,172.950204365));
#6204=CARTESIAN_POINT('',(11.216504355,128.784594908,172.92422807));
#6205=CARTESIAN_POINT('',(11.24109382,128.812154671,172.8949322));
#6206=CARTESIAN_POINT('',(11.265387334,128.835552764,172.863538001));
#6207=CARTESIAN_POINT('',(11.289680849,128.858950857,172.832143801));
#6208=CARTESIAN_POINT('',(11.313914768,128.878559129,172.798420851));
#6209=CARTESIAN_POINT('',(11.337729878,128.894403257,172.762126477));
#6210=CARTESIAN_POINT('',(11.361544988,128.910247384,172.725832103));
#6211=CARTESIAN_POINT('',(11.384991169,128.922252744,172.686774515));
#6212=CARTESIAN_POINT('',(11.406690843,128.930048808,172.646735706));
#6213=CARTESIAN_POINT('',(11.428390516,128.937844872,172.606696897));
#6214=CARTESIAN_POINT('',(11.448630736,128.941650775,172.565277358));
#6215=CARTESIAN_POINT('',(11.467264193,128.941650775,172.522429204));
#6216=B_SPLINE_CURVE_WITH_KNOTS('',3,(#6197,#6198,#6199,#6200,#6201,#6202,#6203,#6204,#6205,#6206,#6207,#6208,#6209,#6210,#6211,#6212,#6213,#6214,#6215),.UNSPECIFIED.,.F.,.F.,(4,3,3,3,3,3,4),(0.,0.000275525,0.000551051,0.000688813,0.000826576,0.000964339,0.001102101),.UNSPECIFIED.);
#6217=EDGE_CURVE('',#5823,#6196,#6216,.T.);
#6218=ORIENTED_EDGE('',*,*,#6217,.F.);
#6219=ORIENTED_EDGE('',*,*,#5899,.T.);
#6220=ORIENTED_EDGE('',*,*,#3306,.F.);
#6221=CARTESIAN_POINT('',(11.74237623,128.677075644,172.64206769));
#6222=DIRECTION('',(0.398794956,-0.,-0.917040121));
#6223=DIRECTION('',(-0.917040121,0.,-0.398794956));
#6224=AXIS2_PLACEMENT_3D('',#6221,#6222,#6223);
#6225=CIRCLE('',#6224,0.4);
#6226=EDGE_CURVE('',#6196,#3274,#6225,.T.);
#6227=ORIENTED_EDGE('',*,*,#6226,.F.);
#6228=EDGE_LOOP('',(#6218,#6219,#6220,#6227));
#6229=FACE_BOUND('',#6228,.T.);
#6230=ADVANCED_FACE('',(#6229),#6194,.T.);
#6231=CARTESIAN_POINT('',(10.,128.677075644,171.884357274));
#6232=DIRECTION('',(-0.,-1.,-0.));
#6233=DIRECTION('',(0.,0.,-1.));
#6234=AXIS2_PLACEMENT_3D('',#6231,#6232,#6233);
#6235=TOROIDAL_SURFACE('',#6234,1.9,0.4);
#6236=CARTESIAN_POINT('',(10.,128.941650775,170.284357274));
#6237=VERTEX_POINT('',#6236);
#6238=CARTESIAN_POINT('',(10.,128.677075644,169.984357274));
#6239=DIRECTION('',(1.,-0.,0.));
#6240=DIRECTION('',(0.,0.,-1.));
#6241=AXIS2_PLACEMENT_3D('',#6238,#6239,#6240);
#6242=CIRCLE('',#6241,0.4);
#6243=EDGE_CURVE('',#3342,#6237,#6242,.T.);
#6244=ORIENTED_EDGE('',*,*,#6243,.T.);
#6245=CARTESIAN_POINT('',(10.,128.941650775,171.884357274));
#6246=DIRECTION('',(0.,1.,0.));
#6247=DIRECTION('',(0.,0.,-1.));
#6248=AXIS2_PLACEMENT_3D('',#6245,#6246,#6247);
#6249=CIRCLE('',#6248,1.6);
#6250=EDGE_CURVE('',#6196,#6237,#6249,.T.);
#6251=ORIENTED_EDGE('',*,*,#6250,.F.);
#6252=ORIENTED_EDGE('',*,*,#6226,.T.);
#6253=ORIENTED_EDGE('',*,*,#3355,.F.);
#6254=EDGE_LOOP('',(#6244,#6251,#6252,#6253));
#6255=FACE_BOUND('',#6254,.T.);
#6256=ADVANCED_FACE('',(#6255),#6235,.T.);
#6257=CARTESIAN_POINT('',(-9.127220477,128.254012367,170.634227641));
#6258=CARTESIAN_POINT('',(-9.12639786,128.254219772,170.63439773));
#6259=CARTESIAN_POINT('',(-9.125574622,128.254426957,170.634565085));
#6260=CARTESIAN_POINT('',(-9.104240761,128.259786277,170.638827928));
#6261=CARTESIAN_POINT('',(-9.08335672,128.264798916,170.641228693));
#6262=CARTESIAN_POINT('',(-9.041383543,128.274414429,170.642572883));
#6263=CARTESIAN_POINT('',(-9.020294884,128.279017194,170.641516293));
#6264=CARTESIAN_POINT('',(-8.978461693,128.287693077,170.635973214));
#6265=CARTESIAN_POINT('',(-8.957717636,128.291766096,170.631486788));
#6266=CARTESIAN_POINT('',(-8.917113913,128.299276398,170.6192008));
#6267=CARTESIAN_POINT('',(-8.897254706,128.302713596,170.611401378));
#6268=CARTESIAN_POINT('',(-8.858937911,128.308862723,170.592692452));
#6269=CARTESIAN_POINT('',(-8.840480756,128.311574583,170.581783159));
#6270=CARTESIAN_POINT('',(-8.805448791,128.316202391,170.557138539));
#6271=CARTESIAN_POINT('',(-8.788874377,128.318118287,170.54340349));
#6272=CARTESIAN_POINT('',(-8.773456986,128.319611269,170.528434249));
#6273=CARTESIAN_POINT('',(-8.979869893,127.453088342,170.732399248));
#6274=CARTESIAN_POINT('',(-8.978994815,127.453304388,170.732653089));
#6275=CARTESIAN_POINT('',(-8.978118785,127.453520168,170.732903817));
#6276=CARTESIAN_POINT('',(-8.955409362,127.45910088,170.73931575));
#6277=CARTESIAN_POINT('',(-8.933000127,127.46429763,170.743545764));
#6278=CARTESIAN_POINT('',(-8.887696236,127.474198588,170.748017368));
#6279=CARTESIAN_POINT('',(-8.864802244,127.478902649,170.748258901));
#6280=CARTESIAN_POINT('',(-8.819211737,127.487676789,170.744751477));
#6281=CARTESIAN_POINT('',(-8.796515889,127.491746737,170.74100258));
#6282=CARTESIAN_POINT('',(-8.75199801,127.499129897,170.729630254));
#6283=CARTESIAN_POINT('',(-8.730176629,127.502442998,170.722006998));
#6284=CARTESIAN_POINT('',(-8.688057633,127.508212033,170.703116431));
#6285=CARTESIAN_POINT('',(-8.667760633,127.510667879,170.691849403));
#6286=CARTESIAN_POINT('',(-8.629294903,127.514647274,170.666009454));
#6287=CARTESIAN_POINT('',(-8.611126735,127.516170761,170.651436916));
#6288=CARTESIAN_POINT('',(-8.594293374,127.517204311,170.635429368));
#6289=CARTESIAN_POINT('',(-8.855183075,126.65216136,170.851003678));
#6290=CARTESIAN_POINT('',(-8.854268866,126.652387612,170.851351852));
#6291=CARTESIAN_POINT('',(-8.853353274,126.652613543,170.851696543));
#6292=CARTESIAN_POINT('',(-8.829608358,126.658455674,170.860532009));
#6293=CARTESIAN_POINT('',(-8.805939685,126.663868999,170.866860059));
#6294=CARTESIAN_POINT('',(-8.757734016,126.674103589,170.874977033));
#6295=CARTESIAN_POINT('',(-8.733197952,126.678924655,170.876765826));
#6296=CARTESIAN_POINT('',(-8.684099778,126.687808448,170.875751394));
#6297=CARTESIAN_POINT('',(-8.659538611,126.691871001,170.87294821));
#6298=CARTESIAN_POINT('',(-8.611231725,126.699096894,170.862852691));
#6299=CARTESIAN_POINT('',(-8.587486929,126.702260092,170.855560568));
#6300=CARTESIAN_POINT('',(-8.541625405,126.70757659,170.836742047));
#6301=CARTESIAN_POINT('',(-8.51950955,126.709729783,170.825216022));
#6302=CARTESIAN_POINT('',(-8.477662569,126.712949575,170.79832783));
#6303=CARTESIAN_POINT('',(-8.457932241,126.714016104,170.782966186));
#6304=CARTESIAN_POINT('',(-8.439732025,126.714519327,170.765950441));
#6305=CARTESIAN_POINT('',(-8.647834723,125.050770951,171.123450332));
#6306=CARTESIAN_POINT('',(-8.64687101,125.051024459,171.124007214));
#6307=CARTESIAN_POINT('',(-8.645904795,125.051277493,171.124559945));
#6308=CARTESIAN_POINT('',(-8.620820194,125.057817398,171.138765164));
#6309=CARTESIAN_POINT('',(-8.595175747,125.063804255,171.149834286));
#6310=CARTESIAN_POINT('',(-8.541971742,125.074910661,171.166314419));
#6311=CARTESIAN_POINT('',(-8.514413937,125.080029844,171.171724911));
#6312=CARTESIAN_POINT('',(-8.458611587,125.089171966,171.176653958));
#6313=CARTESIAN_POINT('',(-8.430368876,125.093194602,171.176172369));
#6314=CARTESIAN_POINT('',(-8.374454205,125.099963009,171.169344403));
#6315=CARTESIAN_POINT('',(-8.346784079,125.102708553,171.162998264));
#6316=CARTESIAN_POINT('',(-8.293245842,125.106798465,171.144727912));
#6317=CARTESIAN_POINT('',(-8.267379485,125.108142692,171.132804309));
#6318=CARTESIAN_POINT('',(-8.21859966,125.109367513,171.103912531));
#6319=CARTESIAN_POINT('',(-8.195687791,125.109248059,171.08694531));
#6320=CARTESIAN_POINT('',(-8.174762298,125.108397906,171.067834153));
#6321=CARTESIAN_POINT('',(-8.564932201,124.248921711,171.277476205));
#6322=CARTESIAN_POINT('',(-8.563957882,124.249191853,171.278147675));
#6323=CARTESIAN_POINT('',(-8.562980375,124.249461424,171.278814694));
#6324=CARTESIAN_POINT('',(-8.537585661,124.256427054,171.29597144));
#6325=CARTESIAN_POINT('',(-8.511220152,124.26276258,171.309686163));
#6326=CARTESIAN_POINT('',(-8.455912735,124.27439571,171.33088568));
#6327=CARTESIAN_POINT('',(-8.426973134,124.279692835,171.338369653));
#6328=CARTESIAN_POINT('',(-8.36797238,124.288982969,171.346745394));
#6329=CARTESIAN_POINT('',(-8.337913669,124.29297559,171.347636864));
#6330=CARTESIAN_POINT('',(-8.278182074,124.299454216,171.342793514));
#6331=CARTESIAN_POINT('',(-8.248511651,124.301939941,171.33705893));
#6332=CARTESIAN_POINT('',(-8.191042529,124.305276055,171.319258515));
#6333=CARTESIAN_POINT('',(-8.163246193,124.306126288,171.307193444));
#6334=CARTESIAN_POINT('',(-8.110916835,124.306143051,171.277341213));
#6335=CARTESIAN_POINT('',(-8.086385967,124.305309557,171.259555298));
#6336=CARTESIAN_POINT('',(-8.064101318,124.30365158,171.23935487));
#6337=CARTESIAN_POINT('',(-8.479603636,123.056458554,171.538915429));
#6338=CARTESIAN_POINT('',(-8.478643917,123.05676748,171.53977597));
#6339=CARTESIAN_POINT('',(-8.477679684,123.057075599,171.540631758));
#6340=CARTESIAN_POINT('',(-8.452594512,123.065033184,171.562668585));
#6341=CARTESIAN_POINT('',(-8.425709108,123.072172154,171.580877051));
#6342=CARTESIAN_POINT('',(-8.368027954,123.084996044,171.61024165));
#6343=CARTESIAN_POINT('',(-8.337235767,123.090680172,171.621395985));
#6344=CARTESIAN_POINT('',(-8.273610775,123.100249017,171.635977389));
#6345=CARTESIAN_POINT('',(-8.240781898,123.104133143,171.639403569));
#6346=CARTESIAN_POINT('',(-8.175076287,123.109865463,171.638322267));
#6347=CARTESIAN_POINT('',(-8.142203606,123.111713302,171.633814859));
#6348=CARTESIAN_POINT('',(-8.078405562,123.113259718,171.617140873));
#6349=CARTESIAN_POINT('',(-8.047484133,123.112958194,171.604975329));
#6350=CARTESIAN_POINT('',(-7.989465457,123.110222646,171.573723738));
#6351=CARTESIAN_POINT('',(-7.962371787,123.107788784,171.554639622));
#6352=CARTESIAN_POINT('',(-7.938012701,123.104361625,171.532674295));
#6353=CARTESIAN_POINT('',(-8.457705336,122.66050437,171.631233885));
#6354=CARTESIAN_POINT('',(-8.456755627,122.660828556,171.63216039));
#6355=CARTESIAN_POINT('',(-8.455800912,122.66115184,171.633082067));
#6356=CARTESIAN_POINT('',(-8.430949525,122.669499627,171.656823022));
#6357=CARTESIAN_POINT('',(-8.403985393,122.676953684,171.676618985));
#6358=CARTESIAN_POINT('',(-8.345644182,122.690242061,171.708890173));
#6359=CARTESIAN_POINT('',(-8.314271157,122.696075462,171.721363185));
#6360=CARTESIAN_POINT('',(-8.249132903,122.705746841,171.738188973));
#6361=CARTESIAN_POINT('',(-8.215372191,122.709584148,171.742540603));
#6362=CARTESIAN_POINT('',(-8.147631858,122.715015258,171.742846175));
#6363=CARTESIAN_POINT('',(-8.113656929,122.71660868,171.73880011));
#6364=CARTESIAN_POINT('',(-8.047674706,122.717447499,171.72257238));
#6365=CARTESIAN_POINT('',(-8.015671981,122.716692829,171.710391849));
#6366=CARTESIAN_POINT('',(-7.955693869,122.712881324,171.678679822));
#6367=CARTESIAN_POINT('',(-7.927722635,122.709824739,171.659150527));
#6368=CARTESIAN_POINT('',(-7.90266553,122.705713808,171.636574136));
#6369=CARTESIAN_POINT('',(-8.437541976,122.070278739,171.779934374));
#6370=CARTESIAN_POINT('',(-8.436617976,122.070633392,171.780964894));
#6371=CARTESIAN_POINT('',(-8.435688127,122.070986948,171.781990547));
#6372=CARTESIAN_POINT('',(-8.411458867,122.080113499,171.808422732));
#6373=CARTESIAN_POINT('',(-8.384571782,122.088192664,171.830773858));
#6374=CARTESIAN_POINT('',(-8.325502929,122.10239294,171.86778419));
#6375=CARTESIAN_POINT('',(-8.293326119,122.10851286,171.882440296));
#6376=CARTESIAN_POINT('',(-8.225951673,122.118361763,171.903024438));
#6377=CARTESIAN_POINT('',(-8.19075969,122.122089919,171.90895075));
#6378=CARTESIAN_POINT('',(-8.119841914,122.12689119,171.911655864));
#6379=CARTESIAN_POINT('',(-8.08412207,122.127963902,171.908434441));
#6380=CARTESIAN_POINT('',(-8.014673114,122.127377626,171.893070914));
#6381=CARTESIAN_POINT('',(-7.980949827,122.125718686,171.8809301));
#6382=CARTESIAN_POINT('',(-7.917877786,122.119785333,171.848584829));
#6383=CARTESIAN_POINT('',(-7.888534323,122.115511415,171.828383085));
#6384=CARTESIAN_POINT('',(-7.862415492,122.110080231,171.804862868));
#6385=CARTESIAN_POINT('',(-8.432954254,121.874163979,171.831222186));
#6386=CARTESIAN_POINT('',(-8.432040625,121.874530078,171.832288226));
#6387=CARTESIAN_POINT('',(-8.431120848,121.874895006,171.8333494));
#6388=CARTESIAN_POINT('',(-8.40714468,121.884314081,171.860701274));
#6389=CARTESIAN_POINT('',(-8.380316148,121.89262757,171.883933341));
#6390=CARTESIAN_POINT('',(-8.321048944,121.907168428,171.922587215));
#6391=CARTESIAN_POINT('',(-8.28861556,121.913394501,171.938005584));
#6392=CARTESIAN_POINT('',(-8.220501355,121.923306587,171.959908612));
#6393=CARTESIAN_POINT('',(-8.184826607,121.926991715,171.966391325));
#6394=CARTESIAN_POINT('',(-8.112828501,121.931552701,171.969950284));
#6395=CARTESIAN_POINT('',(-8.076511561,121.93242815,171.967026217));
#6396=CARTESIAN_POINT('',(-8.005874879,121.931304911,171.951983864));
#6397=CARTESIAN_POINT('',(-7.971561432,121.92930632,171.939866922));
#6398=CARTESIAN_POINT('',(-7.907431981,121.922579242,171.907320559));
#6399=CARTESIAN_POINT('',(-7.877621693,121.917851351,171.886894041));
#6400=CARTESIAN_POINT('',(-7.851146495,121.911929972,171.863054794));
#6401=CARTESIAN_POINT('',(-8.428976796,121.483697717,171.938033848));
#6402=CARTESIAN_POINT('',(-8.428088388,121.484090867,171.939172653));
#6403=CARTESIAN_POINT('',(-8.42719319,121.484482669,171.940306628));
#6404=CARTESIAN_POINT('',(-8.403836901,121.494592982,171.969544462));
#6405=CARTESIAN_POINT('',(-8.377207242,121.503458501,171.994605776));
#6406=CARTESIAN_POINT('',(-8.317652241,121.518797393,172.036701914));
#6407=CARTESIAN_POINT('',(-8.284732918,121.525269217,172.053732493));
#6408=CARTESIAN_POINT('',(-8.215150078,121.535318549,172.078446476));
#6409=CARTESIAN_POINT('',(-8.17849359,121.538895041,172.08612739));
#6410=CARTESIAN_POINT('',(-8.104277711,121.542875594,172.091545798));
#6411=CARTESIAN_POINT('',(-8.066725816,121.543279251,172.08928275));
#6412=CARTESIAN_POINT('',(-7.993630142,121.540881636,172.074987525));
#6413=CARTESIAN_POINT('',(-7.958093745,121.538080602,172.062956797));
#6414=CARTESIAN_POINT('',(-7.891784359,121.52948928,172.030057481));
#6415=CARTESIAN_POINT('',(-7.861018067,121.523699855,172.009192219));
#6416=CARTESIAN_POINT('',(-7.833826567,121.516639404,171.984716067));
#6417=CARTESIAN_POINT('',(-8.429580565,121.289055627,171.993632667));
#6418=CARTESIAN_POINT('',(-8.428707028,121.289464364,171.994808791));
#6419=CARTESIAN_POINT('',(-8.427826358,121.289871648,171.995980121));
#6420=CARTESIAN_POINT('',(-8.404837383,121.300380163,172.026186105));
#6421=CARTESIAN_POINT('',(-8.378348236,121.309563006,172.052197383));
#6422=CARTESIAN_POINT('',(-8.318703624,121.325358864,172.096095065));
#6423=CARTESIAN_POINT('',(-8.285554581,121.331970182,172.113976755));
#6424=CARTESIAN_POINT('',(-8.215241738,121.342093657,172.140184523));
#6425=CARTESIAN_POINT('',(-8.178085506,121.345604724,172.148507791));
#6426=CARTESIAN_POINT('',(-8.102730393,121.349245743,172.154932269));
#6427=CARTESIAN_POINT('',(-8.06453962,121.349375299,172.153032796));
#6428=CARTESIAN_POINT('',(-7.990170574,121.346241287,172.139162765));
#6429=CARTESIAN_POINT('',(-7.9540003,121.342978049,172.127193704));
#6430=CARTESIAN_POINT('',(-7.886566333,121.333317416,172.094140719));
#6431=CARTESIAN_POINT('',(-7.855309892,121.326921052,172.073060352));
#6432=CARTESIAN_POINT('',(-7.827757627,121.319212296,172.048265052));
#6433=CARTESIAN_POINT('',(-8.437503484,120.904199758,172.109847826));
#6434=CARTESIAN_POINT('',(-8.436665325,120.904646803,172.11109966));
#6435=CARTESIAN_POINT('',(-8.435819293,120.905092137,172.112346835));
#6436=CARTESIAN_POINT('',(-8.413708113,120.916579163,172.144520046));
#6437=CARTESIAN_POINT('',(-8.387604421,120.926539092,172.172497719));
#6438=CARTESIAN_POINT('',(-8.327921678,120.943447114,172.220173417));
#6439=CARTESIAN_POINT('',(-8.29434995,120.950393136,172.239865607));
#6440=CARTESIAN_POINT('',(-8.222596323,120.960679751,172.269288695));
#6441=CARTESIAN_POINT('',(-8.184423223,120.964019082,172.279015996));
#6442=CARTESIAN_POINT('',(-8.106724981,120.966805968,172.287677874));
#6443=CARTESIAN_POINT('',(-8.067209363,120.966253179,172.286611398));
#6444=CARTESIAN_POINT('',(-7.990199269,120.961301175,172.27377529));
#6445=CARTESIAN_POINT('',(-7.952714232,120.956902561,172.262007238));
#6446=CARTESIAN_POINT('',(-7.882965878,120.944632159,172.228770814));
#6447=CARTESIAN_POINT('',(-7.850711111,120.936761866,172.20730652));
#6448=CARTESIAN_POINT('',(-7.822444721,120.927489699,172.181907323));
#6449=CARTESIAN_POINT('',(-8.444779865,120.713930519,172.170437673));
#6450=CARTESIAN_POINT('',(-8.44396221,120.71440012,172.17172798));
#6451=CARTESIAN_POINT('',(-8.443136286,120.714867857,172.173013723));
#6452=CARTESIAN_POINT('',(-8.421535537,120.726930952,172.20618803));
#6453=CARTESIAN_POINT('',(-8.395676711,120.73734736,172.235183319));
#6454=CARTESIAN_POINT('',(-8.336045225,120.754906099,172.284836366));
#6455=CARTESIAN_POINT('',(-8.302280384,120.762046134,172.305487633));
#6456=CARTESIAN_POINT('',(-8.229815534,120.772421633,172.336630318));
#6457=CARTESIAN_POINT('',(-8.191125018,120.775655737,172.347117671));
#6458=CARTESIAN_POINT('',(-8.112222036,120.77793233,172.357006609));
#6459=CARTESIAN_POINT('',(-8.072019904,120.776974514,172.356406911));
#6460=CARTESIAN_POINT('',(-7.993640682,120.770949035,172.344173601));
#6461=CARTESIAN_POINT('',(-7.955473855,120.765882147,172.332541602));
#6462=CARTESIAN_POINT('',(-7.884533484,120.752082045,172.299268581));
#6463=CARTESIAN_POINT('',(-7.851769229,120.743350621,172.277631922));
#6464=CARTESIAN_POINT('',(-7.823147976,120.733169254,172.251944495));
#6465=CARTESIAN_POINT('',(-8.468681778,120.340598135,172.298524147));
#6466=CARTESIAN_POINT('',(-8.467912386,120.341127113,172.299890448));
#6467=CARTESIAN_POINT('',(-8.467133865,120.341653816,172.30125249));
#6468=CARTESIAN_POINT('',(-8.446738355,120.355233001,172.336410142));
#6469=CARTESIAN_POINT('',(-8.4215051,120.366845986,172.367491248));
#6470=CARTESIAN_POINT('',(-8.362161593,120.386098206,172.421296369));
#6471=CARTESIAN_POINT('',(-8.328060288,120.393734546,172.444012292));
#6472=CARTESIAN_POINT('',(-8.25420465,120.404310408,172.478938081));
#6473=CARTESIAN_POINT('',(-8.214461445,120.407248336,172.4911427));
#6474=CARTESIAN_POINT('',(-8.133079732,120.408147464,172.503890455));
#6475=CARTESIAN_POINT('',(-8.091453481,120.406108522,172.504431683));
#6476=CARTESIAN_POINT('',(-8.010242147,120.397243659,172.493799734));
#6477=CARTESIAN_POINT('',(-7.970669291,120.39041906,172.482628167));
#6478=CARTESIAN_POINT('',(-7.897308106,120.372624504,172.449625051));
#6479=CARTESIAN_POINT('',(-7.863530823,120.36165721,172.427798479));
#6480=CARTESIAN_POINT('',(-7.834244124,120.349133787,172.401672938));
#6481=CARTESIAN_POINT('',(-8.485196097,120.157299008,172.365978101));
#6482=CARTESIAN_POINT('',(-8.484454643,120.157864032,172.367382486));
#6483=CARTESIAN_POINT('',(-8.483703596,120.158426527,172.368782814));
#6484=CARTESIAN_POINT('',(-8.464007472,120.172925926,172.404936962));
#6485=CARTESIAN_POINT('',(-8.439158117,120.18526371,172.437096032));
#6486=CARTESIAN_POINT('',(-8.38005489,120.205537898,172.493086687));
#6487=CARTESIAN_POINT('',(-8.345810594,120.213471038,172.516909235));
#6488=CARTESIAN_POINT('',(-8.271273029,120.224158071,172.553892147));
#6489=CARTESIAN_POINT('',(-8.230991823,120.226910235,172.567046554));
#6490=CARTESIAN_POINT('',(-8.148327564,120.226962513,172.581403995));
#6491=CARTESIAN_POINT('',(-8.105957882,120.224262601,172.582604731));
#6492=CARTESIAN_POINT('',(-8.023269117,120.213669826,172.572936892));
#6493=CARTESIAN_POINT('',(-7.982963406,120.205778643,172.562069903));
#6494=CARTESIAN_POINT('',(-7.908354066,120.185569377,172.52933108));
#6495=CARTESIAN_POINT('',(-7.874062505,120.173254518,172.50746456));
#6496=CARTESIAN_POINT('',(-7.844453937,120.15932554,172.481166811));
#6497=CARTESIAN_POINT('',(-8.521286159,119.893503023,172.475051397));
#6498=CARTESIAN_POINT('',(-8.520592385,119.894149474,172.47650426));
#6499=CARTESIAN_POINT('',(-8.519888274,119.894792815,172.477953577));
#6500=CARTESIAN_POINT('',(-8.501388272,119.911370389,172.515389291));
#6501=CARTESIAN_POINT('',(-8.477226518,119.925337096,172.54908888));
#6502=CARTESIAN_POINT('',(-8.418646416,119.947887777,172.608427803));
#6503=CARTESIAN_POINT('',(-8.384238754,119.956467643,172.634056321));
#6504=CARTESIAN_POINT('',(-8.308741511,119.967350768,172.674585887));
#6505=CARTESIAN_POINT('',(-8.267665699,119.969652043,172.689479549));
#6506=CARTESIAN_POINT('',(-8.183101238,119.967736064,172.706987635));
#6507=CARTESIAN_POINT('',(-8.139628009,119.963519155,172.709598871));
#6508=CARTESIAN_POINT('',(-8.054788485,119.949002011,172.702266975));
#6509=CARTESIAN_POINT('',(-8.013437661,119.938704415,172.692325184));
#6510=CARTESIAN_POINT('',(-7.937143668,119.913093088,172.660917244));
#6511=CARTESIAN_POINT('',(-7.902214412,119.897784017,172.639456826));
#6512=CARTESIAN_POINT('',(-7.872306329,119.880761081,172.613348243));
#6513=CARTESIAN_POINT('',(-8.53528269,119.807229066,172.512858138));
#6514=CARTESIAN_POINT('',(-8.534605866,119.807907434,172.514325768));
#6515=CARTESIAN_POINT('',(-8.533918449,119.808582461,172.515790057));
#6516=CARTESIAN_POINT('',(-8.515844045,119.825974521,172.553618741));
#6517=CARTESIAN_POINT('',(-8.491931621,119.840578753,172.587821032));
#6518=CARTESIAN_POINT('',(-8.433554458,119.864018098,172.648292296));
#6519=CARTESIAN_POINT('',(-8.399100806,119.872848771,172.674549796));
#6520=CARTESIAN_POINT('',(-8.323292883,119.883802527,172.716343806));
#6521=CARTESIAN_POINT('',(-8.281953004,119.885923532,172.731872391));
#6522=CARTESIAN_POINT('',(-8.19675592,119.883229821,172.750558448));
#6523=CARTESIAN_POINT('',(-8.152914888,119.878415609,172.753712384));
#6524=CARTESIAN_POINT('',(-8.067365653,119.862357923,172.74731136));
#6525=CARTESIAN_POINT('',(-8.02567369,119.851117481,172.737757627));
#6526=CARTESIAN_POINT('',(-7.948846591,119.823394869,172.706951472));
#6527=CARTESIAN_POINT('',(-7.91372604,119.806917941,172.685704908));
#6528=CARTESIAN_POINT('',(-7.883748303,119.788691642,172.659734462));
#6529=CARTESIAN_POINT('',(-8.568400013,119.642417256,172.591315204));
#6530=CARTESIAN_POINT('',(-8.567756913,119.643177269,172.592802818));
#6531=CARTESIAN_POINT('',(-8.567102714,119.64393335,172.594287646));
#6532=CARTESIAN_POINT('',(-8.54987536,119.663408665,172.63266239));
#6533=CARTESIAN_POINT('',(-8.526462679,119.679639663,172.66772792));
#6534=CARTESIAN_POINT('',(-8.468507453,119.705336788,172.730355062));
#6535=CARTESIAN_POINT('',(-8.433976879,119.714797616,172.757903748));
#6536=CARTESIAN_POINT('',(-8.357601247,119.725905687,172.802447888));
#6537=CARTESIAN_POINT('',(-8.315771961,119.727550637,172.819434154));
#6538=CARTESIAN_POINT('',(-8.22942284,119.722841217,172.840971576));
#6539=CARTESIAN_POINT('',(-8.184920834,119.716487811,172.845518296));
#6540=CARTESIAN_POINT('',(-8.098147603,119.69647951,172.841670066));
#6541=CARTESIAN_POINT('',(-8.055894294,119.682828731,172.833275921));
#6542=CARTESIAN_POINT('',(-7.978293158,119.649730112,172.804470557));
#6543=CARTESIAN_POINT('',(-7.942961356,119.630289087,172.784065295));
#6544=CARTESIAN_POINT('',(-7.913037951,119.609022026,172.758778191));
#6545=CARTESIAN_POINT('',(-8.587466551,119.564084213,172.631859887));
#6546=CARTESIAN_POINT('',(-8.586840681,119.564893389,172.633353483));
#6547=CARTESIAN_POINT('',(-8.586203461,119.565698273,172.634844633));
#6548=CARTESIAN_POINT('',(-8.56940919,119.586427901,172.673391815));
#6549=CARTESIAN_POINT('',(-8.546255648,119.603636988,172.708831453));
#6550=CARTESIAN_POINT('',(-8.488530615,119.630688077,172.772497578));
#6551=CARTESIAN_POINT('',(-8.453971575,119.640524263,172.800710343));
#6552=CARTESIAN_POINT('',(-8.377337022,119.65171583,172.846732111));
#6553=CARTESIAN_POINT('',(-8.335278036,119.653068797,172.864531206));
#6554=CARTESIAN_POINT('',(-8.248394253,119.647136275,172.887711776));
#6555=CARTESIAN_POINT('',(-8.203588192,119.639852047,172.893088276));
#6556=CARTESIAN_POINT('',(-8.116273547,119.617461488,172.890813719));
#6557=CARTESIAN_POINT('',(-8.073783792,119.602359951,172.883163179));
#6558=CARTESIAN_POINT('',(-7.995905787,119.566033312,172.855697044));
#6559=CARTESIAN_POINT('',(-7.960534335,119.544815998,172.835887398));
#6560=CARTESIAN_POINT('',(-7.930714696,119.521731639,172.811113787));
#6561=CARTESIAN_POINT('',(-8.623791015,119.44928484,172.699402981));
#6562=CARTESIAN_POINT('',(-8.623184266,119.45020387,172.700881248));
#6563=CARTESIAN_POINT('',(-8.622565848,119.451117796,172.702357901));
#6564=CARTESIAN_POINT('',(-8.606250206,119.474649724,172.740551185));
#6565=CARTESIAN_POINT('',(-8.583359178,119.494038525,172.776164285));
#6566=CARTESIAN_POINT('',(-8.525829501,119.524093021,172.841036861));
#6567=CARTESIAN_POINT('',(-8.491204216,119.534751742,172.87028127));
#6568=CARTESIAN_POINT('',(-8.414260948,119.546092628,172.918984734));
#6569=CARTESIAN_POINT('',(-8.371960839,119.546772158,172.938432482));
#6570=CARTESIAN_POINT('',(-8.28462463,119.53806992,172.965258523));
#6571=CARTESIAN_POINT('',(-8.239608818,119.528690167,172.972630593));
#6572=CARTESIAN_POINT('',(-8.152118698,119.500963309,172.974436421));
#6573=CARTESIAN_POINT('',(-8.109664713,119.482622633,172.968869769));
#6574=CARTESIAN_POINT('',(-8.032277931,119.439118491,172.945446243));
#6575=CARTESIAN_POINT('',(-7.99736311,119.413965112,172.92759482));
#6576=CARTESIAN_POINT('',(-7.968257964,119.386872351,172.904642745));
#6577=CARTESIAN_POINT('',(-8.639186944,119.408346394,172.725861829));
#6578=CARTESIAN_POINT('',(-8.638586729,119.409315428,172.727329539));
#6579=CARTESIAN_POINT('',(-8.637974733,119.410278987,172.728796012));
#6580=CARTESIAN_POINT('',(-8.621822502,119.435086394,172.766735421));
#6581=CARTESIAN_POINT('',(-8.599019117,119.455466285,172.802337219));
#6582=CARTESIAN_POINT('',(-8.541553223,119.486883809,172.867592911));
#6583=CARTESIAN_POINT('',(-8.506904454,119.497913938,172.897231193));
#6584=CARTESIAN_POINT('',(-8.429864327,119.509315912,172.947031007));
#6585=CARTESIAN_POINT('',(-8.387491393,119.509685029,172.967180636));
#6586=CARTESIAN_POINT('',(-8.300040942,119.499715298,172.995602888));
#6587=CARTESIAN_POINT('',(-8.254984346,119.489378824,173.003868732));
#6588=CARTESIAN_POINT('',(-8.16752686,119.459220569,173.007536997));
#6589=CARTESIAN_POINT('',(-8.125146898,119.439405981,173.002938567));
#6590=CARTESIAN_POINT('',(-8.048087657,119.392641349,172.981422675));
#6591=CARTESIAN_POINT('',(-8.013426824,119.365702462,172.964510389));
#6592=CARTESIAN_POINT('',(-7.98468108,119.336794831,172.942443593));
#6593=CARTESIAN_POINT('',(-8.655257444,119.373310786,172.751255968));
#6594=CARTESIAN_POINT('',(-8.654653962,119.374340008,172.752696471));
#6595=CARTESIAN_POINT('',(-8.654038683,119.375363305,172.754136266));
#6596=CARTESIAN_POINT('',(-8.637800986,119.401705819,172.791398532));
#6597=CARTESIAN_POINT('',(-8.614905634,119.423276855,172.82667732));
#6598=CARTESIAN_POINT('',(-8.557286047,119.456328239,172.891922192));
#6599=CARTESIAN_POINT('',(-8.522575998,119.467800448,172.921872208));
#6600=CARTESIAN_POINT('',(-8.445510471,119.479264567,172.972841916));
#6601=CARTESIAN_POINT('',(-8.40317397,119.479253653,172.993849057));
#6602=CARTESIAN_POINT('',(-8.315961767,119.467747171,173.024393251));
#6603=CARTESIAN_POINT('',(-8.27110754,119.456254437,173.033922786));
#6604=CARTESIAN_POINT('',(-8.184272704,119.423165752,173.040356313));
#6605=CARTESIAN_POINT('',(-8.142313479,119.401577948,173.037258725));
#6606=CARTESIAN_POINT('',(-8.066334855,119.350899666,173.018806234));
#6607=CARTESIAN_POINT('',(-8.032334169,119.321821666,173.003455879));
#6608=CARTESIAN_POINT('',(-8.0043575,119.290745257,172.98290056));
#6609=B_SPLINE_SURFACE_WITH_KNOTS('',3,3,((#6257,#6258,#6259,#6260,#6261,#6262,#6263,#6264,#6265,#6266,#6267,#6268,#6269,#6270,#6271,#6272),(#6273,#6274,#6275,#6276,#6277,#6278,#6279,#6280,#6281,#6282,#6283,#6284,#6285,#6286,#6287,#6288),(#6289,#6290,#6291,#6292,#6293,#6294,#6295,#6296,#6297,#6298,#6299,#6300,#6301,#6302,#6303,#6304),(#6305,#6306,#6307,#6308,#6309,#6310,#6311,#6312,#6313,#6314,#6315,#6316,#6317,#6318,#6319,#6320),(#6321,#6322,#6323,#6324,#6325,#6326,#6327,#6328,#6329,#6330,#6331,#6332,#6333,#6334,#6335,#6336),(#6337,#6338,#6339,#6340,#6341,#6342,#6343,#6344,#6345,#6346,#6347,#6348,#6349,#6350,#6351,#6352),(#6353,#6354,#6355,#6356,#6357,#6358,#6359,#6360,#6361,#6362,#6363,#6364,#6365,#6366,#6367,#6368),(#6369,#6370,#6371,#6372,#6373,#6374,#6375,#6376,#6377,#6378,#6379,#6380,#6381,#6382,#6383,#6384),(#6385,#6386,#6387,#6388,#6389,#6390,#6391,#6392,#6393,#6394,#6395,#6396,#6397,#6398,#6399,#6400),(#6401,#6402,#6403,#6404,#6405,#6406,#6407,#6408,#6409,#6410,#6411,#6412,#6413,#6414,#6415,#6416),(#6417,#6418,#6419,#6420,#6421,#6422,#6423,#6424,#6425,#6426,#6427,#6428,#6429,#6430,#6431,#6432),(#6433,#6434,#6435,#6436,#6437,#6438,#6439,#6440,#6441,#6442,#6443,#6444,#6445,#6446,#6447,#6448),(#6449,#6450,#6451,#6452,#6453,#6454,#6455,#6456,#6457,#6458,#6459,#6460,#6461,#6462,#6463,#6464),(#6465,#6466,#6467,#6468,#6469,#6470,#6471,#6472,#6473,#6474,#6475,#6476,#6477,#6478,#6479,#6480),(#6481,#6482,#6483,#6484,#6485,#6486,#6487,#6488,#6489,#6490,#6491,#6492,#6493,#6494,#6495,#6496),(#6497,#6498,#6499,#6500,#6501,#6502,#6503,#6504,#6505,#6506,#6507,#6508,#6509,#6510,#6511,#6512),(#6513,#6514,#6515,#6516,#6517,#6518,#6519,#6520,#6521,#6522,#6523,#6524,#6525,#6526,#6527,#6528),(#6529,#6530,#6531,#6532,#6533,#6534,#6535,#6536,#6537,#6538,#6539,#6540,#6541,#6542,#6543,#6544),(#6545,#6546,#6547,#6548,#6549,#6550,#6551,#6552,#6553,#6554,#6555,#6556,#6557,#6558,#6559,#6560),(#6561,#6562,#6563,#6564,#6565,#6566,#6567,#6568,#6569,#6570,#6571,#6572,#6573,#6574,#6575,#6576),(#6577,#6578,#6579,#6580,#6581,#6582,#6583,#6584,#6585,#6586,#6587,#6588,#6589,#6590,#6591,#6592),(#6593,#6594,#6595,#6596,#6597,#6598,#6599,#6600,#6601,#6602,#6603,#6604,#6605,#6606,#6607,#6608)),.UNSPECIFIED.,.F.,.F.,.U.,(4,2,2,2,2,2,2,2,2,2,4),(4,2,2,2,2,2,2,4),(0.,0.00248297,0.00496594,0.006207425,0.006828168,0.00744891,0.008069653,0.008690395,0.009000767,0.009311138,0.00950661),(0.244979024,0.25,0.375,0.5,0.625,0.75,0.875,1.),.UNSPECIFIED.);
#6610=CARTESIAN_POINT('',(-8.996304991,128.283990867,170.63832504));
#6611=VERTEX_POINT('',#6610);
#6612=CARTESIAN_POINT('',(-8.655162994,119.37335503,172.751198337));
#6613=CARTESIAN_POINT('',(-8.620652274,119.448352439,172.697657617));
#6614=CARTESIAN_POINT('',(-8.596101828,119.530815327,172.653300645));
#6615=CARTESIAN_POINT('',(-8.57476681,119.615467919,172.611481991));
#6616=CARTESIAN_POINT('',(-8.553431792,119.700120512,172.569663337));
#6617=CARTESIAN_POINT('',(-8.535970206,119.787682831,172.531034998));
#6618=CARTESIAN_POINT('',(-8.520837157,119.876429004,172.494338654));
#6619=CARTESIAN_POINT('',(-8.490571058,120.053921351,172.420945966));
#6620=CARTESIAN_POINT('',(-8.469723266,120.234414001,172.355829577));
#6621=CARTESIAN_POINT('',(-8.453446096,120.416275643,172.294443878));
#6622=CARTESIAN_POINT('',(-8.420891755,120.779998927,172.171672479));
#6623=CARTESIAN_POINT('',(-8.406929702,121.149320559,172.064173839));
#6624=CARTESIAN_POINT('',(-8.401947029,121.521106995,171.963266735));
#6625=CARTESIAN_POINT('',(-8.396964357,121.892893431,171.862359631));
#6626=CARTESIAN_POINT('',(-8.401689567,122.267903891,171.768570145));
#6627=CARTESIAN_POINT('',(-8.413127401,122.643025199,171.679820345));
#6628=CARTESIAN_POINT('',(-8.424565235,123.018146507,171.591070544));
#6629=CARTESIAN_POINT('',(-8.442810069,123.393558231,171.507412373));
#6630=CARTESIAN_POINT('',(-8.466569104,123.769160438,171.427641076));
#6631=CARTESIAN_POINT('',(-8.514087174,124.520364852,171.268098481));
#6632=CARTESIAN_POINT('',(-8.583402319,125.272313084,171.123871761));
#6633=CARTESIAN_POINT('',(-8.671721574,126.024787762,170.992350311));
#6634=CARTESIAN_POINT('',(-8.715881201,126.401025101,170.926589585));
#6635=CARTESIAN_POINT('',(-8.764892492,126.777402757,170.864103879));
#6636=CARTESIAN_POINT('',(-8.818893051,127.153929579,170.805011929));
#6637=CARTESIAN_POINT('',(-8.84589333,127.342192989,170.775465954));
#6638=CARTESIAN_POINT('',(-8.874145744,127.530494068,170.746772933));
#6639=CARTESIAN_POINT('',(-8.903695616,127.718836231,170.718974634));
#6640=CARTESIAN_POINT('',(-8.933245488,127.907178394,170.691176335));
#6641=CARTESIAN_POINT('',(-8.963891486,128.094384595,170.664434536));
#6642=CARTESIAN_POINT('',(-8.996304991,128.283990867,170.63832504));
#6643=B_SPLINE_CURVE_WITH_KNOTS('',3,(#6612,#6613,#6614,#6615,#6616,#6617,#6618,#6619,#6620,#6621,#6622,#6623,#6624,#6625,#6626,#6627,#6628,#6629,#6630,#6631,#6632,#6633,#6634,#6635,#6636,#6637,
#6638,#6639,#6640,#6641,#6642),.UNSPECIFIED.,.F.,.F.,(4,3,3,3,3,3,3,3,3,3,4),(0.,0.000290316,0.000580631,0.001161263,0.002322526,0.003483789,0.004645051,0.006967577,0.00812884,0.008709472,0.009290103),.UNSPECIFIED.);
#6644=EDGE_CURVE('',#1909,#6611,#6643,.T.);
#6645=ORIENTED_EDGE('',*,*,#6644,.F.);
#6646=ORIENTED_EDGE('',*,*,#1982,.T.);
#6647=ORIENTED_EDGE('',*,*,#3417,.F.);
#6648=CARTESIAN_POINT('',(-9.038901827,128.222597019,170.245366639));
#6649=DIRECTION('',(-0.217592966,0.967663491,-0.127595727));
#6650=DIRECTION('',(-0.975638103,-0.219386172,-0.));
#6651=AXIS2_PLACEMENT_3D('',#6648,#6649,#6650);
#6652=CIRCLE('',#6651,0.4);
#6653=EDGE_CURVE('',#6611,#3383,#6652,.T.);
#6654=ORIENTED_EDGE('',*,*,#6653,.F.);
#6655=EDGE_LOOP('',(#6645,#6646,#6647,#6654));
#6656=FACE_BOUND('',#6655,.T.);
#6657=ADVANCED_FACE('',(#6656),#6609,.T.);
#6658=CARTESIAN_POINT('',(-10.997914176,128.279122412,173.113953061));
#6659=CARTESIAN_POINT('',(-10.996963246,128.280559077,173.120608327));
#6660=CARTESIAN_POINT('',(-10.996185465,128.281970663,173.127293746));
#6661=CARTESIAN_POINT('',(-10.991808046,128.292031018,173.17603036));
#6662=CARTESIAN_POINT('',(-10.994921347,128.299639032,173.218891146));
#6663=CARTESIAN_POINT('',(-11.014604562,128.311937287,173.3018693));
#6664=CARTESIAN_POINT('',(-11.031170917,128.316625304,173.341971668));
#6665=CARTESIAN_POINT('',(-11.053610583,128.319611269,173.378626244));
#6666=CARTESIAN_POINT('',(-11.006187259,128.327388066,173.106592598));
#6667=CARTESIAN_POINT('',(-11.005328802,128.329167911,173.113186113));
#6668=CARTESIAN_POINT('',(-11.004642527,128.330916694,173.119810102));
#6669=CARTESIAN_POINT('',(-11.000922077,128.343380302,173.168103276));
#6670=CARTESIAN_POINT('',(-11.004558709,128.352806058,173.210597729));
#6671=CARTESIAN_POINT('',(-11.025148406,128.368043576,173.292914113));
#6672=CARTESIAN_POINT('',(-11.042097751,128.373852585,173.332721172));
#6673=CARTESIAN_POINT('',(-11.064830681,128.377553344,173.369131695));
#6674=CARTESIAN_POINT('',(-11.017198942,128.373720668,173.096697583));
#6675=CARTESIAN_POINT('',(-11.016463935,128.375829939,173.103208455));
#6676=CARTESIAN_POINT('',(-11.015899877,128.377902408,173.109750237));
#6677=CARTESIAN_POINT('',(-11.013057339,128.392673018,173.157450019));
#6678=CARTESIAN_POINT('',(-11.017395747,128.403843918,173.199454396));
#6679=CARTESIAN_POINT('',(-11.039206354,128.421903893,173.280884426));
#6680=CARTESIAN_POINT('',(-11.056674616,128.428789706,173.32029537));
#6681=CARTESIAN_POINT('',(-11.079808337,128.433177597,173.356377261));
#6682=CARTESIAN_POINT('',(-11.044055841,128.462755342,173.071849285));
#6683=CARTESIAN_POINT('',(-11.043624684,128.46549792,173.078155193));
#6684=CARTESIAN_POINT('',(-11.043361837,128.46819254,173.084493145));
#6685=CARTESIAN_POINT('',(-11.042685907,128.487396393,173.130721939));
#6686=CARTESIAN_POINT('',(-11.0487723,128.501915382,173.171513001));
#6687=CARTESIAN_POINT('',(-11.073657141,128.525374504,173.250743588));
#6688=CARTESIAN_POINT('',(-11.092451077,128.534310385,173.289168744));
#6689=CARTESIAN_POINT('',(-11.116629078,128.53999263,173.324425671));
#6690=CARTESIAN_POINT('',(-11.060050356,128.505774181,173.056752653));
#6691=CARTESIAN_POINT('',(-11.059801316,128.508822894,173.062935089));
#6692=CARTESIAN_POINT('',(-11.059719171,128.51181819,173.069150276));
#6693=CARTESIAN_POINT('',(-11.060344255,128.533164051,173.114493218));
#6694=CARTESIAN_POINT('',(-11.067487016,128.549297852,173.154554215));
#6695=CARTESIAN_POINT('',(-11.094243595,128.575352686,173.232459148));
#6696=CARTESIAN_POINT('',(-11.113852544,128.585268979,173.270288897));
#6697=CARTESIAN_POINT('',(-11.138680919,128.591562848,173.305044519));
#6698=CARTESIAN_POINT('',(-11.09589092,128.586654565,173.021600435));
#6699=CARTESIAN_POINT('',(-11.096055265,128.590279766,173.027499621));
#6700=CARTESIAN_POINT('',(-11.096383939,128.593840846,173.033433304));
#6701=CARTESIAN_POINT('',(-11.099971582,128.619213948,173.076745715));
#6702=CARTESIAN_POINT('',(-11.109545676,128.638365093,173.115137276));
#6703=CARTESIAN_POINT('',(-11.140659042,128.669215976,173.190006794));
#6704=CARTESIAN_POINT('',(-11.162192559,128.680910008,173.226470892));
#6705=CARTESIAN_POINT('',(-11.188583409,128.68826475,173.260068123));
#6706=CARTESIAN_POINT('',(-11.115466497,128.624039194,173.001815251));
#6707=CARTESIAN_POINT('',(-11.115859061,128.627931349,173.007556888));
#6708=CARTESIAN_POINT('',(-11.116414826,128.631754198,173.013334047));
#6709=CARTESIAN_POINT('',(-11.121642223,128.658988757,173.055517747));
#6710=CARTESIAN_POINT('',(-11.132573556,128.679524506,173.092983027));
#6711=CARTESIAN_POINT('',(-11.166140574,128.712546897,173.166166384));
#6712=CARTESIAN_POINT('',(-11.18876998,128.72502736,173.201870745));
#6713=CARTESIAN_POINT('',(-11.216062073,128.732824523,173.234819629));
#6714=CARTESIAN_POINT('',(-11.157197305,128.693179477,172.957690828));
#6715=CARTESIAN_POINT('',(-11.158084435,128.697567157,172.963086369));
#6716=CARTESIAN_POINT('',(-11.159133124,128.701875058,172.968519904));
#6717=CARTESIAN_POINT('',(-11.167925531,128.732552068,173.008227139));
#6718=CARTESIAN_POINT('',(-11.181838942,128.755610795,173.043667898));
#6719=CARTESIAN_POINT('',(-11.220847227,128.792480228,173.113169479));
#6720=CARTESIAN_POINT('',(-11.245934533,128.806283779,173.147216793));
#6721=CARTESIAN_POINT('',(-11.275269561,128.814721369,173.178747056));
#6722=CARTESIAN_POINT('',(-11.179586091,128.725193982,172.933077519));
#6723=CARTESIAN_POINT('',(-11.180742453,128.729812115,172.93828244));
#6724=CARTESIAN_POINT('',(-11.182059863,128.734345127,172.943526817));
#6725=CARTESIAN_POINT('',(-11.192798488,128.766615992,172.981871494));
#6726=CARTESIAN_POINT('',(-11.20835469,128.790821877,173.016202003));
#6727=CARTESIAN_POINT('',(-11.250384026,128.829378302,173.083686136));
#6728=CARTESIAN_POINT('',(-11.276848818,128.84372118,173.11682632));
#6729=CARTESIAN_POINT('',(-11.307338698,128.852356051,173.147577815));
#6730=CARTESIAN_POINT('',(-11.22507302,128.782072712,172.880430146));
#6731=CARTESIAN_POINT('',(-11.226788295,128.78710324,172.885233418));
#6732=CARTESIAN_POINT('',(-11.228664476,128.792037656,172.890079575));
#6733=CARTESIAN_POINT('',(-11.243456479,128.827139164,172.925558211));
#6734=CARTESIAN_POINT('',(-11.262468857,128.853318643,172.957566717));
#6735=CARTESIAN_POINT('',(-11.310895678,128.894586995,173.020849354));
#6736=CARTESIAN_POINT('',(-11.34029989,128.909667142,173.052110076));
#6737=CARTESIAN_POINT('',(-11.373262298,128.918355645,173.081252426));
#6738=CARTESIAN_POINT('',(-11.248158383,128.807030336,172.852434819));
#6739=CARTESIAN_POINT('',(-11.250163013,128.812243442,172.857027257));
#6740=CARTESIAN_POINT('',(-11.252328907,128.817354789,172.861664543));
#6741=CARTESIAN_POINT('',(-11.269225515,128.853697728,172.895641049));
#6742=CARTESIAN_POINT('',(-11.290048576,128.880707705,172.926438787));
#6743=CARTESIAN_POINT('',(-11.341845981,128.923009079,172.987539159));
#6744=CARTESIAN_POINT('',(-11.372808984,128.938291192,173.017828349));
#6745=CARTESIAN_POINT('',(-11.407086049,128.946839893,173.046141142));
#6746=CARTESIAN_POINT('',(-11.294490828,128.850708701,172.79301651));
#6747=CARTESIAN_POINT('',(-11.297091344,128.856245367,172.797167094));
#6748=CARTESIAN_POINT('',(-11.299854756,128.861668236,172.801367119));
#6749=CARTESIAN_POINT('',(-11.321098011,128.900180563,172.832202626));
#6750=CARTESIAN_POINT('',(-11.345692804,128.928549616,172.860488351));
#6751=CARTESIAN_POINT('',(-11.404529492,128.972248994,172.917100122));
#6752=CARTESIAN_POINT('',(-11.438757306,128.987568843,172.945412563));
#6753=CARTESIAN_POINT('',(-11.475773455,128.995453326,172.972056781));
#6754=CARTESIAN_POINT('',(-11.317884491,128.869489888,172.76136323));
#6755=CARTESIAN_POINT('',(-11.320793617,128.875168029,172.765281136));
#6756=CARTESIAN_POINT('',(-11.323866927,128.880725928,172.769251139));
#6757=CARTESIAN_POINT('',(-11.347367507,128.920169044,172.798436091));
#6758=CARTESIAN_POINT('',(-11.37393691,128.949067067,172.825411478));
#6759=CARTESIAN_POINT('',(-11.436467525,128.993127163,172.879701276));
#6760=CARTESIAN_POINT('',(-11.472413012,129.008278119,172.907001952));
#6761=CARTESIAN_POINT('',(-11.510862939,129.015631049,172.932801998));
#6762=CARTESIAN_POINT('',(-11.385634372,128.915694903,172.663979446));
#6763=CARTESIAN_POINT('',(-11.389465486,128.921729071,172.667188731));
#6764=CARTESIAN_POINT('',(-11.393465887,128.927622576,172.67045916));
#6765=CARTESIAN_POINT('',(-11.423727388,128.969344691,172.694631733));
#6766=CARTESIAN_POINT('',(-11.456252783,128.999340891,172.717668998));
#6767=CARTESIAN_POINT('',(-11.529909818,129.043424663,172.765078091));
#6768=CARTESIAN_POINT('',(-11.571019786,129.057499133,172.789435691));
#6769=CARTESIAN_POINT('',(-11.613719605,129.062678177,172.812837836));
#6770=CARTESIAN_POINT('',(-11.42844673,128.933914748,172.594603444));
#6771=CARTESIAN_POINT('',(-11.432899109,128.940102117,172.597317205));
#6772=CARTESIAN_POINT('',(-11.437525857,128.946133453,172.600099664));
#6773=CARTESIAN_POINT('',(-11.47236547,128.988737108,172.620785531));
#6774=CARTESIAN_POINT('',(-11.508978795,129.01884146,172.641135796));
#6775=CARTESIAN_POINT('',(-11.590250839,129.061551502,172.683977163));
#6776=CARTESIAN_POINT('',(-11.634882542,129.074142627,172.706453567));
#6777=CARTESIAN_POINT('',(-11.680398494,129.077075644,172.728401453));
#6778=CARTESIAN_POINT('',(-11.467269057,128.941646103,172.522431319));
#6779=CARTESIAN_POINT('',(-11.472334274,128.947914887,172.524634039));
#6780=CARTESIAN_POINT('',(-11.477580068,128.954010168,172.526915288));
#6781=CARTESIAN_POINT('',(-11.51695063,128.996942381,172.544036438));
#6782=CARTESIAN_POINT('',(-11.557640705,129.0265902,172.561731407));
#6783=CARTESIAN_POINT('',(-11.646362905,129.066664715,172.600314196));
#6784=CARTESIAN_POINT('',(-11.694360121,129.077075644,172.621186835));
#6785=CARTESIAN_POINT('',(-11.74237623,129.077075644,172.64206769));
#6786=B_SPLINE_SURFACE_WITH_KNOTS('',3,3,((#6658,#6659,#6660,#6661,#6662,#6663,#6664,#6665),(#6666,#6667,#6668,#6669,#6670,#6671,#6672,#6673),(#6674,#6675,#6676,#6677,#6678,#6679,#6680,#6681),(#6682,#6683,#6684,#6685,#6686,#6687,#6688,#6689),(#6690,#6691,#6692,#6693,#6694,#6695,#6696,#6697),(#6698,#6699,#6700,#6701,#6702,#6703,#6704,#6705),(#6706,#6707,#6708,#6709,#6710,#6711,#6712,#6713),(#6714,#6715,#6716,#6717,#6718,#6719,#6720,#6721),(#6722,#6723,#6724,#6725,#6726,#6727,#6728,#6729),(#6730,#6731,#6732,#6733,#6734,#6735,#6736,#6737),(#6738,#6739,#6740,#6741,#6742,#6743,#6744,#6745),(#6746,#6747,#6748,#6749,#6750,#6751,#6752,#6753),(#6754,#6755,#6756,#6757,#6758,#6759,#6760,#6761),(#6762,#6763,#6764,#6765,#6766,#6767,#6768,#6769),(#6770,#6771,#6772,#6773,#6774,#6775,#6776,#6777),(#6778,#6779,#6780,#6781,#6782,#6783,#6784,#6785)),.UNSPECIFIED.,.F.,.F.,.U.,(4,2,2,2,2,2,2,4),(4,2,2,4),(0.,0.000106236,0.000212473,0.000318709,0.000424945,0.000531181,0.000637418,0.00084989),(0.46010571,0.5,0.75,1.),.UNSPECIFIED.);
#6787=CARTESIAN_POINT('',(-11.467264193,128.941650775,172.522429204));
#6788=VERTEX_POINT('',#6787);
#6789=CARTESIAN_POINT('',(-11.467264193,128.941650775,172.522429204));
#6790=CARTESIAN_POINT('',(-11.448702067,128.941650775,172.565113331));
#6791=CARTESIAN_POINT('',(-11.428518408,128.937874199,172.606441517));
#6792=CARTESIAN_POINT('',(-11.406845104,128.930104171,172.646451004));
#6793=CARTESIAN_POINT('',(-11.3851718,128.922334142,172.686460491));
#6794=CARTESIAN_POINT('',(-11.361830256,128.910395906,172.725359457));
#6795=CARTESIAN_POINT('',(-11.338148476,128.894681386,172.761488198));
#6796=CARTESIAN_POINT('',(-11.290784915,128.863252346,172.83374568));
#6797=CARTESIAN_POINT('',(-11.24030137,128.815386495,172.897517992));
#6798=CARTESIAN_POINT('',(-11.193985506,128.755295317,172.94943878));
#6799=CARTESIAN_POINT('',(-11.147669641,128.695204139,173.001359567));
#6800=CARTESIAN_POINT('',(-11.104882034,128.622024892,173.042516006));
#6801=CARTESIAN_POINT('',(-11.070879112,128.542240899,173.073145703));
#6802=CARTESIAN_POINT('',(-11.03687619,128.462456906,173.1037754));
#6803=CARTESIAN_POINT('',(-11.010918638,128.374760804,173.12469615));
#6804=CARTESIAN_POINT('',(-10.995317909,128.283990867,173.137091188));
#6805=B_SPLINE_CURVE_WITH_KNOTS('',3,(#6789,#6790,#6791,#6792,#6793,#6794,#6795,#6796,#6797,#6798,#6799,#6800,#6801,#6802,#6803,#6804),.UNSPECIFIED.,.F.,.F.,(4,3,3,3,3,4),(0.,0.000138302,0.000276604,0.000553207,0.000829811,0.001106414),.UNSPECIFIED.);
#6806=EDGE_CURVE('',#6788,#2473,#6805,.T.);
#6807=ORIENTED_EDGE('',*,*,#6806,.F.);
#6808=CARTESIAN_POINT('',(-11.74237623,128.677075644,172.64206769));
#6809=DIRECTION('',(-0.398794956,0.,-0.917040121));
#6810=DIRECTION('',(-0.917040121,0.,0.398794956));
#6811=AXIS2_PLACEMENT_3D('',#6808,#6809,#6810);
#6812=CIRCLE('',#6811,0.4);
#6813=EDGE_CURVE('',#1817,#6788,#6812,.T.);
#6814=ORIENTED_EDGE('',*,*,#6813,.F.);
#6815=ORIENTED_EDGE('',*,*,#3802,.F.);
#6816=ORIENTED_EDGE('',*,*,#2509,.T.);
#6817=EDGE_LOOP('',(#6807,#6814,#6815,#6816));
#6818=FACE_BOUND('',#6817,.T.);
#6819=ADVANCED_FACE('',(#6818),#6786,.T.);
#6820=CARTESIAN_POINT('',(-9.699572189,128.941646103,170.312810234));
#6821=CARTESIAN_POINT('',(-9.69853507,128.947914887,170.307385035));
#6822=CARTESIAN_POINT('',(-9.697460978,128.954010168,170.301766424));
#6823=CARTESIAN_POINT('',(-9.689399735,128.996942381,170.259597819));
#6824=CARTESIAN_POINT('',(-9.681068318,129.0265902,170.216015923));
#6825=CARTESIAN_POINT('',(-9.662902178,129.066664715,170.120988287));
#6826=CARTESIAN_POINT('',(-9.653074601,129.077075644,170.069579935));
#6827=CARTESIAN_POINT('',(-9.643243157,129.077075644,170.018151349));
#6828=CARTESIAN_POINT('',(-9.620554456,128.933906528,170.334866441));
#6829=CARTESIAN_POINT('',(-9.618883563,128.94009381,170.329927468));
#6830=CARTESIAN_POINT('',(-9.617183931,128.946125078,170.324803309));
#6831=CARTESIAN_POINT('',(-9.604645562,128.988728383,170.286276511));
#6832=CARTESIAN_POINT('',(-9.59282501,129.018833221,170.246092672));
#6833=CARTESIAN_POINT('',(-9.568862603,129.061546065,170.157405405));
#6834=CARTESIAN_POINT('',(-9.556729158,129.074139508,170.108931553));
#6835=CARTESIAN_POINT('',(-9.545306202,129.077075644,170.059710261));
#6836=CARTESIAN_POINT('',(-9.544384828,128.915978746,170.361066912));
#6837=CARTESIAN_POINT('',(-9.542101499,128.922015172,170.356619271));
#6838=CARTESIAN_POINT('',(-9.539795615,128.927910775,170.35199299));
#6839=CARTESIAN_POINT('',(-9.522903134,128.969646904,170.317122706));
#6840=CARTESIAN_POINT('',(-9.507605854,128.999648476,170.280296712));
#6841=CARTESIAN_POINT('',(-9.47758934,129.043726362,170.197959475));
#6842=CARTESIAN_POINT('',(-9.462879223,129.057789559,170.152472549));
#6843=CARTESIAN_POINT('',(-9.449444471,129.062949112,170.105650325));
#6844=CARTESIAN_POINT('',(-9.433995142,128.869655128,170.405962813));
#6845=CARTESIAN_POINT('',(-9.430813992,128.875334527,170.402262408));
#6846=CARTESIAN_POINT('',(-9.427618036,128.880893628,170.39839037));
#6847=CARTESIAN_POINT('',(-9.404322213,128.920345027,170.369040283));
#6848=CARTESIAN_POINT('',(-9.383852215,128.94924777,170.337183004));
#6849=CARTESIAN_POINT('',(-9.344639998,128.993311123,170.264232881));
#6850=CARTESIAN_POINT('',(-9.325907724,129.008460608,170.223158409));
#6851=CARTESIAN_POINT('',(-9.309187234,129.015808847,170.179972104));
#6852=CARTESIAN_POINT('',(-9.398058852,128.850922737,170.421798837));
#6853=CARTESIAN_POINT('',(-9.394583608,128.856460993,170.418347799));
#6854=CARTESIAN_POINT('',(-9.391095863,128.861885377,170.414726964));
#6855=CARTESIAN_POINT('',(-9.365698907,128.900408144,170.387212128));
#6856=CARTESIAN_POINT('',(-9.343520913,128.928783072,170.356989496));
#6857=CARTESIAN_POINT('',(-9.301239472,128.972486271,170.28712565));
#6858=CARTESIAN_POINT('',(-9.281146205,128.987804057,170.24750118));
#6859=CARTESIAN_POINT('',(-9.263290092,128.995682361,170.205525304));
#6860=CARTESIAN_POINT('',(-9.330198155,128.807512249,170.453803568));
#6861=CARTESIAN_POINT('',(-9.326163375,128.812728881,170.450834785));
#6862=CARTESIAN_POINT('',(-9.322120202,128.817843633,170.447698806));
#6863=CARTESIAN_POINT('',(-9.292721534,128.854210367,170.423719828));
#6864=CARTESIAN_POINT('',(-9.267278706,128.881235709,170.396612415));
#6865=CARTESIAN_POINT('',(-9.219098323,128.923554462,170.33260647));
#6866=CARTESIAN_POINT('',(-9.196371389,128.938838577,170.295721979));
#6867=CARTESIAN_POINT('',(-9.176296094,128.947382111,170.256042537));
#6868=CARTESIAN_POINT('',(-9.297930385,128.782710393,170.470107616));
#6869=CARTESIAN_POINT('',(-9.293627373,128.787745553,170.467373956));
#6870=CARTESIAN_POINT('',(-9.289317799,128.792684461,170.464473884));
#6871=CARTESIAN_POINT('',(-9.257998667,128.827817509,170.442212023));
#6872=CARTESIAN_POINT('',(-9.230982949,128.854018227,170.416600058));
#6873=CARTESIAN_POINT('',(-9.179944365,128.895313473,170.355393827));
#6874=CARTESIAN_POINT('',(-9.155932328,128.91039926,170.319812511));
#6875=CARTESIAN_POINT('',(-9.134763391,128.919084907,170.28122991));
#6876=CARTESIAN_POINT('',(-9.236754837,128.726185474,170.502800045));
#6877=CARTESIAN_POINT('',(-9.231938821,128.730810744,170.500522013));
#6878=CARTESIAN_POINT('',(-9.227119611,128.735350715,170.498078199));
#6879=CARTESIAN_POINT('',(-9.192125621,128.767670764,170.47913116));
#6880=CARTESIAN_POINT('',(-9.162095032,128.791911528,170.456372926));
#6881=CARTESIAN_POINT('',(-9.105569967,128.830517719,170.400470923));
#6882=CARTESIAN_POINT('',(-9.079086764,128.844875466,170.36733827));
#6883=CARTESIAN_POINT('',(-9.055811813,128.853514045,170.330809345));
#6884=CARTESIAN_POINT('',(-9.207620206,128.694078552,170.519337536));
#6885=CARTESIAN_POINT('',(-9.202557427,128.698472694,170.517281849));
#6886=CARTESIAN_POINT('',(-9.197493004,128.702786913,170.515060211));
#6887=CARTESIAN_POINT('',(-9.160730344,128.733508705,170.497724016));
#6888=CARTESIAN_POINT('',(-9.12924602,128.756599923,170.476334744));
#6889=CARTESIAN_POINT('',(-9.070071351,128.793517917,170.422956199));
#6890=CARTESIAN_POINT('',(-9.042392516,128.807337526,170.390977293));
#6891=CARTESIAN_POINT('',(-9.018097157,128.815781884,170.355411795));
#6892=CARTESIAN_POINT('',(-9.155170685,128.624819791,170.550484014));
#6893=CARTESIAN_POINT('',(-9.149659699,128.628717526,170.548836595));
#6894=CARTESIAN_POINT('',(-9.144149853,128.632545846,170.547022176));
#6895=CARTESIAN_POINT('',(-9.104174312,128.659819291,170.532633156));
#6896=CARTESIAN_POINT('',(-9.070048537,128.680383882,170.513720002));
#6897=CARTESIAN_POINT('',(-9.006066057,128.713451262,170.46486296));
#6898=CARTESIAN_POINT('',(-8.97622135,128.725947862,170.43492822));
#6899=CARTESIAN_POINT('',(-8.95008515,128.733753872,170.401052945));
#6900=CARTESIAN_POINT('',(-9.131574781,128.5875092,170.565227542));
#6901=CARTESIAN_POINT('',(-9.125860016,128.591140499,170.563768004));
#6902=CARTESIAN_POINT('',(-9.12014764,128.594707557,170.56214059));
#6903=CARTESIAN_POINT('',(-9.078711165,128.620123159,170.5491022));
#6904=CARTESIAN_POINT('',(-9.043383982,128.639305852,170.531308704));
#6905=CARTESIAN_POINT('',(-8.977218394,128.670206049,170.484473213));
#6906=CARTESIAN_POINT('',(-8.94639224,128.681917835,170.455439886));
#6907=CARTESIAN_POINT('',(-8.919426051,128.689282412,170.422300715));
#6908=CARTESIAN_POINT('',(-9.08955116,128.507190796,170.592369264));
#6909=CARTESIAN_POINT('',(-9.083470575,128.510249595,170.591249619));
#6910=CARTESIAN_POINT('',(-9.07739464,128.513254792,170.589959997));
#6911=CARTESIAN_POINT('',(-9.033335912,128.534671144,170.579357505));
#6912=CARTESIAN_POINT('',(-8.995853735,128.550857856,170.563562879));
#6913=CARTESIAN_POINT('',(-8.925783649,128.576997092,170.520300354));
#6914=CARTESIAN_POINT('',(-8.893208504,128.58694486,170.492840332));
#6915=CARTESIAN_POINT('',(-8.864773875,128.593257792,170.460967949));
#6916=CARTESIAN_POINT('',(-9.071039259,128.463789136,170.604832589));
#6917=CARTESIAN_POINT('',(-9.064795884,128.46653907,170.603865726));
#6918=CARTESIAN_POINT('',(-9.058558171,128.469240914,170.60272765));
#6919=CARTESIAN_POINT('',(-9.013332728,128.488496234,170.593215879));
#6920=CARTESIAN_POINT('',(-8.97489251,128.503054007,170.578304775));
#6921=CARTESIAN_POINT('',(-8.903092934,128.526575435,170.536601147));
#6922=CARTESIAN_POINT('',(-8.869746599,128.535534825,170.509816186));
#6923=CARTESIAN_POINT('',(-8.840670451,128.541231706,170.478476969));
#6924=CARTESIAN_POINT('',(-9.040594886,128.374073615,170.625785465));
#6925=CARTESIAN_POINT('',(-9.034082151,128.376185396,170.625072574));
#6926=CARTESIAN_POINT('',(-9.027576783,128.378260331,170.624186125));
#6927=CARTESIAN_POINT('',(-8.980421316,128.393048509,170.616483252));
#6928=CARTESIAN_POINT('',(-8.940397813,128.404232666,170.603025789));
#6929=CARTESIAN_POINT('',(-8.865748973,128.422313998,170.563864446));
#6930=CARTESIAN_POINT('',(-8.831137122,128.429207906,170.538167639));
#6931=CARTESIAN_POINT('',(-8.801016271,128.433600891,170.507675005));
#6932=CARTESIAN_POINT('',(-9.02846607,128.327497518,170.63440097));
#6933=CARTESIAN_POINT('',(-9.021845113,128.329278141,170.633790958));
#6934=CARTESIAN_POINT('',(-9.015232221,128.331027689,170.633006277));
#6935=CARTESIAN_POINT('',(-8.967301554,128.343496747,170.62603381));
#6936=CARTESIAN_POINT('',(-8.926642906,128.352926625,170.613156851));
#6937=CARTESIAN_POINT('',(-8.850855844,128.368170809,170.574998215));
#6938=CARTESIAN_POINT('',(-8.815741121,128.373982359,170.549723433));
#6939=CARTESIAN_POINT('',(-8.785209501,128.377684739,170.519551884));
#6940=CARTESIAN_POINT('',(-9.019448686,128.279122412,170.640871198));
#6941=CARTESIAN_POINT('',(-9.012747003,128.280559077,170.640338023));
#6942=CARTESIAN_POINT('',(-9.00605391,128.281970663,170.639629303));
#6943=CARTESIAN_POINT('',(-8.957545098,128.292031018,170.633201675));
#6944=CARTESIAN_POINT('',(-8.916413104,128.299639032,170.620755842));
#6945=CARTESIAN_POINT('',(-8.839779513,128.311937287,170.583337988));
#6946=CARTESIAN_POINT('',(-8.804291768,128.316625304,170.558372732));
#6947=CARTESIAN_POINT('',(-8.773456986,128.319611269,170.528434249));
#6948=B_SPLINE_SURFACE_WITH_KNOTS('',3,3,((#6820,#6821,#6822,#6823,#6824,#6825,#6826,#6827),(#6828,#6829,#6830,#6831,#6832,#6833,#6834,#6835),(#6836,#6837,#6838,#6839,#6840,#6841,#6842,#6843),(#6844,#6845,#6846,#6847,#6848,#6849,#6850,#6851),(#6852,#6853,#6854,#6855,#6856,#6857,#6858,#6859),(#6860,#6861,#6862,#6863,#6864,#6865,#6866,#6867),(#6868,#6869,#6870,#6871,#6872,#6873,#6874,#6875),(#6876,#6877,#6878,#6879,#6880,#6881,#6882,#6883),(#6884,#6885,#6886,#6887,#6888,#6889,#6890,#6891),(#6892,#6893,#6894,#6895,#6896,#6897,#6898,#6899),(#6900,#6901,#6902,#6903,#6904,#6905,#6906,#6907),(#6908,#6909,#6910,#6911,#6912,#6913,#6914,#6915),(#6916,#6917,#6918,#6919,#6920,#6921,#6922,#6923),(#6924,#6925,#6926,#6927,#6928,#6929,#6930,#6931),(#6932,#6933,#6934,#6935,#6936,#6937,#6938,#6939),(#6940,#6941,#6942,#6943,#6944,#6945,#6946,#6947)),.UNSPECIFIED.,.F.,.F.,.U.,(4,2,2,2,2,2,2,4),(4,2,2,4),(0.,0.000212566,0.000318849,0.000425132,0.000531415,0.000637698,0.000743981,0.000850264),(0.46010571,0.5,0.75,1.),.UNSPECIFIED.);
#6949=CARTESIAN_POINT('',(-9.699573185,128.941650775,170.312815443));
#6950=VERTEX_POINT('',#6949);
#6951=CARTESIAN_POINT('',(-8.996304991,128.283990867,170.63832504));
#6952=CARTESIAN_POINT('',(-9.011861949,128.374992961,170.62579371));
#6953=CARTESIAN_POINT('',(-9.03731825,128.460913267,170.605544768));
#6954=CARTESIAN_POINT('',(-9.074869406,128.541367952,170.578932675));
#6955=CARTESIAN_POINT('',(-9.112420562,128.621822636,170.552320583));
#6956=CARTESIAN_POINT('',(-9.161221756,128.694032533,170.520062038));
#6957=CARTESIAN_POINT('',(-9.222093551,128.754407449,170.486193637));
#6958=CARTESIAN_POINT('',(-9.252529449,128.784594908,170.469259437));
#6959=CARTESIAN_POINT('',(-9.286508472,128.812154671,170.451700515));
#6960=CARTESIAN_POINT('',(-9.322469682,128.835552764,170.434890935));
#6961=CARTESIAN_POINT('',(-9.358430892,128.858950857,170.418081355));
#6962=CARTESIAN_POINT('',(-9.396650972,128.878559129,170.401841106));
#6963=CARTESIAN_POINT('',(-9.437287824,128.894403257,170.38657391));
#6964=CARTESIAN_POINT('',(-9.477924677,128.910247384,170.371306714));
#6965=CARTESIAN_POINT('',(-9.521176363,128.922252744,170.357006008));
#6966=CARTESIAN_POINT('',(-9.565001959,128.930048808,170.344624601));
#6967=CARTESIAN_POINT('',(-9.608827554,128.937844872,170.332243195));
#6968=CARTESIAN_POINT('',(-9.653679837,128.941650775,170.321588733));
#6969=CARTESIAN_POINT('',(-9.699573185,128.941650775,170.312815443));
#6970=B_SPLINE_CURVE_WITH_KNOTS('',3,(#6951,#6952,#6953,#6954,#6955,#6956,#6957,#6958,#6959,#6960,#6961,#6962,#6963,#6964,#6965,#6966,#6967,#6968,#6969),.UNSPECIFIED.,.F.,.F.,(4,3,3,3,3,3,4),(0.,0.000275525,0.000551051,0.000688813,0.000826576,0.000964339,0.001102101),.UNSPECIFIED.);
#6971=EDGE_CURVE('',#6611,#6950,#6970,.T.);
#6972=ORIENTED_EDGE('',*,*,#6971,.F.);
#6973=ORIENTED_EDGE('',*,*,#6653,.T.);
#6974=CARTESIAN_POINT('',(-9.643243157,129.077075644,170.018151349));
#6975=CARTESIAN_POINT('',(-9.545306202,129.077075644,170.059710261));
#6976=CARTESIAN_POINT('',(-9.449444471,129.062949112,170.105650325));
#6977=CARTESIAN_POINT('',(-9.355939647,129.031522269,170.155198177));
#6978=CARTESIAN_POINT('',(-9.262434822,129.000095426,170.20474603));
#6979=CARTESIAN_POINT('',(-9.174239181,128.951870339,170.256440192));
#6980=CARTESIAN_POINT('',(-9.095287602,128.886299476,170.306019628));
#6981=CARTESIAN_POINT('',(-9.055811813,128.853514045,170.330809345));
#6982=CARTESIAN_POINT('',(-9.018097157,128.815781884,170.355411795));
#6983=CARTESIAN_POINT('',(-8.984091153,128.774767878,170.37823237));
#6984=CARTESIAN_POINT('',(-8.95008515,128.733753872,170.401052945));
#6985=CARTESIAN_POINT('',(-8.919426051,128.689282412,170.422300715));
#6986=CARTESIAN_POINT('',(-8.892099963,128.641270102,170.441634332));
#6987=CARTESIAN_POINT('',(-8.864773875,128.593257792,170.460967949));
#6988=CARTESIAN_POINT('',(-8.840670451,128.541231706,170.478476969));
#6989=CARTESIAN_POINT('',(-8.820843361,128.487416298,170.493075987));
#6990=CARTESIAN_POINT('',(-8.801016271,128.433600891,170.507675005));
#6991=CARTESIAN_POINT('',(-8.785209501,128.377684739,170.519551884));
#6992=CARTESIAN_POINT('',(-8.773456986,128.319611269,170.528434249));
#6993=B_SPLINE_CURVE_WITH_KNOTS('',3,(#6974,#6975,#6976,#6977,#6978,#6979,#6980,#6981,#6982,#6983,#6984,#6985,#6986,#6987,#6988,#6989,#6990,#6991,#6992),.UNSPECIFIED.,.F.,.F.,(4,3,3,3,3,3,4),(0.,0.000212566,0.000425132,0.000531415,0.000637698,0.000743981,0.000850264),.UNSPECIFIED.);
#6994=EDGE_CURVE('',#1781,#3383,#6993,.T.);
#6995=ORIENTED_EDGE('',*,*,#6994,.F.);
#6996=CARTESIAN_POINT('',(-9.643243157,128.677075644,170.018151349));
#6997=DIRECTION('',(-0.982213645,-0.,-0.18776676));
#6998=DIRECTION('',(-0.18776676,-0.,0.982213645));
#6999=AXIS2_PLACEMENT_3D('',#6996,#6997,#6998);
#7000=CIRCLE('',#6999,0.4);
#7001=EDGE_CURVE('',#6950,#1781,#7000,.T.);
#7002=ORIENTED_EDGE('',*,*,#7001,.F.);
#7003=EDGE_LOOP('',(#6972,#6973,#6995,#7002));
#7004=FACE_BOUND('',#7003,.T.);
#7005=ADVANCED_FACE('',(#7004),#6948,.T.);
#7006=CARTESIAN_POINT('',(-10.,128.677075644,171.884357274));
#7007=DIRECTION('',(-0.,-1.,-0.));
#7008=DIRECTION('',(0.,0.,-1.));
#7009=AXIS2_PLACEMENT_3D('',#7006,#7007,#7008);
#7010=TOROIDAL_SURFACE('',#7009,1.9,0.4);
#7011=CARTESIAN_POINT('',(-10.,128.941650775,170.284357274));
#7012=VERTEX_POINT('',#7011);
#7013=CARTESIAN_POINT('',(-10.,128.677075644,169.984357274));
#7014=DIRECTION('',(1.,-0.,0.));
#7015=DIRECTION('',(0.,0.,-1.));
#7016=AXIS2_PLACEMENT_3D('',#7013,#7014,#7015);
#7017=CIRCLE('',#7016,0.4);
#7018=EDGE_CURVE('',#1826,#7012,#7017,.T.);
#7019=ORIENTED_EDGE('',*,*,#7018,.T.);
#7020=CARTESIAN_POINT('',(-10.,128.941650775,171.884357274));
#7021=DIRECTION('',(0.,1.,0.));
#7022=DIRECTION('',(0.,0.,-1.));
#7023=AXIS2_PLACEMENT_3D('',#7020,#7021,#7022);
#7024=CIRCLE('',#7023,1.6);
#7025=EDGE_CURVE('',#6950,#7012,#7024,.T.);
#7026=ORIENTED_EDGE('',*,*,#7025,.F.);
#7027=ORIENTED_EDGE('',*,*,#7001,.T.);
#7028=ORIENTED_EDGE('',*,*,#1839,.F.);
#7029=EDGE_LOOP('',(#7019,#7026,#7027,#7028));
#7030=FACE_BOUND('',#7029,.T.);
#7031=ADVANCED_FACE('',(#7030),#7010,.T.);
#7032=CARTESIAN_POINT('',(10.,104.077075644,171.884357274));
#7033=DIRECTION('',(0.,1.,0.));
#7034=DIRECTION('',(-0.,-0.,1.));
#7035=AXIS2_PLACEMENT_3D('',#7032,#7033,#7034);
#7036=CYLINDRICAL_SURFACE('',#7035,1.6);
#7037=CARTESIAN_POINT('',(10.,107.067075644,173.484357274));
#7038=VERTEX_POINT('',#7037);
#7039=CARTESIAN_POINT('',(10.,123.283235,173.484357274));
#7040=DIRECTION('',(-0.,-1.,-0.));
#7041=VECTOR('',#7040,16.216159356);
#7042=LINE('',#7039,#7041);
#7043=EDGE_CURVE('',#5821,#7038,#7042,.T.);
#7044=ORIENTED_EDGE('',*,*,#7043,.F.);
#7045=ORIENTED_EDGE('',*,*,#5856,.T.);
#7046=ORIENTED_EDGE('',*,*,#6217,.T.);
#7047=ORIENTED_EDGE('',*,*,#6250,.T.);
#7048=CARTESIAN_POINT('',(10.,128.941650775,171.884357274));
#7049=DIRECTION('',(0.,1.,0.));
#7050=DIRECTION('',(0.,0.,-1.));
#7051=AXIS2_PLACEMENT_3D('',#7048,#7049,#7050);
#7052=CIRCLE('',#7051,1.6);
#7053=EDGE_CURVE('',#6237,#6034,#7052,.T.);
#7054=ORIENTED_EDGE('',*,*,#7053,.T.);
#7055=ORIENTED_EDGE('',*,*,#6052,.T.);
#7056=ORIENTED_EDGE('',*,*,#3147,.T.);
#7057=ORIENTED_EDGE('',*,*,#2711,.T.);
#7058=ORIENTED_EDGE('',*,*,#2595,.T.);
#7059=ORIENTED_EDGE('',*,*,#5890,.T.);
#7060=ORIENTED_EDGE('',*,*,#7043,.T.);
#7061=CARTESIAN_POINT('',(10.,107.067075644,171.884357274));
#7062=DIRECTION('',(-0.,-1.,-0.));
#7063=DIRECTION('',(-0.,-0.,1.));
#7064=AXIS2_PLACEMENT_3D('',#7061,#7062,#7063);
#7065=CIRCLE('',#7064,1.6);
#7066=EDGE_CURVE('',#7038,#7038,#7065,.T.);
#7067=ORIENTED_EDGE('',*,*,#7066,.T.);
#7068=EDGE_LOOP('',(#7044,#7045,#7046,#7047,#7054,#7055,#7056,#7057,#7058,#7059,#7060,#7067));
#7069=FACE_BOUND('',#7068,.T.);
#7070=ADVANCED_FACE('',(#7069),#7036,.F.);
#7071=CARTESIAN_POINT('',(-10.,104.077075644,171.884357274));
#7072=DIRECTION('',(0.,1.,0.));
#7073=DIRECTION('',(-0.,-0.,1.));
#7074=AXIS2_PLACEMENT_3D('',#7071,#7072,#7073);
#7075=CYLINDRICAL_SURFACE('',#7074,1.6);
#7076=CARTESIAN_POINT('',(-10.,107.057075644,173.484357274));
#7077=VERTEX_POINT('',#7076);
#7078=CARTESIAN_POINT('',(-10.,123.283237554,173.484357274));
#7079=DIRECTION('',(-0.,-1.,-0.));
#7080=VECTOR('',#7079,16.22616191);
#7081=LINE('',#7078,#7080);
#7082=EDGE_CURVE('',#2443,#7077,#7081,.T.);
#7083=ORIENTED_EDGE('',*,*,#7082,.F.);
#7084=ORIENTED_EDGE('',*,*,#2470,.T.);
#7085=ORIENTED_EDGE('',*,*,#2034,.T.);
#7086=ORIENTED_EDGE('',*,*,#1918,.T.);
#7087=ORIENTED_EDGE('',*,*,#6644,.T.);
#7088=ORIENTED_EDGE('',*,*,#6971,.T.);
#7089=ORIENTED_EDGE('',*,*,#7025,.T.);
#7090=CARTESIAN_POINT('',(-10.,128.941650775,171.884357274));
#7091=DIRECTION('',(0.,1.,0.));
#7092=DIRECTION('',(0.,0.,-1.));
#7093=AXIS2_PLACEMENT_3D('',#7090,#7091,#7092);
#7094=CIRCLE('',#7093,1.6);
#7095=EDGE_CURVE('',#7012,#6788,#7094,.T.);
#7096=ORIENTED_EDGE('',*,*,#7095,.T.);
#7097=ORIENTED_EDGE('',*,*,#6806,.T.);
#7098=ORIENTED_EDGE('',*,*,#2500,.T.);
#7099=ORIENTED_EDGE('',*,*,#7082,.T.);
#7100=CARTESIAN_POINT('',(-10.,107.057075644,171.884357274));
#7101=DIRECTION('',(-0.,-1.,-0.));
#7102=DIRECTION('',(-0.,-0.,1.));
#7103=AXIS2_PLACEMENT_3D('',#7100,#7101,#7102);
#7104=CIRCLE('',#7103,1.6);
#7105=EDGE_CURVE('',#7077,#7077,#7104,.T.);
#7106=ORIENTED_EDGE('',*,*,#7105,.T.);
#7107=EDGE_LOOP('',(#7083,#7084,#7085,#7086,#7087,#7088,#7089,#7096,#7097,#7098,#7099,#7106));
#7108=FACE_BOUND('',#7107,.T.);
#7109=ADVANCED_FACE('',(#7108),#7075,.F.);
#7110=CARTESIAN_POINT('',(-10.,107.077075644,171.884357274));
#7111=DIRECTION('',(0.,1.,0.));
#7112=DIRECTION('',(-0.,-0.,1.));
#7113=AXIS2_PLACEMENT_3D('',#7110,#7111,#7112);
#7114=CONICAL_SURFACE('',#7113,1.62,45.);
#7115=CARTESIAN_POINT('',(-10.,107.057075644,173.484357274));
#7116=DIRECTION('',(-0.,-0.707106781,-0.707106781));
#7117=VECTOR('',#7116,0.565685425);
#7118=LINE('',#7115,#7117);
#7119=EDGE_CURVE('',#7077,#1117,#7118,.T.);
#7120=ORIENTED_EDGE('',*,*,#7119,.F.);
#7121=ORIENTED_EDGE('',*,*,#7105,.F.);
#7122=ORIENTED_EDGE('',*,*,#7119,.T.);
#7123=ORIENTED_EDGE('',*,*,#1123,.F.);
#7124=ORIENTED_EDGE('',*,*,#1139,.F.);
#7125=ORIENTED_EDGE('',*,*,#1132,.F.);
#7126=EDGE_LOOP('',(#7120,#7121,#7122,#7123,#7124,#7125));
#7127=FACE_BOUND('',#7126,.T.);
#7128=ADVANCED_FACE('',(#7127),#7114,.F.);
#7129=CARTESIAN_POINT('',(10.,107.077075644,171.884357274));
#7130=DIRECTION('',(0.,1.,0.));
#7131=DIRECTION('',(-0.,-0.,1.));
#7132=AXIS2_PLACEMENT_3D('',#7129,#7130,#7131);
#7133=CONICAL_SURFACE('',#7132,1.61,45.);
#7134=CARTESIAN_POINT('',(10.,107.067075644,173.484357274));
#7135=DIRECTION('',(0.,-0.707106781,-0.707106781));
#7136=VECTOR('',#7135,0.565685425);
#7137=LINE('',#7134,#7136);
#7138=EDGE_CURVE('',#7038,#1249,#7137,.T.);
#7139=ORIENTED_EDGE('',*,*,#7138,.F.);
#7140=ORIENTED_EDGE('',*,*,#7066,.F.);
#7141=ORIENTED_EDGE('',*,*,#7138,.T.);
#7142=ORIENTED_EDGE('',*,*,#1255,.F.);
#7143=ORIENTED_EDGE('',*,*,#1271,.F.);
#7144=ORIENTED_EDGE('',*,*,#1264,.F.);
#7145=EDGE_LOOP('',(#7139,#7140,#7141,#7142,#7143,#7144));
#7146=FACE_BOUND('',#7145,.T.);
#7147=ADVANCED_FACE('',(#7146),#7133,.F.);
#7148=CARTESIAN_POINT('',(10.6,49.417113848,59.4));
#7149=DIRECTION('',(-1.,0.,-0.));
#7150=DIRECTION('',(-0.,-1.,-0.));
#7151=AXIS2_PLACEMENT_3D('',#7148,#7149,#7150);
#7152=PLANE('',#7151);
#7153=ORIENTED_EDGE('',*,*,#690,.F.);
#7154=CARTESIAN_POINT('',(10.6,111.377075644,175.334357274));
#7155=VERTEX_POINT('',#7154);
#7156=CARTESIAN_POINT('',(10.6,111.377075644,172.834357274));
#7157=DIRECTION('',(-1.,0.,-0.));
#7158=DIRECTION('',(0.,0.,-1.));
#7159=AXIS2_PLACEMENT_3D('',#7156,#7157,#7158);
#7160=CIRCLE('',#7159,2.5);
#7161=EDGE_CURVE('',#640,#7155,#7160,.T.);
#7162=ORIENTED_EDGE('',*,*,#7161,.T.);
#7163=CARTESIAN_POINT('',(10.6,111.377075644,172.834357274));
#7164=DIRECTION('',(-1.,0.,-0.));
#7165=DIRECTION('',(0.,0.,-1.));
#7166=AXIS2_PLACEMENT_3D('',#7163,#7164,#7165);
#7167=CIRCLE('',#7166,2.5);
#7168=EDGE_CURVE('',#7155,#685,#7167,.T.);
#7169=ORIENTED_EDGE('',*,*,#7168,.T.);
#7170=EDGE_LOOP('',(#7153,#7162,#7169));
#7171=FACE_BOUND('',#7170,.T.);
#7172=ADVANCED_FACE('',(#7171),#7152,.T.);
#7173=OVER_RIDING_STYLED_ITEM('',(#1723),#7172,#82);
#7174=CARTESIAN_POINT('',(13.5,111.377075644,172.834357274));
#7175=DIRECTION('',(1.,-0.,0.));
#7176=DIRECTION('',(-0.,-0.,1.));
#7177=AXIS2_PLACEMENT_3D('',#7174,#7175,#7176);
#7178=CYLINDRICAL_SURFACE('',#7177,2.5);
#7179=CARTESIAN_POINT('',(19.6,111.377075644,175.334357274));
#7180=VERTEX_POINT('',#7179);
#7181=CARTESIAN_POINT('',(19.6,111.377075644,175.334357274));
#7182=DIRECTION('',(-1.,0.,-0.));
#7183=VECTOR('',#7182,9.);
#7184=LINE('',#7181,#7183);
#7185=EDGE_CURVE('',#7180,#7155,#7184,.T.);
#7186=ORIENTED_EDGE('',*,*,#7185,.T.);
#7187=ORIENTED_EDGE('',*,*,#7161,.F.);
#7188=ORIENTED_EDGE('',*,*,#682,.T.);
#7189=ORIENTED_EDGE('',*,*,#1351,.F.);
#7190=ORIENTED_EDGE('',*,*,#729,.T.);
#7191=ORIENTED_EDGE('',*,*,#7168,.F.);
#7192=ORIENTED_EDGE('',*,*,#7185,.F.);
#7193=CARTESIAN_POINT('',(19.6,111.377075644,170.334357274));
#7194=VERTEX_POINT('',#7193);
#7195=CARTESIAN_POINT('',(19.6,111.377075644,172.834357274));
#7196=DIRECTION('',(-1.,0.,-0.));
#7197=DIRECTION('',(0.,0.,-1.));
#7198=AXIS2_PLACEMENT_3D('',#7195,#7196,#7197);
#7199=CIRCLE('',#7198,2.5);
#7200=EDGE_CURVE('',#7180,#7194,#7199,.T.);
#7201=ORIENTED_EDGE('',*,*,#7200,.T.);
#7202=CARTESIAN_POINT('',(19.6,111.377075644,172.834357274));
#7203=DIRECTION('',(-1.,0.,-0.));
#7204=DIRECTION('',(0.,0.,-1.));
#7205=AXIS2_PLACEMENT_3D('',#7202,#7203,#7204);
#7206=CIRCLE('',#7205,2.5);
#7207=EDGE_CURVE('',#7194,#7180,#7206,.T.);
#7208=ORIENTED_EDGE('',*,*,#7207,.T.);
#7209=EDGE_LOOP('',(#7186,#7187,#7188,#7189,#7190,#7191,#7192,#7201,#7208));
#7210=FACE_BOUND('',#7209,.T.);
#7211=ADVANCED_FACE('',(#7210),#7178,.T.);
#7212=OVER_RIDING_STYLED_ITEM('',(#1723),#7211,#82);
#7213=CARTESIAN_POINT('',(20.5,49.417113848,59.4));
#7214=DIRECTION('',(-1.,0.,-0.));
#7215=DIRECTION('',(-0.,-1.,-0.));
#7216=AXIS2_PLACEMENT_3D('',#7213,#7214,#7215);
#7217=PLANE('',#7216);
#7218=CARTESIAN_POINT('',(20.5,111.377075644,171.234357274));
#7219=VERTEX_POINT('',#7218);
#7220=CARTESIAN_POINT('',(20.5,111.377075644,172.834357274));
#7221=DIRECTION('',(1.,-0.,0.));
#7222=DIRECTION('',(0.,0.,-1.));
#7223=AXIS2_PLACEMENT_3D('',#7220,#7221,#7222);
#7224=CIRCLE('',#7223,1.6);
#7225=EDGE_CURVE('',#7219,#7219,#7224,.T.);
#7226=ORIENTED_EDGE('',*,*,#7225,.T.);
#7227=EDGE_LOOP('',(#7226));
#7228=FACE_BOUND('',#7227,.T.);
#7229=ADVANCED_FACE('',(#7228),#7217,.F.);
#7230=OVER_RIDING_STYLED_ITEM('',(#1723),#7229,#82);
#7231=CARTESIAN_POINT('',(19.6,111.377075644,172.834357274));
#7232=DIRECTION('',(-1.,0.,-0.));
#7233=DIRECTION('',(0.,0.,-1.));
#7234=AXIS2_PLACEMENT_3D('',#7231,#7232,#7233);
#7235=TOROIDAL_SURFACE('',#7234,1.6,0.9);
#7236=CARTESIAN_POINT('',(19.6,111.377075644,171.234357274));
#7237=DIRECTION('',(-0.,-1.,-0.));
#7238=DIRECTION('',(0.,0.,-1.));
#7239=AXIS2_PLACEMENT_3D('',#7236,#7237,#7238);
#7240=CIRCLE('',#7239,0.9);
#7241=EDGE_CURVE('',#7194,#7219,#7240,.T.);
#7242=ORIENTED_EDGE('',*,*,#7241,.T.);
#7243=ORIENTED_EDGE('',*,*,#7225,.F.);
#7244=ORIENTED_EDGE('',*,*,#7241,.F.);
#7245=ORIENTED_EDGE('',*,*,#7200,.F.);
#7246=ORIENTED_EDGE('',*,*,#7207,.F.);
#7247=EDGE_LOOP('',(#7242,#7243,#7244,#7245,#7246));
#7248=FACE_BOUND('',#7247,.T.);
#7249=ADVANCED_FACE('',(#7248),#7235,.T.);
#7250=OVER_RIDING_STYLED_ITEM('',(#1723),#7249,#82);
#7251=CARTESIAN_POINT('',(29.5,111.377075644,172.834357274));
#7252=DIRECTION('',(-1.,0.,-0.));
#7253=DIRECTION('',(0.,0.,-1.));
#7254=AXIS2_PLACEMENT_3D('',#7251,#7252,#7253);
#7255=CYLINDRICAL_SURFACE('',#7254,7.5);
#7256=ORIENTED_EDGE('',*,*,#1245,.T.);
#7257=EDGE_LOOP('',(#7256));
#7258=FACE_BOUND('',#7257,.T.);
#7259=ORIENTED_EDGE('',*,*,#1113,.T.);
#7260=EDGE_LOOP('',(#7259));
#7261=FACE_BOUND('',#7260,.T.);
#7262=ORIENTED_EDGE('',*,*,#629,.T.);
#7263=ORIENTED_EDGE('',*,*,#1471,.T.);
#7264=ORIENTED_EDGE('',*,*,#1408,.T.);
#7265=CARTESIAN_POINT('',(6.081346415,103.979960096,171.596342105));
#7266=CARTESIAN_POINT('',(5.628708748,104.02956117,171.299976692));
#7267=CARTESIAN_POINT('',(5.161338169,104.090944088,171.040908613));
#7268=CARTESIAN_POINT('',(4.679007972,104.153556614,170.816741648));
#7269=CARTESIAN_POINT('',(4.196677776,104.216169139,170.592574684));
#7270=CARTESIAN_POINT('',(3.699389035,104.280106338,170.403332662));
#7271=CARTESIAN_POINT('',(3.185879612,104.336584377,170.249500853));
#7272=CARTESIAN_POINT('',(2.9291249,104.364823397,170.172584949));
#7273=CARTESIAN_POINT('',(2.667169379,104.39131058,170.104331673));
#7274=CARTESIAN_POINT('',(2.403858721,104.414699306,170.045931962));
#7275=CARTESIAN_POINT('',(2.140548064,104.438088031,169.987532251));
#7276=CARTESIAN_POINT('',(1.876483665,104.45834787,169.939018156));
#7277=CARTESIAN_POINT('',(1.611663757,104.474865877,169.900162268));
#7278=CARTESIAN_POINT('',(1.08202394,104.507901892,169.822450493));
#7279=CARTESIAN_POINT('',(0.549366265,104.525756872,169.783221158));
#7280=CARTESIAN_POINT('',(0.01361826,104.526049616,169.782563971));
#7281=CARTESIAN_POINT('',(-0.254255743,104.526195988,169.782235378));
#7282=CARTESIAN_POINT('',(-0.522903394,104.522004801,169.791587559));
#7283=CARTESIAN_POINT('',(-0.792340273,104.513512151,169.810866547));
#7284=CARTESIAN_POINT('',(-1.061777152,104.505019502,169.830145535));
#7285=CARTESIAN_POINT('',(-1.332586983,104.492152702,169.85952661));
#7286=CARTESIAN_POINT('',(-1.599365621,104.475630254,169.898364847));
#7287=CARTESIAN_POINT('',(-2.132922896,104.442585359,169.976041322));
#7288=CARTESIAN_POINT('',(-2.655063077,104.394733216,170.0915087));
#7289=CARTESIAN_POINT('',(-3.166684928,104.338691215,170.243769576));
#7290=CARTESIAN_POINT('',(-3.422495854,104.310670214,170.319900014));
#7291=CARTESIAN_POINT('',(-3.675668949,104.280634016,170.405271718));
#7292=CARTESIAN_POINT('',(-3.926265947,104.249602383,170.5000212));
#7293=CARTESIAN_POINT('',(-4.176862946,104.21857075,170.594770682));
#7294=CARTESIAN_POINT('',(-4.425559293,104.18645379,170.699223126));
#7295=CARTESIAN_POINT('',(-4.669893682,104.154739698,170.812510721));
#7296=CARTESIAN_POINT('',(-5.15856246,104.091311516,171.03908591));
#7297=CARTESIAN_POINT('',(-5.628791227,104.029552131,171.300030695));
#7298=CARTESIAN_POINT('',(-6.081346415,103.979960096,171.596342105));
#7299=B_SPLINE_CURVE_WITH_KNOTS('',3,(#7265,#7266,#7267,#7268,#7269,#7270,#7271,#7272,#7273,#7274,#7275,#7276,#7277,#7278,#7279,#7280,#7281,#7282,#7283,#7284,#7285,#7286,#7287,#7288,#7289,#7290,
#7291,#7292,#7293,#7294,#7295,#7296,#7297,#7298),.UNSPECIFIED.,.F.,.F.,(4,3,3,3,3,3,3,3,3,3,3,4),(0.,0.001606042,0.003212085,0.004015106,0.004818127,0.006424169,0.007227191,0.008030212,0.009636254,0.010439275,0.011242297,0.012848339),.UNSPECIFIED.);
#7300=EDGE_CURVE('',#1362,#1509,#7299,.T.);
#7301=ORIENTED_EDGE('',*,*,#7300,.T.);
#7302=ORIENTED_EDGE('',*,*,#1521,.T.);
#7303=ORIENTED_EDGE('',*,*,#157,.T.);
#7304=ORIENTED_EDGE('',*,*,#1855,.F.);
#7305=ORIENTED_EDGE('',*,*,#1639,.F.);
#7306=ORIENTED_EDGE('',*,*,#1297,.F.);
#7307=ORIENTED_EDGE('',*,*,#1592,.F.);
#7308=ORIENTED_EDGE('',*,*,#1329,.F.);
#7309=EDGE_LOOP('',(#7262,#7263,#7264,#7301,#7302,#7303,#7304,#7305,#7306,#7307,#7308));
#7310=FACE_BOUND('',#7309,.T.);
#7311=ADVANCED_FACE('',(#7258,#7261,#7310),#7255,.T.);
#7312=CARTESIAN_POINT('',(0.,129.077075644,180.884357274));
#7313=DIRECTION('',(-0.,-1.,-0.));
#7314=DIRECTION('',(0.,0.,-1.));
#7315=AXIS2_PLACEMENT_3D('',#7312,#7313,#7314);
#7316=CYLINDRICAL_SURFACE('',#7315,11.101801656);
#7317=ORIENTED_EDGE('',*,*,#1369,.T.);
#7318=ORIENTED_EDGE('',*,*,#5281,.T.);
#7319=ORIENTED_EDGE('',*,*,#1529,.T.);
#7320=ORIENTED_EDGE('',*,*,#7300,.F.);
#7321=EDGE_LOOP('',(#7317,#7318,#7319,#7320));
#7322=FACE_BOUND('',#7321,.T.);
#7323=ADVANCED_FACE('',(#7322),#7316,.F.);
#7324=CARTESIAN_POINT('',(0.,128.077075644,179.884357274));
#7325=DIRECTION('',(-0.,-1.,-0.));
#7326=DIRECTION('',(0.,0.,-1.));
#7327=AXIS2_PLACEMENT_3D('',#7324,#7325,#7326);
#7328=TOROIDAL_SURFACE('',#7327,13.79616461,1.);
#7329=ORIENTED_EDGE('',*,*,#3207,.F.);
#7330=ORIENTED_EDGE('',*,*,#5440,.F.);
#7331=ORIENTED_EDGE('',*,*,#1789,.F.);
#7332=ORIENTED_EDGE('',*,*,#6994,.T.);
#7333=ORIENTED_EDGE('',*,*,#3389,.F.);
#7334=EDGE_LOOP('',(#7329,#7330,#7331,#7332,#7333));
#7335=FACE_BOUND('',#7334,.T.);
#7336=ADVANCED_FACE('',(#7335),#7328,.T.);
#7337=CARTESIAN_POINT('',(10.,128.677075644,171.884357274));
#7338=DIRECTION('',(-0.,-1.,-0.));
#7339=DIRECTION('',(0.,0.,-1.));
#7340=AXIS2_PLACEMENT_3D('',#7337,#7338,#7339);
#7341=TOROIDAL_SURFACE('',#7340,1.9,0.4);
#7342=ORIENTED_EDGE('',*,*,#6243,.F.);
#7343=ORIENTED_EDGE('',*,*,#3348,.F.);
#7344=ORIENTED_EDGE('',*,*,#6059,.T.);
#7345=ORIENTED_EDGE('',*,*,#7053,.F.);
#7346=EDGE_LOOP('',(#7342,#7343,#7344,#7345));
#7347=FACE_BOUND('',#7346,.T.);
#7348=ADVANCED_FACE('',(#7347),#7341,.T.);
#7349=CARTESIAN_POINT('',(-10.,128.677075644,171.884357274));
#7350=DIRECTION('',(-0.,-1.,-0.));
#7351=DIRECTION('',(0.,0.,-1.));
#7352=AXIS2_PLACEMENT_3D('',#7349,#7350,#7351);
#7353=TOROIDAL_SURFACE('',#7352,1.9,0.4);
#7354=ORIENTED_EDGE('',*,*,#7018,.F.);
#7355=ORIENTED_EDGE('',*,*,#1832,.F.);
#7356=ORIENTED_EDGE('',*,*,#6813,.T.);
#7357=ORIENTED_EDGE('',*,*,#7095,.F.);
#7358=EDGE_LOOP('',(#7354,#7355,#7356,#7357));
#7359=FACE_BOUND('',#7358,.T.);
#7360=ADVANCED_FACE('',(#7359),#7353,.T.);
#7361=CLOSED_SHELL('',(#557,#1011,#1143,#1275,#1315,#1355,#1454,#1502,#1562,#1604,#1658,#1716,#1735,#1753,#1773,#1843,#1868,#1986,#2088,#2545,#2663,#2765,#3192,#3267,#3326,#3375,
#3691,#3715,#3739,#3757,#3775,#3814,#3831,#3848,#4442,#4552,#5126,#5286,#5402,#5419,#5455,#5466,#5903,#6065,#6230,#6256,#6657,#6819,#7005,#7031,#7070,
#7109,#7128,#7147,#7172,#7211,#7229,#7249,#7311,#7323,#7336,#7348,#7360));
#7362=MANIFOLD_SOLID_BREP('K\S\vrper 45 (2)',#7361);
#7363=COLOUR_RGB('',0.494117647,0.494117647,0.525490224);
#7364=FILL_AREA_STYLE_COLOUR('',#7363);
#7365=FILL_AREA_STYLE('',(#7364));
#7366=SURFACE_STYLE_FILL_AREA(#7365);
#7367=SURFACE_SIDE_STYLE('',(#7366));
#7368=SURFACE_STYLE_USAGE(.BOTH.,#7367);
#7369=PRESENTATION_STYLE_ASSIGNMENT((#7368));
#82=STYLED_ITEM('',(#7369),#7362);
#63=SHAPE_REPRESENTATION('Schienenhalter 7.5mm (NN +3mm)',(#15),#61);
#64=ADVANCED_BREP_SHAPE_REPRESENTATION('Schienenhalter 7.5mm (NN +3mm)',(#7362),#61);
#7377=SHAPE_REPRESENTATION_RELATIONSHIP('','',#63,#64);
#7378=CARTESIAN_POINT('',(0.,0.,0.));
#7379=DIRECTION('',(0.,0.,1.));
#7380=DIRECTION('',(1.,0.,0.));
#7381=AXIS2_PLACEMENT_3D('',#7378,#7379,#7380);
#7383=MAPPED_ITEM('',#7382,#7381);
#7382=REPRESENTATION_MAP(#7381,#63);
#7384=APPLICATION_CONTEXT('Managed model based 3d engineering');
#7385=APPLICATION_PROTOCOL_DEFINITION('international standard','ap242_managed_model_based_3d_engineering',2014,#7384);
#7386=PRODUCT_CONTEXT('',#7384,'mechanical');
#7387=PRODUCT_DEFINITION_CONTEXT('part definition',#7384,'design');
#71=PRODUCT('Schienenhalter 7.5mm (NN +3mm)','Schienenhalter 7.5mm (NN +3mm)','',(#7386));
#7388=PRODUCT_RELATED_PRODUCT_CATEGORY('part','',(#71));
#7389=PRODUCT_DEFINITION_FORMATION_WITH_SPECIFIED_SOURCE('','',#71,.NOT_KNOWN.);
#72=PRODUCT_DEFINITION('design','',#7389,#7387);
#70=PRODUCT_DEFINITION_SHAPE('','',#72);
#7390=SHAPE_DEFINITION_REPRESENTATION(#70,#63);
#62=DRAUGHTING_MODEL('',(#7383),#61);
#35=SHAPE_REPRESENTATION('Schienenhalter (r = 7.5mm)',(#15,#76),#33);
#7391=CARTESIAN_POINT('',(0.,0.,0.));
#7392=DIRECTION('',(0.,0.,1.));
#7393=DIRECTION('',(1.,0.,0.));
#7394=AXIS2_PLACEMENT_3D('',#7391,#7392,#7393);
#7396=MAPPED_ITEM('',#7395,#7394);
#7395=REPRESENTATION_MAP(#7394,#35);
#43=PRODUCT('Schienenhalter (r = 7.5mm)','Schienenhalter (r = 7.5mm)','',(#7386));
#7397=PRODUCT_RELATED_PRODUCT_CATEGORY('part','',(#43));
#7398=PRODUCT_DEFINITION_FORMATION_WITH_SPECIFIED_SOURCE('','',#43,.NOT_KNOWN.);
#44=PRODUCT_DEFINITION('design','',#7398,#7387);
#42=PRODUCT_DEFINITION_SHAPE('','',#44);
#7399=SHAPE_DEFINITION_REPRESENTATION(#42,#35);
#34=DRAUGHTING_MODEL('',(#7396),#33);
#16=SHAPE_REPRESENTATION('root',(#15,#48),#10);
#7400=CARTESIAN_POINT('',(0.,0.,0.));
#7401=DIRECTION('',(0.,0.,1.));
#7402=DIRECTION('',(1.,0.,0.));
#7403=AXIS2_PLACEMENT_3D('',#7400,#7401,#7402);
#7405=MAPPED_ITEM('',#7404,#7403);
#7404=REPRESENTATION_MAP(#7403,#16);
#24=PRODUCT('root','root','',(#7386));
#7406=PRODUCT_RELATED_PRODUCT_CATEGORY('part','',(#24));
#7407=PRODUCT_DEFINITION_FORMATION_WITH_SPECIFIED_SOURCE('','',#24,.NOT_KNOWN.);
#25=PRODUCT_DEFINITION('design','',#7407,#7387);
#23=PRODUCT_DEFINITION_SHAPE('','',#25);
#7408=SHAPE_DEFINITION_REPRESENTATION(#23,#16);
#11=DRAUGHTING_MODEL('',(#7405),#10);
#7409=DESCRIPTIVE_REPRESENTATION_ITEM('KEY','C:\\Users\\Ruben\\AppData\\Local\\Packages\\Shapr3D.Shapr3D_dvv5p1vgwv6mp\\TempState\\75086b3e-e3a3-483d-93dc-3246e9b280e2.tmp');
#7410=PROPERTY_DEFINITION('KEY','',#25);
#7411=REPRESENTATION('',(#7409),#10);
#7412=PROPERTY_DEFINITION_REPRESENTATION(#7410,#7411);
#7413=GENERAL_PROPERTY('','KEY','');
#7414=GENERAL_PROPERTY_ASSOCIATION('','',#7413,#7410);
#1=MECHANICAL_DESIGN_GEOMETRIC_PRESENTATION_REPRESENTATION('',(#1724,#1736,#1754,#1774,#7173,#7212,#7230,#7250,#82),#10);
ENDSEC;
END-ISO-10303-21;
