ISO-10303-21;
HEADER;

/* File generated by Shapr3D Version 5.1014.10201.0 */

FILE_DESCRIPTION(('HOOPS Exchange Step'),'2;1');

FILE_NAME('C:\\Users\\Ruben\\AppData\\Local\\Packages\\Shapr3D.Shapr3D_dvv5p1vgwv6mp\\TempState\\export\\temp_export',
'2026-01-15T21:58:28+01:00',
('Ruben'),
('Shapr3D Limited'),
'HOOPS Exchange 2025.7',
'Shapr3D',
'Authorized');

FILE_SCHEMA( ('AP242_MANAGED_MODEL_BASED_3D_ENGINEERING_MIM_LF {1 0 10303 442 1 1 4}') );

ENDSEC;

DATA;
#3=(NAMED_UNIT(*)PLANE_ANGLE_UNIT()SI_UNIT($,.RADIAN.));
#4=PLANE_ANGLE_MEASURE_WITH_UNIT(PLANE_ANGLE_MEASURE(0.0174532925),#3);
#5=(CONVERSION_BASED_UNIT('DEGREE',#4)NAMED_UNIT(#6)PLANE_ANGLE_UNIT());
#6=DIMENSIONAL_EXPONENTS(0.,0.,0.,0.,0.,0.,0.);
#7=(NAMED_UNIT(*)SI_UNIT($,.STERADIAN.)SOLID_ANGLE_UNIT());
#8=(LENGTH_UNIT()NAMED_UNIT(*)SI_UNIT(.MILLI.,.METRE.));
#9=UNCERTAINTY_MEASURE_WITH_UNIT(LENGTH_MEASURE(1.000000E-03),#8,'DISTANCE_ACCURACY_VALUE','Maximum Tolerance applied to model');
#10=(GEOMETRIC_REPRESENTATION_CONTEXT(3)GLOBAL_UNCERTAINTY_ASSIGNED_CONTEXT((#9))GLOBAL_UNIT_ASSIGNED_CONTEXT((#8,#5,#7))REPRESENTATION_CONTEXT('','root'));
#12=CARTESIAN_POINT('',(0.,0.,0.));
#13=DIRECTION('',(0.,0.,1.));
#14=DIRECTION('',(1.,0.,0.));
#15=AXIS2_PLACEMENT_3D('',#12,#13,#14);
#26=(NAMED_UNIT(*)PLANE_ANGLE_UNIT()SI_UNIT($,.RADIAN.));
#27=PLANE_ANGLE_MEASURE_WITH_UNIT(PLANE_ANGLE_MEASURE(0.0174532925),#26);
#28=(CONVERSION_BASED_UNIT('DEGREE',#27)NAMED_UNIT(#29)PLANE_ANGLE_UNIT());
#29=DIMENSIONAL_EXPONENTS(0.,0.,0.,0.,0.,0.,0.);
#30=(NAMED_UNIT(*)SI_UNIT($,.STERADIAN.)SOLID_ANGLE_UNIT());
#31=(LENGTH_UNIT()NAMED_UNIT(*)SI_UNIT(.MILLI.,.METRE.));
#32=UNCERTAINTY_MEASURE_WITH_UNIT(LENGTH_MEASURE(1.000000E-05),#31,'DISTANCE_ACCURACY_VALUE','Maximum Tolerance applied to model');
#33=(GEOMETRIC_REPRESENTATION_CONTEXT(3)GLOBAL_UNCERTAINTY_ASSIGNED_CONTEXT((#32))GLOBAL_UNIT_ASSIGNED_CONTEXT((#31,#28,#30))REPRESENTATION_CONTEXT('','S\S\dule (Kreuz)'));
#45=CARTESIAN_POINT('',(0.,0.,0.));
#46=DIRECTION('',(0.,0.,1.));
#47=DIRECTION('',(1.,0.,-0.));
#48=AXIS2_PLACEMENT_3D('',#45,#46,#47);
#49=ITEM_DEFINED_TRANSFORMATION('','',#48,#15);
#50=(REPRESENTATION_RELATIONSHIP('','',#35,#16)REPRESENTATION_RELATIONSHIP_WITH_TRANSFORMATION(#49)SHAPE_REPRESENTATION_RELATIONSHIP());
#51=NEXT_ASSEMBLY_USAGE_OCCURRENCE('S\S\dule (Kreuz)_1','S\S\dule (Kreuz)','S\S\dule (Kreuz)',#25,#44,$);
#52=PRODUCT_DEFINITION_SHAPE('','',#51);
#53=CONTEXT_DEPENDENT_SHAPE_REPRESENTATION(#50,#52);
#55=CARTESIAN_POINT('',(767.056788053,476.339249783,127.4));
#56=DIRECTION('',(0.,-0.,-1.));
#57=DIRECTION('',(1.,0.,0.));
#58=AXIS2_PLACEMENT_3D('',#55,#56,#57);
#59=PLANE('',#58);
#60=CARTESIAN_POINT('',(742.056788053,476.339249783,127.4));
#61=VERTEX_POINT('',#60);
#62=CARTESIAN_POINT('',(734.956788053,473.811404851,127.4));
#63=VERTEX_POINT('',#62);
#64=CARTESIAN_POINT('',(738.056788053,476.339249783,127.4));
#65=DIRECTION('',(0.,-0.,-1.));
#66=DIRECTION('',(1.,0.,0.));
#67=AXIS2_PLACEMENT_3D('',#64,#65,#66);
#68=CIRCLE('',#67,4.);
#69=EDGE_CURVE('',#61,#63,#68,.T.);
#70=ORIENTED_EDGE('',*,*,#69,.F.);
#71=CARTESIAN_POINT('',(734.956788053,478.867094715,127.4));
#72=VERTEX_POINT('',#71);
#73=CARTESIAN_POINT('',(738.056788053,476.339249783,127.4));
#74=DIRECTION('',(0.,-0.,-1.));
#75=DIRECTION('',(1.,0.,0.));
#76=AXIS2_PLACEMENT_3D('',#73,#74,#75);
#77=CIRCLE('',#76,4.);
#78=EDGE_CURVE('',#72,#61,#77,.T.);
#79=ORIENTED_EDGE('',*,*,#78,.F.);
#80=CARTESIAN_POINT('',(734.956788053,483.689249783,127.4));
#81=VERTEX_POINT('',#80);
#82=CARTESIAN_POINT('',(734.956788053,478.867094715,127.4));
#83=DIRECTION('',(0.,1.,-0.));
#84=VECTOR('',#83,4.822155068);
#85=LINE('',#82,#84);
#86=EDGE_CURVE('',#72,#81,#85,.T.);
#87=ORIENTED_EDGE('',*,*,#86,.T.);
#88=CARTESIAN_POINT('',(739.956788053,488.689249783,127.4));
#89=VERTEX_POINT('',#88);
#90=CARTESIAN_POINT('',(739.956788053,483.689249783,127.4));
#91=DIRECTION('',(0.,-0.,-1.));
#92=DIRECTION('',(1.,0.,0.));
#93=AXIS2_PLACEMENT_3D('',#90,#91,#92);
#94=CIRCLE('',#93,5.);
#95=EDGE_CURVE('',#81,#89,#94,.T.);
#96=ORIENTED_EDGE('',*,*,#95,.T.);
#97=CARTESIAN_POINT('',(749.706788053,488.689249783,127.4));
#98=VERTEX_POINT('',#97);
#99=CARTESIAN_POINT('',(739.956788053,488.689249783,127.4));
#100=DIRECTION('',(1.,-0.,0.));
#101=VECTOR('',#100,9.75);
#102=LINE('',#99,#101);
#103=EDGE_CURVE('',#89,#98,#102,.T.);
#104=ORIENTED_EDGE('',*,*,#103,.T.);
#105=CARTESIAN_POINT('',(754.706788053,493.689249783,127.4));
#106=VERTEX_POINT('',#105);
#107=CARTESIAN_POINT('',(749.706788053,493.689249783,127.4));
#108=DIRECTION('',(-0.,0.,1.));
#109=DIRECTION('',(1.,0.,0.));
#110=AXIS2_PLACEMENT_3D('',#107,#108,#109);
#111=CIRCLE('',#110,5.);
#112=EDGE_CURVE('',#98,#106,#111,.T.);
#113=ORIENTED_EDGE('',*,*,#112,.T.);
#114=CARTESIAN_POINT('',(754.706788053,503.439249783,127.4));
#115=VERTEX_POINT('',#114);
#116=CARTESIAN_POINT('',(754.706788053,493.689249783,127.4));
#117=DIRECTION('',(0.,1.,-0.));
#118=VECTOR('',#117,9.75);
#119=LINE('',#116,#118);
#120=EDGE_CURVE('',#106,#115,#119,.T.);
#121=ORIENTED_EDGE('',*,*,#120,.T.);
#122=CARTESIAN_POINT('',(759.706788053,508.439249783,127.4));
#123=VERTEX_POINT('',#122);
#124=CARTESIAN_POINT('',(759.706788053,503.439249783,127.4));
#125=DIRECTION('',(0.,-0.,-1.));
#126=DIRECTION('',(1.,0.,0.));
#127=AXIS2_PLACEMENT_3D('',#124,#125,#126);
#128=CIRCLE('',#127,5.);
#129=EDGE_CURVE('',#115,#123,#128,.T.);
#130=ORIENTED_EDGE('',*,*,#129,.T.);
#131=CARTESIAN_POINT('',(774.406788053,508.439249783,127.4));
#132=VERTEX_POINT('',#131);
#133=CARTESIAN_POINT('',(759.706788053,508.439249783,127.4));
#134=DIRECTION('',(1.,0.,-0.));
#135=VECTOR('',#134,14.7);
#136=LINE('',#133,#135);
#137=EDGE_CURVE('',#123,#132,#136,.T.);
#138=ORIENTED_EDGE('',*,*,#137,.T.);
#139=CARTESIAN_POINT('',(779.406788053,503.439249783,127.4));
#140=VERTEX_POINT('',#139);
#141=CARTESIAN_POINT('',(774.406788053,503.439249783,127.4));
#142=DIRECTION('',(0.,-0.,-1.));
#143=DIRECTION('',(1.,0.,0.));
#144=AXIS2_PLACEMENT_3D('',#141,#142,#143);
#145=CIRCLE('',#144,5.);
#146=EDGE_CURVE('',#132,#140,#145,.T.);
#147=ORIENTED_EDGE('',*,*,#146,.T.);
#148=CARTESIAN_POINT('',(779.406788053,493.689249783,127.4));
#149=VERTEX_POINT('',#148);
#150=CARTESIAN_POINT('',(779.406788053,503.439249783,127.4));
#151=DIRECTION('',(-0.,-1.,0.));
#152=VECTOR('',#151,9.75);
#153=LINE('',#150,#152);
#154=EDGE_CURVE('',#140,#149,#153,.T.);
#155=ORIENTED_EDGE('',*,*,#154,.T.);
#156=CARTESIAN_POINT('',(784.406788053,488.689249783,127.4));
#157=VERTEX_POINT('',#156);
#158=CARTESIAN_POINT('',(784.406788053,493.689249783,127.4));
#159=DIRECTION('',(-0.,0.,1.));
#160=DIRECTION('',(1.,0.,0.));
#161=AXIS2_PLACEMENT_3D('',#158,#159,#160);
#162=CIRCLE('',#161,5.);
#163=EDGE_CURVE('',#149,#157,#162,.T.);
#164=ORIENTED_EDGE('',*,*,#163,.T.);
#165=CARTESIAN_POINT('',(794.156788053,488.689249783,127.4));
#166=VERTEX_POINT('',#165);
#167=CARTESIAN_POINT('',(784.406788053,488.689249783,127.4));
#168=DIRECTION('',(1.,-0.,0.));
#169=VECTOR('',#168,9.75);
#170=LINE('',#167,#169);
#171=EDGE_CURVE('',#157,#166,#170,.T.);
#172=ORIENTED_EDGE('',*,*,#171,.T.);
#173=CARTESIAN_POINT('',(799.156788053,483.689249783,127.4));
#174=VERTEX_POINT('',#173);
#175=CARTESIAN_POINT('',(794.156788053,483.689249783,127.4));
#176=DIRECTION('',(0.,-0.,-1.));
#177=DIRECTION('',(1.,0.,0.));
#178=AXIS2_PLACEMENT_3D('',#175,#176,#177);
#179=CIRCLE('',#178,5.);
#180=EDGE_CURVE('',#166,#174,#179,.T.);
#181=ORIENTED_EDGE('',*,*,#180,.T.);
#182=CARTESIAN_POINT('',(799.156788053,478.867094715,127.4));
#183=VERTEX_POINT('',#182);
#184=CARTESIAN_POINT('',(799.156788053,483.689249783,127.4));
#185=DIRECTION('',(0.,-1.,0.));
#186=VECTOR('',#185,4.822155068);
#187=LINE('',#184,#186);
#188=EDGE_CURVE('',#174,#183,#187,.T.);
#189=ORIENTED_EDGE('',*,*,#188,.T.);
#190=CARTESIAN_POINT('',(799.156788053,473.811404851,127.4));
#191=VERTEX_POINT('',#190);
#192=CARTESIAN_POINT('',(796.056788053,476.339249783,127.4));
#193=DIRECTION('',(0.,-0.,-1.));
#194=DIRECTION('',(1.,0.,0.));
#195=AXIS2_PLACEMENT_3D('',#192,#193,#194);
#196=CIRCLE('',#195,4.);
#197=EDGE_CURVE('',#191,#183,#196,.T.);
#198=ORIENTED_EDGE('',*,*,#197,.F.);
#199=CARTESIAN_POINT('',(799.156788053,468.989249783,127.4));
#200=VERTEX_POINT('',#199);
#201=CARTESIAN_POINT('',(799.156788053,473.811404851,127.4));
#202=DIRECTION('',(0.,-1.,0.));
#203=VECTOR('',#202,4.822155068);
#204=LINE('',#201,#203);
#205=EDGE_CURVE('',#191,#200,#204,.T.);
#206=ORIENTED_EDGE('',*,*,#205,.T.);
#207=CARTESIAN_POINT('',(794.156788053,463.989249783,127.4));
#208=VERTEX_POINT('',#207);
#209=CARTESIAN_POINT('',(794.156788053,468.989249783,127.4));
#210=DIRECTION('',(0.,-0.,-1.));
#211=DIRECTION('',(1.,0.,0.));
#212=AXIS2_PLACEMENT_3D('',#209,#210,#211);
#213=CIRCLE('',#212,5.);
#214=EDGE_CURVE('',#200,#208,#213,.T.);
#215=ORIENTED_EDGE('',*,*,#214,.T.);
#216=CARTESIAN_POINT('',(784.406788053,463.989249783,127.4));
#217=VERTEX_POINT('',#216);
#218=CARTESIAN_POINT('',(794.156788053,463.989249783,127.4));
#219=DIRECTION('',(-1.,0.,-0.));
#220=VECTOR('',#219,9.75);
#221=LINE('',#218,#220);
#222=EDGE_CURVE('',#208,#217,#221,.T.);
#223=ORIENTED_EDGE('',*,*,#222,.T.);
#224=CARTESIAN_POINT('',(779.406788053,458.989249783,127.4));
#225=VERTEX_POINT('',#224);
#226=CARTESIAN_POINT('',(784.406788053,458.989249783,127.4));
#227=DIRECTION('',(-0.,0.,1.));
#228=DIRECTION('',(1.,0.,0.));
#229=AXIS2_PLACEMENT_3D('',#226,#227,#228);
#230=CIRCLE('',#229,5.);
#231=EDGE_CURVE('',#217,#225,#230,.T.);
#232=ORIENTED_EDGE('',*,*,#231,.T.);
#233=CARTESIAN_POINT('',(779.406788053,449.239249783,127.4));
#234=VERTEX_POINT('',#233);
#235=CARTESIAN_POINT('',(779.406788053,458.989249783,127.4));
#236=DIRECTION('',(-0.,-1.,0.));
#237=VECTOR('',#236,9.75);
#238=LINE('',#235,#237);
#239=EDGE_CURVE('',#225,#234,#238,.T.);
#240=ORIENTED_EDGE('',*,*,#239,.T.);
#241=CARTESIAN_POINT('',(774.406788053,444.239249783,127.4));
#242=VERTEX_POINT('',#241);
#243=CARTESIAN_POINT('',(774.406788053,449.239249783,127.4));
#244=DIRECTION('',(0.,-0.,-1.));
#245=DIRECTION('',(1.,0.,0.));
#246=AXIS2_PLACEMENT_3D('',#243,#244,#245);
#247=CIRCLE('',#246,5.);
#248=EDGE_CURVE('',#234,#242,#247,.T.);
#249=ORIENTED_EDGE('',*,*,#248,.T.);
#250=CARTESIAN_POINT('',(759.706788053,444.239249783,127.4));
#251=VERTEX_POINT('',#250);
#252=CARTESIAN_POINT('',(774.406788053,444.239249783,127.4));
#253=DIRECTION('',(-1.,0.,0.));
#254=VECTOR('',#253,14.7);
#255=LINE('',#252,#254);
#256=EDGE_CURVE('',#242,#251,#255,.T.);
#257=ORIENTED_EDGE('',*,*,#256,.T.);
#258=CARTESIAN_POINT('',(754.706788053,449.239249783,127.4));
#259=VERTEX_POINT('',#258);
#260=CARTESIAN_POINT('',(759.706788053,449.239249783,127.4));
#261=DIRECTION('',(0.,-0.,-1.));
#262=DIRECTION('',(1.,0.,0.));
#263=AXIS2_PLACEMENT_3D('',#260,#261,#262);
#264=CIRCLE('',#263,5.);
#265=EDGE_CURVE('',#251,#259,#264,.T.);
#266=ORIENTED_EDGE('',*,*,#265,.T.);
#267=CARTESIAN_POINT('',(754.706788053,458.989249783,127.4));
#268=VERTEX_POINT('',#267);
#269=CARTESIAN_POINT('',(754.706788053,449.239249783,127.4));
#270=DIRECTION('',(0.,1.,-0.));
#271=VECTOR('',#270,9.75);
#272=LINE('',#269,#271);
#273=EDGE_CURVE('',#259,#268,#272,.T.);
#274=ORIENTED_EDGE('',*,*,#273,.T.);
#275=CARTESIAN_POINT('',(749.706788053,463.989249783,127.4));
#276=VERTEX_POINT('',#275);
#277=CARTESIAN_POINT('',(749.706788053,458.989249783,127.4));
#278=DIRECTION('',(-0.,0.,1.));
#279=DIRECTION('',(1.,0.,0.));
#280=AXIS2_PLACEMENT_3D('',#277,#278,#279);
#281=CIRCLE('',#280,5.);
#282=EDGE_CURVE('',#268,#276,#281,.T.);
#283=ORIENTED_EDGE('',*,*,#282,.T.);
#284=CARTESIAN_POINT('',(739.956788053,463.989249783,127.4));
#285=VERTEX_POINT('',#284);
#286=CARTESIAN_POINT('',(749.706788053,463.989249783,127.4));
#287=DIRECTION('',(-1.,0.,-0.));
#288=VECTOR('',#287,9.75);
#289=LINE('',#286,#288);
#290=EDGE_CURVE('',#276,#285,#289,.T.);
#291=ORIENTED_EDGE('',*,*,#290,.T.);
#292=CARTESIAN_POINT('',(734.956788053,468.989249783,127.4));
#293=VERTEX_POINT('',#292);
#294=CARTESIAN_POINT('',(739.956788053,468.989249783,127.4));
#295=DIRECTION('',(0.,-0.,-1.));
#296=DIRECTION('',(1.,0.,0.));
#297=AXIS2_PLACEMENT_3D('',#294,#295,#296);
#298=CIRCLE('',#297,5.);
#299=EDGE_CURVE('',#285,#293,#298,.T.);
#300=ORIENTED_EDGE('',*,*,#299,.T.);
#301=CARTESIAN_POINT('',(734.956788053,468.989249783,127.4));
#302=DIRECTION('',(0.,1.,-0.));
#303=VECTOR('',#302,4.822155068);
#304=LINE('',#301,#303);
#305=EDGE_CURVE('',#293,#63,#304,.T.);
#306=ORIENTED_EDGE('',*,*,#305,.T.);
#307=EDGE_LOOP('',(#70,#79,#87,#96,#104,#113,#121,#130,#138,#147,#155,#164,#172,#181,#189,#198,#206,#215,#223,#232,#240,#249,#257,#266,#274,#283,
#291,#300,#306));
#308=FACE_BOUND('',#307,.T.);
#309=CARTESIAN_POINT('',(732.956788053,466.989249783,127.4));
#310=VERTEX_POINT('',#309);
#311=CARTESIAN_POINT('',(732.956788053,485.689249783,127.4));
#312=VERTEX_POINT('',#311);
#313=CARTESIAN_POINT('',(732.956788053,466.989249783,127.4));
#314=DIRECTION('',(0.,1.,-0.));
#315=VECTOR('',#314,18.7);
#316=LINE('',#313,#315);
#317=EDGE_CURVE('',#310,#312,#316,.T.);
#318=ORIENTED_EDGE('',*,*,#317,.F.);
#319=CARTESIAN_POINT('',(737.956788053,461.989249783,127.4));
#320=VERTEX_POINT('',#319);
#321=CARTESIAN_POINT('',(737.956788053,466.989249783,127.4));
#322=DIRECTION('',(-0.,0.,1.));
#323=DIRECTION('',(1.,0.,0.));
#324=AXIS2_PLACEMENT_3D('',#321,#322,#323);
#325=CIRCLE('',#324,5.);
#326=EDGE_CURVE('',#310,#320,#325,.T.);
#327=ORIENTED_EDGE('',*,*,#326,.T.);
#328=CARTESIAN_POINT('',(747.706788053,461.989249783,127.4));
#329=VERTEX_POINT('',#328);
#330=CARTESIAN_POINT('',(747.706788053,461.989249783,127.4));
#331=DIRECTION('',(-1.,0.,-0.));
#332=VECTOR('',#331,9.75);
#333=LINE('',#330,#332);
#334=EDGE_CURVE('',#329,#320,#333,.T.);
#335=ORIENTED_EDGE('',*,*,#334,.F.);
#336=CARTESIAN_POINT('',(752.706788053,456.989249783,127.4));
#337=VERTEX_POINT('',#336);
#338=CARTESIAN_POINT('',(747.706788053,456.989249783,127.4));
#339=DIRECTION('',(0.,-0.,-1.));
#340=DIRECTION('',(1.,0.,0.));
#341=AXIS2_PLACEMENT_3D('',#338,#339,#340);
#342=CIRCLE('',#341,5.);
#343=EDGE_CURVE('',#329,#337,#342,.T.);
#344=ORIENTED_EDGE('',*,*,#343,.T.);
#345=CARTESIAN_POINT('',(752.706788053,447.239249783,127.4));
#346=VERTEX_POINT('',#345);
#347=CARTESIAN_POINT('',(752.706788053,447.239249783,127.4));
#348=DIRECTION('',(0.,1.,-0.));
#349=VECTOR('',#348,9.75);
#350=LINE('',#347,#349);
#351=EDGE_CURVE('',#346,#337,#350,.T.);
#352=ORIENTED_EDGE('',*,*,#351,.F.);
#353=CARTESIAN_POINT('',(757.706788053,442.239249783,127.4));
#354=VERTEX_POINT('',#353);
#355=CARTESIAN_POINT('',(757.706788053,447.239249783,127.4));
#356=DIRECTION('',(-0.,0.,1.));
#357=DIRECTION('',(1.,0.,0.));
#358=AXIS2_PLACEMENT_3D('',#355,#356,#357);
#359=CIRCLE('',#358,5.);
#360=EDGE_CURVE('',#346,#354,#359,.T.);
#361=ORIENTED_EDGE('',*,*,#360,.T.);
#362=CARTESIAN_POINT('',(776.406788053,442.239249783,127.4));
#363=VERTEX_POINT('',#362);
#364=CARTESIAN_POINT('',(776.406788053,442.239249783,127.4));
#365=DIRECTION('',(-1.,0.,0.));
#366=VECTOR('',#365,18.7);
#367=LINE('',#364,#366);
#368=EDGE_CURVE('',#363,#354,#367,.T.);
#369=ORIENTED_EDGE('',*,*,#368,.F.);
#370=CARTESIAN_POINT('',(781.406788053,447.239249783,127.4));
#371=VERTEX_POINT('',#370);
#372=CARTESIAN_POINT('',(776.406788053,447.239249783,127.4));
#373=DIRECTION('',(-0.,0.,1.));
#374=DIRECTION('',(1.,0.,0.));
#375=AXIS2_PLACEMENT_3D('',#372,#373,#374);
#376=CIRCLE('',#375,5.);
#377=EDGE_CURVE('',#363,#371,#376,.T.);
#378=ORIENTED_EDGE('',*,*,#377,.T.);
#379=CARTESIAN_POINT('',(781.406788053,456.989249783,127.4));
#380=VERTEX_POINT('',#379);
#381=CARTESIAN_POINT('',(781.406788053,456.989249783,127.4));
#382=DIRECTION('',(-0.,-1.,0.));
#383=VECTOR('',#382,9.75);
#384=LINE('',#381,#383);
#385=EDGE_CURVE('',#380,#371,#384,.T.);
#386=ORIENTED_EDGE('',*,*,#385,.F.);
#387=CARTESIAN_POINT('',(786.406788053,461.989249783,127.4));
#388=VERTEX_POINT('',#387);
#389=CARTESIAN_POINT('',(786.406788053,456.989249783,127.4));
#390=DIRECTION('',(0.,-0.,-1.));
#391=DIRECTION('',(1.,0.,0.));
#392=AXIS2_PLACEMENT_3D('',#389,#390,#391);
#393=CIRCLE('',#392,5.);
#394=EDGE_CURVE('',#380,#388,#393,.T.);
#395=ORIENTED_EDGE('',*,*,#394,.T.);
#396=CARTESIAN_POINT('',(796.156788053,461.989249783,127.4));
#397=VERTEX_POINT('',#396);
#398=CARTESIAN_POINT('',(796.156788053,461.989249783,127.4));
#399=DIRECTION('',(-1.,0.,-0.));
#400=VECTOR('',#399,9.75);
#401=LINE('',#398,#400);
#402=EDGE_CURVE('',#397,#388,#401,.T.);
#403=ORIENTED_EDGE('',*,*,#402,.F.);
#404=CARTESIAN_POINT('',(801.156788053,466.989249783,127.4));
#405=VERTEX_POINT('',#404);
#406=CARTESIAN_POINT('',(796.156788053,466.989249783,127.4));
#407=DIRECTION('',(-0.,0.,1.));
#408=DIRECTION('',(1.,0.,0.));
#409=AXIS2_PLACEMENT_3D('',#406,#407,#408);
#410=CIRCLE('',#409,5.);
#411=EDGE_CURVE('',#397,#405,#410,.T.);
#412=ORIENTED_EDGE('',*,*,#411,.T.);
#413=CARTESIAN_POINT('',(801.156788053,485.689249783,127.4));
#414=VERTEX_POINT('',#413);
#415=CARTESIAN_POINT('',(801.156788053,485.689249783,127.4));
#416=DIRECTION('',(0.,-1.,0.));
#417=VECTOR('',#416,18.7);
#418=LINE('',#415,#417);
#419=EDGE_CURVE('',#414,#405,#418,.T.);
#420=ORIENTED_EDGE('',*,*,#419,.F.);
#421=CARTESIAN_POINT('',(796.156788053,490.689249783,127.4));
#422=VERTEX_POINT('',#421);
#423=CARTESIAN_POINT('',(796.156788053,485.689249783,127.4));
#424=DIRECTION('',(-0.,0.,1.));
#425=DIRECTION('',(1.,0.,0.));
#426=AXIS2_PLACEMENT_3D('',#423,#424,#425);
#427=CIRCLE('',#426,5.);
#428=EDGE_CURVE('',#414,#422,#427,.T.);
#429=ORIENTED_EDGE('',*,*,#428,.T.);
#430=CARTESIAN_POINT('',(786.406788053,490.689249783,127.4));
#431=VERTEX_POINT('',#430);
#432=CARTESIAN_POINT('',(786.406788053,490.689249783,127.4));
#433=DIRECTION('',(1.,-0.,0.));
#434=VECTOR('',#433,9.75);
#435=LINE('',#432,#434);
#436=EDGE_CURVE('',#431,#422,#435,.T.);
#437=ORIENTED_EDGE('',*,*,#436,.F.);
#438=CARTESIAN_POINT('',(781.406788053,495.689249783,127.4));
#439=VERTEX_POINT('',#438);
#440=CARTESIAN_POINT('',(786.406788053,495.689249783,127.4));
#441=DIRECTION('',(0.,-0.,-1.));
#442=DIRECTION('',(1.,0.,0.));
#443=AXIS2_PLACEMENT_3D('',#440,#441,#442);
#444=CIRCLE('',#443,5.);
#445=EDGE_CURVE('',#431,#439,#444,.T.);
#446=ORIENTED_EDGE('',*,*,#445,.T.);
#447=CARTESIAN_POINT('',(781.406788053,505.439249783,127.4));
#448=VERTEX_POINT('',#447);
#449=CARTESIAN_POINT('',(781.406788053,505.439249783,127.4));
#450=DIRECTION('',(-0.,-1.,0.));
#451=VECTOR('',#450,9.75);
#452=LINE('',#449,#451);
#453=EDGE_CURVE('',#448,#439,#452,.T.);
#454=ORIENTED_EDGE('',*,*,#453,.F.);
#455=CARTESIAN_POINT('',(776.406788053,510.439249783,127.4));
#456=VERTEX_POINT('',#455);
#457=CARTESIAN_POINT('',(776.406788053,505.439249783,127.4));
#458=DIRECTION('',(-0.,0.,1.));
#459=DIRECTION('',(1.,0.,0.));
#460=AXIS2_PLACEMENT_3D('',#457,#458,#459);
#461=CIRCLE('',#460,5.);
#462=EDGE_CURVE('',#448,#456,#461,.T.);
#463=ORIENTED_EDGE('',*,*,#462,.T.);
#464=CARTESIAN_POINT('',(757.706788053,510.439249783,127.4));
#465=VERTEX_POINT('',#464);
#466=CARTESIAN_POINT('',(757.706788053,510.439249783,127.4));
#467=DIRECTION('',(1.,0.,-0.));
#468=VECTOR('',#467,18.7);
#469=LINE('',#466,#468);
#470=EDGE_CURVE('',#465,#456,#469,.T.);
#471=ORIENTED_EDGE('',*,*,#470,.F.);
#472=CARTESIAN_POINT('',(752.706788053,505.439249783,127.4));
#473=VERTEX_POINT('',#472);
#474=CARTESIAN_POINT('',(757.706788053,505.439249783,127.4));
#475=DIRECTION('',(-0.,0.,1.));
#476=DIRECTION('',(1.,0.,0.));
#477=AXIS2_PLACEMENT_3D('',#474,#475,#476);
#478=CIRCLE('',#477,5.);
#479=EDGE_CURVE('',#465,#473,#478,.T.);
#480=ORIENTED_EDGE('',*,*,#479,.T.);
#481=CARTESIAN_POINT('',(752.706788053,495.689249783,127.4));
#482=VERTEX_POINT('',#481);
#483=CARTESIAN_POINT('',(752.706788053,495.689249783,127.4));
#484=DIRECTION('',(0.,1.,-0.));
#485=VECTOR('',#484,9.75);
#486=LINE('',#483,#485);
#487=EDGE_CURVE('',#482,#473,#486,.T.);
#488=ORIENTED_EDGE('',*,*,#487,.F.);
#489=CARTESIAN_POINT('',(747.706788053,490.689249783,127.4));
#490=VERTEX_POINT('',#489);
#491=CARTESIAN_POINT('',(747.706788053,495.689249783,127.4));
#492=DIRECTION('',(0.,-0.,-1.));
#493=DIRECTION('',(1.,0.,0.));
#494=AXIS2_PLACEMENT_3D('',#491,#492,#493);
#495=CIRCLE('',#494,5.);
#496=EDGE_CURVE('',#482,#490,#495,.T.);
#497=ORIENTED_EDGE('',*,*,#496,.T.);
#498=CARTESIAN_POINT('',(737.956788053,490.689249783,127.4));
#499=VERTEX_POINT('',#498);
#500=CARTESIAN_POINT('',(737.956788053,490.689249783,127.4));
#501=DIRECTION('',(1.,-0.,0.));
#502=VECTOR('',#501,9.75);
#503=LINE('',#500,#502);
#504=EDGE_CURVE('',#499,#490,#503,.T.);
#505=ORIENTED_EDGE('',*,*,#504,.F.);
#506=CARTESIAN_POINT('',(737.956788053,485.689249783,127.4));
#507=DIRECTION('',(-0.,0.,1.));
#508=DIRECTION('',(1.,0.,0.));
#509=AXIS2_PLACEMENT_3D('',#506,#507,#508);
#510=CIRCLE('',#509,5.);
#511=EDGE_CURVE('',#499,#312,#510,.T.);
#512=ORIENTED_EDGE('',*,*,#511,.T.);
#513=EDGE_LOOP('',(#318,#327,#335,#344,#352,#361,#369,#378,#386,#395,#403,#412,#420,#429,#437,#446,#454,#463,#471,#480,#488,#497,#505,#512));
#514=FACE_BOUND('',#513,.T.);
#515=CARTESIAN_POINT('',(799.056788053,476.339249783,127.4));
#516=VERTEX_POINT('',#515);
#517=CARTESIAN_POINT('',(793.056788053,476.339249783,127.4));
#518=VERTEX_POINT('',#517);
#519=CARTESIAN_POINT('',(796.056788053,476.339249783,127.4));
#520=DIRECTION('',(0.,-0.,-1.));
#521=DIRECTION('',(1.,0.,0.));
#522=AXIS2_PLACEMENT_3D('',#519,#520,#521);
#523=CIRCLE('',#522,3.);
#524=EDGE_CURVE('',#516,#518,#523,.T.);
#525=ORIENTED_EDGE('',*,*,#524,.T.);
#526=CARTESIAN_POINT('',(796.056788053,476.339249783,127.4));
#527=DIRECTION('',(0.,-0.,-1.));
#528=DIRECTION('',(1.,0.,0.));
#529=AXIS2_PLACEMENT_3D('',#526,#527,#528);
#530=CIRCLE('',#529,3.);
#531=EDGE_CURVE('',#518,#516,#530,.T.);
#532=ORIENTED_EDGE('',*,*,#531,.T.);
#533=EDGE_LOOP('',(#525,#532));
#534=FACE_BOUND('',#533,.T.);
#535=CARTESIAN_POINT('',(741.056788053,476.339249783,127.4));
#536=VERTEX_POINT('',#535);
#537=CARTESIAN_POINT('',(735.056788053,476.339249783,127.4));
#538=VERTEX_POINT('',#537);
#539=CARTESIAN_POINT('',(738.056788053,476.339249783,127.4));
#540=DIRECTION('',(0.,-0.,-1.));
#541=DIRECTION('',(1.,0.,0.));
#542=AXIS2_PLACEMENT_3D('',#539,#540,#541);
#543=CIRCLE('',#542,3.);
#544=EDGE_CURVE('',#536,#538,#543,.T.);
#545=ORIENTED_EDGE('',*,*,#544,.T.);
#546=CARTESIAN_POINT('',(738.056788053,476.339249783,127.4));
#547=DIRECTION('',(0.,-0.,-1.));
#548=DIRECTION('',(1.,0.,0.));
#549=AXIS2_PLACEMENT_3D('',#546,#547,#548);
#550=CIRCLE('',#549,3.);
#551=EDGE_CURVE('',#538,#536,#550,.T.);
#552=ORIENTED_EDGE('',*,*,#551,.T.);
#553=EDGE_LOOP('',(#545,#552));
#554=FACE_BOUND('',#553,.T.);
#555=ADVANCED_FACE('',(#308,#514,#534,#554),#59,.F.);
#556=CARTESIAN_POINT('',(767.056788053,476.339249783,9.4));
#557=DIRECTION('',(0.,-0.,-1.));
#558=DIRECTION('',(1.,0.,0.));
#559=AXIS2_PLACEMENT_3D('',#556,#557,#558);
#560=PLANE('',#559);
#561=CARTESIAN_POINT('',(734.956788053,478.867094715,9.4));
#562=VERTEX_POINT('',#561);
#563=CARTESIAN_POINT('',(734.956788053,483.689249783,9.4));
#564=VERTEX_POINT('',#563);
#565=CARTESIAN_POINT('',(734.956788053,478.867094715,9.4));
#566=DIRECTION('',(0.,1.,-0.));
#567=VECTOR('',#566,4.822155068);
#568=LINE('',#565,#567);
#569=EDGE_CURVE('',#562,#564,#568,.T.);
#570=ORIENTED_EDGE('',*,*,#569,.F.);
#571=CARTESIAN_POINT('',(742.056788053,476.339249783,9.4));
#572=VERTEX_POINT('',#571);
#573=CARTESIAN_POINT('',(738.056788053,476.339249783,9.4));
#574=DIRECTION('',(0.,-0.,-1.));
#575=DIRECTION('',(1.,0.,0.));
#576=AXIS2_PLACEMENT_3D('',#573,#574,#575);
#577=CIRCLE('',#576,4.);
#578=EDGE_CURVE('',#562,#572,#577,.T.);
#579=ORIENTED_EDGE('',*,*,#578,.T.);
#580=CARTESIAN_POINT('',(734.956788053,473.811404851,9.4));
#581=VERTEX_POINT('',#580);
#582=CARTESIAN_POINT('',(738.056788053,476.339249783,9.4));
#583=DIRECTION('',(0.,-0.,-1.));
#584=DIRECTION('',(1.,0.,0.));
#585=AXIS2_PLACEMENT_3D('',#582,#583,#584);
#586=CIRCLE('',#585,4.);
#587=EDGE_CURVE('',#572,#581,#586,.T.);
#588=ORIENTED_EDGE('',*,*,#587,.T.);
#589=CARTESIAN_POINT('',(734.956788053,468.989249783,9.4));
#590=VERTEX_POINT('',#589);
#591=CARTESIAN_POINT('',(734.956788053,468.989249783,9.4));
#592=DIRECTION('',(0.,1.,-0.));
#593=VECTOR('',#592,4.822155068);
#594=LINE('',#591,#593);
#595=EDGE_CURVE('',#590,#581,#594,.T.);
#596=ORIENTED_EDGE('',*,*,#595,.F.);
#597=CARTESIAN_POINT('',(739.956788053,463.989249783,9.4));
#598=VERTEX_POINT('',#597);
#599=CARTESIAN_POINT('',(739.956788053,468.989249783,9.4));
#600=DIRECTION('',(-0.,0.,1.));
#601=DIRECTION('',(1.,0.,0.));
#602=AXIS2_PLACEMENT_3D('',#599,#600,#601);
#603=CIRCLE('',#602,5.);
#604=EDGE_CURVE('',#590,#598,#603,.T.);
#605=ORIENTED_EDGE('',*,*,#604,.T.);
#606=CARTESIAN_POINT('',(749.706788053,463.989249783,9.4));
#607=VERTEX_POINT('',#606);
#608=CARTESIAN_POINT('',(749.706788053,463.989249783,9.4));
#609=DIRECTION('',(-1.,0.,-0.));
#610=VECTOR('',#609,9.75);
#611=LINE('',#608,#610);
#612=EDGE_CURVE('',#607,#598,#611,.T.);
#613=ORIENTED_EDGE('',*,*,#612,.F.);
#614=CARTESIAN_POINT('',(754.706788053,458.989249783,9.4));
#615=VERTEX_POINT('',#614);
#616=CARTESIAN_POINT('',(749.706788053,458.989249783,9.4));
#617=DIRECTION('',(0.,-0.,-1.));
#618=DIRECTION('',(1.,0.,0.));
#619=AXIS2_PLACEMENT_3D('',#616,#617,#618);
#620=CIRCLE('',#619,5.);
#621=EDGE_CURVE('',#607,#615,#620,.T.);
#622=ORIENTED_EDGE('',*,*,#621,.T.);
#623=CARTESIAN_POINT('',(754.706788053,449.239249783,9.4));
#624=VERTEX_POINT('',#623);
#625=CARTESIAN_POINT('',(754.706788053,449.239249783,9.4));
#626=DIRECTION('',(0.,1.,-0.));
#627=VECTOR('',#626,9.75);
#628=LINE('',#625,#627);
#629=EDGE_CURVE('',#624,#615,#628,.T.);
#630=ORIENTED_EDGE('',*,*,#629,.F.);
#631=CARTESIAN_POINT('',(755.124212358,447.239249783,9.4));
#632=VERTEX_POINT('',#631);
#633=CARTESIAN_POINT('',(759.706788053,449.239249783,9.4));
#634=DIRECTION('',(-0.,0.,1.));
#635=DIRECTION('',(1.,0.,0.));
#636=AXIS2_PLACEMENT_3D('',#633,#634,#635);
#637=CIRCLE('',#636,5.);
#638=EDGE_CURVE('',#624,#632,#637,.T.);
#639=ORIENTED_EDGE('',*,*,#638,.T.);
#640=CARTESIAN_POINT('',(778.989363748,447.239249783,9.4));
#641=VERTEX_POINT('',#640);
#642=CARTESIAN_POINT('',(778.989363748,447.239249783,9.4));
#643=DIRECTION('',(-1.,0.,0.));
#644=VECTOR('',#643,23.86515139);
#645=LINE('',#642,#644);
#646=EDGE_CURVE('',#641,#632,#645,.T.);
#647=ORIENTED_EDGE('',*,*,#646,.F.);
#648=CARTESIAN_POINT('',(779.406788053,449.239249783,9.4));
#649=VERTEX_POINT('',#648);
#650=CARTESIAN_POINT('',(774.406788053,449.239249783,9.4));
#651=DIRECTION('',(-0.,0.,1.));
#652=DIRECTION('',(1.,0.,0.));
#653=AXIS2_PLACEMENT_3D('',#650,#651,#652);
#654=CIRCLE('',#653,5.);
#655=EDGE_CURVE('',#641,#649,#654,.T.);
#656=ORIENTED_EDGE('',*,*,#655,.T.);
#657=CARTESIAN_POINT('',(779.406788053,458.989249783,9.4));
#658=VERTEX_POINT('',#657);
#659=CARTESIAN_POINT('',(779.406788053,458.989249783,9.4));
#660=DIRECTION('',(-0.,-1.,0.));
#661=VECTOR('',#660,9.75);
#662=LINE('',#659,#661);
#663=EDGE_CURVE('',#658,#649,#662,.T.);
#664=ORIENTED_EDGE('',*,*,#663,.F.);
#665=CARTESIAN_POINT('',(784.406788053,463.989249783,9.4));
#666=VERTEX_POINT('',#665);
#667=CARTESIAN_POINT('',(784.406788053,458.989249783,9.4));
#668=DIRECTION('',(0.,-0.,-1.));
#669=DIRECTION('',(1.,0.,0.));
#670=AXIS2_PLACEMENT_3D('',#667,#668,#669);
#671=CIRCLE('',#670,5.);
#672=EDGE_CURVE('',#658,#666,#671,.T.);
#673=ORIENTED_EDGE('',*,*,#672,.T.);
#674=CARTESIAN_POINT('',(794.156788053,463.989249783,9.4));
#675=VERTEX_POINT('',#674);
#676=CARTESIAN_POINT('',(794.156788053,463.989249783,9.4));
#677=DIRECTION('',(-1.,0.,-0.));
#678=VECTOR('',#677,9.75);
#679=LINE('',#676,#678);
#680=EDGE_CURVE('',#675,#666,#679,.T.);
#681=ORIENTED_EDGE('',*,*,#680,.F.);
#682=CARTESIAN_POINT('',(799.156788053,468.989249783,9.4));
#683=VERTEX_POINT('',#682);
#684=CARTESIAN_POINT('',(794.156788053,468.989249783,9.4));
#685=DIRECTION('',(-0.,0.,1.));
#686=DIRECTION('',(1.,0.,0.));
#687=AXIS2_PLACEMENT_3D('',#684,#685,#686);
#688=CIRCLE('',#687,5.);
#689=EDGE_CURVE('',#675,#683,#688,.T.);
#690=ORIENTED_EDGE('',*,*,#689,.T.);
#691=CARTESIAN_POINT('',(799.156788053,473.811404851,9.4));
#692=VERTEX_POINT('',#691);
#693=CARTESIAN_POINT('',(799.156788053,473.811404851,9.4));
#694=DIRECTION('',(0.,-1.,0.));
#695=VECTOR('',#694,4.822155068);
#696=LINE('',#693,#695);
#697=EDGE_CURVE('',#692,#683,#696,.T.);
#698=ORIENTED_EDGE('',*,*,#697,.F.);
#699=CARTESIAN_POINT('',(799.156788053,478.867094715,9.4));
#700=VERTEX_POINT('',#699);
#701=CARTESIAN_POINT('',(796.056788053,476.339249783,9.4));
#702=DIRECTION('',(0.,-0.,-1.));
#703=DIRECTION('',(1.,0.,0.));
#704=AXIS2_PLACEMENT_3D('',#701,#702,#703);
#705=CIRCLE('',#704,4.);
#706=EDGE_CURVE('',#692,#700,#705,.T.);
#707=ORIENTED_EDGE('',*,*,#706,.T.);
#708=CARTESIAN_POINT('',(799.156788053,483.689249783,9.4));
#709=VERTEX_POINT('',#708);
#710=CARTESIAN_POINT('',(799.156788053,483.689249783,9.4));
#711=DIRECTION('',(0.,-1.,0.));
#712=VECTOR('',#711,4.822155068);
#713=LINE('',#710,#712);
#714=EDGE_CURVE('',#709,#700,#713,.T.);
#715=ORIENTED_EDGE('',*,*,#714,.F.);
#716=CARTESIAN_POINT('',(794.156788053,488.689249783,9.4));
#717=VERTEX_POINT('',#716);
#718=CARTESIAN_POINT('',(794.156788053,483.689249783,9.4));
#719=DIRECTION('',(-0.,0.,1.));
#720=DIRECTION('',(1.,0.,0.));
#721=AXIS2_PLACEMENT_3D('',#718,#719,#720);
#722=CIRCLE('',#721,5.);
#723=EDGE_CURVE('',#709,#717,#722,.T.);
#724=ORIENTED_EDGE('',*,*,#723,.T.);
#725=CARTESIAN_POINT('',(784.406788053,488.689249783,9.4));
#726=VERTEX_POINT('',#725);
#727=CARTESIAN_POINT('',(784.406788053,488.689249783,9.4));
#728=DIRECTION('',(1.,-0.,0.));
#729=VECTOR('',#728,9.75);
#730=LINE('',#727,#729);
#731=EDGE_CURVE('',#726,#717,#730,.T.);
#732=ORIENTED_EDGE('',*,*,#731,.F.);
#733=CARTESIAN_POINT('',(779.406788053,493.689249783,9.4));
#734=VERTEX_POINT('',#733);
#735=CARTESIAN_POINT('',(784.406788053,493.689249783,9.4));
#736=DIRECTION('',(0.,-0.,-1.));
#737=DIRECTION('',(1.,0.,0.));
#738=AXIS2_PLACEMENT_3D('',#735,#736,#737);
#739=CIRCLE('',#738,5.);
#740=EDGE_CURVE('',#726,#734,#739,.T.);
#741=ORIENTED_EDGE('',*,*,#740,.T.);
#742=CARTESIAN_POINT('',(779.406788053,503.439249783,9.4));
#743=VERTEX_POINT('',#742);
#744=CARTESIAN_POINT('',(779.406788053,503.439249783,9.4));
#745=DIRECTION('',(-0.,-1.,0.));
#746=VECTOR('',#745,9.75);
#747=LINE('',#744,#746);
#748=EDGE_CURVE('',#743,#734,#747,.T.);
#749=ORIENTED_EDGE('',*,*,#748,.F.);
#750=CARTESIAN_POINT('',(778.989363748,505.439249783,9.4));
#751=VERTEX_POINT('',#750);
#752=CARTESIAN_POINT('',(774.406788053,503.439249783,9.4));
#753=DIRECTION('',(-0.,0.,1.));
#754=DIRECTION('',(1.,0.,0.));
#755=AXIS2_PLACEMENT_3D('',#752,#753,#754);
#756=CIRCLE('',#755,5.);
#757=EDGE_CURVE('',#743,#751,#756,.T.);
#758=ORIENTED_EDGE('',*,*,#757,.T.);
#759=CARTESIAN_POINT('',(755.124212358,505.439249783,9.4));
#760=VERTEX_POINT('',#759);
#761=CARTESIAN_POINT('',(778.989363748,505.439249783,9.4));
#762=DIRECTION('',(-1.,0.,0.));
#763=VECTOR('',#762,23.86515139);
#764=LINE('',#761,#763);
#765=EDGE_CURVE('',#751,#760,#764,.T.);
#766=ORIENTED_EDGE('',*,*,#765,.T.);
#767=CARTESIAN_POINT('',(754.706788053,503.439249783,9.4));
#768=VERTEX_POINT('',#767);
#769=CARTESIAN_POINT('',(759.706788053,503.439249783,9.4));
#770=DIRECTION('',(-0.,0.,1.));
#771=DIRECTION('',(1.,0.,0.));
#772=AXIS2_PLACEMENT_3D('',#769,#770,#771);
#773=CIRCLE('',#772,5.);
#774=EDGE_CURVE('',#760,#768,#773,.T.);
#775=ORIENTED_EDGE('',*,*,#774,.T.);
#776=CARTESIAN_POINT('',(754.706788053,493.689249783,9.4));
#777=VERTEX_POINT('',#776);
#778=CARTESIAN_POINT('',(754.706788053,493.689249783,9.4));
#779=DIRECTION('',(0.,1.,-0.));
#780=VECTOR('',#779,9.75);
#781=LINE('',#778,#780);
#782=EDGE_CURVE('',#777,#768,#781,.T.);
#783=ORIENTED_EDGE('',*,*,#782,.F.);
#784=CARTESIAN_POINT('',(749.706788053,488.689249783,9.4));
#785=VERTEX_POINT('',#784);
#786=CARTESIAN_POINT('',(749.706788053,493.689249783,9.4));
#787=DIRECTION('',(0.,-0.,-1.));
#788=DIRECTION('',(1.,0.,0.));
#789=AXIS2_PLACEMENT_3D('',#786,#787,#788);
#790=CIRCLE('',#789,5.);
#791=EDGE_CURVE('',#777,#785,#790,.T.);
#792=ORIENTED_EDGE('',*,*,#791,.T.);
#793=CARTESIAN_POINT('',(739.956788053,488.689249783,9.4));
#794=VERTEX_POINT('',#793);
#795=CARTESIAN_POINT('',(739.956788053,488.689249783,9.4));
#796=DIRECTION('',(1.,-0.,0.));
#797=VECTOR('',#796,9.75);
#798=LINE('',#795,#797);
#799=EDGE_CURVE('',#794,#785,#798,.T.);
#800=ORIENTED_EDGE('',*,*,#799,.F.);
#801=CARTESIAN_POINT('',(739.956788053,483.689249783,9.4));
#802=DIRECTION('',(-0.,0.,1.));
#803=DIRECTION('',(1.,0.,0.));
#804=AXIS2_PLACEMENT_3D('',#801,#802,#803);
#805=CIRCLE('',#804,5.);
#806=EDGE_CURVE('',#794,#564,#805,.T.);
#807=ORIENTED_EDGE('',*,*,#806,.T.);
#808=EDGE_LOOP('',(#570,#579,#588,#596,#605,#613,#622,#630,#639,#647,#656,#664,#673,#681,#690,#698,#707,#715,#724,#732,#741,#749,#758,#766,#775,#783,
#792,#800,#807));
#809=FACE_BOUND('',#808,.T.);
#810=CARTESIAN_POINT('',(737.956788053,461.989249783,9.4));
#811=VERTEX_POINT('',#810);
#812=CARTESIAN_POINT('',(732.956788053,466.989249783,9.4));
#813=VERTEX_POINT('',#812);
#814=CARTESIAN_POINT('',(737.956788053,466.989249783,9.4));
#815=DIRECTION('',(0.,-0.,-1.));
#816=DIRECTION('',(1.,0.,0.));
#817=AXIS2_PLACEMENT_3D('',#814,#815,#816);
#818=CIRCLE('',#817,5.);
#819=EDGE_CURVE('',#811,#813,#818,.T.);
#820=ORIENTED_EDGE('',*,*,#819,.T.);
#821=CARTESIAN_POINT('',(732.956788053,485.689249783,9.4));
#822=VERTEX_POINT('',#821);
#823=CARTESIAN_POINT('',(732.956788053,466.989249783,9.4));
#824=DIRECTION('',(0.,1.,-0.));
#825=VECTOR('',#824,18.7);
#826=LINE('',#823,#825);
#827=EDGE_CURVE('',#813,#822,#826,.T.);
#828=ORIENTED_EDGE('',*,*,#827,.T.);
#829=CARTESIAN_POINT('',(737.956788053,490.689249783,9.4));
#830=VERTEX_POINT('',#829);
#831=CARTESIAN_POINT('',(737.956788053,485.689249783,9.4));
#832=DIRECTION('',(0.,-0.,-1.));
#833=DIRECTION('',(1.,0.,0.));
#834=AXIS2_PLACEMENT_3D('',#831,#832,#833);
#835=CIRCLE('',#834,5.);
#836=EDGE_CURVE('',#822,#830,#835,.T.);
#837=ORIENTED_EDGE('',*,*,#836,.T.);
#838=CARTESIAN_POINT('',(747.706788053,490.689249783,9.4));
#839=VERTEX_POINT('',#838);
#840=CARTESIAN_POINT('',(737.956788053,490.689249783,9.4));
#841=DIRECTION('',(1.,-0.,0.));
#842=VECTOR('',#841,9.75);
#843=LINE('',#840,#842);
#844=EDGE_CURVE('',#830,#839,#843,.T.);
#845=ORIENTED_EDGE('',*,*,#844,.T.);
#846=CARTESIAN_POINT('',(752.706788053,495.689249783,9.4));
#847=VERTEX_POINT('',#846);
#848=CARTESIAN_POINT('',(747.706788053,495.689249783,9.4));
#849=DIRECTION('',(-0.,0.,1.));
#850=DIRECTION('',(1.,0.,0.));
#851=AXIS2_PLACEMENT_3D('',#848,#849,#850);
#852=CIRCLE('',#851,5.);
#853=EDGE_CURVE('',#839,#847,#852,.T.);
#854=ORIENTED_EDGE('',*,*,#853,.T.);
#855=CARTESIAN_POINT('',(752.706788053,505.439249783,9.4));
#856=VERTEX_POINT('',#855);
#857=CARTESIAN_POINT('',(752.706788053,495.689249783,9.4));
#858=DIRECTION('',(0.,1.,-0.));
#859=VECTOR('',#858,9.75);
#860=LINE('',#857,#859);
#861=EDGE_CURVE('',#847,#856,#860,.T.);
#862=ORIENTED_EDGE('',*,*,#861,.T.);
#863=CARTESIAN_POINT('',(757.706788053,510.439249783,9.4));
#864=VERTEX_POINT('',#863);
#865=CARTESIAN_POINT('',(757.706788053,505.439249783,9.4));
#866=DIRECTION('',(0.,-0.,-1.));
#867=DIRECTION('',(1.,0.,0.));
#868=AXIS2_PLACEMENT_3D('',#865,#866,#867);
#869=CIRCLE('',#868,5.);
#870=EDGE_CURVE('',#856,#864,#869,.T.);
#871=ORIENTED_EDGE('',*,*,#870,.T.);
#872=CARTESIAN_POINT('',(776.406788053,510.439249783,9.4));
#873=VERTEX_POINT('',#872);
#874=CARTESIAN_POINT('',(757.706788053,510.439249783,9.4));
#875=DIRECTION('',(1.,0.,-0.));
#876=VECTOR('',#875,18.7);
#877=LINE('',#874,#876);
#878=EDGE_CURVE('',#864,#873,#877,.T.);
#879=ORIENTED_EDGE('',*,*,#878,.T.);
#880=CARTESIAN_POINT('',(781.406788053,505.439249783,9.4));
#881=VERTEX_POINT('',#880);
#882=CARTESIAN_POINT('',(776.406788053,505.439249783,9.4));
#883=DIRECTION('',(0.,-0.,-1.));
#884=DIRECTION('',(1.,0.,0.));
#885=AXIS2_PLACEMENT_3D('',#882,#883,#884);
#886=CIRCLE('',#885,5.);
#887=EDGE_CURVE('',#873,#881,#886,.T.);
#888=ORIENTED_EDGE('',*,*,#887,.T.);
#889=CARTESIAN_POINT('',(781.406788053,495.689249783,9.4));
#890=VERTEX_POINT('',#889);
#891=CARTESIAN_POINT('',(781.406788053,505.439249783,9.4));
#892=DIRECTION('',(-0.,-1.,0.));
#893=VECTOR('',#892,9.75);
#894=LINE('',#891,#893);
#895=EDGE_CURVE('',#881,#890,#894,.T.);
#896=ORIENTED_EDGE('',*,*,#895,.T.);
#897=CARTESIAN_POINT('',(786.406788053,490.689249783,9.4));
#898=VERTEX_POINT('',#897);
#899=CARTESIAN_POINT('',(786.406788053,495.689249783,9.4));
#900=DIRECTION('',(-0.,0.,1.));
#901=DIRECTION('',(1.,0.,0.));
#902=AXIS2_PLACEMENT_3D('',#899,#900,#901);
#903=CIRCLE('',#902,5.);
#904=EDGE_CURVE('',#890,#898,#903,.T.);
#905=ORIENTED_EDGE('',*,*,#904,.T.);
#906=CARTESIAN_POINT('',(796.156788053,490.689249783,9.4));
#907=VERTEX_POINT('',#906);
#908=CARTESIAN_POINT('',(786.406788053,490.689249783,9.4));
#909=DIRECTION('',(1.,-0.,0.));
#910=VECTOR('',#909,9.75);
#911=LINE('',#908,#910);
#912=EDGE_CURVE('',#898,#907,#911,.T.);
#913=ORIENTED_EDGE('',*,*,#912,.T.);
#914=CARTESIAN_POINT('',(801.156788053,485.689249783,9.4));
#915=VERTEX_POINT('',#914);
#916=CARTESIAN_POINT('',(796.156788053,485.689249783,9.4));
#917=DIRECTION('',(0.,-0.,-1.));
#918=DIRECTION('',(1.,0.,0.));
#919=AXIS2_PLACEMENT_3D('',#916,#917,#918);
#920=CIRCLE('',#919,5.);
#921=EDGE_CURVE('',#907,#915,#920,.T.);
#922=ORIENTED_EDGE('',*,*,#921,.T.);
#923=CARTESIAN_POINT('',(801.156788053,466.989249783,9.4));
#924=VERTEX_POINT('',#923);
#925=CARTESIAN_POINT('',(801.156788053,485.689249783,9.4));
#926=DIRECTION('',(0.,-1.,0.));
#927=VECTOR('',#926,18.7);
#928=LINE('',#925,#927);
#929=EDGE_CURVE('',#915,#924,#928,.T.);
#930=ORIENTED_EDGE('',*,*,#929,.T.);
#931=CARTESIAN_POINT('',(796.156788053,461.989249783,9.4));
#932=VERTEX_POINT('',#931);
#933=CARTESIAN_POINT('',(796.156788053,466.989249783,9.4));
#934=DIRECTION('',(0.,-0.,-1.));
#935=DIRECTION('',(1.,0.,0.));
#936=AXIS2_PLACEMENT_3D('',#933,#934,#935);
#937=CIRCLE('',#936,5.);
#938=EDGE_CURVE('',#924,#932,#937,.T.);
#939=ORIENTED_EDGE('',*,*,#938,.T.);
#940=CARTESIAN_POINT('',(786.406788053,461.989249783,9.4));
#941=VERTEX_POINT('',#940);
#942=CARTESIAN_POINT('',(796.156788053,461.989249783,9.4));
#943=DIRECTION('',(-1.,0.,-0.));
#944=VECTOR('',#943,9.75);
#945=LINE('',#942,#944);
#946=EDGE_CURVE('',#932,#941,#945,.T.);
#947=ORIENTED_EDGE('',*,*,#946,.T.);
#948=CARTESIAN_POINT('',(781.406788053,456.989249783,9.4));
#949=VERTEX_POINT('',#948);
#950=CARTESIAN_POINT('',(786.406788053,456.989249783,9.4));
#951=DIRECTION('',(-0.,0.,1.));
#952=DIRECTION('',(1.,0.,0.));
#953=AXIS2_PLACEMENT_3D('',#950,#951,#952);
#954=CIRCLE('',#953,5.);
#955=EDGE_CURVE('',#941,#949,#954,.T.);
#956=ORIENTED_EDGE('',*,*,#955,.T.);
#957=CARTESIAN_POINT('',(781.406788053,447.239249783,9.4));
#958=VERTEX_POINT('',#957);
#959=CARTESIAN_POINT('',(781.406788053,456.989249783,9.4));
#960=DIRECTION('',(-0.,-1.,0.));
#961=VECTOR('',#960,9.75);
#962=LINE('',#959,#961);
#963=EDGE_CURVE('',#949,#958,#962,.T.);
#964=ORIENTED_EDGE('',*,*,#963,.T.);
#965=CARTESIAN_POINT('',(776.406788053,442.239249783,9.4));
#966=VERTEX_POINT('',#965);
#967=CARTESIAN_POINT('',(776.406788053,447.239249783,9.4));
#968=DIRECTION('',(0.,-0.,-1.));
#969=DIRECTION('',(1.,0.,0.));
#970=AXIS2_PLACEMENT_3D('',#967,#968,#969);
#971=CIRCLE('',#970,5.);
#972=EDGE_CURVE('',#958,#966,#971,.T.);
#973=ORIENTED_EDGE('',*,*,#972,.T.);
#974=CARTESIAN_POINT('',(757.706788053,442.239249783,9.4));
#975=VERTEX_POINT('',#974);
#976=CARTESIAN_POINT('',(776.406788053,442.239249783,9.4));
#977=DIRECTION('',(-1.,0.,0.));
#978=VECTOR('',#977,18.7);
#979=LINE('',#976,#978);
#980=EDGE_CURVE('',#966,#975,#979,.T.);
#981=ORIENTED_EDGE('',*,*,#980,.T.);
#982=CARTESIAN_POINT('',(752.706788053,447.239249783,9.4));
#983=VERTEX_POINT('',#982);
#984=CARTESIAN_POINT('',(757.706788053,447.239249783,9.4));
#985=DIRECTION('',(0.,-0.,-1.));
#986=DIRECTION('',(1.,0.,0.));
#987=AXIS2_PLACEMENT_3D('',#984,#985,#986);
#988=CIRCLE('',#987,5.);
#989=EDGE_CURVE('',#975,#983,#988,.T.);
#990=ORIENTED_EDGE('',*,*,#989,.T.);
#991=CARTESIAN_POINT('',(752.706788053,456.989249783,9.4));
#992=VERTEX_POINT('',#991);
#993=CARTESIAN_POINT('',(752.706788053,447.239249783,9.4));
#994=DIRECTION('',(0.,1.,-0.));
#995=VECTOR('',#994,9.75);
#996=LINE('',#993,#995);
#997=EDGE_CURVE('',#983,#992,#996,.T.);
#998=ORIENTED_EDGE('',*,*,#997,.T.);
#999=CARTESIAN_POINT('',(747.706788053,461.989249783,9.4));
#1000=VERTEX_POINT('',#999);
#1001=CARTESIAN_POINT('',(747.706788053,456.989249783,9.4));
#1002=DIRECTION('',(-0.,0.,1.));
#1003=DIRECTION('',(1.,0.,0.));
#1004=AXIS2_PLACEMENT_3D('',#1001,#1002,#1003);
#1005=CIRCLE('',#1004,5.);
#1006=EDGE_CURVE('',#992,#1000,#1005,.T.);
#1007=ORIENTED_EDGE('',*,*,#1006,.T.);
#1008=CARTESIAN_POINT('',(747.706788053,461.989249783,9.4));
#1009=DIRECTION('',(-1.,0.,-0.));
#1010=VECTOR('',#1009,9.75);
#1011=LINE('',#1008,#1010);
#1012=EDGE_CURVE('',#1000,#811,#1011,.T.);
#1013=ORIENTED_EDGE('',*,*,#1012,.T.);
#1014=EDGE_LOOP('',(#820,#828,#837,#845,#854,#862,#871,#879,#888,#896,#905,#913,#922,#930,#939,#947,#956,#964,#973,#981,#990,#998,#1007,#1013));
#1015=FACE_BOUND('',#1014,.T.);
#1016=CARTESIAN_POINT('',(741.056788053,476.339249783,9.4));
#1017=VERTEX_POINT('',#1016);
#1018=CARTESIAN_POINT('',(738.056788053,476.339249783,9.4));
#1019=DIRECTION('',(-0.,0.,1.));
#1020=DIRECTION('',(1.,0.,0.));
#1021=AXIS2_PLACEMENT_3D('',#1018,#1019,#1020);
#1022=CIRCLE('',#1021,3.);
#1023=EDGE_CURVE('',#1017,#1017,#1022,.T.);
#1024=ORIENTED_EDGE('',*,*,#1023,.T.);
#1025=EDGE_LOOP('',(#1024));
#1026=FACE_BOUND('',#1025,.T.);
#1027=CARTESIAN_POINT('',(799.056788053,476.339249783,9.4));
#1028=VERTEX_POINT('',#1027);
#1029=CARTESIAN_POINT('',(796.056788053,476.339249783,9.4));
#1030=DIRECTION('',(-0.,0.,1.));
#1031=DIRECTION('',(1.,0.,0.));
#1032=AXIS2_PLACEMENT_3D('',#1029,#1030,#1031);
#1033=CIRCLE('',#1032,3.);
#1034=EDGE_CURVE('',#1028,#1028,#1033,.T.);
#1035=ORIENTED_EDGE('',*,*,#1034,.T.);
#1036=EDGE_LOOP('',(#1035));
#1037=FACE_BOUND('',#1036,.T.);
#1038=ADVANCED_FACE('',(#809,#1015,#1026,#1037),#560,.T.);
#1039=CARTESIAN_POINT('',(734.956788053,476.339249783,127.4));
#1040=DIRECTION('',(-1.,0.,0.));
#1041=DIRECTION('',(0.,-0.,-1.));
#1042=AXIS2_PLACEMENT_3D('',#1039,#1040,#1041);
#1043=PLANE('',#1042);
#1044=CARTESIAN_POINT('',(734.956788053,476.339249783,33.9));
#1045=VERTEX_POINT('',#1044);
#1046=CARTESIAN_POINT('',(734.956788053,476.339249783,32.4));
#1047=DIRECTION('',(1.,0.,-0.));
#1048=DIRECTION('',(0.,0.,1.));
#1049=AXIS2_PLACEMENT_3D('',#1046,#1047,#1048);
#1050=CIRCLE('',#1049,1.5);
#1051=EDGE_CURVE('',#1045,#1045,#1050,.T.);
#1052=ORIENTED_EDGE('',*,*,#1051,.F.);
#1053=EDGE_LOOP('',(#1052));
#1054=FACE_BOUND('',#1053,.T.);
#1055=CARTESIAN_POINT('',(734.956788053,476.339249783,35.25));
#1056=VERTEX_POINT('',#1055);
#1057=CARTESIAN_POINT('',(734.956788053,476.339249783,38.4));
#1058=DIRECTION('',(-1.,-0.,0.));
#1059=DIRECTION('',(0.,-0.,-1.));
#1060=AXIS2_PLACEMENT_3D('',#1057,#1058,#1059);
#1061=CIRCLE('',#1060,3.15);
#1062=EDGE_CURVE('',#1056,#1056,#1061,.T.);
#1063=ORIENTED_EDGE('',*,*,#1062,.T.);
#1064=EDGE_LOOP('',(#1063));
#1065=FACE_BOUND('',#1064,.T.);
#1066=ORIENTED_EDGE('',*,*,#86,.F.);
#1067=CARTESIAN_POINT('',(734.956788053,478.867094715,109.4));
#1068=VERTEX_POINT('',#1067);
#1069=CARTESIAN_POINT('',(734.956788053,478.867094715,127.4));
#1070=DIRECTION('',(0.,-0.,-1.));
#1071=VECTOR('',#1070,18.);
#1072=LINE('',#1069,#1071);
#1073=EDGE_CURVE('',#72,#1068,#1072,.T.);
#1074=ORIENTED_EDGE('',*,*,#1073,.T.);
#1075=CARTESIAN_POINT('',(734.956788053,473.811404851,109.4));
#1076=VERTEX_POINT('',#1075);
#1077=CARTESIAN_POINT('',(734.956788053,473.811404851,109.4));
#1078=DIRECTION('',(0.,1.,-0.));
#1079=VECTOR('',#1078,5.055689864);
#1080=LINE('',#1077,#1079);
#1081=EDGE_CURVE('',#1076,#1068,#1080,.T.);
#1082=ORIENTED_EDGE('',*,*,#1081,.F.);
#1083=CARTESIAN_POINT('',(734.956788053,473.811404851,127.4));
#1084=DIRECTION('',(0.,-0.,-1.));
#1085=VECTOR('',#1084,18.);
#1086=LINE('',#1083,#1085);
#1087=EDGE_CURVE('',#63,#1076,#1086,.T.);
#1088=ORIENTED_EDGE('',*,*,#1087,.F.);
#1089=ORIENTED_EDGE('',*,*,#305,.F.);
#1090=CARTESIAN_POINT('',(734.956788053,468.989249783,127.4));
#1091=DIRECTION('',(0.,-0.,-1.));
#1092=VECTOR('',#1091,118.);
#1093=LINE('',#1090,#1092);
#1094=EDGE_CURVE('',#293,#590,#1093,.T.);
#1095=ORIENTED_EDGE('',*,*,#1094,.T.);
#1096=ORIENTED_EDGE('',*,*,#595,.T.);
#1097=CARTESIAN_POINT('',(734.956788053,473.811404851,27.4));
#1098=VERTEX_POINT('',#1097);
#1099=CARTESIAN_POINT('',(734.956788053,473.811404851,27.4));
#1100=DIRECTION('',(0.,-0.,-1.));
#1101=VECTOR('',#1100,18.);
#1102=LINE('',#1099,#1101);
#1103=EDGE_CURVE('',#1098,#581,#1102,.T.);
#1104=ORIENTED_EDGE('',*,*,#1103,.F.);
#1105=CARTESIAN_POINT('',(734.956788053,478.867094715,27.4));
#1106=VERTEX_POINT('',#1105);
#1107=CARTESIAN_POINT('',(734.956788053,473.811404851,27.4));
#1108=DIRECTION('',(0.,1.,-0.));
#1109=VECTOR('',#1108,5.055689864);
#1110=LINE('',#1107,#1109);
#1111=EDGE_CURVE('',#1098,#1106,#1110,.T.);
#1112=ORIENTED_EDGE('',*,*,#1111,.T.);
#1113=CARTESIAN_POINT('',(734.956788053,478.867094715,27.4));
#1114=DIRECTION('',(0.,-0.,-1.));
#1115=VECTOR('',#1114,18.);
#1116=LINE('',#1113,#1115);
#1117=EDGE_CURVE('',#1106,#562,#1116,.T.);
#1118=ORIENTED_EDGE('',*,*,#1117,.T.);
#1119=ORIENTED_EDGE('',*,*,#569,.T.);
#1120=CARTESIAN_POINT('',(734.956788053,483.689249783,9.4));
#1121=DIRECTION('',(-0.,0.,1.));
#1122=VECTOR('',#1121,118.);
#1123=LINE('',#1120,#1122);
#1124=EDGE_CURVE('',#564,#81,#1123,.T.);
#1125=ORIENTED_EDGE('',*,*,#1124,.T.);
#1126=EDGE_LOOP('',(#1066,#1074,#1082,#1088,#1089,#1095,#1096,#1104,#1112,#1118,#1119,#1125));
#1127=FACE_BOUND('',#1126,.T.);
#1128=ADVANCED_FACE('',(#1054,#1065,#1127),#1043,.F.);
#1129=CARTESIAN_POINT('',(799.156788053,476.339249783,127.4));
#1130=DIRECTION('',(1.,0.,0.));
#1131=DIRECTION('',(0.,0.,1.));
#1132=AXIS2_PLACEMENT_3D('',#1129,#1130,#1131);
#1133=PLANE('',#1132);
#1134=ORIENTED_EDGE('',*,*,#714,.T.);
#1135=CARTESIAN_POINT('',(799.156788053,478.867094715,27.4));
#1136=VERTEX_POINT('',#1135);
#1137=CARTESIAN_POINT('',(799.156788053,478.867094715,27.4));
#1138=DIRECTION('',(0.,-0.,-1.));
#1139=VECTOR('',#1138,18.);
#1140=LINE('',#1137,#1139);
#1141=EDGE_CURVE('',#1136,#700,#1140,.T.);
#1142=ORIENTED_EDGE('',*,*,#1141,.F.);
#1143=CARTESIAN_POINT('',(799.156788053,473.811404851,27.4));
#1144=VERTEX_POINT('',#1143);
#1145=CARTESIAN_POINT('',(799.156788053,473.811404851,27.4));
#1146=DIRECTION('',(0.,1.,-0.));
#1147=VECTOR('',#1146,5.055689864);
#1148=LINE('',#1145,#1147);
#1149=EDGE_CURVE('',#1144,#1136,#1148,.T.);
#1150=ORIENTED_EDGE('',*,*,#1149,.F.);
#1151=CARTESIAN_POINT('',(799.156788053,473.811404851,27.4));
#1152=DIRECTION('',(0.,-0.,-1.));
#1153=VECTOR('',#1152,18.);
#1154=LINE('',#1151,#1153);
#1155=EDGE_CURVE('',#1144,#692,#1154,.T.);
#1156=ORIENTED_EDGE('',*,*,#1155,.T.);
#1157=ORIENTED_EDGE('',*,*,#697,.T.);
#1158=CARTESIAN_POINT('',(799.156788053,468.989249783,9.4));
#1159=DIRECTION('',(-0.,0.,1.));
#1160=VECTOR('',#1159,118.);
#1161=LINE('',#1158,#1160);
#1162=EDGE_CURVE('',#683,#200,#1161,.T.);
#1163=ORIENTED_EDGE('',*,*,#1162,.T.);
#1164=ORIENTED_EDGE('',*,*,#205,.F.);
#1165=CARTESIAN_POINT('',(799.156788053,473.811404851,109.4));
#1166=VERTEX_POINT('',#1165);
#1167=CARTESIAN_POINT('',(799.156788053,473.811404851,127.4));
#1168=DIRECTION('',(0.,-0.,-1.));
#1169=VECTOR('',#1168,18.);
#1170=LINE('',#1167,#1169);
#1171=EDGE_CURVE('',#191,#1166,#1170,.T.);
#1172=ORIENTED_EDGE('',*,*,#1171,.T.);
#1173=CARTESIAN_POINT('',(799.156788053,478.867094715,109.4));
#1174=VERTEX_POINT('',#1173);
#1175=CARTESIAN_POINT('',(799.156788053,473.811404851,109.4));
#1176=DIRECTION('',(0.,1.,-0.));
#1177=VECTOR('',#1176,5.055689864);
#1178=LINE('',#1175,#1177);
#1179=EDGE_CURVE('',#1166,#1174,#1178,.T.);
#1180=ORIENTED_EDGE('',*,*,#1179,.T.);
#1181=CARTESIAN_POINT('',(799.156788053,478.867094715,127.4));
#1182=DIRECTION('',(0.,-0.,-1.));
#1183=VECTOR('',#1182,18.);
#1184=LINE('',#1181,#1183);
#1185=EDGE_CURVE('',#183,#1174,#1184,.T.);
#1186=ORIENTED_EDGE('',*,*,#1185,.F.);
#1187=ORIENTED_EDGE('',*,*,#188,.F.);
#1188=CARTESIAN_POINT('',(799.156788053,483.689249783,127.4));
#1189=DIRECTION('',(0.,-0.,-1.));
#1190=VECTOR('',#1189,118.);
#1191=LINE('',#1188,#1190);
#1192=EDGE_CURVE('',#174,#709,#1191,.T.);
#1193=ORIENTED_EDGE('',*,*,#1192,.T.);
#1194=EDGE_LOOP('',(#1134,#1142,#1150,#1156,#1157,#1163,#1164,#1172,#1180,#1186,#1187,#1193));
#1195=FACE_BOUND('',#1194,.T.);
#1196=ADVANCED_FACE('',(#1195),#1133,.F.);
#1197=CARTESIAN_POINT('',(791.281788053,490.689249783,127.4));
#1198=DIRECTION('',(0.,1.,-0.));
#1199=DIRECTION('',(1.,-0.,0.));
#1200=AXIS2_PLACEMENT_3D('',#1197,#1198,#1199);
#1201=PLANE('',#1200);
#1202=ORIENTED_EDGE('',*,*,#436,.T.);
#1203=CARTESIAN_POINT('',(796.156788053,490.689249783,127.4));
#1204=DIRECTION('',(0.,-0.,-1.));
#1205=VECTOR('',#1204,118.);
#1206=LINE('',#1203,#1205);
#1207=EDGE_CURVE('',#422,#907,#1206,.T.);
#1208=ORIENTED_EDGE('',*,*,#1207,.T.);
#1209=ORIENTED_EDGE('',*,*,#912,.F.);
#1210=CARTESIAN_POINT('',(786.406788053,490.689249783,9.4));
#1211=DIRECTION('',(-0.,0.,1.));
#1212=VECTOR('',#1211,118.);
#1213=LINE('',#1210,#1212);
#1214=EDGE_CURVE('',#898,#431,#1213,.T.);
#1215=ORIENTED_EDGE('',*,*,#1214,.T.);
#1216=EDGE_LOOP('',(#1202,#1208,#1209,#1215));
#1217=FACE_BOUND('',#1216,.T.);
#1218=ADVANCED_FACE('',(#1217),#1201,.T.);
#1219=CARTESIAN_POINT('',(801.156788053,476.339249783,127.4));
#1220=DIRECTION('',(1.,0.,0.));
#1221=DIRECTION('',(0.,0.,1.));
#1222=AXIS2_PLACEMENT_3D('',#1219,#1220,#1221);
#1223=PLANE('',#1222);
#1224=ORIENTED_EDGE('',*,*,#419,.T.);
#1225=CARTESIAN_POINT('',(801.156788053,466.989249783,127.4));
#1226=DIRECTION('',(0.,-0.,-1.));
#1227=VECTOR('',#1226,118.);
#1228=LINE('',#1225,#1227);
#1229=EDGE_CURVE('',#405,#924,#1228,.T.);
#1230=ORIENTED_EDGE('',*,*,#1229,.T.);
#1231=ORIENTED_EDGE('',*,*,#929,.F.);
#1232=CARTESIAN_POINT('',(801.156788053,485.689249783,9.4));
#1233=DIRECTION('',(-0.,0.,1.));
#1234=VECTOR('',#1233,118.);
#1235=LINE('',#1232,#1234);
#1236=EDGE_CURVE('',#915,#414,#1235,.T.);
#1237=ORIENTED_EDGE('',*,*,#1236,.T.);
#1238=EDGE_LOOP('',(#1224,#1230,#1231,#1237));
#1239=FACE_BOUND('',#1238,.T.);
#1240=ADVANCED_FACE('',(#1239),#1223,.T.);
#1241=CARTESIAN_POINT('',(732.956788053,476.339249783,127.4));
#1242=DIRECTION('',(-1.,0.,0.));
#1243=DIRECTION('',(0.,-0.,-1.));
#1244=AXIS2_PLACEMENT_3D('',#1241,#1242,#1243);
#1245=PLANE('',#1244);
#1246=CARTESIAN_POINT('',(732.956788053,476.339249783,35.25));
#1247=VERTEX_POINT('',#1246);
#1248=CARTESIAN_POINT('',(732.956788053,476.339249783,38.4));
#1249=DIRECTION('',(-1.,-0.,0.));
#1250=DIRECTION('',(0.,-0.,-1.));
#1251=AXIS2_PLACEMENT_3D('',#1248,#1249,#1250);
#1252=CIRCLE('',#1251,3.15);
#1253=EDGE_CURVE('',#1247,#1247,#1252,.T.);
#1254=ORIENTED_EDGE('',*,*,#1253,.F.);
#1255=EDGE_LOOP('',(#1254));
#1256=FACE_BOUND('',#1255,.T.);
#1257=ORIENTED_EDGE('',*,*,#827,.F.);
#1258=CARTESIAN_POINT('',(732.956788053,466.989249783,9.4));
#1259=DIRECTION('',(-0.,0.,1.));
#1260=VECTOR('',#1259,118.);
#1261=LINE('',#1258,#1260);
#1262=EDGE_CURVE('',#813,#310,#1261,.T.);
#1263=ORIENTED_EDGE('',*,*,#1262,.T.);
#1264=ORIENTED_EDGE('',*,*,#317,.T.);
#1265=CARTESIAN_POINT('',(732.956788053,485.689249783,127.4));
#1266=DIRECTION('',(0.,-0.,-1.));
#1267=VECTOR('',#1266,118.);
#1268=LINE('',#1265,#1267);
#1269=EDGE_CURVE('',#312,#822,#1268,.T.);
#1270=ORIENTED_EDGE('',*,*,#1269,.T.);
#1271=EDGE_LOOP('',(#1257,#1263,#1264,#1270));
#1272=FACE_BOUND('',#1271,.T.);
#1273=ADVANCED_FACE('',(#1256,#1272),#1245,.T.);
#1274=CARTESIAN_POINT('',(742.831788053,490.689249783,127.4));
#1275=DIRECTION('',(0.,1.,-0.));
#1276=DIRECTION('',(1.,-0.,0.));
#1277=AXIS2_PLACEMENT_3D('',#1274,#1275,#1276);
#1278=PLANE('',#1277);
#1279=ORIENTED_EDGE('',*,*,#844,.F.);
#1280=CARTESIAN_POINT('',(737.956788053,490.689249783,9.4));
#1281=DIRECTION('',(-0.,0.,1.));
#1282=VECTOR('',#1281,118.);
#1283=LINE('',#1280,#1282);
#1284=EDGE_CURVE('',#830,#499,#1283,.T.);
#1285=ORIENTED_EDGE('',*,*,#1284,.T.);
#1286=ORIENTED_EDGE('',*,*,#504,.T.);
#1287=CARTESIAN_POINT('',(747.706788053,490.689249783,127.4));
#1288=DIRECTION('',(0.,-0.,-1.));
#1289=VECTOR('',#1288,118.);
#1290=LINE('',#1287,#1289);
#1291=EDGE_CURVE('',#490,#839,#1290,.T.);
#1292=ORIENTED_EDGE('',*,*,#1291,.T.);
#1293=EDGE_LOOP('',(#1279,#1285,#1286,#1292));
#1294=FACE_BOUND('',#1293,.T.);
#1295=ADVANCED_FACE('',(#1294),#1278,.T.);
#1296=CARTESIAN_POINT('',(752.706788053,500.564249783,127.4));
#1297=DIRECTION('',(-1.,0.,-0.));
#1298=DIRECTION('',(0.,1.,-0.));
#1299=AXIS2_PLACEMENT_3D('',#1296,#1297,#1298);
#1300=PLANE('',#1299);
#1301=ORIENTED_EDGE('',*,*,#487,.T.);
#1302=CARTESIAN_POINT('',(752.706788053,505.439249783,127.4));
#1303=DIRECTION('',(0.,-0.,-1.));
#1304=VECTOR('',#1303,118.);
#1305=LINE('',#1302,#1304);
#1306=EDGE_CURVE('',#473,#856,#1305,.T.);
#1307=ORIENTED_EDGE('',*,*,#1306,.T.);
#1308=ORIENTED_EDGE('',*,*,#861,.F.);
#1309=CARTESIAN_POINT('',(752.706788053,495.689249783,9.4));
#1310=DIRECTION('',(-0.,0.,1.));
#1311=VECTOR('',#1310,118.);
#1312=LINE('',#1309,#1311);
#1313=EDGE_CURVE('',#847,#482,#1312,.T.);
#1314=ORIENTED_EDGE('',*,*,#1313,.T.);
#1315=EDGE_LOOP('',(#1301,#1307,#1308,#1314));
#1316=FACE_BOUND('',#1315,.T.);
#1317=ADVANCED_FACE('',(#1316),#1300,.T.);
#1318=CARTESIAN_POINT('',(767.056788053,510.439249783,127.4));
#1319=DIRECTION('',(0.,1.,-0.));
#1320=DIRECTION('',(0.,0.,1.));
#1321=AXIS2_PLACEMENT_3D('',#1318,#1319,#1320);
#1322=PLANE('',#1321);
#1323=ORIENTED_EDGE('',*,*,#470,.T.);
#1324=CARTESIAN_POINT('',(776.406788053,510.439249783,127.4));
#1325=DIRECTION('',(0.,-0.,-1.));
#1326=VECTOR('',#1325,118.);
#1327=LINE('',#1324,#1326);
#1328=EDGE_CURVE('',#456,#873,#1327,.T.);
#1329=ORIENTED_EDGE('',*,*,#1328,.T.);
#1330=ORIENTED_EDGE('',*,*,#878,.F.);
#1331=CARTESIAN_POINT('',(757.706788053,510.439249783,9.4));
#1332=DIRECTION('',(-0.,0.,1.));
#1333=VECTOR('',#1332,118.);
#1334=LINE('',#1331,#1333);
#1335=EDGE_CURVE('',#864,#465,#1334,.T.);
#1336=ORIENTED_EDGE('',*,*,#1335,.T.);
#1337=EDGE_LOOP('',(#1323,#1329,#1330,#1336));
#1338=FACE_BOUND('',#1337,.T.);
#1339=ADVANCED_FACE('',(#1338),#1322,.T.);
#1340=CARTESIAN_POINT('',(789.281788053,488.689249783,127.4));
#1341=DIRECTION('',(0.,1.,-0.));
#1342=DIRECTION('',(1.,-0.,0.));
#1343=AXIS2_PLACEMENT_3D('',#1340,#1341,#1342);
#1344=PLANE('',#1343);
#1345=ORIENTED_EDGE('',*,*,#731,.T.);
#1346=CARTESIAN_POINT('',(794.156788053,488.689249783,9.4));
#1347=DIRECTION('',(-0.,0.,1.));
#1348=VECTOR('',#1347,118.);
#1349=LINE('',#1346,#1348);
#1350=EDGE_CURVE('',#717,#166,#1349,.T.);
#1351=ORIENTED_EDGE('',*,*,#1350,.T.);
#1352=ORIENTED_EDGE('',*,*,#171,.F.);
#1353=CARTESIAN_POINT('',(784.406788053,488.689249783,127.4));
#1354=DIRECTION('',(0.,-0.,-1.));
#1355=VECTOR('',#1354,118.);
#1356=LINE('',#1353,#1355);
#1357=EDGE_CURVE('',#157,#726,#1356,.T.);
#1358=ORIENTED_EDGE('',*,*,#1357,.T.);
#1359=EDGE_LOOP('',(#1345,#1351,#1352,#1358));
#1360=FACE_BOUND('',#1359,.T.);
#1361=ADVANCED_FACE('',(#1360),#1344,.F.);
#1362=CARTESIAN_POINT('',(779.406788053,498.564249783,127.4));
#1363=DIRECTION('',(1.,-0.,0.));
#1364=DIRECTION('',(-0.,-1.,0.));
#1365=AXIS2_PLACEMENT_3D('',#1362,#1363,#1364);
#1366=PLANE('',#1365);
#1367=ORIENTED_EDGE('',*,*,#154,.F.);
#1368=CARTESIAN_POINT('',(779.406788053,503.439249783,127.4));
#1369=DIRECTION('',(0.,-0.,-1.));
#1370=VECTOR('',#1369,118.);
#1371=LINE('',#1368,#1370);
#1372=EDGE_CURVE('',#140,#743,#1371,.T.);
#1373=ORIENTED_EDGE('',*,*,#1372,.T.);
#1374=ORIENTED_EDGE('',*,*,#748,.T.);
#1375=CARTESIAN_POINT('',(779.406788053,493.689249783,9.4));
#1376=DIRECTION('',(-0.,0.,1.));
#1377=VECTOR('',#1376,118.);
#1378=LINE('',#1375,#1377);
#1379=EDGE_CURVE('',#734,#149,#1378,.T.);
#1380=ORIENTED_EDGE('',*,*,#1379,.T.);
#1381=EDGE_LOOP('',(#1367,#1373,#1374,#1380));
#1382=FACE_BOUND('',#1381,.T.);
#1383=ADVANCED_FACE('',(#1382),#1366,.F.);
#1384=CARTESIAN_POINT('',(767.056788053,508.439249783,127.4));
#1385=DIRECTION('',(0.,1.,-0.));
#1386=DIRECTION('',(0.,0.,1.));
#1387=AXIS2_PLACEMENT_3D('',#1384,#1385,#1386);
#1388=PLANE('',#1387);
#1389=CARTESIAN_POINT('',(759.706788053,508.439249783,29.4));
#1390=VERTEX_POINT('',#1389);
#1391=CARTESIAN_POINT('',(759.706788053,508.439249783,127.4));
#1392=DIRECTION('',(0.,-0.,-1.));
#1393=VECTOR('',#1392,98.);
#1394=LINE('',#1391,#1393);
#1395=EDGE_CURVE('',#123,#1390,#1394,.T.);
#1396=ORIENTED_EDGE('',*,*,#1395,.T.);
#1397=CARTESIAN_POINT('',(774.406788053,508.439249783,29.4));
#1398=VERTEX_POINT('',#1397);
#1399=CARTESIAN_POINT('',(759.706788053,508.439249783,29.4));
#1400=DIRECTION('',(1.,0.,-0.));
#1401=VECTOR('',#1400,14.7);
#1402=LINE('',#1399,#1401);
#1403=EDGE_CURVE('',#1390,#1398,#1402,.T.);
#1404=ORIENTED_EDGE('',*,*,#1403,.T.);
#1405=CARTESIAN_POINT('',(774.406788053,508.439249783,29.4));
#1406=DIRECTION('',(-0.,0.,1.));
#1407=VECTOR('',#1406,98.);
#1408=LINE('',#1405,#1407);
#1409=EDGE_CURVE('',#1398,#132,#1408,.T.);
#1410=ORIENTED_EDGE('',*,*,#1409,.T.);
#1411=ORIENTED_EDGE('',*,*,#137,.F.);
#1412=EDGE_LOOP('',(#1396,#1404,#1410,#1411));
#1413=FACE_BOUND('',#1412,.T.);
#1414=ADVANCED_FACE('',(#1413),#1388,.F.);
#1415=CARTESIAN_POINT('',(754.706788053,498.564249783,127.4));
#1416=DIRECTION('',(-1.,0.,-0.));
#1417=DIRECTION('',(0.,1.,-0.));
#1418=AXIS2_PLACEMENT_3D('',#1415,#1416,#1417);
#1419=PLANE('',#1418);
#1420=ORIENTED_EDGE('',*,*,#782,.T.);
#1421=CARTESIAN_POINT('',(754.706788053,503.439249783,9.4));
#1422=DIRECTION('',(-0.,0.,1.));
#1423=VECTOR('',#1422,118.);
#1424=LINE('',#1421,#1423);
#1425=EDGE_CURVE('',#768,#115,#1424,.T.);
#1426=ORIENTED_EDGE('',*,*,#1425,.T.);
#1427=ORIENTED_EDGE('',*,*,#120,.F.);
#1428=CARTESIAN_POINT('',(754.706788053,493.689249783,127.4));
#1429=DIRECTION('',(0.,-0.,-1.));
#1430=VECTOR('',#1429,118.);
#1431=LINE('',#1428,#1430);
#1432=EDGE_CURVE('',#106,#777,#1431,.T.);
#1433=ORIENTED_EDGE('',*,*,#1432,.T.);
#1434=EDGE_LOOP('',(#1420,#1426,#1427,#1433));
#1435=FACE_BOUND('',#1434,.T.);
#1436=ADVANCED_FACE('',(#1435),#1419,.F.);
#1437=CARTESIAN_POINT('',(744.831788053,488.689249783,127.4));
#1438=DIRECTION('',(0.,1.,-0.));
#1439=DIRECTION('',(1.,-0.,0.));
#1440=AXIS2_PLACEMENT_3D('',#1437,#1438,#1439);
#1441=PLANE('',#1440);
#1442=ORIENTED_EDGE('',*,*,#103,.F.);
#1443=CARTESIAN_POINT('',(739.956788053,488.689249783,127.4));
#1444=DIRECTION('',(0.,-0.,-1.));
#1445=VECTOR('',#1444,118.);
#1446=LINE('',#1443,#1445);
#1447=EDGE_CURVE('',#89,#794,#1446,.T.);
#1448=ORIENTED_EDGE('',*,*,#1447,.T.);
#1449=ORIENTED_EDGE('',*,*,#799,.T.);
#1450=CARTESIAN_POINT('',(749.706788053,488.689249783,9.4));
#1451=DIRECTION('',(-0.,0.,1.));
#1452=VECTOR('',#1451,118.);
#1453=LINE('',#1450,#1452);
#1454=EDGE_CURVE('',#785,#98,#1453,.T.);
#1455=ORIENTED_EDGE('',*,*,#1454,.T.);
#1456=EDGE_LOOP('',(#1442,#1448,#1449,#1455));
#1457=FACE_BOUND('',#1456,.T.);
#1458=ADVANCED_FACE('',(#1457),#1441,.F.);
#1459=CARTESIAN_POINT('',(781.406788053,500.564249783,127.4));
#1460=DIRECTION('',(1.,-0.,0.));
#1461=DIRECTION('',(-0.,-1.,0.));
#1462=AXIS2_PLACEMENT_3D('',#1459,#1460,#1461);
#1463=PLANE('',#1462);
#1464=ORIENTED_EDGE('',*,*,#895,.F.);
#1465=CARTESIAN_POINT('',(781.406788053,505.439249783,9.4));
#1466=DIRECTION('',(-0.,0.,1.));
#1467=VECTOR('',#1466,118.);
#1468=LINE('',#1465,#1467);
#1469=EDGE_CURVE('',#881,#448,#1468,.T.);
#1470=ORIENTED_EDGE('',*,*,#1469,.T.);
#1471=ORIENTED_EDGE('',*,*,#453,.T.);
#1472=CARTESIAN_POINT('',(781.406788053,495.689249783,127.4));
#1473=DIRECTION('',(0.,-0.,-1.));
#1474=VECTOR('',#1473,118.);
#1475=LINE('',#1472,#1474);
#1476=EDGE_CURVE('',#439,#890,#1475,.T.);
#1477=ORIENTED_EDGE('',*,*,#1476,.T.);
#1478=EDGE_LOOP('',(#1464,#1470,#1471,#1477));
#1479=FACE_BOUND('',#1478,.T.);
#1480=ADVANCED_FACE('',(#1479),#1463,.T.);
#1481=CARTESIAN_POINT('',(786.406788053,495.689249783,127.4));
#1482=DIRECTION('',(0.,0.,1.));
#1483=DIRECTION('',(-1.,0.,0.));
#1484=AXIS2_PLACEMENT_3D('',#1481,#1482,#1483);
#1485=CYLINDRICAL_SURFACE('',#1484,5.);
#1486=ORIENTED_EDGE('',*,*,#445,.F.);
#1487=ORIENTED_EDGE('',*,*,#1214,.F.);
#1488=ORIENTED_EDGE('',*,*,#904,.F.);
#1489=ORIENTED_EDGE('',*,*,#1476,.F.);
#1490=EDGE_LOOP('',(#1486,#1487,#1488,#1489));
#1491=FACE_BOUND('',#1490,.T.);
#1492=ADVANCED_FACE('',(#1491),#1485,.F.);
#1493=CARTESIAN_POINT('',(747.706788053,495.689249783,127.4));
#1494=DIRECTION('',(0.,0.,1.));
#1495=DIRECTION('',(-1.,0.,0.));
#1496=AXIS2_PLACEMENT_3D('',#1493,#1494,#1495);
#1497=CYLINDRICAL_SURFACE('',#1496,5.);
#1498=ORIENTED_EDGE('',*,*,#496,.F.);
#1499=ORIENTED_EDGE('',*,*,#1313,.F.);
#1500=ORIENTED_EDGE('',*,*,#853,.F.);
#1501=ORIENTED_EDGE('',*,*,#1291,.F.);
#1502=EDGE_LOOP('',(#1498,#1499,#1500,#1501));
#1503=FACE_BOUND('',#1502,.T.);
#1504=ADVANCED_FACE('',(#1503),#1497,.F.);
#1505=CARTESIAN_POINT('',(749.706788053,493.689249783,127.4));
#1506=DIRECTION('',(0.,-0.,-1.));
#1507=DIRECTION('',(1.,0.,0.));
#1508=AXIS2_PLACEMENT_3D('',#1505,#1506,#1507);
#1509=CYLINDRICAL_SURFACE('',#1508,5.);
#1510=ORIENTED_EDGE('',*,*,#112,.F.);
#1511=ORIENTED_EDGE('',*,*,#1454,.F.);
#1512=ORIENTED_EDGE('',*,*,#791,.F.);
#1513=ORIENTED_EDGE('',*,*,#1432,.F.);
#1514=EDGE_LOOP('',(#1510,#1511,#1512,#1513));
#1515=FACE_BOUND('',#1514,.T.);
#1516=ADVANCED_FACE('',(#1515),#1509,.T.);
#1517=CARTESIAN_POINT('',(784.406788053,493.689249783,127.4));
#1518=DIRECTION('',(0.,-0.,-1.));
#1519=DIRECTION('',(1.,0.,0.));
#1520=AXIS2_PLACEMENT_3D('',#1517,#1518,#1519);
#1521=CYLINDRICAL_SURFACE('',#1520,5.);
#1522=ORIENTED_EDGE('',*,*,#163,.F.);
#1523=ORIENTED_EDGE('',*,*,#1379,.F.);
#1524=ORIENTED_EDGE('',*,*,#740,.F.);
#1525=ORIENTED_EDGE('',*,*,#1357,.F.);
#1526=EDGE_LOOP('',(#1522,#1523,#1524,#1525));
#1527=FACE_BOUND('',#1526,.T.);
#1528=ADVANCED_FACE('',(#1527),#1521,.T.);
#1529=CARTESIAN_POINT('',(794.156788053,483.689249783,127.4));
#1530=DIRECTION('',(0.,0.,1.));
#1531=DIRECTION('',(-1.,0.,0.));
#1532=AXIS2_PLACEMENT_3D('',#1529,#1530,#1531);
#1533=CYLINDRICAL_SURFACE('',#1532,5.);
#1534=ORIENTED_EDGE('',*,*,#180,.F.);
#1535=ORIENTED_EDGE('',*,*,#1350,.F.);
#1536=ORIENTED_EDGE('',*,*,#723,.F.);
#1537=ORIENTED_EDGE('',*,*,#1192,.F.);
#1538=EDGE_LOOP('',(#1534,#1535,#1536,#1537));
#1539=FACE_BOUND('',#1538,.T.);
#1540=ADVANCED_FACE('',(#1539),#1533,.F.);
#1541=CARTESIAN_POINT('',(737.956788053,485.689249783,127.4));
#1542=DIRECTION('',(0.,-0.,-1.));
#1543=DIRECTION('',(1.,0.,0.));
#1544=AXIS2_PLACEMENT_3D('',#1541,#1542,#1543);
#1545=CYLINDRICAL_SURFACE('',#1544,5.);
#1546=ORIENTED_EDGE('',*,*,#511,.F.);
#1547=ORIENTED_EDGE('',*,*,#1284,.F.);
#1548=ORIENTED_EDGE('',*,*,#836,.F.);
#1549=ORIENTED_EDGE('',*,*,#1269,.F.);
#1550=EDGE_LOOP('',(#1546,#1547,#1548,#1549));
#1551=FACE_BOUND('',#1550,.T.);
#1552=ADVANCED_FACE('',(#1551),#1545,.T.);
#1553=CARTESIAN_POINT('',(759.706788053,503.439249783,127.4));
#1554=DIRECTION('',(0.,0.,1.));
#1555=DIRECTION('',(-1.,0.,0.));
#1556=AXIS2_PLACEMENT_3D('',#1553,#1554,#1555);
#1557=CYLINDRICAL_SURFACE('',#1556,5.);
#1558=ORIENTED_EDGE('',*,*,#774,.F.);
#1559=CARTESIAN_POINT('',(755.124212358,505.439249783,29.4));
#1560=VERTEX_POINT('',#1559);
#1561=CARTESIAN_POINT('',(755.124212358,505.439249783,9.4));
#1562=DIRECTION('',(0.,0.,1.));
#1563=VECTOR('',#1562,20.);
#1564=LINE('',#1561,#1563);
#1565=EDGE_CURVE('',#760,#1560,#1564,.T.);
#1566=ORIENTED_EDGE('',*,*,#1565,.T.);
#1567=CARTESIAN_POINT('',(759.706788053,503.439249783,29.4));
#1568=DIRECTION('',(-0.,0.,1.));
#1569=DIRECTION('',(1.,0.,0.));
#1570=AXIS2_PLACEMENT_3D('',#1567,#1568,#1569);
#1571=CIRCLE('',#1570,5.);
#1572=EDGE_CURVE('',#1390,#1560,#1571,.T.);
#1573=ORIENTED_EDGE('',*,*,#1572,.F.);
#1574=ORIENTED_EDGE('',*,*,#1395,.F.);
#1575=ORIENTED_EDGE('',*,*,#129,.F.);
#1576=ORIENTED_EDGE('',*,*,#1425,.F.);
#1577=EDGE_LOOP('',(#1558,#1566,#1573,#1574,#1575,#1576));
#1578=FACE_BOUND('',#1577,.T.);
#1579=ADVANCED_FACE('',(#1578),#1557,.F.);
#1580=CARTESIAN_POINT('',(774.406788053,503.439249783,127.4));
#1581=DIRECTION('',(0.,0.,1.));
#1582=DIRECTION('',(-1.,0.,0.));
#1583=AXIS2_PLACEMENT_3D('',#1580,#1581,#1582);
#1584=CYLINDRICAL_SURFACE('',#1583,5.);
#1585=CARTESIAN_POINT('',(778.989363748,505.439249783,29.4));
#1586=VERTEX_POINT('',#1585);
#1587=CARTESIAN_POINT('',(774.406788053,503.439249783,29.4));
#1588=DIRECTION('',(-0.,0.,1.));
#1589=DIRECTION('',(1.,0.,0.));
#1590=AXIS2_PLACEMENT_3D('',#1587,#1588,#1589);
#1591=CIRCLE('',#1590,5.);
#1592=EDGE_CURVE('',#1586,#1398,#1591,.T.);
#1593=ORIENTED_EDGE('',*,*,#1592,.F.);
#1594=CARTESIAN_POINT('',(778.989363748,505.439249783,29.4));
#1595=DIRECTION('',(-0.,-0.,-1.));
#1596=VECTOR('',#1595,20.);
#1597=LINE('',#1594,#1596);
#1598=EDGE_CURVE('',#1586,#751,#1597,.T.);
#1599=ORIENTED_EDGE('',*,*,#1598,.T.);
#1600=ORIENTED_EDGE('',*,*,#757,.F.);
#1601=ORIENTED_EDGE('',*,*,#1372,.F.);
#1602=ORIENTED_EDGE('',*,*,#146,.F.);
#1603=ORIENTED_EDGE('',*,*,#1409,.F.);
#1604=EDGE_LOOP('',(#1593,#1599,#1600,#1601,#1602,#1603));
#1605=FACE_BOUND('',#1604,.T.);
#1606=ADVANCED_FACE('',(#1605),#1584,.F.);
#1607=CARTESIAN_POINT('',(776.406788053,505.439249783,127.4));
#1608=DIRECTION('',(0.,-0.,-1.));
#1609=DIRECTION('',(1.,0.,0.));
#1610=AXIS2_PLACEMENT_3D('',#1607,#1608,#1609);
#1611=CYLINDRICAL_SURFACE('',#1610,5.);
#1612=ORIENTED_EDGE('',*,*,#462,.F.);
#1613=ORIENTED_EDGE('',*,*,#1469,.F.);
#1614=ORIENTED_EDGE('',*,*,#887,.F.);
#1615=ORIENTED_EDGE('',*,*,#1328,.F.);
#1616=EDGE_LOOP('',(#1612,#1613,#1614,#1615));
#1617=FACE_BOUND('',#1616,.T.);
#1618=ADVANCED_FACE('',(#1617),#1611,.T.);
#1619=CARTESIAN_POINT('',(796.156788053,485.689249783,127.4));
#1620=DIRECTION('',(0.,-0.,-1.));
#1621=DIRECTION('',(1.,0.,0.));
#1622=AXIS2_PLACEMENT_3D('',#1619,#1620,#1621);
#1623=CYLINDRICAL_SURFACE('',#1622,5.);
#1624=ORIENTED_EDGE('',*,*,#428,.F.);
#1625=ORIENTED_EDGE('',*,*,#1236,.F.);
#1626=ORIENTED_EDGE('',*,*,#921,.F.);
#1627=ORIENTED_EDGE('',*,*,#1207,.F.);
#1628=EDGE_LOOP('',(#1624,#1625,#1626,#1627));
#1629=FACE_BOUND('',#1628,.T.);
#1630=ADVANCED_FACE('',(#1629),#1623,.T.);
#1631=CARTESIAN_POINT('',(739.956788053,483.689249783,127.4));
#1632=DIRECTION('',(0.,0.,1.));
#1633=DIRECTION('',(-1.,0.,0.));
#1634=AXIS2_PLACEMENT_3D('',#1631,#1632,#1633);
#1635=CYLINDRICAL_SURFACE('',#1634,5.);
#1636=ORIENTED_EDGE('',*,*,#95,.F.);
#1637=ORIENTED_EDGE('',*,*,#1124,.F.);
#1638=ORIENTED_EDGE('',*,*,#806,.F.);
#1639=ORIENTED_EDGE('',*,*,#1447,.F.);
#1640=EDGE_LOOP('',(#1636,#1637,#1638,#1639));
#1641=FACE_BOUND('',#1640,.T.);
#1642=ADVANCED_FACE('',(#1641),#1635,.F.);
#1643=CARTESIAN_POINT('',(757.706788053,505.439249783,127.4));
#1644=DIRECTION('',(0.,-0.,-1.));
#1645=DIRECTION('',(1.,0.,0.));
#1646=AXIS2_PLACEMENT_3D('',#1643,#1644,#1645);
#1647=CYLINDRICAL_SURFACE('',#1646,5.);
#1648=ORIENTED_EDGE('',*,*,#479,.F.);
#1649=ORIENTED_EDGE('',*,*,#1335,.F.);
#1650=ORIENTED_EDGE('',*,*,#870,.F.);
#1651=ORIENTED_EDGE('',*,*,#1306,.F.);
#1652=EDGE_LOOP('',(#1648,#1649,#1650,#1651));
#1653=FACE_BOUND('',#1652,.T.);
#1654=ADVANCED_FACE('',(#1653),#1647,.T.);
#1655=CARTESIAN_POINT('',(767.056788053,505.439249783,29.4));
#1656=DIRECTION('',(0.,-1.,0.));
#1657=DIRECTION('',(0.,-0.,-1.));
#1658=AXIS2_PLACEMENT_3D('',#1655,#1656,#1657);
#1659=PLANE('',#1658);
#1660=ORIENTED_EDGE('',*,*,#1565,.F.);
#1661=ORIENTED_EDGE('',*,*,#765,.F.);
#1662=ORIENTED_EDGE('',*,*,#1598,.F.);
#1663=CARTESIAN_POINT('',(778.989363748,505.439249783,29.4));
#1664=DIRECTION('',(-1.,0.,0.));
#1665=VECTOR('',#1664,23.86515139);
#1666=LINE('',#1663,#1665);
#1667=EDGE_CURVE('',#1586,#1560,#1666,.T.);
#1668=ORIENTED_EDGE('',*,*,#1667,.T.);
#1669=EDGE_LOOP('',(#1660,#1661,#1662,#1668));
#1670=FACE_BOUND('',#1669,.T.);
#1671=ADVANCED_FACE('',(#1670),#1659,.T.);
#1672=CARTESIAN_POINT('',(767.056788053,476.339249783,29.4));
#1673=DIRECTION('',(0.,-0.,-1.));
#1674=DIRECTION('',(1.,0.,0.));
#1675=AXIS2_PLACEMENT_3D('',#1672,#1673,#1674);
#1676=PLANE('',#1675);
#1677=ORIENTED_EDGE('',*,*,#1403,.F.);
#1678=ORIENTED_EDGE('',*,*,#1572,.T.);
#1679=ORIENTED_EDGE('',*,*,#1667,.F.);
#1680=ORIENTED_EDGE('',*,*,#1592,.T.);
#1681=EDGE_LOOP('',(#1677,#1678,#1679,#1680));
#1682=FACE_BOUND('',#1681,.T.);
#1683=ADVANCED_FACE('',(#1682),#1676,.F.);
#1684=CARTESIAN_POINT('',(796.056788053,476.339249783,127.4));
#1685=DIRECTION('',(0.,-0.,-1.));
#1686=DIRECTION('',(1.,0.,0.));
#1687=AXIS2_PLACEMENT_3D('',#1684,#1685,#1686);
#1688=CYLINDRICAL_SURFACE('',#1687,2.);
#1689=CARTESIAN_POINT('',(798.056788053,476.339249783,110.5));
#1690=VERTEX_POINT('',#1689);
#1691=CARTESIAN_POINT('',(798.056788053,476.339249783,126.4));
#1692=VERTEX_POINT('',#1691);
#1693=CARTESIAN_POINT('',(798.056788053,476.339249783,110.5));
#1694=DIRECTION('',(-0.,0.,1.));
#1695=VECTOR('',#1694,15.9);
#1696=LINE('',#1693,#1695);
#1697=EDGE_CURVE('',#1690,#1692,#1696,.T.);
#1698=ORIENTED_EDGE('',*,*,#1697,.F.);
#1699=CARTESIAN_POINT('',(796.056788053,476.339249783,112.5));
#1700=DIRECTION('',(0.707106781,0.,0.707106781));
#1701=DIRECTION('',(0.707106781,-0.,-0.707106781));
#1702=AXIS2_PLACEMENT_3D('',#1699,#1700,#1701);
#1703=ELLIPSE('',#1702,2.828427125,2.);
#1704=EDGE_CURVE('',#1690,#1690,#1703,.T.);
#1705=ORIENTED_EDGE('',*,*,#1704,.F.);
#1706=ORIENTED_EDGE('',*,*,#1697,.T.);
#1707=CARTESIAN_POINT('',(794.056788053,476.339249783,126.4));
#1708=VERTEX_POINT('',#1707);
#1709=CARTESIAN_POINT('',(796.056788053,476.339249783,126.4));
#1710=DIRECTION('',(-0.,0.,1.));
#1711=DIRECTION('',(1.,0.,0.));
#1712=AXIS2_PLACEMENT_3D('',#1709,#1710,#1711);
#1713=CIRCLE('',#1712,2.);
#1714=EDGE_CURVE('',#1692,#1708,#1713,.T.);
#1715=ORIENTED_EDGE('',*,*,#1714,.T.);
#1716=CARTESIAN_POINT('',(796.056788053,476.339249783,126.4));
#1717=DIRECTION('',(-0.,0.,1.));
#1718=DIRECTION('',(1.,0.,0.));
#1719=AXIS2_PLACEMENT_3D('',#1716,#1717,#1718);
#1720=CIRCLE('',#1719,2.);
#1721=EDGE_CURVE('',#1708,#1692,#1720,.T.);
#1722=ORIENTED_EDGE('',*,*,#1721,.T.);
#1723=EDGE_LOOP('',(#1698,#1705,#1706,#1715,#1722));
#1724=FACE_BOUND('',#1723,.T.);
#1725=ADVANCED_FACE('',(#1724),#1688,.F.);
#1726=CARTESIAN_POINT('',(738.056788053,476.339249783,127.4));
#1727=DIRECTION('',(0.,-0.,-1.));
#1728=DIRECTION('',(1.,0.,0.));
#1729=AXIS2_PLACEMENT_3D('',#1726,#1727,#1728);
#1730=CYLINDRICAL_SURFACE('',#1729,2.);
#1731=CARTESIAN_POINT('',(740.056788053,476.339249783,114.5));
#1732=VERTEX_POINT('',#1731);
#1733=CARTESIAN_POINT('',(740.056788053,476.339249783,126.4));
#1734=VERTEX_POINT('',#1733);
#1735=CARTESIAN_POINT('',(740.056788053,476.339249783,114.5));
#1736=DIRECTION('',(-0.,0.,1.));
#1737=VECTOR('',#1736,11.9);
#1738=LINE('',#1735,#1737);
#1739=EDGE_CURVE('',#1732,#1734,#1738,.T.);
#1740=ORIENTED_EDGE('',*,*,#1739,.F.);
#1741=CARTESIAN_POINT('',(736.056788053,476.339249783,110.5));
#1742=VERTEX_POINT('',#1741);
#1743=CARTESIAN_POINT('',(738.056788053,476.339249783,112.5));
#1744=DIRECTION('',(-0.707106781,0.,0.707106781));
#1745=DIRECTION('',(-0.707106781,-0.,-0.707106781));
#1746=AXIS2_PLACEMENT_3D('',#1743,#1744,#1745);
#1747=ELLIPSE('',#1746,2.828427125,2.);
#1748=EDGE_CURVE('',#1742,#1732,#1747,.T.);
#1749=ORIENTED_EDGE('',*,*,#1748,.F.);
#1750=CARTESIAN_POINT('',(738.056788053,476.339249783,112.5));
#1751=DIRECTION('',(-0.707106781,0.,0.707106781));
#1752=DIRECTION('',(-0.707106781,-0.,-0.707106781));
#1753=AXIS2_PLACEMENT_3D('',#1750,#1751,#1752);
#1754=ELLIPSE('',#1753,2.828427125,2.);
#1755=EDGE_CURVE('',#1732,#1742,#1754,.T.);
#1756=ORIENTED_EDGE('',*,*,#1755,.F.);
#1757=ORIENTED_EDGE('',*,*,#1739,.T.);
#1758=CARTESIAN_POINT('',(736.056788053,476.339249783,126.4));
#1759=VERTEX_POINT('',#1758);
#1760=CARTESIAN_POINT('',(738.056788053,476.339249783,126.4));
#1761=DIRECTION('',(-0.,0.,1.));
#1762=DIRECTION('',(1.,0.,0.));
#1763=AXIS2_PLACEMENT_3D('',#1760,#1761,#1762);
#1764=CIRCLE('',#1763,2.);
#1765=EDGE_CURVE('',#1734,#1759,#1764,.T.);
#1766=ORIENTED_EDGE('',*,*,#1765,.T.);
#1767=CARTESIAN_POINT('',(738.056788053,476.339249783,126.4));
#1768=DIRECTION('',(-0.,0.,1.));
#1769=DIRECTION('',(1.,0.,0.));
#1770=AXIS2_PLACEMENT_3D('',#1767,#1768,#1769);
#1771=CIRCLE('',#1770,2.);
#1772=EDGE_CURVE('',#1759,#1734,#1771,.T.);
#1773=ORIENTED_EDGE('',*,*,#1772,.T.);
#1774=EDGE_LOOP('',(#1740,#1749,#1756,#1757,#1766,#1773));
#1775=FACE_BOUND('',#1774,.T.);
#1776=ADVANCED_FACE('',(#1775),#1730,.F.);
#1777=CARTESIAN_POINT('',(738.056788053,476.339249783,127.4));
#1778=DIRECTION('',(0.,-0.,-1.));
#1779=DIRECTION('',(1.,0.,0.));
#1780=AXIS2_PLACEMENT_3D('',#1777,#1778,#1779);
#1781=CYLINDRICAL_SURFACE('',#1780,4.);
#1782=CARTESIAN_POINT('',(742.056788053,476.339249783,116.5));
#1783=VERTEX_POINT('',#1782);
#1784=CARTESIAN_POINT('',(742.056788053,476.339249783,116.5));
#1785=DIRECTION('',(-0.,0.,1.));
#1786=VECTOR('',#1785,10.9);
#1787=LINE('',#1784,#1786);
#1788=EDGE_CURVE('',#1783,#61,#1787,.T.);
#1789=ORIENTED_EDGE('',*,*,#1788,.T.);
#1790=ORIENTED_EDGE('',*,*,#69,.T.);
#1791=ORIENTED_EDGE('',*,*,#1087,.T.);
#1792=CARTESIAN_POINT('',(738.056788053,476.339249783,112.5));
#1793=DIRECTION('',(-0.707106781,0.,0.707106781));
#1794=DIRECTION('',(-0.707106781,-0.,-0.707106781));
#1795=AXIS2_PLACEMENT_3D('',#1792,#1793,#1794);
#1796=ELLIPSE('',#1795,5.656854249,4.);
#1797=EDGE_CURVE('',#1076,#1783,#1796,.T.);
#1798=ORIENTED_EDGE('',*,*,#1797,.T.);
#1799=EDGE_LOOP('',(#1789,#1790,#1791,#1798));
#1800=FACE_BOUND('',#1799,.T.);
#1801=ADVANCED_FACE('',(#1800),#1781,.T.);
#1802=CARTESIAN_POINT('',(796.056788053,476.339249783,127.4));
#1803=DIRECTION('',(0.,-0.,-1.));
#1804=DIRECTION('',(1.,0.,0.));
#1805=AXIS2_PLACEMENT_3D('',#1802,#1803,#1804);
#1806=CYLINDRICAL_SURFACE('',#1805,4.);
#1807=ORIENTED_EDGE('',*,*,#1185,.T.);
#1808=CARTESIAN_POINT('',(796.056788053,476.339249783,112.5));
#1809=DIRECTION('',(0.707106781,0.,0.707106781));
#1810=DIRECTION('',(0.707106781,-0.,-0.707106781));
#1811=AXIS2_PLACEMENT_3D('',#1808,#1809,#1810);
#1812=ELLIPSE('',#1811,5.656854249,4.);
#1813=EDGE_CURVE('',#1174,#1166,#1812,.T.);
#1814=ORIENTED_EDGE('',*,*,#1813,.T.);
#1815=ORIENTED_EDGE('',*,*,#1171,.F.);
#1816=ORIENTED_EDGE('',*,*,#197,.T.);
#1817=EDGE_LOOP('',(#1807,#1814,#1815,#1816));
#1818=FACE_BOUND('',#1817,.T.);
#1819=ADVANCED_FACE('',(#1818),#1806,.T.);
#1820=CARTESIAN_POINT('',(767.056788053,476.339249783,29.4));
#1821=DIRECTION('',(0.,-0.,-1.));
#1822=DIRECTION('',(1.,0.,0.));
#1823=AXIS2_PLACEMENT_3D('',#1820,#1821,#1822);
#1824=PLANE('',#1823);
#1825=CARTESIAN_POINT('',(774.406788053,444.239249783,29.4));
#1826=VERTEX_POINT('',#1825);
#1827=CARTESIAN_POINT('',(759.706788053,444.239249783,29.4));
#1828=VERTEX_POINT('',#1827);
#1829=CARTESIAN_POINT('',(774.406788053,444.239249783,29.4));
#1830=DIRECTION('',(-1.,0.,0.));
#1831=VECTOR('',#1830,14.7);
#1832=LINE('',#1829,#1831);
#1833=EDGE_CURVE('',#1826,#1828,#1832,.T.);
#1834=ORIENTED_EDGE('',*,*,#1833,.F.);
#1835=CARTESIAN_POINT('',(778.989363748,447.239249783,29.4));
#1836=VERTEX_POINT('',#1835);
#1837=CARTESIAN_POINT('',(774.406788053,449.239249783,29.4));
#1838=DIRECTION('',(-0.,0.,1.));
#1839=DIRECTION('',(1.,0.,0.));
#1840=AXIS2_PLACEMENT_3D('',#1837,#1838,#1839);
#1841=CIRCLE('',#1840,5.);
#1842=EDGE_CURVE('',#1826,#1836,#1841,.T.);
#1843=ORIENTED_EDGE('',*,*,#1842,.T.);
#1844=CARTESIAN_POINT('',(755.124212358,447.239249783,29.4));
#1845=VERTEX_POINT('',#1844);
#1846=CARTESIAN_POINT('',(778.989363748,447.239249783,29.4));
#1847=DIRECTION('',(-1.,0.,0.));
#1848=VECTOR('',#1847,23.86515139);
#1849=LINE('',#1846,#1848);
#1850=EDGE_CURVE('',#1836,#1845,#1849,.T.);
#1851=ORIENTED_EDGE('',*,*,#1850,.T.);
#1852=CARTESIAN_POINT('',(759.706788053,449.239249783,29.4));
#1853=DIRECTION('',(-0.,0.,1.));
#1854=DIRECTION('',(1.,0.,0.));
#1855=AXIS2_PLACEMENT_3D('',#1852,#1853,#1854);
#1856=CIRCLE('',#1855,5.);
#1857=EDGE_CURVE('',#1845,#1828,#1856,.T.);
#1858=ORIENTED_EDGE('',*,*,#1857,.T.);
#1859=EDGE_LOOP('',(#1834,#1843,#1851,#1858));
#1860=FACE_BOUND('',#1859,.T.);
#1861=ADVANCED_FACE('',(#1860),#1824,.F.);
#1862=CARTESIAN_POINT('',(796.056788053,476.339249783,127.4));
#1863=DIRECTION('',(0.,-0.,-1.));
#1864=DIRECTION('',(1.,0.,0.));
#1865=AXIS2_PLACEMENT_3D('',#1862,#1863,#1864);
#1866=CYLINDRICAL_SURFACE('',#1865,2.);
#1867=CARTESIAN_POINT('',(798.056788053,476.339249783,10.4));
#1868=VERTEX_POINT('',#1867);
#1869=CARTESIAN_POINT('',(798.056788053,476.339249783,26.3));
#1870=VERTEX_POINT('',#1869);
#1871=CARTESIAN_POINT('',(798.056788053,476.339249783,10.4));
#1872=DIRECTION('',(-0.,0.,1.));
#1873=VECTOR('',#1872,15.9);
#1874=LINE('',#1871,#1873);
#1875=EDGE_CURVE('',#1868,#1870,#1874,.T.);
#1876=ORIENTED_EDGE('',*,*,#1875,.F.);
#1877=CARTESIAN_POINT('',(796.056788053,476.339249783,10.4));
#1878=DIRECTION('',(0.,-0.,-1.));
#1879=DIRECTION('',(1.,0.,0.));
#1880=AXIS2_PLACEMENT_3D('',#1877,#1878,#1879);
#1881=CIRCLE('',#1880,2.);
#1882=EDGE_CURVE('',#1868,#1868,#1881,.T.);
#1883=ORIENTED_EDGE('',*,*,#1882,.T.);
#1884=ORIENTED_EDGE('',*,*,#1875,.T.);
#1885=CARTESIAN_POINT('',(794.056788053,476.339249783,22.3));
#1886=VERTEX_POINT('',#1885);
#1887=CARTESIAN_POINT('',(796.056788053,476.339249783,24.3));
#1888=DIRECTION('',(-0.707106781,0.,0.707106781));
#1889=DIRECTION('',(-0.707106781,-0.,-0.707106781));
#1890=AXIS2_PLACEMENT_3D('',#1887,#1888,#1889);
#1891=ELLIPSE('',#1890,2.828427125,2.);
#1892=EDGE_CURVE('',#1870,#1886,#1891,.T.);
#1893=ORIENTED_EDGE('',*,*,#1892,.T.);
#1894=CARTESIAN_POINT('',(796.056788053,476.339249783,24.3));
#1895=DIRECTION('',(-0.707106781,0.,0.707106781));
#1896=DIRECTION('',(-0.707106781,-0.,-0.707106781));
#1897=AXIS2_PLACEMENT_3D('',#1894,#1895,#1896);
#1898=ELLIPSE('',#1897,2.828427125,2.);
#1899=EDGE_CURVE('',#1886,#1870,#1898,.T.);
#1900=ORIENTED_EDGE('',*,*,#1899,.T.);
#1901=EDGE_LOOP('',(#1876,#1883,#1884,#1893,#1900));
#1902=FACE_BOUND('',#1901,.T.);
#1903=ADVANCED_FACE('',(#1902),#1866,.F.);
#1904=CARTESIAN_POINT('',(738.056788053,476.339249783,127.4));
#1905=DIRECTION('',(0.,-0.,-1.));
#1906=DIRECTION('',(1.,0.,0.));
#1907=AXIS2_PLACEMENT_3D('',#1904,#1905,#1906);
#1908=CYLINDRICAL_SURFACE('',#1907,2.);
#1909=CARTESIAN_POINT('',(740.056788053,476.339249783,10.4));
#1910=VERTEX_POINT('',#1909);
#1911=CARTESIAN_POINT('',(740.056788053,476.339249783,22.3));
#1912=VERTEX_POINT('',#1911);
#1913=CARTESIAN_POINT('',(740.056788053,476.339249783,10.4));
#1914=DIRECTION('',(-0.,0.,1.));
#1915=VECTOR('',#1914,11.9);
#1916=LINE('',#1913,#1915);
#1917=EDGE_CURVE('',#1910,#1912,#1916,.T.);
#1918=ORIENTED_EDGE('',*,*,#1917,.F.);
#1919=CARTESIAN_POINT('',(738.056788053,476.339249783,10.4));
#1920=DIRECTION('',(0.,-0.,-1.));
#1921=DIRECTION('',(1.,0.,0.));
#1922=AXIS2_PLACEMENT_3D('',#1919,#1920,#1921);
#1923=CIRCLE('',#1922,2.);
#1924=EDGE_CURVE('',#1910,#1910,#1923,.T.);
#1925=ORIENTED_EDGE('',*,*,#1924,.T.);
#1926=ORIENTED_EDGE('',*,*,#1917,.T.);
#1927=CARTESIAN_POINT('',(738.056788053,476.339249783,24.3));
#1928=DIRECTION('',(0.707106781,0.,0.707106781));
#1929=DIRECTION('',(0.707106781,-0.,-0.707106781));
#1930=AXIS2_PLACEMENT_3D('',#1927,#1928,#1929);
#1931=ELLIPSE('',#1930,2.828427125,2.);
#1932=EDGE_CURVE('',#1912,#1912,#1931,.T.);
#1933=ORIENTED_EDGE('',*,*,#1932,.T.);
#1934=EDGE_LOOP('',(#1918,#1925,#1926,#1933));
#1935=FACE_BOUND('',#1934,.T.);
#1936=ADVANCED_FACE('',(#1935),#1908,.F.);
#1937=CARTESIAN_POINT('',(767.056788053,444.239249783,127.4));
#1938=DIRECTION('',(0.,-1.,0.));
#1939=DIRECTION('',(0.,-0.,-1.));
#1940=AXIS2_PLACEMENT_3D('',#1937,#1938,#1939);
#1941=PLANE('',#1940);
#1942=CARTESIAN_POINT('',(774.406788053,444.239249783,127.4));
#1943=DIRECTION('',(0.,-0.,-1.));
#1944=VECTOR('',#1943,98.);
#1945=LINE('',#1942,#1944);
#1946=EDGE_CURVE('',#242,#1826,#1945,.T.);
#1947=ORIENTED_EDGE('',*,*,#1946,.T.);
#1948=ORIENTED_EDGE('',*,*,#1833,.T.);
#1949=CARTESIAN_POINT('',(759.706788053,444.239249783,29.4));
#1950=DIRECTION('',(-0.,0.,1.));
#1951=VECTOR('',#1950,98.);
#1952=LINE('',#1949,#1951);
#1953=EDGE_CURVE('',#1828,#251,#1952,.T.);
#1954=ORIENTED_EDGE('',*,*,#1953,.T.);
#1955=ORIENTED_EDGE('',*,*,#256,.F.);
#1956=EDGE_LOOP('',(#1947,#1948,#1954,#1955));
#1957=FACE_BOUND('',#1956,.T.);
#1958=ADVANCED_FACE('',(#1957),#1941,.F.);
#1959=CARTESIAN_POINT('',(738.056788053,476.339249783,127.4));
#1960=DIRECTION('',(0.,0.,1.));
#1961=DIRECTION('',(-1.,0.,0.));
#1962=AXIS2_PLACEMENT_3D('',#1959,#1960,#1961);
#1963=CONICAL_SURFACE('',#1962,3.,45.);
#1964=CARTESIAN_POINT('',(735.056788053,476.339249783,127.4));
#1965=DIRECTION('',(0.707106781,-0.,-0.707106781));
#1966=VECTOR('',#1965,1.414213562);
#1967=LINE('',#1964,#1966);
#1968=EDGE_CURVE('',#538,#1759,#1967,.T.);
#1969=ORIENTED_EDGE('',*,*,#1968,.F.);
#1970=ORIENTED_EDGE('',*,*,#544,.F.);
#1971=ORIENTED_EDGE('',*,*,#551,.F.);
#1972=ORIENTED_EDGE('',*,*,#1968,.T.);
#1973=ORIENTED_EDGE('',*,*,#1765,.F.);
#1974=ORIENTED_EDGE('',*,*,#1772,.F.);
#1975=EDGE_LOOP('',(#1969,#1970,#1971,#1972,#1973,#1974));
#1976=FACE_BOUND('',#1975,.T.);
#1977=ADVANCED_FACE('',(#1976),#1963,.F.);
#1978=CARTESIAN_POINT('',(796.056788053,476.339249783,127.4));
#1979=DIRECTION('',(0.,0.,1.));
#1980=DIRECTION('',(-1.,0.,0.));
#1981=AXIS2_PLACEMENT_3D('',#1978,#1979,#1980);
#1982=CONICAL_SURFACE('',#1981,3.,45.);
#1983=CARTESIAN_POINT('',(793.056788053,476.339249783,127.4));
#1984=DIRECTION('',(0.707106781,-0.,-0.707106781));
#1985=VECTOR('',#1984,1.414213562);
#1986=LINE('',#1983,#1985);
#1987=EDGE_CURVE('',#518,#1708,#1986,.T.);
#1988=ORIENTED_EDGE('',*,*,#1987,.F.);
#1989=ORIENTED_EDGE('',*,*,#524,.F.);
#1990=ORIENTED_EDGE('',*,*,#531,.F.);
#1991=ORIENTED_EDGE('',*,*,#1987,.T.);
#1992=ORIENTED_EDGE('',*,*,#1714,.F.);
#1993=ORIENTED_EDGE('',*,*,#1721,.F.);
#1994=EDGE_LOOP('',(#1988,#1989,#1990,#1991,#1992,#1993));
#1995=FACE_BOUND('',#1994,.T.);
#1996=ADVANCED_FACE('',(#1995),#1982,.F.);
#1997=CARTESIAN_POINT('',(742.831788053,461.989249783,127.4));
#1998=DIRECTION('',(-0.,-1.,0.));
#1999=DIRECTION('',(-1.,0.,-0.));
#2000=AXIS2_PLACEMENT_3D('',#1997,#1998,#1999);
#2001=PLANE('',#2000);
#2002=ORIENTED_EDGE('',*,*,#334,.T.);
#2003=CARTESIAN_POINT('',(737.956788053,461.989249783,127.4));
#2004=DIRECTION('',(0.,-0.,-1.));
#2005=VECTOR('',#2004,118.);
#2006=LINE('',#2003,#2005);
#2007=EDGE_CURVE('',#320,#811,#2006,.T.);
#2008=ORIENTED_EDGE('',*,*,#2007,.T.);
#2009=ORIENTED_EDGE('',*,*,#1012,.F.);
#2010=CARTESIAN_POINT('',(747.706788053,461.989249783,9.4));
#2011=DIRECTION('',(-0.,0.,1.));
#2012=VECTOR('',#2011,118.);
#2013=LINE('',#2010,#2012);
#2014=EDGE_CURVE('',#1000,#329,#2013,.T.);
#2015=ORIENTED_EDGE('',*,*,#2014,.T.);
#2016=EDGE_LOOP('',(#2002,#2008,#2009,#2015));
#2017=FACE_BOUND('',#2016,.T.);
#2018=ADVANCED_FACE('',(#2017),#2001,.T.);
#2019=CARTESIAN_POINT('',(747.706788053,456.989249783,127.4));
#2020=DIRECTION('',(0.,0.,1.));
#2021=DIRECTION('',(-1.,0.,0.));
#2022=AXIS2_PLACEMENT_3D('',#2019,#2020,#2021);
#2023=CYLINDRICAL_SURFACE('',#2022,5.);
#2024=ORIENTED_EDGE('',*,*,#343,.F.);
#2025=ORIENTED_EDGE('',*,*,#2014,.F.);
#2026=ORIENTED_EDGE('',*,*,#1006,.F.);
#2027=CARTESIAN_POINT('',(752.706788053,456.989249783,127.4));
#2028=DIRECTION('',(0.,-0.,-1.));
#2029=VECTOR('',#2028,118.);
#2030=LINE('',#2027,#2029);
#2031=EDGE_CURVE('',#337,#992,#2030,.T.);
#2032=ORIENTED_EDGE('',*,*,#2031,.F.);
#2033=EDGE_LOOP('',(#2024,#2025,#2026,#2032));
#2034=FACE_BOUND('',#2033,.T.);
#2035=ADVANCED_FACE('',(#2034),#2023,.F.);
#2036=CARTESIAN_POINT('',(752.706788053,452.114249783,127.4));
#2037=DIRECTION('',(-1.,0.,-0.));
#2038=DIRECTION('',(0.,1.,-0.));
#2039=AXIS2_PLACEMENT_3D('',#2036,#2037,#2038);
#2040=PLANE('',#2039);
#2041=ORIENTED_EDGE('',*,*,#997,.F.);
#2042=CARTESIAN_POINT('',(752.706788053,447.239249783,9.4));
#2043=DIRECTION('',(-0.,0.,1.));
#2044=VECTOR('',#2043,118.);
#2045=LINE('',#2042,#2044);
#2046=EDGE_CURVE('',#983,#346,#2045,.T.);
#2047=ORIENTED_EDGE('',*,*,#2046,.T.);
#2048=ORIENTED_EDGE('',*,*,#351,.T.);
#2049=ORIENTED_EDGE('',*,*,#2031,.T.);
#2050=EDGE_LOOP('',(#2041,#2047,#2048,#2049));
#2051=FACE_BOUND('',#2050,.T.);
#2052=ADVANCED_FACE('',(#2051),#2040,.T.);
#2053=CARTESIAN_POINT('',(757.706788053,447.239249783,127.4));
#2054=DIRECTION('',(0.,-0.,-1.));
#2055=DIRECTION('',(1.,0.,0.));
#2056=AXIS2_PLACEMENT_3D('',#2053,#2054,#2055);
#2057=CYLINDRICAL_SURFACE('',#2056,5.);
#2058=ORIENTED_EDGE('',*,*,#360,.F.);
#2059=ORIENTED_EDGE('',*,*,#2046,.F.);
#2060=ORIENTED_EDGE('',*,*,#989,.F.);
#2061=CARTESIAN_POINT('',(757.706788053,442.239249783,127.4));
#2062=DIRECTION('',(0.,-0.,-1.));
#2063=VECTOR('',#2062,118.);
#2064=LINE('',#2061,#2063);
#2065=EDGE_CURVE('',#354,#975,#2064,.T.);
#2066=ORIENTED_EDGE('',*,*,#2065,.F.);
#2067=EDGE_LOOP('',(#2058,#2059,#2060,#2066));
#2068=FACE_BOUND('',#2067,.T.);
#2069=ADVANCED_FACE('',(#2068),#2057,.T.);
#2070=CARTESIAN_POINT('',(767.056788053,442.239249783,127.4));
#2071=DIRECTION('',(0.,-1.,0.));
#2072=DIRECTION('',(0.,-0.,-1.));
#2073=AXIS2_PLACEMENT_3D('',#2070,#2071,#2072);
#2074=PLANE('',#2073);
#2075=ORIENTED_EDGE('',*,*,#980,.F.);
#2076=CARTESIAN_POINT('',(776.406788053,442.239249783,9.4));
#2077=DIRECTION('',(-0.,0.,1.));
#2078=VECTOR('',#2077,118.);
#2079=LINE('',#2076,#2078);
#2080=EDGE_CURVE('',#966,#363,#2079,.T.);
#2081=ORIENTED_EDGE('',*,*,#2080,.T.);
#2082=ORIENTED_EDGE('',*,*,#368,.T.);
#2083=ORIENTED_EDGE('',*,*,#2065,.T.);
#2084=EDGE_LOOP('',(#2075,#2081,#2082,#2083));
#2085=FACE_BOUND('',#2084,.T.);
#2086=ADVANCED_FACE('',(#2085),#2074,.T.);
#2087=CARTESIAN_POINT('',(776.406788053,447.239249783,127.4));
#2088=DIRECTION('',(0.,-0.,-1.));
#2089=DIRECTION('',(1.,0.,0.));
#2090=AXIS2_PLACEMENT_3D('',#2087,#2088,#2089);
#2091=CYLINDRICAL_SURFACE('',#2090,5.);
#2092=ORIENTED_EDGE('',*,*,#377,.F.);
#2093=ORIENTED_EDGE('',*,*,#2080,.F.);
#2094=ORIENTED_EDGE('',*,*,#972,.F.);
#2095=CARTESIAN_POINT('',(781.406788053,447.239249783,127.4));
#2096=DIRECTION('',(0.,-0.,-1.));
#2097=VECTOR('',#2096,118.);
#2098=LINE('',#2095,#2097);
#2099=EDGE_CURVE('',#371,#958,#2098,.T.);
#2100=ORIENTED_EDGE('',*,*,#2099,.F.);
#2101=EDGE_LOOP('',(#2092,#2093,#2094,#2100));
#2102=FACE_BOUND('',#2101,.T.);
#2103=ADVANCED_FACE('',(#2102),#2091,.T.);
#2104=CARTESIAN_POINT('',(781.406788053,452.114249783,127.4));
#2105=DIRECTION('',(1.,-0.,0.));
#2106=DIRECTION('',(-0.,-1.,0.));
#2107=AXIS2_PLACEMENT_3D('',#2104,#2105,#2106);
#2108=PLANE('',#2107);
#2109=ORIENTED_EDGE('',*,*,#385,.T.);
#2110=ORIENTED_EDGE('',*,*,#2099,.T.);
#2111=ORIENTED_EDGE('',*,*,#963,.F.);
#2112=CARTESIAN_POINT('',(781.406788053,456.989249783,9.4));
#2113=DIRECTION('',(-0.,0.,1.));
#2114=VECTOR('',#2113,118.);
#2115=LINE('',#2112,#2114);
#2116=EDGE_CURVE('',#949,#380,#2115,.T.);
#2117=ORIENTED_EDGE('',*,*,#2116,.T.);
#2118=EDGE_LOOP('',(#2109,#2110,#2111,#2117));
#2119=FACE_BOUND('',#2118,.T.);
#2120=ADVANCED_FACE('',(#2119),#2108,.T.);
#2121=CARTESIAN_POINT('',(786.406788053,456.989249783,127.4));
#2122=DIRECTION('',(0.,0.,1.));
#2123=DIRECTION('',(-1.,0.,0.));
#2124=AXIS2_PLACEMENT_3D('',#2121,#2122,#2123);
#2125=CYLINDRICAL_SURFACE('',#2124,5.);
#2126=ORIENTED_EDGE('',*,*,#394,.F.);
#2127=ORIENTED_EDGE('',*,*,#2116,.F.);
#2128=ORIENTED_EDGE('',*,*,#955,.F.);
#2129=CARTESIAN_POINT('',(786.406788053,461.989249783,127.4));
#2130=DIRECTION('',(0.,-0.,-1.));
#2131=VECTOR('',#2130,118.);
#2132=LINE('',#2129,#2131);
#2133=EDGE_CURVE('',#388,#941,#2132,.T.);
#2134=ORIENTED_EDGE('',*,*,#2133,.F.);
#2135=EDGE_LOOP('',(#2126,#2127,#2128,#2134));
#2136=FACE_BOUND('',#2135,.T.);
#2137=ADVANCED_FACE('',(#2136),#2125,.F.);
#2138=CARTESIAN_POINT('',(791.281788053,461.989249783,127.4));
#2139=DIRECTION('',(-0.,-1.,0.));
#2140=DIRECTION('',(-1.,0.,-0.));
#2141=AXIS2_PLACEMENT_3D('',#2138,#2139,#2140);
#2142=PLANE('',#2141);
#2143=ORIENTED_EDGE('',*,*,#946,.F.);
#2144=CARTESIAN_POINT('',(796.156788053,461.989249783,9.4));
#2145=DIRECTION('',(-0.,0.,1.));
#2146=VECTOR('',#2145,118.);
#2147=LINE('',#2144,#2146);
#2148=EDGE_CURVE('',#932,#397,#2147,.T.);
#2149=ORIENTED_EDGE('',*,*,#2148,.T.);
#2150=ORIENTED_EDGE('',*,*,#402,.T.);
#2151=ORIENTED_EDGE('',*,*,#2133,.T.);
#2152=EDGE_LOOP('',(#2143,#2149,#2150,#2151));
#2153=FACE_BOUND('',#2152,.T.);
#2154=ADVANCED_FACE('',(#2153),#2142,.T.);
#2155=CARTESIAN_POINT('',(794.156788053,468.989249783,127.4));
#2156=DIRECTION('',(0.,0.,1.));
#2157=DIRECTION('',(-1.,0.,0.));
#2158=AXIS2_PLACEMENT_3D('',#2155,#2156,#2157);
#2159=CYLINDRICAL_SURFACE('',#2158,5.);
#2160=ORIENTED_EDGE('',*,*,#214,.F.);
#2161=ORIENTED_EDGE('',*,*,#1162,.F.);
#2162=ORIENTED_EDGE('',*,*,#689,.F.);
#2163=CARTESIAN_POINT('',(794.156788053,463.989249783,127.4));
#2164=DIRECTION('',(0.,-0.,-1.));
#2165=VECTOR('',#2164,118.);
#2166=LINE('',#2163,#2165);
#2167=EDGE_CURVE('',#208,#675,#2166,.T.);
#2168=ORIENTED_EDGE('',*,*,#2167,.F.);
#2169=EDGE_LOOP('',(#2160,#2161,#2162,#2168));
#2170=FACE_BOUND('',#2169,.T.);
#2171=ADVANCED_FACE('',(#2170),#2159,.F.);
#2172=CARTESIAN_POINT('',(789.281788053,463.989249783,127.4));
#2173=DIRECTION('',(-0.,-1.,0.));
#2174=DIRECTION('',(-1.,0.,-0.));
#2175=AXIS2_PLACEMENT_3D('',#2172,#2173,#2174);
#2176=PLANE('',#2175);
#2177=ORIENTED_EDGE('',*,*,#222,.F.);
#2178=ORIENTED_EDGE('',*,*,#2167,.T.);
#2179=ORIENTED_EDGE('',*,*,#680,.T.);
#2180=CARTESIAN_POINT('',(784.406788053,463.989249783,9.4));
#2181=DIRECTION('',(-0.,0.,1.));
#2182=VECTOR('',#2181,118.);
#2183=LINE('',#2180,#2182);
#2184=EDGE_CURVE('',#666,#217,#2183,.T.);
#2185=ORIENTED_EDGE('',*,*,#2184,.T.);
#2186=EDGE_LOOP('',(#2177,#2178,#2179,#2185));
#2187=FACE_BOUND('',#2186,.T.);
#2188=ADVANCED_FACE('',(#2187),#2176,.F.);
#2189=CARTESIAN_POINT('',(784.406788053,458.989249783,127.4));
#2190=DIRECTION('',(0.,-0.,-1.));
#2191=DIRECTION('',(1.,0.,0.));
#2192=AXIS2_PLACEMENT_3D('',#2189,#2190,#2191);
#2193=CYLINDRICAL_SURFACE('',#2192,5.);
#2194=ORIENTED_EDGE('',*,*,#231,.F.);
#2195=ORIENTED_EDGE('',*,*,#2184,.F.);
#2196=ORIENTED_EDGE('',*,*,#672,.F.);
#2197=CARTESIAN_POINT('',(779.406788053,458.989249783,127.4));
#2198=DIRECTION('',(0.,-0.,-1.));
#2199=VECTOR('',#2198,118.);
#2200=LINE('',#2197,#2199);
#2201=EDGE_CURVE('',#225,#658,#2200,.T.);
#2202=ORIENTED_EDGE('',*,*,#2201,.F.);
#2203=EDGE_LOOP('',(#2194,#2195,#2196,#2202));
#2204=FACE_BOUND('',#2203,.T.);
#2205=ADVANCED_FACE('',(#2204),#2193,.T.);
#2206=CARTESIAN_POINT('',(779.406788053,454.114249783,127.4));
#2207=DIRECTION('',(1.,-0.,0.));
#2208=DIRECTION('',(-0.,-1.,0.));
#2209=AXIS2_PLACEMENT_3D('',#2206,#2207,#2208);
#2210=PLANE('',#2209);
#2211=ORIENTED_EDGE('',*,*,#663,.T.);
#2212=CARTESIAN_POINT('',(779.406788053,449.239249783,9.4));
#2213=DIRECTION('',(-0.,0.,1.));
#2214=VECTOR('',#2213,118.);
#2215=LINE('',#2212,#2214);
#2216=EDGE_CURVE('',#649,#234,#2215,.T.);
#2217=ORIENTED_EDGE('',*,*,#2216,.T.);
#2218=ORIENTED_EDGE('',*,*,#239,.F.);
#2219=ORIENTED_EDGE('',*,*,#2201,.T.);
#2220=EDGE_LOOP('',(#2211,#2217,#2218,#2219));
#2221=FACE_BOUND('',#2220,.T.);
#2222=ADVANCED_FACE('',(#2221),#2210,.F.);
#2223=CARTESIAN_POINT('',(774.406788053,449.239249783,127.4));
#2224=DIRECTION('',(0.,0.,1.));
#2225=DIRECTION('',(-1.,0.,0.));
#2226=AXIS2_PLACEMENT_3D('',#2223,#2224,#2225);
#2227=CYLINDRICAL_SURFACE('',#2226,5.);
#2228=CARTESIAN_POINT('',(778.989363748,447.239249783,29.4));
#2229=DIRECTION('',(-0.,-0.,-1.));
#2230=VECTOR('',#2229,20.);
#2231=LINE('',#2228,#2230);
#2232=EDGE_CURVE('',#1836,#641,#2231,.T.);
#2233=ORIENTED_EDGE('',*,*,#2232,.F.);
#2234=ORIENTED_EDGE('',*,*,#1842,.F.);
#2235=ORIENTED_EDGE('',*,*,#1946,.F.);
#2236=ORIENTED_EDGE('',*,*,#248,.F.);
#2237=ORIENTED_EDGE('',*,*,#2216,.F.);
#2238=ORIENTED_EDGE('',*,*,#655,.F.);
#2239=EDGE_LOOP('',(#2233,#2234,#2235,#2236,#2237,#2238));
#2240=FACE_BOUND('',#2239,.T.);
#2241=ADVANCED_FACE('',(#2240),#2227,.F.);
#2242=CARTESIAN_POINT('',(767.056788053,447.239249783,29.4));
#2243=DIRECTION('',(0.,-1.,0.));
#2244=DIRECTION('',(0.,-0.,-1.));
#2245=AXIS2_PLACEMENT_3D('',#2242,#2243,#2244);
#2246=PLANE('',#2245);
#2247=ORIENTED_EDGE('',*,*,#1850,.F.);
#2248=ORIENTED_EDGE('',*,*,#2232,.T.);
#2249=ORIENTED_EDGE('',*,*,#646,.T.);
#2250=CARTESIAN_POINT('',(755.124212358,447.239249783,9.4));
#2251=DIRECTION('',(0.,0.,1.));
#2252=VECTOR('',#2251,20.);
#2253=LINE('',#2250,#2252);
#2254=EDGE_CURVE('',#632,#1845,#2253,.T.);
#2255=ORIENTED_EDGE('',*,*,#2254,.T.);
#2256=EDGE_LOOP('',(#2247,#2248,#2249,#2255));
#2257=FACE_BOUND('',#2256,.T.);
#2258=ADVANCED_FACE('',(#2257),#2246,.F.);
#2259=CARTESIAN_POINT('',(759.706788053,449.239249783,127.4));
#2260=DIRECTION('',(0.,0.,1.));
#2261=DIRECTION('',(-1.,0.,0.));
#2262=AXIS2_PLACEMENT_3D('',#2259,#2260,#2261);
#2263=CYLINDRICAL_SURFACE('',#2262,5.);
#2264=ORIENTED_EDGE('',*,*,#2254,.F.);
#2265=ORIENTED_EDGE('',*,*,#638,.F.);
#2266=CARTESIAN_POINT('',(754.706788053,449.239249783,127.4));
#2267=DIRECTION('',(0.,-0.,-1.));
#2268=VECTOR('',#2267,118.);
#2269=LINE('',#2266,#2268);
#2270=EDGE_CURVE('',#259,#624,#2269,.T.);
#2271=ORIENTED_EDGE('',*,*,#2270,.F.);
#2272=ORIENTED_EDGE('',*,*,#265,.F.);
#2273=ORIENTED_EDGE('',*,*,#1953,.F.);
#2274=ORIENTED_EDGE('',*,*,#1857,.F.);
#2275=EDGE_LOOP('',(#2264,#2265,#2271,#2272,#2273,#2274));
#2276=FACE_BOUND('',#2275,.T.);
#2277=ADVANCED_FACE('',(#2276),#2263,.F.);
#2278=CARTESIAN_POINT('',(754.706788053,454.114249783,127.4));
#2279=DIRECTION('',(-1.,0.,-0.));
#2280=DIRECTION('',(0.,1.,-0.));
#2281=AXIS2_PLACEMENT_3D('',#2278,#2279,#2280);
#2282=PLANE('',#2281);
#2283=ORIENTED_EDGE('',*,*,#273,.F.);
#2284=ORIENTED_EDGE('',*,*,#2270,.T.);
#2285=ORIENTED_EDGE('',*,*,#629,.T.);
#2286=CARTESIAN_POINT('',(754.706788053,458.989249783,9.4));
#2287=DIRECTION('',(-0.,0.,1.));
#2288=VECTOR('',#2287,118.);
#2289=LINE('',#2286,#2288);
#2290=EDGE_CURVE('',#615,#268,#2289,.T.);
#2291=ORIENTED_EDGE('',*,*,#2290,.T.);
#2292=EDGE_LOOP('',(#2283,#2284,#2285,#2291));
#2293=FACE_BOUND('',#2292,.T.);
#2294=ADVANCED_FACE('',(#2293),#2282,.F.);
#2295=CARTESIAN_POINT('',(749.706788053,458.989249783,127.4));
#2296=DIRECTION('',(0.,-0.,-1.));
#2297=DIRECTION('',(1.,0.,0.));
#2298=AXIS2_PLACEMENT_3D('',#2295,#2296,#2297);
#2299=CYLINDRICAL_SURFACE('',#2298,5.);
#2300=ORIENTED_EDGE('',*,*,#282,.F.);
#2301=ORIENTED_EDGE('',*,*,#2290,.F.);
#2302=ORIENTED_EDGE('',*,*,#621,.F.);
#2303=CARTESIAN_POINT('',(749.706788053,463.989249783,127.4));
#2304=DIRECTION('',(0.,-0.,-1.));
#2305=VECTOR('',#2304,118.);
#2306=LINE('',#2303,#2305);
#2307=EDGE_CURVE('',#276,#607,#2306,.T.);
#2308=ORIENTED_EDGE('',*,*,#2307,.F.);
#2309=EDGE_LOOP('',(#2300,#2301,#2302,#2308));
#2310=FACE_BOUND('',#2309,.T.);
#2311=ADVANCED_FACE('',(#2310),#2299,.T.);
#2312=CARTESIAN_POINT('',(744.831788053,463.989249783,127.4));
#2313=DIRECTION('',(-0.,-1.,0.));
#2314=DIRECTION('',(-1.,0.,-0.));
#2315=AXIS2_PLACEMENT_3D('',#2312,#2313,#2314);
#2316=PLANE('',#2315);
#2317=ORIENTED_EDGE('',*,*,#612,.T.);
#2318=CARTESIAN_POINT('',(739.956788053,463.989249783,9.4));
#2319=DIRECTION('',(-0.,0.,1.));
#2320=VECTOR('',#2319,118.);
#2321=LINE('',#2318,#2320);
#2322=EDGE_CURVE('',#598,#285,#2321,.T.);
#2323=ORIENTED_EDGE('',*,*,#2322,.T.);
#2324=ORIENTED_EDGE('',*,*,#290,.F.);
#2325=ORIENTED_EDGE('',*,*,#2307,.T.);
#2326=EDGE_LOOP('',(#2317,#2323,#2324,#2325));
#2327=FACE_BOUND('',#2326,.T.);
#2328=ADVANCED_FACE('',(#2327),#2316,.F.);
#2329=CARTESIAN_POINT('',(739.956788053,468.989249783,127.4));
#2330=DIRECTION('',(0.,0.,1.));
#2331=DIRECTION('',(-1.,0.,0.));
#2332=AXIS2_PLACEMENT_3D('',#2329,#2330,#2331);
#2333=CYLINDRICAL_SURFACE('',#2332,5.);
#2334=ORIENTED_EDGE('',*,*,#299,.F.);
#2335=ORIENTED_EDGE('',*,*,#2322,.F.);
#2336=ORIENTED_EDGE('',*,*,#604,.F.);
#2337=ORIENTED_EDGE('',*,*,#1094,.F.);
#2338=EDGE_LOOP('',(#2334,#2335,#2336,#2337));
#2339=FACE_BOUND('',#2338,.T.);
#2340=ADVANCED_FACE('',(#2339),#2333,.F.);
#2341=CARTESIAN_POINT('',(796.056788053,476.339249783,10.4));
#2342=DIRECTION('',(0.,-0.,-1.));
#2343=DIRECTION('',(1.,0.,0.));
#2344=AXIS2_PLACEMENT_3D('',#2341,#2342,#2343);
#2345=CONICAL_SURFACE('',#2344,2.,45.);
#2346=CARTESIAN_POINT('',(799.056788053,476.339249783,9.4));
#2347=DIRECTION('',(-0.707106781,0.,0.707106781));
#2348=VECTOR('',#2347,1.414213562);
#2349=LINE('',#2346,#2348);
#2350=EDGE_CURVE('',#1028,#1868,#2349,.T.);
#2351=ORIENTED_EDGE('',*,*,#2350,.F.);
#2352=ORIENTED_EDGE('',*,*,#1034,.F.);
#2353=ORIENTED_EDGE('',*,*,#2350,.T.);
#2354=ORIENTED_EDGE('',*,*,#1882,.F.);
#2355=EDGE_LOOP('',(#2351,#2352,#2353,#2354));
#2356=FACE_BOUND('',#2355,.T.);
#2357=ADVANCED_FACE('',(#2356),#2345,.F.);
#2358=CARTESIAN_POINT('',(738.056788053,476.339249783,10.4));
#2359=DIRECTION('',(0.,-0.,-1.));
#2360=DIRECTION('',(1.,0.,0.));
#2361=AXIS2_PLACEMENT_3D('',#2358,#2359,#2360);
#2362=CONICAL_SURFACE('',#2361,2.,45.);
#2363=CARTESIAN_POINT('',(741.056788053,476.339249783,9.4));
#2364=DIRECTION('',(-0.707106781,0.,0.707106781));
#2365=VECTOR('',#2364,1.414213562);
#2366=LINE('',#2363,#2365);
#2367=EDGE_CURVE('',#1017,#1910,#2366,.T.);
#2368=ORIENTED_EDGE('',*,*,#2367,.F.);
#2369=ORIENTED_EDGE('',*,*,#1023,.F.);
#2370=ORIENTED_EDGE('',*,*,#2367,.T.);
#2371=ORIENTED_EDGE('',*,*,#1924,.F.);
#2372=EDGE_LOOP('',(#2368,#2369,#2370,#2371));
#2373=FACE_BOUND('',#2372,.T.);
#2374=ADVANCED_FACE('',(#2373),#2362,.F.);
#2375=CARTESIAN_POINT('',(738.056788053,476.339249783,127.4));
#2376=DIRECTION('',(0.,-0.,-1.));
#2377=DIRECTION('',(1.,0.,0.));
#2378=AXIS2_PLACEMENT_3D('',#2375,#2376,#2377);
#2379=CYLINDRICAL_SURFACE('',#2378,4.);
#2380=CARTESIAN_POINT('',(742.056788053,476.339249783,20.3));
#2381=VERTEX_POINT('',#2380);
#2382=CARTESIAN_POINT('',(742.056788053,476.339249783,9.4));
#2383=DIRECTION('',(-0.,0.,1.));
#2384=VECTOR('',#2383,10.9);
#2385=LINE('',#2382,#2384);
#2386=EDGE_CURVE('',#572,#2381,#2385,.T.);
#2387=ORIENTED_EDGE('',*,*,#2386,.T.);
#2388=CARTESIAN_POINT('',(738.056788053,476.339249783,24.3));
#2389=DIRECTION('',(0.707106781,0.,0.707106781));
#2390=DIRECTION('',(0.707106781,-0.,-0.707106781));
#2391=AXIS2_PLACEMENT_3D('',#2388,#2389,#2390);
#2392=ELLIPSE('',#2391,5.656854249,4.);
#2393=EDGE_CURVE('',#1098,#2381,#2392,.T.);
#2394=ORIENTED_EDGE('',*,*,#2393,.F.);
#2395=ORIENTED_EDGE('',*,*,#1103,.T.);
#2396=ORIENTED_EDGE('',*,*,#587,.F.);
#2397=EDGE_LOOP('',(#2387,#2394,#2395,#2396));
#2398=FACE_BOUND('',#2397,.T.);
#2399=ADVANCED_FACE('',(#2398),#2379,.T.);
#2400=CARTESIAN_POINT('',(796.056788053,476.339249783,127.4));
#2401=DIRECTION('',(0.,-0.,-1.));
#2402=DIRECTION('',(1.,0.,0.));
#2403=AXIS2_PLACEMENT_3D('',#2400,#2401,#2402);
#2404=CYLINDRICAL_SURFACE('',#2403,4.);
#2405=CARTESIAN_POINT('',(796.056788053,476.339249783,24.3));
#2406=DIRECTION('',(-0.707106781,0.,0.707106781));
#2407=DIRECTION('',(-0.707106781,-0.,-0.707106781));
#2408=AXIS2_PLACEMENT_3D('',#2405,#2406,#2407);
#2409=ELLIPSE('',#2408,5.656854249,4.);
#2410=EDGE_CURVE('',#1136,#1144,#2409,.T.);
#2411=ORIENTED_EDGE('',*,*,#2410,.F.);
#2412=ORIENTED_EDGE('',*,*,#1141,.T.);
#2413=ORIENTED_EDGE('',*,*,#706,.F.);
#2414=ORIENTED_EDGE('',*,*,#1155,.F.);
#2415=EDGE_LOOP('',(#2411,#2412,#2413,#2414));
#2416=FACE_BOUND('',#2415,.T.);
#2417=ADVANCED_FACE('',(#2416),#2404,.T.);
#2418=CARTESIAN_POINT('',(796.156788053,466.989249783,127.4));
#2419=DIRECTION('',(0.,-0.,-1.));
#2420=DIRECTION('',(1.,0.,0.));
#2421=AXIS2_PLACEMENT_3D('',#2418,#2419,#2420);
#2422=CYLINDRICAL_SURFACE('',#2421,5.);
#2423=ORIENTED_EDGE('',*,*,#411,.F.);
#2424=ORIENTED_EDGE('',*,*,#2148,.F.);
#2425=ORIENTED_EDGE('',*,*,#938,.F.);
#2426=ORIENTED_EDGE('',*,*,#1229,.F.);
#2427=EDGE_LOOP('',(#2423,#2424,#2425,#2426));
#2428=FACE_BOUND('',#2427,.T.);
#2429=ADVANCED_FACE('',(#2428),#2422,.T.);
#2430=CARTESIAN_POINT('',(737.956788053,466.989249783,127.4));
#2431=DIRECTION('',(0.,-0.,-1.));
#2432=DIRECTION('',(1.,0.,0.));
#2433=AXIS2_PLACEMENT_3D('',#2430,#2431,#2432);
#2434=CYLINDRICAL_SURFACE('',#2433,5.);
#2435=ORIENTED_EDGE('',*,*,#326,.F.);
#2436=ORIENTED_EDGE('',*,*,#1262,.F.);
#2437=ORIENTED_EDGE('',*,*,#819,.F.);
#2438=ORIENTED_EDGE('',*,*,#2007,.F.);
#2439=EDGE_LOOP('',(#2435,#2436,#2437,#2438));
#2440=FACE_BOUND('',#2439,.T.);
#2441=ADVANCED_FACE('',(#2440),#2434,.T.);
#2442=CARTESIAN_POINT('',(794.656788053,471.439249783,22.9));
#2443=DIRECTION('',(0.707106781,-0.,-0.707106781));
#2444=DIRECTION('',(0.707106781,0.,0.707106781));
#2445=AXIS2_PLACEMENT_3D('',#2442,#2443,#2444);
#2446=PLANE('',#2445);
#2447=ORIENTED_EDGE('',*,*,#2410,.T.);
#2448=ORIENTED_EDGE('',*,*,#1149,.T.);
#2449=EDGE_LOOP('',(#2447,#2448));
#2450=FACE_BOUND('',#2449,.T.);
#2451=ORIENTED_EDGE('',*,*,#1892,.F.);
#2452=ORIENTED_EDGE('',*,*,#1899,.F.);
#2453=EDGE_LOOP('',(#2451,#2452));
#2454=FACE_BOUND('',#2453,.T.);
#2455=ADVANCED_FACE('',(#2450,#2454),#2446,.F.);
#2456=CARTESIAN_POINT('',(794.656788053,471.439249783,113.9));
#2457=DIRECTION('',(-0.707106781,-0.,-0.707106781));
#2458=DIRECTION('',(0.707106781,-0.,-0.707106781));
#2459=AXIS2_PLACEMENT_3D('',#2456,#2457,#2458);
#2460=PLANE('',#2459);
#2461=ORIENTED_EDGE('',*,*,#1179,.F.);
#2462=ORIENTED_EDGE('',*,*,#1813,.F.);
#2463=EDGE_LOOP('',(#2461,#2462));
#2464=FACE_BOUND('',#2463,.T.);
#2465=ORIENTED_EDGE('',*,*,#1704,.T.);
#2466=EDGE_LOOP('',(#2465));
#2467=FACE_BOUND('',#2466,.T.);
#2468=ADVANCED_FACE('',(#2464,#2467),#2460,.T.);
#2469=CARTESIAN_POINT('',(739.456788053,471.439249783,22.9));
#2470=DIRECTION('',(-0.707106781,-0.,-0.707106781));
#2471=DIRECTION('',(0.707106781,-0.,-0.707106781));
#2472=AXIS2_PLACEMENT_3D('',#2469,#2470,#2471);
#2473=PLANE('',#2472);
#2474=ORIENTED_EDGE('',*,*,#2393,.T.);
#2475=CARTESIAN_POINT('',(738.056788053,476.339249783,24.3));
#2476=DIRECTION('',(0.707106781,0.,0.707106781));
#2477=DIRECTION('',(0.707106781,-0.,-0.707106781));
#2478=AXIS2_PLACEMENT_3D('',#2475,#2476,#2477);
#2479=ELLIPSE('',#2478,5.656854249,4.);
#2480=EDGE_CURVE('',#2381,#1106,#2479,.T.);
#2481=ORIENTED_EDGE('',*,*,#2480,.T.);
#2482=ORIENTED_EDGE('',*,*,#1111,.F.);
#2483=EDGE_LOOP('',(#2474,#2481,#2482));
#2484=FACE_BOUND('',#2483,.T.);
#2485=ORIENTED_EDGE('',*,*,#1932,.F.);
#2486=EDGE_LOOP('',(#2485));
#2487=FACE_BOUND('',#2486,.T.);
#2488=ADVANCED_FACE('',(#2484,#2487),#2473,.F.);
#2489=CARTESIAN_POINT('',(739.456788053,471.439249783,113.9));
#2490=DIRECTION('',(0.707106781,-0.,-0.707106781));
#2491=DIRECTION('',(0.707106781,0.,0.707106781));
#2492=AXIS2_PLACEMENT_3D('',#2489,#2490,#2491);
#2493=PLANE('',#2492);
#2494=ORIENTED_EDGE('',*,*,#1081,.T.);
#2495=CARTESIAN_POINT('',(738.056788053,476.339249783,112.5));
#2496=DIRECTION('',(-0.707106781,0.,0.707106781));
#2497=DIRECTION('',(-0.707106781,-0.,-0.707106781));
#2498=AXIS2_PLACEMENT_3D('',#2495,#2496,#2497);
#2499=ELLIPSE('',#2498,5.656854249,4.);
#2500=EDGE_CURVE('',#1783,#1068,#2499,.T.);
#2501=ORIENTED_EDGE('',*,*,#2500,.F.);
#2502=ORIENTED_EDGE('',*,*,#1797,.F.);
#2503=EDGE_LOOP('',(#2494,#2501,#2502));
#2504=FACE_BOUND('',#2503,.T.);
#2505=ORIENTED_EDGE('',*,*,#1748,.T.);
#2506=ORIENTED_EDGE('',*,*,#1755,.T.);
#2507=EDGE_LOOP('',(#2505,#2506));
#2508=FACE_BOUND('',#2507,.T.);
#2509=ADVANCED_FACE('',(#2504,#2508),#2493,.T.);
#2510=CARTESIAN_POINT('',(742.956788053,476.339249783,38.4));
#2511=DIRECTION('',(-1.,-0.,0.));
#2512=DIRECTION('',(0.,-0.,-1.));
#2513=AXIS2_PLACEMENT_3D('',#2510,#2511,#2512);
#2514=CYLINDRICAL_SURFACE('',#2513,3.15);
#2515=CARTESIAN_POINT('',(732.956788053,476.339249783,35.25));
#2516=DIRECTION('',(1.,-0.,-0.));
#2517=VECTOR('',#2516,2.);
#2518=LINE('',#2515,#2517);
#2519=EDGE_CURVE('',#1247,#1056,#2518,.T.);
#2520=ORIENTED_EDGE('',*,*,#2519,.F.);
#2521=ORIENTED_EDGE('',*,*,#1253,.T.);
#2522=ORIENTED_EDGE('',*,*,#2519,.T.);
#2523=ORIENTED_EDGE('',*,*,#1062,.F.);
#2524=EDGE_LOOP('',(#2520,#2521,#2522,#2523));
#2525=FACE_BOUND('',#2524,.T.);
#2526=ADVANCED_FACE('',(#2525),#2514,.F.);
#2527=CARTESIAN_POINT('',(733.956788053,476.339249783,32.4));
#2528=DIRECTION('',(1.,0.,-0.));
#2529=DIRECTION('',(0.,0.,1.));
#2530=AXIS2_PLACEMENT_3D('',#2527,#2528,#2529);
#2531=CYLINDRICAL_SURFACE('',#2530,1.5);
#2532=CARTESIAN_POINT('',(733.956788053,476.339249783,33.9));
#2533=VERTEX_POINT('',#2532);
#2534=CARTESIAN_POINT('',(734.956788053,476.339249783,33.9));
#2535=DIRECTION('',(-1.,-0.,-0.));
#2536=VECTOR('',#2535,1.);
#2537=LINE('',#2534,#2536);
#2538=EDGE_CURVE('',#1045,#2533,#2537,.T.);
#2539=ORIENTED_EDGE('',*,*,#2538,.F.);
#2540=ORIENTED_EDGE('',*,*,#1051,.T.);
#2541=ORIENTED_EDGE('',*,*,#2538,.T.);
#2542=CARTESIAN_POINT('',(733.956788053,476.339249783,32.4));
#2543=DIRECTION('',(1.,0.,-0.));
#2544=DIRECTION('',(0.,0.,1.));
#2545=AXIS2_PLACEMENT_3D('',#2542,#2543,#2544);
#2546=CIRCLE('',#2545,1.5);
#2547=EDGE_CURVE('',#2533,#2533,#2546,.T.);
#2548=ORIENTED_EDGE('',*,*,#2547,.F.);
#2549=EDGE_LOOP('',(#2539,#2540,#2541,#2548));
#2550=FACE_BOUND('',#2549,.T.);
#2551=ADVANCED_FACE('',(#2550),#2531,.F.);
#2552=CARTESIAN_POINT('',(733.956788053,476.339249783,58.4));
#2553=DIRECTION('',(1.,0.,0.));
#2554=DIRECTION('',(0.,1.,-0.));
#2555=AXIS2_PLACEMENT_3D('',#2552,#2553,#2554);
#2556=PLANE('',#2555);
#2557=ORIENTED_EDGE('',*,*,#2547,.T.);
#2558=EDGE_LOOP('',(#2557));
#2559=FACE_BOUND('',#2558,.T.);
#2560=ADVANCED_FACE('',(#2559),#2556,.T.);
#2561=CARTESIAN_POINT('',(738.056788053,476.339249783,127.4));
#2562=DIRECTION('',(0.,-0.,-1.));
#2563=DIRECTION('',(1.,0.,0.));
#2564=AXIS2_PLACEMENT_3D('',#2561,#2562,#2563);
#2565=CYLINDRICAL_SURFACE('',#2564,4.);
#2566=ORIENTED_EDGE('',*,*,#1788,.F.);
#2567=ORIENTED_EDGE('',*,*,#2500,.T.);
#2568=ORIENTED_EDGE('',*,*,#1073,.F.);
#2569=ORIENTED_EDGE('',*,*,#78,.T.);
#2570=EDGE_LOOP('',(#2566,#2567,#2568,#2569));
#2571=FACE_BOUND('',#2570,.T.);
#2572=ADVANCED_FACE('',(#2571),#2565,.T.);
#2573=CARTESIAN_POINT('',(738.056788053,476.339249783,127.4));
#2574=DIRECTION('',(0.,-0.,-1.));
#2575=DIRECTION('',(1.,0.,0.));
#2576=AXIS2_PLACEMENT_3D('',#2573,#2574,#2575);
#2577=CYLINDRICAL_SURFACE('',#2576,4.);
#2578=ORIENTED_EDGE('',*,*,#2386,.F.);
#2579=ORIENTED_EDGE('',*,*,#578,.F.);
#2580=ORIENTED_EDGE('',*,*,#1117,.F.);
#2581=ORIENTED_EDGE('',*,*,#2480,.F.);
#2582=EDGE_LOOP('',(#2578,#2579,#2580,#2581));
#2583=FACE_BOUND('',#2582,.T.);
#2584=ADVANCED_FACE('',(#2583),#2577,.T.);
#2585=CLOSED_SHELL('',(#555,#1038,#1128,#1196,#1218,#1240,#1273,#1295,#1317,#1339,#1361,#1383,#1414,#1436,#1458,#1480,#1492,#1504,#1516,#1528,#1540,#1552,#1579,#1606,#1618,#1630,
#1642,#1654,#1671,#1683,#1725,#1776,#1801,#1819,#1861,#1903,#1936,#1958,#1977,#1996,#2018,#2035,#2052,#2069,#2086,#2103,#2120,#2137,#2154,#2171,#2188,
#2205,#2222,#2241,#2258,#2277,#2294,#2311,#2328,#2340,#2357,#2374,#2399,#2417,#2429,#2441,#2455,#2468,#2488,#2509,#2526,#2551,#2560,#2572,#2584));
#2586=MANIFOLD_SOLID_BREP('S\S\dule',#2585);
#2587=COLOUR_RGB('',0.494117647,0.494117647,0.525490224);
#2588=FILL_AREA_STYLE_COLOUR('',#2587);
#2589=FILL_AREA_STYLE('',(#2588));
#2590=SURFACE_STYLE_FILL_AREA(#2589);
#2591=SURFACE_SIDE_STYLE('',(#2590));
#2592=SURFACE_STYLE_USAGE(.BOTH.,#2591);
#2593=PRESENTATION_STYLE_ASSIGNMENT((#2592));
#54=STYLED_ITEM('',(#2593),#2586);
#35=SHAPE_REPRESENTATION('S\S\dule (Kreuz)',(#15),#33);
#36=ADVANCED_BREP_SHAPE_REPRESENTATION('S\S\dule (Kreuz)',(#2586),#33);
#2601=SHAPE_REPRESENTATION_RELATIONSHIP('','',#35,#36);
#2602=CARTESIAN_POINT('',(0.,0.,0.));
#2603=DIRECTION('',(0.,0.,1.));
#2604=DIRECTION('',(1.,0.,0.));
#2605=AXIS2_PLACEMENT_3D('',#2602,#2603,#2604);
#2607=MAPPED_ITEM('',#2606,#2605);
#2606=REPRESENTATION_MAP(#2605,#35);
#2608=APPLICATION_CONTEXT('Managed model based 3d engineering');
#2609=APPLICATION_PROTOCOL_DEFINITION('international standard','ap242_managed_model_based_3d_engineering',2014,#2608);
#2610=PRODUCT_CONTEXT('',#2608,'mechanical');
#2611=PRODUCT_DEFINITION_CONTEXT('part definition',#2608,'design');
#43=PRODUCT('S\S\dule (Kreuz)','S\S\dule (Kreuz)','',(#2610));
#2612=PRODUCT_RELATED_PRODUCT_CATEGORY('part','',(#43));
#2613=PRODUCT_DEFINITION_FORMATION_WITH_SPECIFIED_SOURCE('','',#43,.NOT_KNOWN.);
#44=PRODUCT_DEFINITION('design','',#2613,#2611);
#42=PRODUCT_DEFINITION_SHAPE('','',#44);
#2614=SHAPE_DEFINITION_REPRESENTATION(#42,#35);
#34=DRAUGHTING_MODEL('',(#2607),#33);
#16=SHAPE_REPRESENTATION('root',(#15,#48),#10);
#2615=CARTESIAN_POINT('',(0.,0.,0.));
#2616=DIRECTION('',(0.,0.,1.));
#2617=DIRECTION('',(1.,0.,0.));
#2618=AXIS2_PLACEMENT_3D('',#2615,#2616,#2617);
#2620=MAPPED_ITEM('',#2619,#2618);
#2619=REPRESENTATION_MAP(#2618,#16);
#24=PRODUCT('root','root','',(#2610));
#2621=PRODUCT_RELATED_PRODUCT_CATEGORY('part','',(#24));
#2622=PRODUCT_DEFINITION_FORMATION_WITH_SPECIFIED_SOURCE('','',#24,.NOT_KNOWN.);
#25=PRODUCT_DEFINITION('design','',#2622,#2611);
#23=PRODUCT_DEFINITION_SHAPE('','',#25);
#2623=SHAPE_DEFINITION_REPRESENTATION(#23,#16);
#11=DRAUGHTING_MODEL('',(#2620),#10);
#2624=DESCRIPTIVE_REPRESENTATION_ITEM('KEY','C:\\Users\\Ruben\\AppData\\Local\\Packages\\Shapr3D.Shapr3D_dvv5p1vgwv6mp\\TempState\\3acb3563-0f05-40cf-8658-d378000f9110.tmp');
#2625=PROPERTY_DEFINITION('KEY','',#25);
#2626=REPRESENTATION('',(#2624),#10);
#2627=PROPERTY_DEFINITION_REPRESENTATION(#2625,#2626);
#2628=GENERAL_PROPERTY('','KEY','');
#2629=GENERAL_PROPERTY_ASSOCIATION('','',#2628,#2625);
#1=MECHANICAL_DESIGN_GEOMETRIC_PRESENTATION_REPRESENTATION('',(#54),#10);
ENDSEC;
END-ISO-10303-21;
