ISO-10303-21;
HEADER;

/* File generated by Shapr3D Version 5.1015.10234.0 */

FILE_DESCRIPTION(('HOOPS Exchange Step'),'2;1');

FILE_NAME('C:\\Users\\Ruben\\AppData\\Local\\Packages\\Shapr3D.Shapr3D_dvv5p1vgwv6mp\\TempState\\export\\temp_export',
'2026-01-18T16:53:43+01:00',
('Ruben'),
('Shapr3D Limited'),
'HOOPS Exchange 2025.7',
'Shapr3D',
'Authorized');

FILE_SCHEMA( ('AP242_MANAGED_MODEL_BASED_3D_ENGINEERING_MIM_LF {1 0 10303 442 1 1 4}') );

ENDSEC;

DATA;
#3=(NAMED_UNIT(*)PLANE_ANGLE_UNIT()SI_UNIT($,.RADIAN.));
#4=PLANE_ANGLE_MEASURE_WITH_UNIT(PLANE_ANGLE_MEASURE(0.0174532925),#3);
#5=(CONVERSION_BASED_UNIT('DEGREE',#4)NAMED_UNIT(#6)PLANE_ANGLE_UNIT());
#6=DIMENSIONAL_EXPONENTS(0.,0.,0.,0.,0.,0.,0.);
#7=(NAMED_UNIT(*)SI_UNIT($,.STERADIAN.)SOLID_ANGLE_UNIT());
#8=(LENGTH_UNIT()NAMED_UNIT(*)SI_UNIT(.MILLI.,.METRE.));
#9=UNCERTAINTY_MEASURE_WITH_UNIT(LENGTH_MEASURE(1.000000E-03),#8,'DISTANCE_ACCURACY_VALUE','Maximum Tolerance applied to model');
#10=(GEOMETRIC_REPRESENTATION_CONTEXT(3)GLOBAL_UNCERTAINTY_ASSIGNED_CONTEXT((#9))GLOBAL_UNIT_ASSIGNED_CONTEXT((#8,#5,#7))REPRESENTATION_CONTEXT('','root'));
#12=CARTESIAN_POINT('',(0.,0.,0.));
#13=DIRECTION('',(0.,0.,1.));
#14=DIRECTION('',(1.,0.,0.));
#15=AXIS2_PLACEMENT_3D('',#12,#13,#14);
#26=(NAMED_UNIT(*)PLANE_ANGLE_UNIT()SI_UNIT($,.RADIAN.));
#27=PLANE_ANGLE_MEASURE_WITH_UNIT(PLANE_ANGLE_MEASURE(0.0174532925),#26);
#28=(CONVERSION_BASED_UNIT('DEGREE',#27)NAMED_UNIT(#29)PLANE_ANGLE_UNIT());
#29=DIMENSIONAL_EXPONENTS(0.,0.,0.,0.,0.,0.,0.);
#30=(NAMED_UNIT(*)SI_UNIT($,.STERADIAN.)SOLID_ANGLE_UNIT());
#31=(LENGTH_UNIT()NAMED_UNIT(*)SI_UNIT(.MILLI.,.METRE.));
#32=UNCERTAINTY_MEASURE_WITH_UNIT(LENGTH_MEASURE(1.000000E-05),#31,'DISTANCE_ACCURACY_VALUE','Maximum Tolerance applied to model');
#33=(GEOMETRIC_REPRESENTATION_CONTEXT(3)GLOBAL_UNCERTAINTY_ASSIGNED_CONTEXT((#32))GLOBAL_UNIT_ASSIGNED_CONTEXT((#31,#28,#30))REPRESENTATION_CONTEXT('','1 Weg.step (1)'));
#45=CARTESIAN_POINT('',(0.,0.,0.));
#46=DIRECTION('',(0.,0.,1.));
#47=DIRECTION('',(1.,0.,-0.));
#48=AXIS2_PLACEMENT_3D('',#45,#46,#47);
#49=ITEM_DEFINED_TRANSFORMATION('','',#48,#15);
#50=(REPRESENTATION_RELATIONSHIP('','',#35,#16)REPRESENTATION_RELATIONSHIP_WITH_TRANSFORMATION(#49)SHAPE_REPRESENTATION_RELATIONSHIP());
#51=NEXT_ASSEMBLY_USAGE_OCCURRENCE('1 Weg.step (1)_1','1 Weg.step (1)','1 Weg.step (1)',#25,#44,$);
#52=PRODUCT_DEFINITION_SHAPE('','',#51);
#53=CONTEXT_DEPENDENT_SHAPE_REPRESENTATION(#50,#52);
#55=CARTESIAN_POINT('',(162.463212725,501.390775087,45.));
#56=DIRECTION('',(0.,-1.,0.));
#57=DIRECTION('',(0.,0.,-1.));
#58=AXIS2_PLACEMENT_3D('',#55,#56,#57);
#59=PLANE('',#58);
#60=CARTESIAN_POINT('',(159.686203226,501.390775087,13.));
#61=VERTEX_POINT('',#60);
#62=CARTESIAN_POINT('',(159.686203226,501.390775087,18.5));
#63=VERTEX_POINT('',#62);
#64=CARTESIAN_POINT('',(159.686203226,501.390775087,13.));
#65=DIRECTION('',(0.,0.,1.));
#66=VECTOR('',#65,5.5);
#67=LINE('',#64,#66);
#68=EDGE_CURVE('',#61,#63,#67,.T.);
#69=ORIENTED_EDGE('',*,*,#68,.F.);
#70=CARTESIAN_POINT('',(159.613212725,501.390775087,13.));
#71=VERTEX_POINT('',#70);
#72=CARTESIAN_POINT('',(159.686203226,501.390775087,13.));
#73=DIRECTION('',(-1.,-0.,-0.));
#74=VECTOR('',#73,0.072990501);
#75=LINE('',#72,#74);
#76=EDGE_CURVE('',#61,#71,#75,.T.);
#77=ORIENTED_EDGE('',*,*,#76,.T.);
#78=CARTESIAN_POINT('',(159.613212725,501.390775087,27.));
#79=VERTEX_POINT('',#78);
#80=CARTESIAN_POINT('',(159.613212725,501.390775087,13.));
#81=DIRECTION('',(-0.,-0.,1.));
#82=VECTOR('',#81,14.);
#83=LINE('',#80,#82);
#84=EDGE_CURVE('',#71,#79,#83,.T.);
#85=ORIENTED_EDGE('',*,*,#84,.T.);
#86=CARTESIAN_POINT('',(165.113212725,501.390775087,27.));
#87=VERTEX_POINT('',#86);
#88=CARTESIAN_POINT('',(159.613212725,501.390775087,27.));
#89=DIRECTION('',(1.,0.,0.));
#90=VECTOR('',#89,5.5);
#91=LINE('',#88,#90);
#92=EDGE_CURVE('',#79,#87,#91,.T.);
#93=ORIENTED_EDGE('',*,*,#92,.T.);
#94=CARTESIAN_POINT('',(165.113212725,501.390775087,19.));
#95=VERTEX_POINT('',#94);
#96=CARTESIAN_POINT('',(165.113212725,501.390775087,27.));
#97=DIRECTION('',(0.,0.,-1.));
#98=VECTOR('',#97,8.);
#99=LINE('',#96,#98);
#100=EDGE_CURVE('',#87,#95,#99,.T.);
#101=ORIENTED_EDGE('',*,*,#100,.T.);
#102=CARTESIAN_POINT('',(160.186203226,501.390775087,19.));
#103=VERTEX_POINT('',#102);
#104=CARTESIAN_POINT('',(165.113212725,501.390775087,19.));
#105=DIRECTION('',(-1.,-0.,0.));
#106=VECTOR('',#105,4.927009499);
#107=LINE('',#104,#106);
#108=EDGE_CURVE('',#95,#103,#107,.T.);
#109=ORIENTED_EDGE('',*,*,#108,.T.);
#110=CARTESIAN_POINT('',(160.186203226,501.390775087,18.5));
#111=DIRECTION('',(0.,-1.,0.));
#112=DIRECTION('',(1.,0.,0.));
#113=AXIS2_PLACEMENT_3D('',#110,#111,#112);
#114=CIRCLE('',#113,0.5);
#115=EDGE_CURVE('',#103,#63,#114,.T.);
#116=ORIENTED_EDGE('',*,*,#115,.T.);
#117=EDGE_LOOP('',(#69,#77,#85,#93,#101,#109,#116));
#118=FACE_BOUND('',#117,.T.);
#119=ADVANCED_FACE('',(#118),#59,.F.);
#120=CARTESIAN_POINT('',(144.113162725,601.647678163,26.4));
#121=DIRECTION('',(-0.,1.,0.));
#122=DIRECTION('',(0.,0.,1.));
#123=AXIS2_PLACEMENT_3D('',#120,#121,#122);
#124=PLANE('',#123);
#125=CARTESIAN_POINT('',(145.588615951,601.647678163,13.));
#126=VERTEX_POINT('',#125);
#127=CARTESIAN_POINT('',(173.184471357,601.647678163,13.));
#128=VERTEX_POINT('',#127);
#129=CARTESIAN_POINT('',(145.588615951,601.647678163,13.));
#130=DIRECTION('',(1.,0.,0.));
#131=VECTOR('',#130,27.595855405);
#132=LINE('',#129,#131);
#133=EDGE_CURVE('',#126,#128,#132,.T.);
#134=ORIENTED_EDGE('',*,*,#133,.F.);
#135=CARTESIAN_POINT('',(143.868150898,601.647678163,20.4));
#136=VERTEX_POINT('',#135);
#137=CARTESIAN_POINT('',(143.868150898,601.647678163,16.5));
#138=DIRECTION('',(0.,-1.,-0.));
#139=DIRECTION('',(0.,0.,-1.));
#140=AXIS2_PLACEMENT_3D('',#137,#138,#139);
#141=CIRCLE('',#140,3.9);
#142=EDGE_CURVE('',#126,#136,#141,.T.);
#143=ORIENTED_EDGE('',*,*,#142,.T.);
#144=CARTESIAN_POINT('',(152.863212725,601.647678163,20.4));
#145=VERTEX_POINT('',#144);
#146=CARTESIAN_POINT('',(143.868150898,601.647678163,20.4));
#147=DIRECTION('',(1.,0.,0.));
#148=VECTOR('',#147,8.995061827);
#149=LINE('',#146,#148);
#150=EDGE_CURVE('',#136,#145,#149,.T.);
#151=ORIENTED_EDGE('',*,*,#150,.T.);
#152=CARTESIAN_POINT('',(152.863212725,601.647678163,25.));
#153=VERTEX_POINT('',#152);
#154=CARTESIAN_POINT('',(152.863212725,601.647678163,20.4));
#155=DIRECTION('',(0.,0.,1.));
#156=VECTOR('',#155,4.6);
#157=LINE('',#154,#156);
#158=EDGE_CURVE('',#145,#153,#157,.T.);
#159=ORIENTED_EDGE('',*,*,#158,.T.);
#160=CARTESIAN_POINT('',(154.863212725,601.647678163,27.));
#161=VERTEX_POINT('',#160);
#162=CARTESIAN_POINT('',(154.863212725,601.647678163,25.));
#163=DIRECTION('',(-0.,1.,0.));
#164=DIRECTION('',(0.,0.,-1.));
#165=AXIS2_PLACEMENT_3D('',#162,#163,#164);
#166=CIRCLE('',#165,2.);
#167=EDGE_CURVE('',#153,#161,#166,.T.);
#168=ORIENTED_EDGE('',*,*,#167,.T.);
#169=CARTESIAN_POINT('',(173.184471357,601.647678163,27.));
#170=VERTEX_POINT('',#169);
#171=CARTESIAN_POINT('',(154.863212725,601.647678163,27.));
#172=DIRECTION('',(1.,0.,0.));
#173=VECTOR('',#172,18.321258632);
#174=LINE('',#171,#173);
#175=EDGE_CURVE('',#161,#170,#174,.T.);
#176=ORIENTED_EDGE('',*,*,#175,.T.);
#177=CARTESIAN_POINT('',(173.184471357,601.647678163,27.));
#178=DIRECTION('',(-0.,-0.,-1.));
#179=VECTOR('',#178,14.);
#180=LINE('',#177,#179);
#181=EDGE_CURVE('',#170,#128,#180,.T.);
#182=ORIENTED_EDGE('',*,*,#181,.T.);
#183=EDGE_LOOP('',(#134,#143,#151,#159,#168,#176,#182));
#184=FACE_BOUND('',#183,.T.);
#185=ADVANCED_FACE('',(#184),#124,.T.);
#186=CARTESIAN_POINT('',(158.613212725,506.379675087,39.));
#187=DIRECTION('',(1.,0.,0.));
#188=DIRECTION('',(0.,0.,-1.));
#189=AXIS2_PLACEMENT_3D('',#186,#187,#188);
#190=PLANE('',#189);
#191=CARTESIAN_POINT('',(158.613212725,512.268575087,13.));
#192=VERTEX_POINT('',#191);
#193=CARTESIAN_POINT('',(158.613212725,509.190775087,13.));
#194=VERTEX_POINT('',#193);
#195=CARTESIAN_POINT('',(158.613212725,512.268575087,13.));
#196=DIRECTION('',(0.,-1.,-0.));
#197=VECTOR('',#196,3.0778);
#198=LINE('',#195,#197);
#199=EDGE_CURVE('',#192,#194,#198,.T.);
#200=ORIENTED_EDGE('',*,*,#199,.T.);
#201=CARTESIAN_POINT('',(158.613212725,509.190775087,27.));
#202=VERTEX_POINT('',#201);
#203=CARTESIAN_POINT('',(158.613212725,509.190775087,13.));
#204=DIRECTION('',(-0.,-0.,1.));
#205=VECTOR('',#204,14.);
#206=LINE('',#203,#205);
#207=EDGE_CURVE('',#194,#202,#206,.T.);
#208=ORIENTED_EDGE('',*,*,#207,.T.);
#209=CARTESIAN_POINT('',(158.613212725,512.268575087,27.));
#210=VERTEX_POINT('',#209);
#211=CARTESIAN_POINT('',(158.613212725,509.190775087,27.));
#212=DIRECTION('',(-0.,1.,0.));
#213=VECTOR('',#212,3.0778);
#214=LINE('',#211,#213);
#215=EDGE_CURVE('',#202,#210,#214,.T.);
#216=ORIENTED_EDGE('',*,*,#215,.T.);
#217=CARTESIAN_POINT('',(158.613212725,512.268575087,27.));
#218=DIRECTION('',(0.,0.,-1.));
#219=VECTOR('',#218,14.);
#220=LINE('',#217,#219);
#221=EDGE_CURVE('',#210,#192,#220,.T.);
#222=ORIENTED_EDGE('',*,*,#221,.T.);
#223=EDGE_LOOP('',(#200,#208,#216,#222));
#224=FACE_BOUND('',#223,.T.);
#225=ADVANCED_FACE('',(#224),#190,.F.);
#226=CARTESIAN_POINT('',(-111.229684306,-98.352321837,13.));
#227=DIRECTION('',(0.,0.,1.));
#228=DIRECTION('',(1.,0.,0.));
#229=AXIS2_PLACEMENT_3D('',#226,#227,#228);
#230=PLANE('',#229);
#231=CARTESIAN_POINT('',(129.613212725,509.190775087,13.));
#232=VERTEX_POINT('',#231);
#233=CARTESIAN_POINT('',(128.643783063,508.191242469,13.));
#234=VERTEX_POINT('',#233);
#235=CARTESIAN_POINT('',(128.613212725,509.190775087,13.));
#236=DIRECTION('',(0.,0.,-1.));
#237=DIRECTION('',(1.,0.,0.));
#238=AXIS2_PLACEMENT_3D('',#235,#236,#237);
#239=CIRCLE('',#238,1.);
#240=EDGE_CURVE('',#232,#234,#239,.T.);
#241=ORIENTED_EDGE('',*,*,#240,.T.);
#242=CARTESIAN_POINT('',(128.995957817,508.191242469,13.));
#243=VERTEX_POINT('',#242);
#244=CARTESIAN_POINT('',(128.643783063,508.191242469,13.));
#245=DIRECTION('',(1.,0.,0.));
#246=VECTOR('',#245,0.352174754);
#247=LINE('',#244,#246);
#248=EDGE_CURVE('',#234,#243,#247,.T.);
#249=ORIENTED_EDGE('',*,*,#248,.T.);
#250=CARTESIAN_POINT('',(128.995957817,501.391242469,13.));
#251=VERTEX_POINT('',#250);
#252=CARTESIAN_POINT('',(128.995957817,501.391242469,13.));
#253=DIRECTION('',(-0.,1.,0.));
#254=VECTOR('',#253,6.8);
#255=LINE('',#252,#254);
#256=EDGE_CURVE('',#251,#243,#255,.T.);
#257=ORIENTED_EDGE('',*,*,#256,.F.);
#258=CARTESIAN_POINT('',(123.113212725,501.391242469,13.));
#259=VERTEX_POINT('',#258);
#260=CARTESIAN_POINT('',(128.995957817,501.391242469,13.));
#261=DIRECTION('',(-1.,-0.,-0.));
#262=VECTOR('',#261,5.882745092);
#263=LINE('',#260,#262);
#264=EDGE_CURVE('',#251,#259,#263,.T.);
#265=ORIENTED_EDGE('',*,*,#264,.T.);
#266=CARTESIAN_POINT('',(123.113212725,501.390775087,13.));
#267=VERTEX_POINT('',#266);
#268=CARTESIAN_POINT('',(123.113212725,501.390775087,13.));
#269=DIRECTION('',(-0.,1.,0.));
#270=VECTOR('',#269,0.000467382);
#271=LINE('',#268,#270);
#272=EDGE_CURVE('',#267,#259,#271,.T.);
#273=ORIENTED_EDGE('',*,*,#272,.F.);
#274=CARTESIAN_POINT('',(128.613212725,501.390775087,13.));
#275=VERTEX_POINT('',#274);
#276=CARTESIAN_POINT('',(128.613212725,501.390775087,13.));
#277=DIRECTION('',(-1.,-0.,-0.));
#278=VECTOR('',#277,5.5);
#279=LINE('',#276,#278);
#280=EDGE_CURVE('',#275,#267,#279,.T.);
#281=ORIENTED_EDGE('',*,*,#280,.F.);
#282=CARTESIAN_POINT('',(129.613212725,500.390775087,13.));
#283=VERTEX_POINT('',#282);
#284=CARTESIAN_POINT('',(128.613212725,500.390775087,13.));
#285=DIRECTION('',(0.,0.,-1.));
#286=DIRECTION('',(1.,0.,0.));
#287=AXIS2_PLACEMENT_3D('',#284,#285,#286);
#288=CIRCLE('',#287,1.);
#289=EDGE_CURVE('',#275,#283,#288,.T.);
#290=ORIENTED_EDGE('',*,*,#289,.T.);
#291=CARTESIAN_POINT('',(129.613212725,498.890775087,13.));
#292=VERTEX_POINT('',#291);
#293=CARTESIAN_POINT('',(129.613212725,498.890775087,13.));
#294=DIRECTION('',(-0.,1.,0.));
#295=VECTOR('',#294,1.5);
#296=LINE('',#293,#295);
#297=EDGE_CURVE('',#292,#283,#296,.T.);
#298=ORIENTED_EDGE('',*,*,#297,.F.);
#299=CARTESIAN_POINT('',(128.613212725,497.890775087,13.));
#300=VERTEX_POINT('',#299);
#301=CARTESIAN_POINT('',(128.613212725,498.890775087,13.));
#302=DIRECTION('',(0.,0.,-1.));
#303=DIRECTION('',(1.,0.,0.));
#304=AXIS2_PLACEMENT_3D('',#301,#302,#303);
#305=CIRCLE('',#304,1.);
#306=EDGE_CURVE('',#292,#300,#305,.T.);
#307=ORIENTED_EDGE('',*,*,#306,.T.);
#308=CARTESIAN_POINT('',(115.041854093,497.890775087,13.));
#309=VERTEX_POINT('',#308);
#310=CARTESIAN_POINT('',(115.041854093,497.890775087,13.));
#311=DIRECTION('',(1.,0.,0.));
#312=VECTOR('',#311,13.571358632);
#313=LINE('',#310,#312);
#314=EDGE_CURVE('',#309,#300,#313,.T.);
#315=ORIENTED_EDGE('',*,*,#314,.F.);
#316=CARTESIAN_POINT('',(114.167309009,498.405830862,13.));
#317=VERTEX_POINT('',#316);
#318=CARTESIAN_POINT('',(115.041854093,498.890775087,13.));
#319=DIRECTION('',(0.,0.,-1.));
#320=DIRECTION('',(1.,0.,0.));
#321=AXIS2_PLACEMENT_3D('',#318,#319,#320);
#322=CIRCLE('',#321,1.);
#323=EDGE_CURVE('',#309,#317,#322,.T.);
#324=ORIENTED_EDGE('',*,*,#323,.T.);
#325=CARTESIAN_POINT('',(85.954685489,549.284282403,13.));
#326=VERTEX_POINT('',#325);
#327=CARTESIAN_POINT('',(85.954685489,549.284282403,13.));
#328=DIRECTION('',(0.484944223,-0.874545082,-0.));
#329=VECTOR('',#328,58.17704837);
#330=LINE('',#327,#329);
#331=EDGE_CURVE('',#326,#317,#330,.T.);
#332=ORIENTED_EDGE('',*,*,#331,.F.);
#333=CARTESIAN_POINT('',(85.829230569,549.769226625,13.));
#334=VERTEX_POINT('',#333);
#335=CARTESIAN_POINT('',(86.829230569,549.769226625,13.));
#336=DIRECTION('',(0.,0.,-1.));
#337=DIRECTION('',(1.,0.,0.));
#338=AXIS2_PLACEMENT_3D('',#335,#336,#337);
#339=CIRCLE('',#338,1.);
#340=EDGE_CURVE('',#326,#334,#339,.T.);
#341=ORIENTED_EDGE('',*,*,#340,.T.);
#342=CARTESIAN_POINT('',(85.954685489,550.254170847,13.));
#343=VERTEX_POINT('',#342);
#344=CARTESIAN_POINT('',(86.829230569,549.769226625,13.));
#345=DIRECTION('',(0.,0.,-1.));
#346=DIRECTION('',(1.,0.,0.));
#347=AXIS2_PLACEMENT_3D('',#344,#345,#346);
#348=CIRCLE('',#347,1.);
#349=EDGE_CURVE('',#334,#343,#348,.T.);
#350=ORIENTED_EDGE('',*,*,#349,.T.);
#351=CARTESIAN_POINT('',(114.167309009,601.132622387,13.));
#352=VERTEX_POINT('',#351);
#353=CARTESIAN_POINT('',(114.167309009,601.132622387,13.));
#354=DIRECTION('',(-0.484944223,-0.874545082,-0.));
#355=VECTOR('',#354,58.17704837);
#356=LINE('',#353,#355);
#357=EDGE_CURVE('',#352,#343,#356,.T.);
#358=ORIENTED_EDGE('',*,*,#357,.F.);
#359=CARTESIAN_POINT('',(115.041854093,601.647678163,13.));
#360=VERTEX_POINT('',#359);
#361=CARTESIAN_POINT('',(115.041854093,600.647678163,13.));
#362=DIRECTION('',(-0.,-0.,-1.));
#363=DIRECTION('',(-1.,-0.,0.));
#364=AXIS2_PLACEMENT_3D('',#361,#362,#363);
#365=CIRCLE('',#364,1.);
#366=EDGE_CURVE('',#352,#360,#365,.T.);
#367=ORIENTED_EDGE('',*,*,#366,.T.);
#368=CARTESIAN_POINT('',(142.147685845,601.647678163,13.));
#369=VERTEX_POINT('',#368);
#370=CARTESIAN_POINT('',(115.041854093,601.647678163,13.));
#371=DIRECTION('',(1.,0.,0.));
#372=VECTOR('',#371,27.105831752);
#373=LINE('',#370,#372);
#374=EDGE_CURVE('',#360,#369,#373,.T.);
#375=ORIENTED_EDGE('',*,*,#374,.T.);
#376=CARTESIAN_POINT('',(142.147685845,601.647678163,13.));
#377=CARTESIAN_POINT('',(142.434605677,601.647678163,13.));
#378=CARTESIAN_POINT('',(142.72121894,601.635291838,13.));
#379=CARTESIAN_POINT('',(143.00787185,601.624507346,13.));
#380=CARTESIAN_POINT('',(143.29452476,601.613722854,13.));
#381=CARTESIAN_POINT('',(143.581231066,601.605095725,13.));
#382=CARTESIAN_POINT('',(143.868150898,601.605095725,13.));
#383=CARTESIAN_POINT('',(144.15507073,601.605095725,13.));
#384=CARTESIAN_POINT('',(144.441777036,601.613722854,13.));
#385=CARTESIAN_POINT('',(144.728429946,601.624507346,13.));
#386=CARTESIAN_POINT('',(145.015082856,601.635291838,13.));
#387=CARTESIAN_POINT('',(145.30169612,601.647678163,13.));
#388=CARTESIAN_POINT('',(145.588615952,601.647678163,13.));
#389=B_SPLINE_CURVE_WITH_KNOTS('',3,(#376,#377,#378,#379,#380,#381,#382,#383,#384,#385,#386,#387,#388),.UNSPECIFIED.,.F.,.F.,(4,3,3,3,4),(0.,0.000860496,0.001720992,0.002581488,0.003441984),.UNSPECIFIED.);
#390=EDGE_CURVE('',#369,#126,#389,.T.);
#391=ORIENTED_EDGE('',*,*,#390,.T.);
#392=ORIENTED_EDGE('',*,*,#133,.T.);
#393=CARTESIAN_POINT('',(174.05901644,601.132622386,13.));
#394=VERTEX_POINT('',#393);
#395=CARTESIAN_POINT('',(173.184471357,600.647678163,13.));
#396=DIRECTION('',(0.,0.,-1.));
#397=DIRECTION('',(1.,0.,0.));
#398=AXIS2_PLACEMENT_3D('',#395,#396,#397);
#399=CIRCLE('',#398,1.);
#400=EDGE_CURVE('',#128,#394,#399,.T.);
#401=ORIENTED_EDGE('',*,*,#400,.T.);
#402=CARTESIAN_POINT('',(202.271639961,550.254170848,13.));
#403=VERTEX_POINT('',#402);
#404=CARTESIAN_POINT('',(174.059016439,601.132622386,13.));
#405=DIRECTION('',(0.484944223,-0.874545082,0.));
#406=VECTOR('',#405,58.177048369);
#407=LINE('',#404,#406);
#408=EDGE_CURVE('',#394,#403,#407,.T.);
#409=ORIENTED_EDGE('',*,*,#408,.T.);
#410=CARTESIAN_POINT('',(202.39709488,549.769226625,13.));
#411=VERTEX_POINT('',#410);
#412=CARTESIAN_POINT('',(201.39709488,549.769226625,13.));
#413=DIRECTION('',(-0.,-0.,-1.));
#414=DIRECTION('',(-1.,-0.,0.));
#415=AXIS2_PLACEMENT_3D('',#412,#413,#414);
#416=CIRCLE('',#415,1.);
#417=EDGE_CURVE('',#403,#411,#416,.T.);
#418=ORIENTED_EDGE('',*,*,#417,.T.);
#419=CARTESIAN_POINT('',(202.27163996,549.284282403,13.));
#420=VERTEX_POINT('',#419);
#421=CARTESIAN_POINT('',(201.39709488,549.769226625,13.));
#422=DIRECTION('',(-0.,-0.,-1.));
#423=DIRECTION('',(-1.,-0.,0.));
#424=AXIS2_PLACEMENT_3D('',#421,#422,#423);
#425=CIRCLE('',#424,1.);
#426=EDGE_CURVE('',#411,#420,#425,.T.);
#427=ORIENTED_EDGE('',*,*,#426,.T.);
#428=CARTESIAN_POINT('',(174.05901644,498.405830862,13.));
#429=VERTEX_POINT('',#428);
#430=CARTESIAN_POINT('',(174.05901644,498.405830862,13.));
#431=DIRECTION('',(0.484944223,0.874545082,-0.));
#432=VECTOR('',#431,58.17704837);
#433=LINE('',#430,#432);
#434=EDGE_CURVE('',#429,#420,#433,.T.);
#435=ORIENTED_EDGE('',*,*,#434,.F.);
#436=CARTESIAN_POINT('',(173.184471357,497.890775087,13.));
#437=VERTEX_POINT('',#436);
#438=CARTESIAN_POINT('',(173.184471357,498.890775087,13.));
#439=DIRECTION('',(0.,0.,-1.));
#440=DIRECTION('',(1.,0.,0.));
#441=AXIS2_PLACEMENT_3D('',#438,#439,#440);
#442=CIRCLE('',#441,1.);
#443=EDGE_CURVE('',#429,#437,#442,.T.);
#444=ORIENTED_EDGE('',*,*,#443,.T.);
#445=CARTESIAN_POINT('',(159.613212725,497.890775087,13.));
#446=VERTEX_POINT('',#445);
#447=CARTESIAN_POINT('',(159.613212725,497.890775087,13.));
#448=DIRECTION('',(1.,0.,0.));
#449=VECTOR('',#448,13.571258632);
#450=LINE('',#447,#449);
#451=EDGE_CURVE('',#446,#437,#450,.T.);
#452=ORIENTED_EDGE('',*,*,#451,.F.);
#453=CARTESIAN_POINT('',(158.613212725,498.890775087,13.));
#454=VERTEX_POINT('',#453);
#455=CARTESIAN_POINT('',(159.613212725,498.890775087,13.));
#456=DIRECTION('',(0.,0.,-1.));
#457=DIRECTION('',(1.,0.,0.));
#458=AXIS2_PLACEMENT_3D('',#455,#456,#457);
#459=CIRCLE('',#458,1.);
#460=EDGE_CURVE('',#446,#454,#459,.T.);
#461=ORIENTED_EDGE('',*,*,#460,.T.);
#462=CARTESIAN_POINT('',(158.613212725,500.390775087,13.));
#463=VERTEX_POINT('',#462);
#464=CARTESIAN_POINT('',(158.613212725,500.390775087,13.));
#465=DIRECTION('',(0.,-1.,-0.));
#466=VECTOR('',#465,1.5);
#467=LINE('',#464,#466);
#468=EDGE_CURVE('',#463,#454,#467,.T.);
#469=ORIENTED_EDGE('',*,*,#468,.F.);
#470=CARTESIAN_POINT('',(159.613212725,500.390775087,13.));
#471=DIRECTION('',(0.,0.,-1.));
#472=DIRECTION('',(1.,0.,0.));
#473=AXIS2_PLACEMENT_3D('',#470,#471,#472);
#474=CIRCLE('',#473,1.);
#475=EDGE_CURVE('',#463,#71,#474,.T.);
#476=ORIENTED_EDGE('',*,*,#475,.T.);
#477=ORIENTED_EDGE('',*,*,#76,.F.);
#478=CARTESIAN_POINT('',(159.686203226,508.183672658,13.));
#479=VERTEX_POINT('',#478);
#480=CARTESIAN_POINT('',(159.686203226,508.183672658,13.));
#481=DIRECTION('',(0.,-1.,-0.));
#482=VECTOR('',#481,6.792897571);
#483=LINE('',#480,#482);
#484=EDGE_CURVE('',#479,#61,#483,.T.);
#485=ORIENTED_EDGE('',*,*,#484,.F.);
#486=CARTESIAN_POINT('',(165.113212725,508.183672658,13.));
#487=VERTEX_POINT('',#486);
#488=CARTESIAN_POINT('',(159.686203226,508.183672658,13.));
#489=DIRECTION('',(1.,0.,0.));
#490=VECTOR('',#489,5.427009499);
#491=LINE('',#488,#490);
#492=EDGE_CURVE('',#479,#487,#491,.T.);
#493=ORIENTED_EDGE('',*,*,#492,.T.);
#494=CARTESIAN_POINT('',(165.113212725,508.190775087,13.));
#495=VERTEX_POINT('',#494);
#496=CARTESIAN_POINT('',(165.113212725,508.190775087,13.));
#497=DIRECTION('',(0.,-1.,-0.));
#498=VECTOR('',#497,0.007102429);
#499=LINE('',#496,#498);
#500=EDGE_CURVE('',#495,#487,#499,.T.);
#501=ORIENTED_EDGE('',*,*,#500,.F.);
#502=CARTESIAN_POINT('',(159.613212725,508.190775087,13.));
#503=VERTEX_POINT('',#502);
#504=CARTESIAN_POINT('',(159.613212725,508.190775087,13.));
#505=DIRECTION('',(1.,0.,0.));
#506=VECTOR('',#505,5.5);
#507=LINE('',#504,#506);
#508=EDGE_CURVE('',#503,#495,#507,.T.);
#509=ORIENTED_EDGE('',*,*,#508,.F.);
#510=CARTESIAN_POINT('',(159.613212725,509.190775087,13.));
#511=DIRECTION('',(0.,0.,-1.));
#512=DIRECTION('',(1.,0.,0.));
#513=AXIS2_PLACEMENT_3D('',#510,#511,#512);
#514=CIRCLE('',#513,1.);
#515=EDGE_CURVE('',#503,#194,#514,.T.);
#516=ORIENTED_EDGE('',*,*,#515,.T.);
#517=ORIENTED_EDGE('',*,*,#199,.F.);
#518=CARTESIAN_POINT('',(129.613212725,512.268575087,13.));
#519=VERTEX_POINT('',#518);
#520=CARTESIAN_POINT('',(129.613212725,512.268575087,13.));
#521=DIRECTION('',(1.,0.,0.));
#522=VECTOR('',#521,29.);
#523=LINE('',#520,#522);
#524=EDGE_CURVE('',#519,#192,#523,.T.);
#525=ORIENTED_EDGE('',*,*,#524,.F.);
#526=CARTESIAN_POINT('',(129.613212725,509.190775087,13.));
#527=DIRECTION('',(-0.,1.,0.));
#528=VECTOR('',#527,3.0778);
#529=LINE('',#526,#528);
#530=EDGE_CURVE('',#232,#519,#529,.T.);
#531=ORIENTED_EDGE('',*,*,#530,.F.);
#532=EDGE_LOOP('',(#241,#249,#257,#265,#273,#281,#290,#298,#307,#315,#324,#332,#341,#350,#358,#367,#375,#391,#392,#401,#409,#418,#427,#435,#444,#452,
#461,#469,#476,#477,#485,#493,#501,#509,#516,#517,#525,#531));
#533=FACE_BOUND('',#532,.T.);
#534=ADVANCED_FACE('',(#533),#230,.F.);
#535=CARTESIAN_POINT('',(129.613212725,506.379675087,39.));
#536=DIRECTION('',(-1.,-0.,0.));
#537=DIRECTION('',(0.,0.,1.));
#538=AXIS2_PLACEMENT_3D('',#535,#536,#537);
#539=PLANE('',#538);
#540=CARTESIAN_POINT('',(129.613212725,500.390775087,27.));
#541=VERTEX_POINT('',#540);
#542=CARTESIAN_POINT('',(129.613212725,498.890775087,27.));
#543=VERTEX_POINT('',#542);
#544=CARTESIAN_POINT('',(129.613212725,500.390775087,27.));
#545=DIRECTION('',(0.,-1.,-0.));
#546=VECTOR('',#545,1.5);
#547=LINE('',#544,#546);
#548=EDGE_CURVE('',#541,#543,#547,.T.);
#549=ORIENTED_EDGE('',*,*,#548,.T.);
#550=CARTESIAN_POINT('',(129.613212725,498.890775087,27.));
#551=DIRECTION('',(-0.,-0.,-1.));
#552=VECTOR('',#551,14.);
#553=LINE('',#550,#552);
#554=EDGE_CURVE('',#543,#292,#553,.T.);
#555=ORIENTED_EDGE('',*,*,#554,.T.);
#556=ORIENTED_EDGE('',*,*,#297,.T.);
#557=CARTESIAN_POINT('',(129.613212725,500.390775087,13.));
#558=DIRECTION('',(0.,0.,1.));
#559=VECTOR('',#558,14.);
#560=LINE('',#557,#559);
#561=EDGE_CURVE('',#283,#541,#560,.T.);
#562=ORIENTED_EDGE('',*,*,#561,.T.);
#563=EDGE_LOOP('',(#549,#555,#556,#562));
#564=FACE_BOUND('',#563,.T.);
#565=ADVANCED_FACE('',(#564),#539,.F.);
#566=CARTESIAN_POINT('',(-111.229684306,-98.352321837,28.));
#567=DIRECTION('',(0.,0.,1.));
#568=DIRECTION('',(1.,0.,0.));
#569=AXIS2_PLACEMENT_3D('',#566,#567,#568);
#570=PLANE('',#569);
#571=CARTESIAN_POINT('',(159.613212725,500.390775087,28.));
#572=VERTEX_POINT('',#571);
#573=CARTESIAN_POINT('',(159.613212725,498.890775087,28.));
#574=VERTEX_POINT('',#573);
#575=CARTESIAN_POINT('',(159.613212725,500.390775087,28.));
#576=DIRECTION('',(0.,-1.,-0.));
#577=VECTOR('',#576,1.5);
#578=LINE('',#575,#577);
#579=EDGE_CURVE('',#572,#574,#578,.T.);
#580=ORIENTED_EDGE('',*,*,#579,.T.);
#581=CARTESIAN_POINT('',(173.184471357,498.890775087,28.));
#582=VERTEX_POINT('',#581);
#583=CARTESIAN_POINT('',(159.613212725,498.890775087,28.));
#584=DIRECTION('',(1.,0.,0.));
#585=VECTOR('',#584,13.571258632);
#586=LINE('',#583,#585);
#587=EDGE_CURVE('',#574,#582,#586,.T.);
#588=ORIENTED_EDGE('',*,*,#587,.T.);
#589=CARTESIAN_POINT('',(201.39709488,549.769226625,28.));
#590=VERTEX_POINT('',#589);
#591=CARTESIAN_POINT('',(173.184471357,498.890775087,28.));
#592=DIRECTION('',(0.484944223,0.874545082,0.));
#593=VECTOR('',#592,58.177048369);
#594=LINE('',#591,#593);
#595=EDGE_CURVE('',#582,#590,#594,.T.);
#596=ORIENTED_EDGE('',*,*,#595,.T.);
#597=CARTESIAN_POINT('',(173.184471357,600.647678163,28.));
#598=VERTEX_POINT('',#597);
#599=CARTESIAN_POINT('',(201.39709488,549.769226625,28.));
#600=DIRECTION('',(-0.484944223,0.874545082,0.));
#601=VECTOR('',#600,58.177048369);
#602=LINE('',#599,#601);
#603=EDGE_CURVE('',#590,#598,#602,.T.);
#604=ORIENTED_EDGE('',*,*,#603,.T.);
#605=CARTESIAN_POINT('',(154.863212725,600.647678163,28.));
#606=VERTEX_POINT('',#605);
#607=CARTESIAN_POINT('',(173.184471357,600.647678163,28.));
#608=DIRECTION('',(-1.,-0.,-0.));
#609=VECTOR('',#608,18.321258632);
#610=LINE('',#607,#609);
#611=EDGE_CURVE('',#598,#606,#610,.T.);
#612=ORIENTED_EDGE('',*,*,#611,.T.);
#613=CARTESIAN_POINT('',(154.863212725,513.268575087,28.));
#614=VERTEX_POINT('',#613);
#615=CARTESIAN_POINT('',(154.863212725,600.647678163,28.));
#616=DIRECTION('',(0.,-1.,-0.));
#617=VECTOR('',#616,87.379103076);
#618=LINE('',#615,#617);
#619=EDGE_CURVE('',#606,#614,#618,.T.);
#620=ORIENTED_EDGE('',*,*,#619,.T.);
#621=CARTESIAN_POINT('',(159.613212725,513.268575087,28.));
#622=VERTEX_POINT('',#621);
#623=CARTESIAN_POINT('',(154.863212725,513.268575087,28.));
#624=DIRECTION('',(1.,0.,0.));
#625=VECTOR('',#624,4.75);
#626=LINE('',#623,#625);
#627=EDGE_CURVE('',#614,#622,#626,.T.);
#628=ORIENTED_EDGE('',*,*,#627,.T.);
#629=CARTESIAN_POINT('',(159.613212725,509.190775087,28.));
#630=VERTEX_POINT('',#629);
#631=CARTESIAN_POINT('',(159.613212725,513.268575087,28.));
#632=DIRECTION('',(0.,-1.,-0.));
#633=VECTOR('',#632,4.0778);
#634=LINE('',#631,#633);
#635=EDGE_CURVE('',#622,#630,#634,.T.);
#636=ORIENTED_EDGE('',*,*,#635,.T.);
#637=CARTESIAN_POINT('',(166.113212725,509.190775087,28.));
#638=VERTEX_POINT('',#637);
#639=CARTESIAN_POINT('',(159.613212725,509.190775087,28.));
#640=DIRECTION('',(1.,0.,0.));
#641=VECTOR('',#640,6.5);
#642=LINE('',#639,#641);
#643=EDGE_CURVE('',#630,#638,#642,.T.);
#644=ORIENTED_EDGE('',*,*,#643,.T.);
#645=CARTESIAN_POINT('',(166.113212725,500.390775087,28.));
#646=VERTEX_POINT('',#645);
#647=CARTESIAN_POINT('',(166.113212725,509.190775087,28.));
#648=DIRECTION('',(0.,-1.,-0.));
#649=VECTOR('',#648,8.8);
#650=LINE('',#647,#649);
#651=EDGE_CURVE('',#638,#646,#650,.T.);
#652=ORIENTED_EDGE('',*,*,#651,.T.);
#653=CARTESIAN_POINT('',(166.113212725,500.390775087,28.));
#654=DIRECTION('',(-1.,-0.,-0.));
#655=VECTOR('',#654,6.5);
#656=LINE('',#653,#655);
#657=EDGE_CURVE('',#646,#572,#656,.T.);
#658=ORIENTED_EDGE('',*,*,#657,.T.);
#659=EDGE_LOOP('',(#580,#588,#596,#604,#612,#620,#628,#636,#644,#652,#658));
#660=FACE_BOUND('',#659,.T.);
#661=ADVANCED_FACE('',(#660),#570,.T.);
#662=CARTESIAN_POINT('',(144.113162725,601.647678163,26.4));
#663=DIRECTION('',(-0.,1.,0.));
#664=DIRECTION('',(0.,0.,1.));
#665=AXIS2_PLACEMENT_3D('',#662,#663,#664);
#666=PLANE('',#665);
#667=CARTESIAN_POINT('',(135.363212725,601.647678163,20.4));
#668=VERTEX_POINT('',#667);
#669=CARTESIAN_POINT('',(135.363212725,601.647678163,20.4));
#670=DIRECTION('',(1.,0.,0.));
#671=VECTOR('',#670,8.504938173);
#672=LINE('',#669,#671);
#673=EDGE_CURVE('',#668,#136,#672,.T.);
#674=ORIENTED_EDGE('',*,*,#673,.T.);
#675=CARTESIAN_POINT('',(139.968150898,601.647678163,16.5));
#676=VERTEX_POINT('',#675);
#677=CARTESIAN_POINT('',(143.868150898,601.647678163,16.5));
#678=DIRECTION('',(0.,-1.,-0.));
#679=DIRECTION('',(0.,0.,-1.));
#680=AXIS2_PLACEMENT_3D('',#677,#678,#679);
#681=CIRCLE('',#680,3.9);
#682=EDGE_CURVE('',#136,#676,#681,.T.);
#683=ORIENTED_EDGE('',*,*,#682,.T.);
#684=CARTESIAN_POINT('',(143.868150898,601.647678163,16.5));
#685=DIRECTION('',(0.,-1.,-0.));
#686=DIRECTION('',(0.,0.,-1.));
#687=AXIS2_PLACEMENT_3D('',#684,#685,#686);
#688=CIRCLE('',#687,3.9);
#689=EDGE_CURVE('',#676,#369,#688,.T.);
#690=ORIENTED_EDGE('',*,*,#689,.T.);
#691=ORIENTED_EDGE('',*,*,#374,.F.);
#692=CARTESIAN_POINT('',(115.041854093,601.647678163,27.));
#693=VERTEX_POINT('',#692);
#694=CARTESIAN_POINT('',(115.041854093,601.647678163,13.));
#695=DIRECTION('',(0.,0.,1.));
#696=VECTOR('',#695,14.);
#697=LINE('',#694,#696);
#698=EDGE_CURVE('',#360,#693,#697,.T.);
#699=ORIENTED_EDGE('',*,*,#698,.T.);
#700=CARTESIAN_POINT('',(133.363212725,601.647678163,27.));
#701=VERTEX_POINT('',#700);
#702=CARTESIAN_POINT('',(115.041854093,601.647678163,27.));
#703=DIRECTION('',(1.,0.,0.));
#704=VECTOR('',#703,18.321358632);
#705=LINE('',#702,#704);
#706=EDGE_CURVE('',#693,#701,#705,.T.);
#707=ORIENTED_EDGE('',*,*,#706,.T.);
#708=CARTESIAN_POINT('',(135.363212725,601.647678163,25.));
#709=VERTEX_POINT('',#708);
#710=CARTESIAN_POINT('',(133.363212725,601.647678163,25.));
#711=DIRECTION('',(-0.,1.,0.));
#712=DIRECTION('',(0.,0.,-1.));
#713=AXIS2_PLACEMENT_3D('',#710,#711,#712);
#714=CIRCLE('',#713,2.);
#715=EDGE_CURVE('',#701,#709,#714,.T.);
#716=ORIENTED_EDGE('',*,*,#715,.T.);
#717=CARTESIAN_POINT('',(135.363212725,601.647678163,25.));
#718=DIRECTION('',(-0.,-0.,-1.));
#719=VECTOR('',#718,4.6);
#720=LINE('',#717,#719);
#721=EDGE_CURVE('',#709,#668,#720,.T.);
#722=ORIENTED_EDGE('',*,*,#721,.T.);
#723=EDGE_LOOP('',(#674,#683,#690,#691,#699,#707,#716,#722));
#724=FACE_BOUND('',#723,.T.);
#725=ADVANCED_FACE('',(#724),#666,.T.);
#726=CARTESIAN_POINT('',(144.113162725,497.890775087,26.4));
#727=DIRECTION('',(-0.,1.,0.));
#728=DIRECTION('',(0.,0.,1.));
#729=AXIS2_PLACEMENT_3D('',#726,#727,#728);
#730=PLANE('',#729);
#731=CARTESIAN_POINT('',(128.613212725,497.890775087,27.));
#732=VERTEX_POINT('',#731);
#733=CARTESIAN_POINT('',(115.041854093,497.890775087,27.));
#734=VERTEX_POINT('',#733);
#735=CARTESIAN_POINT('',(128.613212725,497.890775087,27.));
#736=DIRECTION('',(-1.,-0.,-0.));
#737=VECTOR('',#736,13.571358632);
#738=LINE('',#735,#737);
#739=EDGE_CURVE('',#732,#734,#738,.T.);
#740=ORIENTED_EDGE('',*,*,#739,.T.);
#741=CARTESIAN_POINT('',(115.041854093,497.890775087,27.));
#742=DIRECTION('',(-0.,-0.,-1.));
#743=VECTOR('',#742,14.);
#744=LINE('',#741,#743);
#745=EDGE_CURVE('',#734,#309,#744,.T.);
#746=ORIENTED_EDGE('',*,*,#745,.T.);
#747=ORIENTED_EDGE('',*,*,#314,.T.);
#748=CARTESIAN_POINT('',(128.613212725,497.890775087,13.));
#749=DIRECTION('',(0.,0.,1.));
#750=VECTOR('',#749,14.);
#751=LINE('',#748,#750);
#752=EDGE_CURVE('',#300,#732,#751,.T.);
#753=ORIENTED_EDGE('',*,*,#752,.T.);
#754=EDGE_LOOP('',(#740,#746,#747,#753));
#755=FACE_BOUND('',#754,.T.);
#756=ADVANCED_FACE('',(#755),#730,.F.);
#757=CARTESIAN_POINT('',(188.156979618,575.708452394,26.4));
#758=DIRECTION('',(0.874545082,0.484944223,0.));
#759=DIRECTION('',(-0.484944223,0.874545082,0.));
#760=AXIS2_PLACEMENT_3D('',#757,#758,#759);
#761=PLANE('',#760);
#762=CARTESIAN_POINT('',(186.196325877,579.244281888,16.9932));
#763=VERTEX_POINT('',#762);
#764=CARTESIAN_POINT('',(188.087608347,575.833556068,16.9932));
#765=DIRECTION('',(-0.874545082,-0.484944223,-0.));
#766=DIRECTION('',(-0.484944223,0.874545082,0.));
#767=AXIS2_PLACEMENT_3D('',#764,#765,#766);
#768=CIRCLE('',#767,3.9);
#769=EDGE_CURVE('',#763,#763,#768,.T.);
#770=ORIENTED_EDGE('',*,*,#769,.T.);
#771=EDGE_LOOP('',(#770));
#772=FACE_BOUND('',#771,.T.);
#773=CARTESIAN_POINT('',(174.05901644,601.132622386,27.));
#774=VERTEX_POINT('',#773);
#775=CARTESIAN_POINT('',(202.271639961,550.254170847,27.));
#776=VERTEX_POINT('',#775);
#777=CARTESIAN_POINT('',(174.059016441,601.132622387,27.));
#778=DIRECTION('',(0.484944223,-0.874545082,-0.));
#779=VECTOR('',#778,58.177048369);
#780=LINE('',#777,#779);
#781=EDGE_CURVE('',#774,#776,#780,.T.);
#782=ORIENTED_EDGE('',*,*,#781,.T.);
#783=CARTESIAN_POINT('',(202.27163996,550.254170847,27.));
#784=DIRECTION('',(-0.,-0.,-1.));
#785=VECTOR('',#784,14.);
#786=LINE('',#783,#785);
#787=EDGE_CURVE('',#776,#403,#786,.T.);
#788=ORIENTED_EDGE('',*,*,#787,.T.);
#789=ORIENTED_EDGE('',*,*,#408,.F.);
#790=CARTESIAN_POINT('',(174.059016441,601.132622387,13.));
#791=DIRECTION('',(0.,0.,1.));
#792=VECTOR('',#791,14.);
#793=LINE('',#790,#792);
#794=EDGE_CURVE('',#394,#774,#793,.T.);
#795=ORIENTED_EDGE('',*,*,#794,.T.);
#796=EDGE_LOOP('',(#782,#788,#789,#795));
#797=FACE_BOUND('',#796,.T.);
#798=ADVANCED_FACE('',(#772,#797),#761,.T.);
#799=CARTESIAN_POINT('',(100.069345832,575.708452394,26.4));
#800=DIRECTION('',(0.874545082,-0.484944223,0.));
#801=DIRECTION('',(0.484944223,0.874545082,0.));
#802=AXIS2_PLACEMENT_3D('',#799,#800,#801);
#803=PLANE('',#802);
#804=CARTESIAN_POINT('',(85.954685488,550.254170847,27.));
#805=VERTEX_POINT('',#804);
#806=CARTESIAN_POINT('',(114.167308999,601.132622393,27.));
#807=VERTEX_POINT('',#806);
#808=CARTESIAN_POINT('',(85.954685489,550.254170847,27.));
#809=DIRECTION('',(0.484944223,0.874545082,0.));
#810=VECTOR('',#809,58.17704837);
#811=LINE('',#808,#810);
#812=EDGE_CURVE('',#805,#807,#811,.T.);
#813=ORIENTED_EDGE('',*,*,#812,.T.);
#814=CARTESIAN_POINT('',(114.167309009,601.132622387,27.));
#815=DIRECTION('',(-0.,-0.,-1.));
#816=VECTOR('',#815,14.);
#817=LINE('',#814,#816);
#818=EDGE_CURVE('',#807,#352,#817,.T.);
#819=ORIENTED_EDGE('',*,*,#818,.T.);
#820=ORIENTED_EDGE('',*,*,#357,.T.);
#821=CARTESIAN_POINT('',(85.954685489,550.254170847,13.));
#822=DIRECTION('',(0.,0.,1.));
#823=VECTOR('',#822,14.);
#824=LINE('',#821,#823);
#825=EDGE_CURVE('',#343,#805,#824,.T.);
#826=ORIENTED_EDGE('',*,*,#825,.T.);
#827=EDGE_LOOP('',(#813,#819,#820,#826));
#828=FACE_BOUND('',#827,.T.);
#829=ADVANCED_FACE('',(#828),#803,.F.);
#830=CARTESIAN_POINT('',(100.069345832,523.830000856,26.4));
#831=DIRECTION('',(0.874545082,0.484944223,0.));
#832=DIRECTION('',(-0.484944223,0.874545082,0.));
#833=AXIS2_PLACEMENT_3D('',#830,#831,#832);
#834=PLANE('',#833);
#835=CARTESIAN_POINT('',(98.109887564,527.363674441,16.993199239));
#836=VERTEX_POINT('',#835);
#837=CARTESIAN_POINT('',(98.109887564,527.363674441,16.993199239));
#838=CARTESIAN_POINT('',(98.109887564,527.363674441,17.768673612));
#839=CARTESIAN_POINT('',(98.25385287,527.104048397,18.485664625));
#840=CARTESIAN_POINT('',(98.397668241,526.844692744,19.20190892));
#841=CARTESIAN_POINT('',(98.663831375,526.364695977,19.750915686));
#842=CARTESIAN_POINT('',(98.929620155,525.885374316,20.299150285));
#843=CARTESIAN_POINT('',(99.277407567,525.258176885,20.596329416));
#844=CARTESIAN_POINT('',(99.624705823,524.631861594,20.893090571));
#845=CARTESIAN_POINT('',(100.001170034,523.952948621,20.893199239));
#846=CARTESIAN_POINT('',(100.377104755,523.274990526,20.893307754));
#847=CARTESIAN_POINT('',(100.724932501,522.647720358,20.596329416));
#848=CARTESIAN_POINT('',(101.072271034,522.021332433,20.299768771));
#849=CARTESIAN_POINT('',(101.338508694,521.541201265,19.750915686));
#850=CARTESIAN_POINT('',(101.604371895,521.061745393,19.202834551));
#851=CARTESIAN_POINT('',(101.748487198,520.801848845,18.485664625));
#852=CARTESIAN_POINT('',(101.892399806,520.542317837,17.769503385));
#853=CARTESIAN_POINT('',(101.892452504,520.542222802,16.993199239));
#854=CARTESIAN_POINT('',(101.892505128,520.5421279,16.217986949));
#855=CARTESIAN_POINT('',(101.748487198,520.801848845,15.500733853));
#856=CARTESIAN_POINT('',(101.604671827,521.061204499,14.784489558));
#857=CARTESIAN_POINT('',(101.338508694,521.541201265,14.235482792));
#858=CARTESIAN_POINT('',(101.072719913,522.020522927,13.687248194));
#859=CARTESIAN_POINT('',(100.724932501,522.647720358,13.390069062));
#860=CARTESIAN_POINT('',(100.377634245,523.274035649,13.093307907));
#861=CARTESIAN_POINT('',(100.001170034,523.952948621,13.093199239));
#862=CARTESIAN_POINT('',(99.625235312,524.630906717,13.093090724));
#863=CARTESIAN_POINT('',(99.277407567,525.258176885,13.390069062));
#864=CARTESIAN_POINT('',(98.930069034,525.88456481,13.686629707));
#865=CARTESIAN_POINT('',(98.663831375,526.364695977,14.235482792));
#866=CARTESIAN_POINT('',(98.397968173,526.844151849,14.783563927));
#867=CARTESIAN_POINT('',(98.25385287,527.104048397,15.500733853));
#868=CARTESIAN_POINT('',(98.109887564,527.363674441,16.217157338));
#869=CARTESIAN_POINT('',(98.109887564,527.363674441,16.993199239));
#870=B_SPLINE_CURVE_WITH_KNOTS('',2,(#837,#838,#839,#840,#841,#842,#843,#844,#845,#846,#847,#848,#849,#850,#851,#852,#853,#854,#855,#856,#857,#858,#859,#860,#861,#862,
#863,#864,#865,#866,#867,#868,#869),.UNSPECIFIED.,.T.,.F.,(3,2,2,2,2,2,2,2,2,2,2,2,2,2,2,2,3),(0.,0.0625,0.125,0.1875,0.25,0.3125,0.375,0.4375,0.5,0.5625,0.625,0.6875,0.75,0.8125,0.875,0.9375,1.),.UNSPECIFIED.);
#871=EDGE_CURVE('',#836,#836,#870,.T.);
#872=ORIENTED_EDGE('',*,*,#871,.T.);
#873=EDGE_LOOP('',(#872));
#874=FACE_BOUND('',#873,.T.);
#875=CARTESIAN_POINT('',(114.16730901,498.405830863,27.));
#876=VERTEX_POINT('',#875);
#877=CARTESIAN_POINT('',(85.954685495,549.284282406,27.));
#878=VERTEX_POINT('',#877);
#879=CARTESIAN_POINT('',(114.167309009,498.405830862,27.));
#880=DIRECTION('',(-0.484944223,0.874545082,0.));
#881=VECTOR('',#880,58.17704837);
#882=LINE('',#879,#881);
#883=EDGE_CURVE('',#876,#878,#882,.T.);
#884=ORIENTED_EDGE('',*,*,#883,.T.);
#885=CARTESIAN_POINT('',(85.954685489,549.284282403,27.));
#886=DIRECTION('',(-0.,-0.,-1.));
#887=VECTOR('',#886,14.);
#888=LINE('',#885,#887);
#889=EDGE_CURVE('',#878,#326,#888,.T.);
#890=ORIENTED_EDGE('',*,*,#889,.T.);
#891=ORIENTED_EDGE('',*,*,#331,.T.);
#892=CARTESIAN_POINT('',(114.167309009,498.405830862,13.));
#893=DIRECTION('',(0.,0.,1.));
#894=VECTOR('',#893,14.);
#895=LINE('',#892,#894);
#896=EDGE_CURVE('',#317,#876,#895,.T.);
#897=ORIENTED_EDGE('',*,*,#896,.T.);
#898=EDGE_LOOP('',(#884,#890,#891,#897));
#899=FACE_BOUND('',#898,.T.);
#900=ADVANCED_FACE('',(#874,#899),#834,.F.);
#901=CARTESIAN_POINT('',(144.113162725,497.890775087,26.4));
#902=DIRECTION('',(-0.,1.,0.));
#903=DIRECTION('',(0.,0.,1.));
#904=AXIS2_PLACEMENT_3D('',#901,#902,#903);
#905=PLANE('',#904);
#906=CARTESIAN_POINT('',(173.184471357,497.890775087,27.));
#907=VERTEX_POINT('',#906);
#908=CARTESIAN_POINT('',(159.613212725,497.890775087,27.));
#909=VERTEX_POINT('',#908);
#910=CARTESIAN_POINT('',(173.184471357,497.890775087,27.));
#911=DIRECTION('',(-1.,-0.,-0.));
#912=VECTOR('',#911,13.571258632);
#913=LINE('',#910,#912);
#914=EDGE_CURVE('',#907,#909,#913,.T.);
#915=ORIENTED_EDGE('',*,*,#914,.T.);
#916=CARTESIAN_POINT('',(159.613212725,497.890775087,27.));
#917=DIRECTION('',(-0.,-0.,-1.));
#918=VECTOR('',#917,14.);
#919=LINE('',#916,#918);
#920=EDGE_CURVE('',#909,#446,#919,.T.);
#921=ORIENTED_EDGE('',*,*,#920,.T.);
#922=ORIENTED_EDGE('',*,*,#451,.T.);
#923=CARTESIAN_POINT('',(173.184471357,497.890775087,13.));
#924=DIRECTION('',(0.,0.,1.));
#925=VECTOR('',#924,14.);
#926=LINE('',#923,#925);
#927=EDGE_CURVE('',#437,#907,#926,.T.);
#928=ORIENTED_EDGE('',*,*,#927,.T.);
#929=EDGE_LOOP('',(#915,#921,#922,#928));
#930=FACE_BOUND('',#929,.T.);
#931=ADVANCED_FACE('',(#930),#905,.F.);
#932=CARTESIAN_POINT('',(188.156979618,523.830000856,26.4));
#933=DIRECTION('',(-0.874545082,0.484944223,0.));
#934=DIRECTION('',(-0.484944223,-0.874545082,0.));
#935=AXIS2_PLACEMENT_3D('',#932,#933,#934);
#936=PLANE('',#935);
#937=CARTESIAN_POINT('',(186.335068419,520.54437871,16.9932));
#938=VERTEX_POINT('',#937);
#939=CARTESIAN_POINT('',(188.226350889,523.955104529,16.9932));
#940=DIRECTION('',(-0.874545082,0.484944223,0.));
#941=DIRECTION('',(-0.484944223,-0.874545082,0.));
#942=AXIS2_PLACEMENT_3D('',#939,#940,#941);
#943=CIRCLE('',#942,3.899999999);
#944=EDGE_CURVE('',#938,#938,#943,.T.);
#945=ORIENTED_EDGE('',*,*,#944,.T.);
#946=EDGE_LOOP('',(#945));
#947=FACE_BOUND('',#946,.T.);
#948=CARTESIAN_POINT('',(202.271639961,549.284282402,27.));
#949=VERTEX_POINT('',#948);
#950=CARTESIAN_POINT('',(174.05901643,498.405830868,27.));
#951=VERTEX_POINT('',#950);
#952=CARTESIAN_POINT('',(202.27163996,549.284282403,27.));
#953=DIRECTION('',(-0.484944223,-0.874545082,0.));
#954=VECTOR('',#953,58.17704837);
#955=LINE('',#952,#954);
#956=EDGE_CURVE('',#949,#951,#955,.T.);
#957=ORIENTED_EDGE('',*,*,#956,.T.);
#958=CARTESIAN_POINT('',(174.05901644,498.405830862,27.));
#959=DIRECTION('',(-0.,-0.,-1.));
#960=VECTOR('',#959,14.);
#961=LINE('',#958,#960);
#962=EDGE_CURVE('',#951,#429,#961,.T.);
#963=ORIENTED_EDGE('',*,*,#962,.T.);
#964=ORIENTED_EDGE('',*,*,#434,.T.);
#965=CARTESIAN_POINT('',(202.27163996,549.284282403,13.));
#966=DIRECTION('',(0.,0.,1.));
#967=VECTOR('',#966,14.);
#968=LINE('',#965,#967);
#969=EDGE_CURVE('',#420,#949,#968,.T.);
#970=ORIENTED_EDGE('',*,*,#969,.T.);
#971=EDGE_LOOP('',(#957,#963,#964,#970));
#972=FACE_BOUND('',#971,.T.);
#973=ADVANCED_FACE('',(#947,#972),#936,.F.);
#974=CARTESIAN_POINT('',(-111.229684306,-98.352321837,28.));
#975=DIRECTION('',(0.,0.,1.));
#976=DIRECTION('',(1.,0.,0.));
#977=AXIS2_PLACEMENT_3D('',#974,#975,#976);
#978=PLANE('',#977);
#979=CARTESIAN_POINT('',(133.363212725,513.268575087,28.));
#980=VERTEX_POINT('',#979);
#981=CARTESIAN_POINT('',(133.363212725,600.647678163,28.));
#982=VERTEX_POINT('',#981);
#983=CARTESIAN_POINT('',(133.363212725,513.268575087,28.));
#984=DIRECTION('',(-0.,1.,0.));
#985=VECTOR('',#984,87.379103076);
#986=LINE('',#983,#985);
#987=EDGE_CURVE('',#980,#982,#986,.T.);
#988=ORIENTED_EDGE('',*,*,#987,.T.);
#989=CARTESIAN_POINT('',(115.041854093,600.647678163,28.));
#990=VERTEX_POINT('',#989);
#991=CARTESIAN_POINT('',(133.363212725,600.647678163,28.));
#992=DIRECTION('',(-1.,-0.,-0.));
#993=VECTOR('',#992,18.321358632);
#994=LINE('',#991,#993);
#995=EDGE_CURVE('',#982,#990,#994,.T.);
#996=ORIENTED_EDGE('',*,*,#995,.T.);
#997=CARTESIAN_POINT('',(86.829230569,549.769226625,28.));
#998=VERTEX_POINT('',#997);
#999=CARTESIAN_POINT('',(115.041854093,600.647678163,28.));
#1000=DIRECTION('',(-0.484944223,-0.874545082,0.));
#1001=VECTOR('',#1000,58.17704837);
#1002=LINE('',#999,#1001);
#1003=EDGE_CURVE('',#990,#998,#1002,.T.);
#1004=ORIENTED_EDGE('',*,*,#1003,.T.);
#1005=CARTESIAN_POINT('',(115.041854093,498.890775087,28.));
#1006=VERTEX_POINT('',#1005);
#1007=CARTESIAN_POINT('',(86.829230569,549.769226625,28.));
#1008=DIRECTION('',(0.484944223,-0.874545082,0.));
#1009=VECTOR('',#1008,58.17704837);
#1010=LINE('',#1007,#1009);
#1011=EDGE_CURVE('',#998,#1006,#1010,.T.);
#1012=ORIENTED_EDGE('',*,*,#1011,.T.);
#1013=CARTESIAN_POINT('',(128.613212725,498.890775087,28.));
#1014=VERTEX_POINT('',#1013);
#1015=CARTESIAN_POINT('',(115.041854093,498.890775087,28.));
#1016=DIRECTION('',(1.,0.,0.));
#1017=VECTOR('',#1016,13.571358632);
#1018=LINE('',#1015,#1017);
#1019=EDGE_CURVE('',#1006,#1014,#1018,.T.);
#1020=ORIENTED_EDGE('',*,*,#1019,.T.);
#1021=CARTESIAN_POINT('',(128.613212725,500.390775087,28.));
#1022=VERTEX_POINT('',#1021);
#1023=CARTESIAN_POINT('',(128.613212725,498.890775087,28.));
#1024=DIRECTION('',(-0.,1.,0.));
#1025=VECTOR('',#1024,1.5);
#1026=LINE('',#1023,#1025);
#1027=EDGE_CURVE('',#1014,#1022,#1026,.T.);
#1028=ORIENTED_EDGE('',*,*,#1027,.T.);
#1029=CARTESIAN_POINT('',(122.113212725,500.390775087,28.));
#1030=VERTEX_POINT('',#1029);
#1031=CARTESIAN_POINT('',(128.613212725,500.390775087,28.));
#1032=DIRECTION('',(-1.,-0.,-0.));
#1033=VECTOR('',#1032,6.5);
#1034=LINE('',#1031,#1033);
#1035=EDGE_CURVE('',#1022,#1030,#1034,.T.);
#1036=ORIENTED_EDGE('',*,*,#1035,.T.);
#1037=CARTESIAN_POINT('',(122.113212725,509.190775087,28.));
#1038=VERTEX_POINT('',#1037);
#1039=CARTESIAN_POINT('',(122.113212725,500.390775087,28.));
#1040=DIRECTION('',(-0.,1.,0.));
#1041=VECTOR('',#1040,8.8);
#1042=LINE('',#1039,#1041);
#1043=EDGE_CURVE('',#1030,#1038,#1042,.T.);
#1044=ORIENTED_EDGE('',*,*,#1043,.T.);
#1045=CARTESIAN_POINT('',(128.613212725,509.190775087,28.));
#1046=VERTEX_POINT('',#1045);
#1047=CARTESIAN_POINT('',(122.113212725,509.190775087,28.));
#1048=DIRECTION('',(1.,0.,0.));
#1049=VECTOR('',#1048,6.5);
#1050=LINE('',#1047,#1049);
#1051=EDGE_CURVE('',#1038,#1046,#1050,.T.);
#1052=ORIENTED_EDGE('',*,*,#1051,.T.);
#1053=CARTESIAN_POINT('',(128.613212725,513.268575087,28.));
#1054=VERTEX_POINT('',#1053);
#1055=CARTESIAN_POINT('',(128.613212725,509.190775087,28.));
#1056=DIRECTION('',(-0.,1.,0.));
#1057=VECTOR('',#1056,4.0778);
#1058=LINE('',#1055,#1057);
#1059=EDGE_CURVE('',#1046,#1054,#1058,.T.);
#1060=ORIENTED_EDGE('',*,*,#1059,.T.);
#1061=CARTESIAN_POINT('',(128.613212725,513.268575087,28.));
#1062=DIRECTION('',(1.,0.,0.));
#1063=VECTOR('',#1062,4.75);
#1064=LINE('',#1061,#1063);
#1065=EDGE_CURVE('',#1054,#980,#1064,.T.);
#1066=ORIENTED_EDGE('',*,*,#1065,.T.);
#1067=EDGE_LOOP('',(#988,#996,#1004,#1012,#1020,#1028,#1036,#1044,#1052,#1060,#1066));
#1068=FACE_BOUND('',#1067,.T.);
#1069=ADVANCED_FACE('',(#1068),#978,.T.);
#1070=CARTESIAN_POINT('',(158.613212725,506.379675087,39.));
#1071=DIRECTION('',(1.,0.,0.));
#1072=DIRECTION('',(0.,0.,-1.));
#1073=AXIS2_PLACEMENT_3D('',#1070,#1071,#1072);
#1074=PLANE('',#1073);
#1075=ORIENTED_EDGE('',*,*,#468,.T.);
#1076=CARTESIAN_POINT('',(158.613212725,498.890775087,27.));
#1077=VERTEX_POINT('',#1076);
#1078=CARTESIAN_POINT('',(158.613212725,498.890775087,13.));
#1079=DIRECTION('',(-0.,-0.,1.));
#1080=VECTOR('',#1079,14.);
#1081=LINE('',#1078,#1080);
#1082=EDGE_CURVE('',#454,#1077,#1081,.T.);
#1083=ORIENTED_EDGE('',*,*,#1082,.T.);
#1084=CARTESIAN_POINT('',(158.613212725,500.390775087,27.));
#1085=VERTEX_POINT('',#1084);
#1086=CARTESIAN_POINT('',(158.613212725,498.890775087,27.));
#1087=DIRECTION('',(-0.,1.,0.));
#1088=VECTOR('',#1087,1.5);
#1089=LINE('',#1086,#1088);
#1090=EDGE_CURVE('',#1077,#1085,#1089,.T.);
#1091=ORIENTED_EDGE('',*,*,#1090,.T.);
#1092=CARTESIAN_POINT('',(158.613212725,500.390775087,27.));
#1093=DIRECTION('',(0.,0.,-1.));
#1094=VECTOR('',#1093,14.);
#1095=LINE('',#1092,#1094);
#1096=EDGE_CURVE('',#1085,#463,#1095,.T.);
#1097=ORIENTED_EDGE('',*,*,#1096,.T.);
#1098=EDGE_LOOP('',(#1075,#1083,#1091,#1097));
#1099=FACE_BOUND('',#1098,.T.);
#1100=ADVANCED_FACE('',(#1099),#1074,.F.);
#1101=CARTESIAN_POINT('',(144.113212725,512.268575087,39.));
#1102=DIRECTION('',(-0.,1.,0.));
#1103=DIRECTION('',(0.,0.,1.));
#1104=AXIS2_PLACEMENT_3D('',#1101,#1102,#1103);
#1105=PLANE('',#1104);
#1106=CARTESIAN_POINT('',(152.863212725,512.268575087,20.4));
#1107=VERTEX_POINT('',#1106);
#1108=CARTESIAN_POINT('',(135.363212725,512.268575087,20.4));
#1109=VERTEX_POINT('',#1108);
#1110=CARTESIAN_POINT('',(152.863212725,512.268575087,20.4));
#1111=DIRECTION('',(-1.,-0.,-0.));
#1112=VECTOR('',#1111,17.5);
#1113=LINE('',#1110,#1112);
#1114=EDGE_CURVE('',#1107,#1109,#1113,.T.);
#1115=ORIENTED_EDGE('',*,*,#1114,.T.);
#1116=CARTESIAN_POINT('',(135.363212725,512.268575087,25.));
#1117=VERTEX_POINT('',#1116);
#1118=CARTESIAN_POINT('',(135.363212725,512.268575087,20.4));
#1119=DIRECTION('',(0.,0.,1.));
#1120=VECTOR('',#1119,4.6);
#1121=LINE('',#1118,#1120);
#1122=EDGE_CURVE('',#1109,#1117,#1121,.T.);
#1123=ORIENTED_EDGE('',*,*,#1122,.T.);
#1124=CARTESIAN_POINT('',(133.363212725,512.268575087,27.));
#1125=VERTEX_POINT('',#1124);
#1126=CARTESIAN_POINT('',(133.363212725,512.268575087,25.));
#1127=DIRECTION('',(0.,-1.,-0.));
#1128=DIRECTION('',(0.,0.,-1.));
#1129=AXIS2_PLACEMENT_3D('',#1126,#1127,#1128);
#1130=CIRCLE('',#1129,2.);
#1131=EDGE_CURVE('',#1117,#1125,#1130,.T.);
#1132=ORIENTED_EDGE('',*,*,#1131,.T.);
#1133=CARTESIAN_POINT('',(129.613212725,512.268575087,27.));
#1134=VERTEX_POINT('',#1133);
#1135=CARTESIAN_POINT('',(133.363212725,512.268575087,27.));
#1136=DIRECTION('',(-1.,-0.,-0.));
#1137=VECTOR('',#1136,3.75);
#1138=LINE('',#1135,#1137);
#1139=EDGE_CURVE('',#1125,#1134,#1138,.T.);
#1140=ORIENTED_EDGE('',*,*,#1139,.T.);
#1141=CARTESIAN_POINT('',(129.613212725,512.268575087,27.));
#1142=DIRECTION('',(-0.,-0.,-1.));
#1143=VECTOR('',#1142,14.);
#1144=LINE('',#1141,#1143);
#1145=EDGE_CURVE('',#1134,#519,#1144,.T.);
#1146=ORIENTED_EDGE('',*,*,#1145,.T.);
#1147=ORIENTED_EDGE('',*,*,#524,.T.);
#1148=ORIENTED_EDGE('',*,*,#221,.F.);
#1149=CARTESIAN_POINT('',(154.863212725,512.268575087,27.));
#1150=VERTEX_POINT('',#1149);
#1151=CARTESIAN_POINT('',(158.613212725,512.268575087,27.));
#1152=DIRECTION('',(-1.,-0.,-0.));
#1153=VECTOR('',#1152,3.75);
#1154=LINE('',#1151,#1153);
#1155=EDGE_CURVE('',#210,#1150,#1154,.T.);
#1156=ORIENTED_EDGE('',*,*,#1155,.T.);
#1157=CARTESIAN_POINT('',(152.863212725,512.268575087,25.));
#1158=VERTEX_POINT('',#1157);
#1159=CARTESIAN_POINT('',(154.863212725,512.268575087,25.));
#1160=DIRECTION('',(0.,-1.,-0.));
#1161=DIRECTION('',(0.,0.,-1.));
#1162=AXIS2_PLACEMENT_3D('',#1159,#1160,#1161);
#1163=CIRCLE('',#1162,2.);
#1164=EDGE_CURVE('',#1150,#1158,#1163,.T.);
#1165=ORIENTED_EDGE('',*,*,#1164,.T.);
#1166=CARTESIAN_POINT('',(152.863212725,512.268575087,25.));
#1167=DIRECTION('',(-0.,-0.,-1.));
#1168=VECTOR('',#1167,4.6);
#1169=LINE('',#1166,#1168);
#1170=EDGE_CURVE('',#1158,#1107,#1169,.T.);
#1171=ORIENTED_EDGE('',*,*,#1170,.T.);
#1172=EDGE_LOOP('',(#1115,#1123,#1132,#1140,#1146,#1147,#1148,#1156,#1165,#1171));
#1173=FACE_BOUND('',#1172,.T.);
#1174=ADVANCED_FACE('',(#1173),#1105,.F.);
#1175=CARTESIAN_POINT('',(129.613212725,506.379675087,39.));
#1176=DIRECTION('',(-1.,-0.,0.));
#1177=DIRECTION('',(0.,0.,1.));
#1178=AXIS2_PLACEMENT_3D('',#1175,#1176,#1177);
#1179=PLANE('',#1178);
#1180=CARTESIAN_POINT('',(129.613212725,509.190775087,27.));
#1181=VERTEX_POINT('',#1180);
#1182=CARTESIAN_POINT('',(129.613212725,512.268575087,27.));
#1183=DIRECTION('',(0.,-1.,-0.));
#1184=VECTOR('',#1183,3.0778);
#1185=LINE('',#1182,#1184);
#1186=EDGE_CURVE('',#1134,#1181,#1185,.T.);
#1187=ORIENTED_EDGE('',*,*,#1186,.T.);
#1188=CARTESIAN_POINT('',(129.613212725,509.190775087,27.));
#1189=DIRECTION('',(-0.,-0.,-1.));
#1190=VECTOR('',#1189,14.);
#1191=LINE('',#1188,#1190);
#1192=EDGE_CURVE('',#1181,#232,#1191,.T.);
#1193=ORIENTED_EDGE('',*,*,#1192,.T.);
#1194=ORIENTED_EDGE('',*,*,#530,.T.);
#1195=ORIENTED_EDGE('',*,*,#1145,.F.);
#1196=EDGE_LOOP('',(#1187,#1193,#1194,#1195));
#1197=FACE_BOUND('',#1196,.T.);
#1198=ADVANCED_FACE('',(#1197),#1179,.F.);
#1199=CARTESIAN_POINT('',(144.113212725,622.868575087,21.4));
#1200=DIRECTION('',(0.,0.,1.));
#1201=DIRECTION('',(1.,0.,0.));
#1202=AXIS2_PLACEMENT_3D('',#1199,#1200,#1201);
#1203=PLANE('',#1202);
#1204=CARTESIAN_POINT('',(151.863212725,600.647678163,21.4));
#1205=VERTEX_POINT('',#1204);
#1206=CARTESIAN_POINT('',(151.863212725,513.268575087,21.4));
#1207=VERTEX_POINT('',#1206);
#1208=CARTESIAN_POINT('',(151.863212725,600.647678163,21.4));
#1209=DIRECTION('',(0.,-1.,-0.));
#1210=VECTOR('',#1209,87.379103076);
#1211=LINE('',#1208,#1210);
#1212=EDGE_CURVE('',#1205,#1207,#1211,.T.);
#1213=ORIENTED_EDGE('',*,*,#1212,.F.);
#1214=CARTESIAN_POINT('',(136.363212725,600.647678163,21.4));
#1215=VERTEX_POINT('',#1214);
#1216=CARTESIAN_POINT('',(151.863212725,600.647678163,21.4));
#1217=DIRECTION('',(-1.,-0.,-0.));
#1218=VECTOR('',#1217,15.5);
#1219=LINE('',#1216,#1218);
#1220=EDGE_CURVE('',#1205,#1215,#1219,.T.);
#1221=ORIENTED_EDGE('',*,*,#1220,.T.);
#1222=CARTESIAN_POINT('',(136.363212725,513.268575087,21.4));
#1223=VERTEX_POINT('',#1222);
#1224=CARTESIAN_POINT('',(136.363212725,600.647678163,21.4));
#1225=DIRECTION('',(0.,-1.,-0.));
#1226=VECTOR('',#1225,87.379103076);
#1227=LINE('',#1224,#1226);
#1228=EDGE_CURVE('',#1215,#1223,#1227,.T.);
#1229=ORIENTED_EDGE('',*,*,#1228,.T.);
#1230=CARTESIAN_POINT('',(136.363212725,513.268575087,21.4));
#1231=DIRECTION('',(1.,0.,0.));
#1232=VECTOR('',#1231,15.5);
#1233=LINE('',#1230,#1232);
#1234=EDGE_CURVE('',#1223,#1207,#1233,.T.);
#1235=ORIENTED_EDGE('',*,*,#1234,.T.);
#1236=EDGE_LOOP('',(#1213,#1221,#1229,#1235));
#1237=FACE_BOUND('',#1236,.T.);
#1238=ADVANCED_FACE('',(#1237),#1203,.T.);
#1239=CARTESIAN_POINT('',(151.863212725,622.868575087,25.));
#1240=DIRECTION('',(-1.,-0.,0.));
#1241=DIRECTION('',(0.,0.,1.));
#1242=AXIS2_PLACEMENT_3D('',#1239,#1240,#1241);
#1243=PLANE('',#1242);
#1244=CARTESIAN_POINT('',(151.863212725,513.268575087,25.));
#1245=VERTEX_POINT('',#1244);
#1246=CARTESIAN_POINT('',(151.863212725,600.647678163,25.));
#1247=VERTEX_POINT('',#1246);
#1248=CARTESIAN_POINT('',(151.863212725,513.268575087,25.));
#1249=DIRECTION('',(-0.,1.,0.));
#1250=VECTOR('',#1249,87.379103076);
#1251=LINE('',#1248,#1250);
#1252=EDGE_CURVE('',#1245,#1247,#1251,.T.);
#1253=ORIENTED_EDGE('',*,*,#1252,.T.);
#1254=CARTESIAN_POINT('',(151.863212725,600.647678163,25.));
#1255=DIRECTION('',(-0.,-0.,-1.));
#1256=VECTOR('',#1255,3.6);
#1257=LINE('',#1254,#1256);
#1258=EDGE_CURVE('',#1247,#1205,#1257,.T.);
#1259=ORIENTED_EDGE('',*,*,#1258,.T.);
#1260=ORIENTED_EDGE('',*,*,#1212,.T.);
#1261=CARTESIAN_POINT('',(151.863212725,513.268575087,21.4));
#1262=DIRECTION('',(0.,0.,1.));
#1263=VECTOR('',#1262,3.6);
#1264=LINE('',#1261,#1263);
#1265=EDGE_CURVE('',#1207,#1245,#1264,.T.);
#1266=ORIENTED_EDGE('',*,*,#1265,.T.);
#1267=EDGE_LOOP('',(#1253,#1259,#1260,#1266));
#1268=FACE_BOUND('',#1267,.T.);
#1269=ADVANCED_FACE('',(#1268),#1243,.T.);
#1270=CARTESIAN_POINT('',(136.363212725,622.868575087,25.));
#1271=DIRECTION('',(1.,0.,0.));
#1272=DIRECTION('',(0.,0.,-1.));
#1273=AXIS2_PLACEMENT_3D('',#1270,#1271,#1272);
#1274=PLANE('',#1273);
#1275=ORIENTED_EDGE('',*,*,#1228,.F.);
#1276=CARTESIAN_POINT('',(136.363212725,600.647678163,25.));
#1277=VERTEX_POINT('',#1276);
#1278=CARTESIAN_POINT('',(136.363212725,600.647678163,21.4));
#1279=DIRECTION('',(-0.,-0.,1.));
#1280=VECTOR('',#1279,3.6);
#1281=LINE('',#1278,#1280);
#1282=EDGE_CURVE('',#1215,#1277,#1281,.T.);
#1283=ORIENTED_EDGE('',*,*,#1282,.T.);
#1284=CARTESIAN_POINT('',(136.363212725,513.268575087,25.));
#1285=VERTEX_POINT('',#1284);
#1286=CARTESIAN_POINT('',(136.363212725,600.647678163,25.));
#1287=DIRECTION('',(0.,-1.,-0.));
#1288=VECTOR('',#1287,87.379103076);
#1289=LINE('',#1286,#1288);
#1290=EDGE_CURVE('',#1277,#1285,#1289,.T.);
#1291=ORIENTED_EDGE('',*,*,#1290,.T.);
#1292=CARTESIAN_POINT('',(136.363212725,513.268575087,25.));
#1293=DIRECTION('',(0.,0.,-1.));
#1294=VECTOR('',#1293,3.6);
#1295=LINE('',#1292,#1294);
#1296=EDGE_CURVE('',#1285,#1223,#1295,.T.);
#1297=ORIENTED_EDGE('',*,*,#1296,.T.);
#1298=EDGE_LOOP('',(#1275,#1283,#1291,#1297));
#1299=FACE_BOUND('',#1298,.T.);
#1300=ADVANCED_FACE('',(#1299),#1274,.T.);
#1301=CARTESIAN_POINT('',(133.363212725,-98.352321837,25.));
#1302=DIRECTION('',(-0.,1.,0.));
#1303=DIRECTION('',(0.,0.,1.));
#1304=AXIS2_PLACEMENT_3D('',#1301,#1302,#1303);
#1305=CYLINDRICAL_SURFACE('',#1304,3.);
#1306=ORIENTED_EDGE('',*,*,#1290,.F.);
#1307=CARTESIAN_POINT('',(133.363212725,600.647678163,25.));
#1308=DIRECTION('',(0.,-1.,-0.));
#1309=DIRECTION('',(0.,0.,-1.));
#1310=AXIS2_PLACEMENT_3D('',#1307,#1308,#1309);
#1311=CIRCLE('',#1310,3.);
#1312=EDGE_CURVE('',#1277,#982,#1311,.T.);
#1313=ORIENTED_EDGE('',*,*,#1312,.T.);
#1314=ORIENTED_EDGE('',*,*,#987,.F.);
#1315=CARTESIAN_POINT('',(133.363212725,513.268575087,25.));
#1316=DIRECTION('',(-0.,1.,0.));
#1317=DIRECTION('',(0.,0.,-1.));
#1318=AXIS2_PLACEMENT_3D('',#1315,#1316,#1317);
#1319=CIRCLE('',#1318,3.);
#1320=EDGE_CURVE('',#980,#1285,#1319,.T.);
#1321=ORIENTED_EDGE('',*,*,#1320,.T.);
#1322=EDGE_LOOP('',(#1306,#1313,#1314,#1321));
#1323=FACE_BOUND('',#1322,.T.);
#1324=ADVANCED_FACE('',(#1323),#1305,.T.);
#1325=CARTESIAN_POINT('',(154.863212725,622.868575087,25.));
#1326=DIRECTION('',(-0.,1.,0.));
#1327=DIRECTION('',(0.,0.,1.));
#1328=AXIS2_PLACEMENT_3D('',#1325,#1326,#1327);
#1329=CYLINDRICAL_SURFACE('',#1328,3.);
#1330=ORIENTED_EDGE('',*,*,#619,.F.);
#1331=CARTESIAN_POINT('',(154.863212725,600.647678163,25.));
#1332=DIRECTION('',(0.,-1.,-0.));
#1333=DIRECTION('',(0.,0.,-1.));
#1334=AXIS2_PLACEMENT_3D('',#1331,#1332,#1333);
#1335=CIRCLE('',#1334,3.);
#1336=EDGE_CURVE('',#606,#1247,#1335,.T.);
#1337=ORIENTED_EDGE('',*,*,#1336,.T.);
#1338=ORIENTED_EDGE('',*,*,#1252,.F.);
#1339=CARTESIAN_POINT('',(154.863212725,513.268575087,25.));
#1340=DIRECTION('',(-0.,1.,0.));
#1341=DIRECTION('',(0.,0.,-1.));
#1342=AXIS2_PLACEMENT_3D('',#1339,#1340,#1341);
#1343=CIRCLE('',#1342,3.);
#1344=EDGE_CURVE('',#1245,#614,#1343,.T.);
#1345=ORIENTED_EDGE('',*,*,#1344,.T.);
#1346=EDGE_LOOP('',(#1330,#1337,#1338,#1345));
#1347=FACE_BOUND('',#1346,.T.);
#1348=ADVANCED_FACE('',(#1347),#1329,.T.);
#1349=CARTESIAN_POINT('',(125.763212725,508.190775087,53.));
#1350=DIRECTION('',(-0.,1.,0.));
#1351=DIRECTION('',(0.,0.,1.));
#1352=AXIS2_PLACEMENT_3D('',#1349,#1350,#1351);
#1353=PLANE('',#1352);
#1354=CARTESIAN_POINT('',(123.113212725,508.190775087,27.));
#1355=VERTEX_POINT('',#1354);
#1356=CARTESIAN_POINT('',(123.113212725,508.190775087,19.));
#1357=VERTEX_POINT('',#1356);
#1358=CARTESIAN_POINT('',(123.113212725,508.190775087,27.));
#1359=DIRECTION('',(-0.,-0.,-1.));
#1360=VECTOR('',#1359,8.);
#1361=LINE('',#1358,#1360);
#1362=EDGE_CURVE('',#1355,#1357,#1361,.T.);
#1363=ORIENTED_EDGE('',*,*,#1362,.T.);
#1364=CARTESIAN_POINT('',(128.495957817,508.190775087,19.));
#1365=VERTEX_POINT('',#1364);
#1366=CARTESIAN_POINT('',(123.113212725,508.190775087,19.));
#1367=DIRECTION('',(1.,0.,0.));
#1368=VECTOR('',#1367,5.382745092);
#1369=LINE('',#1366,#1368);
#1370=EDGE_CURVE('',#1357,#1365,#1369,.T.);
#1371=ORIENTED_EDGE('',*,*,#1370,.T.);
#1372=CARTESIAN_POINT('',(128.613212725,508.190775087,18.986056876));
#1373=VERTEX_POINT('',#1372);
#1374=CARTESIAN_POINT('',(128.495957817,508.190775087,18.5));
#1375=DIRECTION('',(-0.,1.,0.));
#1376=DIRECTION('',(-1.,-0.,0.));
#1377=AXIS2_PLACEMENT_3D('',#1374,#1375,#1376);
#1378=CIRCLE('',#1377,0.5);
#1379=EDGE_CURVE('',#1365,#1373,#1378,.T.);
#1380=ORIENTED_EDGE('',*,*,#1379,.T.);
#1381=CARTESIAN_POINT('',(128.613212725,508.190775087,27.));
#1382=VERTEX_POINT('',#1381);
#1383=CARTESIAN_POINT('',(128.613212725,508.190775087,18.986056876));
#1384=DIRECTION('',(0.,0.,1.));
#1385=VECTOR('',#1384,8.013943124);
#1386=LINE('',#1383,#1385);
#1387=EDGE_CURVE('',#1373,#1382,#1386,.T.);
#1388=ORIENTED_EDGE('',*,*,#1387,.T.);
#1389=CARTESIAN_POINT('',(128.613212725,508.190775087,27.));
#1390=DIRECTION('',(-1.,-0.,-0.));
#1391=VECTOR('',#1390,5.5);
#1392=LINE('',#1389,#1391);
#1393=EDGE_CURVE('',#1382,#1355,#1392,.T.);
#1394=ORIENTED_EDGE('',*,*,#1393,.T.);
#1395=EDGE_LOOP('',(#1363,#1371,#1380,#1388,#1394));
#1396=FACE_BOUND('',#1395,.T.);
#1397=ADVANCED_FACE('',(#1396),#1353,.F.);
#1398=CARTESIAN_POINT('',(123.113212725,504.790775087,53.));
#1399=DIRECTION('',(-1.,-0.,0.));
#1400=DIRECTION('',(0.,0.,1.));
#1401=AXIS2_PLACEMENT_3D('',#1398,#1399,#1400);
#1402=PLANE('',#1401);
#1403=ORIENTED_EDGE('',*,*,#272,.T.);
#1404=CARTESIAN_POINT('',(123.113212725,501.391242469,19.));
#1405=VERTEX_POINT('',#1404);
#1406=CARTESIAN_POINT('',(123.113212725,501.391242469,13.));
#1407=DIRECTION('',(0.,0.,1.));
#1408=VECTOR('',#1407,6.);
#1409=LINE('',#1406,#1408);
#1410=EDGE_CURVE('',#259,#1405,#1409,.T.);
#1411=ORIENTED_EDGE('',*,*,#1410,.T.);
#1412=CARTESIAN_POINT('',(123.113212725,501.391242469,19.));
#1413=DIRECTION('',(-0.,1.,0.));
#1414=VECTOR('',#1413,6.799532618);
#1415=LINE('',#1412,#1414);
#1416=EDGE_CURVE('',#1405,#1357,#1415,.T.);
#1417=ORIENTED_EDGE('',*,*,#1416,.T.);
#1418=ORIENTED_EDGE('',*,*,#1362,.F.);
#1419=CARTESIAN_POINT('',(123.113212725,501.390775087,27.));
#1420=VERTEX_POINT('',#1419);
#1421=CARTESIAN_POINT('',(123.113212725,508.190775087,27.));
#1422=DIRECTION('',(0.,-1.,-0.));
#1423=VECTOR('',#1422,6.8);
#1424=LINE('',#1421,#1423);
#1425=EDGE_CURVE('',#1355,#1420,#1424,.T.);
#1426=ORIENTED_EDGE('',*,*,#1425,.T.);
#1427=CARTESIAN_POINT('',(123.113212725,501.390775087,27.));
#1428=DIRECTION('',(-0.,-0.,-1.));
#1429=VECTOR('',#1428,14.);
#1430=LINE('',#1427,#1429);
#1431=EDGE_CURVE('',#1420,#267,#1430,.T.);
#1432=ORIENTED_EDGE('',*,*,#1431,.T.);
#1433=EDGE_LOOP('',(#1403,#1411,#1417,#1418,#1426,#1432));
#1434=FACE_BOUND('',#1433,.T.);
#1435=ADVANCED_FACE('',(#1434),#1402,.F.);
#1436=CARTESIAN_POINT('',(125.763212725,501.390775087,53.));
#1437=DIRECTION('',(0.,-1.,0.));
#1438=DIRECTION('',(0.,0.,-1.));
#1439=AXIS2_PLACEMENT_3D('',#1436,#1437,#1438);
#1440=PLANE('',#1439);
#1441=CARTESIAN_POINT('',(128.613212725,501.390775087,27.));
#1442=VERTEX_POINT('',#1441);
#1443=CARTESIAN_POINT('',(123.113212725,501.390775087,27.));
#1444=DIRECTION('',(1.,0.,0.));
#1445=VECTOR('',#1444,5.5);
#1446=LINE('',#1443,#1445);
#1447=EDGE_CURVE('',#1420,#1442,#1446,.T.);
#1448=ORIENTED_EDGE('',*,*,#1447,.T.);
#1449=CARTESIAN_POINT('',(128.613212725,501.390775087,27.));
#1450=DIRECTION('',(0.,0.,-1.));
#1451=VECTOR('',#1450,14.);
#1452=LINE('',#1449,#1451);
#1453=EDGE_CURVE('',#1442,#275,#1452,.T.);
#1454=ORIENTED_EDGE('',*,*,#1453,.T.);
#1455=ORIENTED_EDGE('',*,*,#280,.T.);
#1456=ORIENTED_EDGE('',*,*,#1431,.F.);
#1457=EDGE_LOOP('',(#1448,#1454,#1455,#1456));
#1458=FACE_BOUND('',#1457,.T.);
#1459=ADVANCED_FACE('',(#1458),#1440,.F.);
#1460=CARTESIAN_POINT('',(165.113212725,504.790775087,45.));
#1461=DIRECTION('',(1.,0.,0.));
#1462=DIRECTION('',(0.,0.,-1.));
#1463=AXIS2_PLACEMENT_3D('',#1460,#1461,#1462);
#1464=PLANE('',#1463);
#1465=ORIENTED_EDGE('',*,*,#500,.T.);
#1466=CARTESIAN_POINT('',(165.113212725,508.183672658,19.));
#1467=VERTEX_POINT('',#1466);
#1468=CARTESIAN_POINT('',(165.113212725,508.183672658,13.));
#1469=DIRECTION('',(0.,0.,1.));
#1470=VECTOR('',#1469,6.);
#1471=LINE('',#1468,#1470);
#1472=EDGE_CURVE('',#487,#1467,#1471,.T.);
#1473=ORIENTED_EDGE('',*,*,#1472,.T.);
#1474=CARTESIAN_POINT('',(165.113212725,508.183672658,19.));
#1475=DIRECTION('',(0.,-1.,0.));
#1476=VECTOR('',#1475,6.792897571);
#1477=LINE('',#1474,#1476);
#1478=EDGE_CURVE('',#1467,#95,#1477,.T.);
#1479=ORIENTED_EDGE('',*,*,#1478,.T.);
#1480=ORIENTED_EDGE('',*,*,#100,.F.);
#1481=CARTESIAN_POINT('',(165.113212725,508.190775087,27.));
#1482=VERTEX_POINT('',#1481);
#1483=CARTESIAN_POINT('',(165.113212725,501.390775087,27.));
#1484=DIRECTION('',(-0.,1.,0.));
#1485=VECTOR('',#1484,6.8);
#1486=LINE('',#1483,#1485);
#1487=EDGE_CURVE('',#87,#1482,#1486,.T.);
#1488=ORIENTED_EDGE('',*,*,#1487,.T.);
#1489=CARTESIAN_POINT('',(165.113212725,508.190775087,27.));
#1490=DIRECTION('',(0.,0.,-1.));
#1491=VECTOR('',#1490,14.);
#1492=LINE('',#1489,#1491);
#1493=EDGE_CURVE('',#1482,#495,#1492,.T.);
#1494=ORIENTED_EDGE('',*,*,#1493,.T.);
#1495=EDGE_LOOP('',(#1465,#1473,#1479,#1480,#1488,#1494));
#1496=FACE_BOUND('',#1495,.T.);
#1497=ADVANCED_FACE('',(#1496),#1464,.F.);
#1498=CARTESIAN_POINT('',(162.463212725,508.190775087,45.));
#1499=DIRECTION('',(-0.,1.,0.));
#1500=DIRECTION('',(0.,0.,1.));
#1501=AXIS2_PLACEMENT_3D('',#1498,#1499,#1500);
#1502=PLANE('',#1501);
#1503=CARTESIAN_POINT('',(159.613212725,508.190775087,27.));
#1504=VERTEX_POINT('',#1503);
#1505=CARTESIAN_POINT('',(165.113212725,508.190775087,27.));
#1506=DIRECTION('',(-1.,-0.,-0.));
#1507=VECTOR('',#1506,5.5);
#1508=LINE('',#1505,#1507);
#1509=EDGE_CURVE('',#1482,#1504,#1508,.T.);
#1510=ORIENTED_EDGE('',*,*,#1509,.T.);
#1511=CARTESIAN_POINT('',(159.613212725,508.190775087,27.));
#1512=DIRECTION('',(-0.,-0.,-1.));
#1513=VECTOR('',#1512,14.);
#1514=LINE('',#1511,#1513);
#1515=EDGE_CURVE('',#1504,#503,#1514,.T.);
#1516=ORIENTED_EDGE('',*,*,#1515,.T.);
#1517=ORIENTED_EDGE('',*,*,#508,.T.);
#1518=ORIENTED_EDGE('',*,*,#1493,.F.);
#1519=EDGE_LOOP('',(#1510,#1516,#1517,#1518));
#1520=FACE_BOUND('',#1519,.T.);
#1521=ADVANCED_FACE('',(#1520),#1502,.F.);
#1522=CARTESIAN_POINT('',(-111.229684306,509.190775087,27.));
#1523=DIRECTION('',(-1.,-0.,0.));
#1524=DIRECTION('',(0.,0.,1.));
#1525=AXIS2_PLACEMENT_3D('',#1522,#1523,#1524);
#1526=CYLINDRICAL_SURFACE('',#1525,1.);
#1527=ORIENTED_EDGE('',*,*,#1393,.F.);
#1528=CARTESIAN_POINT('',(128.613212725,509.190775087,27.));
#1529=DIRECTION('',(-1.,-0.,-0.));
#1530=DIRECTION('',(0.,0.,-1.));
#1531=AXIS2_PLACEMENT_3D('',#1528,#1529,#1530);
#1532=CIRCLE('',#1531,1.);
#1533=EDGE_CURVE('',#1382,#1046,#1532,.T.);
#1534=ORIENTED_EDGE('',*,*,#1533,.T.);
#1535=ORIENTED_EDGE('',*,*,#1051,.F.);
#1536=CARTESIAN_POINT('',(122.113212725,509.190775087,27.));
#1537=DIRECTION('',(0.707106781,0.707106781,0.));
#1538=DIRECTION('',(-0.707106781,0.707106781,0.));
#1539=AXIS2_PLACEMENT_3D('',#1536,#1537,#1538);
#1540=ELLIPSE('',#1539,1.414213562,1.);
#1541=EDGE_CURVE('',#1038,#1355,#1540,.T.);
#1542=ORIENTED_EDGE('',*,*,#1541,.T.);
#1543=EDGE_LOOP('',(#1527,#1534,#1535,#1542));
#1544=FACE_BOUND('',#1543,.T.);
#1545=ADVANCED_FACE('',(#1544),#1526,.T.);
#1546=CARTESIAN_POINT('',(122.113212725,504.790775087,27.));
#1547=DIRECTION('',(-0.,1.,0.));
#1548=DIRECTION('',(0.,0.,1.));
#1549=AXIS2_PLACEMENT_3D('',#1546,#1547,#1548);
#1550=CYLINDRICAL_SURFACE('',#1549,1.);
#1551=ORIENTED_EDGE('',*,*,#1541,.F.);
#1552=ORIENTED_EDGE('',*,*,#1043,.F.);
#1553=CARTESIAN_POINT('',(122.113212725,500.390775087,27.));
#1554=DIRECTION('',(-0.707106781,0.707106781,0.));
#1555=DIRECTION('',(-0.707106781,-0.707106781,0.));
#1556=AXIS2_PLACEMENT_3D('',#1553,#1554,#1555);
#1557=ELLIPSE('',#1556,1.414213562,1.);
#1558=EDGE_CURVE('',#1030,#1420,#1557,.T.);
#1559=ORIENTED_EDGE('',*,*,#1558,.T.);
#1560=ORIENTED_EDGE('',*,*,#1425,.F.);
#1561=EDGE_LOOP('',(#1551,#1552,#1559,#1560));
#1562=FACE_BOUND('',#1561,.T.);
#1563=ADVANCED_FACE('',(#1562),#1550,.T.);
#1564=CARTESIAN_POINT('',(125.763212725,500.390775087,27.));
#1565=DIRECTION('',(-1.,-0.,0.));
#1566=DIRECTION('',(0.,0.,1.));
#1567=AXIS2_PLACEMENT_3D('',#1564,#1565,#1566);
#1568=CYLINDRICAL_SURFACE('',#1567,1.);
#1569=ORIENTED_EDGE('',*,*,#1035,.F.);
#1570=CARTESIAN_POINT('',(128.613212725,500.390775087,27.));
#1571=DIRECTION('',(-1.,-0.,-0.));
#1572=DIRECTION('',(0.,0.,-1.));
#1573=AXIS2_PLACEMENT_3D('',#1570,#1571,#1572);
#1574=CIRCLE('',#1573,1.);
#1575=EDGE_CURVE('',#1022,#1442,#1574,.T.);
#1576=ORIENTED_EDGE('',*,*,#1575,.T.);
#1577=ORIENTED_EDGE('',*,*,#1447,.F.);
#1578=ORIENTED_EDGE('',*,*,#1558,.F.);
#1579=EDGE_LOOP('',(#1569,#1576,#1577,#1578));
#1580=FACE_BOUND('',#1579,.T.);
#1581=ADVANCED_FACE('',(#1580),#1568,.T.);
#1582=CARTESIAN_POINT('',(162.463212725,509.190775087,27.));
#1583=DIRECTION('',(1.,0.,0.));
#1584=DIRECTION('',(0.,0.,-1.));
#1585=AXIS2_PLACEMENT_3D('',#1582,#1583,#1584);
#1586=CYLINDRICAL_SURFACE('',#1585,1.);
#1587=ORIENTED_EDGE('',*,*,#643,.F.);
#1588=CARTESIAN_POINT('',(159.613212725,509.190775087,27.));
#1589=DIRECTION('',(1.,0.,-0.));
#1590=DIRECTION('',(0.,0.,1.));
#1591=AXIS2_PLACEMENT_3D('',#1588,#1589,#1590);
#1592=CIRCLE('',#1591,1.);
#1593=EDGE_CURVE('',#630,#1504,#1592,.T.);
#1594=ORIENTED_EDGE('',*,*,#1593,.T.);
#1595=ORIENTED_EDGE('',*,*,#1509,.F.);
#1596=CARTESIAN_POINT('',(166.113212725,509.190775087,27.));
#1597=DIRECTION('',(-0.707106781,0.707106781,-0.));
#1598=DIRECTION('',(-0.707106781,-0.707106781,0.));
#1599=AXIS2_PLACEMENT_3D('',#1596,#1597,#1598);
#1600=ELLIPSE('',#1599,1.414213562,1.);
#1601=EDGE_CURVE('',#1482,#638,#1600,.T.);
#1602=ORIENTED_EDGE('',*,*,#1601,.T.);
#1603=EDGE_LOOP('',(#1587,#1594,#1595,#1602));
#1604=FACE_BOUND('',#1603,.T.);
#1605=ADVANCED_FACE('',(#1604),#1586,.T.);
#1606=CARTESIAN_POINT('',(166.113212725,504.790775087,27.));
#1607=DIRECTION('',(0.,-1.,0.));
#1608=DIRECTION('',(0.,0.,-1.));
#1609=AXIS2_PLACEMENT_3D('',#1606,#1607,#1608);
#1610=CYLINDRICAL_SURFACE('',#1609,1.);
#1611=ORIENTED_EDGE('',*,*,#1487,.F.);
#1612=CARTESIAN_POINT('',(166.113212725,500.390775087,27.));
#1613=DIRECTION('',(0.707106781,0.707106781,-0.));
#1614=DIRECTION('',(-0.707106781,0.707106781,0.));
#1615=AXIS2_PLACEMENT_3D('',#1612,#1613,#1614);
#1616=ELLIPSE('',#1615,1.414213562,1.);
#1617=EDGE_CURVE('',#87,#646,#1616,.T.);
#1618=ORIENTED_EDGE('',*,*,#1617,.T.);
#1619=ORIENTED_EDGE('',*,*,#651,.F.);
#1620=ORIENTED_EDGE('',*,*,#1601,.F.);
#1621=EDGE_LOOP('',(#1611,#1618,#1619,#1620));
#1622=FACE_BOUND('',#1621,.T.);
#1623=ADVANCED_FACE('',(#1622),#1610,.T.);
#1624=CARTESIAN_POINT('',(162.463212725,500.390775087,27.));
#1625=DIRECTION('',(-1.,-0.,0.));
#1626=DIRECTION('',(0.,0.,1.));
#1627=AXIS2_PLACEMENT_3D('',#1624,#1625,#1626);
#1628=CYLINDRICAL_SURFACE('',#1627,1.);
#1629=ORIENTED_EDGE('',*,*,#92,.F.);
#1630=CARTESIAN_POINT('',(159.613212725,500.390775087,27.));
#1631=DIRECTION('',(1.,0.,0.));
#1632=DIRECTION('',(0.,0.,-1.));
#1633=AXIS2_PLACEMENT_3D('',#1630,#1631,#1632);
#1634=CIRCLE('',#1633,1.);
#1635=EDGE_CURVE('',#79,#572,#1634,.T.);
#1636=ORIENTED_EDGE('',*,*,#1635,.T.);
#1637=ORIENTED_EDGE('',*,*,#657,.F.);
#1638=ORIENTED_EDGE('',*,*,#1617,.F.);
#1639=EDGE_LOOP('',(#1629,#1636,#1637,#1638));
#1640=FACE_BOUND('',#1639,.T.);
#1641=ADVANCED_FACE('',(#1640),#1628,.T.);
#1642=CARTESIAN_POINT('',(159.613212725,506.379675087,27.));
#1643=DIRECTION('',(0.,-1.,0.));
#1644=DIRECTION('',(0.,0.,-1.));
#1645=AXIS2_PLACEMENT_3D('',#1642,#1643,#1644);
#1646=CYLINDRICAL_SURFACE('',#1645,1.);
#1647=CARTESIAN_POINT('',(159.613212725,509.190775087,27.));
#1648=DIRECTION('',(0.,-1.,0.));
#1649=DIRECTION('',(0.,-0.,-1.));
#1650=AXIS2_PLACEMENT_3D('',#1647,#1648,#1649);
#1651=CIRCLE('',#1650,1.);
#1652=EDGE_CURVE('',#630,#202,#1651,.T.);
#1653=ORIENTED_EDGE('',*,*,#1652,.F.);
#1654=ORIENTED_EDGE('',*,*,#635,.F.);
#1655=CARTESIAN_POINT('',(159.613212725,513.268575087,27.));
#1656=DIRECTION('',(0.707106781,-0.707106781,0.));
#1657=DIRECTION('',(0.707106781,0.707106781,0.));
#1658=AXIS2_PLACEMENT_3D('',#1655,#1656,#1657);
#1659=ELLIPSE('',#1658,1.414213562,1.);
#1660=EDGE_CURVE('',#622,#210,#1659,.T.);
#1661=ORIENTED_EDGE('',*,*,#1660,.T.);
#1662=ORIENTED_EDGE('',*,*,#215,.F.);
#1663=EDGE_LOOP('',(#1653,#1654,#1661,#1662));
#1664=FACE_BOUND('',#1663,.T.);
#1665=ADVANCED_FACE('',(#1664),#1646,.T.);
#1666=CARTESIAN_POINT('',(159.613212725,509.190775087,27.));
#1667=DIRECTION('',(1.,0.,0.));
#1668=DIRECTION('',(0.,0.,-1.));
#1669=AXIS2_PLACEMENT_3D('',#1666,#1667,#1668);
#1670=SPHERICAL_SURFACE('',#1669,1.);
#1671=ORIENTED_EDGE('',*,*,#1593,.F.);
#1672=ORIENTED_EDGE('',*,*,#1652,.T.);
#1673=CARTESIAN_POINT('',(159.613212725,509.190775087,27.));
#1674=DIRECTION('',(0.,0.,-1.));
#1675=DIRECTION('',(1.,0.,0.));
#1676=AXIS2_PLACEMENT_3D('',#1673,#1674,#1675);
#1677=CIRCLE('',#1676,1.);
#1678=EDGE_CURVE('',#1504,#202,#1677,.T.);
#1679=ORIENTED_EDGE('',*,*,#1678,.F.);
#1680=EDGE_LOOP('',(#1671,#1672,#1679));
#1681=FACE_BOUND('',#1680,.T.);
#1682=ADVANCED_FACE('',(#1681),#1670,.T.);
#1683=CARTESIAN_POINT('',(159.613212725,509.190775087,45.));
#1684=DIRECTION('',(-0.,0.,-1.));
#1685=DIRECTION('',(-1.,-0.,0.));
#1686=AXIS2_PLACEMENT_3D('',#1683,#1684,#1685);
#1687=CYLINDRICAL_SURFACE('',#1686,1.);
#1688=ORIENTED_EDGE('',*,*,#1678,.T.);
#1689=ORIENTED_EDGE('',*,*,#207,.F.);
#1690=ORIENTED_EDGE('',*,*,#515,.F.);
#1691=ORIENTED_EDGE('',*,*,#1515,.F.);
#1692=EDGE_LOOP('',(#1688,#1689,#1690,#1691));
#1693=FACE_BOUND('',#1692,.T.);
#1694=ADVANCED_FACE('',(#1693),#1687,.T.);
#1695=CARTESIAN_POINT('',(159.613212725,506.379675087,27.));
#1696=DIRECTION('',(0.,-1.,0.));
#1697=DIRECTION('',(0.,0.,-1.));
#1698=AXIS2_PLACEMENT_3D('',#1695,#1696,#1697);
#1699=CYLINDRICAL_SURFACE('',#1698,1.);
#1700=ORIENTED_EDGE('',*,*,#1090,.F.);
#1701=CARTESIAN_POINT('',(159.613212725,498.890775087,27.));
#1702=DIRECTION('',(-0.,1.,-0.));
#1703=DIRECTION('',(0.,0.,1.));
#1704=AXIS2_PLACEMENT_3D('',#1701,#1702,#1703);
#1705=CIRCLE('',#1704,1.);
#1706=EDGE_CURVE('',#1077,#574,#1705,.T.);
#1707=ORIENTED_EDGE('',*,*,#1706,.T.);
#1708=ORIENTED_EDGE('',*,*,#579,.F.);
#1709=CARTESIAN_POINT('',(159.613212725,500.390775087,27.));
#1710=DIRECTION('',(-0.,1.,-0.));
#1711=DIRECTION('',(0.,-0.,-1.));
#1712=AXIS2_PLACEMENT_3D('',#1709,#1710,#1711);
#1713=CIRCLE('',#1712,1.);
#1714=EDGE_CURVE('',#1085,#572,#1713,.T.);
#1715=ORIENTED_EDGE('',*,*,#1714,.F.);
#1716=EDGE_LOOP('',(#1700,#1707,#1708,#1715));
#1717=FACE_BOUND('',#1716,.T.);
#1718=ADVANCED_FACE('',(#1717),#1699,.T.);
#1719=CARTESIAN_POINT('',(159.613212725,500.390775087,27.));
#1720=DIRECTION('',(1.,0.,0.));
#1721=DIRECTION('',(0.,0.,-1.));
#1722=AXIS2_PLACEMENT_3D('',#1719,#1720,#1721);
#1723=SPHERICAL_SURFACE('',#1722,1.);
#1724=ORIENTED_EDGE('',*,*,#1714,.T.);
#1725=ORIENTED_EDGE('',*,*,#1635,.F.);
#1726=CARTESIAN_POINT('',(159.613212725,500.390775087,27.));
#1727=DIRECTION('',(0.,0.,-1.));
#1728=DIRECTION('',(1.,0.,0.));
#1729=AXIS2_PLACEMENT_3D('',#1726,#1727,#1728);
#1730=CIRCLE('',#1729,1.);
#1731=EDGE_CURVE('',#1085,#79,#1730,.T.);
#1732=ORIENTED_EDGE('',*,*,#1731,.F.);
#1733=EDGE_LOOP('',(#1724,#1725,#1732));
#1734=FACE_BOUND('',#1733,.T.);
#1735=ADVANCED_FACE('',(#1734),#1723,.T.);
#1736=CARTESIAN_POINT('',(159.613212725,500.390775087,39.));
#1737=DIRECTION('',(-0.,0.,-1.));
#1738=DIRECTION('',(-1.,-0.,0.));
#1739=AXIS2_PLACEMENT_3D('',#1736,#1737,#1738);
#1740=CYLINDRICAL_SURFACE('',#1739,1.);
#1741=ORIENTED_EDGE('',*,*,#1731,.T.);
#1742=ORIENTED_EDGE('',*,*,#84,.F.);
#1743=ORIENTED_EDGE('',*,*,#475,.F.);
#1744=ORIENTED_EDGE('',*,*,#1096,.F.);
#1745=EDGE_LOOP('',(#1741,#1742,#1743,#1744));
#1746=FACE_BOUND('',#1745,.T.);
#1747=ADVANCED_FACE('',(#1746),#1740,.T.);
#1748=CARTESIAN_POINT('',(128.613212725,506.379675087,27.));
#1749=DIRECTION('',(-0.,1.,0.));
#1750=DIRECTION('',(0.,0.,1.));
#1751=AXIS2_PLACEMENT_3D('',#1748,#1749,#1750);
#1752=CYLINDRICAL_SURFACE('',#1751,1.);
#1753=ORIENTED_EDGE('',*,*,#1027,.F.);
#1754=CARTESIAN_POINT('',(128.613212725,498.890775087,27.));
#1755=DIRECTION('',(-0.,1.,0.));
#1756=DIRECTION('',(0.,0.,-1.));
#1757=AXIS2_PLACEMENT_3D('',#1754,#1755,#1756);
#1758=CIRCLE('',#1757,1.);
#1759=EDGE_CURVE('',#1014,#543,#1758,.T.);
#1760=ORIENTED_EDGE('',*,*,#1759,.T.);
#1761=ORIENTED_EDGE('',*,*,#548,.F.);
#1762=CARTESIAN_POINT('',(128.613212725,500.390775087,27.));
#1763=DIRECTION('',(-0.,1.,-0.));
#1764=DIRECTION('',(0.,0.,1.));
#1765=AXIS2_PLACEMENT_3D('',#1762,#1763,#1764);
#1766=CIRCLE('',#1765,1.);
#1767=EDGE_CURVE('',#1022,#541,#1766,.T.);
#1768=ORIENTED_EDGE('',*,*,#1767,.F.);
#1769=EDGE_LOOP('',(#1753,#1760,#1761,#1768));
#1770=FACE_BOUND('',#1769,.T.);
#1771=ADVANCED_FACE('',(#1770),#1752,.T.);
#1772=CARTESIAN_POINT('',(128.613212725,500.390775087,27.));
#1773=DIRECTION('',(-1.,-0.,0.));
#1774=DIRECTION('',(0.,0.,1.));
#1775=AXIS2_PLACEMENT_3D('',#1772,#1773,#1774);
#1776=SPHERICAL_SURFACE('',#1775,1.);
#1777=ORIENTED_EDGE('',*,*,#1575,.F.);
#1778=ORIENTED_EDGE('',*,*,#1767,.T.);
#1779=CARTESIAN_POINT('',(128.613212725,500.390775087,27.));
#1780=DIRECTION('',(0.,0.,-1.));
#1781=DIRECTION('',(1.,0.,0.));
#1782=AXIS2_PLACEMENT_3D('',#1779,#1780,#1781);
#1783=CIRCLE('',#1782,1.);
#1784=EDGE_CURVE('',#1442,#541,#1783,.T.);
#1785=ORIENTED_EDGE('',*,*,#1784,.F.);
#1786=EDGE_LOOP('',(#1777,#1778,#1785));
#1787=FACE_BOUND('',#1786,.T.);
#1788=ADVANCED_FACE('',(#1787),#1776,.T.);
#1789=CARTESIAN_POINT('',(128.613212725,500.390775087,53.));
#1790=DIRECTION('',(-0.,0.,-1.));
#1791=DIRECTION('',(-1.,-0.,0.));
#1792=AXIS2_PLACEMENT_3D('',#1789,#1790,#1791);
#1793=CYLINDRICAL_SURFACE('',#1792,1.);
#1794=ORIENTED_EDGE('',*,*,#1784,.T.);
#1795=ORIENTED_EDGE('',*,*,#561,.F.);
#1796=ORIENTED_EDGE('',*,*,#289,.F.);
#1797=ORIENTED_EDGE('',*,*,#1453,.F.);
#1798=EDGE_LOOP('',(#1794,#1795,#1796,#1797));
#1799=FACE_BOUND('',#1798,.T.);
#1800=ADVANCED_FACE('',(#1799),#1793,.T.);
#1801=CARTESIAN_POINT('',(128.613212725,506.379675087,27.));
#1802=DIRECTION('',(-0.,1.,0.));
#1803=DIRECTION('',(0.,0.,1.));
#1804=AXIS2_PLACEMENT_3D('',#1801,#1802,#1803);
#1805=CYLINDRICAL_SURFACE('',#1804,1.);
#1806=ORIENTED_EDGE('',*,*,#1186,.F.);
#1807=CARTESIAN_POINT('',(128.613212725,513.268575087,27.));
#1808=DIRECTION('',(-0.707106781,-0.707106781,-0.));
#1809=DIRECTION('',(0.707106781,-0.707106781,0.));
#1810=AXIS2_PLACEMENT_3D('',#1807,#1808,#1809);
#1811=ELLIPSE('',#1810,1.414213562,1.);
#1812=EDGE_CURVE('',#1134,#1054,#1811,.T.);
#1813=ORIENTED_EDGE('',*,*,#1812,.T.);
#1814=ORIENTED_EDGE('',*,*,#1059,.F.);
#1815=CARTESIAN_POINT('',(128.613212725,509.190775087,27.));
#1816=DIRECTION('',(0.,-1.,0.));
#1817=DIRECTION('',(0.,0.,1.));
#1818=AXIS2_PLACEMENT_3D('',#1815,#1816,#1817);
#1819=CIRCLE('',#1818,1.);
#1820=EDGE_CURVE('',#1181,#1046,#1819,.T.);
#1821=ORIENTED_EDGE('',*,*,#1820,.F.);
#1822=EDGE_LOOP('',(#1806,#1813,#1814,#1821));
#1823=FACE_BOUND('',#1822,.T.);
#1824=ADVANCED_FACE('',(#1823),#1805,.T.);
#1825=CARTESIAN_POINT('',(128.613212725,509.190775087,27.));
#1826=DIRECTION('',(-1.,-0.,0.));
#1827=DIRECTION('',(0.,0.,1.));
#1828=AXIS2_PLACEMENT_3D('',#1825,#1826,#1827);
#1829=SPHERICAL_SURFACE('',#1828,1.);
#1830=ORIENTED_EDGE('',*,*,#1820,.T.);
#1831=ORIENTED_EDGE('',*,*,#1533,.F.);
#1832=CARTESIAN_POINT('',(128.613212725,509.190775087,27.));
#1833=DIRECTION('',(0.,0.,-1.));
#1834=DIRECTION('',(1.,0.,0.));
#1835=AXIS2_PLACEMENT_3D('',#1832,#1833,#1834);
#1836=CIRCLE('',#1835,1.);
#1837=EDGE_CURVE('',#1181,#1382,#1836,.T.);
#1838=ORIENTED_EDGE('',*,*,#1837,.F.);
#1839=EDGE_LOOP('',(#1830,#1831,#1838));
#1840=FACE_BOUND('',#1839,.T.);
#1841=ADVANCED_FACE('',(#1840),#1829,.T.);
#1842=CARTESIAN_POINT('',(128.613212725,509.190775087,39.));
#1843=DIRECTION('',(-0.,0.,-1.));
#1844=DIRECTION('',(-1.,-0.,0.));
#1845=AXIS2_PLACEMENT_3D('',#1842,#1843,#1844);
#1846=CYLINDRICAL_SURFACE('',#1845,1.);
#1847=CARTESIAN_POINT('',(128.643783063,508.191242469,18.977648089));
#1848=VERTEX_POINT('',#1847);
#1849=CARTESIAN_POINT('',(128.643783063,508.191242469,13.));
#1850=DIRECTION('',(-0.,-0.,1.));
#1851=VECTOR('',#1850,5.977648089);
#1852=LINE('',#1849,#1851);
#1853=EDGE_CURVE('',#234,#1848,#1852,.T.);
#1854=ORIENTED_EDGE('',*,*,#1853,.F.);
#1855=ORIENTED_EDGE('',*,*,#240,.F.);
#1856=ORIENTED_EDGE('',*,*,#1192,.F.);
#1857=ORIENTED_EDGE('',*,*,#1837,.T.);
#1858=ORIENTED_EDGE('',*,*,#1387,.F.);
#1859=CARTESIAN_POINT('',(128.643783063,508.191242469,18.977648089));
#1860=CARTESIAN_POINT('',(128.63368402,508.190933593,18.980773598));
#1861=CARTESIAN_POINT('',(128.623493985,508.190775087,18.983576655));
#1862=CARTESIAN_POINT('',(128.613212725,508.190775087,18.986056876));
#1863=B_SPLINE_CURVE_WITH_KNOTS('',3,(#1859,#1860,#1861,#1862),.UNSPECIFIED.,.F.,.F.,(4,4),(0.,0.000031709),.UNSPECIFIED.);
#1864=EDGE_CURVE('',#1848,#1373,#1863,.T.);
#1865=ORIENTED_EDGE('',*,*,#1864,.F.);
#1866=EDGE_LOOP('',(#1854,#1855,#1856,#1857,#1858,#1865));
#1867=FACE_BOUND('',#1866,.T.);
#1868=ADVANCED_FACE('',(#1867),#1846,.T.);
#1869=CARTESIAN_POINT('',(135.363212725,513.268575087,39.));
#1870=DIRECTION('',(-0.,0.,-1.));
#1871=DIRECTION('',(-1.,-0.,0.));
#1872=AXIS2_PLACEMENT_3D('',#1869,#1870,#1871);
#1873=CYLINDRICAL_SURFACE('',#1872,1.);
#1874=ORIENTED_EDGE('',*,*,#1122,.F.);
#1875=CARTESIAN_POINT('',(135.363212725,513.268575087,20.4));
#1876=DIRECTION('',(-0.707106781,-0.,0.707106781));
#1877=DIRECTION('',(0.707106781,0.,0.707106781));
#1878=AXIS2_PLACEMENT_3D('',#1875,#1876,#1877);
#1879=ELLIPSE('',#1878,1.414213562,1.);
#1880=EDGE_CURVE('',#1109,#1223,#1879,.T.);
#1881=ORIENTED_EDGE('',*,*,#1880,.T.);
#1882=ORIENTED_EDGE('',*,*,#1296,.F.);
#1883=CARTESIAN_POINT('',(135.363212725,513.268575087,25.));
#1884=DIRECTION('',(0.,0.,1.));
#1885=DIRECTION('',(-1.,-0.,0.));
#1886=AXIS2_PLACEMENT_3D('',#1883,#1884,#1885);
#1887=CIRCLE('',#1886,1.);
#1888=EDGE_CURVE('',#1117,#1285,#1887,.T.);
#1889=ORIENTED_EDGE('',*,*,#1888,.F.);
#1890=EDGE_LOOP('',(#1874,#1881,#1882,#1889));
#1891=FACE_BOUND('',#1890,.T.);
#1892=ADVANCED_FACE('',(#1891),#1873,.T.);
#1893=CARTESIAN_POINT('',(133.363212725,513.268575087,25.));
#1894=DIRECTION('',(-0.,1.,0.));
#1895=DIRECTION('',(0.,0.,1.));
#1896=AXIS2_PLACEMENT_3D('',#1893,#1894,#1895);
#1897=TOROIDAL_SURFACE('',#1896,2.,1.);
#1898=ORIENTED_EDGE('',*,*,#1888,.T.);
#1899=ORIENTED_EDGE('',*,*,#1320,.F.);
#1900=CARTESIAN_POINT('',(133.363212725,513.268575087,27.));
#1901=DIRECTION('',(-1.,-0.,0.));
#1902=DIRECTION('',(0.,0.,1.));
#1903=AXIS2_PLACEMENT_3D('',#1900,#1901,#1902);
#1904=CIRCLE('',#1903,1.);
#1905=EDGE_CURVE('',#1125,#980,#1904,.T.);
#1906=ORIENTED_EDGE('',*,*,#1905,.F.);
#1907=ORIENTED_EDGE('',*,*,#1131,.F.);
#1908=EDGE_LOOP('',(#1898,#1899,#1906,#1907));
#1909=FACE_BOUND('',#1908,.T.);
#1910=ADVANCED_FACE('',(#1909),#1897,.T.);
#1911=CARTESIAN_POINT('',(144.113212725,513.268575087,27.));
#1912=DIRECTION('',(1.,0.,0.));
#1913=DIRECTION('',(0.,0.,-1.));
#1914=AXIS2_PLACEMENT_3D('',#1911,#1912,#1913);
#1915=CYLINDRICAL_SURFACE('',#1914,1.);
#1916=ORIENTED_EDGE('',*,*,#1905,.T.);
#1917=ORIENTED_EDGE('',*,*,#1065,.F.);
#1918=ORIENTED_EDGE('',*,*,#1812,.F.);
#1919=ORIENTED_EDGE('',*,*,#1139,.F.);
#1920=EDGE_LOOP('',(#1916,#1917,#1918,#1919));
#1921=FACE_BOUND('',#1920,.T.);
#1922=ADVANCED_FACE('',(#1921),#1915,.T.);
#1923=CARTESIAN_POINT('',(144.113212725,513.268575087,27.));
#1924=DIRECTION('',(1.,0.,0.));
#1925=DIRECTION('',(0.,0.,-1.));
#1926=AXIS2_PLACEMENT_3D('',#1923,#1924,#1925);
#1927=CYLINDRICAL_SURFACE('',#1926,1.);
#1928=ORIENTED_EDGE('',*,*,#1660,.F.);
#1929=ORIENTED_EDGE('',*,*,#627,.F.);
#1930=CARTESIAN_POINT('',(154.863212725,513.268575087,27.));
#1931=DIRECTION('',(-1.,-0.,-0.));
#1932=DIRECTION('',(0.,0.,-1.));
#1933=AXIS2_PLACEMENT_3D('',#1930,#1931,#1932);
#1934=CIRCLE('',#1933,1.);
#1935=EDGE_CURVE('',#1150,#614,#1934,.T.);
#1936=ORIENTED_EDGE('',*,*,#1935,.F.);
#1937=ORIENTED_EDGE('',*,*,#1155,.F.);
#1938=EDGE_LOOP('',(#1928,#1929,#1936,#1937));
#1939=FACE_BOUND('',#1938,.T.);
#1940=ADVANCED_FACE('',(#1939),#1927,.T.);
#1941=CARTESIAN_POINT('',(154.863212725,513.268575087,25.));
#1942=DIRECTION('',(-0.,1.,0.));
#1943=DIRECTION('',(0.,0.,1.));
#1944=AXIS2_PLACEMENT_3D('',#1941,#1942,#1943);
#1945=TOROIDAL_SURFACE('',#1944,2.,1.);
#1946=ORIENTED_EDGE('',*,*,#1935,.T.);
#1947=ORIENTED_EDGE('',*,*,#1344,.F.);
#1948=CARTESIAN_POINT('',(152.863212725,513.268575087,25.));
#1949=DIRECTION('',(-0.,-0.,-1.));
#1950=DIRECTION('',(-1.,-0.,0.));
#1951=AXIS2_PLACEMENT_3D('',#1948,#1949,#1950);
#1952=CIRCLE('',#1951,1.);
#1953=EDGE_CURVE('',#1158,#1245,#1952,.T.);
#1954=ORIENTED_EDGE('',*,*,#1953,.F.);
#1955=ORIENTED_EDGE('',*,*,#1164,.F.);
#1956=EDGE_LOOP('',(#1946,#1947,#1954,#1955));
#1957=FACE_BOUND('',#1956,.T.);
#1958=ADVANCED_FACE('',(#1957),#1945,.T.);
#1959=CARTESIAN_POINT('',(152.863212725,513.268575087,39.));
#1960=DIRECTION('',(0.,-0.,1.));
#1961=DIRECTION('',(1.,0.,0.));
#1962=AXIS2_PLACEMENT_3D('',#1959,#1960,#1961);
#1963=CYLINDRICAL_SURFACE('',#1962,1.);
#1964=ORIENTED_EDGE('',*,*,#1953,.T.);
#1965=ORIENTED_EDGE('',*,*,#1265,.F.);
#1966=CARTESIAN_POINT('',(152.863212725,513.268575087,20.4));
#1967=DIRECTION('',(0.707106781,0.,0.707106781));
#1968=DIRECTION('',(0.707106781,0.,-0.707106781));
#1969=AXIS2_PLACEMENT_3D('',#1966,#1967,#1968);
#1970=ELLIPSE('',#1969,1.414213562,1.);
#1971=EDGE_CURVE('',#1207,#1107,#1970,.T.);
#1972=ORIENTED_EDGE('',*,*,#1971,.T.);
#1973=ORIENTED_EDGE('',*,*,#1170,.F.);
#1974=EDGE_LOOP('',(#1964,#1965,#1972,#1973));
#1975=FACE_BOUND('',#1974,.T.);
#1976=ADVANCED_FACE('',(#1975),#1963,.T.);
#1977=CARTESIAN_POINT('',(144.113212725,513.268575087,20.4));
#1978=DIRECTION('',(1.,0.,0.));
#1979=DIRECTION('',(0.,0.,-1.));
#1980=AXIS2_PLACEMENT_3D('',#1977,#1978,#1979);
#1981=CYLINDRICAL_SURFACE('',#1980,1.);
#1982=ORIENTED_EDGE('',*,*,#1971,.F.);
#1983=ORIENTED_EDGE('',*,*,#1234,.F.);
#1984=ORIENTED_EDGE('',*,*,#1880,.F.);
#1985=ORIENTED_EDGE('',*,*,#1114,.F.);
#1986=EDGE_LOOP('',(#1982,#1983,#1984,#1985));
#1987=FACE_BOUND('',#1986,.T.);
#1988=ADVANCED_FACE('',(#1987),#1981,.T.);
#1989=CARTESIAN_POINT('',(117.492071674,533.651833083,16.993199239));
#1990=DIRECTION('',(-0.874545082,-0.484944223,0.));
#1991=DIRECTION('',(0.484944223,-0.874545082,0.));
#1992=AXIS2_PLACEMENT_3D('',#1989,#1990,#1991);
#1993=CYLINDRICAL_SURFACE('',#1992,2.);
#1994=CARTESIAN_POINT('',(102.632694135,523.125252482,16.993199258));
#1995=VERTEX_POINT('',#1994);
#1996=CARTESIAN_POINT('',(118.461960121,531.902742919,16.993199239));
#1997=VERTEX_POINT('',#1996);
#1998=CARTESIAN_POINT('',(102.632694135,523.125252482,16.993199239));
#1999=DIRECTION('',(0.874545082,0.484944223,-0.));
#2000=VECTOR('',#1999,18.1);
#2001=LINE('',#1998,#2000);
#2002=EDGE_CURVE('',#1995,#1997,#2001,.T.);
#2003=ORIENTED_EDGE('',*,*,#2002,.F.);
#2004=CARTESIAN_POINT('',(100.69287422,526.623442396,16.993199236));
#2005=VERTEX_POINT('',#2004);
#2006=CARTESIAN_POINT('',(101.662805689,524.874342646,16.993199239));
#2007=DIRECTION('',(-0.874545082,-0.484944223,0.));
#2008=DIRECTION('',(0.484944223,-0.874545082,0.));
#2009=AXIS2_PLACEMENT_3D('',#2006,#2007,#2008);
#2010=CIRCLE('',#2009,2.);
#2011=EDGE_CURVE('',#1995,#2005,#2010,.T.);
#2012=ORIENTED_EDGE('',*,*,#2011,.T.);
#2013=CARTESIAN_POINT('',(101.662805689,524.874342646,16.993199239));
#2014=DIRECTION('',(-0.874545082,-0.484944223,0.));
#2015=DIRECTION('',(0.484944223,-0.874545082,0.));
#2016=AXIS2_PLACEMENT_3D('',#2013,#2014,#2015);
#2017=CIRCLE('',#2016,2.);
#2018=EDGE_CURVE('',#2005,#1995,#2017,.T.);
#2019=ORIENTED_EDGE('',*,*,#2018,.T.);
#2020=ORIENTED_EDGE('',*,*,#2002,.T.);
#2021=CARTESIAN_POINT('',(117.492071674,533.651833083,16.993199239));
#2022=DIRECTION('',(-0.874545082,-0.484944223,0.));
#2023=DIRECTION('',(0.484944223,-0.874545082,0.));
#2024=AXIS2_PLACEMENT_3D('',#2021,#2022,#2023);
#2025=CIRCLE('',#2024,2.);
#2026=EDGE_CURVE('',#1997,#1997,#2025,.T.);
#2027=ORIENTED_EDGE('',*,*,#2026,.F.);
#2028=EDGE_LOOP('',(#2003,#2012,#2019,#2020,#2027));
#2029=FACE_BOUND('',#2028,.T.);
#2030=ADVANCED_FACE('',(#2029),#1993,.F.);
#2031=CARTESIAN_POINT('',(331.739862655,147.278837974,13.));
#2032=DIRECTION('',(-0.874545082,-0.484944223,0.));
#2033=DIRECTION('',(0.484944223,-0.874545082,0.));
#2034=AXIS2_PLACEMENT_3D('',#2031,#2032,#2033);
#2035=PLANE('',#2034);
#2036=ORIENTED_EDGE('',*,*,#2026,.T.);
#2037=EDGE_LOOP('',(#2036));
#2038=FACE_BOUND('',#2037,.T.);
#2039=ADVANCED_FACE('',(#2038),#2035,.T.);
#2040=CARTESIAN_POINT('',(98.109887564,527.363674441,16.993199239));
#2041=CARTESIAN_POINT('',(98.109887564,527.363674441,16.993232572));
#2042=CARTESIAN_POINT('',(98.109887564,527.363674441,16.993265906));
#2043=CARTESIAN_POINT('',(98.109887564,527.36367444,16.993299239));
#2044=CARTESIAN_POINT('',(98.109893992,527.363662848,17.50377468));
#2045=CARTESIAN_POINT('',(98.159118771,527.27489122,18.014046789));
#2046=CARTESIAN_POINT('',(98.348593154,526.933194419,18.957313257));
#2047=CARTESIAN_POINT('',(98.488774155,526.680392965,19.389931451));
#2048=CARTESIAN_POINT('',(98.838888593,526.04899899,20.11189992));
#2049=CARTESIAN_POINT('',(99.048684287,525.670654877,20.400966156));
#2050=CARTESIAN_POINT('',(99.506130846,524.845698893,20.791692676));
#2051=CARTESIAN_POINT('',(99.75360174,524.399411582,20.893199239));
#2052=CARTESIAN_POINT('',(100.248738328,523.50648566,20.893199239));
#2053=CARTESIAN_POINT('',(100.496209222,523.060198349,20.791692676));
#2054=CARTESIAN_POINT('',(100.953655781,522.235242366,20.400966156));
#2055=CARTESIAN_POINT('',(101.163451474,521.856898253,20.11189992));
#2056=CARTESIAN_POINT('',(101.513565913,521.225504278,19.389931451));
#2057=CARTESIAN_POINT('',(101.653746914,520.972702824,18.957313257));
#2058=CARTESIAN_POINT('',(101.843227483,520.630994867,18.014015993));
#2059=CARTESIAN_POINT('',(101.892452504,520.542222802,17.50370804));
#2060=CARTESIAN_POINT('',(101.892452504,520.542222802,16.482690438));
#2061=CARTESIAN_POINT('',(101.843227483,520.630994867,15.972382485));
#2062=CARTESIAN_POINT('',(101.653746914,520.972702824,15.029085221));
#2063=CARTESIAN_POINT('',(101.513565913,521.225504278,14.596467027));
#2064=CARTESIAN_POINT('',(101.163451474,521.856898253,13.874498558));
#2065=CARTESIAN_POINT('',(100.953655781,522.235242366,13.585432322));
#2066=CARTESIAN_POINT('',(100.496209222,523.060198349,13.194705802));
#2067=CARTESIAN_POINT('',(100.248738328,523.50648566,13.093199239));
#2068=CARTESIAN_POINT('',(99.75360174,524.399411582,13.093199239));
#2069=CARTESIAN_POINT('',(99.506130846,524.845698893,13.194705802));
#2070=CARTESIAN_POINT('',(99.048684287,525.670654877,13.585432322));
#2071=CARTESIAN_POINT('',(98.838888593,526.04899899,13.874498558));
#2072=CARTESIAN_POINT('',(98.488774155,526.680392965,14.596467027));
#2073=CARTESIAN_POINT('',(98.348593154,526.933194419,15.029085221));
#2074=CARTESIAN_POINT('',(98.159112585,527.274902376,15.972382485));
#2075=CARTESIAN_POINT('',(98.109887564,527.363674441,16.482690438));
#2076=CARTESIAN_POINT('',(98.109887564,527.363674441,16.993199239));
#2077=CARTESIAN_POINT('',(99.03128071,525.702040368,16.993199239));
#2078=CARTESIAN_POINT('',(99.03128071,525.702040368,16.993216333));
#2079=CARTESIAN_POINT('',(99.03128071,525.702040368,16.993233427));
#2080=CARTESIAN_POINT('',(99.03128071,525.702040367,16.993250521));
#2081=CARTESIAN_POINT('',(99.031284007,525.702034423,17.255033035));
#2082=CARTESIAN_POINT('',(99.056527505,525.65651047,17.516711277));
#2083=CARTESIAN_POINT('',(99.153693944,525.481281183,18.000438109));
#2084=CARTESIAN_POINT('',(99.225581702,525.351639294,18.222293793));
#2085=CARTESIAN_POINT('',(99.40512773,525.027847219,18.592534369));
#2086=CARTESIAN_POINT('',(99.512715363,524.833824421,18.740773598));
#2087=CARTESIAN_POINT('',(99.747303554,524.410769688,18.941146354));
#2088=CARTESIAN_POINT('',(99.87421182,524.181904193,18.993201049));
#2089=CARTESIAN_POINT('',(100.128128248,523.72399305,18.993201049));
#2090=CARTESIAN_POINT('',(100.255036513,523.495127555,18.941146354));
#2091=CARTESIAN_POINT('',(100.489624705,523.072072822,18.740773598));
#2092=CARTESIAN_POINT('',(100.597212337,522.878050023,18.592534369));
#2093=CARTESIAN_POINT('',(100.776758366,522.554257949,18.222293793));
#2094=CARTESIAN_POINT('',(100.848646124,522.42461606,18.000438109));
#2095=CARTESIAN_POINT('',(100.945815734,522.249381052,17.516695484));
#2096=CARTESIAN_POINT('',(100.971059357,522.203856874,17.254998861));
#2097=CARTESIAN_POINT('',(100.971059357,522.203856874,16.731399617));
#2098=CARTESIAN_POINT('',(100.945815734,522.249381052,16.469702994));
#2099=CARTESIAN_POINT('',(100.848646124,522.42461606,15.985960369));
#2100=CARTESIAN_POINT('',(100.776758366,522.554257949,15.764104685));
#2101=CARTESIAN_POINT('',(100.597212337,522.878050023,15.393864109));
#2102=CARTESIAN_POINT('',(100.489624705,523.072072822,15.24562488));
#2103=CARTESIAN_POINT('',(100.255036513,523.495127555,15.045252124));
#2104=CARTESIAN_POINT('',(100.128128248,523.72399305,14.993197429));
#2105=CARTESIAN_POINT('',(99.87421182,524.181904193,14.993197429));
#2106=CARTESIAN_POINT('',(99.747303554,524.410769688,15.045252124));
#2107=CARTESIAN_POINT('',(99.512715363,524.833824421,15.24562488));
#2108=CARTESIAN_POINT('',(99.40512773,525.027847219,15.393864109));
#2109=CARTESIAN_POINT('',(99.225581702,525.351639294,15.764104685));
#2110=CARTESIAN_POINT('',(99.153693944,525.481281183,15.985960369));
#2111=CARTESIAN_POINT('',(99.056524333,525.656516191,16.469702994));
#2112=CARTESIAN_POINT('',(99.03128071,525.702040368,16.731399617));
#2113=CARTESIAN_POINT('',(99.03128071,525.702040368,16.993199239));
#2114=CARTESIAN_POINT('',(100.692917244,526.623432809,16.993199239));
#2115=CARTESIAN_POINT('',(100.692917244,526.623432809,16.993216333));
#2116=CARTESIAN_POINT('',(100.692917244,526.623432809,16.993233427));
#2117=CARTESIAN_POINT('',(100.692917244,526.623432808,16.993250521));
#2118=CARTESIAN_POINT('',(100.69292054,526.623426864,17.255032798));
#2119=CARTESIAN_POINT('',(100.718164016,526.577902952,17.516710803));
#2120=CARTESIAN_POINT('',(100.815330367,526.402673824,18.000437197));
#2121=CARTESIAN_POINT('',(100.887218059,526.273032052,18.222292681));
#2122=CARTESIAN_POINT('',(101.066763925,525.94924027,18.592532922));
#2123=CARTESIAN_POINT('',(101.174351461,525.755217648,18.740772017));
#2124=CARTESIAN_POINT('',(101.40893944,525.332163298,18.941144591));
#2125=CARTESIAN_POINT('',(101.53584759,525.10329801,18.993199239));
#2126=CARTESIAN_POINT('',(101.789763789,524.645387281,18.993199239));
#2127=CARTESIAN_POINT('',(101.91667194,524.416521993,18.941144591));
#2128=CARTESIAN_POINT('',(102.151259919,523.993467643,18.740772017));
#2129=CARTESIAN_POINT('',(102.258847454,523.79944502,18.592532922));
#2130=CARTESIAN_POINT('',(102.43839332,523.475653239,18.222292681));
#2131=CARTESIAN_POINT('',(102.510281013,523.346011467,18.000437197));
#2132=CARTESIAN_POINT('',(102.607450535,523.170776617,17.51669501));
#2133=CARTESIAN_POINT('',(102.632694136,523.125252481,17.254998624));
#2134=CARTESIAN_POINT('',(102.632694136,523.125252481,16.731399854));
#2135=CARTESIAN_POINT('',(102.607450535,523.170776617,16.469703468));
#2136=CARTESIAN_POINT('',(102.510281013,523.346011467,15.985961281));
#2137=CARTESIAN_POINT('',(102.43839332,523.475653239,15.764105797));
#2138=CARTESIAN_POINT('',(102.258847454,523.79944502,15.393865556));
#2139=CARTESIAN_POINT('',(102.151259919,523.993467643,15.245626461));
#2140=CARTESIAN_POINT('',(101.91667194,524.416521993,15.045253887));
#2141=CARTESIAN_POINT('',(101.789763789,524.645387281,14.993199239));
#2142=CARTESIAN_POINT('',(101.53584759,525.10329801,14.993199239));
#2143=CARTESIAN_POINT('',(101.40893944,525.332163298,15.045253887));
#2144=CARTESIAN_POINT('',(101.174351461,525.755217648,15.245626461));
#2145=CARTESIAN_POINT('',(101.066763925,525.94924027,15.393865556));
#2146=CARTESIAN_POINT('',(100.887218059,526.273032052,15.764105797));
#2147=CARTESIAN_POINT('',(100.815330367,526.402673824,15.985961281));
#2148=CARTESIAN_POINT('',(100.718160844,526.577908673,16.469703468));
#2149=CARTESIAN_POINT('',(100.692917244,526.623432809,16.731399854));
#2150=CARTESIAN_POINT('',(100.692917244,526.623432809,16.993199239));
#2151=(BOUNDED_SURFACE()
B_SPLINE_SURFACE(2,3,((#2040,#2041,#2042,#2043,#2044,#2045,#2046,#2047,#2048,#2049,#2050,#2051,#2052,#2053,#2054,#2055,#2056,#2057,#2058,#2059,#2060,#2061,#2062,#2063,#2064,#2065,
#2066,#2067,#2068,#2069,#2070,#2071,#2072,#2073,#2074,#2075,#2076),(#2077,#2078,#2079,#2080,#2081,#2082,#2083,#2084,#2085,#2086,#2087,#2088,#2089,#2090,#2091,#2092,#2093,#2094,#2095,#2096,#2097,#2098,#2099,#2100,#2101,#2102,
#2103,#2104,#2105,#2106,#2107,#2108,#2109,#2110,#2111,#2112,#2113),(#2114,#2115,#2116,#2117,#2118,#2119,#2120,#2121,#2122,#2123,#2124,#2125,#2126,#2127,#2128,#2129,#2130,#2131,#2132,#2133,#2134,#2135,#2136,#2137,#2138,#2139,
#2140,#2141,#2142,#2143,#2144,#2145,#2146,#2147,#2148,#2149,#2150)),.UNSPECIFIED.,.F.,.T.,.U.)
B_SPLINE_SURFACE_WITH_KNOTS((3,3),(4,3,2,2,2,2,2,2,2,2,2,2,2,2,2,2,2,4),(0.,1.),(-6.283185307,-6.283159666,-5.890486225,-5.497787144,-5.105088062,-4.71238898,-4.319689899,-3.926990817,-3.534291735,-3.141592654,-2.748893572,-2.35619449,-1.963495408,-1.570796327,-1.178097245,-0.785398163,-0.392699082,0.),.UNSPECIFIED.)
GEOMETRIC_REPRESENTATION_ITEM()
RATIONAL_B_SPLINE_SURFACE(((53.169661567,53.169661567,53.169661567,53.169661567,53.169661567,53.169661567,53.169661567,53.169661567,53.169661567,53.169661567,53.169661567,53.169661567,53.169661567,53.169661567,53.169661567,53.169661567,53.169661567,53.169661567,53.169661567,53.169661567,53.169661567,53.169661567,53.169661567,53.169661567,53.169661567,53.169661567,
53.169661567,53.169661567,53.169661567,53.169661567,53.169661567,53.169661567,53.169661567,53.169661567,53.169661567,53.169661567,53.169661567),(0.018807736,0.018807736,0.018807736,0.018807736,0.018807736,0.018807736,0.018807736,0.018807736,0.018807736,0.018807736,0.018807736,0.018807736,0.018807736,0.018807736,0.018807736,0.018807736,0.018807736,0.018807736,0.018807736,0.018807736,0.018807736,0.018807736,0.018807736,0.018807736,0.018807736,0.018807736,
0.018807736,0.018807736,0.018807736,0.018807736,0.018807736,0.018807736,0.018807736,0.018807736,0.018807736,0.018807736,0.018807736),(53.169661531,53.169661531,53.169661531,53.169661531,53.169661531,53.169661531,53.169661531,53.169661531,53.169661531,53.169661531,53.169661531,53.169661531,53.169661531,53.169661531,53.169661531,53.169661531,53.169661531,53.169661531,53.169661531,53.169661531,53.169661531,53.169661531,53.169661531,53.169661531,53.169661531,53.169661531,
53.169661531,53.169661531,53.169661531,53.169661531,53.169661531,53.169661531,53.169661531,53.169661531,53.169661531,53.169661531,53.169661531)))
REPRESENTATION_ITEM('')
SURFACE()
);
#2152=CARTESIAN_POINT('',(100.692917244,526.623432809,16.993199239));
#2153=CARTESIAN_POINT('',(99.03128071,525.702040368,16.993199239));
#2154=CARTESIAN_POINT('',(98.109887564,527.363674441,16.993199239));
#2155=(BOUNDED_CURVE()
B_SPLINE_CURVE(2,(#2152,#2153,#2154),.UNSPECIFIED.,.F.,.F.)
B_SPLINE_CURVE_WITH_KNOTS((3,3),(0.,1.),.UNSPECIFIED.)
CURVE()
GEOMETRIC_REPRESENTATION_ITEM()
RATIONAL_B_SPLINE_CURVE((53.169661531,0.018807736,53.169661567))
REPRESENTATION_ITEM(''));
#2156=EDGE_CURVE('',#2005,#836,#2155,.T.);
#2157=ORIENTED_EDGE('',*,*,#2156,.T.);
#2158=ORIENTED_EDGE('',*,*,#871,.F.);
#2159=ORIENTED_EDGE('',*,*,#2156,.F.);
#2160=ORIENTED_EDGE('',*,*,#2011,.F.);
#2161=ORIENTED_EDGE('',*,*,#2018,.F.);
#2162=EDGE_LOOP('',(#2157,#2158,#2159,#2160,#2161));
#2163=FACE_BOUND('',#2162,.T.);
#2164=ADVANCED_FACE('',(#2163),#2151,.T.);
#2165=CARTESIAN_POINT('',(170.735449248,533.653988991,16.9932));
#2166=DIRECTION('',(0.874545082,-0.484944223,0.));
#2167=DIRECTION('',(0.484944223,0.874545082,0.));
#2168=AXIS2_PLACEMENT_3D('',#2165,#2166,#2167);
#2169=CYLINDRICAL_SURFACE('',#2168,2.);
#2170=CARTESIAN_POINT('',(187.534603679,526.625588718,16.9932));
#2171=VERTEX_POINT('',#2170);
#2172=CARTESIAN_POINT('',(171.705337695,535.403079155,16.9932));
#2173=VERTEX_POINT('',#2172);
#2174=CARTESIAN_POINT('',(187.534603679,526.625588718,16.9932));
#2175=DIRECTION('',(-0.874545082,0.484944223,-0.));
#2176=VECTOR('',#2175,18.099999999);
#2177=LINE('',#2174,#2176);
#2178=EDGE_CURVE('',#2171,#2173,#2177,.T.);
#2179=ORIENTED_EDGE('',*,*,#2178,.F.);
#2180=CARTESIAN_POINT('',(185.594826787,523.12740839,16.9932));
#2181=VERTEX_POINT('',#2180);
#2182=CARTESIAN_POINT('',(186.564715233,524.876498554,16.9932));
#2183=DIRECTION('',(0.874545082,-0.484944223,0.));
#2184=DIRECTION('',(0.484944223,0.874545082,0.));
#2185=AXIS2_PLACEMENT_3D('',#2182,#2183,#2184);
#2186=CIRCLE('',#2185,2.);
#2187=EDGE_CURVE('',#2171,#2181,#2186,.T.);
#2188=ORIENTED_EDGE('',*,*,#2187,.T.);
#2189=CARTESIAN_POINT('',(186.564715233,524.876498554,16.9932));
#2190=DIRECTION('',(0.874545082,-0.484944223,0.));
#2191=DIRECTION('',(0.484944223,0.874545082,0.));
#2192=AXIS2_PLACEMENT_3D('',#2189,#2190,#2191);
#2193=CIRCLE('',#2192,2.);
#2194=EDGE_CURVE('',#2181,#2171,#2193,.T.);
#2195=ORIENTED_EDGE('',*,*,#2194,.T.);
#2196=ORIENTED_EDGE('',*,*,#2178,.T.);
#2197=CARTESIAN_POINT('',(170.735449248,533.65398899,16.9932));
#2198=DIRECTION('',(0.874545082,-0.484944223,0.));
#2199=DIRECTION('',(0.484944223,0.874545082,0.));
#2200=AXIS2_PLACEMENT_3D('',#2197,#2198,#2199);
#2201=CIRCLE('',#2200,2.);
#2202=EDGE_CURVE('',#2173,#2173,#2201,.T.);
#2203=ORIENTED_EDGE('',*,*,#2202,.F.);
#2204=EDGE_LOOP('',(#2179,#2188,#2195,#2196,#2203));
#2205=FACE_BOUND('',#2204,.T.);
#2206=ADVANCED_FACE('',(#2205),#2169,.F.);
#2207=CARTESIAN_POINT('',(-163.611951246,-69.305817241,13.));
#2208=DIRECTION('',(0.874545082,-0.484944223,0.));
#2209=DIRECTION('',(0.484944223,0.874545082,0.));
#2210=AXIS2_PLACEMENT_3D('',#2207,#2208,#2209);
#2211=PLANE('',#2210);
#2212=ORIENTED_EDGE('',*,*,#2202,.T.);
#2213=EDGE_LOOP('',(#2212));
#2214=FACE_BOUND('',#2213,.T.);
#2215=ADVANCED_FACE('',(#2214),#2211,.T.);
#2216=CARTESIAN_POINT('',(186.564715233,524.876498553,16.9932));
#2217=DIRECTION('',(-0.874545082,0.484944223,0.));
#2218=DIRECTION('',(-0.484944223,-0.874545082,0.));
#2219=AXIS2_PLACEMENT_3D('',#2216,#2217,#2218);
#2220=TOROIDAL_SURFACE('',#2219,3.9,1.9);
#2221=CARTESIAN_POINT('',(184.673432763,521.465772733,16.9932));
#2222=DIRECTION('',(0.,-0.,1.));
#2223=DIRECTION('',(-0.484944223,-0.874545082,0.));
#2224=AXIS2_PLACEMENT_3D('',#2221,#2222,#2223);
#2225=CIRCLE('',#2224,1.9);
#2226=EDGE_CURVE('',#938,#2181,#2225,.T.);
#2227=ORIENTED_EDGE('',*,*,#2226,.T.);
#2228=ORIENTED_EDGE('',*,*,#2187,.F.);
#2229=ORIENTED_EDGE('',*,*,#2194,.F.);
#2230=ORIENTED_EDGE('',*,*,#2226,.F.);
#2231=ORIENTED_EDGE('',*,*,#944,.F.);
#2232=EDGE_LOOP('',(#2227,#2228,#2229,#2230,#2231));
#2233=FACE_BOUND('',#2232,.T.);
#2234=ADVANCED_FACE('',(#2233),#2220,.T.);
#2235=CARTESIAN_POINT('',(170.596706706,566.134671606,16.9932));
#2236=DIRECTION('',(0.874545082,0.484944223,0.));
#2237=DIRECTION('',(-0.484944223,0.874545082,0.));
#2238=AXIS2_PLACEMENT_3D('',#2235,#2236,#2237);
#2239=CYLINDRICAL_SURFACE('',#2238,2.);
#2240=CARTESIAN_POINT('',(185.456084245,576.661252208,16.9932));
#2241=VERTEX_POINT('',#2240);
#2242=CARTESIAN_POINT('',(169.62681826,567.88376177,16.9932));
#2243=VERTEX_POINT('',#2242);
#2244=CARTESIAN_POINT('',(185.456084245,576.661252207,16.9932));
#2245=DIRECTION('',(-0.874545082,-0.484944223,-0.));
#2246=VECTOR('',#2245,18.1);
#2247=LINE('',#2244,#2246);
#2248=EDGE_CURVE('',#2241,#2243,#2247,.T.);
#2249=ORIENTED_EDGE('',*,*,#2248,.F.);
#2250=CARTESIAN_POINT('',(186.425972691,574.912162043,16.9932));
#2251=DIRECTION('',(0.874545082,0.484944223,0.));
#2252=DIRECTION('',(-0.484944223,0.874545082,0.));
#2253=AXIS2_PLACEMENT_3D('',#2250,#2251,#2252);
#2254=CIRCLE('',#2253,2.);
#2255=EDGE_CURVE('',#2241,#2241,#2254,.T.);
#2256=ORIENTED_EDGE('',*,*,#2255,.T.);
#2257=ORIENTED_EDGE('',*,*,#2248,.T.);
#2258=CARTESIAN_POINT('',(170.596706706,566.134671606,16.9932));
#2259=DIRECTION('',(0.874545082,0.484944223,0.));
#2260=DIRECTION('',(-0.484944223,0.874545082,0.));
#2261=AXIS2_PLACEMENT_3D('',#2258,#2259,#2260);
#2262=CIRCLE('',#2261,2.);
#2263=EDGE_CURVE('',#2243,#2243,#2262,.T.);
#2264=ORIENTED_EDGE('',*,*,#2263,.F.);
#2265=EDGE_LOOP('',(#2249,#2256,#2257,#2264));
#2266=FACE_BOUND('',#2265,.T.);
#2267=ADVANCED_FACE('',(#2266),#2239,.F.);
#2268=CARTESIAN_POINT('',(386.131986145,177.439828654,13.));
#2269=DIRECTION('',(0.874545082,0.484944223,0.));
#2270=DIRECTION('',(-0.484944223,0.874545082,0.));
#2271=AXIS2_PLACEMENT_3D('',#2268,#2269,#2270);
#2272=PLANE('',#2271);
#2273=ORIENTED_EDGE('',*,*,#2263,.T.);
#2274=EDGE_LOOP('',(#2273));
#2275=FACE_BOUND('',#2274,.T.);
#2276=ADVANCED_FACE('',(#2275),#2272,.T.);
#2277=CARTESIAN_POINT('',(186.425972691,574.912162044,16.9932));
#2278=DIRECTION('',(0.874545082,0.484944223,0.));
#2279=DIRECTION('',(-0.484944223,0.874545082,0.));
#2280=AXIS2_PLACEMENT_3D('',#2277,#2278,#2279);
#2281=TOROIDAL_SURFACE('',#2280,3.9,1.9);
#2282=CARTESIAN_POINT('',(184.534690221,578.322887864,16.9932));
#2283=DIRECTION('',(-0.,-0.,1.));
#2284=DIRECTION('',(-0.484944223,0.874545082,0.));
#2285=AXIS2_PLACEMENT_3D('',#2282,#2283,#2284);
#2286=CIRCLE('',#2285,1.9);
#2287=EDGE_CURVE('',#2241,#763,#2286,.T.);
#2288=ORIENTED_EDGE('',*,*,#2287,.T.);
#2289=ORIENTED_EDGE('',*,*,#769,.F.);
#2290=ORIENTED_EDGE('',*,*,#2287,.F.);
#2291=ORIENTED_EDGE('',*,*,#2255,.F.);
#2292=EDGE_LOOP('',(#2288,#2289,#2290,#2291));
#2293=FACE_BOUND('',#2292,.T.);
#2294=ADVANCED_FACE('',(#2293),#2281,.T.);
#2295=CARTESIAN_POINT('',(-111.229684306,498.890775087,27.));
#2296=DIRECTION('',(-1.,-0.,0.));
#2297=DIRECTION('',(0.,0.,1.));
#2298=AXIS2_PLACEMENT_3D('',#2295,#2296,#2297);
#2299=CYLINDRICAL_SURFACE('',#2298,1.);
#2300=ORIENTED_EDGE('',*,*,#1019,.F.);
#2301=CARTESIAN_POINT('',(115.041854093,498.890775087,27.));
#2302=DIRECTION('',(1.,0.,0.));
#2303=DIRECTION('',(0.,0.,-1.));
#2304=AXIS2_PLACEMENT_3D('',#2301,#2302,#2303);
#2305=CIRCLE('',#2304,1.);
#2306=EDGE_CURVE('',#1006,#734,#2305,.T.);
#2307=ORIENTED_EDGE('',*,*,#2306,.T.);
#2308=ORIENTED_EDGE('',*,*,#739,.F.);
#2309=CARTESIAN_POINT('',(128.613212725,498.890775087,27.));
#2310=DIRECTION('',(1.,0.,0.));
#2311=DIRECTION('',(0.,0.,-1.));
#2312=AXIS2_PLACEMENT_3D('',#2309,#2310,#2311);
#2313=CIRCLE('',#2312,1.);
#2314=EDGE_CURVE('',#1014,#732,#2313,.T.);
#2315=ORIENTED_EDGE('',*,*,#2314,.F.);
#2316=EDGE_LOOP('',(#2300,#2307,#2308,#2315));
#2317=FACE_BOUND('',#2316,.T.);
#2318=ADVANCED_FACE('',(#2317),#2299,.T.);
#2319=CARTESIAN_POINT('',(128.613212725,498.890775087,27.));
#2320=DIRECTION('',(-0.,1.,0.));
#2321=DIRECTION('',(0.,0.,1.));
#2322=AXIS2_PLACEMENT_3D('',#2319,#2320,#2321);
#2323=SPHERICAL_SURFACE('',#2322,1.);
#2324=ORIENTED_EDGE('',*,*,#1759,.F.);
#2325=ORIENTED_EDGE('',*,*,#2314,.T.);
#2326=CARTESIAN_POINT('',(128.613212725,498.890775087,27.));
#2327=DIRECTION('',(0.,0.,-1.));
#2328=DIRECTION('',(1.,0.,0.));
#2329=AXIS2_PLACEMENT_3D('',#2326,#2327,#2328);
#2330=CIRCLE('',#2329,1.);
#2331=EDGE_CURVE('',#543,#732,#2330,.T.);
#2332=ORIENTED_EDGE('',*,*,#2331,.F.);
#2333=EDGE_LOOP('',(#2324,#2325,#2332));
#2334=FACE_BOUND('',#2333,.T.);
#2335=ADVANCED_FACE('',(#2334),#2323,.T.);
#2336=CARTESIAN_POINT('',(128.613212725,498.890775087,39.));
#2337=DIRECTION('',(-0.,0.,-1.));
#2338=DIRECTION('',(-1.,-0.,0.));
#2339=AXIS2_PLACEMENT_3D('',#2336,#2337,#2338);
#2340=CYLINDRICAL_SURFACE('',#2339,1.);
#2341=ORIENTED_EDGE('',*,*,#2331,.T.);
#2342=ORIENTED_EDGE('',*,*,#752,.F.);
#2343=ORIENTED_EDGE('',*,*,#306,.F.);
#2344=ORIENTED_EDGE('',*,*,#554,.F.);
#2345=EDGE_LOOP('',(#2341,#2342,#2343,#2344));
#2346=FACE_BOUND('',#2345,.T.);
#2347=ADVANCED_FACE('',(#2346),#2340,.T.);
#2348=CARTESIAN_POINT('',(315.123506097,138.064897736,27.));
#2349=DIRECTION('',(-0.484944223,0.874545082,0.));
#2350=DIRECTION('',(-0.874545082,-0.484944223,0.));
#2351=AXIS2_PLACEMENT_3D('',#2348,#2349,#2350);
#2352=CYLINDRICAL_SURFACE('',#2351,1.);
#2353=ORIENTED_EDGE('',*,*,#1011,.F.);
#2354=CARTESIAN_POINT('',(86.829230598,549.769226641,27.));
#2355=DIRECTION('',(0.484944223,-0.874545082,-0.));
#2356=DIRECTION('',(-0.874545082,-0.484944223,0.));
#2357=AXIS2_PLACEMENT_3D('',#2354,#2355,#2356);
#2358=CIRCLE('',#2357,1.);
#2359=EDGE_CURVE('',#998,#878,#2358,.T.);
#2360=ORIENTED_EDGE('',*,*,#2359,.T.);
#2361=ORIENTED_EDGE('',*,*,#883,.F.);
#2362=CARTESIAN_POINT('',(115.041854093,498.890775087,27.));
#2363=DIRECTION('',(0.484944223,-0.874545082,-0.));
#2364=DIRECTION('',(-0.874545082,-0.484944223,-0.));
#2365=AXIS2_PLACEMENT_3D('',#2362,#2363,#2364);
#2366=CIRCLE('',#2365,1.);
#2367=EDGE_CURVE('',#1006,#876,#2366,.T.);
#2368=ORIENTED_EDGE('',*,*,#2367,.F.);
#2369=EDGE_LOOP('',(#2353,#2360,#2361,#2368));
#2370=FACE_BOUND('',#2369,.T.);
#2371=ADVANCED_FACE('',(#2370),#2352,.T.);
#2372=CARTESIAN_POINT('',(115.041854093,498.890775087,27.));
#2373=DIRECTION('',(0.874545082,0.484944223,0.));
#2374=DIRECTION('',(-0.484944223,0.874545082,0.));
#2375=AXIS2_PLACEMENT_3D('',#2372,#2373,#2374);
#2376=SPHERICAL_SURFACE('',#2375,1.);
#2377=ORIENTED_EDGE('',*,*,#2306,.F.);
#2378=ORIENTED_EDGE('',*,*,#2367,.T.);
#2379=CARTESIAN_POINT('',(115.041854093,498.890775087,27.));
#2380=DIRECTION('',(0.,0.,-1.));
#2381=DIRECTION('',(1.,0.,0.));
#2382=AXIS2_PLACEMENT_3D('',#2379,#2380,#2381);
#2383=CIRCLE('',#2382,1.);
#2384=EDGE_CURVE('',#734,#876,#2383,.T.);
#2385=ORIENTED_EDGE('',*,*,#2384,.F.);
#2386=EDGE_LOOP('',(#2377,#2378,#2385));
#2387=FACE_BOUND('',#2386,.T.);
#2388=ADVANCED_FACE('',(#2387),#2376,.T.);
#2389=CARTESIAN_POINT('',(115.041854093,498.890775087,26.4));
#2390=DIRECTION('',(-0.,0.,-1.));
#2391=DIRECTION('',(-1.,-0.,0.));
#2392=AXIS2_PLACEMENT_3D('',#2389,#2390,#2391);
#2393=CYLINDRICAL_SURFACE('',#2392,1.);
#2394=ORIENTED_EDGE('',*,*,#2384,.T.);
#2395=ORIENTED_EDGE('',*,*,#896,.F.);
#2396=ORIENTED_EDGE('',*,*,#323,.F.);
#2397=ORIENTED_EDGE('',*,*,#745,.F.);
#2398=EDGE_LOOP('',(#2394,#2395,#2396,#2397));
#2399=FACE_BOUND('',#2398,.T.);
#2400=ADVANCED_FACE('',(#2399),#2393,.T.);
#2401=CARTESIAN_POINT('',(-234.620431293,-29.930886323,27.));
#2402=DIRECTION('',(0.484944223,0.874545082,0.));
#2403=DIRECTION('',(-0.874545082,0.484944223,0.));
#2404=AXIS2_PLACEMENT_3D('',#2401,#2402,#2403);
#2405=CYLINDRICAL_SURFACE('',#2404,1.);
#2406=ORIENTED_EDGE('',*,*,#1003,.F.);
#2407=CARTESIAN_POINT('',(115.041854049,600.647678187,27.));
#2408=DIRECTION('',(-0.484944223,-0.874545082,-0.));
#2409=DIRECTION('',(-0.874545082,0.484944223,0.));
#2410=AXIS2_PLACEMENT_3D('',#2407,#2408,#2409);
#2411=CIRCLE('',#2410,1.);
#2412=EDGE_CURVE('',#990,#807,#2411,.T.);
#2413=ORIENTED_EDGE('',*,*,#2412,.T.);
#2414=ORIENTED_EDGE('',*,*,#812,.F.);
#2415=CARTESIAN_POINT('',(86.829230569,549.769226625,27.));
#2416=DIRECTION('',(-0.484944223,-0.874545082,-0.));
#2417=DIRECTION('',(-0.874545082,0.484944223,0.));
#2418=AXIS2_PLACEMENT_3D('',#2415,#2416,#2417);
#2419=CIRCLE('',#2418,1.);
#2420=EDGE_CURVE('',#998,#805,#2419,.T.);
#2421=ORIENTED_EDGE('',*,*,#2420,.F.);
#2422=EDGE_LOOP('',(#2406,#2413,#2414,#2421));
#2423=FACE_BOUND('',#2422,.T.);
#2424=ADVANCED_FACE('',(#2423),#2405,.T.);
#2425=CARTESIAN_POINT('',(86.829230569,549.769226625,27.));
#2426=DIRECTION('',(0.874545082,-0.484944223,0.));
#2427=DIRECTION('',(0.484944223,0.874545082,0.));
#2428=AXIS2_PLACEMENT_3D('',#2425,#2426,#2427);
#2429=SPHERICAL_SURFACE('',#2428,1.);
#2430=ORIENTED_EDGE('',*,*,#2359,.F.);
#2431=ORIENTED_EDGE('',*,*,#2420,.T.);
#2432=CARTESIAN_POINT('',(85.829230569,549.769226625,27.));
#2433=VERTEX_POINT('',#2432);
#2434=CARTESIAN_POINT('',(86.829230569,549.769226625,27.));
#2435=DIRECTION('',(0.,0.,-1.));
#2436=DIRECTION('',(1.,0.,0.));
#2437=AXIS2_PLACEMENT_3D('',#2434,#2435,#2436);
#2438=CIRCLE('',#2437,1.);
#2439=EDGE_CURVE('',#2433,#805,#2438,.T.);
#2440=ORIENTED_EDGE('',*,*,#2439,.F.);
#2441=CARTESIAN_POINT('',(86.829230569,549.769226625,27.));
#2442=DIRECTION('',(0.,0.,-1.));
#2443=DIRECTION('',(1.,0.,0.));
#2444=AXIS2_PLACEMENT_3D('',#2441,#2442,#2443);
#2445=CIRCLE('',#2444,1.);
#2446=EDGE_CURVE('',#878,#2433,#2445,.T.);
#2447=ORIENTED_EDGE('',*,*,#2446,.F.);
#2448=EDGE_LOOP('',(#2430,#2431,#2440,#2447));
#2449=FACE_BOUND('',#2448,.T.);
#2450=ADVANCED_FACE('',(#2449),#2429,.T.);
#2451=CARTESIAN_POINT('',(86.829230569,549.769226625,26.4));
#2452=DIRECTION('',(-0.,0.,-1.));
#2453=DIRECTION('',(-1.,-0.,0.));
#2454=AXIS2_PLACEMENT_3D('',#2451,#2452,#2453);
#2455=CYLINDRICAL_SURFACE('',#2454,1.);
#2456=CARTESIAN_POINT('',(85.829230569,549.769226625,13.));
#2457=DIRECTION('',(-0.,-0.,1.));
#2458=VECTOR('',#2457,14.);
#2459=LINE('',#2456,#2458);
#2460=EDGE_CURVE('',#334,#2433,#2459,.T.);
#2461=ORIENTED_EDGE('',*,*,#2460,.T.);
#2462=ORIENTED_EDGE('',*,*,#2439,.T.);
#2463=ORIENTED_EDGE('',*,*,#825,.F.);
#2464=ORIENTED_EDGE('',*,*,#349,.F.);
#2465=EDGE_LOOP('',(#2461,#2462,#2463,#2464));
#2466=FACE_BOUND('',#2465,.T.);
#2467=ADVANCED_FACE('',(#2466),#2455,.T.);
#2468=CARTESIAN_POINT('',(135.363212725,600.647678163,26.4));
#2469=DIRECTION('',(-0.,0.,-1.));
#2470=DIRECTION('',(-1.,-0.,0.));
#2471=AXIS2_PLACEMENT_3D('',#2468,#2469,#2470);
#2472=CYLINDRICAL_SURFACE('',#2471,1.);
#2473=ORIENTED_EDGE('',*,*,#1282,.F.);
#2474=CARTESIAN_POINT('',(135.363212725,600.647678163,20.4));
#2475=DIRECTION('',(-0.707106781,-0.,0.707106781));
#2476=DIRECTION('',(0.707106781,0.,0.707106781));
#2477=AXIS2_PLACEMENT_3D('',#2474,#2475,#2476);
#2478=ELLIPSE('',#2477,1.414213562,1.);
#2479=EDGE_CURVE('',#1215,#668,#2478,.T.);
#2480=ORIENTED_EDGE('',*,*,#2479,.T.);
#2481=ORIENTED_EDGE('',*,*,#721,.F.);
#2482=CARTESIAN_POINT('',(135.363212725,600.647678163,25.));
#2483=DIRECTION('',(0.,0.,1.));
#2484=DIRECTION('',(-1.,-0.,0.));
#2485=AXIS2_PLACEMENT_3D('',#2482,#2483,#2484);
#2486=CIRCLE('',#2485,1.);
#2487=EDGE_CURVE('',#1277,#709,#2486,.T.);
#2488=ORIENTED_EDGE('',*,*,#2487,.F.);
#2489=EDGE_LOOP('',(#2473,#2480,#2481,#2488));
#2490=FACE_BOUND('',#2489,.T.);
#2491=ADVANCED_FACE('',(#2490),#2472,.T.);
#2492=CARTESIAN_POINT('',(133.363212725,600.647678163,25.));
#2493=DIRECTION('',(-0.,1.,0.));
#2494=DIRECTION('',(0.,0.,1.));
#2495=AXIS2_PLACEMENT_3D('',#2492,#2493,#2494);
#2496=TOROIDAL_SURFACE('',#2495,2.,1.);
#2497=ORIENTED_EDGE('',*,*,#2487,.T.);
#2498=ORIENTED_EDGE('',*,*,#715,.F.);
#2499=CARTESIAN_POINT('',(133.363212725,600.647678163,27.));
#2500=DIRECTION('',(-1.,-0.,0.));
#2501=DIRECTION('',(0.,0.,1.));
#2502=AXIS2_PLACEMENT_3D('',#2499,#2500,#2501);
#2503=CIRCLE('',#2502,1.);
#2504=EDGE_CURVE('',#982,#701,#2503,.T.);
#2505=ORIENTED_EDGE('',*,*,#2504,.F.);
#2506=ORIENTED_EDGE('',*,*,#1312,.F.);
#2507=EDGE_LOOP('',(#2497,#2498,#2505,#2506));
#2508=FACE_BOUND('',#2507,.T.);
#2509=ADVANCED_FACE('',(#2508),#2496,.T.);
#2510=CARTESIAN_POINT('',(144.113162725,600.647678163,27.));
#2511=DIRECTION('',(1.,0.,0.));
#2512=DIRECTION('',(0.,0.,-1.));
#2513=AXIS2_PLACEMENT_3D('',#2510,#2511,#2512);
#2514=CYLINDRICAL_SURFACE('',#2513,1.);
#2515=CARTESIAN_POINT('',(115.041854093,600.647678163,27.));
#2516=DIRECTION('',(-1.,-0.,-0.));
#2517=DIRECTION('',(0.,0.,-1.));
#2518=AXIS2_PLACEMENT_3D('',#2515,#2516,#2517);
#2519=CIRCLE('',#2518,1.);
#2520=EDGE_CURVE('',#990,#693,#2519,.T.);
#2521=ORIENTED_EDGE('',*,*,#2520,.F.);
#2522=ORIENTED_EDGE('',*,*,#995,.F.);
#2523=ORIENTED_EDGE('',*,*,#2504,.T.);
#2524=ORIENTED_EDGE('',*,*,#706,.F.);
#2525=EDGE_LOOP('',(#2521,#2522,#2523,#2524));
#2526=FACE_BOUND('',#2525,.T.);
#2527=ADVANCED_FACE('',(#2526),#2514,.T.);
#2528=CARTESIAN_POINT('',(115.041854093,600.647678163,27.));
#2529=DIRECTION('',(-0.,1.,0.));
#2530=DIRECTION('',(0.,0.,1.));
#2531=AXIS2_PLACEMENT_3D('',#2528,#2529,#2530);
#2532=SPHERICAL_SURFACE('',#2531,1.);
#2533=ORIENTED_EDGE('',*,*,#2412,.F.);
#2534=ORIENTED_EDGE('',*,*,#2520,.T.);
#2535=CARTESIAN_POINT('',(115.041854093,600.647678163,27.));
#2536=DIRECTION('',(-0.,-0.,-1.));
#2537=DIRECTION('',(-1.,-0.,0.));
#2538=AXIS2_PLACEMENT_3D('',#2535,#2536,#2537);
#2539=CIRCLE('',#2538,1.);
#2540=EDGE_CURVE('',#807,#693,#2539,.T.);
#2541=ORIENTED_EDGE('',*,*,#2540,.F.);
#2542=EDGE_LOOP('',(#2533,#2534,#2541));
#2543=FACE_BOUND('',#2542,.T.);
#2544=ADVANCED_FACE('',(#2543),#2532,.T.);
#2545=CARTESIAN_POINT('',(115.041854093,600.647678163,26.4));
#2546=DIRECTION('',(0.,-0.,1.));
#2547=DIRECTION('',(1.,0.,0.));
#2548=AXIS2_PLACEMENT_3D('',#2545,#2546,#2547);
#2549=CYLINDRICAL_SURFACE('',#2548,1.);
#2550=ORIENTED_EDGE('',*,*,#2540,.T.);
#2551=ORIENTED_EDGE('',*,*,#698,.F.);
#2552=ORIENTED_EDGE('',*,*,#366,.F.);
#2553=ORIENTED_EDGE('',*,*,#818,.F.);
#2554=EDGE_LOOP('',(#2550,#2551,#2552,#2553));
#2555=FACE_BOUND('',#2554,.T.);
#2556=ADVANCED_FACE('',(#2555),#2549,.T.);
#2557=CARTESIAN_POINT('',(152.863212725,600.647678163,26.4));
#2558=DIRECTION('',(0.,-0.,1.));
#2559=DIRECTION('',(1.,0.,0.));
#2560=AXIS2_PLACEMENT_3D('',#2557,#2558,#2559);
#2561=CYLINDRICAL_SURFACE('',#2560,1.);
#2562=ORIENTED_EDGE('',*,*,#158,.F.);
#2563=CARTESIAN_POINT('',(152.863212725,600.647678163,20.4));
#2564=DIRECTION('',(0.707106781,0.,0.707106781));
#2565=DIRECTION('',(0.707106781,0.,-0.707106781));
#2566=AXIS2_PLACEMENT_3D('',#2563,#2564,#2565);
#2567=ELLIPSE('',#2566,1.414213562,1.);
#2568=EDGE_CURVE('',#145,#1205,#2567,.T.);
#2569=ORIENTED_EDGE('',*,*,#2568,.T.);
#2570=ORIENTED_EDGE('',*,*,#1258,.F.);
#2571=CARTESIAN_POINT('',(152.863212725,600.647678163,25.));
#2572=DIRECTION('',(-0.,-0.,1.));
#2573=DIRECTION('',(1.,0.,0.));
#2574=AXIS2_PLACEMENT_3D('',#2571,#2572,#2573);
#2575=CIRCLE('',#2574,1.);
#2576=EDGE_CURVE('',#153,#1247,#2575,.T.);
#2577=ORIENTED_EDGE('',*,*,#2576,.F.);
#2578=EDGE_LOOP('',(#2562,#2569,#2570,#2577));
#2579=FACE_BOUND('',#2578,.T.);
#2580=ADVANCED_FACE('',(#2579),#2561,.T.);
#2581=CARTESIAN_POINT('',(154.863212725,600.647678163,25.));
#2582=DIRECTION('',(-0.,1.,0.));
#2583=DIRECTION('',(0.,0.,1.));
#2584=AXIS2_PLACEMENT_3D('',#2581,#2582,#2583);
#2585=TOROIDAL_SURFACE('',#2584,2.,1.);
#2586=ORIENTED_EDGE('',*,*,#2576,.T.);
#2587=ORIENTED_EDGE('',*,*,#1336,.F.);
#2588=CARTESIAN_POINT('',(154.863212725,600.647678163,27.));
#2589=DIRECTION('',(1.,0.,-0.));
#2590=DIRECTION('',(0.,0.,1.));
#2591=AXIS2_PLACEMENT_3D('',#2588,#2589,#2590);
#2592=CIRCLE('',#2591,1.);
#2593=EDGE_CURVE('',#161,#606,#2592,.T.);
#2594=ORIENTED_EDGE('',*,*,#2593,.F.);
#2595=ORIENTED_EDGE('',*,*,#167,.F.);
#2596=EDGE_LOOP('',(#2586,#2587,#2594,#2595));
#2597=FACE_BOUND('',#2596,.T.);
#2598=ADVANCED_FACE('',(#2597),#2585,.T.);
#2599=CARTESIAN_POINT('',(144.113162725,600.647678163,27.));
#2600=DIRECTION('',(1.,0.,0.));
#2601=DIRECTION('',(0.,0.,-1.));
#2602=AXIS2_PLACEMENT_3D('',#2599,#2600,#2601);
#2603=CYLINDRICAL_SURFACE('',#2602,1.);
#2604=ORIENTED_EDGE('',*,*,#611,.F.);
#2605=CARTESIAN_POINT('',(173.184471357,600.647678163,27.));
#2606=DIRECTION('',(-1.,-0.,0.));
#2607=DIRECTION('',(0.,0.,1.));
#2608=AXIS2_PLACEMENT_3D('',#2605,#2606,#2607);
#2609=CIRCLE('',#2608,1.);
#2610=EDGE_CURVE('',#598,#170,#2609,.T.);
#2611=ORIENTED_EDGE('',*,*,#2610,.T.);
#2612=ORIENTED_EDGE('',*,*,#175,.F.);
#2613=ORIENTED_EDGE('',*,*,#2593,.T.);
#2614=EDGE_LOOP('',(#2604,#2611,#2612,#2613));
#2615=FACE_BOUND('',#2614,.T.);
#2616=ADVANCED_FACE('',(#2615),#2603,.T.);
#2617=CARTESIAN_POINT('',(187.282434536,575.223508171,27.));
#2618=DIRECTION('',(0.484944223,-0.874545082,0.));
#2619=DIRECTION('',(0.874545082,0.484944223,0.));
#2620=AXIS2_PLACEMENT_3D('',#2617,#2618,#2619);
#2621=CYLINDRICAL_SURFACE('',#2620,1.);
#2622=ORIENTED_EDGE('',*,*,#603,.F.);
#2623=CARTESIAN_POINT('',(201.397094878,549.769226624,27.));
#2624=DIRECTION('',(-0.484944223,0.874545082,-0.));
#2625=DIRECTION('',(0.874545082,0.484944223,0.));
#2626=AXIS2_PLACEMENT_3D('',#2623,#2624,#2625);
#2627=CIRCLE('',#2626,1.);
#2628=EDGE_CURVE('',#590,#776,#2627,.T.);
#2629=ORIENTED_EDGE('',*,*,#2628,.T.);
#2630=ORIENTED_EDGE('',*,*,#781,.F.);
#2631=CARTESIAN_POINT('',(173.184471357,600.647678163,27.));
#2632=DIRECTION('',(-0.484944223,0.874545082,0.));
#2633=DIRECTION('',(-0.874545082,-0.484944223,-0.));
#2634=AXIS2_PLACEMENT_3D('',#2631,#2632,#2633);
#2635=CIRCLE('',#2634,1.);
#2636=EDGE_CURVE('',#598,#774,#2635,.T.);
#2637=ORIENTED_EDGE('',*,*,#2636,.F.);
#2638=EDGE_LOOP('',(#2622,#2629,#2630,#2637));
#2639=FACE_BOUND('',#2638,.T.);
#2640=ADVANCED_FACE('',(#2639),#2621,.T.);
#2641=CARTESIAN_POINT('',(173.184471357,600.647678163,27.));
#2642=DIRECTION('',(0.874545082,0.484944223,0.));
#2643=DIRECTION('',(-0.484944223,0.874545082,0.));
#2644=AXIS2_PLACEMENT_3D('',#2641,#2642,#2643);
#2645=SPHERICAL_SURFACE('',#2644,1.);
#2646=ORIENTED_EDGE('',*,*,#2610,.F.);
#2647=ORIENTED_EDGE('',*,*,#2636,.T.);
#2648=CARTESIAN_POINT('',(173.184471357,600.647678163,27.));
#2649=DIRECTION('',(0.,0.,-1.));
#2650=DIRECTION('',(1.,0.,0.));
#2651=AXIS2_PLACEMENT_3D('',#2648,#2649,#2650);
#2652=CIRCLE('',#2651,1.);
#2653=EDGE_CURVE('',#170,#774,#2652,.T.);
#2654=ORIENTED_EDGE('',*,*,#2653,.F.);
#2655=EDGE_LOOP('',(#2646,#2647,#2654));
#2656=FACE_BOUND('',#2655,.T.);
#2657=ADVANCED_FACE('',(#2656),#2645,.T.);
#2658=CARTESIAN_POINT('',(173.184471357,600.647678163,26.4));
#2659=DIRECTION('',(-0.,0.,-1.));
#2660=DIRECTION('',(-1.,-0.,0.));
#2661=AXIS2_PLACEMENT_3D('',#2658,#2659,#2660);
#2662=CYLINDRICAL_SURFACE('',#2661,1.);
#2663=ORIENTED_EDGE('',*,*,#2653,.T.);
#2664=ORIENTED_EDGE('',*,*,#794,.F.);
#2665=ORIENTED_EDGE('',*,*,#400,.F.);
#2666=ORIENTED_EDGE('',*,*,#181,.F.);
#2667=EDGE_LOOP('',(#2663,#2664,#2665,#2666));
#2668=FACE_BOUND('',#2667,.T.);
#2669=ADVANCED_FACE('',(#2668),#2662,.T.);
#2670=CARTESIAN_POINT('',(-146.995594687,-78.51975748,27.));
#2671=DIRECTION('',(-0.484944223,-0.874545082,0.));
#2672=DIRECTION('',(0.874545082,-0.484944223,0.));
#2673=AXIS2_PLACEMENT_3D('',#2670,#2671,#2672);
#2674=CYLINDRICAL_SURFACE('',#2673,1.);
#2675=ORIENTED_EDGE('',*,*,#595,.F.);
#2676=CARTESIAN_POINT('',(173.184471317,498.890775109,27.));
#2677=DIRECTION('',(0.484944223,0.874545082,-0.));
#2678=DIRECTION('',(0.874545082,-0.484944223,0.));
#2679=AXIS2_PLACEMENT_3D('',#2676,#2677,#2678);
#2680=CIRCLE('',#2679,1.);
#2681=EDGE_CURVE('',#582,#951,#2680,.T.);
#2682=ORIENTED_EDGE('',*,*,#2681,.T.);
#2683=ORIENTED_EDGE('',*,*,#956,.F.);
#2684=CARTESIAN_POINT('',(201.39709488,549.769226625,27.));
#2685=DIRECTION('',(0.484944223,0.874545082,-0.));
#2686=DIRECTION('',(0.874545082,-0.484944223,0.));
#2687=AXIS2_PLACEMENT_3D('',#2684,#2685,#2686);
#2688=CIRCLE('',#2687,1.);
#2689=EDGE_CURVE('',#590,#949,#2688,.T.);
#2690=ORIENTED_EDGE('',*,*,#2689,.F.);
#2691=EDGE_LOOP('',(#2675,#2682,#2683,#2690));
#2692=FACE_BOUND('',#2691,.T.);
#2693=ADVANCED_FACE('',(#2692),#2674,.T.);
#2694=CARTESIAN_POINT('',(201.39709488,549.769226625,27.));
#2695=DIRECTION('',(-0.874545082,0.484944223,0.));
#2696=DIRECTION('',(-0.484944223,-0.874545082,0.));
#2697=AXIS2_PLACEMENT_3D('',#2694,#2695,#2696);
#2698=SPHERICAL_SURFACE('',#2697,1.);
#2699=ORIENTED_EDGE('',*,*,#2628,.F.);
#2700=ORIENTED_EDGE('',*,*,#2689,.T.);
#2701=CARTESIAN_POINT('',(202.39709488,549.769226625,27.));
#2702=VERTEX_POINT('',#2701);
#2703=CARTESIAN_POINT('',(201.39709488,549.769226625,27.));
#2704=DIRECTION('',(-0.,-0.,-1.));
#2705=DIRECTION('',(-1.,-0.,0.));
#2706=AXIS2_PLACEMENT_3D('',#2703,#2704,#2705);
#2707=CIRCLE('',#2706,1.);
#2708=EDGE_CURVE('',#2702,#949,#2707,.T.);
#2709=ORIENTED_EDGE('',*,*,#2708,.F.);
#2710=CARTESIAN_POINT('',(201.39709488,549.769226625,27.));
#2711=DIRECTION('',(-0.,-0.,-1.));
#2712=DIRECTION('',(-1.,-0.,0.));
#2713=AXIS2_PLACEMENT_3D('',#2710,#2711,#2712);
#2714=CIRCLE('',#2713,1.);
#2715=EDGE_CURVE('',#776,#2702,#2714,.T.);
#2716=ORIENTED_EDGE('',*,*,#2715,.F.);
#2717=EDGE_LOOP('',(#2699,#2700,#2709,#2716));
#2718=FACE_BOUND('',#2717,.T.);
#2719=ADVANCED_FACE('',(#2718),#2698,.T.);
#2720=CARTESIAN_POINT('',(201.39709488,549.769226625,26.4));
#2721=DIRECTION('',(0.,-0.,1.));
#2722=DIRECTION('',(1.,0.,0.));
#2723=AXIS2_PLACEMENT_3D('',#2720,#2721,#2722);
#2724=CYLINDRICAL_SURFACE('',#2723,1.);
#2725=CARTESIAN_POINT('',(202.39709488,549.769226625,27.));
#2726=DIRECTION('',(-0.,-0.,-1.));
#2727=VECTOR('',#2726,14.);
#2728=LINE('',#2725,#2727);
#2729=EDGE_CURVE('',#2702,#411,#2728,.T.);
#2730=ORIENTED_EDGE('',*,*,#2729,.T.);
#2731=ORIENTED_EDGE('',*,*,#417,.F.);
#2732=ORIENTED_EDGE('',*,*,#787,.F.);
#2733=ORIENTED_EDGE('',*,*,#2715,.T.);
#2734=EDGE_LOOP('',(#2730,#2731,#2732,#2733));
#2735=FACE_BOUND('',#2734,.T.);
#2736=ADVANCED_FACE('',(#2735),#2724,.T.);
#2737=CARTESIAN_POINT('',(173.184471357,498.890775087,26.4));
#2738=DIRECTION('',(-0.,0.,-1.));
#2739=DIRECTION('',(-1.,-0.,0.));
#2740=AXIS2_PLACEMENT_3D('',#2737,#2738,#2739);
#2741=CYLINDRICAL_SURFACE('',#2740,1.);
#2742=ORIENTED_EDGE('',*,*,#443,.F.);
#2743=ORIENTED_EDGE('',*,*,#962,.F.);
#2744=CARTESIAN_POINT('',(173.184471357,498.890775087,27.));
#2745=DIRECTION('',(0.,0.,1.));
#2746=DIRECTION('',(-1.,-0.,0.));
#2747=AXIS2_PLACEMENT_3D('',#2744,#2745,#2746);
#2748=CIRCLE('',#2747,1.);
#2749=EDGE_CURVE('',#907,#951,#2748,.T.);
#2750=ORIENTED_EDGE('',*,*,#2749,.F.);
#2751=ORIENTED_EDGE('',*,*,#927,.F.);
#2752=EDGE_LOOP('',(#2742,#2743,#2750,#2751));
#2753=FACE_BOUND('',#2752,.T.);
#2754=ADVANCED_FACE('',(#2753),#2741,.T.);
#2755=CARTESIAN_POINT('',(173.184471357,498.890775087,27.));
#2756=DIRECTION('',(-0.,1.,0.));
#2757=DIRECTION('',(0.,0.,1.));
#2758=AXIS2_PLACEMENT_3D('',#2755,#2756,#2757);
#2759=SPHERICAL_SURFACE('',#2758,1.);
#2760=ORIENTED_EDGE('',*,*,#2749,.T.);
#2761=ORIENTED_EDGE('',*,*,#2681,.F.);
#2762=CARTESIAN_POINT('',(173.184471357,498.890775087,27.));
#2763=DIRECTION('',(-1.,-0.,-0.));
#2764=DIRECTION('',(0.,0.,-1.));
#2765=AXIS2_PLACEMENT_3D('',#2762,#2763,#2764);
#2766=CIRCLE('',#2765,1.);
#2767=EDGE_CURVE('',#907,#582,#2766,.T.);
#2768=ORIENTED_EDGE('',*,*,#2767,.F.);
#2769=EDGE_LOOP('',(#2760,#2761,#2768));
#2770=FACE_BOUND('',#2769,.T.);
#2771=ADVANCED_FACE('',(#2770),#2759,.T.);
#2772=CARTESIAN_POINT('',(-111.229684306,498.890775087,27.));
#2773=DIRECTION('',(-1.,-0.,0.));
#2774=DIRECTION('',(0.,0.,1.));
#2775=AXIS2_PLACEMENT_3D('',#2772,#2773,#2774);
#2776=CYLINDRICAL_SURFACE('',#2775,1.);
#2777=ORIENTED_EDGE('',*,*,#2767,.T.);
#2778=ORIENTED_EDGE('',*,*,#587,.F.);
#2779=CARTESIAN_POINT('',(159.613212725,498.890775087,27.));
#2780=DIRECTION('',(-1.,-0.,-0.));
#2781=DIRECTION('',(0.,0.,-1.));
#2782=AXIS2_PLACEMENT_3D('',#2779,#2780,#2781);
#2783=CIRCLE('',#2782,1.);
#2784=EDGE_CURVE('',#909,#574,#2783,.T.);
#2785=ORIENTED_EDGE('',*,*,#2784,.F.);
#2786=ORIENTED_EDGE('',*,*,#914,.F.);
#2787=EDGE_LOOP('',(#2777,#2778,#2785,#2786));
#2788=FACE_BOUND('',#2787,.T.);
#2789=ADVANCED_FACE('',(#2788),#2776,.T.);
#2790=CARTESIAN_POINT('',(159.613212725,498.890775087,27.));
#2791=DIRECTION('',(-0.,1.,0.));
#2792=DIRECTION('',(0.,0.,1.));
#2793=AXIS2_PLACEMENT_3D('',#2790,#2791,#2792);
#2794=SPHERICAL_SURFACE('',#2793,1.);
#2795=ORIENTED_EDGE('',*,*,#2784,.T.);
#2796=ORIENTED_EDGE('',*,*,#1706,.F.);
#2797=CARTESIAN_POINT('',(159.613212725,498.890775087,27.));
#2798=DIRECTION('',(0.,0.,-1.));
#2799=DIRECTION('',(1.,0.,0.));
#2800=AXIS2_PLACEMENT_3D('',#2797,#2798,#2799);
#2801=CIRCLE('',#2800,1.);
#2802=EDGE_CURVE('',#909,#1077,#2801,.T.);
#2803=ORIENTED_EDGE('',*,*,#2802,.F.);
#2804=EDGE_LOOP('',(#2795,#2796,#2803));
#2805=FACE_BOUND('',#2804,.T.);
#2806=ADVANCED_FACE('',(#2805),#2794,.T.);
#2807=CARTESIAN_POINT('',(159.613212725,498.890775087,26.4));
#2808=DIRECTION('',(-0.,0.,-1.));
#2809=DIRECTION('',(-1.,-0.,0.));
#2810=AXIS2_PLACEMENT_3D('',#2807,#2808,#2809);
#2811=CYLINDRICAL_SURFACE('',#2810,1.);
#2812=ORIENTED_EDGE('',*,*,#2802,.T.);
#2813=ORIENTED_EDGE('',*,*,#1082,.F.);
#2814=ORIENTED_EDGE('',*,*,#460,.F.);
#2815=ORIENTED_EDGE('',*,*,#920,.F.);
#2816=EDGE_LOOP('',(#2812,#2813,#2814,#2815));
#2817=FACE_BOUND('',#2816,.T.);
#2818=ADVANCED_FACE('',(#2817),#2811,.T.);
#2819=CARTESIAN_POINT('',(144.113162725,600.647678163,20.4));
#2820=DIRECTION('',(1.,0.,0.));
#2821=DIRECTION('',(0.,0.,-1.));
#2822=AXIS2_PLACEMENT_3D('',#2819,#2820,#2821);
#2823=CYLINDRICAL_SURFACE('',#2822,1.);
#2824=ORIENTED_EDGE('',*,*,#2479,.F.);
#2825=ORIENTED_EDGE('',*,*,#1220,.F.);
#2826=ORIENTED_EDGE('',*,*,#2568,.F.);
#2827=ORIENTED_EDGE('',*,*,#150,.F.);
#2828=ORIENTED_EDGE('',*,*,#673,.F.);
#2829=EDGE_LOOP('',(#2824,#2825,#2826,#2827,#2828));
#2830=FACE_BOUND('',#2829,.T.);
#2831=ADVANCED_FACE('',(#2830),#2823,.T.);
#2832=CARTESIAN_POINT('',(143.868150898,582.801782867,16.5));
#2833=DIRECTION('',(-0.,1.,0.));
#2834=DIRECTION('',(0.,0.,-1.));
#2835=AXIS2_PLACEMENT_3D('',#2832,#2833,#2834);
#2836=CYLINDRICAL_SURFACE('',#2835,2.);
#2837=CARTESIAN_POINT('',(143.868150898,599.747678163,14.5));
#2838=VERTEX_POINT('',#2837);
#2839=CARTESIAN_POINT('',(143.868150898,582.801782867,14.5));
#2840=VERTEX_POINT('',#2839);
#2841=CARTESIAN_POINT('',(143.868150898,599.747678163,14.5));
#2842=DIRECTION('',(0.,-1.,-0.));
#2843=VECTOR('',#2842,16.945895296);
#2844=LINE('',#2841,#2843);
#2845=EDGE_CURVE('',#2838,#2840,#2844,.T.);
#2846=ORIENTED_EDGE('',*,*,#2845,.F.);
#2847=CARTESIAN_POINT('',(141.868150898,599.747678163,16.5));
#2848=VERTEX_POINT('',#2847);
#2849=CARTESIAN_POINT('',(143.868150898,599.747678163,16.5));
#2850=DIRECTION('',(-0.,1.,0.));
#2851=DIRECTION('',(0.,0.,-1.));
#2852=AXIS2_PLACEMENT_3D('',#2849,#2850,#2851);
#2853=CIRCLE('',#2852,2.);
#2854=EDGE_CURVE('',#2838,#2848,#2853,.T.);
#2855=ORIENTED_EDGE('',*,*,#2854,.T.);
#2856=CARTESIAN_POINT('',(143.868150898,599.747678163,16.5));
#2857=DIRECTION('',(-0.,1.,0.));
#2858=DIRECTION('',(0.,0.,-1.));
#2859=AXIS2_PLACEMENT_3D('',#2856,#2857,#2858);
#2860=CIRCLE('',#2859,2.);
#2861=EDGE_CURVE('',#2848,#2838,#2860,.T.);
#2862=ORIENTED_EDGE('',*,*,#2861,.T.);
#2863=ORIENTED_EDGE('',*,*,#2845,.T.);
#2864=CARTESIAN_POINT('',(143.868150898,582.801782867,16.5));
#2865=DIRECTION('',(-0.,1.,0.));
#2866=DIRECTION('',(0.,0.,-1.));
#2867=AXIS2_PLACEMENT_3D('',#2864,#2865,#2866);
#2868=CIRCLE('',#2867,2.);
#2869=EDGE_CURVE('',#2840,#2840,#2868,.T.);
#2870=ORIENTED_EDGE('',*,*,#2869,.F.);
#2871=EDGE_LOOP('',(#2846,#2855,#2862,#2863,#2870));
#2872=FACE_BOUND('',#2871,.T.);
#2873=ADVANCED_FACE('',(#2872),#2836,.F.);
#2874=CARTESIAN_POINT('',(344.43610367,582.801782867,-158.));
#2875=DIRECTION('',(-0.,1.,0.));
#2876=DIRECTION('',(-1.,-0.,0.));
#2877=AXIS2_PLACEMENT_3D('',#2874,#2875,#2876);
#2878=PLANE('',#2877);
#2879=ORIENTED_EDGE('',*,*,#2869,.T.);
#2880=EDGE_LOOP('',(#2879));
#2881=FACE_BOUND('',#2880,.T.);
#2882=ADVANCED_FACE('',(#2881),#2878,.T.);
#2883=CARTESIAN_POINT('',(143.868150898,599.747678163,16.5));
#2884=DIRECTION('',(-0.,1.,0.));
#2885=DIRECTION('',(-1.,-0.,0.));
#2886=AXIS2_PLACEMENT_3D('',#2883,#2884,#2885);
#2887=TOROIDAL_SURFACE('',#2886,3.9,1.9);
#2888=CARTESIAN_POINT('',(139.968150898,599.747678163,16.5));
#2889=DIRECTION('',(0.,-0.,1.));
#2890=DIRECTION('',(-1.,-0.,0.));
#2891=AXIS2_PLACEMENT_3D('',#2888,#2889,#2890);
#2892=CIRCLE('',#2891,1.9);
#2893=EDGE_CURVE('',#2848,#676,#2892,.T.);
#2894=ORIENTED_EDGE('',*,*,#2893,.T.);
#2895=ORIENTED_EDGE('',*,*,#682,.F.);
#2896=ORIENTED_EDGE('',*,*,#142,.F.);
#2897=ORIENTED_EDGE('',*,*,#390,.F.);
#2898=ORIENTED_EDGE('',*,*,#689,.F.);
#2899=ORIENTED_EDGE('',*,*,#2893,.F.);
#2900=ORIENTED_EDGE('',*,*,#2854,.F.);
#2901=ORIENTED_EDGE('',*,*,#2861,.F.);
#2902=EDGE_LOOP('',(#2894,#2895,#2896,#2897,#2898,#2899,#2900,#2901));
#2903=FACE_BOUND('',#2902,.T.);
#2904=ADVANCED_FACE('',(#2903),#2887,.T.);
#2905=CARTESIAN_POINT('',(125.945957817,501.391242469,20.));
#2906=DIRECTION('',(0.,-1.,0.));
#2907=DIRECTION('',(0.,0.,-1.));
#2908=AXIS2_PLACEMENT_3D('',#2905,#2906,#2907);
#2909=PLANE('',#2908);
#2910=ORIENTED_EDGE('',*,*,#1410,.F.);
#2911=ORIENTED_EDGE('',*,*,#264,.F.);
#2912=CARTESIAN_POINT('',(128.995957817,501.391242469,18.5));
#2913=VERTEX_POINT('',#2912);
#2914=CARTESIAN_POINT('',(128.995957817,501.391242469,18.5));
#2915=DIRECTION('',(-0.,-0.,-1.));
#2916=VECTOR('',#2915,5.5);
#2917=LINE('',#2914,#2916);
#2918=EDGE_CURVE('',#2913,#251,#2917,.T.);
#2919=ORIENTED_EDGE('',*,*,#2918,.F.);
#2920=CARTESIAN_POINT('',(128.495957817,501.391242469,19.));
#2921=VERTEX_POINT('',#2920);
#2922=CARTESIAN_POINT('',(128.495957817,501.391242469,18.5));
#2923=DIRECTION('',(0.,-1.,0.));
#2924=DIRECTION('',(0.,0.,1.));
#2925=AXIS2_PLACEMENT_3D('',#2922,#2923,#2924);
#2926=CIRCLE('',#2925,0.5);
#2927=EDGE_CURVE('',#2913,#2921,#2926,.T.);
#2928=ORIENTED_EDGE('',*,*,#2927,.T.);
#2929=CARTESIAN_POINT('',(128.495957817,501.391242469,19.));
#2930=DIRECTION('',(-1.,-0.,-0.));
#2931=VECTOR('',#2930,5.382745092);
#2932=LINE('',#2929,#2931);
#2933=EDGE_CURVE('',#2921,#1405,#2932,.T.);
#2934=ORIENTED_EDGE('',*,*,#2933,.T.);
#2935=EDGE_LOOP('',(#2910,#2911,#2919,#2928,#2934));
#2936=FACE_BOUND('',#2935,.T.);
#2937=ADVANCED_FACE('',(#2936),#2909,.T.);
#2938=CARTESIAN_POINT('',(-111.046939214,-98.351854454,19.));
#2939=DIRECTION('',(0.,0.,1.));
#2940=DIRECTION('',(1.,0.,0.));
#2941=AXIS2_PLACEMENT_3D('',#2938,#2939,#2940);
#2942=PLANE('',#2941);
#2943=ORIENTED_EDGE('',*,*,#1370,.F.);
#2944=ORIENTED_EDGE('',*,*,#1416,.F.);
#2945=ORIENTED_EDGE('',*,*,#2933,.F.);
#2946=CARTESIAN_POINT('',(128.495957817,501.391242469,19.));
#2947=DIRECTION('',(-0.,1.,0.));
#2948=VECTOR('',#2947,6.799532618);
#2949=LINE('',#2946,#2948);
#2950=EDGE_CURVE('',#2921,#1365,#2949,.T.);
#2951=ORIENTED_EDGE('',*,*,#2950,.T.);
#2952=EDGE_LOOP('',(#2943,#2944,#2945,#2951));
#2953=FACE_BOUND('',#2952,.T.);
#2954=ADVANCED_FACE('',(#2953),#2942,.T.);
#2955=CARTESIAN_POINT('',(128.495957817,-98.351854454,18.5));
#2956=DIRECTION('',(0.,-1.,0.));
#2957=DIRECTION('',(0.,0.,-1.));
#2958=AXIS2_PLACEMENT_3D('',#2955,#2956,#2957);
#2959=CYLINDRICAL_SURFACE('',#2958,0.5);
#2960=ORIENTED_EDGE('',*,*,#1379,.F.);
#2961=ORIENTED_EDGE('',*,*,#2950,.F.);
#2962=ORIENTED_EDGE('',*,*,#2927,.F.);
#2963=CARTESIAN_POINT('',(128.995957817,508.191242469,18.5));
#2964=VERTEX_POINT('',#2963);
#2965=CARTESIAN_POINT('',(128.995957817,508.191242469,18.5));
#2966=DIRECTION('',(0.,-1.,-0.));
#2967=VECTOR('',#2966,6.8);
#2968=LINE('',#2965,#2967);
#2969=EDGE_CURVE('',#2964,#2913,#2968,.T.);
#2970=ORIENTED_EDGE('',*,*,#2969,.F.);
#2971=CARTESIAN_POINT('',(128.495957817,508.191242469,18.5));
#2972=DIRECTION('',(-0.,1.,-0.));
#2973=DIRECTION('',(0.,0.,1.));
#2974=AXIS2_PLACEMENT_3D('',#2971,#2972,#2973);
#2975=CIRCLE('',#2974,0.5);
#2976=EDGE_CURVE('',#1848,#2964,#2975,.T.);
#2977=ORIENTED_EDGE('',*,*,#2976,.F.);
#2978=ORIENTED_EDGE('',*,*,#1864,.T.);
#2979=EDGE_LOOP('',(#2960,#2961,#2962,#2970,#2977,#2978));
#2980=FACE_BOUND('',#2979,.T.);
#2981=ADVANCED_FACE('',(#2980),#2959,.T.);
#2982=CARTESIAN_POINT('',(125.945957817,508.191242469,20.));
#2983=DIRECTION('',(-0.,1.,0.));
#2984=DIRECTION('',(0.,0.,1.));
#2985=AXIS2_PLACEMENT_3D('',#2982,#2983,#2984);
#2986=PLANE('',#2985);
#2987=ORIENTED_EDGE('',*,*,#248,.F.);
#2988=ORIENTED_EDGE('',*,*,#1853,.T.);
#2989=ORIENTED_EDGE('',*,*,#2976,.T.);
#2990=CARTESIAN_POINT('',(128.995957817,508.191242469,18.5));
#2991=DIRECTION('',(-0.,-0.,-1.));
#2992=VECTOR('',#2991,5.5);
#2993=LINE('',#2990,#2992);
#2994=EDGE_CURVE('',#2964,#243,#2993,.T.);
#2995=ORIENTED_EDGE('',*,*,#2994,.T.);
#2996=EDGE_LOOP('',(#2987,#2988,#2989,#2995));
#2997=FACE_BOUND('',#2996,.T.);
#2998=ADVANCED_FACE('',(#2997),#2986,.T.);
#2999=CARTESIAN_POINT('',(128.995957817,506.380142469,20.));
#3000=DIRECTION('',(-1.,-0.,0.));
#3001=DIRECTION('',(0.,0.,1.));
#3002=AXIS2_PLACEMENT_3D('',#2999,#3000,#3001);
#3003=PLANE('',#3002);
#3004=ORIENTED_EDGE('',*,*,#2994,.F.);
#3005=ORIENTED_EDGE('',*,*,#2969,.T.);
#3006=ORIENTED_EDGE('',*,*,#2918,.T.);
#3007=ORIENTED_EDGE('',*,*,#256,.T.);
#3008=EDGE_LOOP('',(#3004,#3005,#3006,#3007));
#3009=FACE_BOUND('',#3008,.T.);
#3010=ADVANCED_FACE('',(#3009),#3003,.F.);
#3011=CARTESIAN_POINT('',(162.736203226,508.183672658,20.));
#3012=DIRECTION('',(-0.,1.,0.));
#3013=DIRECTION('',(0.,0.,1.));
#3014=AXIS2_PLACEMENT_3D('',#3011,#3012,#3013);
#3015=PLANE('',#3014);
#3016=ORIENTED_EDGE('',*,*,#1472,.F.);
#3017=ORIENTED_EDGE('',*,*,#492,.F.);
#3018=CARTESIAN_POINT('',(159.686203226,508.183672658,18.5));
#3019=VERTEX_POINT('',#3018);
#3020=CARTESIAN_POINT('',(159.686203226,508.183672658,18.5));
#3021=DIRECTION('',(0.,0.,-1.));
#3022=VECTOR('',#3021,5.5);
#3023=LINE('',#3020,#3022);
#3024=EDGE_CURVE('',#3019,#479,#3023,.T.);
#3025=ORIENTED_EDGE('',*,*,#3024,.F.);
#3026=CARTESIAN_POINT('',(160.186203226,508.183672658,19.));
#3027=VERTEX_POINT('',#3026);
#3028=CARTESIAN_POINT('',(160.186203226,508.183672658,18.5));
#3029=DIRECTION('',(-0.,1.,-0.));
#3030=DIRECTION('',(0.,0.,1.));
#3031=AXIS2_PLACEMENT_3D('',#3028,#3029,#3030);
#3032=CIRCLE('',#3031,0.5);
#3033=EDGE_CURVE('',#3019,#3027,#3032,.T.);
#3034=ORIENTED_EDGE('',*,*,#3033,.T.);
#3035=CARTESIAN_POINT('',(160.186203226,508.183672658,19.));
#3036=DIRECTION('',(1.,0.,0.));
#3037=VECTOR('',#3036,4.927009499);
#3038=LINE('',#3035,#3037);
#3039=EDGE_CURVE('',#3027,#1467,#3038,.T.);
#3040=ORIENTED_EDGE('',*,*,#3039,.T.);
#3041=EDGE_LOOP('',(#3016,#3017,#3025,#3034,#3040));
#3042=FACE_BOUND('',#3041,.T.);
#3043=ADVANCED_FACE('',(#3042),#3015,.T.);
#3044=CARTESIAN_POINT('',(159.686203226,506.372572658,20.));
#3045=DIRECTION('',(1.,0.,0.));
#3046=DIRECTION('',(0.,0.,-1.));
#3047=AXIS2_PLACEMENT_3D('',#3044,#3045,#3046);
#3048=PLANE('',#3047);
#3049=ORIENTED_EDGE('',*,*,#484,.T.);
#3050=ORIENTED_EDGE('',*,*,#68,.T.);
#3051=CARTESIAN_POINT('',(159.686203226,501.390775087,18.5));
#3052=DIRECTION('',(-0.,1.,0.));
#3053=VECTOR('',#3052,6.792897571);
#3054=LINE('',#3051,#3053);
#3055=EDGE_CURVE('',#63,#3019,#3054,.T.);
#3056=ORIENTED_EDGE('',*,*,#3055,.T.);
#3057=ORIENTED_EDGE('',*,*,#3024,.T.);
#3058=EDGE_LOOP('',(#3049,#3050,#3056,#3057));
#3059=FACE_BOUND('',#3058,.T.);
#3060=ADVANCED_FACE('',(#3059),#3048,.F.);
#3061=CARTESIAN_POINT('',(-110.956693805,-98.359424266,19.));
#3062=DIRECTION('',(0.,0.,1.));
#3063=DIRECTION('',(1.,0.,0.));
#3064=AXIS2_PLACEMENT_3D('',#3061,#3062,#3063);
#3065=PLANE('',#3064);
#3066=ORIENTED_EDGE('',*,*,#1478,.F.);
#3067=ORIENTED_EDGE('',*,*,#3039,.F.);
#3068=CARTESIAN_POINT('',(160.186203226,508.183672658,19.));
#3069=DIRECTION('',(0.,-1.,-0.));
#3070=VECTOR('',#3069,6.792897571);
#3071=LINE('',#3068,#3070);
#3072=EDGE_CURVE('',#3027,#103,#3071,.T.);
#3073=ORIENTED_EDGE('',*,*,#3072,.T.);
#3074=ORIENTED_EDGE('',*,*,#108,.F.);
#3075=EDGE_LOOP('',(#3066,#3067,#3073,#3074));
#3076=FACE_BOUND('',#3075,.T.);
#3077=ADVANCED_FACE('',(#3076),#3065,.T.);
#3078=CARTESIAN_POINT('',(160.186203226,506.372572658,18.5));
#3079=DIRECTION('',(0.,-1.,0.));
#3080=DIRECTION('',(0.,0.,-1.));
#3081=AXIS2_PLACEMENT_3D('',#3078,#3079,#3080);
#3082=CYLINDRICAL_SURFACE('',#3081,0.5);
#3083=ORIENTED_EDGE('',*,*,#115,.F.);
#3084=ORIENTED_EDGE('',*,*,#3072,.F.);
#3085=ORIENTED_EDGE('',*,*,#3033,.F.);
#3086=ORIENTED_EDGE('',*,*,#3055,.F.);
#3087=EDGE_LOOP('',(#3083,#3084,#3085,#3086));
#3088=FACE_BOUND('',#3087,.T.);
#3089=ADVANCED_FACE('',(#3088),#3082,.T.);
#3090=CARTESIAN_POINT('',(86.829230569,549.769226625,26.4));
#3091=DIRECTION('',(-0.,0.,-1.));
#3092=DIRECTION('',(-1.,-0.,0.));
#3093=AXIS2_PLACEMENT_3D('',#3090,#3091,#3092);
#3094=CYLINDRICAL_SURFACE('',#3093,1.);
#3095=ORIENTED_EDGE('',*,*,#2460,.F.);
#3096=ORIENTED_EDGE('',*,*,#340,.F.);
#3097=ORIENTED_EDGE('',*,*,#889,.F.);
#3098=ORIENTED_EDGE('',*,*,#2446,.T.);
#3099=EDGE_LOOP('',(#3095,#3096,#3097,#3098));
#3100=FACE_BOUND('',#3099,.T.);
#3101=ADVANCED_FACE('',(#3100),#3094,.T.);
#3102=CARTESIAN_POINT('',(201.39709488,549.769226625,26.4));
#3103=DIRECTION('',(0.,-0.,1.));
#3104=DIRECTION('',(1.,0.,0.));
#3105=AXIS2_PLACEMENT_3D('',#3102,#3103,#3104);
#3106=CYLINDRICAL_SURFACE('',#3105,1.);
#3107=ORIENTED_EDGE('',*,*,#2729,.F.);
#3108=ORIENTED_EDGE('',*,*,#2708,.T.);
#3109=ORIENTED_EDGE('',*,*,#969,.F.);
#3110=ORIENTED_EDGE('',*,*,#426,.F.);
#3111=EDGE_LOOP('',(#3107,#3108,#3109,#3110));
#3112=FACE_BOUND('',#3111,.T.);
#3113=ADVANCED_FACE('',(#3112),#3106,.T.);
#3114=CLOSED_SHELL('',(#119,#185,#225,#534,#565,#661,#725,#756,#798,#829,#900,#931,#973,#1069,#1100,#1174,#1198,#1238,#1269,#1300,#1324,#1348,#1397,#1435,#1459,#1497,
#1521,#1545,#1563,#1581,#1605,#1623,#1641,#1665,#1682,#1694,#1718,#1735,#1747,#1771,#1788,#1800,#1824,#1841,#1868,#1892,#1910,#1922,#1940,#1958,#1976,
#1988,#2030,#2039,#2164,#2206,#2215,#2234,#2267,#2276,#2294,#2318,#2335,#2347,#2371,#2388,#2400,#2424,#2450,#2467,#2491,#2509,#2527,#2544,#2556,#2580,
#2598,#2616,#2640,#2657,#2669,#2693,#2719,#2736,#2754,#2771,#2789,#2806,#2818,#2831,#2873,#2882,#2904,#2937,#2954,#2981,#2998,#3010,#3043,#3060,#3077,
#3089,#3101,#3113));
#3115=MANIFOLD_SOLID_BREP('Body 09 (1)',#3114);
#3116=COLOUR_RGB('',0.627451003,0.627451003,0.643137276);
#3117=FILL_AREA_STYLE_COLOUR('',#3116);
#3118=FILL_AREA_STYLE('',(#3117));
#3119=SURFACE_STYLE_FILL_AREA(#3118);
#3120=SURFACE_SIDE_STYLE('',(#3119));
#3121=SURFACE_STYLE_USAGE(.BOTH.,#3120);
#3122=PRESENTATION_STYLE_ASSIGNMENT((#3121));
#54=STYLED_ITEM('',(#3122),#3115);
#35=SHAPE_REPRESENTATION('1 Weg.step (1)',(#15),#33);
#36=ADVANCED_BREP_SHAPE_REPRESENTATION('1 Weg.step (1)',(#3115),#33);
#3130=SHAPE_REPRESENTATION_RELATIONSHIP('','',#35,#36);
#3131=CARTESIAN_POINT('',(0.,0.,0.));
#3132=DIRECTION('',(0.,0.,1.));
#3133=DIRECTION('',(1.,0.,0.));
#3134=AXIS2_PLACEMENT_3D('',#3131,#3132,#3133);
#3136=MAPPED_ITEM('',#3135,#3134);
#3135=REPRESENTATION_MAP(#3134,#35);
#3137=APPLICATION_CONTEXT('Managed model based 3d engineering');
#3138=APPLICATION_PROTOCOL_DEFINITION('international standard','ap242_managed_model_based_3d_engineering',2014,#3137);
#3139=PRODUCT_CONTEXT('',#3137,'mechanical');
#3140=PRODUCT_DEFINITION_CONTEXT('part definition',#3137,'design');
#43=PRODUCT('1 Weg.step (1)','1 Weg.step (1)','',(#3139));
#3141=PRODUCT_RELATED_PRODUCT_CATEGORY('part','',(#43));
#3142=PRODUCT_DEFINITION_FORMATION_WITH_SPECIFIED_SOURCE('','',#43,.NOT_KNOWN.);
#44=PRODUCT_DEFINITION('design','',#3142,#3140);
#42=PRODUCT_DEFINITION_SHAPE('','',#44);
#3143=SHAPE_DEFINITION_REPRESENTATION(#42,#35);
#34=DRAUGHTING_MODEL('',(#3136),#33);
#16=SHAPE_REPRESENTATION('root',(#15,#48),#10);
#3144=CARTESIAN_POINT('',(0.,0.,0.));
#3145=DIRECTION('',(0.,0.,1.));
#3146=DIRECTION('',(1.,0.,0.));
#3147=AXIS2_PLACEMENT_3D('',#3144,#3145,#3146);
#3149=MAPPED_ITEM('',#3148,#3147);
#3148=REPRESENTATION_MAP(#3147,#16);
#24=PRODUCT('root','root','',(#3139));
#3150=PRODUCT_RELATED_PRODUCT_CATEGORY('part','',(#24));
#3151=PRODUCT_DEFINITION_FORMATION_WITH_SPECIFIED_SOURCE('','',#24,.NOT_KNOWN.);
#25=PRODUCT_DEFINITION('design','',#3151,#3140);
#23=PRODUCT_DEFINITION_SHAPE('','',#25);
#3152=SHAPE_DEFINITION_REPRESENTATION(#23,#16);
#11=DRAUGHTING_MODEL('',(#3149),#10);
#3153=DESCRIPTIVE_REPRESENTATION_ITEM('KEY','C:\\Users\\Ruben\\AppData\\Local\\Packages\\Shapr3D.Shapr3D_dvv5p1vgwv6mp\\TempState\\f4fc2287-9dbf-4988-992d-395578a4208f.tmp');
#3154=PROPERTY_DEFINITION('KEY','',#25);
#3155=REPRESENTATION('',(#3153),#10);
#3156=PROPERTY_DEFINITION_REPRESENTATION(#3154,#3155);
#3157=GENERAL_PROPERTY('','KEY','');
#3158=GENERAL_PROPERTY_ASSOCIATION('','',#3157,#3154);
#1=MECHANICAL_DESIGN_GEOMETRIC_PRESENTATION_REPRESENTATION('',(#54),#10);
ENDSEC;
END-ISO-10303-21;
