ISO-10303-21;
HEADER;

/* File generated by Shapr3D Version 26.0.10296.0 */

FILE_DESCRIPTION(('HOOPS Exchange Step'),'2;1');

FILE_NAME('C:\\Users\\Ruben\\AppData\\Local\\Packages\\Shapr3D.Shapr3D_dvv5p1vgwv6mp\\TempState\\export\\temp_export',
'2026-01-27T20:59:24+01:00',
('Ruben'),
('Shapr3D Limited'),
'HOOPS Exchange 2025.9',
'Shapr3D',
'Authorized');

FILE_SCHEMA( ('AP242_MANAGED_MODEL_BASED_3D_ENGINEERING_MIM_LF {1 0 10303 442 1 1 4}') );

ENDSEC;

DATA;
#3=(NAMED_UNIT(*)PLANE_ANGLE_UNIT()SI_UNIT($,.RADIAN.));
#4=PLANE_ANGLE_MEASURE_WITH_UNIT(PLANE_ANGLE_MEASURE(0.0174532925),#3);
#5=(CONVERSION_BASED_UNIT('DEGREE',#4)NAMED_UNIT(#6)PLANE_ANGLE_UNIT());
#6=DIMENSIONAL_EXPONENTS(0.,0.,0.,0.,0.,0.,0.);
#7=(NAMED_UNIT(*)SI_UNIT($,.STERADIAN.)SOLID_ANGLE_UNIT());
#8=(LENGTH_UNIT()NAMED_UNIT(*)SI_UNIT(.MILLI.,.METRE.));
#9=UNCERTAINTY_MEASURE_WITH_UNIT(LENGTH_MEASURE(1.000000E-03),#8,'DISTANCE_ACCURACY_VALUE','Maximum Tolerance applied to model');
#10=(GEOMETRIC_REPRESENTATION_CONTEXT(3)GLOBAL_UNCERTAINTY_ASSIGNED_CONTEXT((#9))GLOBAL_UNIT_ASSIGNED_CONTEXT((#8,#5,#7))REPRESENTATION_CONTEXT('','root'));
#12=CARTESIAN_POINT('',(0.,0.,0.));
#13=DIRECTION('',(0.,0.,1.));
#14=DIRECTION('',(1.,0.,0.));
#15=AXIS2_PLACEMENT_3D('',#12,#13,#14);
#26=(NAMED_UNIT(*)PLANE_ANGLE_UNIT()SI_UNIT($,.RADIAN.));
#27=PLANE_ANGLE_MEASURE_WITH_UNIT(PLANE_ANGLE_MEASURE(0.0174532925),#26);
#28=(CONVERSION_BASED_UNIT('DEGREE',#27)NAMED_UNIT(#29)PLANE_ANGLE_UNIT());
#29=DIMENSIONAL_EXPONENTS(0.,0.,0.,0.,0.,0.,0.);
#30=(NAMED_UNIT(*)SI_UNIT($,.STERADIAN.)SOLID_ANGLE_UNIT());
#31=(LENGTH_UNIT()NAMED_UNIT(*)SI_UNIT(.MILLI.,.METRE.));
#32=UNCERTAINTY_MEASURE_WITH_UNIT(LENGTH_MEASURE(1.000000E-05),#31,'DISTANCE_ACCURACY_VALUE','Maximum Tolerance applied to model');
#33=(GEOMETRIC_REPRESENTATION_CONTEXT(3)GLOBAL_UNCERTAINTY_ASSIGNED_CONTEXT((#32))GLOBAL_UNIT_ASSIGNED_CONTEXT((#31,#28,#30))REPRESENTATION_CONTEXT('','Kleinkopfkralle (4 Wege)'));
#45=CARTESIAN_POINT('',(0.,0.,0.));
#46=DIRECTION('',(0.,0.,1.));
#47=DIRECTION('',(1.,0.,-0.));
#48=AXIS2_PLACEMENT_3D('',#45,#46,#47);
#49=ITEM_DEFINED_TRANSFORMATION('','',#48,#15);
#50=(REPRESENTATION_RELATIONSHIP('','',#35,#16)REPRESENTATION_RELATIONSHIP_WITH_TRANSFORMATION(#49)SHAPE_REPRESENTATION_RELATIONSHIP());
#51=NEXT_ASSEMBLY_USAGE_OCCURRENCE('Kleinkopfkralle (4 Wege)_1','Kleinkopfkralle (4 Wege)','Kleinkopfkralle (4 Wege)',#25,#44,$);
#52=PRODUCT_DEFINITION_SHAPE('','',#51);
#53=CONTEXT_DEPENDENT_SHAPE_REPRESENTATION(#50,#52);
#55=CARTESIAN_POINT('',(820.459004598,872.09447471,93.9));
#56=DIRECTION('',(0.,0.,-1.));
#57=DIRECTION('',(0.,-1.,0.));
#58=AXIS2_PLACEMENT_3D('',#55,#56,#57);
#59=PLANE('',#58);
#60=CARTESIAN_POINT('',(824.415022564,881.977587737,93.9));
#61=VERTEX_POINT('',#60);
#62=CARTESIAN_POINT('',(826.165022564,881.977587737,93.9));
#63=DIRECTION('',(0.,0.,-1.));
#64=DIRECTION('',(-1.,0.,0.));
#65=AXIS2_PLACEMENT_3D('',#62,#63,#64);
#66=CIRCLE('',#65,1.75);
#67=EDGE_CURVE('',#61,#61,#66,.T.);
#68=ORIENTED_EDGE('',*,*,#67,.F.);
#69=EDGE_LOOP('',(#68));
#70=FACE_BOUND('',#69,.T.);
#71=CARTESIAN_POINT('',(813.002986631,862.211361684,93.9));
#72=VERTEX_POINT('',#71);
#73=CARTESIAN_POINT('',(814.752986631,862.211361684,93.9));
#74=DIRECTION('',(0.,0.,-1.));
#75=DIRECTION('',(-1.,0.,0.));
#76=AXIS2_PLACEMENT_3D('',#73,#74,#75);
#77=CIRCLE('',#76,1.75);
#78=EDGE_CURVE('',#72,#72,#77,.T.);
#79=ORIENTED_EDGE('',*,*,#78,.F.);
#80=EDGE_LOOP('',(#79));
#81=FACE_BOUND('',#80,.T.);
#82=CARTESIAN_POINT('',(834.87104053,872.09447471,93.9));
#83=VERTEX_POINT('',#82);
#84=CARTESIAN_POINT('',(827.665022564,859.613285473,93.9));
#85=VERTEX_POINT('',#84);
#86=CARTESIAN_POINT('',(834.87104053,872.09447471,93.9));
#87=DIRECTION('',(-0.5,-0.866025404,0.));
#88=VECTOR('',#87,14.412035932);
#89=LINE('',#86,#88);
#90=EDGE_CURVE('',#83,#85,#89,.T.);
#91=ORIENTED_EDGE('',*,*,#90,.T.);
#92=CARTESIAN_POINT('',(813.252986631,859.613285473,93.9));
#93=VERTEX_POINT('',#92);
#94=CARTESIAN_POINT('',(827.665022564,859.613285473,93.9));
#95=DIRECTION('',(-1.,-0.,0.));
#96=VECTOR('',#95,14.412035932);
#97=LINE('',#94,#96);
#98=EDGE_CURVE('',#85,#93,#97,.T.);
#99=ORIENTED_EDGE('',*,*,#98,.T.);
#100=CARTESIAN_POINT('',(806.046968665,872.09447471,93.9));
#101=VERTEX_POINT('',#100);
#102=CARTESIAN_POINT('',(813.252986631,859.613285473,93.9));
#103=DIRECTION('',(-0.5,0.866025404,0.));
#104=VECTOR('',#103,14.412035932);
#105=LINE('',#102,#104);
#106=EDGE_CURVE('',#93,#101,#105,.T.);
#107=ORIENTED_EDGE('',*,*,#106,.T.);
#108=CARTESIAN_POINT('',(813.252986631,884.575663948,93.9));
#109=VERTEX_POINT('',#108);
#110=CARTESIAN_POINT('',(806.046968665,872.09447471,93.9));
#111=DIRECTION('',(0.5,0.866025404,0.));
#112=VECTOR('',#111,14.412035932);
#113=LINE('',#110,#112);
#114=EDGE_CURVE('',#101,#109,#113,.T.);
#115=ORIENTED_EDGE('',*,*,#114,.T.);
#116=CARTESIAN_POINT('',(827.665022564,884.575663948,93.9));
#117=VERTEX_POINT('',#116);
#118=CARTESIAN_POINT('',(813.252986631,884.575663948,93.9));
#119=DIRECTION('',(1.,0.,0.));
#120=VECTOR('',#119,14.412035932);
#121=LINE('',#118,#120);
#122=EDGE_CURVE('',#109,#117,#121,.T.);
#123=ORIENTED_EDGE('',*,*,#122,.T.);
#124=CARTESIAN_POINT('',(827.665022564,884.575663948,93.9));
#125=DIRECTION('',(0.5,-0.866025404,0.));
#126=VECTOR('',#125,14.412035932);
#127=LINE('',#124,#126);
#128=EDGE_CURVE('',#117,#83,#127,.T.);
#129=ORIENTED_EDGE('',*,*,#128,.T.);
#130=EDGE_LOOP('',(#91,#99,#107,#115,#123,#129));
#131=FACE_BOUND('',#130,.T.);
#132=ADVANCED_FACE('',(#70,#81,#131),#59,.T.);
#133=CARTESIAN_POINT('',(785.285937639,891.24447471,105.9));
#134=DIRECTION('',(1.,-0.,-0.));
#135=DIRECTION('',(-0.,0.,-1.));
#136=AXIS2_PLACEMENT_3D('',#133,#134,#135);
#137=PLANE('',#136);
#138=CARTESIAN_POINT('',(785.285937639,896.79447471,104.9));
#139=VERTEX_POINT('',#138);
#140=CARTESIAN_POINT('',(785.285937639,896.79447471,96.9));
#141=VERTEX_POINT('',#140);
#142=CARTESIAN_POINT('',(785.285937639,896.79447471,104.9));
#143=DIRECTION('',(-0.,-0.,-1.));
#144=VECTOR('',#143,8.);
#145=LINE('',#142,#144);
#146=EDGE_CURVE('',#139,#141,#145,.T.);
#147=ORIENTED_EDGE('',*,*,#146,.F.);
#148=CARTESIAN_POINT('',(785.285937639,885.89447471,104.9));
#149=VERTEX_POINT('',#148);
#150=CARTESIAN_POINT('',(785.285937639,896.79447471,104.9));
#151=DIRECTION('',(-0.,-1.,0.));
#152=VECTOR('',#151,10.9);
#153=LINE('',#150,#152);
#154=EDGE_CURVE('',#139,#149,#153,.T.);
#155=ORIENTED_EDGE('',*,*,#154,.T.);
#156=CARTESIAN_POINT('',(785.285937639,885.89447471,96.9));
#157=VERTEX_POINT('',#156);
#158=CARTESIAN_POINT('',(785.285937639,885.89447471,104.9));
#159=DIRECTION('',(-0.,-0.,-1.));
#160=VECTOR('',#159,8.);
#161=LINE('',#158,#160);
#162=EDGE_CURVE('',#149,#157,#161,.T.);
#163=ORIENTED_EDGE('',*,*,#162,.T.);
#164=CARTESIAN_POINT('',(785.285937639,896.79447471,96.9));
#165=DIRECTION('',(-0.,-1.,0.));
#166=VECTOR('',#165,10.9);
#167=LINE('',#164,#166);
#168=EDGE_CURVE('',#141,#157,#167,.T.);
#169=ORIENTED_EDGE('',*,*,#168,.F.);
#170=EDGE_LOOP('',(#147,#155,#163,#169));
#171=FACE_BOUND('',#170,.T.);
#172=ADVANCED_FACE('',(#171),#137,.T.);
#173=CARTESIAN_POINT('',(784.485937639,885.89447471,105.9));
#174=DIRECTION('',(-0.,-1.,0.));
#175=DIRECTION('',(-0.,-0.,-1.));
#176=AXIS2_PLACEMENT_3D('',#173,#174,#175);
#177=PLANE('',#176);
#178=CARTESIAN_POINT('',(782.485937639,885.89447471,104.9));
#179=VERTEX_POINT('',#178);
#180=CARTESIAN_POINT('',(782.485937639,885.89447471,94.6));
#181=VERTEX_POINT('',#180);
#182=CARTESIAN_POINT('',(782.485937639,885.89447471,104.9));
#183=DIRECTION('',(-0.,-0.,-1.));
#184=VECTOR('',#183,10.3);
#185=LINE('',#182,#184);
#186=EDGE_CURVE('',#179,#181,#185,.T.);
#187=ORIENTED_EDGE('',*,*,#186,.T.);
#188=CARTESIAN_POINT('',(799.595437753,885.89447471,94.6));
#189=VERTEX_POINT('',#188);
#190=CARTESIAN_POINT('',(782.485937639,885.89447471,94.6));
#191=DIRECTION('',(1.,-0.,0.));
#192=VECTOR('',#191,17.109500114);
#193=LINE('',#190,#192);
#194=EDGE_CURVE('',#181,#189,#193,.T.);
#195=ORIENTED_EDGE('',*,*,#194,.T.);
#196=CARTESIAN_POINT('',(799.595437753,885.89447471,96.9));
#197=VERTEX_POINT('',#196);
#198=CARTESIAN_POINT('',(799.595437753,885.89447471,94.6));
#199=DIRECTION('',(0.,0.,1.));
#200=VECTOR('',#199,2.3);
#201=LINE('',#198,#200);
#202=EDGE_CURVE('',#189,#197,#201,.T.);
#203=ORIENTED_EDGE('',*,*,#202,.T.);
#204=CARTESIAN_POINT('',(785.285937639,885.89447471,96.9));
#205=DIRECTION('',(1.,-0.,0.));
#206=VECTOR('',#205,14.309500114);
#207=LINE('',#204,#206);
#208=EDGE_CURVE('',#157,#197,#207,.T.);
#209=ORIENTED_EDGE('',*,*,#208,.F.);
#210=ORIENTED_EDGE('',*,*,#162,.F.);
#211=CARTESIAN_POINT('',(784.285937639,885.89447471,105.9));
#212=VERTEX_POINT('',#211);
#213=CARTESIAN_POINT('',(785.285937639,885.89447471,104.9));
#214=DIRECTION('',(-0.707106781,0.,0.707106781));
#215=VECTOR('',#214,1.414213562);
#216=LINE('',#213,#215);
#217=EDGE_CURVE('',#149,#212,#216,.T.);
#218=ORIENTED_EDGE('',*,*,#217,.T.);
#219=CARTESIAN_POINT('',(783.485937639,885.89447471,105.9));
#220=VERTEX_POINT('',#219);
#221=CARTESIAN_POINT('',(784.285937639,885.89447471,105.9));
#222=DIRECTION('',(-1.,0.,0.));
#223=VECTOR('',#222,0.8);
#224=LINE('',#221,#223);
#225=EDGE_CURVE('',#212,#220,#224,.T.);
#226=ORIENTED_EDGE('',*,*,#225,.T.);
#227=CARTESIAN_POINT('',(783.485937639,885.89447471,105.9));
#228=DIRECTION('',(-0.707106781,0.,-0.707106781));
#229=VECTOR('',#228,1.414213562);
#230=LINE('',#227,#229);
#231=EDGE_CURVE('',#220,#179,#230,.T.);
#232=ORIENTED_EDGE('',*,*,#231,.T.);
#233=EDGE_LOOP('',(#187,#195,#203,#209,#210,#218,#226,#232));
#234=FACE_BOUND('',#233,.T.);
#235=ADVANCED_FACE('',(#234),#177,.T.);
#236=CARTESIAN_POINT('',(782.485937639,892.24447471,105.9));
#237=DIRECTION('',(-1.,0.,0.));
#238=DIRECTION('',(0.,0.,1.));
#239=AXIS2_PLACEMENT_3D('',#236,#237,#238);
#240=PLANE('',#239);
#241=CARTESIAN_POINT('',(782.485937639,899.008688273,104.9));
#242=VERTEX_POINT('',#241);
#243=CARTESIAN_POINT('',(782.485937639,899.008688273,94.6));
#244=VERTEX_POINT('',#243);
#245=CARTESIAN_POINT('',(782.485937639,899.008688273,104.9));
#246=DIRECTION('',(-0.,-0.,-1.));
#247=VECTOR('',#246,10.3);
#248=LINE('',#245,#247);
#249=EDGE_CURVE('',#242,#244,#248,.T.);
#250=ORIENTED_EDGE('',*,*,#249,.T.);
#251=CARTESIAN_POINT('',(782.485937639,899.008688273,94.6));
#252=DIRECTION('',(-0.,-1.,0.));
#253=VECTOR('',#252,13.114213562);
#254=LINE('',#251,#253);
#255=EDGE_CURVE('',#244,#181,#254,.T.);
#256=ORIENTED_EDGE('',*,*,#255,.T.);
#257=ORIENTED_EDGE('',*,*,#186,.F.);
#258=CARTESIAN_POINT('',(782.485937639,885.89447471,104.9));
#259=DIRECTION('',(0.,1.,-0.));
#260=VECTOR('',#259,13.114213562);
#261=LINE('',#258,#260);
#262=EDGE_CURVE('',#179,#242,#261,.T.);
#263=ORIENTED_EDGE('',*,*,#262,.T.);
#264=EDGE_LOOP('',(#250,#256,#257,#263));
#265=FACE_BOUND('',#264,.T.);
#266=ADVANCED_FACE('',(#265),#240,.T.);
#267=CARTESIAN_POINT('',(788.015364337,904.538114971,105.9));
#268=DIRECTION('',(0.707106781,-0.707106781,0.));
#269=DIRECTION('',(-0.707106781,-0.707106781,0.));
#270=AXIS2_PLACEMENT_3D('',#267,#268,#269);
#271=PLANE('',#270);
#272=CARTESIAN_POINT('',(793.544791035,910.067541669,104.9));
#273=VERTEX_POINT('',#272);
#274=CARTESIAN_POINT('',(793.544791035,910.067541669,94.6));
#275=VERTEX_POINT('',#274);
#276=CARTESIAN_POINT('',(793.544791035,910.067541669,104.9));
#277=DIRECTION('',(-0.,-0.,-1.));
#278=VECTOR('',#277,10.3);
#279=LINE('',#276,#278);
#280=EDGE_CURVE('',#273,#275,#279,.T.);
#281=ORIENTED_EDGE('',*,*,#280,.T.);
#282=CARTESIAN_POINT('',(793.544791035,910.067541669,94.6));
#283=DIRECTION('',(-0.707106781,-0.707106781,0.));
#284=VECTOR('',#283,15.639580458);
#285=LINE('',#282,#284);
#286=EDGE_CURVE('',#275,#244,#285,.T.);
#287=ORIENTED_EDGE('',*,*,#286,.T.);
#288=ORIENTED_EDGE('',*,*,#249,.F.);
#289=CARTESIAN_POINT('',(782.485937639,899.008688273,104.9));
#290=DIRECTION('',(0.707106781,0.707106781,-0.));
#291=VECTOR('',#290,15.639580458);
#292=LINE('',#289,#291);
#293=EDGE_CURVE('',#242,#273,#292,.T.);
#294=ORIENTED_EDGE('',*,*,#293,.T.);
#295=EDGE_LOOP('',(#281,#287,#288,#294));
#296=FACE_BOUND('',#295,.T.);
#297=ADVANCED_FACE('',(#296),#271,.F.);
#298=CARTESIAN_POINT('',(794.959004598,910.067541669,105.9));
#299=DIRECTION('',(-0.,-1.,0.));
#300=DIRECTION('',(-0.,-0.,-1.));
#301=AXIS2_PLACEMENT_3D('',#298,#299,#300);
#302=PLANE('',#301);
#303=CARTESIAN_POINT('',(806.659004598,910.067541669,104.9));
#304=VERTEX_POINT('',#303);
#305=CARTESIAN_POINT('',(806.659004598,910.067541669,94.6));
#306=VERTEX_POINT('',#305);
#307=CARTESIAN_POINT('',(806.659004598,910.067541669,104.9));
#308=DIRECTION('',(-0.,-0.,-1.));
#309=VECTOR('',#308,10.3);
#310=LINE('',#307,#309);
#311=EDGE_CURVE('',#304,#306,#310,.T.);
#312=ORIENTED_EDGE('',*,*,#311,.T.);
#313=CARTESIAN_POINT('',(806.659004598,910.067541669,94.6));
#314=DIRECTION('',(-1.,0.,0.));
#315=VECTOR('',#314,13.114213562);
#316=LINE('',#313,#315);
#317=EDGE_CURVE('',#306,#275,#316,.T.);
#318=ORIENTED_EDGE('',*,*,#317,.T.);
#319=ORIENTED_EDGE('',*,*,#280,.F.);
#320=CARTESIAN_POINT('',(793.544791035,910.067541669,104.9));
#321=DIRECTION('',(1.,-0.,-0.));
#322=VECTOR('',#321,13.114213562);
#323=LINE('',#320,#322);
#324=EDGE_CURVE('',#273,#304,#323,.T.);
#325=ORIENTED_EDGE('',*,*,#324,.T.);
#326=EDGE_LOOP('',(#312,#318,#319,#325));
#327=FACE_BOUND('',#326,.T.);
#328=ADVANCED_FACE('',(#327),#302,.F.);
#329=CARTESIAN_POINT('',(806.659004598,908.067541669,105.9));
#330=DIRECTION('',(-1.,0.,0.));
#331=DIRECTION('',(0.,1.,-0.));
#332=AXIS2_PLACEMENT_3D('',#329,#330,#331);
#333=PLANE('',#332);
#334=CARTESIAN_POINT('',(806.659004598,892.958041555,94.6));
#335=VERTEX_POINT('',#334);
#336=CARTESIAN_POINT('',(806.659004598,892.958041555,96.9));
#337=VERTEX_POINT('',#336);
#338=CARTESIAN_POINT('',(806.659004598,892.958041555,94.6));
#339=DIRECTION('',(0.,0.,1.));
#340=VECTOR('',#339,2.3);
#341=LINE('',#338,#340);
#342=EDGE_CURVE('',#335,#337,#341,.T.);
#343=ORIENTED_EDGE('',*,*,#342,.F.);
#344=CARTESIAN_POINT('',(806.659004598,892.958041555,94.6));
#345=DIRECTION('',(0.,1.,0.));
#346=VECTOR('',#345,17.109500114);
#347=LINE('',#344,#346);
#348=EDGE_CURVE('',#335,#306,#347,.T.);
#349=ORIENTED_EDGE('',*,*,#348,.T.);
#350=ORIENTED_EDGE('',*,*,#311,.F.);
#351=CARTESIAN_POINT('',(806.659004598,909.067541669,105.9));
#352=VERTEX_POINT('',#351);
#353=CARTESIAN_POINT('',(806.659004598,910.067541669,104.9));
#354=DIRECTION('',(-0.,-0.707106781,0.707106781));
#355=VECTOR('',#354,1.414213562);
#356=LINE('',#353,#355);
#357=EDGE_CURVE('',#304,#352,#356,.T.);
#358=ORIENTED_EDGE('',*,*,#357,.T.);
#359=CARTESIAN_POINT('',(806.659004598,908.267541669,105.9));
#360=VERTEX_POINT('',#359);
#361=CARTESIAN_POINT('',(806.659004598,908.267541669,105.9));
#362=DIRECTION('',(0.,1.,-0.));
#363=VECTOR('',#362,0.8);
#364=LINE('',#361,#363);
#365=EDGE_CURVE('',#360,#352,#364,.T.);
#366=ORIENTED_EDGE('',*,*,#365,.F.);
#367=CARTESIAN_POINT('',(806.659004598,907.267541669,104.9));
#368=VERTEX_POINT('',#367);
#369=CARTESIAN_POINT('',(806.659004598,908.267541669,105.9));
#370=DIRECTION('',(-0.,-0.707106781,-0.707106781));
#371=VECTOR('',#370,1.414213562);
#372=LINE('',#369,#371);
#373=EDGE_CURVE('',#360,#368,#372,.T.);
#374=ORIENTED_EDGE('',*,*,#373,.T.);
#375=CARTESIAN_POINT('',(806.659004598,907.267541669,96.9));
#376=VERTEX_POINT('',#375);
#377=CARTESIAN_POINT('',(806.659004598,907.267541669,104.9));
#378=DIRECTION('',(-0.,-0.,-1.));
#379=VECTOR('',#378,8.);
#380=LINE('',#377,#379);
#381=EDGE_CURVE('',#368,#376,#380,.T.);
#382=ORIENTED_EDGE('',*,*,#381,.T.);
#383=CARTESIAN_POINT('',(806.659004598,892.958041555,96.9));
#384=DIRECTION('',(0.,1.,0.));
#385=VECTOR('',#384,14.309500114);
#386=LINE('',#383,#385);
#387=EDGE_CURVE('',#337,#376,#386,.T.);
#388=ORIENTED_EDGE('',*,*,#387,.F.);
#389=EDGE_LOOP('',(#343,#349,#350,#358,#366,#374,#382,#388));
#390=FACE_BOUND('',#389,.T.);
#391=ADVANCED_FACE('',(#390),#333,.F.);
#392=CARTESIAN_POINT('',(801.309004598,907.267541669,105.9));
#393=DIRECTION('',(0.,1.,-0.));
#394=DIRECTION('',(1.,-0.,-0.));
#395=AXIS2_PLACEMENT_3D('',#392,#393,#394);
#396=PLANE('',#395);
#397=ORIENTED_EDGE('',*,*,#381,.F.);
#398=CARTESIAN_POINT('',(795.759004598,907.267541669,104.9));
#399=VERTEX_POINT('',#398);
#400=CARTESIAN_POINT('',(806.659004598,907.267541669,104.9));
#401=DIRECTION('',(-1.,0.,0.));
#402=VECTOR('',#401,10.9);
#403=LINE('',#400,#402);
#404=EDGE_CURVE('',#368,#399,#403,.T.);
#405=ORIENTED_EDGE('',*,*,#404,.T.);
#406=CARTESIAN_POINT('',(795.759004598,907.267541669,96.9));
#407=VERTEX_POINT('',#406);
#408=CARTESIAN_POINT('',(795.759004598,907.267541669,104.9));
#409=DIRECTION('',(-0.,-0.,-1.));
#410=VECTOR('',#409,8.);
#411=LINE('',#408,#410);
#412=EDGE_CURVE('',#399,#407,#411,.T.);
#413=ORIENTED_EDGE('',*,*,#412,.T.);
#414=CARTESIAN_POINT('',(795.759004598,907.267541669,96.9));
#415=DIRECTION('',(1.,-0.,-0.));
#416=VECTOR('',#415,10.9);
#417=LINE('',#414,#416);
#418=EDGE_CURVE('',#407,#376,#417,.T.);
#419=ORIENTED_EDGE('',*,*,#418,.T.);
#420=EDGE_LOOP('',(#397,#405,#413,#419));
#421=FACE_BOUND('',#420,.T.);
#422=ADVANCED_FACE('',(#421),#396,.F.);
#423=CARTESIAN_POINT('',(795.759004598,901.83100819,105.9));
#424=DIRECTION('',(-1.,0.,0.));
#425=DIRECTION('',(0.,1.,-0.));
#426=AXIS2_PLACEMENT_3D('',#423,#424,#425);
#427=PLANE('',#426);
#428=ORIENTED_EDGE('',*,*,#412,.F.);
#429=CARTESIAN_POINT('',(795.759004598,896.79447471,104.9));
#430=VERTEX_POINT('',#429);
#431=CARTESIAN_POINT('',(795.759004598,907.267541669,104.9));
#432=DIRECTION('',(-0.,-1.,0.));
#433=VECTOR('',#432,10.473066959);
#434=LINE('',#431,#433);
#435=EDGE_CURVE('',#399,#430,#434,.T.);
#436=ORIENTED_EDGE('',*,*,#435,.T.);
#437=CARTESIAN_POINT('',(795.759004598,896.79447471,96.9));
#438=VERTEX_POINT('',#437);
#439=CARTESIAN_POINT('',(795.759004598,896.79447471,104.9));
#440=DIRECTION('',(-0.,-0.,-1.));
#441=VECTOR('',#440,8.);
#442=LINE('',#439,#441);
#443=EDGE_CURVE('',#430,#438,#442,.T.);
#444=ORIENTED_EDGE('',*,*,#443,.T.);
#445=CARTESIAN_POINT('',(795.759004598,896.79447471,96.9));
#446=DIRECTION('',(0.,1.,-0.));
#447=VECTOR('',#446,10.473066959);
#448=LINE('',#445,#447);
#449=EDGE_CURVE('',#438,#407,#448,.T.);
#450=ORIENTED_EDGE('',*,*,#449,.T.);
#451=EDGE_LOOP('',(#428,#436,#444,#450));
#452=FACE_BOUND('',#451,.T.);
#453=ADVANCED_FACE('',(#452),#427,.F.);
#454=CARTESIAN_POINT('',(790.722471118,896.79447471,105.9));
#455=DIRECTION('',(-0.,-1.,0.));
#456=DIRECTION('',(-1.,0.,0.));
#457=AXIS2_PLACEMENT_3D('',#454,#455,#456);
#458=PLANE('',#457);
#459=ORIENTED_EDGE('',*,*,#443,.F.);
#460=CARTESIAN_POINT('',(795.759004598,896.79447471,104.9));
#461=DIRECTION('',(-1.,0.,0.));
#462=VECTOR('',#461,10.473066959);
#463=LINE('',#460,#462);
#464=EDGE_CURVE('',#430,#139,#463,.T.);
#465=ORIENTED_EDGE('',*,*,#464,.T.);
#466=ORIENTED_EDGE('',*,*,#146,.T.);
#467=CARTESIAN_POINT('',(795.759004598,896.79447471,96.9));
#468=DIRECTION('',(-1.,0.,0.));
#469=VECTOR('',#468,10.473066959);
#470=LINE('',#467,#469);
#471=EDGE_CURVE('',#438,#141,#470,.T.);
#472=ORIENTED_EDGE('',*,*,#471,.F.);
#473=EDGE_LOOP('',(#459,#465,#466,#472));
#474=FACE_BOUND('',#473,.T.);
#475=ADVANCED_FACE('',(#474),#458,.T.);
#476=CARTESIAN_POINT('',(820.459004598,872.09447471,105.9));
#477=DIRECTION('',(-0.,-0.,-1.));
#478=DIRECTION('',(-0.,-1.,0.));
#479=AXIS2_PLACEMENT_3D('',#476,#477,#478);
#480=PLANE('',#479);
#481=ORIENTED_EDGE('',*,*,#365,.T.);
#482=CARTESIAN_POINT('',(793.959004598,909.067541669,105.9));
#483=VERTEX_POINT('',#482);
#484=CARTESIAN_POINT('',(806.659004598,909.067541669,105.9));
#485=DIRECTION('',(-1.,0.,0.));
#486=VECTOR('',#485,12.7);
#487=LINE('',#484,#486);
#488=EDGE_CURVE('',#352,#483,#487,.T.);
#489=ORIENTED_EDGE('',*,*,#488,.T.);
#490=CARTESIAN_POINT('',(783.485937639,898.59447471,105.9));
#491=VERTEX_POINT('',#490);
#492=CARTESIAN_POINT('',(793.959004598,909.067541669,105.9));
#493=DIRECTION('',(-0.707106781,-0.707106781,0.));
#494=VECTOR('',#493,14.811153333);
#495=LINE('',#492,#494);
#496=EDGE_CURVE('',#483,#491,#495,.T.);
#497=ORIENTED_EDGE('',*,*,#496,.T.);
#498=CARTESIAN_POINT('',(783.485937639,898.59447471,105.9));
#499=DIRECTION('',(-0.,-1.,0.));
#500=VECTOR('',#499,12.7);
#501=LINE('',#498,#500);
#502=EDGE_CURVE('',#491,#220,#501,.T.);
#503=ORIENTED_EDGE('',*,*,#502,.T.);
#504=ORIENTED_EDGE('',*,*,#225,.F.);
#505=CARTESIAN_POINT('',(784.285937639,897.79447471,105.9));
#506=VERTEX_POINT('',#505);
#507=CARTESIAN_POINT('',(784.285937639,885.89447471,105.9));
#508=DIRECTION('',(0.,1.,-0.));
#509=VECTOR('',#508,11.9);
#510=LINE('',#507,#509);
#511=EDGE_CURVE('',#212,#506,#510,.T.);
#512=ORIENTED_EDGE('',*,*,#511,.T.);
#513=CARTESIAN_POINT('',(794.759004598,897.79447471,105.9));
#514=VERTEX_POINT('',#513);
#515=CARTESIAN_POINT('',(784.285937639,897.79447471,105.9));
#516=DIRECTION('',(1.,-0.,-0.));
#517=VECTOR('',#516,10.473066959);
#518=LINE('',#515,#517);
#519=EDGE_CURVE('',#506,#514,#518,.T.);
#520=ORIENTED_EDGE('',*,*,#519,.T.);
#521=CARTESIAN_POINT('',(794.759004598,908.267541669,105.9));
#522=VERTEX_POINT('',#521);
#523=CARTESIAN_POINT('',(794.759004598,897.79447471,105.9));
#524=DIRECTION('',(0.,1.,-0.));
#525=VECTOR('',#524,10.473066959);
#526=LINE('',#523,#525);
#527=EDGE_CURVE('',#514,#522,#526,.T.);
#528=ORIENTED_EDGE('',*,*,#527,.T.);
#529=CARTESIAN_POINT('',(794.759004598,908.267541669,105.9));
#530=DIRECTION('',(1.,-0.,-0.));
#531=VECTOR('',#530,11.9);
#532=LINE('',#529,#531);
#533=EDGE_CURVE('',#522,#360,#532,.T.);
#534=ORIENTED_EDGE('',*,*,#533,.T.);
#535=EDGE_LOOP('',(#481,#489,#497,#503,#504,#512,#520,#528,#534));
#536=FACE_BOUND('',#535,.T.);
#537=ADVANCED_FACE('',(#536),#480,.F.);
#538=CARTESIAN_POINT('',(782.485937639,892.24447471,104.9));
#539=DIRECTION('',(-0.707106781,0.,0.707106781));
#540=DIRECTION('',(-0.,-1.,0.));
#541=AXIS2_PLACEMENT_3D('',#538,#539,#540);
#542=PLANE('',#541);
#543=ORIENTED_EDGE('',*,*,#231,.F.);
#544=ORIENTED_EDGE('',*,*,#502,.F.);
#545=CARTESIAN_POINT('',(782.485937639,899.008688273,104.9));
#546=DIRECTION('',(0.678598345,-0.281084638,0.678598345));
#547=VECTOR('',#546,1.473625758);
#548=LINE('',#545,#547);
#549=EDGE_CURVE('',#242,#491,#548,.T.);
#550=ORIENTED_EDGE('',*,*,#549,.F.);
#551=ORIENTED_EDGE('',*,*,#262,.F.);
#552=EDGE_LOOP('',(#543,#544,#550,#551));
#553=FACE_BOUND('',#552,.T.);
#554=ADVANCED_FACE('',(#553),#542,.T.);
#555=CARTESIAN_POINT('',(788.722471118,903.83100819,105.9));
#556=DIRECTION('',(0.5,-0.5,-0.707106781));
#557=DIRECTION('',(-0.707106781,-0.707106781,0.));
#558=AXIS2_PLACEMENT_3D('',#555,#556,#557);
#559=PLANE('',#558);
#560=ORIENTED_EDGE('',*,*,#549,.T.);
#561=ORIENTED_EDGE('',*,*,#496,.F.);
#562=CARTESIAN_POINT('',(793.544791035,910.067541669,104.9));
#563=DIRECTION('',(0.281084638,-0.678598345,0.678598345));
#564=VECTOR('',#563,1.473625758);
#565=LINE('',#562,#564);
#566=EDGE_CURVE('',#273,#483,#565,.T.);
#567=ORIENTED_EDGE('',*,*,#566,.F.);
#568=ORIENTED_EDGE('',*,*,#293,.F.);
#569=EDGE_LOOP('',(#560,#561,#567,#568));
#570=FACE_BOUND('',#569,.T.);
#571=ADVANCED_FACE('',(#570),#559,.F.);
#572=CARTESIAN_POINT('',(820.459004598,909.067541669,105.9));
#573=DIRECTION('',(-0.,-0.707106781,-0.707106781));
#574=DIRECTION('',(-1.,0.,0.));
#575=AXIS2_PLACEMENT_3D('',#572,#573,#574);
#576=PLANE('',#575);
#577=ORIENTED_EDGE('',*,*,#357,.F.);
#578=ORIENTED_EDGE('',*,*,#324,.F.);
#579=ORIENTED_EDGE('',*,*,#566,.T.);
#580=ORIENTED_EDGE('',*,*,#488,.F.);
#581=EDGE_LOOP('',(#577,#578,#579,#580));
#582=FACE_BOUND('',#581,.T.);
#583=ADVANCED_FACE('',(#582),#576,.F.);
#584=CARTESIAN_POINT('',(785.285937639,891.24447471,104.9));
#585=DIRECTION('',(0.707106781,-0.,0.707106781));
#586=DIRECTION('',(0.,1.,-0.));
#587=AXIS2_PLACEMENT_3D('',#584,#585,#586);
#588=PLANE('',#587);
#589=ORIENTED_EDGE('',*,*,#217,.F.);
#590=ORIENTED_EDGE('',*,*,#154,.F.);
#591=CARTESIAN_POINT('',(784.285937639,897.79447471,105.9));
#592=DIRECTION('',(0.577350269,-0.577350269,-0.577350269));
#593=VECTOR('',#592,1.732050808);
#594=LINE('',#591,#593);
#595=EDGE_CURVE('',#506,#139,#594,.T.);
#596=ORIENTED_EDGE('',*,*,#595,.F.);
#597=ORIENTED_EDGE('',*,*,#511,.F.);
#598=EDGE_LOOP('',(#589,#590,#596,#597));
#599=FACE_BOUND('',#598,.T.);
#600=ADVANCED_FACE('',(#599),#588,.T.);
#601=CARTESIAN_POINT('',(790.722471118,896.79447471,104.9));
#602=DIRECTION('',(-0.,-0.707106781,0.707106781));
#603=DIRECTION('',(1.,-0.,-0.));
#604=AXIS2_PLACEMENT_3D('',#601,#602,#603);
#605=PLANE('',#604);
#606=ORIENTED_EDGE('',*,*,#595,.T.);
#607=ORIENTED_EDGE('',*,*,#464,.F.);
#608=CARTESIAN_POINT('',(794.759004598,897.79447471,105.9));
#609=DIRECTION('',(0.577350269,-0.577350269,-0.577350269));
#610=VECTOR('',#609,1.732050808);
#611=LINE('',#608,#610);
#612=EDGE_CURVE('',#514,#430,#611,.T.);
#613=ORIENTED_EDGE('',*,*,#612,.F.);
#614=ORIENTED_EDGE('',*,*,#519,.F.);
#615=EDGE_LOOP('',(#606,#607,#613,#614));
#616=FACE_BOUND('',#615,.T.);
#617=ADVANCED_FACE('',(#616),#605,.T.);
#618=CARTESIAN_POINT('',(794.759004598,872.09447471,105.9));
#619=DIRECTION('',(-0.707106781,0.,-0.707106781));
#620=DIRECTION('',(0.,1.,-0.));
#621=AXIS2_PLACEMENT_3D('',#618,#619,#620);
#622=PLANE('',#621);
#623=ORIENTED_EDGE('',*,*,#612,.T.);
#624=ORIENTED_EDGE('',*,*,#435,.F.);
#625=CARTESIAN_POINT('',(794.759004598,908.267541669,105.9));
#626=DIRECTION('',(0.577350269,-0.577350269,-0.577350269));
#627=VECTOR('',#626,1.732050808);
#628=LINE('',#625,#627);
#629=EDGE_CURVE('',#522,#399,#628,.T.);
#630=ORIENTED_EDGE('',*,*,#629,.F.);
#631=ORIENTED_EDGE('',*,*,#527,.F.);
#632=EDGE_LOOP('',(#623,#624,#630,#631));
#633=FACE_BOUND('',#632,.T.);
#634=ADVANCED_FACE('',(#633),#622,.F.);
#635=CARTESIAN_POINT('',(820.459004598,908.267541669,105.9));
#636=DIRECTION('',(0.,0.707106781,-0.707106781));
#637=DIRECTION('',(1.,-0.,-0.));
#638=AXIS2_PLACEMENT_3D('',#635,#636,#637);
#639=PLANE('',#638);
#640=ORIENTED_EDGE('',*,*,#629,.T.);
#641=ORIENTED_EDGE('',*,*,#404,.F.);
#642=ORIENTED_EDGE('',*,*,#373,.F.);
#643=ORIENTED_EDGE('',*,*,#533,.F.);
#644=EDGE_LOOP('',(#640,#641,#642,#643));
#645=FACE_BOUND('',#644,.T.);
#646=ADVANCED_FACE('',(#645),#639,.F.);
#647=CARTESIAN_POINT('',(820.459004598,872.09447471,96.9));
#648=DIRECTION('',(0.,0.,-1.));
#649=DIRECTION('',(0.,-1.,0.));
#650=AXIS2_PLACEMENT_3D('',#647,#648,#649);
#651=PLANE('',#650);
#652=CARTESIAN_POINT('',(811.802986631,862.211361684,96.9));
#653=VERTEX_POINT('',#652);
#654=CARTESIAN_POINT('',(817.702986631,862.211361684,96.9));
#655=VERTEX_POINT('',#654);
#656=CARTESIAN_POINT('',(814.752986631,862.211361684,96.9));
#657=DIRECTION('',(0.,0.,-1.));
#658=DIRECTION('',(-1.,0.,0.));
#659=AXIS2_PLACEMENT_3D('',#656,#657,#658);
#660=CIRCLE('',#659,2.95);
#661=EDGE_CURVE('',#653,#655,#660,.T.);
#662=ORIENTED_EDGE('',*,*,#661,.T.);
#663=CARTESIAN_POINT('',(814.752986631,862.211361684,96.9));
#664=DIRECTION('',(0.,0.,-1.));
#665=DIRECTION('',(-1.,0.,0.));
#666=AXIS2_PLACEMENT_3D('',#663,#664,#665);
#667=CIRCLE('',#666,2.95);
#668=EDGE_CURVE('',#655,#653,#667,.T.);
#669=ORIENTED_EDGE('',*,*,#668,.T.);
#670=EDGE_LOOP('',(#662,#669));
#671=FACE_BOUND('',#670,.T.);
#672=CARTESIAN_POINT('',(823.215022564,881.977587737,96.9));
#673=VERTEX_POINT('',#672);
#674=CARTESIAN_POINT('',(829.115022564,881.977587737,96.9));
#675=VERTEX_POINT('',#674);
#676=CARTESIAN_POINT('',(826.165022564,881.977587737,96.9));
#677=DIRECTION('',(0.,0.,-1.));
#678=DIRECTION('',(-1.,0.,0.));
#679=AXIS2_PLACEMENT_3D('',#676,#677,#678);
#680=CIRCLE('',#679,2.95);
#681=EDGE_CURVE('',#673,#675,#680,.T.);
#682=ORIENTED_EDGE('',*,*,#681,.T.);
#683=CARTESIAN_POINT('',(826.165022564,881.977587737,96.9));
#684=DIRECTION('',(0.,0.,-1.));
#685=DIRECTION('',(-1.,0.,0.));
#686=AXIS2_PLACEMENT_3D('',#683,#684,#685);
#687=CIRCLE('',#686,2.95);
#688=EDGE_CURVE('',#675,#673,#687,.T.);
#689=ORIENTED_EDGE('',*,*,#688,.T.);
#690=EDGE_LOOP('',(#682,#689));
#691=FACE_BOUND('',#690,.T.);
#692=ORIENTED_EDGE('',*,*,#471,.T.);
#693=ORIENTED_EDGE('',*,*,#168,.T.);
#694=ORIENTED_EDGE('',*,*,#208,.T.);
#695=CARTESIAN_POINT('',(799.595437753,858.29447471,96.9));
#696=VERTEX_POINT('',#695);
#697=CARTESIAN_POINT('',(799.595437753,885.89447471,96.9));
#698=DIRECTION('',(-0.,-1.,0.));
#699=VECTOR('',#698,27.6);
#700=LINE('',#697,#699);
#701=EDGE_CURVE('',#197,#696,#700,.T.);
#702=ORIENTED_EDGE('',*,*,#701,.T.);
#703=CARTESIAN_POINT('',(785.285937639,858.29447471,96.9));
#704=VERTEX_POINT('',#703);
#705=CARTESIAN_POINT('',(799.595437753,858.29447471,96.9));
#706=DIRECTION('',(-1.,0.,0.));
#707=VECTOR('',#706,14.309500114);
#708=LINE('',#705,#707);
#709=EDGE_CURVE('',#696,#704,#708,.T.);
#710=ORIENTED_EDGE('',*,*,#709,.T.);
#711=CARTESIAN_POINT('',(785.285937639,847.39447471,96.9));
#712=VERTEX_POINT('',#711);
#713=CARTESIAN_POINT('',(785.285937639,847.39447471,96.9));
#714=DIRECTION('',(0.,1.,0.));
#715=VECTOR('',#714,10.9);
#716=LINE('',#713,#715);
#717=EDGE_CURVE('',#712,#704,#716,.T.);
#718=ORIENTED_EDGE('',*,*,#717,.F.);
#719=CARTESIAN_POINT('',(795.759004598,847.39447471,96.9));
#720=VERTEX_POINT('',#719);
#721=CARTESIAN_POINT('',(795.759004598,847.39447471,96.9));
#722=DIRECTION('',(-1.,0.,0.));
#723=VECTOR('',#722,10.473066959);
#724=LINE('',#721,#723);
#725=EDGE_CURVE('',#720,#712,#724,.T.);
#726=ORIENTED_EDGE('',*,*,#725,.F.);
#727=CARTESIAN_POINT('',(795.759004598,836.921407751,96.9));
#728=VERTEX_POINT('',#727);
#729=CARTESIAN_POINT('',(795.759004598,847.39447471,96.9));
#730=DIRECTION('',(-0.,-1.,0.));
#731=VECTOR('',#730,10.473066959);
#732=LINE('',#729,#731);
#733=EDGE_CURVE('',#720,#728,#732,.T.);
#734=ORIENTED_EDGE('',*,*,#733,.T.);
#735=CARTESIAN_POINT('',(806.659004598,836.921407751,96.9));
#736=VERTEX_POINT('',#735);
#737=CARTESIAN_POINT('',(795.759004598,836.921407751,96.9));
#738=DIRECTION('',(1.,0.,-0.));
#739=VECTOR('',#738,10.9);
#740=LINE('',#737,#739);
#741=EDGE_CURVE('',#728,#736,#740,.T.);
#742=ORIENTED_EDGE('',*,*,#741,.T.);
#743=CARTESIAN_POINT('',(806.659004598,851.230907865,96.9));
#744=VERTEX_POINT('',#743);
#745=CARTESIAN_POINT('',(806.659004598,836.921407751,96.9));
#746=DIRECTION('',(0.,1.,0.));
#747=VECTOR('',#746,14.309500114);
#748=LINE('',#745,#747);
#749=EDGE_CURVE('',#736,#744,#748,.T.);
#750=ORIENTED_EDGE('',*,*,#749,.T.);
#751=CARTESIAN_POINT('',(834.259004598,851.230907865,96.9));
#752=VERTEX_POINT('',#751);
#753=CARTESIAN_POINT('',(806.659004598,851.230907865,96.9));
#754=DIRECTION('',(1.,0.,-0.));
#755=VECTOR('',#754,27.6);
#756=LINE('',#753,#755);
#757=EDGE_CURVE('',#744,#752,#756,.T.);
#758=ORIENTED_EDGE('',*,*,#757,.T.);
#759=CARTESIAN_POINT('',(834.259004598,836.921407751,96.9));
#760=VERTEX_POINT('',#759);
#761=CARTESIAN_POINT('',(834.259004598,851.230907865,96.9));
#762=DIRECTION('',(-0.,-1.,0.));
#763=VECTOR('',#762,14.309500114);
#764=LINE('',#761,#763);
#765=EDGE_CURVE('',#752,#760,#764,.T.);
#766=ORIENTED_EDGE('',*,*,#765,.T.);
#767=CARTESIAN_POINT('',(845.159004598,836.921407751,96.9));
#768=VERTEX_POINT('',#767);
#769=CARTESIAN_POINT('',(845.159004598,836.921407751,96.9));
#770=DIRECTION('',(-1.,0.,0.));
#771=VECTOR('',#770,10.9);
#772=LINE('',#769,#771);
#773=EDGE_CURVE('',#768,#760,#772,.T.);
#774=ORIENTED_EDGE('',*,*,#773,.F.);
#775=CARTESIAN_POINT('',(845.159004598,847.39447471,96.9));
#776=VERTEX_POINT('',#775);
#777=CARTESIAN_POINT('',(845.159004598,847.39447471,96.9));
#778=DIRECTION('',(-0.,-1.,-0.));
#779=VECTOR('',#778,10.473066959);
#780=LINE('',#777,#779);
#781=EDGE_CURVE('',#776,#768,#780,.T.);
#782=ORIENTED_EDGE('',*,*,#781,.F.);
#783=CARTESIAN_POINT('',(855.632071557,847.39447471,96.9));
#784=VERTEX_POINT('',#783);
#785=CARTESIAN_POINT('',(845.159004598,847.39447471,96.9));
#786=DIRECTION('',(1.,-0.,-0.));
#787=VECTOR('',#786,10.473066959);
#788=LINE('',#785,#787);
#789=EDGE_CURVE('',#776,#784,#788,.T.);
#790=ORIENTED_EDGE('',*,*,#789,.T.);
#791=CARTESIAN_POINT('',(855.632071557,858.29447471,96.9));
#792=VERTEX_POINT('',#791);
#793=CARTESIAN_POINT('',(855.632071557,847.39447471,96.9));
#794=DIRECTION('',(0.,1.,0.));
#795=VECTOR('',#794,10.9);
#796=LINE('',#793,#795);
#797=EDGE_CURVE('',#784,#792,#796,.T.);
#798=ORIENTED_EDGE('',*,*,#797,.T.);
#799=CARTESIAN_POINT('',(841.322571443,858.29447471,96.9));
#800=VERTEX_POINT('',#799);
#801=CARTESIAN_POINT('',(855.632071557,858.29447471,96.9));
#802=DIRECTION('',(-1.,0.,0.));
#803=VECTOR('',#802,14.309500114);
#804=LINE('',#801,#803);
#805=EDGE_CURVE('',#792,#800,#804,.T.);
#806=ORIENTED_EDGE('',*,*,#805,.T.);
#807=CARTESIAN_POINT('',(841.322571443,885.89447471,96.9));
#808=VERTEX_POINT('',#807);
#809=CARTESIAN_POINT('',(841.322571443,858.29447471,96.9));
#810=DIRECTION('',(0.,1.,0.));
#811=VECTOR('',#810,27.6);
#812=LINE('',#809,#811);
#813=EDGE_CURVE('',#800,#808,#812,.T.);
#814=ORIENTED_EDGE('',*,*,#813,.T.);
#815=CARTESIAN_POINT('',(855.632071557,885.89447471,96.9));
#816=VERTEX_POINT('',#815);
#817=CARTESIAN_POINT('',(841.322571443,885.89447471,96.9));
#818=DIRECTION('',(1.,-0.,0.));
#819=VECTOR('',#818,14.309500114);
#820=LINE('',#817,#819);
#821=EDGE_CURVE('',#808,#816,#820,.T.);
#822=ORIENTED_EDGE('',*,*,#821,.T.);
#823=CARTESIAN_POINT('',(855.632071557,896.79447471,96.9));
#824=VERTEX_POINT('',#823);
#825=CARTESIAN_POINT('',(855.632071557,896.79447471,96.9));
#826=DIRECTION('',(-0.,-1.,0.));
#827=VECTOR('',#826,10.9);
#828=LINE('',#825,#827);
#829=EDGE_CURVE('',#824,#816,#828,.T.);
#830=ORIENTED_EDGE('',*,*,#829,.F.);
#831=CARTESIAN_POINT('',(845.159004598,896.79447471,96.9));
#832=VERTEX_POINT('',#831);
#833=CARTESIAN_POINT('',(845.159004598,896.79447471,96.9));
#834=DIRECTION('',(1.,-0.,-0.));
#835=VECTOR('',#834,10.473066959);
#836=LINE('',#833,#835);
#837=EDGE_CURVE('',#832,#824,#836,.T.);
#838=ORIENTED_EDGE('',*,*,#837,.F.);
#839=CARTESIAN_POINT('',(845.159004598,907.267541669,96.9));
#840=VERTEX_POINT('',#839);
#841=CARTESIAN_POINT('',(845.159004598,896.79447471,96.9));
#842=DIRECTION('',(0.,1.,-0.));
#843=VECTOR('',#842,10.473066959);
#844=LINE('',#841,#843);
#845=EDGE_CURVE('',#832,#840,#844,.T.);
#846=ORIENTED_EDGE('',*,*,#845,.T.);
#847=CARTESIAN_POINT('',(834.259004598,907.267541669,96.9));
#848=VERTEX_POINT('',#847);
#849=CARTESIAN_POINT('',(845.159004598,907.267541669,96.9));
#850=DIRECTION('',(-1.,0.,0.));
#851=VECTOR('',#850,10.9);
#852=LINE('',#849,#851);
#853=EDGE_CURVE('',#840,#848,#852,.T.);
#854=ORIENTED_EDGE('',*,*,#853,.T.);
#855=CARTESIAN_POINT('',(834.259004598,892.958041555,96.9));
#856=VERTEX_POINT('',#855);
#857=CARTESIAN_POINT('',(834.259004598,907.267541669,96.9));
#858=DIRECTION('',(-0.,-1.,0.));
#859=VECTOR('',#858,14.309500114);
#860=LINE('',#857,#859);
#861=EDGE_CURVE('',#848,#856,#860,.T.);
#862=ORIENTED_EDGE('',*,*,#861,.T.);
#863=CARTESIAN_POINT('',(834.259004598,892.958041555,96.9));
#864=DIRECTION('',(-1.,0.,0.));
#865=VECTOR('',#864,27.6);
#866=LINE('',#863,#865);
#867=EDGE_CURVE('',#856,#337,#866,.T.);
#868=ORIENTED_EDGE('',*,*,#867,.T.);
#869=ORIENTED_EDGE('',*,*,#387,.T.);
#870=ORIENTED_EDGE('',*,*,#418,.F.);
#871=ORIENTED_EDGE('',*,*,#449,.F.);
#872=EDGE_LOOP('',(#692,#693,#694,#702,#710,#718,#726,#734,#742,#750,#758,#766,#774,#782,#790,#798,#806,#814,#822,#830,#838,#846,#854,#862,#868,#869,
#870,#871));
#873=FACE_BOUND('',#872,.T.);
#874=ADVANCED_FACE('',(#671,#691,#873),#651,.F.);
#875=CARTESIAN_POINT('',(801.309004598,836.921407751,105.9));
#876=DIRECTION('',(0.,1.,0.));
#877=DIRECTION('',(-0.,0.,-1.));
#878=AXIS2_PLACEMENT_3D('',#875,#876,#877);
#879=PLANE('',#878);
#880=CARTESIAN_POINT('',(795.759004598,836.921407751,104.9));
#881=VERTEX_POINT('',#880);
#882=CARTESIAN_POINT('',(795.759004598,836.921407751,104.9));
#883=DIRECTION('',(0.,0.,-1.));
#884=VECTOR('',#883,8.);
#885=LINE('',#882,#884);
#886=EDGE_CURVE('',#881,#728,#885,.T.);
#887=ORIENTED_EDGE('',*,*,#886,.F.);
#888=CARTESIAN_POINT('',(806.659004598,836.921407751,104.9));
#889=VERTEX_POINT('',#888);
#890=CARTESIAN_POINT('',(795.759004598,836.921407751,104.9));
#891=DIRECTION('',(1.,0.,-0.));
#892=VECTOR('',#891,10.9);
#893=LINE('',#890,#892);
#894=EDGE_CURVE('',#881,#889,#893,.T.);
#895=ORIENTED_EDGE('',*,*,#894,.T.);
#896=CARTESIAN_POINT('',(806.659004598,836.921407751,104.9));
#897=DIRECTION('',(0.,0.,-1.));
#898=VECTOR('',#897,8.);
#899=LINE('',#896,#898);
#900=EDGE_CURVE('',#889,#736,#899,.T.);
#901=ORIENTED_EDGE('',*,*,#900,.T.);
#902=ORIENTED_EDGE('',*,*,#741,.F.);
#903=EDGE_LOOP('',(#887,#895,#901,#902));
#904=FACE_BOUND('',#903,.T.);
#905=ADVANCED_FACE('',(#904),#879,.T.);
#906=CARTESIAN_POINT('',(806.659004598,836.121407751,105.9));
#907=DIRECTION('',(1.,0.,0.));
#908=DIRECTION('',(0.,0.,-1.));
#909=AXIS2_PLACEMENT_3D('',#906,#907,#908);
#910=PLANE('',#909);
#911=CARTESIAN_POINT('',(806.659004598,834.121407751,104.9));
#912=VERTEX_POINT('',#911);
#913=CARTESIAN_POINT('',(806.659004598,834.121407751,94.6));
#914=VERTEX_POINT('',#913);
#915=CARTESIAN_POINT('',(806.659004598,834.121407751,104.9));
#916=DIRECTION('',(0.,0.,-1.));
#917=VECTOR('',#916,10.3);
#918=LINE('',#915,#917);
#919=EDGE_CURVE('',#912,#914,#918,.T.);
#920=ORIENTED_EDGE('',*,*,#919,.T.);
#921=CARTESIAN_POINT('',(806.659004598,851.230907865,94.6));
#922=VERTEX_POINT('',#921);
#923=CARTESIAN_POINT('',(806.659004598,834.121407751,94.6));
#924=DIRECTION('',(0.,1.,0.));
#925=VECTOR('',#924,17.109500114);
#926=LINE('',#923,#925);
#927=EDGE_CURVE('',#914,#922,#926,.T.);
#928=ORIENTED_EDGE('',*,*,#927,.T.);
#929=CARTESIAN_POINT('',(806.659004598,851.230907865,94.6));
#930=DIRECTION('',(0.,0.,1.));
#931=VECTOR('',#930,2.3);
#932=LINE('',#929,#931);
#933=EDGE_CURVE('',#922,#744,#932,.T.);
#934=ORIENTED_EDGE('',*,*,#933,.T.);
#935=ORIENTED_EDGE('',*,*,#749,.F.);
#936=ORIENTED_EDGE('',*,*,#900,.F.);
#937=CARTESIAN_POINT('',(806.659004598,835.921407751,105.9));
#938=VERTEX_POINT('',#937);
#939=CARTESIAN_POINT('',(806.659004598,836.921407751,104.9));
#940=DIRECTION('',(0.,-0.707106781,0.707106781));
#941=VECTOR('',#940,1.414213562);
#942=LINE('',#939,#941);
#943=EDGE_CURVE('',#889,#938,#942,.T.);
#944=ORIENTED_EDGE('',*,*,#943,.T.);
#945=CARTESIAN_POINT('',(806.659004598,835.121407751,105.9));
#946=VERTEX_POINT('',#945);
#947=CARTESIAN_POINT('',(806.659004598,835.921407751,105.9));
#948=DIRECTION('',(0.,-1.,0.));
#949=VECTOR('',#948,0.8);
#950=LINE('',#947,#949);
#951=EDGE_CURVE('',#938,#946,#950,.T.);
#952=ORIENTED_EDGE('',*,*,#951,.T.);
#953=CARTESIAN_POINT('',(806.659004598,835.121407751,105.9));
#954=DIRECTION('',(0.,-0.707106781,-0.707106781));
#955=VECTOR('',#954,1.414213562);
#956=LINE('',#953,#955);
#957=EDGE_CURVE('',#946,#912,#956,.T.);
#958=ORIENTED_EDGE('',*,*,#957,.T.);
#959=EDGE_LOOP('',(#920,#928,#934,#935,#936,#944,#952,#958));
#960=FACE_BOUND('',#959,.T.);
#961=ADVANCED_FACE('',(#960),#910,.T.);
#962=CARTESIAN_POINT('',(800.309004598,834.121407751,105.9));
#963=DIRECTION('',(0.,-1.,0.));
#964=DIRECTION('',(0.,0.,1.));
#965=AXIS2_PLACEMENT_3D('',#962,#963,#964);
#966=PLANE('',#965);
#967=CARTESIAN_POINT('',(793.544791035,834.121407751,104.9));
#968=VERTEX_POINT('',#967);
#969=CARTESIAN_POINT('',(793.544791035,834.121407751,94.6));
#970=VERTEX_POINT('',#969);
#971=CARTESIAN_POINT('',(793.544791035,834.121407751,104.9));
#972=DIRECTION('',(-0.,0.,-1.));
#973=VECTOR('',#972,10.3);
#974=LINE('',#971,#973);
#975=EDGE_CURVE('',#968,#970,#974,.T.);
#976=ORIENTED_EDGE('',*,*,#975,.T.);
#977=CARTESIAN_POINT('',(793.544791035,834.121407751,94.6));
#978=DIRECTION('',(1.,0.,-0.));
#979=VECTOR('',#978,13.114213562);
#980=LINE('',#977,#979);
#981=EDGE_CURVE('',#970,#914,#980,.T.);
#982=ORIENTED_EDGE('',*,*,#981,.T.);
#983=ORIENTED_EDGE('',*,*,#919,.F.);
#984=CARTESIAN_POINT('',(806.659004598,834.121407751,104.9));
#985=DIRECTION('',(-1.,0.,0.));
#986=VECTOR('',#985,13.114213562);
#987=LINE('',#984,#986);
#988=EDGE_CURVE('',#912,#968,#987,.T.);
#989=ORIENTED_EDGE('',*,*,#988,.T.);
#990=EDGE_LOOP('',(#976,#982,#983,#989));
#991=FACE_BOUND('',#990,.T.);
#992=ADVANCED_FACE('',(#991),#966,.T.);
#993=CARTESIAN_POINT('',(788.015364337,839.65083445,105.9));
#994=DIRECTION('',(0.707106781,0.707106781,-0.));
#995=DIRECTION('',(0.707106781,-0.707106781,-0.));
#996=AXIS2_PLACEMENT_3D('',#993,#994,#995);
#997=PLANE('',#996);
#998=CARTESIAN_POINT('',(782.485937639,845.180261148,104.9));
#999=VERTEX_POINT('',#998);
#1000=CARTESIAN_POINT('',(782.485937639,845.180261148,94.6));
#1001=VERTEX_POINT('',#1000);
#1002=CARTESIAN_POINT('',(782.485937639,845.180261148,104.9));
#1003=DIRECTION('',(0.,-0.,-1.));
#1004=VECTOR('',#1003,10.3);
#1005=LINE('',#1002,#1004);
#1006=EDGE_CURVE('',#999,#1001,#1005,.T.);
#1007=ORIENTED_EDGE('',*,*,#1006,.T.);
#1008=CARTESIAN_POINT('',(782.485937639,845.180261148,94.6));
#1009=DIRECTION('',(0.707106781,-0.707106781,0.));
#1010=VECTOR('',#1009,15.639580458);
#1011=LINE('',#1008,#1010);
#1012=EDGE_CURVE('',#1001,#970,#1011,.T.);
#1013=ORIENTED_EDGE('',*,*,#1012,.T.);
#1014=ORIENTED_EDGE('',*,*,#975,.F.);
#1015=CARTESIAN_POINT('',(793.544791035,834.121407751,104.9));
#1016=DIRECTION('',(-0.707106781,0.707106781,-0.));
#1017=VECTOR('',#1016,15.639580458);
#1018=LINE('',#1015,#1017);
#1019=EDGE_CURVE('',#968,#999,#1018,.T.);
#1020=ORIENTED_EDGE('',*,*,#1019,.T.);
#1021=EDGE_LOOP('',(#1007,#1013,#1014,#1020));
#1022=FACE_BOUND('',#1021,.T.);
#1023=ADVANCED_FACE('',(#1022),#997,.F.);
#1024=CARTESIAN_POINT('',(782.485937639,846.59447471,105.9));
#1025=DIRECTION('',(1.,0.,0.));
#1026=DIRECTION('',(0.,0.,-1.));
#1027=AXIS2_PLACEMENT_3D('',#1024,#1025,#1026);
#1028=PLANE('',#1027);
#1029=CARTESIAN_POINT('',(782.485937639,858.29447471,104.9));
#1030=VERTEX_POINT('',#1029);
#1031=CARTESIAN_POINT('',(782.485937639,858.29447471,94.6));
#1032=VERTEX_POINT('',#1031);
#1033=CARTESIAN_POINT('',(782.485937639,858.29447471,104.9));
#1034=DIRECTION('',(0.,0.,-1.));
#1035=VECTOR('',#1034,10.3);
#1036=LINE('',#1033,#1035);
#1037=EDGE_CURVE('',#1030,#1032,#1036,.T.);
#1038=ORIENTED_EDGE('',*,*,#1037,.T.);
#1039=CARTESIAN_POINT('',(782.485937639,858.29447471,94.6));
#1040=DIRECTION('',(0.,-1.,0.));
#1041=VECTOR('',#1040,13.114213562);
#1042=LINE('',#1039,#1041);
#1043=EDGE_CURVE('',#1032,#1001,#1042,.T.);
#1044=ORIENTED_EDGE('',*,*,#1043,.T.);
#1045=ORIENTED_EDGE('',*,*,#1006,.F.);
#1046=CARTESIAN_POINT('',(782.485937639,845.180261148,104.9));
#1047=DIRECTION('',(0.,1.,0.));
#1048=VECTOR('',#1047,13.114213562);
#1049=LINE('',#1046,#1048);
#1050=EDGE_CURVE('',#999,#1030,#1049,.T.);
#1051=ORIENTED_EDGE('',*,*,#1050,.T.);
#1052=EDGE_LOOP('',(#1038,#1044,#1045,#1051));
#1053=FACE_BOUND('',#1052,.T.);
#1054=ADVANCED_FACE('',(#1053),#1028,.F.);
#1055=CARTESIAN_POINT('',(784.485937639,858.29447471,105.9));
#1056=DIRECTION('',(-0.,-1.,0.));
#1057=DIRECTION('',(-1.,0.,0.));
#1058=AXIS2_PLACEMENT_3D('',#1055,#1056,#1057);
#1059=PLANE('',#1058);
#1060=CARTESIAN_POINT('',(799.595437753,858.29447471,94.6));
#1061=VERTEX_POINT('',#1060);
#1062=CARTESIAN_POINT('',(799.595437753,858.29447471,94.6));
#1063=DIRECTION('',(0.,0.,1.));
#1064=VECTOR('',#1063,2.3);
#1065=LINE('',#1062,#1064);
#1066=EDGE_CURVE('',#1061,#696,#1065,.T.);
#1067=ORIENTED_EDGE('',*,*,#1066,.F.);
#1068=CARTESIAN_POINT('',(799.595437753,858.29447471,94.6));
#1069=DIRECTION('',(-1.,0.,0.));
#1070=VECTOR('',#1069,17.109500114);
#1071=LINE('',#1068,#1070);
#1072=EDGE_CURVE('',#1061,#1032,#1071,.T.);
#1073=ORIENTED_EDGE('',*,*,#1072,.T.);
#1074=ORIENTED_EDGE('',*,*,#1037,.F.);
#1075=CARTESIAN_POINT('',(783.485937639,858.29447471,105.9));
#1076=VERTEX_POINT('',#1075);
#1077=CARTESIAN_POINT('',(782.485937639,858.29447471,104.9));
#1078=DIRECTION('',(0.707106781,-0.,0.707106781));
#1079=VECTOR('',#1078,1.414213562);
#1080=LINE('',#1077,#1079);
#1081=EDGE_CURVE('',#1030,#1076,#1080,.T.);
#1082=ORIENTED_EDGE('',*,*,#1081,.T.);
#1083=CARTESIAN_POINT('',(784.285937639,858.29447471,105.9));
#1084=VERTEX_POINT('',#1083);
#1085=CARTESIAN_POINT('',(784.285937639,858.29447471,105.9));
#1086=DIRECTION('',(-1.,0.,0.));
#1087=VECTOR('',#1086,0.8);
#1088=LINE('',#1085,#1087);
#1089=EDGE_CURVE('',#1084,#1076,#1088,.T.);
#1090=ORIENTED_EDGE('',*,*,#1089,.F.);
#1091=CARTESIAN_POINT('',(785.285937639,858.29447471,104.9));
#1092=VERTEX_POINT('',#1091);
#1093=CARTESIAN_POINT('',(784.285937639,858.29447471,105.9));
#1094=DIRECTION('',(0.707106781,-0.,-0.707106781));
#1095=VECTOR('',#1094,1.414213562);
#1096=LINE('',#1093,#1095);
#1097=EDGE_CURVE('',#1084,#1092,#1096,.T.);
#1098=ORIENTED_EDGE('',*,*,#1097,.T.);
#1099=CARTESIAN_POINT('',(785.285937639,858.29447471,104.9));
#1100=DIRECTION('',(0.,0.,-1.));
#1101=VECTOR('',#1100,8.);
#1102=LINE('',#1099,#1101);
#1103=EDGE_CURVE('',#1092,#704,#1102,.T.);
#1104=ORIENTED_EDGE('',*,*,#1103,.T.);
#1105=ORIENTED_EDGE('',*,*,#709,.F.);
#1106=EDGE_LOOP('',(#1067,#1073,#1074,#1082,#1090,#1098,#1104,#1105));
#1107=FACE_BOUND('',#1106,.T.);
#1108=ADVANCED_FACE('',(#1107),#1059,.F.);
#1109=CARTESIAN_POINT('',(785.285937639,852.94447471,105.9));
#1110=DIRECTION('',(-1.,0.,0.));
#1111=DIRECTION('',(0.,1.,-0.));
#1112=AXIS2_PLACEMENT_3D('',#1109,#1110,#1111);
#1113=PLANE('',#1112);
#1114=ORIENTED_EDGE('',*,*,#1103,.F.);
#1115=CARTESIAN_POINT('',(785.285937639,847.39447471,104.9));
#1116=VERTEX_POINT('',#1115);
#1117=CARTESIAN_POINT('',(785.285937639,858.29447471,104.9));
#1118=DIRECTION('',(-0.,-1.,0.));
#1119=VECTOR('',#1118,10.9);
#1120=LINE('',#1117,#1119);
#1121=EDGE_CURVE('',#1092,#1116,#1120,.T.);
#1122=ORIENTED_EDGE('',*,*,#1121,.T.);
#1123=CARTESIAN_POINT('',(785.285937639,847.39447471,104.9));
#1124=DIRECTION('',(0.,0.,-1.));
#1125=VECTOR('',#1124,8.);
#1126=LINE('',#1123,#1125);
#1127=EDGE_CURVE('',#1116,#712,#1126,.T.);
#1128=ORIENTED_EDGE('',*,*,#1127,.T.);
#1129=ORIENTED_EDGE('',*,*,#717,.T.);
#1130=EDGE_LOOP('',(#1114,#1122,#1128,#1129));
#1131=FACE_BOUND('',#1130,.T.);
#1132=ADVANCED_FACE('',(#1131),#1113,.F.);
#1133=CARTESIAN_POINT('',(790.722471118,847.39447471,105.9));
#1134=DIRECTION('',(-0.,-1.,0.));
#1135=DIRECTION('',(-1.,0.,0.));
#1136=AXIS2_PLACEMENT_3D('',#1133,#1134,#1135);
#1137=PLANE('',#1136);
#1138=ORIENTED_EDGE('',*,*,#1127,.F.);
#1139=CARTESIAN_POINT('',(795.759004598,847.39447471,104.9));
#1140=VERTEX_POINT('',#1139);
#1141=CARTESIAN_POINT('',(785.285937639,847.39447471,104.9));
#1142=DIRECTION('',(1.,-0.,0.));
#1143=VECTOR('',#1142,10.473066959);
#1144=LINE('',#1141,#1143);
#1145=EDGE_CURVE('',#1116,#1140,#1144,.T.);
#1146=ORIENTED_EDGE('',*,*,#1145,.T.);
#1147=CARTESIAN_POINT('',(795.759004598,847.39447471,104.9));
#1148=DIRECTION('',(0.,0.,-1.));
#1149=VECTOR('',#1148,8.);
#1150=LINE('',#1147,#1149);
#1151=EDGE_CURVE('',#1140,#720,#1150,.T.);
#1152=ORIENTED_EDGE('',*,*,#1151,.T.);
#1153=ORIENTED_EDGE('',*,*,#725,.T.);
#1154=EDGE_LOOP('',(#1138,#1146,#1152,#1153));
#1155=FACE_BOUND('',#1154,.T.);
#1156=ADVANCED_FACE('',(#1155),#1137,.F.);
#1157=CARTESIAN_POINT('',(795.759004598,842.357941231,105.9));
#1158=DIRECTION('',(1.,-0.,0.));
#1159=DIRECTION('',(-0.,-1.,0.));
#1160=AXIS2_PLACEMENT_3D('',#1157,#1158,#1159);
#1161=PLANE('',#1160);
#1162=ORIENTED_EDGE('',*,*,#1151,.F.);
#1163=CARTESIAN_POINT('',(795.759004598,847.39447471,104.9));
#1164=DIRECTION('',(-0.,-1.,0.));
#1165=VECTOR('',#1164,10.473066959);
#1166=LINE('',#1163,#1165);
#1167=EDGE_CURVE('',#1140,#881,#1166,.T.);
#1168=ORIENTED_EDGE('',*,*,#1167,.T.);
#1169=ORIENTED_EDGE('',*,*,#886,.T.);
#1170=ORIENTED_EDGE('',*,*,#733,.F.);
#1171=EDGE_LOOP('',(#1162,#1168,#1169,#1170));
#1172=FACE_BOUND('',#1171,.T.);
#1173=ADVANCED_FACE('',(#1172),#1161,.T.);
#1174=CARTESIAN_POINT('',(820.459004598,872.09447471,105.9));
#1175=DIRECTION('',(0.,0.,-1.));
#1176=DIRECTION('',(1.,0.,0.));
#1177=AXIS2_PLACEMENT_3D('',#1174,#1175,#1176);
#1178=PLANE('',#1177);
#1179=ORIENTED_EDGE('',*,*,#1089,.T.);
#1180=CARTESIAN_POINT('',(783.485937639,845.59447471,105.9));
#1181=VERTEX_POINT('',#1180);
#1182=CARTESIAN_POINT('',(783.485937639,858.29447471,105.9));
#1183=DIRECTION('',(0.,-1.,0.));
#1184=VECTOR('',#1183,12.7);
#1185=LINE('',#1182,#1184);
#1186=EDGE_CURVE('',#1076,#1181,#1185,.T.);
#1187=ORIENTED_EDGE('',*,*,#1186,.T.);
#1188=CARTESIAN_POINT('',(793.959004598,835.121407751,105.9));
#1189=VERTEX_POINT('',#1188);
#1190=CARTESIAN_POINT('',(783.485937639,845.59447471,105.9));
#1191=DIRECTION('',(0.707106781,-0.707106781,0.));
#1192=VECTOR('',#1191,14.811153333);
#1193=LINE('',#1190,#1192);
#1194=EDGE_CURVE('',#1181,#1189,#1193,.T.);
#1195=ORIENTED_EDGE('',*,*,#1194,.T.);
#1196=CARTESIAN_POINT('',(793.959004598,835.121407751,105.9));
#1197=DIRECTION('',(1.,0.,-0.));
#1198=VECTOR('',#1197,12.7);
#1199=LINE('',#1196,#1198);
#1200=EDGE_CURVE('',#1189,#946,#1199,.T.);
#1201=ORIENTED_EDGE('',*,*,#1200,.T.);
#1202=ORIENTED_EDGE('',*,*,#951,.F.);
#1203=CARTESIAN_POINT('',(794.759004598,835.921407751,105.9));
#1204=VERTEX_POINT('',#1203);
#1205=CARTESIAN_POINT('',(806.659004598,835.921407751,105.9));
#1206=DIRECTION('',(-1.,0.,0.));
#1207=VECTOR('',#1206,11.9);
#1208=LINE('',#1205,#1207);
#1209=EDGE_CURVE('',#938,#1204,#1208,.T.);
#1210=ORIENTED_EDGE('',*,*,#1209,.T.);
#1211=CARTESIAN_POINT('',(794.759004598,846.39447471,105.9));
#1212=VERTEX_POINT('',#1211);
#1213=CARTESIAN_POINT('',(794.759004598,835.921407751,105.9));
#1214=DIRECTION('',(0.,1.,0.));
#1215=VECTOR('',#1214,10.473066959);
#1216=LINE('',#1213,#1215);
#1217=EDGE_CURVE('',#1204,#1212,#1216,.T.);
#1218=ORIENTED_EDGE('',*,*,#1217,.T.);
#1219=CARTESIAN_POINT('',(784.285937639,846.39447471,105.9));
#1220=VERTEX_POINT('',#1219);
#1221=CARTESIAN_POINT('',(794.759004598,846.39447471,105.9));
#1222=DIRECTION('',(-1.,0.,0.));
#1223=VECTOR('',#1222,10.473066959);
#1224=LINE('',#1221,#1223);
#1225=EDGE_CURVE('',#1212,#1220,#1224,.T.);
#1226=ORIENTED_EDGE('',*,*,#1225,.T.);
#1227=CARTESIAN_POINT('',(784.285937639,846.39447471,105.9));
#1228=DIRECTION('',(0.,1.,0.));
#1229=VECTOR('',#1228,11.9);
#1230=LINE('',#1227,#1229);
#1231=EDGE_CURVE('',#1220,#1084,#1230,.T.);
#1232=ORIENTED_EDGE('',*,*,#1231,.T.);
#1233=EDGE_LOOP('',(#1179,#1187,#1195,#1201,#1202,#1210,#1218,#1226,#1232));
#1234=FACE_BOUND('',#1233,.T.);
#1235=ADVANCED_FACE('',(#1234),#1178,.F.);
#1236=CARTESIAN_POINT('',(800.309004598,834.121407751,104.9));
#1237=DIRECTION('',(0.,-0.707106781,0.707106781));
#1238=DIRECTION('',(1.,0.,0.));
#1239=AXIS2_PLACEMENT_3D('',#1236,#1237,#1238);
#1240=PLANE('',#1239);
#1241=ORIENTED_EDGE('',*,*,#957,.F.);
#1242=ORIENTED_EDGE('',*,*,#1200,.F.);
#1243=CARTESIAN_POINT('',(793.544791035,834.121407751,104.9));
#1244=DIRECTION('',(0.281084638,0.678598345,0.678598345));
#1245=VECTOR('',#1244,1.473625758);
#1246=LINE('',#1243,#1245);
#1247=EDGE_CURVE('',#968,#1189,#1246,.T.);
#1248=ORIENTED_EDGE('',*,*,#1247,.F.);
#1249=ORIENTED_EDGE('',*,*,#988,.F.);
#1250=EDGE_LOOP('',(#1241,#1242,#1248,#1249));
#1251=FACE_BOUND('',#1250,.T.);
#1252=ADVANCED_FACE('',(#1251),#1240,.T.);
#1253=CARTESIAN_POINT('',(788.722471118,840.357941231,105.9));
#1254=DIRECTION('',(0.5,0.5,-0.707106781));
#1255=DIRECTION('',(0.707106781,-0.707106781,0.));
#1256=AXIS2_PLACEMENT_3D('',#1253,#1254,#1255);
#1257=PLANE('',#1256);
#1258=ORIENTED_EDGE('',*,*,#1247,.T.);
#1259=ORIENTED_EDGE('',*,*,#1194,.F.);
#1260=CARTESIAN_POINT('',(782.485937639,845.180261148,104.9));
#1261=DIRECTION('',(0.678598345,0.281084638,0.678598345));
#1262=VECTOR('',#1261,1.473625758);
#1263=LINE('',#1260,#1262);
#1264=EDGE_CURVE('',#999,#1181,#1263,.T.);
#1265=ORIENTED_EDGE('',*,*,#1264,.F.);
#1266=ORIENTED_EDGE('',*,*,#1019,.F.);
#1267=EDGE_LOOP('',(#1258,#1259,#1265,#1266));
#1268=FACE_BOUND('',#1267,.T.);
#1269=ADVANCED_FACE('',(#1268),#1257,.F.);
#1270=CARTESIAN_POINT('',(783.485937639,872.09447471,105.9));
#1271=DIRECTION('',(0.707106781,0.,-0.707106781));
#1272=DIRECTION('',(0.,-1.,0.));
#1273=AXIS2_PLACEMENT_3D('',#1270,#1271,#1272);
#1274=PLANE('',#1273);
#1275=ORIENTED_EDGE('',*,*,#1081,.F.);
#1276=ORIENTED_EDGE('',*,*,#1050,.F.);
#1277=ORIENTED_EDGE('',*,*,#1264,.T.);
#1278=ORIENTED_EDGE('',*,*,#1186,.F.);
#1279=EDGE_LOOP('',(#1275,#1276,#1277,#1278));
#1280=FACE_BOUND('',#1279,.T.);
#1281=ADVANCED_FACE('',(#1280),#1274,.F.);
#1282=CARTESIAN_POINT('',(801.309004598,836.921407751,104.9));
#1283=DIRECTION('',(0.,0.707106781,0.707106781));
#1284=DIRECTION('',(-1.,0.,0.));
#1285=AXIS2_PLACEMENT_3D('',#1282,#1283,#1284);
#1286=PLANE('',#1285);
#1287=ORIENTED_EDGE('',*,*,#943,.F.);
#1288=ORIENTED_EDGE('',*,*,#894,.F.);
#1289=CARTESIAN_POINT('',(794.759004598,835.921407751,105.9));
#1290=DIRECTION('',(0.577350269,0.577350269,-0.577350269));
#1291=VECTOR('',#1290,1.732050808);
#1292=LINE('',#1289,#1291);
#1293=EDGE_CURVE('',#1204,#881,#1292,.T.);
#1294=ORIENTED_EDGE('',*,*,#1293,.F.);
#1295=ORIENTED_EDGE('',*,*,#1209,.F.);
#1296=EDGE_LOOP('',(#1287,#1288,#1294,#1295));
#1297=FACE_BOUND('',#1296,.T.);
#1298=ADVANCED_FACE('',(#1297),#1286,.T.);
#1299=CARTESIAN_POINT('',(795.759004598,842.357941231,104.9));
#1300=DIRECTION('',(0.707106781,-0.,0.707106781));
#1301=DIRECTION('',(0.,1.,0.));
#1302=AXIS2_PLACEMENT_3D('',#1299,#1300,#1301);
#1303=PLANE('',#1302);
#1304=ORIENTED_EDGE('',*,*,#1293,.T.);
#1305=ORIENTED_EDGE('',*,*,#1167,.F.);
#1306=CARTESIAN_POINT('',(794.759004598,846.39447471,105.9));
#1307=DIRECTION('',(0.577350269,0.577350269,-0.577350269));
#1308=VECTOR('',#1307,1.732050808);
#1309=LINE('',#1306,#1308);
#1310=EDGE_CURVE('',#1212,#1140,#1309,.T.);
#1311=ORIENTED_EDGE('',*,*,#1310,.F.);
#1312=ORIENTED_EDGE('',*,*,#1217,.F.);
#1313=EDGE_LOOP('',(#1304,#1305,#1311,#1312));
#1314=FACE_BOUND('',#1313,.T.);
#1315=ADVANCED_FACE('',(#1314),#1303,.T.);
#1316=CARTESIAN_POINT('',(820.459004598,846.39447471,105.9));
#1317=DIRECTION('',(-0.,-0.707106781,-0.707106781));
#1318=DIRECTION('',(-1.,0.,0.));
#1319=AXIS2_PLACEMENT_3D('',#1316,#1317,#1318);
#1320=PLANE('',#1319);
#1321=ORIENTED_EDGE('',*,*,#1310,.T.);
#1322=ORIENTED_EDGE('',*,*,#1145,.F.);
#1323=CARTESIAN_POINT('',(784.285937639,846.39447471,105.9));
#1324=DIRECTION('',(0.577350269,0.577350269,-0.577350269));
#1325=VECTOR('',#1324,1.732050808);
#1326=LINE('',#1323,#1325);
#1327=EDGE_CURVE('',#1220,#1116,#1326,.T.);
#1328=ORIENTED_EDGE('',*,*,#1327,.F.);
#1329=ORIENTED_EDGE('',*,*,#1225,.F.);
#1330=EDGE_LOOP('',(#1321,#1322,#1328,#1329));
#1331=FACE_BOUND('',#1330,.T.);
#1332=ADVANCED_FACE('',(#1331),#1320,.F.);
#1333=CARTESIAN_POINT('',(784.285937639,872.09447471,105.9));
#1334=DIRECTION('',(-0.707106781,0.,-0.707106781));
#1335=DIRECTION('',(0.,1.,0.));
#1336=AXIS2_PLACEMENT_3D('',#1333,#1334,#1335);
#1337=PLANE('',#1336);
#1338=ORIENTED_EDGE('',*,*,#1327,.T.);
#1339=ORIENTED_EDGE('',*,*,#1121,.F.);
#1340=ORIENTED_EDGE('',*,*,#1097,.F.);
#1341=ORIENTED_EDGE('',*,*,#1231,.F.);
#1342=EDGE_LOOP('',(#1338,#1339,#1340,#1341));
#1343=FACE_BOUND('',#1342,.T.);
#1344=ADVANCED_FACE('',(#1343),#1337,.F.);
#1345=CARTESIAN_POINT('',(855.632071557,852.94447471,105.9));
#1346=DIRECTION('',(-1.,0.,0.));
#1347=DIRECTION('',(-0.,0.,-1.));
#1348=AXIS2_PLACEMENT_3D('',#1345,#1346,#1347);
#1349=PLANE('',#1348);
#1350=CARTESIAN_POINT('',(855.632071557,847.39447471,104.9));
#1351=VERTEX_POINT('',#1350);
#1352=CARTESIAN_POINT('',(855.632071557,847.39447471,104.9));
#1353=DIRECTION('',(-0.,0.,-1.));
#1354=VECTOR('',#1353,8.);
#1355=LINE('',#1352,#1354);
#1356=EDGE_CURVE('',#1351,#784,#1355,.T.);
#1357=ORIENTED_EDGE('',*,*,#1356,.F.);
#1358=CARTESIAN_POINT('',(855.632071557,858.29447471,104.9));
#1359=VERTEX_POINT('',#1358);
#1360=CARTESIAN_POINT('',(855.632071557,847.39447471,104.9));
#1361=DIRECTION('',(0.,1.,0.));
#1362=VECTOR('',#1361,10.9);
#1363=LINE('',#1360,#1362);
#1364=EDGE_CURVE('',#1351,#1359,#1363,.T.);
#1365=ORIENTED_EDGE('',*,*,#1364,.T.);
#1366=CARTESIAN_POINT('',(855.632071557,858.29447471,104.9));
#1367=DIRECTION('',(-0.,0.,-1.));
#1368=VECTOR('',#1367,8.);
#1369=LINE('',#1366,#1368);
#1370=EDGE_CURVE('',#1359,#792,#1369,.T.);
#1371=ORIENTED_EDGE('',*,*,#1370,.T.);
#1372=ORIENTED_EDGE('',*,*,#797,.F.);
#1373=EDGE_LOOP('',(#1357,#1365,#1371,#1372));
#1374=FACE_BOUND('',#1373,.T.);
#1375=ADVANCED_FACE('',(#1374),#1349,.T.);
#1376=CARTESIAN_POINT('',(856.432071557,858.29447471,105.9));
#1377=DIRECTION('',(0.,1.,0.));
#1378=DIRECTION('',(-0.,0.,-1.));
#1379=AXIS2_PLACEMENT_3D('',#1376,#1377,#1378);
#1380=PLANE('',#1379);
#1381=CARTESIAN_POINT('',(858.432071557,858.29447471,104.9));
#1382=VERTEX_POINT('',#1381);
#1383=CARTESIAN_POINT('',(858.432071557,858.29447471,94.6));
#1384=VERTEX_POINT('',#1383);
#1385=CARTESIAN_POINT('',(858.432071557,858.29447471,104.9));
#1386=DIRECTION('',(-0.,0.,-1.));
#1387=VECTOR('',#1386,10.3);
#1388=LINE('',#1385,#1387);
#1389=EDGE_CURVE('',#1382,#1384,#1388,.T.);
#1390=ORIENTED_EDGE('',*,*,#1389,.T.);
#1391=CARTESIAN_POINT('',(841.322571443,858.29447471,94.6));
#1392=VERTEX_POINT('',#1391);
#1393=CARTESIAN_POINT('',(858.432071557,858.29447471,94.6));
#1394=DIRECTION('',(-1.,0.,0.));
#1395=VECTOR('',#1394,17.109500114);
#1396=LINE('',#1393,#1395);
#1397=EDGE_CURVE('',#1384,#1392,#1396,.T.);
#1398=ORIENTED_EDGE('',*,*,#1397,.T.);
#1399=CARTESIAN_POINT('',(841.322571443,858.29447471,94.6));
#1400=DIRECTION('',(0.,0.,1.));
#1401=VECTOR('',#1400,2.3);
#1402=LINE('',#1399,#1401);
#1403=EDGE_CURVE('',#1392,#800,#1402,.T.);
#1404=ORIENTED_EDGE('',*,*,#1403,.T.);
#1405=ORIENTED_EDGE('',*,*,#805,.F.);
#1406=ORIENTED_EDGE('',*,*,#1370,.F.);
#1407=CARTESIAN_POINT('',(856.632071557,858.29447471,105.9));
#1408=VERTEX_POINT('',#1407);
#1409=CARTESIAN_POINT('',(855.632071557,858.29447471,104.9));
#1410=DIRECTION('',(0.707106781,-0.,0.707106781));
#1411=VECTOR('',#1410,1.414213562);
#1412=LINE('',#1409,#1411);
#1413=EDGE_CURVE('',#1359,#1408,#1412,.T.);
#1414=ORIENTED_EDGE('',*,*,#1413,.T.);
#1415=CARTESIAN_POINT('',(857.432071557,858.29447471,105.9));
#1416=VERTEX_POINT('',#1415);
#1417=CARTESIAN_POINT('',(856.632071557,858.29447471,105.9));
#1418=DIRECTION('',(1.,-0.,-0.));
#1419=VECTOR('',#1418,0.8);
#1420=LINE('',#1417,#1419);
#1421=EDGE_CURVE('',#1408,#1416,#1420,.T.);
#1422=ORIENTED_EDGE('',*,*,#1421,.T.);
#1423=CARTESIAN_POINT('',(857.432071557,858.29447471,105.9));
#1424=DIRECTION('',(0.707106781,0.,-0.707106781));
#1425=VECTOR('',#1424,1.414213562);
#1426=LINE('',#1423,#1425);
#1427=EDGE_CURVE('',#1416,#1382,#1426,.T.);
#1428=ORIENTED_EDGE('',*,*,#1427,.T.);
#1429=EDGE_LOOP('',(#1390,#1398,#1404,#1405,#1406,#1414,#1422,#1428));
#1430=FACE_BOUND('',#1429,.T.);
#1431=ADVANCED_FACE('',(#1430),#1380,.T.);
#1432=CARTESIAN_POINT('',(858.432071557,851.94447471,105.9));
#1433=DIRECTION('',(1.,-0.,-0.));
#1434=DIRECTION('',(0.,0.,1.));
#1435=AXIS2_PLACEMENT_3D('',#1432,#1433,#1434);
#1436=PLANE('',#1435);
#1437=CARTESIAN_POINT('',(858.432071557,845.180261148,104.9));
#1438=VERTEX_POINT('',#1437);
#1439=CARTESIAN_POINT('',(858.432071557,845.180261148,94.6));
#1440=VERTEX_POINT('',#1439);
#1441=CARTESIAN_POINT('',(858.432071557,845.180261148,104.9));
#1442=DIRECTION('',(-0.,0.,-1.));
#1443=VECTOR('',#1442,10.3);
#1444=LINE('',#1441,#1443);
#1445=EDGE_CURVE('',#1438,#1440,#1444,.T.);
#1446=ORIENTED_EDGE('',*,*,#1445,.T.);
#1447=CARTESIAN_POINT('',(858.432071557,845.180261148,94.6));
#1448=DIRECTION('',(0.,1.,0.));
#1449=VECTOR('',#1448,13.114213562);
#1450=LINE('',#1447,#1449);
#1451=EDGE_CURVE('',#1440,#1384,#1450,.T.);
#1452=ORIENTED_EDGE('',*,*,#1451,.T.);
#1453=ORIENTED_EDGE('',*,*,#1389,.F.);
#1454=CARTESIAN_POINT('',(858.432071557,858.29447471,104.9));
#1455=DIRECTION('',(-0.,-1.,-0.));
#1456=VECTOR('',#1455,13.114213562);
#1457=LINE('',#1454,#1456);
#1458=EDGE_CURVE('',#1382,#1438,#1457,.T.);
#1459=ORIENTED_EDGE('',*,*,#1458,.T.);
#1460=EDGE_LOOP('',(#1446,#1452,#1453,#1459));
#1461=FACE_BOUND('',#1460,.T.);
#1462=ADVANCED_FACE('',(#1461),#1436,.T.);
#1463=CARTESIAN_POINT('',(852.902644858,839.65083445,105.9));
#1464=DIRECTION('',(-0.707106781,0.707106781,0.));
#1465=DIRECTION('',(0.707106781,0.707106781,-0.));
#1466=AXIS2_PLACEMENT_3D('',#1463,#1464,#1465);
#1467=PLANE('',#1466);
#1468=CARTESIAN_POINT('',(847.37321816,834.121407751,104.9));
#1469=VERTEX_POINT('',#1468);
#1470=CARTESIAN_POINT('',(847.37321816,834.121407751,94.6));
#1471=VERTEX_POINT('',#1470);
#1472=CARTESIAN_POINT('',(847.37321816,834.121407751,104.9));
#1473=DIRECTION('',(-0.,0.,-1.));
#1474=VECTOR('',#1473,10.3);
#1475=LINE('',#1472,#1474);
#1476=EDGE_CURVE('',#1469,#1471,#1475,.T.);
#1477=ORIENTED_EDGE('',*,*,#1476,.T.);
#1478=CARTESIAN_POINT('',(847.37321816,834.121407751,94.6));
#1479=DIRECTION('',(0.707106781,0.707106781,0.));
#1480=VECTOR('',#1479,15.639580458);
#1481=LINE('',#1478,#1480);
#1482=EDGE_CURVE('',#1471,#1440,#1481,.T.);
#1483=ORIENTED_EDGE('',*,*,#1482,.T.);
#1484=ORIENTED_EDGE('',*,*,#1445,.F.);
#1485=CARTESIAN_POINT('',(858.432071557,845.180261148,104.9));
#1486=DIRECTION('',(-0.707106781,-0.707106781,0.));
#1487=VECTOR('',#1486,15.639580458);
#1488=LINE('',#1485,#1487);
#1489=EDGE_CURVE('',#1438,#1469,#1488,.T.);
#1490=ORIENTED_EDGE('',*,*,#1489,.T.);
#1491=EDGE_LOOP('',(#1477,#1483,#1484,#1490));
#1492=FACE_BOUND('',#1491,.T.);
#1493=ADVANCED_FACE('',(#1492),#1467,.F.);
#1494=CARTESIAN_POINT('',(845.959004598,834.121407751,105.9));
#1495=DIRECTION('',(0.,1.,0.));
#1496=DIRECTION('',(-0.,0.,-1.));
#1497=AXIS2_PLACEMENT_3D('',#1494,#1495,#1496);
#1498=PLANE('',#1497);
#1499=CARTESIAN_POINT('',(834.259004598,834.121407751,104.9));
#1500=VERTEX_POINT('',#1499);
#1501=CARTESIAN_POINT('',(834.259004598,834.121407751,94.6));
#1502=VERTEX_POINT('',#1501);
#1503=CARTESIAN_POINT('',(834.259004598,834.121407751,104.9));
#1504=DIRECTION('',(-0.,0.,-1.));
#1505=VECTOR('',#1504,10.3);
#1506=LINE('',#1503,#1505);
#1507=EDGE_CURVE('',#1500,#1502,#1506,.T.);
#1508=ORIENTED_EDGE('',*,*,#1507,.T.);
#1509=CARTESIAN_POINT('',(834.259004598,834.121407751,94.6));
#1510=DIRECTION('',(1.,-0.,0.));
#1511=VECTOR('',#1510,13.114213562);
#1512=LINE('',#1509,#1511);
#1513=EDGE_CURVE('',#1502,#1471,#1512,.T.);
#1514=ORIENTED_EDGE('',*,*,#1513,.T.);
#1515=ORIENTED_EDGE('',*,*,#1476,.F.);
#1516=CARTESIAN_POINT('',(847.37321816,834.121407751,104.9));
#1517=DIRECTION('',(-1.,0.,0.));
#1518=VECTOR('',#1517,13.114213562);
#1519=LINE('',#1516,#1518);
#1520=EDGE_CURVE('',#1469,#1500,#1519,.T.);
#1521=ORIENTED_EDGE('',*,*,#1520,.T.);
#1522=EDGE_LOOP('',(#1508,#1514,#1515,#1521));
#1523=FACE_BOUND('',#1522,.T.);
#1524=ADVANCED_FACE('',(#1523),#1498,.F.);
#1525=CARTESIAN_POINT('',(834.259004598,836.121407751,105.9));
#1526=DIRECTION('',(1.,-0.,-0.));
#1527=DIRECTION('',(-0.,-1.,0.));
#1528=AXIS2_PLACEMENT_3D('',#1525,#1526,#1527);
#1529=PLANE('',#1528);
#1530=CARTESIAN_POINT('',(834.259004598,851.230907865,94.6));
#1531=VERTEX_POINT('',#1530);
#1532=CARTESIAN_POINT('',(834.259004598,851.230907865,94.6));
#1533=DIRECTION('',(0.,0.,1.));
#1534=VECTOR('',#1533,2.3);
#1535=LINE('',#1532,#1534);
#1536=EDGE_CURVE('',#1531,#752,#1535,.T.);
#1537=ORIENTED_EDGE('',*,*,#1536,.F.);
#1538=CARTESIAN_POINT('',(834.259004598,851.230907865,94.6));
#1539=DIRECTION('',(-0.,-1.,0.));
#1540=VECTOR('',#1539,17.109500114);
#1541=LINE('',#1538,#1540);
#1542=EDGE_CURVE('',#1531,#1502,#1541,.T.);
#1543=ORIENTED_EDGE('',*,*,#1542,.T.);
#1544=ORIENTED_EDGE('',*,*,#1507,.F.);
#1545=CARTESIAN_POINT('',(834.259004598,835.121407751,105.9));
#1546=VERTEX_POINT('',#1545);
#1547=CARTESIAN_POINT('',(834.259004598,834.121407751,104.9));
#1548=DIRECTION('',(0.,0.707106781,0.707106781));
#1549=VECTOR('',#1548,1.414213562);
#1550=LINE('',#1547,#1549);
#1551=EDGE_CURVE('',#1500,#1546,#1550,.T.);
#1552=ORIENTED_EDGE('',*,*,#1551,.T.);
#1553=CARTESIAN_POINT('',(834.259004598,835.921407751,105.9));
#1554=VERTEX_POINT('',#1553);
#1555=CARTESIAN_POINT('',(834.259004598,835.921407751,105.9));
#1556=DIRECTION('',(-0.,-1.,-0.));
#1557=VECTOR('',#1556,0.8);
#1558=LINE('',#1555,#1557);
#1559=EDGE_CURVE('',#1554,#1546,#1558,.T.);
#1560=ORIENTED_EDGE('',*,*,#1559,.F.);
#1561=CARTESIAN_POINT('',(834.259004598,836.921407751,104.9));
#1562=VERTEX_POINT('',#1561);
#1563=CARTESIAN_POINT('',(834.259004598,835.921407751,105.9));
#1564=DIRECTION('',(0.,0.707106781,-0.707106781));
#1565=VECTOR('',#1564,1.414213562);
#1566=LINE('',#1563,#1565);
#1567=EDGE_CURVE('',#1554,#1562,#1566,.T.);
#1568=ORIENTED_EDGE('',*,*,#1567,.T.);
#1569=CARTESIAN_POINT('',(834.259004598,836.921407751,104.9));
#1570=DIRECTION('',(-0.,0.,-1.));
#1571=VECTOR('',#1570,8.);
#1572=LINE('',#1569,#1571);
#1573=EDGE_CURVE('',#1562,#760,#1572,.T.);
#1574=ORIENTED_EDGE('',*,*,#1573,.T.);
#1575=ORIENTED_EDGE('',*,*,#765,.F.);
#1576=EDGE_LOOP('',(#1537,#1543,#1544,#1552,#1560,#1568,#1574,#1575));
#1577=FACE_BOUND('',#1576,.T.);
#1578=ADVANCED_FACE('',(#1577),#1529,.F.);
#1579=CARTESIAN_POINT('',(839.609004598,836.921407751,105.9));
#1580=DIRECTION('',(-0.,-1.,-0.));
#1581=DIRECTION('',(-1.,0.,0.));
#1582=AXIS2_PLACEMENT_3D('',#1579,#1580,#1581);
#1583=PLANE('',#1582);
#1584=ORIENTED_EDGE('',*,*,#1573,.F.);
#1585=CARTESIAN_POINT('',(845.159004598,836.921407751,104.9));
#1586=VERTEX_POINT('',#1585);
#1587=CARTESIAN_POINT('',(834.259004598,836.921407751,104.9));
#1588=DIRECTION('',(1.,-0.,-0.));
#1589=VECTOR('',#1588,10.9);
#1590=LINE('',#1587,#1589);
#1591=EDGE_CURVE('',#1562,#1586,#1590,.T.);
#1592=ORIENTED_EDGE('',*,*,#1591,.T.);
#1593=CARTESIAN_POINT('',(845.159004598,836.921407751,104.9));
#1594=DIRECTION('',(-0.,0.,-1.));
#1595=VECTOR('',#1594,8.);
#1596=LINE('',#1593,#1595);
#1597=EDGE_CURVE('',#1586,#768,#1596,.T.);
#1598=ORIENTED_EDGE('',*,*,#1597,.T.);
#1599=ORIENTED_EDGE('',*,*,#773,.T.);
#1600=EDGE_LOOP('',(#1584,#1592,#1598,#1599));
#1601=FACE_BOUND('',#1600,.T.);
#1602=ADVANCED_FACE('',(#1601),#1583,.F.);
#1603=CARTESIAN_POINT('',(845.159004598,842.357941231,105.9));
#1604=DIRECTION('',(1.,-0.,-0.));
#1605=DIRECTION('',(-0.,-1.,0.));
#1606=AXIS2_PLACEMENT_3D('',#1603,#1604,#1605);
#1607=PLANE('',#1606);
#1608=ORIENTED_EDGE('',*,*,#1597,.F.);
#1609=CARTESIAN_POINT('',(845.159004598,847.39447471,104.9));
#1610=VERTEX_POINT('',#1609);
#1611=CARTESIAN_POINT('',(845.159004598,836.921407751,104.9));
#1612=DIRECTION('',(0.,1.,0.));
#1613=VECTOR('',#1612,10.473066959);
#1614=LINE('',#1611,#1613);
#1615=EDGE_CURVE('',#1586,#1610,#1614,.T.);
#1616=ORIENTED_EDGE('',*,*,#1615,.T.);
#1617=CARTESIAN_POINT('',(845.159004598,847.39447471,104.9));
#1618=DIRECTION('',(-0.,0.,-1.));
#1619=VECTOR('',#1618,8.);
#1620=LINE('',#1617,#1619);
#1621=EDGE_CURVE('',#1610,#776,#1620,.T.);
#1622=ORIENTED_EDGE('',*,*,#1621,.T.);
#1623=ORIENTED_EDGE('',*,*,#781,.T.);
#1624=EDGE_LOOP('',(#1608,#1616,#1622,#1623));
#1625=FACE_BOUND('',#1624,.T.);
#1626=ADVANCED_FACE('',(#1625),#1607,.F.);
#1627=CARTESIAN_POINT('',(850.195538077,847.39447471,105.9));
#1628=DIRECTION('',(0.,1.,0.));
#1629=DIRECTION('',(1.,-0.,-0.));
#1630=AXIS2_PLACEMENT_3D('',#1627,#1628,#1629);
#1631=PLANE('',#1630);
#1632=ORIENTED_EDGE('',*,*,#1621,.F.);
#1633=CARTESIAN_POINT('',(845.159004598,847.39447471,104.9));
#1634=DIRECTION('',(1.,-0.,-0.));
#1635=VECTOR('',#1634,10.473066959);
#1636=LINE('',#1633,#1635);
#1637=EDGE_CURVE('',#1610,#1351,#1636,.T.);
#1638=ORIENTED_EDGE('',*,*,#1637,.T.);
#1639=ORIENTED_EDGE('',*,*,#1356,.T.);
#1640=ORIENTED_EDGE('',*,*,#789,.F.);
#1641=EDGE_LOOP('',(#1632,#1638,#1639,#1640));
#1642=FACE_BOUND('',#1641,.T.);
#1643=ADVANCED_FACE('',(#1642),#1631,.T.);
#1644=CARTESIAN_POINT('',(820.459004598,872.09447471,105.9));
#1645=DIRECTION('',(-0.,0.,-1.));
#1646=DIRECTION('',(0.,1.,0.));
#1647=AXIS2_PLACEMENT_3D('',#1644,#1645,#1646);
#1648=PLANE('',#1647);
#1649=ORIENTED_EDGE('',*,*,#1559,.T.);
#1650=CARTESIAN_POINT('',(846.959004598,835.121407751,105.9));
#1651=VERTEX_POINT('',#1650);
#1652=CARTESIAN_POINT('',(834.259004598,835.121407751,105.9));
#1653=DIRECTION('',(1.,-0.,-0.));
#1654=VECTOR('',#1653,12.7);
#1655=LINE('',#1652,#1654);
#1656=EDGE_CURVE('',#1546,#1651,#1655,.T.);
#1657=ORIENTED_EDGE('',*,*,#1656,.T.);
#1658=CARTESIAN_POINT('',(857.432071557,845.59447471,105.9));
#1659=VERTEX_POINT('',#1658);
#1660=CARTESIAN_POINT('',(846.959004598,835.121407751,105.9));
#1661=DIRECTION('',(0.707106781,0.707106781,-0.));
#1662=VECTOR('',#1661,14.811153333);
#1663=LINE('',#1660,#1662);
#1664=EDGE_CURVE('',#1651,#1659,#1663,.T.);
#1665=ORIENTED_EDGE('',*,*,#1664,.T.);
#1666=CARTESIAN_POINT('',(857.432071557,845.59447471,105.9));
#1667=DIRECTION('',(0.,1.,0.));
#1668=VECTOR('',#1667,12.7);
#1669=LINE('',#1666,#1668);
#1670=EDGE_CURVE('',#1659,#1416,#1669,.T.);
#1671=ORIENTED_EDGE('',*,*,#1670,.T.);
#1672=ORIENTED_EDGE('',*,*,#1421,.F.);
#1673=CARTESIAN_POINT('',(856.632071557,846.39447471,105.9));
#1674=VERTEX_POINT('',#1673);
#1675=CARTESIAN_POINT('',(856.632071557,858.29447471,105.9));
#1676=DIRECTION('',(-0.,-1.,-0.));
#1677=VECTOR('',#1676,11.9);
#1678=LINE('',#1675,#1677);
#1679=EDGE_CURVE('',#1408,#1674,#1678,.T.);
#1680=ORIENTED_EDGE('',*,*,#1679,.T.);
#1681=CARTESIAN_POINT('',(846.159004598,846.39447471,105.9));
#1682=VERTEX_POINT('',#1681);
#1683=CARTESIAN_POINT('',(856.632071557,846.39447471,105.9));
#1684=DIRECTION('',(-1.,0.,0.));
#1685=VECTOR('',#1684,10.473066959);
#1686=LINE('',#1683,#1685);
#1687=EDGE_CURVE('',#1674,#1682,#1686,.T.);
#1688=ORIENTED_EDGE('',*,*,#1687,.T.);
#1689=CARTESIAN_POINT('',(846.159004598,835.921407751,105.9));
#1690=VERTEX_POINT('',#1689);
#1691=CARTESIAN_POINT('',(846.159004598,846.39447471,105.9));
#1692=DIRECTION('',(-0.,-1.,-0.));
#1693=VECTOR('',#1692,10.473066959);
#1694=LINE('',#1691,#1693);
#1695=EDGE_CURVE('',#1682,#1690,#1694,.T.);
#1696=ORIENTED_EDGE('',*,*,#1695,.T.);
#1697=CARTESIAN_POINT('',(846.159004598,835.921407751,105.9));
#1698=DIRECTION('',(-1.,0.,0.));
#1699=VECTOR('',#1698,11.9);
#1700=LINE('',#1697,#1699);
#1701=EDGE_CURVE('',#1690,#1554,#1700,.T.);
#1702=ORIENTED_EDGE('',*,*,#1701,.T.);
#1703=EDGE_LOOP('',(#1649,#1657,#1665,#1671,#1672,#1680,#1688,#1696,#1702));
#1704=FACE_BOUND('',#1703,.T.);
#1705=ADVANCED_FACE('',(#1704),#1648,.F.);
#1706=CARTESIAN_POINT('',(858.432071557,851.94447471,104.9));
#1707=DIRECTION('',(0.707106781,-0.,0.707106781));
#1708=DIRECTION('',(0.,1.,0.));
#1709=AXIS2_PLACEMENT_3D('',#1706,#1707,#1708);
#1710=PLANE('',#1709);
#1711=ORIENTED_EDGE('',*,*,#1427,.F.);
#1712=ORIENTED_EDGE('',*,*,#1670,.F.);
#1713=CARTESIAN_POINT('',(858.432071557,845.180261148,104.9));
#1714=DIRECTION('',(-0.678598345,0.281084638,0.678598345));
#1715=VECTOR('',#1714,1.473625758);
#1716=LINE('',#1713,#1715);
#1717=EDGE_CURVE('',#1438,#1659,#1716,.T.);
#1718=ORIENTED_EDGE('',*,*,#1717,.F.);
#1719=ORIENTED_EDGE('',*,*,#1458,.F.);
#1720=EDGE_LOOP('',(#1711,#1712,#1718,#1719));
#1721=FACE_BOUND('',#1720,.T.);
#1722=ADVANCED_FACE('',(#1721),#1710,.T.);
#1723=CARTESIAN_POINT('',(852.195538077,840.357941231,105.9));
#1724=DIRECTION('',(-0.5,0.5,-0.707106781));
#1725=DIRECTION('',(0.707106781,0.707106781,0.));
#1726=AXIS2_PLACEMENT_3D('',#1723,#1724,#1725);
#1727=PLANE('',#1726);
#1728=ORIENTED_EDGE('',*,*,#1717,.T.);
#1729=ORIENTED_EDGE('',*,*,#1664,.F.);
#1730=CARTESIAN_POINT('',(847.37321816,834.121407751,104.9));
#1731=DIRECTION('',(-0.281084638,0.678598345,0.678598345));
#1732=VECTOR('',#1731,1.473625758);
#1733=LINE('',#1730,#1732);
#1734=EDGE_CURVE('',#1469,#1651,#1733,.T.);
#1735=ORIENTED_EDGE('',*,*,#1734,.F.);
#1736=ORIENTED_EDGE('',*,*,#1489,.F.);
#1737=EDGE_LOOP('',(#1728,#1729,#1735,#1736));
#1738=FACE_BOUND('',#1737,.T.);
#1739=ADVANCED_FACE('',(#1738),#1727,.F.);
#1740=CARTESIAN_POINT('',(820.459004598,835.121407751,105.9));
#1741=DIRECTION('',(-0.,0.707106781,-0.707106781));
#1742=DIRECTION('',(1.,-0.,-0.));
#1743=AXIS2_PLACEMENT_3D('',#1740,#1741,#1742);
#1744=PLANE('',#1743);
#1745=ORIENTED_EDGE('',*,*,#1551,.F.);
#1746=ORIENTED_EDGE('',*,*,#1520,.F.);
#1747=ORIENTED_EDGE('',*,*,#1734,.T.);
#1748=ORIENTED_EDGE('',*,*,#1656,.F.);
#1749=EDGE_LOOP('',(#1745,#1746,#1747,#1748));
#1750=FACE_BOUND('',#1749,.T.);
#1751=ADVANCED_FACE('',(#1750),#1744,.F.);
#1752=CARTESIAN_POINT('',(855.632071557,852.94447471,104.9));
#1753=DIRECTION('',(-0.707106781,-0.,0.707106781));
#1754=DIRECTION('',(-0.,-1.,-0.));
#1755=AXIS2_PLACEMENT_3D('',#1752,#1753,#1754);
#1756=PLANE('',#1755);
#1757=ORIENTED_EDGE('',*,*,#1413,.F.);
#1758=ORIENTED_EDGE('',*,*,#1364,.F.);
#1759=CARTESIAN_POINT('',(856.632071557,846.39447471,105.9));
#1760=DIRECTION('',(-0.577350269,0.577350269,-0.577350269));
#1761=VECTOR('',#1760,1.732050808);
#1762=LINE('',#1759,#1761);
#1763=EDGE_CURVE('',#1674,#1351,#1762,.T.);
#1764=ORIENTED_EDGE('',*,*,#1763,.F.);
#1765=ORIENTED_EDGE('',*,*,#1679,.F.);
#1766=EDGE_LOOP('',(#1757,#1758,#1764,#1765));
#1767=FACE_BOUND('',#1766,.T.);
#1768=ADVANCED_FACE('',(#1767),#1756,.T.);
#1769=CARTESIAN_POINT('',(850.195538077,847.39447471,104.9));
#1770=DIRECTION('',(0.,0.707106781,0.707106781));
#1771=DIRECTION('',(-1.,0.,0.));
#1772=AXIS2_PLACEMENT_3D('',#1769,#1770,#1771);
#1773=PLANE('',#1772);
#1774=ORIENTED_EDGE('',*,*,#1763,.T.);
#1775=ORIENTED_EDGE('',*,*,#1637,.F.);
#1776=CARTESIAN_POINT('',(846.159004598,846.39447471,105.9));
#1777=DIRECTION('',(-0.577350269,0.577350269,-0.577350269));
#1778=VECTOR('',#1777,1.732050808);
#1779=LINE('',#1776,#1778);
#1780=EDGE_CURVE('',#1682,#1610,#1779,.T.);
#1781=ORIENTED_EDGE('',*,*,#1780,.F.);
#1782=ORIENTED_EDGE('',*,*,#1687,.F.);
#1783=EDGE_LOOP('',(#1774,#1775,#1781,#1782));
#1784=FACE_BOUND('',#1783,.T.);
#1785=ADVANCED_FACE('',(#1784),#1773,.T.);
#1786=CARTESIAN_POINT('',(846.159004598,872.09447471,105.9));
#1787=DIRECTION('',(0.707106781,-0.,-0.707106781));
#1788=DIRECTION('',(-0.,-1.,-0.));
#1789=AXIS2_PLACEMENT_3D('',#1786,#1787,#1788);
#1790=PLANE('',#1789);
#1791=ORIENTED_EDGE('',*,*,#1780,.T.);
#1792=ORIENTED_EDGE('',*,*,#1615,.F.);
#1793=CARTESIAN_POINT('',(846.159004598,835.921407751,105.9));
#1794=DIRECTION('',(-0.577350269,0.577350269,-0.577350269));
#1795=VECTOR('',#1794,1.732050808);
#1796=LINE('',#1793,#1795);
#1797=EDGE_CURVE('',#1690,#1586,#1796,.T.);
#1798=ORIENTED_EDGE('',*,*,#1797,.F.);
#1799=ORIENTED_EDGE('',*,*,#1695,.F.);
#1800=EDGE_LOOP('',(#1791,#1792,#1798,#1799));
#1801=FACE_BOUND('',#1800,.T.);
#1802=ADVANCED_FACE('',(#1801),#1790,.F.);
#1803=CARTESIAN_POINT('',(820.459004598,835.921407751,105.9));
#1804=DIRECTION('',(-0.,-0.707106781,-0.707106781));
#1805=DIRECTION('',(-1.,0.,0.));
#1806=AXIS2_PLACEMENT_3D('',#1803,#1804,#1805);
#1807=PLANE('',#1806);
#1808=ORIENTED_EDGE('',*,*,#1797,.T.);
#1809=ORIENTED_EDGE('',*,*,#1591,.F.);
#1810=ORIENTED_EDGE('',*,*,#1567,.F.);
#1811=ORIENTED_EDGE('',*,*,#1701,.F.);
#1812=EDGE_LOOP('',(#1808,#1809,#1810,#1811));
#1813=FACE_BOUND('',#1812,.T.);
#1814=ADVANCED_FACE('',(#1813),#1807,.F.);
#1815=CARTESIAN_POINT('',(839.609004598,907.267541669,105.9));
#1816=DIRECTION('',(-0.,-1.,0.));
#1817=DIRECTION('',(-0.,0.,-1.));
#1818=AXIS2_PLACEMENT_3D('',#1815,#1816,#1817);
#1819=PLANE('',#1818);
#1820=CARTESIAN_POINT('',(845.159004598,907.267541669,104.9));
#1821=VERTEX_POINT('',#1820);
#1822=CARTESIAN_POINT('',(845.159004598,907.267541669,104.9));
#1823=DIRECTION('',(-0.,0.,-1.));
#1824=VECTOR('',#1823,8.);
#1825=LINE('',#1822,#1824);
#1826=EDGE_CURVE('',#1821,#840,#1825,.T.);
#1827=ORIENTED_EDGE('',*,*,#1826,.F.);
#1828=CARTESIAN_POINT('',(834.259004598,907.267541669,104.9));
#1829=VERTEX_POINT('',#1828);
#1830=CARTESIAN_POINT('',(845.159004598,907.267541669,104.9));
#1831=DIRECTION('',(-1.,0.,0.));
#1832=VECTOR('',#1831,10.9);
#1833=LINE('',#1830,#1832);
#1834=EDGE_CURVE('',#1821,#1829,#1833,.T.);
#1835=ORIENTED_EDGE('',*,*,#1834,.T.);
#1836=CARTESIAN_POINT('',(834.259004598,907.267541669,104.9));
#1837=DIRECTION('',(-0.,0.,-1.));
#1838=VECTOR('',#1837,8.);
#1839=LINE('',#1836,#1838);
#1840=EDGE_CURVE('',#1829,#848,#1839,.T.);
#1841=ORIENTED_EDGE('',*,*,#1840,.T.);
#1842=ORIENTED_EDGE('',*,*,#853,.F.);
#1843=EDGE_LOOP('',(#1827,#1835,#1841,#1842));
#1844=FACE_BOUND('',#1843,.T.);
#1845=ADVANCED_FACE('',(#1844),#1819,.T.);
#1846=CARTESIAN_POINT('',(834.259004598,908.067541669,105.9));
#1847=DIRECTION('',(-1.,0.,0.));
#1848=DIRECTION('',(-0.,0.,-1.));
#1849=AXIS2_PLACEMENT_3D('',#1846,#1847,#1848);
#1850=PLANE('',#1849);
#1851=CARTESIAN_POINT('',(834.259004598,910.067541669,104.9));
#1852=VERTEX_POINT('',#1851);
#1853=CARTESIAN_POINT('',(834.259004598,910.067541669,94.6));
#1854=VERTEX_POINT('',#1853);
#1855=CARTESIAN_POINT('',(834.259004598,910.067541669,104.9));
#1856=DIRECTION('',(-0.,0.,-1.));
#1857=VECTOR('',#1856,10.3);
#1858=LINE('',#1855,#1857);
#1859=EDGE_CURVE('',#1852,#1854,#1858,.T.);
#1860=ORIENTED_EDGE('',*,*,#1859,.T.);
#1861=CARTESIAN_POINT('',(834.259004598,892.958041555,94.6));
#1862=VERTEX_POINT('',#1861);
#1863=CARTESIAN_POINT('',(834.259004598,910.067541669,94.6));
#1864=DIRECTION('',(-0.,-1.,0.));
#1865=VECTOR('',#1864,17.109500114);
#1866=LINE('',#1863,#1865);
#1867=EDGE_CURVE('',#1854,#1862,#1866,.T.);
#1868=ORIENTED_EDGE('',*,*,#1867,.T.);
#1869=CARTESIAN_POINT('',(834.259004598,892.958041555,94.6));
#1870=DIRECTION('',(0.,0.,1.));
#1871=VECTOR('',#1870,2.3);
#1872=LINE('',#1869,#1871);
#1873=EDGE_CURVE('',#1862,#856,#1872,.T.);
#1874=ORIENTED_EDGE('',*,*,#1873,.T.);
#1875=ORIENTED_EDGE('',*,*,#861,.F.);
#1876=ORIENTED_EDGE('',*,*,#1840,.F.);
#1877=CARTESIAN_POINT('',(834.259004598,908.267541669,105.9));
#1878=VERTEX_POINT('',#1877);
#1879=CARTESIAN_POINT('',(834.259004598,907.267541669,104.9));
#1880=DIRECTION('',(0.,0.707106781,0.707106781));
#1881=VECTOR('',#1880,1.414213562);
#1882=LINE('',#1879,#1881);
#1883=EDGE_CURVE('',#1829,#1878,#1882,.T.);
#1884=ORIENTED_EDGE('',*,*,#1883,.T.);
#1885=CARTESIAN_POINT('',(834.259004598,909.067541669,105.9));
#1886=VERTEX_POINT('',#1885);
#1887=CARTESIAN_POINT('',(834.259004598,908.267541669,105.9));
#1888=DIRECTION('',(0.,1.,-0.));
#1889=VECTOR('',#1888,0.8);
#1890=LINE('',#1887,#1889);
#1891=EDGE_CURVE('',#1878,#1886,#1890,.T.);
#1892=ORIENTED_EDGE('',*,*,#1891,.T.);
#1893=CARTESIAN_POINT('',(834.259004598,909.067541669,105.9));
#1894=DIRECTION('',(-0.,0.707106781,-0.707106781));
#1895=VECTOR('',#1894,1.414213562);
#1896=LINE('',#1893,#1895);
#1897=EDGE_CURVE('',#1886,#1852,#1896,.T.);
#1898=ORIENTED_EDGE('',*,*,#1897,.T.);
#1899=EDGE_LOOP('',(#1860,#1868,#1874,#1875,#1876,#1884,#1892,#1898));
#1900=FACE_BOUND('',#1899,.T.);
#1901=ADVANCED_FACE('',(#1900),#1850,.T.);
#1902=CARTESIAN_POINT('',(840.609004598,910.067541669,105.9));
#1903=DIRECTION('',(0.,1.,-0.));
#1904=DIRECTION('',(0.,0.,1.));
#1905=AXIS2_PLACEMENT_3D('',#1902,#1903,#1904);
#1906=PLANE('',#1905);
#1907=CARTESIAN_POINT('',(847.37321816,910.067541669,104.9));
#1908=VERTEX_POINT('',#1907);
#1909=CARTESIAN_POINT('',(847.37321816,910.067541669,94.6));
#1910=VERTEX_POINT('',#1909);
#1911=CARTESIAN_POINT('',(847.37321816,910.067541669,104.9));
#1912=DIRECTION('',(-0.,0.,-1.));
#1913=VECTOR('',#1912,10.3);
#1914=LINE('',#1911,#1913);
#1915=EDGE_CURVE('',#1908,#1910,#1914,.T.);
#1916=ORIENTED_EDGE('',*,*,#1915,.T.);
#1917=CARTESIAN_POINT('',(847.37321816,910.067541669,94.6));
#1918=DIRECTION('',(-1.,0.,0.));
#1919=VECTOR('',#1918,13.114213562);
#1920=LINE('',#1917,#1919);
#1921=EDGE_CURVE('',#1910,#1854,#1920,.T.);
#1922=ORIENTED_EDGE('',*,*,#1921,.T.);
#1923=ORIENTED_EDGE('',*,*,#1859,.F.);
#1924=CARTESIAN_POINT('',(834.259004598,910.067541669,104.9));
#1925=DIRECTION('',(1.,-0.,-0.));
#1926=VECTOR('',#1925,13.114213562);
#1927=LINE('',#1924,#1926);
#1928=EDGE_CURVE('',#1852,#1908,#1927,.T.);
#1929=ORIENTED_EDGE('',*,*,#1928,.T.);
#1930=EDGE_LOOP('',(#1916,#1922,#1923,#1929));
#1931=FACE_BOUND('',#1930,.T.);
#1932=ADVANCED_FACE('',(#1931),#1906,.T.);
#1933=CARTESIAN_POINT('',(852.902644858,904.538114971,105.9));
#1934=DIRECTION('',(-0.707106781,-0.707106781,0.));
#1935=DIRECTION('',(-0.707106781,0.707106781,0.));
#1936=AXIS2_PLACEMENT_3D('',#1933,#1934,#1935);
#1937=PLANE('',#1936);
#1938=CARTESIAN_POINT('',(858.432071557,899.008688273,104.9));
#1939=VERTEX_POINT('',#1938);
#1940=CARTESIAN_POINT('',(858.432071557,899.008688273,94.6));
#1941=VERTEX_POINT('',#1940);
#1942=CARTESIAN_POINT('',(858.432071557,899.008688273,104.9));
#1943=DIRECTION('',(-0.,0.,-1.));
#1944=VECTOR('',#1943,10.3);
#1945=LINE('',#1942,#1944);
#1946=EDGE_CURVE('',#1939,#1941,#1945,.T.);
#1947=ORIENTED_EDGE('',*,*,#1946,.T.);
#1948=CARTESIAN_POINT('',(858.432071557,899.008688273,94.6));
#1949=DIRECTION('',(-0.707106781,0.707106781,0.));
#1950=VECTOR('',#1949,15.639580458);
#1951=LINE('',#1948,#1950);
#1952=EDGE_CURVE('',#1941,#1910,#1951,.T.);
#1953=ORIENTED_EDGE('',*,*,#1952,.T.);
#1954=ORIENTED_EDGE('',*,*,#1915,.F.);
#1955=CARTESIAN_POINT('',(847.37321816,910.067541669,104.9));
#1956=DIRECTION('',(0.707106781,-0.707106781,-0.));
#1957=VECTOR('',#1956,15.639580458);
#1958=LINE('',#1955,#1957);
#1959=EDGE_CURVE('',#1908,#1939,#1958,.T.);
#1960=ORIENTED_EDGE('',*,*,#1959,.T.);
#1961=EDGE_LOOP('',(#1947,#1953,#1954,#1960));
#1962=FACE_BOUND('',#1961,.T.);
#1963=ADVANCED_FACE('',(#1962),#1937,.F.);
#1964=CARTESIAN_POINT('',(858.432071557,897.59447471,105.9));
#1965=DIRECTION('',(-1.,0.,0.));
#1966=DIRECTION('',(-0.,0.,-1.));
#1967=AXIS2_PLACEMENT_3D('',#1964,#1965,#1966);
#1968=PLANE('',#1967);
#1969=CARTESIAN_POINT('',(858.432071557,885.89447471,104.9));
#1970=VERTEX_POINT('',#1969);
#1971=CARTESIAN_POINT('',(858.432071557,885.89447471,94.6));
#1972=VERTEX_POINT('',#1971);
#1973=CARTESIAN_POINT('',(858.432071557,885.89447471,104.9));
#1974=DIRECTION('',(-0.,0.,-1.));
#1975=VECTOR('',#1974,10.3);
#1976=LINE('',#1973,#1975);
#1977=EDGE_CURVE('',#1970,#1972,#1976,.T.);
#1978=ORIENTED_EDGE('',*,*,#1977,.T.);
#1979=CARTESIAN_POINT('',(858.432071557,885.89447471,94.6));
#1980=DIRECTION('',(0.,1.,0.));
#1981=VECTOR('',#1980,13.114213562);
#1982=LINE('',#1979,#1981);
#1983=EDGE_CURVE('',#1972,#1941,#1982,.T.);
#1984=ORIENTED_EDGE('',*,*,#1983,.T.);
#1985=ORIENTED_EDGE('',*,*,#1946,.F.);
#1986=CARTESIAN_POINT('',(858.432071557,899.008688273,104.9));
#1987=DIRECTION('',(-0.,-1.,0.));
#1988=VECTOR('',#1987,13.114213562);
#1989=LINE('',#1986,#1988);
#1990=EDGE_CURVE('',#1939,#1970,#1989,.T.);
#1991=ORIENTED_EDGE('',*,*,#1990,.T.);
#1992=EDGE_LOOP('',(#1978,#1984,#1985,#1991));
#1993=FACE_BOUND('',#1992,.T.);
#1994=ADVANCED_FACE('',(#1993),#1968,.F.);
#1995=CARTESIAN_POINT('',(856.432071557,885.89447471,105.9));
#1996=DIRECTION('',(0.,1.,-0.));
#1997=DIRECTION('',(1.,-0.,-0.));
#1998=AXIS2_PLACEMENT_3D('',#1995,#1996,#1997);
#1999=PLANE('',#1998);
#2000=CARTESIAN_POINT('',(841.322571443,885.89447471,94.6));
#2001=VERTEX_POINT('',#2000);
#2002=CARTESIAN_POINT('',(841.322571443,885.89447471,94.6));
#2003=DIRECTION('',(0.,0.,1.));
#2004=VECTOR('',#2003,2.3);
#2005=LINE('',#2002,#2004);
#2006=EDGE_CURVE('',#2001,#808,#2005,.T.);
#2007=ORIENTED_EDGE('',*,*,#2006,.F.);
#2008=CARTESIAN_POINT('',(841.322571443,885.89447471,94.6));
#2009=DIRECTION('',(1.,-0.,0.));
#2010=VECTOR('',#2009,17.109500114);
#2011=LINE('',#2008,#2010);
#2012=EDGE_CURVE('',#2001,#1972,#2011,.T.);
#2013=ORIENTED_EDGE('',*,*,#2012,.T.);
#2014=ORIENTED_EDGE('',*,*,#1977,.F.);
#2015=CARTESIAN_POINT('',(857.432071557,885.89447471,105.9));
#2016=VERTEX_POINT('',#2015);
#2017=CARTESIAN_POINT('',(858.432071557,885.89447471,104.9));
#2018=DIRECTION('',(-0.707106781,0.,0.707106781));
#2019=VECTOR('',#2018,1.414213562);
#2020=LINE('',#2017,#2019);
#2021=EDGE_CURVE('',#1970,#2016,#2020,.T.);
#2022=ORIENTED_EDGE('',*,*,#2021,.T.);
#2023=CARTESIAN_POINT('',(856.632071557,885.89447471,105.9));
#2024=VERTEX_POINT('',#2023);
#2025=CARTESIAN_POINT('',(856.632071557,885.89447471,105.9));
#2026=DIRECTION('',(1.,-0.,-0.));
#2027=VECTOR('',#2026,0.8);
#2028=LINE('',#2025,#2027);
#2029=EDGE_CURVE('',#2024,#2016,#2028,.T.);
#2030=ORIENTED_EDGE('',*,*,#2029,.F.);
#2031=CARTESIAN_POINT('',(855.632071557,885.89447471,104.9));
#2032=VERTEX_POINT('',#2031);
#2033=CARTESIAN_POINT('',(856.632071557,885.89447471,105.9));
#2034=DIRECTION('',(-0.707106781,0.,-0.707106781));
#2035=VECTOR('',#2034,1.414213562);
#2036=LINE('',#2033,#2035);
#2037=EDGE_CURVE('',#2024,#2032,#2036,.T.);
#2038=ORIENTED_EDGE('',*,*,#2037,.T.);
#2039=CARTESIAN_POINT('',(855.632071557,885.89447471,104.9));
#2040=DIRECTION('',(-0.,0.,-1.));
#2041=VECTOR('',#2040,8.);
#2042=LINE('',#2039,#2041);
#2043=EDGE_CURVE('',#2032,#816,#2042,.T.);
#2044=ORIENTED_EDGE('',*,*,#2043,.T.);
#2045=ORIENTED_EDGE('',*,*,#821,.F.);
#2046=EDGE_LOOP('',(#2007,#2013,#2014,#2022,#2030,#2038,#2044,#2045));
#2047=FACE_BOUND('',#2046,.T.);
#2048=ADVANCED_FACE('',(#2047),#1999,.F.);
#2049=CARTESIAN_POINT('',(855.632071557,891.24447471,105.9));
#2050=DIRECTION('',(1.,-0.,-0.));
#2051=DIRECTION('',(-0.,-1.,0.));
#2052=AXIS2_PLACEMENT_3D('',#2049,#2050,#2051);
#2053=PLANE('',#2052);
#2054=ORIENTED_EDGE('',*,*,#2043,.F.);
#2055=CARTESIAN_POINT('',(855.632071557,896.79447471,104.9));
#2056=VERTEX_POINT('',#2055);
#2057=CARTESIAN_POINT('',(855.632071557,885.89447471,104.9));
#2058=DIRECTION('',(0.,1.,-0.));
#2059=VECTOR('',#2058,10.9);
#2060=LINE('',#2057,#2059);
#2061=EDGE_CURVE('',#2032,#2056,#2060,.T.);
#2062=ORIENTED_EDGE('',*,*,#2061,.T.);
#2063=CARTESIAN_POINT('',(855.632071557,896.79447471,104.9));
#2064=DIRECTION('',(-0.,0.,-1.));
#2065=VECTOR('',#2064,8.);
#2066=LINE('',#2063,#2065);
#2067=EDGE_CURVE('',#2056,#824,#2066,.T.);
#2068=ORIENTED_EDGE('',*,*,#2067,.T.);
#2069=ORIENTED_EDGE('',*,*,#829,.T.);
#2070=EDGE_LOOP('',(#2054,#2062,#2068,#2069));
#2071=FACE_BOUND('',#2070,.T.);
#2072=ADVANCED_FACE('',(#2071),#2053,.F.);
#2073=CARTESIAN_POINT('',(850.195538077,896.79447471,105.9));
#2074=DIRECTION('',(0.,1.,-0.));
#2075=DIRECTION('',(1.,-0.,-0.));
#2076=AXIS2_PLACEMENT_3D('',#2073,#2074,#2075);
#2077=PLANE('',#2076);
#2078=ORIENTED_EDGE('',*,*,#2067,.F.);
#2079=CARTESIAN_POINT('',(845.159004598,896.79447471,104.9));
#2080=VERTEX_POINT('',#2079);
#2081=CARTESIAN_POINT('',(855.632071557,896.79447471,104.9));
#2082=DIRECTION('',(-1.,0.,0.));
#2083=VECTOR('',#2082,10.473066959);
#2084=LINE('',#2081,#2083);
#2085=EDGE_CURVE('',#2056,#2080,#2084,.T.);
#2086=ORIENTED_EDGE('',*,*,#2085,.T.);
#2087=CARTESIAN_POINT('',(845.159004598,896.79447471,104.9));
#2088=DIRECTION('',(-0.,0.,-1.));
#2089=VECTOR('',#2088,8.);
#2090=LINE('',#2087,#2089);
#2091=EDGE_CURVE('',#2080,#832,#2090,.T.);
#2092=ORIENTED_EDGE('',*,*,#2091,.T.);
#2093=ORIENTED_EDGE('',*,*,#837,.T.);
#2094=EDGE_LOOP('',(#2078,#2086,#2092,#2093));
#2095=FACE_BOUND('',#2094,.T.);
#2096=ADVANCED_FACE('',(#2095),#2077,.F.);
#2097=CARTESIAN_POINT('',(845.159004598,901.83100819,105.9));
#2098=DIRECTION('',(-1.,0.,0.));
#2099=DIRECTION('',(0.,1.,-0.));
#2100=AXIS2_PLACEMENT_3D('',#2097,#2098,#2099);
#2101=PLANE('',#2100);
#2102=ORIENTED_EDGE('',*,*,#2091,.F.);
#2103=CARTESIAN_POINT('',(845.159004598,896.79447471,104.9));
#2104=DIRECTION('',(0.,1.,-0.));
#2105=VECTOR('',#2104,10.473066959);
#2106=LINE('',#2103,#2105);
#2107=EDGE_CURVE('',#2080,#1821,#2106,.T.);
#2108=ORIENTED_EDGE('',*,*,#2107,.T.);
#2109=ORIENTED_EDGE('',*,*,#1826,.T.);
#2110=ORIENTED_EDGE('',*,*,#845,.F.);
#2111=EDGE_LOOP('',(#2102,#2108,#2109,#2110));
#2112=FACE_BOUND('',#2111,.T.);
#2113=ADVANCED_FACE('',(#2112),#2101,.T.);
#2114=CARTESIAN_POINT('',(820.459004598,872.09447471,105.9));
#2115=DIRECTION('',(-0.,0.,-1.));
#2116=DIRECTION('',(-1.,0.,0.));
#2117=AXIS2_PLACEMENT_3D('',#2114,#2115,#2116);
#2118=PLANE('',#2117);
#2119=ORIENTED_EDGE('',*,*,#2029,.T.);
#2120=CARTESIAN_POINT('',(857.432071557,898.59447471,105.9));
#2121=VERTEX_POINT('',#2120);
#2122=CARTESIAN_POINT('',(857.432071557,885.89447471,105.9));
#2123=DIRECTION('',(0.,1.,-0.));
#2124=VECTOR('',#2123,12.7);
#2125=LINE('',#2122,#2124);
#2126=EDGE_CURVE('',#2016,#2121,#2125,.T.);
#2127=ORIENTED_EDGE('',*,*,#2126,.T.);
#2128=CARTESIAN_POINT('',(846.959004598,909.067541669,105.9));
#2129=VERTEX_POINT('',#2128);
#2130=CARTESIAN_POINT('',(857.432071557,898.59447471,105.9));
#2131=DIRECTION('',(-0.707106781,0.707106781,0.));
#2132=VECTOR('',#2131,14.811153333);
#2133=LINE('',#2130,#2132);
#2134=EDGE_CURVE('',#2121,#2129,#2133,.T.);
#2135=ORIENTED_EDGE('',*,*,#2134,.T.);
#2136=CARTESIAN_POINT('',(846.959004598,909.067541669,105.9));
#2137=DIRECTION('',(-1.,0.,0.));
#2138=VECTOR('',#2137,12.7);
#2139=LINE('',#2136,#2138);
#2140=EDGE_CURVE('',#2129,#1886,#2139,.T.);
#2141=ORIENTED_EDGE('',*,*,#2140,.T.);
#2142=ORIENTED_EDGE('',*,*,#1891,.F.);
#2143=CARTESIAN_POINT('',(846.159004598,908.267541669,105.9));
#2144=VERTEX_POINT('',#2143);
#2145=CARTESIAN_POINT('',(834.259004598,908.267541669,105.9));
#2146=DIRECTION('',(1.,-0.,-0.));
#2147=VECTOR('',#2146,11.9);
#2148=LINE('',#2145,#2147);
#2149=EDGE_CURVE('',#1878,#2144,#2148,.T.);
#2150=ORIENTED_EDGE('',*,*,#2149,.T.);
#2151=CARTESIAN_POINT('',(846.159004598,897.79447471,105.9));
#2152=VERTEX_POINT('',#2151);
#2153=CARTESIAN_POINT('',(846.159004598,908.267541669,105.9));
#2154=DIRECTION('',(-0.,-1.,0.));
#2155=VECTOR('',#2154,10.473066959);
#2156=LINE('',#2153,#2155);
#2157=EDGE_CURVE('',#2144,#2152,#2156,.T.);
#2158=ORIENTED_EDGE('',*,*,#2157,.T.);
#2159=CARTESIAN_POINT('',(856.632071557,897.79447471,105.9));
#2160=VERTEX_POINT('',#2159);
#2161=CARTESIAN_POINT('',(846.159004598,897.79447471,105.9));
#2162=DIRECTION('',(1.,-0.,-0.));
#2163=VECTOR('',#2162,10.473066959);
#2164=LINE('',#2161,#2163);
#2165=EDGE_CURVE('',#2152,#2160,#2164,.T.);
#2166=ORIENTED_EDGE('',*,*,#2165,.T.);
#2167=CARTESIAN_POINT('',(856.632071557,897.79447471,105.9));
#2168=DIRECTION('',(-0.,-1.,0.));
#2169=VECTOR('',#2168,11.9);
#2170=LINE('',#2167,#2169);
#2171=EDGE_CURVE('',#2160,#2024,#2170,.T.);
#2172=ORIENTED_EDGE('',*,*,#2171,.T.);
#2173=EDGE_LOOP('',(#2119,#2127,#2135,#2141,#2142,#2150,#2158,#2166,#2172));
#2174=FACE_BOUND('',#2173,.T.);
#2175=ADVANCED_FACE('',(#2174),#2118,.F.);
#2176=CARTESIAN_POINT('',(840.609004598,910.067541669,104.9));
#2177=DIRECTION('',(0.,0.707106781,0.707106781));
#2178=DIRECTION('',(-1.,0.,0.));
#2179=AXIS2_PLACEMENT_3D('',#2176,#2177,#2178);
#2180=PLANE('',#2179);
#2181=ORIENTED_EDGE('',*,*,#1897,.F.);
#2182=ORIENTED_EDGE('',*,*,#2140,.F.);
#2183=CARTESIAN_POINT('',(847.37321816,910.067541669,104.9));
#2184=DIRECTION('',(-0.281084638,-0.678598345,0.678598345));
#2185=VECTOR('',#2184,1.473625758);
#2186=LINE('',#2183,#2185);
#2187=EDGE_CURVE('',#1908,#2129,#2186,.T.);
#2188=ORIENTED_EDGE('',*,*,#2187,.F.);
#2189=ORIENTED_EDGE('',*,*,#1928,.F.);
#2190=EDGE_LOOP('',(#2181,#2182,#2188,#2189));
#2191=FACE_BOUND('',#2190,.T.);
#2192=ADVANCED_FACE('',(#2191),#2180,.T.);
#2193=CARTESIAN_POINT('',(852.195538077,903.83100819,105.9));
#2194=DIRECTION('',(-0.5,-0.5,-0.707106781));
#2195=DIRECTION('',(-0.707106781,0.707106781,0.));
#2196=AXIS2_PLACEMENT_3D('',#2193,#2194,#2195);
#2197=PLANE('',#2196);
#2198=ORIENTED_EDGE('',*,*,#2187,.T.);
#2199=ORIENTED_EDGE('',*,*,#2134,.F.);
#2200=CARTESIAN_POINT('',(858.432071557,899.008688273,104.9));
#2201=DIRECTION('',(-0.678598345,-0.281084638,0.678598345));
#2202=VECTOR('',#2201,1.473625758);
#2203=LINE('',#2200,#2202);
#2204=EDGE_CURVE('',#1939,#2121,#2203,.T.);
#2205=ORIENTED_EDGE('',*,*,#2204,.F.);
#2206=ORIENTED_EDGE('',*,*,#1959,.F.);
#2207=EDGE_LOOP('',(#2198,#2199,#2205,#2206));
#2208=FACE_BOUND('',#2207,.T.);
#2209=ADVANCED_FACE('',(#2208),#2197,.F.);
#2210=CARTESIAN_POINT('',(857.432071557,872.09447471,105.9));
#2211=DIRECTION('',(-0.707106781,0.,-0.707106781));
#2212=DIRECTION('',(0.,1.,-0.));
#2213=AXIS2_PLACEMENT_3D('',#2210,#2211,#2212);
#2214=PLANE('',#2213);
#2215=ORIENTED_EDGE('',*,*,#2021,.F.);
#2216=ORIENTED_EDGE('',*,*,#1990,.F.);
#2217=ORIENTED_EDGE('',*,*,#2204,.T.);
#2218=ORIENTED_EDGE('',*,*,#2126,.F.);
#2219=EDGE_LOOP('',(#2215,#2216,#2217,#2218));
#2220=FACE_BOUND('',#2219,.T.);
#2221=ADVANCED_FACE('',(#2220),#2214,.F.);
#2222=CARTESIAN_POINT('',(839.609004598,907.267541669,104.9));
#2223=DIRECTION('',(0.,-0.707106781,0.707106781));
#2224=DIRECTION('',(1.,-0.,-0.));
#2225=AXIS2_PLACEMENT_3D('',#2222,#2223,#2224);
#2226=PLANE('',#2225);
#2227=ORIENTED_EDGE('',*,*,#1883,.F.);
#2228=ORIENTED_EDGE('',*,*,#1834,.F.);
#2229=CARTESIAN_POINT('',(846.159004598,908.267541669,105.9));
#2230=DIRECTION('',(-0.577350269,-0.577350269,-0.577350269));
#2231=VECTOR('',#2230,1.732050808);
#2232=LINE('',#2229,#2231);
#2233=EDGE_CURVE('',#2144,#1821,#2232,.T.);
#2234=ORIENTED_EDGE('',*,*,#2233,.F.);
#2235=ORIENTED_EDGE('',*,*,#2149,.F.);
#2236=EDGE_LOOP('',(#2227,#2228,#2234,#2235));
#2237=FACE_BOUND('',#2236,.T.);
#2238=ADVANCED_FACE('',(#2237),#2226,.T.);
#2239=CARTESIAN_POINT('',(845.159004598,901.83100819,104.9));
#2240=DIRECTION('',(-0.707106781,0.,0.707106781));
#2241=DIRECTION('',(-0.,-1.,0.));
#2242=AXIS2_PLACEMENT_3D('',#2239,#2240,#2241);
#2243=PLANE('',#2242);
#2244=ORIENTED_EDGE('',*,*,#2233,.T.);
#2245=ORIENTED_EDGE('',*,*,#2107,.F.);
#2246=CARTESIAN_POINT('',(846.159004598,897.79447471,105.9));
#2247=DIRECTION('',(-0.577350269,-0.577350269,-0.577350269));
#2248=VECTOR('',#2247,1.732050808);
#2249=LINE('',#2246,#2248);
#2250=EDGE_CURVE('',#2152,#2080,#2249,.T.);
#2251=ORIENTED_EDGE('',*,*,#2250,.F.);
#2252=ORIENTED_EDGE('',*,*,#2157,.F.);
#2253=EDGE_LOOP('',(#2244,#2245,#2251,#2252));
#2254=FACE_BOUND('',#2253,.T.);
#2255=ADVANCED_FACE('',(#2254),#2243,.T.);
#2256=CARTESIAN_POINT('',(820.459004598,897.79447471,105.9));
#2257=DIRECTION('',(0.,0.707106781,-0.707106781));
#2258=DIRECTION('',(1.,-0.,-0.));
#2259=AXIS2_PLACEMENT_3D('',#2256,#2257,#2258);
#2260=PLANE('',#2259);
#2261=ORIENTED_EDGE('',*,*,#2250,.T.);
#2262=ORIENTED_EDGE('',*,*,#2085,.F.);
#2263=CARTESIAN_POINT('',(856.632071557,897.79447471,105.9));
#2264=DIRECTION('',(-0.577350269,-0.577350269,-0.577350269));
#2265=VECTOR('',#2264,1.732050808);
#2266=LINE('',#2263,#2265);
#2267=EDGE_CURVE('',#2160,#2056,#2266,.T.);
#2268=ORIENTED_EDGE('',*,*,#2267,.F.);
#2269=ORIENTED_EDGE('',*,*,#2165,.F.);
#2270=EDGE_LOOP('',(#2261,#2262,#2268,#2269));
#2271=FACE_BOUND('',#2270,.T.);
#2272=ADVANCED_FACE('',(#2271),#2260,.F.);
#2273=CARTESIAN_POINT('',(856.632071557,872.09447471,105.9));
#2274=DIRECTION('',(0.707106781,-0.,-0.707106781));
#2275=DIRECTION('',(-0.,-1.,0.));
#2276=AXIS2_PLACEMENT_3D('',#2273,#2274,#2275);
#2277=PLANE('',#2276);
#2278=ORIENTED_EDGE('',*,*,#2267,.T.);
#2279=ORIENTED_EDGE('',*,*,#2061,.F.);
#2280=ORIENTED_EDGE('',*,*,#2037,.F.);
#2281=ORIENTED_EDGE('',*,*,#2171,.F.);
#2282=EDGE_LOOP('',(#2278,#2279,#2280,#2281));
#2283=FACE_BOUND('',#2282,.T.);
#2284=ADVANCED_FACE('',(#2283),#2277,.F.);
#2285=CARTESIAN_POINT('',(799.595437753,872.09447471,93.9));
#2286=DIRECTION('',(-1.,0.,0.));
#2287=DIRECTION('',(0.,1.,-0.));
#2288=AXIS2_PLACEMENT_3D('',#2285,#2286,#2287);
#2289=PLANE('',#2288);
#2290=ORIENTED_EDGE('',*,*,#202,.F.);
#2291=CARTESIAN_POINT('',(799.595437753,885.89447471,94.6));
#2292=DIRECTION('',(-0.,-1.,0.));
#2293=VECTOR('',#2292,27.6);
#2294=LINE('',#2291,#2293);
#2295=EDGE_CURVE('',#189,#1061,#2294,.T.);
#2296=ORIENTED_EDGE('',*,*,#2295,.T.);
#2297=ORIENTED_EDGE('',*,*,#1066,.T.);
#2298=ORIENTED_EDGE('',*,*,#701,.F.);
#2299=EDGE_LOOP('',(#2290,#2296,#2297,#2298));
#2300=FACE_BOUND('',#2299,.T.);
#2301=ADVANCED_FACE('',(#2300),#2289,.T.);
#2302=CARTESIAN_POINT('',(820.459004598,892.958041555,93.9));
#2303=DIRECTION('',(0.,1.,0.));
#2304=DIRECTION('',(-0.,0.,-1.));
#2305=AXIS2_PLACEMENT_3D('',#2302,#2303,#2304);
#2306=PLANE('',#2305);
#2307=ORIENTED_EDGE('',*,*,#1873,.F.);
#2308=CARTESIAN_POINT('',(834.259004598,892.958041555,94.6));
#2309=DIRECTION('',(-1.,0.,0.));
#2310=VECTOR('',#2309,27.6);
#2311=LINE('',#2308,#2310);
#2312=EDGE_CURVE('',#1862,#335,#2311,.T.);
#2313=ORIENTED_EDGE('',*,*,#2312,.T.);
#2314=ORIENTED_EDGE('',*,*,#342,.T.);
#2315=ORIENTED_EDGE('',*,*,#867,.F.);
#2316=EDGE_LOOP('',(#2307,#2313,#2314,#2315));
#2317=FACE_BOUND('',#2316,.T.);
#2318=ADVANCED_FACE('',(#2317),#2306,.T.);
#2319=CARTESIAN_POINT('',(841.322571443,872.09447471,93.9));
#2320=DIRECTION('',(1.,0.,0.));
#2321=DIRECTION('',(0.,0.,-1.));
#2322=AXIS2_PLACEMENT_3D('',#2319,#2320,#2321);
#2323=PLANE('',#2322);
#2324=ORIENTED_EDGE('',*,*,#1403,.F.);
#2325=CARTESIAN_POINT('',(841.322571443,858.29447471,94.6));
#2326=DIRECTION('',(0.,1.,0.));
#2327=VECTOR('',#2326,27.6);
#2328=LINE('',#2325,#2327);
#2329=EDGE_CURVE('',#1392,#2001,#2328,.T.);
#2330=ORIENTED_EDGE('',*,*,#2329,.T.);
#2331=ORIENTED_EDGE('',*,*,#2006,.T.);
#2332=ORIENTED_EDGE('',*,*,#813,.F.);
#2333=EDGE_LOOP('',(#2324,#2330,#2331,#2332));
#2334=FACE_BOUND('',#2333,.T.);
#2335=ADVANCED_FACE('',(#2334),#2323,.T.);
#2336=CARTESIAN_POINT('',(820.459004598,851.230907865,93.9));
#2337=DIRECTION('',(0.,-1.,0.));
#2338=DIRECTION('',(0.,0.,1.));
#2339=AXIS2_PLACEMENT_3D('',#2336,#2337,#2338);
#2340=PLANE('',#2339);
#2341=ORIENTED_EDGE('',*,*,#933,.F.);
#2342=CARTESIAN_POINT('',(806.659004598,851.230907865,94.6));
#2343=DIRECTION('',(1.,0.,-0.));
#2344=VECTOR('',#2343,27.6);
#2345=LINE('',#2342,#2344);
#2346=EDGE_CURVE('',#922,#1531,#2345,.T.);
#2347=ORIENTED_EDGE('',*,*,#2346,.T.);
#2348=ORIENTED_EDGE('',*,*,#1536,.T.);
#2349=ORIENTED_EDGE('',*,*,#757,.F.);
#2350=EDGE_LOOP('',(#2341,#2347,#2348,#2349));
#2351=FACE_BOUND('',#2350,.T.);
#2352=ADVANCED_FACE('',(#2351),#2340,.T.);
#2353=CARTESIAN_POINT('',(820.459004598,872.09447471,93.9));
#2354=DIRECTION('',(0.,0.,-1.));
#2355=DIRECTION('',(0.,-1.,0.));
#2356=AXIS2_PLACEMENT_3D('',#2353,#2354,#2355);
#2357=PLANE('',#2356);
#2358=CARTESIAN_POINT('',(783.185937639,857.59447471,93.9));
#2359=VERTEX_POINT('',#2358);
#2360=CARTESIAN_POINT('',(800.295437753,857.59447471,93.9));
#2361=VERTEX_POINT('',#2360);
#2362=CARTESIAN_POINT('',(783.185937639,857.59447471,93.9));
#2363=DIRECTION('',(1.,-0.,0.));
#2364=VECTOR('',#2363,17.109500114);
#2365=LINE('',#2362,#2364);
#2366=EDGE_CURVE('',#2359,#2361,#2365,.T.);
#2367=ORIENTED_EDGE('',*,*,#2366,.T.);
#2368=CARTESIAN_POINT('',(800.295437753,886.59447471,93.9));
#2369=VERTEX_POINT('',#2368);
#2370=CARTESIAN_POINT('',(800.295437753,857.59447471,93.9));
#2371=DIRECTION('',(0.,1.,0.));
#2372=VECTOR('',#2371,29.);
#2373=LINE('',#2370,#2372);
#2374=EDGE_CURVE('',#2361,#2369,#2373,.T.);
#2375=ORIENTED_EDGE('',*,*,#2374,.T.);
#2376=CARTESIAN_POINT('',(783.185937639,886.59447471,93.9));
#2377=VERTEX_POINT('',#2376);
#2378=CARTESIAN_POINT('',(800.295437753,886.59447471,93.9));
#2379=DIRECTION('',(-1.,0.,0.));
#2380=VECTOR('',#2379,17.109500114);
#2381=LINE('',#2378,#2380);
#2382=EDGE_CURVE('',#2369,#2377,#2381,.T.);
#2383=ORIENTED_EDGE('',*,*,#2382,.T.);
#2384=CARTESIAN_POINT('',(783.185937639,898.718738779,93.9));
#2385=VERTEX_POINT('',#2384);
#2386=CARTESIAN_POINT('',(783.185937639,886.59447471,93.9));
#2387=DIRECTION('',(0.,1.,0.));
#2388=VECTOR('',#2387,12.124264069);
#2389=LINE('',#2386,#2388);
#2390=EDGE_CURVE('',#2377,#2385,#2389,.T.);
#2391=ORIENTED_EDGE('',*,*,#2390,.T.);
#2392=CARTESIAN_POINT('',(793.834740529,909.367541669,93.9));
#2393=VERTEX_POINT('',#2392);
#2394=CARTESIAN_POINT('',(783.185937639,898.718738779,93.9));
#2395=DIRECTION('',(0.707106781,0.707106781,0.));
#2396=VECTOR('',#2395,15.05968147);
#2397=LINE('',#2394,#2396);
#2398=EDGE_CURVE('',#2385,#2393,#2397,.T.);
#2399=ORIENTED_EDGE('',*,*,#2398,.T.);
#2400=CARTESIAN_POINT('',(805.959004598,909.367541669,93.9));
#2401=VERTEX_POINT('',#2400);
#2402=CARTESIAN_POINT('',(793.834740529,909.367541669,93.9));
#2403=DIRECTION('',(1.,-0.,0.));
#2404=VECTOR('',#2403,12.124264069);
#2405=LINE('',#2402,#2404);
#2406=EDGE_CURVE('',#2393,#2401,#2405,.T.);
#2407=ORIENTED_EDGE('',*,*,#2406,.T.);
#2408=CARTESIAN_POINT('',(805.959004598,892.258041555,93.9));
#2409=VERTEX_POINT('',#2408);
#2410=CARTESIAN_POINT('',(805.959004598,909.367541669,93.9));
#2411=DIRECTION('',(-0.,-1.,0.));
#2412=VECTOR('',#2411,17.109500114);
#2413=LINE('',#2410,#2412);
#2414=EDGE_CURVE('',#2401,#2409,#2413,.T.);
#2415=ORIENTED_EDGE('',*,*,#2414,.T.);
#2416=CARTESIAN_POINT('',(834.959004598,892.258041555,93.9));
#2417=VERTEX_POINT('',#2416);
#2418=CARTESIAN_POINT('',(805.959004598,892.258041555,93.9));
#2419=DIRECTION('',(1.,0.,-0.));
#2420=VECTOR('',#2419,29.);
#2421=LINE('',#2418,#2420);
#2422=EDGE_CURVE('',#2409,#2417,#2421,.T.);
#2423=ORIENTED_EDGE('',*,*,#2422,.T.);
#2424=CARTESIAN_POINT('',(834.959004598,909.367541669,93.9));
#2425=VERTEX_POINT('',#2424);
#2426=CARTESIAN_POINT('',(834.959004598,892.258041555,93.9));
#2427=DIRECTION('',(0.,1.,0.));
#2428=VECTOR('',#2427,17.109500114);
#2429=LINE('',#2426,#2428);
#2430=EDGE_CURVE('',#2417,#2425,#2429,.T.);
#2431=ORIENTED_EDGE('',*,*,#2430,.T.);
#2432=CARTESIAN_POINT('',(847.083268666,909.367541669,93.9));
#2433=VERTEX_POINT('',#2432);
#2434=CARTESIAN_POINT('',(834.959004598,909.367541669,93.9));
#2435=DIRECTION('',(1.,-0.,0.));
#2436=VECTOR('',#2435,12.124264069);
#2437=LINE('',#2434,#2436);
#2438=EDGE_CURVE('',#2425,#2433,#2437,.T.);
#2439=ORIENTED_EDGE('',*,*,#2438,.T.);
#2440=CARTESIAN_POINT('',(857.732071557,898.718738779,93.9));
#2441=VERTEX_POINT('',#2440);
#2442=CARTESIAN_POINT('',(847.083268666,909.367541669,93.9));
#2443=DIRECTION('',(0.707106781,-0.707106781,0.));
#2444=VECTOR('',#2443,15.05968147);
#2445=LINE('',#2442,#2444);
#2446=EDGE_CURVE('',#2433,#2441,#2445,.T.);
#2447=ORIENTED_EDGE('',*,*,#2446,.T.);
#2448=CARTESIAN_POINT('',(857.732071557,886.59447471,93.9));
#2449=VERTEX_POINT('',#2448);
#2450=CARTESIAN_POINT('',(857.732071557,898.718738779,93.9));
#2451=DIRECTION('',(-0.,-1.,0.));
#2452=VECTOR('',#2451,12.124264069);
#2453=LINE('',#2450,#2452);
#2454=EDGE_CURVE('',#2441,#2449,#2453,.T.);
#2455=ORIENTED_EDGE('',*,*,#2454,.T.);
#2456=CARTESIAN_POINT('',(840.622571443,886.59447471,93.9));
#2457=VERTEX_POINT('',#2456);
#2458=CARTESIAN_POINT('',(857.732071557,886.59447471,93.9));
#2459=DIRECTION('',(-1.,0.,0.));
#2460=VECTOR('',#2459,17.109500114);
#2461=LINE('',#2458,#2460);
#2462=EDGE_CURVE('',#2449,#2457,#2461,.T.);
#2463=ORIENTED_EDGE('',*,*,#2462,.T.);
#2464=CARTESIAN_POINT('',(840.622571443,857.59447471,93.9));
#2465=VERTEX_POINT('',#2464);
#2466=CARTESIAN_POINT('',(840.622571443,886.59447471,93.9));
#2467=DIRECTION('',(0.,-1.,0.));
#2468=VECTOR('',#2467,29.);
#2469=LINE('',#2466,#2468);
#2470=EDGE_CURVE('',#2457,#2465,#2469,.T.);
#2471=ORIENTED_EDGE('',*,*,#2470,.T.);
#2472=CARTESIAN_POINT('',(857.732071557,857.59447471,93.9));
#2473=VERTEX_POINT('',#2472);
#2474=CARTESIAN_POINT('',(840.622571443,857.59447471,93.9));
#2475=DIRECTION('',(1.,-0.,0.));
#2476=VECTOR('',#2475,17.109500114);
#2477=LINE('',#2474,#2476);
#2478=EDGE_CURVE('',#2465,#2473,#2477,.T.);
#2479=ORIENTED_EDGE('',*,*,#2478,.T.);
#2480=CARTESIAN_POINT('',(857.732071557,845.470210642,93.9));
#2481=VERTEX_POINT('',#2480);
#2482=CARTESIAN_POINT('',(857.732071557,857.59447471,93.9));
#2483=DIRECTION('',(-0.,-1.,0.));
#2484=VECTOR('',#2483,12.124264069);
#2485=LINE('',#2482,#2484);
#2486=EDGE_CURVE('',#2473,#2481,#2485,.T.);
#2487=ORIENTED_EDGE('',*,*,#2486,.T.);
#2488=CARTESIAN_POINT('',(847.083268666,834.821407751,93.9));
#2489=VERTEX_POINT('',#2488);
#2490=CARTESIAN_POINT('',(857.732071557,845.470210642,93.9));
#2491=DIRECTION('',(-0.707106781,-0.707106781,0.));
#2492=VECTOR('',#2491,15.05968147);
#2493=LINE('',#2490,#2492);
#2494=EDGE_CURVE('',#2481,#2489,#2493,.T.);
#2495=ORIENTED_EDGE('',*,*,#2494,.T.);
#2496=CARTESIAN_POINT('',(834.959004598,834.821407751,93.9));
#2497=VERTEX_POINT('',#2496);
#2498=CARTESIAN_POINT('',(847.083268666,834.821407751,93.9));
#2499=DIRECTION('',(-1.,0.,0.));
#2500=VECTOR('',#2499,12.124264069);
#2501=LINE('',#2498,#2500);
#2502=EDGE_CURVE('',#2489,#2497,#2501,.T.);
#2503=ORIENTED_EDGE('',*,*,#2502,.T.);
#2504=CARTESIAN_POINT('',(834.959004598,851.930907865,93.9));
#2505=VERTEX_POINT('',#2504);
#2506=CARTESIAN_POINT('',(834.959004598,834.821407751,93.9));
#2507=DIRECTION('',(0.,1.,0.));
#2508=VECTOR('',#2507,17.109500114);
#2509=LINE('',#2506,#2508);
#2510=EDGE_CURVE('',#2497,#2505,#2509,.T.);
#2511=ORIENTED_EDGE('',*,*,#2510,.T.);
#2512=CARTESIAN_POINT('',(805.959004598,851.930907865,93.9));
#2513=VERTEX_POINT('',#2512);
#2514=CARTESIAN_POINT('',(834.959004598,851.930907865,93.9));
#2515=DIRECTION('',(-1.,0.,0.));
#2516=VECTOR('',#2515,29.);
#2517=LINE('',#2514,#2516);
#2518=EDGE_CURVE('',#2505,#2513,#2517,.T.);
#2519=ORIENTED_EDGE('',*,*,#2518,.T.);
#2520=CARTESIAN_POINT('',(805.959004598,834.821407751,93.9));
#2521=VERTEX_POINT('',#2520);
#2522=CARTESIAN_POINT('',(805.959004598,851.930907865,93.9));
#2523=DIRECTION('',(0.,-1.,0.));
#2524=VECTOR('',#2523,17.109500114);
#2525=LINE('',#2522,#2524);
#2526=EDGE_CURVE('',#2513,#2521,#2525,.T.);
#2527=ORIENTED_EDGE('',*,*,#2526,.T.);
#2528=CARTESIAN_POINT('',(793.834740529,834.821407751,93.9));
#2529=VERTEX_POINT('',#2528);
#2530=CARTESIAN_POINT('',(805.959004598,834.821407751,93.9));
#2531=DIRECTION('',(-1.,0.,0.));
#2532=VECTOR('',#2531,12.124264069);
#2533=LINE('',#2530,#2532);
#2534=EDGE_CURVE('',#2521,#2529,#2533,.T.);
#2535=ORIENTED_EDGE('',*,*,#2534,.T.);
#2536=CARTESIAN_POINT('',(783.185937639,845.470210642,93.9));
#2537=VERTEX_POINT('',#2536);
#2538=CARTESIAN_POINT('',(793.834740529,834.821407751,93.9));
#2539=DIRECTION('',(-0.707106781,0.707106781,0.));
#2540=VECTOR('',#2539,15.05968147);
#2541=LINE('',#2538,#2540);
#2542=EDGE_CURVE('',#2529,#2537,#2541,.T.);
#2543=ORIENTED_EDGE('',*,*,#2542,.T.);
#2544=CARTESIAN_POINT('',(783.185937639,845.470210642,93.9));
#2545=DIRECTION('',(0.,1.,0.));
#2546=VECTOR('',#2545,12.124264069);
#2547=LINE('',#2544,#2546);
#2548=EDGE_CURVE('',#2537,#2359,#2547,.T.);
#2549=ORIENTED_EDGE('',*,*,#2548,.T.);
#2550=EDGE_LOOP('',(#2367,#2375,#2383,#2391,#2399,#2407,#2415,#2423,#2431,#2439,#2447,#2455,#2463,#2471,#2479,#2487,#2495,#2503,#2511,#2519,#2527,#2535,#2543,#2549));
#2551=FACE_BOUND('',#2550,.T.);
#2552=CARTESIAN_POINT('',(828.819723102,886.575663948,93.9));
#2553=VERTEX_POINT('',#2552);
#2554=CARTESIAN_POINT('',(837.180441607,872.09447471,93.9));
#2555=VERTEX_POINT('',#2554);
#2556=CARTESIAN_POINT('',(828.819723102,886.575663948,93.9));
#2557=DIRECTION('',(0.5,-0.866025404,0.));
#2558=VECTOR('',#2557,16.721437009);
#2559=LINE('',#2556,#2558);
#2560=EDGE_CURVE('',#2553,#2555,#2559,.T.);
#2561=ORIENTED_EDGE('',*,*,#2560,.F.);
#2562=CARTESIAN_POINT('',(812.098286093,886.575663948,93.9));
#2563=VERTEX_POINT('',#2562);
#2564=CARTESIAN_POINT('',(812.098286093,886.575663948,93.9));
#2565=DIRECTION('',(1.,0.,0.));
#2566=VECTOR('',#2565,16.721437009);
#2567=LINE('',#2564,#2566);
#2568=EDGE_CURVE('',#2563,#2553,#2567,.T.);
#2569=ORIENTED_EDGE('',*,*,#2568,.F.);
#2570=CARTESIAN_POINT('',(803.737567589,872.09447471,93.9));
#2571=VERTEX_POINT('',#2570);
#2572=CARTESIAN_POINT('',(803.737567589,872.09447471,93.9));
#2573=DIRECTION('',(0.5,0.866025404,0.));
#2574=VECTOR('',#2573,16.721437009);
#2575=LINE('',#2572,#2574);
#2576=EDGE_CURVE('',#2571,#2563,#2575,.T.);
#2577=ORIENTED_EDGE('',*,*,#2576,.F.);
#2578=CARTESIAN_POINT('',(812.098286093,857.613285473,93.9));
#2579=VERTEX_POINT('',#2578);
#2580=CARTESIAN_POINT('',(812.098286093,857.613285473,93.9));
#2581=DIRECTION('',(-0.5,0.866025404,0.));
#2582=VECTOR('',#2581,16.721437009);
#2583=LINE('',#2580,#2582);
#2584=EDGE_CURVE('',#2579,#2571,#2583,.T.);
#2585=ORIENTED_EDGE('',*,*,#2584,.F.);
#2586=CARTESIAN_POINT('',(828.819723102,857.613285473,93.9));
#2587=VERTEX_POINT('',#2586);
#2588=CARTESIAN_POINT('',(828.819723102,857.613285473,93.9));
#2589=DIRECTION('',(-1.,-0.,0.));
#2590=VECTOR('',#2589,16.721437009);
#2591=LINE('',#2588,#2590);
#2592=EDGE_CURVE('',#2587,#2579,#2591,.T.);
#2593=ORIENTED_EDGE('',*,*,#2592,.F.);
#2594=CARTESIAN_POINT('',(837.180441607,872.09447471,93.9));
#2595=DIRECTION('',(-0.5,-0.866025404,0.));
#2596=VECTOR('',#2595,16.721437009);
#2597=LINE('',#2594,#2596);
#2598=EDGE_CURVE('',#2555,#2587,#2597,.T.);
#2599=ORIENTED_EDGE('',*,*,#2598,.F.);
#2600=EDGE_LOOP('',(#2561,#2569,#2577,#2585,#2593,#2599));
#2601=FACE_BOUND('',#2600,.T.);
#2602=ADVANCED_FACE('',(#2551,#2601),#2357,.T.);
#2603=CARTESIAN_POINT('',(814.752986631,862.211361684,189.9));
#2604=DIRECTION('',(0.,-0.,-1.));
#2605=DIRECTION('',(-1.,0.,-0.));
#2606=AXIS2_PLACEMENT_3D('',#2603,#2604,#2605);
#2607=CYLINDRICAL_SURFACE('',#2606,1.75);
#2608=CARTESIAN_POINT('',(813.002986631,862.211361684,95.7));
#2609=VERTEX_POINT('',#2608);
#2610=CARTESIAN_POINT('',(813.002986631,862.211361684,93.9));
#2611=DIRECTION('',(-0.,0.,1.));
#2612=VECTOR('',#2611,1.8);
#2613=LINE('',#2610,#2612);
#2614=EDGE_CURVE('',#72,#2609,#2613,.T.);
#2615=ORIENTED_EDGE('',*,*,#2614,.F.);
#2616=ORIENTED_EDGE('',*,*,#78,.T.);
#2617=ORIENTED_EDGE('',*,*,#2614,.T.);
#2618=CARTESIAN_POINT('',(816.502986631,862.211361684,95.7));
#2619=VERTEX_POINT('',#2618);
#2620=CARTESIAN_POINT('',(814.752986631,862.211361684,95.7));
#2621=DIRECTION('',(0.,-0.,1.));
#2622=DIRECTION('',(-1.,0.,0.));
#2623=AXIS2_PLACEMENT_3D('',#2620,#2621,#2622);
#2624=CIRCLE('',#2623,1.75);
#2625=EDGE_CURVE('',#2609,#2619,#2624,.T.);
#2626=ORIENTED_EDGE('',*,*,#2625,.T.);
#2627=CARTESIAN_POINT('',(814.752986631,862.211361684,95.7));
#2628=DIRECTION('',(0.,-0.,1.));
#2629=DIRECTION('',(-1.,0.,0.));
#2630=AXIS2_PLACEMENT_3D('',#2627,#2628,#2629);
#2631=CIRCLE('',#2630,1.75);
#2632=EDGE_CURVE('',#2619,#2609,#2631,.T.);
#2633=ORIENTED_EDGE('',*,*,#2632,.T.);
#2634=EDGE_LOOP('',(#2615,#2616,#2617,#2626,#2633));
#2635=FACE_BOUND('',#2634,.T.);
#2636=ADVANCED_FACE('',(#2635),#2607,.F.);
#2637=CARTESIAN_POINT('',(826.165022564,881.977587737,189.9));
#2638=DIRECTION('',(0.,-0.,-1.));
#2639=DIRECTION('',(-1.,0.,-0.));
#2640=AXIS2_PLACEMENT_3D('',#2637,#2638,#2639);
#2641=CYLINDRICAL_SURFACE('',#2640,1.75);
#2642=CARTESIAN_POINT('',(824.415022564,881.977587737,95.7));
#2643=VERTEX_POINT('',#2642);
#2644=CARTESIAN_POINT('',(824.415022564,881.977587737,93.9));
#2645=DIRECTION('',(-0.,0.,1.));
#2646=VECTOR('',#2645,1.8);
#2647=LINE('',#2644,#2646);
#2648=EDGE_CURVE('',#61,#2643,#2647,.T.);
#2649=ORIENTED_EDGE('',*,*,#2648,.F.);
#2650=ORIENTED_EDGE('',*,*,#67,.T.);
#2651=ORIENTED_EDGE('',*,*,#2648,.T.);
#2652=CARTESIAN_POINT('',(827.915022564,881.977587737,95.7));
#2653=VERTEX_POINT('',#2652);
#2654=CARTESIAN_POINT('',(826.165022564,881.977587737,95.7));
#2655=DIRECTION('',(0.,-0.,1.));
#2656=DIRECTION('',(-1.,0.,0.));
#2657=AXIS2_PLACEMENT_3D('',#2654,#2655,#2656);
#2658=CIRCLE('',#2657,1.75);
#2659=EDGE_CURVE('',#2643,#2653,#2658,.T.);
#2660=ORIENTED_EDGE('',*,*,#2659,.T.);
#2661=CARTESIAN_POINT('',(826.165022564,881.977587737,95.7));
#2662=DIRECTION('',(0.,-0.,1.));
#2663=DIRECTION('',(-1.,0.,0.));
#2664=AXIS2_PLACEMENT_3D('',#2661,#2662,#2663);
#2665=CIRCLE('',#2664,1.75);
#2666=EDGE_CURVE('',#2653,#2643,#2665,.T.);
#2667=ORIENTED_EDGE('',*,*,#2666,.T.);
#2668=EDGE_LOOP('',(#2649,#2650,#2651,#2660,#2667));
#2669=FACE_BOUND('',#2668,.T.);
#2670=ADVANCED_FACE('',(#2669),#2641,.F.);
#2671=CARTESIAN_POINT('',(820.459004598,885.575663948,94.9));
#2672=DIRECTION('',(-0.,0.707106781,0.707106781));
#2673=DIRECTION('',(1.,0.,0.));
#2674=AXIS2_PLACEMENT_3D('',#2671,#2672,#2673);
#2675=PLANE('',#2674);
#2676=CARTESIAN_POINT('',(812.675636362,885.575663948,94.9));
#2677=VERTEX_POINT('',#2676);
#2678=CARTESIAN_POINT('',(812.098286093,886.575663948,93.9));
#2679=DIRECTION('',(0.377964473,-0.654653671,0.654653671));
#2680=VECTOR('',#2679,1.527525232);
#2681=LINE('',#2678,#2680);
#2682=EDGE_CURVE('',#2563,#2677,#2681,.T.);
#2683=ORIENTED_EDGE('',*,*,#2682,.F.);
#2684=ORIENTED_EDGE('',*,*,#2568,.T.);
#2685=CARTESIAN_POINT('',(828.242372833,885.575663948,94.9));
#2686=VERTEX_POINT('',#2685);
#2687=CARTESIAN_POINT('',(828.242372833,885.575663948,94.9));
#2688=DIRECTION('',(0.377964473,0.654653671,-0.654653671));
#2689=VECTOR('',#2688,1.527525232);
#2690=LINE('',#2687,#2689);
#2691=EDGE_CURVE('',#2686,#2553,#2690,.T.);
#2692=ORIENTED_EDGE('',*,*,#2691,.F.);
#2693=CARTESIAN_POINT('',(812.675636362,885.575663948,94.9));
#2694=DIRECTION('',(1.,0.,-0.));
#2695=VECTOR('',#2694,15.566736471);
#2696=LINE('',#2693,#2695);
#2697=EDGE_CURVE('',#2677,#2686,#2696,.T.);
#2698=ORIENTED_EDGE('',*,*,#2697,.F.);
#2699=EDGE_LOOP('',(#2683,#2684,#2692,#2698));
#2700=FACE_BOUND('',#2699,.T.);
#2701=ADVANCED_FACE('',(#2700),#2675,.F.);
#2702=CARTESIAN_POINT('',(832.134056951,878.835069329,94.9));
#2703=DIRECTION('',(0.612372436,0.353553391,0.707106781));
#2704=DIRECTION('',(0.5,-0.866025404,0.));
#2705=AXIS2_PLACEMENT_3D('',#2702,#2703,#2704);
#2706=PLANE('',#2705);
#2707=ORIENTED_EDGE('',*,*,#2691,.T.);
#2708=ORIENTED_EDGE('',*,*,#2560,.T.);
#2709=CARTESIAN_POINT('',(836.025741068,872.09447471,94.9));
#2710=VERTEX_POINT('',#2709);
#2711=CARTESIAN_POINT('',(836.025741068,872.09447471,94.9));
#2712=DIRECTION('',(0.755928946,-0.,-0.654653671));
#2713=VECTOR('',#2712,1.527525232);
#2714=LINE('',#2711,#2713);
#2715=EDGE_CURVE('',#2710,#2555,#2714,.T.);
#2716=ORIENTED_EDGE('',*,*,#2715,.F.);
#2717=CARTESIAN_POINT('',(828.242372833,885.575663948,94.9));
#2718=DIRECTION('',(0.5,-0.866025404,0.));
#2719=VECTOR('',#2718,15.566736471);
#2720=LINE('',#2717,#2719);
#2721=EDGE_CURVE('',#2686,#2710,#2720,.T.);
#2722=ORIENTED_EDGE('',*,*,#2721,.F.);
#2723=EDGE_LOOP('',(#2707,#2708,#2716,#2722));
#2724=FACE_BOUND('',#2723,.T.);
#2725=ADVANCED_FACE('',(#2724),#2706,.F.);
#2726=CARTESIAN_POINT('',(818.188313965,884.575663948,93.9));
#2727=DIRECTION('',(-0.,0.707106781,-0.707106781));
#2728=DIRECTION('',(-1.,-0.,0.));
#2729=AXIS2_PLACEMENT_3D('',#2726,#2727,#2728);
#2730=PLANE('',#2729);
#2731=CARTESIAN_POINT('',(812.675636362,885.575663948,94.9));
#2732=DIRECTION('',(0.377964473,-0.654653671,-0.654653671));
#2733=VECTOR('',#2732,1.527525232);
#2734=LINE('',#2731,#2733);
#2735=EDGE_CURVE('',#2677,#109,#2734,.T.);
#2736=ORIENTED_EDGE('',*,*,#2735,.F.);
#2737=ORIENTED_EDGE('',*,*,#2697,.T.);
#2738=CARTESIAN_POINT('',(827.665022564,884.575663948,93.9));
#2739=DIRECTION('',(0.377964473,0.654653671,0.654653671));
#2740=VECTOR('',#2739,1.527525232);
#2741=LINE('',#2738,#2740);
#2742=EDGE_CURVE('',#117,#2686,#2741,.T.);
#2743=ORIENTED_EDGE('',*,*,#2742,.F.);
#2744=ORIENTED_EDGE('',*,*,#122,.F.);
#2745=EDGE_LOOP('',(#2736,#2737,#2743,#2744));
#2746=FACE_BOUND('',#2745,.T.);
#2747=ADVANCED_FACE('',(#2746),#2730,.T.);
#2748=CARTESIAN_POINT('',(808.783952245,878.835069329,94.9));
#2749=DIRECTION('',(-0.612372436,0.353553391,0.707106781));
#2750=DIRECTION('',(0.5,0.866025404,-0.));
#2751=AXIS2_PLACEMENT_3D('',#2748,#2749,#2750);
#2752=PLANE('',#2751);
#2753=ORIENTED_EDGE('',*,*,#2576,.T.);
#2754=ORIENTED_EDGE('',*,*,#2682,.T.);
#2755=CARTESIAN_POINT('',(804.892268127,872.09447471,94.9));
#2756=VERTEX_POINT('',#2755);
#2757=CARTESIAN_POINT('',(804.892268127,872.09447471,94.9));
#2758=DIRECTION('',(0.5,0.866025404,-0.));
#2759=VECTOR('',#2758,15.566736471);
#2760=LINE('',#2757,#2759);
#2761=EDGE_CURVE('',#2756,#2677,#2760,.T.);
#2762=ORIENTED_EDGE('',*,*,#2761,.F.);
#2763=CARTESIAN_POINT('',(803.737567589,872.09447471,93.9));
#2764=DIRECTION('',(0.755928946,0.,0.654653671));
#2765=VECTOR('',#2764,1.527525232);
#2766=LINE('',#2763,#2765);
#2767=EDGE_CURVE('',#2571,#2756,#2766,.T.);
#2768=ORIENTED_EDGE('',*,*,#2767,.F.);
#2769=EDGE_LOOP('',(#2753,#2754,#2762,#2768));
#2770=FACE_BOUND('',#2769,.T.);
#2771=ADVANCED_FACE('',(#2770),#2752,.F.);
#2772=CARTESIAN_POINT('',(832.134056951,865.353880091,94.9));
#2773=DIRECTION('',(0.612372436,-0.353553391,0.707106781));
#2774=DIRECTION('',(-0.5,-0.866025404,0.));
#2775=AXIS2_PLACEMENT_3D('',#2772,#2773,#2774);
#2776=PLANE('',#2775);
#2777=ORIENTED_EDGE('',*,*,#2715,.T.);
#2778=ORIENTED_EDGE('',*,*,#2598,.T.);
#2779=CARTESIAN_POINT('',(828.242372833,858.613285473,94.9));
#2780=VERTEX_POINT('',#2779);
#2781=CARTESIAN_POINT('',(828.242372833,858.613285473,94.9));
#2782=DIRECTION('',(0.377964473,-0.654653671,-0.654653671));
#2783=VECTOR('',#2782,1.527525232);
#2784=LINE('',#2781,#2783);
#2785=EDGE_CURVE('',#2780,#2587,#2784,.T.);
#2786=ORIENTED_EDGE('',*,*,#2785,.F.);
#2787=CARTESIAN_POINT('',(836.025741068,872.09447471,94.9));
#2788=DIRECTION('',(-0.5,-0.866025404,0.));
#2789=VECTOR('',#2788,15.566736471);
#2790=LINE('',#2787,#2789);
#2791=EDGE_CURVE('',#2710,#2780,#2790,.T.);
#2792=ORIENTED_EDGE('',*,*,#2791,.F.);
#2793=EDGE_LOOP('',(#2777,#2778,#2786,#2792));
#2794=FACE_BOUND('',#2793,.T.);
#2795=ADVANCED_FACE('',(#2794),#2776,.F.);
#2796=CARTESIAN_POINT('',(828.80036788,882.609188176,93.9));
#2797=DIRECTION('',(0.612372436,0.353553391,-0.707106781));
#2798=DIRECTION('',(-0.5,0.866025404,-0.));
#2799=AXIS2_PLACEMENT_3D('',#2796,#2797,#2798);
#2800=PLANE('',#2799);
#2801=ORIENTED_EDGE('',*,*,#2742,.T.);
#2802=ORIENTED_EDGE('',*,*,#2721,.T.);
#2803=CARTESIAN_POINT('',(834.87104053,872.09447471,93.9));
#2804=DIRECTION('',(0.755928946,0.,0.654653671));
#2805=VECTOR('',#2804,1.527525232);
#2806=LINE('',#2803,#2805);
#2807=EDGE_CURVE('',#83,#2710,#2806,.T.);
#2808=ORIENTED_EDGE('',*,*,#2807,.F.);
#2809=ORIENTED_EDGE('',*,*,#128,.F.);
#2810=EDGE_LOOP('',(#2801,#2802,#2808,#2809));
#2811=FACE_BOUND('',#2810,.T.);
#2812=ADVANCED_FACE('',(#2811),#2800,.T.);
#2813=CARTESIAN_POINT('',(809.649977648,878.335069329,93.9));
#2814=DIRECTION('',(-0.612372436,0.353553391,-0.707106781));
#2815=DIRECTION('',(-0.5,-0.866025404,0.));
#2816=AXIS2_PLACEMENT_3D('',#2813,#2814,#2815);
#2817=PLANE('',#2816);
#2818=ORIENTED_EDGE('',*,*,#2735,.T.);
#2819=ORIENTED_EDGE('',*,*,#114,.F.);
#2820=CARTESIAN_POINT('',(804.892268127,872.09447471,94.9));
#2821=DIRECTION('',(0.755928946,0.,-0.654653671));
#2822=VECTOR('',#2821,1.527525232);
#2823=LINE('',#2820,#2822);
#2824=EDGE_CURVE('',#2756,#101,#2823,.T.);
#2825=ORIENTED_EDGE('',*,*,#2824,.F.);
#2826=ORIENTED_EDGE('',*,*,#2761,.T.);
#2827=EDGE_LOOP('',(#2818,#2819,#2825,#2826));
#2828=FACE_BOUND('',#2827,.T.);
#2829=ADVANCED_FACE('',(#2828),#2817,.T.);
#2830=CARTESIAN_POINT('',(808.783952245,865.353880091,94.9));
#2831=DIRECTION('',(-0.612372436,-0.353553391,0.707106781));
#2832=DIRECTION('',(-0.5,0.866025404,-0.));
#2833=AXIS2_PLACEMENT_3D('',#2830,#2831,#2832);
#2834=PLANE('',#2833);
#2835=CARTESIAN_POINT('',(812.675636362,858.613285473,94.9));
#2836=VERTEX_POINT('',#2835);
#2837=CARTESIAN_POINT('',(812.098286093,857.613285473,93.9));
#2838=DIRECTION('',(0.377964473,0.654653671,0.654653671));
#2839=VECTOR('',#2838,1.527525232);
#2840=LINE('',#2837,#2839);
#2841=EDGE_CURVE('',#2579,#2836,#2840,.T.);
#2842=ORIENTED_EDGE('',*,*,#2841,.F.);
#2843=ORIENTED_EDGE('',*,*,#2584,.T.);
#2844=ORIENTED_EDGE('',*,*,#2767,.T.);
#2845=CARTESIAN_POINT('',(812.675636362,858.613285473,94.9));
#2846=DIRECTION('',(-0.5,0.866025404,-0.));
#2847=VECTOR('',#2846,15.566736471);
#2848=LINE('',#2845,#2847);
#2849=EDGE_CURVE('',#2836,#2756,#2848,.T.);
#2850=ORIENTED_EDGE('',*,*,#2849,.F.);
#2851=EDGE_LOOP('',(#2842,#2843,#2844,#2850));
#2852=FACE_BOUND('',#2851,.T.);
#2853=ADVANCED_FACE('',(#2852),#2834,.F.);
#2854=CARTESIAN_POINT('',(820.459004598,858.613285473,94.9));
#2855=DIRECTION('',(0.,-0.707106781,0.707106781));
#2856=DIRECTION('',(-1.,-0.,0.));
#2857=AXIS2_PLACEMENT_3D('',#2854,#2855,#2856);
#2858=PLANE('',#2857);
#2859=ORIENTED_EDGE('',*,*,#2592,.T.);
#2860=ORIENTED_EDGE('',*,*,#2841,.T.);
#2861=CARTESIAN_POINT('',(828.242372833,858.613285473,94.9));
#2862=DIRECTION('',(-1.,-0.,0.));
#2863=VECTOR('',#2862,15.566736471);
#2864=LINE('',#2861,#2863);
#2865=EDGE_CURVE('',#2780,#2836,#2864,.T.);
#2866=ORIENTED_EDGE('',*,*,#2865,.F.);
#2867=ORIENTED_EDGE('',*,*,#2785,.T.);
#2868=EDGE_LOOP('',(#2859,#2860,#2866,#2867));
#2869=FACE_BOUND('',#2868,.T.);
#2870=ADVANCED_FACE('',(#2869),#2858,.F.);
#2871=CARTESIAN_POINT('',(831.268031547,865.853880091,93.9));
#2872=DIRECTION('',(0.612372436,-0.353553391,-0.707106781));
#2873=DIRECTION('',(0.5,0.866025404,-0.));
#2874=AXIS2_PLACEMENT_3D('',#2871,#2872,#2873);
#2875=PLANE('',#2874);
#2876=ORIENTED_EDGE('',*,*,#2807,.T.);
#2877=ORIENTED_EDGE('',*,*,#2791,.T.);
#2878=CARTESIAN_POINT('',(827.665022564,859.613285473,93.9));
#2879=DIRECTION('',(0.377964473,-0.654653671,0.654653671));
#2880=VECTOR('',#2879,1.527525232);
#2881=LINE('',#2878,#2880);
#2882=EDGE_CURVE('',#85,#2780,#2881,.T.);
#2883=ORIENTED_EDGE('',*,*,#2882,.F.);
#2884=ORIENTED_EDGE('',*,*,#90,.F.);
#2885=EDGE_LOOP('',(#2876,#2877,#2883,#2884));
#2886=FACE_BOUND('',#2885,.T.);
#2887=ADVANCED_FACE('',(#2886),#2875,.T.);
#2888=CARTESIAN_POINT('',(812.117641315,861.579761245,93.9));
#2889=DIRECTION('',(-0.612372436,-0.353553391,-0.707106781));
#2890=DIRECTION('',(0.5,-0.866025404,0.));
#2891=AXIS2_PLACEMENT_3D('',#2888,#2889,#2890);
#2892=PLANE('',#2891);
#2893=ORIENTED_EDGE('',*,*,#2824,.T.);
#2894=ORIENTED_EDGE('',*,*,#106,.F.);
#2895=CARTESIAN_POINT('',(812.675636362,858.613285473,94.9));
#2896=DIRECTION('',(0.377964473,0.654653671,-0.654653671));
#2897=VECTOR('',#2896,1.527525232);
#2898=LINE('',#2895,#2897);
#2899=EDGE_CURVE('',#2836,#93,#2898,.T.);
#2900=ORIENTED_EDGE('',*,*,#2899,.F.);
#2901=ORIENTED_EDGE('',*,*,#2849,.T.);
#2902=EDGE_LOOP('',(#2893,#2894,#2900,#2901));
#2903=FACE_BOUND('',#2902,.T.);
#2904=ADVANCED_FACE('',(#2903),#2892,.T.);
#2905=CARTESIAN_POINT('',(815.523677264,859.613285473,93.9));
#2906=DIRECTION('',(0.,-0.707106781,-0.707106781));
#2907=DIRECTION('',(1.,0.,0.));
#2908=AXIS2_PLACEMENT_3D('',#2905,#2906,#2907);
#2909=PLANE('',#2908);
#2910=ORIENTED_EDGE('',*,*,#2882,.T.);
#2911=ORIENTED_EDGE('',*,*,#2865,.T.);
#2912=ORIENTED_EDGE('',*,*,#2899,.T.);
#2913=ORIENTED_EDGE('',*,*,#98,.F.);
#2914=EDGE_LOOP('',(#2910,#2911,#2912,#2913));
#2915=FACE_BOUND('',#2914,.T.);
#2916=ADVANCED_FACE('',(#2915),#2909,.T.);
#2917=CARTESIAN_POINT('',(814.752986631,862.211361684,96.9));
#2918=DIRECTION('',(0.,0.,1.));
#2919=DIRECTION('',(1.,0.,-0.));
#2920=AXIS2_PLACEMENT_3D('',#2917,#2918,#2919);
#2921=CONICAL_SURFACE('',#2920,2.95,45.);
#2922=CARTESIAN_POINT('',(817.702986631,862.211361684,96.9));
#2923=DIRECTION('',(-0.707106781,-0.,-0.707106781));
#2924=VECTOR('',#2923,1.697056275);
#2925=LINE('',#2922,#2924);
#2926=EDGE_CURVE('',#655,#2619,#2925,.T.);
#2927=ORIENTED_EDGE('',*,*,#2926,.F.);
#2928=ORIENTED_EDGE('',*,*,#661,.F.);
#2929=ORIENTED_EDGE('',*,*,#668,.F.);
#2930=ORIENTED_EDGE('',*,*,#2926,.T.);
#2931=ORIENTED_EDGE('',*,*,#2625,.F.);
#2932=ORIENTED_EDGE('',*,*,#2632,.F.);
#2933=EDGE_LOOP('',(#2927,#2928,#2929,#2930,#2931,#2932));
#2934=FACE_BOUND('',#2933,.T.);
#2935=ADVANCED_FACE('',(#2934),#2921,.F.);
#2936=CARTESIAN_POINT('',(826.165022564,881.977587737,96.9));
#2937=DIRECTION('',(0.,0.,1.));
#2938=DIRECTION('',(1.,0.,-0.));
#2939=AXIS2_PLACEMENT_3D('',#2936,#2937,#2938);
#2940=CONICAL_SURFACE('',#2939,2.95,45.);
#2941=CARTESIAN_POINT('',(829.115022564,881.977587737,96.9));
#2942=DIRECTION('',(-0.707106781,-0.,-0.707106781));
#2943=VECTOR('',#2942,1.697056275);
#2944=LINE('',#2941,#2943);
#2945=EDGE_CURVE('',#675,#2653,#2944,.T.);
#2946=ORIENTED_EDGE('',*,*,#2945,.F.);
#2947=ORIENTED_EDGE('',*,*,#681,.F.);
#2948=ORIENTED_EDGE('',*,*,#688,.F.);
#2949=ORIENTED_EDGE('',*,*,#2945,.T.);
#2950=ORIENTED_EDGE('',*,*,#2659,.F.);
#2951=ORIENTED_EDGE('',*,*,#2666,.F.);
#2952=EDGE_LOOP('',(#2946,#2947,#2948,#2949,#2950,#2951));
#2953=FACE_BOUND('',#2952,.T.);
#2954=ADVANCED_FACE('',(#2953),#2940,.F.);
#2955=CARTESIAN_POINT('',(841.322571443,872.09447471,94.6));
#2956=DIRECTION('',(-0.707106781,0.,0.707106781));
#2957=DIRECTION('',(0.,1.,0.));
#2958=AXIS2_PLACEMENT_3D('',#2955,#2956,#2957);
#2959=PLANE('',#2958);
#2960=CARTESIAN_POINT('',(840.622571443,857.59447471,93.9));
#2961=DIRECTION('',(0.577350269,0.577350269,0.577350269));
#2962=VECTOR('',#2961,1.212435565);
#2963=LINE('',#2960,#2962);
#2964=EDGE_CURVE('',#2465,#1392,#2963,.T.);
#2965=ORIENTED_EDGE('',*,*,#2964,.F.);
#2966=ORIENTED_EDGE('',*,*,#2470,.F.);
#2967=CARTESIAN_POINT('',(841.322571443,885.89447471,94.6));
#2968=DIRECTION('',(-0.577350269,0.577350269,-0.577350269));
#2969=VECTOR('',#2968,1.212435565);
#2970=LINE('',#2967,#2969);
#2971=EDGE_CURVE('',#2001,#2457,#2970,.T.);
#2972=ORIENTED_EDGE('',*,*,#2971,.F.);
#2973=ORIENTED_EDGE('',*,*,#2329,.F.);
#2974=EDGE_LOOP('',(#2965,#2966,#2972,#2973));
#2975=FACE_BOUND('',#2974,.T.);
#2976=ADVANCED_FACE('',(#2975),#2959,.F.);
#2977=CARTESIAN_POINT('',(856.432071557,885.89447471,94.6));
#2978=DIRECTION('',(-0.,-0.707106781,-0.707106781));
#2979=DIRECTION('',(-1.,0.,0.));
#2980=AXIS2_PLACEMENT_3D('',#2977,#2978,#2979);
#2981=PLANE('',#2980);
#2982=ORIENTED_EDGE('',*,*,#2971,.T.);
#2983=ORIENTED_EDGE('',*,*,#2462,.F.);
#2984=CARTESIAN_POINT('',(858.432071557,885.89447471,94.6));
#2985=DIRECTION('',(-0.577350269,0.577350269,-0.577350269));
#2986=VECTOR('',#2985,1.212435565);
#2987=LINE('',#2984,#2986);
#2988=EDGE_CURVE('',#1972,#2449,#2987,.T.);
#2989=ORIENTED_EDGE('',*,*,#2988,.F.);
#2990=ORIENTED_EDGE('',*,*,#2012,.F.);
#2991=EDGE_LOOP('',(#2982,#2983,#2989,#2990));
#2992=FACE_BOUND('',#2991,.T.);
#2993=ADVANCED_FACE('',(#2992),#2981,.T.);
#2994=CARTESIAN_POINT('',(856.432071557,858.29447471,94.6));
#2995=DIRECTION('',(-0.,-0.707106781,0.707106781));
#2996=DIRECTION('',(-1.,0.,-0.));
#2997=AXIS2_PLACEMENT_3D('',#2994,#2995,#2996);
#2998=PLANE('',#2997);
#2999=ORIENTED_EDGE('',*,*,#2964,.T.);
#3000=ORIENTED_EDGE('',*,*,#1397,.F.);
#3001=CARTESIAN_POINT('',(857.732071557,857.59447471,93.9));
#3002=DIRECTION('',(0.577350269,0.577350269,0.577350269));
#3003=VECTOR('',#3002,1.212435565);
#3004=LINE('',#3001,#3003);
#3005=EDGE_CURVE('',#2473,#1384,#3004,.T.);
#3006=ORIENTED_EDGE('',*,*,#3005,.F.);
#3007=ORIENTED_EDGE('',*,*,#2478,.F.);
#3008=EDGE_LOOP('',(#2999,#3000,#3006,#3007));
#3009=FACE_BOUND('',#3008,.T.);
#3010=ADVANCED_FACE('',(#3009),#2998,.F.);
#3011=CARTESIAN_POINT('',(857.732071557,872.09447471,93.9));
#3012=DIRECTION('',(0.707106781,-0.,-0.707106781));
#3013=DIRECTION('',(0.,1.,0.));
#3014=AXIS2_PLACEMENT_3D('',#3011,#3012,#3013);
#3015=PLANE('',#3014);
#3016=ORIENTED_EDGE('',*,*,#2988,.T.);
#3017=ORIENTED_EDGE('',*,*,#2454,.F.);
#3018=CARTESIAN_POINT('',(858.432071557,899.008688273,94.6));
#3019=DIRECTION('',(-0.678598345,-0.281084638,-0.678598345));
#3020=VECTOR('',#3019,1.031538031);
#3021=LINE('',#3018,#3020);
#3022=EDGE_CURVE('',#1941,#2441,#3021,.T.);
#3023=ORIENTED_EDGE('',*,*,#3022,.F.);
#3024=ORIENTED_EDGE('',*,*,#1983,.F.);
#3025=EDGE_LOOP('',(#3016,#3017,#3023,#3024));
#3026=FACE_BOUND('',#3025,.T.);
#3027=ADVANCED_FACE('',(#3026),#3015,.T.);
#3028=CARTESIAN_POINT('',(858.432071557,851.94447471,94.6));
#3029=DIRECTION('',(-0.707106781,0.,0.707106781));
#3030=DIRECTION('',(0.,1.,-0.));
#3031=AXIS2_PLACEMENT_3D('',#3028,#3029,#3030);
#3032=PLANE('',#3031);
#3033=ORIENTED_EDGE('',*,*,#3005,.T.);
#3034=ORIENTED_EDGE('',*,*,#1451,.F.);
#3035=CARTESIAN_POINT('',(857.732071557,845.470210642,93.9));
#3036=DIRECTION('',(0.678598345,-0.281084638,0.678598345));
#3037=VECTOR('',#3036,1.031538031);
#3038=LINE('',#3035,#3037);
#3039=EDGE_CURVE('',#2481,#1440,#3038,.T.);
#3040=ORIENTED_EDGE('',*,*,#3039,.F.);
#3041=ORIENTED_EDGE('',*,*,#2486,.F.);
#3042=EDGE_LOOP('',(#3033,#3034,#3040,#3041));
#3043=FACE_BOUND('',#3042,.T.);
#3044=ADVANCED_FACE('',(#3043),#3032,.F.);
#3045=CARTESIAN_POINT('',(852.902644858,904.538114971,94.6));
#3046=DIRECTION('',(0.5,0.5,-0.707106781));
#3047=DIRECTION('',(0.707106781,-0.707106781,0.));
#3048=AXIS2_PLACEMENT_3D('',#3045,#3046,#3047);
#3049=PLANE('',#3048);
#3050=ORIENTED_EDGE('',*,*,#3022,.T.);
#3051=ORIENTED_EDGE('',*,*,#2446,.F.);
#3052=CARTESIAN_POINT('',(847.37321816,910.067541669,94.6));
#3053=DIRECTION('',(-0.281084638,-0.678598345,-0.678598345));
#3054=VECTOR('',#3053,1.031538031);
#3055=LINE('',#3052,#3054);
#3056=EDGE_CURVE('',#1910,#2433,#3055,.T.);
#3057=ORIENTED_EDGE('',*,*,#3056,.F.);
#3058=ORIENTED_EDGE('',*,*,#1952,.F.);
#3059=EDGE_LOOP('',(#3050,#3051,#3057,#3058));
#3060=FACE_BOUND('',#3059,.T.);
#3061=ADVANCED_FACE('',(#3060),#3049,.T.);
#3062=CARTESIAN_POINT('',(852.902644858,839.65083445,94.6));
#3063=DIRECTION('',(0.5,-0.5,-0.707106781));
#3064=DIRECTION('',(-0.707106781,-0.707106781,0.));
#3065=AXIS2_PLACEMENT_3D('',#3062,#3063,#3064);
#3066=PLANE('',#3065);
#3067=ORIENTED_EDGE('',*,*,#3039,.T.);
#3068=ORIENTED_EDGE('',*,*,#1482,.F.);
#3069=CARTESIAN_POINT('',(847.083268666,834.821407751,93.9));
#3070=DIRECTION('',(0.281084638,-0.678598345,0.678598345));
#3071=VECTOR('',#3070,1.031538031);
#3072=LINE('',#3069,#3071);
#3073=EDGE_CURVE('',#2489,#1471,#3072,.T.);
#3074=ORIENTED_EDGE('',*,*,#3073,.F.);
#3075=ORIENTED_EDGE('',*,*,#2494,.F.);
#3076=EDGE_LOOP('',(#3067,#3068,#3074,#3075));
#3077=FACE_BOUND('',#3076,.T.);
#3078=ADVANCED_FACE('',(#3077),#3066,.T.);
#3079=CARTESIAN_POINT('',(840.609004598,910.067541669,94.6));
#3080=DIRECTION('',(-0.,-0.707106781,0.707106781));
#3081=DIRECTION('',(-1.,0.,0.));
#3082=AXIS2_PLACEMENT_3D('',#3079,#3080,#3081);
#3083=PLANE('',#3082);
#3084=ORIENTED_EDGE('',*,*,#3056,.T.);
#3085=ORIENTED_EDGE('',*,*,#2438,.F.);
#3086=CARTESIAN_POINT('',(834.259004598,910.067541669,94.6));
#3087=DIRECTION('',(0.577350269,-0.577350269,-0.577350269));
#3088=VECTOR('',#3087,1.212435565);
#3089=LINE('',#3086,#3088);
#3090=EDGE_CURVE('',#1854,#2425,#3089,.T.);
#3091=ORIENTED_EDGE('',*,*,#3090,.F.);
#3092=ORIENTED_EDGE('',*,*,#1921,.F.);
#3093=EDGE_LOOP('',(#3084,#3085,#3091,#3092));
#3094=FACE_BOUND('',#3093,.T.);
#3095=ADVANCED_FACE('',(#3094),#3083,.F.);
#3096=CARTESIAN_POINT('',(845.959004598,834.121407751,94.6));
#3097=DIRECTION('',(-0.,-0.707106781,-0.707106781));
#3098=DIRECTION('',(-1.,0.,-0.));
#3099=AXIS2_PLACEMENT_3D('',#3096,#3097,#3098);
#3100=PLANE('',#3099);
#3101=ORIENTED_EDGE('',*,*,#3073,.T.);
#3102=ORIENTED_EDGE('',*,*,#1513,.F.);
#3103=CARTESIAN_POINT('',(834.959004598,834.821407751,93.9));
#3104=DIRECTION('',(-0.577350269,-0.577350269,0.577350269));
#3105=VECTOR('',#3104,1.212435565);
#3106=LINE('',#3103,#3105);
#3107=EDGE_CURVE('',#2497,#1502,#3106,.T.);
#3108=ORIENTED_EDGE('',*,*,#3107,.F.);
#3109=ORIENTED_EDGE('',*,*,#2502,.F.);
#3110=EDGE_LOOP('',(#3101,#3102,#3108,#3109));
#3111=FACE_BOUND('',#3110,.T.);
#3112=ADVANCED_FACE('',(#3111),#3100,.T.);
#3113=CARTESIAN_POINT('',(834.259004598,908.067541669,94.6));
#3114=DIRECTION('',(0.707106781,-0.,0.707106781));
#3115=DIRECTION('',(-0.,-1.,-0.));
#3116=AXIS2_PLACEMENT_3D('',#3113,#3114,#3115);
#3117=PLANE('',#3116);
#3118=ORIENTED_EDGE('',*,*,#3090,.T.);
#3119=ORIENTED_EDGE('',*,*,#2430,.F.);
#3120=CARTESIAN_POINT('',(834.259004598,892.958041555,94.6));
#3121=DIRECTION('',(0.577350269,-0.577350269,-0.577350269));
#3122=VECTOR('',#3121,1.212435565);
#3123=LINE('',#3120,#3122);
#3124=EDGE_CURVE('',#1862,#2417,#3123,.T.);
#3125=ORIENTED_EDGE('',*,*,#3124,.F.);
#3126=ORIENTED_EDGE('',*,*,#1867,.F.);
#3127=EDGE_LOOP('',(#3118,#3119,#3125,#3126));
#3128=FACE_BOUND('',#3127,.T.);
#3129=ADVANCED_FACE('',(#3128),#3117,.F.);
#3130=CARTESIAN_POINT('',(834.259004598,836.121407751,94.6));
#3131=DIRECTION('',(-0.707106781,0.,-0.707106781));
#3132=DIRECTION('',(0.,1.,0.));
#3133=AXIS2_PLACEMENT_3D('',#3130,#3131,#3132);
#3134=PLANE('',#3133);
#3135=ORIENTED_EDGE('',*,*,#3107,.T.);
#3136=ORIENTED_EDGE('',*,*,#1542,.F.);
#3137=CARTESIAN_POINT('',(834.959004598,851.930907865,93.9));
#3138=DIRECTION('',(-0.577350269,-0.577350269,0.577350269));
#3139=VECTOR('',#3138,1.212435565);
#3140=LINE('',#3137,#3139);
#3141=EDGE_CURVE('',#2505,#1531,#3140,.T.);
#3142=ORIENTED_EDGE('',*,*,#3141,.F.);
#3143=ORIENTED_EDGE('',*,*,#2510,.F.);
#3144=EDGE_LOOP('',(#3135,#3136,#3142,#3143));
#3145=FACE_BOUND('',#3144,.T.);
#3146=ADVANCED_FACE('',(#3145),#3134,.T.);
#3147=CARTESIAN_POINT('',(820.459004598,892.958041555,94.6));
#3148=DIRECTION('',(0.,-0.707106781,0.707106781));
#3149=DIRECTION('',(-1.,0.,0.));
#3150=AXIS2_PLACEMENT_3D('',#3147,#3148,#3149);
#3151=PLANE('',#3150);
#3152=ORIENTED_EDGE('',*,*,#3124,.T.);
#3153=ORIENTED_EDGE('',*,*,#2422,.F.);
#3154=CARTESIAN_POINT('',(806.659004598,892.958041555,94.6));
#3155=DIRECTION('',(-0.577350269,-0.577350269,-0.577350269));
#3156=VECTOR('',#3155,1.212435565);
#3157=LINE('',#3154,#3156);
#3158=EDGE_CURVE('',#335,#2409,#3157,.T.);
#3159=ORIENTED_EDGE('',*,*,#3158,.F.);
#3160=ORIENTED_EDGE('',*,*,#2312,.F.);
#3161=EDGE_LOOP('',(#3152,#3153,#3159,#3160));
#3162=FACE_BOUND('',#3161,.T.);
#3163=ADVANCED_FACE('',(#3162),#3151,.F.);
#3164=CARTESIAN_POINT('',(820.459004598,851.230907865,94.6));
#3165=DIRECTION('',(0.,0.707106781,0.707106781));
#3166=DIRECTION('',(1.,0.,0.));
#3167=AXIS2_PLACEMENT_3D('',#3164,#3165,#3166);
#3168=PLANE('',#3167);
#3169=ORIENTED_EDGE('',*,*,#3141,.T.);
#3170=ORIENTED_EDGE('',*,*,#2346,.F.);
#3171=CARTESIAN_POINT('',(805.959004598,851.930907865,93.9));
#3172=DIRECTION('',(0.577350269,-0.577350269,0.577350269));
#3173=VECTOR('',#3172,1.212435565);
#3174=LINE('',#3171,#3173);
#3175=EDGE_CURVE('',#2513,#922,#3174,.T.);
#3176=ORIENTED_EDGE('',*,*,#3175,.F.);
#3177=ORIENTED_EDGE('',*,*,#2518,.F.);
#3178=EDGE_LOOP('',(#3169,#3170,#3176,#3177));
#3179=FACE_BOUND('',#3178,.T.);
#3180=ADVANCED_FACE('',(#3179),#3168,.F.);
#3181=CARTESIAN_POINT('',(806.659004598,908.067541669,94.6));
#3182=DIRECTION('',(0.707106781,-0.,-0.707106781));
#3183=DIRECTION('',(-0.,-1.,-0.));
#3184=AXIS2_PLACEMENT_3D('',#3181,#3182,#3183);
#3185=PLANE('',#3184);
#3186=ORIENTED_EDGE('',*,*,#3158,.T.);
#3187=ORIENTED_EDGE('',*,*,#2414,.F.);
#3188=CARTESIAN_POINT('',(806.659004598,910.067541669,94.6));
#3189=DIRECTION('',(-0.577350269,-0.577350269,-0.577350269));
#3190=VECTOR('',#3189,1.212435565);
#3191=LINE('',#3188,#3190);
#3192=EDGE_CURVE('',#306,#2401,#3191,.T.);
#3193=ORIENTED_EDGE('',*,*,#3192,.F.);
#3194=ORIENTED_EDGE('',*,*,#348,.F.);
#3195=EDGE_LOOP('',(#3186,#3187,#3193,#3194));
#3196=FACE_BOUND('',#3195,.T.);
#3197=ADVANCED_FACE('',(#3196),#3185,.T.);
#3198=CARTESIAN_POINT('',(806.659004598,836.121407751,94.6));
#3199=DIRECTION('',(-0.707106781,0.,0.707106781));
#3200=DIRECTION('',(0.,1.,0.));
#3201=AXIS2_PLACEMENT_3D('',#3198,#3199,#3200);
#3202=PLANE('',#3201);
#3203=ORIENTED_EDGE('',*,*,#3175,.T.);
#3204=ORIENTED_EDGE('',*,*,#927,.F.);
#3205=CARTESIAN_POINT('',(805.959004598,834.821407751,93.9));
#3206=DIRECTION('',(0.577350269,-0.577350269,0.577350269));
#3207=VECTOR('',#3206,1.212435565);
#3208=LINE('',#3205,#3207);
#3209=EDGE_CURVE('',#2521,#914,#3208,.T.);
#3210=ORIENTED_EDGE('',*,*,#3209,.F.);
#3211=ORIENTED_EDGE('',*,*,#2526,.F.);
#3212=EDGE_LOOP('',(#3203,#3204,#3210,#3211));
#3213=FACE_BOUND('',#3212,.T.);
#3214=ADVANCED_FACE('',(#3213),#3202,.F.);
#3215=CARTESIAN_POINT('',(794.959004598,910.067541669,94.6));
#3216=DIRECTION('',(0.,0.707106781,-0.707106781));
#3217=DIRECTION('',(1.,-0.,0.));
#3218=AXIS2_PLACEMENT_3D('',#3215,#3216,#3217);
#3219=PLANE('',#3218);
#3220=ORIENTED_EDGE('',*,*,#3192,.T.);
#3221=ORIENTED_EDGE('',*,*,#2406,.F.);
#3222=CARTESIAN_POINT('',(793.544791035,910.067541669,94.6));
#3223=DIRECTION('',(0.281084638,-0.678598345,-0.678598345));
#3224=VECTOR('',#3223,1.031538031);
#3225=LINE('',#3222,#3224);
#3226=EDGE_CURVE('',#275,#2393,#3225,.T.);
#3227=ORIENTED_EDGE('',*,*,#3226,.F.);
#3228=ORIENTED_EDGE('',*,*,#317,.F.);
#3229=EDGE_LOOP('',(#3220,#3221,#3227,#3228));
#3230=FACE_BOUND('',#3229,.T.);
#3231=ADVANCED_FACE('',(#3230),#3219,.T.);
#3232=CARTESIAN_POINT('',(800.309004598,834.121407751,94.6));
#3233=DIRECTION('',(0.,0.707106781,0.707106781));
#3234=DIRECTION('',(1.,0.,0.));
#3235=AXIS2_PLACEMENT_3D('',#3232,#3233,#3234);
#3236=PLANE('',#3235);
#3237=ORIENTED_EDGE('',*,*,#3209,.T.);
#3238=ORIENTED_EDGE('',*,*,#981,.F.);
#3239=CARTESIAN_POINT('',(793.834740529,834.821407751,93.9));
#3240=DIRECTION('',(-0.281084638,-0.678598345,0.678598345));
#3241=VECTOR('',#3240,1.031538031);
#3242=LINE('',#3239,#3241);
#3243=EDGE_CURVE('',#2529,#970,#3242,.T.);
#3244=ORIENTED_EDGE('',*,*,#3243,.F.);
#3245=ORIENTED_EDGE('',*,*,#2534,.F.);
#3246=EDGE_LOOP('',(#3237,#3238,#3244,#3245));
#3247=FACE_BOUND('',#3246,.T.);
#3248=ADVANCED_FACE('',(#3247),#3236,.F.);
#3249=CARTESIAN_POINT('',(788.015364337,904.538114971,94.6));
#3250=DIRECTION('',(-0.5,0.5,-0.707106781));
#3251=DIRECTION('',(0.707106781,0.707106781,-0.));
#3252=AXIS2_PLACEMENT_3D('',#3249,#3250,#3251);
#3253=PLANE('',#3252);
#3254=ORIENTED_EDGE('',*,*,#3226,.T.);
#3255=ORIENTED_EDGE('',*,*,#2398,.F.);
#3256=CARTESIAN_POINT('',(782.485937639,899.008688273,94.6));
#3257=DIRECTION('',(0.678598345,-0.281084638,-0.678598345));
#3258=VECTOR('',#3257,1.031538031);
#3259=LINE('',#3256,#3258);
#3260=EDGE_CURVE('',#244,#2385,#3259,.T.);
#3261=ORIENTED_EDGE('',*,*,#3260,.F.);
#3262=ORIENTED_EDGE('',*,*,#286,.F.);
#3263=EDGE_LOOP('',(#3254,#3255,#3261,#3262));
#3264=FACE_BOUND('',#3263,.T.);
#3265=ADVANCED_FACE('',(#3264),#3253,.T.);
#3266=CARTESIAN_POINT('',(788.015364337,839.65083445,94.6));
#3267=DIRECTION('',(-0.5,-0.5,-0.707106781));
#3268=DIRECTION('',(-0.707106781,0.707106781,0.));
#3269=AXIS2_PLACEMENT_3D('',#3266,#3267,#3268);
#3270=PLANE('',#3269);
#3271=ORIENTED_EDGE('',*,*,#3243,.T.);
#3272=ORIENTED_EDGE('',*,*,#1012,.F.);
#3273=CARTESIAN_POINT('',(783.185937639,845.470210642,93.9));
#3274=DIRECTION('',(-0.678598345,-0.281084638,0.678598345));
#3275=VECTOR('',#3274,1.031538031);
#3276=LINE('',#3273,#3275);
#3277=EDGE_CURVE('',#2537,#1001,#3276,.T.);
#3278=ORIENTED_EDGE('',*,*,#3277,.F.);
#3279=ORIENTED_EDGE('',*,*,#2542,.F.);
#3280=EDGE_LOOP('',(#3271,#3272,#3278,#3279));
#3281=FACE_BOUND('',#3280,.T.);
#3282=ADVANCED_FACE('',(#3281),#3270,.T.);
#3283=CARTESIAN_POINT('',(782.485937639,892.24447471,94.6));
#3284=DIRECTION('',(0.707106781,-0.,0.707106781));
#3285=DIRECTION('',(-0.,-1.,0.));
#3286=AXIS2_PLACEMENT_3D('',#3283,#3284,#3285);
#3287=PLANE('',#3286);
#3288=ORIENTED_EDGE('',*,*,#3260,.T.);
#3289=ORIENTED_EDGE('',*,*,#2390,.F.);
#3290=CARTESIAN_POINT('',(782.485937639,885.89447471,94.6));
#3291=DIRECTION('',(0.577350269,0.577350269,-0.577350269));
#3292=VECTOR('',#3291,1.212435565);
#3293=LINE('',#3290,#3292);
#3294=EDGE_CURVE('',#181,#2377,#3293,.T.);
#3295=ORIENTED_EDGE('',*,*,#3294,.F.);
#3296=ORIENTED_EDGE('',*,*,#255,.F.);
#3297=EDGE_LOOP('',(#3288,#3289,#3295,#3296));
#3298=FACE_BOUND('',#3297,.T.);
#3299=ADVANCED_FACE('',(#3298),#3287,.F.);
#3300=CARTESIAN_POINT('',(782.485937639,846.59447471,94.6));
#3301=DIRECTION('',(-0.707106781,0.,-0.707106781));
#3302=DIRECTION('',(0.,1.,0.));
#3303=AXIS2_PLACEMENT_3D('',#3300,#3301,#3302);
#3304=PLANE('',#3303);
#3305=ORIENTED_EDGE('',*,*,#3277,.T.);
#3306=ORIENTED_EDGE('',*,*,#1043,.F.);
#3307=CARTESIAN_POINT('',(783.185937639,857.59447471,93.9));
#3308=DIRECTION('',(-0.577350269,0.577350269,0.577350269));
#3309=VECTOR('',#3308,1.212435565);
#3310=LINE('',#3307,#3309);
#3311=EDGE_CURVE('',#2359,#1032,#3310,.T.);
#3312=ORIENTED_EDGE('',*,*,#3311,.F.);
#3313=ORIENTED_EDGE('',*,*,#2548,.F.);
#3314=EDGE_LOOP('',(#3305,#3306,#3312,#3313));
#3315=FACE_BOUND('',#3314,.T.);
#3316=ADVANCED_FACE('',(#3315),#3304,.T.);
#3317=CARTESIAN_POINT('',(784.485937639,885.89447471,94.6));
#3318=DIRECTION('',(0.,0.707106781,0.707106781));
#3319=DIRECTION('',(1.,-0.,0.));
#3320=AXIS2_PLACEMENT_3D('',#3317,#3318,#3319);
#3321=PLANE('',#3320);
#3322=ORIENTED_EDGE('',*,*,#3294,.T.);
#3323=ORIENTED_EDGE('',*,*,#2382,.F.);
#3324=CARTESIAN_POINT('',(799.595437753,885.89447471,94.6));
#3325=DIRECTION('',(0.577350269,0.577350269,-0.577350269));
#3326=VECTOR('',#3325,1.212435565);
#3327=LINE('',#3324,#3326);
#3328=EDGE_CURVE('',#189,#2369,#3327,.T.);
#3329=ORIENTED_EDGE('',*,*,#3328,.F.);
#3330=ORIENTED_EDGE('',*,*,#194,.F.);
#3331=EDGE_LOOP('',(#3322,#3323,#3329,#3330));
#3332=FACE_BOUND('',#3331,.T.);
#3333=ADVANCED_FACE('',(#3332),#3321,.F.);
#3334=CARTESIAN_POINT('',(784.485937639,858.29447471,94.6));
#3335=DIRECTION('',(0.,0.707106781,-0.707106781));
#3336=DIRECTION('',(1.,-0.,-0.));
#3337=AXIS2_PLACEMENT_3D('',#3334,#3335,#3336);
#3338=PLANE('',#3337);
#3339=ORIENTED_EDGE('',*,*,#3311,.T.);
#3340=ORIENTED_EDGE('',*,*,#1072,.F.);
#3341=CARTESIAN_POINT('',(800.295437753,857.59447471,93.9));
#3342=DIRECTION('',(-0.577350269,0.577350269,0.577350269));
#3343=VECTOR('',#3342,1.212435565);
#3344=LINE('',#3341,#3343);
#3345=EDGE_CURVE('',#2361,#1061,#3344,.T.);
#3346=ORIENTED_EDGE('',*,*,#3345,.F.);
#3347=ORIENTED_EDGE('',*,*,#2366,.F.);
#3348=EDGE_LOOP('',(#3339,#3340,#3346,#3347));
#3349=FACE_BOUND('',#3348,.T.);
#3350=ADVANCED_FACE('',(#3349),#3338,.T.);
#3351=CARTESIAN_POINT('',(799.595437753,872.09447471,94.6));
#3352=DIRECTION('',(0.707106781,-0.,0.707106781));
#3353=DIRECTION('',(-0.,-1.,0.));
#3354=AXIS2_PLACEMENT_3D('',#3351,#3352,#3353);
#3355=PLANE('',#3354);
#3356=ORIENTED_EDGE('',*,*,#3328,.T.);
#3357=ORIENTED_EDGE('',*,*,#2374,.F.);
#3358=ORIENTED_EDGE('',*,*,#3345,.T.);
#3359=ORIENTED_EDGE('',*,*,#2295,.F.);
#3360=EDGE_LOOP('',(#3356,#3357,#3358,#3359));
#3361=FACE_BOUND('',#3360,.T.);
#3362=ADVANCED_FACE('',(#3361),#3355,.F.);
#3363=CLOSED_SHELL('',(#132,#172,#235,#266,#297,#328,#391,#422,#453,#475,#537,#554,#571,#583,#600,#617,#634,#646,#874,#905,#961,#992,#1023,#1054,#1108,#1132,
#1156,#1173,#1235,#1252,#1269,#1281,#1298,#1315,#1332,#1344,#1375,#1431,#1462,#1493,#1524,#1578,#1602,#1626,#1643,#1705,#1722,#1739,#1751,#1768,#1785,
#1802,#1814,#1845,#1901,#1932,#1963,#1994,#2048,#2072,#2096,#2113,#2175,#2192,#2209,#2221,#2238,#2255,#2272,#2284,#2301,#2318,#2335,#2352,#2602,#2636,
#2670,#2701,#2725,#2747,#2771,#2795,#2812,#2829,#2853,#2870,#2887,#2904,#2916,#2935,#2954,#2976,#2993,#3010,#3027,#3044,#3061,#3078,#3095,#3112,#3129,
#3146,#3163,#3180,#3197,#3214,#3231,#3248,#3265,#3282,#3299,#3316,#3333,#3350,#3362));
#3364=MANIFOLD_SOLID_BREP('K\S\vrper 40',#3363);
#3365=COLOUR_RGB('',0.627451003,0.627451003,0.643137276);
#3366=FILL_AREA_STYLE_COLOUR('',#3365);
#3367=FILL_AREA_STYLE('',(#3366));
#3368=SURFACE_STYLE_FILL_AREA(#3367);
#3369=SURFACE_SIDE_STYLE('',(#3368));
#3370=SURFACE_STYLE_USAGE(.BOTH.,#3369);
#3371=PRESENTATION_STYLE_ASSIGNMENT((#3370));
#54=STYLED_ITEM('',(#3371),#3364);
#35=SHAPE_REPRESENTATION('Kleinkopfkralle (4 Wege)',(#15),#33);
#36=ADVANCED_BREP_SHAPE_REPRESENTATION('Kleinkopfkralle (4 Wege)',(#3364),#33);
#3379=SHAPE_REPRESENTATION_RELATIONSHIP('','',#35,#36);
#3380=CARTESIAN_POINT('',(0.,0.,0.));
#3381=DIRECTION('',(0.,0.,1.));
#3382=DIRECTION('',(1.,0.,0.));
#3383=AXIS2_PLACEMENT_3D('',#3380,#3381,#3382);
#3385=MAPPED_ITEM('',#3384,#3383);
#3384=REPRESENTATION_MAP(#3383,#35);
#3386=APPLICATION_CONTEXT('Managed model based 3d engineering');
#3387=APPLICATION_PROTOCOL_DEFINITION('international standard','ap242_managed_model_based_3d_engineering',2014,#3386);
#3388=PRODUCT_CONTEXT('',#3386,'mechanical');
#3389=PRODUCT_DEFINITION_CONTEXT('part definition',#3386,'design');
#43=PRODUCT('Kleinkopfkralle (4 Wege)','Kleinkopfkralle (4 Wege)','',(#3388));
#3390=PRODUCT_RELATED_PRODUCT_CATEGORY('part','',(#43));
#3391=PRODUCT_DEFINITION_FORMATION_WITH_SPECIFIED_SOURCE('','',#43,.NOT_KNOWN.);
#44=PRODUCT_DEFINITION('design','',#3391,#3389);
#42=PRODUCT_DEFINITION_SHAPE('','',#44);
#3392=SHAPE_DEFINITION_REPRESENTATION(#42,#35);
#34=DRAUGHTING_MODEL('',(#3385),#33);
#16=SHAPE_REPRESENTATION('root',(#15,#48),#10);
#3393=CARTESIAN_POINT('',(0.,0.,0.));
#3394=DIRECTION('',(0.,0.,1.));
#3395=DIRECTION('',(1.,0.,0.));
#3396=AXIS2_PLACEMENT_3D('',#3393,#3394,#3395);
#3398=MAPPED_ITEM('',#3397,#3396);
#3397=REPRESENTATION_MAP(#3396,#16);
#24=PRODUCT('root','root','',(#3388));
#3399=PRODUCT_RELATED_PRODUCT_CATEGORY('part','',(#24));
#3400=PRODUCT_DEFINITION_FORMATION_WITH_SPECIFIED_SOURCE('','',#24,.NOT_KNOWN.);
#25=PRODUCT_DEFINITION('design','',#3400,#3389);
#23=PRODUCT_DEFINITION_SHAPE('','',#25);
#3401=SHAPE_DEFINITION_REPRESENTATION(#23,#16);
#11=DRAUGHTING_MODEL('',(#3398),#10);
#3402=DESCRIPTIVE_REPRESENTATION_ITEM('KEY','C:\\Users\\Ruben\\AppData\\Local\\Packages\\Shapr3D.Shapr3D_dvv5p1vgwv6mp\\TempState\\0ef25f57-725e-4675-8c78-301bf28687d6.tmp');
#3403=PROPERTY_DEFINITION('KEY','',#25);
#3404=REPRESENTATION('',(#3402),#10);
#3405=PROPERTY_DEFINITION_REPRESENTATION(#3403,#3404);
#3406=GENERAL_PROPERTY('','KEY','');
#3407=GENERAL_PROPERTY_ASSOCIATION('','',#3406,#3403);
#1=MECHANICAL_DESIGN_GEOMETRIC_PRESENTATION_REPRESENTATION('',(#54),#10);
ENDSEC;
END-ISO-10303-21;
