ISO-10303-21;
HEADER;

/* File generated by Shapr3D Version 5.1014.10201.0 */

FILE_DESCRIPTION(('HOOPS Exchange Step'),'2;1');

FILE_NAME('C:\\Users\\Ruben\\AppData\\Local\\Packages\\Shapr3D.Shapr3D_dvv5p1vgwv6mp\\TempState\\export\\temp_export',
'2026-01-16T15:51:15+01:00',
('Ruben'),
('Shapr3D Limited'),
'HOOPS Exchange 2025.7',
'Shapr3D',
'Authorized');

FILE_SCHEMA( ('AP242_MANAGED_MODEL_BASED_3D_ENGINEERING_MIM_LF {1 0 10303 442 1 1 4}') );

ENDSEC;

DATA;
#3=(NAMED_UNIT(*)PLANE_ANGLE_UNIT()SI_UNIT($,.RADIAN.));
#4=PLANE_ANGLE_MEASURE_WITH_UNIT(PLANE_ANGLE_MEASURE(0.0174532925),#3);
#5=(CONVERSION_BASED_UNIT('DEGREE',#4)NAMED_UNIT(#6)PLANE_ANGLE_UNIT());
#6=DIMENSIONAL_EXPONENTS(0.,0.,0.,0.,0.,0.,0.);
#7=(NAMED_UNIT(*)SI_UNIT($,.STERADIAN.)SOLID_ANGLE_UNIT());
#8=(LENGTH_UNIT()NAMED_UNIT(*)SI_UNIT(.MILLI.,.METRE.));
#9=UNCERTAINTY_MEASURE_WITH_UNIT(LENGTH_MEASURE(1.000000E-03),#8,'DISTANCE_ACCURACY_VALUE','Maximum Tolerance applied to model');
#10=(GEOMETRIC_REPRESENTATION_CONTEXT(3)GLOBAL_UNCERTAINTY_ASSIGNED_CONTEXT((#9))GLOBAL_UNIT_ASSIGNED_CONTEXT((#8,#5,#7))REPRESENTATION_CONTEXT('','root'));
#12=CARTESIAN_POINT('',(0.,0.,0.));
#13=DIRECTION('',(0.,0.,1.));
#14=DIRECTION('',(1.,0.,0.));
#15=AXIS2_PLACEMENT_3D('',#12,#13,#14);
#26=(NAMED_UNIT(*)PLANE_ANGLE_UNIT()SI_UNIT($,.RADIAN.));
#27=PLANE_ANGLE_MEASURE_WITH_UNIT(PLANE_ANGLE_MEASURE(0.0174532925),#26);
#28=(CONVERSION_BASED_UNIT('DEGREE',#27)NAMED_UNIT(#29)PLANE_ANGLE_UNIT());
#29=DIMENSIONAL_EXPONENTS(0.,0.,0.,0.,0.,0.,0.);
#30=(NAMED_UNIT(*)SI_UNIT($,.STERADIAN.)SOLID_ANGLE_UNIT());
#31=(LENGTH_UNIT()NAMED_UNIT(*)SI_UNIT(.MILLI.,.METRE.));
#32=UNCERTAINTY_MEASURE_WITH_UNIT(LENGTH_MEASURE(1.000000E-05),#31,'DISTANCE_ACCURACY_VALUE','Maximum Tolerance applied to model');
#33=(GEOMETRIC_REPRESENTATION_CONTEXT(3)GLOBAL_UNCERTAINTY_ASSIGNED_CONTEXT((#32))GLOBAL_UNIT_ASSIGNED_CONTEXT((#31,#28,#30))REPRESENTATION_CONTEXT('','Schienenkopf (3 Wege, r = 7.5mm, schr\S\dg)'));
#45=CARTESIAN_POINT('',(0.,0.,0.));
#46=DIRECTION('',(0.,0.,1.));
#47=DIRECTION('',(1.,0.,-0.));
#48=AXIS2_PLACEMENT_3D('',#45,#46,#47);
#49=ITEM_DEFINED_TRANSFORMATION('','',#48,#15);
#50=(REPRESENTATION_RELATIONSHIP('','',#35,#16)REPRESENTATION_RELATIONSHIP_WITH_TRANSFORMATION(#49)SHAPE_REPRESENTATION_RELATIONSHIP());
#51=NEXT_ASSEMBLY_USAGE_OCCURRENCE('Schienenkopf (3 Wege, r = 7.5mm, schr\S\dg)_1','Schienenkopf (3 Wege, r = 7.5mm, schr\S\dg)','Schienenkopf (3 Wege, r = 7.5mm, schr\S\dg)',#25,#44,$);
#52=PRODUCT_DEFINITION_SHAPE('','',#51);
#53=CONTEXT_DEPENDENT_SHAPE_REPRESENTATION(#50,#52);
#55=CARTESIAN_POINT('',(779.260037329,493.230789358,180.498543494));
#56=DIRECTION('',(-0.866025404,0.5,0.));
#57=DIRECTION('',(0.5,0.866025404,0.));
#58=AXIS2_PLACEMENT_3D('',#55,#56,#57);
#59=PLANE('',#58);
#60=CARTESIAN_POINT('',(782.39497382,498.660658638,178.490259263));
#61=VERTEX_POINT('',#60);
#62=CARTESIAN_POINT('',(775.89497382,487.402328389,178.490259263));
#63=VERTEX_POINT('',#62);
#64=CARTESIAN_POINT('',(782.39497382,498.660658638,178.490259263));
#65=DIRECTION('',(-0.5,-0.866025404,-0.));
#66=VECTOR('',#65,13.);
#67=LINE('',#64,#66);
#68=EDGE_CURVE('',#61,#63,#67,.T.);
#69=ORIENTED_EDGE('',*,*,#68,.F.);
#70=CARTESIAN_POINT('',(782.39497382,498.660658638,178.506827725));
#71=VERTEX_POINT('',#70);
#72=CARTESIAN_POINT('',(782.39497382,498.660658638,178.490259263));
#73=DIRECTION('',(-0.,-0.,1.));
#74=VECTOR('',#73,0.016568462);
#75=LINE('',#72,#74);
#76=EDGE_CURVE('',#61,#71,#75,.T.);
#77=ORIENTED_EDGE('',*,*,#76,.T.);
#78=CARTESIAN_POINT('',(775.89497382,487.402328389,178.506827725));
#79=VERTEX_POINT('',#78);
#80=CARTESIAN_POINT('',(782.39497382,498.660658638,178.506827725));
#81=DIRECTION('',(-0.5,-0.866025404,-0.));
#82=VECTOR('',#81,13.);
#83=LINE('',#80,#82);
#84=EDGE_CURVE('',#71,#79,#83,.T.);
#85=ORIENTED_EDGE('',*,*,#84,.T.);
#86=CARTESIAN_POINT('',(775.89497382,487.402328389,178.490259263));
#87=DIRECTION('',(-0.,-0.,1.));
#88=VECTOR('',#87,0.016568462);
#89=LINE('',#86,#88);
#90=EDGE_CURVE('',#63,#79,#89,.T.);
#91=ORIENTED_EDGE('',*,*,#90,.F.);
#92=EDGE_LOOP('',(#69,#77,#85,#91));
#93=FACE_BOUND('',#92,.T.);
#94=ADVANCED_FACE('',(#93),#59,.F.);
#95=CARTESIAN_POINT('',(837.369660292,492.832197669,180.498543494));
#96=DIRECTION('',(0.866025404,0.5,0.));
#97=DIRECTION('',(0.5,-0.866025404,-0.));
#98=AXIS2_PLACEMENT_3D('',#95,#96,#97);
#99=PLANE('',#98);
#100=CARTESIAN_POINT('',(840.504596783,487.402328389,178.490259263));
#101=VERTEX_POINT('',#100);
#102=CARTESIAN_POINT('',(834.004596783,498.660658638,178.490259263));
#103=VERTEX_POINT('',#102);
#104=CARTESIAN_POINT('',(840.504596783,487.402328389,178.490259263));
#105=DIRECTION('',(-0.5,0.866025404,0.));
#106=VECTOR('',#105,13.);
#107=LINE('',#104,#106);
#108=EDGE_CURVE('',#101,#103,#107,.T.);
#109=ORIENTED_EDGE('',*,*,#108,.F.);
#110=CARTESIAN_POINT('',(840.504596783,487.402328389,178.506827725));
#111=VERTEX_POINT('',#110);
#112=CARTESIAN_POINT('',(840.504596783,487.402328389,178.490259263));
#113=DIRECTION('',(-0.,-0.,1.));
#114=VECTOR('',#113,0.016568462);
#115=LINE('',#112,#114);
#116=EDGE_CURVE('',#101,#111,#115,.T.);
#117=ORIENTED_EDGE('',*,*,#116,.T.);
#118=CARTESIAN_POINT('',(834.004596783,498.660658638,178.506827725));
#119=VERTEX_POINT('',#118);
#120=CARTESIAN_POINT('',(840.504596783,487.402328389,178.506827725));
#121=DIRECTION('',(-0.5,0.866025404,0.));
#122=VECTOR('',#121,13.);
#123=LINE('',#120,#122);
#124=EDGE_CURVE('',#111,#119,#123,.T.);
#125=ORIENTED_EDGE('',*,*,#124,.T.);
#126=CARTESIAN_POINT('',(834.004596783,498.660658638,178.490259263));
#127=DIRECTION('',(-0.,-0.,1.));
#128=VECTOR('',#127,0.016568462);
#129=LINE('',#126,#128);
#130=EDGE_CURVE('',#103,#119,#129,.T.);
#131=ORIENTED_EDGE('',*,*,#130,.F.);
#132=EDGE_LOOP('',(#109,#117,#125,#131));
#133=FACE_BOUND('',#132,.T.);
#134=ADVANCED_FACE('',(#133),#99,.F.);
#135=CARTESIAN_POINT('',(824.699785301,466.730410842,174.506827725));
#136=DIRECTION('',(0.,0.,-1.));
#137=DIRECTION('',(-1.,0.,-0.));
#138=AXIS2_PLACEMENT_3D('',#135,#136,#137);
#139=CYLINDRICAL_SURFACE('',#138,10.);
#140=CARTESIAN_POINT('',(819.699785301,475.39066488,176.506827725));
#141=VERTEX_POINT('',#140);
#142=CARTESIAN_POINT('',(819.699785301,475.39066488,181.006827725));
#143=VERTEX_POINT('',#142);
#144=CARTESIAN_POINT('',(819.699785301,475.39066488,176.506827725));
#145=DIRECTION('',(-0.,-0.,1.));
#146=VECTOR('',#145,4.5);
#147=LINE('',#144,#146);
#148=EDGE_CURVE('',#141,#143,#147,.T.);
#149=ORIENTED_EDGE('',*,*,#148,.F.);
#150=CARTESIAN_POINT('',(814.699785301,466.730410842,176.506827725));
#151=VERTEX_POINT('',#150);
#152=CARTESIAN_POINT('',(824.699785301,466.730410842,176.506827725));
#153=DIRECTION('',(0.,-0.,1.));
#154=DIRECTION('',(-0.,-1.,-0.));
#155=AXIS2_PLACEMENT_3D('',#152,#153,#154);
#156=CIRCLE('',#155,10.);
#157=EDGE_CURVE('',#141,#151,#156,.T.);
#158=ORIENTED_EDGE('',*,*,#157,.T.);
#159=CARTESIAN_POINT('',(814.699785301,466.730410842,181.006827725));
#160=VERTEX_POINT('',#159);
#161=CARTESIAN_POINT('',(814.699785301,466.730410842,181.006827725));
#162=DIRECTION('',(0.,0.,-1.));
#163=VECTOR('',#162,4.5);
#164=LINE('',#161,#163);
#165=EDGE_CURVE('',#160,#151,#164,.T.);
#166=ORIENTED_EDGE('',*,*,#165,.F.);
#167=CARTESIAN_POINT('',(824.699785301,466.730410842,181.006827725));
#168=DIRECTION('',(-0.,-0.,1.));
#169=DIRECTION('',(1.,-0.,0.));
#170=AXIS2_PLACEMENT_3D('',#167,#168,#169);
#171=CIRCLE('',#170,10.);
#172=EDGE_CURVE('',#143,#160,#171,.T.);
#173=ORIENTED_EDGE('',*,*,#172,.F.);
#174=EDGE_LOOP('',(#149,#158,#166,#173));
#175=FACE_BOUND('',#174,.T.);
#176=ADVANCED_FACE('',(#175),#139,.T.);
#177=COLOUR_RGB('',0.494117647,0.494117647,0.525490224);
#178=FILL_AREA_STYLE_COLOUR('',#177);
#179=FILL_AREA_STYLE('',(#178));
#180=SURFACE_STYLE_FILL_AREA(#179);
#181=SURFACE_SIDE_STYLE('',(#180));
#182=SURFACE_STYLE_USAGE(.BOTH.,#181);
#183=PRESENTATION_STYLE_ASSIGNMENT((#182));
#184=OVER_RIDING_STYLED_ITEM('',(#183),#176,#54);
#185=CARTESIAN_POINT('',(808.199785301,476.256690283,174.506827725));
#186=DIRECTION('',(-0.,-0.,1.));
#187=DIRECTION('',(1.,-0.,0.));
#188=AXIS2_PLACEMENT_3D('',#185,#186,#187);
#189=PLANE('',#188);
#190=CARTESIAN_POINT('',(814.699785301,442.507083823,174.506827725));
#191=VERTEX_POINT('',#190);
#192=CARTESIAN_POINT('',(814.699785301,442.138498648,174.506827725));
#193=VERTEX_POINT('',#192);
#194=CARTESIAN_POINT('',(814.699785301,442.507083823,174.506827725));
#195=DIRECTION('',(-0.,-1.,-0.));
#196=VECTOR('',#195,0.368585175);
#197=LINE('',#194,#196);
#198=EDGE_CURVE('',#191,#193,#197,.T.);
#199=ORIENTED_EDGE('',*,*,#198,.F.);
#200=CARTESIAN_POINT('',(801.699785301,442.507083823,174.506827725));
#201=VERTEX_POINT('',#200);
#202=CARTESIAN_POINT('',(814.699785301,442.507083823,174.506827725));
#203=DIRECTION('',(-1.,0.,0.));
#204=VECTOR('',#203,13.);
#205=LINE('',#202,#204);
#206=EDGE_CURVE('',#191,#201,#205,.T.);
#207=ORIENTED_EDGE('',*,*,#206,.T.);
#208=CARTESIAN_POINT('',(801.699785301,442.138498648,174.506827725));
#209=VERTEX_POINT('',#208);
#210=CARTESIAN_POINT('',(801.699785301,442.507083823,174.506827725));
#211=DIRECTION('',(-0.,-1.,-0.));
#212=VECTOR('',#211,0.368585175);
#213=LINE('',#210,#212);
#214=EDGE_CURVE('',#201,#209,#213,.T.);
#215=ORIENTED_EDGE('',*,*,#214,.T.);
#216=CARTESIAN_POINT('',(800.822047126,440.226939026,174.506827725));
#217=VERTEX_POINT('',#216);
#218=CARTESIAN_POINT('',(801.699785301,442.138498648,174.506827725));
#219=CARTESIAN_POINT('',(801.699785301,441.955917829,174.506827725));
#220=CARTESIAN_POINT('',(801.680180641,441.776675481,174.506827725));
#221=CARTESIAN_POINT('',(801.64174653,441.600639594,174.506827725));
#222=CARTESIAN_POINT('',(801.603312418,441.424603706,174.506827725));
#223=CARTESIAN_POINT('',(801.54494374,441.249968759,174.506827725));
#224=CARTESIAN_POINT('',(801.469600605,441.085945707,174.506827725));
#225=CARTESIAN_POINT('',(801.394257471,440.921922655,174.506827725));
#226=CARTESIAN_POINT('',(801.302106734,440.767215023,174.506827725));
#227=CARTESIAN_POINT('',(801.192760366,440.62203787,174.506827725));
#228=CARTESIAN_POINT('',(801.083413999,440.476860718,174.506827725));
#229=CARTESIAN_POINT('',(800.958660936,440.34414433,174.506827725));
#230=CARTESIAN_POINT('',(800.822047126,440.226939026,174.506827725));
#231=B_SPLINE_CURVE_WITH_KNOTS('',3,(#218,#219,#220,#221,#222,#223,#224,#225,#226,#227,#228,#229,#230),.UNSPECIFIED.,.F.,.F.,(4,3,3,3,4),(0.,0.000539969,0.001079938,0.001619908,0.002159877),.UNSPECIFIED.);
#232=EDGE_CURVE('',#209,#217,#231,.T.);
#233=ORIENTED_EDGE('',*,*,#232,.T.);
#234=CARTESIAN_POINT('',(815.577523477,440.226939026,174.506827725));
#235=VERTEX_POINT('',#234);
#236=CARTESIAN_POINT('',(800.822047126,440.226939026,174.506827725));
#237=DIRECTION('',(1.,-0.,0.));
#238=VECTOR('',#237,14.755476351);
#239=LINE('',#236,#238);
#240=EDGE_CURVE('',#217,#235,#239,.T.);
#241=ORIENTED_EDGE('',*,*,#240,.T.);
#242=CARTESIAN_POINT('',(815.577523477,440.226939026,174.506827725));
#243=CARTESIAN_POINT('',(815.439859353,440.34504544,174.506827725));
#244=CARTESIAN_POINT('',(815.316835321,440.476229953,174.506827725));
#245=CARTESIAN_POINT('',(815.208166853,440.620238394,174.506827725));
#246=CARTESIAN_POINT('',(815.099498384,440.764246835,174.506827725));
#247=CARTESIAN_POINT('',(815.005294609,440.922045366,174.506827725));
#248=CARTESIAN_POINT('',(814.930170897,441.085508456,174.506827725));
#249=CARTESIAN_POINT('',(814.779923474,441.412434635,174.506827725));
#250=CARTESIAN_POINT('',(814.699785301,441.773813874,174.506827725));
#251=CARTESIAN_POINT('',(814.699785301,442.138498648,174.506827725));
#252=B_SPLINE_CURVE_WITH_KNOTS('',3,(#242,#243,#244,#245,#246,#247,#248,#249,#250,#251),.UNSPECIFIED.,.F.,.F.,(4,3,3,4),(0.001758016,0.002297332,0.002836649,0.003915282),.UNSPECIFIED.);
#253=EDGE_CURVE('',#235,#193,#252,.T.);
#254=ORIENTED_EDGE('',*,*,#253,.T.);
#255=EDGE_LOOP('',(#199,#207,#215,#233,#241,#254));
#256=FACE_BOUND('',#255,.T.);
#257=ADVANCED_FACE('',(#256),#189,.T.);
#258=OVER_RIDING_STYLED_ITEM('',(#183),#257,#54);
#259=CARTESIAN_POINT('',(791.699785301,466.730410842,174.506827725));
#260=DIRECTION('',(0.,0.,-1.));
#261=DIRECTION('',(-1.,0.,-0.));
#262=AXIS2_PLACEMENT_3D('',#259,#260,#261);
#263=CYLINDRICAL_SURFACE('',#262,10.);
#264=CARTESIAN_POINT('',(801.699785301,466.730410842,176.506827725));
#265=VERTEX_POINT('',#264);
#266=CARTESIAN_POINT('',(801.699785301,466.730410842,181.006827725));
#267=VERTEX_POINT('',#266);
#268=CARTESIAN_POINT('',(801.699785301,466.730410842,176.506827725));
#269=DIRECTION('',(-0.,-0.,1.));
#270=VECTOR('',#269,4.5);
#271=LINE('',#268,#270);
#272=EDGE_CURVE('',#265,#267,#271,.T.);
#273=ORIENTED_EDGE('',*,*,#272,.F.);
#274=CARTESIAN_POINT('',(796.699785301,475.39066488,176.506827725));
#275=VERTEX_POINT('',#274);
#276=CARTESIAN_POINT('',(791.699785301,466.730410842,176.506827725));
#277=DIRECTION('',(0.,-0.,1.));
#278=DIRECTION('',(-0.,-1.,-0.));
#279=AXIS2_PLACEMENT_3D('',#276,#277,#278);
#280=CIRCLE('',#279,10.);
#281=EDGE_CURVE('',#265,#275,#280,.T.);
#282=ORIENTED_EDGE('',*,*,#281,.T.);
#283=CARTESIAN_POINT('',(796.699785301,475.39066488,181.006827725));
#284=VERTEX_POINT('',#283);
#285=CARTESIAN_POINT('',(796.699785301,475.39066488,181.006827725));
#286=DIRECTION('',(0.,0.,-1.));
#287=VECTOR('',#286,4.5);
#288=LINE('',#285,#287);
#289=EDGE_CURVE('',#284,#275,#288,.T.);
#290=ORIENTED_EDGE('',*,*,#289,.F.);
#291=CARTESIAN_POINT('',(791.699785301,466.730410842,181.006827725));
#292=DIRECTION('',(-0.,-0.,1.));
#293=DIRECTION('',(1.,-0.,0.));
#294=AXIS2_PLACEMENT_3D('',#291,#292,#293);
#295=CIRCLE('',#294,10.);
#296=EDGE_CURVE('',#267,#284,#295,.T.);
#297=ORIENTED_EDGE('',*,*,#296,.F.);
#298=EDGE_LOOP('',(#273,#282,#290,#297));
#299=FACE_BOUND('',#298,.T.);
#300=ADVANCED_FACE('',(#299),#263,.T.);
#301=OVER_RIDING_STYLED_ITEM('',(#183),#300,#54);
#302=CARTESIAN_POINT('',(808.199785301,486.99540529,174.506827725));
#303=DIRECTION('',(0.,0.,-1.));
#304=DIRECTION('',(-1.,0.,-0.));
#305=AXIS2_PLACEMENT_3D('',#302,#303,#304);
#306=CYLINDRICAL_SURFACE('',#305,2.8);
#307=CARTESIAN_POINT('',(806.799785301,484.57053416,176.506827725));
#308=VERTEX_POINT('',#307);
#309=CARTESIAN_POINT('',(806.799785301,484.57053416,181.006827725));
#310=VERTEX_POINT('',#309);
#311=CARTESIAN_POINT('',(806.799785301,484.57053416,176.506827725));
#312=DIRECTION('',(-0.,-0.,1.));
#313=VECTOR('',#312,4.5);
#314=LINE('',#311,#313);
#315=EDGE_CURVE('',#308,#310,#314,.T.);
#316=ORIENTED_EDGE('',*,*,#315,.F.);
#317=CARTESIAN_POINT('',(809.599785301,484.57053416,176.506827725));
#318=VERTEX_POINT('',#317);
#319=CARTESIAN_POINT('',(808.199785301,486.99540529,176.506827725));
#320=DIRECTION('',(0.,-0.,1.));
#321=DIRECTION('',(-0.,-1.,-0.));
#322=AXIS2_PLACEMENT_3D('',#319,#320,#321);
#323=CIRCLE('',#322,2.8);
#324=EDGE_CURVE('',#308,#318,#323,.T.);
#325=ORIENTED_EDGE('',*,*,#324,.T.);
#326=CARTESIAN_POINT('',(809.599785301,484.57053416,181.006827725));
#327=VERTEX_POINT('',#326);
#328=CARTESIAN_POINT('',(809.599785301,484.57053416,181.006827725));
#329=DIRECTION('',(0.,0.,-1.));
#330=VECTOR('',#329,4.5);
#331=LINE('',#328,#330);
#332=EDGE_CURVE('',#327,#318,#331,.T.);
#333=ORIENTED_EDGE('',*,*,#332,.F.);
#334=CARTESIAN_POINT('',(808.199785301,486.99540529,181.006827725));
#335=DIRECTION('',(-0.,-0.,1.));
#336=DIRECTION('',(1.,-0.,0.));
#337=AXIS2_PLACEMENT_3D('',#334,#335,#336);
#338=CIRCLE('',#337,2.8);
#339=EDGE_CURVE('',#310,#327,#338,.T.);
#340=ORIENTED_EDGE('',*,*,#339,.F.);
#341=EDGE_LOOP('',(#316,#325,#333,#340));
#342=FACE_BOUND('',#341,.T.);
#343=ADVANCED_FACE('',(#342),#306,.T.);
#344=OVER_RIDING_STYLED_ITEM('',(#183),#343,#54);
#345=CARTESIAN_POINT('',(779.828772262,517.462763874,179.506827725));
#346=DIRECTION('',(-0.5,-0.866025404,0.));
#347=DIRECTION('',(-0.,0.,-1.));
#348=AXIS2_PLACEMENT_3D('',#345,#346,#347);
#349=CYLINDRICAL_SURFACE('',#348,2.7);
#350=CARTESIAN_POINT('',(776.328772262,511.400586047,176.806827725));
#351=VERTEX_POINT('',#350);
#352=CARTESIAN_POINT('',(779.828772262,517.462763874,176.806827725));
#353=VERTEX_POINT('',#352);
#354=CARTESIAN_POINT('',(776.328772262,511.400586047,176.806827725));
#355=DIRECTION('',(0.5,0.866025404,-0.));
#356=VECTOR('',#355,7.);
#357=LINE('',#354,#356);
#358=EDGE_CURVE('',#351,#353,#357,.T.);
#359=ORIENTED_EDGE('',*,*,#358,.F.);
#360=CARTESIAN_POINT('',(778.667040852,510.050586047,179.506827725));
#361=VERTEX_POINT('',#360);
#362=CARTESIAN_POINT('',(776.328772262,511.400586047,179.506827725));
#363=DIRECTION('',(-0.5,-0.866025404,0.));
#364=DIRECTION('',(0.866025404,-0.5,-0.));
#365=AXIS2_PLACEMENT_3D('',#362,#363,#364);
#366=CIRCLE('',#365,2.7);
#367=EDGE_CURVE('',#351,#361,#366,.T.);
#368=ORIENTED_EDGE('',*,*,#367,.T.);
#369=CARTESIAN_POINT('',(782.167040852,516.112763874,179.506827725));
#370=VERTEX_POINT('',#369);
#371=CARTESIAN_POINT('',(782.167040852,516.112763874,179.506827725));
#372=DIRECTION('',(-0.5,-0.866025404,0.));
#373=VECTOR('',#372,7.);
#374=LINE('',#371,#373);
#375=EDGE_CURVE('',#370,#361,#374,.T.);
#376=ORIENTED_EDGE('',*,*,#375,.F.);
#377=CARTESIAN_POINT('',(779.828772262,517.462763874,179.506827725));
#378=DIRECTION('',(0.5,0.866025404,-0.));
#379=DIRECTION('',(0.,-0.,1.));
#380=AXIS2_PLACEMENT_3D('',#377,#378,#379);
#381=CIRCLE('',#380,2.7);
#382=EDGE_CURVE('',#370,#353,#381,.T.);
#383=ORIENTED_EDGE('',*,*,#382,.T.);
#384=EDGE_LOOP('',(#359,#368,#376,#383));
#385=FACE_BOUND('',#384,.T.);
#386=ADVANCED_FACE('',(#385),#349,.F.);
#387=CARTESIAN_POINT('',(779.828772262,517.462763874,179.506827725));
#388=DIRECTION('',(-0.5,-0.866025404,0.));
#389=DIRECTION('',(-0.,0.,-1.));
#390=AXIS2_PLACEMENT_3D('',#387,#388,#389);
#391=CYLINDRICAL_SURFACE('',#390,2.7);
#392=CARTESIAN_POINT('',(758.328772262,480.223671511,176.806827725));
#393=VERTEX_POINT('',#392);
#394=CARTESIAN_POINT('',(761.828772262,486.285849338,176.806827725));
#395=VERTEX_POINT('',#394);
#396=CARTESIAN_POINT('',(758.328772262,480.223671511,176.806827725));
#397=DIRECTION('',(0.5,0.866025404,-0.));
#398=VECTOR('',#397,7.);
#399=LINE('',#396,#398);
#400=EDGE_CURVE('',#393,#395,#399,.T.);
#401=ORIENTED_EDGE('',*,*,#400,.F.);
#402=CARTESIAN_POINT('',(760.667040852,478.873671511,179.506827725));
#403=VERTEX_POINT('',#402);
#404=CARTESIAN_POINT('',(758.328772262,480.223671511,179.506827725));
#405=DIRECTION('',(0.5,0.866025404,-0.));
#406=DIRECTION('',(0.,-0.,1.));
#407=AXIS2_PLACEMENT_3D('',#404,#405,#406);
#408=CIRCLE('',#407,2.7);
#409=EDGE_CURVE('',#403,#393,#408,.T.);
#410=ORIENTED_EDGE('',*,*,#409,.F.);
#411=CARTESIAN_POINT('',(764.167040852,484.935849338,179.506827725));
#412=VERTEX_POINT('',#411);
#413=CARTESIAN_POINT('',(764.167040852,484.935849338,179.506827725));
#414=DIRECTION('',(-0.5,-0.866025404,0.));
#415=VECTOR('',#414,7.);
#416=LINE('',#413,#415);
#417=EDGE_CURVE('',#412,#403,#416,.T.);
#418=ORIENTED_EDGE('',*,*,#417,.F.);
#419=CARTESIAN_POINT('',(761.828772262,486.285849338,179.506827725));
#420=DIRECTION('',(0.5,0.866025404,-0.));
#421=DIRECTION('',(0.866025404,-0.5,-0.));
#422=AXIS2_PLACEMENT_3D('',#419,#420,#421);
#423=CIRCLE('',#422,2.7);
#424=EDGE_CURVE('',#412,#395,#423,.T.);
#425=ORIENTED_EDGE('',*,*,#424,.T.);
#426=EDGE_LOOP('',(#401,#410,#418,#425));
#427=FACE_BOUND('',#426,.T.);
#428=ADVANCED_FACE('',(#427),#391,.F.);
#429=CARTESIAN_POINT('',(773.384285889,513.100586047,62.406827725));
#430=DIRECTION('',(-0.,0.,-1.));
#431=DIRECTION('',(-0.,-1.,-0.));
#432=AXIS2_PLACEMENT_3D('',#429,#430,#431);
#433=CYLINDRICAL_SURFACE('',#432,0.7);
#434=CARTESIAN_POINT('',(773.384285889,512.400586047,179.506827725));
#435=VERTEX_POINT('',#434);
#436=CARTESIAN_POINT('',(773.384285889,512.400586047,183.806827725));
#437=VERTEX_POINT('',#436);
#438=CARTESIAN_POINT('',(773.384285889,512.400586047,179.506827725));
#439=DIRECTION('',(0.,-0.,1.));
#440=VECTOR('',#439,4.3);
#441=LINE('',#438,#440);
#442=EDGE_CURVE('',#435,#437,#441,.T.);
#443=ORIENTED_EDGE('',*,*,#442,.T.);
#444=CARTESIAN_POINT('',(773.034285889,512.494368265,183.806827725));
#445=VERTEX_POINT('',#444);
#446=CARTESIAN_POINT('',(773.384285889,513.100586047,183.806827725));
#447=DIRECTION('',(0.,-0.,1.));
#448=DIRECTION('',(-0.,-1.,-0.));
#449=AXIS2_PLACEMENT_3D('',#446,#447,#448);
#450=CIRCLE('',#449,0.7);
#451=EDGE_CURVE('',#445,#437,#450,.T.);
#452=ORIENTED_EDGE('',*,*,#451,.F.);
#453=CARTESIAN_POINT('',(773.034285889,512.494368265,179.506827725));
#454=VERTEX_POINT('',#453);
#455=CARTESIAN_POINT('',(773.034285889,512.494368265,179.506827725));
#456=DIRECTION('',(0.,-0.,1.));
#457=VECTOR('',#456,4.3);
#458=LINE('',#455,#457);
#459=EDGE_CURVE('',#454,#445,#458,.T.);
#460=ORIENTED_EDGE('',*,*,#459,.F.);
#461=CARTESIAN_POINT('',(773.384285889,513.100586047,179.506827725));
#462=DIRECTION('',(-0.,-0.,1.));
#463=DIRECTION('',(1.,-0.,0.));
#464=AXIS2_PLACEMENT_3D('',#461,#462,#463);
#465=CIRCLE('',#464,0.7);
#466=EDGE_CURVE('',#454,#435,#465,.T.);
#467=ORIENTED_EDGE('',*,*,#466,.T.);
#468=EDGE_LOOP('',(#443,#452,#460,#467));
#469=FACE_BOUND('',#468,.T.);
#470=ADVANCED_FACE('',(#469),#433,.T.);
#471=CARTESIAN_POINT('',(776.328772262,511.400586047,179.506827725));
#472=DIRECTION('',(0.5,0.866025404,-0.));
#473=DIRECTION('',(0.866025404,-0.5,-0.));
#474=AXIS2_PLACEMENT_3D('',#471,#472,#473);
#475=TOROIDAL_SURFACE('',#474,3.4,0.7);
#476=CARTESIAN_POINT('',(778.923258635,509.094368265,179.506827725));
#477=VERTEX_POINT('',#476);
#478=CARTESIAN_POINT('',(779.273258635,509.700586047,179.506827725));
#479=DIRECTION('',(0.,0.,-1.));
#480=DIRECTION('',(-1.,0.,0.));
#481=AXIS2_PLACEMENT_3D('',#478,#479,#480);
#482=CIRCLE('',#481,0.7);
#483=EDGE_CURVE('',#477,#361,#482,.T.);
#484=ORIENTED_EDGE('',*,*,#483,.T.);
#485=ORIENTED_EDGE('',*,*,#367,.F.);
#486=CARTESIAN_POINT('',(773.990503672,512.750586047,179.506827725));
#487=VERTEX_POINT('',#486);
#488=CARTESIAN_POINT('',(776.328772262,511.400586047,179.506827725));
#489=DIRECTION('',(-0.5,-0.866025404,0.));
#490=DIRECTION('',(0.866025404,-0.5,-0.));
#491=AXIS2_PLACEMENT_3D('',#488,#489,#490);
#492=CIRCLE('',#491,2.7);
#493=EDGE_CURVE('',#487,#351,#492,.T.);
#494=ORIENTED_EDGE('',*,*,#493,.F.);
#495=CARTESIAN_POINT('',(773.384285889,513.100586047,179.506827725));
#496=DIRECTION('',(-0.,-0.,1.));
#497=DIRECTION('',(1.,-0.,0.));
#498=AXIS2_PLACEMENT_3D('',#495,#496,#497);
#499=CIRCLE('',#498,0.7);
#500=EDGE_CURVE('',#435,#487,#499,.T.);
#501=ORIENTED_EDGE('',*,*,#500,.F.);
#502=ORIENTED_EDGE('',*,*,#466,.F.);
#503=CARTESIAN_POINT('',(775.978772262,510.794368265,179.506827725));
#504=DIRECTION('',(0.5,0.866025404,-0.));
#505=DIRECTION('',(0.866025404,-0.5,-0.));
#506=AXIS2_PLACEMENT_3D('',#503,#504,#505);
#507=CIRCLE('',#506,3.4);
#508=EDGE_CURVE('',#477,#454,#507,.T.);
#509=ORIENTED_EDGE('',*,*,#508,.F.);
#510=EDGE_LOOP('',(#484,#485,#494,#501,#502,#509));
#511=FACE_BOUND('',#510,.T.);
#512=ADVANCED_FACE('',(#511),#475,.T.);
#513=CARTESIAN_POINT('',(779.273258635,509.700586047,62.406827725));
#514=DIRECTION('',(0.,-0.,1.));
#515=DIRECTION('',(0.,1.,0.));
#516=AXIS2_PLACEMENT_3D('',#513,#514,#515);
#517=CYLINDRICAL_SURFACE('',#516,0.7);
#518=CARTESIAN_POINT('',(778.923258635,509.094368265,183.806827725));
#519=VERTEX_POINT('',#518);
#520=CARTESIAN_POINT('',(778.573258635,509.700586047,183.806827725));
#521=VERTEX_POINT('',#520);
#522=CARTESIAN_POINT('',(779.273258635,509.700586047,183.806827725));
#523=DIRECTION('',(-0.,0.,-1.));
#524=DIRECTION('',(0.,1.,0.));
#525=AXIS2_PLACEMENT_3D('',#522,#523,#524);
#526=CIRCLE('',#525,0.7);
#527=EDGE_CURVE('',#519,#521,#526,.T.);
#528=ORIENTED_EDGE('',*,*,#527,.T.);
#529=CARTESIAN_POINT('',(778.667040852,510.050586047,183.806827725));
#530=VERTEX_POINT('',#529);
#531=CARTESIAN_POINT('',(779.273258635,509.700586047,183.806827725));
#532=DIRECTION('',(-0.,0.,-1.));
#533=DIRECTION('',(0.,1.,0.));
#534=AXIS2_PLACEMENT_3D('',#531,#532,#533);
#535=CIRCLE('',#534,0.7);
#536=EDGE_CURVE('',#521,#530,#535,.T.);
#537=ORIENTED_EDGE('',*,*,#536,.T.);
#538=CARTESIAN_POINT('',(778.667040852,510.050586047,179.506827725));
#539=DIRECTION('',(0.,-0.,1.));
#540=VECTOR('',#539,4.3);
#541=LINE('',#538,#540);
#542=EDGE_CURVE('',#361,#530,#541,.T.);
#543=ORIENTED_EDGE('',*,*,#542,.F.);
#544=ORIENTED_EDGE('',*,*,#483,.F.);
#545=CARTESIAN_POINT('',(778.923258635,509.094368265,183.806827725));
#546=DIRECTION('',(-0.,0.,-1.));
#547=VECTOR('',#546,4.3);
#548=LINE('',#545,#547);
#549=EDGE_CURVE('',#519,#477,#548,.T.);
#550=ORIENTED_EDGE('',*,*,#549,.F.);
#551=EDGE_LOOP('',(#528,#537,#543,#544,#550));
#552=FACE_BOUND('',#551,.T.);
#553=ADVANCED_FACE('',(#552),#517,.T.);
#554=CARTESIAN_POINT('',(764.773258635,484.585849338,183.956827725));
#555=DIRECTION('',(-0.,0.,-1.));
#556=DIRECTION('',(-0.,-1.,-0.));
#557=AXIS2_PLACEMENT_3D('',#554,#555,#556);
#558=CYLINDRICAL_SURFACE('',#557,0.7);
#559=CARTESIAN_POINT('',(764.167040852,484.935849338,183.806827725));
#560=VERTEX_POINT('',#559);
#561=CARTESIAN_POINT('',(765.123258635,485.19206712,183.806827725));
#562=VERTEX_POINT('',#561);
#563=CARTESIAN_POINT('',(764.773258635,484.585849338,183.806827725));
#564=DIRECTION('',(-0.,0.,-1.));
#565=DIRECTION('',(-0.,-1.,-0.));
#566=AXIS2_PLACEMENT_3D('',#563,#564,#565);
#567=CIRCLE('',#566,0.7);
#568=EDGE_CURVE('',#560,#562,#567,.T.);
#569=ORIENTED_EDGE('',*,*,#568,.T.);
#570=CARTESIAN_POINT('',(765.123258635,485.19206712,179.506827725));
#571=VERTEX_POINT('',#570);
#572=CARTESIAN_POINT('',(765.123258635,485.19206712,179.506827725));
#573=DIRECTION('',(0.,-0.,1.));
#574=VECTOR('',#573,4.3);
#575=LINE('',#572,#574);
#576=EDGE_CURVE('',#571,#562,#575,.T.);
#577=ORIENTED_EDGE('',*,*,#576,.F.);
#578=CARTESIAN_POINT('',(764.773258635,484.585849338,179.506827725));
#579=DIRECTION('',(0.,0.,-1.));
#580=DIRECTION('',(-1.,0.,0.));
#581=AXIS2_PLACEMENT_3D('',#578,#579,#580);
#582=CIRCLE('',#581,0.7);
#583=EDGE_CURVE('',#412,#571,#582,.T.);
#584=ORIENTED_EDGE('',*,*,#583,.F.);
#585=CARTESIAN_POINT('',(764.167040852,484.935849338,183.806827725));
#586=DIRECTION('',(-0.,0.,-1.));
#587=VECTOR('',#586,4.3);
#588=LINE('',#585,#587);
#589=EDGE_CURVE('',#560,#412,#588,.T.);
#590=ORIENTED_EDGE('',*,*,#589,.F.);
#591=EDGE_LOOP('',(#569,#577,#584,#590));
#592=FACE_BOUND('',#591,.T.);
#593=ADVANCED_FACE('',(#592),#558,.T.);
#594=CARTESIAN_POINT('',(761.828772262,486.285849338,179.506827725));
#595=DIRECTION('',(0.5,0.866025404,-0.));
#596=DIRECTION('',(0.866025404,-0.5,-0.));
#597=AXIS2_PLACEMENT_3D('',#594,#595,#596);
#598=TOROIDAL_SURFACE('',#597,3.4,0.7);
#599=ORIENTED_EDGE('',*,*,#583,.T.);
#600=CARTESIAN_POINT('',(759.234285889,488.59206712,179.506827725));
#601=VERTEX_POINT('',#600);
#602=CARTESIAN_POINT('',(762.178772262,486.89206712,179.506827725));
#603=DIRECTION('',(-0.5,-0.866025404,0.));
#604=DIRECTION('',(0.866025404,-0.5,-0.));
#605=AXIS2_PLACEMENT_3D('',#602,#603,#604);
#606=CIRCLE('',#605,3.4);
#607=EDGE_CURVE('',#601,#571,#606,.T.);
#608=ORIENTED_EDGE('',*,*,#607,.F.);
#609=CARTESIAN_POINT('',(759.490503672,487.635849338,179.506827725));
#610=VERTEX_POINT('',#609);
#611=CARTESIAN_POINT('',(758.884285889,487.985849338,179.506827725));
#612=DIRECTION('',(-0.,-0.,1.));
#613=DIRECTION('',(1.,-0.,0.));
#614=AXIS2_PLACEMENT_3D('',#611,#612,#613);
#615=CIRCLE('',#614,0.7);
#616=EDGE_CURVE('',#610,#601,#615,.T.);
#617=ORIENTED_EDGE('',*,*,#616,.F.);
#618=CARTESIAN_POINT('',(761.828772262,486.285849338,179.506827725));
#619=DIRECTION('',(0.5,0.866025404,-0.));
#620=DIRECTION('',(0.866025404,-0.5,-0.));
#621=AXIS2_PLACEMENT_3D('',#618,#619,#620);
#622=CIRCLE('',#621,2.7);
#623=EDGE_CURVE('',#395,#610,#622,.T.);
#624=ORIENTED_EDGE('',*,*,#623,.F.);
#625=ORIENTED_EDGE('',*,*,#424,.F.);
#626=EDGE_LOOP('',(#599,#608,#617,#624,#625));
#627=FACE_BOUND('',#626,.T.);
#628=ADVANCED_FACE('',(#627),#598,.T.);
#629=CARTESIAN_POINT('',(758.884285889,487.985849338,183.956827725));
#630=DIRECTION('',(0.,-0.,1.));
#631=DIRECTION('',(0.,1.,0.));
#632=AXIS2_PLACEMENT_3D('',#629,#630,#631);
#633=CYLINDRICAL_SURFACE('',#632,0.7);
#634=ORIENTED_EDGE('',*,*,#616,.T.);
#635=CARTESIAN_POINT('',(759.234285889,488.59206712,183.806827725));
#636=VERTEX_POINT('',#635);
#637=CARTESIAN_POINT('',(759.234285889,488.59206712,183.806827725));
#638=DIRECTION('',(-0.,0.,-1.));
#639=VECTOR('',#638,4.3);
#640=LINE('',#637,#639);
#641=EDGE_CURVE('',#636,#601,#640,.T.);
#642=ORIENTED_EDGE('',*,*,#641,.F.);
#643=CARTESIAN_POINT('',(759.490503672,487.635849338,183.806827725));
#644=VERTEX_POINT('',#643);
#645=CARTESIAN_POINT('',(758.884285889,487.985849338,183.806827725));
#646=DIRECTION('',(0.,-0.,1.));
#647=DIRECTION('',(0.,1.,0.));
#648=AXIS2_PLACEMENT_3D('',#645,#646,#647);
#649=CIRCLE('',#648,0.7);
#650=EDGE_CURVE('',#644,#636,#649,.T.);
#651=ORIENTED_EDGE('',*,*,#650,.F.);
#652=CARTESIAN_POINT('',(759.490503672,487.635849338,179.506827725));
#653=DIRECTION('',(0.,-0.,1.));
#654=VECTOR('',#653,4.3);
#655=LINE('',#652,#654);
#656=EDGE_CURVE('',#610,#644,#655,.T.);
#657=ORIENTED_EDGE('',*,*,#656,.F.);
#658=EDGE_LOOP('',(#634,#642,#651,#657));
#659=FACE_BOUND('',#658,.T.);
#660=ADVANCED_FACE('',(#659),#633,.T.);
#661=CARTESIAN_POINT('',(782.167040852,516.112763874,183.956827725));
#662=DIRECTION('',(-0.866025404,0.5,0.));
#663=DIRECTION('',(0.5,0.866025404,0.));
#664=AXIS2_PLACEMENT_3D('',#661,#662,#663);
#665=PLANE('',#664);
#666=ORIENTED_EDGE('',*,*,#375,.T.);
#667=ORIENTED_EDGE('',*,*,#542,.T.);
#668=CARTESIAN_POINT('',(782.167040852,516.112763874,183.806827725));
#669=VERTEX_POINT('',#668);
#670=CARTESIAN_POINT('',(778.667040852,510.050586047,183.806827725));
#671=DIRECTION('',(0.5,0.866025404,0.));
#672=VECTOR('',#671,7.);
#673=LINE('',#670,#672);
#674=EDGE_CURVE('',#530,#669,#673,.T.);
#675=ORIENTED_EDGE('',*,*,#674,.T.);
#676=CARTESIAN_POINT('',(782.167040852,516.112763874,183.806827725));
#677=DIRECTION('',(-0.,0.,-1.));
#678=VECTOR('',#677,4.3);
#679=LINE('',#676,#678);
#680=EDGE_CURVE('',#669,#370,#679,.T.);
#681=ORIENTED_EDGE('',*,*,#680,.T.);
#682=EDGE_LOOP('',(#666,#667,#675,#681));
#683=FACE_BOUND('',#682,.T.);
#684=ADVANCED_FACE('',(#683),#665,.T.);
#685=CARTESIAN_POINT('',(779.273258635,509.700586047,183.806827725));
#686=DIRECTION('',(0.,0.,-1.));
#687=DIRECTION('',(-1.,0.,0.));
#688=AXIS2_PLACEMENT_3D('',#685,#686,#687);
#689=SPHERICAL_SURFACE('',#688,0.7);
#690=CARTESIAN_POINT('',(779.273258635,509.700586047,184.506827725));
#691=VERTEX_POINT('',#690);
#692=CARTESIAN_POINT('',(779.273258635,509.700586047,183.806827725));
#693=DIRECTION('',(0.,1.,0.));
#694=DIRECTION('',(-1.,0.,0.));
#695=AXIS2_PLACEMENT_3D('',#692,#693,#694);
#696=CIRCLE('',#695,0.7);
#697=EDGE_CURVE('',#521,#691,#696,.T.);
#698=ORIENTED_EDGE('',*,*,#697,.T.);
#699=CARTESIAN_POINT('',(779.273258635,509.700586047,183.806827725));
#700=DIRECTION('',(0.5,0.866025404,0.));
#701=DIRECTION('',(0.866025404,-0.5,-0.));
#702=AXIS2_PLACEMENT_3D('',#699,#700,#701);
#703=CIRCLE('',#702,0.7);
#704=EDGE_CURVE('',#530,#691,#703,.T.);
#705=ORIENTED_EDGE('',*,*,#704,.F.);
#706=ORIENTED_EDGE('',*,*,#536,.F.);
#707=EDGE_LOOP('',(#698,#705,#706));
#708=FACE_BOUND('',#707,.T.);
#709=ADVANCED_FACE('',(#708),#689,.T.);
#710=CARTESIAN_POINT('',(848.148611213,478.018286465,62.406827725));
#711=DIRECTION('',(0.5,0.866025404,-0.));
#712=DIRECTION('',(-0.866025404,0.5,0.));
#713=AXIS2_PLACEMENT_3D('',#710,#711,#712);
#714=PLANE('',#713);
#715=ORIENTED_EDGE('',*,*,#680,.F.);
#716=CARTESIAN_POINT('',(777.490503672,518.812763874,183.806827725));
#717=VERTEX_POINT('',#716);
#718=CARTESIAN_POINT('',(782.167040852,516.112763874,183.806827725));
#719=DIRECTION('',(-0.866025404,0.5,-0.));
#720=VECTOR('',#719,5.4);
#721=LINE('',#718,#720);
#722=EDGE_CURVE('',#669,#717,#721,.T.);
#723=ORIENTED_EDGE('',*,*,#722,.T.);
#724=CARTESIAN_POINT('',(777.490503672,518.812763874,179.506827725));
#725=VERTEX_POINT('',#724);
#726=CARTESIAN_POINT('',(777.490503672,518.812763874,179.506827725));
#727=DIRECTION('',(0.,-0.,1.));
#728=VECTOR('',#727,4.3);
#729=LINE('',#726,#728);
#730=EDGE_CURVE('',#725,#717,#729,.T.);
#731=ORIENTED_EDGE('',*,*,#730,.F.);
#732=CARTESIAN_POINT('',(779.828772262,517.462763874,179.506827725));
#733=DIRECTION('',(0.5,0.866025404,-0.));
#734=DIRECTION('',(0.,-0.,1.));
#735=AXIS2_PLACEMENT_3D('',#732,#733,#734);
#736=CIRCLE('',#735,2.7);
#737=EDGE_CURVE('',#353,#725,#736,.T.);
#738=ORIENTED_EDGE('',*,*,#737,.F.);
#739=ORIENTED_EDGE('',*,*,#382,.F.);
#740=EDGE_LOOP('',(#715,#723,#731,#738,#739));
#741=FACE_BOUND('',#740,.T.);
#742=ADVANCED_FACE('',(#741),#714,.F.);
#743=CARTESIAN_POINT('',(777.490503672,518.812763874,183.956827725));
#744=DIRECTION('',(0.866025404,-0.5,-0.));
#745=DIRECTION('',(-0.5,-0.866025404,-0.));
#746=AXIS2_PLACEMENT_3D('',#743,#744,#745);
#747=PLANE('',#746);
#748=CARTESIAN_POINT('',(773.990503672,512.750586047,183.806827725));
#749=VERTEX_POINT('',#748);
#750=CARTESIAN_POINT('',(777.490503672,518.812763874,183.806827725));
#751=DIRECTION('',(-0.5,-0.866025404,-0.));
#752=VECTOR('',#751,7.);
#753=LINE('',#750,#752);
#754=EDGE_CURVE('',#717,#749,#753,.T.);
#755=ORIENTED_EDGE('',*,*,#754,.T.);
#756=CARTESIAN_POINT('',(773.990503672,512.750586047,183.806827725));
#757=DIRECTION('',(-0.,0.,-1.));
#758=VECTOR('',#757,4.3);
#759=LINE('',#756,#758);
#760=EDGE_CURVE('',#749,#487,#759,.T.);
#761=ORIENTED_EDGE('',*,*,#760,.T.);
#762=CARTESIAN_POINT('',(777.490503672,518.812763874,179.506827725));
#763=DIRECTION('',(-0.5,-0.866025404,0.));
#764=VECTOR('',#763,7.);
#765=LINE('',#762,#764);
#766=EDGE_CURVE('',#725,#487,#765,.T.);
#767=ORIENTED_EDGE('',*,*,#766,.F.);
#768=ORIENTED_EDGE('',*,*,#730,.T.);
#769=EDGE_LOOP('',(#755,#761,#767,#768));
#770=FACE_BOUND('',#769,.T.);
#771=ADVANCED_FACE('',(#770),#747,.T.);
#772=CARTESIAN_POINT('',(773.384285889,513.100586047,183.806827725));
#773=DIRECTION('',(0.,0.,-1.));
#774=DIRECTION('',(-1.,0.,0.));
#775=AXIS2_PLACEMENT_3D('',#772,#773,#774);
#776=SPHERICAL_SURFACE('',#775,0.7);
#777=ORIENTED_EDGE('',*,*,#451,.T.);
#778=CARTESIAN_POINT('',(773.384285889,513.100586047,183.806827725));
#779=DIRECTION('',(0.,-0.,1.));
#780=DIRECTION('',(-0.,-1.,-0.));
#781=AXIS2_PLACEMENT_3D('',#778,#779,#780);
#782=CIRCLE('',#781,0.7);
#783=EDGE_CURVE('',#437,#749,#782,.T.);
#784=ORIENTED_EDGE('',*,*,#783,.T.);
#785=CARTESIAN_POINT('',(773.384285889,513.100586047,184.506827725));
#786=VERTEX_POINT('',#785);
#787=CARTESIAN_POINT('',(773.384285889,513.100586047,183.806827725));
#788=DIRECTION('',(-0.5,-0.866025404,-0.));
#789=DIRECTION('',(-0.866025404,0.5,0.));
#790=AXIS2_PLACEMENT_3D('',#787,#788,#789);
#791=CIRCLE('',#790,0.7);
#792=EDGE_CURVE('',#749,#786,#791,.T.);
#793=ORIENTED_EDGE('',*,*,#792,.T.);
#794=CARTESIAN_POINT('',(773.384285889,513.100586047,183.806827725));
#795=DIRECTION('',(-0.866025404,0.5,-0.));
#796=DIRECTION('',(-0.5,-0.866025404,-0.));
#797=AXIS2_PLACEMENT_3D('',#794,#795,#796);
#798=CIRCLE('',#797,0.7);
#799=EDGE_CURVE('',#445,#786,#798,.T.);
#800=ORIENTED_EDGE('',*,*,#799,.F.);
#801=EDGE_LOOP('',(#777,#784,#793,#800));
#802=FACE_BOUND('',#801,.T.);
#803=ADVANCED_FACE('',(#802),#776,.T.);
#804=CARTESIAN_POINT('',(758.884285889,487.985849338,183.806827725));
#805=DIRECTION('',(0.,0.,-1.));
#806=DIRECTION('',(-1.,0.,0.));
#807=AXIS2_PLACEMENT_3D('',#804,#805,#806);
#808=SPHERICAL_SURFACE('',#807,0.7);
#809=CARTESIAN_POINT('',(758.884285889,487.985849338,184.506827725));
#810=VERTEX_POINT('',#809);
#811=CARTESIAN_POINT('',(758.884285889,487.985849338,183.806827725));
#812=DIRECTION('',(0.5,0.866025404,0.));
#813=DIRECTION('',(0.866025404,-0.5,-0.));
#814=AXIS2_PLACEMENT_3D('',#811,#812,#813);
#815=CIRCLE('',#814,0.7);
#816=EDGE_CURVE('',#810,#644,#815,.T.);
#817=ORIENTED_EDGE('',*,*,#816,.T.);
#818=ORIENTED_EDGE('',*,*,#650,.T.);
#819=CARTESIAN_POINT('',(758.884285889,487.985849338,183.806827725));
#820=DIRECTION('',(-0.866025404,0.5,-0.));
#821=DIRECTION('',(0.5,0.866025404,0.));
#822=AXIS2_PLACEMENT_3D('',#819,#820,#821);
#823=CIRCLE('',#822,0.7);
#824=EDGE_CURVE('',#810,#636,#823,.T.);
#825=ORIENTED_EDGE('',*,*,#824,.F.);
#826=EDGE_LOOP('',(#817,#818,#825));
#827=FACE_BOUND('',#826,.T.);
#828=ADVANCED_FACE('',(#827),#808,.T.);
#829=CARTESIAN_POINT('',(777.490503672,518.812763874,183.956827725));
#830=DIRECTION('',(0.866025404,-0.5,-0.));
#831=DIRECTION('',(-0.5,-0.866025404,-0.));
#832=AXIS2_PLACEMENT_3D('',#829,#830,#831);
#833=PLANE('',#832);
#834=CARTESIAN_POINT('',(755.990503672,481.573671511,179.506827725));
#835=VERTEX_POINT('',#834);
#836=CARTESIAN_POINT('',(759.490503672,487.635849338,179.506827725));
#837=DIRECTION('',(-0.5,-0.866025404,0.));
#838=VECTOR('',#837,7.);
#839=LINE('',#836,#838);
#840=EDGE_CURVE('',#610,#835,#839,.T.);
#841=ORIENTED_EDGE('',*,*,#840,.F.);
#842=ORIENTED_EDGE('',*,*,#656,.T.);
#843=CARTESIAN_POINT('',(755.990503672,481.573671511,183.806827725));
#844=VERTEX_POINT('',#843);
#845=CARTESIAN_POINT('',(759.490503672,487.635849338,183.806827725));
#846=DIRECTION('',(-0.5,-0.866025404,-0.));
#847=VECTOR('',#846,7.);
#848=LINE('',#845,#847);
#849=EDGE_CURVE('',#644,#844,#848,.T.);
#850=ORIENTED_EDGE('',*,*,#849,.T.);
#851=CARTESIAN_POINT('',(755.990503672,481.573671511,179.506827725));
#852=DIRECTION('',(0.,-0.,1.));
#853=VECTOR('',#852,4.3);
#854=LINE('',#851,#853);
#855=EDGE_CURVE('',#835,#844,#854,.T.);
#856=ORIENTED_EDGE('',*,*,#855,.F.);
#857=EDGE_LOOP('',(#841,#842,#850,#856));
#858=FACE_BOUND('',#857,.T.);
#859=ADVANCED_FACE('',(#858),#833,.T.);
#860=CARTESIAN_POINT('',(826.648611213,440.779194102,62.406827725));
#861=DIRECTION('',(0.5,0.866025404,-0.));
#862=DIRECTION('',(-0.866025404,0.5,0.));
#863=AXIS2_PLACEMENT_3D('',#860,#861,#862);
#864=PLANE('',#863);
#865=ORIENTED_EDGE('',*,*,#855,.T.);
#866=CARTESIAN_POINT('',(760.667040852,478.873671511,183.806827725));
#867=VERTEX_POINT('',#866);
#868=CARTESIAN_POINT('',(755.990503672,481.573671511,183.806827725));
#869=DIRECTION('',(0.866025404,-0.5,0.));
#870=VECTOR('',#869,5.4);
#871=LINE('',#868,#870);
#872=EDGE_CURVE('',#844,#867,#871,.T.);
#873=ORIENTED_EDGE('',*,*,#872,.T.);
#874=CARTESIAN_POINT('',(760.667040852,478.873671511,183.806827725));
#875=DIRECTION('',(-0.,0.,-1.));
#876=VECTOR('',#875,4.3);
#877=LINE('',#874,#876);
#878=EDGE_CURVE('',#867,#403,#877,.T.);
#879=ORIENTED_EDGE('',*,*,#878,.T.);
#880=ORIENTED_EDGE('',*,*,#409,.T.);
#881=CARTESIAN_POINT('',(758.328772262,480.223671511,179.506827725));
#882=DIRECTION('',(0.5,0.866025404,-0.));
#883=DIRECTION('',(0.,-0.,1.));
#884=AXIS2_PLACEMENT_3D('',#881,#882,#883);
#885=CIRCLE('',#884,2.7);
#886=EDGE_CURVE('',#393,#835,#885,.T.);
#887=ORIENTED_EDGE('',*,*,#886,.T.);
#888=EDGE_LOOP('',(#865,#873,#879,#880,#887));
#889=FACE_BOUND('',#888,.T.);
#890=ADVANCED_FACE('',(#889),#864,.T.);
#891=CARTESIAN_POINT('',(782.167040852,516.112763874,183.956827725));
#892=DIRECTION('',(-0.866025404,0.5,0.));
#893=DIRECTION('',(0.5,0.866025404,0.));
#894=AXIS2_PLACEMENT_3D('',#891,#892,#893);
#895=PLANE('',#894);
#896=CARTESIAN_POINT('',(760.667040852,478.873671511,183.806827725));
#897=DIRECTION('',(0.5,0.866025404,0.));
#898=VECTOR('',#897,7.);
#899=LINE('',#896,#898);
#900=EDGE_CURVE('',#867,#560,#899,.T.);
#901=ORIENTED_EDGE('',*,*,#900,.T.);
#902=ORIENTED_EDGE('',*,*,#589,.T.);
#903=ORIENTED_EDGE('',*,*,#417,.T.);
#904=ORIENTED_EDGE('',*,*,#878,.F.);
#905=EDGE_LOOP('',(#901,#902,#903,#904));
#906=FACE_BOUND('',#905,.T.);
#907=ADVANCED_FACE('',(#906),#895,.T.);
#908=CARTESIAN_POINT('',(764.773258635,484.585849338,183.806827725));
#909=DIRECTION('',(0.,0.,-1.));
#910=DIRECTION('',(-1.,0.,0.));
#911=AXIS2_PLACEMENT_3D('',#908,#909,#910);
#912=SPHERICAL_SURFACE('',#911,0.7);
#913=CARTESIAN_POINT('',(764.773258635,484.585849338,184.506827725));
#914=VERTEX_POINT('',#913);
#915=CARTESIAN_POINT('',(764.773258635,484.585849338,183.806827725));
#916=DIRECTION('',(-0.5,-0.866025404,-0.));
#917=DIRECTION('',(-0.866025404,0.5,0.));
#918=AXIS2_PLACEMENT_3D('',#915,#916,#917);
#919=CIRCLE('',#918,0.7);
#920=EDGE_CURVE('',#914,#560,#919,.T.);
#921=ORIENTED_EDGE('',*,*,#920,.F.);
#922=CARTESIAN_POINT('',(764.773258635,484.585849338,183.806827725));
#923=DIRECTION('',(-0.866025404,0.5,-0.));
#924=DIRECTION('',(0.5,0.866025404,0.));
#925=AXIS2_PLACEMENT_3D('',#922,#923,#924);
#926=CIRCLE('',#925,0.7);
#927=EDGE_CURVE('',#914,#562,#926,.T.);
#928=ORIENTED_EDGE('',*,*,#927,.T.);
#929=ORIENTED_EDGE('',*,*,#568,.F.);
#930=EDGE_LOOP('',(#921,#928,#929));
#931=FACE_BOUND('',#930,.T.);
#932=ADVANCED_FACE('',(#931),#912,.T.);
#933=CARTESIAN_POINT('',(762.328772262,487.151874741,179.506827725));
#934=DIRECTION('',(0.5,0.866025404,-0.));
#935=DIRECTION('',(0.,-0.,1.));
#936=AXIS2_PLACEMENT_3D('',#933,#934,#935);
#937=CYLINDRICAL_SURFACE('',#936,8.6);
#938=CARTESIAN_POINT('',(771.958273216,486.788432196,180.668989888));
#939=VERTEX_POINT('',#938);
#940=CARTESIAN_POINT('',(772.026590735,486.748989058,179.506827725));
#941=VERTEX_POINT('',#940);
#942=CARTESIAN_POINT('',(764.578772262,491.048989058,179.506827725));
#943=DIRECTION('',(0.5,0.866025404,0.));
#944=DIRECTION('',(0.866025404,-0.5,-0.));
#945=AXIS2_PLACEMENT_3D('',#942,#943,#944);
#946=CIRCLE('',#945,8.6);
#947=EDGE_CURVE('',#939,#941,#946,.T.);
#948=ORIENTED_EDGE('',*,*,#947,.T.);
#949=CARTESIAN_POINT('',(771.901101849,486.8214401,177.934784715));
#950=VERTEX_POINT('',#949);
#951=CARTESIAN_POINT('',(764.578772262,491.048989058,179.506827725));
#952=DIRECTION('',(0.5,0.866025404,0.));
#953=DIRECTION('',(0.866025404,-0.5,-0.));
#954=AXIS2_PLACEMENT_3D('',#951,#952,#953);
#955=CIRCLE('',#954,8.6);
#956=EDGE_CURVE('',#941,#950,#955,.T.);
#957=ORIENTED_EDGE('',*,*,#956,.T.);
#958=CARTESIAN_POINT('',(780.901101849,502.409897368,177.934784715));
#959=VERTEX_POINT('',#958);
#960=CARTESIAN_POINT('',(771.901101849,486.8214401,177.934784715));
#961=DIRECTION('',(0.5,0.866025404,-0.));
#962=VECTOR('',#961,18.);
#963=LINE('',#960,#962);
#964=EDGE_CURVE('',#950,#959,#963,.T.);
#965=ORIENTED_EDGE('',*,*,#964,.T.);
#966=CARTESIAN_POINT('',(781.026590735,502.337446327,179.506827725));
#967=VERTEX_POINT('',#966);
#968=CARTESIAN_POINT('',(773.578772262,506.637446327,179.506827725));
#969=DIRECTION('',(-0.5,-0.866025404,-0.));
#970=DIRECTION('',(0.866025404,-0.5,-0.));
#971=AXIS2_PLACEMENT_3D('',#968,#969,#970);
#972=CIRCLE('',#971,8.6);
#973=EDGE_CURVE('',#959,#967,#972,.T.);
#974=ORIENTED_EDGE('',*,*,#973,.T.);
#975=CARTESIAN_POINT('',(780.958273216,502.376889464,180.668989888));
#976=VERTEX_POINT('',#975);
#977=CARTESIAN_POINT('',(773.578772262,506.637446327,179.506827725));
#978=DIRECTION('',(-0.5,-0.866025404,-0.));
#979=DIRECTION('',(0.866025404,-0.5,-0.));
#980=AXIS2_PLACEMENT_3D('',#977,#978,#979);
#981=CIRCLE('',#980,8.6);
#982=EDGE_CURVE('',#967,#976,#981,.T.);
#983=ORIENTED_EDGE('',*,*,#982,.T.);
#984=CARTESIAN_POINT('',(781.3352319,503.313952805,181.443764662));
#985=VERTEX_POINT('',#984);
#986=CARTESIAN_POINT('',(780.958273216,502.376889464,180.668989888));
#987=CARTESIAN_POINT('',(780.946197755,502.383861235,180.771225627));
#988=CARTESIAN_POINT('',(780.945664938,502.414105219,180.871361937));
#989=CARTESIAN_POINT('',(780.956665703,502.465325359,180.964853176));
#990=CARTESIAN_POINT('',(780.962166086,502.490935429,181.011598796));
#991=CARTESIAN_POINT('',(780.970465029,502.521361078,181.055944225));
#992=CARTESIAN_POINT('',(780.981632401,502.556511274,181.097927644));
#993=CARTESIAN_POINT('',(780.992799774,502.59166147,181.139911063));
#994=CARTESIAN_POINT('',(781.007007789,502.631930542,181.179739548));
#995=CARTESIAN_POINT('',(781.023695361,502.675333414,181.215500291));
#996=CARTESIAN_POINT('',(781.040382933,502.718736286,181.251261034));
#997=CARTESIAN_POINT('',(781.059618121,502.765552838,181.283398924));
#998=CARTESIAN_POINT('',(781.081599149,502.815828325,181.311822886));
#999=CARTESIAN_POINT('',(781.103580177,502.866103813,181.340246847));
#1000=CARTESIAN_POINT('',(781.128152753,502.919413537,181.364586008));
#1001=CARTESIAN_POINT('',(781.15455625,502.97386956,181.384086697));
#1002=CARTESIAN_POINT('',(781.207363245,503.082781607,181.423088074));
#1003=CARTESIAN_POINT('',(781.269508099,503.200115216,181.443763308));
#1004=CARTESIAN_POINT('',(781.335232214,503.313952716,181.443763295));
#1005=B_SPLINE_CURVE_WITH_KNOTS('',3,(#986,#987,#988,#989,#990,#991,#992,#993,#994,#995,#996,#997,#998,#999,#1000,#1001,#1002,#1003,#1004),.UNSPECIFIED.,.F.,.F.,(4,3,3,3,3,3,4),(0.001339783,0.001733816,0.001930832,0.002127849,0.002324865,0.002521882,0.002915914),.UNSPECIFIED.);
#1006=EDGE_CURVE('',#976,#985,#1005,.T.);
#1007=ORIENTED_EDGE('',*,*,#1006,.T.);
#1008=CARTESIAN_POINT('',(783.2352319,506.604849339,181.443764662));
#1009=VERTEX_POINT('',#1008);
#1010=CARTESIAN_POINT('',(781.3352319,503.313952805,181.443764662));
#1011=DIRECTION('',(0.5,0.866025404,-0.));
#1012=VECTOR('',#1011,3.8);
#1013=LINE('',#1010,#1012);
#1014=EDGE_CURVE('',#985,#1009,#1013,.T.);
#1015=ORIENTED_EDGE('',*,*,#1014,.T.);
#1016=CARTESIAN_POINT('',(782.612719518,506.964257031,175.597736816));
#1017=VERTEX_POINT('',#1016);
#1018=CARTESIAN_POINT('',(775.978772262,510.794368265,179.506827725));
#1019=DIRECTION('',(0.5,0.866025404,-0.));
#1020=DIRECTION('',(0.866025404,-0.5,-0.));
#1021=AXIS2_PLACEMENT_3D('',#1018,#1019,#1020);
#1022=CIRCLE('',#1021,8.6);
#1023=EDGE_CURVE('',#1009,#1017,#1022,.T.);
#1024=ORIENTED_EDGE('',*,*,#1023,.T.);
#1025=CARTESIAN_POINT('',(768.812719518,483.061955886,175.597736816));
#1026=VERTEX_POINT('',#1025);
#1027=CARTESIAN_POINT('',(782.612719518,506.964257031,175.597736816));
#1028=DIRECTION('',(-0.5,-0.866025404,0.));
#1029=VECTOR('',#1028,27.6);
#1030=LINE('',#1027,#1029);
#1031=EDGE_CURVE('',#1017,#1026,#1030,.T.);
#1032=ORIENTED_EDGE('',*,*,#1031,.T.);
#1033=CARTESIAN_POINT('',(769.4352319,482.702548195,181.443764662));
#1034=VERTEX_POINT('',#1033);
#1035=CARTESIAN_POINT('',(762.178772262,486.89206712,179.506827725));
#1036=DIRECTION('',(0.5,0.866025404,-0.));
#1037=DIRECTION('',(0.866025404,-0.5,-0.));
#1038=AXIS2_PLACEMENT_3D('',#1035,#1036,#1037);
#1039=CIRCLE('',#1038,8.6);
#1040=EDGE_CURVE('',#1034,#1026,#1039,.T.);
#1041=ORIENTED_EDGE('',*,*,#1040,.F.);
#1042=CARTESIAN_POINT('',(771.3352319,485.993444729,181.443764662));
#1043=VERTEX_POINT('',#1042);
#1044=CARTESIAN_POINT('',(769.4352319,482.702548195,181.443764662));
#1045=DIRECTION('',(0.5,0.866025404,-0.));
#1046=VECTOR('',#1045,3.8);
#1047=LINE('',#1044,#1046);
#1048=EDGE_CURVE('',#1034,#1043,#1047,.T.);
#1049=ORIENTED_EDGE('',*,*,#1048,.T.);
#1050=CARTESIAN_POINT('',(771.3352319,485.993444729,181.443764662));
#1051=CARTESIAN_POINT('',(771.368530725,486.051119986,181.443764662));
#1052=CARTESIAN_POINT('',(771.402314069,486.107262548,181.438654345));
#1053=CARTESIAN_POINT('',(771.436477195,486.161853447,181.428663003));
#1054=CARTESIAN_POINT('',(771.470640321,486.216444345,181.418671661));
#1055=CARTESIAN_POINT('',(771.505596304,486.270082294,181.403539804));
#1056=CARTESIAN_POINT('',(771.539751531,486.320453119,181.383894084));
#1057=CARTESIAN_POINT('',(771.573906757,486.370823944,181.364248365));
#1058=CARTESIAN_POINT('',(771.607256986,486.417985163,181.340235374));
#1059=CARTESIAN_POINT('',(771.63971771,486.462042173,181.31189793));
#1060=CARTESIAN_POINT('',(771.672178435,486.506099183,181.283560485));
#1061=CARTESIAN_POINT('',(771.703724863,486.546966508,181.250769474));
#1062=CARTESIAN_POINT('',(771.732927058,486.583050878,181.215007445));
#1063=CARTESIAN_POINT('',(771.79133145,486.655219618,181.143483388));
#1064=CARTESIAN_POINT('',(771.842525483,486.71095529,181.057265122));
#1065=CARTESIAN_POINT('',(771.881085694,486.745790707,180.964361989));
#1066=CARTESIAN_POINT('',(771.919645904,486.780626125,180.871458855));
#1067=CARTESIAN_POINT('',(771.946343184,486.795320106,180.769994736));
#1068=CARTESIAN_POINT('',(771.958273261,486.788432274,180.668989893));
#1069=B_SPLINE_CURVE_WITH_KNOTS('',3,(#1050,#1051,#1052,#1053,#1054,#1055,#1056,#1057,#1058,#1059,#1060,#1061,#1062,#1063,#1064,#1065,#1066,#1067,#1068),.UNSPECIFIED.,.F.,.F.,(4,3,3,3,3,3,4),(0.003592155,0.003789144,0.003986132,0.004183121,0.004380109,0.004774086,0.005168063),.UNSPECIFIED.);
#1070=EDGE_CURVE('',#1043,#939,#1069,.T.);
#1071=ORIENTED_EDGE('',*,*,#1070,.T.);
#1072=EDGE_LOOP('',(#948,#957,#965,#974,#983,#1007,#1015,#1024,#1032,#1041,#1049,#1071));
#1073=FACE_BOUND('',#1072,.T.);
#1074=ADVANCED_FACE('',(#1073),#937,.F.);
#1075=CARTESIAN_POINT('',(844.298611213,471.349890856,62.406827725));
#1076=DIRECTION('',(0.5,0.866025404,-0.));
#1077=DIRECTION('',(-0.866025404,0.5,0.));
#1078=AXIS2_PLACEMENT_3D('',#1075,#1076,#1077);
#1079=PLANE('',#1078);
#1080=CARTESIAN_POINT('',(771.215622027,513.544374335,183.806827725));
#1081=VERTEX_POINT('',#1080);
#1082=CARTESIAN_POINT('',(773.034285889,512.494368265,183.806827725));
#1083=DIRECTION('',(-0.866025404,0.5,-0.));
#1084=VECTOR('',#1083,2.100012141);
#1085=LINE('',#1082,#1084);
#1086=EDGE_CURVE('',#445,#1081,#1085,.T.);
#1087=ORIENTED_EDGE('',*,*,#1086,.T.);
#1088=CARTESIAN_POINT('',(771.215622027,513.544374335,171.206827725));
#1089=VERTEX_POINT('',#1088);
#1090=CARTESIAN_POINT('',(771.215622027,513.544374335,183.806827725));
#1091=DIRECTION('',(0.,-0.,-1.));
#1092=VECTOR('',#1091,12.6);
#1093=LINE('',#1090,#1092);
#1094=EDGE_CURVE('',#1081,#1089,#1093,.T.);
#1095=ORIENTED_EDGE('',*,*,#1094,.T.);
#1096=CARTESIAN_POINT('',(783.493928426,506.455490831,171.206827725));
#1097=VERTEX_POINT('',#1096);
#1098=CARTESIAN_POINT('',(771.215622027,513.544374335,171.206827725));
#1099=DIRECTION('',(0.866025404,-0.5,0.));
#1100=VECTOR('',#1099,14.177767009);
#1101=LINE('',#1098,#1100);
#1102=EDGE_CURVE('',#1089,#1097,#1101,.T.);
#1103=ORIENTED_EDGE('',*,*,#1102,.T.);
#1104=CARTESIAN_POINT('',(785.312581774,505.405490831,174.006827725));
#1105=DIRECTION('',(0.5,0.866025404,-0.));
#1106=DIRECTION('',(0.866025404,-0.5,-0.));
#1107=AXIS2_PLACEMENT_3D('',#1104,#1105,#1106);
#1108=CIRCLE('',#1107,3.5);
#1109=EDGE_CURVE('',#1097,#1017,#1108,.T.);
#1110=ORIENTED_EDGE('',*,*,#1109,.T.);
#1111=ORIENTED_EDGE('',*,*,#1023,.F.);
#1112=CARTESIAN_POINT('',(783.842171598,506.254432542,183.806829591));
#1113=VERTEX_POINT('',#1112);
#1114=CARTESIAN_POINT('',(785.344667841,505.386965931,182.006827725));
#1115=DIRECTION('',(0.5,0.866025404,-0.));
#1116=DIRECTION('',(0.866025404,-0.5,-0.));
#1117=AXIS2_PLACEMENT_3D('',#1114,#1115,#1116);
#1118=CIRCLE('',#1117,2.5);
#1119=EDGE_CURVE('',#1009,#1113,#1118,.T.);
#1120=ORIENTED_EDGE('',*,*,#1119,.T.);
#1121=CARTESIAN_POINT('',(783.842171598,506.254432542,183.806827725));
#1122=DIRECTION('',(-0.866025404,0.5,-0.));
#1123=VECTOR('',#1122,5.679871446);
#1124=LINE('',#1121,#1123);
#1125=EDGE_CURVE('',#1113,#519,#1124,.T.);
#1126=ORIENTED_EDGE('',*,*,#1125,.T.);
#1127=ORIENTED_EDGE('',*,*,#549,.T.);
#1128=ORIENTED_EDGE('',*,*,#508,.T.);
#1129=ORIENTED_EDGE('',*,*,#459,.T.);
#1130=EDGE_LOOP('',(#1087,#1095,#1103,#1110,#1111,#1120,#1126,#1127,#1128,#1129));
#1131=FACE_BOUND('',#1130,.T.);
#1132=ADVANCED_FACE('',(#1131),#1079,.F.);
#1133=CARTESIAN_POINT('',(771.662581774,481.762997307,174.006827725));
#1134=DIRECTION('',(0.5,0.866025404,-0.));
#1135=DIRECTION('',(0.866025404,-0.5,-0.));
#1136=AXIS2_PLACEMENT_3D('',#1133,#1134,#1135);
#1137=CYLINDRICAL_SURFACE('',#1136,3.5);
#1138=CARTESIAN_POINT('',(769.693928426,482.553189686,171.206827725));
#1139=VERTEX_POINT('',#1138);
#1140=CARTESIAN_POINT('',(771.512581774,481.503189686,174.006827725));
#1141=DIRECTION('',(-0.5,-0.866025404,0.));
#1142=DIRECTION('',(0.866025404,-0.5,-0.));
#1143=AXIS2_PLACEMENT_3D('',#1140,#1141,#1142);
#1144=CIRCLE('',#1143,3.5);
#1145=EDGE_CURVE('',#1026,#1139,#1144,.T.);
#1146=ORIENTED_EDGE('',*,*,#1145,.F.);
#1147=ORIENTED_EDGE('',*,*,#1031,.F.);
#1148=ORIENTED_EDGE('',*,*,#1109,.F.);
#1149=CARTESIAN_POINT('',(785.662581774,506.011708613,170.506827725));
#1150=VERTEX_POINT('',#1149);
#1151=CARTESIAN_POINT('',(783.493928426,506.455490831,171.206827725));
#1152=CARTESIAN_POINT('',(783.632612686,506.375421436,171.086723633));
#1153=CARTESIAN_POINT('',(783.790854729,506.317798416,170.983505223));
#1154=CARTESIAN_POINT('',(783.962224534,506.269869759,170.894791207));
#1155=CARTESIAN_POINT('',(784.13359434,506.221941102,170.806077191));
#1156=CARTESIAN_POINT('',(784.314874168,506.185399293,170.733939264));
#1157=CARTESIAN_POINT('',(784.500475838,506.154516999,170.676916385));
#1158=CARTESIAN_POINT('',(784.871679177,506.092752412,170.562870629));
#1159=CARTESIAN_POINT('',(785.267136089,506.052607089,170.506827725));
#1160=CARTESIAN_POINT('',(785.662581774,506.011708613,170.506827725));
#1161=B_SPLINE_CURVE_WITH_KNOTS('',3,(#1151,#1152,#1153,#1154,#1155,#1156,#1157,#1158,#1159,#1160),.UNSPECIFIED.,.F.,.F.,(4,3,3,4),(0.,0.0005925,0.001185,0.00237),.UNSPECIFIED.);
#1162=EDGE_CURVE('',#1097,#1150,#1161,.T.);
#1163=ORIENTED_EDGE('',*,*,#1162,.T.);
#1164=CARTESIAN_POINT('',(771.162581774,480.896971903,170.506827725));
#1165=VERTEX_POINT('',#1164);
#1166=CARTESIAN_POINT('',(771.162581774,480.896971903,170.506827725));
#1167=DIRECTION('',(0.5,0.866025404,0.));
#1168=VECTOR('',#1167,29.);
#1169=LINE('',#1166,#1168);
#1170=EDGE_CURVE('',#1165,#1150,#1169,.T.);
#1171=ORIENTED_EDGE('',*,*,#1170,.F.);
#1172=CARTESIAN_POINT('',(771.162581774,480.896971903,170.506827725));
#1173=CARTESIAN_POINT('',(770.929436384,481.218986192,170.506827725));
#1174=CARTESIAN_POINT('',(770.696944487,481.541391744,170.562870629));
#1175=CARTESIAN_POINT('',(770.457853116,481.831980973,170.676916385));
#1176=CARTESIAN_POINT('',(770.33830743,481.977275587,170.733939264));
#1177=CARTESIAN_POINT('',(770.216021381,482.115997619,170.806077191));
#1178=CARTESIAN_POINT('',(770.088829044,482.240443896,170.894791207));
#1179=CARTESIAN_POINT('',(769.961636706,482.364890172,170.983505223));
#1180=CARTESIAN_POINT('',(769.832612686,482.473120291,171.086723633));
#1181=CARTESIAN_POINT('',(769.693928426,482.553189686,171.206827725));
#1182=B_SPLINE_CURVE_WITH_KNOTS('',3,(#1172,#1173,#1174,#1175,#1176,#1177,#1178,#1179,#1180,#1181),.UNSPECIFIED.,.F.,.F.,(4,3,3,4),(0.,0.001185,0.0017775,0.00237),.UNSPECIFIED.);
#1183=EDGE_CURVE('',#1165,#1139,#1182,.T.);
#1184=ORIENTED_EDGE('',*,*,#1183,.T.);
#1185=EDGE_LOOP('',(#1146,#1147,#1148,#1163,#1171,#1184));
#1186=FACE_BOUND('',#1185,.T.);
#1187=ADVANCED_FACE('',(#1186),#1137,.T.);
#1188=CARTESIAN_POINT('',(830.498611213,447.447589711,62.406827725));
#1189=DIRECTION('',(0.5,0.866025404,-0.));
#1190=DIRECTION('',(-0.866025404,0.5,0.));
#1191=AXIS2_PLACEMENT_3D('',#1188,#1189,#1190);
#1192=PLANE('',#1191);
#1193=CARTESIAN_POINT('',(757.415622027,489.642073191,171.206827725));
#1194=VERTEX_POINT('',#1193);
#1195=CARTESIAN_POINT('',(769.693928426,482.553189686,171.206827725));
#1196=DIRECTION('',(-0.866025404,0.5,-0.));
#1197=VECTOR('',#1196,14.177767009);
#1198=LINE('',#1195,#1197);
#1199=EDGE_CURVE('',#1139,#1194,#1198,.T.);
#1200=ORIENTED_EDGE('',*,*,#1199,.T.);
#1201=CARTESIAN_POINT('',(757.415622027,489.642073191,183.806827725));
#1202=VERTEX_POINT('',#1201);
#1203=CARTESIAN_POINT('',(757.415622027,489.642073191,171.206827725));
#1204=DIRECTION('',(-0.,0.,1.));
#1205=VECTOR('',#1204,12.6);
#1206=LINE('',#1203,#1205);
#1207=EDGE_CURVE('',#1194,#1202,#1206,.T.);
#1208=ORIENTED_EDGE('',*,*,#1207,.T.);
#1209=CARTESIAN_POINT('',(757.415622027,489.642073191,183.806827725));
#1210=DIRECTION('',(0.866025404,-0.5,0.));
#1211=VECTOR('',#1210,2.100012141);
#1212=LINE('',#1209,#1211);
#1213=EDGE_CURVE('',#1202,#636,#1212,.T.);
#1214=ORIENTED_EDGE('',*,*,#1213,.T.);
#1215=ORIENTED_EDGE('',*,*,#641,.T.);
#1216=ORIENTED_EDGE('',*,*,#607,.T.);
#1217=ORIENTED_EDGE('',*,*,#576,.T.);
#1218=CARTESIAN_POINT('',(770.042171598,482.352131397,183.806829592));
#1219=VERTEX_POINT('',#1218);
#1220=CARTESIAN_POINT('',(765.123258635,485.19206712,183.806827725));
#1221=DIRECTION('',(0.866025404,-0.5,0.));
#1222=VECTOR('',#1221,5.679871447);
#1223=LINE('',#1220,#1222);
#1224=EDGE_CURVE('',#562,#1219,#1223,.T.);
#1225=ORIENTED_EDGE('',*,*,#1224,.T.);
#1226=CARTESIAN_POINT('',(771.544667841,481.484664786,182.006827725));
#1227=DIRECTION('',(-0.5,-0.866025404,0.));
#1228=DIRECTION('',(0.866025404,-0.5,-0.));
#1229=AXIS2_PLACEMENT_3D('',#1226,#1227,#1228);
#1230=CIRCLE('',#1229,2.5);
#1231=EDGE_CURVE('',#1219,#1034,#1230,.T.);
#1232=ORIENTED_EDGE('',*,*,#1231,.T.);
#1233=ORIENTED_EDGE('',*,*,#1040,.T.);
#1234=ORIENTED_EDGE('',*,*,#1145,.T.);
#1235=EDGE_LOOP('',(#1200,#1208,#1214,#1215,#1216,#1217,#1225,#1232,#1233,#1234));
#1236=FACE_BOUND('',#1235,.T.);
#1237=ADVANCED_FACE('',(#1236),#1192,.T.);
#1238=CARTESIAN_POINT('',(781.853482197,498.973301595,181.006827585));
#1239=CARTESIAN_POINT('',(781.713078797,499.054363346,180.984716277));
#1240=CARTESIAN_POINT('',(781.580736464,499.149379257,180.962605498));
#1241=CARTESIAN_POINT('',(781.337246811,499.363677292,180.919232538));
#1242=CARTESIAN_POINT('',(781.226105512,499.482954118,180.89797143));
#1243=CARTESIAN_POINT('',(781.029290185,499.741191325,180.85711493));
#1244=CARTESIAN_POINT('',(780.943621023,499.880145321,180.837520549));
#1245=CARTESIAN_POINT('',(780.801043531,500.172397778,180.800750612));
#1246=CARTESIAN_POINT('',(780.744138727,500.325689014,180.783575965));
#1247=CARTESIAN_POINT('',(780.661278247,500.640725613,180.752305649));
#1248=CARTESIAN_POINT('',(780.635324621,500.802463186,180.738210754));
#1249=CARTESIAN_POINT('',(780.615365437,501.128177233,180.713641773));
#1250=CARTESIAN_POINT('',(780.621360372,501.292145652,180.703168294));
#1251=CARTESIAN_POINT('',(780.665069502,501.616020124,180.686244832));
#1252=CARTESIAN_POINT('',(780.702782615,501.775918168,180.679795267));
#1253=CARTESIAN_POINT('',(780.808480338,502.085506736,180.671167698));
#1254=CARTESIAN_POINT('',(780.876462333,502.235189605,180.668989907));
#1255=CARTESIAN_POINT('',(780.958274535,502.376892272,180.668989852));
#1256=CARTESIAN_POINT('',(781.852096298,498.974098001,181.047849462));
#1257=CARTESIAN_POINT('',(781.711442198,499.055005302,181.025543052));
#1258=CARTESIAN_POINT('',(781.578865489,499.149894998,181.003048304));
#1259=CARTESIAN_POINT('',(781.334958892,499.363994617,180.958546089));
#1260=CARTESIAN_POINT('',(781.223635058,499.483199224,180.936539727));
#1261=CARTESIAN_POINT('',(781.026522071,499.741339573,180.893861668));
#1262=CARTESIAN_POINT('',(780.940737813,499.880268906,180.87319103));
#1263=CARTESIAN_POINT('',(780.798008588,500.172509841,180.833980383));
#1264=CARTESIAN_POINT('',(780.741067165,500.325814187,180.815441348));
#1265=CARTESIAN_POINT('',(780.658217722,500.640902468,180.781207805));
#1266=CARTESIAN_POINT('',(780.632311759,500.80267858,180.765514148));
#1267=CARTESIAN_POINT('',(780.612532357,501.128481196,180.73757571));
#1268=CARTESIAN_POINT('',(780.61865941,501.29249961,180.725331622));
#1269=CARTESIAN_POINT('',(780.662711702,501.616470978,180.704763853));
#1270=CARTESIAN_POINT('',(780.700635848,501.776415888,180.696440683));
#1271=CARTESIAN_POINT('',(780.806823549,502.086080941,180.68403531));
#1272=CARTESIAN_POINT('',(780.875084469,502.235793395,180.679953414));
#1273=CARTESIAN_POINT('',(780.957201572,502.377510674,180.678070629));
#1274=CARTESIAN_POINT('',(781.851053492,498.975525247,181.088853759));
#1275=CARTESIAN_POINT('',(781.710141871,499.056274299,181.066360273));
#1276=CARTESIAN_POINT('',(781.577322712,499.151031809,181.043488524));
#1277=CARTESIAN_POINT('',(781.332981119,499.364916797,180.997868733));
#1278=CARTESIAN_POINT('',(781.221464776,499.484038943,180.975121829));
#1279=CARTESIAN_POINT('',(781.02403292,499.742057867,180.930629406));
#1280=CARTESIAN_POINT('',(780.938122329,499.880948212,180.908884997));
#1281=CARTESIAN_POINT('',(780.795218255,500.173145184,180.867236574));
#1282=CARTESIAN_POINT('',(780.738228335,500.326444527,180.847333599));
#1283=CARTESIAN_POINT('',(780.6553661,500.641544877,180.810136019));
#1284=CARTESIAN_POINT('',(780.629495851,500.803338031,180.792842342));
#1285=CARTESIAN_POINT('',(780.60987276,501.129183349,180.761530665));
#1286=CARTESIAN_POINT('',(780.616120408,501.29322739,180.747513447));
#1287=CARTESIAN_POINT('',(780.660493646,501.617244662,180.723295589));
#1288=CARTESIAN_POINT('',(780.698618129,501.777209815,180.713095553));
#1289=CARTESIAN_POINT('',(780.805275541,502.086896563,180.696905685));
#1290=CARTESIAN_POINT('',(780.87380581,502.236610439,180.690916256));
#1291=CARTESIAN_POINT('',(780.956218889,502.37831379,180.687147514));
#1292=CARTESIAN_POINT('',(781.846471933,498.989114442,181.358605271));
#1293=CARTESIAN_POINT('',(781.703820667,499.068798904,181.334938336));
#1294=CARTESIAN_POINT('',(781.569352542,499.162648612,181.309635532));
#1295=CARTESIAN_POINT('',(781.322028585,499.375016368,181.256744512));
#1296=CARTESIAN_POINT('',(781.209179089,499.493528975,181.229157648));
#1297=CARTESIAN_POINT('',(781.009507681,499.750587321,181.172775739));
#1298=CARTESIAN_POINT('',(780.922690885,499.889126473,181.143982133));
#1299=CARTESIAN_POINT('',(780.778482157,500.180819118,181.086310387));
#1300=CARTESIAN_POINT('',(780.721093918,500.333965137,181.057433716));
#1301=CARTESIAN_POINT('',(780.637988699,500.648881099,181.000722052));
#1302=CARTESIAN_POINT('',(780.612273848,500.810642974,180.972888503));
#1303=CARTESIAN_POINT('',(780.593523056,501.136462919,180.919347944));
#1304=CARTESIAN_POINT('',(780.600487597,501.30051264,180.893642296));
#1305=CARTESIAN_POINT('',(780.646825085,501.624490735,180.845358771));
#1306=CARTESIAN_POINT('',(780.686196845,501.784410808,180.82278212));
#1307=CARTESIAN_POINT('',(780.79581068,502.09387327,180.781635202));
#1308=CARTESIAN_POINT('',(780.866049946,502.243407729,180.763065977));
#1309=CARTESIAN_POINT('',(780.950351601,502.384828136,180.746860848));
#1310=CARTESIAN_POINT('',(781.853276455,499.020030695,181.583455174));
#1311=CARTESIAN_POINT('',(781.708960502,499.098715496,181.559080122));
#1312=CARTESIAN_POINT('',(781.572863984,499.191628142,181.53198242));
#1313=CARTESIAN_POINT('',(781.322487375,499.402236644,181.473411823));
#1314=CARTESIAN_POINT('',(781.208213863,499.519926961,181.441940463));
#1315=CARTESIAN_POINT('',(781.006011598,499.775428,181.375867378));
#1316=CARTESIAN_POINT('',(780.918088159,499.913232005,181.341267384));
#1317=CARTESIAN_POINT('',(780.772070629,500.203500325,181.270304794));
#1318=CARTESIAN_POINT('',(780.713980374,500.355957008,181.233944053));
#1319=CARTESIAN_POINT('',(780.629932038,500.669489629,181.160896602));
#1320=CARTESIAN_POINT('',(780.603976164,500.830557324,181.1242118));
#1321=CARTESIAN_POINT('',(780.585226447,501.154929308,181.051964982));
#1322=CARTESIAN_POINT('',(780.592433096,501.318225069,181.016404852));
#1323=CARTESIAN_POINT('',(780.639724528,501.640581812,180.947811061));
#1324=CARTESIAN_POINT('',(780.679808068,501.799634317,180.914779188));
#1325=CARTESIAN_POINT('',(780.791266884,502.107200863,180.852545137));
#1326=CARTESIAN_POINT('',(780.862639229,502.255706817,180.823344578));
#1327=CARTESIAN_POINT('',(780.948244411,502.396000427,180.796634552));
#1328=CARTESIAN_POINT('',(781.87913628,499.094665742,181.91488041));
#1329=CARTESIAN_POINT('',(781.732115831,499.171849937,181.890004556));
#1330=CARTESIAN_POINT('',(781.59329943,499.263234867,181.860730048));
#1331=CARTESIAN_POINT('',(781.337675453,499.470718844,181.794564698));
#1332=CARTESIAN_POINT('',(781.220874883,499.586812203,181.757675668));
#1333=CARTESIAN_POINT('',(781.014009033,499.839017369,181.677772801));
#1334=CARTESIAN_POINT('',(780.923949422,499.975122262,181.634761153));
#1335=CARTESIAN_POINT('',(780.774210369,500.261844934,181.544352094));
#1336=CARTESIAN_POINT('',(780.71453503,500.412454854,181.496957159));
#1337=CARTESIAN_POINT('',(780.62798037,500.722094863,181.399697757));
#1338=CARTESIAN_POINT('',(780.601103421,500.881116465,181.349835954));
#1339=CARTESIAN_POINT('',(780.581234636,501.201146452,181.249658761));
#1340=CARTESIAN_POINT('',(780.588243343,501.362146064,181.199346114));
#1341=CARTESIAN_POINT('',(780.635864153,501.679618284,181.10030138));
#1342=CARTESIAN_POINT('',(780.67647495,501.836082188,181.051572006));
#1343=CARTESIAN_POINT('',(780.789658807,502.138152323,180.957663934));
#1344=CARTESIAN_POINT('',(780.862228765,502.283750273,180.912487808));
#1345=CARTESIAN_POINT('',(780.949312777,502.42097367,180.870000242));
#1346=CARTESIAN_POINT('',(781.890384396,499.1242876,182.024373948));
#1347=CARTESIAN_POINT('',(781.742428142,499.200971932,181.999424671));
#1348=CARTESIAN_POINT('',(781.602659044,499.291827578,181.969510489));
#1349=CARTESIAN_POINT('',(781.345174591,499.498189282,181.900967759));
#1350=CARTESIAN_POINT('',(781.227466394,499.613689601,181.862341116));
#1351=CARTESIAN_POINT('',(781.018901019,499.864635451,181.777946426));
#1352=CARTESIAN_POINT('',(780.928049639,500.000074004,181.732180723));
#1353=CARTESIAN_POINT('',(780.776901116,500.285378386,181.63537155));
#1354=CARTESIAN_POINT('',(780.716608174,500.435236281,181.584330769));
#1355=CARTESIAN_POINT('',(780.629034811,500.743273512,181.479049851));
#1356=CARTESIAN_POINT('',(780.601756825,500.901444282,181.424812639));
#1357=CARTESIAN_POINT('',(780.581326575,501.219662315,181.315347407));
#1358=CARTESIAN_POINT('',(780.588174878,501.379700729,181.260122428));
#1359=CARTESIAN_POINT('',(780.635719973,501.695132598,181.150930417));
#1360=CARTESIAN_POINT('',(780.676415442,501.850517282,181.096966417));
#1361=CARTESIAN_POINT('',(780.789998498,502.150309465,180.992493763));
#1362=CARTESIAN_POINT('',(780.862882926,502.294708628,180.941988009));
#1363=CARTESIAN_POINT('',(780.950379405,502.430676705,180.894238215));
#1364=CARTESIAN_POINT('',(781.918315284,499.193293633,182.24135063));
#1365=CARTESIAN_POINT('',(781.768435753,499.269010844,182.216462348));
#1366=CARTESIAN_POINT('',(781.626682977,499.358794406,182.185459495));
#1367=CARTESIAN_POINT('',(781.365276137,499.562791638,182.112502956));
#1368=CARTESIAN_POINT('',(781.24562956,499.676999465,182.070551358));
#1369=CARTESIAN_POINT('',(781.0333837,499.925123727,181.977430979));
#1370=CARTESIAN_POINT('',(780.940790494,500.059033055,181.926264863));
#1371=CARTESIAN_POINT('',(780.786481565,500.341023816,181.816829916));
#1372=CARTESIAN_POINT('',(780.724770259,500.489097174,181.758564217));
#1373=CARTESIAN_POINT('',(780.634778561,500.793293428,181.637338003));
#1374=CARTESIAN_POINT('',(780.606500745,500.949407613,181.574380957));
#1375=CARTESIAN_POINT('',(780.584547129,501.263230062,181.446373854));
#1376=CARTESIAN_POINT('',(780.590871958,501.420929338,181.381327459));
#1377=CARTESIAN_POINT('',(780.637863992,501.731400549,181.251829846));
#1378=CARTESIAN_POINT('',(780.678529852,501.884163592,181.187382331));
#1379=CARTESIAN_POINT('',(780.792524299,502.178444625,181.061745954));
#1380=CARTESIAN_POINT('',(780.865849624,502.319954185,181.000560684));
#1381=CARTESIAN_POINT('',(780.953991212,502.452914837,180.942269089));
#1382=CARTESIAN_POINT('',(781.9348777,499.232365757,182.347752394));
#1383=CARTESIAN_POINT('',(781.784020126,499.3076208,182.322999014));
#1384=CARTESIAN_POINT('',(781.641245991,499.396867006,182.291553277));
#1385=CARTESIAN_POINT('',(781.377796092,499.599633685,182.216583452));
#1386=CARTESIAN_POINT('',(781.257127984,499.713148263,182.173061543));
#1387=CARTESIAN_POINT('',(781.042918497,499.959723496,182.075751467));
#1388=CARTESIAN_POINT('',(780.949383344,500.092776984,182.021966128));
#1389=CARTESIAN_POINT('',(780.793337996,500.372887457,181.906368667));
#1390=CARTESIAN_POINT('',(780.730832336,500.519936299,181.844559903));
#1391=CARTESIAN_POINT('',(780.639451681,500.82191142,181.715489184));
#1392=CARTESIAN_POINT('',(780.610579343,500.97682892,181.648230977));
#1393=CARTESIAN_POINT('',(780.587669984,501.288087042,181.511061913));
#1394=CARTESIAN_POINT('',(780.593633628,501.444418615,181.44115504));
#1395=CARTESIAN_POINT('',(780.640149651,501.751991214,181.301599518));
#1396=CARTESIAN_POINT('',(780.680700676,501.903223297,181.231954923));
#1397=CARTESIAN_POINT('',(780.794703919,502.194295271,181.09582397));
#1398=CARTESIAN_POINT('',(780.868152823,502.334126699,181.029341565));
#1399=CARTESIAN_POINT('',(780.956523228,502.465348492,180.965822479));
#1400=CARTESIAN_POINT('',(781.991713872,499.361814548,182.65793577));
#1401=CARTESIAN_POINT('',(781.837936004,499.435810112,182.633897202));
#1402=CARTESIAN_POINT('',(781.692070774,499.523500437,182.601439934));
#1403=CARTESIAN_POINT('',(781.422362094,499.722544002,182.521066676));
#1404=CARTESIAN_POINT('',(781.298526843,499.833891188,182.473153127));
#1405=CARTESIAN_POINT('',(781.078154938,500.075504323,182.363906193));
#1406=CARTESIAN_POINT('',(780.981624983,500.205762923,182.302576123));
#1407=CARTESIAN_POINT('',(780.81997736,500.479648338,182.169105523));
#1408=CARTESIAN_POINT('',(780.754864605,500.623266822,182.09696904));
#1409=CARTESIAN_POINT('',(780.658826749,500.917751565,181.944954457));
#1410=CARTESIAN_POINT('',(780.627904567,501.068608866,181.865080964));
#1411=CARTESIAN_POINT('',(780.601566713,501.371141709,181.700990107));
#1412=CARTESIAN_POINT('',(780.606151842,501.522808046,181.616777716));
#1413=CARTESIAN_POINT('',(780.650634809,501.820494308,181.447591193));
#1414=CARTESIAN_POINT('',(780.690531293,501.966505175,181.362622187));
#1415=CARTESIAN_POINT('',(780.803938792,502.2466562,181.195536589));
#1416=CARTESIAN_POINT('',(780.877446358,502.380787834,181.113425059));
#1417=CARTESIAN_POINT('',(780.966196087,502.506124773,181.03448598));
#1418=CARTESIAN_POINT('',(782.039231909,499.464709229,182.85406582));
#1419=CARTESIAN_POINT('',(781.883512224,499.538027228,182.830920296));
#1420=CARTESIAN_POINT('',(781.735536868,499.624748055,182.798206933));
#1421=CARTESIAN_POINT('',(781.461457389,499.821253549,182.715055936));
#1422=CARTESIAN_POINT('',(781.335361855,499.931032052,182.664620908));
#1423=CARTESIAN_POINT('',(781.110497653,500.168903449,182.548206246));
#1424=CARTESIAN_POINT('',(781.01173603,500.29698888,182.482230255));
#1425=CARTESIAN_POINT('',(780.8458129,500.565931738,182.337584463));
#1426=CARTESIAN_POINT('',(780.778656589,500.706780728,182.258919186));
#1427=CARTESIAN_POINT('',(780.67885018,500.995155175,182.092293558));
#1428=CARTESIAN_POINT('',(780.646203206,501.142671585,182.004338417));
#1429=CARTESIAN_POINT('',(780.616828776,501.437995976,181.822932908));
#1430=CARTESIAN_POINT('',(780.620102237,501.585794689,181.729488212));
#1431=CARTESIAN_POINT('',(780.662428124,501.875285725,181.541140417));
#1432=CARTESIAN_POINT('',(780.701479219,502.016968961,181.446243205));
#1433=CARTESIAN_POINT('',(780.813672093,502.288094897,181.259089828));
#1434=CARTESIAN_POINT('',(780.886810352,502.417529087,181.166839511));
#1435=CARTESIAN_POINT('',(780.975412481,502.538040595,181.077902235));
#1436=CARTESIAN_POINT('',(782.125313998,499.644140199,183.132214914));
#1437=CARTESIAN_POINT('',(781.966851963,499.716899562,183.110984734));
#1438=CARTESIAN_POINT('',(781.815783776,499.802454058,183.078475977));
#1439=CARTESIAN_POINT('',(781.535102159,499.995377234,182.992336111));
#1440=CARTESIAN_POINT('',(781.405497943,500.102739581,182.938707828));
#1441=CARTESIAN_POINT('',(781.173482396,500.334527081,182.812701099));
#1442=CARTESIAN_POINT('',(781.071078682,500.458944625,182.740326787));
#1443=CARTESIAN_POINT('',(780.89799856,500.719335719,182.580029808));
#1444=CARTESIAN_POINT('',(780.827327835,500.85530072,182.492112401));
#1445=CARTESIAN_POINT('',(780.720843722,501.132768269,182.304618968));
#1446=CARTESIAN_POINT('',(780.685033829,501.274261706,182.205049094));
#1447=CARTESIAN_POINT('',(780.649858494,501.55652242,181.998656272));
#1448=CARTESIAN_POINT('',(780.650494206,501.697280429,181.891840095));
#1449=CARTESIAN_POINT('',(780.688184038,501.971838612,181.675681072));
#1450=CARTESIAN_POINT('',(780.72523692,502.105629769,181.566345317));
#1451=CARTESIAN_POINT('',(780.834123067,502.360330467,181.349985268));
#1452=CARTESIAN_POINT('',(780.905952757,502.481231643,181.242968071));
#1453=CARTESIAN_POINT('',(780.993583887,502.593015185,181.139474492));
#1454=CARTESIAN_POINT('',(782.156684085,499.708542573,183.222679776));
#1455=CARTESIAN_POINT('',(781.997332529,499.781192767,183.202188163));
#1456=CARTESIAN_POINT('',(781.845240671,499.866405521,183.169847137));
#1457=CARTESIAN_POINT('',(781.562339606,500.058166623,183.08290456));
#1458=CARTESIAN_POINT('',(781.431539826,500.164708578,183.028305906));
#1459=CARTESIAN_POINT('',(781.197058092,500.394377075,182.899281604));
#1460=CARTESIAN_POINT('',(781.093383952,500.517495962,182.824860255));
#1461=CARTESIAN_POINT('',(780.917779124,500.774827432,182.659508072));
#1462=CARTESIAN_POINT('',(780.845854287,500.909031437,182.568582746));
#1463=CARTESIAN_POINT('',(780.736957858,501.18254728,182.374276165));
#1464=CARTESIAN_POINT('',(780.699989894,501.32185,182.270901382));
#1465=CARTESIAN_POINT('',(780.662658039,501.599349433,182.056304742));
#1466=CARTESIAN_POINT('',(780.66229539,501.737536894,181.945090033));
#1467=CARTESIAN_POINT('',(780.698192415,502.00664116,181.7197722));
#1468=CARTESIAN_POINT('',(780.734450891,502.137548993,181.605676581));
#1469=CARTESIAN_POINT('',(780.841975041,502.386253532,181.379684296));
#1470=CARTESIAN_POINT('',(780.913237132,502.504041944,181.267795158));
#1471=CARTESIAN_POINT('',(781.000414598,502.612646909,181.159500124));
#1472=CARTESIAN_POINT('',(782.223377456,499.843547996,183.394787561));
#1473=CARTESIAN_POINT('',(782.062367756,499.916171556,183.375913389));
#1474=CARTESIAN_POINT('',(781.908318612,500.0008391,183.344077866));
#1475=CARTESIAN_POINT('',(781.621093207,500.190441099,183.25592091));
#1476=CARTESIAN_POINT('',(781.487926805,500.295369044,183.199602503));
#1477=CARTESIAN_POINT('',(781.248495889,500.520743261,183.065027144));
#1478=CARTESIAN_POINT('',(781.142239593,500.641181794,182.986774811));
#1479=CARTESIAN_POINT('',(780.961440146,500.892125991,182.811871661));
#1480=CARTESIAN_POINT('',(780.886903201,501.022623038,182.715226847));
#1481=CARTESIAN_POINT('',(780.77291822,501.28777721,182.507911285));
#1482=CARTESIAN_POINT('',(780.733474096,501.422425229,182.397247653));
#1483=CARTESIAN_POINT('',(780.691462249,501.68978583,182.16690163));
#1484=CARTESIAN_POINT('',(780.688895967,501.822489231,182.047227143));
#1485=CARTESIAN_POINT('',(780.720758138,502.079952549,181.804274623));
#1486=CARTESIAN_POINT('',(780.755185496,502.204703624,181.681004926));
#1487=CARTESIAN_POINT('',(780.859478781,502.440613696,181.436440193));
#1488=CARTESIAN_POINT('',(780.929341127,502.55176459,181.315153549));
#1489=CARTESIAN_POINT('',(781.015342649,502.653602728,181.197598629));
#1490=CARTESIAN_POINT('',(782.258740309,499.914234928,183.476671621));
#1491=CARTESIAN_POINT('',(782.096959267,499.986939598,183.458676875));
#1492=CARTESIAN_POINT('',(781.941973702,500.071402165,183.427178325));
#1493=CARTESIAN_POINT('',(781.652637861,500.260003946,183.338605458));
#1494=CARTESIAN_POINT('',(781.518297662,500.36413659,183.281534226));
#1495=CARTESIAN_POINT('',(781.276378552,500.587331963,183.144416036));
#1496=CARTESIAN_POINT('',(781.168808067,500.706386917,183.064373852));
#1497=CARTESIAN_POINT('',(780.985334253,500.95399946,182.884960962));
#1498=CARTESIAN_POINT('',(780.909437314,501.082548425,182.785596503));
#1499=CARTESIAN_POINT('',(780.792772694,501.34328811,182.572067188));
#1500=CARTESIAN_POINT('',(780.752009075,501.475469746,182.457909766));
#1501=CARTESIAN_POINT('',(780.707471618,501.737447685,182.219997172));
#1502=CARTESIAN_POINT('',(780.703699331,501.86723486,182.096250282));
#1503=CARTESIAN_POINT('',(780.733318684,502.118505377,181.844798792));
#1504=CARTESIAN_POINT('',(780.766709292,502.239979965,181.717102944));
#1505=CARTESIAN_POINT('',(780.869134286,502.469085271,181.463573901));
#1506=CARTESIAN_POINT('',(780.938165104,502.576708005,181.337749532));
#1507=CARTESIAN_POINT('',(781.023445247,502.674954322,181.215724192));
#1508=CARTESIAN_POINT('',(782.370796503,500.135648084,183.710079245));
#1509=CARTESIAN_POINT('',(782.206913413,500.208909395,183.694873906));
#1510=CARTESIAN_POINT('',(782.049282475,500.292986867,183.664584782));
#1511=CARTESIAN_POINT('',(781.753838425,500.478872473,183.575245003));
#1512=CARTESIAN_POINT('',(781.616036036,500.580673857,183.51619759));
#1513=CARTESIAN_POINT('',(781.366663589,500.797268853,183.372086893));
#1514=CARTESIAN_POINT('',(781.25510258,500.912054598,183.287028837));
#1515=CARTESIAN_POINT('',(781.063406136,501.149274307,183.094852189));
#1516=CARTESIAN_POINT('',(780.983277656,501.271699652,182.987740566));
#1517=CARTESIAN_POINT('',(780.858176639,501.518497765,182.756437813));
#1518=CARTESIAN_POINT('',(780.813208639,501.642861563,182.632255068));
#1519=CARTESIAN_POINT('',(780.760522555,501.887744417,182.372585133));
#1520=CARTESIAN_POINT('',(780.752806379,502.00825457,182.237107355));
#1521=CARTESIAN_POINT('',(780.774984152,502.239816308,181.96114788));
#1522=CARTESIAN_POINT('',(780.804877291,502.350859475,181.820676184));
#1523=CARTESIAN_POINT('',(780.900883446,502.558313194,181.541261873));
#1524=CARTESIAN_POINT('',(780.966992973,502.654716202,181.402329384));
#1525=CARTESIAN_POINT('',(781.049674474,502.741556266,181.267392276));
#1526=CARTESIAN_POINT('',(782.45340757,500.2956295,183.849486101));
#1527=CARTESIAN_POINT('',(782.28840468,500.36968205,183.836346232));
#1528=CARTESIAN_POINT('',(782.129227693,500.453811954,183.807131317));
#1529=CARTESIAN_POINT('',(781.830007374,500.638271946,183.717925367));
#1530=CARTESIAN_POINT('',(781.689975189,500.738595159,183.657937656));
#1531=CARTESIAN_POINT('',(781.4356482,500.950711303,183.510012273));
#1532=CARTESIAN_POINT('',(781.321362868,501.062496325,183.42208011));
#1533=CARTESIAN_POINT('',(781.123919294,501.292263777,183.222408973));
#1534=CARTESIAN_POINT('',(781.040768404,501.410237639,183.110677435));
#1535=CARTESIAN_POINT('',(780.909515368,501.646817288,182.868672412));
#1536=CARTESIAN_POINT('',(780.861418107,501.76541425,182.738407937));
#1537=CARTESIAN_POINT('',(780.80254111,501.997643977,182.4654755));
#1538=CARTESIAN_POINT('',(780.791763562,502.111268075,182.322817698));
#1539=CARTESIAN_POINT('',(780.808035028,502.328189329,182.031821382));
#1540=CARTESIAN_POINT('',(780.835083429,502.431478385,181.8834937));
#1541=CARTESIAN_POINT('',(780.925732178,502.622853236,181.588147926));
#1542=CARTESIAN_POINT('',(780.989329142,502.710931882,181.441140827));
#1543=CARTESIAN_POINT('',(781.069703041,502.789329022,181.298252739));
#1544=CARTESIAN_POINT('',(782.590047036,500.555009071,184.033206209));
#1545=CARTESIAN_POINT('',(782.423937493,500.630956599,184.023177438));
#1546=CARTESIAN_POINT('',(782.262909249,500.715691159,183.99572277));
#1547=CARTESIAN_POINT('',(781.958718105,500.898681055,183.907275118));
#1548=CARTESIAN_POINT('',(781.815566946,500.996929326,183.846285548));
#1549=CARTESIAN_POINT('',(781.554000917,501.202232541,183.693692314));
#1550=CARTESIAN_POINT('',(781.435596143,501.309279558,183.602094538));
#1551=CARTESIAN_POINT('',(781.229206683,501.527043296,183.392677988));
#1552=CARTESIAN_POINT('',(781.141229963,501.63775161,183.274867295));
#1553=CARTESIAN_POINT('',(780.999920536,501.857524635,183.018676083));
#1554=CARTESIAN_POINT('',(780.946593282,501.966580862,182.880305451));
#1555=CARTESIAN_POINT('',(780.877144163,502.177815072,182.58963246));
#1556=CARTESIAN_POINT('',(780.861024978,502.279984899,182.437341318));
#1557=CARTESIAN_POINT('',(780.866767939,502.472541566,182.126133825));
#1558=CARTESIAN_POINT('',(780.888629861,502.56292097,181.967229483));
#1559=CARTESIAN_POINT('',(780.96928833,502.727557359,181.650419953));
#1560=CARTESIAN_POINT('',(781.028081762,502.801807985,181.49252699));
#1561=CARTESIAN_POINT('',(781.103932955,502.866214487,181.338921797));
#1562=CARTESIAN_POINT('',(782.637252609,500.643808403,184.089491497));
#1563=CARTESIAN_POINT('',(782.470874276,500.72049881,184.080489502));
#1564=CARTESIAN_POINT('',(782.309314031,500.805520233,184.053639302));
#1565=CARTESIAN_POINT('',(782.00359997,500.988136027,183.965534015));
#1566=CARTESIAN_POINT('',(781.859458085,501.085723271,183.904282366));
#1567=CARTESIAN_POINT('',(781.595536995,501.288762772,183.750326951));
#1568=CARTESIAN_POINT('',(781.475768088,501.394207105,183.657629193));
#1569=CARTESIAN_POINT('',(781.266373608,501.607873124,183.445251708));
#1570=CARTESIAN_POINT('',(781.176756205,501.716086471,183.325580269));
#1571=CARTESIAN_POINT('',(781.031990891,501.930068629,183.065027281));
#1572=CARTESIAN_POINT('',(780.976848629,502.035829087,182.924155899));
#1573=CARTESIAN_POINT('',(780.903696556,502.239801327,182.627998129));
#1574=CARTESIAN_POINT('',(780.885689599,502.338005146,182.472723297));
#1575=CARTESIAN_POINT('',(780.887679427,502.522124021,182.155249146));
#1576=CARTESIAN_POINT('',(780.907676133,502.608031889,181.993062215));
#1577=CARTESIAN_POINT('',(780.984710898,502.763411586,181.669588425));
#1578=CARTESIAN_POINT('',(781.041745949,502.832877347,181.508314187));
#1579=CARTESIAN_POINT('',(781.11592687,502.892447931,181.35138054));
#1580=CARTESIAN_POINT('',(782.734054949,500.824339135,184.191356609));
#1581=CARTESIAN_POINT('',(782.567351573,500.902706318,184.184310877));
#1582=CARTESIAN_POINT('',(782.404916041,500.988451093,184.158641638));
#1583=CARTESIAN_POINT('',(782.096470678,501.170530962,184.071303142));
#1584=CARTESIAN_POINT('',(781.950473125,501.266858808,184.009637363));
#1585=CARTESIAN_POINT('',(781.682019716,501.465411158,183.853308033));
#1586=CARTESIAN_POINT('',(781.559574545,501.567627757,183.758650706));
#1587=CARTESIAN_POINT('',(781.344194583,501.772976367,183.540948363));
#1588=CARTESIAN_POINT('',(781.251268365,501.876100201,183.417912012));
#1589=CARTESIAN_POINT('',(781.09945684,502.0782372,183.149444895));
#1590=CARTESIAN_POINT('',(781.040577575,502.177242315,183.004024816));
#1591=CARTESIAN_POINT('',(780.959731587,502.366315913,182.697874681));
#1592=CARTESIAN_POINT('',(780.93776808,502.456376866,182.537156811));
#1593=CARTESIAN_POINT('',(780.93182642,502.6231715,182.2082415));
#1594=CARTESIAN_POINT('',(780.947848502,502.699898538,182.040057149));
#1595=CARTESIAN_POINT('',(781.01709976,502.836284032,181.7044037));
#1596=CARTESIAN_POINT('',(781.070326178,502.895937056,181.536947961));
#1597=CARTESIAN_POINT('',(781.140860451,502.945600982,181.373929822));
#1598=CARTESIAN_POINT('',(782.783785932,500.916325774,184.237118433));
#1599=CARTESIAN_POINT('',(782.617025172,500.995628665,184.23100522));
#1600=CARTESIAN_POINT('',(782.454244499,501.081810482,184.205914171));
#1601=CARTESIAN_POINT('',(782.144585801,501.263727009,184.119000773));
#1602=CARTESIAN_POINT('',(781.997720215,501.359454414,184.057181915));
#1603=CARTESIAN_POINT('',(781.727082391,501.55577658,183.899836174));
#1604=CARTESIAN_POINT('',(781.603321025,501.656363456,183.804315611));
#1605=CARTESIAN_POINT('',(781.38495179,501.857480552,183.584239665));
#1606=CARTESIAN_POINT('',(781.290352694,501.958002692,183.459693124));
#1607=CARTESIAN_POINT('',(781.134940963,502.154068875,183.187659611));
#1608=CARTESIAN_POINT('',(781.074134571,502.249605041,183.040183566));
#1609=CARTESIAN_POINT('',(780.989287255,502.431021342,182.72950831));
#1610=CARTESIAN_POINT('',(780.965249738,502.516894188,182.566321576));
#1611=CARTESIAN_POINT('',(780.955119418,502.674778448,182.232211799));
#1612=CARTESIAN_POINT('',(780.969027019,502.746783517,182.061302176));
#1613=CARTESIAN_POINT('',(781.034108713,502.873405248,181.72011214));
#1614=CARTESIAN_POINT('',(781.08528019,502.928016822,181.54984543));
#1615=CARTESIAN_POINT('',(781.153833679,502.972596268,181.384060675));
#1616=CARTESIAN_POINT('',(782.88594709,501.103710061,184.318358537));
#1617=CARTESIAN_POINT('',(782.71928142,501.185050984,184.313965834));
#1618=CARTESIAN_POINT('',(782.555996481,501.272232396,184.289959031));
#1619=CARTESIAN_POINT('',(782.24421946,501.453988133,184.203898145));
#1620=CARTESIAN_POINT('',(782.095740107,501.548555036,184.141847575));
#1621=CARTESIAN_POINT('',(781.820902766,501.740415363,183.982758224));
#1622=CARTESIAN_POINT('',(781.694555999,501.837700954,183.885725937));
#1623=CARTESIAN_POINT('',(781.470220596,502.030197507,183.66145869));
#1624=CARTESIAN_POINT('',(781.372241119,502.125400609,183.534232885));
#1625=CARTESIAN_POINT('',(781.209477567,502.309033212,183.255854467));
#1626=CARTESIAN_POINT('',(781.144700137,502.397455214,183.104713219));
#1627=CARTESIAN_POINT('',(781.051539764,502.563160733,182.78596042));
#1628=CARTESIAN_POINT('',(781.023160623,502.640437481,182.618361883));
#1629=CARTESIAN_POINT('',(781.004199882,502.780037122,182.274963718));
#1630=CARTESIAN_POINT('',(781.013619055,502.842354311,182.099178108));
#1631=CARTESIAN_POINT('',(781.069792747,502.948957298,181.748079669));
#1632=CARTESIAN_POINT('',(781.116544971,502.993238739,181.572781172));
#1633=CARTESIAN_POINT('',(781.180812561,503.027410591,181.402044327));
#1634=CARTESIAN_POINT('',(782.93837464,501.199108238,184.353836865));
#1635=CARTESIAN_POINT('',(782.771861628,501.281551558,184.350231984));
#1636=CARTESIAN_POINT('',(782.608417756,501.369295579,184.326731088));
#1637=CARTESIAN_POINT('',(782.295736136,501.55105393,184.241097375));
#1638=CARTESIAN_POINT('',(782.146511244,501.645060786,184.17896808));
#1639=CARTESIAN_POINT('',(781.869659174,501.834689448,184.019151404));
#1640=CARTESIAN_POINT('',(781.742043379,501.930303456,183.921470595));
#1641=CARTESIAN_POINT('',(781.514731402,502.118410909,183.695385633));
#1642=CARTESIAN_POINT('',(781.415044567,502.210896619,183.566990776));
#1643=CARTESIAN_POINT('',(781.248529645,502.388166344,183.285833937));
#1644=CARTESIAN_POINT('',(781.181708404,502.472943069,183.133083515));
#1645=CARTESIAN_POINT('',(781.08423645,502.630594967,182.810778465));
#1646=CARTESIAN_POINT('',(781.053589743,502.703463656,182.641237089));
#1647=CARTESIAN_POINT('',(781.029987288,502.833688922,182.29374522));
#1648=CARTESIAN_POINT('',(781.037032508,502.891040141,182.115809014));
#1649=CARTESIAN_POINT('',(781.088467703,502.98738804,181.760339));
#1650=CARTESIAN_POINT('',(781.132855563,503.026380757,181.582819806));
#1651=CARTESIAN_POINT('',(781.194817966,503.055229463,181.4098976));
#1652=CARTESIAN_POINT('',(783.046006443,501.393395735,184.414260454));
#1653=CARTESIAN_POINT('',(782.880006399,501.478173456,184.412032477));
#1654=CARTESIAN_POINT('',(782.71643027,501.567134066,184.389424516));
#1655=CARTESIAN_POINT('',(782.402249353,501.749003197,184.304571454));
#1656=CARTESIAN_POINT('',(782.251657644,501.841904146,184.242329884));
#1657=CARTESIAN_POINT('',(781.970950307,502.02702508,184.0813077));
#1658=CARTESIAN_POINT('',(781.840846365,502.119237359,183.982533788));
#1659=CARTESIAN_POINT('',(781.607598968,502.298385837,183.753365557));
#1660=CARTESIAN_POINT('',(781.504465222,502.385314577,183.622980775));
#1661=CARTESIAN_POINT('',(781.330299207,502.549563587,183.337084902));
#1662=CARTESIAN_POINT('',(781.259274187,502.626877019,183.181585711));
#1663=CARTESIAN_POINT('',(781.15286705,502.768041632,182.853207017));
#1664=CARTESIAN_POINT('',(781.117489362,502.831886935,182.680341182));
#1665=CARTESIAN_POINT('',(781.084142318,502.942932172,182.325841153));
#1666=CARTESIAN_POINT('',(781.086174349,502.990127481,182.144221715));
#1667=CARTESIAN_POINT('',(781.127548226,503.065518901,181.781263301));
#1668=CARTESIAN_POINT('',(781.166888349,503.093711872,181.599939432));
#1669=CARTESIAN_POINT('',(781.223904611,503.111701639,181.423273215));
#1670=CARTESIAN_POINT('',(783.101520247,501.492826383,184.439273332));
#1671=CARTESIAN_POINT('',(782.935883503,501.578843122,184.437636167));
#1672=CARTESIAN_POINT('',(782.772335149,501.668461488,184.415416395));
#1673=CARTESIAN_POINT('',(782.457557967,501.850439625,184.330917944));
#1674=CARTESIAN_POINT('',(782.306342309,501.942791783,184.268642799));
#1675=CARTESIAN_POINT('',(782.023785523,502.125624199,184.107141222));
#1676=CARTESIAN_POINT('',(781.892456215,502.216096808,184.007921546));
#1677=CARTESIAN_POINT('',(781.656234274,502.390650213,183.77748433));
#1678=CARTESIAN_POINT('',(781.551351522,502.474723706,183.646276432));
#1679=CARTESIAN_POINT('',(781.373264188,502.632278148,183.358414563));
#1680=CARTESIAN_POINT('',(781.300067054,502.705752505,183.201772636));
#1681=CARTESIAN_POINT('',(781.18900998,502.838436982,182.870865592));
#1682=CARTESIAN_POINT('',(781.151154683,502.897641548,182.696614319));
#1683=CARTESIAN_POINT('',(781.112675067,502.998827216,182.339191781));
#1684=CARTESIAN_POINT('',(781.112052356,503.040804082,182.156035469));
#1685=CARTESIAN_POINT('',(781.148071867,503.105435432,181.789951622));
#1686=CARTESIAN_POINT('',(781.184712581,503.128087211,181.607039403));
#1687=CARTESIAN_POINT('',(781.239071985,503.140510932,181.42881024));
#1688=CARTESIAN_POINT('',(783.251822697,501.759923142,184.490789167));
#1689=CARTESIAN_POINT('',(783.08740438,501.84931554,184.490386189));
#1690=CARTESIAN_POINT('',(782.924163016,501.940730691,184.468981399));
#1691=CARTESIAN_POINT('',(782.608204225,502.123031485,184.385239559));
#1692=CARTESIAN_POINT('',(782.455500157,502.213909422,184.32290605));
#1693=CARTESIAN_POINT('',(782.168285147,502.390571906,184.160433551));
#1694=CARTESIAN_POINT('',(782.033786347,502.476348985,184.060301431));
#1695=CARTESIAN_POINT('',(781.789737308,502.638501307,183.827256826));
#1696=CARTESIAN_POINT('',(781.680197385,502.714869693,183.694354195));
#1697=CARTESIAN_POINT('',(781.491568574,502.854367991,183.402439689));
#1698=CARTESIAN_POINT('',(781.412487658,502.917492002,183.243440155));
#1699=CARTESIAN_POINT('',(781.288750091,503.027329413,182.907313989));
#1700=CARTESIAN_POINT('',(781.244098667,503.074038165,182.730201566));
#1701=CARTESIAN_POINT('',(781.191464584,503.148696767,182.366741976));
#1702=CARTESIAN_POINT('',(781.183484147,503.176643456,182.180410173));
#1703=CARTESIAN_POINT('',(781.204595132,503.212371473,181.807867873));
#1704=CARTESIAN_POINT('',(781.23368566,503.220151285,181.621673124));
#1705=CARTESIAN_POINT('',(781.280582864,503.21765145,181.440214002));
#1706=CARTESIAN_POINT('',(783.347601494,501.927947881,184.506872247));
#1707=CARTESIAN_POINT('',(783.18420434,502.019512713,184.506870884));
#1708=CARTESIAN_POINT('',(783.02140022,502.112088832,184.485735068));
#1709=CARTESIAN_POINT('',(782.705139588,502.294622696,184.402254119));
#1710=CARTESIAN_POINT('',(782.551696492,502.384572698,184.339912527));
#1711=CARTESIAN_POINT('',(782.261877,502.557329551,184.177152363));
#1712=CARTESIAN_POINT('',(782.125512898,502.640129073,184.076740694));
#1713=CARTESIAN_POINT('',(781.876712064,502.794419478,183.842887909));
#1714=CARTESIAN_POINT('',(781.764285886,502.865903817,183.709456713));
#1715=CARTESIAN_POINT('',(781.569018057,502.993967181,183.41627372));
#1716=CARTESIAN_POINT('',(781.48618469,503.050540773,183.256534361));
#1717=CARTESIAN_POINT('',(781.354271589,503.145935687,182.918767761));
#1718=CARTESIAN_POINT('',(781.305197452,503.184752962,182.740754848));
#1719=CARTESIAN_POINT('',(781.243274161,503.242681197,182.375393704));
#1720=CARTESIAN_POINT('',(781.230427635,503.2617897,182.18806097));
#1721=CARTESIAN_POINT('',(781.241608855,503.27933755,181.813482289));
#1722=CARTESIAN_POINT('',(781.265636128,503.277776151,181.62625223));
#1723=CARTESIAN_POINT('',(781.307497822,503.265918567,181.443774434));
#1724=CARTESIAN_POINT('',(783.444667579,502.09606955,184.506838818));
#1725=CARTESIAN_POINT('',(783.282470951,502.189713892,184.506838477));
#1726=CARTESIAN_POINT('',(783.120281199,502.283354258,184.485703758));
#1727=CARTESIAN_POINT('',(782.804046197,502.465932743,184.402225079));
#1728=CARTESIAN_POINT('',(782.650014361,502.554863116,184.33988466));
#1729=CARTESIAN_POINT('',(782.357843802,502.723547947,184.177126857));
#1730=CARTESIAN_POINT('',(782.219717473,502.803295249,184.076716376));
#1731=CARTESIAN_POINT('',(781.96630714,502.949601808,183.842865941));
#1732=CARTESIAN_POINT('',(781.851033886,503.016154858,183.709435906));
#1733=CARTESIAN_POINT('',(781.649129977,503.132724124,183.416255183));
#1734=CARTESIAN_POINT('',(781.562507887,503.182735394,183.256516932));
#1735=CARTESIAN_POINT('',(781.422265899,503.263704092,182.91875249));
#1736=CARTESIAN_POINT('',(781.368651951,503.294658083,182.740740626));
#1737=CARTESIAN_POINT('',(781.297125876,503.335953597,182.375381525));
#1738=CARTESIAN_POINT('',(781.279216783,503.346293368,182.188049785));
#1739=CARTESIAN_POINT('',(781.280004296,503.345838591,181.813473053));
#1740=CARTESIAN_POINT('',(781.298700868,503.335044063,181.62624395));
#1741=CARTESIAN_POINT('',(781.33523162,503.313952967,181.443767099));
#1742=B_SPLINE_SURFACE_WITH_KNOTS('',3,3,((#1238,#1239,#1240,#1241,#1242,#1243,#1244,#1245,#1246,#1247,#1248,#1249,#1250,#1251,#1252,#1253,#1254,#1255),(#1256,#1257,#1258,#1259,#1260,#1261,#1262,#1263,#1264,#1265,#1266,#1267,#1268,#1269,#1270,#1271,#1272,#1273),(#1274,#1275,#1276,#1277,#1278,#1279,#1280,#1281,#1282,#1283,#1284,#1285,#1286,#1287,#1288,#1289,#1290,#1291),(#1292,#1293,#1294,#1295,#1296,#1297,#1298,#1299,#1300,#1301,#1302,#1303,#1304,#1305,#1306,#1307,#1308,#1309),(#1310,#1311,#1312,#1313,#1314,#1315,#1316,#1317,#1318,#1319,#1320,#1321,#1322,#1323,#1324,#1325,#1326,#1327),(#1328,#1329,#1330,#1331,#1332,#1333,#1334,#1335,#1336,#1337,#1338,#1339,#1340,#1341,#1342,#1343,#1344,#1345),(#1346,#1347,#1348,#1349,#1350,#1351,#1352,#1353,#1354,#1355,#1356,#1357,#1358,#1359,#1360,#1361,#1362,#1363),(#1364,#1365,#1366,#1367,#1368,#1369,#1370,#1371,#1372,#1373,#1374,#1375,#1376,#1377,#1378,#1379,#1380,#1381),(#1382,#1383,#1384,#1385,#1386,#1387,#1388,#1389,#1390,#1391,#1392,#1393,#1394,#1395,#1396,#1397,#1398,#1399),(#1400,#1401,#1402,#1403,#1404,#1405,#1406,#1407,#1408,#1409,#1410,#1411,#1412,#1413,#1414,#1415,#1416,#1417),(#1418,#1419,#1420,#1421,#1422,#1423,#1424,#1425,#1426,#1427,#1428,#1429,#1430,#1431,#1432,#1433,#1434,#1435),(#1436,#1437,#1438,#1439,#1440,#1441,#1442,#1443,#1444,#1445,#1446,#1447,#1448,#1449,#1450,#1451,#1452,#1453),(#1454,#1455,#1456,#1457,#1458,#1459,#1460,#1461,#1462,#1463,#1464,#1465,#1466,#1467,#1468,#1469,#1470,#1471),(#1472,#1473,#1474,#1475,#1476,#1477,#1478,#1479,#1480,#1481,#1482,#1483,#1484,#1485,#1486,#1487,#1488,#1489),(#1490,#1491,#1492,#1493,#1494,#1495,#1496,#1497,#1498,#1499,#1500,#1501,#1502,#1503,#1504,#1505,#1506,#1507),(#1508,#1509,#1510,#1511,#1512,#1513,#1514,#1515,#1516,#1517,#1518,#1519,#1520,#1521,#1522,#1523,#1524,#1525),(#1526,#1527,#1528,#1529,#1530,#1531,#1532,#1533,#1534,#1535,#1536,#1537,#1538,#1539,#1540,#1541,#1542,#1543),(#1544,#1545,#1546,#1547,#1548,#1549,#1550,#1551,#1552,#1553,#1554,#1555,#1556,#1557,#1558,#1559,#1560,#1561),(#1562,#1563,#1564,#1565,#1566,#1567,#1568,#1569,#1570,#1571,#1572,#1573,#1574,#1575,#1576,#1577,#1578,#1579),(#1580,#1581,#1582,#1583,#1584,#1585,#1586,#1587,#1588,#1589,#1590,#1591,#1592,#1593,#1594,#1595,#1596,#1597),(#1598,#1599,#1600,#1601,#1602,#1603,#1604,#1605,#1606,#1607,#1608,#1609,#1610,#1611,#1612,#1613,#1614,#1615),(#1616,#1617,#1618,#1619,#1620,#1621,#1622,#1623,#1624,#1625,#1626,#1627,#1628,#1629,#1630,#1631,#1632,#1633),(#1634,#1635,#1636,#1637,#1638,#1639,#1640,#1641,#1642,#1643,#1644,#1645,#1646,#1647,#1648,#1649,#1650,#1651),(#1652,#1653,#1654,#1655,#1656,#1657,#1658,#1659,#1660,#1661,#1662,#1663,#1664,#1665,#1666,#1667,#1668,#1669),(#1670,#1671,#1672,#1673,#1674,#1675,#1676,#1677,#1678,#1679,#1680,#1681,#1682,#1683,#1684,#1685,#1686,#1687),(#1688,#1689,#1690,#1691,#1692,#1693,#1694,#1695,#1696,#1697,#1698,#1699,#1700,#1701,#1702,#1703,#1704,#1705),
(#1706,#1707,#1708,#1709,#1710,#1711,#1712,#1713,#1714,#1715,#1716,#1717,#1718,#1719,#1720,#1721,#1722,#1723),(#1724,#1725,#1726,#1727,#1728,#1729,#1730,#1731,#1732,#1733,#1734,#1735,#1736,#1737,#1738,#1739,#1740,#1741)),.UNSPECIFIED.,.F.,.F.,.U.,(4,2,2,2,2,2,2,2,2,2,2,2,2,4),(4,2,2,2,2,2,2,2,4),(0.001339752,0.001374825,0.001571228,0.00166943,0.001767632,0.001964035,0.002062237,0.002160439,0.002356843,0.002455044,0.002553246,0.002651448,0.00274965,0.002915915),(0.,0.125,0.25,0.375,0.5,0.625,0.75,0.875,1.),.UNSPECIFIED.);
#1743=CARTESIAN_POINT('',(783.444667841,502.096069396,184.506827725));
#1744=VERTEX_POINT('',#1743);
#1745=CARTESIAN_POINT('',(783.444667841,502.096069396,182.006827725));
#1746=DIRECTION('',(-0.5,-0.866025404,0.));
#1747=DIRECTION('',(-0.866025404,0.5,0.));
#1748=AXIS2_PLACEMENT_3D('',#1745,#1746,#1747);
#1749=CIRCLE('',#1748,2.5);
#1750=EDGE_CURVE('',#1744,#985,#1749,.T.);
#1751=ORIENTED_EDGE('',*,*,#1750,.T.);
#1752=ORIENTED_EDGE('',*,*,#1006,.F.);
#1753=CARTESIAN_POINT('',(781.853476982,498.973291983,181.006827725));
#1754=VERTEX_POINT('',#1753);
#1755=CARTESIAN_POINT('',(783.103476982,501.138355493,181.006827725));
#1756=DIRECTION('',(0.11703046,-0.067567568,-0.990827177));
#1757=DIRECTION('',(-0.993096701,0.,-0.117298522));
#1758=AXIS2_PLACEMENT_3D('',#1755,#1756,#1757);
#1759=CIRCLE('',#1758,2.5);
#1760=EDGE_CURVE('',#1754,#976,#1759,.T.);
#1761=ORIENTED_EDGE('',*,*,#1760,.F.);
#1762=CARTESIAN_POINT('',(783.444675055,502.096065553,184.506827725));
#1763=CARTESIAN_POINT('',(783.329657858,501.896849926,184.506827744));
#1764=CARTESIAN_POINT('',(783.216430305,501.697771406,184.484373417));
#1765=CARTESIAN_POINT('',(783.1050318,501.498844403,184.438735319));
#1766=CARTESIAN_POINT('',(782.993633295,501.299917401,184.393097221));
#1767=CARTESIAN_POINT('',(782.887100634,501.106543946,184.325335512));
#1768=CARTESIAN_POINT('',(782.786342714,500.920766275,184.237242209));
#1769=CARTESIAN_POINT('',(782.735963754,500.827877439,184.193195557));
#1770=CARTESIAN_POINT('',(782.686924972,500.736706304,184.143981364));
#1771=CARTESIAN_POINT('',(782.639239669,500.647279475,184.089523853));
#1772=CARTESIAN_POINT('',(782.591554365,500.557852645,184.035066343));
#1773=CARTESIAN_POINT('',(782.544987886,500.469732978,183.974990754));
#1774=CARTESIAN_POINT('',(782.500683942,500.385120955,183.910788952));
#1775=CARTESIAN_POINT('',(782.412076054,500.215896909,183.782385347));
#1776=CARTESIAN_POINT('',(782.331840198,500.059493946,183.637206496));
#1777=CARTESIAN_POINT('',(782.259563012,499.915592165,183.47565939));
#1778=CARTESIAN_POINT('',(782.187285827,499.771690384,183.314112283));
#1779=CARTESIAN_POINT('',(782.122574356,499.639399449,183.134187511));
#1780=CARTESIAN_POINT('',(782.068365989,499.525104789,182.944529852));
#1781=CARTESIAN_POINT('',(782.014157621,499.410810128,182.754872192));
#1782=CARTESIAN_POINT('',(781.969754966,499.313186306,182.554543856));
#1783=CARTESIAN_POINT('',(781.935117608,499.232434186,182.343373236));
#1784=CARTESIAN_POINT('',(781.917798928,499.192058126,182.237787926));
#1785=CARTESIAN_POINT('',(781.902898142,499.155810832,182.128932901));
#1786=CARTESIAN_POINT('',(781.890773522,499.124587918,182.019407761));
#1787=CARTESIAN_POINT('',(781.878648902,499.093365004,181.90988262));
#1788=CARTESIAN_POINT('',(781.869217952,499.066989283,181.799357508));
#1789=CARTESIAN_POINT('',(781.862420095,499.0453718,181.687846583));
#1790=CARTESIAN_POINT('',(781.84882438,499.002136833,181.464824733));
#1791=CARTESIAN_POINT('',(781.845684097,498.977791207,181.237749729));
#1792=CARTESIAN_POINT('',(781.853476982,498.973291983,181.006827725));
#1793=B_SPLINE_CURVE_WITH_KNOTS('',3,(#1762,#1763,#1764,#1765,#1766,#1767,#1768,#1769,#1770,#1771,#1772,#1773,#1774,#1775,#1776,#1777,#1778,#1779,#1780,#1781,#1782,#1783,#1784,#1785,#1786,#1787,
#1788,#1789,#1790,#1791,#1792),.UNSPECIFIED.,.F.,.F.,(4,3,3,3,3,3,3,3,3,3,4),(0.001339783,0.001536799,0.001733816,0.001832324,0.001930832,0.002127849,0.002324865,0.002521882,0.00262039,0.002718898,0.002915914),.UNSPECIFIED.);
#1794=EDGE_CURVE('',#1744,#1754,#1793,.T.);
#1795=ORIENTED_EDGE('',*,*,#1794,.F.);
#1796=EDGE_LOOP('',(#1751,#1752,#1761,#1795));
#1797=FACE_BOUND('',#1796,.T.);
#1798=ADVANCED_FACE('',(#1797),#1742,.T.);
#1799=CARTESIAN_POINT('',(771.694667841,481.744472408,182.006827725));
#1800=DIRECTION('',(0.5,0.866025404,-0.));
#1801=DIRECTION('',(0.866025404,-0.5,-0.));
#1802=AXIS2_PLACEMENT_3D('',#1799,#1800,#1801);
#1803=CYLINDRICAL_SURFACE('',#1802,2.5);
#1804=ORIENTED_EDGE('',*,*,#1119,.F.);
#1805=ORIENTED_EDGE('',*,*,#1014,.F.);
#1806=ORIENTED_EDGE('',*,*,#1750,.F.);
#1807=CARTESIAN_POINT('',(785.694667841,505.993183713,184.506827725));
#1808=VERTEX_POINT('',#1807);
#1809=CARTESIAN_POINT('',(785.694667841,505.993183713,184.506827725));
#1810=DIRECTION('',(-0.5,-0.866025404,-0.));
#1811=VECTOR('',#1810,4.5);
#1812=LINE('',#1809,#1811);
#1813=EDGE_CURVE('',#1808,#1744,#1812,.T.);
#1814=ORIENTED_EDGE('',*,*,#1813,.F.);
#1815=CARTESIAN_POINT('',(785.694667841,505.993183713,184.506827725));
#1816=CARTESIAN_POINT('',(785.52222452,505.999551154,184.506827725));
#1817=CARTESIAN_POINT('',(785.351463926,506.005831186,184.493039585));
#1818=CARTESIAN_POINT('',(785.182734807,506.014386566,184.465268454));
#1819=CARTESIAN_POINT('',(785.014005689,506.022941946,184.437497323));
#1820=CARTESIAN_POINT('',(784.845823193,506.033811081,184.395177346));
#1821=CARTESIAN_POINT('',(784.685171065,506.049856038,184.338208965));
#1822=CARTESIAN_POINT('',(784.524518936,506.065900995,184.281240584));
#1823=CARTESIAN_POINT('',(784.370675758,506.086804212,184.209928576));
#1824=CARTESIAN_POINT('',(784.225971199,506.118679967,184.120743056));
#1825=CARTESIAN_POINT('',(784.081266639,506.150555722,184.031557537));
#1826=CARTESIAN_POINT('',(783.950598464,506.191832633,183.927504071));
#1827=CARTESIAN_POINT('',(783.842171598,506.254432542,183.806829591));
#1828=B_SPLINE_CURVE_WITH_KNOTS('',3,(#1815,#1816,#1817,#1818,#1819,#1820,#1821,#1822,#1823,#1824,#1825,#1826,#1827),.UNSPECIFIED.,.F.,.F.,(4,3,3,3,4),(0.,0.000514104,0.001028208,0.001542312,0.002056416),.UNSPECIFIED.);
#1829=EDGE_CURVE('',#1808,#1113,#1828,.T.);
#1830=ORIENTED_EDGE('',*,*,#1829,.T.);
#1831=EDGE_LOOP('',(#1804,#1805,#1806,#1814,#1830));
#1832=FACE_BOUND('',#1831,.T.);
#1833=ADVANCED_FACE('',(#1832),#1803,.T.);
#1834=CARTESIAN_POINT('',(815.449785301,488.814058638,183.806827725));
#1835=DIRECTION('',(-0.866025404,0.5,-0.));
#1836=DIRECTION('',(0.5,0.866025404,0.));
#1837=AXIS2_PLACEMENT_3D('',#1834,#1835,#1836);
#1838=CYLINDRICAL_SURFACE('',#1837,0.7);
#1839=CARTESIAN_POINT('',(779.273258635,509.700586047,183.806827725));
#1840=DIRECTION('',(-0.866025404,0.5,-0.));
#1841=DIRECTION('',(0.5,0.866025404,0.));
#1842=AXIS2_PLACEMENT_3D('',#1839,#1840,#1841);
#1843=CIRCLE('',#1842,0.7);
#1844=EDGE_CURVE('',#519,#691,#1843,.T.);
#1845=ORIENTED_EDGE('',*,*,#1844,.F.);
#1846=ORIENTED_EDGE('',*,*,#1125,.F.);
#1847=ORIENTED_EDGE('',*,*,#1829,.F.);
#1848=CARTESIAN_POINT('',(779.273258635,509.700586047,184.506827725));
#1849=DIRECTION('',(0.866025404,-0.5,0.));
#1850=VECTOR('',#1849,7.414804668);
#1851=LINE('',#1848,#1850);
#1852=EDGE_CURVE('',#691,#1808,#1851,.T.);
#1853=ORIENTED_EDGE('',*,*,#1852,.F.);
#1854=EDGE_LOOP('',(#1845,#1846,#1847,#1853));
#1855=FACE_BOUND('',#1854,.T.);
#1856=ADVANCED_FACE('',(#1855),#1838,.T.);
#1857=CARTESIAN_POINT('',(782.773258635,515.762763874,183.806827725));
#1858=DIRECTION('',(0.5,0.866025404,0.));
#1859=DIRECTION('',(0.866025404,-0.5,-0.));
#1860=AXIS2_PLACEMENT_3D('',#1857,#1858,#1859);
#1861=CYLINDRICAL_SURFACE('',#1860,0.7);
#1862=ORIENTED_EDGE('',*,*,#704,.T.);
#1863=CARTESIAN_POINT('',(783.123258635,516.368981656,184.506827725));
#1864=VERTEX_POINT('',#1863);
#1865=CARTESIAN_POINT('',(783.123258635,516.368981656,184.506827725));
#1866=DIRECTION('',(-0.5,-0.866025404,-0.));
#1867=VECTOR('',#1866,7.7);
#1868=LINE('',#1865,#1867);
#1869=EDGE_CURVE('',#1864,#691,#1868,.T.);
#1870=ORIENTED_EDGE('',*,*,#1869,.F.);
#1871=CARTESIAN_POINT('',(783.123258635,516.368981656,183.806827725));
#1872=DIRECTION('',(-0.258819045,0.965925826,0.));
#1873=DIRECTION('',(0.965925826,0.258819045,0.));
#1874=AXIS2_PLACEMENT_3D('',#1871,#1872,#1873);
#1875=ELLIPSE('',#1874,0.989949494,0.7);
#1876=EDGE_CURVE('',#669,#1864,#1875,.T.);
#1877=ORIENTED_EDGE('',*,*,#1876,.F.);
#1878=ORIENTED_EDGE('',*,*,#674,.F.);
#1879=EDGE_LOOP('',(#1862,#1870,#1877,#1878));
#1880=FACE_BOUND('',#1879,.T.);
#1881=ADVANCED_FACE('',(#1880),#1861,.T.);
#1882=CARTESIAN_POINT('',(848.498611213,478.624504247,183.806827725));
#1883=DIRECTION('',(0.866025404,-0.5,0.));
#1884=DIRECTION('',(-0.5,-0.866025404,-0.));
#1885=AXIS2_PLACEMENT_3D('',#1882,#1883,#1884);
#1886=CYLINDRICAL_SURFACE('',#1885,0.7);
#1887=ORIENTED_EDGE('',*,*,#1876,.T.);
#1888=CARTESIAN_POINT('',(777.234285889,519.768981656,184.506827725));
#1889=VERTEX_POINT('',#1888);
#1890=CARTESIAN_POINT('',(777.234285889,519.768981656,184.506827725));
#1891=DIRECTION('',(0.866025404,-0.5,0.));
#1892=VECTOR('',#1891,6.8);
#1893=LINE('',#1890,#1892);
#1894=EDGE_CURVE('',#1889,#1864,#1893,.T.);
#1895=ORIENTED_EDGE('',*,*,#1894,.F.);
#1896=CARTESIAN_POINT('',(777.234285889,519.768981656,183.806827725));
#1897=DIRECTION('',(-0.965925826,-0.258819045,-0.));
#1898=DIRECTION('',(0.258819045,-0.965925826,-0.));
#1899=AXIS2_PLACEMENT_3D('',#1896,#1897,#1898);
#1900=ELLIPSE('',#1899,0.989949494,0.7);
#1901=EDGE_CURVE('',#717,#1889,#1900,.T.);
#1902=ORIENTED_EDGE('',*,*,#1901,.F.);
#1903=ORIENTED_EDGE('',*,*,#722,.F.);
#1904=EDGE_LOOP('',(#1887,#1895,#1902,#1903));
#1905=FACE_BOUND('',#1904,.T.);
#1906=ADVANCED_FACE('',(#1905),#1886,.T.);
#1907=CARTESIAN_POINT('',(776.884285889,519.162763874,183.806827725));
#1908=DIRECTION('',(-0.5,-0.866025404,-0.));
#1909=DIRECTION('',(-0.866025404,0.5,0.));
#1910=AXIS2_PLACEMENT_3D('',#1907,#1908,#1909);
#1911=CYLINDRICAL_SURFACE('',#1910,0.7);
#1912=ORIENTED_EDGE('',*,*,#1901,.T.);
#1913=CARTESIAN_POINT('',(773.384285889,513.100586047,184.506827725));
#1914=DIRECTION('',(0.5,0.866025404,0.));
#1915=VECTOR('',#1914,7.7);
#1916=LINE('',#1913,#1915);
#1917=EDGE_CURVE('',#786,#1889,#1916,.T.);
#1918=ORIENTED_EDGE('',*,*,#1917,.F.);
#1919=ORIENTED_EDGE('',*,*,#792,.F.);
#1920=ORIENTED_EDGE('',*,*,#754,.F.);
#1921=EDGE_LOOP('',(#1912,#1918,#1919,#1920));
#1922=FACE_BOUND('',#1921,.T.);
#1923=ADVANCED_FACE('',(#1922),#1911,.T.);
#1924=CARTESIAN_POINT('',(844.648611213,471.956108638,183.806827725));
#1925=DIRECTION('',(0.866025404,-0.5,0.));
#1926=DIRECTION('',(-0.5,-0.866025404,-0.));
#1927=AXIS2_PLACEMENT_3D('',#1924,#1925,#1926);
#1928=CYLINDRICAL_SURFACE('',#1927,0.7);
#1929=CARTESIAN_POINT('',(771.565622027,514.150592118,184.506827725));
#1930=VERTEX_POINT('',#1929);
#1931=CARTESIAN_POINT('',(771.565622027,514.150592118,184.506827725));
#1932=DIRECTION('',(0.866025404,-0.5,0.));
#1933=VECTOR('',#1932,2.100012141);
#1934=LINE('',#1931,#1933);
#1935=EDGE_CURVE('',#1930,#786,#1934,.T.);
#1936=ORIENTED_EDGE('',*,*,#1935,.F.);
#1937=CARTESIAN_POINT('',(771.565622027,514.150592118,183.806827725));
#1938=DIRECTION('',(0.866025404,-0.5,0.));
#1939=DIRECTION('',(-0.5,-0.866025404,-0.));
#1940=AXIS2_PLACEMENT_3D('',#1937,#1938,#1939);
#1941=CIRCLE('',#1940,0.7);
#1942=EDGE_CURVE('',#1930,#1081,#1941,.T.);
#1943=ORIENTED_EDGE('',*,*,#1942,.T.);
#1944=ORIENTED_EDGE('',*,*,#1086,.F.);
#1945=ORIENTED_EDGE('',*,*,#799,.T.);
#1946=EDGE_LOOP('',(#1936,#1943,#1944,#1945));
#1947=FACE_BOUND('',#1946,.T.);
#1948=ADVANCED_FACE('',(#1947),#1928,.T.);
#1949=CARTESIAN_POINT('',(763.709404245,501.943223763,184.506827725));
#1950=DIRECTION('',(0.866025404,-0.5,0.));
#1951=DIRECTION('',(-0.5,-0.866025404,-0.));
#1952=AXIS2_PLACEMENT_3D('',#1949,#1950,#1951);
#1953=PLANE('',#1952);
#1954=CARTESIAN_POINT('',(778.539531264,527.629757242,170.506827725));
#1955=VERTEX_POINT('',#1954);
#1956=CARTESIAN_POINT('',(770.959404245,514.500592118,170.506827725));
#1957=VERTEX_POINT('',#1956);
#1958=CARTESIAN_POINT('',(778.539531264,527.629757242,170.506827725));
#1959=DIRECTION('',(-0.5,-0.866025404,-0.));
#1960=VECTOR('',#1959,15.160254038);
#1961=LINE('',#1958,#1960);
#1962=EDGE_CURVE('',#1955,#1957,#1961,.T.);
#1963=ORIENTED_EDGE('',*,*,#1962,.T.);
#1964=CARTESIAN_POINT('',(770.959404245,514.500592118,183.806827725));
#1965=VERTEX_POINT('',#1964);
#1966=CARTESIAN_POINT('',(770.959404245,514.500592118,170.506827725));
#1967=DIRECTION('',(-0.,0.,1.));
#1968=VECTOR('',#1967,13.3);
#1969=LINE('',#1966,#1968);
#1970=EDGE_CURVE('',#1957,#1965,#1969,.T.);
#1971=ORIENTED_EDGE('',*,*,#1970,.T.);
#1972=CARTESIAN_POINT('',(778.539531264,527.629757242,183.806827725));
#1973=VERTEX_POINT('',#1972);
#1974=CARTESIAN_POINT('',(770.959404245,514.500592118,183.806827725));
#1975=DIRECTION('',(0.5,0.866025404,0.));
#1976=VECTOR('',#1975,15.160254038);
#1977=LINE('',#1974,#1976);
#1978=EDGE_CURVE('',#1965,#1973,#1977,.T.);
#1979=ORIENTED_EDGE('',*,*,#1978,.T.);
#1980=CARTESIAN_POINT('',(778.539531264,527.629757242,183.806827725));
#1981=DIRECTION('',(0.,0.,-1.));
#1982=VECTOR('',#1981,13.3);
#1983=LINE('',#1980,#1982);
#1984=EDGE_CURVE('',#1973,#1955,#1983,.T.);
#1985=ORIENTED_EDGE('',*,*,#1984,.T.);
#1986=EDGE_LOOP('',(#1963,#1971,#1979,#1985));
#1987=FACE_BOUND('',#1986,.T.);
#1988=ADVANCED_FACE('',(#1987),#1953,.F.);
#1989=OVER_RIDING_STYLED_ITEM('',(#183),#1988,#54);
#1990=CARTESIAN_POINT('',(770.24710542,482.580222961,177.806827725));
#1991=DIRECTION('',(0.5,0.866025404,-0.));
#1992=DIRECTION('',(0.866025404,-0.5,-0.));
#1993=AXIS2_PLACEMENT_3D('',#1990,#1991,#1992);
#1994=CYLINDRICAL_SURFACE('',#1993,0.7);
#1995=CARTESIAN_POINT('',(780.685974508,500.660874595,178.506827725));
#1996=VERTEX_POINT('',#1995);
#1997=CARTESIAN_POINT('',(780.901101849,502.409897368,177.934784715));
#1998=CARTESIAN_POINT('',(780.782508214,502.151890072,178.076229188));
#1999=CARTESIAN_POINT('',(780.701313296,501.872908665,178.210091625));
#2000=CARTESIAN_POINT('',(780.66234115,501.580219732,178.316205692));
#2001=CARTESIAN_POINT('',(780.642855077,501.433875266,178.369262726));
#2002=CARTESIAN_POINT('',(780.633886771,501.282100965,178.41599807));
#2003=CARTESIAN_POINT('',(780.637361787,501.127556075,178.450358984));
#2004=CARTESIAN_POINT('',(780.640836802,500.973011184,178.484719898));
#2005=CARTESIAN_POINT('',(780.656518037,500.817859538,178.506827725));
#2006=CARTESIAN_POINT('',(780.685974508,500.660874595,178.506827725));
#2007=B_SPLINE_CURVE_WITH_KNOTS('',3,(#1997,#1998,#1999,#2000,#2001,#2002,#2003,#2004,#2005,#2006),.UNSPECIFIED.,.F.,.F.,(4,3,3,4),(0.,0.000944942,0.001417413,0.001889884),.UNSPECIFIED.);
#2008=EDGE_CURVE('',#959,#1996,#2007,.T.);
#2009=ORIENTED_EDGE('',*,*,#2008,.F.);
#2010=ORIENTED_EDGE('',*,*,#964,.F.);
#2011=CARTESIAN_POINT('',(773.308236332,487.88225723,178.506827725));
#2012=VERTEX_POINT('',#2011);
#2013=CARTESIAN_POINT('',(773.308236332,487.88225723,178.506827725));
#2014=CARTESIAN_POINT('',(773.157555148,487.82927481,178.506827725));
#2015=CARTESIAN_POINT('',(773.015349263,487.765279335,178.484719898));
#2016=CARTESIAN_POINT('',(772.879771955,487.691016341,178.450358984));
#2017=CARTESIAN_POINT('',(772.744194646,487.616753348,178.41599807));
#2018=CARTESIAN_POINT('',(772.617238399,487.533099417,178.369262726));
#2019=CARTESIAN_POINT('',(772.50024341,487.443051749,178.316205692));
#2020=CARTESIAN_POINT('',(772.266253431,487.262956415,178.210091625));
#2021=CARTESIAN_POINT('',(772.065245591,487.053147112,178.076232398));
#2022=CARTESIAN_POINT('',(771.901101849,486.8214401,177.934784715));
#2023=B_SPLINE_CURVE_WITH_KNOTS('',3,(#2013,#2014,#2015,#2016,#2017,#2018,#2019,#2020,#2021,#2022),.UNSPECIFIED.,.F.,.F.,(4,3,3,4),(0.,0.000472471,0.000944942,0.001889884),.UNSPECIFIED.);
#2024=EDGE_CURVE('',#2012,#950,#2023,.T.);
#2025=ORIENTED_EDGE('',*,*,#2024,.F.);
#2026=CARTESIAN_POINT('',(780.685974508,500.660874595,178.506827725));
#2027=DIRECTION('',(-0.5,-0.866025404,-0.));
#2028=VECTOR('',#2027,14.755476351);
#2029=LINE('',#2026,#2028);
#2030=EDGE_CURVE('',#1996,#2012,#2029,.T.);
#2031=ORIENTED_EDGE('',*,*,#2030,.F.);
#2032=EDGE_LOOP('',(#2009,#2010,#2025,#2031));
#2033=FACE_BOUND('',#2032,.T.);
#2034=ADVANCED_FACE('',(#2033),#1994,.T.);
#2035=CARTESIAN_POINT('',(764.315622027,501.593223763,183.806827725));
#2036=DIRECTION('',(-0.5,-0.866025404,-0.));
#2037=DIRECTION('',(-0.866025404,0.5,0.));
#2038=AXIS2_PLACEMENT_3D('',#2035,#2036,#2037);
#2039=CYLINDRICAL_SURFACE('',#2038,0.7);
#2040=ORIENTED_EDGE('',*,*,#1978,.F.);
#2041=CARTESIAN_POINT('',(771.565622027,514.150592118,183.806827725));
#2042=DIRECTION('',(0.5,0.866025404,0.));
#2043=DIRECTION('',(-0.866025404,0.5,0.));
#2044=AXIS2_PLACEMENT_3D('',#2041,#2042,#2043);
#2045=CIRCLE('',#2044,0.7);
#2046=EDGE_CURVE('',#1965,#1930,#2045,.T.);
#2047=ORIENTED_EDGE('',*,*,#2046,.T.);
#2048=CARTESIAN_POINT('',(778.943676452,526.929757242,184.506827725));
#2049=VERTEX_POINT('',#2048);
#2050=CARTESIAN_POINT('',(778.943676452,526.929757242,184.506827725));
#2051=DIRECTION('',(-0.5,-0.866025404,-0.));
#2052=VECTOR('',#2051,14.756108849);
#2053=LINE('',#2050,#2052);
#2054=EDGE_CURVE('',#2049,#1930,#2053,.T.);
#2055=ORIENTED_EDGE('',*,*,#2054,.F.);
#2056=CARTESIAN_POINT('',(778.943676452,526.929757242,183.806827725));
#2057=DIRECTION('',(0.866025404,0.5,0.));
#2058=DIRECTION('',(-0.5,0.866025404,0.));
#2059=AXIS2_PLACEMENT_3D('',#2056,#2057,#2058);
#2060=ELLIPSE('',#2059,0.808290377,0.7);
#2061=EDGE_CURVE('',#1973,#2049,#2060,.T.);
#2062=ORIENTED_EDGE('',*,*,#2061,.F.);
#2063=EDGE_LOOP('',(#2040,#2047,#2055,#2062));
#2064=FACE_BOUND('',#2063,.T.);
#2065=ADVANCED_FACE('',(#2064),#2039,.T.);
#2066=CARTESIAN_POINT('',(773.578772262,506.637446327,179.506827725));
#2067=DIRECTION('',(0.5,0.866025404,0.));
#2068=DIRECTION('',(0.866025404,-0.5,-0.));
#2069=AXIS2_PLACEMENT_3D('',#2066,#2067,#2068);
#2070=TOROIDAL_SURFACE('',#2069,11.1,2.5);
#2071=CARTESIAN_POINT('',(781.941654244,498.922382817,179.506827725));
#2072=VERTEX_POINT('',#2071);
#2073=CARTESIAN_POINT('',(783.191654244,501.087446327,179.506827725));
#2074=DIRECTION('',(0.,0.,-1.));
#2075=DIRECTION('',(0.866025404,-0.5,-0.));
#2076=AXIS2_PLACEMENT_3D('',#2073,#2074,#2075);
#2077=CIRCLE('',#2076,2.5);
#2078=EDGE_CURVE('',#2072,#967,#2077,.T.);
#2079=ORIENTED_EDGE('',*,*,#2078,.T.);
#2080=ORIENTED_EDGE('',*,*,#973,.F.);
#2081=ORIENTED_EDGE('',*,*,#2008,.T.);
#2082=CARTESIAN_POINT('',(781.902564614,498.944951225,178.506827725));
#2083=VERTEX_POINT('',#2082);
#2084=CARTESIAN_POINT('',(781.902564614,498.944951225,178.506827725));
#2085=CARTESIAN_POINT('',(781.744444987,499.036241635,178.506827725));
#2086=CARTESIAN_POINT('',(781.59901889,499.142840942,178.506827725));
#2087=CARTESIAN_POINT('',(781.465784395,499.264143803,178.506827725));
#2088=CARTESIAN_POINT('',(781.332549901,499.385446664,178.506827725));
#2089=CARTESIAN_POINT('',(781.210495939,499.523312896,178.506827725));
#2090=CARTESIAN_POINT('',(781.106119377,499.67057349,178.506827725));
#2091=CARTESIAN_POINT('',(781.001742814,499.817834085,178.506827725));
#2092=CARTESIAN_POINT('',(780.913837442,499.97499278,178.506827725));
#2093=CARTESIAN_POINT('',(780.842783524,500.142278088,178.506827725));
#2094=CARTESIAN_POINT('',(780.771729606,500.309563397,178.506827725));
#2095=CARTESIAN_POINT('',(780.719170374,500.483960912,178.506827725));
#2096=CARTESIAN_POINT('',(780.685974508,500.660874595,178.506827725));
#2097=B_SPLINE_CURVE_WITH_KNOTS('',3,(#2084,#2085,#2086,#2087,#2088,#2089,#2090,#2091,#2092,#2093,#2094,#2095,#2096),.UNSPECIFIED.,.F.,.F.,(4,3,3,3,4),(0.,0.000539969,0.001079938,0.001619908,0.002159877),.UNSPECIFIED.);
#2098=EDGE_CURVE('',#2083,#1996,#2097,.T.);
#2099=ORIENTED_EDGE('',*,*,#2098,.F.);
#2100=CARTESIAN_POINT('',(772.328772262,504.472382817,179.506827725));
#2101=DIRECTION('',(0.5,0.866025404,0.));
#2102=DIRECTION('',(0.866025404,-0.5,-0.));
#2103=AXIS2_PLACEMENT_3D('',#2100,#2101,#2102);
#2104=CIRCLE('',#2103,11.1);
#2105=EDGE_CURVE('',#2072,#2083,#2104,.T.);
#2106=ORIENTED_EDGE('',*,*,#2105,.F.);
#2107=EDGE_LOOP('',(#2079,#2080,#2081,#2099,#2106));
#2108=FACE_BOUND('',#2107,.T.);
#2109=ADVANCED_FACE('',(#2108),#2070,.T.);
#2110=CARTESIAN_POINT('',(800.949785301,463.699321928,183.806827725));
#2111=DIRECTION('',(-0.866025404,0.5,-0.));
#2112=DIRECTION('',(0.5,0.866025404,0.));
#2113=AXIS2_PLACEMENT_3D('',#2110,#2111,#2112);
#2114=CYLINDRICAL_SURFACE('',#2113,0.7);
#2115=ORIENTED_EDGE('',*,*,#1213,.F.);
#2116=CARTESIAN_POINT('',(757.065622027,489.035855408,184.506827725));
#2117=VERTEX_POINT('',#2116);
#2118=CARTESIAN_POINT('',(757.065622027,489.035855408,183.806827725));
#2119=DIRECTION('',(0.866025404,-0.5,0.));
#2120=DIRECTION('',(0.5,0.866025404,0.));
#2121=AXIS2_PLACEMENT_3D('',#2118,#2119,#2120);
#2122=CIRCLE('',#2121,0.7);
#2123=EDGE_CURVE('',#1202,#2117,#2122,.T.);
#2124=ORIENTED_EDGE('',*,*,#2123,.T.);
#2125=CARTESIAN_POINT('',(758.884285889,487.985849338,184.506827725));
#2126=DIRECTION('',(-0.866025404,0.5,-0.));
#2127=VECTOR('',#2126,2.100012141);
#2128=LINE('',#2125,#2127);
#2129=EDGE_CURVE('',#810,#2117,#2128,.T.);
#2130=ORIENTED_EDGE('',*,*,#2129,.F.);
#2131=ORIENTED_EDGE('',*,*,#824,.T.);
#2132=EDGE_LOOP('',(#2115,#2124,#2130,#2131));
#2133=FACE_BOUND('',#2132,.T.);
#2134=ADVANCED_FACE('',(#2133),#2114,.T.);
#2135=CARTESIAN_POINT('',(766.134285889,500.543217692,183.806827725));
#2136=DIRECTION('',(0.5,0.866025404,0.));
#2137=DIRECTION('',(0.866025404,-0.5,-0.));
#2138=AXIS2_PLACEMENT_3D('',#2135,#2136,#2137);
#2139=CYLINDRICAL_SURFACE('',#2138,0.7);
#2140=CARTESIAN_POINT('',(755.034285889,481.317453728,184.506827725));
#2141=VERTEX_POINT('',#2140);
#2142=CARTESIAN_POINT('',(755.034285889,481.317453728,183.806827725));
#2143=DIRECTION('',(-0.258819045,0.965925826,0.));
#2144=DIRECTION('',(0.965925826,0.258819045,0.));
#2145=AXIS2_PLACEMENT_3D('',#2142,#2143,#2144);
#2146=ELLIPSE('',#2145,0.989949494,0.7);
#2147=EDGE_CURVE('',#2141,#844,#2146,.T.);
#2148=ORIENTED_EDGE('',*,*,#2147,.T.);
#2149=ORIENTED_EDGE('',*,*,#849,.F.);
#2150=ORIENTED_EDGE('',*,*,#816,.F.);
#2151=CARTESIAN_POINT('',(755.034285889,481.317453728,184.506827725));
#2152=DIRECTION('',(0.5,0.866025404,0.));
#2153=VECTOR('',#2152,7.7);
#2154=LINE('',#2151,#2153);
#2155=EDGE_CURVE('',#2141,#810,#2154,.T.);
#2156=ORIENTED_EDGE('',*,*,#2155,.F.);
#2157=EDGE_LOOP('',(#2148,#2149,#2150,#2156));
#2158=FACE_BOUND('',#2157,.T.);
#2159=ADVANCED_FACE('',(#2158),#2139,.T.);
#2160=CARTESIAN_POINT('',(797.099785301,457.030926319,183.806827725));
#2161=DIRECTION('',(-0.866025404,0.5,-0.));
#2162=DIRECTION('',(0.5,0.866025404,0.));
#2163=AXIS2_PLACEMENT_3D('',#2160,#2161,#2162);
#2164=CYLINDRICAL_SURFACE('',#2163,0.7);
#2165=CARTESIAN_POINT('',(760.923258635,477.917453728,184.506827725));
#2166=VERTEX_POINT('',#2165);
#2167=CARTESIAN_POINT('',(760.923258635,477.917453728,183.806827725));
#2168=DIRECTION('',(-0.965925826,-0.258819045,-0.));
#2169=DIRECTION('',(-0.258819045,0.965925826,0.));
#2170=AXIS2_PLACEMENT_3D('',#2167,#2168,#2169);
#2171=ELLIPSE('',#2170,0.989949494,0.7);
#2172=EDGE_CURVE('',#2166,#867,#2171,.T.);
#2173=ORIENTED_EDGE('',*,*,#2172,.T.);
#2174=ORIENTED_EDGE('',*,*,#872,.F.);
#2175=ORIENTED_EDGE('',*,*,#2147,.F.);
#2176=CARTESIAN_POINT('',(760.923258635,477.917453728,184.506827725));
#2177=DIRECTION('',(-0.866025404,0.5,-0.));
#2178=VECTOR('',#2177,6.8);
#2179=LINE('',#2176,#2178);
#2180=EDGE_CURVE('',#2166,#2141,#2179,.T.);
#2181=ORIENTED_EDGE('',*,*,#2180,.F.);
#2182=EDGE_LOOP('',(#2173,#2174,#2175,#2181));
#2183=FACE_BOUND('',#2182,.T.);
#2184=ADVANCED_FACE('',(#2183),#2164,.T.);
#2185=CARTESIAN_POINT('',(772.023258635,497.143217692,183.806827725));
#2186=DIRECTION('',(-0.5,-0.866025404,-0.));
#2187=DIRECTION('',(-0.866025404,0.5,0.));
#2188=AXIS2_PLACEMENT_3D('',#2185,#2186,#2187);
#2189=CYLINDRICAL_SURFACE('',#2188,0.7);
#2190=ORIENTED_EDGE('',*,*,#920,.T.);
#2191=ORIENTED_EDGE('',*,*,#900,.F.);
#2192=ORIENTED_EDGE('',*,*,#2172,.F.);
#2193=CARTESIAN_POINT('',(764.773258635,484.585849338,184.506827725));
#2194=DIRECTION('',(-0.5,-0.866025404,-0.));
#2195=VECTOR('',#2194,7.7);
#2196=LINE('',#2193,#2195);
#2197=EDGE_CURVE('',#914,#2166,#2196,.T.);
#2198=ORIENTED_EDGE('',*,*,#2197,.F.);
#2199=EDGE_LOOP('',(#2190,#2191,#2192,#2198));
#2200=FACE_BOUND('',#2199,.T.);
#2201=ADVANCED_FACE('',(#2200),#2189,.T.);
#2202=CARTESIAN_POINT('',(800.949785301,463.699321928,183.806827725));
#2203=DIRECTION('',(-0.866025404,0.5,-0.));
#2204=DIRECTION('',(0.5,0.866025404,0.));
#2205=AXIS2_PLACEMENT_3D('',#2202,#2203,#2204);
#2206=CYLINDRICAL_SURFACE('',#2205,0.7);
#2207=ORIENTED_EDGE('',*,*,#927,.F.);
#2208=CARTESIAN_POINT('',(771.194667841,480.878447004,184.506827725));
#2209=VERTEX_POINT('',#2208);
#2210=CARTESIAN_POINT('',(771.194667841,480.878447004,184.506827725));
#2211=DIRECTION('',(-0.866025404,0.5,-0.));
#2212=VECTOR('',#2211,7.414804668);
#2213=LINE('',#2210,#2212);
#2214=EDGE_CURVE('',#2209,#914,#2213,.T.);
#2215=ORIENTED_EDGE('',*,*,#2214,.F.);
#2216=CARTESIAN_POINT('',(770.042171598,482.352131397,183.806829592));
#2217=CARTESIAN_POINT('',(770.150598142,482.289530931,183.927504072));
#2218=CARTESIAN_POINT('',(770.251679083,482.197007427,184.031557538));
#2219=CARTESIAN_POINT('',(770.351636577,482.08762748,184.120743057));
#2220=CARTESIAN_POINT('',(770.45159407,481.978247533,184.209928576));
#2221=CARTESIAN_POINT('',(770.546618376,481.855467041,184.281240584));
#2222=CARTESIAN_POINT('',(770.640839781,481.724360695,184.338208965));
#2223=CARTESIAN_POINT('',(770.735061185,481.593254349,184.395177346));
#2224=CARTESIAN_POINT('',(770.82856538,481.453038603,184.437497323));
#2225=CARTESIAN_POINT('',(770.920339116,481.31119259,184.465268454));
#2226=CARTESIAN_POINT('',(771.012112851,481.169346577,184.493039585));
#2227=CARTESIAN_POINT('',(771.102933541,481.024604664,184.506827725));
#2228=CARTESIAN_POINT('',(771.194667841,480.878447004,184.506827725));
#2229=B_SPLINE_CURVE_WITH_KNOTS('',3,(#2216,#2217,#2218,#2219,#2220,#2221,#2222,#2223,#2224,#2225,#2226,#2227,#2228),.UNSPECIFIED.,.F.,.F.,(4,3,3,3,4),(0.,0.000514104,0.001028208,0.001542312,0.002056416),.UNSPECIFIED.);
#2230=EDGE_CURVE('',#1219,#2209,#2229,.T.);
#2231=ORIENTED_EDGE('',*,*,#2230,.F.);
#2232=ORIENTED_EDGE('',*,*,#1224,.F.);
#2233=EDGE_LOOP('',(#2207,#2215,#2231,#2232));
#2234=FACE_BOUND('',#2233,.T.);
#2235=ADVANCED_FACE('',(#2234),#2206,.T.);
#2236=CARTESIAN_POINT('',(771.694667841,481.744472408,182.006827725));
#2237=DIRECTION('',(0.5,0.866025404,-0.));
#2238=DIRECTION('',(0.866025404,-0.5,-0.));
#2239=AXIS2_PLACEMENT_3D('',#2236,#2237,#2238);
#2240=CYLINDRICAL_SURFACE('',#2239,2.5);
#2241=CARTESIAN_POINT('',(773.444667841,484.775561321,184.506827725));
#2242=VERTEX_POINT('',#2241);
#2243=CARTESIAN_POINT('',(773.444667841,484.775561321,182.006827725));
#2244=DIRECTION('',(-0.5,-0.866025404,0.));
#2245=DIRECTION('',(0.866025404,-0.5,-0.));
#2246=AXIS2_PLACEMENT_3D('',#2243,#2244,#2245);
#2247=CIRCLE('',#2246,2.5);
#2248=EDGE_CURVE('',#2242,#1043,#2247,.T.);
#2249=ORIENTED_EDGE('',*,*,#2248,.T.);
#2250=ORIENTED_EDGE('',*,*,#1048,.F.);
#2251=ORIENTED_EDGE('',*,*,#1231,.F.);
#2252=ORIENTED_EDGE('',*,*,#2230,.T.);
#2253=CARTESIAN_POINT('',(773.444667841,484.775561321,184.506827725));
#2254=DIRECTION('',(-0.5,-0.866025404,-0.));
#2255=VECTOR('',#2254,4.5);
#2256=LINE('',#2253,#2255);
#2257=EDGE_CURVE('',#2242,#2209,#2256,.T.);
#2258=ORIENTED_EDGE('',*,*,#2257,.F.);
#2259=EDGE_LOOP('',(#2249,#2250,#2251,#2252,#2258));
#2260=FACE_BOUND('',#2259,.T.);
#2261=ADVANCED_FACE('',(#2260),#2240,.T.);
#2262=CARTESIAN_POINT('',(763.709404245,501.943223763,184.506827725));
#2263=DIRECTION('',(0.866025404,-0.5,0.));
#2264=DIRECTION('',(-0.5,-0.866025404,-0.));
#2265=AXIS2_PLACEMENT_3D('',#2262,#2263,#2264);
#2266=PLANE('',#2265);
#2267=CARTESIAN_POINT('',(748.879277226,476.256690283,183.806827725));
#2268=VERTEX_POINT('',#2267);
#2269=CARTESIAN_POINT('',(756.459404245,489.385855408,183.806827725));
#2270=VERTEX_POINT('',#2269);
#2271=CARTESIAN_POINT('',(748.879277226,476.256690283,183.806827725));
#2272=DIRECTION('',(0.5,0.866025404,0.));
#2273=VECTOR('',#2272,15.160254038);
#2274=LINE('',#2271,#2273);
#2275=EDGE_CURVE('',#2268,#2270,#2274,.T.);
#2276=ORIENTED_EDGE('',*,*,#2275,.T.);
#2277=CARTESIAN_POINT('',(756.459404245,489.385855408,170.506827725));
#2278=VERTEX_POINT('',#2277);
#2279=CARTESIAN_POINT('',(756.459404245,489.385855408,183.806827725));
#2280=DIRECTION('',(0.,-0.,-1.));
#2281=VECTOR('',#2280,13.3);
#2282=LINE('',#2279,#2281);
#2283=EDGE_CURVE('',#2270,#2278,#2282,.T.);
#2284=ORIENTED_EDGE('',*,*,#2283,.T.);
#2285=CARTESIAN_POINT('',(748.879277226,476.256690283,170.506827725));
#2286=VERTEX_POINT('',#2285);
#2287=CARTESIAN_POINT('',(756.459404245,489.385855408,170.506827725));
#2288=DIRECTION('',(-0.5,-0.866025404,-0.));
#2289=VECTOR('',#2288,15.160254038);
#2290=LINE('',#2287,#2289);
#2291=EDGE_CURVE('',#2278,#2286,#2290,.T.);
#2292=ORIENTED_EDGE('',*,*,#2291,.T.);
#2293=CARTESIAN_POINT('',(748.879277226,476.256690283,183.806827725));
#2294=DIRECTION('',(0.,0.,-1.));
#2295=VECTOR('',#2294,13.3);
#2296=LINE('',#2293,#2295);
#2297=EDGE_CURVE('',#2268,#2286,#2296,.T.);
#2298=ORIENTED_EDGE('',*,*,#2297,.F.);
#2299=EDGE_LOOP('',(#2276,#2284,#2292,#2298));
#2300=FACE_BOUND('',#2299,.T.);
#2301=ADVANCED_FACE('',(#2300),#2266,.F.);
#2302=OVER_RIDING_STYLED_ITEM('',(#183),#2301,#54);
#2303=CARTESIAN_POINT('',(764.578772262,491.048989058,179.506827725));
#2304=DIRECTION('',(0.5,0.866025404,0.));
#2305=DIRECTION('',(0.866025404,-0.5,-0.));
#2306=AXIS2_PLACEMENT_3D('',#2303,#2304,#2305);
#2307=TOROIDAL_SURFACE('',#2306,11.1,2.5);
#2308=CARTESIAN_POINT('',(775.441654244,487.664052568,179.506827725));
#2309=VERTEX_POINT('',#2308);
#2310=CARTESIAN_POINT('',(774.191654244,485.498989058,179.506827725));
#2311=DIRECTION('',(0.,0.,-1.));
#2312=DIRECTION('',(0.866025404,-0.5,-0.));
#2313=AXIS2_PLACEMENT_3D('',#2310,#2311,#2312);
#2314=CIRCLE('',#2313,2.5);
#2315=EDGE_CURVE('',#941,#2309,#2314,.T.);
#2316=ORIENTED_EDGE('',*,*,#2315,.T.);
#2317=CARTESIAN_POINT('',(775.402564614,487.686620976,178.506827725));
#2318=VERTEX_POINT('',#2317);
#2319=CARTESIAN_POINT('',(765.828772262,493.214052568,179.506827725));
#2320=DIRECTION('',(-0.5,-0.866025404,-0.));
#2321=DIRECTION('',(0.866025404,-0.5,-0.));
#2322=AXIS2_PLACEMENT_3D('',#2319,#2320,#2321);
#2323=CIRCLE('',#2322,11.1);
#2324=EDGE_CURVE('',#2318,#2309,#2323,.T.);
#2325=ORIENTED_EDGE('',*,*,#2324,.F.);
#2326=CARTESIAN_POINT('',(773.308236332,487.88225723,178.506827725));
#2327=CARTESIAN_POINT('',(773.47935155,487.942424651,178.506827725));
#2328=CARTESIAN_POINT('',(773.654472687,487.983374331,178.506827725));
#2329=CARTESIAN_POINT('',(773.833521889,488.005479765,178.506827725));
#2330=CARTESIAN_POINT('',(774.012571091,488.027585199,178.506827725));
#2331=CARTESIAN_POINT('',(774.196330516,488.030268796,178.506827725));
#2332=CARTESIAN_POINT('',(774.37545556,488.013596294,178.506827725));
#2333=CARTESIAN_POINT('',(774.733705648,487.98025129,178.506827725));
#2334=CARTESIAN_POINT('',(775.086738335,487.868963364,178.506827725));
#2335=CARTESIAN_POINT('',(775.402564614,487.686620976,178.506827725));
#2336=B_SPLINE_CURVE_WITH_KNOTS('',3,(#2326,#2327,#2328,#2329,#2330,#2331,#2332,#2333,#2334,#2335),.UNSPECIFIED.,.F.,.F.,(4,3,3,4),(0.001758016,0.002297332,0.002836649,0.003915282),.UNSPECIFIED.);
#2337=EDGE_CURVE('',#2012,#2318,#2336,.T.);
#2338=ORIENTED_EDGE('',*,*,#2337,.F.);
#2339=ORIENTED_EDGE('',*,*,#2024,.T.);
#2340=ORIENTED_EDGE('',*,*,#956,.F.);
#2341=EDGE_LOOP('',(#2316,#2325,#2338,#2339,#2340));
#2342=FACE_BOUND('',#2341,.T.);
#2343=ADVANCED_FACE('',(#2342),#2307,.T.);
#2344=CARTESIAN_POINT('',(773.444670559,484.775559753,184.506813224));
#2345=CARTESIAN_POINT('',(773.282473986,484.869204003,184.506812881));
#2346=CARTESIAN_POINT('',(773.120284276,484.962844288,184.485678296));
#2347=CARTESIAN_POINT('',(772.804049329,485.145422643,184.402200146));
#2348=CARTESIAN_POINT('',(772.650017505,485.234352967,184.339860121));
#2349=CARTESIAN_POINT('',(772.357846936,485.403037738,184.177103344));
#2350=CARTESIAN_POINT('',(772.219720585,485.482785029,184.076693496));
#2351=CARTESIAN_POINT('',(771.966310171,485.629091606,183.842844533));
#2352=CARTESIAN_POINT('',(771.851036857,485.695644686,183.709415337));
#2353=CARTESIAN_POINT('',(771.64913279,485.812214051,183.416236462));
#2354=CARTESIAN_POINT('',(771.562510601,485.862225391,183.25649922));
#2355=CARTESIAN_POINT('',(771.422268378,485.943194267,182.91873692));
#2356=CARTESIAN_POINT('',(771.368654292,485.974148367,182.74072619));
#2357=CARTESIAN_POINT('',(771.297127904,486.015444131,182.375369433));
#2358=CARTESIAN_POINT('',(771.279218636,486.025784043,182.188038905));
#2359=CARTESIAN_POINT('',(771.280005764,486.025329575,181.813464621));
#2360=CARTESIAN_POINT('',(771.298702126,486.014535214,181.626236756));
#2361=CARTESIAN_POINT('',(771.335232654,485.993444294,181.44376113));
#2362=CARTESIAN_POINT('',(773.469153548,484.817966482,184.506815827));
#2363=CARTESIAN_POINT('',(773.307259804,484.912135299,184.506815552));
#2364=CARTESIAN_POINT('',(773.145225074,485.006044061,184.485681014));
#2365=CARTESIAN_POINT('',(772.828996615,485.188633731,184.402202914));
#2366=CARTESIAN_POINT('',(772.674816301,485.277306893,184.339862892));
#2367=CARTESIAN_POINT('',(772.382052728,485.444964592,184.177106077));
#2368=CARTESIAN_POINT('',(772.243481888,485.523942015,184.076696187));
#2369=CARTESIAN_POINT('',(771.988908806,485.66823479,183.8428471));
#2370=CARTESIAN_POINT('',(771.872917363,485.73354402,183.709417822));
#2371=CARTESIAN_POINT('',(771.669339447,485.847214143,183.416238748));
#2372=CARTESIAN_POINT('',(771.581761611,485.895570215,183.256501389));
#2373=CARTESIAN_POINT('',(771.439418552,485.972900236,182.918738826));
#2374=CARTESIAN_POINT('',(771.384659367,486.001870905,182.740727952));
#2375=CARTESIAN_POINT('',(771.310710826,486.03897123,182.375370888));
#2376=CARTESIAN_POINT('',(771.291524607,486.047099313,182.188040197));
#2377=CARTESIAN_POINT('',(771.289690095,486.042103846,181.813465581));
#2378=CARTESIAN_POINT('',(771.307041882,486.028980509,181.626237546));
#2379=CARTESIAN_POINT('',(771.342227779,486.005560512,181.443761753));
#2380=CARTESIAN_POINT('',(773.493690929,484.860332555,184.505797538));
#2381=CARTESIAN_POINT('',(773.33211099,484.955019484,184.505772144));
#2382=CARTESIAN_POINT('',(773.170242237,485.049190312,184.484620853));
#2383=CARTESIAN_POINT('',(772.85404091,485.231779373,184.401126705));
#2384=CARTESIAN_POINT('',(772.699721748,485.320189861,184.338787389));
#2385=CARTESIAN_POINT('',(772.406381806,485.486811103,184.176049085));
#2386=CARTESIAN_POINT('',(772.267373468,485.565014791,184.075656999));
#2387=CARTESIAN_POINT('',(772.011647975,485.70728828,183.841859198));
#2388=CARTESIAN_POINT('',(771.894941666,485.771352047,183.708463399));
#2389=CARTESIAN_POINT('',(771.689691933,485.882122389,183.415364583));
#2390=CARTESIAN_POINT('',(771.601157215,485.928824265,183.255673997));
#2391=CARTESIAN_POINT('',(771.456705964,486.002520475,182.918015094));
#2392=CARTESIAN_POINT('',(771.400795558,486.029511683,182.740061099));
#2393=CARTESIAN_POINT('',(771.324407752,486.062427367,182.374824117));
#2394=CARTESIAN_POINT('',(771.303933592,486.068350448,182.187556619));
#2395=CARTESIAN_POINT('',(771.299451059,486.058830209,181.813110557));
#2396=CARTESIAN_POINT('',(771.315442875,486.043387294,181.625947873));
#2397=CARTESIAN_POINT('',(771.349266979,486.017648639,181.44353638));
#2398=CARTESIAN_POINT('',(773.576161381,485.0022665,184.498913009));
#2399=CARTESIAN_POINT('',(773.415666695,485.098661334,184.498717638));
#2400=CARTESIAN_POINT('',(773.254387998,485.193682393,184.47745294));
#2401=CARTESIAN_POINT('',(772.938341131,485.37621728,184.393850053));
#2402=CARTESIAN_POINT('',(772.783586344,485.463723377,184.331515405));
#2403=CARTESIAN_POINT('',(772.488365843,485.626829657,184.168902083));
#2404=CARTESIAN_POINT('',(772.347912632,485.702422933,184.068630296));
#2405=CARTESIAN_POINT('',(772.088355705,485.837903282,183.835179148));
#2406=CARTESIAN_POINT('',(771.969262983,485.897784619,183.702009673));
#2407=CARTESIAN_POINT('',(771.758414494,485.998830193,183.409453466));
#2408=CARTESIAN_POINT('',(771.666667658,486.039990152,183.250079124));
#2409=CARTESIAN_POINT('',(771.515124517,486.101522779,182.913121122));
#2410=CARTESIAN_POINT('',(771.45533463,486.121892842,182.735551732));
#2411=CARTESIAN_POINT('',(771.370713207,486.140820231,182.371126737));
#2412=CARTESIAN_POINT('',(771.345885254,486.139376757,182.184286566));
#2413=CARTESIAN_POINT('',(771.332438591,486.114747903,181.810709814));
#2414=CARTESIAN_POINT('',(771.343820451,486.091563567,181.623989056));
#2415=CARTESIAN_POINT('',(771.373022479,486.058090048,181.442012393));
#2416=CARTESIAN_POINT('',(773.633969604,485.101008634,184.488404399));
#2417=CARTESIAN_POINT('',(773.474285659,485.198545228,184.487949301));
#2418=CARTESIAN_POINT('',(773.313473345,485.294111619,184.466511258));
#2419=CARTESIAN_POINT('',(772.997638484,485.476522118,184.382741993));
#2420=CARTESIAN_POINT('',(772.842629284,485.563358516,184.320414312));
#2421=CARTESIAN_POINT('',(772.546183535,485.723948649,184.157991532));
#2422=CARTESIAN_POINT('',(772.404759515,485.797695598,184.057903298));
#2423=CARTESIAN_POINT('',(772.142585674,485.928403343,183.824981218));
#2424=CARTESIAN_POINT('',(772.021846933,485.985358618,183.692157216));
#2425=CARTESIAN_POINT('',(771.807107329,486.079622343,183.400429341));
#2426=CARTESIAN_POINT('',(771.713115541,486.116926812,183.241537796));
#2427=CARTESIAN_POINT('',(771.55659123,486.170014672,182.905649867));
#2428=CARTESIAN_POINT('',(771.494065323,486.185795821,182.728667677));
#2429=CARTESIAN_POINT('',(771.403614826,486.195043287,182.365482407));
#2430=CARTESIAN_POINT('',(771.37569406,486.188509213,182.179294676));
#2431=CARTESIAN_POINT('',(771.355858815,486.153452804,181.807045189));
#2432=CARTESIAN_POINT('',(771.363945175,486.124931951,181.620999164));
#2433=CARTESIAN_POINT('',(771.389833344,486.08613221,181.439686397));
#2434=CARTESIAN_POINT('',(773.806869678,485.394151372,184.440292218));
#2435=CARTESIAN_POINT('',(773.649702483,485.494859613,184.438673706));
#2436=CARTESIAN_POINT('',(773.490390191,485.591836833,184.416464926));
#2437=CARTESIAN_POINT('',(773.175407831,485.773500324,184.331972751));
#2438=CARTESIAN_POINT('',(773.019750942,485.858178994,184.26969289));
#2439=CARTESIAN_POINT('',(772.719856384,486.011014043,184.108166697));
#2440=CARTESIAN_POINT('',(772.575631265,486.079164029,184.008927124));
#2441=CARTESIAN_POINT('',(772.305806999,486.195536161,183.77843633));
#2442=CARTESIAN_POINT('',(772.180219144,486.243753441,183.647194754));
#2443=CARTESIAN_POINT('',(771.953945868,486.317850511,183.359253937));
#2444=CARTESIAN_POINT('',(771.853269917,486.343727204,183.202566744));
#2445=CARTESIAN_POINT('',(771.681853036,486.371849679,182.871560417));
#2446=CARTESIAN_POINT('',(771.611119281,486.374094289,182.697255134));
#2447=CARTESIAN_POINT('',(771.503124055,486.354839957,182.339719156));
#2448=CARTESIAN_POINT('',(771.465867106,486.333341826,182.156503422));
#2449=CARTESIAN_POINT('',(771.426690671,486.267675708,181.790298933));
#2450=CARTESIAN_POINT('',(771.424772827,486.223510474,181.607325502));
#2451=CARTESIAN_POINT('',(771.440573648,486.169113465,181.429036082));
#2452=CARTESIAN_POINT('',(773.921674733,485.585884096,184.3861067));
#2453=CARTESIAN_POINT('',(773.76630053,485.688368283,184.383192457));
#2454=CARTESIAN_POINT('',(773.608124025,485.785983365,184.360128671));
#2455=CARTESIAN_POINT('',(773.293998658,485.966641487,184.274844495));
#2456=CARTESIAN_POINT('',(773.138062794,486.049677052,184.212627635));
#2457=CARTESIAN_POINT('',(772.836166509,486.197050115,184.052125185));
#2458=CARTESIAN_POINT('',(772.690218582,486.261381517,183.953846236));
#2459=CARTESIAN_POINT('',(772.415550898,486.368149936,183.726098995));
#2460=CARTESIAN_POINT('',(772.286842511,486.41058254,183.596640125));
#2461=CARTESIAN_POINT('',(772.053051223,486.471445475,183.312961557));
#2462=CARTESIAN_POINT('',(771.947978002,486.489873295,183.158753594));
#2463=CARTESIAN_POINT('',(771.766681087,486.501811814,182.833235171));
#2464=CARTESIAN_POINT('',(771.6904649,486.495322028,182.661938177));
#2465=CARTESIAN_POINT('',(771.570673206,486.457748845,182.310749438));
#2466=CARTESIAN_POINT('',(771.527102663,486.426667013,182.130872222));
#2467=CARTESIAN_POINT('',(771.474772083,486.341455382,181.771457625));
#2468=CARTESIAN_POINT('',(771.46601422,486.28732912,181.591935113));
#2469=CARTESIAN_POINT('',(771.474881907,486.223024285,181.417041342));
#2470=CARTESIAN_POINT('',(774.148741768,485.959402086,184.232775747));
#2471=CARTESIAN_POINT('',(773.996885362,486.064404379,184.226541827));
#2472=CARTESIAN_POINT('',(773.840986044,486.162389377,184.201367268));
#2473=CARTESIAN_POINT('',(773.528704294,486.339546032,184.114365021));
#2474=CARTESIAN_POINT('',(773.372334393,486.418710581,184.052540825));
#2475=CARTESIAN_POINT('',(773.066762705,486.554352029,183.89526135));
#2476=CARTESIAN_POINT('',(772.917573183,486.610823489,183.799812382));
#2477=CARTESIAN_POINT('',(772.633663288,486.698315265,183.579950454));
#2478=CARTESIAN_POINT('',(772.498954312,486.729332077,183.455546316));
#2479=CARTESIAN_POINT('',(772.250599119,486.764397011,183.183857871));
#2480=CARTESIAN_POINT('',(772.136962874,486.768443734,183.036584466));
#2481=CARTESIAN_POINT('',(771.936316671,486.749371027,182.72636044));
#2482=CARTESIAN_POINT('',(771.849314773,486.726252372,182.563422265));
#2483=CARTESIAN_POINT('',(771.706198443,486.653981062,182.229838443));
#2484=CARTESIAN_POINT('',(771.650089762,486.604831316,182.059206176));
#2485=CARTESIAN_POINT('',(771.571510108,486.482904038,181.718580855));
#2486=CARTESIAN_POINT('',(771.549042297,486.410131411,181.548601464));
#2487=CARTESIAN_POINT('',(771.543945657,486.327326082,181.383099355));
#2488=CARTESIAN_POINT('',(774.257659215,486.135691661,184.135991679));
#2489=CARTESIAN_POINT('',(774.107472294,486.241399414,184.127792099));
#2490=CARTESIAN_POINT('',(773.952677379,486.339111583,184.101400702));
#2491=CARTESIAN_POINT('',(773.641348656,486.513824996,184.013509772));
#2492=CARTESIAN_POINT('',(773.484827103,486.590819366,183.9520137));
#2493=CARTESIAN_POINT('',(773.177630721,486.720365369,183.796890698));
#2494=CARTESIAN_POINT('',(773.026967986,486.772911908,183.703269872));
#2495=CARTESIAN_POINT('',(772.738792163,486.85101579,183.488430861));
#2496=CARTESIAN_POINT('',(772.601290421,486.876570066,183.367221128));
#2497=CARTESIAN_POINT('',(772.346102903,486.89945161,183.103074409));
#2498=CARTESIAN_POINT('',(772.228427177,486.896777988,182.960147814));
#2499=CARTESIAN_POINT('',(772.018598313,486.863334423,182.65948973));
#2500=CARTESIAN_POINT('',(771.926453443,486.832565807,182.501770069));
#2501=CARTESIAN_POINT('',(771.772156605,486.744424944,182.179165173));
#2502=CARTESIAN_POINT('',(771.71001072,486.687056179,182.014292626));
#2503=CARTESIAN_POINT('',(771.618729114,486.548497207,181.685368214));
#2504=CARTESIAN_POINT('',(771.589596997,486.467312467,181.521329285));
#2505=CARTESIAN_POINT('',(771.577678895,486.376185349,181.361673884));
#2506=CARTESIAN_POINT('',(774.414269162,486.385301431,183.961962783));
#2507=CARTESIAN_POINT('',(774.266325292,486.491223468,183.950706422));
#2508=CARTESIAN_POINT('',(774.113012304,486.58783222,183.922550408));
#2509=CARTESIAN_POINT('',(773.802932319,486.757833077,183.833777003));
#2510=CARTESIAN_POINT('',(773.646177129,486.83121871,183.773162993));
#2511=CARTESIAN_POINT('',(773.336684288,486.951273931,183.622360235));
#2512=CARTESIAN_POINT('',(773.183958421,486.997938948,183.532177229));
#2513=CARTESIAN_POINT('',(772.889804443,487.062327121,183.326532524));
#2514=CARTESIAN_POINT('',(772.748387534,487.080047826,183.211078655));
#2515=CARTESIAN_POINT('',(772.483593361,487.085701201,182.960392936));
#2516=CARTESIAN_POINT('',(772.360226183,487.073633658,182.82517063));
#2517=CARTESIAN_POINT('',(772.137413689,487.020284305,182.541391265));
#2518=CARTESIAN_POINT('',(772.03797686,486.979004529,182.392845009));
#2519=CARTESIAN_POINT('',(771.867767223,486.869197031,182.089496421));
#2520=CARTESIAN_POINT('',(771.797000899,486.800673494,181.934705637));
#2521=CARTESIAN_POINT('',(771.68750832,486.639643586,181.626244776));
#2522=CARTESIAN_POINT('',(771.648786237,486.54714335,181.472586441));
#2523=CARTESIAN_POINT('',(771.627008685,486.444855813,181.323150131));
#2524=CARTESIAN_POINT('',(774.465333287,486.466018107,183.899106803));
#2525=CARTESIAN_POINT('',(774.318094505,486.571871612,183.886812949));
#2526=CARTESIAN_POINT('',(774.165247333,486.667997534,183.85807857));
#2527=CARTESIAN_POINT('',(773.855555318,486.83625419,183.769086092));
#2528=CARTESIAN_POINT('',(773.698722129,486.908378595,183.708831343));
#2529=CARTESIAN_POINT('',(773.388488913,487.025213384,183.559650628));
#2530=CARTESIAN_POINT('',(773.235100559,487.069919375,183.470730275));
#2531=CARTESIAN_POINT('',(772.93902535,487.129797584,183.26842903));
#2532=CARTESIAN_POINT('',(772.796349635,487.144967552,183.155055748));
#2533=CARTESIAN_POINT('',(772.528461163,487.145053443,182.909218017));
#2534=CARTESIAN_POINT('',(772.403258488,487.129969366,182.776762816));
#2535=CARTESIAN_POINT('',(772.176250322,487.070260472,182.499034957));
#2536=CARTESIAN_POINT('',(772.074453375,487.025637903,182.353772744));
#2537=CARTESIAN_POINT('',(771.899082473,486.908965067,182.057311707));
#2538=CARTESIAN_POINT('',(771.82551512,486.836919191,181.906124033));
#2539=CARTESIAN_POINT('',(771.710092125,486.668812361,181.604974097));
#2540=CARTESIAN_POINT('',(771.668240829,486.572757735,181.455023163));
#2541=CARTESIAN_POINT('',(771.643238541,486.466970804,181.309236902));
#2542=CARTESIAN_POINT('',(774.565120239,486.622388525,183.76349255));
#2543=CARTESIAN_POINT('',(774.419193776,486.727833934,183.749143172));
#2544=CARTESIAN_POINT('',(774.267209599,486.822773943,183.719322555));
#2545=CARTESIAN_POINT('',(773.958214356,486.987215257,183.630129862));
#2546=CARTESIAN_POINT('',(773.801214626,487.05671053,183.570761058));
#2547=CARTESIAN_POINT('',(773.48953357,487.167009382,183.425247414));
#2548=CARTESIAN_POINT('',(773.334863679,487.207808915,183.339107912));
#2549=CARTESIAN_POINT('',(773.035079292,487.258805849,183.144080754));
#2550=CARTESIAN_POINT('',(772.889975794,487.269001381,183.035200251));
#2551=CARTESIAN_POINT('',(772.616114295,487.258311782,182.79978301));
#2552=CARTESIAN_POINT('',(772.487366342,487.237427046,182.673254906));
#2553=CARTESIAN_POINT('',(772.252241465,487.165552639,182.408460229));
#2554=CARTESIAN_POINT('',(772.145873169,487.114565607,182.270203369));
#2555=CARTESIAN_POINT('',(771.960486639,486.984870905,181.988417981));
#2556=CARTESIAN_POINT('',(771.881475209,486.906167996,181.844899788));
#2557=CARTESIAN_POINT('',(771.754501983,486.724722813,181.559305078));
#2558=CARTESIAN_POINT('',(771.706544848,486.621987199,181.417239035));
#2559=CARTESIAN_POINT('',(771.675236021,486.509634892,181.279216759));
#2560=CARTESIAN_POINT('',(774.613720404,486.6978491,183.69081059));
#2561=CARTESIAN_POINT('',(774.468399254,486.802953539,183.675445555));
#2562=CARTESIAN_POINT('',(774.316811026,486.897190192,183.645118762));
#2563=CARTESIAN_POINT('',(774.008123619,487.059562042,183.555946885));
#2564=CARTESIAN_POINT('',(773.851035613,487.127691363,183.497105029));
#2565=CARTESIAN_POINT('',(773.538649161,487.234680693,183.353635523));
#2566=CARTESIAN_POINT('',(773.383362021,487.273536831,183.269013065));
#2567=CARTESIAN_POINT('',(773.081794791,487.320172384,183.077912921));
#2568=CARTESIAN_POINT('',(772.935525619,487.327950112,182.971442149));
#2569=CARTESIAN_POINT('',(772.658793381,487.312065841,182.741591371));
#2570=CARTESIAN_POINT('',(772.528340333,487.288404419,182.618219681));
#2571=CARTESIAN_POINT('',(772.289304978,487.210740093,182.360298671));
#2572=CARTESIAN_POINT('',(772.180731325,487.156740002,182.225758683));
#2573=CARTESIAN_POINT('',(771.990503108,487.020906751,181.951751981));
#2574=CARTESIAN_POINT('',(771.908855432,486.93907851,181.81229518));
#2575=CARTESIAN_POINT('',(771.776276595,486.751390933,181.534934612));
#2576=CARTESIAN_POINT('',(771.725350235,486.645538393,181.39704088));
#2577=CARTESIAN_POINT('',(771.690967126,486.530129705,181.263127439));
#2578=CARTESIAN_POINT('',(774.752856356,486.911908367,183.46261455));
#2579=CARTESIAN_POINT('',(774.609163648,487.015644125,183.444370203));
#2580=CARTESIAN_POINT('',(774.458631567,487.107521524,183.412726939));
#2581=CARTESIAN_POINT('',(774.15072065,487.263390408,183.324079372));
#2582=CARTESIAN_POINT('',(773.993352506,487.327376485,183.267078147));
#2583=CARTESIAN_POINT('',(773.678933681,487.424549408,183.130307245));
#2584=CARTESIAN_POINT('',(773.521893919,487.457732886,183.050542314));
#2585=CARTESIAN_POINT('',(773.215282244,487.491790101,182.871871872));
#2586=CARTESIAN_POINT('',(773.065720981,487.492662664,182.772972557));
#2587=CARTESIAN_POINT('',(772.780877356,487.462058991,182.560531467));
#2588=CARTESIAN_POINT('',(772.64560489,487.430583827,182.446997056));
#2589=CARTESIAN_POINT('',(772.395500498,487.336718732,182.210449548));
#2590=CARTESIAN_POINT('',(772.280677263,487.274332071,182.08744465));
#2591=CARTESIAN_POINT('',(772.076702999,487.121485678,181.83755075));
#2592=CARTESIAN_POINT('',(771.987559062,487.031031265,181.71067041));
#2593=CARTESIAN_POINT('',(771.839006836,486.826169218,181.458796596));
#2594=CARTESIAN_POINT('',(771.779603716,486.71176871,181.333811852));
#2595=CARTESIAN_POINT('',(771.736423476,486.587996745,181.212613006));
#2596=CARTESIAN_POINT('',(774.837872213,487.039993917,183.295644604));
#2597=CARTESIAN_POINT('',(774.695028574,487.142353666,183.275685454));
#2598=CARTESIAN_POINT('',(774.54503319,487.23231446,183.24342442));
#2599=CARTESIAN_POINT('',(774.237448549,487.383415242,183.155741906));
#2600=CARTESIAN_POINT('',(774.079869667,487.44455014,183.100323381));
#2601=CARTESIAN_POINT('',(773.764188046,487.535256027,182.968809549));
#2602=CARTESIAN_POINT('',(773.606095956,487.564823963,182.892718671));
#2603=CARTESIAN_POINT('',(773.296481914,487.591069377,182.723270091));
#2604=CARTESIAN_POINT('',(773.144970406,487.587745976,182.629918094));
#2605=CARTESIAN_POINT('',(772.855317259,487.548358131,182.430130684));
#2606=CARTESIAN_POINT('',(772.717185391,487.512295022,182.323701996));
#2607=CARTESIAN_POINT('',(772.460491916,487.409046324,182.102530584));
#2608=CARTESIAN_POINT('',(772.341938972,487.341864226,181.987795302));
#2609=CARTESIAN_POINT('',(772.129726196,487.179392543,181.755152329));
#2610=CARTESIAN_POINT('',(772.036073529,487.084108446,181.637252466));
#2611=CARTESIAN_POINT('',(771.877867753,486.86970883,181.403563819));
#2612=CARTESIAN_POINT('',(771.813319988,486.750600549,181.287782897));
#2613=CARTESIAN_POINT('',(771.764772618,486.622249156,181.175651827));
#2614=CARTESIAN_POINT('',(774.953676046,487.210521171,183.022964508));
#2615=CARTESIAN_POINT('',(774.81180192,487.310344371,183.000946179));
#2616=CARTESIAN_POINT('',(774.662399474,487.397117023,182.96832567));
#2617=CARTESIAN_POINT('',(774.355072927,487.540766041,182.883307195));
#2618=CARTESIAN_POINT('',(774.197158735,487.597637776,182.830911969));
#2619=CARTESIAN_POINT('',(773.879735909,487.67898853,182.708641041));
#2620=CARTESIAN_POINT('',(773.72023751,487.703464927,182.638769279));
#2621=CARTESIAN_POINT('',(773.406643553,487.718949696,182.484608749));
#2622=CARTESIAN_POINT('',(773.252558106,487.70995757,182.400324949));
#2623=CARTESIAN_POINT('',(772.956550447,487.658898249,182.221035958));
#2624=CARTESIAN_POINT('',(772.814637779,487.616832702,182.126036543));
#2625=CARTESIAN_POINT('',(772.549202618,487.501470497,181.929482006));
#2626=CARTESIAN_POINT('',(772.425688686,487.42817756,181.827933217));
#2627=CARTESIAN_POINT('',(772.202471314,487.253574615,181.622733012));
#2628=CARTESIAN_POINT('',(772.102775073,487.152270239,181.519088208));
#2629=CARTESIAN_POINT('',(771.931568986,486.92608752,181.314241176));
#2630=CARTESIAN_POINT('',(771.860064661,486.801216472,181.213045548));
#2631=CARTESIAN_POINT('',(771.804223283,486.667297059,181.115290213));
#2632=CARTESIAN_POINT('',(774.990488194,487.263991915,182.927798782));
#2633=CARTESIAN_POINT('',(774.848887977,487.36288519,182.905176232));
#2634=CARTESIAN_POINT('',(774.69964885,487.448536562,182.872530498));
#2635=CARTESIAN_POINT('',(774.3923707,487.589638034,182.788609675));
#2636=CARTESIAN_POINT('',(774.234341433,487.645083656,182.737337251));
#2637=CARTESIAN_POINT('',(773.916362071,487.723358422,182.618393539));
#2638=CARTESIAN_POINT('',(773.75642207,487.746185082,182.550726025));
#2639=CARTESIAN_POINT('',(773.441584022,487.75822664,182.401936146));
#2640=CARTESIAN_POINT('',(773.28669597,487.747441158,182.320818502));
#2641=CARTESIAN_POINT('',(772.98870522,487.692726378,182.14865778));
#2642=CARTESIAN_POINT('',(772.845611984,487.648798819,182.057620165));
#2643=CARTESIAN_POINT('',(772.577441339,487.529710666,181.869580736));
#2644=CARTESIAN_POINT('',(772.452372446,487.454553854,181.772584887));
#2645=CARTESIAN_POINT('',(772.225696807,487.276277612,181.576849667));
#2646=CARTESIAN_POINT('',(772.124097259,487.173163843,181.478116504));
#2647=CARTESIAN_POINT('',(771.948785379,486.943461351,181.283203114));
#2648=CARTESIAN_POINT('',(771.875078615,486.816879923,181.18702907));
#2649=CARTESIAN_POINT('',(771.816921043,486.681315793,181.094224137));
#2650=CARTESIAN_POINT('',(775.058929508,487.361904331,182.732812217));
#2651=CARTESIAN_POINT('',(774.917781357,487.45884873,182.709190893));
#2652=CARTESIAN_POINT('',(774.768805372,487.542224417,182.676702324));
#2653=CARTESIAN_POINT('',(774.461566132,487.678274589,182.595379491));
#2654=CARTESIAN_POINT('',(774.303312335,487.730944887,182.546547731));
#2655=CARTESIAN_POINT('',(773.984301469,487.803324808,182.434630586));
#2656=CARTESIAN_POINT('',(773.823554222,487.823032205,182.371548644));
#2657=CARTESIAN_POINT('',(773.50644787,487.828639931,182.233833901));
#2658=CARTESIAN_POINT('',(773.350098528,487.814540089,182.159205336));
#2659=CARTESIAN_POINT('',(773.048491386,487.753136283,182.001594979));
#2660=CARTESIAN_POINT('',(772.903242873,487.70583421,181.918618036));
#2661=CARTESIAN_POINT('',(772.630065412,487.580052355,181.747866399));
#2662=CARTESIAN_POINT('',(772.502144876,487.501576446,181.660096957));
#2663=CARTESIAN_POINT('',(772.269109019,487.316809907,181.483521285));
#2664=CARTESIAN_POINT('',(772.164000875,487.210524967,181.394720486));
#2665=CARTESIAN_POINT('',(771.981097902,486.974695744,181.21988739));
#2666=CARTESIAN_POINT('',(771.903308706,486.845158724,181.133860471));
#2667=CARTESIAN_POINT('',(771.840844807,486.706768267,181.051061088));
#2668=CARTESIAN_POINT('',(775.09057455,487.406380869,182.633080069));
#2669=CARTESIAN_POINT('',(774.949605224,487.502307747,182.609063031));
#2670=CARTESIAN_POINT('',(774.800729549,487.584530134,182.576755365));
#2671=CARTESIAN_POINT('',(774.493481415,487.71807807,182.496929317));
#2672=CARTESIAN_POINT('',(774.335118272,487.76939957,182.449413354));
#2673=CARTESIAN_POINT('',(774.015632304,487.838960771,182.341190932));
#2674=CARTESIAN_POINT('',(773.854519166,487.857198363,182.280487753));
#2675=CARTESIAN_POINT('',(773.536387789,487.859814253,182.148471964));
#2676=CARTESIAN_POINT('',(773.379379195,487.844192472,182.077163354));
#2677=CARTESIAN_POINT('',(773.076137358,487.77975264,181.926968841));
#2678=CARTESIAN_POINT('',(772.929913309,487.730936545,181.848087489));
#2679=CARTESIAN_POINT('',(772.654462674,487.602183411,181.686101757));
#2680=CARTESIAN_POINT('',(772.52524444,487.522250276,181.603002285));
#2681=CARTESIAN_POINT('',(772.289304499,487.334662376,181.436114062));
#2682=CARTESIAN_POINT('',(772.182589947,487.2270133,181.352330367));
#2683=CARTESIAN_POINT('',(771.99619943,486.988572195,181.187636664));
#2684=CARTESIAN_POINT('',(771.916529117,486.857787397,181.106731644));
#2685=CARTESIAN_POINT('',(771.852074,486.71821274,181.028983805));
#2686=CARTESIAN_POINT('',(775.177940411,487.526762034,182.32731248));
#2687=CARTESIAN_POINT('',(775.03739573,487.619570634,182.302420736));
#2688=CARTESIAN_POINT('',(774.888751935,487.698341439,182.270962272));
#2689=CARTESIAN_POINT('',(774.581430761,487.824542041,182.196216227));
#2690=CARTESIAN_POINT('',(774.422762283,487.871968186,182.152930808));
#2691=CARTESIAN_POINT('',(774.101990166,487.933506897,182.056328575));
#2692=CARTESIAN_POINT('',(773.939895819,487.947617685,182.003014553));
#2693=CARTESIAN_POINT('',(773.619013541,487.941938651,181.888568676));
#2694=CARTESIAN_POINT('',(773.460234904,487.922148998,181.827440126));
#2695=CARTESIAN_POINT('',(773.152588448,487.849491922,181.699902699));
#2696=CARTESIAN_POINT('',(773.003729542,487.796626609,181.633497503));
#2697=CARTESIAN_POINT('',(772.722115147,487.660016639,181.498162907));
#2698=CARTESIAN_POINT('',(772.589367818,487.576275944,181.429237413));
#2699=CARTESIAN_POINT('',(772.345499851,487.381397739,181.2917226));
#2700=CARTESIAN_POINT('',(772.23438628,487.270265879,181.223137248));
#2701=CARTESIAN_POINT('',(772.038410063,487.025227111,181.089148685));
#2702=CARTESIAN_POINT('',(771.953553099,486.891327304,181.023749335));
#2703=CARTESIAN_POINT('',(771.883588021,486.748824363,180.961297802));
#2704=CARTESIAN_POINT('',(775.226165954,487.589743749,182.11477003));
#2705=CARTESIAN_POINT('',(775.085755969,487.680387872,182.089713317));
#2706=CARTESIAN_POINT('',(774.937174955,487.756869973,182.059230645));
#2707=CARTESIAN_POINT('',(774.629742869,487.878385783,181.988658332));
#2708=CARTESIAN_POINT('',(774.470900441,487.923416078,181.948570671));
#2709=CARTESIAN_POINT('',(774.14945424,487.980182405,181.860428561));
#2710=CARTESIAN_POINT('',(773.986859507,487.991916843,181.812376583));
#2711=CARTESIAN_POINT('',(773.66457167,487.981609829,181.710271319));
#2712=CARTESIAN_POINT('',(773.504887629,487.959568669,181.656220895));
#2713=CARTESIAN_POINT('',(773.194965418,487.882612762,181.54432912));
#2714=CARTESIAN_POINT('',(773.044735963,487.827700181,181.486490904));
#2715=CARTESIAN_POINT('',(772.759880305,487.687250661,181.369388439));
#2716=CARTESIAN_POINT('',(772.625262112,487.601717673,181.310127468));
#2717=CARTESIAN_POINT('',(772.377147202,487.40353131,181.192602209));
#2718=CARTESIAN_POINT('',(772.263657463,487.290883509,181.134341209));
#2719=CARTESIAN_POINT('',(772.062452419,487.043082651,181.021197394));
#2720=CARTESIAN_POINT('',(771.974742775,486.907936563,180.966317745));
#2721=CARTESIAN_POINT('',(771.901718855,486.764306442,180.91424867));
#2722=CARTESIAN_POINT('',(775.282828773,487.657503898,181.7823707));
#2723=CARTESIAN_POINT('',(775.142502381,487.744987056,181.757664625));
#2724=CARTESIAN_POINT('',(774.993969581,487.818247391,181.729234129));
#2725=CARTESIAN_POINT('',(774.686434296,487.933391408,181.666061668));
#2726=CARTESIAN_POINT('',(774.527440101,487.975271988,181.631321404));
#2727=CARTESIAN_POINT('',(774.205360338,488.02597485,181.556922342));
#2728=CARTESIAN_POINT('',(774.042283451,488.034795768,181.517265546));
#2729=CARTESIAN_POINT('',(773.718580791,488.019023906,181.434623387));
#2730=CARTESIAN_POINT('',(773.557963742,487.994431552,181.391640249));
#2731=CARTESIAN_POINT('',(773.245624951,487.912818239,181.304068658));
#2732=CARTESIAN_POINT('',(773.093911626,487.855799479,181.259482562));
#2733=CARTESIAN_POINT('',(772.805467657,487.711619404,181.170492503));
#2734=CARTESIAN_POINT('',(772.668744787,487.624461976,181.126090934));
#2735=CARTESIAN_POINT('',(772.415768068,487.423499857,181.039249917));
#2736=CARTESIAN_POINT('',(772.299521039,487.309700584,180.996812804));
#2737=CARTESIAN_POINT('',(772.092161212,487.060019089,180.915601875));
#2738=CARTESIAN_POINT('',(772.001054004,486.924143596,180.876830244));
#2739=CARTESIAN_POINT('',(771.924342365,486.779951736,180.840667351));
#2740=CARTESIAN_POINT('',(775.298923838,487.675401255,181.670078384));
#2741=CARTESIAN_POINT('',(775.158605125,487.761852563,181.64558835));
#2742=CARTESIAN_POINT('',(775.010080585,487.834082201,181.617935484));
#2743=CARTESIAN_POINT('',(774.702522036,487.947228067,181.557402758));
#2744=CARTESIAN_POINT('',(774.543496204,487.988141288,181.524524506));
#2745=CARTESIAN_POINT('',(774.221270926,488.037022684,181.454850276));
#2746=CARTESIAN_POINT('',(774.058080046,488.044989561,181.418056148));
#2747=CARTESIAN_POINT('',(773.734026833,488.027659265,181.342015276));
#2748=CARTESIAN_POINT('',(773.573173115,488.002362553,181.302770551));
#2749=CARTESIAN_POINT('',(773.260203635,487.919511407,181.223391097));
#2750=CARTESIAN_POINT('',(773.108096193,487.861959175,181.183258475));
#2751=CARTESIAN_POINT('',(772.818680551,487.716888546,181.10370112));
#2752=CARTESIAN_POINT('',(772.681380045,487.629374005,181.064278499));
#2753=CARTESIAN_POINT('',(772.427049939,487.427864243,180.9877107));
#2754=CARTESIAN_POINT('',(772.310027102,487.313874377,180.950567554));
#2755=CARTESIAN_POINT('',(772.100916369,487.063954504,180.880037438));
#2756=CARTESIAN_POINT('',(772.008834034,486.92803114,180.84665234));
#2757=CARTESIAN_POINT('',(771.931054456,486.783845048,180.815809853));
#2758=CARTESIAN_POINT('',(775.325214998,487.701559481,181.445497225));
#2759=CARTESIAN_POINT('',(775.184888398,487.78604377,181.421607783));
#2760=CARTESIAN_POINT('',(775.036379237,487.856346967,181.395655328));
#2761=CARTESIAN_POINT('',(774.728820641,487.965833981,181.340642079));
#2762=CARTESIAN_POINT('',(774.56977917,488.005014963,181.311582711));
#2763=CARTESIAN_POINT('',(774.247409834,488.050715339,181.251497762));
#2764=CARTESIAN_POINT('',(774.084090316,488.05723355,181.220473736));
#2765=CARTESIAN_POINT('',(773.759587345,488.037350548,181.157678666));
#2766=CARTESIAN_POINT('',(773.598412293,488.010949849,181.125909245));
#2767=CARTESIAN_POINT('',(773.284536735,487.926265693,181.062871732));
#2768=CARTESIAN_POINT('',(773.131844355,487.867984428,181.031605269));
#2769=CARTESIAN_POINT('',(772.840939397,487.721829537,180.970802125));
#2770=CARTESIAN_POINT('',(772.702734351,487.633959696,180.941267014));
#2771=CARTESIAN_POINT('',(772.446239944,487.432081712,180.885086869));
#2772=CARTESIAN_POINT('',(772.327957225,487.318078797,180.858443287));
#2773=CARTESIAN_POINT('',(772.115960223,487.068416564,180.809092763));
#2774=CARTESIAN_POINT('',(772.022251429,486.93276371,180.786387097));
#2775=CARTESIAN_POINT('',(771.94267018,486.788949402,180.766095619));
#2776=CARTESIAN_POINT('',(775.335489172,487.709914494,181.332761661));
#2777=CARTESIAN_POINT('',(775.195147104,487.79345928,181.309257162));
#2778=CARTESIAN_POINT('',(775.046645108,487.862862308,181.284230178));
#2779=CARTESIAN_POINT('',(774.739109544,487.97067986,181.232106508));
#2780=CARTESIAN_POINT('',(774.580083838,488.009091628,181.205011153));
#2781=CARTESIAN_POINT('',(774.257715044,488.053424096,181.14980906));
#2782=CARTESIAN_POINT('',(774.094380198,488.059343662,181.121703732));
#2783=CARTESIAN_POINT('',(773.769776034,488.038458836,181.065579316));
#2784=CARTESIAN_POINT('',(773.608515016,488.011654979,181.037561661));
#2785=CARTESIAN_POINT('',(773.294360713,487.926369188,180.982706656));
#2786=CARTESIAN_POINT('',(773.14147546,487.867889436,180.955870707));
#2787=CARTESIAN_POINT('',(772.850047907,487.721535639,180.9044269));
#2788=CARTESIAN_POINT('',(772.711513058,487.633665336,180.879820355));
#2789=CARTESIAN_POINT('',(772.454201048,487.431962874,180.833795956));
#2790=CARTESIAN_POINT('',(772.335430467,487.318135873,180.812379276));
#2791=CARTESIAN_POINT('',(772.122289651,487.068966974,180.773570531));
#2792=CARTESIAN_POINT('',(772.027924867,486.933631448,180.756179454));
#2793=CARTESIAN_POINT('',(771.947604829,486.79018233,180.741139996));
#2794=CARTESIAN_POINT('',(775.347552949,487.715883144,181.148838369));
#2795=CARTESIAN_POINT('',(775.207178504,487.797988143,181.126075622));
#2796=CARTESIAN_POINT('',(775.058697296,487.86604366,181.102656135));
#2797=CARTESIAN_POINT('',(774.751253218,487.971428639,181.055407665));
#2798=CARTESIAN_POINT('',(774.592298058,488.008755458,181.031579865));
#2799=CARTESIAN_POINT('',(774.270057685,488.051236878,180.984436789));
#2800=CARTESIAN_POINT('',(774.106780555,488.056390413,180.961122694));
#2801=CARTESIAN_POINT('',(773.782215436,488.034324232,180.915909125));
#2802=CARTESIAN_POINT('',(773.620935588,488.00710507,180.894010784));
#2803=CARTESIAN_POINT('',(773.30660725,487.921345375,180.852475999));
#2804=CARTESIAN_POINT('',(773.153566643,487.862806993,180.832840595));
#2805=CARTESIAN_POINT('',(772.861640432,487.716672937,180.796591358));
#2806=CARTESIAN_POINT('',(772.722762151,487.629080928,180.779978433));
#2807=CARTESIAN_POINT('',(772.464536414,487.428228274,180.75041684));
#2808=CARTESIAN_POINT('',(772.345195435,487.314972665,180.737468912));
#2809=CARTESIAN_POINT('',(772.130664241,487.067174893,180.715738157));
#2810=CARTESIAN_POINT('',(772.035479406,486.932638945,180.706955874));
#2811=CARTESIAN_POINT('',(771.954212582,486.790062677,180.700425959));
#2812=CARTESIAN_POINT('',(775.351079453,487.716349649,181.077920732));
#2813=CARTESIAN_POINT('',(775.210690807,487.79792174,181.055471231));
#2814=CARTESIAN_POINT('',(775.062219787,487.865486661,181.032694951));
#2815=CARTESIAN_POINT('',(774.754823883,487.970003367,180.98736483));
#2816=CARTESIAN_POINT('',(774.595906654,488.006952548,180.964812117));
#2817=CARTESIAN_POINT('',(774.273746336,488.048811375,180.920798696));
#2818=CARTESIAN_POINT('',(774.110511267,488.053719978,180.899339084));
#2819=CARTESIAN_POINT('',(773.786010088,488.031306785,180.858339246));
#2820=CARTESIAN_POINT('',(773.624752057,488.003985545,180.83880004));
#2821=CARTESIAN_POINT('',(773.310423844,487.918164692,180.802394309));
#2822=CARTESIAN_POINT('',(773.157361488,487.859667215,180.785528689));
#2823=CARTESIAN_POINT('',(772.865327771,487.713748233,180.755120301));
#2824=CARTESIAN_POINT('',(772.726363681,487.626330362,180.74157829));
#2825=CARTESIAN_POINT('',(772.467886253,487.425940329,180.718339113));
#2826=CARTESIAN_POINT('',(772.348379351,487.312973156,180.708642525));
#2827=CARTESIAN_POINT('',(772.133425981,487.065839698,180.693467892));
#2828=CARTESIAN_POINT('',(772.037984866,486.931679566,180.687990223));
#2829=CARTESIAN_POINT('',(771.956414889,486.789506215,180.684727332));
#2830=CARTESIAN_POINT('',(775.353478118,487.714963645,181.006827729));
#2831=CARTESIAN_POINT('',(775.21307488,487.796025528,180.984716292));
#2832=CARTESIAN_POINT('',(775.064617498,487.863129206,180.9626054));
#2833=CARTESIAN_POINT('',(774.757285033,487.966847967,180.919232255));
#2834=CARTESIAN_POINT('',(774.598417551,488.003460486,180.897971073));
#2835=CARTESIAN_POINT('',(774.27636971,488.044788388,180.857114463));
#2836=CARTESIAN_POINT('',(774.113197316,488.04950275,180.837520046));
#2837=CARTESIAN_POINT('',(773.788810217,488.026851586,180.800750071));
#2838=CARTESIAN_POINT('',(773.627603534,487.999486621,180.783575422));
#2839=CARTESIAN_POINT('',(773.313343192,487.913726864,180.752305131));
#2840=CARTESIAN_POINT('',(773.160297303,487.855334193,180.738210261));
#2841=CARTESIAN_POINT('',(772.868240566,487.709761545,180.713641353));
#2842=CARTESIAN_POINT('',(772.729236939,487.622585168,180.703167922));
#2843=CARTESIAN_POINT('',(772.470607385,487.422793906,180.686244566));
#2844=CARTESIAN_POINT('',(772.350987853,487.310183961,180.679795061));
#2845=CARTESIAN_POINT('',(772.135724473,487.063851953,180.671167612));
#2846=CARTESIAN_POINT('',(772.040085947,486.93013598,180.668989882));
#2847=CARTESIAN_POINT('',(771.95827357,486.788432804,180.668989884));
#2848=B_SPLINE_SURFACE_WITH_KNOTS('',3,3,((#2344,#2345,#2346,#2347,#2348,#2349,#2350,#2351,#2352,#2353,#2354,#2355,#2356,#2357,#2358,#2359,#2360,#2361),(#2362,#2363,#2364,#2365,#2366,#2367,#2368,#2369,#2370,#2371,#2372,#2373,#2374,#2375,#2376,#2377,#2378,#2379),(#2380,#2381,#2382,#2383,#2384,#2385,#2386,#2387,#2388,#2389,#2390,#2391,#2392,#2393,#2394,#2395,#2396,#2397),(#2398,#2399,#2400,#2401,#2402,#2403,#2404,#2405,#2406,#2407,#2408,#2409,#2410,#2411,#2412,#2413,#2414,#2415),(#2416,#2417,#2418,#2419,#2420,#2421,#2422,#2423,#2424,#2425,#2426,#2427,#2428,#2429,#2430,#2431,#2432,#2433),(#2434,#2435,#2436,#2437,#2438,#2439,#2440,#2441,#2442,#2443,#2444,#2445,#2446,#2447,#2448,#2449,#2450,#2451),(#2452,#2453,#2454,#2455,#2456,#2457,#2458,#2459,#2460,#2461,#2462,#2463,#2464,#2465,#2466,#2467,#2468,#2469),(#2470,#2471,#2472,#2473,#2474,#2475,#2476,#2477,#2478,#2479,#2480,#2481,#2482,#2483,#2484,#2485,#2486,#2487),(#2488,#2489,#2490,#2491,#2492,#2493,#2494,#2495,#2496,#2497,#2498,#2499,#2500,#2501,#2502,#2503,#2504,#2505),(#2506,#2507,#2508,#2509,#2510,#2511,#2512,#2513,#2514,#2515,#2516,#2517,#2518,#2519,#2520,#2521,#2522,#2523),(#2524,#2525,#2526,#2527,#2528,#2529,#2530,#2531,#2532,#2533,#2534,#2535,#2536,#2537,#2538,#2539,#2540,#2541),(#2542,#2543,#2544,#2545,#2546,#2547,#2548,#2549,#2550,#2551,#2552,#2553,#2554,#2555,#2556,#2557,#2558,#2559),(#2560,#2561,#2562,#2563,#2564,#2565,#2566,#2567,#2568,#2569,#2570,#2571,#2572,#2573,#2574,#2575,#2576,#2577),(#2578,#2579,#2580,#2581,#2582,#2583,#2584,#2585,#2586,#2587,#2588,#2589,#2590,#2591,#2592,#2593,#2594,#2595),(#2596,#2597,#2598,#2599,#2600,#2601,#2602,#2603,#2604,#2605,#2606,#2607,#2608,#2609,#2610,#2611,#2612,#2613),(#2614,#2615,#2616,#2617,#2618,#2619,#2620,#2621,#2622,#2623,#2624,#2625,#2626,#2627,#2628,#2629,#2630,#2631),(#2632,#2633,#2634,#2635,#2636,#2637,#2638,#2639,#2640,#2641,#2642,#2643,#2644,#2645,#2646,#2647,#2648,#2649),(#2650,#2651,#2652,#2653,#2654,#2655,#2656,#2657,#2658,#2659,#2660,#2661,#2662,#2663,#2664,#2665,#2666,#2667),(#2668,#2669,#2670,#2671,#2672,#2673,#2674,#2675,#2676,#2677,#2678,#2679,#2680,#2681,#2682,#2683,#2684,#2685),(#2686,#2687,#2688,#2689,#2690,#2691,#2692,#2693,#2694,#2695,#2696,#2697,#2698,#2699,#2700,#2701,#2702,#2703),(#2704,#2705,#2706,#2707,#2708,#2709,#2710,#2711,#2712,#2713,#2714,#2715,#2716,#2717,#2718,#2719,#2720,#2721),(#2722,#2723,#2724,#2725,#2726,#2727,#2728,#2729,#2730,#2731,#2732,#2733,#2734,#2735,#2736,#2737,#2738,#2739),(#2740,#2741,#2742,#2743,#2744,#2745,#2746,#2747,#2748,#2749,#2750,#2751,#2752,#2753,#2754,#2755,#2756,#2757),(#2758,#2759,#2760,#2761,#2762,#2763,#2764,#2765,#2766,#2767,#2768,#2769,#2770,#2771,#2772,#2773,#2774,#2775),(#2776,#2777,#2778,#2779,#2780,#2781,#2782,#2783,#2784,#2785,#2786,#2787,#2788,#2789,#2790,#2791,#2792,#2793),(#2794,#2795,#2796,#2797,#2798,#2799,#2800,#2801,#2802,#2803,#2804,#2805,#2806,#2807,#2808,#2809,#2810,#2811),
(#2812,#2813,#2814,#2815,#2816,#2817,#2818,#2819,#2820,#2821,#2822,#2823,#2824,#2825,#2826,#2827,#2828,#2829),(#2830,#2831,#2832,#2833,#2834,#2835,#2836,#2837,#2838,#2839,#2840,#2841,#2842,#2843,#2844,#2845,#2846,#2847)),.UNSPECIFIED.,.F.,.F.,.U.,(4,2,2,2,2,2,2,2,2,2,2,2,2,4),(4,2,2,2,2,2,2,2,4),(0.003592132,0.003633598,0.003731803,0.003928214,0.004124625,0.00422283,0.004321035,0.004517446,0.004615651,0.004713857,0.004910267,0.005008473,0.005106678,0.005168063),(0.,0.125,0.25,0.375,0.5,0.625,0.75,0.875,1.),.UNSPECIFIED.);
#2849=CARTESIAN_POINT('',(775.353476982,487.714961734,181.006827725));
#2850=VERTEX_POINT('',#2849);
#2851=CARTESIAN_POINT('',(774.103476982,485.549898224,181.006827725));
#2852=DIRECTION('',(-0.11703046,0.067567568,0.990827177));
#2853=DIRECTION('',(0.993096701,-0.,0.117298522));
#2854=AXIS2_PLACEMENT_3D('',#2851,#2852,#2853);
#2855=CIRCLE('',#2854,2.5);
#2856=EDGE_CURVE('',#2850,#939,#2855,.T.);
#2857=ORIENTED_EDGE('',*,*,#2856,.T.);
#2858=ORIENTED_EDGE('',*,*,#1070,.F.);
#2859=ORIENTED_EDGE('',*,*,#2248,.F.);
#2860=CARTESIAN_POINT('',(775.353477008,487.714961719,181.006827763));
#2861=CARTESIAN_POINT('',(775.345777947,487.719406771,181.234969516));
#2862=CARTESIAN_POINT('',(775.326581422,487.704978624,181.461321336));
#2863=CARTESIAN_POINT('',(775.29579538,487.67147101,181.685879425));
#2864=CARTESIAN_POINT('',(775.280402359,487.654717203,181.798158469));
#2865=CARTESIAN_POINT('',(775.261994076,487.633024709,181.91034624));
#2866=CARTESIAN_POINT('',(775.241038221,487.606937645,182.019727303));
#2867=CARTESIAN_POINT('',(775.220082365,487.580850581,182.129108365));
#2868=CARTESIAN_POINT('',(775.196524741,487.550318981,182.236233706));
#2869=CARTESIAN_POINT('',(775.170426524,487.515425903,182.341154833));
#2870=CARTESIAN_POINT('',(775.118230089,487.445639745,182.550997088));
#2871=CARTESIAN_POINT('',(775.055780418,487.358298942,182.75252638));
#2872=CARTESIAN_POINT('',(774.983214966,487.253215185,182.944058714));
#2873=CARTESIAN_POINT('',(774.910649515,487.148131427,183.135591048));
#2874=CARTESIAN_POINT('',(774.830023063,487.028285308,183.311879685));
#2875=CARTESIAN_POINT('',(774.741682419,486.893983901,183.473432599));
#2876=CARTESIAN_POINT('',(774.697512097,486.826833197,183.554209057));
#2877=CARTESIAN_POINT('',(774.651397472,486.756043949,183.631273634));
#2878=CARTESIAN_POINT('',(774.603299748,486.681484374,183.70452562));
#2879=CARTESIAN_POINT('',(774.555202024,486.606924799,183.777777606));
#2880=CARTESIAN_POINT('',(774.505117721,486.52858058,183.847122988));
#2881=CARTESIAN_POINT('',(774.454131087,486.448120852,183.911129379));
#2882=CARTESIAN_POINT('',(774.35215782,486.287201397,184.03914216));
#2883=CARTESIAN_POINT('',(774.245575322,486.116280738,184.147619087));
#2884=CARTESIAN_POINT('',(774.134438898,485.935129154,184.23636751));
#2885=CARTESIAN_POINT('',(774.078870687,485.844553362,184.280741722));
#2886=CARTESIAN_POINT('',(774.021823468,485.750852439,184.320320114));
#2887=CARTESIAN_POINT('',(773.964603354,485.656127187,184.354120767));
#2888=CARTESIAN_POINT('',(773.90738324,485.561401936,184.38792142));
#2889=CARTESIAN_POINT('',(773.849975143,485.465627772,184.416045268));
#2890=CARTESIAN_POINT('',(773.792381071,485.368828499,184.438612942));
#2891=CARTESIAN_POINT('',(773.677192926,485.175229954,184.483748288));
#2892=CARTESIAN_POINT('',(773.561213732,484.977424717,184.506827725));
#2893=CARTESIAN_POINT('',(773.444667845,484.775561319,184.506827725));
#2894=B_SPLINE_CURVE_WITH_KNOTS('',3,(#2860,#2861,#2862,#2863,#2864,#2865,#2866,#2867,#2868,#2869,#2870,#2871,#2872,#2873,#2874,#2875,#2876,#2877,#2878,#2879,#2880,#2881,#2882,#2883,#2884,#2885,
#2886,#2887,#2888,#2889,#2890,#2891,#2892,#2893),.UNSPECIFIED.,.F.,.F.,(4,3,3,3,3,3,3,3,3,3,3,4),(0.003592155,0.003789144,0.003887638,0.003986132,0.004183121,0.004380109,0.004478603,0.004577098,0.004774086,0.00487258,0.004971074,0.005168063),.UNSPECIFIED.);
#2895=EDGE_CURVE('',#2850,#2242,#2894,.T.);
#2896=ORIENTED_EDGE('',*,*,#2895,.F.);
#2897=EDGE_LOOP('',(#2857,#2858,#2859,#2896));
#2898=FACE_BOUND('',#2897,.T.);
#2899=ADVANCED_FACE('',(#2898),#2848,.T.);
#2900=CARTESIAN_POINT('',(764.315622027,501.593223763,183.806827725));
#2901=DIRECTION('',(0.5,0.866025404,0.));
#2902=DIRECTION('',(0.866025404,-0.5,-0.));
#2903=AXIS2_PLACEMENT_3D('',#2900,#2901,#2902);
#2904=CYLINDRICAL_SURFACE('',#2903,0.7);
#2905=CARTESIAN_POINT('',(749.687567603,476.256690283,184.506827725));
#2906=VERTEX_POINT('',#2905);
#2907=CARTESIAN_POINT('',(757.065622027,489.035855408,184.506827725));
#2908=DIRECTION('',(-0.5,-0.866025404,-0.));
#2909=VECTOR('',#2908,14.756108849);
#2910=LINE('',#2907,#2909);
#2911=EDGE_CURVE('',#2117,#2906,#2910,.T.);
#2912=ORIENTED_EDGE('',*,*,#2911,.F.);
#2913=CARTESIAN_POINT('',(757.065622027,489.035855408,183.806827725));
#2914=DIRECTION('',(-0.5,-0.866025404,-0.));
#2915=DIRECTION('',(0.866025404,-0.5,-0.));
#2916=AXIS2_PLACEMENT_3D('',#2913,#2914,#2915);
#2917=CIRCLE('',#2916,0.7);
#2918=EDGE_CURVE('',#2117,#2270,#2917,.T.);
#2919=ORIENTED_EDGE('',*,*,#2918,.T.);
#2920=ORIENTED_EDGE('',*,*,#2275,.F.);
#2921=CARTESIAN_POINT('',(749.687567603,476.256690283,183.806827725));
#2922=DIRECTION('',(-0.,-1.,-0.));
#2923=DIRECTION('',(1.,-0.,0.));
#2924=AXIS2_PLACEMENT_3D('',#2921,#2922,#2923);
#2925=ELLIPSE('',#2924,0.808290377,0.7);
#2926=EDGE_CURVE('',#2906,#2268,#2925,.T.);
#2927=ORIENTED_EDGE('',*,*,#2926,.F.);
#2928=EDGE_LOOP('',(#2912,#2919,#2920,#2927));
#2929=FACE_BOUND('',#2928,.T.);
#2930=ADVANCED_FACE('',(#2929),#2904,.T.);
#2931=CARTESIAN_POINT('',(764.315622027,450.920156804,183.806827725));
#2932=DIRECTION('',(-0.5,0.866025404,0.));
#2933=DIRECTION('',(0.866025404,0.5,0.));
#2934=AXIS2_PLACEMENT_3D('',#2931,#2932,#2933);
#2935=CYLINDRICAL_SURFACE('',#2934,0.7);
#2936=CARTESIAN_POINT('',(778.539531264,424.883623324,183.806827725));
#2937=VERTEX_POINT('',#2936);
#2938=CARTESIAN_POINT('',(778.539531264,424.883623324,183.806827725));
#2939=DIRECTION('',(-0.5,0.866025404,0.));
#2940=VECTOR('',#2939,59.320508076);
#2941=LINE('',#2938,#2940);
#2942=EDGE_CURVE('',#2937,#2268,#2941,.T.);
#2943=ORIENTED_EDGE('',*,*,#2942,.F.);
#2944=CARTESIAN_POINT('',(778.943676452,425.583623324,184.506827725));
#2945=VERTEX_POINT('',#2944);
#2946=CARTESIAN_POINT('',(778.943676452,425.583623324,183.806827725));
#2947=DIRECTION('',(0.866025404,-0.5,0.));
#2948=DIRECTION('',(0.5,0.866025404,0.));
#2949=AXIS2_PLACEMENT_3D('',#2946,#2947,#2948);
#2950=ELLIPSE('',#2949,0.808290377,0.7);
#2951=EDGE_CURVE('',#2945,#2937,#2950,.T.);
#2952=ORIENTED_EDGE('',*,*,#2951,.F.);
#2953=CARTESIAN_POINT('',(749.687567603,476.256690283,184.506827725));
#2954=DIRECTION('',(0.5,-0.866025404,-0.));
#2955=VECTOR('',#2954,58.512217699);
#2956=LINE('',#2953,#2955);
#2957=EDGE_CURVE('',#2906,#2945,#2956,.T.);
#2958=ORIENTED_EDGE('',*,*,#2957,.F.);
#2959=ORIENTED_EDGE('',*,*,#2926,.T.);
#2960=EDGE_LOOP('',(#2943,#2952,#2958,#2959));
#2961=FACE_BOUND('',#2960,.T.);
#2962=ADVANCED_FACE('',(#2961),#2935,.T.);
#2963=CARTESIAN_POINT('',(763.709404245,450.570156804,184.506827725));
#2964=DIRECTION('',(0.866025404,0.5,0.));
#2965=DIRECTION('',(0.5,-0.866025404,-0.));
#2966=AXIS2_PLACEMENT_3D('',#2963,#2964,#2965);
#2967=PLANE('',#2966);
#2968=CARTESIAN_POINT('',(765.130902869,448.108048964,174.5));
#2969=VERTEX_POINT('',#2968);
#2970=CARTESIAN_POINT('',(762.430902869,452.784586144,174.5));
#2971=VERTEX_POINT('',#2970);
#2972=CARTESIAN_POINT('',(763.780902869,450.446317554,174.5));
#2973=DIRECTION('',(0.866025404,0.5,0.));
#2974=DIRECTION('',(0.5,-0.866025404,-0.));
#2975=AXIS2_PLACEMENT_3D('',#2972,#2973,#2974);
#2976=CIRCLE('',#2975,2.7);
#2977=EDGE_CURVE('',#2969,#2971,#2976,.T.);
#2978=ORIENTED_EDGE('',*,*,#2977,.T.);
#2979=CARTESIAN_POINT('',(763.780902869,450.446317554,174.5));
#2980=DIRECTION('',(0.866025404,0.5,0.));
#2981=DIRECTION('',(0.5,-0.866025404,-0.));
#2982=AXIS2_PLACEMENT_3D('',#2979,#2980,#2981);
#2983=CIRCLE('',#2982,2.7);
#2984=EDGE_CURVE('',#2971,#2969,#2983,.T.);
#2985=ORIENTED_EDGE('',*,*,#2984,.T.);
#2986=EDGE_LOOP('',(#2978,#2985));
#2987=FACE_BOUND('',#2986,.T.);
#2988=CARTESIAN_POINT('',(778.539531264,424.883623324,170.506827725));
#2989=VERTEX_POINT('',#2988);
#2990=CARTESIAN_POINT('',(748.879277226,476.256690283,170.506827725));
#2991=DIRECTION('',(0.5,-0.866025404,-0.));
#2992=VECTOR('',#2991,59.320508076);
#2993=LINE('',#2990,#2992);
#2994=EDGE_CURVE('',#2286,#2989,#2993,.T.);
#2995=ORIENTED_EDGE('',*,*,#2994,.T.);
#2996=CARTESIAN_POINT('',(778.539531264,424.883623324,183.806827725));
#2997=DIRECTION('',(0.,0.,-1.));
#2998=VECTOR('',#2997,13.3);
#2999=LINE('',#2996,#2998);
#3000=EDGE_CURVE('',#2937,#2989,#2999,.T.);
#3001=ORIENTED_EDGE('',*,*,#3000,.F.);
#3002=ORIENTED_EDGE('',*,*,#2942,.T.);
#3003=ORIENTED_EDGE('',*,*,#2297,.T.);
#3004=EDGE_LOOP('',(#2995,#3001,#3002,#3003));
#3005=FACE_BOUND('',#3004,.T.);
#3006=ADVANCED_FACE('',(#2987,#3005),#2967,.F.);
#3007=OVER_RIDING_STYLED_ITEM('',(#183),#3006,#54);
#3008=CARTESIAN_POINT('',(803.199785301,467.596436245,181.006827725));
#3009=DIRECTION('',(-0.866025404,0.5,-0.));
#3010=DIRECTION('',(0.5,0.866025404,0.));
#3011=AXIS2_PLACEMENT_3D('',#3008,#3009,#3010);
#3012=CYLINDRICAL_SURFACE('',#3011,3.5);
#3013=CARTESIAN_POINT('',(794.949785301,472.359575966,184.506827725));
#3014=VERTEX_POINT('',#3013);
#3015=CARTESIAN_POINT('',(794.949785301,472.359575966,184.506827725));
#3016=DIRECTION('',(-0.866025404,0.5,-0.));
#3017=VECTOR('',#3016,24.831970709);
#3018=LINE('',#3015,#3017);
#3019=EDGE_CURVE('',#3014,#2242,#3018,.T.);
#3020=ORIENTED_EDGE('',*,*,#3019,.F.);
#3021=CARTESIAN_POINT('',(794.949785301,472.359575966,181.006827725));
#3022=DIRECTION('',(-0.866025404,0.5,-0.));
#3023=DIRECTION('',(0.5,0.866025404,0.));
#3024=AXIS2_PLACEMENT_3D('',#3021,#3022,#3023);
#3025=CIRCLE('',#3024,3.5);
#3026=EDGE_CURVE('',#3014,#284,#3025,.T.);
#3027=ORIENTED_EDGE('',*,*,#3026,.T.);
#3028=CARTESIAN_POINT('',(775.353476982,487.714961734,181.006827725));
#3029=DIRECTION('',(0.866025404,-0.5,0.));
#3030=VECTOR('',#3029,24.648593709);
#3031=LINE('',#3028,#3030);
#3032=EDGE_CURVE('',#2850,#284,#3031,.T.);
#3033=ORIENTED_EDGE('',*,*,#3032,.F.);
#3034=ORIENTED_EDGE('',*,*,#2895,.T.);
#3035=EDGE_LOOP('',(#3020,#3027,#3033,#3034));
#3036=FACE_BOUND('',#3035,.T.);
#3037=ADVANCED_FACE('',(#3036),#3012,.T.);
#3038=OVER_RIDING_STYLED_ITEM('',(#183),#3037,#54);
#3039=CARTESIAN_POINT('',(775.946675377,487.372478481,178.506827725));
#3040=DIRECTION('',(0.5,0.866025404,0.));
#3041=DIRECTION('',(0.866025404,-0.5,-0.));
#3042=AXIS2_PLACEMENT_3D('',#3039,#3040,#3041);
#3043=PLANE('',#3042);
#3044=CARTESIAN_POINT('',(796.629572519,475.431202248,176.506827725));
#3045=VERTEX_POINT('',#3044);
#3046=CARTESIAN_POINT('',(775.89497382,487.402328389,178.490259263));
#3047=DIRECTION('',(0.863068912,-0.498293069,-0.0825595));
#3048=VECTOR('',#3047,24.024267834);
#3049=LINE('',#3046,#3048);
#3050=EDGE_CURVE('',#63,#3045,#3049,.T.);
#3051=ORIENTED_EDGE('',*,*,#3050,.F.);
#3052=ORIENTED_EDGE('',*,*,#90,.T.);
#3053=CARTESIAN_POINT('',(775.89497382,487.402328389,178.506827725));
#3054=DIRECTION('',(-0.866025404,0.5,-0.));
#3055=VECTOR('',#3054,0.568585175);
#3056=LINE('',#3053,#3055);
#3057=EDGE_CURVE('',#79,#2318,#3056,.T.);
#3058=ORIENTED_EDGE('',*,*,#3057,.T.);
#3059=ORIENTED_EDGE('',*,*,#2324,.T.);
#3060=CARTESIAN_POINT('',(765.828772262,493.214052568,179.506827725));
#3061=DIRECTION('',(-0.5,-0.866025404,-0.));
#3062=DIRECTION('',(0.866025404,-0.5,-0.));
#3063=AXIS2_PLACEMENT_3D('',#3060,#3061,#3062);
#3064=CIRCLE('',#3063,11.1);
#3065=EDGE_CURVE('',#2309,#2850,#3064,.T.);
#3066=ORIENTED_EDGE('',*,*,#3065,.T.);
#3067=ORIENTED_EDGE('',*,*,#3032,.T.);
#3068=ORIENTED_EDGE('',*,*,#289,.T.);
#3069=CARTESIAN_POINT('',(796.699785301,475.39066488,176.506827725));
#3070=DIRECTION('',(-0.866025404,0.5,0.));
#3071=VECTOR('',#3070,0.081074737);
#3072=LINE('',#3069,#3071);
#3073=EDGE_CURVE('',#275,#3045,#3072,.T.);
#3074=ORIENTED_EDGE('',*,*,#3073,.T.);
#3075=EDGE_LOOP('',(#3051,#3052,#3058,#3059,#3066,#3067,#3068,#3074));
#3076=FACE_BOUND('',#3075,.T.);
#3077=ADVANCED_FACE('',(#3076),#3043,.T.);
#3078=OVER_RIDING_STYLED_ITEM('',(#183),#3077,#54);
#3079=CARTESIAN_POINT('',(808.199785301,476.256690283,184.506827725));
#3080=DIRECTION('',(-0.,-0.,1.));
#3081=DIRECTION('',(1.,-0.,0.));
#3082=AXIS2_PLACEMENT_3D('',#3079,#3080,#3081);
#3083=PLANE('',#3082);
#3084=ORIENTED_EDGE('',*,*,#2957,.T.);
#3085=CARTESIAN_POINT('',(793.699785301,425.583623324,184.506827725));
#3086=VERTEX_POINT('',#3085);
#3087=CARTESIAN_POINT('',(778.943676452,425.583623324,184.506827725));
#3088=DIRECTION('',(1.,-0.,0.));
#3089=VECTOR('',#3088,14.756108849);
#3090=LINE('',#3087,#3089);
#3091=EDGE_CURVE('',#2945,#3086,#3090,.T.);
#3092=ORIENTED_EDGE('',*,*,#3091,.T.);
#3093=CARTESIAN_POINT('',(793.699785301,427.683635465,184.506827725));
#3094=VERTEX_POINT('',#3093);
#3095=CARTESIAN_POINT('',(793.699785301,425.583623324,184.506827725));
#3096=DIRECTION('',(0.,1.,0.));
#3097=VECTOR('',#3096,2.100012141);
#3098=LINE('',#3095,#3097);
#3099=EDGE_CURVE('',#3086,#3094,#3098,.T.);
#3100=ORIENTED_EDGE('',*,*,#3099,.T.);
#3101=CARTESIAN_POINT('',(785.999785301,427.683635465,184.506827725));
#3102=VERTEX_POINT('',#3101);
#3103=CARTESIAN_POINT('',(793.699785301,427.683635465,184.506827725));
#3104=DIRECTION('',(-1.,0.,-0.));
#3105=VECTOR('',#3104,7.7);
#3106=LINE('',#3103,#3105);
#3107=EDGE_CURVE('',#3094,#3102,#3106,.T.);
#3108=ORIENTED_EDGE('',*,*,#3107,.T.);
#3109=CARTESIAN_POINT('',(785.999785301,434.483635465,184.506827725));
#3110=VERTEX_POINT('',#3109);
#3111=CARTESIAN_POINT('',(785.999785301,427.683635465,184.506827725));
#3112=DIRECTION('',(0.,1.,0.));
#3113=VECTOR('',#3112,6.8);
#3114=LINE('',#3111,#3113);
#3115=EDGE_CURVE('',#3102,#3110,#3114,.T.);
#3116=ORIENTED_EDGE('',*,*,#3115,.T.);
#3117=CARTESIAN_POINT('',(793.699785301,434.483635465,184.506827725));
#3118=VERTEX_POINT('',#3117);
#3119=CARTESIAN_POINT('',(785.999785301,434.483635465,184.506827725));
#3120=DIRECTION('',(1.,-0.,0.));
#3121=VECTOR('',#3120,7.7);
#3122=LINE('',#3119,#3121);
#3123=EDGE_CURVE('',#3110,#3118,#3122,.T.);
#3124=ORIENTED_EDGE('',*,*,#3123,.T.);
#3125=CARTESIAN_POINT('',(793.699785301,440.081412968,184.506827725));
#3126=VERTEX_POINT('',#3125);
#3127=CARTESIAN_POINT('',(793.699785301,434.483635465,184.506827725));
#3128=DIRECTION('',(0.,1.,0.));
#3129=VECTOR('',#3128,5.597777503);
#3130=LINE('',#3127,#3129);
#3131=EDGE_CURVE('',#3118,#3126,#3130,.T.);
#3132=ORIENTED_EDGE('',*,*,#3131,.T.);
#3133=CARTESIAN_POINT('',(798.199785301,440.081412968,184.506827725));
#3134=VERTEX_POINT('',#3133);
#3135=CARTESIAN_POINT('',(793.699785301,440.081412968,184.506827725));
#3136=DIRECTION('',(1.,-0.,0.));
#3137=VECTOR('',#3136,4.5);
#3138=LINE('',#3135,#3137);
#3139=EDGE_CURVE('',#3126,#3134,#3138,.T.);
#3140=ORIENTED_EDGE('',*,*,#3139,.T.);
#3141=CARTESIAN_POINT('',(798.199785301,466.730410842,184.506827725));
#3142=VERTEX_POINT('',#3141);
#3143=CARTESIAN_POINT('',(798.199785301,440.081412968,184.506827725));
#3144=DIRECTION('',(0.,1.,0.));
#3145=VECTOR('',#3144,26.648997873);
#3146=LINE('',#3143,#3145);
#3147=EDGE_CURVE('',#3134,#3142,#3146,.T.);
#3148=ORIENTED_EDGE('',*,*,#3147,.T.);
#3149=CARTESIAN_POINT('',(791.699785301,466.730410842,184.506827725));
#3150=DIRECTION('',(0.,0.,-1.));
#3151=DIRECTION('',(1.,-0.,0.));
#3152=AXIS2_PLACEMENT_3D('',#3149,#3150,#3151);
#3153=CIRCLE('',#3152,6.5);
#3154=EDGE_CURVE('',#3014,#3142,#3153,.T.);
#3155=ORIENTED_EDGE('',*,*,#3154,.F.);
#3156=ORIENTED_EDGE('',*,*,#3019,.T.);
#3157=ORIENTED_EDGE('',*,*,#2257,.T.);
#3158=ORIENTED_EDGE('',*,*,#2214,.T.);
#3159=ORIENTED_EDGE('',*,*,#2197,.T.);
#3160=ORIENTED_EDGE('',*,*,#2180,.T.);
#3161=ORIENTED_EDGE('',*,*,#2155,.T.);
#3162=ORIENTED_EDGE('',*,*,#2129,.T.);
#3163=ORIENTED_EDGE('',*,*,#2911,.T.);
#3164=EDGE_LOOP('',(#3084,#3092,#3100,#3108,#3116,#3124,#3132,#3140,#3148,#3155,#3156,#3157,#3158,#3159,#3160,#3161,#3162,#3163));
#3165=FACE_BOUND('',#3164,.T.);
#3166=ADVANCED_FACE('',(#3165),#3083,.T.);
#3167=OVER_RIDING_STYLED_ITEM('',(#183),#3166,#54);
#3168=CARTESIAN_POINT('',(782.446675377,498.63080873,178.506827725));
#3169=DIRECTION('',(0.5,0.866025404,0.));
#3170=DIRECTION('',(0.866025404,-0.5,-0.));
#3171=AXIS2_PLACEMENT_3D('',#3168,#3169,#3170);
#3172=PLANE('',#3171);
#3173=ORIENTED_EDGE('',*,*,#76,.F.);
#3174=CARTESIAN_POINT('',(803.129572519,486.689532497,176.506827725));
#3175=VERTEX_POINT('',#3174);
#3176=CARTESIAN_POINT('',(782.39497382,498.660658638,178.490259263));
#3177=DIRECTION('',(0.863068912,-0.498293069,-0.0825595));
#3178=VECTOR('',#3177,24.024267834);
#3179=LINE('',#3176,#3178);
#3180=EDGE_CURVE('',#61,#3175,#3179,.T.);
#3181=ORIENTED_EDGE('',*,*,#3180,.T.);
#3182=CARTESIAN_POINT('',(806.799785301,484.57053416,176.506827725));
#3183=DIRECTION('',(-0.866025404,0.5,0.));
#3184=VECTOR('',#3183,4.237996676);
#3185=LINE('',#3182,#3184);
#3186=EDGE_CURVE('',#308,#3175,#3185,.T.);
#3187=ORIENTED_EDGE('',*,*,#3186,.F.);
#3188=ORIENTED_EDGE('',*,*,#315,.T.);
#3189=CARTESIAN_POINT('',(806.799785301,484.57053416,181.006827725));
#3190=DIRECTION('',(-0.866025404,0.5,-0.));
#3191=VECTOR('',#3190,28.805515647);
#3192=LINE('',#3189,#3191);
#3193=EDGE_CURVE('',#310,#1754,#3192,.T.);
#3194=ORIENTED_EDGE('',*,*,#3193,.T.);
#3195=CARTESIAN_POINT('',(772.328772262,504.472382817,179.506827725));
#3196=DIRECTION('',(0.5,0.866025404,0.));
#3197=DIRECTION('',(0.866025404,-0.5,-0.));
#3198=AXIS2_PLACEMENT_3D('',#3195,#3196,#3197);
#3199=CIRCLE('',#3198,11.1);
#3200=EDGE_CURVE('',#1754,#2072,#3199,.T.);
#3201=ORIENTED_EDGE('',*,*,#3200,.T.);
#3202=ORIENTED_EDGE('',*,*,#2105,.T.);
#3203=CARTESIAN_POINT('',(782.39497382,498.660658638,178.506827725));
#3204=DIRECTION('',(-0.866025404,0.5,-0.));
#3205=VECTOR('',#3204,0.568585175);
#3206=LINE('',#3203,#3205);
#3207=EDGE_CURVE('',#71,#2083,#3206,.T.);
#3208=ORIENTED_EDGE('',*,*,#3207,.F.);
#3209=EDGE_LOOP('',(#3173,#3181,#3187,#3188,#3194,#3201,#3202,#3208));
#3210=FACE_BOUND('',#3209,.T.);
#3211=ADVANCED_FACE('',(#3210),#3172,.F.);
#3212=OVER_RIDING_STYLED_ITEM('',(#183),#3211,#54);
#3213=CARTESIAN_POINT('',(808.199785301,476.256690283,178.506827725));
#3214=DIRECTION('',(-0.,-0.,1.));
#3215=DIRECTION('',(1.,-0.,0.));
#3216=AXIS2_PLACEMENT_3D('',#3213,#3214,#3215);
#3217=PLANE('',#3216);
#3218=ORIENTED_EDGE('',*,*,#84,.F.);
#3219=ORIENTED_EDGE('',*,*,#3207,.T.);
#3220=ORIENTED_EDGE('',*,*,#2098,.T.);
#3221=ORIENTED_EDGE('',*,*,#2030,.T.);
#3222=ORIENTED_EDGE('',*,*,#2337,.T.);
#3223=ORIENTED_EDGE('',*,*,#3057,.F.);
#3224=EDGE_LOOP('',(#3218,#3219,#3220,#3221,#3222,#3223));
#3225=FACE_BOUND('',#3224,.T.);
#3226=ADVANCED_FACE('',(#3225),#3217,.T.);
#3227=OVER_RIDING_STYLED_ITEM('',(#183),#3226,#54);
#3228=CARTESIAN_POINT('',(808.199785301,526.929757242,183.806827725));
#3229=DIRECTION('',(-1.,0.,-0.));
#3230=DIRECTION('',(0.,1.,0.));
#3231=AXIS2_PLACEMENT_3D('',#3228,#3229,#3230);
#3232=CYLINDRICAL_SURFACE('',#3231,0.7);
#3233=CARTESIAN_POINT('',(837.455894151,526.929757242,184.506827725));
#3234=VERTEX_POINT('',#3233);
#3235=CARTESIAN_POINT('',(837.455894151,526.929757242,184.506827725));
#3236=DIRECTION('',(-1.,0.,-0.));
#3237=VECTOR('',#3236,58.512217699);
#3238=LINE('',#3235,#3237);
#3239=EDGE_CURVE('',#3234,#2049,#3238,.T.);
#3240=ORIENTED_EDGE('',*,*,#3239,.F.);
#3241=CARTESIAN_POINT('',(837.860039339,527.629757242,183.806827725));
#3242=VERTEX_POINT('',#3241);
#3243=CARTESIAN_POINT('',(837.455894151,526.929757242,183.806827725));
#3244=DIRECTION('',(0.866025404,-0.5,0.));
#3245=DIRECTION('',(0.5,0.866025404,0.));
#3246=AXIS2_PLACEMENT_3D('',#3243,#3244,#3245);
#3247=ELLIPSE('',#3246,0.808290377,0.7);
#3248=EDGE_CURVE('',#3242,#3234,#3247,.T.);
#3249=ORIENTED_EDGE('',*,*,#3248,.F.);
#3250=CARTESIAN_POINT('',(778.539531264,527.629757242,183.806827725));
#3251=DIRECTION('',(1.,-0.,0.));
#3252=VECTOR('',#3251,59.320508076);
#3253=LINE('',#3250,#3252);
#3254=EDGE_CURVE('',#1973,#3242,#3253,.T.);
#3255=ORIENTED_EDGE('',*,*,#3254,.F.);
#3256=ORIENTED_EDGE('',*,*,#2061,.T.);
#3257=EDGE_LOOP('',(#3240,#3249,#3255,#3256));
#3258=FACE_BOUND('',#3257,.T.);
#3259=ADVANCED_FACE('',(#3258),#3232,.T.);
#3260=CARTESIAN_POINT('',(808.199785301,527.629757242,184.506827725));
#3261=DIRECTION('',(-0.,-1.,-0.));
#3262=DIRECTION('',(-1.,0.,0.));
#3263=AXIS2_PLACEMENT_3D('',#3260,#3261,#3262);
#3264=PLANE('',#3263);
#3265=CARTESIAN_POINT('',(805.64278255,527.629757242,174.5));
#3266=VERTEX_POINT('',#3265);
#3267=CARTESIAN_POINT('',(811.04278255,527.629757242,174.5));
#3268=VERTEX_POINT('',#3267);
#3269=CARTESIAN_POINT('',(808.34278255,527.629757242,174.5));
#3270=DIRECTION('',(-0.,-1.,-0.));
#3271=DIRECTION('',(-1.,0.,0.));
#3272=AXIS2_PLACEMENT_3D('',#3269,#3270,#3271);
#3273=CIRCLE('',#3272,2.7);
#3274=EDGE_CURVE('',#3266,#3268,#3273,.T.);
#3275=ORIENTED_EDGE('',*,*,#3274,.T.);
#3276=CARTESIAN_POINT('',(808.34278255,527.629757242,174.5));
#3277=DIRECTION('',(-0.,-1.,-0.));
#3278=DIRECTION('',(-1.,0.,0.));
#3279=AXIS2_PLACEMENT_3D('',#3276,#3277,#3278);
#3280=CIRCLE('',#3279,2.7);
#3281=EDGE_CURVE('',#3268,#3266,#3280,.T.);
#3282=ORIENTED_EDGE('',*,*,#3281,.T.);
#3283=EDGE_LOOP('',(#3275,#3282));
#3284=FACE_BOUND('',#3283,.T.);
#3285=ORIENTED_EDGE('',*,*,#3254,.T.);
#3286=CARTESIAN_POINT('',(837.860039339,527.629757242,170.506827725));
#3287=VERTEX_POINT('',#3286);
#3288=CARTESIAN_POINT('',(837.860039339,527.629757242,183.806827725));
#3289=DIRECTION('',(0.,0.,-1.));
#3290=VECTOR('',#3289,13.3);
#3291=LINE('',#3288,#3290);
#3292=EDGE_CURVE('',#3242,#3287,#3291,.T.);
#3293=ORIENTED_EDGE('',*,*,#3292,.T.);
#3294=CARTESIAN_POINT('',(837.860039339,527.629757242,170.506827725));
#3295=DIRECTION('',(-1.,0.,-0.));
#3296=VECTOR('',#3295,59.320508076);
#3297=LINE('',#3294,#3296);
#3298=EDGE_CURVE('',#3287,#1955,#3297,.T.);
#3299=ORIENTED_EDGE('',*,*,#3298,.T.);
#3300=ORIENTED_EDGE('',*,*,#1984,.F.);
#3301=EDGE_LOOP('',(#3285,#3293,#3299,#3300));
#3302=FACE_BOUND('',#3301,.T.);
#3303=ADVANCED_FACE('',(#3284,#3302),#3264,.F.);
#3304=OVER_RIDING_STYLED_ITEM('',(#183),#3303,#54);
#3305=CARTESIAN_POINT('',(808.199785301,476.256690283,184.506827725));
#3306=DIRECTION('',(-0.,-0.,1.));
#3307=DIRECTION('',(1.,-0.,0.));
#3308=AXIS2_PLACEMENT_3D('',#3305,#3306,#3307);
#3309=PLANE('',#3308);
#3310=CARTESIAN_POINT('',(808.199785301,487.803695667,184.506827725));
#3311=VERTEX_POINT('',#3310);
#3312=CARTESIAN_POINT('',(783.444667841,502.096069396,184.506827725));
#3313=DIRECTION('',(0.866025404,-0.5,0.));
#3314=VECTOR('',#3313,28.584747459);
#3315=LINE('',#3312,#3314);
#3316=EDGE_CURVE('',#1744,#3311,#3315,.T.);
#3317=ORIENTED_EDGE('',*,*,#3316,.T.);
#3318=CARTESIAN_POINT('',(832.954902761,502.096069396,184.506827725));
#3319=VERTEX_POINT('',#3318);
#3320=CARTESIAN_POINT('',(808.199785301,487.803695667,184.506827725));
#3321=DIRECTION('',(0.866025404,0.5,0.));
#3322=VECTOR('',#3321,28.584747459);
#3323=LINE('',#3320,#3322);
#3324=EDGE_CURVE('',#3311,#3319,#3323,.T.);
#3325=ORIENTED_EDGE('',*,*,#3324,.T.);
#3326=CARTESIAN_POINT('',(830.704902761,505.993183713,184.506827725));
#3327=VERTEX_POINT('',#3326);
#3328=CARTESIAN_POINT('',(832.954902761,502.096069396,184.506827725));
#3329=DIRECTION('',(-0.5,0.866025404,0.));
#3330=VECTOR('',#3329,4.5);
#3331=LINE('',#3328,#3330);
#3332=EDGE_CURVE('',#3319,#3327,#3331,.T.);
#3333=ORIENTED_EDGE('',*,*,#3332,.T.);
#3334=CARTESIAN_POINT('',(837.126311968,509.700586047,184.506827725));
#3335=VERTEX_POINT('',#3334);
#3336=CARTESIAN_POINT('',(830.704902761,505.993183713,184.506827725));
#3337=DIRECTION('',(0.866025404,0.5,0.));
#3338=VECTOR('',#3337,7.414804668);
#3339=LINE('',#3336,#3338);
#3340=EDGE_CURVE('',#3327,#3335,#3339,.T.);
#3341=ORIENTED_EDGE('',*,*,#3340,.T.);
#3342=CARTESIAN_POINT('',(833.276311968,516.368981656,184.506827725));
#3343=VERTEX_POINT('',#3342);
#3344=CARTESIAN_POINT('',(837.126311968,509.700586047,184.506827725));
#3345=DIRECTION('',(-0.5,0.866025404,0.));
#3346=VECTOR('',#3345,7.7);
#3347=LINE('',#3344,#3346);
#3348=EDGE_CURVE('',#3335,#3343,#3347,.T.);
#3349=ORIENTED_EDGE('',*,*,#3348,.T.);
#3350=CARTESIAN_POINT('',(839.165284713,519.768981656,184.506827725));
#3351=VERTEX_POINT('',#3350);
#3352=CARTESIAN_POINT('',(833.276311968,516.368981656,184.506827725));
#3353=DIRECTION('',(0.866025404,0.5,0.));
#3354=VECTOR('',#3353,6.8);
#3355=LINE('',#3352,#3354);
#3356=EDGE_CURVE('',#3343,#3351,#3355,.T.);
#3357=ORIENTED_EDGE('',*,*,#3356,.T.);
#3358=CARTESIAN_POINT('',(843.015284713,513.100586047,184.506827725));
#3359=VERTEX_POINT('',#3358);
#3360=CARTESIAN_POINT('',(839.165284713,519.768981656,184.506827725));
#3361=DIRECTION('',(0.5,-0.866025404,-0.));
#3362=VECTOR('',#3361,7.7);
#3363=LINE('',#3360,#3362);
#3364=EDGE_CURVE('',#3351,#3359,#3363,.T.);
#3365=ORIENTED_EDGE('',*,*,#3364,.T.);
#3366=CARTESIAN_POINT('',(844.833948575,514.150592118,184.506827725));
#3367=VERTEX_POINT('',#3366);
#3368=CARTESIAN_POINT('',(843.015284713,513.100586047,184.506827725));
#3369=DIRECTION('',(0.866025404,0.5,0.));
#3370=VECTOR('',#3369,2.100012141);
#3371=LINE('',#3368,#3370);
#3372=EDGE_CURVE('',#3359,#3367,#3371,.T.);
#3373=ORIENTED_EDGE('',*,*,#3372,.T.);
#3374=CARTESIAN_POINT('',(844.833948575,514.150592118,184.506827725));
#3375=DIRECTION('',(-0.5,0.866025404,0.));
#3376=VECTOR('',#3375,14.756108849);
#3377=LINE('',#3374,#3376);
#3378=EDGE_CURVE('',#3367,#3234,#3377,.T.);
#3379=ORIENTED_EDGE('',*,*,#3378,.T.);
#3380=ORIENTED_EDGE('',*,*,#3239,.T.);
#3381=ORIENTED_EDGE('',*,*,#2054,.T.);
#3382=ORIENTED_EDGE('',*,*,#1935,.T.);
#3383=ORIENTED_EDGE('',*,*,#1917,.T.);
#3384=ORIENTED_EDGE('',*,*,#1894,.T.);
#3385=ORIENTED_EDGE('',*,*,#1869,.T.);
#3386=ORIENTED_EDGE('',*,*,#1852,.T.);
#3387=ORIENTED_EDGE('',*,*,#1813,.T.);
#3388=EDGE_LOOP('',(#3317,#3325,#3333,#3341,#3349,#3357,#3365,#3373,#3379,#3380,#3381,#3382,#3383,#3384,#3385,#3386,#3387));
#3389=FACE_BOUND('',#3388,.T.);
#3390=ADVANCED_FACE('',(#3389),#3309,.T.);
#3391=OVER_RIDING_STYLED_ITEM('',(#183),#3390,#54);
#3392=CARTESIAN_POINT('',(784.196675377,501.661897643,181.006827725));
#3393=DIRECTION('',(0.866025404,-0.5,0.));
#3394=DIRECTION('',(-0.5,-0.866025404,-0.));
#3395=AXIS2_PLACEMENT_3D('',#3392,#3393,#3394);
#3396=CYLINDRICAL_SURFACE('',#3395,3.5);
#3397=ORIENTED_EDGE('',*,*,#3193,.F.);
#3398=CARTESIAN_POINT('',(806.799785301,484.57053416,181.006827725));
#3399=CARTESIAN_POINT('',(806.799785301,484.57053416,181.236571654));
#3400=CARTESIAN_POINT('',(806.808747482,484.591229636,181.464035518));
#3401=CARTESIAN_POINT('',(806.826652494,484.632581282,181.689223743));
#3402=CARTESIAN_POINT('',(806.835605,484.653257105,181.801817855));
#3403=CARTESIAN_POINT('',(806.846889556,484.679316639,181.914444511));
#3404=CARTESIAN_POINT('',(806.860313023,484.710316946,182.024834405));
#3405=CARTESIAN_POINT('',(806.873736491,484.741317252,182.1352243));
#3406=CARTESIAN_POINT('',(806.889241527,484.777123228,182.243162618));
#3407=CARTESIAN_POINT('',(806.90676834,484.817600903,182.348718034));
#3408=CARTESIAN_POINT('',(806.941821964,484.898556251,182.559828865));
#3409=CARTESIAN_POINT('',(806.984909585,484.998060329,182.761477271));
#3410=CARTESIAN_POINT('',(807.036275736,485.116685424,182.953371925));
#3411=CARTESIAN_POINT('',(807.087641887,485.23531052,183.14526658));
#3412=CARTESIAN_POINT('',(807.146302825,485.370782077,183.323459641));
#3413=CARTESIAN_POINT('',(807.211655532,485.521707714,183.486242424));
#3414=CARTESIAN_POINT('',(807.27700824,485.672633351,183.649025206));
#3415=CARTESIAN_POINT('',(807.348210858,485.837068081,183.794189471));
#3416=CARTESIAN_POINT('',(807.423960287,486.012004543,183.920261638));
#3417=CARTESIAN_POINT('',(807.461835001,486.099472773,183.983297722));
#3418=CARTESIAN_POINT('',(807.500935243,486.189770498,184.041727305));
#3419=CARTESIAN_POINT('',(807.541278056,486.282938325,184.095484601));
#3420=CARTESIAN_POINT('',(807.581620868,486.376106153,184.149241898));
#3421=CARTESIAN_POINT('',(807.623447407,486.472700299,184.198554845));
#3422=CARTESIAN_POINT('',(807.665858987,486.570645662,184.242297833));
#3423=CARTESIAN_POINT('',(807.750682147,486.766536389,184.32978381));
#3424=CARTESIAN_POINT('',(807.837749517,486.967609784,184.395421788));
#3425=CARTESIAN_POINT('',(807.927005859,487.17373853,184.439748654));
#3426=CARTESIAN_POINT('',(808.016262202,487.379867276,184.48407552));
#3427=CARTESIAN_POINT('',(808.108651189,487.593230452,184.506827726));
#3428=CARTESIAN_POINT('',(808.199785301,487.803695667,184.506827725));
#3429=B_SPLINE_CURVE_WITH_KNOTS('',3,(#3398,#3399,#3400,#3401,#3402,#3403,#3404,#3405,#3406,#3407,#3408,#3409,#3410,#3411,#3412,#3413,#3414,#3415,#3416,#3417,#3418,#3419,#3420,#3421,#3422,#3423,
#3424,#3425,#3426,#3427,#3428),.UNSPECIFIED.,.F.,.F.,(4,3,3,3,3,3,3,3,3,3,4),(0.019137785,0.019823424,0.020166243,0.020509062,0.0211947,0.021880338,0.022565977,0.022908796,0.023251615,0.023937253,0.024622891),.UNSPECIFIED.);
#3430=EDGE_CURVE('',#310,#3311,#3429,.T.);
#3431=ORIENTED_EDGE('',*,*,#3430,.T.);
#3432=ORIENTED_EDGE('',*,*,#3316,.F.);
#3433=ORIENTED_EDGE('',*,*,#1794,.T.);
#3434=EDGE_LOOP('',(#3397,#3431,#3432,#3433));
#3435=FACE_BOUND('',#3434,.T.);
#3436=ADVANCED_FACE('',(#3435),#3396,.T.);
#3437=OVER_RIDING_STYLED_ITEM('',(#183),#3436,#54);
#3438=CARTESIAN_POINT('',(808.199785301,476.256690283,170.506827725));
#3439=DIRECTION('',(-0.,-0.,1.));
#3440=DIRECTION('',(1.,-0.,0.));
#3441=AXIS2_PLACEMENT_3D('',#3438,#3439,#3440);
#3442=PLANE('',#3441);
#3443=CARTESIAN_POINT('',(822.699785301,424.883623324,170.506827725));
#3444=VERTEX_POINT('',#3443);
#3445=CARTESIAN_POINT('',(837.860039339,424.883623324,170.506827725));
#3446=VERTEX_POINT('',#3445);
#3447=CARTESIAN_POINT('',(822.699785301,424.883623324,170.506827725));
#3448=DIRECTION('',(1.,-0.,0.));
#3449=VECTOR('',#3448,15.160254038);
#3450=LINE('',#3447,#3449);
#3451=EDGE_CURVE('',#3444,#3446,#3450,.T.);
#3452=ORIENTED_EDGE('',*,*,#3451,.F.);
#3453=CARTESIAN_POINT('',(822.699785301,438.993123438,170.506827725));
#3454=VERTEX_POINT('',#3453);
#3455=CARTESIAN_POINT('',(822.699785301,424.883623324,170.506827725));
#3456=DIRECTION('',(0.,1.,0.));
#3457=VECTOR('',#3456,14.109500114);
#3458=LINE('',#3455,#3457);
#3459=EDGE_CURVE('',#3444,#3454,#3458,.T.);
#3460=ORIENTED_EDGE('',*,*,#3459,.T.);
#3461=CARTESIAN_POINT('',(793.699785301,438.993123438,170.506827725));
#3462=VERTEX_POINT('',#3461);
#3463=CARTESIAN_POINT('',(822.699785301,438.993123438,170.506827725));
#3464=DIRECTION('',(-1.,0.,-0.));
#3465=VECTOR('',#3464,29.);
#3466=LINE('',#3463,#3465);
#3467=EDGE_CURVE('',#3454,#3462,#3466,.T.);
#3468=ORIENTED_EDGE('',*,*,#3467,.T.);
#3469=CARTESIAN_POINT('',(793.699785301,424.883623324,170.506827725));
#3470=VERTEX_POINT('',#3469);
#3471=CARTESIAN_POINT('',(793.699785301,438.993123438,170.506827725));
#3472=DIRECTION('',(-0.,-1.,-0.));
#3473=VECTOR('',#3472,14.109500114);
#3474=LINE('',#3471,#3473);
#3475=EDGE_CURVE('',#3462,#3470,#3474,.T.);
#3476=ORIENTED_EDGE('',*,*,#3475,.T.);
#3477=CARTESIAN_POINT('',(778.539531264,424.883623324,170.506827725));
#3478=DIRECTION('',(1.,-0.,0.));
#3479=VECTOR('',#3478,15.160254038);
#3480=LINE('',#3477,#3479);
#3481=EDGE_CURVE('',#2989,#3470,#3480,.T.);
#3482=ORIENTED_EDGE('',*,*,#3481,.F.);
#3483=ORIENTED_EDGE('',*,*,#2994,.F.);
#3484=ORIENTED_EDGE('',*,*,#2291,.F.);
#3485=CARTESIAN_POINT('',(756.459404245,489.385855408,170.506827725));
#3486=DIRECTION('',(0.866025404,-0.5,0.));
#3487=VECTOR('',#3486,16.977767009);
#3488=LINE('',#3485,#3487);
#3489=EDGE_CURVE('',#2278,#1165,#3488,.T.);
#3490=ORIENTED_EDGE('',*,*,#3489,.T.);
#3491=ORIENTED_EDGE('',*,*,#1170,.T.);
#3492=CARTESIAN_POINT('',(785.662581774,506.011708613,170.506827725));
#3493=DIRECTION('',(-0.866025404,0.5,-0.));
#3494=VECTOR('',#3493,16.977767009);
#3495=LINE('',#3492,#3494);
#3496=EDGE_CURVE('',#1150,#1957,#3495,.T.);
#3497=ORIENTED_EDGE('',*,*,#3496,.T.);
#3498=ORIENTED_EDGE('',*,*,#1962,.F.);
#3499=ORIENTED_EDGE('',*,*,#3298,.F.);
#3500=CARTESIAN_POINT('',(845.440166358,514.500592118,170.506827725));
#3501=VERTEX_POINT('',#3500);
#3502=CARTESIAN_POINT('',(845.440166358,514.500592118,170.506827725));
#3503=DIRECTION('',(-0.5,0.866025404,0.));
#3504=VECTOR('',#3503,15.160254038);
#3505=LINE('',#3502,#3504);
#3506=EDGE_CURVE('',#3501,#3287,#3505,.T.);
#3507=ORIENTED_EDGE('',*,*,#3506,.F.);
#3508=CARTESIAN_POINT('',(830.736988829,506.011708613,170.506827725));
#3509=VERTEX_POINT('',#3508);
#3510=CARTESIAN_POINT('',(845.440166358,514.500592118,170.506827725));
#3511=DIRECTION('',(-0.866025404,-0.5,-0.));
#3512=VECTOR('',#3511,16.977767009);
#3513=LINE('',#3510,#3512);
#3514=EDGE_CURVE('',#3501,#3509,#3513,.T.);
#3515=ORIENTED_EDGE('',*,*,#3514,.T.);
#3516=CARTESIAN_POINT('',(845.236988829,480.896971903,170.506827725));
#3517=VERTEX_POINT('',#3516);
#3518=CARTESIAN_POINT('',(830.736988829,506.011708613,170.506827725));
#3519=DIRECTION('',(0.5,-0.866025404,-0.));
#3520=VECTOR('',#3519,29.);
#3521=LINE('',#3518,#3520);
#3522=EDGE_CURVE('',#3509,#3517,#3521,.T.);
#3523=ORIENTED_EDGE('',*,*,#3522,.T.);
#3524=CARTESIAN_POINT('',(859.940166358,489.385855408,170.506827725));
#3525=VERTEX_POINT('',#3524);
#3526=CARTESIAN_POINT('',(845.236988829,480.896971903,170.506827725));
#3527=DIRECTION('',(0.866025404,0.5,0.));
#3528=VECTOR('',#3527,16.977767009);
#3529=LINE('',#3526,#3528);
#3530=EDGE_CURVE('',#3517,#3525,#3529,.T.);
#3531=ORIENTED_EDGE('',*,*,#3530,.T.);
#3532=CARTESIAN_POINT('',(867.520293377,476.256690283,170.506827725));
#3533=VERTEX_POINT('',#3532);
#3534=CARTESIAN_POINT('',(867.520293377,476.256690283,170.506827725));
#3535=DIRECTION('',(-0.5,0.866025404,0.));
#3536=VECTOR('',#3535,15.160254038);
#3537=LINE('',#3534,#3536);
#3538=EDGE_CURVE('',#3533,#3525,#3537,.T.);
#3539=ORIENTED_EDGE('',*,*,#3538,.F.);
#3540=CARTESIAN_POINT('',(837.860039339,424.883623324,170.506827725));
#3541=DIRECTION('',(0.5,0.866025404,0.));
#3542=VECTOR('',#3541,59.320508076);
#3543=LINE('',#3540,#3542);
#3544=EDGE_CURVE('',#3446,#3533,#3543,.T.);
#3545=ORIENTED_EDGE('',*,*,#3544,.F.);
#3546=EDGE_LOOP('',(#3452,#3460,#3468,#3476,#3482,#3483,#3484,#3490,#3491,#3497,#3498,#3499,#3507,#3515,#3523,#3531,#3539,#3545));
#3547=FACE_BOUND('',#3546,.T.);
#3548=ADVANCED_FACE('',(#3547),#3442,.F.);
#3549=OVER_RIDING_STYLED_ITEM('',(#183),#3548,#54);
#3550=CARTESIAN_POINT('',(858.070798341,480.223671511,179.506827725));
#3551=DIRECTION('',(-0.5,0.866025404,0.));
#3552=DIRECTION('',(-0.,0.,-1.));
#3553=AXIS2_PLACEMENT_3D('',#3550,#3551,#3552);
#3554=CYLINDRICAL_SURFACE('',#3553,2.7);
#3555=CARTESIAN_POINT('',(836.570798341,517.462763874,176.806827725));
#3556=VERTEX_POINT('',#3555);
#3557=CARTESIAN_POINT('',(840.070798341,511.400586047,176.806827725));
#3558=VERTEX_POINT('',#3557);
#3559=CARTESIAN_POINT('',(836.570798341,517.462763874,176.806827725));
#3560=DIRECTION('',(0.5,-0.866025404,-0.));
#3561=VECTOR('',#3560,7.);
#3562=LINE('',#3559,#3561);
#3563=EDGE_CURVE('',#3556,#3558,#3562,.T.);
#3564=ORIENTED_EDGE('',*,*,#3563,.F.);
#3565=CARTESIAN_POINT('',(834.23252975,516.112763874,179.506827725));
#3566=VERTEX_POINT('',#3565);
#3567=CARTESIAN_POINT('',(836.570798341,517.462763874,179.506827725));
#3568=DIRECTION('',(0.5,-0.866025404,-0.));
#3569=DIRECTION('',(0.,-0.,1.));
#3570=AXIS2_PLACEMENT_3D('',#3567,#3568,#3569);
#3571=CIRCLE('',#3570,2.7);
#3572=EDGE_CURVE('',#3566,#3556,#3571,.T.);
#3573=ORIENTED_EDGE('',*,*,#3572,.F.);
#3574=CARTESIAN_POINT('',(837.73252975,510.050586047,179.506827725));
#3575=VERTEX_POINT('',#3574);
#3576=CARTESIAN_POINT('',(837.73252975,510.050586047,179.506827725));
#3577=DIRECTION('',(-0.5,0.866025404,0.));
#3578=VECTOR('',#3577,7.);
#3579=LINE('',#3576,#3578);
#3580=EDGE_CURVE('',#3575,#3566,#3579,.T.);
#3581=ORIENTED_EDGE('',*,*,#3580,.F.);
#3582=CARTESIAN_POINT('',(840.070798341,511.400586047,179.506827725));
#3583=DIRECTION('',(0.5,-0.866025404,-0.));
#3584=DIRECTION('',(-0.866025404,-0.5,-0.));
#3585=AXIS2_PLACEMENT_3D('',#3582,#3583,#3584);
#3586=CIRCLE('',#3585,2.7);
#3587=EDGE_CURVE('',#3575,#3558,#3586,.T.);
#3588=ORIENTED_EDGE('',*,*,#3587,.T.);
#3589=EDGE_LOOP('',(#3564,#3573,#3581,#3588));
#3590=FACE_BOUND('',#3589,.T.);
#3591=ADVANCED_FACE('',(#3590),#3554,.F.);
#3592=CARTESIAN_POINT('',(858.070798341,480.223671511,179.506827725));
#3593=DIRECTION('',(-0.5,0.866025404,0.));
#3594=DIRECTION('',(-0.,0.,-1.));
#3595=AXIS2_PLACEMENT_3D('',#3592,#3593,#3594);
#3596=CYLINDRICAL_SURFACE('',#3595,2.7);
#3597=CARTESIAN_POINT('',(854.570798341,486.285849338,176.806827725));
#3598=VERTEX_POINT('',#3597);
#3599=CARTESIAN_POINT('',(858.070798341,480.223671511,176.806827725));
#3600=VERTEX_POINT('',#3599);
#3601=CARTESIAN_POINT('',(854.570798341,486.285849338,176.806827725));
#3602=DIRECTION('',(0.5,-0.866025404,-0.));
#3603=VECTOR('',#3602,7.);
#3604=LINE('',#3601,#3603);
#3605=EDGE_CURVE('',#3598,#3600,#3604,.T.);
#3606=ORIENTED_EDGE('',*,*,#3605,.F.);
#3607=CARTESIAN_POINT('',(852.23252975,484.935849338,179.506827725));
#3608=VERTEX_POINT('',#3607);
#3609=CARTESIAN_POINT('',(854.570798341,486.285849338,179.506827725));
#3610=DIRECTION('',(-0.5,0.866025404,0.));
#3611=DIRECTION('',(-0.866025404,-0.5,-0.));
#3612=AXIS2_PLACEMENT_3D('',#3609,#3610,#3611);
#3613=CIRCLE('',#3612,2.7);
#3614=EDGE_CURVE('',#3598,#3608,#3613,.T.);
#3615=ORIENTED_EDGE('',*,*,#3614,.T.);
#3616=CARTESIAN_POINT('',(855.73252975,478.873671511,179.506827725));
#3617=VERTEX_POINT('',#3616);
#3618=CARTESIAN_POINT('',(855.73252975,478.873671511,179.506827725));
#3619=DIRECTION('',(-0.5,0.866025404,0.));
#3620=VECTOR('',#3619,7.);
#3621=LINE('',#3618,#3620);
#3622=EDGE_CURVE('',#3617,#3608,#3621,.T.);
#3623=ORIENTED_EDGE('',*,*,#3622,.F.);
#3624=CARTESIAN_POINT('',(858.070798341,480.223671511,179.506827725));
#3625=DIRECTION('',(0.5,-0.866025404,-0.));
#3626=DIRECTION('',(0.,-0.,1.));
#3627=AXIS2_PLACEMENT_3D('',#3624,#3625,#3626);
#3628=CIRCLE('',#3627,2.7);
#3629=EDGE_CURVE('',#3617,#3600,#3628,.T.);
#3630=ORIENTED_EDGE('',*,*,#3629,.T.);
#3631=EDGE_LOOP('',(#3606,#3615,#3623,#3630));
#3632=FACE_BOUND('',#3631,.T.);
#3633=ADVANCED_FACE('',(#3632),#3596,.F.);
#3634=CARTESIAN_POINT('',(854.570798341,486.285849338,179.506827725));
#3635=DIRECTION('',(0.5,-0.866025404,-0.));
#3636=DIRECTION('',(-0.866025404,-0.5,-0.));
#3637=AXIS2_PLACEMENT_3D('',#3634,#3635,#3636);
#3638=TOROIDAL_SURFACE('',#3637,3.4,0.7);
#3639=CARTESIAN_POINT('',(851.276311968,485.19206712,179.506827725));
#3640=VERTEX_POINT('',#3639);
#3641=CARTESIAN_POINT('',(851.626311968,485.285849338,179.506827725));
#3642=VERTEX_POINT('',#3641);
#3643=CARTESIAN_POINT('',(851.626311968,484.585849338,179.506827725));
#3644=DIRECTION('',(0.,0.,-1.));
#3645=DIRECTION('',(-1.,0.,0.));
#3646=AXIS2_PLACEMENT_3D('',#3643,#3644,#3645);
#3647=CIRCLE('',#3646,0.7);
#3648=EDGE_CURVE('',#3640,#3642,#3647,.T.);
#3649=ORIENTED_EDGE('',*,*,#3648,.T.);
#3650=CARTESIAN_POINT('',(851.626311968,484.585849338,179.506827725));
#3651=DIRECTION('',(0.,0.,-1.));
#3652=DIRECTION('',(-1.,0.,0.));
#3653=AXIS2_PLACEMENT_3D('',#3650,#3651,#3652);
#3654=CIRCLE('',#3653,0.7);
#3655=EDGE_CURVE('',#3642,#3608,#3654,.T.);
#3656=ORIENTED_EDGE('',*,*,#3655,.T.);
#3657=ORIENTED_EDGE('',*,*,#3614,.F.);
#3658=CARTESIAN_POINT('',(856.909066931,487.635849338,179.506827725));
#3659=VERTEX_POINT('',#3658);
#3660=CARTESIAN_POINT('',(854.570798341,486.285849338,179.506827725));
#3661=DIRECTION('',(-0.5,0.866025404,0.));
#3662=DIRECTION('',(-0.866025404,-0.5,-0.));
#3663=AXIS2_PLACEMENT_3D('',#3660,#3661,#3662);
#3664=CIRCLE('',#3663,2.7);
#3665=EDGE_CURVE('',#3659,#3598,#3664,.T.);
#3666=ORIENTED_EDGE('',*,*,#3665,.F.);
#3667=CARTESIAN_POINT('',(857.165284713,488.59206712,179.506827725));
#3668=VERTEX_POINT('',#3667);
#3669=CARTESIAN_POINT('',(857.515284713,487.985849338,179.506827725));
#3670=DIRECTION('',(-0.,-0.,1.));
#3671=DIRECTION('',(1.,-0.,0.));
#3672=AXIS2_PLACEMENT_3D('',#3669,#3670,#3671);
#3673=CIRCLE('',#3672,0.7);
#3674=EDGE_CURVE('',#3668,#3659,#3673,.T.);
#3675=ORIENTED_EDGE('',*,*,#3674,.F.);
#3676=CARTESIAN_POINT('',(854.220798341,486.89206712,179.506827725));
#3677=DIRECTION('',(0.5,-0.866025404,-0.));
#3678=DIRECTION('',(-0.866025404,-0.5,-0.));
#3679=AXIS2_PLACEMENT_3D('',#3676,#3677,#3678);
#3680=CIRCLE('',#3679,3.4);
#3681=EDGE_CURVE('',#3640,#3668,#3680,.T.);
#3682=ORIENTED_EDGE('',*,*,#3681,.F.);
#3683=EDGE_LOOP('',(#3649,#3656,#3657,#3666,#3675,#3682));
#3684=FACE_BOUND('',#3683,.T.);
#3685=ADVANCED_FACE('',(#3684),#3638,.T.);
#3686=CARTESIAN_POINT('',(851.626311968,484.585849338,62.406827725));
#3687=DIRECTION('',(0.,-0.,1.));
#3688=DIRECTION('',(0.,1.,0.));
#3689=AXIS2_PLACEMENT_3D('',#3686,#3687,#3688);
#3690=CYLINDRICAL_SURFACE('',#3689,0.7);
#3691=CARTESIAN_POINT('',(851.626311968,485.285849338,183.806827725));
#3692=VERTEX_POINT('',#3691);
#3693=CARTESIAN_POINT('',(851.626311968,485.285849338,183.806827725));
#3694=DIRECTION('',(-0.,0.,-1.));
#3695=VECTOR('',#3694,4.3);
#3696=LINE('',#3693,#3695);
#3697=EDGE_CURVE('',#3692,#3642,#3696,.T.);
#3698=ORIENTED_EDGE('',*,*,#3697,.T.);
#3699=ORIENTED_EDGE('',*,*,#3648,.F.);
#3700=CARTESIAN_POINT('',(851.276311968,485.19206712,183.806827725));
#3701=VERTEX_POINT('',#3700);
#3702=CARTESIAN_POINT('',(851.276311968,485.19206712,183.806827725));
#3703=DIRECTION('',(-0.,0.,-1.));
#3704=VECTOR('',#3703,4.3);
#3705=LINE('',#3702,#3704);
#3706=EDGE_CURVE('',#3701,#3640,#3705,.T.);
#3707=ORIENTED_EDGE('',*,*,#3706,.F.);
#3708=CARTESIAN_POINT('',(851.626311968,484.585849338,183.806827725));
#3709=DIRECTION('',(-0.,0.,-1.));
#3710=DIRECTION('',(0.,1.,0.));
#3711=AXIS2_PLACEMENT_3D('',#3708,#3709,#3710);
#3712=CIRCLE('',#3711,0.7);
#3713=EDGE_CURVE('',#3701,#3692,#3712,.T.);
#3714=ORIENTED_EDGE('',*,*,#3713,.T.);
#3715=EDGE_LOOP('',(#3698,#3699,#3707,#3714));
#3716=FACE_BOUND('',#3715,.T.);
#3717=ADVANCED_FACE('',(#3716),#3690,.T.);
#3718=CARTESIAN_POINT('',(857.515284713,487.985849338,62.406827725));
#3719=DIRECTION('',(-0.,0.,-1.));
#3720=DIRECTION('',(-0.,-1.,-0.));
#3721=AXIS2_PLACEMENT_3D('',#3718,#3719,#3720);
#3722=CYLINDRICAL_SURFACE('',#3721,0.7);
#3723=ORIENTED_EDGE('',*,*,#3674,.T.);
#3724=CARTESIAN_POINT('',(856.909066931,487.635849338,183.806827725));
#3725=VERTEX_POINT('',#3724);
#3726=CARTESIAN_POINT('',(856.909066931,487.635849338,183.806827725));
#3727=DIRECTION('',(-0.,0.,-1.));
#3728=VECTOR('',#3727,4.3);
#3729=LINE('',#3726,#3728);
#3730=EDGE_CURVE('',#3725,#3659,#3729,.T.);
#3731=ORIENTED_EDGE('',*,*,#3730,.F.);
#3732=CARTESIAN_POINT('',(856.815284713,487.985849338,183.806827725));
#3733=VERTEX_POINT('',#3732);
#3734=CARTESIAN_POINT('',(857.515284713,487.985849338,183.806827725));
#3735=DIRECTION('',(0.,-0.,1.));
#3736=DIRECTION('',(-0.,-1.,-0.));
#3737=AXIS2_PLACEMENT_3D('',#3734,#3735,#3736);
#3738=CIRCLE('',#3737,0.7);
#3739=EDGE_CURVE('',#3733,#3725,#3738,.T.);
#3740=ORIENTED_EDGE('',*,*,#3739,.F.);
#3741=CARTESIAN_POINT('',(857.165284713,488.59206712,183.806827725));
#3742=VERTEX_POINT('',#3741);
#3743=CARTESIAN_POINT('',(857.515284713,487.985849338,183.806827725));
#3744=DIRECTION('',(0.,-0.,1.));
#3745=DIRECTION('',(-0.,-1.,-0.));
#3746=AXIS2_PLACEMENT_3D('',#3743,#3744,#3745);
#3747=CIRCLE('',#3746,0.7);
#3748=EDGE_CURVE('',#3742,#3733,#3747,.T.);
#3749=ORIENTED_EDGE('',*,*,#3748,.F.);
#3750=CARTESIAN_POINT('',(857.165284713,488.59206712,179.506827725));
#3751=DIRECTION('',(0.,-0.,1.));
#3752=VECTOR('',#3751,4.3);
#3753=LINE('',#3750,#3752);
#3754=EDGE_CURVE('',#3668,#3742,#3753,.T.);
#3755=ORIENTED_EDGE('',*,*,#3754,.F.);
#3756=EDGE_LOOP('',(#3723,#3731,#3740,#3749,#3755));
#3757=FACE_BOUND('',#3756,.T.);
#3758=ADVANCED_FACE('',(#3757),#3722,.T.);
#3759=CARTESIAN_POINT('',(840.070798341,511.400586047,179.506827725));
#3760=DIRECTION('',(0.5,-0.866025404,-0.));
#3761=DIRECTION('',(-0.866025404,-0.5,-0.));
#3762=AXIS2_PLACEMENT_3D('',#3759,#3760,#3761);
#3763=TOROIDAL_SURFACE('',#3762,3.4,0.7);
#3764=CARTESIAN_POINT('',(843.365284713,512.494368265,179.506827725));
#3765=VERTEX_POINT('',#3764);
#3766=CARTESIAN_POINT('',(843.015284713,512.400586047,179.506827725));
#3767=VERTEX_POINT('',#3766);
#3768=CARTESIAN_POINT('',(843.015284713,513.100586047,179.506827725));
#3769=DIRECTION('',(0.,0.,-1.));
#3770=DIRECTION('',(-1.,0.,0.));
#3771=AXIS2_PLACEMENT_3D('',#3768,#3769,#3770);
#3772=CIRCLE('',#3771,0.7);
#3773=EDGE_CURVE('',#3765,#3767,#3772,.T.);
#3774=ORIENTED_EDGE('',*,*,#3773,.T.);
#3775=CARTESIAN_POINT('',(842.409066931,512.750586047,179.506827725));
#3776=VERTEX_POINT('',#3775);
#3777=CARTESIAN_POINT('',(843.015284713,513.100586047,179.506827725));
#3778=DIRECTION('',(0.,0.,-1.));
#3779=DIRECTION('',(-1.,0.,0.));
#3780=AXIS2_PLACEMENT_3D('',#3777,#3778,#3779);
#3781=CIRCLE('',#3780,0.7);
#3782=EDGE_CURVE('',#3767,#3776,#3781,.T.);
#3783=ORIENTED_EDGE('',*,*,#3782,.T.);
#3784=CARTESIAN_POINT('',(840.070798341,511.400586047,179.506827725));
#3785=DIRECTION('',(0.5,-0.866025404,-0.));
#3786=DIRECTION('',(-0.866025404,-0.5,-0.));
#3787=AXIS2_PLACEMENT_3D('',#3784,#3785,#3786);
#3788=CIRCLE('',#3787,2.7);
#3789=EDGE_CURVE('',#3558,#3776,#3788,.T.);
#3790=ORIENTED_EDGE('',*,*,#3789,.F.);
#3791=ORIENTED_EDGE('',*,*,#3587,.F.);
#3792=CARTESIAN_POINT('',(837.476311968,509.094368265,179.506827725));
#3793=VERTEX_POINT('',#3792);
#3794=CARTESIAN_POINT('',(837.126311968,509.700586047,179.506827725));
#3795=DIRECTION('',(-0.,-0.,1.));
#3796=DIRECTION('',(1.,-0.,0.));
#3797=AXIS2_PLACEMENT_3D('',#3794,#3795,#3796);
#3798=CIRCLE('',#3797,0.7);
#3799=EDGE_CURVE('',#3793,#3575,#3798,.T.);
#3800=ORIENTED_EDGE('',*,*,#3799,.F.);
#3801=CARTESIAN_POINT('',(840.420798341,510.794368265,179.506827725));
#3802=DIRECTION('',(-0.5,0.866025404,0.));
#3803=DIRECTION('',(-0.866025404,-0.5,-0.));
#3804=AXIS2_PLACEMENT_3D('',#3801,#3802,#3803);
#3805=CIRCLE('',#3804,3.4);
#3806=EDGE_CURVE('',#3765,#3793,#3805,.T.);
#3807=ORIENTED_EDGE('',*,*,#3806,.F.);
#3808=EDGE_LOOP('',(#3774,#3783,#3790,#3791,#3800,#3807));
#3809=FACE_BOUND('',#3808,.T.);
#3810=ADVANCED_FACE('',(#3809),#3763,.T.);
#3811=CARTESIAN_POINT('',(843.015284713,513.100586047,62.406827725));
#3812=DIRECTION('',(-0.,0.,-1.));
#3813=DIRECTION('',(-0.,-1.,-0.));
#3814=AXIS2_PLACEMENT_3D('',#3811,#3812,#3813);
#3815=CYLINDRICAL_SURFACE('',#3814,0.7);
#3816=CARTESIAN_POINT('',(843.015284713,512.400586047,183.806827725));
#3817=VERTEX_POINT('',#3816);
#3818=CARTESIAN_POINT('',(843.015284713,512.400586047,179.506827725));
#3819=DIRECTION('',(0.,-0.,1.));
#3820=VECTOR('',#3819,4.3);
#3821=LINE('',#3818,#3820);
#3822=EDGE_CURVE('',#3767,#3817,#3821,.T.);
#3823=ORIENTED_EDGE('',*,*,#3822,.T.);
#3824=CARTESIAN_POINT('',(842.409066931,512.750586047,183.806827725));
#3825=VERTEX_POINT('',#3824);
#3826=CARTESIAN_POINT('',(843.015284713,513.100586047,183.806827725));
#3827=DIRECTION('',(-0.,0.,-1.));
#3828=DIRECTION('',(-0.,-1.,-0.));
#3829=AXIS2_PLACEMENT_3D('',#3826,#3827,#3828);
#3830=CIRCLE('',#3829,0.7);
#3831=EDGE_CURVE('',#3817,#3825,#3830,.T.);
#3832=ORIENTED_EDGE('',*,*,#3831,.T.);
#3833=CARTESIAN_POINT('',(842.409066931,512.750586047,179.506827725));
#3834=DIRECTION('',(0.,-0.,1.));
#3835=VECTOR('',#3834,4.3);
#3836=LINE('',#3833,#3835);
#3837=EDGE_CURVE('',#3776,#3825,#3836,.T.);
#3838=ORIENTED_EDGE('',*,*,#3837,.F.);
#3839=ORIENTED_EDGE('',*,*,#3782,.F.);
#3840=EDGE_LOOP('',(#3823,#3832,#3838,#3839));
#3841=FACE_BOUND('',#3840,.T.);
#3842=ADVANCED_FACE('',(#3841),#3815,.T.);
#3843=CARTESIAN_POINT('',(837.126311968,509.700586047,62.406827725));
#3844=DIRECTION('',(0.,-0.,1.));
#3845=DIRECTION('',(0.,1.,0.));
#3846=AXIS2_PLACEMENT_3D('',#3843,#3844,#3845);
#3847=CYLINDRICAL_SURFACE('',#3846,0.7);
#3848=ORIENTED_EDGE('',*,*,#3799,.T.);
#3849=CARTESIAN_POINT('',(837.73252975,510.050586047,183.806827725));
#3850=VERTEX_POINT('',#3849);
#3851=CARTESIAN_POINT('',(837.73252975,510.050586047,183.806827725));
#3852=DIRECTION('',(-0.,0.,-1.));
#3853=VECTOR('',#3852,4.3);
#3854=LINE('',#3851,#3853);
#3855=EDGE_CURVE('',#3850,#3575,#3854,.T.);
#3856=ORIENTED_EDGE('',*,*,#3855,.F.);
#3857=CARTESIAN_POINT('',(837.476311968,509.094368265,183.806827725));
#3858=VERTEX_POINT('',#3857);
#3859=CARTESIAN_POINT('',(837.126311968,509.700586047,183.806827725));
#3860=DIRECTION('',(0.,-0.,1.));
#3861=DIRECTION('',(0.,1.,0.));
#3862=AXIS2_PLACEMENT_3D('',#3859,#3860,#3861);
#3863=CIRCLE('',#3862,0.7);
#3864=EDGE_CURVE('',#3858,#3850,#3863,.T.);
#3865=ORIENTED_EDGE('',*,*,#3864,.F.);
#3866=CARTESIAN_POINT('',(837.476311968,509.094368265,179.506827725));
#3867=DIRECTION('',(0.,-0.,1.));
#3868=VECTOR('',#3867,4.3);
#3869=LINE('',#3866,#3868);
#3870=EDGE_CURVE('',#3793,#3858,#3869,.T.);
#3871=ORIENTED_EDGE('',*,*,#3870,.F.);
#3872=EDGE_LOOP('',(#3848,#3856,#3865,#3871));
#3873=FACE_BOUND('',#3872,.T.);
#3874=ADVANCED_FACE('',(#3873),#3847,.T.);
#3875=CARTESIAN_POINT('',(860.409066931,481.573671511,183.956827725));
#3876=DIRECTION('',(-0.866025404,-0.5,-0.));
#3877=DIRECTION('',(-0.5,0.866025404,0.));
#3878=AXIS2_PLACEMENT_3D('',#3875,#3876,#3877);
#3879=PLANE('',#3878);
#3880=ORIENTED_EDGE('',*,*,#3837,.T.);
#3881=CARTESIAN_POINT('',(838.909066931,518.812763874,183.806827725));
#3882=VERTEX_POINT('',#3881);
#3883=CARTESIAN_POINT('',(842.409066931,512.750586047,183.806827725));
#3884=DIRECTION('',(-0.5,0.866025404,0.));
#3885=VECTOR('',#3884,7.);
#3886=LINE('',#3883,#3885);
#3887=EDGE_CURVE('',#3825,#3882,#3886,.T.);
#3888=ORIENTED_EDGE('',*,*,#3887,.T.);
#3889=CARTESIAN_POINT('',(838.909066931,518.812763874,179.506827725));
#3890=VERTEX_POINT('',#3889);
#3891=CARTESIAN_POINT('',(838.909066931,518.812763874,179.506827725));
#3892=DIRECTION('',(0.,-0.,1.));
#3893=VECTOR('',#3892,4.3);
#3894=LINE('',#3891,#3893);
#3895=EDGE_CURVE('',#3890,#3882,#3894,.T.);
#3896=ORIENTED_EDGE('',*,*,#3895,.F.);
#3897=CARTESIAN_POINT('',(842.409066931,512.750586047,179.506827725));
#3898=DIRECTION('',(-0.5,0.866025404,0.));
#3899=VECTOR('',#3898,7.);
#3900=LINE('',#3897,#3899);
#3901=EDGE_CURVE('',#3776,#3890,#3900,.T.);
#3902=ORIENTED_EDGE('',*,*,#3901,.F.);
#3903=EDGE_LOOP('',(#3880,#3888,#3896,#3902));
#3904=FACE_BOUND('',#3903,.T.);
#3905=ADVANCED_FACE('',(#3904),#3879,.T.);
#3906=CARTESIAN_POINT('',(843.015284713,513.100586047,183.806827725));
#3907=DIRECTION('',(0.,0.,-1.));
#3908=DIRECTION('',(-1.,0.,0.));
#3909=AXIS2_PLACEMENT_3D('',#3906,#3907,#3908);
#3910=SPHERICAL_SURFACE('',#3909,0.7);
#3911=ORIENTED_EDGE('',*,*,#3831,.F.);
#3912=CARTESIAN_POINT('',(843.365284713,512.494368265,183.806827725));
#3913=VERTEX_POINT('',#3912);
#3914=CARTESIAN_POINT('',(843.015284713,513.100586047,183.806827725));
#3915=DIRECTION('',(-0.,0.,-1.));
#3916=DIRECTION('',(-0.,-1.,-0.));
#3917=AXIS2_PLACEMENT_3D('',#3914,#3915,#3916);
#3918=CIRCLE('',#3917,0.7);
#3919=EDGE_CURVE('',#3913,#3817,#3918,.T.);
#3920=ORIENTED_EDGE('',*,*,#3919,.F.);
#3921=CARTESIAN_POINT('',(843.015284713,513.100586047,183.806827725));
#3922=DIRECTION('',(-0.866025404,-0.5,-0.));
#3923=DIRECTION('',(-0.5,0.866025404,0.));
#3924=AXIS2_PLACEMENT_3D('',#3921,#3922,#3923);
#3925=CIRCLE('',#3924,0.7);
#3926=EDGE_CURVE('',#3913,#3359,#3925,.T.);
#3927=ORIENTED_EDGE('',*,*,#3926,.T.);
#3928=CARTESIAN_POINT('',(843.015284713,513.100586047,183.806827725));
#3929=DIRECTION('',(-0.5,0.866025404,0.));
#3930=DIRECTION('',(0.866025404,0.5,0.));
#3931=AXIS2_PLACEMENT_3D('',#3928,#3929,#3930);
#3932=CIRCLE('',#3931,0.7);
#3933=EDGE_CURVE('',#3825,#3359,#3932,.T.);
#3934=ORIENTED_EDGE('',*,*,#3933,.F.);
#3935=EDGE_LOOP('',(#3911,#3920,#3927,#3934));
#3936=FACE_BOUND('',#3935,.T.);
#3937=ADVANCED_FACE('',(#3936),#3910,.T.);
#3938=CARTESIAN_POINT('',(768.25095939,478.018286465,62.406827725));
#3939=DIRECTION('',(0.5,-0.866025404,-0.));
#3940=DIRECTION('',(0.866025404,0.5,0.));
#3941=AXIS2_PLACEMENT_3D('',#3938,#3939,#3940);
#3942=PLANE('',#3941);
#3943=ORIENTED_EDGE('',*,*,#3895,.T.);
#3944=CARTESIAN_POINT('',(834.23252975,516.112763874,183.806827725));
#3945=VERTEX_POINT('',#3944);
#3946=CARTESIAN_POINT('',(838.909066931,518.812763874,183.806827725));
#3947=DIRECTION('',(-0.866025404,-0.5,-0.));
#3948=VECTOR('',#3947,5.4);
#3949=LINE('',#3946,#3948);
#3950=EDGE_CURVE('',#3882,#3945,#3949,.T.);
#3951=ORIENTED_EDGE('',*,*,#3950,.T.);
#3952=CARTESIAN_POINT('',(834.23252975,516.112763874,183.806827725));
#3953=DIRECTION('',(-0.,0.,-1.));
#3954=VECTOR('',#3953,4.3);
#3955=LINE('',#3952,#3954);
#3956=EDGE_CURVE('',#3945,#3566,#3955,.T.);
#3957=ORIENTED_EDGE('',*,*,#3956,.T.);
#3958=ORIENTED_EDGE('',*,*,#3572,.T.);
#3959=CARTESIAN_POINT('',(836.570798341,517.462763874,179.506827725));
#3960=DIRECTION('',(0.5,-0.866025404,-0.));
#3961=DIRECTION('',(0.,-0.,1.));
#3962=AXIS2_PLACEMENT_3D('',#3959,#3960,#3961);
#3963=CIRCLE('',#3962,2.7);
#3964=EDGE_CURVE('',#3556,#3890,#3963,.T.);
#3965=ORIENTED_EDGE('',*,*,#3964,.T.);
#3966=EDGE_LOOP('',(#3943,#3951,#3957,#3958,#3965));
#3967=FACE_BOUND('',#3966,.T.);
#3968=ADVANCED_FACE('',(#3967),#3942,.T.);
#3969=CARTESIAN_POINT('',(855.73252975,478.873671511,183.956827725));
#3970=DIRECTION('',(0.866025404,0.5,0.));
#3971=DIRECTION('',(0.5,-0.866025404,-0.));
#3972=AXIS2_PLACEMENT_3D('',#3969,#3970,#3971);
#3973=PLANE('',#3972);
#3974=CARTESIAN_POINT('',(834.23252975,516.112763874,183.806827725));
#3975=DIRECTION('',(0.5,-0.866025404,-0.));
#3976=VECTOR('',#3975,7.);
#3977=LINE('',#3974,#3976);
#3978=EDGE_CURVE('',#3945,#3850,#3977,.T.);
#3979=ORIENTED_EDGE('',*,*,#3978,.T.);
#3980=ORIENTED_EDGE('',*,*,#3855,.T.);
#3981=ORIENTED_EDGE('',*,*,#3580,.T.);
#3982=ORIENTED_EDGE('',*,*,#3956,.F.);
#3983=EDGE_LOOP('',(#3979,#3980,#3981,#3982));
#3984=FACE_BOUND('',#3983,.T.);
#3985=ADVANCED_FACE('',(#3984),#3973,.T.);
#3986=CARTESIAN_POINT('',(837.126311968,509.700586047,183.806827725));
#3987=DIRECTION('',(0.,0.,-1.));
#3988=DIRECTION('',(-1.,0.,0.));
#3989=AXIS2_PLACEMENT_3D('',#3986,#3987,#3988);
#3990=SPHERICAL_SURFACE('',#3989,0.7);
#3991=ORIENTED_EDGE('',*,*,#3864,.T.);
#3992=CARTESIAN_POINT('',(837.126311968,509.700586047,183.806827725));
#3993=DIRECTION('',(0.5,-0.866025404,-0.));
#3994=DIRECTION('',(-0.866025404,-0.5,-0.));
#3995=AXIS2_PLACEMENT_3D('',#3992,#3993,#3994);
#3996=CIRCLE('',#3995,0.7);
#3997=EDGE_CURVE('',#3850,#3335,#3996,.T.);
#3998=ORIENTED_EDGE('',*,*,#3997,.T.);
#3999=CARTESIAN_POINT('',(837.126311968,509.700586047,183.806827725));
#4000=DIRECTION('',(-0.866025404,-0.5,-0.));
#4001=DIRECTION('',(-0.5,0.866025404,0.));
#4002=AXIS2_PLACEMENT_3D('',#3999,#4000,#4001);
#4003=CIRCLE('',#4002,0.7);
#4004=EDGE_CURVE('',#3858,#3335,#4003,.T.);
#4005=ORIENTED_EDGE('',*,*,#4004,.F.);
#4006=EDGE_LOOP('',(#3991,#3998,#4005));
#4007=FACE_BOUND('',#4006,.T.);
#4008=ADVANCED_FACE('',(#4007),#3990,.T.);
#4009=CARTESIAN_POINT('',(855.73252975,478.873671511,183.956827725));
#4010=DIRECTION('',(0.866025404,0.5,0.));
#4011=DIRECTION('',(0.5,-0.866025404,-0.));
#4012=AXIS2_PLACEMENT_3D('',#4009,#4010,#4011);
#4013=PLANE('',#4012);
#4014=ORIENTED_EDGE('',*,*,#3622,.T.);
#4015=CARTESIAN_POINT('',(852.23252975,484.935849338,183.806827725));
#4016=VERTEX_POINT('',#4015);
#4017=CARTESIAN_POINT('',(852.23252975,484.935849338,179.506827725));
#4018=DIRECTION('',(0.,-0.,1.));
#4019=VECTOR('',#4018,4.3);
#4020=LINE('',#4017,#4019);
#4021=EDGE_CURVE('',#3608,#4016,#4020,.T.);
#4022=ORIENTED_EDGE('',*,*,#4021,.T.);
#4023=CARTESIAN_POINT('',(855.73252975,478.873671511,183.806827725));
#4024=VERTEX_POINT('',#4023);
#4025=CARTESIAN_POINT('',(852.23252975,484.935849338,183.806827725));
#4026=DIRECTION('',(0.5,-0.866025404,-0.));
#4027=VECTOR('',#4026,7.);
#4028=LINE('',#4025,#4027);
#4029=EDGE_CURVE('',#4016,#4024,#4028,.T.);
#4030=ORIENTED_EDGE('',*,*,#4029,.T.);
#4031=CARTESIAN_POINT('',(855.73252975,478.873671511,183.806827725));
#4032=DIRECTION('',(-0.,0.,-1.));
#4033=VECTOR('',#4032,4.3);
#4034=LINE('',#4031,#4033);
#4035=EDGE_CURVE('',#4024,#3617,#4034,.T.);
#4036=ORIENTED_EDGE('',*,*,#4035,.T.);
#4037=EDGE_LOOP('',(#4014,#4022,#4030,#4036));
#4038=FACE_BOUND('',#4037,.T.);
#4039=ADVANCED_FACE('',(#4038),#4013,.T.);
#4040=CARTESIAN_POINT('',(851.626311968,484.585849338,183.806827725));
#4041=DIRECTION('',(0.,0.,-1.));
#4042=DIRECTION('',(-1.,0.,0.));
#4043=AXIS2_PLACEMENT_3D('',#4040,#4041,#4042);
#4044=SPHERICAL_SURFACE('',#4043,0.7);
#4045=CARTESIAN_POINT('',(851.626311968,484.585849338,183.806827725));
#4046=DIRECTION('',(-0.,0.,-1.));
#4047=DIRECTION('',(0.,1.,0.));
#4048=AXIS2_PLACEMENT_3D('',#4045,#4046,#4047);
#4049=CIRCLE('',#4048,0.7);
#4050=EDGE_CURVE('',#3692,#4016,#4049,.T.);
#4051=ORIENTED_EDGE('',*,*,#4050,.F.);
#4052=ORIENTED_EDGE('',*,*,#3713,.F.);
#4053=CARTESIAN_POINT('',(851.626311968,484.585849338,184.506827725));
#4054=VERTEX_POINT('',#4053);
#4055=CARTESIAN_POINT('',(851.626311968,484.585849338,183.806827725));
#4056=DIRECTION('',(0.866025404,0.5,0.));
#4057=DIRECTION('',(-0.5,0.866025404,0.));
#4058=AXIS2_PLACEMENT_3D('',#4055,#4056,#4057);
#4059=CIRCLE('',#4058,0.7);
#4060=EDGE_CURVE('',#3701,#4054,#4059,.T.);
#4061=ORIENTED_EDGE('',*,*,#4060,.T.);
#4062=CARTESIAN_POINT('',(851.626311968,484.585849338,183.806827725));
#4063=DIRECTION('',(0.5,-0.866025404,-0.));
#4064=DIRECTION('',(-0.866025404,-0.5,-0.));
#4065=AXIS2_PLACEMENT_3D('',#4062,#4063,#4064);
#4066=CIRCLE('',#4065,0.7);
#4067=EDGE_CURVE('',#4016,#4054,#4066,.T.);
#4068=ORIENTED_EDGE('',*,*,#4067,.F.);
#4069=EDGE_LOOP('',(#4051,#4052,#4061,#4068));
#4070=FACE_BOUND('',#4069,.T.);
#4071=ADVANCED_FACE('',(#4070),#4044,.T.);
#4072=CARTESIAN_POINT('',(789.75095939,440.779194102,62.406827725));
#4073=DIRECTION('',(0.5,-0.866025404,-0.));
#4074=DIRECTION('',(0.866025404,0.5,0.));
#4075=AXIS2_PLACEMENT_3D('',#4072,#4073,#4074);
#4076=PLANE('',#4075);
#4077=ORIENTED_EDGE('',*,*,#4035,.F.);
#4078=CARTESIAN_POINT('',(860.409066931,481.573671511,183.806827725));
#4079=VERTEX_POINT('',#4078);
#4080=CARTESIAN_POINT('',(855.73252975,478.873671511,183.806827725));
#4081=DIRECTION('',(0.866025404,0.5,0.));
#4082=VECTOR('',#4081,5.4);
#4083=LINE('',#4080,#4082);
#4084=EDGE_CURVE('',#4024,#4079,#4083,.T.);
#4085=ORIENTED_EDGE('',*,*,#4084,.T.);
#4086=CARTESIAN_POINT('',(860.409066931,481.573671511,179.506827725));
#4087=VERTEX_POINT('',#4086);
#4088=CARTESIAN_POINT('',(860.409066931,481.573671511,179.506827725));
#4089=DIRECTION('',(0.,-0.,1.));
#4090=VECTOR('',#4089,4.3);
#4091=LINE('',#4088,#4090);
#4092=EDGE_CURVE('',#4087,#4079,#4091,.T.);
#4093=ORIENTED_EDGE('',*,*,#4092,.F.);
#4094=CARTESIAN_POINT('',(858.070798341,480.223671511,179.506827725));
#4095=DIRECTION('',(0.5,-0.866025404,-0.));
#4096=DIRECTION('',(0.,-0.,1.));
#4097=AXIS2_PLACEMENT_3D('',#4094,#4095,#4096);
#4098=CIRCLE('',#4097,2.7);
#4099=EDGE_CURVE('',#3600,#4087,#4098,.T.);
#4100=ORIENTED_EDGE('',*,*,#4099,.F.);
#4101=ORIENTED_EDGE('',*,*,#3629,.F.);
#4102=EDGE_LOOP('',(#4077,#4085,#4093,#4100,#4101));
#4103=FACE_BOUND('',#4102,.T.);
#4104=ADVANCED_FACE('',(#4103),#4076,.F.);
#4105=CARTESIAN_POINT('',(860.409066931,481.573671511,183.956827725));
#4106=DIRECTION('',(-0.866025404,-0.5,-0.));
#4107=DIRECTION('',(-0.5,0.866025404,0.));
#4108=AXIS2_PLACEMENT_3D('',#4105,#4106,#4107);
#4109=PLANE('',#4108);
#4110=CARTESIAN_POINT('',(860.409066931,481.573671511,183.806827725));
#4111=DIRECTION('',(-0.5,0.866025404,0.));
#4112=VECTOR('',#4111,7.);
#4113=LINE('',#4110,#4112);
#4114=EDGE_CURVE('',#4079,#3725,#4113,.T.);
#4115=ORIENTED_EDGE('',*,*,#4114,.T.);
#4116=ORIENTED_EDGE('',*,*,#3730,.T.);
#4117=CARTESIAN_POINT('',(860.409066931,481.573671511,179.506827725));
#4118=DIRECTION('',(-0.5,0.866025404,0.));
#4119=VECTOR('',#4118,7.);
#4120=LINE('',#4117,#4119);
#4121=EDGE_CURVE('',#4087,#3659,#4120,.T.);
#4122=ORIENTED_EDGE('',*,*,#4121,.F.);
#4123=ORIENTED_EDGE('',*,*,#4092,.T.);
#4124=EDGE_LOOP('',(#4115,#4116,#4122,#4123));
#4125=FACE_BOUND('',#4124,.T.);
#4126=ADVANCED_FACE('',(#4125),#4109,.T.);
#4127=CARTESIAN_POINT('',(857.515284713,487.985849338,183.806827725));
#4128=DIRECTION('',(0.,0.,-1.));
#4129=DIRECTION('',(-1.,0.,0.));
#4130=AXIS2_PLACEMENT_3D('',#4127,#4128,#4129);
#4131=SPHERICAL_SURFACE('',#4130,0.7);
#4132=CARTESIAN_POINT('',(857.515284713,487.985849338,184.506827725));
#4133=VERTEX_POINT('',#4132);
#4134=CARTESIAN_POINT('',(857.515284713,487.985849338,183.806827725));
#4135=DIRECTION('',(0.,1.,0.));
#4136=DIRECTION('',(-1.,0.,0.));
#4137=AXIS2_PLACEMENT_3D('',#4134,#4135,#4136);
#4138=CIRCLE('',#4137,0.7);
#4139=EDGE_CURVE('',#3733,#4133,#4138,.T.);
#4140=ORIENTED_EDGE('',*,*,#4139,.T.);
#4141=CARTESIAN_POINT('',(857.515284713,487.985849338,183.806827725));
#4142=DIRECTION('',(0.866025404,0.5,0.));
#4143=DIRECTION('',(-0.5,0.866025404,0.));
#4144=AXIS2_PLACEMENT_3D('',#4141,#4142,#4143);
#4145=CIRCLE('',#4144,0.7);
#4146=EDGE_CURVE('',#3742,#4133,#4145,.T.);
#4147=ORIENTED_EDGE('',*,*,#4146,.F.);
#4148=ORIENTED_EDGE('',*,*,#3748,.T.);
#4149=EDGE_LOOP('',(#4140,#4147,#4148));
#4150=FACE_BOUND('',#4149,.T.);
#4151=ADVANCED_FACE('',(#4150),#4131,.T.);
#4152=CARTESIAN_POINT('',(840.570798341,510.534560644,179.506827725));
#4153=DIRECTION('',(0.5,-0.866025404,-0.));
#4154=DIRECTION('',(0.,-0.,1.));
#4155=AXIS2_PLACEMENT_3D('',#4152,#4153,#4154);
#4156=CYLINDRICAL_SURFACE('',#4155,8.6);
#4157=CARTESIAN_POINT('',(835.498468754,502.409897368,177.934784715));
#4158=VERTEX_POINT('',#4157);
#4159=CARTESIAN_POINT('',(844.498468754,486.8214401,177.934784715));
#4160=VERTEX_POINT('',#4159);
#4161=CARTESIAN_POINT('',(835.498468754,502.409897368,177.934784715));
#4162=DIRECTION('',(0.5,-0.866025404,-0.));
#4163=VECTOR('',#4162,18.);
#4164=LINE('',#4161,#4163);
#4165=EDGE_CURVE('',#4158,#4160,#4164,.T.);
#4166=ORIENTED_EDGE('',*,*,#4165,.T.);
#4167=CARTESIAN_POINT('',(844.372979868,486.748989058,179.506827725));
#4168=VERTEX_POINT('',#4167);
#4169=CARTESIAN_POINT('',(851.820798341,491.048989058,179.506827725));
#4170=DIRECTION('',(-0.5,0.866025404,0.));
#4171=DIRECTION('',(-0.866025404,-0.5,-0.));
#4172=AXIS2_PLACEMENT_3D('',#4169,#4170,#4171);
#4173=CIRCLE('',#4172,8.6);
#4174=EDGE_CURVE('',#4160,#4168,#4173,.T.);
#4175=ORIENTED_EDGE('',*,*,#4174,.T.);
#4176=CARTESIAN_POINT('',(844.441297386,486.788432196,180.668989888));
#4177=VERTEX_POINT('',#4176);
#4178=CARTESIAN_POINT('',(851.820798341,491.048989058,179.506827725));
#4179=DIRECTION('',(-0.5,0.866025404,0.));
#4180=DIRECTION('',(-0.866025404,-0.5,-0.));
#4181=AXIS2_PLACEMENT_3D('',#4178,#4179,#4180);
#4182=CIRCLE('',#4181,8.6);
#4183=EDGE_CURVE('',#4168,#4177,#4182,.T.);
#4184=ORIENTED_EDGE('',*,*,#4183,.T.);
#4185=CARTESIAN_POINT('',(845.064338703,485.993444729,181.443764662));
#4186=VERTEX_POINT('',#4185);
#4187=CARTESIAN_POINT('',(844.441297386,486.788432196,180.668989888));
#4188=CARTESIAN_POINT('',(844.453227462,486.795320028,180.769994731));
#4189=CARTESIAN_POINT('',(844.4799247,486.780626122,180.871458854));
#4190=CARTESIAN_POINT('',(844.518484909,486.745790707,180.964361989));
#4191=CARTESIAN_POINT('',(844.557045118,486.710955293,181.057265124));
#4192=CARTESIAN_POINT('',(844.608239157,486.655219605,181.143483375));
#4193=CARTESIAN_POINT('',(844.666643544,486.583050878,181.215007445));
#4194=CARTESIAN_POINT('',(844.695845738,486.546966515,181.250769481));
#4195=CARTESIAN_POINT('',(844.727392168,486.506099179,181.28356048));
#4196=CARTESIAN_POINT('',(844.759852893,486.462042173,181.31189793));
#4197=CARTESIAN_POINT('',(844.792313617,486.417985167,181.340235379));
#4198=CARTESIAN_POINT('',(844.825663846,486.370823941,181.364248359));
#4199=CARTESIAN_POINT('',(844.859819072,486.320453119,181.383894084));
#4200=CARTESIAN_POINT('',(844.893974298,486.270082297,181.40353981));
#4201=CARTESIAN_POINT('',(844.92893028,486.216444342,181.418671652));
#4202=CARTESIAN_POINT('',(844.963093408,486.161853447,181.428663003));
#4203=CARTESIAN_POINT('',(844.997256535,486.107262551,181.438654354));
#4204=CARTESIAN_POINT('',(845.031039877,486.051119986,181.443764662));
#4205=CARTESIAN_POINT('',(845.064338702,485.993444729,181.443764662));
#4206=B_SPLINE_CURVE_WITH_KNOTS('',3,(#4187,#4188,#4189,#4190,#4191,#4192,#4193,#4194,#4195,#4196,#4197,#4198,#4199,#4200,#4201,#4202,#4203,#4204,#4205),.UNSPECIFIED.,.F.,.F.,(4,3,3,3,3,3,4),(0.003592155,0.003986132,0.004380109,0.004577098,0.004774086,0.004971074,0.005168063),.UNSPECIFIED.);
#4207=EDGE_CURVE('',#4177,#4186,#4206,.T.);
#4208=ORIENTED_EDGE('',*,*,#4207,.T.);
#4209=CARTESIAN_POINT('',(846.964338703,482.702548195,181.443764662));
#4210=VERTEX_POINT('',#4209);
#4211=CARTESIAN_POINT('',(845.064338703,485.993444729,181.443764662));
#4212=DIRECTION('',(0.5,-0.866025404,-0.));
#4213=VECTOR('',#4212,3.8);
#4214=LINE('',#4211,#4213);
#4215=EDGE_CURVE('',#4186,#4210,#4214,.T.);
#4216=ORIENTED_EDGE('',*,*,#4215,.T.);
#4217=CARTESIAN_POINT('',(847.586851084,483.061955886,175.597736816));
#4218=VERTEX_POINT('',#4217);
#4219=CARTESIAN_POINT('',(854.220798341,486.89206712,179.506827725));
#4220=DIRECTION('',(0.5,-0.866025404,-0.));
#4221=DIRECTION('',(-0.866025404,-0.5,-0.));
#4222=AXIS2_PLACEMENT_3D('',#4219,#4220,#4221);
#4223=CIRCLE('',#4222,8.6);
#4224=EDGE_CURVE('',#4210,#4218,#4223,.T.);
#4225=ORIENTED_EDGE('',*,*,#4224,.T.);
#4226=CARTESIAN_POINT('',(833.786851084,506.964257031,175.597736816));
#4227=VERTEX_POINT('',#4226);
#4228=CARTESIAN_POINT('',(847.586851084,483.061955886,175.597736816));
#4229=DIRECTION('',(-0.5,0.866025404,0.));
#4230=VECTOR('',#4229,27.6);
#4231=LINE('',#4228,#4230);
#4232=EDGE_CURVE('',#4218,#4227,#4231,.T.);
#4233=ORIENTED_EDGE('',*,*,#4232,.T.);
#4234=CARTESIAN_POINT('',(833.164338703,506.604849339,181.443764662));
#4235=VERTEX_POINT('',#4234);
#4236=CARTESIAN_POINT('',(840.420798341,510.794368265,179.506827725));
#4237=DIRECTION('',(0.5,-0.866025404,-0.));
#4238=DIRECTION('',(-0.866025404,-0.5,-0.));
#4239=AXIS2_PLACEMENT_3D('',#4236,#4237,#4238);
#4240=CIRCLE('',#4239,8.6);
#4241=EDGE_CURVE('',#4235,#4227,#4240,.T.);
#4242=ORIENTED_EDGE('',*,*,#4241,.F.);
#4243=CARTESIAN_POINT('',(835.064338703,503.313952805,181.443764662));
#4244=VERTEX_POINT('',#4243);
#4245=CARTESIAN_POINT('',(833.164338703,506.604849339,181.443764662));
#4246=DIRECTION('',(0.5,-0.866025404,-0.));
#4247=VECTOR('',#4246,3.8);
#4248=LINE('',#4245,#4247);
#4249=EDGE_CURVE('',#4235,#4244,#4248,.T.);
#4250=ORIENTED_EDGE('',*,*,#4249,.T.);
#4251=CARTESIAN_POINT('',(835.441297386,502.376889464,180.668989888));
#4252=VERTEX_POINT('',#4251);
#4253=CARTESIAN_POINT('',(835.064338389,503.313952716,181.443763295));
#4254=CARTESIAN_POINT('',(835.130062503,503.200115215,181.443763304));
#4255=CARTESIAN_POINT('',(835.192207375,503.0827816,181.423088107));
#4256=CARTESIAN_POINT('',(835.245014353,502.97386956,181.384086697));
#4257=CARTESIAN_POINT('',(835.271417841,502.91941354,181.364585991));
#4258=CARTESIAN_POINT('',(835.295990427,502.866103812,181.34024685));
#4259=CARTESIAN_POINT('',(835.317971453,502.815828325,181.311822886));
#4260=CARTESIAN_POINT('',(835.33995248,502.765552839,181.283398922));
#4261=CARTESIAN_POINT('',(835.359187675,502.718736281,181.251261041));
#4262=CARTESIAN_POINT('',(835.375875242,502.675333414,181.215500291));
#4263=CARTESIAN_POINT('',(835.392562809,502.631930547,181.179739542));
#4264=CARTESIAN_POINT('',(835.40677083,502.591661468,181.139911064));
#4265=CARTESIAN_POINT('',(835.417938201,502.556511274,181.097927644));
#4266=CARTESIAN_POINT('',(835.429105572,502.52136108,181.055944224));
#4267=CARTESIAN_POINT('',(835.437404517,502.490935429,181.011598796));
#4268=CARTESIAN_POINT('',(835.442904899,502.465325359,180.964853176));
#4269=CARTESIAN_POINT('',(835.453905664,502.41410522,180.871361937));
#4270=CARTESIAN_POINT('',(835.453372848,502.383861235,180.771225627));
#4271=CARTESIAN_POINT('',(835.441297386,502.376889464,180.668989888));
#4272=B_SPLINE_CURVE_WITH_KNOTS('',3,(#4253,#4254,#4255,#4256,#4257,#4258,#4259,#4260,#4261,#4262,#4263,#4264,#4265,#4266,#4267,#4268,#4269,#4270,#4271),.UNSPECIFIED.,.F.,.F.,(4,3,3,3,3,3,4),(0.001339783,0.001733816,0.001930832,0.002127849,0.002324865,0.002521882,0.002915914),.UNSPECIFIED.);
#4273=EDGE_CURVE('',#4244,#4252,#4272,.T.);
#4274=ORIENTED_EDGE('',*,*,#4273,.T.);
#4275=CARTESIAN_POINT('',(835.372979868,502.337446327,179.506827725));
#4276=VERTEX_POINT('',#4275);
#4277=CARTESIAN_POINT('',(842.820798341,506.637446327,179.506827725));
#4278=DIRECTION('',(0.5,-0.866025404,-0.));
#4279=DIRECTION('',(-0.866025404,-0.5,-0.));
#4280=AXIS2_PLACEMENT_3D('',#4277,#4278,#4279);
#4281=CIRCLE('',#4280,8.6);
#4282=EDGE_CURVE('',#4252,#4276,#4281,.T.);
#4283=ORIENTED_EDGE('',*,*,#4282,.T.);
#4284=CARTESIAN_POINT('',(842.820798341,506.637446327,179.506827725));
#4285=DIRECTION('',(0.5,-0.866025404,-0.));
#4286=DIRECTION('',(-0.866025404,-0.5,-0.));
#4287=AXIS2_PLACEMENT_3D('',#4284,#4285,#4286);
#4288=CIRCLE('',#4287,8.6);
#4289=EDGE_CURVE('',#4276,#4158,#4288,.T.);
#4290=ORIENTED_EDGE('',*,*,#4289,.T.);
#4291=EDGE_LOOP('',(#4166,#4175,#4184,#4208,#4216,#4225,#4233,#4242,#4250,#4274,#4283,#4290));
#4292=FACE_BOUND('',#4291,.T.);
#4293=ADVANCED_FACE('',(#4292),#4156,.F.);
#4294=CARTESIAN_POINT('',(785.90095939,447.447589711,62.406827725));
#4295=DIRECTION('',(0.5,-0.866025404,-0.));
#4296=DIRECTION('',(0.866025404,0.5,0.));
#4297=AXIS2_PLACEMENT_3D('',#4294,#4295,#4296);
#4298=PLANE('',#4297);
#4299=CARTESIAN_POINT('',(858.983948575,489.642073191,183.806827725));
#4300=VERTEX_POINT('',#4299);
#4301=CARTESIAN_POINT('',(857.165284713,488.59206712,183.806827725));
#4302=DIRECTION('',(0.866025404,0.5,0.));
#4303=VECTOR('',#4302,2.100012141);
#4304=LINE('',#4301,#4303);
#4305=EDGE_CURVE('',#3742,#4300,#4304,.T.);
#4306=ORIENTED_EDGE('',*,*,#4305,.T.);
#4307=CARTESIAN_POINT('',(858.983948575,489.642073191,171.206827725));
#4308=VERTEX_POINT('',#4307);
#4309=CARTESIAN_POINT('',(858.983948575,489.642073191,183.806827725));
#4310=DIRECTION('',(0.,0.,-1.));
#4311=VECTOR('',#4310,12.6);
#4312=LINE('',#4309,#4311);
#4313=EDGE_CURVE('',#4300,#4308,#4312,.T.);
#4314=ORIENTED_EDGE('',*,*,#4313,.T.);
#4315=CARTESIAN_POINT('',(846.705642177,482.553189686,171.206827725));
#4316=VERTEX_POINT('',#4315);
#4317=CARTESIAN_POINT('',(858.983948575,489.642073191,171.206827725));
#4318=DIRECTION('',(-0.866025404,-0.5,-0.));
#4319=VECTOR('',#4318,14.177767009);
#4320=LINE('',#4317,#4319);
#4321=EDGE_CURVE('',#4308,#4316,#4320,.T.);
#4322=ORIENTED_EDGE('',*,*,#4321,.T.);
#4323=CARTESIAN_POINT('',(844.886988829,481.503189686,174.006827725));
#4324=DIRECTION('',(0.5,-0.866025404,-0.));
#4325=DIRECTION('',(-0.866025404,-0.5,-0.));
#4326=AXIS2_PLACEMENT_3D('',#4323,#4324,#4325);
#4327=CIRCLE('',#4326,3.5);
#4328=EDGE_CURVE('',#4316,#4218,#4327,.T.);
#4329=ORIENTED_EDGE('',*,*,#4328,.T.);
#4330=ORIENTED_EDGE('',*,*,#4224,.F.);
#4331=CARTESIAN_POINT('',(846.357399006,482.352131397,183.806829591));
#4332=VERTEX_POINT('',#4331);
#4333=CARTESIAN_POINT('',(844.854902761,481.484664786,182.006827725));
#4334=DIRECTION('',(0.5,-0.866025404,-0.));
#4335=DIRECTION('',(-0.866025404,-0.5,-0.));
#4336=AXIS2_PLACEMENT_3D('',#4333,#4334,#4335);
#4337=CIRCLE('',#4336,2.5);
#4338=EDGE_CURVE('',#4210,#4332,#4337,.T.);
#4339=ORIENTED_EDGE('',*,*,#4338,.T.);
#4340=CARTESIAN_POINT('',(846.357399006,482.352131397,183.806827725));
#4341=DIRECTION('',(0.866025404,0.5,0.));
#4342=VECTOR('',#4341,5.679871446);
#4343=LINE('',#4340,#4342);
#4344=EDGE_CURVE('',#4332,#3701,#4343,.T.);
#4345=ORIENTED_EDGE('',*,*,#4344,.T.);
#4346=ORIENTED_EDGE('',*,*,#3706,.T.);
#4347=ORIENTED_EDGE('',*,*,#3681,.T.);
#4348=ORIENTED_EDGE('',*,*,#3754,.T.);
#4349=EDGE_LOOP('',(#4306,#4314,#4322,#4329,#4330,#4339,#4345,#4346,#4347,#4348));
#4350=FACE_BOUND('',#4349,.T.);
#4351=ADVANCED_FACE('',(#4350),#4298,.F.);
#4352=CARTESIAN_POINT('',(831.236988829,505.145683209,174.006827725));
#4353=DIRECTION('',(0.5,-0.866025404,-0.));
#4354=DIRECTION('',(-0.866025404,-0.5,-0.));
#4355=AXIS2_PLACEMENT_3D('',#4352,#4353,#4354);
#4356=CYLINDRICAL_SURFACE('',#4355,3.5);
#4357=CARTESIAN_POINT('',(832.905642177,506.455490831,171.206827725));
#4358=VERTEX_POINT('',#4357);
#4359=CARTESIAN_POINT('',(831.086988829,505.405490831,174.006827725));
#4360=DIRECTION('',(-0.5,0.866025404,0.));
#4361=DIRECTION('',(-0.866025404,-0.5,-0.));
#4362=AXIS2_PLACEMENT_3D('',#4359,#4360,#4361);
#4363=CIRCLE('',#4362,3.5);
#4364=EDGE_CURVE('',#4227,#4358,#4363,.T.);
#4365=ORIENTED_EDGE('',*,*,#4364,.F.);
#4366=ORIENTED_EDGE('',*,*,#4232,.F.);
#4367=ORIENTED_EDGE('',*,*,#4328,.F.);
#4368=CARTESIAN_POINT('',(846.705642177,482.553189686,171.206827725));
#4369=CARTESIAN_POINT('',(846.566957917,482.473120291,171.086723633));
#4370=CARTESIAN_POINT('',(846.437933897,482.364890172,170.983505223));
#4371=CARTESIAN_POINT('',(846.310741559,482.240443896,170.894791207));
#4372=CARTESIAN_POINT('',(846.183549222,482.115997619,170.806077191));
#4373=CARTESIAN_POINT('',(846.061263173,481.977275587,170.733939264));
#4374=CARTESIAN_POINT('',(845.941717487,481.831980973,170.676916385));
#4375=CARTESIAN_POINT('',(845.702626116,481.541391744,170.562870629));
#4376=CARTESIAN_POINT('',(845.47013079,481.218988675,170.506827725));
#4377=CARTESIAN_POINT('',(845.236988829,480.896971903,170.506827725));
#4378=B_SPLINE_CURVE_WITH_KNOTS('',3,(#4368,#4369,#4370,#4371,#4372,#4373,#4374,#4375,#4376,#4377),.UNSPECIFIED.,.F.,.F.,(4,3,3,4),(0.,0.0005925,0.001185,0.00237),.UNSPECIFIED.);
#4379=EDGE_CURVE('',#4316,#3517,#4378,.T.);
#4380=ORIENTED_EDGE('',*,*,#4379,.T.);
#4381=ORIENTED_EDGE('',*,*,#3522,.F.);
#4382=CARTESIAN_POINT('',(830.736988829,506.011708613,170.506827725));
#4383=CARTESIAN_POINT('',(831.132434078,506.052611299,170.506827725));
#4384=CARTESIAN_POINT('',(831.527891425,506.092752412,170.562870629));
#4385=CARTESIAN_POINT('',(831.899094765,506.154516999,170.676916385));
#4386=CARTESIAN_POINT('',(832.084696434,506.185399293,170.733939264));
#4387=CARTESIAN_POINT('',(832.265976263,506.221941102,170.806077191));
#4388=CARTESIAN_POINT('',(832.437346068,506.269869759,170.894791207));
#4389=CARTESIAN_POINT('',(832.608715874,506.317798416,170.983505223));
#4390=CARTESIAN_POINT('',(832.766957917,506.375421436,171.086723633));
#4391=CARTESIAN_POINT('',(832.905642177,506.455490831,171.206827725));
#4392=B_SPLINE_CURVE_WITH_KNOTS('',3,(#4382,#4383,#4384,#4385,#4386,#4387,#4388,#4389,#4390,#4391),.UNSPECIFIED.,.F.,.F.,(4,3,3,4),(0.,0.001185,0.0017775,0.00237),.UNSPECIFIED.);
#4393=EDGE_CURVE('',#3509,#4358,#4392,.T.);
#4394=ORIENTED_EDGE('',*,*,#4393,.T.);
#4395=EDGE_LOOP('',(#4365,#4366,#4367,#4380,#4381,#4394));
#4396=FACE_BOUND('',#4395,.T.);
#4397=ADVANCED_FACE('',(#4396),#4356,.T.);
#4398=CARTESIAN_POINT('',(772.10095939,471.349890856,62.406827725));
#4399=DIRECTION('',(0.5,-0.866025404,-0.));
#4400=DIRECTION('',(0.866025404,0.5,0.));
#4401=AXIS2_PLACEMENT_3D('',#4398,#4399,#4400);
#4402=PLANE('',#4401);
#4403=CARTESIAN_POINT('',(845.183948575,513.544374335,171.206827725));
#4404=VERTEX_POINT('',#4403);
#4405=CARTESIAN_POINT('',(832.905642177,506.455490831,171.206827725));
#4406=DIRECTION('',(0.866025404,0.5,0.));
#4407=VECTOR('',#4406,14.177767009);
#4408=LINE('',#4405,#4407);
#4409=EDGE_CURVE('',#4358,#4404,#4408,.T.);
#4410=ORIENTED_EDGE('',*,*,#4409,.T.);
#4411=CARTESIAN_POINT('',(845.183948575,513.544374335,183.806827725));
#4412=VERTEX_POINT('',#4411);
#4413=CARTESIAN_POINT('',(845.183948575,513.544374335,171.206827725));
#4414=DIRECTION('',(-0.,-0.,1.));
#4415=VECTOR('',#4414,12.6);
#4416=LINE('',#4413,#4415);
#4417=EDGE_CURVE('',#4404,#4412,#4416,.T.);
#4418=ORIENTED_EDGE('',*,*,#4417,.T.);
#4419=CARTESIAN_POINT('',(845.183948575,513.544374335,183.806827725));
#4420=DIRECTION('',(-0.866025404,-0.5,-0.));
#4421=VECTOR('',#4420,2.100012141);
#4422=LINE('',#4419,#4421);
#4423=EDGE_CURVE('',#4412,#3913,#4422,.T.);
#4424=ORIENTED_EDGE('',*,*,#4423,.T.);
#4425=CARTESIAN_POINT('',(843.365284713,512.494368265,183.806827725));
#4426=DIRECTION('',(-0.,0.,-1.));
#4427=VECTOR('',#4426,4.3);
#4428=LINE('',#4425,#4427);
#4429=EDGE_CURVE('',#3913,#3765,#4428,.T.);
#4430=ORIENTED_EDGE('',*,*,#4429,.T.);
#4431=ORIENTED_EDGE('',*,*,#3806,.T.);
#4432=ORIENTED_EDGE('',*,*,#3870,.T.);
#4433=CARTESIAN_POINT('',(832.557399006,506.254432542,183.806829591));
#4434=VERTEX_POINT('',#4433);
#4435=CARTESIAN_POINT('',(837.476311968,509.094368265,183.806827725));
#4436=DIRECTION('',(-0.866025404,-0.5,-0.));
#4437=VECTOR('',#4436,5.679871445);
#4438=LINE('',#4435,#4437);
#4439=EDGE_CURVE('',#3858,#4434,#4438,.T.);
#4440=ORIENTED_EDGE('',*,*,#4439,.T.);
#4441=CARTESIAN_POINT('',(831.054902761,505.386965931,182.006827725));
#4442=DIRECTION('',(-0.5,0.866025404,0.));
#4443=DIRECTION('',(-0.866025404,-0.5,-0.));
#4444=AXIS2_PLACEMENT_3D('',#4441,#4442,#4443);
#4445=CIRCLE('',#4444,2.5);
#4446=EDGE_CURVE('',#4434,#4235,#4445,.T.);
#4447=ORIENTED_EDGE('',*,*,#4446,.T.);
#4448=ORIENTED_EDGE('',*,*,#4241,.T.);
#4449=ORIENTED_EDGE('',*,*,#4364,.T.);
#4450=EDGE_LOOP('',(#4410,#4418,#4424,#4430,#4431,#4432,#4440,#4447,#4448,#4449));
#4451=FACE_BOUND('',#4450,.T.);
#4452=ADVANCED_FACE('',(#4451),#4402,.T.);
#4453=CARTESIAN_POINT('',(771.75095939,471.956108638,183.806827725));
#4454=DIRECTION('',(-0.866025404,-0.5,-0.));
#4455=DIRECTION('',(-0.5,0.866025404,0.));
#4456=AXIS2_PLACEMENT_3D('',#4453,#4454,#4455);
#4457=CYLINDRICAL_SURFACE('',#4456,0.7);
#4458=ORIENTED_EDGE('',*,*,#4423,.F.);
#4459=CARTESIAN_POINT('',(844.833948575,514.150592118,183.806827725));
#4460=DIRECTION('',(-0.866025404,-0.5,-0.));
#4461=DIRECTION('',(-0.5,0.866025404,0.));
#4462=AXIS2_PLACEMENT_3D('',#4459,#4460,#4461);
#4463=CIRCLE('',#4462,0.7);
#4464=EDGE_CURVE('',#4412,#3367,#4463,.T.);
#4465=ORIENTED_EDGE('',*,*,#4464,.T.);
#4466=ORIENTED_EDGE('',*,*,#3372,.F.);
#4467=ORIENTED_EDGE('',*,*,#3926,.F.);
#4468=EDGE_LOOP('',(#4458,#4465,#4466,#4467));
#4469=FACE_BOUND('',#4468,.T.);
#4470=ADVANCED_FACE('',(#4469),#4457,.T.);
#4471=CARTESIAN_POINT('',(861.015284713,481.923671511,183.806827725));
#4472=DIRECTION('',(-0.5,0.866025404,0.));
#4473=DIRECTION('',(0.866025404,0.5,0.));
#4474=AXIS2_PLACEMENT_3D('',#4471,#4472,#4473);
#4475=CYLINDRICAL_SURFACE('',#4474,0.7);
#4476=ORIENTED_EDGE('',*,*,#3933,.T.);
#4477=ORIENTED_EDGE('',*,*,#3364,.F.);
#4478=CARTESIAN_POINT('',(839.165284713,519.768981656,183.806827725));
#4479=DIRECTION('',(-0.965925826,0.258819045,-0.));
#4480=DIRECTION('',(0.258819045,0.965925826,0.));
#4481=AXIS2_PLACEMENT_3D('',#4478,#4479,#4480);
#4482=ELLIPSE('',#4481,0.989949494,0.7);
#4483=EDGE_CURVE('',#3882,#3351,#4482,.T.);
#4484=ORIENTED_EDGE('',*,*,#4483,.F.);
#4485=ORIENTED_EDGE('',*,*,#3887,.F.);
#4486=EDGE_LOOP('',(#4476,#4477,#4484,#4485));
#4487=FACE_BOUND('',#4486,.T.);
#4488=ADVANCED_FACE('',(#4487),#4475,.T.);
#4489=CARTESIAN_POINT('',(767.90095939,478.624504247,183.806827725));
#4490=DIRECTION('',(-0.866025404,-0.5,-0.));
#4491=DIRECTION('',(-0.5,0.866025404,0.));
#4492=AXIS2_PLACEMENT_3D('',#4489,#4490,#4491);
#4493=CYLINDRICAL_SURFACE('',#4492,0.7);
#4494=ORIENTED_EDGE('',*,*,#4483,.T.);
#4495=ORIENTED_EDGE('',*,*,#3356,.F.);
#4496=CARTESIAN_POINT('',(833.276311968,516.368981656,183.806827725));
#4497=DIRECTION('',(-0.258819045,-0.965925826,-0.));
#4498=DIRECTION('',(0.965925826,-0.258819045,0.));
#4499=AXIS2_PLACEMENT_3D('',#4496,#4497,#4498);
#4500=ELLIPSE('',#4499,0.989949494,0.7);
#4501=EDGE_CURVE('',#3945,#3343,#4500,.T.);
#4502=ORIENTED_EDGE('',*,*,#4501,.F.);
#4503=ORIENTED_EDGE('',*,*,#3950,.F.);
#4504=EDGE_LOOP('',(#4494,#4495,#4502,#4503));
#4505=FACE_BOUND('',#4504,.T.);
#4506=ADVANCED_FACE('',(#4505),#4493,.T.);
#4507=CARTESIAN_POINT('',(855.126311968,478.523671511,183.806827725));
#4508=DIRECTION('',(0.5,-0.866025404,-0.));
#4509=DIRECTION('',(-0.866025404,-0.5,-0.));
#4510=AXIS2_PLACEMENT_3D('',#4507,#4508,#4509);
#4511=CYLINDRICAL_SURFACE('',#4510,0.7);
#4512=ORIENTED_EDGE('',*,*,#4501,.T.);
#4513=ORIENTED_EDGE('',*,*,#3348,.F.);
#4514=ORIENTED_EDGE('',*,*,#3997,.F.);
#4515=ORIENTED_EDGE('',*,*,#3978,.F.);
#4516=EDGE_LOOP('',(#4512,#4513,#4514,#4515));
#4517=FACE_BOUND('',#4516,.T.);
#4518=ADVANCED_FACE('',(#4517),#4511,.T.);
#4519=CARTESIAN_POINT('',(771.75095939,471.956108638,183.806827725));
#4520=DIRECTION('',(-0.866025404,-0.5,-0.));
#4521=DIRECTION('',(-0.5,0.866025404,0.));
#4522=AXIS2_PLACEMENT_3D('',#4519,#4520,#4521);
#4523=CYLINDRICAL_SURFACE('',#4522,0.7);
#4524=ORIENTED_EDGE('',*,*,#4004,.T.);
#4525=ORIENTED_EDGE('',*,*,#3340,.F.);
#4526=CARTESIAN_POINT('',(832.557399006,506.254432542,183.806829591));
#4527=CARTESIAN_POINT('',(832.44897214,506.191832633,183.927504071));
#4528=CARTESIAN_POINT('',(832.318303964,506.150555722,184.031557537));
#4529=CARTESIAN_POINT('',(832.173599405,506.118679967,184.120743056));
#4530=CARTESIAN_POINT('',(832.028894845,506.086804212,184.209928575));
#4531=CARTESIAN_POINT('',(831.875051667,506.065900995,184.281240584));
#4532=CARTESIAN_POINT('',(831.714399538,506.049856038,184.338208965));
#4533=CARTESIAN_POINT('',(831.55374741,506.033811081,184.395177346));
#4534=CARTESIAN_POINT('',(831.385564914,506.022941946,184.437497323));
#4535=CARTESIAN_POINT('',(831.216835796,506.014386566,184.465268454));
#4536=CARTESIAN_POINT('',(831.048106677,506.005831186,184.493039585));
#4537=CARTESIAN_POINT('',(830.877346158,505.999549117,184.506827725));
#4538=CARTESIAN_POINT('',(830.704902761,505.993183713,184.506827725));
#4539=B_SPLINE_CURVE_WITH_KNOTS('',3,(#4526,#4527,#4528,#4529,#4530,#4531,#4532,#4533,#4534,#4535,#4536,#4537,#4538),.UNSPECIFIED.,.F.,.F.,(4,3,3,3,4),(0.,0.000514104,0.001028208,0.001542312,0.002056416),.UNSPECIFIED.);
#4540=EDGE_CURVE('',#4434,#3327,#4539,.T.);
#4541=ORIENTED_EDGE('',*,*,#4540,.F.);
#4542=ORIENTED_EDGE('',*,*,#4439,.F.);
#4543=EDGE_LOOP('',(#4524,#4525,#4541,#4542));
#4544=FACE_BOUND('',#4543,.T.);
#4545=ADVANCED_FACE('',(#4544),#4523,.T.);
#4546=CARTESIAN_POINT('',(831.204902761,505.12715831,182.006827725));
#4547=DIRECTION('',(0.5,-0.866025404,-0.));
#4548=DIRECTION('',(-0.866025404,-0.5,-0.));
#4549=AXIS2_PLACEMENT_3D('',#4546,#4547,#4548);
#4550=CYLINDRICAL_SURFACE('',#4549,2.5);
#4551=ORIENTED_EDGE('',*,*,#4446,.F.);
#4552=ORIENTED_EDGE('',*,*,#4540,.T.);
#4553=ORIENTED_EDGE('',*,*,#3332,.F.);
#4554=CARTESIAN_POINT('',(832.954902761,502.096069396,182.006827725));
#4555=DIRECTION('',(0.5,-0.866025404,-0.));
#4556=DIRECTION('',(-0.866025404,-0.5,-0.));
#4557=AXIS2_PLACEMENT_3D('',#4554,#4555,#4556);
#4558=CIRCLE('',#4557,2.5);
#4559=EDGE_CURVE('',#4244,#3319,#4558,.T.);
#4560=ORIENTED_EDGE('',*,*,#4559,.F.);
#4561=ORIENTED_EDGE('',*,*,#4249,.F.);
#4562=EDGE_LOOP('',(#4551,#4552,#4553,#4560,#4561));
#4563=FACE_BOUND('',#4562,.T.);
#4564=ADVANCED_FACE('',(#4563),#4550,.T.);
#4565=CARTESIAN_POINT('',(852.690166358,501.943223763,184.506827725));
#4566=DIRECTION('',(-0.866025404,-0.5,-0.));
#4567=DIRECTION('',(-0.5,0.866025404,0.));
#4568=AXIS2_PLACEMENT_3D('',#4565,#4566,#4567);
#4569=PLANE('',#4568);
#4570=CARTESIAN_POINT('',(845.440166358,514.500592118,183.806827725));
#4571=VERTEX_POINT('',#4570);
#4572=CARTESIAN_POINT('',(837.860039339,527.629757242,183.806827725));
#4573=DIRECTION('',(0.5,-0.866025404,-0.));
#4574=VECTOR('',#4573,15.160254038);
#4575=LINE('',#4572,#4574);
#4576=EDGE_CURVE('',#3242,#4571,#4575,.T.);
#4577=ORIENTED_EDGE('',*,*,#4576,.T.);
#4578=CARTESIAN_POINT('',(845.440166358,514.500592118,183.806827725));
#4579=DIRECTION('',(0.,0.,-1.));
#4580=VECTOR('',#4579,13.3);
#4581=LINE('',#4578,#4580);
#4582=EDGE_CURVE('',#4571,#3501,#4581,.T.);
#4583=ORIENTED_EDGE('',*,*,#4582,.T.);
#4584=ORIENTED_EDGE('',*,*,#3506,.T.);
#4585=ORIENTED_EDGE('',*,*,#3292,.F.);
#4586=EDGE_LOOP('',(#4577,#4583,#4584,#4585));
#4587=FACE_BOUND('',#4586,.T.);
#4588=ADVANCED_FACE('',(#4587),#4569,.F.);
#4589=OVER_RIDING_STYLED_ITEM('',(#183),#4588,#54);
#4590=CARTESIAN_POINT('',(832.652465183,505.962908863,177.806827725));
#4591=DIRECTION('',(0.5,-0.866025404,-0.));
#4592=DIRECTION('',(-0.866025404,-0.5,-0.));
#4593=AXIS2_PLACEMENT_3D('',#4590,#4591,#4592);
#4594=CYLINDRICAL_SURFACE('',#4593,0.7);
#4595=CARTESIAN_POINT('',(835.713596095,500.660874595,178.506827725));
#4596=VERTEX_POINT('',#4595);
#4597=CARTESIAN_POINT('',(835.713596095,500.660874595,178.506827725));
#4598=CARTESIAN_POINT('',(835.743052566,500.817859538,178.506827725));
#4599=CARTESIAN_POINT('',(835.758733801,500.973011184,178.484719898));
#4600=CARTESIAN_POINT('',(835.762208816,501.127556075,178.450358984));
#4601=CARTESIAN_POINT('',(835.765683831,501.282100965,178.41599807));
#4602=CARTESIAN_POINT('',(835.756715526,501.433875266,178.369262726));
#4603=CARTESIAN_POINT('',(835.737229453,501.580219732,178.316205692));
#4604=CARTESIAN_POINT('',(835.698257307,501.872908665,178.210091625));
#4605=CARTESIAN_POINT('',(835.617061041,502.151891213,178.076232398));
#4606=CARTESIAN_POINT('',(835.498468754,502.409897368,177.934784715));
#4607=B_SPLINE_CURVE_WITH_KNOTS('',3,(#4597,#4598,#4599,#4600,#4601,#4602,#4603,#4604,#4605,#4606),.UNSPECIFIED.,.F.,.F.,(4,3,3,4),(0.,0.000472471,0.000944942,0.001889884),.UNSPECIFIED.);
#4608=EDGE_CURVE('',#4596,#4158,#4607,.T.);
#4609=ORIENTED_EDGE('',*,*,#4608,.F.);
#4610=CARTESIAN_POINT('',(843.09133427,487.88225723,178.506827725));
#4611=VERTEX_POINT('',#4610);
#4612=CARTESIAN_POINT('',(843.09133427,487.88225723,178.506827725));
#4613=DIRECTION('',(-0.5,0.866025404,0.));
#4614=VECTOR('',#4613,14.755476351);
#4615=LINE('',#4612,#4614);
#4616=EDGE_CURVE('',#4611,#4596,#4615,.T.);
#4617=ORIENTED_EDGE('',*,*,#4616,.F.);
#4618=CARTESIAN_POINT('',(844.498468754,486.8214401,177.934784715));
#4619=CARTESIAN_POINT('',(844.334324698,487.053148849,178.076229188));
#4620=CARTESIAN_POINT('',(844.133317171,487.262956415,178.210091625));
#4621=CARTESIAN_POINT('',(843.899327193,487.443051749,178.316205692));
#4622=CARTESIAN_POINT('',(843.782332204,487.533099417,178.369262726));
#4623=CARTESIAN_POINT('',(843.655375957,487.616753348,178.41599807));
#4624=CARTESIAN_POINT('',(843.519798648,487.691016341,178.450358984));
#4625=CARTESIAN_POINT('',(843.384221339,487.765279335,178.484719898));
#4626=CARTESIAN_POINT('',(843.242015455,487.82927481,178.506827725));
#4627=CARTESIAN_POINT('',(843.09133427,487.88225723,178.506827725));
#4628=B_SPLINE_CURVE_WITH_KNOTS('',3,(#4618,#4619,#4620,#4621,#4622,#4623,#4624,#4625,#4626,#4627),.UNSPECIFIED.,.F.,.F.,(4,3,3,4),(0.,0.000944942,0.001417413,0.001889884),.UNSPECIFIED.);
#4629=EDGE_CURVE('',#4160,#4611,#4628,.T.);
#4630=ORIENTED_EDGE('',*,*,#4629,.F.);
#4631=ORIENTED_EDGE('',*,*,#4165,.F.);
#4632=EDGE_LOOP('',(#4609,#4617,#4630,#4631));
#4633=FACE_BOUND('',#4632,.T.);
#4634=ADVANCED_FACE('',(#4633),#4594,.T.);
#4635=CARTESIAN_POINT('',(852.083948575,501.593223763,183.806827725));
#4636=DIRECTION('',(-0.5,0.866025404,0.));
#4637=DIRECTION('',(0.866025404,0.5,0.));
#4638=AXIS2_PLACEMENT_3D('',#4635,#4636,#4637);
#4639=CYLINDRICAL_SURFACE('',#4638,0.7);
#4640=ORIENTED_EDGE('',*,*,#3378,.F.);
#4641=CARTESIAN_POINT('',(844.833948575,514.150592118,183.806827725));
#4642=DIRECTION('',(-0.5,0.866025404,0.));
#4643=DIRECTION('',(0.866025404,0.5,0.));
#4644=AXIS2_PLACEMENT_3D('',#4641,#4642,#4643);
#4645=CIRCLE('',#4644,0.7);
#4646=EDGE_CURVE('',#3367,#4571,#4645,.T.);
#4647=ORIENTED_EDGE('',*,*,#4646,.T.);
#4648=ORIENTED_EDGE('',*,*,#4576,.F.);
#4649=ORIENTED_EDGE('',*,*,#3248,.T.);
#4650=EDGE_LOOP('',(#4640,#4647,#4648,#4649));
#4651=FACE_BOUND('',#4650,.T.);
#4652=ADVANCED_FACE('',(#4651),#4639,.T.);
#4653=CARTESIAN_POINT('',(845.064337949,485.993444294,181.443761131));
#4654=CARTESIAN_POINT('',(845.100868476,486.014535214,181.626236757));
#4655=CARTESIAN_POINT('',(845.119564839,486.025329575,181.813464622));
#4656=CARTESIAN_POINT('',(845.120351967,486.025784043,182.188038905));
#4657=CARTESIAN_POINT('',(845.102442699,486.015444131,182.375369434));
#4658=CARTESIAN_POINT('',(845.03091631,485.974148367,182.74072619));
#4659=CARTESIAN_POINT('',(844.977302225,485.943194267,182.91873692));
#4660=CARTESIAN_POINT('',(844.837060001,485.862225391,183.25649922));
#4661=CARTESIAN_POINT('',(844.750437813,485.812214051,183.416236462));
#4662=CARTESIAN_POINT('',(844.548533746,485.695644685,183.709415336));
#4663=CARTESIAN_POINT('',(844.433260432,485.629091606,183.842844532));
#4664=CARTESIAN_POINT('',(844.179850017,485.482785029,184.076693495));
#4665=CARTESIAN_POINT('',(844.041723666,485.403037738,184.177103343));
#4666=CARTESIAN_POINT('',(843.749553097,485.234352967,184.33986012));
#4667=CARTESIAN_POINT('',(843.595521274,485.145422642,184.402200144));
#4668=CARTESIAN_POINT('',(843.279286326,484.962844288,184.485678294));
#4669=CARTESIAN_POINT('',(843.117096617,484.869204002,184.506812879));
#4670=CARTESIAN_POINT('',(842.954900043,484.775559752,184.506813222));
#4671=CARTESIAN_POINT('',(845.057342824,486.005560512,181.443761753));
#4672=CARTESIAN_POINT('',(845.092528721,486.028980509,181.626237547));
#4673=CARTESIAN_POINT('',(845.109880508,486.042103846,181.813465582));
#4674=CARTESIAN_POINT('',(845.108045996,486.047099312,182.188040197));
#4675=CARTESIAN_POINT('',(845.088859776,486.03897123,182.375370888));
#4676=CARTESIAN_POINT('',(845.014911235,486.001870905,182.740727952));
#4677=CARTESIAN_POINT('',(844.960152051,485.972900236,182.918738826));
#4678=CARTESIAN_POINT('',(844.817808992,485.895570215,183.256501388));
#4679=CARTESIAN_POINT('',(844.730231155,485.847214143,183.416238748));
#4680=CARTESIAN_POINT('',(844.52665324,485.73354402,183.709417822));
#4681=CARTESIAN_POINT('',(844.410661796,485.66823479,183.842847099));
#4682=CARTESIAN_POINT('',(844.156088714,485.523942015,184.076696186));
#4683=CARTESIAN_POINT('',(844.017517874,485.444964591,184.177106075));
#4684=CARTESIAN_POINT('',(843.724754301,485.277306893,184.339862891));
#4685=CARTESIAN_POINT('',(843.570573987,485.188633731,184.402202913));
#4686=CARTESIAN_POINT('',(843.254345529,485.006044061,184.485681013));
#4687=CARTESIAN_POINT('',(843.092310799,484.912135298,184.50681555));
#4688=CARTESIAN_POINT('',(842.930417055,484.817966482,184.506815826));
#4689=CARTESIAN_POINT('',(845.050303623,486.017648639,181.443536381));
#4690=CARTESIAN_POINT('',(845.084127728,486.043387294,181.625947873));
#4691=CARTESIAN_POINT('',(845.100119544,486.058830209,181.813110558));
#4692=CARTESIAN_POINT('',(845.09563701,486.068350448,182.18755662));
#4693=CARTESIAN_POINT('',(845.075162851,486.062427367,182.374824117));
#4694=CARTESIAN_POINT('',(844.998775045,486.029511683,182.740061099));
#4695=CARTESIAN_POINT('',(844.942864639,486.002520475,182.918015094));
#4696=CARTESIAN_POINT('',(844.798413387,485.928824265,183.255673997));
#4697=CARTESIAN_POINT('',(844.709878669,485.882122389,183.415364583));
#4698=CARTESIAN_POINT('',(844.504628937,485.771352047,183.708463399));
#4699=CARTESIAN_POINT('',(844.387922627,485.70728828,183.841859198));
#4700=CARTESIAN_POINT('',(844.132197134,485.565014791,184.075656998));
#4701=CARTESIAN_POINT('',(843.993188796,485.486811103,184.176049084));
#4702=CARTESIAN_POINT('',(843.699848855,485.320189861,184.338787388));
#4703=CARTESIAN_POINT('',(843.545529692,485.231779373,184.401126704));
#4704=CARTESIAN_POINT('',(843.229328366,485.049190312,184.484620852));
#4705=CARTESIAN_POINT('',(843.067459613,484.955019483,184.505772143));
#4706=CARTESIAN_POINT('',(842.905879674,484.860332555,184.505797538));
#4707=CARTESIAN_POINT('',(845.026548124,486.058090048,181.442012392));
#4708=CARTESIAN_POINT('',(845.055750152,486.091563567,181.623989055));
#4709=CARTESIAN_POINT('',(845.067132011,486.114747903,181.810709814));
#4710=CARTESIAN_POINT('',(845.053685348,486.139376757,182.184286566));
#4711=CARTESIAN_POINT('',(845.028857396,486.140820231,182.371126737));
#4712=CARTESIAN_POINT('',(844.944235972,486.121892842,182.735551732));
#4713=CARTESIAN_POINT('',(844.884446086,486.101522779,182.913121122));
#4714=CARTESIAN_POINT('',(844.732902945,486.039990152,183.250079125));
#4715=CARTESIAN_POINT('',(844.641156108,485.998830193,183.409453467));
#4716=CARTESIAN_POINT('',(844.43030762,485.897784619,183.702009674));
#4717=CARTESIAN_POINT('',(844.311214898,485.837903282,183.835179149));
#4718=CARTESIAN_POINT('',(844.051657971,485.702422933,184.068630298));
#4719=CARTESIAN_POINT('',(843.91120476,485.626829658,184.168902085));
#4720=CARTESIAN_POINT('',(843.615984259,485.463723377,184.331515407));
#4721=CARTESIAN_POINT('',(843.461229473,485.37621728,184.393850055));
#4722=CARTESIAN_POINT('',(843.145182605,485.193682393,184.477452942));
#4723=CARTESIAN_POINT('',(842.983903908,485.098661334,184.49871764));
#4724=CARTESIAN_POINT('',(842.823409222,485.0022665,184.498913011));
#4725=CARTESIAN_POINT('',(845.009737259,486.08613221,181.439686397));
#4726=CARTESIAN_POINT('',(845.035625428,486.124931951,181.620999164));
#4727=CARTESIAN_POINT('',(845.043711788,486.153452804,181.807045189));
#4728=CARTESIAN_POINT('',(845.023876542,486.188509213,182.179294676));
#4729=CARTESIAN_POINT('',(844.995955777,486.195043287,182.365482407));
#4730=CARTESIAN_POINT('',(844.90550528,486.185795821,182.728667677));
#4731=CARTESIAN_POINT('',(844.842979373,486.170014672,182.905649867));
#4732=CARTESIAN_POINT('',(844.686455062,486.116926812,183.241537796));
#4733=CARTESIAN_POINT('',(844.592463274,486.079622343,183.400429341));
#4734=CARTESIAN_POINT('',(844.37772367,485.985358618,183.692157216));
#4735=CARTESIAN_POINT('',(844.256984928,485.928403343,183.824981218));
#4736=CARTESIAN_POINT('',(843.994811087,485.797695598,184.057903298));
#4737=CARTESIAN_POINT('',(843.853387067,485.723948649,184.157991532));
#4738=CARTESIAN_POINT('',(843.556941319,485.563358516,184.320414312));
#4739=CARTESIAN_POINT('',(843.401932119,485.476522118,184.382741993));
#4740=CARTESIAN_POINT('',(843.086097258,485.294111619,184.466511258));
#4741=CARTESIAN_POINT('',(842.925284944,485.198545228,184.487949301));
#4742=CARTESIAN_POINT('',(842.765600999,485.101008634,184.488404399));
#4743=CARTESIAN_POINT('',(844.958996955,486.169113465,181.429036082));
#4744=CARTESIAN_POINT('',(844.974797776,486.223510474,181.607325502));
#4745=CARTESIAN_POINT('',(844.972879932,486.267675708,181.790298933));
#4746=CARTESIAN_POINT('',(844.933703497,486.333341826,182.156503422));
#4747=CARTESIAN_POINT('',(844.896446547,486.354839957,182.339719156));
#4748=CARTESIAN_POINT('',(844.788451321,486.374094289,182.697255134));
#4749=CARTESIAN_POINT('',(844.717717567,486.371849679,182.871560417));
#4750=CARTESIAN_POINT('',(844.546300686,486.343727204,183.202566744));
#4751=CARTESIAN_POINT('',(844.445624735,486.317850511,183.359253937));
#4752=CARTESIAN_POINT('',(844.219351458,486.243753441,183.647194754));
#4753=CARTESIAN_POINT('',(844.093763604,486.195536161,183.77843633));
#4754=CARTESIAN_POINT('',(843.823939338,486.079164029,184.008927124));
#4755=CARTESIAN_POINT('',(843.679714219,486.011014043,184.108166697));
#4756=CARTESIAN_POINT('',(843.379819661,485.858178994,184.26969289));
#4757=CARTESIAN_POINT('',(843.224162772,485.773500324,184.331972751));
#4758=CARTESIAN_POINT('',(842.909180411,485.591836833,184.416464926));
#4759=CARTESIAN_POINT('',(842.74986812,485.494859613,184.438673706));
#4760=CARTESIAN_POINT('',(842.592700925,485.394151372,184.440292218));
#4761=CARTESIAN_POINT('',(844.924688696,486.223024285,181.417041342));
#4762=CARTESIAN_POINT('',(844.933556383,486.28732912,181.591935113));
#4763=CARTESIAN_POINT('',(844.92479852,486.341455382,181.771457626));
#4764=CARTESIAN_POINT('',(844.87246794,486.426667013,182.130872222));
#4765=CARTESIAN_POINT('',(844.828897397,486.457748845,182.310749438));
#4766=CARTESIAN_POINT('',(844.709105703,486.495322028,182.661938177));
#4767=CARTESIAN_POINT('',(844.632889516,486.501811814,182.833235171));
#4768=CARTESIAN_POINT('',(844.4515926,486.489873295,183.158753594));
#4769=CARTESIAN_POINT('',(844.34651938,486.471445475,183.312961557));
#4770=CARTESIAN_POINT('',(844.112728092,486.41058254,183.596640125));
#4771=CARTESIAN_POINT('',(843.984019704,486.368149936,183.726098995));
#4772=CARTESIAN_POINT('',(843.709352021,486.261381517,183.953846236));
#4773=CARTESIAN_POINT('',(843.563404093,486.197050115,184.052125184));
#4774=CARTESIAN_POINT('',(843.261507808,486.049677052,184.212627634));
#4775=CARTESIAN_POINT('',(843.105571945,485.966641486,184.274844495));
#4776=CARTESIAN_POINT('',(842.791446578,485.785983365,184.360128671));
#4777=CARTESIAN_POINT('',(842.633270073,485.688368283,184.383192457));
#4778=CARTESIAN_POINT('',(842.47789587,485.585884096,184.3861067));
#4779=CARTESIAN_POINT('',(844.855624945,486.327326082,181.383099355));
#4780=CARTESIAN_POINT('',(844.850528306,486.41013141,181.548601464));
#4781=CARTESIAN_POINT('',(844.828060495,486.482904038,181.718580855));
#4782=CARTESIAN_POINT('',(844.749480841,486.604831316,182.059206176));
#4783=CARTESIAN_POINT('',(844.69337216,486.653981062,182.229838443));
#4784=CARTESIAN_POINT('',(844.55025583,486.726252373,182.563422265));
#4785=CARTESIAN_POINT('',(844.463253931,486.749371027,182.72636044));
#4786=CARTESIAN_POINT('',(844.262607729,486.768443734,183.036584466));
#4787=CARTESIAN_POINT('',(844.148971483,486.764397011,183.183857872));
#4788=CARTESIAN_POINT('',(843.90061629,486.729332077,183.455546316));
#4789=CARTESIAN_POINT('',(843.765907315,486.698315266,183.579950454));
#4790=CARTESIAN_POINT('',(843.48199742,486.610823489,183.799812382));
#4791=CARTESIAN_POINT('',(843.332807897,486.554352029,183.89526135));
#4792=CARTESIAN_POINT('',(843.02723621,486.418710581,184.052540826));
#4793=CARTESIAN_POINT('',(842.870866309,486.339546032,184.114365022));
#4794=CARTESIAN_POINT('',(842.558584559,486.162389377,184.201367268));
#4795=CARTESIAN_POINT('',(842.402685241,486.064404379,184.226541827));
#4796=CARTESIAN_POINT('',(842.250828834,485.959402086,184.232775747));
#4797=CARTESIAN_POINT('',(844.821891708,486.376185358,181.361673896));
#4798=CARTESIAN_POINT('',(844.809973605,486.467312475,181.521329295));
#4799=CARTESIAN_POINT('',(844.780841489,486.548497213,181.685368221));
#4800=CARTESIAN_POINT('',(844.689559884,486.687056182,182.014292629));
#4801=CARTESIAN_POINT('',(844.627413999,486.744424945,182.179165173));
#4802=CARTESIAN_POINT('',(844.473117161,486.832565804,182.501770064));
#4803=CARTESIAN_POINT('',(844.380972291,486.863334419,182.659489723));
#4804=CARTESIAN_POINT('',(844.171143428,486.896777981,182.960147802));
#4805=CARTESIAN_POINT('',(844.053467702,486.899451601,183.103074395));
#4806=CARTESIAN_POINT('',(843.798280184,486.876570054,183.36722111));
#4807=CARTESIAN_POINT('',(843.660778443,486.851015776,183.48843084));
#4808=CARTESIAN_POINT('',(843.372602619,486.772911893,183.703269847));
#4809=CARTESIAN_POINT('',(843.221939885,486.720365353,183.796890672));
#4810=CARTESIAN_POINT('',(842.914743503,486.590819348,183.952013671));
#4811=CARTESIAN_POINT('',(842.75822195,486.513824977,184.013509742));
#4812=CARTESIAN_POINT('',(842.446893227,486.339111562,184.10140067));
#4813=CARTESIAN_POINT('',(842.292098312,486.241399392,184.127792067));
#4814=CARTESIAN_POINT('',(842.141911391,486.135691639,184.135991646));
#4815=CARTESIAN_POINT('',(844.772561918,486.444855809,181.323150125));
#4816=CARTESIAN_POINT('',(844.750784366,486.547143346,181.472586436));
#4817=CARTESIAN_POINT('',(844.712062283,486.639643583,181.626244772));
#4818=CARTESIAN_POINT('',(844.602569704,486.800673493,181.934705635));
#4819=CARTESIAN_POINT('',(844.531803379,486.869197031,182.089496421));
#4820=CARTESIAN_POINT('',(844.361593742,486.97900453,182.392845011));
#4821=CARTESIAN_POINT('',(844.262156913,487.020284307,182.541391269));
#4822=CARTESIAN_POINT('',(844.039344419,487.073633662,182.825170636));
#4823=CARTESIAN_POINT('',(843.91597724,487.085701205,182.960392943));
#4824=CARTESIAN_POINT('',(843.651183068,487.080047832,183.211078664));
#4825=CARTESIAN_POINT('',(843.509766158,487.062327127,183.326532534));
#4826=CARTESIAN_POINT('',(843.21561218,486.997938956,183.532177241));
#4827=CARTESIAN_POINT('',(843.062886314,486.951273939,183.622360248));
#4828=CARTESIAN_POINT('',(842.753393472,486.831218719,183.773163007));
#4829=CARTESIAN_POINT('',(842.596638283,486.757833087,183.833777017));
#4830=CARTESIAN_POINT('',(842.286558297,486.58783223,183.922550423));
#4831=CARTESIAN_POINT('',(842.133245309,486.491223479,183.950706439));
#4832=CARTESIAN_POINT('',(841.98530144,486.385301442,183.9619628));
#4833=CARTESIAN_POINT('',(844.756332061,486.466970804,181.309236902));
#4834=CARTESIAN_POINT('',(844.731329773,486.572757735,181.455023164));
#4835=CARTESIAN_POINT('',(844.689478478,486.668812361,181.604974098));
#4836=CARTESIAN_POINT('',(844.574055483,486.836919191,181.906124033));
#4837=CARTESIAN_POINT('',(844.50048813,486.908965067,182.057311707));
#4838=CARTESIAN_POINT('',(844.325117228,487.025637903,182.353772744));
#4839=CARTESIAN_POINT('',(844.22332028,487.070260471,182.499034956));
#4840=CARTESIAN_POINT('',(843.996312115,487.129969366,182.776762816));
#4841=CARTESIAN_POINT('',(843.87110944,487.145053442,182.909218017));
#4842=CARTESIAN_POINT('',(843.603220968,487.144967551,183.155055747));
#4843=CARTESIAN_POINT('',(843.460545253,487.129797584,183.268429029));
#4844=CARTESIAN_POINT('',(843.164470044,487.069919374,183.470730274));
#4845=CARTESIAN_POINT('',(843.01108169,487.025213383,183.559650627));
#4846=CARTESIAN_POINT('',(842.700848474,486.908378593,183.708831341));
#4847=CARTESIAN_POINT('',(842.544015285,486.836254189,183.769086091));
#4848=CARTESIAN_POINT('',(842.234323271,486.667997533,183.858078568));
#4849=CARTESIAN_POINT('',(842.081476098,486.571871611,183.886812948));
#4850=CARTESIAN_POINT('',(841.934237316,486.466018105,183.899106801));
#4851=CARTESIAN_POINT('',(844.724334582,486.509634892,181.279216759));
#4852=CARTESIAN_POINT('',(844.693025755,486.621987198,181.417239034));
#4853=CARTESIAN_POINT('',(844.645068619,486.724722812,181.559305078));
#4854=CARTESIAN_POINT('',(844.518095393,486.906167996,181.844899788));
#4855=CARTESIAN_POINT('',(844.439083964,486.984870905,181.988417981));
#4856=CARTESIAN_POINT('',(844.253697434,487.114565607,182.270203369));
#4857=CARTESIAN_POINT('',(844.147329137,487.165552639,182.40846023));
#4858=CARTESIAN_POINT('',(843.91220426,487.237427047,182.673254906));
#4859=CARTESIAN_POINT('',(843.783456308,487.258311783,182.799783011));
#4860=CARTESIAN_POINT('',(843.509594809,487.269001382,183.035200252));
#4861=CARTESIAN_POINT('',(843.364491311,487.25880585,183.144080755));
#4862=CARTESIAN_POINT('',(843.064706923,487.207808916,183.339107914));
#4863=CARTESIAN_POINT('',(842.910037032,487.167009383,183.425247416));
#4864=CARTESIAN_POINT('',(842.598355977,487.056710531,183.570761059));
#4865=CARTESIAN_POINT('',(842.441356247,486.987215258,183.630129863));
#4866=CARTESIAN_POINT('',(842.132361004,486.822773944,183.719322556));
#4867=CARTESIAN_POINT('',(841.980376826,486.727833935,183.749143174));
#4868=CARTESIAN_POINT('',(841.834450363,486.622388527,183.763492552));
#4869=CARTESIAN_POINT('',(844.708603476,486.530129706,181.263127441));
#4870=CARTESIAN_POINT('',(844.674220367,486.645538394,181.397040881));
#4871=CARTESIAN_POINT('',(844.623294007,486.751390934,181.534934613));
#4872=CARTESIAN_POINT('',(844.49071517,486.93907851,181.81229518));
#4873=CARTESIAN_POINT('',(844.409067495,487.02090675,181.95175198));
#4874=CARTESIAN_POINT('',(844.218839278,487.156740001,182.225758682));
#4875=CARTESIAN_POINT('',(844.110265625,487.210740091,182.360298669));
#4876=CARTESIAN_POINT('',(843.87123027,487.288404417,182.618219679));
#4877=CARTESIAN_POINT('',(843.740777223,487.312065838,182.741591368));
#4878=CARTESIAN_POINT('',(843.464044985,487.327950109,182.971442146));
#4879=CARTESIAN_POINT('',(843.317775812,487.32017238,183.077912917));
#4880=CARTESIAN_POINT('',(843.016208583,487.273536827,183.269013061));
#4881=CARTESIAN_POINT('',(842.860921443,487.234680689,183.353635518));
#4882=CARTESIAN_POINT('',(842.548534991,487.127691358,183.497105024));
#4883=CARTESIAN_POINT('',(842.391446986,487.059562037,183.55594688));
#4884=CARTESIAN_POINT('',(842.082759579,486.897190186,183.645118756));
#4885=CARTESIAN_POINT('',(841.93117135,486.802953534,183.675445549));
#4886=CARTESIAN_POINT('',(841.7858502,486.697849094,183.690810584));
#4887=CARTESIAN_POINT('',(844.663147128,486.587996742,181.212613002));
#4888=CARTESIAN_POINT('',(844.619966888,486.711768707,181.333811849));
#4889=CARTESIAN_POINT('',(844.560563767,486.826169217,181.458796594));
#4890=CARTESIAN_POINT('',(844.41201154,487.031031265,181.71067041));
#4891=CARTESIAN_POINT('',(844.322867603,487.121485678,181.837550751));
#4892=CARTESIAN_POINT('',(844.118893339,487.274332073,182.087444653));
#4893=CARTESIAN_POINT('',(844.004070104,487.336718735,182.210449551));
#4894=CARTESIAN_POINT('',(843.753965711,487.430583832,182.446997061));
#4895=CARTESIAN_POINT('',(843.618693246,487.462058996,182.560531472));
#4896=CARTESIAN_POINT('',(843.33384962,487.492662671,182.772972564));
#4897=CARTESIAN_POINT('',(843.184288356,487.491790108,182.87187188));
#4898=CARTESIAN_POINT('',(842.877676681,487.457732894,183.050542323));
#4899=CARTESIAN_POINT('',(842.720636919,487.424549417,183.130307255));
#4900=CARTESIAN_POINT('',(842.406218094,487.327376495,183.267078157));
#4901=CARTESIAN_POINT('',(842.24884995,487.263390418,183.324079383));
#4902=CARTESIAN_POINT('',(841.940939033,487.107521535,183.412726951));
#4903=CARTESIAN_POINT('',(841.790406951,487.015644136,183.444370215));
#4904=CARTESIAN_POINT('',(841.646714244,486.911908378,183.462614561));
#4905=CARTESIAN_POINT('',(844.634797984,486.622249158,181.175651829));
#4906=CARTESIAN_POINT('',(844.586250614,486.750600551,181.287782899));
#4907=CARTESIAN_POINT('',(844.52170285,486.869708831,181.403563819));
#4908=CARTESIAN_POINT('',(844.363497074,487.084108446,181.637252465));
#4909=CARTESIAN_POINT('',(844.269844407,487.179392542,181.755152328));
#4910=CARTESIAN_POINT('',(844.057631632,487.341864223,181.9877953));
#4911=CARTESIAN_POINT('',(843.939078688,487.409046321,182.102530581));
#4912=CARTESIAN_POINT('',(843.682385214,487.512295017,182.323701992));
#4913=CARTESIAN_POINT('',(843.544253347,487.548358125,182.430130679));
#4914=CARTESIAN_POINT('',(843.2546002,487.587745969,182.629918088));
#4915=CARTESIAN_POINT('',(843.103088692,487.591069369,182.723270085));
#4916=CARTESIAN_POINT('',(842.793474651,487.564823954,182.892718664));
#4917=CARTESIAN_POINT('',(842.63538256,487.535256017,182.968809541));
#4918=CARTESIAN_POINT('',(842.31970094,487.44455013,183.100323373));
#4919=CARTESIAN_POINT('',(842.162122058,487.383415231,183.155741898));
#4920=CARTESIAN_POINT('',(841.854537418,487.232314448,183.243424412));
#4921=CARTESIAN_POINT('',(841.704542033,487.142353655,183.275685445));
#4922=CARTESIAN_POINT('',(841.561698394,487.039993905,183.295644595));
#4923=CARTESIAN_POINT('',(844.59534732,486.667297058,181.115290212));
#4924=CARTESIAN_POINT('',(844.539505941,486.801216471,181.213045547));
#4925=CARTESIAN_POINT('',(844.468001617,486.926087519,181.314241176));
#4926=CARTESIAN_POINT('',(844.296795529,487.152270239,181.519088209));
#4927=CARTESIAN_POINT('',(844.197099289,487.253574616,181.622733013));
#4928=CARTESIAN_POINT('',(843.973881916,487.428177562,181.827933218));
#4929=CARTESIAN_POINT('',(843.850367983,487.501470499,181.929482007));
#4930=CARTESIAN_POINT('',(843.584932823,487.616832704,182.126036545));
#4931=CARTESIAN_POINT('',(843.443020155,487.658898252,182.22103596));
#4932=CARTESIAN_POINT('',(843.147012495,487.709957573,182.400324952));
#4933=CARTESIAN_POINT('',(842.992927048,487.7189497,182.484608752));
#4934=CARTESIAN_POINT('',(842.679333091,487.703464932,182.638769282));
#4935=CARTESIAN_POINT('',(842.519834692,487.678988535,182.708641045));
#4936=CARTESIAN_POINT('',(842.202411866,487.597637782,182.830911973));
#4937=CARTESIAN_POINT('',(842.044497673,487.540766047,182.883307199));
#4938=CARTESIAN_POINT('',(841.737171126,487.397117029,182.968325674));
#4939=CARTESIAN_POINT('',(841.587768681,487.310344377,183.000946183));
#4940=CARTESIAN_POINT('',(841.445894554,487.210521177,183.022964513));
#4941=CARTESIAN_POINT('',(844.582649559,486.681315794,181.094224137));
#4942=CARTESIAN_POINT('',(844.524491988,486.816879923,181.18702907));
#4943=CARTESIAN_POINT('',(844.450785223,486.943461351,181.283203114));
#4944=CARTESIAN_POINT('',(844.275473344,487.173163842,181.478116504));
#4945=CARTESIAN_POINT('',(844.173873796,487.276277612,181.576849667));
#4946=CARTESIAN_POINT('',(843.947198157,487.454553854,181.772584887));
#4947=CARTESIAN_POINT('',(843.822129263,487.529710666,181.869580736));
#4948=CARTESIAN_POINT('',(843.553958619,487.648798819,182.057620165));
#4949=CARTESIAN_POINT('',(843.410865383,487.692726378,182.14865778));
#4950=CARTESIAN_POINT('',(843.112874633,487.747441157,182.320818501));
#4951=CARTESIAN_POINT('',(842.957986581,487.75822664,182.401936145));
#4952=CARTESIAN_POINT('',(842.643148533,487.746185081,182.550726024));
#4953=CARTESIAN_POINT('',(842.483208532,487.723358422,182.618393538));
#4954=CARTESIAN_POINT('',(842.16522917,487.645083656,182.737337251));
#4955=CARTESIAN_POINT('',(842.007199903,487.589638034,182.788609675));
#4956=CARTESIAN_POINT('',(841.699921753,487.448536561,182.872530497));
#4957=CARTESIAN_POINT('',(841.550682626,487.36288519,182.905176232));
#4958=CARTESIAN_POINT('',(841.409082409,487.263991914,182.927798782));
#4959=CARTESIAN_POINT('',(844.558725795,486.706768267,181.051061088));
#4960=CARTESIAN_POINT('',(844.496261897,486.845158724,181.133860471));
#4961=CARTESIAN_POINT('',(844.418472701,486.974695744,181.21988739));
#4962=CARTESIAN_POINT('',(844.235569728,487.210524967,181.394720486));
#4963=CARTESIAN_POINT('',(844.130461583,487.316809907,181.483521285));
#4964=CARTESIAN_POINT('',(843.897425727,487.501576446,181.660096958));
#4965=CARTESIAN_POINT('',(843.76950519,487.580052355,181.747866399));
#4966=CARTESIAN_POINT('',(843.49632773,487.705834211,181.918618036));
#4967=CARTESIAN_POINT('',(843.351079216,487.753136283,182.001594979));
#4968=CARTESIAN_POINT('',(843.049472075,487.81454009,182.159205336));
#4969=CARTESIAN_POINT('',(842.893122732,487.828639931,182.233833901));
#4970=CARTESIAN_POINT('',(842.57601638,487.823032205,182.371548645));
#4971=CARTESIAN_POINT('',(842.415269133,487.803324808,182.434630586));
#4972=CARTESIAN_POINT('',(842.096258268,487.730944887,182.546547732));
#4973=CARTESIAN_POINT('',(841.93800447,487.678274589,182.595379492));
#4974=CARTESIAN_POINT('',(841.63076523,487.542224418,182.676702324));
#4975=CARTESIAN_POINT('',(841.481789246,487.458848731,182.709190893));
#4976=CARTESIAN_POINT('',(841.340641095,487.361904331,182.732812217));
#4977=CARTESIAN_POINT('',(844.547496602,486.718212741,181.028983806));
#4978=CARTESIAN_POINT('',(844.483041486,486.857787397,181.106731644));
#4979=CARTESIAN_POINT('',(844.403371173,486.988572195,181.187636664));
#4980=CARTESIAN_POINT('',(844.216980656,487.227013299,181.352330366));
#4981=CARTESIAN_POINT('',(844.110266104,487.334662375,181.436114061));
#4982=CARTESIAN_POINT('',(843.874326164,487.522250274,181.603002284));
#4983=CARTESIAN_POINT('',(843.74510793,487.602183409,181.686101756));
#4984=CARTESIAN_POINT('',(843.469657295,487.730936543,181.848087488));
#4985=CARTESIAN_POINT('',(843.323433246,487.779752638,181.92696884));
#4986=CARTESIAN_POINT('',(843.020191409,487.844192468,182.077163352));
#4987=CARTESIAN_POINT('',(842.863182816,487.859814249,182.148471962));
#4988=CARTESIAN_POINT('',(842.545051439,487.857198359,182.280487751));
#4989=CARTESIAN_POINT('',(842.3839383,487.838960766,182.34119093));
#4990=CARTESIAN_POINT('',(842.064452333,487.769399565,182.449413351));
#4991=CARTESIAN_POINT('',(841.90608919,487.718078065,182.496929314));
#4992=CARTESIAN_POINT('',(841.598841057,487.584530129,182.576755362));
#4993=CARTESIAN_POINT('',(841.449965381,487.502307742,182.609063028));
#4994=CARTESIAN_POINT('',(841.308996055,487.406380864,182.633080066));
#4995=CARTESIAN_POINT('',(844.515982582,486.748824361,180.961297802));
#4996=CARTESIAN_POINT('',(844.446017504,486.891327303,181.023749335));
#4997=CARTESIAN_POINT('',(844.36116054,487.025227111,181.089148685));
#4998=CARTESIAN_POINT('',(844.165184322,487.27026588,181.223137249));
#4999=CARTESIAN_POINT('',(844.054070751,487.381397741,181.291722601));
#5000=CARTESIAN_POINT('',(843.810202783,487.576275947,181.429237414));
#5001=CARTESIAN_POINT('',(843.677455454,487.660016643,181.49816291));
#5002=CARTESIAN_POINT('',(843.395841058,487.796626614,181.633497505));
#5003=CARTESIAN_POINT('',(843.246982152,487.849491928,181.699902703));
#5004=CARTESIAN_POINT('',(842.939335695,487.922149005,181.82744013));
#5005=CARTESIAN_POINT('',(842.780557058,487.941938658,181.88856868));
#5006=CARTESIAN_POINT('',(842.459674779,487.947617694,182.003014557));
#5007=CARTESIAN_POINT('',(842.297580433,487.933506906,182.05632858));
#5008=CARTESIAN_POINT('',(841.976808316,487.871968196,182.152930813));
#5009=CARTESIAN_POINT('',(841.818139837,487.824542051,182.196216232));
#5010=CARTESIAN_POINT('',(841.510818662,487.69834145,182.270962277));
#5011=CARTESIAN_POINT('',(841.362174868,487.619570644,182.302420742));
#5012=CARTESIAN_POINT('',(841.221630187,487.526762044,182.327312485));
#5013=CARTESIAN_POINT('',(844.497851748,486.764306442,180.91424867));
#5014=CARTESIAN_POINT('',(844.424827828,486.907936563,180.966317745));
#5015=CARTESIAN_POINT('',(844.337118183,487.043082651,181.021197394));
#5016=CARTESIAN_POINT('',(844.135913139,487.290883509,181.134341209));
#5017=CARTESIAN_POINT('',(844.022423401,487.40353131,181.192602209));
#5018=CARTESIAN_POINT('',(843.774308491,487.601717673,181.310127468));
#5019=CARTESIAN_POINT('',(843.639690298,487.687250661,181.369388439));
#5020=CARTESIAN_POINT('',(843.354834639,487.827700181,181.486490904));
#5021=CARTESIAN_POINT('',(843.204605185,487.882612762,181.54432912));
#5022=CARTESIAN_POINT('',(842.894682974,487.959568669,181.656220894));
#5023=CARTESIAN_POINT('',(842.734998933,487.981609829,181.710271319));
#5024=CARTESIAN_POINT('',(842.412711096,487.991916843,181.812376583));
#5025=CARTESIAN_POINT('',(842.250116362,487.980182404,181.860428561));
#5026=CARTESIAN_POINT('',(841.928670162,487.923416077,181.948570671));
#5027=CARTESIAN_POINT('',(841.769827734,487.878385782,181.988658332));
#5028=CARTESIAN_POINT('',(841.462395648,487.756869972,182.059230645));
#5029=CARTESIAN_POINT('',(841.313814634,487.680387871,182.089713317));
#5030=CARTESIAN_POINT('',(841.173404648,487.589743748,182.11477003));
#5031=CARTESIAN_POINT('',(844.475228238,486.779951736,180.840667351));
#5032=CARTESIAN_POINT('',(844.398516599,486.924143596,180.876830244));
#5033=CARTESIAN_POINT('',(844.307409391,487.060019089,180.915601875));
#5034=CARTESIAN_POINT('',(844.100049563,487.309700585,180.996812804));
#5035=CARTESIAN_POINT('',(843.983802534,487.423499857,181.039249917));
#5036=CARTESIAN_POINT('',(843.730825816,487.624461976,181.126090934));
#5037=CARTESIAN_POINT('',(843.594102946,487.711619405,181.170492503));
#5038=CARTESIAN_POINT('',(843.305658976,487.855799479,181.259482562));
#5039=CARTESIAN_POINT('',(843.153945652,487.912818239,181.304068658));
#5040=CARTESIAN_POINT('',(842.84160686,487.994431552,181.391640249));
#5041=CARTESIAN_POINT('',(842.680989812,488.019023906,181.434623387));
#5042=CARTESIAN_POINT('',(842.357287152,488.034795768,181.517265546));
#5043=CARTESIAN_POINT('',(842.194210265,488.025974851,181.556922342));
#5044=CARTESIAN_POINT('',(841.872130502,487.975271988,181.631321404));
#5045=CARTESIAN_POINT('',(841.713136306,487.933391408,181.666061668));
#5046=CARTESIAN_POINT('',(841.405601022,487.818247391,181.729234129));
#5047=CARTESIAN_POINT('',(841.257068222,487.744987056,181.757664625));
#5048=CARTESIAN_POINT('',(841.11674183,487.657503898,181.7823707));
#5049=CARTESIAN_POINT('',(844.468516147,486.783845048,180.815809853));
#5050=CARTESIAN_POINT('',(844.390736569,486.92803114,180.84665234));
#5051=CARTESIAN_POINT('',(844.298654233,487.063954504,180.880037438));
#5052=CARTESIAN_POINT('',(844.089543501,487.313874377,180.950567554));
#5053=CARTESIAN_POINT('',(843.972520663,487.427864242,180.9877107));
#5054=CARTESIAN_POINT('',(843.718190558,487.629374005,181.064278499));
#5055=CARTESIAN_POINT('',(843.580890052,487.716888546,181.10370112));
#5056=CARTESIAN_POINT('',(843.29147441,487.861959175,181.183258475));
#5057=CARTESIAN_POINT('',(843.139366968,487.919511407,181.223391097));
#5058=CARTESIAN_POINT('',(842.826397487,488.002362553,181.302770551));
#5059=CARTESIAN_POINT('',(842.66554377,488.027659265,181.342015276));
#5060=CARTESIAN_POINT('',(842.341490557,488.044989561,181.418056148));
#5061=CARTESIAN_POINT('',(842.178299677,488.037022684,181.454850276));
#5062=CARTESIAN_POINT('',(841.856074398,487.988141288,181.524524506));
#5063=CARTESIAN_POINT('',(841.697048566,487.947228067,181.557402758));
#5064=CARTESIAN_POINT('',(841.389490018,487.834082201,181.617935484));
#5065=CARTESIAN_POINT('',(841.240965478,487.761852563,181.64558835));
#5066=CARTESIAN_POINT('',(841.100646765,487.675401255,181.670078384));
#5067=CARTESIAN_POINT('',(844.456900423,486.788949402,180.766095619));
#5068=CARTESIAN_POINT('',(844.377319173,486.93276371,180.786387097));
#5069=CARTESIAN_POINT('',(844.28361038,487.068416564,180.809092763));
#5070=CARTESIAN_POINT('',(844.071613377,487.318078797,180.858443287));
#5071=CARTESIAN_POINT('',(843.953330658,487.432081712,180.885086869));
#5072=CARTESIAN_POINT('',(843.696836252,487.633959696,180.941267014));
#5073=CARTESIAN_POINT('',(843.558631206,487.721829537,180.970802125));
#5074=CARTESIAN_POINT('',(843.267726248,487.867984428,181.031605269));
#5075=CARTESIAN_POINT('',(843.115033868,487.926265693,181.062871732));
#5076=CARTESIAN_POINT('',(842.80115831,488.010949849,181.125909245));
#5077=CARTESIAN_POINT('',(842.639983258,488.037350548,181.157678666));
#5078=CARTESIAN_POINT('',(842.315480286,488.05723355,181.220473736));
#5079=CARTESIAN_POINT('',(842.152160769,488.050715339,181.251497762));
#5080=CARTESIAN_POINT('',(841.829791433,488.005014963,181.311582711));
#5081=CARTESIAN_POINT('',(841.670749962,487.965833981,181.340642079));
#5082=CARTESIAN_POINT('',(841.363191366,487.856346967,181.395655328));
#5083=CARTESIAN_POINT('',(841.214682205,487.78604377,181.421607783));
#5084=CARTESIAN_POINT('',(841.074355605,487.701559481,181.445497225));
#5085=CARTESIAN_POINT('',(844.451965774,486.79018233,180.741139996));
#5086=CARTESIAN_POINT('',(844.371645736,486.933631448,180.756179454));
#5087=CARTESIAN_POINT('',(844.277280951,487.068966974,180.773570531));
#5088=CARTESIAN_POINT('',(844.064140135,487.318135873,180.812379276));
#5089=CARTESIAN_POINT('',(843.945369555,487.431962874,180.833795956));
#5090=CARTESIAN_POINT('',(843.688057545,487.633665336,180.879820355));
#5091=CARTESIAN_POINT('',(843.549522696,487.721535639,180.9044269));
#5092=CARTESIAN_POINT('',(843.258095142,487.867889436,180.955870707));
#5093=CARTESIAN_POINT('',(843.10520989,487.926369188,180.982706656));
#5094=CARTESIAN_POINT('',(842.791055586,488.011654979,181.037561661));
#5095=CARTESIAN_POINT('',(842.629794569,488.038458836,181.065579316));
#5096=CARTESIAN_POINT('',(842.305190405,488.059343662,181.121703732));
#5097=CARTESIAN_POINT('',(842.141855559,488.053424096,181.14980906));
#5098=CARTESIAN_POINT('',(841.819486764,488.009091628,181.205011153));
#5099=CARTESIAN_POINT('',(841.660461059,487.97067986,181.232106508));
#5100=CARTESIAN_POINT('',(841.352925494,487.862862307,181.284230178));
#5101=CARTESIAN_POINT('',(841.204423499,487.79345928,181.309257162));
#5102=CARTESIAN_POINT('',(841.06408143,487.709914494,181.332761661));
#5103=CARTESIAN_POINT('',(844.445358021,486.790062677,180.700425959));
#5104=CARTESIAN_POINT('',(844.364091196,486.932638945,180.706955874));
#5105=CARTESIAN_POINT('',(844.268906362,487.067174893,180.715738157));
#5106=CARTESIAN_POINT('',(844.054375168,487.314972665,180.737468912));
#5107=CARTESIAN_POINT('',(843.935034189,487.428228274,180.75041684));
#5108=CARTESIAN_POINT('',(843.676808452,487.629080928,180.779978433));
#5109=CARTESIAN_POINT('',(843.53793017,487.716672937,180.796591358));
#5110=CARTESIAN_POINT('',(843.24600396,487.862806993,180.832840595));
#5111=CARTESIAN_POINT('',(843.092963353,487.921345375,180.852475999));
#5112=CARTESIAN_POINT('',(842.778635015,488.00710507,180.894010784));
#5113=CARTESIAN_POINT('',(842.617355167,488.034324232,180.915909125));
#5114=CARTESIAN_POINT('',(842.292790048,488.056390413,180.961122694));
#5115=CARTESIAN_POINT('',(842.129512917,488.051236878,180.984436789));
#5116=CARTESIAN_POINT('',(841.807272545,488.008755458,181.031579865));
#5117=CARTESIAN_POINT('',(841.648317385,487.971428639,181.055407665));
#5118=CARTESIAN_POINT('',(841.340873307,487.86604366,181.102656135));
#5119=CARTESIAN_POINT('',(841.192392099,487.797988143,181.126075622));
#5120=CARTESIAN_POINT('',(841.052017654,487.715883144,181.148838369));
#5121=CARTESIAN_POINT('',(844.443155713,486.789506215,180.684727332));
#5122=CARTESIAN_POINT('',(844.361585737,486.931679566,180.687990223));
#5123=CARTESIAN_POINT('',(844.266144622,487.065839698,180.693467892));
#5124=CARTESIAN_POINT('',(844.051191252,487.312973156,180.708642525));
#5125=CARTESIAN_POINT('',(843.93168435,487.425940329,180.718339113));
#5126=CARTESIAN_POINT('',(843.673206922,487.626330362,180.74157829));
#5127=CARTESIAN_POINT('',(843.534242832,487.713748233,180.755120301));
#5128=CARTESIAN_POINT('',(843.242209115,487.859667215,180.785528689));
#5129=CARTESIAN_POINT('',(843.089146759,487.918164692,180.802394309));
#5130=CARTESIAN_POINT('',(842.774818546,488.003985545,180.83880004));
#5131=CARTESIAN_POINT('',(842.613560515,488.031306785,180.858339246));
#5132=CARTESIAN_POINT('',(842.289059336,488.053719978,180.899339084));
#5133=CARTESIAN_POINT('',(842.125824267,488.048811375,180.920798696));
#5134=CARTESIAN_POINT('',(841.803663948,488.006952548,180.964812117));
#5135=CARTESIAN_POINT('',(841.64474672,487.970003367,180.98736483));
#5136=CARTESIAN_POINT('',(841.337350816,487.865486661,181.032694951));
#5137=CARTESIAN_POINT('',(841.188879795,487.79792174,181.055471231));
#5138=CARTESIAN_POINT('',(841.048491149,487.716349649,181.077920732));
#5139=CARTESIAN_POINT('',(844.441297033,486.788432804,180.668989884));
#5140=CARTESIAN_POINT('',(844.359484656,486.93013598,180.668989882));
#5141=CARTESIAN_POINT('',(844.26384613,487.063851953,180.671167612));
#5142=CARTESIAN_POINT('',(844.04858275,487.310183961,180.679795061));
#5143=CARTESIAN_POINT('',(843.928963217,487.422793905,180.686244566));
#5144=CARTESIAN_POINT('',(843.670333664,487.622585168,180.703167922));
#5145=CARTESIAN_POINT('',(843.531330037,487.709761545,180.713641353));
#5146=CARTESIAN_POINT('',(843.2392733,487.855334193,180.738210261));
#5147=CARTESIAN_POINT('',(843.086227411,487.913726864,180.752305131));
#5148=CARTESIAN_POINT('',(842.771967069,487.99948662,180.783575422));
#5149=CARTESIAN_POINT('',(842.610760386,488.026851586,180.800750071));
#5150=CARTESIAN_POINT('',(842.286373287,488.049502749,180.837520046));
#5151=CARTESIAN_POINT('',(842.123200892,488.044788388,180.857114463));
#5152=CARTESIAN_POINT('',(841.801153052,488.003460486,180.897971073));
#5153=CARTESIAN_POINT('',(841.642285569,487.966847967,180.919232255));
#5154=CARTESIAN_POINT('',(841.334953105,487.863129206,180.9626054));
#5155=CARTESIAN_POINT('',(841.186495722,487.796025528,180.984716292));
#5156=CARTESIAN_POINT('',(841.046092485,487.714963645,181.006827729));
#5157=B_SPLINE_SURFACE_WITH_KNOTS('',3,3,((#4653,#4654,#4655,#4656,#4657,#4658,#4659,#4660,#4661,#4662,#4663,#4664,#4665,#4666,#4667,#4668,#4669,#4670),(#4671,#4672,#4673,#4674,#4675,#4676,#4677,#4678,#4679,#4680,#4681,#4682,#4683,#4684,#4685,#4686,#4687,#4688),(#4689,#4690,#4691,#4692,#4693,#4694,#4695,#4696,#4697,#4698,#4699,#4700,#4701,#4702,#4703,#4704,#4705,#4706),(#4707,#4708,#4709,#4710,#4711,#4712,#4713,#4714,#4715,#4716,#4717,#4718,#4719,#4720,#4721,#4722,#4723,#4724),(#4725,#4726,#4727,#4728,#4729,#4730,#4731,#4732,#4733,#4734,#4735,#4736,#4737,#4738,#4739,#4740,#4741,#4742),(#4743,#4744,#4745,#4746,#4747,#4748,#4749,#4750,#4751,#4752,#4753,#4754,#4755,#4756,#4757,#4758,#4759,#4760),(#4761,#4762,#4763,#4764,#4765,#4766,#4767,#4768,#4769,#4770,#4771,#4772,#4773,#4774,#4775,#4776,#4777,#4778),(#4779,#4780,#4781,#4782,#4783,#4784,#4785,#4786,#4787,#4788,#4789,#4790,#4791,#4792,#4793,#4794,#4795,#4796),(#4797,#4798,#4799,#4800,#4801,#4802,#4803,#4804,#4805,#4806,#4807,#4808,#4809,#4810,#4811,#4812,#4813,#4814),(#4815,#4816,#4817,#4818,#4819,#4820,#4821,#4822,#4823,#4824,#4825,#4826,#4827,#4828,#4829,#4830,#4831,#4832),(#4833,#4834,#4835,#4836,#4837,#4838,#4839,#4840,#4841,#4842,#4843,#4844,#4845,#4846,#4847,#4848,#4849,#4850),(#4851,#4852,#4853,#4854,#4855,#4856,#4857,#4858,#4859,#4860,#4861,#4862,#4863,#4864,#4865,#4866,#4867,#4868),(#4869,#4870,#4871,#4872,#4873,#4874,#4875,#4876,#4877,#4878,#4879,#4880,#4881,#4882,#4883,#4884,#4885,#4886),(#4887,#4888,#4889,#4890,#4891,#4892,#4893,#4894,#4895,#4896,#4897,#4898,#4899,#4900,#4901,#4902,#4903,#4904),(#4905,#4906,#4907,#4908,#4909,#4910,#4911,#4912,#4913,#4914,#4915,#4916,#4917,#4918,#4919,#4920,#4921,#4922),(#4923,#4924,#4925,#4926,#4927,#4928,#4929,#4930,#4931,#4932,#4933,#4934,#4935,#4936,#4937,#4938,#4939,#4940),(#4941,#4942,#4943,#4944,#4945,#4946,#4947,#4948,#4949,#4950,#4951,#4952,#4953,#4954,#4955,#4956,#4957,#4958),(#4959,#4960,#4961,#4962,#4963,#4964,#4965,#4966,#4967,#4968,#4969,#4970,#4971,#4972,#4973,#4974,#4975,#4976),(#4977,#4978,#4979,#4980,#4981,#4982,#4983,#4984,#4985,#4986,#4987,#4988,#4989,#4990,#4991,#4992,#4993,#4994),(#4995,#4996,#4997,#4998,#4999,#5000,#5001,#5002,#5003,#5004,#5005,#5006,#5007,#5008,#5009,#5010,#5011,#5012),(#5013,#5014,#5015,#5016,#5017,#5018,#5019,#5020,#5021,#5022,#5023,#5024,#5025,#5026,#5027,#5028,#5029,#5030),(#5031,#5032,#5033,#5034,#5035,#5036,#5037,#5038,#5039,#5040,#5041,#5042,#5043,#5044,#5045,#5046,#5047,#5048),(#5049,#5050,#5051,#5052,#5053,#5054,#5055,#5056,#5057,#5058,#5059,#5060,#5061,#5062,#5063,#5064,#5065,#5066),(#5067,#5068,#5069,#5070,#5071,#5072,#5073,#5074,#5075,#5076,#5077,#5078,#5079,#5080,#5081,#5082,#5083,#5084),(#5085,#5086,#5087,#5088,#5089,#5090,#5091,#5092,#5093,#5094,#5095,#5096,#5097,#5098,#5099,#5100,#5101,#5102),(#5103,#5104,#5105,#5106,#5107,#5108,#5109,#5110,#5111,#5112,#5113,#5114,#5115,#5116,#5117,#5118,#5119,#5120),
(#5121,#5122,#5123,#5124,#5125,#5126,#5127,#5128,#5129,#5130,#5131,#5132,#5133,#5134,#5135,#5136,#5137,#5138),(#5139,#5140,#5141,#5142,#5143,#5144,#5145,#5146,#5147,#5148,#5149,#5150,#5151,#5152,#5153,#5154,#5155,#5156)),.UNSPECIFIED.,.F.,.F.,.U.,(4,2,2,2,2,2,2,2,2,2,2,2,2,4),(4,2,2,2,2,2,2,2,4),(0.003592132,0.003633598,0.003731803,0.003928214,0.004124625,0.00422283,0.004321035,0.004517446,0.004615651,0.004713857,0.004910267,0.005008473,0.005106678,0.005168063),(0.,0.125,0.25,0.375,0.5,0.625,0.75,0.875,1.),.UNSPECIFIED.);
#5158=CARTESIAN_POINT('',(841.046093621,487.714961734,181.006827725));
#5159=VERTEX_POINT('',#5158);
#5160=CARTESIAN_POINT('',(842.296093621,485.549898224,181.006827725));
#5161=DIRECTION('',(0.11703046,0.067567568,0.990827177));
#5162=DIRECTION('',(-0.993096701,0.,0.117298522));
#5163=AXIS2_PLACEMENT_3D('',#5160,#5161,#5162);
#5164=CIRCLE('',#5163,2.5);
#5165=EDGE_CURVE('',#4177,#5159,#5164,.T.);
#5166=ORIENTED_EDGE('',*,*,#5165,.T.);
#5167=CARTESIAN_POINT('',(842.954902761,484.775561321,184.506827725));
#5168=VERTEX_POINT('',#5167);
#5169=CARTESIAN_POINT('',(842.954902758,484.775561319,184.506827725));
#5170=CARTESIAN_POINT('',(842.838356871,484.977424717,184.506827725));
#5171=CARTESIAN_POINT('',(842.722377674,485.175229947,184.483748269));
#5172=CARTESIAN_POINT('',(842.607189532,485.368828499,184.438612942));
#5173=CARTESIAN_POINT('',(842.549595461,485.465627775,184.416045278));
#5174=CARTESIAN_POINT('',(842.492187363,485.561401935,184.387921418));
#5175=CARTESIAN_POINT('',(842.434967249,485.656127187,184.354120767));
#5176=CARTESIAN_POINT('',(842.377747135,485.750852439,184.320320116));
#5177=CARTESIAN_POINT('',(842.320699916,485.844553358,184.280741714));
#5178=CARTESIAN_POINT('',(842.265131705,485.935129154,184.23636751));
#5179=CARTESIAN_POINT('',(842.153995281,486.116280745,184.147619102));
#5180=CARTESIAN_POINT('',(842.047412785,486.287201386,184.039142144));
#5181=CARTESIAN_POINT('',(841.945439515,486.448120852,183.911129379));
#5182=CARTESIAN_POINT('',(841.894452881,486.528580585,183.847122996));
#5183=CARTESIAN_POINT('',(841.844368579,486.606924797,183.777777605));
#5184=CARTESIAN_POINT('',(841.796270855,486.681484374,183.70452562));
#5185=CARTESIAN_POINT('',(841.748173131,486.75604395,183.631273635));
#5186=CARTESIAN_POINT('',(841.70205851,486.826833186,183.554209045));
#5187=CARTESIAN_POINT('',(841.657888184,486.893983901,183.473432599));
#5188=CARTESIAN_POINT('',(841.569547532,487.028285331,183.311879707));
#5189=CARTESIAN_POINT('',(841.488921088,487.148131427,183.135591048));
#5190=CARTESIAN_POINT('',(841.416355636,487.253215185,182.944058714));
#5191=CARTESIAN_POINT('',(841.343790185,487.358298943,182.75252638));
#5192=CARTESIAN_POINT('',(841.28134052,487.445639734,182.550997083));
#5193=CARTESIAN_POINT('',(841.229144079,487.515425903,182.341154833));
#5194=CARTESIAN_POINT('',(841.203045859,487.550318987,182.236233709));
#5195=CARTESIAN_POINT('',(841.179488239,487.580850579,182.129108365));
#5196=CARTESIAN_POINT('',(841.158532382,487.606937645,182.019727303));
#5197=CARTESIAN_POINT('',(841.137576526,487.63302471,181.910346241));
#5198=CARTESIAN_POINT('',(841.119168243,487.654717203,181.798158469));
#5199=CARTESIAN_POINT('',(841.103775222,487.67147101,181.685879425));
#5200=CARTESIAN_POINT('',(841.072989181,487.704978624,181.461321336));
#5201=CARTESIAN_POINT('',(841.053792681,487.719406789,181.234969479));
#5202=CARTESIAN_POINT('',(841.046093621,487.714961734,181.006827725));
#5203=B_SPLINE_CURVE_WITH_KNOTS('',3,(#5169,#5170,#5171,#5172,#5173,#5174,#5175,#5176,#5177,#5178,#5179,#5180,#5181,#5182,#5183,#5184,#5185,#5186,#5187,#5188,#5189,#5190,#5191,#5192,#5193,#5194,
#5195,#5196,#5197,#5198,#5199,#5200,#5201,#5202),.UNSPECIFIED.,.F.,.F.,(4,3,3,3,3,3,3,3,3,3,3,4),(0.003592155,0.003789144,0.003887638,0.003986132,0.004183121,0.004281615,0.004380109,0.004577098,0.004774086,0.00487258,0.004971074,0.005168063),.UNSPECIFIED.);
#5204=EDGE_CURVE('',#5168,#5159,#5203,.T.);
#5205=ORIENTED_EDGE('',*,*,#5204,.F.);
#5206=CARTESIAN_POINT('',(842.954902761,484.775561321,182.006827725));
#5207=DIRECTION('',(0.5,-0.866025404,-0.));
#5208=DIRECTION('',(-0.866025404,-0.5,-0.));
#5209=AXIS2_PLACEMENT_3D('',#5206,#5207,#5208);
#5210=CIRCLE('',#5209,2.5);
#5211=EDGE_CURVE('',#4186,#5168,#5210,.T.);
#5212=ORIENTED_EDGE('',*,*,#5211,.F.);
#5213=ORIENTED_EDGE('',*,*,#4207,.F.);
#5214=EDGE_LOOP('',(#5166,#5205,#5212,#5213));
#5215=FACE_BOUND('',#5214,.T.);
#5216=ADVANCED_FACE('',(#5215),#5157,.T.);
#5217=CARTESIAN_POINT('',(831.204902761,505.12715831,182.006827725));
#5218=DIRECTION('',(0.5,-0.866025404,-0.));
#5219=DIRECTION('',(-0.866025404,-0.5,-0.));
#5220=AXIS2_PLACEMENT_3D('',#5217,#5218,#5219);
#5221=CYLINDRICAL_SURFACE('',#5220,2.5);
#5222=ORIENTED_EDGE('',*,*,#5211,.T.);
#5223=CARTESIAN_POINT('',(845.204902761,480.878447004,184.506827725));
#5224=VERTEX_POINT('',#5223);
#5225=CARTESIAN_POINT('',(845.204902761,480.878447004,184.506827725));
#5226=DIRECTION('',(-0.5,0.866025404,0.));
#5227=VECTOR('',#5226,4.5);
#5228=LINE('',#5225,#5227);
#5229=EDGE_CURVE('',#5224,#5168,#5228,.T.);
#5230=ORIENTED_EDGE('',*,*,#5229,.F.);
#5231=CARTESIAN_POINT('',(845.204902761,480.878447004,184.506827725));
#5232=CARTESIAN_POINT('',(845.296638788,481.024603581,184.506827725));
#5233=CARTESIAN_POINT('',(845.387457752,481.169346577,184.493039585));
#5234=CARTESIAN_POINT('',(845.479231487,481.31119259,184.465268454));
#5235=CARTESIAN_POINT('',(845.571005223,481.453038603,184.437497323));
#5236=CARTESIAN_POINT('',(845.664509418,481.593254349,184.395177346));
#5237=CARTESIAN_POINT('',(845.758730822,481.724360695,184.338208965));
#5238=CARTESIAN_POINT('',(845.852952227,481.855467041,184.281240584));
#5239=CARTESIAN_POINT('',(845.947976533,481.978247534,184.209928575));
#5240=CARTESIAN_POINT('',(846.047934027,482.087627481,184.120743056));
#5241=CARTESIAN_POINT('',(846.14789152,482.197007428,184.031557537));
#5242=CARTESIAN_POINT('',(846.248972461,482.289530932,183.927504071));
#5243=CARTESIAN_POINT('',(846.357399006,482.352131397,183.806829591));
#5244=B_SPLINE_CURVE_WITH_KNOTS('',3,(#5231,#5232,#5233,#5234,#5235,#5236,#5237,#5238,#5239,#5240,#5241,#5242,#5243),.UNSPECIFIED.,.F.,.F.,(4,3,3,3,4),(0.,0.000514104,0.001028208,0.001542312,0.002056416),.UNSPECIFIED.);
#5245=EDGE_CURVE('',#5224,#4332,#5244,.T.);
#5246=ORIENTED_EDGE('',*,*,#5245,.T.);
#5247=ORIENTED_EDGE('',*,*,#4338,.F.);
#5248=ORIENTED_EDGE('',*,*,#4215,.F.);
#5249=EDGE_LOOP('',(#5222,#5230,#5246,#5247,#5248));
#5250=FACE_BOUND('',#5249,.T.);
#5251=ADVANCED_FACE('',(#5250),#5221,.T.);
#5252=CARTESIAN_POINT('',(786.25095939,446.841371928,183.806827725));
#5253=DIRECTION('',(-0.866025404,-0.5,-0.));
#5254=DIRECTION('',(-0.5,0.866025404,0.));
#5255=AXIS2_PLACEMENT_3D('',#5252,#5253,#5254);
#5256=CYLINDRICAL_SURFACE('',#5255,0.7);
#5257=ORIENTED_EDGE('',*,*,#4060,.F.);
#5258=ORIENTED_EDGE('',*,*,#4344,.F.);
#5259=ORIENTED_EDGE('',*,*,#5245,.F.);
#5260=CARTESIAN_POINT('',(851.626311968,484.585849338,184.506827725));
#5261=DIRECTION('',(-0.866025404,-0.5,-0.));
#5262=VECTOR('',#5261,7.414804668);
#5263=LINE('',#5260,#5262);
#5264=EDGE_CURVE('',#4054,#5224,#5263,.T.);
#5265=ORIENTED_EDGE('',*,*,#5264,.F.);
#5266=EDGE_LOOP('',(#5257,#5258,#5259,#5265));
#5267=FACE_BOUND('',#5266,.T.);
#5268=ADVANCED_FACE('',(#5267),#5256,.T.);
#5269=CARTESIAN_POINT('',(855.126311968,478.523671511,183.806827725));
#5270=DIRECTION('',(0.5,-0.866025404,-0.));
#5271=DIRECTION('',(-0.866025404,-0.5,-0.));
#5272=AXIS2_PLACEMENT_3D('',#5269,#5270,#5271);
#5273=CYLINDRICAL_SURFACE('',#5272,0.7);
#5274=ORIENTED_EDGE('',*,*,#4067,.T.);
#5275=CARTESIAN_POINT('',(855.476311968,477.917453728,184.506827725));
#5276=VERTEX_POINT('',#5275);
#5277=CARTESIAN_POINT('',(855.476311968,477.917453728,184.506827725));
#5278=DIRECTION('',(-0.5,0.866025404,0.));
#5279=VECTOR('',#5278,7.7);
#5280=LINE('',#5277,#5279);
#5281=EDGE_CURVE('',#5276,#4054,#5280,.T.);
#5282=ORIENTED_EDGE('',*,*,#5281,.F.);
#5283=CARTESIAN_POINT('',(855.476311968,477.917453728,183.806827725));
#5284=DIRECTION('',(0.965925826,-0.258819045,0.));
#5285=DIRECTION('',(-0.258819045,-0.965925826,-0.));
#5286=AXIS2_PLACEMENT_3D('',#5283,#5284,#5285);
#5287=ELLIPSE('',#5286,0.989949494,0.7);
#5288=EDGE_CURVE('',#4024,#5276,#5287,.T.);
#5289=ORIENTED_EDGE('',*,*,#5288,.F.);
#5290=ORIENTED_EDGE('',*,*,#4029,.F.);
#5291=EDGE_LOOP('',(#5274,#5282,#5289,#5290));
#5292=FACE_BOUND('',#5291,.T.);
#5293=ADVANCED_FACE('',(#5292),#5273,.T.);
#5294=CARTESIAN_POINT('',(790.10095939,440.172976319,183.806827725));
#5295=DIRECTION('',(-0.866025404,-0.5,-0.));
#5296=DIRECTION('',(-0.5,0.866025404,0.));
#5297=AXIS2_PLACEMENT_3D('',#5294,#5295,#5296);
#5298=CYLINDRICAL_SURFACE('',#5297,0.7);
#5299=ORIENTED_EDGE('',*,*,#5288,.T.);
#5300=CARTESIAN_POINT('',(861.365284713,481.317453728,184.506827725));
#5301=VERTEX_POINT('',#5300);
#5302=CARTESIAN_POINT('',(861.365284713,481.317453728,184.506827725));
#5303=DIRECTION('',(-0.866025404,-0.5,-0.));
#5304=VECTOR('',#5303,6.8);
#5305=LINE('',#5302,#5304);
#5306=EDGE_CURVE('',#5301,#5276,#5305,.T.);
#5307=ORIENTED_EDGE('',*,*,#5306,.F.);
#5308=CARTESIAN_POINT('',(861.365284713,481.317453728,183.806827725));
#5309=DIRECTION('',(0.258819045,0.965925826,0.));
#5310=DIRECTION('',(-0.965925826,0.258819045,-0.));
#5311=AXIS2_PLACEMENT_3D('',#5308,#5309,#5310);
#5312=ELLIPSE('',#5311,0.989949494,0.7);
#5313=EDGE_CURVE('',#4079,#5301,#5312,.T.);
#5314=ORIENTED_EDGE('',*,*,#5313,.F.);
#5315=ORIENTED_EDGE('',*,*,#4084,.F.);
#5316=EDGE_LOOP('',(#5299,#5307,#5314,#5315));
#5317=FACE_BOUND('',#5316,.T.);
#5318=ADVANCED_FACE('',(#5317),#5298,.T.);
#5319=CARTESIAN_POINT('',(861.015284713,481.923671511,183.806827725));
#5320=DIRECTION('',(-0.5,0.866025404,0.));
#5321=DIRECTION('',(0.866025404,0.5,0.));
#5322=AXIS2_PLACEMENT_3D('',#5319,#5320,#5321);
#5323=CYLINDRICAL_SURFACE('',#5322,0.7);
#5324=ORIENTED_EDGE('',*,*,#5313,.T.);
#5325=CARTESIAN_POINT('',(857.515284713,487.985849338,184.506827725));
#5326=DIRECTION('',(0.5,-0.866025404,-0.));
#5327=VECTOR('',#5326,7.7);
#5328=LINE('',#5325,#5327);
#5329=EDGE_CURVE('',#4133,#5301,#5328,.T.);
#5330=ORIENTED_EDGE('',*,*,#5329,.F.);
#5331=CARTESIAN_POINT('',(857.515284713,487.985849338,183.806827725));
#5332=DIRECTION('',(-0.5,0.866025404,0.));
#5333=DIRECTION('',(0.866025404,0.5,0.));
#5334=AXIS2_PLACEMENT_3D('',#5331,#5332,#5333);
#5335=CIRCLE('',#5334,0.7);
#5336=EDGE_CURVE('',#3725,#4133,#5335,.T.);
#5337=ORIENTED_EDGE('',*,*,#5336,.F.);
#5338=ORIENTED_EDGE('',*,*,#4114,.F.);
#5339=EDGE_LOOP('',(#5324,#5330,#5337,#5338));
#5340=FACE_BOUND('',#5339,.T.);
#5341=ADVANCED_FACE('',(#5340),#5323,.T.);
#5342=CARTESIAN_POINT('',(786.25095939,446.841371928,183.806827725));
#5343=DIRECTION('',(-0.866025404,-0.5,-0.));
#5344=DIRECTION('',(-0.5,0.866025404,0.));
#5345=AXIS2_PLACEMENT_3D('',#5342,#5343,#5344);
#5346=CYLINDRICAL_SURFACE('',#5345,0.7);
#5347=CARTESIAN_POINT('',(859.333948575,489.035855408,184.506827725));
#5348=VERTEX_POINT('',#5347);
#5349=CARTESIAN_POINT('',(859.333948575,489.035855408,184.506827725));
#5350=DIRECTION('',(-0.866025404,-0.5,-0.));
#5351=VECTOR('',#5350,2.100012141);
#5352=LINE('',#5349,#5351);
#5353=EDGE_CURVE('',#5348,#4133,#5352,.T.);
#5354=ORIENTED_EDGE('',*,*,#5353,.F.);
#5355=CARTESIAN_POINT('',(859.333948575,489.035855408,183.806827725));
#5356=DIRECTION('',(-0.866025404,-0.5,-0.));
#5357=DIRECTION('',(-0.5,0.866025404,0.));
#5358=AXIS2_PLACEMENT_3D('',#5355,#5356,#5357);
#5359=CIRCLE('',#5358,0.7);
#5360=EDGE_CURVE('',#5348,#4300,#5359,.T.);
#5361=ORIENTED_EDGE('',*,*,#5360,.T.);
#5362=ORIENTED_EDGE('',*,*,#4305,.F.);
#5363=ORIENTED_EDGE('',*,*,#4146,.T.);
#5364=EDGE_LOOP('',(#5354,#5361,#5362,#5363));
#5365=FACE_BOUND('',#5364,.T.);
#5366=ADVANCED_FACE('',(#5365),#5346,.T.);
#5367=CARTESIAN_POINT('',(852.083948575,501.593223763,183.806827725));
#5368=DIRECTION('',(-0.5,0.866025404,0.));
#5369=DIRECTION('',(0.866025404,0.5,0.));
#5370=AXIS2_PLACEMENT_3D('',#5367,#5368,#5369);
#5371=CYLINDRICAL_SURFACE('',#5370,0.7);
#5372=CARTESIAN_POINT('',(859.940166358,489.385855408,183.806827725));
#5373=VERTEX_POINT('',#5372);
#5374=CARTESIAN_POINT('',(867.520293377,476.256690283,183.806827725));
#5375=VERTEX_POINT('',#5374);
#5376=CARTESIAN_POINT('',(859.940166358,489.385855408,183.806827725));
#5377=DIRECTION('',(0.5,-0.866025404,-0.));
#5378=VECTOR('',#5377,15.160254038);
#5379=LINE('',#5376,#5378);
#5380=EDGE_CURVE('',#5373,#5375,#5379,.T.);
#5381=ORIENTED_EDGE('',*,*,#5380,.F.);
#5382=CARTESIAN_POINT('',(859.333948575,489.035855408,183.806827725));
#5383=DIRECTION('',(0.5,-0.866025404,-0.));
#5384=DIRECTION('',(0.866025404,0.5,0.));
#5385=AXIS2_PLACEMENT_3D('',#5382,#5383,#5384);
#5386=CIRCLE('',#5385,0.7);
#5387=EDGE_CURVE('',#5373,#5348,#5386,.T.);
#5388=ORIENTED_EDGE('',*,*,#5387,.T.);
#5389=CARTESIAN_POINT('',(866.712003,476.256690283,184.506827725));
#5390=VERTEX_POINT('',#5389);
#5391=CARTESIAN_POINT('',(866.712003,476.256690283,184.506827725));
#5392=DIRECTION('',(-0.5,0.866025404,0.));
#5393=VECTOR('',#5392,14.756108849);
#5394=LINE('',#5391,#5393);
#5395=EDGE_CURVE('',#5390,#5348,#5394,.T.);
#5396=ORIENTED_EDGE('',*,*,#5395,.F.);
#5397=CARTESIAN_POINT('',(866.712003,476.256690283,183.806827725));
#5398=DIRECTION('',(-0.,-1.,-0.));
#5399=DIRECTION('',(-1.,0.,-0.));
#5400=AXIS2_PLACEMENT_3D('',#5397,#5398,#5399);
#5401=ELLIPSE('',#5400,0.808290377,0.7);
#5402=EDGE_CURVE('',#5375,#5390,#5401,.T.);
#5403=ORIENTED_EDGE('',*,*,#5402,.F.);
#5404=EDGE_LOOP('',(#5381,#5388,#5396,#5403));
#5405=FACE_BOUND('',#5404,.T.);
#5406=ADVANCED_FACE('',(#5405),#5371,.T.);
#5407=CARTESIAN_POINT('',(852.690166358,501.943223763,184.506827725));
#5408=DIRECTION('',(-0.866025404,-0.5,-0.));
#5409=DIRECTION('',(-0.5,0.866025404,0.));
#5410=AXIS2_PLACEMENT_3D('',#5407,#5408,#5409);
#5411=PLANE('',#5410);
#5412=ORIENTED_EDGE('',*,*,#3538,.T.);
#5413=CARTESIAN_POINT('',(859.940166358,489.385855408,170.506827725));
#5414=DIRECTION('',(-0.,-0.,1.));
#5415=VECTOR('',#5414,13.3);
#5416=LINE('',#5413,#5415);
#5417=EDGE_CURVE('',#3525,#5373,#5416,.T.);
#5418=ORIENTED_EDGE('',*,*,#5417,.T.);
#5419=ORIENTED_EDGE('',*,*,#5380,.T.);
#5420=CARTESIAN_POINT('',(867.520293377,476.256690283,183.806827725));
#5421=DIRECTION('',(0.,0.,-1.));
#5422=VECTOR('',#5421,13.3);
#5423=LINE('',#5420,#5422);
#5424=EDGE_CURVE('',#5375,#3533,#5423,.T.);
#5425=ORIENTED_EDGE('',*,*,#5424,.T.);
#5426=EDGE_LOOP('',(#5412,#5418,#5419,#5425));
#5427=FACE_BOUND('',#5426,.T.);
#5428=ADVANCED_FACE('',(#5427),#5411,.F.);
#5429=OVER_RIDING_STYLED_ITEM('',(#183),#5428,#54);
#5430=CARTESIAN_POINT('',(851.820798341,491.048989058,179.506827725));
#5431=DIRECTION('',(0.5,-0.866025404,-0.));
#5432=DIRECTION('',(-0.866025404,-0.5,-0.));
#5433=AXIS2_PLACEMENT_3D('',#5430,#5431,#5432);
#5434=TOROIDAL_SURFACE('',#5433,11.1,2.5);
#5435=CARTESIAN_POINT('',(840.957916359,487.664052568,179.506827725));
#5436=VERTEX_POINT('',#5435);
#5437=CARTESIAN_POINT('',(842.207916359,485.498989058,179.506827725));
#5438=DIRECTION('',(0.,0.,-1.));
#5439=DIRECTION('',(-0.866025404,-0.5,-0.));
#5440=AXIS2_PLACEMENT_3D('',#5437,#5438,#5439);
#5441=CIRCLE('',#5440,2.5);
#5442=EDGE_CURVE('',#5436,#4168,#5441,.T.);
#5443=ORIENTED_EDGE('',*,*,#5442,.T.);
#5444=ORIENTED_EDGE('',*,*,#4174,.F.);
#5445=ORIENTED_EDGE('',*,*,#4629,.T.);
#5446=CARTESIAN_POINT('',(840.997005988,487.686620976,178.506827725));
#5447=VERTEX_POINT('',#5446);
#5448=CARTESIAN_POINT('',(840.997005988,487.686620976,178.506827725));
#5449=CARTESIAN_POINT('',(841.155125616,487.777911386,178.506827725));
#5450=CARTESIAN_POINT('',(841.320156373,487.850554426,178.506827725));
#5451=CARTESIAN_POINT('',(841.491824979,487.905287453,178.506827725));
#5452=CARTESIAN_POINT('',(841.663493585,487.96002048,178.506827725));
#5453=CARTESIAN_POINT('',(841.843916225,487.996789195,178.506827725));
#5454=CARTESIAN_POINT('',(842.023635922,488.013551652,178.506827725));
#5455=CARTESIAN_POINT('',(842.203355619,488.03031411,178.506827725));
#5456=CARTESIAN_POINT('',(842.383411728,488.027863047,178.506827725));
#5457=CARTESIAN_POINT('',(842.563812014,488.005754891,178.506827725));
#5458=CARTESIAN_POINT('',(842.744212299,487.983646735,178.506827725));
#5459=CARTESIAN_POINT('',(842.921524594,487.941965608,178.506827725));
#5460=CARTESIAN_POINT('',(843.09133427,487.88225723,178.506827725));
#5461=B_SPLINE_CURVE_WITH_KNOTS('',3,(#5448,#5449,#5450,#5451,#5452,#5453,#5454,#5455,#5456,#5457,#5458,#5459,#5460),.UNSPECIFIED.,.F.,.F.,(4,3,3,3,4),(0.,0.000539969,0.001079938,0.001619908,0.002159877),.UNSPECIFIED.);
#5462=EDGE_CURVE('',#5447,#4611,#5461,.T.);
#5463=ORIENTED_EDGE('',*,*,#5462,.F.);
#5464=CARTESIAN_POINT('',(850.570798341,493.214052568,179.506827725));
#5465=DIRECTION('',(0.5,-0.866025404,-0.));
#5466=DIRECTION('',(-0.866025404,-0.5,-0.));
#5467=AXIS2_PLACEMENT_3D('',#5464,#5465,#5466);
#5468=CIRCLE('',#5467,11.1);
#5469=EDGE_CURVE('',#5436,#5447,#5468,.T.);
#5470=ORIENTED_EDGE('',*,*,#5469,.F.);
#5471=EDGE_LOOP('',(#5443,#5444,#5445,#5463,#5470));
#5472=FACE_BOUND('',#5471,.T.);
#5473=ADVANCED_FACE('',(#5472),#5434,.T.);
#5474=CARTESIAN_POINT('',(842.820798341,506.637446327,179.506827725));
#5475=DIRECTION('',(0.5,-0.866025404,-0.));
#5476=DIRECTION('',(-0.866025404,-0.5,-0.));
#5477=AXIS2_PLACEMENT_3D('',#5474,#5475,#5476);
#5478=TOROIDAL_SURFACE('',#5477,11.1,2.5);
#5479=CARTESIAN_POINT('',(834.457916359,498.922382817,179.506827725));
#5480=VERTEX_POINT('',#5479);
#5481=CARTESIAN_POINT('',(833.207916359,501.087446327,179.506827725));
#5482=DIRECTION('',(0.,0.,-1.));
#5483=DIRECTION('',(-0.866025404,-0.5,-0.));
#5484=AXIS2_PLACEMENT_3D('',#5481,#5482,#5483);
#5485=CIRCLE('',#5484,2.5);
#5486=EDGE_CURVE('',#4276,#5480,#5485,.T.);
#5487=ORIENTED_EDGE('',*,*,#5486,.T.);
#5488=CARTESIAN_POINT('',(834.497005988,498.944951225,178.506827725));
#5489=VERTEX_POINT('',#5488);
#5490=CARTESIAN_POINT('',(844.070798341,504.472382817,179.506827725));
#5491=DIRECTION('',(-0.5,0.866025404,0.));
#5492=DIRECTION('',(-0.866025404,-0.5,-0.));
#5493=AXIS2_PLACEMENT_3D('',#5490,#5491,#5492);
#5494=CIRCLE('',#5493,11.1);
#5495=EDGE_CURVE('',#5489,#5480,#5494,.T.);
#5496=ORIENTED_EDGE('',*,*,#5495,.F.);
#5497=CARTESIAN_POINT('',(835.713596095,500.660874595,178.506827725));
#5498=CARTESIAN_POINT('',(835.680145001,500.482600759,178.506827725));
#5499=CARTESIAN_POINT('',(835.628047896,500.310466565,178.506827725));
#5500=CARTESIAN_POINT('',(835.557667163,500.144352691,178.506827725));
#5501=CARTESIAN_POINT('',(835.487286429,499.978238816,178.506827725));
#5502=CARTESIAN_POINT('',(835.397730779,499.817756688,178.506827725));
#5503=CARTESIAN_POINT('',(835.293729447,499.6709661,178.506827725));
#5504=CARTESIAN_POINT('',(835.085726783,499.377384925,178.506827725));
#5505=CARTESIAN_POINT('',(834.812832268,499.127293613,178.506827725));
#5506=CARTESIAN_POINT('',(834.497005988,498.944951225,178.506827725));
#5507=B_SPLINE_CURVE_WITH_KNOTS('',3,(#5497,#5498,#5499,#5500,#5501,#5502,#5503,#5504,#5505,#5506),.UNSPECIFIED.,.F.,.F.,(4,3,3,4),(0.001758016,0.002297332,0.002836649,0.003915282),.UNSPECIFIED.);
#5508=EDGE_CURVE('',#4596,#5489,#5507,.T.);
#5509=ORIENTED_EDGE('',*,*,#5508,.F.);
#5510=ORIENTED_EDGE('',*,*,#4608,.T.);
#5511=ORIENTED_EDGE('',*,*,#4289,.F.);
#5512=EDGE_LOOP('',(#5487,#5496,#5509,#5510,#5511));
#5513=FACE_BOUND('',#5512,.T.);
#5514=ADVANCED_FACE('',(#5513),#5478,.T.);
#5515=CARTESIAN_POINT('',(835.441296068,502.376892272,180.668989852));
#5516=CARTESIAN_POINT('',(835.52310827,502.235189605,180.668989907));
#5517=CARTESIAN_POINT('',(835.591090265,502.085506736,180.671167698));
#5518=CARTESIAN_POINT('',(835.696787987,501.775918168,180.679795267));
#5519=CARTESIAN_POINT('',(835.734501101,501.616020124,180.686244832));
#5520=CARTESIAN_POINT('',(835.778210231,501.292145652,180.703168294));
#5521=CARTESIAN_POINT('',(835.784205166,501.128177233,180.713641773));
#5522=CARTESIAN_POINT('',(835.764245982,500.802463186,180.738210754));
#5523=CARTESIAN_POINT('',(835.738292356,500.640725613,180.752305649));
#5524=CARTESIAN_POINT('',(835.655431876,500.325689014,180.783575965));
#5525=CARTESIAN_POINT('',(835.598527072,500.172397778,180.800750612));
#5526=CARTESIAN_POINT('',(835.45594958,499.880145321,180.837520549));
#5527=CARTESIAN_POINT('',(835.370280418,499.741191325,180.85711493));
#5528=CARTESIAN_POINT('',(835.173465091,499.482954118,180.89797143));
#5529=CARTESIAN_POINT('',(835.062323792,499.363677292,180.919232538));
#5530=CARTESIAN_POINT('',(834.818834139,499.149379257,180.962605498));
#5531=CARTESIAN_POINT('',(834.686491805,499.054363346,180.984716277));
#5532=CARTESIAN_POINT('',(834.546088406,498.973301595,181.006827585));
#5533=CARTESIAN_POINT('',(835.44236903,502.377510674,180.678070629));
#5534=CARTESIAN_POINT('',(835.524486134,502.235793395,180.679953414));
#5535=CARTESIAN_POINT('',(835.592747053,502.086080941,180.68403531));
#5536=CARTESIAN_POINT('',(835.698934755,501.776415888,180.696440683));
#5537=CARTESIAN_POINT('',(835.7368589,501.616470978,180.704763853));
#5538=CARTESIAN_POINT('',(835.780911193,501.29249961,180.725331622));
#5539=CARTESIAN_POINT('',(835.787038246,501.128481196,180.73757571));
#5540=CARTESIAN_POINT('',(835.767258844,500.80267858,180.765514148));
#5541=CARTESIAN_POINT('',(835.741352881,500.640902467,180.781207805));
#5542=CARTESIAN_POINT('',(835.658503438,500.325814187,180.815441348));
#5543=CARTESIAN_POINT('',(835.601562015,500.172509841,180.833980384));
#5544=CARTESIAN_POINT('',(835.45883279,499.880268906,180.87319103));
#5545=CARTESIAN_POINT('',(835.373048531,499.741339573,180.893861668));
#5546=CARTESIAN_POINT('',(835.175935545,499.483199224,180.936539727));
#5547=CARTESIAN_POINT('',(835.064611711,499.363994617,180.958546089));
#5548=CARTESIAN_POINT('',(834.820705113,499.149894998,181.003048304));
#5549=CARTESIAN_POINT('',(834.688128405,499.055005302,181.025543052));
#5550=CARTESIAN_POINT('',(834.547474305,498.974098001,181.047849462));
#5551=CARTESIAN_POINT('',(835.443351714,502.37831379,180.687147514));
#5552=CARTESIAN_POINT('',(835.525764792,502.236610439,180.690916256));
#5553=CARTESIAN_POINT('',(835.594295062,502.086896563,180.696905685));
#5554=CARTESIAN_POINT('',(835.700952473,501.777209815,180.713095553));
#5555=CARTESIAN_POINT('',(835.739076957,501.617244662,180.723295589));
#5556=CARTESIAN_POINT('',(835.783450195,501.29322739,180.747513447));
#5557=CARTESIAN_POINT('',(835.789697843,501.129183349,180.761530665));
#5558=CARTESIAN_POINT('',(835.770074752,500.803338031,180.792842342));
#5559=CARTESIAN_POINT('',(835.744204503,500.641544877,180.810136019));
#5560=CARTESIAN_POINT('',(835.661342268,500.326444526,180.847333599));
#5561=CARTESIAN_POINT('',(835.604352348,500.173145184,180.867236574));
#5562=CARTESIAN_POINT('',(835.461448274,499.880948212,180.908884997));
#5563=CARTESIAN_POINT('',(835.375537683,499.742057867,180.930629406));
#5564=CARTESIAN_POINT('',(835.178105827,499.484038943,180.975121829));
#5565=CARTESIAN_POINT('',(835.066589484,499.364916797,180.997868733));
#5566=CARTESIAN_POINT('',(834.822247891,499.151031809,181.043488524));
#5567=CARTESIAN_POINT('',(834.689428732,499.056274298,181.066360273));
#5568=CARTESIAN_POINT('',(834.54851711,498.975525246,181.088853759));
#5569=CARTESIAN_POINT('',(835.449219002,502.384828136,180.746860848));
#5570=CARTESIAN_POINT('',(835.533520656,502.243407729,180.763065977));
#5571=CARTESIAN_POINT('',(835.603759923,502.09387327,180.781635202));
#5572=CARTESIAN_POINT('',(835.713373757,501.784410808,180.82278212));
#5573=CARTESIAN_POINT('',(835.752745518,501.624490735,180.845358771));
#5574=CARTESIAN_POINT('',(835.799083005,501.30051264,180.893642296));
#5575=CARTESIAN_POINT('',(835.806047546,501.136462919,180.919347944));
#5576=CARTESIAN_POINT('',(835.787296755,500.810642975,180.972888503));
#5577=CARTESIAN_POINT('',(835.761581904,500.6488811,181.000722052));
#5578=CARTESIAN_POINT('',(835.678476685,500.333965137,181.057433716));
#5579=CARTESIAN_POINT('',(835.621088446,500.180819118,181.086310387));
#5580=CARTESIAN_POINT('',(835.476879717,499.889126473,181.143982133));
#5581=CARTESIAN_POINT('',(835.390062921,499.750587321,181.172775739));
#5582=CARTESIAN_POINT('',(835.190391514,499.493528976,181.229157648));
#5583=CARTESIAN_POINT('',(835.077542017,499.375016369,181.256744512));
#5584=CARTESIAN_POINT('',(834.830218061,499.162648612,181.309635532));
#5585=CARTESIAN_POINT('',(834.695749936,499.068798905,181.334938336));
#5586=CARTESIAN_POINT('',(834.55309867,498.989114442,181.358605271));
#5587=CARTESIAN_POINT('',(835.451326192,502.396000427,180.796634552));
#5588=CARTESIAN_POINT('',(835.536931373,502.255706817,180.823344578));
#5589=CARTESIAN_POINT('',(835.608303719,502.107200863,180.852545137));
#5590=CARTESIAN_POINT('',(835.719762534,501.799634317,180.914779189));
#5591=CARTESIAN_POINT('',(835.759846075,501.640581811,180.947811061));
#5592=CARTESIAN_POINT('',(835.807137507,501.318225069,181.016404852));
#5593=CARTESIAN_POINT('',(835.814344156,501.154929307,181.051964982));
#5594=CARTESIAN_POINT('',(835.795594439,500.830557323,181.1242118));
#5595=CARTESIAN_POINT('',(835.769638565,500.669489628,181.160896602));
#5596=CARTESIAN_POINT('',(835.685590229,500.355957007,181.233944053));
#5597=CARTESIAN_POINT('',(835.627499974,500.203500324,181.270304794));
#5598=CARTESIAN_POINT('',(835.481482444,499.913232004,181.341267385));
#5599=CARTESIAN_POINT('',(835.393559005,499.775427999,181.375867379));
#5600=CARTESIAN_POINT('',(835.191356741,499.519926959,181.441940463));
#5601=CARTESIAN_POINT('',(835.077083229,499.402236642,181.473411823));
#5602=CARTESIAN_POINT('',(834.82670662,499.191628141,181.531982421));
#5603=CARTESIAN_POINT('',(834.690610102,499.098715494,181.559080122));
#5604=CARTESIAN_POINT('',(834.546294148,499.020030694,181.583455174));
#5605=CARTESIAN_POINT('',(835.450257826,502.42097367,180.870000242));
#5606=CARTESIAN_POINT('',(835.537341837,502.283750273,180.912487808));
#5607=CARTESIAN_POINT('',(835.609911795,502.138152323,180.957663934));
#5608=CARTESIAN_POINT('',(835.723095652,501.836082188,181.051572005));
#5609=CARTESIAN_POINT('',(835.763706449,501.679618284,181.10030138));
#5610=CARTESIAN_POINT('',(835.811327259,501.362146065,181.199346114));
#5611=CARTESIAN_POINT('',(835.818335967,501.201146452,181.249658761));
#5612=CARTESIAN_POINT('',(835.798467181,500.881116466,181.349835954));
#5613=CARTESIAN_POINT('',(835.771590232,500.722094864,181.399697757));
#5614=CARTESIAN_POINT('',(835.685035573,500.412454854,181.496957159));
#5615=CARTESIAN_POINT('',(835.625360234,500.261844935,181.544352094));
#5616=CARTESIAN_POINT('',(835.47562118,499.975122263,181.634761153));
#5617=CARTESIAN_POINT('',(835.385561569,499.83901737,181.677772801));
#5618=CARTESIAN_POINT('',(835.178695719,499.586812204,181.757675667));
#5619=CARTESIAN_POINT('',(835.06189515,499.470718844,181.794564698));
#5620=CARTESIAN_POINT('',(834.806271173,499.263234868,181.860730048));
#5621=CARTESIAN_POINT('',(834.667454771,499.171849938,181.890004556));
#5622=CARTESIAN_POINT('',(834.520434323,499.094665743,181.91488041));
#5623=CARTESIAN_POINT('',(835.449191198,502.430676705,180.894238215));
#5624=CARTESIAN_POINT('',(835.536687676,502.294708628,180.941988009));
#5625=CARTESIAN_POINT('',(835.609572105,502.150309465,180.992493763));
#5626=CARTESIAN_POINT('',(835.723155161,501.850517282,181.096966417));
#5627=CARTESIAN_POINT('',(835.76385063,501.695132598,181.150930417));
#5628=CARTESIAN_POINT('',(835.811395725,501.379700729,181.260122428));
#5629=CARTESIAN_POINT('',(835.818244028,501.219662315,181.315347407));
#5630=CARTESIAN_POINT('',(835.797813778,500.901444282,181.424812639));
#5631=CARTESIAN_POINT('',(835.770535792,500.743273512,181.479049851));
#5632=CARTESIAN_POINT('',(835.682962429,500.435236281,181.584330769));
#5633=CARTESIAN_POINT('',(835.622669487,500.285378386,181.63537155));
#5634=CARTESIAN_POINT('',(835.471520963,500.000074004,181.732180723));
#5635=CARTESIAN_POINT('',(835.380669583,499.864635451,181.777946426));
#5636=CARTESIAN_POINT('',(835.172104209,499.613689601,181.862341116));
#5637=CARTESIAN_POINT('',(835.054396012,499.498189282,181.900967759));
#5638=CARTESIAN_POINT('',(834.796911559,499.291827578,181.969510489));
#5639=CARTESIAN_POINT('',(834.657142461,499.200971932,181.999424671));
#5640=CARTESIAN_POINT('',(834.509186207,499.1242876,182.024373948));
#5641=CARTESIAN_POINT('',(835.44557939,502.452914837,180.942269089));
#5642=CARTESIAN_POINT('',(835.533720979,502.319954185,181.000560684));
#5643=CARTESIAN_POINT('',(835.607046303,502.178444625,181.061745954));
#5644=CARTESIAN_POINT('',(835.721040751,501.884163592,181.187382331));
#5645=CARTESIAN_POINT('',(835.76170661,501.731400549,181.251829846));
#5646=CARTESIAN_POINT('',(835.808698644,501.420929338,181.381327459));
#5647=CARTESIAN_POINT('',(835.815023473,501.263230062,181.446373854));
#5648=CARTESIAN_POINT('',(835.793069858,500.949407613,181.574380957));
#5649=CARTESIAN_POINT('',(835.764792042,500.793293428,181.637338003));
#5650=CARTESIAN_POINT('',(835.674800344,500.489097174,181.758564217));
#5651=CARTESIAN_POINT('',(835.613089038,500.341023816,181.816829916));
#5652=CARTESIAN_POINT('',(835.458780109,500.059033055,181.926264863));
#5653=CARTESIAN_POINT('',(835.366186903,499.925123727,181.977430979));
#5654=CARTESIAN_POINT('',(835.153941043,499.676999465,182.070551358));
#5655=CARTESIAN_POINT('',(835.034294465,499.562791638,182.112502956));
#5656=CARTESIAN_POINT('',(834.772887626,499.358794406,182.185459495));
#5657=CARTESIAN_POINT('',(834.63113485,499.269010844,182.216462348));
#5658=CARTESIAN_POINT('',(834.481255319,499.193293633,182.24135063));
#5659=CARTESIAN_POINT('',(835.443047375,502.465348493,180.965822479));
#5660=CARTESIAN_POINT('',(835.53141778,502.334126699,181.029341565));
#5661=CARTESIAN_POINT('',(835.604866684,502.194295271,181.09582397));
#5662=CARTESIAN_POINT('',(835.718869928,501.903223297,181.231954923));
#5663=CARTESIAN_POINT('',(835.759420953,501.751991213,181.301599519));
#5664=CARTESIAN_POINT('',(835.805936975,501.444418613,181.44115504));
#5665=CARTESIAN_POINT('',(835.81190062,501.28808704,181.511061914));
#5666=CARTESIAN_POINT('',(835.788991261,500.976828917,181.648230979));
#5667=CARTESIAN_POINT('',(835.760118923,500.821911417,181.715489186));
#5668=CARTESIAN_POINT('',(835.668738269,500.519936295,181.844559905));
#5669=CARTESIAN_POINT('',(835.606232609,500.372887453,181.906368669));
#5670=CARTESIAN_POINT('',(835.450187261,500.09277698,182.02196613));
#5671=CARTESIAN_POINT('',(835.356652109,499.959723492,182.075751469));
#5672=CARTESIAN_POINT('',(835.142442622,499.713148258,182.173061545));
#5673=CARTESIAN_POINT('',(835.021774514,499.59963368,182.216583454));
#5674=CARTESIAN_POINT('',(834.758324615,499.396867002,182.29155328));
#5675=CARTESIAN_POINT('',(834.61555048,499.307620796,182.322999017));
#5676=CARTESIAN_POINT('',(834.464692906,499.232365753,182.347752396));
#5677=CARTESIAN_POINT('',(835.433374517,502.506124772,181.03448598));
#5678=CARTESIAN_POINT('',(835.522124245,502.380787833,181.11342506));
#5679=CARTESIAN_POINT('',(835.59563181,502.2466562,181.195536589));
#5680=CARTESIAN_POINT('',(835.709039309,501.966505176,181.362622186));
#5681=CARTESIAN_POINT('',(835.748935793,501.82049431,181.447591192));
#5682=CARTESIAN_POINT('',(835.793418759,501.52280805,181.616777715));
#5683=CARTESIAN_POINT('',(835.798003887,501.371141713,181.700990105));
#5684=CARTESIAN_POINT('',(835.771666033,501.068608871,181.865080961));
#5685=CARTESIAN_POINT('',(835.74074385,500.917751571,181.944954454));
#5686=CARTESIAN_POINT('',(835.644705994,500.623266829,182.096969037));
#5687=CARTESIAN_POINT('',(835.579593238,500.479648346,182.169105519));
#5688=CARTESIAN_POINT('',(835.417945615,500.205762931,182.302576119));
#5689=CARTESIAN_POINT('',(835.321415659,500.075504332,182.363906189));
#5690=CARTESIAN_POINT('',(835.101043754,499.833891197,182.473153122));
#5691=CARTESIAN_POINT('',(834.977208502,499.722544012,182.521066671));
#5692=CARTESIAN_POINT('',(834.707499822,499.523500447,182.601439929));
#5693=CARTESIAN_POINT('',(834.561634592,499.435810122,182.633897197));
#5694=CARTESIAN_POINT('',(834.407856724,499.361814558,182.657935765));
#5695=CARTESIAN_POINT('',(835.424158121,502.538040596,181.077902234));
#5696=CARTESIAN_POINT('',(835.51276025,502.417529088,181.166839511));
#5697=CARTESIAN_POINT('',(835.58589851,502.288094898,181.259089828));
#5698=CARTESIAN_POINT('',(835.698091384,502.01696896,181.446243205));
#5699=CARTESIAN_POINT('',(835.73714248,501.875285724,181.541140417));
#5700=CARTESIAN_POINT('',(835.779468367,501.585794688,181.729488213));
#5701=CARTESIAN_POINT('',(835.782741828,501.437995974,181.82293291));
#5702=CARTESIAN_POINT('',(835.753367398,501.142671583,182.004338419));
#5703=CARTESIAN_POINT('',(835.720720424,500.995155173,182.09229356));
#5704=CARTESIAN_POINT('',(835.620914015,500.706780725,182.258919189));
#5705=CARTESIAN_POINT('',(835.553757706,500.565931735,182.337584466));
#5706=CARTESIAN_POINT('',(835.387834576,500.296988876,182.482230258));
#5707=CARTESIAN_POINT('',(835.289072953,500.168903445,182.548206249));
#5708=CARTESIAN_POINT('',(835.064208751,499.931032048,182.664620911));
#5709=CARTESIAN_POINT('',(834.938113217,499.821253545,182.71505594));
#5710=CARTESIAN_POINT('',(834.664033738,499.624748051,182.798206936));
#5711=CARTESIAN_POINT('',(834.516058382,499.538027224,182.8309203));
#5712=CARTESIAN_POINT('',(834.360338697,499.464709225,182.854065824));
#5713=CARTESIAN_POINT('',(835.405986717,502.593015185,181.139474492));
#5714=CARTESIAN_POINT('',(835.493617846,502.481231643,181.242968071));
#5715=CARTESIAN_POINT('',(835.565447535,502.360330467,181.349985268));
#5716=CARTESIAN_POINT('',(835.674333682,502.105629769,181.566345317));
#5717=CARTESIAN_POINT('',(835.711386565,501.971838612,181.675681072));
#5718=CARTESIAN_POINT('',(835.749076397,501.69728043,181.891840094));
#5719=CARTESIAN_POINT('',(835.749712108,501.556522421,181.998656271));
#5720=CARTESIAN_POINT('',(835.714536773,501.274261707,182.205049093));
#5721=CARTESIAN_POINT('',(835.67872688,501.13276827,182.304618967));
#5722=CARTESIAN_POINT('',(835.572242767,500.855300722,182.4921124));
#5723=CARTESIAN_POINT('',(835.501572041,500.71933572,182.580029807));
#5724=CARTESIAN_POINT('',(835.32849192,500.458944626,182.740326786));
#5725=CARTESIAN_POINT('',(835.226088205,500.334527083,182.812701097));
#5726=CARTESIAN_POINT('',(834.994072658,500.102739583,182.938707826));
#5727=CARTESIAN_POINT('',(834.864468442,499.995377236,182.992336109));
#5728=CARTESIAN_POINT('',(834.583786826,499.80245406,183.078475975));
#5729=CARTESIAN_POINT('',(834.432718638,499.716899565,183.110984732));
#5730=CARTESIAN_POINT('',(834.274256603,499.644140202,183.132214913));
#5731=CARTESIAN_POINT('',(835.399156004,502.61264691,181.159500124));
#5732=CARTESIAN_POINT('',(835.48633347,502.504041945,181.267795158));
#5733=CARTESIAN_POINT('',(835.557595561,502.386253532,181.379684296));
#5734=CARTESIAN_POINT('',(835.665119712,502.137548993,181.605676581));
#5735=CARTESIAN_POINT('',(835.701378188,502.00664116,181.7197722));
#5736=CARTESIAN_POINT('',(835.737275213,501.737536893,181.945090034));
#5737=CARTESIAN_POINT('',(835.736912564,501.599349432,182.056304743));
#5738=CARTESIAN_POINT('',(835.699580709,501.321849999,182.270901383));
#5739=CARTESIAN_POINT('',(835.662612746,501.182547279,182.374276166));
#5740=CARTESIAN_POINT('',(835.553716317,500.909031435,182.568582748));
#5741=CARTESIAN_POINT('',(835.481791481,500.77482743,182.659508074));
#5742=CARTESIAN_POINT('',(835.306186652,500.51749596,182.824860257));
#5743=CARTESIAN_POINT('',(835.202512512,500.394377073,182.899281606));
#5744=CARTESIAN_POINT('',(834.968030778,500.164708575,183.028305909));
#5745=CARTESIAN_POINT('',(834.837230999,500.05816662,183.082904563));
#5746=CARTESIAN_POINT('',(834.554329934,499.866405519,183.16984714));
#5747=CARTESIAN_POINT('',(834.402238076,499.781192764,183.202188166));
#5748=CARTESIAN_POINT('',(834.24288652,499.708542571,183.222679779));
#5749=CARTESIAN_POINT('',(835.384227954,502.653602727,181.19759863));
#5750=CARTESIAN_POINT('',(835.470229477,502.551764589,181.31515355));
#5751=CARTESIAN_POINT('',(835.540091822,502.440613696,181.436440194));
#5752=CARTESIAN_POINT('',(835.644385107,502.204703624,181.681004926));
#5753=CARTESIAN_POINT('',(835.678812464,502.079952549,181.804274623));
#5754=CARTESIAN_POINT('',(835.710674635,501.822489231,182.047227142));
#5755=CARTESIAN_POINT('',(835.708108353,501.689785831,182.166901629));
#5756=CARTESIAN_POINT('',(835.666096506,501.42242523,182.397247652));
#5757=CARTESIAN_POINT('',(835.626652382,501.287777211,182.507911284));
#5758=CARTESIAN_POINT('',(835.512667401,501.02262304,182.715226845));
#5759=CARTESIAN_POINT('',(835.438130456,500.892125993,182.81187166));
#5760=CARTESIAN_POINT('',(835.257331008,500.641181796,182.986774809));
#5761=CARTESIAN_POINT('',(835.151074712,500.520743263,183.065027142));
#5762=CARTESIAN_POINT('',(834.911643795,500.295369047,183.199602501));
#5763=CARTESIAN_POINT('',(834.778477394,500.190441101,183.255920908));
#5764=CARTESIAN_POINT('',(834.491251989,500.000839103,183.344077864));
#5765=CARTESIAN_POINT('',(834.337202845,499.916171559,183.375913386));
#5766=CARTESIAN_POINT('',(834.176193145,499.843547999,183.394787558));
#5767=CARTESIAN_POINT('',(835.376125352,502.674954325,181.215724188));
#5768=CARTESIAN_POINT('',(835.461405496,502.576708007,181.337749529));
#5769=CARTESIAN_POINT('',(835.530436314,502.469085272,181.463573899));
#5770=CARTESIAN_POINT('',(835.63286131,502.239979965,181.717102944));
#5771=CARTESIAN_POINT('',(835.666251919,502.118505376,181.844798793));
#5772=CARTESIAN_POINT('',(835.695871274,501.867234857,182.096250286));
#5773=CARTESIAN_POINT('',(835.692098987,501.737447682,182.219997176));
#5774=CARTESIAN_POINT('',(835.647561532,501.475469741,182.457909773));
#5775=CARTESIAN_POINT('',(835.606797914,501.343288104,182.572067196));
#5776=CARTESIAN_POINT('',(835.490133295,501.082548417,182.785596513));
#5777=CARTESIAN_POINT('',(835.414236356,500.953999453,182.884960972));
#5778=CARTESIAN_POINT('',(835.230762544,500.706386908,183.064373863));
#5779=CARTESIAN_POINT('',(835.123192059,500.587331954,183.144416048));
#5780=CARTESIAN_POINT('',(834.881272951,500.36413658,183.28153424));
#5781=CARTESIAN_POINT('',(834.746932752,500.260003935,183.338605473));
#5782=CARTESIAN_POINT('',(834.457596911,500.071402153,183.42717834));
#5783=CARTESIAN_POINT('',(834.302611347,499.986939586,183.458676891));
#5784=CARTESIAN_POINT('',(834.140830304,499.914234916,183.476671637));
#5785=CARTESIAN_POINT('',(835.349896136,502.741556259,181.267392285));
#5786=CARTESIAN_POINT('',(835.432577635,502.654716197,181.402329391));
#5787=CARTESIAN_POINT('',(835.498687161,502.558313191,181.541261877));
#5788=CARTESIAN_POINT('',(835.594693313,502.350859475,181.820676184));
#5789=CARTESIAN_POINT('',(835.62458645,502.23981631,181.961147877));
#5790=CARTESIAN_POINT('',(835.64676422,502.008254575,182.237107348));
#5791=CARTESIAN_POINT('',(835.639048042,501.887744423,182.372585124));
#5792=CARTESIAN_POINT('',(835.586361956,501.642861573,182.632255055));
#5793=CARTESIAN_POINT('',(835.541393954,501.518497777,182.756437798));
#5794=CARTESIAN_POINT('',(835.416292935,501.271699666,182.987740547));
#5795=CARTESIAN_POINT('',(835.336164453,501.149274322,183.094852169));
#5796=CARTESIAN_POINT('',(835.144468007,500.912054615,183.287028813));
#5797=CARTESIAN_POINT('',(835.032906997,500.797268872,183.372086868));
#5798=CARTESIAN_POINT('',(834.783534548,500.580673878,183.516197562));
#5799=CARTESIAN_POINT('',(834.645732158,500.478872495,183.575244974));
#5800=CARTESIAN_POINT('',(834.350288107,500.29298689,183.664584752));
#5801=CARTESIAN_POINT('',(834.192657168,500.208909418,183.694873875));
#5802=CARTESIAN_POINT('',(834.028774078,500.135648107,183.710079214));
#5803=CARTESIAN_POINT('',(835.329867562,502.789329022,181.298252739));
#5804=CARTESIAN_POINT('',(835.41024146,502.710931883,181.441140827));
#5805=CARTESIAN_POINT('',(835.473838424,502.622853236,181.588147926));
#5806=CARTESIAN_POINT('',(835.564487174,502.431478385,181.8834937));
#5807=CARTESIAN_POINT('',(835.591535575,502.328189329,182.031821382));
#5808=CARTESIAN_POINT('',(835.607807041,502.111268075,182.322817698));
#5809=CARTESIAN_POINT('',(835.597029493,501.997643977,182.465475501));
#5810=CARTESIAN_POINT('',(835.538152496,501.76541425,182.738407938));
#5811=CARTESIAN_POINT('',(835.490055235,501.646817288,182.868672412));
#5812=CARTESIAN_POINT('',(835.358802199,501.410237639,183.110677435));
#5813=CARTESIAN_POINT('',(835.275651309,501.292263777,183.222408974));
#5814=CARTESIAN_POINT('',(835.078207735,501.062496325,183.42208011));
#5815=CARTESIAN_POINT('',(834.963922403,500.950711303,183.510012273));
#5816=CARTESIAN_POINT('',(834.709595414,500.738595159,183.657937656));
#5817=CARTESIAN_POINT('',(834.569563229,500.638271945,183.717925367));
#5818=CARTESIAN_POINT('',(834.27034291,500.453811953,183.807131318));
#5819=CARTESIAN_POINT('',(834.111165923,500.36968205,183.836346233));
#5820=CARTESIAN_POINT('',(833.946163033,500.2956295,183.849486101));
#5821=CARTESIAN_POINT('',(835.295637648,502.866214487,181.338921797));
#5822=CARTESIAN_POINT('',(835.371488841,502.801807985,181.49252699));
#5823=CARTESIAN_POINT('',(835.430282272,502.727557359,181.650419953));
#5824=CARTESIAN_POINT('',(835.510940742,502.56292097,181.967229483));
#5825=CARTESIAN_POINT('',(835.532802664,502.472541566,182.126133825));
#5826=CARTESIAN_POINT('',(835.538545624,502.279984899,182.437341318));
#5827=CARTESIAN_POINT('',(835.522426439,502.177815072,182.58963246));
#5828=CARTESIAN_POINT('',(835.452977321,501.966580862,182.880305451));
#5829=CARTESIAN_POINT('',(835.399650067,501.857524635,183.018676083));
#5830=CARTESIAN_POINT('',(835.258340639,501.63775161,183.274867295));
#5831=CARTESIAN_POINT('',(835.170363919,501.527043296,183.392677988));
#5832=CARTESIAN_POINT('',(834.96397446,501.309279558,183.602094538));
#5833=CARTESIAN_POINT('',(834.845569686,501.202232541,183.693692313));
#5834=CARTESIAN_POINT('',(834.584003657,500.996929326,183.846285548));
#5835=CARTESIAN_POINT('',(834.440852498,500.898681055,183.907275118));
#5836=CARTESIAN_POINT('',(834.136661353,500.715691159,183.99572277));
#5837=CARTESIAN_POINT('',(833.97563311,500.630956599,184.023177438));
#5838=CARTESIAN_POINT('',(833.809523567,500.555009071,184.033206209));
#5839=CARTESIAN_POINT('',(835.28364373,502.892447933,181.351380535));
#5840=CARTESIAN_POINT('',(835.357824651,502.832877348,181.508314183));
#5841=CARTESIAN_POINT('',(835.414859703,502.763411587,181.669588422));
#5842=CARTESIAN_POINT('',(835.491894469,502.608031889,181.993062213));
#5843=CARTESIAN_POINT('',(835.511891175,502.522124021,182.155249146));
#5844=CARTESIAN_POINT('',(835.513881004,502.338005145,182.472723298));
#5845=CARTESIAN_POINT('',(835.495874047,502.239801326,182.627998131));
#5846=CARTESIAN_POINT('',(835.422721975,502.035829086,182.924155903));
#5847=CARTESIAN_POINT('',(835.367579714,501.930068627,183.065027286));
#5848=CARTESIAN_POINT('',(835.222814401,501.716086468,183.325580275));
#5849=CARTESIAN_POINT('',(835.133196998,501.607873121,183.445251715));
#5850=CARTESIAN_POINT('',(834.923802518,501.394207102,183.657629201));
#5851=CARTESIAN_POINT('',(834.804033612,501.288762769,183.75032696));
#5852=CARTESIAN_POINT('',(834.540112523,501.085723268,183.904282377));
#5853=CARTESIAN_POINT('',(834.395970638,500.988136023,183.965534026));
#5854=CARTESIAN_POINT('',(834.090256578,500.80552023,184.053639314));
#5855=CARTESIAN_POINT('',(833.928696332,500.720498807,184.080489514));
#5856=CARTESIAN_POINT('',(833.762317999,500.643808399,184.089491509));
#5857=CARTESIAN_POINT('',(835.258710154,502.94560098,181.373929826));
#5858=CARTESIAN_POINT('',(835.329244427,502.895937055,181.536947965));
#5859=CARTESIAN_POINT('',(835.382470845,502.836284032,181.704403703));
#5860=CARTESIAN_POINT('',(835.451722102,502.699898538,182.04005715));
#5861=CARTESIAN_POINT('',(835.467744183,502.6231715,182.2082415));
#5862=CARTESIAN_POINT('',(835.461802522,502.456376866,182.53715681));
#5863=CARTESIAN_POINT('',(835.439839015,502.366315914,182.697874679));
#5864=CARTESIAN_POINT('',(835.358993026,502.177242317,183.004024811));
#5865=CARTESIAN_POINT('',(835.300113761,502.078237201,183.14944489));
#5866=CARTESIAN_POINT('',(835.148302235,501.876100203,183.417912005));
#5867=CARTESIAN_POINT('',(835.055376016,501.772976369,183.540948355));
#5868=CARTESIAN_POINT('',(834.839996054,501.56762776,183.758650698));
#5869=CARTESIAN_POINT('',(834.717550883,501.465411161,183.853308024));
#5870=CARTESIAN_POINT('',(834.449097473,501.266858811,184.009637352));
#5871=CARTESIAN_POINT('',(834.30309992,501.170530966,184.071303132));
#5872=CARTESIAN_POINT('',(833.994654556,500.988451097,184.158641626));
#5873=CARTESIAN_POINT('',(833.832219024,500.902706322,184.184310865));
#5874=CARTESIAN_POINT('',(833.665515648,500.824339139,184.191356597));
#5875=CARTESIAN_POINT('',(835.245736924,502.972596268,181.384060675));
#5876=CARTESIAN_POINT('',(835.314290413,502.928016822,181.54984543));
#5877=CARTESIAN_POINT('',(835.36546189,502.873405248,181.72011214));
#5878=CARTESIAN_POINT('',(835.430543584,502.746783517,182.061302176));
#5879=CARTESIAN_POINT('',(835.444451185,502.674778448,182.232211799));
#5880=CARTESIAN_POINT('',(835.434320864,502.516894188,182.566321576));
#5881=CARTESIAN_POINT('',(835.410283348,502.431021342,182.72950831));
#5882=CARTESIAN_POINT('',(835.325436032,502.249605041,183.040183566));
#5883=CARTESIAN_POINT('',(835.264629639,502.154068875,183.187659611));
#5884=CARTESIAN_POINT('',(835.109217909,501.958002692,183.459693124));
#5885=CARTESIAN_POINT('',(835.014618812,501.857480552,183.584239665));
#5886=CARTESIAN_POINT('',(834.796249578,501.656363456,183.804315611));
#5887=CARTESIAN_POINT('',(834.672488212,501.55577658,183.899836174));
#5888=CARTESIAN_POINT('',(834.401850388,501.359454414,184.057181915));
#5889=CARTESIAN_POINT('',(834.254984802,501.263727009,184.119000773));
#5890=CARTESIAN_POINT('',(833.945326103,501.081810482,184.205914171));
#5891=CARTESIAN_POINT('',(833.78254543,500.995628665,184.23100522));
#5892=CARTESIAN_POINT('',(833.615784671,500.916325774,184.237118433));
#5893=CARTESIAN_POINT('',(835.218758041,503.027410591,181.402044327));
#5894=CARTESIAN_POINT('',(835.283025632,502.993238739,181.572781172));
#5895=CARTESIAN_POINT('',(835.329777856,502.948957298,181.748079669));
#5896=CARTESIAN_POINT('',(835.385951548,502.842354311,182.099178108));
#5897=CARTESIAN_POINT('',(835.39537072,502.780037122,182.274963718));
#5898=CARTESIAN_POINT('',(835.37640998,502.640437481,182.618361883));
#5899=CARTESIAN_POINT('',(835.348030839,502.563160733,182.78596042));
#5900=CARTESIAN_POINT('',(835.254870466,502.397455214,183.104713219));
#5901=CARTESIAN_POINT('',(835.190093035,502.309033212,183.255854467));
#5902=CARTESIAN_POINT('',(835.027329484,502.125400609,183.534232885));
#5903=CARTESIAN_POINT('',(834.929350007,502.030197507,183.66145869));
#5904=CARTESIAN_POINT('',(834.705014604,501.837700954,183.885725937));
#5905=CARTESIAN_POINT('',(834.578667837,501.740415363,183.982758224));
#5906=CARTESIAN_POINT('',(834.303830496,501.548555036,184.141847575));
#5907=CARTESIAN_POINT('',(834.155351143,501.453988133,184.203898145));
#5908=CARTESIAN_POINT('',(833.843574122,501.272232396,184.289959031));
#5909=CARTESIAN_POINT('',(833.680289182,501.185050984,184.313965834));
#5910=CARTESIAN_POINT('',(833.513623513,501.103710061,184.318358537));
#5911=CARTESIAN_POINT('',(835.204752636,503.055229463,181.409897597));
#5912=CARTESIAN_POINT('',(835.266715039,503.026380757,181.582819804));
#5913=CARTESIAN_POINT('',(835.311102899,502.987388041,181.760338998));
#5914=CARTESIAN_POINT('',(835.362538094,502.891040141,182.115809014));
#5915=CARTESIAN_POINT('',(835.369583315,502.833688922,182.29374522));
#5916=CARTESIAN_POINT('',(835.345980859,502.703463656,182.64123709));
#5917=CARTESIAN_POINT('',(835.315334154,502.630594967,182.810778466));
#5918=CARTESIAN_POINT('',(835.2178622,502.472943069,183.133083517));
#5919=CARTESIAN_POINT('',(835.151040959,502.388166344,183.285833939));
#5920=CARTESIAN_POINT('',(834.984526037,502.210896618,183.566990779));
#5921=CARTESIAN_POINT('',(834.884839202,502.118410909,183.695385636));
#5922=CARTESIAN_POINT('',(834.657527226,501.930303455,183.921470599));
#5923=CARTESIAN_POINT('',(834.529911431,501.834689447,184.019151409));
#5924=CARTESIAN_POINT('',(834.253059361,501.645060785,184.178968085));
#5925=CARTESIAN_POINT('',(834.103834469,501.551053929,184.241097381));
#5926=CARTESIAN_POINT('',(833.791152849,501.369295578,184.326731094));
#5927=CARTESIAN_POINT('',(833.627708977,501.281551557,184.35023199));
#5928=CARTESIAN_POINT('',(833.461195965,501.199108238,184.353836871));
#5929=CARTESIAN_POINT('',(835.175665993,503.111701638,181.423273218));
#5930=CARTESIAN_POINT('',(835.232682255,503.093711872,181.599939435));
#5931=CARTESIAN_POINT('',(835.272022377,503.065518901,181.781263302));
#5932=CARTESIAN_POINT('',(835.313396254,502.990127481,182.144221715));
#5933=CARTESIAN_POINT('',(835.315428285,502.942932172,182.325841154));
#5934=CARTESIAN_POINT('',(835.282081241,502.831886935,182.680341182));
#5935=CARTESIAN_POINT('',(835.246703553,502.768041632,182.853207016));
#5936=CARTESIAN_POINT('',(835.140296415,502.626877019,183.181585709));
#5937=CARTESIAN_POINT('',(835.069271395,502.549563588,183.3370849));
#5938=CARTESIAN_POINT('',(834.895105379,502.385314578,183.622980772));
#5939=CARTESIAN_POINT('',(834.791971633,502.298385837,183.753365553));
#5940=CARTESIAN_POINT('',(834.558724237,502.119237359,183.982533784));
#5941=CARTESIAN_POINT('',(834.428620294,502.027025081,184.081307695));
#5942=CARTESIAN_POINT('',(834.147912957,501.841904146,184.242329878));
#5943=CARTESIAN_POINT('',(833.997321247,501.749003197,184.304571448));
#5944=CARTESIAN_POINT('',(833.683140331,501.567134067,184.38942451));
#5945=CARTESIAN_POINT('',(833.519564202,501.478173456,184.41203247));
#5946=CARTESIAN_POINT('',(833.353564157,501.393395736,184.414260448));
#5947=CARTESIAN_POINT('',(835.160498618,503.140510932,181.42881024));
#5948=CARTESIAN_POINT('',(835.214858022,503.128087211,181.607039403));
#5949=CARTESIAN_POINT('',(835.251498736,503.105435432,181.789951622));
#5950=CARTESIAN_POINT('',(835.287518247,503.040804082,182.156035469));
#5951=CARTESIAN_POINT('',(835.286895535,502.998827216,182.339191781));
#5952=CARTESIAN_POINT('',(835.248415919,502.897641548,182.696614319));
#5953=CARTESIAN_POINT('',(835.210560623,502.838436982,182.870865592));
#5954=CARTESIAN_POINT('',(835.099503548,502.705752505,183.201772636));
#5955=CARTESIAN_POINT('',(835.026306415,502.632278148,183.358414563));
#5956=CARTESIAN_POINT('',(834.84821908,502.474723706,183.646276432));
#5957=CARTESIAN_POINT('',(834.743336329,502.390650213,183.777484331));
#5958=CARTESIAN_POINT('',(834.507114388,502.216096808,184.007921546));
#5959=CARTESIAN_POINT('',(834.37578508,502.125624199,184.107141222));
#5960=CARTESIAN_POINT('',(834.093228294,501.942791783,184.2686428));
#5961=CARTESIAN_POINT('',(833.942012636,501.850439625,184.330917944));
#5962=CARTESIAN_POINT('',(833.627235454,501.668461488,184.415416396));
#5963=CARTESIAN_POINT('',(833.4636871,501.578843122,184.437636168));
#5964=CARTESIAN_POINT('',(833.298050356,501.492826383,184.439273333));
#5965=CARTESIAN_POINT('',(835.11898774,503.21765145,181.440214002));
#5966=CARTESIAN_POINT('',(835.165884943,503.220151285,181.621673125));
#5967=CARTESIAN_POINT('',(835.194975471,503.212371473,181.807867873));
#5968=CARTESIAN_POINT('',(835.216086456,503.176643456,182.180410173));
#5969=CARTESIAN_POINT('',(835.208106019,503.148696767,182.366741976));
#5970=CARTESIAN_POINT('',(835.155471935,503.074038165,182.730201566));
#5971=CARTESIAN_POINT('',(835.110820512,503.027329413,182.907313989));
#5972=CARTESIAN_POINT('',(834.987082944,502.917492002,183.243440155));
#5973=CARTESIAN_POINT('',(834.908002029,502.854367991,183.402439688));
#5974=CARTESIAN_POINT('',(834.719373217,502.714869693,183.694354194));
#5975=CARTESIAN_POINT('',(834.609833295,502.638501307,183.827256825));
#5976=CARTESIAN_POINT('',(834.365784255,502.476348985,184.06030143));
#5977=CARTESIAN_POINT('',(834.231285455,502.390571906,184.16043355));
#5978=CARTESIAN_POINT('',(833.944070445,502.213909422,184.322906049));
#5979=CARTESIAN_POINT('',(833.791366377,502.123031486,184.385239558));
#5980=CARTESIAN_POINT('',(833.475407586,501.940730691,184.468981398));
#5981=CARTESIAN_POINT('',(833.312166222,501.84931554,184.490386188));
#5982=CARTESIAN_POINT('',(833.147747905,501.759923143,184.490789166));
#5983=CARTESIAN_POINT('',(835.092072781,503.265918568,181.443774434));
#5984=CARTESIAN_POINT('',(835.133934475,503.277776151,181.62625223));
#5985=CARTESIAN_POINT('',(835.157961747,503.27933755,181.813482289));
#5986=CARTESIAN_POINT('',(835.169142968,503.261789701,182.18806097));
#5987=CARTESIAN_POINT('',(835.156296442,503.242681197,182.375393704));
#5988=CARTESIAN_POINT('',(835.094373151,503.184752962,182.740754848));
#5989=CARTESIAN_POINT('',(835.045299013,503.145935688,182.918767761));
#5990=CARTESIAN_POINT('',(834.913385913,503.050540774,183.256534361));
#5991=CARTESIAN_POINT('',(834.830552546,502.993967181,183.41627372));
#5992=CARTESIAN_POINT('',(834.635284717,502.865903817,183.709456713));
#5993=CARTESIAN_POINT('',(834.522858538,502.794419479,183.842887909));
#5994=CARTESIAN_POINT('',(834.274057704,502.640129073,184.076740694));
#5995=CARTESIAN_POINT('',(834.137693603,502.557329551,184.177152363));
#5996=CARTESIAN_POINT('',(833.847874111,502.384572698,184.339912527));
#5997=CARTESIAN_POINT('',(833.694431014,502.294622696,184.402254119));
#5998=CARTESIAN_POINT('',(833.378170382,502.112088832,184.485735068));
#5999=CARTESIAN_POINT('',(833.215366263,502.019512713,184.506870883));
#6000=CARTESIAN_POINT('',(833.051969108,501.927947881,184.506872247));
#6001=CARTESIAN_POINT('',(835.064338983,503.313952967,181.443767099));
#6002=CARTESIAN_POINT('',(835.100869735,503.335044063,181.62624395));
#6003=CARTESIAN_POINT('',(835.119566307,503.345838591,181.813473053));
#6004=CARTESIAN_POINT('',(835.12035382,503.346293368,182.188049785));
#6005=CARTESIAN_POINT('',(835.102444727,503.335953598,182.375381525));
#6006=CARTESIAN_POINT('',(835.030918652,503.294658084,182.740740626));
#6007=CARTESIAN_POINT('',(834.977304703,503.263704092,182.91875249));
#6008=CARTESIAN_POINT('',(834.837062716,503.182735395,183.256516932));
#6009=CARTESIAN_POINT('',(834.750440626,503.132724124,183.416255183));
#6010=CARTESIAN_POINT('',(834.548536717,503.016154859,183.709435906));
#6011=CARTESIAN_POINT('',(834.433263462,502.949601808,183.842865941));
#6012=CARTESIAN_POINT('',(834.179853129,502.803295249,184.076716376));
#6013=CARTESIAN_POINT('',(834.0417268,502.723547947,184.177126857));
#6014=CARTESIAN_POINT('',(833.749556242,502.554863116,184.33988466));
#6015=CARTESIAN_POINT('',(833.595524406,502.465932743,184.402225079));
#6016=CARTESIAN_POINT('',(833.279289403,502.283354259,184.485703758));
#6017=CARTESIAN_POINT('',(833.117099652,502.189713893,184.506838477));
#6018=CARTESIAN_POINT('',(832.954903023,502.09606955,184.506838818));
#6019=B_SPLINE_SURFACE_WITH_KNOTS('',3,3,((#5515,#5516,#5517,#5518,#5519,#5520,#5521,#5522,#5523,#5524,#5525,#5526,#5527,#5528,#5529,#5530,#5531,#5532),(#5533,#5534,#5535,#5536,#5537,#5538,#5539,#5540,#5541,#5542,#5543,#5544,#5545,#5546,#5547,#5548,#5549,#5550),(#5551,#5552,#5553,#5554,#5555,#5556,#5557,#5558,#5559,#5560,#5561,#5562,#5563,#5564,#5565,#5566,#5567,#5568),(#5569,#5570,#5571,#5572,#5573,#5574,#5575,#5576,#5577,#5578,#5579,#5580,#5581,#5582,#5583,#5584,#5585,#5586),(#5587,#5588,#5589,#5590,#5591,#5592,#5593,#5594,#5595,#5596,#5597,#5598,#5599,#5600,#5601,#5602,#5603,#5604),(#5605,#5606,#5607,#5608,#5609,#5610,#5611,#5612,#5613,#5614,#5615,#5616,#5617,#5618,#5619,#5620,#5621,#5622),(#5623,#5624,#5625,#5626,#5627,#5628,#5629,#5630,#5631,#5632,#5633,#5634,#5635,#5636,#5637,#5638,#5639,#5640),(#5641,#5642,#5643,#5644,#5645,#5646,#5647,#5648,#5649,#5650,#5651,#5652,#5653,#5654,#5655,#5656,#5657,#5658),(#5659,#5660,#5661,#5662,#5663,#5664,#5665,#5666,#5667,#5668,#5669,#5670,#5671,#5672,#5673,#5674,#5675,#5676),(#5677,#5678,#5679,#5680,#5681,#5682,#5683,#5684,#5685,#5686,#5687,#5688,#5689,#5690,#5691,#5692,#5693,#5694),(#5695,#5696,#5697,#5698,#5699,#5700,#5701,#5702,#5703,#5704,#5705,#5706,#5707,#5708,#5709,#5710,#5711,#5712),(#5713,#5714,#5715,#5716,#5717,#5718,#5719,#5720,#5721,#5722,#5723,#5724,#5725,#5726,#5727,#5728,#5729,#5730),(#5731,#5732,#5733,#5734,#5735,#5736,#5737,#5738,#5739,#5740,#5741,#5742,#5743,#5744,#5745,#5746,#5747,#5748),(#5749,#5750,#5751,#5752,#5753,#5754,#5755,#5756,#5757,#5758,#5759,#5760,#5761,#5762,#5763,#5764,#5765,#5766),(#5767,#5768,#5769,#5770,#5771,#5772,#5773,#5774,#5775,#5776,#5777,#5778,#5779,#5780,#5781,#5782,#5783,#5784),(#5785,#5786,#5787,#5788,#5789,#5790,#5791,#5792,#5793,#5794,#5795,#5796,#5797,#5798,#5799,#5800,#5801,#5802),(#5803,#5804,#5805,#5806,#5807,#5808,#5809,#5810,#5811,#5812,#5813,#5814,#5815,#5816,#5817,#5818,#5819,#5820),(#5821,#5822,#5823,#5824,#5825,#5826,#5827,#5828,#5829,#5830,#5831,#5832,#5833,#5834,#5835,#5836,#5837,#5838),(#5839,#5840,#5841,#5842,#5843,#5844,#5845,#5846,#5847,#5848,#5849,#5850,#5851,#5852,#5853,#5854,#5855,#5856),(#5857,#5858,#5859,#5860,#5861,#5862,#5863,#5864,#5865,#5866,#5867,#5868,#5869,#5870,#5871,#5872,#5873,#5874),(#5875,#5876,#5877,#5878,#5879,#5880,#5881,#5882,#5883,#5884,#5885,#5886,#5887,#5888,#5889,#5890,#5891,#5892),(#5893,#5894,#5895,#5896,#5897,#5898,#5899,#5900,#5901,#5902,#5903,#5904,#5905,#5906,#5907,#5908,#5909,#5910),(#5911,#5912,#5913,#5914,#5915,#5916,#5917,#5918,#5919,#5920,#5921,#5922,#5923,#5924,#5925,#5926,#5927,#5928),(#5929,#5930,#5931,#5932,#5933,#5934,#5935,#5936,#5937,#5938,#5939,#5940,#5941,#5942,#5943,#5944,#5945,#5946),(#5947,#5948,#5949,#5950,#5951,#5952,#5953,#5954,#5955,#5956,#5957,#5958,#5959,#5960,#5961,#5962,#5963,#5964),(#5965,#5966,#5967,#5968,#5969,#5970,#5971,#5972,#5973,#5974,#5975,#5976,#5977,#5978,#5979,#5980,#5981,#5982),
(#5983,#5984,#5985,#5986,#5987,#5988,#5989,#5990,#5991,#5992,#5993,#5994,#5995,#5996,#5997,#5998,#5999,#6000),(#6001,#6002,#6003,#6004,#6005,#6006,#6007,#6008,#6009,#6010,#6011,#6012,#6013,#6014,#6015,#6016,#6017,#6018)),.UNSPECIFIED.,.F.,.F.,.U.,(4,2,2,2,2,2,2,2,2,2,2,2,2,4),(4,2,2,2,2,2,2,2,4),(0.001339752,0.001374825,0.001571228,0.00166943,0.001767632,0.001964035,0.002062237,0.002160439,0.002356843,0.002455044,0.002553246,0.002651448,0.00274965,0.002915915),(0.,0.125,0.25,0.375,0.5,0.625,0.75,0.875,1.),.UNSPECIFIED.);
#6020=ORIENTED_EDGE('',*,*,#4559,.T.);
#6021=CARTESIAN_POINT('',(834.546093621,498.973291983,181.006827725));
#6022=VERTEX_POINT('',#6021);
#6023=CARTESIAN_POINT('',(834.546093621,498.973291983,181.006827725));
#6024=CARTESIAN_POINT('',(834.553886506,498.977791207,181.237749729));
#6025=CARTESIAN_POINT('',(834.550746224,499.002136831,181.464824734));
#6026=CARTESIAN_POINT('',(834.537150508,499.0453718,181.687846583));
#6027=CARTESIAN_POINT('',(834.53035265,499.066989284,181.799357508));
#6028=CARTESIAN_POINT('',(834.520921701,499.093365004,181.90988262));
#6029=CARTESIAN_POINT('',(834.508797081,499.124587918,182.019407761));
#6030=CARTESIAN_POINT('',(834.49667246,499.155810832,182.128932901));
#6031=CARTESIAN_POINT('',(834.481771676,499.192058123,182.237787927));
#6032=CARTESIAN_POINT('',(834.464452995,499.232434186,182.343373236));
#6033=CARTESIAN_POINT('',(834.429815633,499.313186311,182.554543853));
#6034=CARTESIAN_POINT('',(834.385412988,499.410810119,182.754872199));
#6035=CARTESIAN_POINT('',(834.331204614,499.525104789,182.944529852));
#6036=CARTESIAN_POINT('',(834.27699624,499.639399458,183.134187504));
#6037=CARTESIAN_POINT('',(834.212284793,499.771690365,183.314112307));
#6038=CARTESIAN_POINT('',(834.14000759,499.915592165,183.47565939));
#6039=CARTESIAN_POINT('',(834.067730388,500.059493965,183.637206473));
#6040=CARTESIAN_POINT('',(833.987494553,500.215896905,183.782385354));
#6041=CARTESIAN_POINT('',(833.898886661,500.385120955,183.910788952));
#6042=CARTESIAN_POINT('',(833.854582715,500.46973298,183.97499075));
#6043=CARTESIAN_POINT('',(833.808016241,500.557852643,184.035066349));
#6044=CARTESIAN_POINT('',(833.760330934,500.647279475,184.089523853));
#6045=CARTESIAN_POINT('',(833.712645627,500.736706306,184.143981357));
#6046=CARTESIAN_POINT('',(833.663606858,500.827877434,184.193195578));
#6047=CARTESIAN_POINT('',(833.613227889,500.920766275,184.237242209));
#6048=CARTESIAN_POINT('',(833.51246995,501.106543957,184.325335471));
#6049=CARTESIAN_POINT('',(833.405937308,501.299917401,184.393097221));
#6050=CARTESIAN_POINT('',(833.294538803,501.498844403,184.438735319));
#6051=CARTESIAN_POINT('',(833.183140297,501.697771406,184.484373416));
#6052=CARTESIAN_POINT('',(833.069912746,501.896849927,184.506827749));
#6053=CARTESIAN_POINT('',(832.954895547,502.096065553,184.506827725));
#6054=B_SPLINE_CURVE_WITH_KNOTS('',3,(#6023,#6024,#6025,#6026,#6027,#6028,#6029,#6030,#6031,#6032,#6033,#6034,#6035,#6036,#6037,#6038,#6039,#6040,#6041,#6042,#6043,#6044,#6045,#6046,#6047,#6048,
#6049,#6050,#6051,#6052,#6053),.UNSPECIFIED.,.F.,.F.,(4,3,3,3,3,3,3,3,3,3,4),(0.001339783,0.001536799,0.001635307,0.001733816,0.001930832,0.002127849,0.002324865,0.002423373,0.002521882,0.002718898,0.002915914),.UNSPECIFIED.);
#6055=EDGE_CURVE('',#6022,#3319,#6054,.T.);
#6056=ORIENTED_EDGE('',*,*,#6055,.F.);
#6057=CARTESIAN_POINT('',(833.296093621,501.138355493,181.006827725));
#6058=DIRECTION('',(-0.11703046,-0.067567568,-0.990827177));
#6059=DIRECTION('',(-0.993096701,0.,0.117298522));
#6060=AXIS2_PLACEMENT_3D('',#6057,#6058,#6059);
#6061=CIRCLE('',#6060,2.5);
#6062=EDGE_CURVE('',#4252,#6022,#6061,.T.);
#6063=ORIENTED_EDGE('',*,*,#6062,.F.);
#6064=ORIENTED_EDGE('',*,*,#4273,.F.);
#6065=EDGE_LOOP('',(#6020,#6056,#6063,#6064));
#6066=FACE_BOUND('',#6065,.T.);
#6067=ADVANCED_FACE('',(#6066),#6019,.T.);
#6068=CARTESIAN_POINT('',(803.199785301,484.916944321,181.006827725));
#6069=DIRECTION('',(0.866025404,0.5,0.));
#6070=DIRECTION('',(0.5,-0.866025404,-0.));
#6071=AXIS2_PLACEMENT_3D('',#6068,#6069,#6070);
#6072=CYLINDRICAL_SURFACE('',#6071,3.5);
#6073=ORIENTED_EDGE('',*,*,#3324,.F.);
#6074=CARTESIAN_POINT('',(808.199785301,487.803695667,184.506827725));
#6075=CARTESIAN_POINT('',(808.290733703,487.593659331,184.506827726));
#6076=CARTESIAN_POINT('',(808.383093819,487.380362813,184.484180993));
#6077=CARTESIAN_POINT('',(808.472558302,487.173753405,184.439751853));
#6078=CARTESIAN_POINT('',(808.562022785,486.967143998,184.395322712));
#6079=CARTESIAN_POINT('',(808.649007772,486.766260912,184.329620006));
#6080=CARTESIAN_POINT('',(808.73349842,486.571138015,184.24251767));
#6081=CARTESIAN_POINT('',(808.775743744,486.473576567,184.198966502));
#6082=CARTESIAN_POINT('',(808.817545355,486.377039943,184.149764351));
#6083=CARTESIAN_POINT('',(808.858137826,486.283295638,184.095690738));
#6084=CARTESIAN_POINT('',(808.898730296,486.189551333,184.041617124));
#6085=CARTESIAN_POINT('',(808.938121206,486.098581983,183.982738711));
#6086=CARTESIAN_POINT('',(808.976317562,486.010371228,183.919083776));
#6087=CARTESIAN_POINT('',(809.052710275,485.83394972,183.791773905));
#6088=CARTESIAN_POINT('',(809.124556913,485.668028089,183.644451182));
#6089=CARTESIAN_POINT('',(809.189136741,485.518886387,183.483195692));
#6090=CARTESIAN_POINT('',(809.253716569,485.369744685,183.321940201));
#6091=CARTESIAN_POINT('',(809.311741319,485.235743404,183.14581971));
#6092=CARTESIAN_POINT('',(809.363019067,485.117322356,182.954401868));
#6093=CARTESIAN_POINT('',(809.388657941,485.058111832,182.858692947));
#6094=CARTESIAN_POINT('',(809.412528535,485.002985747,182.759251377));
#6095=CARTESIAN_POINT('',(809.434168905,484.953008845,182.658147501));
#6096=CARTESIAN_POINT('',(809.455809274,484.903031943,182.557043625));
#6097=CARTESIAN_POINT('',(809.475368468,484.857864055,182.453752146));
#6098=CARTESIAN_POINT('',(809.492871385,484.817441271,182.348301678));
#6099=CARTESIAN_POINT('',(809.510374302,484.777018488,182.24285121));
#6100=CARTESIAN_POINT('',(809.525823523,484.741342294,182.135241612));
#6101=CARTESIAN_POINT('',(809.53918407,484.710486709,182.025438725));
#6102=CARTESIAN_POINT('',(809.552544617,484.679631124,181.915635838));
#6103=CARTESIAN_POINT('',(809.563862948,484.653493412,181.80300286));
#6104=CARTESIAN_POINT('',(809.572870847,484.63269043,181.689817865));
#6105=CARTESIAN_POINT('',(809.590886643,484.591084467,181.463447877));
#6106=CARTESIAN_POINT('',(809.599785301,484.57053416,181.235774069));
#6107=CARTESIAN_POINT('',(809.599785301,484.57053416,181.006827725));
#6108=B_SPLINE_CURVE_WITH_KNOTS('',3,(#6074,#6075,#6076,#6077,#6078,#6079,#6080,#6081,#6082,#6083,#6084,#6085,#6086,#6087,#6088,#6089,#6090,#6091,#6092,#6093,#6094,#6095,#6096,#6097,#6098,#6099,
#6100,#6101,#6102,#6103,#6104,#6105,#6106,#6107),.UNSPECIFIED.,.F.,.F.,(4,3,3,3,3,3,3,3,3,3,3,4),(0.019605367,0.020291136,0.020976905,0.021319789,0.021662674,0.022348442,0.023034211,0.023377096,0.02371998,0.024062865,0.024405749,0.025091518),.UNSPECIFIED.);
#6109=EDGE_CURVE('',#3311,#327,#6108,.T.);
#6110=ORIENTED_EDGE('',*,*,#6109,.T.);
#6111=CARTESIAN_POINT('',(834.546093621,498.973291983,181.006827725));
#6112=DIRECTION('',(-0.866025404,-0.5,-0.));
#6113=VECTOR('',#6112,28.805515647);
#6114=LINE('',#6111,#6113);
#6115=EDGE_CURVE('',#6022,#327,#6114,.T.);
#6116=ORIENTED_EDGE('',*,*,#6115,.F.);
#6117=ORIENTED_EDGE('',*,*,#6055,.T.);
#6118=EDGE_LOOP('',(#6073,#6110,#6116,#6117));
#6119=FACE_BOUND('',#6118,.T.);
#6120=ADVANCED_FACE('',(#6119),#6072,.T.);
#6121=OVER_RIDING_STYLED_ITEM('',(#183),#6120,#54);
#6122=CARTESIAN_POINT('',(833.952895226,498.63080873,178.506827725));
#6123=DIRECTION('',(0.5,-0.866025404,-0.));
#6124=DIRECTION('',(-0.866025404,-0.5,-0.));
#6125=AXIS2_PLACEMENT_3D('',#6122,#6123,#6124);
#6126=PLANE('',#6125);
#6127=CARTESIAN_POINT('',(813.269998084,486.689532497,176.506827725));
#6128=VERTEX_POINT('',#6127);
#6129=CARTESIAN_POINT('',(834.004596783,498.660658638,178.490259263));
#6130=DIRECTION('',(-0.863068912,-0.498293069,-0.0825595));
#6131=VECTOR('',#6130,24.024267834);
#6132=LINE('',#6129,#6131);
#6133=EDGE_CURVE('',#103,#6128,#6132,.T.);
#6134=ORIENTED_EDGE('',*,*,#6133,.F.);
#6135=ORIENTED_EDGE('',*,*,#130,.T.);
#6136=CARTESIAN_POINT('',(834.004596783,498.660658638,178.506827725));
#6137=DIRECTION('',(0.866025404,0.5,0.));
#6138=VECTOR('',#6137,0.568585175);
#6139=LINE('',#6136,#6138);
#6140=EDGE_CURVE('',#119,#5489,#6139,.T.);
#6141=ORIENTED_EDGE('',*,*,#6140,.T.);
#6142=ORIENTED_EDGE('',*,*,#5495,.T.);
#6143=CARTESIAN_POINT('',(844.070798341,504.472382817,179.506827725));
#6144=DIRECTION('',(-0.5,0.866025404,0.));
#6145=DIRECTION('',(-0.866025404,-0.5,-0.));
#6146=AXIS2_PLACEMENT_3D('',#6143,#6144,#6145);
#6147=CIRCLE('',#6146,11.1);
#6148=EDGE_CURVE('',#5480,#6022,#6147,.T.);
#6149=ORIENTED_EDGE('',*,*,#6148,.T.);
#6150=ORIENTED_EDGE('',*,*,#6115,.T.);
#6151=ORIENTED_EDGE('',*,*,#332,.T.);
#6152=CARTESIAN_POINT('',(809.599785301,484.57053416,176.506827725));
#6153=DIRECTION('',(0.866025404,0.5,0.));
#6154=VECTOR('',#6153,4.237996676);
#6155=LINE('',#6152,#6154);
#6156=EDGE_CURVE('',#318,#6128,#6155,.T.);
#6157=ORIENTED_EDGE('',*,*,#6156,.T.);
#6158=EDGE_LOOP('',(#6134,#6135,#6141,#6142,#6149,#6150,#6151,#6157));
#6159=FACE_BOUND('',#6158,.T.);
#6160=ADVANCED_FACE('',(#6159),#6126,.T.);
#6161=OVER_RIDING_STYLED_ITEM('',(#183),#6160,#54);
#6162=CARTESIAN_POINT('',(840.452895226,487.372478481,178.506827725));
#6163=DIRECTION('',(0.5,-0.866025404,-0.));
#6164=DIRECTION('',(-0.866025404,-0.5,-0.));
#6165=AXIS2_PLACEMENT_3D('',#6162,#6163,#6164);
#6166=PLANE('',#6165);
#6167=ORIENTED_EDGE('',*,*,#116,.F.);
#6168=CARTESIAN_POINT('',(819.769998084,475.431202248,176.506827725));
#6169=VERTEX_POINT('',#6168);
#6170=CARTESIAN_POINT('',(840.504596783,487.402328389,178.490259263));
#6171=DIRECTION('',(-0.863068912,-0.498293069,-0.0825595));
#6172=VECTOR('',#6171,24.024267834);
#6173=LINE('',#6170,#6172);
#6174=EDGE_CURVE('',#101,#6169,#6173,.T.);
#6175=ORIENTED_EDGE('',*,*,#6174,.T.);
#6176=CARTESIAN_POINT('',(819.699785301,475.39066488,176.506827725));
#6177=DIRECTION('',(0.866025404,0.5,0.));
#6178=VECTOR('',#6177,0.081074737);
#6179=LINE('',#6176,#6178);
#6180=EDGE_CURVE('',#141,#6169,#6179,.T.);
#6181=ORIENTED_EDGE('',*,*,#6180,.F.);
#6182=ORIENTED_EDGE('',*,*,#148,.T.);
#6183=CARTESIAN_POINT('',(819.699785301,475.39066488,181.006827725));
#6184=DIRECTION('',(0.866025404,0.5,0.));
#6185=VECTOR('',#6184,24.648593709);
#6186=LINE('',#6183,#6185);
#6187=EDGE_CURVE('',#143,#5159,#6186,.T.);
#6188=ORIENTED_EDGE('',*,*,#6187,.T.);
#6189=CARTESIAN_POINT('',(850.570798341,493.214052568,179.506827725));
#6190=DIRECTION('',(0.5,-0.866025404,-0.));
#6191=DIRECTION('',(-0.866025404,-0.5,-0.));
#6192=AXIS2_PLACEMENT_3D('',#6189,#6190,#6191);
#6193=CIRCLE('',#6192,11.1);
#6194=EDGE_CURVE('',#5159,#5436,#6193,.T.);
#6195=ORIENTED_EDGE('',*,*,#6194,.T.);
#6196=ORIENTED_EDGE('',*,*,#5469,.T.);
#6197=CARTESIAN_POINT('',(840.504596783,487.402328389,178.506827725));
#6198=DIRECTION('',(0.866025404,0.5,0.));
#6199=VECTOR('',#6198,0.568585175);
#6200=LINE('',#6197,#6199);
#6201=EDGE_CURVE('',#111,#5447,#6200,.T.);
#6202=ORIENTED_EDGE('',*,*,#6201,.F.);
#6203=EDGE_LOOP('',(#6167,#6175,#6181,#6182,#6188,#6195,#6196,#6202));
#6204=FACE_BOUND('',#6203,.T.);
#6205=ADVANCED_FACE('',(#6204),#6166,.F.);
#6206=OVER_RIDING_STYLED_ITEM('',(#183),#6205,#54);
#6207=CARTESIAN_POINT('',(808.199785301,476.256690283,184.506827725));
#6208=DIRECTION('',(-0.,-0.,1.));
#6209=DIRECTION('',(1.,-0.,0.));
#6210=AXIS2_PLACEMENT_3D('',#6207,#6208,#6209);
#6211=PLANE('',#6210);
#6212=CARTESIAN_POINT('',(821.449785301,472.359575966,184.506827725));
#6213=VERTEX_POINT('',#6212);
#6214=CARTESIAN_POINT('',(842.954902761,484.775561321,184.506827725));
#6215=DIRECTION('',(-0.866025404,-0.5,-0.));
#6216=VECTOR('',#6215,24.831970709);
#6217=LINE('',#6214,#6216);
#6218=EDGE_CURVE('',#5168,#6213,#6217,.T.);
#6219=ORIENTED_EDGE('',*,*,#6218,.T.);
#6220=CARTESIAN_POINT('',(818.199785301,466.730410842,184.506827725));
#6221=VERTEX_POINT('',#6220);
#6222=CARTESIAN_POINT('',(824.699785301,466.730410842,184.506827725));
#6223=DIRECTION('',(0.,0.,-1.));
#6224=DIRECTION('',(1.,-0.,0.));
#6225=AXIS2_PLACEMENT_3D('',#6222,#6223,#6224);
#6226=CIRCLE('',#6225,6.5);
#6227=EDGE_CURVE('',#6221,#6213,#6226,.T.);
#6228=ORIENTED_EDGE('',*,*,#6227,.F.);
#6229=CARTESIAN_POINT('',(818.199785301,440.081412968,184.506827725));
#6230=VERTEX_POINT('',#6229);
#6231=CARTESIAN_POINT('',(818.199785301,466.730410842,184.506827725));
#6232=DIRECTION('',(-0.,-1.,-0.));
#6233=VECTOR('',#6232,26.648997873);
#6234=LINE('',#6231,#6233);
#6235=EDGE_CURVE('',#6221,#6230,#6234,.T.);
#6236=ORIENTED_EDGE('',*,*,#6235,.T.);
#6237=CARTESIAN_POINT('',(822.699785301,440.081412968,184.506827725));
#6238=VERTEX_POINT('',#6237);
#6239=CARTESIAN_POINT('',(818.199785301,440.081412968,184.506827725));
#6240=DIRECTION('',(1.,-0.,0.));
#6241=VECTOR('',#6240,4.5);
#6242=LINE('',#6239,#6241);
#6243=EDGE_CURVE('',#6230,#6238,#6242,.T.);
#6244=ORIENTED_EDGE('',*,*,#6243,.T.);
#6245=CARTESIAN_POINT('',(822.699785301,434.483635465,184.506827725));
#6246=VERTEX_POINT('',#6245);
#6247=CARTESIAN_POINT('',(822.699785301,440.081412968,184.506827725));
#6248=DIRECTION('',(-0.,-1.,-0.));
#6249=VECTOR('',#6248,5.597777503);
#6250=LINE('',#6247,#6249);
#6251=EDGE_CURVE('',#6238,#6246,#6250,.T.);
#6252=ORIENTED_EDGE('',*,*,#6251,.T.);
#6253=CARTESIAN_POINT('',(830.399785301,434.483635465,184.506827725));
#6254=VERTEX_POINT('',#6253);
#6255=CARTESIAN_POINT('',(822.699785301,434.483635465,184.506827725));
#6256=DIRECTION('',(1.,-0.,0.));
#6257=VECTOR('',#6256,7.7);
#6258=LINE('',#6255,#6257);
#6259=EDGE_CURVE('',#6246,#6254,#6258,.T.);
#6260=ORIENTED_EDGE('',*,*,#6259,.T.);
#6261=CARTESIAN_POINT('',(830.399785301,427.683635465,184.506827725));
#6262=VERTEX_POINT('',#6261);
#6263=CARTESIAN_POINT('',(830.399785301,434.483635465,184.506827725));
#6264=DIRECTION('',(-0.,-1.,-0.));
#6265=VECTOR('',#6264,6.8);
#6266=LINE('',#6263,#6265);
#6267=EDGE_CURVE('',#6254,#6262,#6266,.T.);
#6268=ORIENTED_EDGE('',*,*,#6267,.T.);
#6269=CARTESIAN_POINT('',(822.699785301,427.683635465,184.506827725));
#6270=VERTEX_POINT('',#6269);
#6271=CARTESIAN_POINT('',(830.399785301,427.683635465,184.506827725));
#6272=DIRECTION('',(-1.,0.,-0.));
#6273=VECTOR('',#6272,7.7);
#6274=LINE('',#6271,#6273);
#6275=EDGE_CURVE('',#6262,#6270,#6274,.T.);
#6276=ORIENTED_EDGE('',*,*,#6275,.T.);
#6277=CARTESIAN_POINT('',(822.699785301,425.583623324,184.506827725));
#6278=VERTEX_POINT('',#6277);
#6279=CARTESIAN_POINT('',(822.699785301,427.683635465,184.506827725));
#6280=DIRECTION('',(-0.,-1.,-0.));
#6281=VECTOR('',#6280,2.100012141);
#6282=LINE('',#6279,#6281);
#6283=EDGE_CURVE('',#6270,#6278,#6282,.T.);
#6284=ORIENTED_EDGE('',*,*,#6283,.T.);
#6285=CARTESIAN_POINT('',(837.455894151,425.583623324,184.506827725));
#6286=VERTEX_POINT('',#6285);
#6287=CARTESIAN_POINT('',(822.699785301,425.583623324,184.506827725));
#6288=DIRECTION('',(1.,-0.,0.));
#6289=VECTOR('',#6288,14.756108849);
#6290=LINE('',#6287,#6289);
#6291=EDGE_CURVE('',#6278,#6286,#6290,.T.);
#6292=ORIENTED_EDGE('',*,*,#6291,.T.);
#6293=CARTESIAN_POINT('',(837.455894151,425.583623324,184.506827725));
#6294=DIRECTION('',(0.5,0.866025404,0.));
#6295=VECTOR('',#6294,58.512217699);
#6296=LINE('',#6293,#6295);
#6297=EDGE_CURVE('',#6286,#5390,#6296,.T.);
#6298=ORIENTED_EDGE('',*,*,#6297,.T.);
#6299=ORIENTED_EDGE('',*,*,#5395,.T.);
#6300=ORIENTED_EDGE('',*,*,#5353,.T.);
#6301=ORIENTED_EDGE('',*,*,#5329,.T.);
#6302=ORIENTED_EDGE('',*,*,#5306,.T.);
#6303=ORIENTED_EDGE('',*,*,#5281,.T.);
#6304=ORIENTED_EDGE('',*,*,#5264,.T.);
#6305=ORIENTED_EDGE('',*,*,#5229,.T.);
#6306=EDGE_LOOP('',(#6219,#6228,#6236,#6244,#6252,#6260,#6268,#6276,#6284,#6292,#6298,#6299,#6300,#6301,#6302,#6303,#6304,#6305));
#6307=FACE_BOUND('',#6306,.T.);
#6308=ADVANCED_FACE('',(#6307),#6211,.T.);
#6309=OVER_RIDING_STYLED_ITEM('',(#183),#6308,#54);
#6310=CARTESIAN_POINT('',(842.202895226,484.341389568,181.006827725));
#6311=DIRECTION('',(-0.866025404,-0.5,-0.));
#6312=DIRECTION('',(-0.5,0.866025404,0.));
#6313=AXIS2_PLACEMENT_3D('',#6310,#6311,#6312);
#6314=CYLINDRICAL_SURFACE('',#6313,3.5);
#6315=ORIENTED_EDGE('',*,*,#6187,.F.);
#6316=CARTESIAN_POINT('',(821.449785301,472.359575966,181.006827725));
#6317=DIRECTION('',(0.866025404,0.5,0.));
#6318=DIRECTION('',(-0.5,0.866025404,0.));
#6319=AXIS2_PLACEMENT_3D('',#6316,#6317,#6318);
#6320=CIRCLE('',#6319,3.5);
#6321=EDGE_CURVE('',#143,#6213,#6320,.T.);
#6322=ORIENTED_EDGE('',*,*,#6321,.T.);
#6323=ORIENTED_EDGE('',*,*,#6218,.F.);
#6324=ORIENTED_EDGE('',*,*,#5204,.T.);
#6325=EDGE_LOOP('',(#6315,#6322,#6323,#6324));
#6326=FACE_BOUND('',#6325,.T.);
#6327=ADVANCED_FACE('',(#6326),#6314,.T.);
#6328=OVER_RIDING_STYLED_ITEM('',(#183),#6327,#54);
#6329=CARTESIAN_POINT('',(852.690166358,450.570156804,184.506827725));
#6330=DIRECTION('',(-0.866025404,0.5,-0.));
#6331=DIRECTION('',(0.5,0.866025404,0.));
#6332=AXIS2_PLACEMENT_3D('',#6329,#6330,#6331);
#6333=PLANE('',#6332);
#6334=CARTESIAN_POINT('',(854.040166358,452.908425394,174.5));
#6335=VERTEX_POINT('',#6334);
#6336=CARTESIAN_POINT('',(851.340166358,448.231888214,174.5));
#6337=VERTEX_POINT('',#6336);
#6338=CARTESIAN_POINT('',(852.690166358,450.570156804,174.5));
#6339=DIRECTION('',(-0.866025404,0.5,-0.));
#6340=DIRECTION('',(0.5,0.866025404,0.));
#6341=AXIS2_PLACEMENT_3D('',#6338,#6339,#6340);
#6342=CIRCLE('',#6341,2.7);
#6343=EDGE_CURVE('',#6335,#6337,#6342,.T.);
#6344=ORIENTED_EDGE('',*,*,#6343,.T.);
#6345=CARTESIAN_POINT('',(852.690166358,450.570156804,174.5));
#6346=DIRECTION('',(-0.866025404,0.5,-0.));
#6347=DIRECTION('',(0.5,0.866025404,0.));
#6348=AXIS2_PLACEMENT_3D('',#6345,#6346,#6347);
#6349=CIRCLE('',#6348,2.7);
#6350=EDGE_CURVE('',#6337,#6335,#6349,.T.);
#6351=ORIENTED_EDGE('',*,*,#6350,.T.);
#6352=EDGE_LOOP('',(#6344,#6351));
#6353=FACE_BOUND('',#6352,.T.);
#6354=CARTESIAN_POINT('',(837.860039339,424.883623324,183.806827725));
#6355=VERTEX_POINT('',#6354);
#6356=CARTESIAN_POINT('',(867.520293377,476.256690283,183.806827725));
#6357=DIRECTION('',(-0.5,-0.866025404,-0.));
#6358=VECTOR('',#6357,59.320508076);
#6359=LINE('',#6356,#6358);
#6360=EDGE_CURVE('',#5375,#6355,#6359,.T.);
#6361=ORIENTED_EDGE('',*,*,#6360,.T.);
#6362=CARTESIAN_POINT('',(837.860039339,424.883623324,183.806827725));
#6363=DIRECTION('',(0.,0.,-1.));
#6364=VECTOR('',#6363,13.3);
#6365=LINE('',#6362,#6364);
#6366=EDGE_CURVE('',#6355,#3446,#6365,.T.);
#6367=ORIENTED_EDGE('',*,*,#6366,.T.);
#6368=ORIENTED_EDGE('',*,*,#3544,.T.);
#6369=ORIENTED_EDGE('',*,*,#5424,.F.);
#6370=EDGE_LOOP('',(#6361,#6367,#6368,#6369));
#6371=FACE_BOUND('',#6370,.T.);
#6372=ADVANCED_FACE('',(#6353,#6371),#6333,.F.);
#6373=OVER_RIDING_STYLED_ITEM('',(#183),#6372,#54);
#6374=CARTESIAN_POINT('',(852.083948575,450.920156804,183.806827725));
#6375=DIRECTION('',(0.5,0.866025404,0.));
#6376=DIRECTION('',(0.866025404,-0.5,-0.));
#6377=AXIS2_PLACEMENT_3D('',#6374,#6375,#6376);
#6378=CYLINDRICAL_SURFACE('',#6377,0.7);
#6379=ORIENTED_EDGE('',*,*,#6297,.F.);
#6380=CARTESIAN_POINT('',(837.455894151,425.583623324,183.806827725));
#6381=DIRECTION('',(-0.866025404,-0.5,-0.));
#6382=DIRECTION('',(-0.5,0.866025404,0.));
#6383=AXIS2_PLACEMENT_3D('',#6380,#6381,#6382);
#6384=ELLIPSE('',#6383,0.808290377,0.7);
#6385=EDGE_CURVE('',#6355,#6286,#6384,.T.);
#6386=ORIENTED_EDGE('',*,*,#6385,.F.);
#6387=ORIENTED_EDGE('',*,*,#6360,.F.);
#6388=ORIENTED_EDGE('',*,*,#5402,.T.);
#6389=EDGE_LOOP('',(#6379,#6386,#6387,#6388));
#6390=FACE_BOUND('',#6389,.T.);
#6391=ADVANCED_FACE('',(#6390),#6378,.T.);
#6392=CARTESIAN_POINT('',(808.199785301,476.256690283,178.506827725));
#6393=DIRECTION('',(-0.,-0.,1.));
#6394=DIRECTION('',(1.,-0.,0.));
#6395=AXIS2_PLACEMENT_3D('',#6392,#6393,#6394);
#6396=PLANE('',#6395);
#6397=ORIENTED_EDGE('',*,*,#124,.F.);
#6398=ORIENTED_EDGE('',*,*,#6201,.T.);
#6399=ORIENTED_EDGE('',*,*,#5462,.T.);
#6400=ORIENTED_EDGE('',*,*,#4616,.T.);
#6401=ORIENTED_EDGE('',*,*,#5508,.T.);
#6402=ORIENTED_EDGE('',*,*,#6140,.F.);
#6403=EDGE_LOOP('',(#6397,#6398,#6399,#6400,#6401,#6402));
#6404=FACE_BOUND('',#6403,.T.);
#6405=ADVANCED_FACE('',(#6404),#6396,.T.);
#6406=OVER_RIDING_STYLED_ITEM('',(#183),#6405,#54);
#6407=CARTESIAN_POINT('',(830.399785301,509.972590283,183.806827725));
#6408=DIRECTION('',(0.,1.,0.));
#6409=DIRECTION('',(1.,-0.,-0.));
#6410=AXIS2_PLACEMENT_3D('',#6407,#6408,#6409);
#6411=CYLINDRICAL_SURFACE('',#6410,0.7);
#6412=CARTESIAN_POINT('',(829.699785301,428.383635465,183.806827725));
#6413=VERTEX_POINT('',#6412);
#6414=CARTESIAN_POINT('',(830.399785301,427.683635465,183.806827725));
#6415=DIRECTION('',(0.707106781,0.707106781,0.));
#6416=DIRECTION('',(-0.707106781,0.707106781,0.));
#6417=AXIS2_PLACEMENT_3D('',#6414,#6415,#6416);
#6418=ELLIPSE('',#6417,0.989949494,0.7);
#6419=EDGE_CURVE('',#6413,#6262,#6418,.T.);
#6420=ORIENTED_EDGE('',*,*,#6419,.T.);
#6421=ORIENTED_EDGE('',*,*,#6267,.F.);
#6422=CARTESIAN_POINT('',(829.699785301,433.783635465,183.806827725));
#6423=VERTEX_POINT('',#6422);
#6424=CARTESIAN_POINT('',(830.399785301,434.483635465,183.806827725));
#6425=DIRECTION('',(-0.707106781,0.707106781,0.));
#6426=DIRECTION('',(-0.707106781,-0.707106781,-0.));
#6427=AXIS2_PLACEMENT_3D('',#6424,#6425,#6426);
#6428=ELLIPSE('',#6427,0.989949494,0.7);
#6429=EDGE_CURVE('',#6423,#6254,#6428,.T.);
#6430=ORIENTED_EDGE('',*,*,#6429,.F.);
#6431=CARTESIAN_POINT('',(829.699785301,428.383635465,183.806827725));
#6432=DIRECTION('',(0.,1.,0.));
#6433=VECTOR('',#6432,5.4);
#6434=LINE('',#6431,#6433);
#6435=EDGE_CURVE('',#6413,#6423,#6434,.T.);
#6436=ORIENTED_EDGE('',*,*,#6435,.F.);
#6437=EDGE_LOOP('',(#6420,#6421,#6430,#6436));
#6438=FACE_BOUND('',#6437,.T.);
#6439=ADVANCED_FACE('',(#6438),#6411,.T.);
#6440=CARTESIAN_POINT('',(786.699785301,427.683635465,183.806827725));
#6441=DIRECTION('',(1.,-0.,0.));
#6442=DIRECTION('',(0.,0.,-1.));
#6443=AXIS2_PLACEMENT_3D('',#6440,#6441,#6442);
#6444=CYLINDRICAL_SURFACE('',#6443,0.7);
#6445=CARTESIAN_POINT('',(822.699785301,428.383635465,183.806827725));
#6446=VERTEX_POINT('',#6445);
#6447=CARTESIAN_POINT('',(822.699785301,427.683635465,183.806827725));
#6448=DIRECTION('',(-1.,0.,-0.));
#6449=DIRECTION('',(0.,0.,-1.));
#6450=AXIS2_PLACEMENT_3D('',#6447,#6448,#6449);
#6451=CIRCLE('',#6450,0.7);
#6452=EDGE_CURVE('',#6270,#6446,#6451,.T.);
#6453=ORIENTED_EDGE('',*,*,#6452,.F.);
#6454=ORIENTED_EDGE('',*,*,#6275,.F.);
#6455=ORIENTED_EDGE('',*,*,#6419,.F.);
#6456=CARTESIAN_POINT('',(822.699785301,428.383635465,183.806827725));
#6457=DIRECTION('',(1.,-0.,0.));
#6458=VECTOR('',#6457,7.);
#6459=LINE('',#6456,#6458);
#6460=EDGE_CURVE('',#6446,#6413,#6459,.T.);
#6461=ORIENTED_EDGE('',*,*,#6460,.F.);
#6462=EDGE_LOOP('',(#6453,#6454,#6455,#6461));
#6463=FACE_BOUND('',#6462,.T.);
#6464=ADVANCED_FACE('',(#6463),#6444,.T.);
#6465=CARTESIAN_POINT('',(786.699785301,434.483635465,183.806827725));
#6466=DIRECTION('',(-1.,0.,-0.));
#6467=DIRECTION('',(-0.,-0.,1.));
#6468=AXIS2_PLACEMENT_3D('',#6465,#6466,#6467);
#6469=CYLINDRICAL_SURFACE('',#6468,0.7);
#6470=ORIENTED_EDGE('',*,*,#6429,.T.);
#6471=ORIENTED_EDGE('',*,*,#6259,.F.);
#6472=CARTESIAN_POINT('',(822.699785301,433.783635465,183.806827725));
#6473=VERTEX_POINT('',#6472);
#6474=CARTESIAN_POINT('',(822.699785301,434.483635465,183.806827725));
#6475=DIRECTION('',(-1.,0.,-0.));
#6476=DIRECTION('',(-0.,-0.,1.));
#6477=AXIS2_PLACEMENT_3D('',#6474,#6475,#6476);
#6478=CIRCLE('',#6477,0.7);
#6479=EDGE_CURVE('',#6473,#6246,#6478,.T.);
#6480=ORIENTED_EDGE('',*,*,#6479,.F.);
#6481=CARTESIAN_POINT('',(829.699785301,433.783635465,183.806827725));
#6482=DIRECTION('',(-1.,0.,-0.));
#6483=VECTOR('',#6482,7.);
#6484=LINE('',#6481,#6483);
#6485=EDGE_CURVE('',#6423,#6473,#6484,.T.);
#6486=ORIENTED_EDGE('',*,*,#6485,.F.);
#6487=EDGE_LOOP('',(#6470,#6471,#6480,#6486));
#6488=FACE_BOUND('',#6487,.T.);
#6489=ADVANCED_FACE('',(#6488),#6469,.T.);
#6490=CARTESIAN_POINT('',(822.699785301,427.683635465,183.806827725));
#6491=DIRECTION('',(0.,0.,-1.));
#6492=DIRECTION('',(-1.,0.,0.));
#6493=AXIS2_PLACEMENT_3D('',#6490,#6491,#6492);
#6494=SPHERICAL_SURFACE('',#6493,0.7);
#6495=CARTESIAN_POINT('',(821.999785301,427.683635465,183.806827725));
#6496=VERTEX_POINT('',#6495);
#6497=CARTESIAN_POINT('',(822.699785301,427.683635465,183.806827725));
#6498=DIRECTION('',(0.,1.,0.));
#6499=DIRECTION('',(1.,-0.,-0.));
#6500=AXIS2_PLACEMENT_3D('',#6497,#6498,#6499);
#6501=CIRCLE('',#6500,0.7);
#6502=EDGE_CURVE('',#6496,#6270,#6501,.T.);
#6503=ORIENTED_EDGE('',*,*,#6502,.T.);
#6504=ORIENTED_EDGE('',*,*,#6452,.T.);
#6505=CARTESIAN_POINT('',(822.699785301,427.683635465,183.806827725));
#6506=DIRECTION('',(0.,0.,-1.));
#6507=DIRECTION('',(-1.,0.,-0.));
#6508=AXIS2_PLACEMENT_3D('',#6505,#6506,#6507);
#6509=CIRCLE('',#6508,0.7);
#6510=EDGE_CURVE('',#6496,#6446,#6509,.T.);
#6511=ORIENTED_EDGE('',*,*,#6510,.F.);
#6512=EDGE_LOOP('',(#6503,#6504,#6511));
#6513=FACE_BOUND('',#6512,.T.);
#6514=ADVANCED_FACE('',(#6513),#6494,.T.);
#6515=CARTESIAN_POINT('',(822.699785301,434.483635465,183.806827725));
#6516=DIRECTION('',(0.,0.,-1.));
#6517=DIRECTION('',(-1.,0.,0.));
#6518=AXIS2_PLACEMENT_3D('',#6515,#6516,#6517);
#6519=SPHERICAL_SURFACE('',#6518,0.7);
#6520=ORIENTED_EDGE('',*,*,#6479,.T.);
#6521=CARTESIAN_POINT('',(821.999785301,434.483635465,183.806827725));
#6522=VERTEX_POINT('',#6521);
#6523=CARTESIAN_POINT('',(822.699785301,434.483635465,183.806827725));
#6524=DIRECTION('',(-0.,-1.,-0.));
#6525=DIRECTION('',(-1.,0.,0.));
#6526=AXIS2_PLACEMENT_3D('',#6523,#6524,#6525);
#6527=CIRCLE('',#6526,0.7);
#6528=EDGE_CURVE('',#6246,#6522,#6527,.T.);
#6529=ORIENTED_EDGE('',*,*,#6528,.T.);
#6530=CARTESIAN_POINT('',(822.699785301,434.483635465,183.806827725));
#6531=DIRECTION('',(0.,0.,-1.));
#6532=DIRECTION('',(1.,-0.,0.));
#6533=AXIS2_PLACEMENT_3D('',#6530,#6531,#6532);
#6534=CIRCLE('',#6533,0.7);
#6535=EDGE_CURVE('',#6473,#6522,#6534,.T.);
#6536=ORIENTED_EDGE('',*,*,#6535,.F.);
#6537=EDGE_LOOP('',(#6520,#6529,#6536));
#6538=FACE_BOUND('',#6537,.T.);
#6539=ADVANCED_FACE('',(#6538),#6519,.T.);
#6540=CARTESIAN_POINT('',(808.199785301,425.583623324,183.806827725));
#6541=DIRECTION('',(1.,-0.,0.));
#6542=DIRECTION('',(-0.,-1.,-0.));
#6543=AXIS2_PLACEMENT_3D('',#6540,#6541,#6542);
#6544=CYLINDRICAL_SURFACE('',#6543,0.7);
#6545=ORIENTED_EDGE('',*,*,#6291,.F.);
#6546=CARTESIAN_POINT('',(822.699785301,424.883623324,183.806827725));
#6547=VERTEX_POINT('',#6546);
#6548=CARTESIAN_POINT('',(822.699785301,425.583623324,183.806827725));
#6549=DIRECTION('',(1.,-0.,0.));
#6550=DIRECTION('',(-0.,-1.,-0.));
#6551=AXIS2_PLACEMENT_3D('',#6548,#6549,#6550);
#6552=CIRCLE('',#6551,0.7);
#6553=EDGE_CURVE('',#6278,#6547,#6552,.T.);
#6554=ORIENTED_EDGE('',*,*,#6553,.T.);
#6555=CARTESIAN_POINT('',(837.860039339,424.883623324,183.806827725));
#6556=DIRECTION('',(-1.,0.,-0.));
#6557=VECTOR('',#6556,15.160254038);
#6558=LINE('',#6555,#6557);
#6559=EDGE_CURVE('',#6355,#6547,#6558,.T.);
#6560=ORIENTED_EDGE('',*,*,#6559,.F.);
#6561=ORIENTED_EDGE('',*,*,#6385,.T.);
#6562=EDGE_LOOP('',(#6545,#6554,#6560,#6561));
#6563=FACE_BOUND('',#6562,.T.);
#6564=ADVANCED_FACE('',(#6563),#6544,.T.);
#6565=CARTESIAN_POINT('',(824.699785301,466.730410842,181.006827725));
#6566=DIRECTION('',(-0.,-0.,1.));
#6567=DIRECTION('',(1.,-0.,0.));
#6568=AXIS2_PLACEMENT_3D('',#6565,#6566,#6567);
#6569=TOROIDAL_SURFACE('',#6568,6.5,3.5);
#6570=CARTESIAN_POINT('',(818.199785301,466.730410842,181.006827725));
#6571=DIRECTION('',(-0.,-1.,-0.));
#6572=DIRECTION('',(-0.,-0.,1.));
#6573=AXIS2_PLACEMENT_3D('',#6570,#6571,#6572);
#6574=CIRCLE('',#6573,3.5);
#6575=EDGE_CURVE('',#6221,#160,#6574,.T.);
#6576=ORIENTED_EDGE('',*,*,#6575,.F.);
#6577=ORIENTED_EDGE('',*,*,#6227,.T.);
#6578=ORIENTED_EDGE('',*,*,#6321,.F.);
#6579=ORIENTED_EDGE('',*,*,#172,.T.);
#6580=EDGE_LOOP('',(#6576,#6577,#6578,#6579));
#6581=FACE_BOUND('',#6580,.T.);
#6582=ADVANCED_FACE('',(#6581),#6569,.T.);
#6583=OVER_RIDING_STYLED_ITEM('',(#183),#6582,#54);
#6584=CARTESIAN_POINT('',(818.199785301,476.256690283,181.006827725));
#6585=DIRECTION('',(-0.,-1.,-0.));
#6586=DIRECTION('',(-0.,-0.,1.));
#6587=AXIS2_PLACEMENT_3D('',#6584,#6585,#6586);
#6588=CYLINDRICAL_SURFACE('',#6587,3.5);
#6589=CARTESIAN_POINT('',(814.699785301,440.7252121,181.006827725));
#6590=VERTEX_POINT('',#6589);
#6591=CARTESIAN_POINT('',(814.699785301,440.7252121,181.006827725));
#6592=DIRECTION('',(0.,1.,0.));
#6593=VECTOR('',#6592,26.005198742);
#6594=LINE('',#6591,#6593);
#6595=EDGE_CURVE('',#6590,#160,#6594,.T.);
#6596=ORIENTED_EDGE('',*,*,#6595,.F.);
#6597=CARTESIAN_POINT('',(814.699785301,440.725212099,181.006827758));
#6598=CARTESIAN_POINT('',(814.699785309,440.584060596,181.872869683));
#6599=CARTESIAN_POINT('',(815.023050046,440.430160225,182.728749662));
#6600=CARTESIAN_POINT('',(815.633881371,440.304066124,183.387192618));
#6601=CARTESIAN_POINT('',(815.786589203,440.272542598,183.551803357));
#6602=CARTESIAN_POINT('',(815.959471689,440.242502343,183.705884514));
#6603=CARTESIAN_POINT('',(816.147559748,440.215624012,183.842029707));
#6604=CARTESIAN_POINT('',(816.335647807,440.188745682,183.9781749));
#6605=CARTESIAN_POINT('',(816.540347532,440.16473094,184.097940554));
#6606=CARTESIAN_POINT('',(816.761240924,440.144596218,184.197531421));
#6607=CARTESIAN_POINT('',(816.982134316,440.124461495,184.297122288));
#6608=CARTESIAN_POINT('',(817.213527309,440.108690496,184.374182056));
#6609=CARTESIAN_POINT('',(817.456412234,440.0978524,184.426973407));
#6610=CARTESIAN_POINT('',(817.577854697,440.092433351,184.453369083));
#6611=CARTESIAN_POINT('',(817.702614929,440.088272444,184.473585049));
#6612=CARTESIAN_POINT('',(817.826742586,440.085529792,184.486890819));
#6613=CARTESIAN_POINT('',(817.950870243,440.08278714,184.500196588));
#6614=CARTESIAN_POINT('',(818.075218557,440.081422714,184.506827744));
#6615=CARTESIAN_POINT('',(818.199785834,440.081422718,184.506827725));
#6616=B_SPLINE_CURVE_WITH_KNOTS('',3,(#6597,#6598,#6599,#6600,#6601,#6602,#6603,#6604,#6605,#6606,#6607,#6608,#6609,#6610,#6611,#6612,#6613,#6614,#6615),.UNSPECIFIED.,.F.,.F.,(4,3,3,3,3,3,4),(0.001697232,0.002549925,0.002763098,0.002976272,0.003189445,0.003296032,0.003402618),.UNSPECIFIED.);
#6617=EDGE_CURVE('',#6590,#6230,#6616,.T.);
#6618=ORIENTED_EDGE('',*,*,#6617,.T.);
#6619=ORIENTED_EDGE('',*,*,#6235,.F.);
#6620=ORIENTED_EDGE('',*,*,#6575,.T.);
#6621=EDGE_LOOP('',(#6596,#6618,#6619,#6620));
#6622=FACE_BOUND('',#6621,.T.);
#6623=ADVANCED_FACE('',(#6622),#6588,.T.);
#6624=OVER_RIDING_STYLED_ITEM('',(#183),#6623,#54);
#6625=CARTESIAN_POINT('',(821.699785301,440.081412968,182.006827725));
#6626=DIRECTION('',(-1.,0.,-0.));
#6627=DIRECTION('',(-0.,-0.,1.));
#6628=AXIS2_PLACEMENT_3D('',#6625,#6626,#6627);
#6629=CYLINDRICAL_SURFACE('',#6628,2.5);
#6630=CARTESIAN_POINT('',(818.199785301,438.054886504,180.542863762));
#6631=VERTEX_POINT('',#6630);
#6632=CARTESIAN_POINT('',(818.199785301,440.081412968,182.006827725));
#6633=DIRECTION('',(1.,-0.,0.));
#6634=DIRECTION('',(-0.,-0.,1.));
#6635=AXIS2_PLACEMENT_3D('',#6632,#6633,#6634);
#6636=CIRCLE('',#6635,2.5);
#6637=EDGE_CURVE('',#6230,#6631,#6636,.T.);
#6638=ORIENTED_EDGE('',*,*,#6637,.T.);
#6639=CARTESIAN_POINT('',(821.999785301,438.054886504,180.542863762));
#6640=VERTEX_POINT('',#6639);
#6641=CARTESIAN_POINT('',(821.999785301,438.054886504,180.542863762));
#6642=DIRECTION('',(-1.,0.,-0.));
#6643=VECTOR('',#6642,3.8);
#6644=LINE('',#6641,#6643);
#6645=EDGE_CURVE('',#6640,#6631,#6644,.T.);
#6646=ORIENTED_EDGE('',*,*,#6645,.F.);
#6647=CARTESIAN_POINT('',(821.999785301,438.346477811,183.806827725));
#6648=VERTEX_POINT('',#6647);
#6649=CARTESIAN_POINT('',(821.999785301,440.081412968,182.006827725));
#6650=DIRECTION('',(1.,-0.,0.));
#6651=DIRECTION('',(-0.,-0.,1.));
#6652=AXIS2_PLACEMENT_3D('',#6649,#6650,#6651);
#6653=CIRCLE('',#6652,2.5);
#6654=EDGE_CURVE('',#6648,#6640,#6653,.T.);
#6655=ORIENTED_EDGE('',*,*,#6654,.F.);
#6656=CARTESIAN_POINT('',(821.999785301,438.346477811,183.806827725));
#6657=CARTESIAN_POINT('',(821.999785301,438.408196715,183.866315668));
#6658=CARTESIAN_POINT('',(822.007441951,438.473817474,183.923292474));
#6659=CARTESIAN_POINT('',(822.020432368,438.540637808,183.975586702));
#6660=CARTESIAN_POINT('',(822.033422785,438.607458143,184.027880929));
#6661=CARTESIAN_POINT('',(822.051668752,438.675738281,184.07586192));
#6662=CARTESIAN_POINT('',(822.073746552,438.745556573,184.119997783));
#6663=CARTESIAN_POINT('',(822.117902153,438.885193158,184.208269508));
#6664=CARTESIAN_POINT('',(822.177604766,439.031501621,184.281173529));
#6665=CARTESIAN_POINT('',(822.244120696,439.178836057,184.33821249));
#6666=CARTESIAN_POINT('',(822.310636626,439.326170492,184.39525145));
#6667=CARTESIAN_POINT('',(822.385149215,439.476917614,184.437470569));
#6668=CARTESIAN_POINT('',(822.462183189,439.62746882,184.465269246));
#6669=CARTESIAN_POINT('',(822.539217162,439.778020027,184.493067923));
#6670=CARTESIAN_POINT('',(822.619154181,439.929037276,184.506827725));
#6671=CARTESIAN_POINT('',(822.699785301,440.081412968,184.506827725));
#6672=B_SPLINE_CURVE_WITH_KNOTS('',3,(#6656,#6657,#6658,#6659,#6660,#6661,#6662,#6663,#6664,#6665,#6666,#6667,#6668,#6669,#6670,#6671),.UNSPECIFIED.,.F.,.F.,(4,3,3,3,3,4),(-0.0013124,-0.001055569,-0.000798737,-0.000285073,0.00022859,0.000742254),.UNSPECIFIED.);
#6673=EDGE_CURVE('',#6648,#6238,#6672,.T.);
#6674=ORIENTED_EDGE('',*,*,#6673,.T.);
#6675=ORIENTED_EDGE('',*,*,#6243,.F.);
#6676=EDGE_LOOP('',(#6638,#6646,#6655,#6674,#6675));
#6677=FACE_BOUND('',#6676,.T.);
#6678=ADVANCED_FACE('',(#6677),#6629,.T.);
#6679=CARTESIAN_POINT('',(822.699785301,476.256690283,183.806827725));
#6680=DIRECTION('',(-0.,-1.,-0.));
#6681=DIRECTION('',(-1.,0.,0.));
#6682=AXIS2_PLACEMENT_3D('',#6679,#6680,#6681);
#6683=CYLINDRICAL_SURFACE('',#6682,0.7);
#6684=ORIENTED_EDGE('',*,*,#6673,.F.);
#6685=CARTESIAN_POINT('',(821.999785301,434.483635465,183.806827725));
#6686=DIRECTION('',(0.,1.,0.));
#6687=VECTOR('',#6686,3.862842346);
#6688=LINE('',#6685,#6687);
#6689=EDGE_CURVE('',#6522,#6648,#6688,.T.);
#6690=ORIENTED_EDGE('',*,*,#6689,.F.);
#6691=ORIENTED_EDGE('',*,*,#6528,.F.);
#6692=ORIENTED_EDGE('',*,*,#6251,.F.);
#6693=EDGE_LOOP('',(#6684,#6690,#6691,#6692));
#6694=FACE_BOUND('',#6693,.T.);
#6695=ADVANCED_FACE('',(#6694),#6683,.T.);
#6696=CARTESIAN_POINT('',(822.699785301,509.972590283,183.806827725));
#6697=DIRECTION('',(0.,1.,0.));
#6698=DIRECTION('',(1.,-0.,-0.));
#6699=AXIS2_PLACEMENT_3D('',#6696,#6697,#6698);
#6700=CYLINDRICAL_SURFACE('',#6699,0.7);
#6701=CARTESIAN_POINT('',(821.999785301,425.583623324,183.806827725));
#6702=VERTEX_POINT('',#6701);
#6703=CARTESIAN_POINT('',(821.999785301,425.583623324,183.806827725));
#6704=DIRECTION('',(0.,1.,0.));
#6705=VECTOR('',#6704,2.100012141);
#6706=LINE('',#6703,#6705);
#6707=EDGE_CURVE('',#6702,#6496,#6706,.T.);
#6708=ORIENTED_EDGE('',*,*,#6707,.F.);
#6709=CARTESIAN_POINT('',(822.699785301,425.583623324,183.806827725));
#6710=DIRECTION('',(0.,1.,0.));
#6711=DIRECTION('',(1.,-0.,-0.));
#6712=AXIS2_PLACEMENT_3D('',#6709,#6710,#6711);
#6713=CIRCLE('',#6712,0.7);
#6714=EDGE_CURVE('',#6702,#6278,#6713,.T.);
#6715=ORIENTED_EDGE('',*,*,#6714,.T.);
#6716=ORIENTED_EDGE('',*,*,#6283,.F.);
#6717=ORIENTED_EDGE('',*,*,#6502,.F.);
#6718=EDGE_LOOP('',(#6708,#6715,#6716,#6717));
#6719=FACE_BOUND('',#6718,.T.);
#6720=ADVANCED_FACE('',(#6719),#6700,.T.);
#6721=CARTESIAN_POINT('',(818.199785301,440.081412852,184.506828464));
#6722=CARTESIAN_POINT('',(818.199785333,439.852621409,184.506828309));
#6723=CARTESIAN_POINT('',(818.199785363,439.623851554,184.475225022));
#6724=CARTESIAN_POINT('',(818.199785417,439.183406358,184.35116774));
#6725=CARTESIAN_POINT('',(818.199785441,438.971772575,184.25872545));
#6726=CARTESIAN_POINT('',(818.19978548,438.581456743,184.019903754));
#6727=CARTESIAN_POINT('',(818.199785494,438.402811522,183.873546883));
#6728=CARTESIAN_POINT('',(818.199785513,438.091861775,183.537849792));
#6729=CARTESIAN_POINT('',(818.199785518,437.959586589,183.348541247));
#6730=CARTESIAN_POINT('',(818.199785515,437.751294709,182.94111425));
#6731=CARTESIAN_POINT('',(818.199785509,437.67529767,182.723034243));
#6732=CARTESIAN_POINT('',(818.199785486,437.585265826,182.27439578));
#6733=CARTESIAN_POINT('',(818.199785469,437.571239516,182.043879656));
#6734=CARTESIAN_POINT('',(818.19978543,437.606211574,181.587635115));
#6735=CARTESIAN_POINT('',(818.199785406,437.655206642,181.361949749));
#6736=CARTESIAN_POINT('',(818.199785356,437.812563017,180.932274254));
#6737=CARTESIAN_POINT('',(818.199785329,437.920909476,180.728324669));
#6738=CARTESIAN_POINT('',(818.199785301,438.054886413,180.542863925));
#6739=CARTESIAN_POINT('',(818.093486516,440.081412432,184.50683112));
#6740=CARTESIAN_POINT('',(818.088466957,439.852621268,184.506830407));
#6741=CARTESIAN_POINT('',(818.084407687,439.623851693,184.475226579));
#6742=CARTESIAN_POINT('',(818.078512278,439.183407015,184.351168312));
#6743=CARTESIAN_POINT('',(818.076676693,438.971773471,184.258725578));
#6744=CARTESIAN_POINT('',(818.075366577,438.581458042,184.019903136));
#6745=CARTESIAN_POINT('',(818.075892168,438.402812984,183.873545962));
#6746=CARTESIAN_POINT('',(818.079265471,438.091863465,183.537848428));
#6747=CARTESIAN_POINT('',(818.082112865,437.959588342,183.348539742));
#6748=CARTESIAN_POINT('',(818.089916909,437.751296481,182.941112628));
#6749=CARTESIAN_POINT('',(818.094872823,437.675299396,182.723032642));
#6750=CARTESIAN_POINT('',(818.106523047,437.585267355,182.274394361));
#6751=CARTESIAN_POINT('',(818.113216258,437.571240895,182.043878396));
#6752=CARTESIAN_POINT('',(818.127840008,437.606212568,181.587634274));
#6753=CARTESIAN_POINT('',(818.135769166,437.655207402,181.361949166));
#6754=CARTESIAN_POINT('',(818.152271058,437.81256326,180.932274235));
#6755=CARTESIAN_POINT('',(818.160842234,437.920909436,180.728324956));
#6756=CARTESIAN_POINT('',(818.16941422,438.054886088,180.542864513));
#6757=CARTESIAN_POINT('',(817.98734768,440.082410893,184.501995174));
#6758=CARTESIAN_POINT('',(817.977316289,439.853905761,184.501535705));
#6759=CARTESIAN_POINT('',(817.969204027,439.625422144,184.469550326));
#6760=CARTESIAN_POINT('',(817.957422381,439.185510169,184.344909413));
#6761=CARTESIAN_POINT('',(817.953754109,438.974123233,184.252265616));
#6762=CARTESIAN_POINT('',(817.951136066,438.584226726,184.013229424));
#6763=CARTESIAN_POINT('',(817.952186541,438.405753868,183.866859536));
#6764=CARTESIAN_POINT('',(817.958928181,438.095047529,183.531314516));
#6765=CARTESIAN_POINT('',(817.96461871,437.962843304,183.342170977));
#6766=CARTESIAN_POINT('',(817.980215043,437.754576314,182.935224943));
#6767=CARTESIAN_POINT('',(817.990119375,437.67853316,182.717460765));
#6768=CARTESIAN_POINT('',(818.013402165,437.588289529,182.269564163));
#6769=CARTESIAN_POINT('',(818.026778425,437.57409755,182.039473912));
#6770=CARTESIAN_POINT('',(818.056003697,437.608630012,181.58414132));
#6771=CARTESIAN_POINT('',(818.07184995,437.657351203,181.358941852));
#6772=CARTESIAN_POINT('',(818.104828617,437.814075929,180.93024421));
#6773=CARTESIAN_POINT('',(818.12195792,437.922064708,180.726786401));
#6774=CARTESIAN_POINT('',(818.139088838,438.055659671,180.541794008));
#6775=CARTESIAN_POINT('',(817.820087857,440.08556163,184.48671516));
#6776=CARTESIAN_POINT('',(817.802366363,439.857946337,184.484831988));
#6777=CARTESIAN_POINT('',(817.78806067,439.630352336,184.451664957));
#6778=CARTESIAN_POINT('',(817.767342777,439.192097661,184.325224686));
#6779=CARTESIAN_POINT('',(817.760932516,438.981477983,184.231963275));
#6780=CARTESIAN_POINT('',(817.75648519,438.592884954,183.99227927));
#6781=CARTESIAN_POINT('',(817.75844854,438.414947952,183.845879096));
#6782=CARTESIAN_POINT('',(817.770603529,438.104998463,183.510827423));
#6783=CARTESIAN_POINT('',(817.78079403,437.973014968,183.322207265));
#6784=CARTESIAN_POINT('',(817.808644617,437.76482556,182.91677664));
#6785=CARTESIAN_POINT('',(817.826302095,437.688639122,182.700004097));
#6786=CARTESIAN_POINT('',(817.86777073,437.597736918,182.254432183));
#6787=CARTESIAN_POINT('',(817.891578006,437.583029656,182.025674491));
#6788=CARTESIAN_POINT('',(817.943571289,437.61619432,181.573192734));
#6789=CARTESIAN_POINT('',(817.97175243,437.664063145,181.349510993));
#6790=CARTESIAN_POINT('',(818.030391862,437.818821245,180.923866166));
#6791=CARTESIAN_POINT('',(818.060844664,437.925696045,180.721942895));
#6792=CARTESIAN_POINT('',(818.091300317,438.058100782,180.538411559));
#6793=CARTESIAN_POINT('',(817.758860493,440.087051238,184.479493287));
#6794=CARTESIAN_POINT('',(817.738367879,439.859854424,184.476941075));
#6795=CARTESIAN_POINT('',(817.721835907,439.632678782,184.443219112));
#6796=CARTESIAN_POINT('',(817.697918573,439.195203476,184.315934575));
#6797=CARTESIAN_POINT('',(817.690535441,438.984944604,184.222383869));
#6798=CARTESIAN_POINT('',(817.685467467,438.596964535,183.982397736));
#6799=CARTESIAN_POINT('',(817.687783098,438.419279514,183.835984687));
#6800=CARTESIAN_POINT('',(817.701941954,438.109685912,183.501167823));
#6801=CARTESIAN_POINT('',(817.713783857,437.977806198,183.312795229));
#6802=CARTESIAN_POINT('',(817.746114901,437.769653207,182.908080075));
#6803=CARTESIAN_POINT('',(817.766601024,437.693399341,182.691775254));
#6804=CARTESIAN_POINT('',(817.814696059,437.602187283,182.247299217));
#6805=CARTESIAN_POINT('',(817.842300484,437.587237597,182.019169448));
#6806=CARTESIAN_POINT('',(817.902577136,437.619758725,181.568030705));
#6807=CARTESIAN_POINT('',(817.935243739,437.667226507,181.345063798));
#6808=CARTESIAN_POINT('',(818.003212286,437.821059211,180.920856628));
#6809=CARTESIAN_POINT('',(818.038507889,437.927409791,180.719655921));
#6810=CARTESIAN_POINT('',(818.073806784,438.059254356,180.536812512));
#6811=CARTESIAN_POINT('',(817.636514171,440.090702854,184.461758466));
#6812=CARTESIAN_POINT('',(817.610620152,439.864521075,184.457586854));
#6813=CARTESIAN_POINT('',(817.589765995,439.638360214,184.422523992));
#6814=CARTESIAN_POINT('',(817.559677167,439.202775462,184.293204203));
#6815=CARTESIAN_POINT('',(817.550445281,438.993391879,184.198959245));
#6816=CARTESIAN_POINT('',(817.544288191,438.606898947,183.958256415));
#6817=CARTESIAN_POINT('',(817.547363557,438.429825363,183.811820819));
#6818=CARTESIAN_POINT('',(817.565595036,438.121095498,183.477591147));
#6819=CARTESIAN_POINT('',(817.580749461,437.989467786,183.289828002));
#6820=CARTESIAN_POINT('',(817.622016749,437.78140355,182.886865733));
#6821=CARTESIAN_POINT('',(817.648125791,437.704986281,182.6717039));
#6822=CARTESIAN_POINT('',(817.709366909,437.613022577,182.229902013));
#6823=CARTESIAN_POINT('',(817.744493315,437.597484653,182.003302843));
#6824=CARTESIAN_POINT('',(817.821164261,437.628443712,181.555435506));
#6825=CARTESIAN_POINT('',(817.862701704,437.674937831,181.334208783));
#6826=CARTESIAN_POINT('',(817.94911361,437.826523115,180.913500076));
#6827=CARTESIAN_POINT('',(817.993980074,437.931600255,180.714057023));
#6828=CARTESIAN_POINT('',(818.038850692,438.062083535,180.532886657));
#6829=CARTESIAN_POINT('',(817.575234323,440.092873997,184.451203967));
#6830=CARTESIAN_POINT('',(817.546703875,439.867290996,184.446078482));
#6831=CARTESIAN_POINT('',(817.523749019,439.641728767,184.410226766));
#6832=CARTESIAN_POINT('',(817.490681587,439.207259313,184.279711664));
#6833=CARTESIAN_POINT('',(817.480572058,438.998392109,184.185060302));
#6834=CARTESIAN_POINT('',(817.473946134,438.612776565,183.9439415));
#6835=CARTESIAN_POINT('',(817.477430349,438.436063747,183.797496272));
#6836=CARTESIAN_POINT('',(817.497736424,438.127843568,183.463620455));
#6837=CARTESIAN_POINT('',(817.514556413,437.996364599,183.276220622));
#6838=CARTESIAN_POINT('',(817.560291121,437.788352836,182.874299795));
#6839=CARTESIAN_POINT('',(817.589201625,437.711839204,182.659815825));
#6840=CARTESIAN_POINT('',(817.656979041,437.619432002,182.219598252));
#6841=CARTESIAN_POINT('',(817.695839706,437.603546945,181.993905201));
#6842=CARTESIAN_POINT('',(817.780642019,437.633583991,181.547973594));
#6843=CARTESIAN_POINT('',(817.826575851,437.679503328,181.327776116));
#6844=CARTESIAN_POINT('',(817.922124847,437.829761604,180.909136042));
#6845=CARTESIAN_POINT('',(817.971731205,437.934086701,180.710732008));
#6846=CARTESIAN_POINT('',(818.021342135,438.063765853,180.530550504));
#6847=CARTESIAN_POINT('',(817.273306797,440.105253653,184.390952937));
#6848=CARTESIAN_POINT('',(817.23222769,439.883034352,184.380484101));
#6849=CARTESIAN_POINT('',(817.199332347,439.660834984,184.340223375));
#6850=CARTESIAN_POINT('',(817.15230711,439.232630976,184.203048294));
#6851=CARTESIAN_POINT('',(817.138181457,439.02666476,184.10614626));
#6852=CARTESIAN_POINT('',(817.129733625,438.645978677,183.862760649));
#6853=CARTESIAN_POINT('',(817.135412207,438.471292969,183.716298918));
#6854=CARTESIAN_POINT('',(817.166160138,438.165937009,183.384487358));
#6855=CARTESIAN_POINT('',(817.19122671,438.035294157,183.199167306));
#6856=CARTESIAN_POINT('',(817.258917428,437.827577707,182.803172674));
#6857=CARTESIAN_POINT('',(817.301535465,437.750522749,182.592533626));
#6858=CARTESIAN_POINT('',(817.401209736,437.655622631,182.16128605));
#6859=CARTESIAN_POINT('',(817.458256976,437.637785991,181.940716213));
#6860=CARTESIAN_POINT('',(817.582612614,437.66263769,181.50571976));
#6861=CARTESIAN_POINT('',(817.64990979,437.705323806,181.291332168));
#6862=CARTESIAN_POINT('',(817.789836586,437.84811466,180.884363625));
#6863=CARTESIAN_POINT('',(817.862453579,437.948206594,180.691819182));
#6864=CARTESIAN_POINT('',(817.935077124,438.073357293,180.517213093));
#6865=CARTESIAN_POINT('',(817.043106217,440.120034998,184.318824673));
#6866=CARTESIAN_POINT('',(816.993946016,439.901696463,184.302227072));
#6867=CARTESIAN_POINT('',(816.954853701,439.683376894,184.256937047));
#6868=CARTESIAN_POINT('',(816.899609528,439.262402171,184.112222654));
#6869=CARTESIAN_POINT('',(816.88346249,439.059783609,184.0128109));
#6870=CARTESIAN_POINT('',(816.87527543,438.684787145,183.76700002));
#6871=CARTESIAN_POINT('',(816.883236112,438.512441841,183.620622282));
#6872=CARTESIAN_POINT('',(816.92269179,438.210394043,183.291402754));
#6873=CARTESIAN_POINT('',(816.954183325,438.08071781,183.10858959));
#6874=CARTESIAN_POINT('',(817.038430225,437.87334451,182.719642104));
#6875=CARTESIAN_POINT('',(817.091178212,437.79566548,182.513541586));
#6876=CARTESIAN_POINT('',(817.214133644,437.697885792,182.092836945));
#6877=CARTESIAN_POINT('',(817.284330327,437.677793651,181.878269375));
#6878=CARTESIAN_POINT('',(817.437119378,437.696647038,181.456057712));
#6879=CARTESIAN_POINT('',(817.519698374,437.735590949,181.248450294));
#6880=CARTESIAN_POINT('',(817.691294175,437.869730626,180.855086733));
#6881=CARTESIAN_POINT('',(817.780295963,437.964914756,180.669364753));
#6882=CARTESIAN_POINT('',(817.869305538,438.08480932,180.501246258));
#6883=CARTESIAN_POINT('',(816.713185846,440.148621972,184.177684018));
#6884=CARTESIAN_POINT('',(816.655528777,439.936993827,184.150801723));
#6885=CARTESIAN_POINT('',(816.610396715,439.72538303,184.097240109));
#6886=CARTESIAN_POINT('',(816.548322979,439.316912424,183.94048541));
#6887=CARTESIAN_POINT('',(816.531386403,439.120086123,183.837305194));
#6888=CARTESIAN_POINT('',(816.526891974,438.754939739,183.588516213));
#6889=CARTESIAN_POINT('',(816.539334489,438.586649611,183.442927863));
#6890=CARTESIAN_POINT('',(816.59273256,438.290339368,183.119489132));
#6891=CARTESIAN_POINT('',(816.633683728,438.162343561,182.941665286));
#6892=CARTESIAN_POINT('',(816.74123996,437.955572478,182.566175386));
#6893=CARTESIAN_POINT('',(816.807836187,437.876814166,182.368540133));
#6894=CARTESIAN_POINT('',(816.962029844,437.774029996,181.967232892));
#6895=CARTESIAN_POINT('',(817.049614606,437.750012574,181.763593821));
#6896=CARTESIAN_POINT('',(817.239664391,437.758398396,181.364505658));
#6897=CARTESIAN_POINT('',(817.3421138,437.790800958,181.1690893));
#6898=CARTESIAN_POINT('',(817.554731623,437.909773233,180.800100721));
#6899=CARTESIAN_POINT('',(817.664882569,437.996333193,180.626558763));
#6900=CARTESIAN_POINT('',(817.775042563,438.106957777,180.470002788));
#6901=CARTESIAN_POINT('',(816.605857995,440.159243266,184.125021516));
#6902=CARTESIAN_POINT('',(816.545969194,439.950003075,184.094527015));
#6903=CARTESIAN_POINT('',(816.499362332,439.74077966,184.038085855));
#6904=CARTESIAN_POINT('',(816.43591983,439.33675927,183.877195656));
#6905=CARTESIAN_POINT('',(816.419089283,439.141994717,183.772759539));
#6906=CARTESIAN_POINT('',(816.416367209,438.780355257,183.523091493));
#6907=CARTESIAN_POINT('',(816.430475896,438.613509372,183.377879606));
#6908=CARTESIAN_POINT('',(816.48866062,438.319243313,183.056690434));
#6909=CARTESIAN_POINT('',(816.532731978,438.191846756,182.880738925));
#6910=CARTESIAN_POINT('',(816.647798154,437.985291126,182.510226116));
#6911=CARTESIAN_POINT('',(816.718783723,437.906148632,182.315694546));
#6912=CARTESIAN_POINT('',(816.882772726,437.801579684,181.92146248));
#6913=CARTESIAN_POINT('',(816.975762982,437.776161626,181.721793614));
#6914=CARTESIAN_POINT('',(817.177333293,437.780808256,181.331084393));
#6915=CARTESIAN_POINT('',(817.28589715,437.810872577,181.140075384));
#6916=CARTESIAN_POINT('',(817.511108618,437.924416652,180.779886597));
#6917=CARTESIAN_POINT('',(817.627738131,438.007887303,180.610735715));
#6918=CARTESIAN_POINT('',(817.744377019,438.115186376,180.458345441));
#6919=CARTESIAN_POINT('',(816.400825678,440.182015938,184.011404409));
#6920=CARTESIAN_POINT('',(816.337694114,439.977621405,183.973728383));
#6921=CARTESIAN_POINT('',(816.289203108,439.773242511,183.91163309));
#6922=CARTESIAN_POINT('',(816.224762854,439.378253849,183.742780669));
#6923=CARTESIAN_POINT('',(816.208818544,439.187674331,183.636036484));
#6924=CARTESIAN_POINT('',(816.210553092,438.833155341,183.385089149));
#6925=CARTESIAN_POINT('',(816.228231814,438.669243021,183.240905225));
#6926=CARTESIAN_POINT('',(816.296022264,438.379130889,182.924809494));
#6927=CARTESIAN_POINT('',(816.34612879,438.252953298,182.752921899));
#6928=CARTESIAN_POINT('',(816.475393563,438.046837113,182.393021112));
#6929=CARTESIAN_POINT('',(816.554541894,437.966914308,182.205035483));
#6930=CARTESIAN_POINT('',(816.736546339,437.858712541,181.825628864));
#6931=CARTESIAN_POINT('',(816.839388494,437.830441871,181.634236925));
#6932=CARTESIAN_POINT('',(817.061835032,437.82746263,181.260939214));
#6933=CARTESIAN_POINT('',(817.181422356,437.852754294,181.079062023));
#6934=CARTESIAN_POINT('',(817.429281294,437.955201791,180.737074413));
#6935=CARTESIAN_POINT('',(817.557533898,438.032349785,180.576990175));
#6936=CARTESIAN_POINT('',(817.685796341,438.13283006,180.433194703));
#6937=CARTESIAN_POINT('',(816.302468131,440.194221688,183.950191214));
#6938=CARTESIAN_POINT('',(816.238305668,439.992297764,183.908925922));
#6939=CARTESIAN_POINT('',(816.189390526,439.790388895,183.844039853));
#6940=CARTESIAN_POINT('',(816.125302788,439.400005726,183.671336836));
#6941=CARTESIAN_POINT('',(816.110134978,439.211560585,183.563532799));
#6942=CARTESIAN_POINT('',(816.114557696,438.860673957,183.312178551));
#6943=CARTESIAN_POINT('',(816.134147889,438.698258679,183.16864712));
#6944=CARTESIAN_POINT('',(816.206783442,438.410267151,182.855405318));
#6945=CARTESIAN_POINT('',(816.259823367,438.284712413,182.685718343));
#6946=CARTESIAN_POINT('',(816.395823259,438.078821184,182.331477299));
#6947=CARTESIAN_POINT('',(816.478773053,437.998500077,182.146949684));
#6948=CARTESIAN_POINT('',(816.669061496,437.888440473,181.775329654));
#6949=CARTESIAN_POINT('',(816.776385912,437.858710204,181.588264988));
#6950=CARTESIAN_POINT('',(817.008265374,437.851824057,181.224043465));
#6951=CARTESIAN_POINT('',(817.132803078,437.874668701,181.046913803));
#6952=CARTESIAN_POINT('',(817.390801407,437.971418676,180.714373763));
#6953=CARTESIAN_POINT('',(817.524242738,438.045316789,180.558988213));
#6954=CARTESIAN_POINT('',(817.657694048,438.142286051,180.41964381));
#6955=CARTESIAN_POINT('',(816.019038491,440.233058615,183.754034968));
#6956=CARTESIAN_POINT('',(815.953336886,440.038558594,183.702284307));
#6957=CARTESIAN_POINT('',(815.904498512,439.844071937,183.629377099));
#6958=CARTESIAN_POINT('',(815.843665223,439.467529879,183.44591203));
#6959=CARTESIAN_POINT('',(815.831674494,439.285500404,183.335366848));
#6960=CARTESIAN_POINT('',(815.845306533,438.945535164,183.083709817));
#6961=CARTESIAN_POINT('',(815.870928338,438.787622811,182.94261532));
#6962=CARTESIAN_POINT('',(815.958141318,438.506012167,182.638896864));
#6963=CARTESIAN_POINT('',(816.019726442,438.382333277,182.476293821));
#6964=CARTESIAN_POINT('',(816.174913539,438.177119958,182.139970062));
#6965=CARTESIAN_POINT('',(816.268504763,438.095599676,181.966272488));
#6966=CARTESIAN_POINT('',(816.481696971,437.979936235,181.618879724));
#6967=CARTESIAN_POINT('',(816.601283196,437.945801065,181.445208424));
#6968=CARTESIAN_POINT('',(816.858789326,437.927107525,181.108985148));
#6969=CARTESIAN_POINT('',(816.99669141,437.942550476,180.946456284));
#6970=CARTESIAN_POINT('',(817.281976788,438.022038646,180.642920719));
#6971=CARTESIAN_POINT('',(817.429340343,438.086078431,180.501934874));
#6972=CARTESIAN_POINT('',(817.576714093,438.1723759,180.376221903));
#6973=CARTESIAN_POINT('',(815.844430027,440.262163075,183.605261002));
#6974=CARTESIAN_POINT('',(815.779803139,440.072653272,183.54687735));
#6975=CARTESIAN_POINT('',(815.732846504,439.883155752,183.469083582));
#6976=CARTESIAN_POINT('',(815.677178152,439.515920248,183.27950413));
#6977=CARTESIAN_POINT('',(815.668470026,439.338206087,183.167730779));
#6978=CARTESIAN_POINT('',(815.689838355,439.005590838,182.917144419));
#6979=CARTESIAN_POINT('',(815.71991339,438.850711332,182.778347679));
#6980=CARTESIAN_POINT('',(815.816973076,438.573401555,182.482343204));
#6981=CARTESIAN_POINT('',(815.883951385,438.450989283,182.325154665));
#6982=CARTESIAN_POINT('',(816.050645079,438.246233966,182.002135519));
#6983=CARTESIAN_POINT('',(816.150349597,438.163904221,181.836325842));
#6984=CARTESIAN_POINT('',(816.376285546,438.044444168,181.5063669));
#6985=CARTESIAN_POINT('',(816.50250226,438.007321634,181.342239002));
#6986=CARTESIAN_POINT('',(816.773601475,437.980597389,181.025840006));
#6987=CARTESIAN_POINT('',(816.918466325,437.990997443,180.873589388));
#6988=CARTESIAN_POINT('',(817.217839032,438.058686301,180.590402377));
#6989=CARTESIAN_POINT('',(817.372327402,438.115970751,180.459484303));
#6990=CARTESIAN_POINT('',(817.526825834,438.194926198,180.343289134));
#6991=CARTESIAN_POINT('',(815.534209426,440.323557799,183.285919476));
#6992=CARTESIAN_POINT('',(815.474511185,440.143386674,183.216322919));
#6993=CARTESIAN_POINT('',(815.433590685,439.963225852,183.130744699));
#6994=CARTESIAN_POINT('',(815.391683308,439.613411094,182.932617385));
#6995=CARTESIAN_POINT('',(815.390698808,439.443777181,182.820079668));
#6996=CARTESIAN_POINT('',(815.428718351,439.124930511,182.574612514));
#6997=CARTESIAN_POINT('',(815.467720183,438.975736009,182.441697144));
#6998=CARTESIAN_POINT('',(815.583427683,438.706490454,182.163240102));
#6999=CARTESIAN_POINT('',(815.660126681,438.586454825,182.017714365));
#7000=CARTESIAN_POINT('',(815.846738166,438.382548122,181.722534964));
#7001=CARTESIAN_POINT('',(815.956639914,438.298688739,181.572898173));
#7002=CARTESIAN_POINT('',(816.203223804,438.172044415,181.278232206));
#7003=CARTESIAN_POINT('',(816.339891767,438.12926675,181.133219858));
#7004=CARTESIAN_POINT('',(816.632008654,438.087297612,180.856266108));
#7005=CARTESIAN_POINT('',(816.787440788,438.088108574,180.72434051));
#7006=CARTESIAN_POINT('',(817.107988179,438.133283235,180.481258069));
#7007=CARTESIAN_POINT('',(817.273085015,438.177644387,180.370115088));
#7008=CARTESIAN_POINT('',(817.438191345,438.242493278,180.272598374));
#7009=CARTESIAN_POINT('',(815.397280669,440.355963339,183.114800231));
#7010=CARTESIAN_POINT('',(815.341401474,440.180179824,183.040558023));
#7011=CARTESIAN_POINT('',(815.304610971,440.004405727,182.952026241));
#7012=CARTESIAN_POINT('',(815.271272629,439.662778149,182.751378236));
#7013=CARTESIAN_POINT('',(815.274726547,439.496942978,182.639272784));
#7014=CARTESIAN_POINT('',(815.321677165,439.184572356,182.397816674));
#7015=CARTESIAN_POINT('',(815.365171313,439.03805365,182.268478958));
#7016=CARTESIAN_POINT('',(815.489737173,438.772604911,181.999867897));
#7017=CARTESIAN_POINT('',(815.570802171,438.653689111,181.860608932));
#7018=CARTESIAN_POINT('',(815.765918952,438.450176694,181.580022538));
#7019=CARTESIAN_POINT('',(815.879960238,438.365590999,181.438710115));
#7020=CARTESIAN_POINT('',(816.134573141,438.235530524,181.161997525));
#7021=CARTESIAN_POINT('',(816.27513107,438.190062737,181.026612145));
#7022=CARTESIAN_POINT('',(816.574820408,438.140820116,180.769397656));
#7023=CARTESIAN_POINT('',(816.733935714,438.13704795,180.647582282));
#7024=CARTESIAN_POINT('',(817.061732608,438.171422709,180.424383999));
#7025=CARTESIAN_POINT('',(817.230396586,438.209567826,180.323013));
#7026=CARTESIAN_POINT('',(817.399069626,438.267601,180.234718579));
#7027=CARTESIAN_POINT('',(815.217246297,440.406712549,182.84159097));
#7028=CARTESIAN_POINT('',(815.168260035,440.237073536,182.761974112));
#7029=CARTESIAN_POINT('',(815.138543904,440.06744274,182.670522814));
#7030=CARTESIAN_POINT('',(815.119241617,439.737282923,182.46885137));
#7031=CARTESIAN_POINT('',(815.12965639,439.576769899,182.358640998));
#7032=CARTESIAN_POINT('',(815.190057667,439.273474774,182.125374425));
#7033=CARTESIAN_POINT('',(815.240041237,439.130707367,182.002329524));
#7034=CARTESIAN_POINT('',(815.376894555,438.870579864,181.75000615));
#7035=CARTESIAN_POINT('',(815.463757664,438.753232372,181.620739896));
#7036=CARTESIAN_POINT('',(815.669701646,438.550255819,181.36292004));
#7037=CARTESIAN_POINT('',(815.788772531,438.464636596,181.23437892));
#7038=CARTESIAN_POINT('',(816.052731798,438.329723269,180.984916368));
#7039=CARTESIAN_POINT('',(816.197607381,438.280435707,180.864007012));
#7040=CARTESIAN_POINT('',(816.505387996,438.220840352,180.636304838));
#7041=CARTESIAN_POINT('',(816.668278107,438.210535454,180.52952304));
#7042=CARTESIAN_POINT('',(817.003330601,438.229465292,180.335813724));
#7043=CARTESIAN_POINT('',(817.17547674,438.258699121,180.248895577));
#7044=CARTESIAN_POINT('',(817.347631226,438.306920207,180.174239828));
#7045=CARTESIAN_POINT('',(815.161529377,440.423996822,182.747695195));
#7046=CARTESIAN_POINT('',(815.115040596,440.256334031,182.666552822));
#7047=CARTESIAN_POINT('',(815.087834143,440.088679078,182.574380925));
#7048=CARTESIAN_POINT('',(815.073415606,439.762207987,182.372830165));
#7049=CARTESIAN_POINT('',(815.086204189,439.603407115,182.26346073));
#7050=CARTESIAN_POINT('',(815.151101753,439.303032035,182.03328969));
#7051=CARTESIAN_POINT('',(815.203207689,439.161471874,181.912498847));
#7052=CARTESIAN_POINT('',(815.343989313,438.903056564,181.665862422));
#7053=CARTESIAN_POINT('',(815.432658407,438.786213502,181.540028368));
#7054=CARTESIAN_POINT('',(815.641884372,438.583406395,181.289948926));
#7055=CARTESIAN_POINT('',(815.762431449,438.497451838,181.165715225));
#7056=CARTESIAN_POINT('',(816.02904739,438.360965404,180.925395229));
#7057=CARTESIAN_POINT('',(816.175103776,438.310439914,180.809320162));
#7058=CARTESIAN_POINT('',(816.485024551,438.247484987,180.591445369));
#7059=CARTESIAN_POINT('',(816.648874437,438.2350585,180.489655821));
#7060=CARTESIAN_POINT('',(816.985728004,438.248963438,180.305725831));
#7061=CARTESIAN_POINT('',(817.158715924,438.275294219,180.22359398));
#7062=CARTESIAN_POINT('',(817.33171194,438.320311607,180.153454714));
#7063=CARTESIAN_POINT('',(815.060161691,440.458678562,182.557434766));
#7064=CARTESIAN_POINT('',(815.018864056,440.294773189,182.473807946));
#7065=CARTESIAN_POINT('',(814.996789961,440.130874952,182.380704897));
#7066=CARTESIAN_POINT('',(814.992207979,439.81141788,182.180276873));
#7067=CARTESIAN_POINT('',(815.009700283,439.655872956,182.072960628));
#7068=CARTESIAN_POINT('',(815.083360629,439.361051303,181.849574934));
#7069=CARTESIAN_POINT('',(815.139525456,439.221787413,181.733515212));
#7070=CARTESIAN_POINT('',(815.287669102,438.96662776,181.498556265));
#7071=CARTESIAN_POINT('',(815.379641462,438.850743109,181.379667267));
#7072=CARTESIAN_POINT('',(815.594713085,438.648251243,181.145107198));
#7073=CARTESIAN_POINT('',(815.717802974,438.561652848,181.029446332));
#7074=CARTESIAN_POINT('',(815.988836159,438.422151063,180.807235167));
#7075=CARTESIAN_POINT('',(816.136767645,438.369253752,180.700694532));
#7076=CARTESIAN_POINT('',(816.449943881,438.299854829,180.50215159));
#7077=CARTESIAN_POINT('',(816.615174987,438.283356246,180.410157917));
#7078=CARTESIAN_POINT('',(816.954527969,438.28760091,180.245395419));
#7079=CARTESIAN_POINT('',(817.128635061,438.308343981,180.172633757));
#7080=CARTESIAN_POINT('',(817.30274974,438.347182144,180.111337864));
#7081=CARTESIAN_POINT('',(815.014250507,440.476146314,182.460698702));
#7082=CARTESIAN_POINT('',(814.975655827,440.3140309,182.376104612));
#7083=CARTESIAN_POINT('',(814.956214069,440.151922289,182.282786136));
#7084=CARTESIAN_POINT('',(814.956604244,439.835806844,182.083357258));
#7085=CARTESIAN_POINT('',(814.976436152,439.681813289,181.977255233));
#7086=CARTESIAN_POINT('',(815.054381899,439.389637921,181.75756958));
#7087=CARTESIAN_POINT('',(815.112492455,439.251468382,181.643995177));
#7088=CARTESIAN_POINT('',(815.264087408,438.997859727,181.415048604));
#7089=CARTESIAN_POINT('',(815.357565429,438.882431265,181.299686045));
#7090=CARTESIAN_POINT('',(815.575216525,438.680085903,181.072936133));
#7091=CARTESIAN_POINT('',(815.699380451,438.593177505,180.961558296));
#7092=CARTESIAN_POINT('',(815.972188123,438.452226522,180.748351136));
#7093=CARTESIAN_POINT('',(816.120820405,438.398189862,180.646530759));
#7094=CARTESIAN_POINT('',(816.435124237,438.325691768,180.457533384));
#7095=CARTESIAN_POINT('',(816.60078258,438.307233384,180.370364314));
#7096=CARTESIAN_POINT('',(816.940845108,438.306820749,180.21503117));
#7097=CARTESIAN_POINT('',(817.115235004,438.324866523,180.14687361));
#7098=CARTESIAN_POINT('',(817.289632228,438.360715278,180.089923677));
#7099=CARTESIAN_POINT('',(814.890341855,440.528871418,182.165738868));
#7100=CARTESIAN_POINT('',(814.860028726,440.371888292,182.079022013));
#7101=CARTESIAN_POINT('',(814.848552115,440.214911049,181.985761384));
#7102=CARTESIAN_POINT('',(814.863804636,439.908377609,181.790557996));
#7103=CARTESIAN_POINT('',(814.890533165,439.758832913,181.688622564));
#7104=CARTESIAN_POINT('',(814.98092398,439.474246555,181.480894561));
#7105=CARTESIAN_POINT('',(815.044582844,439.339215573,181.375109772));
#7106=CARTESIAN_POINT('',(815.205813772,439.090052938,181.164686502));
#7107=CARTESIAN_POINT('',(815.303379757,438.97593064,181.060055892));
#7108=CARTESIAN_POINT('',(815.527799066,438.773993492,180.856886598));
#7109=CARTESIAN_POINT('',(815.654643942,438.686186231,180.758355503));
#7110=CARTESIAN_POINT('',(815.931609013,438.541043273,180.572039655));
#7111=CARTESIAN_POINT('',(816.08171879,438.483713041,180.484261853));
#7112=CARTESIAN_POINT('',(816.39810013,438.402247157,180.323596344));
#7113=CARTESIAN_POINT('',(816.564359799,438.378114585,180.25071462));
#7114=CARTESIAN_POINT('',(816.905162577,438.364196885,180.12327913));
#7115=CARTESIAN_POINT('',(817.079692878,438.374412307,180.068730099));
#7116=CARTESIAN_POINT('',(817.254229739,438.401565357,180.024630129));
#7117=CARTESIAN_POINT('',(814.826050463,440.564446623,181.962802013));
#7118=CARTESIAN_POINT('',(814.801482715,440.410569024,181.875706827));
#7119=CARTESIAN_POINT('',(814.795402127,440.256696786,181.78342148));
#7120=CARTESIAN_POINT('',(814.820483341,439.955962246,181.592668101));
#7121=CARTESIAN_POINT('',(814.851644245,439.809110421,181.494206707));
#7122=CARTESIAN_POINT('',(814.949781447,439.529117953,181.295589472));
#7123=CARTESIAN_POINT('',(815.016754304,439.395987066,181.195440533));
#7124=CARTESIAN_POINT('',(815.183455327,439.149512942,180.998010547));
#7125=CARTESIAN_POINT('',(815.283177667,439.036178296,180.900736353));
#7126=CARTESIAN_POINT('',(815.51082421,438.834471416,180.713484712));
#7127=CARTESIAN_POINT('',(815.638740467,438.746106218,180.623513757));
#7128=CARTESIAN_POINT('',(815.916935761,438.598375399,180.454962569));
#7129=CARTESIAN_POINT('',(816.067205093,438.539014938,180.376388171));
#7130=CARTESIAN_POINT('',(816.383248077,438.452009057,180.23420314));
#7131=CARTESIAN_POINT('',(816.549010708,438.424366683,180.170597421));
#7132=CARTESIAN_POINT('',(816.888475118,438.402066787,180.06123959));
#7133=CARTESIAN_POINT('',(817.062165062,438.407410062,180.01549125));
#7134=CARTESIAN_POINT('',(817.235861062,438.429128778,179.979707481));
#7135=CARTESIAN_POINT('',(814.757453732,440.618343697,181.648580612));
#7136=CARTESIAN_POINT('',(814.74139895,440.468748397,181.562317188));
#7137=CARTESIAN_POINT('',(814.743154083,440.319157756,181.472747285));
#7138=CARTESIAN_POINT('',(814.782206498,440.026419735,181.290846906));
#7139=CARTESIAN_POINT('',(814.819502557,439.883281475,181.198522095));
#7140=CARTESIAN_POINT('',(814.928028265,439.609622982,181.015093181));
#7141=CARTESIAN_POINT('',(814.999254527,439.479111275,180.923994787));
#7142=CARTESIAN_POINT('',(815.172568655,439.2363366,180.746946507));
#7143=CARTESIAN_POINT('',(815.274651116,439.124081196,180.66100213));
#7144=CARTESIAN_POINT('',(815.505274771,438.922662988,180.497966933));
#7145=CARTESIAN_POINT('',(815.633808775,438.833506461,180.420881184));
#7146=CARTESIAN_POINT('',(815.911791655,438.68213414,180.278885899));
#7147=CARTESIAN_POINT('',(816.061231868,438.619923065,180.213980779));
#7148=CARTESIAN_POINT('',(816.374581413,438.525128089,180.09914389));
#7149=CARTESIAN_POINT('',(816.53848098,438.492547147,180.049215689));
#7150=CARTESIAN_POINT('',(816.873679548,438.458421297,179.966483799));
#7151=CARTESIAN_POINT('',(817.044968103,438.45687746,179.933682678));
#7152=CARTESIAN_POINT('',(817.216261995,438.470886872,179.910150105));
#7153=CARTESIAN_POINT('',(814.739420045,440.636297196,181.542784446));
#7154=CARTESIAN_POINT('',(814.726170462,440.488057967,181.457031625));
#7155=CARTESIAN_POINT('',(814.730480417,440.339823184,181.36857209));
#7156=CARTESIAN_POINT('',(814.774035575,440.049617473,181.18997185));
#7157=CARTESIAN_POINT('',(814.813279466,439.907655247,181.099836498));
#7158=CARTESIAN_POINT('',(814.925042217,439.636002434,180.921697513));
#7159=CARTESIAN_POINT('',(814.997557721,439.506319993,180.833699217));
#7160=CARTESIAN_POINT('',(815.172795697,439.264715432,180.663556339));
#7161=CARTESIAN_POINT('',(815.275512911,439.152800559,180.581416853));
#7162=CARTESIAN_POINT('',(815.506808419,438.951468536,180.426465332));
#7163=CARTESIAN_POINT('',(815.635379775,438.862057425,180.353657937));
#7164=CARTESIAN_POINT('',(815.912943668,438.709518632,180.220449236));
#7165=CARTESIAN_POINT('',(816.061927879,438.646395526,180.160051917));
#7166=CARTESIAN_POINT('',(816.374013715,438.549106581,180.0542168));
#7167=CARTESIAN_POINT('',(816.537105979,438.514943662,180.008782167));
#7168=CARTESIAN_POINT('',(816.870506955,438.477023912,179.93479276));
#7169=CARTESIAN_POINT('',(817.040805669,438.473268221,179.906240195));
#7170=CARTESIAN_POINT('',(817.21110949,438.484796805,179.886730631));
#7171=CARTESIAN_POINT('',(814.713204921,440.671836213,181.331072336));
#7172=CARTESIAN_POINT('',(814.705395141,440.526161927,181.24675072));
#7173=CARTESIAN_POINT('',(814.714608601,440.380491686,181.160858615));
#7174=CARTESIAN_POINT('',(814.766705796,440.095075691,180.989421517));
#7175=CARTESIAN_POINT('',(814.809588078,439.955337862,180.903881282));
#7176=CARTESIAN_POINT('',(814.927276612,439.687478087,180.736630436));
#7177=CARTESIAN_POINT('',(815.002079592,439.55936358,180.654924464));
#7178=CARTESIAN_POINT('',(815.180563429,439.319968967,180.498667994));
#7179=CARTESIAN_POINT('',(815.284239326,439.20869551,180.424121828));
#7180=CARTESIAN_POINT('',(815.516247181,439.007516188,180.285218844));
#7181=CARTESIAN_POINT('',(815.644572694,438.917615911,180.220865874));
#7182=CARTESIAN_POINT('',(815.920654154,438.762846243,180.104967785));
#7183=CARTESIAN_POINT('',(816.068402434,438.697981153,180.053425873));
#7184=CARTESIAN_POINT('',(816.377312755,438.595926096,179.965246552));
#7185=CARTESIAN_POINT('',(816.538466217,438.558738966,179.928611581));
#7186=CARTESIAN_POINT('',(816.867624143,438.513557314,179.871735724));
#7187=CARTESIAN_POINT('',(817.035619467,438.505564051,179.851496409));
#7188=CARTESIAN_POINT('',(817.203619455,438.512331539,179.839865144));
#7189=CARTESIAN_POINT('',(814.704955486,440.689473624,181.224854335));
#7190=CARTESIAN_POINT('',(814.699788691,440.545012348,181.141454062));
#7191=CARTESIAN_POINT('',(814.711358552,440.400554932,181.057021587));
#7192=CARTESIAN_POINT('',(814.76750881,440.117404075,180.889455944));
#7193=CARTESIAN_POINT('',(814.812087702,439.9787182,180.806327251));
#7194=CARTESIAN_POINT('',(814.932475222,439.712651911,180.644689202));
#7195=CARTESIAN_POINT('',(815.008280631,439.585278607,180.566184161));
#7196=CARTESIAN_POINT('',(815.188093001,439.346927409,180.416928307));
#7197=CARTESIAN_POINT('',(815.292095156,439.235955886,180.346181476));
#7198=CARTESIAN_POINT('',(815.524146437,439.034843367,180.215266664));
#7199=CARTESIAN_POINT('',(815.652189361,438.944707747,180.155102175));
#7200=CARTESIAN_POINT('',(815.92720716,438.788870165,180.047753678));
#7201=CARTESIAN_POINT('',(816.074174685,438.723172369,180.000572531));
#7202=CARTESIAN_POINT('',(816.381170533,438.618837647,179.921073551));
#7203=CARTESIAN_POINT('',(816.541190652,438.580203511,179.888757834));
#7204=CARTESIAN_POINT('',(816.867898903,438.531542431,179.840278657));
#7205=CARTESIAN_POINT('',(817.034578303,438.52151679,179.824116483));
#7206=CARTESIAN_POINT('',(817.20126216,438.525996559,179.816352284));
#7207=CARTESIAN_POINT('',(814.700377987,440.713072367,181.081168774));
#7208=CARTESIAN_POINT('',(814.698642264,440.57016524,180.999258146));
#7209=CARTESIAN_POINT('',(814.713236886,440.427261742,180.917003852));
#7210=CARTESIAN_POINT('',(814.774519691,440.147012973,180.755002942));
#7211=CARTESIAN_POINT('',(814.821206317,440.009674819,180.675260441));
#7212=CARTESIAN_POINT('',(814.944856335,439.745905767,180.521388708));
#7213=CARTESIAN_POINT('',(815.021816588,439.619481568,180.447263383));
#7214=CARTESIAN_POINT('',(815.203017987,439.382464696,180.307512914));
#7215=CARTESIAN_POINT('',(815.307254533,439.271878043,180.241891318));
#7216=CARTESIAN_POINT('',(815.538950241,439.070844001,180.121704122));
#7217=CARTESIAN_POINT('',(815.666403519,438.980401719,180.067141573));
#7218=CARTESIAN_POINT('',(815.939570054,438.823179874,179.971197676));
#7219=CARTESIAN_POINT('',(816.085276373,438.756404304,179.929818762));
#7220=CARTESIAN_POINT('',(816.389275252,438.649117832,179.861853975));
#7221=CARTESIAN_POINT('',(816.547560091,438.608609656,179.835269826));
#7222=CARTESIAN_POINT('',(816.870552129,438.555437083,179.797930293));
#7223=CARTESIAN_POINT('',(817.035251124,438.542774038,179.787175855));
#7224=CARTESIAN_POINT('',(817.199954303,438.544280269,179.784545442));
#7225=CARTESIAN_POINT('',(814.699780115,440.719150285,181.044020295));
#7226=CARTESIAN_POINT('',(814.698918523,440.576637236,180.962516528));
#7227=CARTESIAN_POINT('',(814.71428058,440.434127758,180.880843562));
#7228=CARTESIAN_POINT('',(814.776859024,440.154614848,180.7203106));
#7229=CARTESIAN_POINT('',(814.824073844,440.017618421,180.641454626));
#7230=CARTESIAN_POINT('',(814.948532668,439.754431806,180.48960628));
#7231=CARTESIAN_POINT('',(815.025773554,439.628248215,180.416617713));
#7232=CARTESIAN_POINT('',(815.207297712,439.391569441,180.279327904));
#7233=CARTESIAN_POINT('',(815.311576437,439.281080189,180.215030103));
#7234=CARTESIAN_POINT('',(815.543143367,439.080065376,180.097609423));
#7235=CARTESIAN_POINT('',(815.670425771,438.989544851,180.044489485));
#7236=CARTESIAN_POINT('',(815.943077058,438.831970498,179.95147978));
#7237=CARTESIAN_POINT('',(816.08843911,438.764920619,179.911592342));
#7238=CARTESIAN_POINT('',(816.391627039,438.656882777,179.846591045));
#7239=CARTESIAN_POINT('',(816.54944532,438.615897522,179.821478813));
#7240=CARTESIAN_POINT('',(816.871440905,438.561575965,179.786999807));
#7241=CARTESIAN_POINT('',(817.035610141,438.548241025,179.777633896));
#7242=CARTESIAN_POINT('',(817.199783493,438.548989287,179.776322097));
#7243=CARTESIAN_POINT('',(814.699774292,440.725212108,181.006827712));
#7244=CARTESIAN_POINT('',(814.699774193,440.583086172,180.925752244));
#7245=CARTESIAN_POINT('',(814.715889373,440.44096375,180.844678795));
#7246=CARTESIAN_POINT('',(814.779732576,440.162173685,180.685643616));
#7247=CARTESIAN_POINT('',(814.827459021,440.025512935,180.607685819));
#7248=CARTESIAN_POINT('',(814.952692168,439.7628984,180.457878052));
#7249=CARTESIAN_POINT('',(815.030195774,439.636951108,180.386031788));
#7250=CARTESIAN_POINT('',(815.212006222,439.400604212,180.25120847));
#7251=CARTESIAN_POINT('',(815.316308568,439.290210452,180.188234751));
#7252=CARTESIAN_POINT('',(815.547709438,439.089213862,180.073577063));
#7253=CARTESIAN_POINT('',(815.67480224,438.998616,180.021895928));
#7254=CARTESIAN_POINT('',(815.946900919,438.840693895,179.931810081));
#7255=CARTESIAN_POINT('',(816.091900068,438.773373556,179.893407596));
#7256=CARTESIAN_POINT('',(816.39423995,438.664594798,179.831355514));
#7257=CARTESIAN_POINT('',(816.551573207,438.623139069,179.807707451));
#7258=CARTESIAN_POINT('',(816.872535532,438.567683976,179.776073729));
#7259=CARTESIAN_POINT('',(817.036156665,438.553685984,179.768088853));
#7260=CARTESIAN_POINT('',(817.199781845,438.553685835,179.76808899));
#7261=B_SPLINE_SURFACE_WITH_KNOTS('',3,3,((#6721,#6722,#6723,#6724,#6725,#6726,#6727,#6728,#6729,#6730,#6731,#6732,#6733,#6734,#6735,#6736,#6737,#6738),(#6739,#6740,#6741,#6742,#6743,#6744,#6745,#6746,#6747,#6748,#6749,#6750,#6751,#6752,#6753,#6754,#6755,#6756),(#6757,#6758,#6759,#6760,#6761,#6762,#6763,#6764,#6765,#6766,#6767,#6768,#6769,#6770,#6771,#6772,#6773,#6774),(#6775,#6776,#6777,#6778,#6779,#6780,#6781,#6782,#6783,#6784,#6785,#6786,#6787,#6788,#6789,#6790,#6791,#6792),(#6793,#6794,#6795,#6796,#6797,#6798,#6799,#6800,#6801,#6802,#6803,#6804,#6805,#6806,#6807,#6808,#6809,#6810),(#6811,#6812,#6813,#6814,#6815,#6816,#6817,#6818,#6819,#6820,#6821,#6822,#6823,#6824,#6825,#6826,#6827,#6828),(#6829,#6830,#6831,#6832,#6833,#6834,#6835,#6836,#6837,#6838,#6839,#6840,#6841,#6842,#6843,#6844,#6845,#6846),(#6847,#6848,#6849,#6850,#6851,#6852,#6853,#6854,#6855,#6856,#6857,#6858,#6859,#6860,#6861,#6862,#6863,#6864),(#6865,#6866,#6867,#6868,#6869,#6870,#6871,#6872,#6873,#6874,#6875,#6876,#6877,#6878,#6879,#6880,#6881,#6882),(#6883,#6884,#6885,#6886,#6887,#6888,#6889,#6890,#6891,#6892,#6893,#6894,#6895,#6896,#6897,#6898,#6899,#6900),(#6901,#6902,#6903,#6904,#6905,#6906,#6907,#6908,#6909,#6910,#6911,#6912,#6913,#6914,#6915,#6916,#6917,#6918),(#6919,#6920,#6921,#6922,#6923,#6924,#6925,#6926,#6927,#6928,#6929,#6930,#6931,#6932,#6933,#6934,#6935,#6936),(#6937,#6938,#6939,#6940,#6941,#6942,#6943,#6944,#6945,#6946,#6947,#6948,#6949,#6950,#6951,#6952,#6953,#6954),(#6955,#6956,#6957,#6958,#6959,#6960,#6961,#6962,#6963,#6964,#6965,#6966,#6967,#6968,#6969,#6970,#6971,#6972),(#6973,#6974,#6975,#6976,#6977,#6978,#6979,#6980,#6981,#6982,#6983,#6984,#6985,#6986,#6987,#6988,#6989,#6990),(#6991,#6992,#6993,#6994,#6995,#6996,#6997,#6998,#6999,#7000,#7001,#7002,#7003,#7004,#7005,#7006,#7007,#7008),(#7009,#7010,#7011,#7012,#7013,#7014,#7015,#7016,#7017,#7018,#7019,#7020,#7021,#7022,#7023,#7024,#7025,#7026),(#7027,#7028,#7029,#7030,#7031,#7032,#7033,#7034,#7035,#7036,#7037,#7038,#7039,#7040,#7041,#7042,#7043,#7044),(#7045,#7046,#7047,#7048,#7049,#7050,#7051,#7052,#7053,#7054,#7055,#7056,#7057,#7058,#7059,#7060,#7061,#7062),(#7063,#7064,#7065,#7066,#7067,#7068,#7069,#7070,#7071,#7072,#7073,#7074,#7075,#7076,#7077,#7078,#7079,#7080),(#7081,#7082,#7083,#7084,#7085,#7086,#7087,#7088,#7089,#7090,#7091,#7092,#7093,#7094,#7095,#7096,#7097,#7098),(#7099,#7100,#7101,#7102,#7103,#7104,#7105,#7106,#7107,#7108,#7109,#7110,#7111,#7112,#7113,#7114,#7115,#7116),(#7117,#7118,#7119,#7120,#7121,#7122,#7123,#7124,#7125,#7126,#7127,#7128,#7129,#7130,#7131,#7132,#7133,#7134),(#7135,#7136,#7137,#7138,#7139,#7140,#7141,#7142,#7143,#7144,#7145,#7146,#7147,#7148,#7149,#7150,#7151,#7152),(#7153,#7154,#7155,#7156,#7157,#7158,#7159,#7160,#7161,#7162,#7163,#7164,#7165,#7166,#7167,#7168,#7169,#7170),(#7171,#7172,#7173,#7174,#7175,#7176,#7177,#7178,#7179,#7180,#7181,#7182,#7183,#7184,#7185,#7186,#7187,#7188),
(#7189,#7190,#7191,#7192,#7193,#7194,#7195,#7196,#7197,#7198,#7199,#7200,#7201,#7202,#7203,#7204,#7205,#7206),(#7207,#7208,#7209,#7210,#7211,#7212,#7213,#7214,#7215,#7216,#7217,#7218,#7219,#7220,#7221,#7222,#7223,#7224),(#7225,#7226,#7227,#7228,#7229,#7230,#7231,#7232,#7233,#7234,#7235,#7236,#7237,#7238,#7239,#7240,#7241,#7242),(#7243,#7244,#7245,#7246,#7247,#7248,#7249,#7250,#7251,#7252,#7253,#7254,#7255,#7256,#7257,#7258,#7259,#7260)),.UNSPECIFIED.,.F.,.F.,.U.,(4,2,2,2,2,2,2,2,2,2,2,2,2,2,4),(4,2,2,2,2,2,2,2,4),(0.001697232,0.001788187,0.001840781,0.001893374,0.002103749,0.002208937,0.002314124,0.002524499,0.002734874,0.002840062,0.002945249,0.003155624,0.003260812,0.003365999,0.003402618),(0.,0.125,0.25,0.375,0.5,0.625,0.75,0.875,1.),.UNSPECIFIED.);
#7262=CARTESIAN_POINT('',(817.199785301,438.553685831,179.768088987));
#7263=VERTEX_POINT('',#7262);
#7264=CARTESIAN_POINT('',(817.199785301,440.7252121,181.006827725));
#7265=DIRECTION('',(-0.,-0.495495495,0.868610508));
#7266=DIRECTION('',(0.,0.868610508,0.495495495));
#7267=AXIS2_PLACEMENT_3D('',#7264,#7265,#7266);
#7268=CIRCLE('',#7267,2.5);
#7269=EDGE_CURVE('',#6590,#7263,#7268,.T.);
#7270=ORIENTED_EDGE('',*,*,#7269,.T.);
#7271=CARTESIAN_POINT('',(818.199785454,438.054889084,180.54286019));
#7272=CARTESIAN_POINT('',(818.128604152,438.054889073,180.542860211));
#7273=CARTESIAN_POINT('',(818.056788623,438.059225434,180.536872613));
#7274=CARTESIAN_POINT('',(817.987392925,438.067622509,180.525186518));
#7275=CARTESIAN_POINT('',(817.917997226,438.076019584,180.513500422));
#7276=CARTESIAN_POINT('',(817.851885015,438.088239292,180.4964424));
#7277=CARTESIAN_POINT('',(817.788772615,438.103839165,180.474396548));
#7278=CARTESIAN_POINT('',(817.662547816,438.135038913,180.430304845));
#7279=CARTESIAN_POINT('',(817.553930567,438.178544091,180.367894333));
#7280=CARTESIAN_POINT('',(817.466668903,438.227391348,180.295016515));
#7281=CARTESIAN_POINT('',(817.292145575,438.325085863,180.149260878));
#7282=CARTESIAN_POINT('',(817.199784818,438.444325204,179.959799689));
#7283=CARTESIAN_POINT('',(817.199784816,438.553685827,179.768088992));
#7284=B_SPLINE_CURVE_WITH_KNOTS('',3,(#7271,#7272,#7273,#7274,#7275,#7276,#7277,#7278,#7279,#7280,#7281,#7282,#7283),.UNSPECIFIED.,.F.,.F.,(4,3,3,3,4),(0.001697232,0.001910405,0.002123579,0.002549925,0.003402618),.UNSPECIFIED.);
#7285=EDGE_CURVE('',#6631,#7263,#7284,.T.);
#7286=ORIENTED_EDGE('',*,*,#7285,.F.);
#7287=ORIENTED_EDGE('',*,*,#6637,.F.);
#7288=ORIENTED_EDGE('',*,*,#6617,.F.);
#7289=EDGE_LOOP('',(#7270,#7286,#7287,#7288));
#7290=FACE_BOUND('',#7289,.T.);
#7291=ADVANCED_FACE('',(#7290),#7261,.T.);
#7292=CARTESIAN_POINT('',(817.199785301,431.083635465,175.506827725));
#7293=DIRECTION('',(-1.,0.,-0.));
#7294=DIRECTION('',(-0.,-0.,1.));
#7295=AXIS2_PLACEMENT_3D('',#7292,#7293,#7294);
#7296=TOROIDAL_SURFACE('',#7295,11.1,2.5);
#7297=CARTESIAN_POINT('',(814.699785301,431.083635465,175.506827725));
#7298=DIRECTION('',(1.,-0.,0.));
#7299=DIRECTION('',(-0.,-0.,1.));
#7300=AXIS2_PLACEMENT_3D('',#7297,#7298,#7299);
#7301=CIRCLE('',#7300,11.1);
#7302=EDGE_CURVE('',#193,#6590,#7301,.T.);
#7303=ORIENTED_EDGE('',*,*,#7302,.F.);
#7304=ORIENTED_EDGE('',*,*,#253,.F.);
#7305=CARTESIAN_POINT('',(817.199785301,439.538733381,173.934784715));
#7306=VERTEX_POINT('',#7305);
#7307=CARTESIAN_POINT('',(815.577523477,440.226939026,174.506827725));
#7308=CARTESIAN_POINT('',(815.698748191,440.122936502,174.506827725));
#7309=CARTESIAN_POINT('',(815.82527284,440.031780331,174.484719898));
#7310=CARTESIAN_POINT('',(815.957375133,439.951498434,174.450358984));
#7311=CARTESIAN_POINT('',(816.089477427,439.871216537,174.41599807));
#7312=CARTESIAN_POINT('',(816.22540198,439.803096168,174.369262726));
#7313=CARTESIAN_POINT('',(816.361883042,439.746799369,174.316205692));
#7314=CARTESIAN_POINT('',(816.634845166,439.63420577,174.210091625));
#7315=CARTESIAN_POINT('',(816.917049272,439.565032526,174.076232398));
#7316=CARTESIAN_POINT('',(817.199785301,439.538733381,173.934784715));
#7317=B_SPLINE_CURVE_WITH_KNOTS('',3,(#7307,#7308,#7309,#7310,#7311,#7312,#7313,#7314,#7315,#7316),.UNSPECIFIED.,.F.,.F.,(4,3,3,4),(0.,0.000472471,0.000944942,0.001889884),.UNSPECIFIED.);
#7318=EDGE_CURVE('',#235,#7306,#7317,.T.);
#7319=ORIENTED_EDGE('',*,*,#7318,.T.);
#7320=CARTESIAN_POINT('',(817.199785301,431.083635465,175.506827725));
#7321=DIRECTION('',(-1.,0.,-0.));
#7322=DIRECTION('',(-0.,-0.,1.));
#7323=AXIS2_PLACEMENT_3D('',#7320,#7321,#7322);
#7324=CIRCLE('',#7323,8.6);
#7325=EDGE_CURVE('',#7263,#7306,#7324,.T.);
#7326=ORIENTED_EDGE('',*,*,#7325,.F.);
#7327=ORIENTED_EDGE('',*,*,#7269,.F.);
#7328=EDGE_LOOP('',(#7303,#7304,#7319,#7326,#7327));
#7329=FACE_BOUND('',#7328,.T.);
#7330=ADVANCED_FACE('',(#7329),#7296,.T.);
#7331=CARTESIAN_POINT('',(814.699785301,442.766783639,174.506827725));
#7332=DIRECTION('',(-1.,0.,-0.));
#7333=DIRECTION('',(-0.,-0.,1.));
#7334=AXIS2_PLACEMENT_3D('',#7331,#7332,#7333);
#7335=PLANE('',#7334);
#7336=CARTESIAN_POINT('',(814.699785301,466.649336104,176.506827725));
#7337=VERTEX_POINT('',#7336);
#7338=CARTESIAN_POINT('',(814.699785301,442.507083823,174.506827725));
#7339=DIRECTION('',(0.,0.996586137,0.0825595));
#7340=VECTOR('',#7339,24.224952946);
#7341=LINE('',#7338,#7340);
#7342=EDGE_CURVE('',#191,#7337,#7341,.T.);
#7343=ORIENTED_EDGE('',*,*,#7342,.F.);
#7344=ORIENTED_EDGE('',*,*,#198,.T.);
#7345=ORIENTED_EDGE('',*,*,#7302,.T.);
#7346=ORIENTED_EDGE('',*,*,#6595,.T.);
#7347=ORIENTED_EDGE('',*,*,#165,.T.);
#7348=CARTESIAN_POINT('',(814.699785301,466.730410842,176.506827725));
#7349=DIRECTION('',(-0.,-1.,-0.));
#7350=VECTOR('',#7349,0.081074737);
#7351=LINE('',#7348,#7350);
#7352=EDGE_CURVE('',#151,#7337,#7351,.T.);
#7353=ORIENTED_EDGE('',*,*,#7352,.T.);
#7354=EDGE_LOOP('',(#7343,#7344,#7345,#7346,#7347,#7353));
#7355=FACE_BOUND('',#7354,.T.);
#7356=ADVANCED_FACE('',(#7355),#7335,.T.);
#7357=OVER_RIDING_STYLED_ITEM('',(#183),#7356,#54);
#7358=CARTESIAN_POINT('',(821.999785301,509.972590283,58.406827725));
#7359=DIRECTION('',(-1.,0.,-0.));
#7360=DIRECTION('',(-0.,-1.,-0.));
#7361=AXIS2_PLACEMENT_3D('',#7358,#7359,#7360);
#7362=PLANE('',#7361);
#7363=CARTESIAN_POINT('',(821.999785301,438.534865869,171.206827725));
#7364=VERTEX_POINT('',#7363);
#7365=CARTESIAN_POINT('',(821.999785301,425.583623324,171.206827725));
#7366=VERTEX_POINT('',#7365);
#7367=CARTESIAN_POINT('',(821.999785301,438.534865869,171.206827725));
#7368=DIRECTION('',(-0.,-1.,-0.));
#7369=VECTOR('',#7368,12.951242545);
#7370=LINE('',#7367,#7369);
#7371=EDGE_CURVE('',#7364,#7366,#7370,.T.);
#7372=ORIENTED_EDGE('',*,*,#7371,.T.);
#7373=CARTESIAN_POINT('',(821.999785301,425.583623324,171.206827725));
#7374=DIRECTION('',(-0.,-0.,1.));
#7375=VECTOR('',#7374,12.6);
#7376=LINE('',#7373,#7375);
#7377=EDGE_CURVE('',#7366,#6702,#7376,.T.);
#7378=ORIENTED_EDGE('',*,*,#7377,.T.);
#7379=ORIENTED_EDGE('',*,*,#6707,.T.);
#7380=CARTESIAN_POINT('',(821.999785301,427.683635465,175.506827725));
#7381=VERTEX_POINT('',#7380);
#7382=CARTESIAN_POINT('',(821.999785301,427.683635465,183.806827725));
#7383=DIRECTION('',(0.,0.,-1.));
#7384=VECTOR('',#7383,8.3);
#7385=LINE('',#7382,#7384);
#7386=EDGE_CURVE('',#6496,#7381,#7385,.T.);
#7387=ORIENTED_EDGE('',*,*,#7386,.T.);
#7388=CARTESIAN_POINT('',(821.999785301,434.483635465,175.506827725));
#7389=VERTEX_POINT('',#7388);
#7390=CARTESIAN_POINT('',(821.999785301,431.083635465,175.506827725));
#7391=DIRECTION('',(1.,-0.,0.));
#7392=DIRECTION('',(-0.,-0.,1.));
#7393=AXIS2_PLACEMENT_3D('',#7390,#7391,#7392);
#7394=CIRCLE('',#7393,3.4);
#7395=EDGE_CURVE('',#7381,#7389,#7394,.T.);
#7396=ORIENTED_EDGE('',*,*,#7395,.T.);
#7397=CARTESIAN_POINT('',(821.999785301,434.483635465,175.506827725));
#7398=DIRECTION('',(-0.,-0.,1.));
#7399=VECTOR('',#7398,8.3);
#7400=LINE('',#7397,#7399);
#7401=EDGE_CURVE('',#7389,#6522,#7400,.T.);
#7402=ORIENTED_EDGE('',*,*,#7401,.T.);
#7403=ORIENTED_EDGE('',*,*,#6689,.T.);
#7404=ORIENTED_EDGE('',*,*,#6654,.T.);
#7405=CARTESIAN_POINT('',(821.999785301,438.558536187,171.254080473));
#7406=VERTEX_POINT('',#7405);
#7407=CARTESIAN_POINT('',(821.999785301,431.083635465,175.506827725));
#7408=DIRECTION('',(-1.,0.,-0.));
#7409=DIRECTION('',(-0.,-0.,1.));
#7410=AXIS2_PLACEMENT_3D('',#7407,#7408,#7409);
#7411=CIRCLE('',#7410,8.6);
#7412=EDGE_CURVE('',#6640,#7406,#7411,.T.);
#7413=ORIENTED_EDGE('',*,*,#7412,.T.);
#7414=CARTESIAN_POINT('',(821.999785301,438.993123438,171.006827725));
#7415=DIRECTION('',(1.,-0.,0.));
#7416=DIRECTION('',(-0.,-0.,1.));
#7417=AXIS2_PLACEMENT_3D('',#7414,#7415,#7416);
#7418=CIRCLE('',#7417,0.5);
#7419=EDGE_CURVE('',#7406,#7364,#7418,.T.);
#7420=ORIENTED_EDGE('',*,*,#7419,.T.);
#7421=EDGE_LOOP('',(#7372,#7378,#7379,#7387,#7396,#7402,#7403,#7404,#7413,#7420));
#7422=FACE_BOUND('',#7421,.T.);
#7423=ADVANCED_FACE('',(#7422),#7362,.T.);
#7424=CARTESIAN_POINT('',(808.199785301,424.883623324,180.506827725));
#7425=DIRECTION('',(0.,1.,0.));
#7426=DIRECTION('',(1.,-0.,-0.));
#7427=AXIS2_PLACEMENT_3D('',#7424,#7425,#7426);
#7428=PLANE('',#7427);
#7429=ORIENTED_EDGE('',*,*,#6559,.T.);
#7430=CARTESIAN_POINT('',(822.699785301,424.883623324,183.806827725));
#7431=DIRECTION('',(0.,0.,-1.));
#7432=VECTOR('',#7431,13.3);
#7433=LINE('',#7430,#7432);
#7434=EDGE_CURVE('',#6547,#3444,#7433,.T.);
#7435=ORIENTED_EDGE('',*,*,#7434,.T.);
#7436=ORIENTED_EDGE('',*,*,#3451,.T.);
#7437=ORIENTED_EDGE('',*,*,#6366,.F.);
#7438=EDGE_LOOP('',(#7429,#7435,#7436,#7437));
#7439=FACE_BOUND('',#7438,.T.);
#7440=ADVANCED_FACE('',(#7439),#7428,.F.);
#7441=OVER_RIDING_STYLED_ITEM('',(#183),#7440,#54);
#7442=CARTESIAN_POINT('',(822.699785301,427.683635465,58.406827725));
#7443=DIRECTION('',(0.,0.,-1.));
#7444=DIRECTION('',(-1.,0.,-0.));
#7445=AXIS2_PLACEMENT_3D('',#7442,#7443,#7444);
#7446=CYLINDRICAL_SURFACE('',#7445,0.7);
#7447=CARTESIAN_POINT('',(822.699785301,428.383635465,175.506827725));
#7448=VERTEX_POINT('',#7447);
#7449=CARTESIAN_POINT('',(822.699785301,428.383635465,175.506827725));
#7450=DIRECTION('',(-0.,-0.,1.));
#7451=VECTOR('',#7450,8.3);
#7452=LINE('',#7449,#7451);
#7453=EDGE_CURVE('',#7448,#6446,#7452,.T.);
#7454=ORIENTED_EDGE('',*,*,#7453,.F.);
#7455=CARTESIAN_POINT('',(822.699785301,427.683635465,175.506827725));
#7456=DIRECTION('',(0.,0.,-1.));
#7457=DIRECTION('',(-1.,0.,0.));
#7458=AXIS2_PLACEMENT_3D('',#7455,#7456,#7457);
#7459=CIRCLE('',#7458,0.7);
#7460=EDGE_CURVE('',#7381,#7448,#7459,.T.);
#7461=ORIENTED_EDGE('',*,*,#7460,.F.);
#7462=ORIENTED_EDGE('',*,*,#7386,.F.);
#7463=ORIENTED_EDGE('',*,*,#6510,.T.);
#7464=EDGE_LOOP('',(#7454,#7461,#7462,#7463));
#7465=FACE_BOUND('',#7464,.T.);
#7466=ADVANCED_FACE('',(#7465),#7446,.T.);
#7467=CARTESIAN_POINT('',(786.699785301,428.383635465,179.956827725));
#7468=DIRECTION('',(0.,1.,0.));
#7469=DIRECTION('',(1.,-0.,-0.));
#7470=AXIS2_PLACEMENT_3D('',#7467,#7468,#7469);
#7471=PLANE('',#7470);
#7472=CARTESIAN_POINT('',(829.699785301,428.383635465,175.506827725));
#7473=VERTEX_POINT('',#7472);
#7474=CARTESIAN_POINT('',(829.699785301,428.383635465,175.506827725));
#7475=DIRECTION('',(-0.,-0.,1.));
#7476=VECTOR('',#7475,8.3);
#7477=LINE('',#7474,#7476);
#7478=EDGE_CURVE('',#7473,#6413,#7477,.T.);
#7479=ORIENTED_EDGE('',*,*,#7478,.F.);
#7480=CARTESIAN_POINT('',(822.699785301,428.383635465,175.506827725));
#7481=DIRECTION('',(1.,-0.,0.));
#7482=VECTOR('',#7481,7.);
#7483=LINE('',#7480,#7482);
#7484=EDGE_CURVE('',#7448,#7473,#7483,.T.);
#7485=ORIENTED_EDGE('',*,*,#7484,.F.);
#7486=ORIENTED_EDGE('',*,*,#7453,.T.);
#7487=ORIENTED_EDGE('',*,*,#6460,.T.);
#7488=EDGE_LOOP('',(#7479,#7485,#7486,#7487));
#7489=FACE_BOUND('',#7488,.T.);
#7490=ADVANCED_FACE('',(#7489),#7471,.T.);
#7491=CARTESIAN_POINT('',(822.699785301,434.483635465,58.406827725));
#7492=DIRECTION('',(-0.,-0.,1.));
#7493=DIRECTION('',(1.,-0.,0.));
#7494=AXIS2_PLACEMENT_3D('',#7491,#7492,#7493);
#7495=CYLINDRICAL_SURFACE('',#7494,0.7);
#7496=ORIENTED_EDGE('',*,*,#7401,.F.);
#7497=CARTESIAN_POINT('',(822.699785301,433.783635465,175.506827725));
#7498=VERTEX_POINT('',#7497);
#7499=CARTESIAN_POINT('',(822.699785301,434.483635465,175.506827725));
#7500=DIRECTION('',(-0.,-0.,1.));
#7501=DIRECTION('',(1.,-0.,0.));
#7502=AXIS2_PLACEMENT_3D('',#7499,#7500,#7501);
#7503=CIRCLE('',#7502,0.7);
#7504=EDGE_CURVE('',#7389,#7498,#7503,.T.);
#7505=ORIENTED_EDGE('',*,*,#7504,.T.);
#7506=CARTESIAN_POINT('',(822.699785301,433.783635465,183.806827725));
#7507=DIRECTION('',(0.,0.,-1.));
#7508=VECTOR('',#7507,8.3);
#7509=LINE('',#7506,#7508);
#7510=EDGE_CURVE('',#6473,#7498,#7509,.T.);
#7511=ORIENTED_EDGE('',*,*,#7510,.F.);
#7512=ORIENTED_EDGE('',*,*,#6535,.T.);
#7513=EDGE_LOOP('',(#7496,#7505,#7511,#7512));
#7514=FACE_BOUND('',#7513,.T.);
#7515=ADVANCED_FACE('',(#7514),#7495,.T.);
#7516=CARTESIAN_POINT('',(786.699785301,433.783635465,179.956827725));
#7517=DIRECTION('',(-0.,-1.,-0.));
#7518=DIRECTION('',(-1.,0.,0.));
#7519=AXIS2_PLACEMENT_3D('',#7516,#7517,#7518);
#7520=PLANE('',#7519);
#7521=ORIENTED_EDGE('',*,*,#7510,.T.);
#7522=CARTESIAN_POINT('',(829.699785301,433.783635465,175.506827725));
#7523=VERTEX_POINT('',#7522);
#7524=CARTESIAN_POINT('',(822.699785301,433.783635465,175.506827725));
#7525=DIRECTION('',(1.,-0.,0.));
#7526=VECTOR('',#7525,7.);
#7527=LINE('',#7524,#7526);
#7528=EDGE_CURVE('',#7498,#7523,#7527,.T.);
#7529=ORIENTED_EDGE('',*,*,#7528,.T.);
#7530=CARTESIAN_POINT('',(829.699785301,433.783635465,183.806827725));
#7531=DIRECTION('',(0.,0.,-1.));
#7532=VECTOR('',#7531,8.3);
#7533=LINE('',#7530,#7532);
#7534=EDGE_CURVE('',#6423,#7523,#7533,.T.);
#7535=ORIENTED_EDGE('',*,*,#7534,.F.);
#7536=ORIENTED_EDGE('',*,*,#6485,.T.);
#7537=EDGE_LOOP('',(#7521,#7529,#7535,#7536));
#7538=FACE_BOUND('',#7537,.T.);
#7539=ADVANCED_FACE('',(#7538),#7520,.T.);
#7540=CARTESIAN_POINT('',(829.699785301,509.972590283,58.406827725));
#7541=DIRECTION('',(-1.,0.,-0.));
#7542=DIRECTION('',(-0.,-1.,-0.));
#7543=AXIS2_PLACEMENT_3D('',#7540,#7541,#7542);
#7544=PLANE('',#7543);
#7545=ORIENTED_EDGE('',*,*,#7534,.T.);
#7546=CARTESIAN_POINT('',(829.699785301,431.083635465,172.806827725));
#7547=VERTEX_POINT('',#7546);
#7548=CARTESIAN_POINT('',(829.699785301,431.083635465,175.506827725));
#7549=DIRECTION('',(-1.,0.,-0.));
#7550=DIRECTION('',(-0.,-0.,1.));
#7551=AXIS2_PLACEMENT_3D('',#7548,#7549,#7550);
#7552=CIRCLE('',#7551,2.7);
#7553=EDGE_CURVE('',#7523,#7547,#7552,.T.);
#7554=ORIENTED_EDGE('',*,*,#7553,.T.);
#7555=CARTESIAN_POINT('',(829.699785301,431.083635465,175.506827725));
#7556=DIRECTION('',(-1.,0.,-0.));
#7557=DIRECTION('',(-0.,-0.,1.));
#7558=AXIS2_PLACEMENT_3D('',#7555,#7556,#7557);
#7559=CIRCLE('',#7558,2.7);
#7560=EDGE_CURVE('',#7547,#7473,#7559,.T.);
#7561=ORIENTED_EDGE('',*,*,#7560,.T.);
#7562=ORIENTED_EDGE('',*,*,#7478,.T.);
#7563=ORIENTED_EDGE('',*,*,#6435,.T.);
#7564=EDGE_LOOP('',(#7545,#7554,#7561,#7562,#7563));
#7565=FACE_BOUND('',#7564,.T.);
#7566=ADVANCED_FACE('',(#7565),#7544,.T.);
#7567=CARTESIAN_POINT('',(821.699785301,431.083635465,175.506827725));
#7568=DIRECTION('',(-1.,0.,-0.));
#7569=DIRECTION('',(-0.,-0.,1.));
#7570=AXIS2_PLACEMENT_3D('',#7567,#7568,#7569);
#7571=CYLINDRICAL_SURFACE('',#7570,8.6);
#7572=ORIENTED_EDGE('',*,*,#7325,.T.);
#7573=CARTESIAN_POINT('',(799.199785301,439.538733381,173.934784715));
#7574=VERTEX_POINT('',#7573);
#7575=CARTESIAN_POINT('',(817.199785301,439.538733381,173.934784715));
#7576=DIRECTION('',(-1.,0.,-0.));
#7577=VECTOR('',#7576,18.);
#7578=LINE('',#7575,#7577);
#7579=EDGE_CURVE('',#7306,#7574,#7578,.T.);
#7580=ORIENTED_EDGE('',*,*,#7579,.T.);
#7581=CARTESIAN_POINT('',(799.199785301,438.553685831,179.768088987));
#7582=VERTEX_POINT('',#7581);
#7583=CARTESIAN_POINT('',(799.199785301,431.083635465,175.506827725));
#7584=DIRECTION('',(1.,-0.,0.));
#7585=DIRECTION('',(-0.,-0.,1.));
#7586=AXIS2_PLACEMENT_3D('',#7583,#7584,#7585);
#7587=CIRCLE('',#7586,8.6);
#7588=EDGE_CURVE('',#7574,#7582,#7587,.T.);
#7589=ORIENTED_EDGE('',*,*,#7588,.T.);
#7590=CARTESIAN_POINT('',(798.199785301,438.054886504,180.542863762));
#7591=VERTEX_POINT('',#7590);
#7592=CARTESIAN_POINT('',(799.199785608,438.55368582,179.768089005));
#7593=CARTESIAN_POINT('',(799.199785597,438.443760558,179.960789518));
#7594=CARTESIAN_POINT('',(799.10765355,438.325168829,180.149143435));
#7595=CARTESIAN_POINT('',(798.932729211,438.227295335,180.295159759));
#7596=CARTESIAN_POINT('',(798.888998126,438.202826961,180.33166384));
#7597=CARTESIAN_POINT('',(798.840514732,438.179968289,180.365161866));
#7598=CARTESIAN_POINT('',(798.786689004,438.159082183,180.395391292));
#7599=CARTESIAN_POINT('',(798.732863276,438.138196076,180.425620718));
#7600=CARTESIAN_POINT('',(798.673571477,438.11936604,180.452453363));
#7601=CARTESIAN_POINT('',(798.611027911,438.103896821,180.474315068));
#7602=CARTESIAN_POINT('',(798.548484344,438.088427602,180.496176773));
#7603=CARTESIAN_POINT('',(798.481076631,438.075941143,180.513609858));
#7604=CARTESIAN_POINT('',(798.411710519,438.067566783,180.52526407));
#7605=CARTESIAN_POINT('',(798.342344406,438.059192424,180.536918282));
#7606=CARTESIAN_POINT('',(798.271722244,438.0548871,180.542862943));
#7607=CARTESIAN_POINT('',(798.199785115,438.054887114,180.542862917));
#7608=B_SPLINE_CURVE_WITH_KNOTS('',3,(#7592,#7593,#7594,#7595,#7596,#7597,#7598,#7599,#7600,#7601,#7602,#7603,#7604,#7605,#7606,#7607),.UNSPECIFIED.,.F.,.F.,(4,3,3,3,3,4),(0.004124835,0.0049812,0.005195292,0.005409383,0.005623475,0.005837566),.UNSPECIFIED.);
#7609=EDGE_CURVE('',#7582,#7591,#7608,.T.);
#7610=ORIENTED_EDGE('',*,*,#7609,.T.);
#7611=CARTESIAN_POINT('',(794.399785301,438.054886504,180.542863762));
#7612=VERTEX_POINT('',#7611);
#7613=CARTESIAN_POINT('',(798.199785301,438.054886504,180.542863762));
#7614=DIRECTION('',(-1.,0.,-0.));
#7615=VECTOR('',#7614,3.8);
#7616=LINE('',#7613,#7615);
#7617=EDGE_CURVE('',#7591,#7612,#7616,.T.);
#7618=ORIENTED_EDGE('',*,*,#7617,.T.);
#7619=CARTESIAN_POINT('',(794.399785301,438.558536187,171.254080473));
#7620=VERTEX_POINT('',#7619);
#7621=CARTESIAN_POINT('',(794.399785301,431.083635465,175.506827725));
#7622=DIRECTION('',(-1.,0.,-0.));
#7623=DIRECTION('',(-0.,-0.,1.));
#7624=AXIS2_PLACEMENT_3D('',#7621,#7622,#7623);
#7625=CIRCLE('',#7624,8.6);
#7626=EDGE_CURVE('',#7612,#7620,#7625,.T.);
#7627=ORIENTED_EDGE('',*,*,#7626,.T.);
#7628=CARTESIAN_POINT('',(794.399785301,438.558536187,171.254080473));
#7629=DIRECTION('',(1.,-0.,0.));
#7630=VECTOR('',#7629,27.6);
#7631=LINE('',#7628,#7630);
#7632=EDGE_CURVE('',#7620,#7406,#7631,.T.);
#7633=ORIENTED_EDGE('',*,*,#7632,.T.);
#7634=ORIENTED_EDGE('',*,*,#7412,.F.);
#7635=ORIENTED_EDGE('',*,*,#6645,.T.);
#7636=ORIENTED_EDGE('',*,*,#7285,.T.);
#7637=EDGE_LOOP('',(#7572,#7580,#7589,#7610,#7618,#7627,#7633,#7634,#7635,#7636));
#7638=FACE_BOUND('',#7637,.T.);
#7639=ADVANCED_FACE('',(#7638),#7571,.F.);
#7640=CARTESIAN_POINT('',(786.699785301,431.083635465,175.506827725));
#7641=DIRECTION('',(1.,-0.,0.));
#7642=DIRECTION('',(0.,0.,-1.));
#7643=AXIS2_PLACEMENT_3D('',#7640,#7641,#7642);
#7644=CYLINDRICAL_SURFACE('',#7643,2.7);
#7645=CARTESIAN_POINT('',(793.699785301,431.083635465,172.806827725));
#7646=VERTEX_POINT('',#7645);
#7647=CARTESIAN_POINT('',(786.699785301,431.083635465,172.806827725));
#7648=VERTEX_POINT('',#7647);
#7649=CARTESIAN_POINT('',(793.699785301,431.083635465,172.806827725));
#7650=DIRECTION('',(-1.,0.,-0.));
#7651=VECTOR('',#7650,7.);
#7652=LINE('',#7649,#7651);
#7653=EDGE_CURVE('',#7646,#7648,#7652,.T.);
#7654=ORIENTED_EDGE('',*,*,#7653,.F.);
#7655=CARTESIAN_POINT('',(793.699785301,433.783635465,175.506827725));
#7656=VERTEX_POINT('',#7655);
#7657=CARTESIAN_POINT('',(793.699785301,431.083635465,175.506827725));
#7658=DIRECTION('',(1.,-0.,0.));
#7659=DIRECTION('',(-0.,-0.,1.));
#7660=AXIS2_PLACEMENT_3D('',#7657,#7658,#7659);
#7661=CIRCLE('',#7660,2.7);
#7662=EDGE_CURVE('',#7646,#7656,#7661,.T.);
#7663=ORIENTED_EDGE('',*,*,#7662,.T.);
#7664=CARTESIAN_POINT('',(786.699785301,433.783635465,175.506827725));
#7665=VERTEX_POINT('',#7664);
#7666=CARTESIAN_POINT('',(786.699785301,433.783635465,175.506827725));
#7667=DIRECTION('',(1.,-0.,0.));
#7668=VECTOR('',#7667,7.);
#7669=LINE('',#7666,#7668);
#7670=EDGE_CURVE('',#7665,#7656,#7669,.T.);
#7671=ORIENTED_EDGE('',*,*,#7670,.F.);
#7672=CARTESIAN_POINT('',(786.699785301,431.083635465,175.506827725));
#7673=DIRECTION('',(-1.,0.,-0.));
#7674=DIRECTION('',(-0.,-0.,1.));
#7675=AXIS2_PLACEMENT_3D('',#7672,#7673,#7674);
#7676=CIRCLE('',#7675,2.7);
#7677=EDGE_CURVE('',#7665,#7648,#7676,.T.);
#7678=ORIENTED_EDGE('',*,*,#7677,.T.);
#7679=EDGE_LOOP('',(#7654,#7663,#7671,#7678));
#7680=FACE_BOUND('',#7679,.T.);
#7681=ADVANCED_FACE('',(#7680),#7644,.F.);
#7682=CARTESIAN_POINT('',(793.699785301,431.083635465,175.506827725));
#7683=DIRECTION('',(-1.,0.,-0.));
#7684=DIRECTION('',(-0.,-0.,1.));
#7685=AXIS2_PLACEMENT_3D('',#7682,#7683,#7684);
#7686=TOROIDAL_SURFACE('',#7685,3.4,0.7);
#7687=CARTESIAN_POINT('',(793.699785301,428.383635465,175.506827725));
#7688=VERTEX_POINT('',#7687);
#7689=CARTESIAN_POINT('',(794.399785301,427.683635465,175.506827725));
#7690=VERTEX_POINT('',#7689);
#7691=CARTESIAN_POINT('',(793.699785301,427.683635465,175.506827725));
#7692=DIRECTION('',(0.,0.,-1.));
#7693=DIRECTION('',(-1.,0.,0.));
#7694=AXIS2_PLACEMENT_3D('',#7691,#7692,#7693);
#7695=CIRCLE('',#7694,0.7);
#7696=EDGE_CURVE('',#7688,#7690,#7695,.T.);
#7697=ORIENTED_EDGE('',*,*,#7696,.T.);
#7698=CARTESIAN_POINT('',(794.399785301,434.483635465,175.506827725));
#7699=VERTEX_POINT('',#7698);
#7700=CARTESIAN_POINT('',(794.399785301,431.083635465,175.506827725));
#7701=DIRECTION('',(-1.,0.,-0.));
#7702=DIRECTION('',(-0.,-0.,1.));
#7703=AXIS2_PLACEMENT_3D('',#7700,#7701,#7702);
#7704=CIRCLE('',#7703,3.4);
#7705=EDGE_CURVE('',#7699,#7690,#7704,.T.);
#7706=ORIENTED_EDGE('',*,*,#7705,.F.);
#7707=CARTESIAN_POINT('',(793.699785301,434.483635465,175.506827725));
#7708=DIRECTION('',(-0.,-0.,1.));
#7709=DIRECTION('',(1.,-0.,0.));
#7710=AXIS2_PLACEMENT_3D('',#7707,#7708,#7709);
#7711=CIRCLE('',#7710,0.7);
#7712=EDGE_CURVE('',#7656,#7699,#7711,.T.);
#7713=ORIENTED_EDGE('',*,*,#7712,.F.);
#7714=ORIENTED_EDGE('',*,*,#7662,.F.);
#7715=CARTESIAN_POINT('',(793.699785301,431.083635465,175.506827725));
#7716=DIRECTION('',(1.,-0.,0.));
#7717=DIRECTION('',(-0.,-0.,1.));
#7718=AXIS2_PLACEMENT_3D('',#7715,#7716,#7717);
#7719=CIRCLE('',#7718,2.7);
#7720=EDGE_CURVE('',#7688,#7646,#7719,.T.);
#7721=ORIENTED_EDGE('',*,*,#7720,.F.);
#7722=EDGE_LOOP('',(#7697,#7706,#7713,#7714,#7721));
#7723=FACE_BOUND('',#7722,.T.);
#7724=ADVANCED_FACE('',(#7723),#7686,.T.);
#7725=CARTESIAN_POINT('',(786.699785301,431.083635465,175.506827725));
#7726=DIRECTION('',(1.,-0.,0.));
#7727=DIRECTION('',(0.,0.,-1.));
#7728=AXIS2_PLACEMENT_3D('',#7725,#7726,#7727);
#7729=CYLINDRICAL_SURFACE('',#7728,2.7);
#7730=CARTESIAN_POINT('',(822.699785301,431.083635465,172.806827725));
#7731=VERTEX_POINT('',#7730);
#7732=CARTESIAN_POINT('',(829.699785301,431.083635465,172.806827725));
#7733=DIRECTION('',(-1.,0.,-0.));
#7734=VECTOR('',#7733,7.);
#7735=LINE('',#7732,#7734);
#7736=EDGE_CURVE('',#7547,#7731,#7735,.T.);
#7737=ORIENTED_EDGE('',*,*,#7736,.F.);
#7738=ORIENTED_EDGE('',*,*,#7553,.F.);
#7739=ORIENTED_EDGE('',*,*,#7528,.F.);
#7740=CARTESIAN_POINT('',(822.699785301,431.083635465,175.506827725));
#7741=DIRECTION('',(-1.,0.,-0.));
#7742=DIRECTION('',(-0.,-0.,1.));
#7743=AXIS2_PLACEMENT_3D('',#7740,#7741,#7742);
#7744=CIRCLE('',#7743,2.7);
#7745=EDGE_CURVE('',#7498,#7731,#7744,.T.);
#7746=ORIENTED_EDGE('',*,*,#7745,.T.);
#7747=EDGE_LOOP('',(#7737,#7738,#7739,#7746));
#7748=FACE_BOUND('',#7747,.T.);
#7749=ADVANCED_FACE('',(#7748),#7729,.F.);
#7750=CARTESIAN_POINT('',(822.699785301,431.083635465,175.506827725));
#7751=DIRECTION('',(-1.,0.,-0.));
#7752=DIRECTION('',(-0.,-0.,1.));
#7753=AXIS2_PLACEMENT_3D('',#7750,#7751,#7752);
#7754=TOROIDAL_SURFACE('',#7753,3.4,0.7);
#7755=ORIENTED_EDGE('',*,*,#7460,.T.);
#7756=CARTESIAN_POINT('',(822.699785301,431.083635465,175.506827725));
#7757=DIRECTION('',(-1.,0.,-0.));
#7758=DIRECTION('',(-0.,-0.,1.));
#7759=AXIS2_PLACEMENT_3D('',#7756,#7757,#7758);
#7760=CIRCLE('',#7759,2.7);
#7761=EDGE_CURVE('',#7731,#7448,#7760,.T.);
#7762=ORIENTED_EDGE('',*,*,#7761,.F.);
#7763=ORIENTED_EDGE('',*,*,#7745,.F.);
#7764=ORIENTED_EDGE('',*,*,#7504,.F.);
#7765=ORIENTED_EDGE('',*,*,#7395,.F.);
#7766=EDGE_LOOP('',(#7755,#7762,#7763,#7764,#7765));
#7767=FACE_BOUND('',#7766,.T.);
#7768=ADVANCED_FACE('',(#7767),#7754,.T.);
#7769=CARTESIAN_POINT('',(821.699785301,438.993123438,171.006827725));
#7770=DIRECTION('',(-1.,0.,-0.));
#7771=DIRECTION('',(-0.,-0.,1.));
#7772=AXIS2_PLACEMENT_3D('',#7769,#7770,#7771);
#7773=CYLINDRICAL_SURFACE('',#7772,0.5);
#7774=ORIENTED_EDGE('',*,*,#3467,.F.);
#7775=CARTESIAN_POINT('',(822.699785301,438.993123438,170.506827725));
#7776=CARTESIAN_POINT('',(822.619563647,438.925322297,170.506827725));
#7777=CARTESIAN_POINT('',(822.540187426,438.858206494,170.520272824));
#7778=CARTESIAN_POINT('',(822.462443897,438.793761561,170.548292185));
#7779=CARTESIAN_POINT('',(822.384700368,438.729316627,170.576311547));
#7780=CARTESIAN_POINT('',(822.310195966,438.668745398,170.618173122));
#7781=CARTESIAN_POINT('',(822.241369651,438.616626113,170.677814406));
#7782=CARTESIAN_POINT('',(822.206956494,438.590566471,170.707635049));
#7783=CARTESIAN_POINT('',(822.17477075,438.567261466,170.741301302));
#7784=CARTESIAN_POINT('',(822.145161442,438.547660413,170.779753523));
#7785=CARTESIAN_POINT('',(822.115552134,438.528059361,170.818205745));
#7786=CARTESIAN_POINT('',(822.088761655,438.512369745,170.861397501));
#7787=CARTESIAN_POINT('',(822.066705746,438.502958077,170.908146832));
#7788=CARTESIAN_POINT('',(822.044649837,438.49354641,170.954896163));
#7789=CARTESIAN_POINT('',(822.027466005,438.490484335,171.004991865));
#7790=CARTESIAN_POINT('',(822.016180757,438.495568311,171.056212897));
#7791=CARTESIAN_POINT('',(822.004895508,438.500652287,171.107433929));
#7792=CARTESIAN_POINT('',(821.999785301,438.513682029,171.158289451));
#7793=CARTESIAN_POINT('',(821.999785301,438.534865869,171.206827725));
#7794=B_SPLINE_CURVE_WITH_KNOTS('',3,(#7775,#7776,#7777,#7778,#7779,#7780,#7781,#7782,#7783,#7784,#7785,#7786,#7787,#7788,#7789,#7790,#7791,#7792,#7793),.UNSPECIFIED.,.F.,.F.,(4,3,3,3,3,3,4),(0.,0.000313164,0.000626327,0.000782909,0.000939491,0.001096073,0.001252654),.UNSPECIFIED.);
#7795=EDGE_CURVE('',#3454,#7364,#7794,.T.);
#7796=ORIENTED_EDGE('',*,*,#7795,.T.);
#7797=ORIENTED_EDGE('',*,*,#7419,.F.);
#7798=ORIENTED_EDGE('',*,*,#7632,.F.);
#7799=CARTESIAN_POINT('',(794.399785301,438.534865869,171.206827725));
#7800=VERTEX_POINT('',#7799);
#7801=CARTESIAN_POINT('',(794.399785301,438.993123438,171.006827725));
#7802=DIRECTION('',(-1.,0.,-0.));
#7803=DIRECTION('',(-0.,-0.,1.));
#7804=AXIS2_PLACEMENT_3D('',#7801,#7802,#7803);
#7805=CIRCLE('',#7804,0.5);
#7806=EDGE_CURVE('',#7800,#7620,#7805,.T.);
#7807=ORIENTED_EDGE('',*,*,#7806,.F.);
#7808=CARTESIAN_POINT('',(794.399785301,438.534865869,171.206827725));
#7809=CARTESIAN_POINT('',(794.399785301,438.513682029,171.158289451));
#7810=CARTESIAN_POINT('',(794.394675094,438.500652287,171.107433929));
#7811=CARTESIAN_POINT('',(794.383389846,438.495568311,171.056212897));
#7812=CARTESIAN_POINT('',(794.372104598,438.490484335,171.004991865));
#7813=CARTESIAN_POINT('',(794.354920766,438.49354641,170.954896163));
#7814=CARTESIAN_POINT('',(794.332864857,438.502958077,170.908146832));
#7815=CARTESIAN_POINT('',(794.310808948,438.512369745,170.861397501));
#7816=CARTESIAN_POINT('',(794.284018469,438.528059361,170.818205745));
#7817=CARTESIAN_POINT('',(794.254409161,438.547660413,170.779753523));
#7818=CARTESIAN_POINT('',(794.224799853,438.567261466,170.741301302));
#7819=CARTESIAN_POINT('',(794.192614109,438.590566471,170.707635049));
#7820=CARTESIAN_POINT('',(794.158200951,438.616626113,170.677814406));
#7821=CARTESIAN_POINT('',(794.089374637,438.668745398,170.618173122));
#7822=CARTESIAN_POINT('',(794.014870234,438.729316627,170.576311547));
#7823=CARTESIAN_POINT('',(793.937126706,438.793761561,170.548292185));
#7824=CARTESIAN_POINT('',(793.859383177,438.858206494,170.520272824));
#7825=CARTESIAN_POINT('',(793.780008293,438.925323879,170.506827725));
#7826=CARTESIAN_POINT('',(793.699785301,438.993123438,170.506827725));
#7827=B_SPLINE_CURVE_WITH_KNOTS('',3,(#7808,#7809,#7810,#7811,#7812,#7813,#7814,#7815,#7816,#7817,#7818,#7819,#7820,#7821,#7822,#7823,#7824,#7825,#7826),.UNSPECIFIED.,.F.,.F.,(4,3,3,3,3,3,4),(0.,0.000156582,0.000313164,0.000469745,0.000626327,0.000939491,0.001252654),.UNSPECIFIED.);
#7828=EDGE_CURVE('',#7800,#3462,#7827,.T.);
#7829=ORIENTED_EDGE('',*,*,#7828,.T.);
#7830=EDGE_LOOP('',(#7774,#7796,#7797,#7798,#7807,#7829));
#7831=FACE_BOUND('',#7830,.T.);
#7832=ADVANCED_FACE('',(#7831),#7773,.T.);
#7833=CARTESIAN_POINT('',(821.699785301,440.226939026,173.806827725));
#7834=DIRECTION('',(-1.,0.,-0.));
#7835=DIRECTION('',(-0.,-0.,1.));
#7836=AXIS2_PLACEMENT_3D('',#7833,#7834,#7835);
#7837=CYLINDRICAL_SURFACE('',#7836,0.7);
#7838=ORIENTED_EDGE('',*,*,#7579,.F.);
#7839=ORIENTED_EDGE('',*,*,#7318,.F.);
#7840=ORIENTED_EDGE('',*,*,#240,.F.);
#7841=CARTESIAN_POINT('',(799.199785301,439.538733381,173.934784715));
#7842=CARTESIAN_POINT('',(799.482522992,439.565031929,174.076229187));
#7843=CARTESIAN_POINT('',(799.764725437,439.63420577,174.210091625));
#7844=CARTESIAN_POINT('',(800.037687561,439.746799369,174.316205692));
#7845=CARTESIAN_POINT('',(800.174168623,439.803096168,174.369262726));
#7846=CARTESIAN_POINT('',(800.310093176,439.871216537,174.41599807));
#7847=CARTESIAN_POINT('',(800.442195469,439.951498434,174.450358984));
#7848=CARTESIAN_POINT('',(800.574297763,440.031780331,174.484719898));
#7849=CARTESIAN_POINT('',(800.700822412,440.122936502,174.506827725));
#7850=CARTESIAN_POINT('',(800.822047126,440.226939026,174.506827725));
#7851=B_SPLINE_CURVE_WITH_KNOTS('',3,(#7841,#7842,#7843,#7844,#7845,#7846,#7847,#7848,#7849,#7850),.UNSPECIFIED.,.F.,.F.,(4,3,3,4),(0.,0.000944942,0.001417413,0.001889884),.UNSPECIFIED.);
#7852=EDGE_CURVE('',#7574,#217,#7851,.T.);
#7853=ORIENTED_EDGE('',*,*,#7852,.F.);
#7854=EDGE_LOOP('',(#7838,#7839,#7840,#7853));
#7855=FACE_BOUND('',#7854,.T.);
#7856=ADVANCED_FACE('',(#7855),#7837,.T.);
#7857=CARTESIAN_POINT('',(793.699785301,427.683635465,179.956827725));
#7858=DIRECTION('',(-0.,-0.,1.));
#7859=DIRECTION('',(1.,-0.,0.));
#7860=AXIS2_PLACEMENT_3D('',#7857,#7858,#7859);
#7861=CYLINDRICAL_SURFACE('',#7860,0.7);
#7862=CARTESIAN_POINT('',(793.699785301,428.383635465,183.806827725));
#7863=VERTEX_POINT('',#7862);
#7864=CARTESIAN_POINT('',(793.699785301,428.383635465,183.806827725));
#7865=DIRECTION('',(0.,0.,-1.));
#7866=VECTOR('',#7865,8.3);
#7867=LINE('',#7864,#7866);
#7868=EDGE_CURVE('',#7863,#7688,#7867,.T.);
#7869=ORIENTED_EDGE('',*,*,#7868,.F.);
#7870=CARTESIAN_POINT('',(794.399785301,427.683635465,183.806827725));
#7871=VERTEX_POINT('',#7870);
#7872=CARTESIAN_POINT('',(793.699785301,427.683635465,183.806827725));
#7873=DIRECTION('',(0.,0.,-1.));
#7874=DIRECTION('',(1.,-0.,0.));
#7875=AXIS2_PLACEMENT_3D('',#7872,#7873,#7874);
#7876=CIRCLE('',#7875,0.7);
#7877=EDGE_CURVE('',#7863,#7871,#7876,.T.);
#7878=ORIENTED_EDGE('',*,*,#7877,.T.);
#7879=CARTESIAN_POINT('',(794.399785301,427.683635465,175.506827725));
#7880=DIRECTION('',(-0.,-0.,1.));
#7881=VECTOR('',#7880,8.3);
#7882=LINE('',#7879,#7881);
#7883=EDGE_CURVE('',#7690,#7871,#7882,.T.);
#7884=ORIENTED_EDGE('',*,*,#7883,.F.);
#7885=ORIENTED_EDGE('',*,*,#7696,.F.);
#7886=EDGE_LOOP('',(#7869,#7878,#7884,#7885));
#7887=FACE_BOUND('',#7886,.T.);
#7888=ADVANCED_FACE('',(#7887),#7861,.T.);
#7889=CARTESIAN_POINT('',(786.699785301,428.383635465,179.956827725));
#7890=DIRECTION('',(0.,1.,0.));
#7891=DIRECTION('',(1.,-0.,-0.));
#7892=AXIS2_PLACEMENT_3D('',#7889,#7890,#7891);
#7893=PLANE('',#7892);
#7894=CARTESIAN_POINT('',(786.699785301,428.383635465,175.506827725));
#7895=VERTEX_POINT('',#7894);
#7896=CARTESIAN_POINT('',(786.699785301,428.383635465,183.806827725));
#7897=VERTEX_POINT('',#7896);
#7898=CARTESIAN_POINT('',(786.699785301,428.383635465,175.506827725));
#7899=DIRECTION('',(-0.,-0.,1.));
#7900=VECTOR('',#7899,8.3);
#7901=LINE('',#7898,#7900);
#7902=EDGE_CURVE('',#7895,#7897,#7901,.T.);
#7903=ORIENTED_EDGE('',*,*,#7902,.T.);
#7904=CARTESIAN_POINT('',(786.699785301,428.383635465,183.806827725));
#7905=DIRECTION('',(1.,-0.,0.));
#7906=VECTOR('',#7905,7.);
#7907=LINE('',#7904,#7906);
#7908=EDGE_CURVE('',#7897,#7863,#7907,.T.);
#7909=ORIENTED_EDGE('',*,*,#7908,.T.);
#7910=ORIENTED_EDGE('',*,*,#7868,.T.);
#7911=CARTESIAN_POINT('',(786.699785301,428.383635465,175.506827725));
#7912=DIRECTION('',(1.,-0.,0.));
#7913=VECTOR('',#7912,7.);
#7914=LINE('',#7911,#7913);
#7915=EDGE_CURVE('',#7895,#7688,#7914,.T.);
#7916=ORIENTED_EDGE('',*,*,#7915,.F.);
#7917=EDGE_LOOP('',(#7903,#7909,#7910,#7916));
#7918=FACE_BOUND('',#7917,.T.);
#7919=ADVANCED_FACE('',(#7918),#7893,.T.);
#7920=CARTESIAN_POINT('',(793.699785301,434.483635465,179.956827725));
#7921=DIRECTION('',(0.,0.,-1.));
#7922=DIRECTION('',(-1.,0.,-0.));
#7923=AXIS2_PLACEMENT_3D('',#7920,#7921,#7922);
#7924=CYLINDRICAL_SURFACE('',#7923,0.7);
#7925=CARTESIAN_POINT('',(794.399785301,434.483635465,183.806827725));
#7926=VERTEX_POINT('',#7925);
#7927=CARTESIAN_POINT('',(794.399785301,434.483635465,183.806827725));
#7928=DIRECTION('',(0.,0.,-1.));
#7929=VECTOR('',#7928,8.3);
#7930=LINE('',#7927,#7929);
#7931=EDGE_CURVE('',#7926,#7699,#7930,.T.);
#7932=ORIENTED_EDGE('',*,*,#7931,.F.);
#7933=CARTESIAN_POINT('',(793.699785301,433.783635465,183.806827725));
#7934=VERTEX_POINT('',#7933);
#7935=CARTESIAN_POINT('',(793.699785301,434.483635465,183.806827725));
#7936=DIRECTION('',(0.,0.,-1.));
#7937=DIRECTION('',(-1.,0.,-0.));
#7938=AXIS2_PLACEMENT_3D('',#7935,#7936,#7937);
#7939=CIRCLE('',#7938,0.7);
#7940=EDGE_CURVE('',#7926,#7934,#7939,.T.);
#7941=ORIENTED_EDGE('',*,*,#7940,.T.);
#7942=CARTESIAN_POINT('',(793.699785301,433.783635465,175.506827725));
#7943=DIRECTION('',(-0.,-0.,1.));
#7944=VECTOR('',#7943,8.3);
#7945=LINE('',#7942,#7944);
#7946=EDGE_CURVE('',#7656,#7934,#7945,.T.);
#7947=ORIENTED_EDGE('',*,*,#7946,.F.);
#7948=ORIENTED_EDGE('',*,*,#7712,.T.);
#7949=EDGE_LOOP('',(#7932,#7941,#7947,#7948));
#7950=FACE_BOUND('',#7949,.T.);
#7951=ADVANCED_FACE('',(#7950),#7924,.T.);
#7952=CARTESIAN_POINT('',(786.699785301,433.783635465,179.956827725));
#7953=DIRECTION('',(-0.,-1.,-0.));
#7954=DIRECTION('',(-1.,0.,0.));
#7955=AXIS2_PLACEMENT_3D('',#7952,#7953,#7954);
#7956=PLANE('',#7955);
#7957=ORIENTED_EDGE('',*,*,#7946,.T.);
#7958=CARTESIAN_POINT('',(786.699785301,433.783635465,183.806827725));
#7959=VERTEX_POINT('',#7958);
#7960=CARTESIAN_POINT('',(793.699785301,433.783635465,183.806827725));
#7961=DIRECTION('',(-1.,0.,-0.));
#7962=VECTOR('',#7961,7.);
#7963=LINE('',#7960,#7962);
#7964=EDGE_CURVE('',#7934,#7959,#7963,.T.);
#7965=ORIENTED_EDGE('',*,*,#7964,.T.);
#7966=CARTESIAN_POINT('',(786.699785301,433.783635465,183.806827725));
#7967=DIRECTION('',(0.,0.,-1.));
#7968=VECTOR('',#7967,8.3);
#7969=LINE('',#7966,#7968);
#7970=EDGE_CURVE('',#7959,#7665,#7969,.T.);
#7971=ORIENTED_EDGE('',*,*,#7970,.T.);
#7972=ORIENTED_EDGE('',*,*,#7670,.T.);
#7973=EDGE_LOOP('',(#7957,#7965,#7971,#7972));
#7974=FACE_BOUND('',#7973,.T.);
#7975=ADVANCED_FACE('',(#7974),#7956,.T.);
#7976=CARTESIAN_POINT('',(786.699785301,509.972590283,58.406827725));
#7977=DIRECTION('',(-1.,0.,-0.));
#7978=DIRECTION('',(-0.,-1.,-0.));
#7979=AXIS2_PLACEMENT_3D('',#7976,#7977,#7978);
#7980=PLANE('',#7979);
#7981=ORIENTED_EDGE('',*,*,#7970,.F.);
#7982=CARTESIAN_POINT('',(786.699785301,433.783635465,183.806827725));
#7983=DIRECTION('',(-0.,-1.,-0.));
#7984=VECTOR('',#7983,5.4);
#7985=LINE('',#7982,#7984);
#7986=EDGE_CURVE('',#7959,#7897,#7985,.T.);
#7987=ORIENTED_EDGE('',*,*,#7986,.T.);
#7988=ORIENTED_EDGE('',*,*,#7902,.F.);
#7989=CARTESIAN_POINT('',(786.699785301,431.083635465,175.506827725));
#7990=DIRECTION('',(-1.,0.,-0.));
#7991=DIRECTION('',(-0.,-0.,1.));
#7992=AXIS2_PLACEMENT_3D('',#7989,#7990,#7991);
#7993=CIRCLE('',#7992,2.7);
#7994=EDGE_CURVE('',#7648,#7895,#7993,.T.);
#7995=ORIENTED_EDGE('',*,*,#7994,.F.);
#7996=ORIENTED_EDGE('',*,*,#7677,.F.);
#7997=EDGE_LOOP('',(#7981,#7987,#7988,#7995,#7996));
#7998=FACE_BOUND('',#7997,.T.);
#7999=ADVANCED_FACE('',(#7998),#7980,.F.);
#8000=CARTESIAN_POINT('',(794.399785301,509.972590283,58.406827725));
#8001=DIRECTION('',(-1.,0.,-0.));
#8002=DIRECTION('',(-0.,-1.,-0.));
#8003=AXIS2_PLACEMENT_3D('',#8000,#8001,#8002);
#8004=PLANE('',#8003);
#8005=CARTESIAN_POINT('',(794.399785301,425.583623324,183.806827725));
#8006=VERTEX_POINT('',#8005);
#8007=CARTESIAN_POINT('',(794.399785301,425.583623324,171.206827725));
#8008=VERTEX_POINT('',#8007);
#8009=CARTESIAN_POINT('',(794.399785301,425.583623324,183.806827725));
#8010=DIRECTION('',(0.,0.,-1.));
#8011=VECTOR('',#8010,12.6);
#8012=LINE('',#8009,#8011);
#8013=EDGE_CURVE('',#8006,#8008,#8012,.T.);
#8014=ORIENTED_EDGE('',*,*,#8013,.T.);
#8015=CARTESIAN_POINT('',(794.399785301,425.583623324,171.206827725));
#8016=DIRECTION('',(0.,1.,0.));
#8017=VECTOR('',#8016,12.951242545);
#8018=LINE('',#8015,#8017);
#8019=EDGE_CURVE('',#8008,#7800,#8018,.T.);
#8020=ORIENTED_EDGE('',*,*,#8019,.T.);
#8021=ORIENTED_EDGE('',*,*,#7806,.T.);
#8022=ORIENTED_EDGE('',*,*,#7626,.F.);
#8023=CARTESIAN_POINT('',(794.399785301,438.346477811,183.806827725));
#8024=VERTEX_POINT('',#8023);
#8025=CARTESIAN_POINT('',(794.399785301,440.081412968,182.006827725));
#8026=DIRECTION('',(-1.,0.,-0.));
#8027=DIRECTION('',(-0.,-0.,1.));
#8028=AXIS2_PLACEMENT_3D('',#8025,#8026,#8027);
#8029=CIRCLE('',#8028,2.5);
#8030=EDGE_CURVE('',#7612,#8024,#8029,.T.);
#8031=ORIENTED_EDGE('',*,*,#8030,.T.);
#8032=CARTESIAN_POINT('',(794.399785301,438.346477811,183.806827725));
#8033=DIRECTION('',(-0.,-1.,-0.));
#8034=VECTOR('',#8033,3.862842346);
#8035=LINE('',#8032,#8034);
#8036=EDGE_CURVE('',#8024,#7926,#8035,.T.);
#8037=ORIENTED_EDGE('',*,*,#8036,.T.);
#8038=ORIENTED_EDGE('',*,*,#7931,.T.);
#8039=ORIENTED_EDGE('',*,*,#7705,.T.);
#8040=ORIENTED_EDGE('',*,*,#7883,.T.);
#8041=CARTESIAN_POINT('',(794.399785301,427.683635465,183.806827725));
#8042=DIRECTION('',(-0.,-1.,-0.));
#8043=VECTOR('',#8042,2.100012141);
#8044=LINE('',#8041,#8043);
#8045=EDGE_CURVE('',#7871,#8006,#8044,.T.);
#8046=ORIENTED_EDGE('',*,*,#8045,.T.);
#8047=EDGE_LOOP('',(#8014,#8020,#8021,#8022,#8031,#8037,#8038,#8039,#8040,#8046));
#8048=FACE_BOUND('',#8047,.T.);
#8049=ADVANCED_FACE('',(#8048),#8004,.F.);
#8050=CARTESIAN_POINT('',(808.199785301,424.883623324,180.506827725));
#8051=DIRECTION('',(0.,1.,0.));
#8052=DIRECTION('',(1.,-0.,-0.));
#8053=AXIS2_PLACEMENT_3D('',#8050,#8051,#8052);
#8054=PLANE('',#8053);
#8055=ORIENTED_EDGE('',*,*,#3481,.T.);
#8056=CARTESIAN_POINT('',(793.699785301,424.883623324,183.806827725));
#8057=VERTEX_POINT('',#8056);
#8058=CARTESIAN_POINT('',(793.699785301,424.883623324,170.506827725));
#8059=DIRECTION('',(-0.,-0.,1.));
#8060=VECTOR('',#8059,13.3);
#8061=LINE('',#8058,#8060);
#8062=EDGE_CURVE('',#3470,#8057,#8061,.T.);
#8063=ORIENTED_EDGE('',*,*,#8062,.T.);
#8064=CARTESIAN_POINT('',(793.699785301,424.883623324,183.806827725));
#8065=DIRECTION('',(-1.,0.,-0.));
#8066=VECTOR('',#8065,15.160254038);
#8067=LINE('',#8064,#8066);
#8068=EDGE_CURVE('',#8057,#2937,#8067,.T.);
#8069=ORIENTED_EDGE('',*,*,#8068,.T.);
#8070=ORIENTED_EDGE('',*,*,#3000,.T.);
#8071=EDGE_LOOP('',(#8055,#8063,#8069,#8070));
#8072=FACE_BOUND('',#8071,.T.);
#8073=ADVANCED_FACE('',(#8072),#8054,.F.);
#8074=OVER_RIDING_STYLED_ITEM('',(#183),#8073,#54);
#8075=CARTESIAN_POINT('',(799.199785301,431.083635465,175.506827725));
#8076=DIRECTION('',(-1.,0.,-0.));
#8077=DIRECTION('',(-0.,-0.,1.));
#8078=AXIS2_PLACEMENT_3D('',#8075,#8076,#8077);
#8079=TOROIDAL_SURFACE('',#8078,11.1,2.5);
#8080=CARTESIAN_POINT('',(801.699785301,440.7252121,181.006827725));
#8081=VERTEX_POINT('',#8080);
#8082=CARTESIAN_POINT('',(801.699785301,431.083635465,175.506827725));
#8083=DIRECTION('',(-1.,0.,-0.));
#8084=DIRECTION('',(-0.,-0.,1.));
#8085=AXIS2_PLACEMENT_3D('',#8082,#8083,#8084);
#8086=CIRCLE('',#8085,11.1);
#8087=EDGE_CURVE('',#8081,#209,#8086,.T.);
#8088=ORIENTED_EDGE('',*,*,#8087,.F.);
#8089=CARTESIAN_POINT('',(799.199785301,440.7252121,181.006827725));
#8090=DIRECTION('',(0.,0.495495495,-0.868610508));
#8091=DIRECTION('',(-0.,-0.868610508,-0.495495495));
#8092=AXIS2_PLACEMENT_3D('',#8089,#8090,#8091);
#8093=CIRCLE('',#8092,2.5);
#8094=EDGE_CURVE('',#8081,#7582,#8093,.T.);
#8095=ORIENTED_EDGE('',*,*,#8094,.T.);
#8096=ORIENTED_EDGE('',*,*,#7588,.F.);
#8097=ORIENTED_EDGE('',*,*,#7852,.T.);
#8098=ORIENTED_EDGE('',*,*,#232,.F.);
#8099=EDGE_LOOP('',(#8088,#8095,#8096,#8097,#8098));
#8100=FACE_BOUND('',#8099,.T.);
#8101=ADVANCED_FACE('',(#8100),#8079,.T.);
#8102=CARTESIAN_POINT('',(801.699785301,442.766783639,174.506827725));
#8103=DIRECTION('',(-1.,0.,-0.));
#8104=DIRECTION('',(-0.,-0.,1.));
#8105=AXIS2_PLACEMENT_3D('',#8102,#8103,#8104);
#8106=PLANE('',#8105);
#8107=ORIENTED_EDGE('',*,*,#214,.F.);
#8108=CARTESIAN_POINT('',(801.699785301,466.649336104,176.506827725));
#8109=VERTEX_POINT('',#8108);
#8110=CARTESIAN_POINT('',(801.699785301,442.507083823,174.506827725));
#8111=DIRECTION('',(0.,0.996586137,0.0825595));
#8112=VECTOR('',#8111,24.224952946);
#8113=LINE('',#8110,#8112);
#8114=EDGE_CURVE('',#201,#8109,#8113,.T.);
#8115=ORIENTED_EDGE('',*,*,#8114,.T.);
#8116=CARTESIAN_POINT('',(801.699785301,466.730410842,176.506827725));
#8117=DIRECTION('',(-0.,-1.,-0.));
#8118=VECTOR('',#8117,0.081074737);
#8119=LINE('',#8116,#8118);
#8120=EDGE_CURVE('',#265,#8109,#8119,.T.);
#8121=ORIENTED_EDGE('',*,*,#8120,.F.);
#8122=ORIENTED_EDGE('',*,*,#272,.T.);
#8123=CARTESIAN_POINT('',(801.699785301,466.730410842,181.006827725));
#8124=DIRECTION('',(-0.,-1.,-0.));
#8125=VECTOR('',#8124,26.005198742);
#8126=LINE('',#8123,#8125);
#8127=EDGE_CURVE('',#267,#8081,#8126,.T.);
#8128=ORIENTED_EDGE('',*,*,#8127,.T.);
#8129=ORIENTED_EDGE('',*,*,#8087,.T.);
#8130=EDGE_LOOP('',(#8107,#8115,#8121,#8122,#8128,#8129));
#8131=FACE_BOUND('',#8130,.T.);
#8132=ADVANCED_FACE('',(#8131),#8106,.F.);
#8133=OVER_RIDING_STYLED_ITEM('',(#183),#8132,#54);
#8134=CARTESIAN_POINT('',(808.199785301,487.803695667,184.506827725));
#8135=CARTESIAN_POINT('',(808.199785301,487.803695667,184.506827725));
#8136=CARTESIAN_POINT('',(808.199785301,487.803695667,184.506827725));
#8137=CARTESIAN_POINT('',(808.199785301,487.803695667,184.506827725));
#8138=CARTESIAN_POINT('',(808.199785301,487.803695667,184.506827725));
#8139=CARTESIAN_POINT('',(808.199785301,487.803695667,184.506827725));
#8140=CARTESIAN_POINT('',(808.199785301,487.803695667,184.506827725));
#8141=CARTESIAN_POINT('',(808.199785301,487.803695667,184.506827725));
#8142=CARTESIAN_POINT('',(808.199785301,487.803695667,184.506827725));
#8143=CARTESIAN_POINT('',(808.199785301,487.803695667,184.506827725));
#8144=CARTESIAN_POINT('',(808.01652573,487.380475815,184.506827725));
#8145=CARTESIAN_POINT('',(808.01652573,487.380475815,184.506827725));
#8146=CARTESIAN_POINT('',(808.108155516,487.380475815,184.506827725));
#8147=CARTESIAN_POINT('',(808.108155516,487.380475815,184.506827725));
#8148=CARTESIAN_POINT('',(808.199785301,487.380475815,184.506827725));
#8149=CARTESIAN_POINT('',(808.199785301,487.380475815,184.506827725));
#8150=CARTESIAN_POINT('',(808.291415087,487.380475815,184.506827725));
#8151=CARTESIAN_POINT('',(808.291415087,487.380475815,184.506827725));
#8152=CARTESIAN_POINT('',(808.383044873,487.380475815,184.506827725));
#8153=CARTESIAN_POINT('',(808.383044873,487.380475815,184.506827725));
#8154=CARTESIAN_POINT('',(807.833338263,486.957422483,184.415732094));
#8155=CARTESIAN_POINT('',(807.894365847,486.957213702,184.422305269));
#8156=CARTESIAN_POINT('',(807.955429544,486.957067333,184.427224071));
#8157=CARTESIAN_POINT('',(808.077590519,486.956874927,184.433779465));
#8158=CARTESIAN_POINT('',(808.138687949,486.956828879,184.435416077));
#8159=CARTESIAN_POINT('',(808.260882654,486.956828879,184.435416077));
#8160=CARTESIAN_POINT('',(808.321980084,486.956874927,184.433779465));
#8161=CARTESIAN_POINT('',(808.444141059,486.957067333,184.427224071));
#8162=CARTESIAN_POINT('',(808.505204756,486.957213702,184.422305269));
#8163=CARTESIAN_POINT('',(808.566232339,486.957422483,184.415732094));
#8164=CARTESIAN_POINT('',(807.494718729,486.175414165,184.065080085));
#8165=CARTESIAN_POINT('',(807.610064707,486.164013485,184.090870531));
#8166=CARTESIAN_POINT('',(807.727030522,486.155419037,184.11031845));
#8167=CARTESIAN_POINT('',(807.96259299,486.143947982,184.136277213));
#8168=CARTESIAN_POINT('',(808.081188979,486.141071403,184.142787989));
#8169=CARTESIAN_POINT('',(808.318381624,486.141071403,184.142787989));
#8170=CARTESIAN_POINT('',(808.436977612,486.143947982,184.136277213));
#8171=CARTESIAN_POINT('',(808.67254008,486.155419037,184.11031845));
#8172=CARTESIAN_POINT('',(808.789505895,486.164013485,184.090870531));
#8173=CARTESIAN_POINT('',(808.904851874,486.175414165,184.065080085));
#8174=CARTESIAN_POINT('',(807.339419893,485.816766868,183.805661674));
#8175=CARTESIAN_POINT('',(807.478518793,485.794027196,183.843718588));
#8176=CARTESIAN_POINT('',(807.620827866,485.776849355,183.872525081));
#8177=CARTESIAN_POINT('',(807.908687335,485.753912685,183.911004729));
#8178=CARTESIAN_POINT('',(808.054235846,485.748153878,183.920677646));
#8179=CARTESIAN_POINT('',(808.345334757,485.748153878,183.920677646));
#8180=CARTESIAN_POINT('',(808.490883267,485.753912685,183.911004729));
#8181=CARTESIAN_POINT('',(808.778742737,485.776849355,183.872525081));
#8182=CARTESIAN_POINT('',(808.92105181,485.794027196,183.843718588));
#8183=CARTESIAN_POINT('',(809.060150709,485.816766868,183.805661674));
#8184=CARTESIAN_POINT('',(807.080251722,485.218243613,183.157741245));
#8185=CARTESIAN_POINT('',(807.256645615,485.162919064,183.20982513));
#8186=CARTESIAN_POINT('',(807.440625763,485.120743724,183.249553788));
#8187=CARTESIAN_POINT('',(807.816337285,485.064324342,183.302706614));
#8188=CARTESIAN_POINT('',(808.008058774,485.050081687,183.316129396));
#8189=CARTESIAN_POINT('',(808.391511828,485.050081687,183.316129396));
#8190=CARTESIAN_POINT('',(808.583233318,485.064324342,183.302706614));
#8191=CARTESIAN_POINT('',(808.95894484,485.120743724,183.249553788));
#8192=CARTESIAN_POINT('',(809.142924987,485.162919064,183.20982513));
#8193=CARTESIAN_POINT('',(809.319318881,485.218243613,183.157741245));
#8194=CARTESIAN_POINT('',(806.976484358,484.978603151,182.769494157));
#8195=CARTESIAN_POINT('',(807.166462272,484.902213085,182.822567334));
#8196=CARTESIAN_POINT('',(807.36676541,484.843723544,182.863248346));
#8197=CARTESIAN_POINT('',(807.777982594,484.765409968,182.917729853));
#8198=CARTESIAN_POINT('',(807.988879578,484.745589011,182.931527937));
#8199=CARTESIAN_POINT('',(808.410691025,484.745589011,182.931527937));
#8200=CARTESIAN_POINT('',(808.621588008,484.765409968,182.917729853));
#8201=CARTESIAN_POINT('',(809.032805192,484.843723544,182.863248346));
#8202=CARTESIAN_POINT('',(809.23310833,484.902213085,182.822567334));
#8203=CARTESIAN_POINT('',(809.423086245,484.978603151,182.769494157));
#8204=CARTESIAN_POINT('',(806.836223554,484.6546847,181.922945321));
#8205=CARTESIAN_POINT('',(807.043731779,484.544310862,181.95919994));
#8206=CARTESIAN_POINT('',(807.265864144,484.459298402,181.987154877));
#8207=CARTESIAN_POINT('',(807.725274783,484.345332827,182.02463907));
#8208=CARTESIAN_POINT('',(807.962522037,484.316387252,182.034165659));
#8209=CARTESIAN_POINT('',(808.437048566,484.316387252,182.034165659));
#8210=CARTESIAN_POINT('',(808.674295819,484.345332827,182.02463907));
#8211=CARTESIAN_POINT('',(809.133706459,484.459298402,181.987154877));
#8212=CARTESIAN_POINT('',(809.355838824,484.544310862,181.95919994));
#8213=CARTESIAN_POINT('',(809.563347049,484.6546847,181.922945321));
#8214=CARTESIAN_POINT('',(806.799785301,484.57053416,181.464976654));
#8215=CARTESIAN_POINT('',(807.011395227,484.448361112,181.483443104));
#8216=CARTESIAN_POINT('',(807.239071771,484.3540544,181.497697558));
#8217=CARTESIAN_POINT('',(807.711112179,484.227571554,181.516815434));
#8218=CARTESIAN_POINT('',(807.955439206,484.19540529,181.521677363));
#8219=CARTESIAN_POINT('',(808.444131397,484.19540529,181.521677363));
#8220=CARTESIAN_POINT('',(808.688458424,484.227571554,181.516815434));
#8221=CARTESIAN_POINT('',(809.160498832,484.3540544,181.497697558));
#8222=CARTESIAN_POINT('',(809.388175376,484.448361112,181.483443104));
#8223=CARTESIAN_POINT('',(809.599785301,484.57053416,181.464976654));
#8224=CARTESIAN_POINT('',(806.799785301,484.57053416,181.006827725));
#8225=CARTESIAN_POINT('',(807.011395227,484.448361112,181.006827725));
#8226=CARTESIAN_POINT('',(807.239071771,484.3540544,181.006827725));
#8227=CARTESIAN_POINT('',(807.711112179,484.227571554,181.006827725));
#8228=CARTESIAN_POINT('',(807.955439206,484.19540529,181.006827725));
#8229=CARTESIAN_POINT('',(808.444131397,484.19540529,181.006827725));
#8230=CARTESIAN_POINT('',(808.688458424,484.227571554,181.006827725));
#8231=CARTESIAN_POINT('',(809.160498832,484.3540544,181.006827725));
#8232=CARTESIAN_POINT('',(809.388175376,484.448361112,181.006827725));
#8233=CARTESIAN_POINT('',(809.599785301,484.57053416,181.006827725));
#8234=B_SPLINE_SURFACE_WITH_KNOTS('',3,3,((#8134,#8135,#8136,#8137,#8138,#8139,#8140,#8141,#8142,#8143),(#8144,#8145,#8146,#8147,#8148,#8149,#8150,#8151,#8152,#8153),(#8154,#8155,#8156,#8157,#8158,#8159,#8160,#8161,#8162,#8163),(#8164,#8165,#8166,#8167,#8168,#8169,#8170,#8171,#8172,#8173),(#8174,#8175,#8176,#8177,#8178,#8179,#8180,#8181,#8182,#8183),(#8184,#8185,#8186,#8187,#8188,#8189,#8190,#8191,#8192,#8193),(#8194,#8195,#8196,#8197,#8198,#8199,#8200,#8201,#8202,#8203),(#8204,#8205,#8206,#8207,#8208,#8209,#8210,#8211,#8212,#8213),(#8214,#8215,#8216,#8217,#8218,#8219,#8220,#8221,#8222,#8223),(#8224,#8225,#8226,#8227,#8228,#8229,#8230,#8231,#8232,#8233)),.UNSPECIFIED.,.F.,.F.,.U.,(4,2,2,2,4),(4,2,2,2,4),(1.570796327,1.963495408,2.35619449,2.748893572,3.141592654),(0.,0.25,0.5,0.75,1.),.UNSPECIFIED.);
#8235=ORIENTED_EDGE('',*,*,#339,.T.);
#8236=ORIENTED_EDGE('',*,*,#6109,.F.);
#8237=ORIENTED_EDGE('',*,*,#3430,.F.);
#8238=EDGE_LOOP('',(#8235,#8236,#8237));
#8239=FACE_BOUND('',#8238,.T.);
#8240=ADVANCED_FACE('',(#8239),#8234,.T.);
#8241=OVER_RIDING_STYLED_ITEM('',(#183),#8240,#54);
#8242=CARTESIAN_POINT('',(808.199785301,425.583623324,183.806827725));
#8243=DIRECTION('',(-1.,0.,-0.));
#8244=DIRECTION('',(0.,1.,0.));
#8245=AXIS2_PLACEMENT_3D('',#8242,#8243,#8244);
#8246=CYLINDRICAL_SURFACE('',#8245,0.7);
#8247=ORIENTED_EDGE('',*,*,#8068,.F.);
#8248=CARTESIAN_POINT('',(793.699785301,425.583623324,183.806827725));
#8249=DIRECTION('',(-1.,0.,-0.));
#8250=DIRECTION('',(0.,1.,0.));
#8251=AXIS2_PLACEMENT_3D('',#8248,#8249,#8250);
#8252=CIRCLE('',#8251,0.7);
#8253=EDGE_CURVE('',#8057,#3086,#8252,.T.);
#8254=ORIENTED_EDGE('',*,*,#8253,.T.);
#8255=ORIENTED_EDGE('',*,*,#3091,.F.);
#8256=ORIENTED_EDGE('',*,*,#2951,.T.);
#8257=EDGE_LOOP('',(#8247,#8254,#8255,#8256));
#8258=FACE_BOUND('',#8257,.T.);
#8259=ADVANCED_FACE('',(#8258),#8246,.T.);
#8260=CARTESIAN_POINT('',(798.199785301,442.766783639,181.006827725));
#8261=DIRECTION('',(0.,1.,0.));
#8262=DIRECTION('',(0.,0.,-1.));
#8263=AXIS2_PLACEMENT_3D('',#8260,#8261,#8262);
#8264=CYLINDRICAL_SURFACE('',#8263,3.5);
#8265=ORIENTED_EDGE('',*,*,#3147,.F.);
#8266=CARTESIAN_POINT('',(798.19978465,440.081415463,184.506827725));
#8267=CARTESIAN_POINT('',(798.451564602,440.081415453,184.506827772));
#8268=CARTESIAN_POINT('',(798.698742184,440.086973072,184.479975658));
#8269=CARTESIAN_POINT('',(798.941523553,440.097781854,184.427328327));
#8270=CARTESIAN_POINT('',(799.062914237,440.103186245,184.401004662));
#8271=CARTESIAN_POINT('',(799.183823482,440.109969185,184.367888845));
#8272=CARTESIAN_POINT('',(799.300329537,440.117840515,184.329297046));
#8273=CARTESIAN_POINT('',(799.416835593,440.125711845,184.290705247));
#8274=CARTESIAN_POINT('',(799.529681066,440.134692029,184.246549189));
#8275=CARTESIAN_POINT('',(799.639132208,440.144675097,184.197169476));
#8276=CARTESIAN_POINT('',(799.748583349,440.154658164,184.147789762));
#8277=CARTESIAN_POINT('',(799.854638162,440.165644214,184.093182955));
#8278=CARTESIAN_POINT('',(799.957419792,440.177579727,184.033496026));
#8279=CARTESIAN_POINT('',(800.060201421,440.189515241,183.973809096));
#8280=CARTESIAN_POINT('',(800.15975009,440.202420751,183.908908508));
#8281=CARTESIAN_POINT('',(800.253945088,440.215899578,183.840628631));
#8282=CARTESIAN_POINT('',(800.442335085,440.242857231,183.704068876));
#8283=CARTESIAN_POINT('',(800.612028093,440.272361352,183.552747086));
#8284=CARTESIAN_POINT('',(800.765086756,440.303942636,183.387841889));
#8285=CARTESIAN_POINT('',(800.918145419,440.335523921,183.222936692));
#8286=CARTESIAN_POINT('',(801.054571424,440.369343485,183.043519932));
#8287=CARTESIAN_POINT('',(801.170334239,440.403681032,182.857729941));
#8288=CARTESIAN_POINT('',(801.286097053,440.438018579,182.67193995));
#8289=CARTESIAN_POINT('',(801.382843122,440.473181017,182.478207135));
#8290=CARTESIAN_POINT('',(801.461338009,440.509014053,182.27658122));
#8291=CARTESIAN_POINT('',(801.539832895,440.544847088,182.074955305));
#8292=CARTESIAN_POINT('',(801.600077422,440.581592754,181.86395307));
#8293=CARTESIAN_POINT('',(801.639870596,440.617754747,181.651663494));
#8294=CARTESIAN_POINT('',(801.679663769,440.65391674,181.439373919));
#8295=CARTESIAN_POINT('',(801.699785292,440.689742054,181.224456224));
#8296=CARTESIAN_POINT('',(801.699785301,440.725212124,181.006827881));
#8297=B_SPLINE_CURVE_WITH_KNOTS('',3,(#8266,#8267,#8268,#8269,#8270,#8271,#8272,#8273,#8274,#8275,#8276,#8277,#8278,#8279,#8280,#8281,#8282,#8283,#8284,#8285,#8286,#8287,#8288,#8289,#8290,#8291,
#8292,#8293,#8294,#8295,#8296),.UNSPECIFIED.,.F.,.F.,(4,3,3,3,3,3,3,3,3,3,4),(0.004124835,0.004338926,0.004445972,0.004553017,0.004660063,0.004767109,0.0049812,0.005195292,0.005409383,0.005623475,0.005837566),.UNSPECIFIED.);
#8298=EDGE_CURVE('',#3134,#8081,#8297,.T.);
#8299=ORIENTED_EDGE('',*,*,#8298,.T.);
#8300=ORIENTED_EDGE('',*,*,#8127,.F.);
#8301=CARTESIAN_POINT('',(798.199785301,466.730410842,181.006827725));
#8302=DIRECTION('',(-0.,-1.,-0.));
#8303=DIRECTION('',(0.,0.,-1.));
#8304=AXIS2_PLACEMENT_3D('',#8301,#8302,#8303);
#8305=CIRCLE('',#8304,3.5);
#8306=EDGE_CURVE('',#267,#3142,#8305,.T.);
#8307=ORIENTED_EDGE('',*,*,#8306,.T.);
#8308=EDGE_LOOP('',(#8265,#8299,#8300,#8307));
#8309=FACE_BOUND('',#8308,.T.);
#8310=ADVANCED_FACE('',(#8309),#8264,.T.);
#8311=OVER_RIDING_STYLED_ITEM('',(#183),#8310,#54);
#8312=CARTESIAN_POINT('',(791.699785301,466.730410842,181.006827725));
#8313=DIRECTION('',(-0.,-0.,1.));
#8314=DIRECTION('',(1.,-0.,0.));
#8315=AXIS2_PLACEMENT_3D('',#8312,#8313,#8314);
#8316=TOROIDAL_SURFACE('',#8315,6.5,3.5);
#8317=ORIENTED_EDGE('',*,*,#3154,.T.);
#8318=ORIENTED_EDGE('',*,*,#8306,.F.);
#8319=ORIENTED_EDGE('',*,*,#296,.T.);
#8320=ORIENTED_EDGE('',*,*,#3026,.F.);
#8321=EDGE_LOOP('',(#8317,#8318,#8319,#8320));
#8322=FACE_BOUND('',#8321,.T.);
#8323=ADVANCED_FACE('',(#8322),#8316,.T.);
#8324=OVER_RIDING_STYLED_ITEM('',(#183),#8323,#54);
#8325=CARTESIAN_POINT('',(793.699785301,476.256690283,183.806827725));
#8326=DIRECTION('',(-0.,-1.,-0.));
#8327=DIRECTION('',(-1.,0.,0.));
#8328=AXIS2_PLACEMENT_3D('',#8325,#8326,#8327);
#8329=CYLINDRICAL_SURFACE('',#8328,0.7);
#8330=CARTESIAN_POINT('',(793.699785301,440.081412968,184.506827725));
#8331=CARTESIAN_POINT('',(793.74037728,440.004701037,184.506827725));
#8332=CARTESIAN_POINT('',(793.780221274,439.929407789,184.503357255));
#8333=CARTESIAN_POINT('',(793.819908821,439.853790988,184.496443807));
#8334=CARTESIAN_POINT('',(793.859596367,439.778174187,184.48953036));
#8335=CARTESIAN_POINT('',(793.898844274,439.702794964,184.479176376));
#8336=CARTESIAN_POINT('',(793.937362529,439.627517454,184.465278226));
#8337=CARTESIAN_POINT('',(794.014399038,439.476962432,184.437481924));
#8338=CARTESIAN_POINT('',(794.088936294,439.326147405,184.395216989));
#8339=CARTESIAN_POINT('',(794.15529348,439.17918251,184.338346587));
#8340=CARTESIAN_POINT('',(794.188472072,439.105700062,184.309911386));
#8341=CARTESIAN_POINT('',(794.219728037,439.032933536,184.277776824));
#8342=CARTESIAN_POINT('',(794.248410785,438.96075267,184.241580619));
#8343=CARTESIAN_POINT('',(794.277093533,438.888571805,184.205384414));
#8344=CARTESIAN_POINT('',(794.303351756,438.816542843,184.164837478));
#8345=CARTESIAN_POINT('',(794.325588899,438.746299771,184.120467418));
#8346=CARTESIAN_POINT('',(794.347826043,438.676056699,184.076097358));
#8347=CARTESIAN_POINT('',(794.366122846,438.607559756,184.027954763));
#8348=CARTESIAN_POINT('',(794.379117933,438.540742215,183.975668407));
#8349=CARTESIAN_POINT('',(794.39211302,438.473924673,183.923382051));
#8350=CARTESIAN_POINT('',(794.399785335,438.408285202,183.866400992));
#8351=CARTESIAN_POINT('',(794.399785301,438.346477811,183.806827725));
#8352=B_SPLINE_CURVE_WITH_KNOTS('',3,(#8330,#8331,#8332,#8333,#8334,#8335,#8336,#8337,#8338,#8339,#8340,#8341,#8342,#8343,#8344,#8345,#8346,#8347,#8348,#8349,#8350,#8351),.UNSPECIFIED.,.F.,.F.,(4,3,3,3,3,3,3,4),(-0.000740923,-0.000484569,-0.000228215,0.000284493,0.000540847,0.000797202,0.001053556,0.00130991),.UNSPECIFIED.);
#8353=EDGE_CURVE('',#3126,#8024,#8352,.T.);
#8354=ORIENTED_EDGE('',*,*,#8353,.F.);
#8355=ORIENTED_EDGE('',*,*,#3131,.F.);
#8356=CARTESIAN_POINT('',(793.699785301,434.483635465,183.806827725));
#8357=DIRECTION('',(-0.,-1.,-0.));
#8358=DIRECTION('',(-1.,0.,0.));
#8359=AXIS2_PLACEMENT_3D('',#8356,#8357,#8358);
#8360=CIRCLE('',#8359,0.7);
#8361=EDGE_CURVE('',#7926,#3118,#8360,.T.);
#8362=ORIENTED_EDGE('',*,*,#8361,.F.);
#8363=ORIENTED_EDGE('',*,*,#8036,.F.);
#8364=EDGE_LOOP('',(#8354,#8355,#8362,#8363));
#8365=FACE_BOUND('',#8364,.T.);
#8366=ADVANCED_FACE('',(#8365),#8329,.T.);
#8367=CARTESIAN_POINT('',(821.699785301,440.081412968,182.006827725));
#8368=DIRECTION('',(-1.,0.,-0.));
#8369=DIRECTION('',(-0.,-0.,1.));
#8370=AXIS2_PLACEMENT_3D('',#8367,#8368,#8369);
#8371=CYLINDRICAL_SURFACE('',#8370,2.5);
#8372=ORIENTED_EDGE('',*,*,#8030,.F.);
#8373=ORIENTED_EDGE('',*,*,#7617,.F.);
#8374=CARTESIAN_POINT('',(798.199785301,440.081412968,182.006827725));
#8375=DIRECTION('',(1.,-0.,0.));
#8376=DIRECTION('',(0.,0.,-1.));
#8377=AXIS2_PLACEMENT_3D('',#8374,#8375,#8376);
#8378=CIRCLE('',#8377,2.5);
#8379=EDGE_CURVE('',#3134,#7591,#8378,.T.);
#8380=ORIENTED_EDGE('',*,*,#8379,.F.);
#8381=ORIENTED_EDGE('',*,*,#3139,.F.);
#8382=ORIENTED_EDGE('',*,*,#8353,.T.);
#8383=EDGE_LOOP('',(#8372,#8373,#8380,#8381,#8382));
#8384=FACE_BOUND('',#8383,.T.);
#8385=ADVANCED_FACE('',(#8384),#8371,.T.);
#8386=CARTESIAN_POINT('',(793.699785301,476.256690283,183.806827725));
#8387=DIRECTION('',(-0.,-1.,-0.));
#8388=DIRECTION('',(-1.,0.,0.));
#8389=AXIS2_PLACEMENT_3D('',#8386,#8387,#8388);
#8390=CYLINDRICAL_SURFACE('',#8389,0.7);
#8391=ORIENTED_EDGE('',*,*,#3099,.F.);
#8392=CARTESIAN_POINT('',(793.699785301,425.583623324,183.806827725));
#8393=DIRECTION('',(0.,1.,0.));
#8394=DIRECTION('',(-1.,0.,0.));
#8395=AXIS2_PLACEMENT_3D('',#8392,#8393,#8394);
#8396=CIRCLE('',#8395,0.7);
#8397=EDGE_CURVE('',#3086,#8006,#8396,.T.);
#8398=ORIENTED_EDGE('',*,*,#8397,.T.);
#8399=ORIENTED_EDGE('',*,*,#8045,.F.);
#8400=CARTESIAN_POINT('',(793.699785301,427.683635465,183.806827725));
#8401=DIRECTION('',(0.,1.,0.));
#8402=DIRECTION('',(-1.,0.,0.));
#8403=AXIS2_PLACEMENT_3D('',#8400,#8401,#8402);
#8404=CIRCLE('',#8403,0.7);
#8405=EDGE_CURVE('',#3094,#7871,#8404,.T.);
#8406=ORIENTED_EDGE('',*,*,#8405,.F.);
#8407=EDGE_LOOP('',(#8391,#8398,#8399,#8406));
#8408=FACE_BOUND('',#8407,.T.);
#8409=ADVANCED_FACE('',(#8408),#8390,.T.);
#8410=CARTESIAN_POINT('',(785.999785301,476.256690283,183.806827725));
#8411=DIRECTION('',(-0.,-1.,-0.));
#8412=DIRECTION('',(-1.,0.,0.));
#8413=AXIS2_PLACEMENT_3D('',#8410,#8411,#8412);
#8414=CYLINDRICAL_SURFACE('',#8413,0.7);
#8415=CARTESIAN_POINT('',(785.999785301,427.683635465,183.806827725));
#8416=DIRECTION('',(-0.707106781,0.707106781,0.));
#8417=DIRECTION('',(-0.707106781,-0.707106781,-0.));
#8418=AXIS2_PLACEMENT_3D('',#8415,#8416,#8417);
#8419=ELLIPSE('',#8418,0.989949494,0.7);
#8420=EDGE_CURVE('',#3102,#7897,#8419,.T.);
#8421=ORIENTED_EDGE('',*,*,#8420,.T.);
#8422=ORIENTED_EDGE('',*,*,#7986,.F.);
#8423=CARTESIAN_POINT('',(785.999785301,434.483635465,183.806827725));
#8424=DIRECTION('',(0.707106781,0.707106781,0.));
#8425=DIRECTION('',(0.707106781,-0.707106781,-0.));
#8426=AXIS2_PLACEMENT_3D('',#8423,#8424,#8425);
#8427=ELLIPSE('',#8426,0.989949494,0.7);
#8428=EDGE_CURVE('',#3110,#7959,#8427,.T.);
#8429=ORIENTED_EDGE('',*,*,#8428,.F.);
#8430=ORIENTED_EDGE('',*,*,#3115,.F.);
#8431=EDGE_LOOP('',(#8421,#8422,#8429,#8430));
#8432=FACE_BOUND('',#8431,.T.);
#8433=ADVANCED_FACE('',(#8432),#8414,.T.);
#8434=CARTESIAN_POINT('',(808.199785301,434.483635465,183.806827725));
#8435=DIRECTION('',(1.,-0.,0.));
#8436=DIRECTION('',(0.,0.,-1.));
#8437=AXIS2_PLACEMENT_3D('',#8434,#8435,#8436);
#8438=CYLINDRICAL_SURFACE('',#8437,0.7);
#8439=ORIENTED_EDGE('',*,*,#8428,.T.);
#8440=ORIENTED_EDGE('',*,*,#7964,.F.);
#8441=CARTESIAN_POINT('',(793.699785301,434.483635465,183.806827725));
#8442=DIRECTION('',(1.,-0.,0.));
#8443=DIRECTION('',(0.,0.,-1.));
#8444=AXIS2_PLACEMENT_3D('',#8441,#8442,#8443);
#8445=CIRCLE('',#8444,0.7);
#8446=EDGE_CURVE('',#3118,#7934,#8445,.T.);
#8447=ORIENTED_EDGE('',*,*,#8446,.F.);
#8448=ORIENTED_EDGE('',*,*,#3123,.F.);
#8449=EDGE_LOOP('',(#8439,#8440,#8447,#8448));
#8450=FACE_BOUND('',#8449,.T.);
#8451=ADVANCED_FACE('',(#8450),#8438,.T.);
#8452=CARTESIAN_POINT('',(808.199785301,427.683635465,183.806827725));
#8453=DIRECTION('',(-1.,0.,-0.));
#8454=DIRECTION('',(-0.,-0.,1.));
#8455=AXIS2_PLACEMENT_3D('',#8452,#8453,#8454);
#8456=CYLINDRICAL_SURFACE('',#8455,0.7);
#8457=ORIENTED_EDGE('',*,*,#8420,.F.);
#8458=ORIENTED_EDGE('',*,*,#3107,.F.);
#8459=CARTESIAN_POINT('',(793.699785301,427.683635465,183.806827725));
#8460=DIRECTION('',(1.,-0.,0.));
#8461=DIRECTION('',(-0.,-0.,1.));
#8462=AXIS2_PLACEMENT_3D('',#8459,#8460,#8461);
#8463=CIRCLE('',#8462,0.7);
#8464=EDGE_CURVE('',#7863,#3094,#8463,.T.);
#8465=ORIENTED_EDGE('',*,*,#8464,.F.);
#8466=ORIENTED_EDGE('',*,*,#7908,.F.);
#8467=EDGE_LOOP('',(#8457,#8458,#8465,#8466));
#8468=FACE_BOUND('',#8467,.T.);
#8469=ADVANCED_FACE('',(#8468),#8456,.T.);
#8470=CARTESIAN_POINT('',(801.699785566,440.725212141,181.006827749));
#8471=CARTESIAN_POINT('',(801.699785573,440.583086089,180.925752489));
#8472=CARTESIAN_POINT('',(801.68367036,440.440963552,180.844679234));
#8473=CARTESIAN_POINT('',(801.619827217,440.162173272,180.685644391));
#8474=CARTESIAN_POINT('',(801.572100864,440.025512423,180.607686736));
#8475=CARTESIAN_POINT('',(801.446868018,439.762897719,180.457879189));
#8476=CARTESIAN_POINT('',(801.369364621,439.636950357,180.386033002));
#8477=CARTESIAN_POINT('',(801.187554701,439.400603362,180.251209771));
#8478=CARTESIAN_POINT('',(801.083252672,439.290209572,180.188236061));
#8479=CARTESIAN_POINT('',(800.85185253,439.089212968,180.073578327));
#8480=CARTESIAN_POINT('',(800.724760138,438.998615122,180.021897138));
#8481=CARTESIAN_POINT('',(800.452662351,438.840693094,179.931811132));
#8482=CARTESIAN_POINT('',(800.307663684,438.773372816,179.893408542));
#8483=CARTESIAN_POINT('',(800.005324816,438.664594218,179.831356217));
#8484=CARTESIAN_POINT('',(799.847992091,438.623138588,179.807708017));
#8485=CARTESIAN_POINT('',(799.527030855,438.567683721,179.776074009));
#8486=CARTESIAN_POINT('',(799.36341028,438.553685855,179.768088983));
#8487=CARTESIAN_POINT('',(799.199785657,438.553685837,179.768088976));
#8488=CARTESIAN_POINT('',(801.699786963,440.709493835,181.103268237));
#8489=CARTESIAN_POINT('',(801.702020973,440.566364167,181.021082078));
#8490=CARTESIAN_POINT('',(801.687858668,440.42323816,180.938453977));
#8491=CARTESIAN_POINT('',(801.627294966,440.142573854,180.775534861));
#8492=CARTESIAN_POINT('',(801.580895122,440.005042735,180.695248011));
#8493=CARTESIAN_POINT('',(801.457669639,439.740944872,180.540148893));
#8494=CARTESIAN_POINT('',(801.380847155,439.614384885,180.465340588));
#8495=CARTESIAN_POINT('',(801.199778768,439.377177469,180.324121597));
#8496=CARTESIAN_POINT('',(801.095537499,439.266536108,180.257714519));
#8497=CARTESIAN_POINT('',(800.863705633,439.065492266,180.135892399));
#8498=CARTESIAN_POINT('',(800.736120967,438.975094928,180.080480468));
#8499=CARTESIAN_POINT('',(800.462588878,438.818074503,179.982813122));
#8500=CARTESIAN_POINT('',(800.316648453,438.751455435,179.9405602));
#8501=CARTESIAN_POINT('',(800.012109018,438.644597795,179.870860913));
#8502=CARTESIAN_POINT('',(799.853517797,438.604361958,179.843416326));
#8503=CARTESIAN_POINT('',(799.529875622,438.551846018,179.804404918));
#8504=CARTESIAN_POINT('',(799.364832945,438.539567261,179.79283909));
#8505=CARTESIAN_POINT('',(799.199786045,438.541507685,179.789437449));
#8506=CARTESIAN_POINT('',(801.695806271,440.693706141,181.199174112));
#8507=CARTESIAN_POINT('',(801.700353791,440.549528505,181.116023945));
#8508=CARTESIAN_POINT('',(801.688235845,440.405354687,181.031967127));
#8509=CARTESIAN_POINT('',(801.631151225,440.122733475,180.865373929));
#8510=CARTESIAN_POINT('',(801.586186067,439.984293564,180.782841959));
#8511=CARTESIAN_POINT('',(801.465194937,439.718646554,180.622579927));
#8512=CARTESIAN_POINT('',(801.389172173,439.591446489,180.544854105));
#8513=CARTESIAN_POINT('',(801.209088793,439.353338954,180.39729434));
#8514=CARTESIAN_POINT('',(801.105032948,439.24243779,180.3274643));
#8515=CARTESIAN_POINT('',(800.873021185,439.041340064,180.19847178));
#8516=CARTESIAN_POINT('',(800.745071411,438.951148827,180.13931271));
#8517=CARTESIAN_POINT('',(800.470359836,438.79505975,180.034013255));
#8518=CARTESIAN_POINT('',(800.32360531,438.729166046,179.98787565));
#8519=CARTESIAN_POINT('',(800.017120238,438.624294907,179.910452303));
#8520=CARTESIAN_POINT('',(799.857397808,438.585320253,179.879168603));
#8521=CARTESIAN_POINT('',(799.531328847,438.535839852,179.83269552));
#8522=CARTESIAN_POINT('',(799.364990951,438.52533542,179.81750736));
#8523=CARTESIAN_POINT('',(799.198648649,438.529275752,179.810667576));
#8524=CARTESIAN_POINT('',(801.670441253,440.642587935,181.506675463));
#8525=CARTESIAN_POINT('',(801.68265411,440.494870981,181.420932264));
#8526=CARTESIAN_POINT('',(801.677379234,440.347158385,181.332713156));
#8527=CARTESIAN_POINT('',(801.632082334,440.057927983,181.155015486));
#8528=CARTESIAN_POINT('',(801.592061663,439.916418711,181.065542157));
#8529=CARTESIAN_POINT('',(801.478958187,439.645538652,180.889088477));
#8530=CARTESIAN_POINT('',(801.405878734,439.516175859,180.802113315));
#8531=CARTESIAN_POINT('',(801.229729889,439.275023343,180.634301175));
#8532=CARTESIAN_POINT('',(801.126665706,439.163240739,180.553469124));
#8533=CARTESIAN_POINT('',(800.894877738,438.961946105,180.401328605));
#8534=CARTESIAN_POINT('',(800.766160798,438.872440021,180.330024596));
#8535=CARTESIAN_POINT('',(800.488474026,438.719461763,180.199924139));
#8536=CARTESIAN_POINT('',(800.33951239,438.655994113,180.141131498));
#8537=CARTESIAN_POINT('',(800.027592453,438.557763934,180.038511623));
#8538=CARTESIAN_POINT('',(799.864643357,438.523004316,179.994687384));
#8539=CARTESIAN_POINT('',(799.531591796,438.483657092,179.923833412));
#8540=CARTESIAN_POINT('',(799.361499159,438.479070662,179.896805737));
#8541=CARTESIAN_POINT('',(799.191401501,438.489670656,179.878737373));
#8542=CARTESIAN_POINT('',(801.633844168,440.606985849,181.716215439));
#8543=CARTESIAN_POINT('',(801.65166783,440.456582759,181.629469545));
#8544=CARTESIAN_POINT('',(801.651505099,440.306184453,181.53905631));
#8545=CARTESIAN_POINT('',(801.615223004,440.011937902,181.354827804));
#8546=CARTESIAN_POINT('',(801.579104823,439.868099019,181.261018392));
#8547=CARTESIAN_POINT('',(801.47249343,439.593245728,181.074085591));
#8548=CARTESIAN_POINT('',(801.402003634,439.462240069,180.980968135));
#8549=CARTESIAN_POINT('',(801.22972899,439.218769198,180.799473802));
#8550=CARTESIAN_POINT('',(801.127949645,439.106311739,180.711102674));
#8551=CARTESIAN_POINT('',(800.897539779,438.904845839,180.54294582));
#8552=CARTESIAN_POINT('',(800.768916609,438.815843818,180.463165411));
#8553=CARTESIAN_POINT('',(800.490433052,438.665176107,180.31565813));
#8554=CARTESIAN_POINT('',(800.340581541,438.603515224,180.247935912));
#8555=CARTESIAN_POINT('',(800.026180618,438.510226388,180.127486018));
#8556=CARTESIAN_POINT('',(799.861641222,438.478601422,180.074762131));
#8557=CARTESIAN_POINT('',(799.525044222,438.446772623,179.986595341));
#8558=CARTESIAN_POINT('',(799.352997341,438.446569825,179.9511552));
#8559=CARTESIAN_POINT('',(799.180944979,438.462087113,179.925122045));
#8560=CARTESIAN_POINT('',(801.549621682,440.553115294,182.02667773));
#8561=CARTESIAN_POINT('',(801.576024031,440.398194335,181.939874975));
#8562=CARTESIAN_POINT('',(801.583847688,440.243278917,181.847430983));
#8563=CARTESIAN_POINT('',(801.561979382,439.940596217,181.655519667));
#8564=CARTESIAN_POINT('',(801.532288208,439.792839762,181.556059208));
#8565=CARTESIAN_POINT('',(801.436761781,439.511303987,181.354710111));
#8566=CARTESIAN_POINT('',(801.370929951,439.37753474,181.252828672));
#8567=CARTESIAN_POINT('',(801.20616384,439.13015668,181.05134411));
#8568=CARTESIAN_POINT('',(801.107235459,439.016556719,180.951748189));
#8569=CARTESIAN_POINT('',(800.880847368,438.814769172,180.759435147));
#8570=CARTESIAN_POINT('',(800.753395762,438.726588808,180.6667249));
#8571=CARTESIAN_POINT('',(800.475850591,438.579718385,180.492465262));
#8572=CARTESIAN_POINT('',(800.32576696,438.521033585,180.410922098));
#8573=CARTESIAN_POINT('',(800.009893229,438.435869783,180.26276257));
#8574=CARTESIAN_POINT('',(799.844114433,438.409393833,180.196151497));
#8575=CARTESIAN_POINT('',(799.504511533,438.38987528,180.080932152));
#8576=CARTESIAN_POINT('',(799.330699582,438.396833381,180.032327993));
#8577=CARTESIAN_POINT('',(799.156881411,438.420349566,179.993847288));
#8578=CARTESIAN_POINT('',(801.516758915,440.535187154,182.128909346));
#8579=CARTESIAN_POINT('',(801.546029721,440.37868642,182.04233176));
#8580=CARTESIAN_POINT('',(801.556552013,440.222191492,181.949427445));
#8581=CARTESIAN_POINT('',(801.539607917,439.916558972,181.755326854));
#8582=CARTESIAN_POINT('',(801.512142165,439.767432733,181.654137789));
#8583=CARTESIAN_POINT('',(801.420514707,439.483560266,181.448231412));
#8584=CARTESIAN_POINT('',(801.356356413,439.348824584,181.343521746));
#8585=CARTESIAN_POINT('',(801.194364362,439.100079046,181.135503029));
#8586=CARTESIAN_POINT('',(801.09653663,438.986078433,181.032201698));
#8587=CARTESIAN_POINT('',(800.871811682,438.784173281,180.831861724));
#8588=CARTESIAN_POINT('',(800.744922819,438.696276246,180.734830515));
#8589=CARTESIAN_POINT('',(800.468050176,438.550720127,180.551597335));
#8590=CARTESIAN_POINT('',(800.318076685,438.493066454,180.46540216));
#8591=CARTESIAN_POINT('',(800.002096635,438.410715556,180.307897267));
#8592=CARTESIAN_POINT('',(799.836101818,438.386021395,180.236593389));
#8593=CARTESIAN_POINT('',(799.495895772,438.370756609,180.112226222));
#8594=CARTESIAN_POINT('',(799.321697185,438.380186557,180.059167542));
#8595=CARTESIAN_POINT('',(799.147492125,438.4064586,180.016477302));
#8596=CARTESIAN_POINT('',(801.44226114,440.499768797,182.328845709));
#8597=CARTESIAN_POINT('',(801.477153122,440.339978149,182.24322431));
#8598=CARTESIAN_POINT('',(801.493024413,440.180193884,182.149864111));
#8599=CARTESIAN_POINT('',(801.485954972,439.868418732,181.952212885));
#8600=CARTESIAN_POINT('',(801.46301453,439.716440315,181.847929763));
#8601=CARTESIAN_POINT('',(801.37944147,439.427702428,181.633526099));
#8602=CARTESIAN_POINT('',(801.318812202,439.290954507,181.523414128));
#8603=CARTESIAN_POINT('',(801.162822593,439.039359932,181.302730379));
#8604=CARTESIAN_POINT('',(801.067468499,438.924523342,181.19216742));
#8605=CARTESIAN_POINT('',(800.846686895,438.722364135,180.975980955));
#8606=CARTESIAN_POINT('',(800.721268221,438.635049606,180.870366085));
#8607=CARTESIAN_POINT('',(800.446484105,438.492203476,180.669233122));
#8608=CARTESIAN_POINT('',(800.297129659,438.436677593,180.573723063));
#8609=CARTESIAN_POINT('',(799.981770346,438.360125429,180.397463376));
#8610=CARTESIAN_POINT('',(799.815778097,438.339102215,180.316720788));
#8611=CARTESIAN_POINT('',(799.475252822,438.332587039,180.173938427));
#8612=CARTESIAN_POINT('',(799.300733419,438.347095343,180.111904353));
#8613=CARTESIAN_POINT('',(799.126207035,438.379017352,180.060736056));
#8614=CARTESIAN_POINT('',(801.400539135,440.482224209,182.426880085));
#8615=CARTESIAN_POINT('',(801.438193285,440.320718572,182.341989599));
#8616=CARTESIAN_POINT('',(801.456723719,440.159219615,182.248631635));
#8617=CARTESIAN_POINT('',(801.454620529,439.844242527,182.04961079));
#8618=CARTESIAN_POINT('',(801.433987,439.69077746,181.943956165));
#8619=CARTESIAN_POINT('',(801.354581428,439.399503539,181.725597078));
#8620=CARTESIAN_POINT('',(801.295812685,439.261706767,181.612901672));
#8621=CARTESIAN_POINT('',(801.143059499,439.008626248,181.386065723));
#8622=CARTESIAN_POINT('',(801.049081399,438.893352999,181.271934583));
#8623=CARTESIAN_POINT('',(800.830584119,438.691056758,181.047902827));
#8624=CARTESIAN_POINT('',(800.70607401,438.604042159,180.938011494));
#8625=CARTESIAN_POINT('',(800.432706552,438.462595519,180.727923828));
#8626=CARTESIAN_POINT('',(800.28386055,438.408169351,180.627736198));
#8627=CARTESIAN_POINT('',(799.969226239,438.334611449,180.442037631));
#8628=CARTESIAN_POINT('',(799.803450988,438.315482772,180.356534384));
#8629=CARTESIAN_POINT('',(799.463205851,438.313476363,180.204455923));
#8630=CARTESIAN_POINT('',(799.288750084,438.33059872,180.137887004));
#8631=CARTESIAN_POINT('',(799.114287077,438.365423284,180.08243698));
#8632=CARTESIAN_POINT('',(801.261941669,440.430116098,182.715246177));
#8633=CARTESIAN_POINT('',(801.30760512,440.263233628,182.633334405));
#8634=CARTESIAN_POINT('',(801.33395,440.096358824,182.540702925));
#8635=CARTESIAN_POINT('',(801.346634418,439.771343975,182.338845106));
#8636=CARTESIAN_POINT('',(801.3329734,439.613218897,182.229628073));
#8637=CARTESIAN_POINT('',(801.266367606,439.313996197,182.000324435));
#8638=CARTESIAN_POINT('',(801.213425928,439.172912358,181.880248384));
#8639=CARTESIAN_POINT('',(801.071040312,438.915173021,181.635517733));
#8640=CARTESIAN_POINT('',(800.981602962,438.798529401,181.510874383));
#8641=CARTESIAN_POINT('',(800.770921294,438.5957919,181.263536621));
#8642=CARTESIAN_POINT('',(800.649686709,438.509707368,181.140853568));
#8643=CARTESIAN_POINT('',(800.381773309,438.372609208,180.903858867));
#8644=CARTESIAN_POINT('',(800.235106862,438.321601912,180.789558093));
#8645=CARTESIAN_POINT('',(799.924026262,438.257342156,180.575309556));
#8646=CARTESIAN_POINT('',(799.759626463,438.244092678,180.475371614));
#8647=CARTESIAN_POINT('',(799.42170597,438.256054387,180.295076824));
#8648=CARTESIAN_POINT('',(799.248200865,438.28126505,180.214728233));
#8649=CARTESIAN_POINT('',(799.074687754,438.325051239,180.146270895));
#8650=CARTESIAN_POINT('',(801.151782319,440.396070588,182.899899591));
#8651=CARTESIAN_POINT('',(801.20243114,440.22529356,182.821023418));
#8652=CARTESIAN_POINT('',(801.233782104,440.05452496,182.729836921));
#8653=CARTESIAN_POINT('',(801.256199443,439.722240639,182.527784041));
#8654=CARTESIAN_POINT('',(801.24726474,439.560741321,182.416927656));
#8655=CARTESIAN_POINT('',(801.189600722,439.255763702,182.181554316));
#8656=CARTESIAN_POINT('',(801.14087429,439.11230046,182.057048982));
#8657=CARTESIAN_POINT('',(801.006278516,438.851186161,181.801133424));
#8658=CARTESIAN_POINT('',(800.92041586,438.733548003,181.669735817));
#8659=CARTESIAN_POINT('',(800.716216701,438.530475604,181.407161611));
#8660=CARTESIAN_POINT('',(800.597890324,438.445051403,181.275997942));
#8661=CARTESIAN_POINT('',(800.335196333,438.311052504,181.021001779));
#8662=CARTESIAN_POINT('',(800.190841736,438.262484444,180.897181831));
#8663=CARTESIAN_POINT('',(799.883938011,438.204845122,180.663582671));
#8664=CARTESIAN_POINT('',(799.721404084,438.195776735,180.55381494));
#8665=CARTESIAN_POINT('',(799.386976345,438.217641823,180.354266162));
#8666=CARTESIAN_POINT('',(799.215099094,438.248574254,180.264494911));
#8667=CARTESIAN_POINT('',(799.043213329,438.298675085,180.187147407));
#8668=CARTESIAN_POINT('',(800.957426386,440.34636199,183.164932801));
#8669=CARTESIAN_POINT('',(801.01429481,440.169190911,183.09228878));
#8670=CARTESIAN_POINT('',(801.052206568,439.992029538,183.004831814));
#8671=CARTESIAN_POINT('',(801.087959822,439.647813133,182.80527363));
#8672=CARTESIAN_POINT('',(801.085799365,439.480776963,182.693183353));
#8673=CARTESIAN_POINT('',(801.041529437,439.166359277,182.450763324));
#8674=CARTESIAN_POINT('',(800.9994224,439.018994992,182.320446856));
#8675=CARTESIAN_POINT('',(800.87766415,438.752346368,182.049020417));
#8676=CARTESIAN_POINT('',(800.798019618,438.633076644,181.907925315));
#8677=CARTESIAN_POINT('',(800.60573726,438.429437993,181.623003349));
#8678=CARTESIAN_POINT('',(800.49310998,438.345080229,181.479192092));
#8679=CARTESIAN_POINT('',(800.241298865,438.216092137,181.197054787));
#8680=CARTESIAN_POINT('',(800.10212884,438.171468883,181.05874419));
#8681=CARTESIAN_POINT('',(799.805186886,438.124506382,180.795511038));
#8682=CARTESIAN_POINT('',(799.64743124,438.122169717,180.670602896));
#8683=CARTESIAN_POINT('',(799.322335924,438.159920729,180.44131197));
#8684=CARTESIAN_POINT('',(799.155014081,438.200006346,180.336941739));
#8685=CARTESIAN_POINT('',(798.98768306,438.260162116,180.245816275));
#8686=CARTESIAN_POINT('',(800.887563775,440.329996285,183.251401331));
#8687=CARTESIAN_POINT('',(800.946292069,440.150596653,183.181122064));
#8688=CARTESIAN_POINT('',(800.986230542,439.971207172,183.095174629));
#8689=CARTESIAN_POINT('',(801.026217185,439.622832443,182.896921119));
#8690=CARTESIAN_POINT('',(801.026263096,439.453866931,182.784626284));
#8691=CARTESIAN_POINT('',(800.986459368,439.136160314,182.540201962));
#8692=CARTESIAN_POINT('',(800.946611993,438.987437211,182.408086325));
#8693=CARTESIAN_POINT('',(800.829335351,438.718860691,182.131695641));
#8694=CARTESIAN_POINT('',(800.751912739,438.599022494,181.987436251));
#8695=CARTESIAN_POINT('',(800.563983624,438.395183919,181.695138689));
#8696=CARTESIAN_POINT('',(800.453487782,438.311195094,181.547117069));
#8697=CARTESIAN_POINT('',(800.205833064,438.183941397,181.25589427));
#8698=CARTESIAN_POINT('',(800.068688233,438.140683741,181.11270958));
#8699=CARTESIAN_POINT('',(799.775706038,438.097412587,180.839479038));
#8700=CARTESIAN_POINT('',(799.619885286,438.097401549,180.709448654));
#8701=CARTESIAN_POINT('',(799.298608132,438.140631396,180.470081229));
#8702=CARTESIAN_POINT('',(799.133169947,438.183869842,180.360757736));
#8703=CARTESIAN_POINT('',(798.967722381,438.247481618,180.264956889));
#8704=CARTESIAN_POINT('',(800.740290406,440.298429133,183.416827229));
#8705=CARTESIAN_POINT('',(800.802086212,440.114474368,183.351727258));
#8706=CARTESIAN_POINT('',(800.845538582,439.930530704,183.269251102));
#8707=CARTESIAN_POINT('',(800.893160976,439.573657627,183.074477587));
#8708=CARTESIAN_POINT('',(800.897328129,439.400749774,182.962192001));
#8709=CARTESIAN_POINT('',(800.86612721,439.076324173,182.71453441));
#8710=CARTESIAN_POINT('',(800.830761032,438.924826025,182.579177368));
#8711=CARTESIAN_POINT('',(800.722613146,438.652312673,182.293495469));
#8712=CARTESIAN_POINT('',(800.649837983,438.531313934,182.143187869));
#8713=CARTESIAN_POINT('',(800.471237114,438.327063798,181.836620313));
#8714=CARTESIAN_POINT('',(800.365422209,438.243824744,181.680378872));
#8715=CARTESIAN_POINT('',(800.127090135,438.120094154,181.371315256));
#8716=CARTESIAN_POINT('',(799.994587377,438.079610099,181.218511742));
#8717=CARTESIAN_POINT('',(799.71083019,438.043825471,180.925489759));
#8718=CARTESIAN_POINT('',(799.559592918,438.048527068,180.785288979));
#8719=CARTESIAN_POINT('',(799.247442509,438.102839278,180.525882785));
#8720=CARTESIAN_POINT('',(799.086548244,438.152446619,180.406693028));
#8721=CARTESIAN_POINT('',(798.925644252,438.22302419,180.301576246));
#8722=CARTESIAN_POINT('',(800.662591588,440.283150995,183.496219013));
#8723=CARTESIAN_POINT('',(800.72560636,440.096859508,183.433942809));
#8724=CARTESIAN_POINT('',(800.77055752,439.910579592,183.353433641));
#8725=CARTESIAN_POINT('',(800.82160527,439.549347431,183.160838062));
#8726=CARTESIAN_POINT('',(800.827698684,439.374417696,183.048763664));
#8727=CARTESIAN_POINT('',(800.800656323,439.046546816,182.799864644));
#8728=CARTESIAN_POINT('',(800.767522243,438.893626103,182.663055537));
#8729=CARTESIAN_POINT('',(800.664041446,438.619094695,182.373020914));
#8730=CARTESIAN_POINT('',(800.593701188,438.497501111,182.219813469));
#8731=CARTESIAN_POINT('',(800.420092755,438.293038047,181.906315078));
#8732=CARTESIAN_POINT('',(800.316835413,438.210181311,181.746043662));
#8733=CARTESIAN_POINT('',(800.083684489,438.088246981,181.428180846));
#8734=CARTESIAN_POINT('',(799.953805453,438.049176991,181.270609245));
#8735=CARTESIAN_POINT('',(799.675326275,438.017204123,180.967745536));
#8736=CARTESIAN_POINT('',(799.526743504,438.024303246,180.82247229));
#8737=CARTESIAN_POINT('',(799.219913004,438.084243928,180.553056111));
#8738=CARTESIAN_POINT('',(799.061684415,438.137081763,180.428929954));
#8739=CARTESIAN_POINT('',(798.90344595,438.211185022,180.319150546));
#8740=CARTESIAN_POINT('',(800.498800682,440.253677154,183.648231153));
#8741=CARTESIAN_POINT('',(800.563470664,440.062614347,183.592005766));
#8742=CARTESIAN_POINT('',(800.610761608,439.871564144,183.515840802));
#8743=CARTESIAN_POINT('',(800.667629502,439.501432675,183.328396121));
#8744=CARTESIAN_POINT('',(800.677202694,439.322375898,183.217128815));
#8745=CARTESIAN_POINT('',(800.658030568,438.98747437,182.966461923));
#8746=CARTESIAN_POINT('',(800.629286528,438.831651777,182.827078927));
#8747=CARTESIAN_POINT('',(800.535281797,438.553004822,182.528927942));
#8748=CARTESIAN_POINT('',(800.470027338,438.430198899,182.370179679));
#8749=CARTESIAN_POINT('',(800.307096764,438.225300371,182.043261231));
#8750=CARTESIAN_POINT('',(800.209431445,438.143221326,181.875112671));
#8751=CARTESIAN_POINT('',(799.987810078,438.02493624,181.539947202));
#8752=CARTESIAN_POINT('',(799.863868711,437.988738031,181.372952461));
#8753=CARTESIAN_POINT('',(799.597477085,437.964494984,181.050576438));
#8754=CARTESIAN_POINT('',(799.455044469,437.976451757,180.895216475));
#8755=CARTESIAN_POINT('',(799.16061442,438.047776491,180.60586232));
#8756=CARTESIAN_POINT('',(799.008636486,438.107139743,180.471887259));
#8757=CARTESIAN_POINT('',(798.856648482,438.18834945,180.352800535));
#8758=CARTESIAN_POINT('',(800.412710892,440.239481665,183.720853344));
#8759=CARTESIAN_POINT('',(800.477817268,440.045984001,183.667855503));
#8760=CARTESIAN_POINT('',(800.525949342,439.852499493,183.59406821));
#8761=CARTESIAN_POINT('',(800.58521226,439.477827289,183.409597269));
#8762=CARTESIAN_POINT('',(800.59633907,439.296665108,183.298926195));
#8763=CARTESIAN_POINT('',(800.580878776,438.958177781,183.047733356));
#8764=CARTESIAN_POINT('',(800.554292732,438.800875687,182.907228703));
#8765=CARTESIAN_POINT('',(800.465097041,438.520130949,182.605314253));
#8766=CARTESIAN_POINT('',(800.402493479,438.396707427,182.443925019));
#8767=CARTESIAN_POINT('',(800.245248287,438.191586249,182.110517199));
#8768=CARTESIAN_POINT('',(800.150617381,438.109902567,181.938521315));
#8769=CARTESIAN_POINT('',(799.935344276,437.993470543,181.594851957));
#8770=CARTESIAN_POINT('',(799.814716757,437.958730137,181.423201879));
#8771=CARTESIAN_POINT('',(799.555134436,437.938405408,181.091154612));
#8772=CARTESIAN_POINT('',(799.416197334,437.952822477,180.930780026));
#8773=CARTESIAN_POINT('',(799.12884751,438.029903194,180.631497093));
#8774=CARTESIAN_POINT('',(798.980454381,438.092561602,180.492609117));
#8775=CARTESIAN_POINT('',(798.832051124,438.177352313,180.368877295));
#8776=CARTESIAN_POINT('',(800.231560467,440.212303869,183.858996093));
#8777=CARTESIAN_POINT('',(800.296580997,440.013876692,183.812761439));
#8778=CARTESIAN_POINT('',(800.34557539,439.815463777,183.744060731));
#8779=CARTESIAN_POINT('',(800.408318108,439.431599775,183.566208374));
#8780=CARTESIAN_POINT('',(800.422061917,439.24617632,183.457069538));
#8781=CARTESIAN_POINT('',(800.413399568,438.900433259,183.205482508));
#8782=CARTESIAN_POINT('',(800.39099404,438.740138541,183.063052429));
#8783=CARTESIAN_POINT('',(800.311496845,438.455151785,182.754203987));
#8784=CARTESIAN_POINT('',(800.254410911,438.330480262,182.587807856));
#8785=CARTESIAN_POINT('',(800.10928851,438.124908308,182.241917721));
#8786=CARTESIAN_POINT('',(800.021262503,438.044022678,182.062448609));
#8787=CARTESIAN_POINT('',(799.820022626,437.931325784,181.702159447));
#8788=CARTESIAN_POINT('',(799.70682326,437.899522638,181.521365323));
#8789=CARTESIAN_POINT('',(799.462648956,437.887081641,181.170260782));
#8790=CARTESIAN_POINT('',(799.331691614,437.906444695,180.999975628));
#8791=CARTESIAN_POINT('',(799.060577803,437.995077718,180.681036878));
#8792=CARTESIAN_POINT('',(798.920440872,438.064341317,180.532406229));
#8793=CARTESIAN_POINT('',(798.780293833,438.156295649,180.399457126));
#8794=CARTESIAN_POINT('',(800.13618405,440.19927792,183.92471338));
#8795=CARTESIAN_POINT('',(800.20067822,439.998347866,183.882026392));
#8796=CARTESIAN_POINT('',(800.249691688,439.797432665,183.816044049));
#8797=CARTESIAN_POINT('',(800.313518979,439.408902422,183.641849788));
#8798=CARTESIAN_POINT('',(800.328328081,439.221316103,183.533650761));
#8799=CARTESIAN_POINT('',(800.32275953,438.871891297,183.282197453));
#8800=CARTESIAN_POINT('',(800.302382293,438.710078641,183.138961768));
#8801=CARTESIAN_POINT('',(800.227789612,438.422940969,182.826933983));
#8802=CARTESIAN_POINT('',(800.173579693,438.29763718,182.658164951));
#8803=CARTESIAN_POINT('',(800.034916283,438.091836784,182.306263708));
#8804=CARTESIAN_POINT('',(799.95047306,438.011355395,182.123157508));
#8805=CARTESIAN_POINT('',(799.756945126,437.900547188,181.754727116));
#8806=CARTESIAN_POINT('',(799.647874742,437.870228568,181.569430155));
#8807=CARTESIAN_POINT('',(799.412330152,437.86176637,181.208909864));
#8808=CARTESIAN_POINT('',(799.285873382,437.883623425,181.033713178));
#8809=CARTESIAN_POINT('',(799.023948857,437.978071997,180.705016309));
#8810=CARTESIAN_POINT('',(798.88850049,438.050656542,180.551540415));
#8811=CARTESIAN_POINT('',(798.753042096,438.146205222,180.414004434));
#8812=CARTESIAN_POINT('',(799.837317222,440.162549235,184.108968348));
#8813=CARTESIAN_POINT('',(799.898517413,439.95417727,184.07708886));
#8814=CARTESIAN_POINT('',(799.94609231,439.745821881,184.019511473));
#8815=CARTESIAN_POINT('',(800.010728604,439.343419035,183.856917202));
#8816=CARTESIAN_POINT('',(800.027784855,439.149403593,183.751913299));
#8817=CARTESIAN_POINT('',(800.030206828,438.789037551,183.501693641));
#8818=CARTESIAN_POINT('',(800.015572376,438.622715625,183.356497817));
#8819=CARTESIAN_POINT('',(799.955622164,438.329190543,183.035885365));
#8820=CARTESIAN_POINT('',(799.910311216,438.202010749,182.86049425));
#8821=CARTESIAN_POINT('',(799.792133608,437.995532909,182.491558187));
#8822=CARTESIAN_POINT('',(799.719276412,437.916251307,182.29804258));
#8823=CARTESIAN_POINT('',(799.551032516,437.811038917,181.906170424));
#8824=CARTESIAN_POINT('',(799.455659278,437.785116524,181.707845027));
#8825=CARTESIAN_POINT('',(799.248963342,437.788421219,181.319996622));
#8826=CARTESIAN_POINT('',(799.137657179,437.817648074,181.130504434));
#8827=CARTESIAN_POINT('',(798.906775411,437.929255421,180.773358186));
#8828=CARTESIAN_POINT('',(798.787218273,438.011627067,180.605732498));
#8829=CARTESIAN_POINT('',(798.667651572,438.117748765,180.454791889));
#8830=CARTESIAN_POINT('',(799.625540709,440.14166448,184.212269846));
#8831=CARTESIAN_POINT('',(799.682287836,439.928510303,184.187679102));
#8832=CARTESIAN_POINT('',(799.726911858,439.715373805,184.135934225));
#8833=CARTESIAN_POINT('',(799.788781992,439.304058936,183.981766705));
#8834=CARTESIAN_POINT('',(799.806022938,439.10591476,183.87935691));
#8835=CARTESIAN_POINT('',(799.81190748,438.738526339,183.631060916));
#8836=CARTESIAN_POINT('',(799.800550591,438.569312641,183.485195381));
#8837=CARTESIAN_POINT('',(799.750037138,438.271694734,183.160245081));
#8838=CARTESIAN_POINT('',(799.710884804,438.143315275,182.981187341));
#8839=CARTESIAN_POINT('',(799.607538911,437.936405619,182.602444116));
#8840=CARTESIAN_POINT('',(799.543353997,437.857892635,182.402790116));
#8841=CARTESIAN_POINT('',(799.394467547,437.756250115,181.996894688));
#8842=CARTESIAN_POINT('',(799.309778464,437.733129043,181.790686993));
#8843=CARTESIAN_POINT('',(799.125855285,437.743909591,181.386186127));
#8844=CARTESIAN_POINT('',(799.02663657,437.777810332,181.187926567));
#8845=CARTESIAN_POINT('',(798.820651556,437.900263279,180.813266024));
#8846=CARTESIAN_POINT('',(798.713902483,437.988805324,180.636896168));
#8847=CARTESIAN_POINT('',(798.607144487,438.101565474,180.477658569));
#8848=CARTESIAN_POINT('',(799.343639643,440.12072304,184.31518073));
#8849=CARTESIAN_POINT('',(799.391763155,439.902421403,184.298581826));
#8850=CARTESIAN_POINT('',(799.429969797,439.6841387,184.253320937));
#8851=CARTESIAN_POINT('',(799.483814511,439.26323325,184.108714891));
#8852=CARTESIAN_POINT('',(799.499447901,439.060647092,184.009382305));
#8853=CARTESIAN_POINT('',(799.507017777,438.685706644,183.763767389));
#8854=CARTESIAN_POINT('',(799.498953603,438.513384947,183.61750641));
#8855=CARTESIAN_POINT('',(799.459704386,438.211371408,183.288545225));
#8856=CARTESIAN_POINT('',(799.428522756,438.08170582,183.105873616));
#8857=CARTESIAN_POINT('',(799.345277596,437.874337041,182.717221871));
#8858=CARTESIAN_POINT('',(799.293221307,437.796651877,182.51127552));
#8859=CARTESIAN_POINT('',(799.171967697,437.698839944,182.090880972));
#8860=CARTESIAN_POINT('',(799.102780922,437.678721678,181.876469318));
#8861=CARTESIAN_POINT('',(798.95224005,437.69750059,181.4545621));
#8862=CARTESIAN_POINT('',(798.870899044,437.736396136,181.24710321));
#8863=CARTESIAN_POINT('',(798.70189853,437.870415975,180.854022052));
#8864=CARTESIAN_POINT('',(798.614253719,437.965528619,180.668433952));
#8865=CARTESIAN_POINT('',(798.52660129,438.085340604,180.500439281));
#8866=CARTESIAN_POINT('',(799.286393595,440.116793015,184.334437103));
#8867=CARTESIAN_POINT('',(799.332641592,439.897504896,184.319378442));
#8868=CARTESIAN_POINT('',(799.369430296,439.678235987,184.275372087));
#8869=CARTESIAN_POINT('',(799.421445097,439.255492784,184.132626566));
#8870=CARTESIAN_POINT('',(799.436666634,439.052055539,184.033899912));
#8871=CARTESIAN_POINT('',(799.444444042,438.675668348,183.788833377));
#8872=CARTESIAN_POINT('',(799.436999231,438.502751388,183.642514975));
#8873=CARTESIAN_POINT('',(799.399977713,438.199896229,183.312822186));
#8874=CARTESIAN_POINT('',(799.370404253,438.069984573,183.129476695));
#8875=CARTESIAN_POINT('',(799.291257488,437.862528371,182.738962378));
#8876=CARTESIAN_POINT('',(799.241691124,437.785002005,182.531827776));
#8877=CARTESIAN_POINT('',(799.126134914,437.687923757,182.108687875));
#8878=CARTESIAN_POINT('',(799.0601552,437.668380383,181.892719659));
#8879=CARTESIAN_POINT('',(798.916534691,437.688689649,181.467505567));
#8880=CARTESIAN_POINT('',(798.838906487,437.728540511,181.258296955));
#8881=CARTESIAN_POINT('',(798.677593513,437.864771291,180.86170968));
#8882=CARTESIAN_POINT('',(798.593922886,437.961139271,180.674365773));
#8883=CARTESIAN_POINT('',(798.510244922,438.082297548,180.504702547));
#8884=CARTESIAN_POINT('',(799.170081399,440.109488832,184.370193189));
#8885=CARTESIAN_POINT('',(799.212281279,439.888333573,184.358061809));
#8886=CARTESIAN_POINT('',(799.245969296,439.667197984,184.316446931));
#8887=CARTESIAN_POINT('',(799.293882134,439.240976353,184.177263465));
#8888=CARTESIAN_POINT('',(799.30810269,439.035928236,184.079707264));
#8889=CARTESIAN_POINT('',(799.316042357,438.656802895,183.835729259));
#8890=CARTESIAN_POINT('',(799.309760762,438.482759404,183.689329167));
#8891=CARTESIAN_POINT('',(799.277149666,438.178311572,183.358306319));
#8892=CARTESIAN_POINT('',(799.250823068,438.047934321,183.173713018));
#8893=CARTESIAN_POINT('',(799.180034288,437.840312544,182.779727254));
#8894=CARTESIAN_POINT('',(799.135578408,437.763086492,182.570369847));
#8895=CARTESIAN_POINT('',(799.031763014,437.667395354,182.142083393));
#8896=CARTESIAN_POINT('',(798.972412743,437.648938783,181.923192453));
#8897=CARTESIAN_POINT('',(798.843124973,437.672140062,181.491762699));
#8898=CARTESIAN_POINT('',(798.773198985,437.713795848,181.279262272));
#8899=CARTESIAN_POINT('',(798.627846564,437.854202033,180.876075142));
#8900=CARTESIAN_POINT('',(798.552433071,437.95293994,180.685424311));
#8901=CARTESIAN_POINT('',(798.477012864,438.076638454,180.512617659));
#8902=CARTESIAN_POINT('',(799.110799418,440.106101857,184.386741057));
#8903=CARTESIAN_POINT('',(799.150817854,439.884063424,184.376000675));
#8904=CARTESIAN_POINT('',(799.18281613,439.662044878,184.335525994));
#8905=CARTESIAN_POINT('',(799.228447133,439.234178006,184.198048941));
#8906=CARTESIAN_POINT('',(799.242075769,439.028368021,184.10105889));
#8907=CARTESIAN_POINT('',(799.249968978,438.647947798,183.857622615));
#8908=CARTESIAN_POINT('',(799.244232843,438.473371651,183.711198206));
#8909=CARTESIAN_POINT('',(799.213811964,438.168170899,183.379575224));
#8910=CARTESIAN_POINT('',(799.189129949,438.037573645,183.194406368));
#8911=CARTESIAN_POINT('',(799.1226164,437.8298738,182.798807144));
#8912=CARTESIAN_POINT('',(799.080790829,437.752789823,182.588412226));
#8913=CARTESIAN_POINT('',(798.983041521,437.65775428,182.157717682));
#8914=CARTESIAN_POINT('',(798.927126546,437.639811231,181.93745665));
#8915=CARTESIAN_POINT('',(798.80527923,437.664378328,181.503109719));
#8916=CARTESIAN_POINT('',(798.739357813,437.706886273,181.289062742));
#8917=CARTESIAN_POINT('',(798.602309881,437.849262746,180.882772897));
#8918=CARTESIAN_POINT('',(798.531195653,437.949118515,180.690566437));
#8919=CARTESIAN_POINT('',(798.46007505,438.074014454,180.516280601));
#8920=CARTESIAN_POINT('',(798.932350212,440.096928008,184.431501731));
#8921=CARTESIAN_POINT('',(798.965484343,439.872462511,184.424595851));
#8922=CARTESIAN_POINT('',(798.992101517,439.648017505,184.387271791));
#8923=CARTESIAN_POINT('',(799.03034808,439.215629503,184.254525789));
#8924=CARTESIAN_POINT('',(799.041973971,439.007725996,184.159115974));
#8925=CARTESIAN_POINT('',(799.049377664,438.623747874,183.917220971));
#8926=CARTESIAN_POINT('',(799.045154789,438.447708327,183.770757879));
#8927=CARTESIAN_POINT('',(799.021169785,438.140439318,183.437542738));
#8928=CARTESIAN_POINT('',(799.001409852,438.009237919,183.250821124));
#8929=CARTESIAN_POINT('',(798.94780591,437.801324027,182.850844305));
#8930=CARTESIAN_POINT('',(798.913966808,437.724630524,182.637625629));
#8931=CARTESIAN_POINT('',(798.834698696,437.631395559,182.200365262));
#8932=CARTESIAN_POINT('',(798.789276941,437.614862614,181.976363504));
#8933=CARTESIAN_POINT('',(798.690192678,437.643178829,181.534044954));
#8934=CARTESIAN_POINT('',(798.636539238,437.688025405,181.315768555));
#8935=CARTESIAN_POINT('',(798.524948678,437.83580697,180.900989552));
#8936=CARTESIAN_POINT('',(798.46702177,437.938728466,180.704524825));
#8937=CARTESIAN_POINT('',(798.409089561,438.066906789,180.526189009));
#8938=CARTESIAN_POINT('',(798.812303281,440.092096834,184.454984908));
#8939=CARTESIAN_POINT('',(798.840386268,439.866303941,184.45019256));
#8940=CARTESIAN_POINT('',(798.862993949,439.640531882,184.414615508));
#8941=CARTESIAN_POINT('',(798.895591055,439.205671491,184.284514836));
#8942=CARTESIAN_POINT('',(798.905577468,438.996623282,184.190003222));
#8943=CARTESIAN_POINT('',(798.912189387,438.610700173,183.949024353));
#8944=CARTESIAN_POINT('',(798.908814283,438.433860879,183.802579333));
#8945=CARTESIAN_POINT('',(798.888950937,438.125462004,183.468573025));
#8946=CARTESIAN_POINT('',(798.872464531,437.993930877,183.281042555));
#8947=CARTESIAN_POINT('',(798.827598403,437.785900728,182.878750252));
#8948=CARTESIAN_POINT('',(798.799222827,437.709420901,182.664025536));
#8949=CARTESIAN_POINT('',(798.732679811,437.617169339,182.223246673));
#8950=CARTESIAN_POINT('',(798.694518519,437.601406116,181.997233193));
#8951=CARTESIAN_POINT('',(798.611231373,437.631766898,181.550617861));
#8952=CARTESIAN_POINT('',(798.566113213,437.677888101,181.330057215));
#8953=CARTESIAN_POINT('',(798.472255902,437.828612659,180.910687686));
#8954=CARTESIAN_POINT('',(798.423525422,437.933202107,180.711917494));
#8955=CARTESIAN_POINT('',(798.374790439,438.063164093,180.531387617));
#8956=CARTESIAN_POINT('',(798.570053652,440.085023075,184.489336531));
#8957=CARTESIAN_POINT('',(798.587410657,439.8572617,184.48768537));
#8958=CARTESIAN_POINT('',(798.601431416,439.629521651,184.454709728));
#8959=CARTESIAN_POINT('',(798.621758161,439.190994872,184.328558454));
#8960=CARTESIAN_POINT('',(798.628062239,438.980249204,184.235394636));
#8961=CARTESIAN_POINT('',(798.632483195,438.591442087,183.995808739));
#8962=CARTESIAN_POINT('',(798.630599659,438.413417046,183.849409096));
#8963=CARTESIAN_POINT('',(798.618784621,438.103343158,183.514267391));
#8964=CARTESIAN_POINT('',(798.608854229,437.971323347,183.325556712));
#8965=CARTESIAN_POINT('',(798.581685974,437.763121108,182.919868328));
#8966=CARTESIAN_POINT('',(798.56445066,437.686958177,182.702928612));
#8967=CARTESIAN_POINT('',(798.523958988,437.596164244,182.256966778));
#8968=CARTESIAN_POINT('',(798.50070643,437.581541744,182.027986419));
#8969=CARTESIAN_POINT('',(798.449916519,437.614931634,181.575029443));
#8970=CARTESIAN_POINT('',(798.422383933,437.662940897,181.35109524));
#8971=CARTESIAN_POINT('',(798.365090331,437.81802337,180.924943271));
#8972=CARTESIAN_POINT('',(798.335334691,437.925082059,180.722765409));
#8973=CARTESIAN_POINT('',(798.305576259,438.057683524,180.538991837));
#8974=CARTESIAN_POINT('',(798.447851253,440.082779633,184.500205475));
#8975=CARTESIAN_POINT('',(798.459533906,439.854377721,184.499581116));
#8976=CARTESIAN_POINT('',(798.468977722,439.625997298,184.46745906));
#8977=CARTESIAN_POINT('',(798.482684457,439.186277573,184.342610396));
#8978=CARTESIAN_POINT('',(798.486946084,438.974979642,184.249895534));
#8979=CARTESIAN_POINT('',(798.48996852,438.585234353,184.010785454));
#8980=CARTESIAN_POINT('',(798.488729045,438.406823664,183.864412732));
#8981=CARTESIAN_POINT('',(798.480841005,438.096205141,183.528926321));
#8982=CARTESIAN_POINT('',(798.474193182,437.964026533,183.339844197));
#8983=CARTESIAN_POINT('',(798.455984956,437.755768558,182.933075321));
#8984=CARTESIAN_POINT('',(798.444426267,437.679708785,182.715426842));
#8985=CARTESIAN_POINT('',(798.417260446,437.589388738,182.267801168));
#8986=CARTESIAN_POINT('',(798.401655871,437.57513696,182.037866089));
#8987=CARTESIAN_POINT('',(798.367565374,437.609510656,181.582865293));
#8988=CARTESIAN_POINT('',(798.349082662,437.658132895,181.357842384));
#8989=CARTESIAN_POINT('',(798.310618608,437.814629263,180.929499778));
#8990=CARTESIAN_POINT('',(798.290640888,437.922488667,180.726220382));
#8991=CARTESIAN_POINT('',(798.270661287,438.055945361,180.541397832));
#8992=CARTESIAN_POINT('',(798.283081865,440.081566832,184.506082319));
#8993=CARTESIAN_POINT('',(798.28701532,439.85281927,184.506011847));
#8994=CARTESIAN_POINT('',(798.290196281,439.624093286,184.474350121));
#8995=CARTESIAN_POINT('',(798.294816126,439.183729815,184.350203692));
#8996=CARTESIAN_POINT('',(798.296254573,438.972133867,184.257730698));
#8997=CARTESIAN_POINT('',(798.297281303,438.581882307,184.01887652));
#8998=CARTESIAN_POINT('',(798.296869489,438.403263507,183.872517865));
#8999=CARTESIAN_POINT('',(798.294226199,438.092351073,183.536844512));
#9000=CARTESIAN_POINT('',(798.291994971,437.960086766,183.347561475));
#9001=CARTESIAN_POINT('',(798.285879655,437.751798706,182.940208622));
#9002=CARTESIAN_POINT('',(798.281996144,437.6757946,182.722177229));
#9003=CARTESIAN_POINT('',(798.272866871,437.585730289,182.273652862));
#9004=CARTESIAN_POINT('',(798.267621971,437.57167858,182.043202195));
#9005=CARTESIAN_POINT('',(798.256162572,437.606583231,181.587097768));
#9006=CARTESIAN_POINT('',(798.249949153,437.655536299,181.36148703));
#9007=CARTESIAN_POINT('',(798.237017994,437.812795792,180.93196169));
#9008=CARTESIAN_POINT('',(798.230301474,437.921087383,180.728087605));
#9009=CARTESIAN_POINT('',(798.22358432,438.055005713,180.542698755));
#9010=CARTESIAN_POINT('',(798.241497344,440.081413355,184.50682805));
#9011=CARTESIAN_POINT('',(798.243467058,439.852621836,184.506828033));
#9012=CARTESIAN_POINT('',(798.245059952,439.623851901,184.475224874));
#9013=CARTESIAN_POINT('',(798.247373371,439.183406545,184.351167813));
#9014=CARTESIAN_POINT('',(798.248093679,438.971772683,184.258725617));
#9015=CARTESIAN_POINT('',(798.248607803,438.581456708,184.019904067));
#9016=CARTESIAN_POINT('',(798.248401571,438.402811423,183.873547249));
#9017=CARTESIAN_POINT('',(798.247077889,438.091861573,183.537850219));
#9018=CARTESIAN_POINT('',(798.245960564,437.959586347,183.348541683));
#9019=CARTESIAN_POINT('',(798.242898228,437.75129442,182.941114668));
#9020=CARTESIAN_POINT('',(798.240953504,437.675297372,182.723034632));
#9021=CARTESIAN_POINT('',(798.236381896,437.585265544,182.274396084));
#9022=CARTESIAN_POINT('',(798.233755442,437.571239258,182.043879903));
#9023=CARTESIAN_POINT('',(798.228016999,437.606211393,181.587635233));
#9024=CARTESIAN_POINT('',(798.22490555,437.655206515,181.361949794));
#9025=CARTESIAN_POINT('',(798.218430108,437.812563017,180.932274155));
#9026=CARTESIAN_POINT('',(798.215066726,437.920909551,180.728324497));
#9027=CARTESIAN_POINT('',(798.211703027,438.054886568,180.542863687));
#9028=CARTESIAN_POINT('',(798.199785147,440.081413664,184.506827916));
#9029=CARTESIAN_POINT('',(798.19978511,439.852622118,184.506827948));
#9030=CARTESIAN_POINT('',(798.199785077,439.62385215,184.475224834));
#9031=CARTESIAN_POINT('',(798.199785021,439.183406728,184.351167847));
#9032=CARTESIAN_POINT('',(798.199784998,438.971772834,184.258725681));
#9033=CARTESIAN_POINT('',(798.199784962,438.581456795,184.019904175));
#9034=CARTESIAN_POINT('',(798.199784951,438.402811481,183.873547371));
#9035=CARTESIAN_POINT('',(798.199784939,438.091861579,183.537850353));
#9036=CARTESIAN_POINT('',(798.19978494,437.959586333,183.348541815));
#9037=CARTESIAN_POINT('',(798.199784954,437.751294376,182.941114784));
#9038=CARTESIAN_POINT('',(798.199784967,437.675297319,182.723034734));
#9039=CARTESIAN_POINT('',(798.199785003,437.585265486,182.274396148));
#9040=CARTESIAN_POINT('',(798.199785026,437.571239205,182.043879944));
#9041=CARTESIAN_POINT('',(798.199785082,437.606211361,181.587635225));
#9042=CARTESIAN_POINT('',(798.199785114,437.6552065,181.36194976));
#9043=CARTESIAN_POINT('',(798.199785182,437.812563047,180.932274072));
#9044=CARTESIAN_POINT('',(798.199785219,437.920909608,180.728324391));
#9045=CARTESIAN_POINT('',(798.199785256,438.054886655,180.542863561));
#9046=B_SPLINE_SURFACE_WITH_KNOTS('',3,3,((#8470,#8471,#8472,#8473,#8474,#8475,#8476,#8477,#8478,#8479,#8480,#8481,#8482,#8483,#8484,#8485,#8486,#8487),(#8488,#8489,#8490,#8491,#8492,#8493,#8494,#8495,#8496,#8497,#8498,#8499,#8500,#8501,#8502,#8503,#8504,#8505),(#8506,#8507,#8508,#8509,#8510,#8511,#8512,#8513,#8514,#8515,#8516,#8517,#8518,#8519,#8520,#8521,#8522,#8523),(#8524,#8525,#8526,#8527,#8528,#8529,#8530,#8531,#8532,#8533,#8534,#8535,#8536,#8537,#8538,#8539,#8540,#8541),(#8542,#8543,#8544,#8545,#8546,#8547,#8548,#8549,#8550,#8551,#8552,#8553,#8554,#8555,#8556,#8557,#8558,#8559),(#8560,#8561,#8562,#8563,#8564,#8565,#8566,#8567,#8568,#8569,#8570,#8571,#8572,#8573,#8574,#8575,#8576,#8577),(#8578,#8579,#8580,#8581,#8582,#8583,#8584,#8585,#8586,#8587,#8588,#8589,#8590,#8591,#8592,#8593,#8594,#8595),(#8596,#8597,#8598,#8599,#8600,#8601,#8602,#8603,#8604,#8605,#8606,#8607,#8608,#8609,#8610,#8611,#8612,#8613),(#8614,#8615,#8616,#8617,#8618,#8619,#8620,#8621,#8622,#8623,#8624,#8625,#8626,#8627,#8628,#8629,#8630,#8631),(#8632,#8633,#8634,#8635,#8636,#8637,#8638,#8639,#8640,#8641,#8642,#8643,#8644,#8645,#8646,#8647,#8648,#8649),(#8650,#8651,#8652,#8653,#8654,#8655,#8656,#8657,#8658,#8659,#8660,#8661,#8662,#8663,#8664,#8665,#8666,#8667),(#8668,#8669,#8670,#8671,#8672,#8673,#8674,#8675,#8676,#8677,#8678,#8679,#8680,#8681,#8682,#8683,#8684,#8685),(#8686,#8687,#8688,#8689,#8690,#8691,#8692,#8693,#8694,#8695,#8696,#8697,#8698,#8699,#8700,#8701,#8702,#8703),(#8704,#8705,#8706,#8707,#8708,#8709,#8710,#8711,#8712,#8713,#8714,#8715,#8716,#8717,#8718,#8719,#8720,#8721),(#8722,#8723,#8724,#8725,#8726,#8727,#8728,#8729,#8730,#8731,#8732,#8733,#8734,#8735,#8736,#8737,#8738,#8739),(#8740,#8741,#8742,#8743,#8744,#8745,#8746,#8747,#8748,#8749,#8750,#8751,#8752,#8753,#8754,#8755,#8756,#8757),(#8758,#8759,#8760,#8761,#8762,#8763,#8764,#8765,#8766,#8767,#8768,#8769,#8770,#8771,#8772,#8773,#8774,#8775),(#8776,#8777,#8778,#8779,#8780,#8781,#8782,#8783,#8784,#8785,#8786,#8787,#8788,#8789,#8790,#8791,#8792,#8793),(#8794,#8795,#8796,#8797,#8798,#8799,#8800,#8801,#8802,#8803,#8804,#8805,#8806,#8807,#8808,#8809,#8810,#8811),(#8812,#8813,#8814,#8815,#8816,#8817,#8818,#8819,#8820,#8821,#8822,#8823,#8824,#8825,#8826,#8827,#8828,#8829),(#8830,#8831,#8832,#8833,#8834,#8835,#8836,#8837,#8838,#8839,#8840,#8841,#8842,#8843,#8844,#8845,#8846,#8847),(#8848,#8849,#8850,#8851,#8852,#8853,#8854,#8855,#8856,#8857,#8858,#8859,#8860,#8861,#8862,#8863,#8864,#8865),(#8866,#8867,#8868,#8869,#8870,#8871,#8872,#8873,#8874,#8875,#8876,#8877,#8878,#8879,#8880,#8881,#8882,#8883),(#8884,#8885,#8886,#8887,#8888,#8889,#8890,#8891,#8892,#8893,#8894,#8895,#8896,#8897,#8898,#8899,#8900,#8901),(#8902,#8903,#8904,#8905,#8906,#8907,#8908,#8909,#8910,#8911,#8912,#8913,#8914,#8915,#8916,#8917,#8918,#8919),(#8920,#8921,#8922,#8923,#8924,#8925,#8926,#8927,#8928,#8929,#8930,#8931,#8932,#8933,#8934,#8935,#8936,#8937),
(#8938,#8939,#8940,#8941,#8942,#8943,#8944,#8945,#8946,#8947,#8948,#8949,#8950,#8951,#8952,#8953,#8954,#8955),(#8956,#8957,#8958,#8959,#8960,#8961,#8962,#8963,#8964,#8965,#8966,#8967,#8968,#8969,#8970,#8971,#8972,#8973),(#8974,#8975,#8976,#8977,#8978,#8979,#8980,#8981,#8982,#8983,#8984,#8985,#8986,#8987,#8988,#8989,#8990,#8991),(#8992,#8993,#8994,#8995,#8996,#8997,#8998,#8999,#9000,#9001,#9002,#9003,#9004,#9005,#9006,#9007,#9008,#9009),(#9010,#9011,#9012,#9013,#9014,#9015,#9016,#9017,#9018,#9019,#9020,#9021,#9022,#9023,#9024,#9025,#9026,#9027),(#9028,#9029,#9030,#9031,#9032,#9033,#9034,#9035,#9036,#9037,#9038,#9039,#9040,#9041,#9042,#9043,#9044,#9045)),.UNSPECIFIED.,.F.,.F.,.U.,(4,2,2,2,2,2,2,2,2,2,2,2,2,2,2,4),(4,2,2,2,2,2,2,2,4),(0.004124835,0.004219708,0.004430693,0.004536186,0.004641678,0.004852664,0.004958156,0.005063649,0.005169142,0.005274634,0.00548562,0.005538366,0.005591113,0.005696605,0.005802098,0.005837566),(0.,0.125,0.25,0.375,0.5,0.625,0.75,0.875,1.),.UNSPECIFIED.);
#9047=ORIENTED_EDGE('',*,*,#8379,.T.);
#9048=ORIENTED_EDGE('',*,*,#7609,.F.);
#9049=ORIENTED_EDGE('',*,*,#8094,.F.);
#9050=ORIENTED_EDGE('',*,*,#8298,.F.);
#9051=EDGE_LOOP('',(#9047,#9048,#9049,#9050));
#9052=FACE_BOUND('',#9051,.T.);
#9053=ADVANCED_FACE('',(#9052),#9046,.T.);
#9054=CARTESIAN_POINT('',(793.699785301,427.683635465,183.806827725));
#9055=DIRECTION('',(0.,0.,-1.));
#9056=DIRECTION('',(-1.,0.,0.));
#9057=AXIS2_PLACEMENT_3D('',#9054,#9055,#9056);
#9058=SPHERICAL_SURFACE('',#9057,0.7);
#9059=ORIENTED_EDGE('',*,*,#8464,.T.);
#9060=ORIENTED_EDGE('',*,*,#8405,.T.);
#9061=ORIENTED_EDGE('',*,*,#7877,.F.);
#9062=EDGE_LOOP('',(#9059,#9060,#9061));
#9063=FACE_BOUND('',#9062,.T.);
#9064=ADVANCED_FACE('',(#9063),#9058,.T.);
#9065=CARTESIAN_POINT('',(793.699785301,434.483635465,183.806827725));
#9066=DIRECTION('',(0.,0.,-1.));
#9067=DIRECTION('',(-1.,0.,0.));
#9068=AXIS2_PLACEMENT_3D('',#9065,#9066,#9067);
#9069=SPHERICAL_SURFACE('',#9068,0.7);
#9070=ORIENTED_EDGE('',*,*,#8361,.T.);
#9071=ORIENTED_EDGE('',*,*,#8446,.T.);
#9072=ORIENTED_EDGE('',*,*,#7940,.F.);
#9073=EDGE_LOOP('',(#9070,#9071,#9072));
#9074=FACE_BOUND('',#9073,.T.);
#9075=ADVANCED_FACE('',(#9074),#9069,.T.);
#9076=CARTESIAN_POINT('',(792.540734139,492.49137871,177.506827725));
#9077=DIRECTION('',(0.071498624,-0.04127975,0.996586137));
#9078=DIRECTION('',(-0.863068912,0.498293069,0.0825595));
#9079=AXIS2_PLACEMENT_3D('',#9076,#9077,#9078);
#9080=PLANE('',#9079);
#9081=ORIENTED_EDGE('',*,*,#68,.T.);
#9082=ORIENTED_EDGE('',*,*,#3050,.T.);
#9083=CARTESIAN_POINT('',(803.129572519,486.689532497,176.506827725));
#9084=DIRECTION('',(-0.5,-0.866025404,-0.));
#9085=VECTOR('',#9084,13.);
#9086=LINE('',#9083,#9085);
#9087=EDGE_CURVE('',#3175,#3045,#9086,.T.);
#9088=ORIENTED_EDGE('',*,*,#9087,.F.);
#9089=ORIENTED_EDGE('',*,*,#3180,.F.);
#9090=EDGE_LOOP('',(#9081,#9082,#9088,#9089));
#9091=FACE_BOUND('',#9090,.T.);
#9092=ADVANCED_FACE('',(#9091),#9080,.T.);
#9093=CARTESIAN_POINT('',(830.088963483,481.700482176,177.506827725));
#9094=DIRECTION('',(-0.071498624,-0.04127975,0.996586137));
#9095=DIRECTION('',(0.863068912,0.498293069,0.0825595));
#9096=AXIS2_PLACEMENT_3D('',#9093,#9094,#9095);
#9097=PLANE('',#9096);
#9098=ORIENTED_EDGE('',*,*,#108,.T.);
#9099=ORIENTED_EDGE('',*,*,#6133,.T.);
#9100=CARTESIAN_POINT('',(819.769998084,475.431202248,176.506827725));
#9101=DIRECTION('',(-0.5,0.866025404,0.));
#9102=VECTOR('',#9101,13.);
#9103=LINE('',#9100,#9102);
#9104=EDGE_CURVE('',#6169,#6128,#9103,.T.);
#9105=ORIENTED_EDGE('',*,*,#9104,.F.);
#9106=ORIENTED_EDGE('',*,*,#6174,.F.);
#9107=EDGE_LOOP('',(#9098,#9099,#9105,#9106));
#9108=FACE_BOUND('',#9107,.T.);
#9109=ADVANCED_FACE('',(#9108),#9097,.T.);
#9110=CARTESIAN_POINT('',(813.969658282,454.578209964,175.506827725));
#9111=DIRECTION('',(-0.,-0.0825595,0.996586137));
#9112=DIRECTION('',(0.,0.996586137,0.0825595));
#9113=AXIS2_PLACEMENT_3D('',#9110,#9111,#9112);
#9114=PLANE('',#9113);
#9115=ORIENTED_EDGE('',*,*,#206,.F.);
#9116=ORIENTED_EDGE('',*,*,#7342,.T.);
#9117=CARTESIAN_POINT('',(814.699785301,466.649336104,176.506827725));
#9118=DIRECTION('',(-1.,0.,0.));
#9119=VECTOR('',#9118,13.);
#9120=LINE('',#9117,#9119);
#9121=EDGE_CURVE('',#7337,#8109,#9120,.T.);
#9122=ORIENTED_EDGE('',*,*,#9121,.T.);
#9123=ORIENTED_EDGE('',*,*,#8114,.F.);
#9124=EDGE_LOOP('',(#9115,#9116,#9122,#9123));
#9125=FACE_BOUND('',#9124,.T.);
#9126=ADVANCED_FACE('',(#9125),#9114,.T.);
#9127=CARTESIAN_POINT('',(808.199785301,476.256690283,176.506827725));
#9128=DIRECTION('',(-0.,0.,-1.));
#9129=DIRECTION('',(-0.,-1.,-0.));
#9130=AXIS2_PLACEMENT_3D('',#9127,#9128,#9129);
#9131=PLANE('',#9130);
#9132=ORIENTED_EDGE('',*,*,#157,.F.);
#9133=ORIENTED_EDGE('',*,*,#6180,.T.);
#9134=ORIENTED_EDGE('',*,*,#9104,.T.);
#9135=ORIENTED_EDGE('',*,*,#6156,.F.);
#9136=ORIENTED_EDGE('',*,*,#324,.F.);
#9137=ORIENTED_EDGE('',*,*,#3186,.T.);
#9138=ORIENTED_EDGE('',*,*,#9087,.T.);
#9139=ORIENTED_EDGE('',*,*,#3073,.F.);
#9140=ORIENTED_EDGE('',*,*,#281,.F.);
#9141=ORIENTED_EDGE('',*,*,#8120,.T.);
#9142=ORIENTED_EDGE('',*,*,#9121,.F.);
#9143=ORIENTED_EDGE('',*,*,#7352,.F.);
#9144=EDGE_LOOP('',(#9132,#9133,#9134,#9135,#9136,#9137,#9138,#9139,#9140,#9141,#9142,#9143));
#9145=FACE_BOUND('',#9144,.T.);
#9146=ADVANCED_FACE('',(#9145),#9131,.F.);
#9147=CARTESIAN_POINT('',(845.471947674,454.737597304,174.5));
#9148=DIRECTION('',(0.866025404,-0.5,0.));
#9149=DIRECTION('',(-0.5,-0.866025404,-0.));
#9150=AXIS2_PLACEMENT_3D('',#9147,#9148,#9149);
#9151=CYLINDRICAL_SURFACE('',#9150,2.);
#9152=CARTESIAN_POINT('',(851.083948575,449.188105996,174.5));
#9153=VERTEX_POINT('',#9152);
#9154=CARTESIAN_POINT('',(844.471947674,453.005546496,174.5));
#9155=VERTEX_POINT('',#9154);
#9156=CARTESIAN_POINT('',(851.083948575,449.188105996,174.5));
#9157=DIRECTION('',(-0.866025404,0.5,-0.));
#9158=VECTOR('',#9157,7.634881);
#9159=LINE('',#9156,#9158);
#9160=EDGE_CURVE('',#9153,#9155,#9159,.T.);
#9161=ORIENTED_EDGE('',*,*,#9160,.F.);
#9162=CARTESIAN_POINT('',(853.083948575,452.652207611,174.5));
#9163=VERTEX_POINT('',#9162);
#9164=CARTESIAN_POINT('',(852.083948575,450.920156804,174.5));
#9165=DIRECTION('',(0.866025404,-0.5,-0.));
#9166=DIRECTION('',(0.5,0.866025404,0.));
#9167=AXIS2_PLACEMENT_3D('',#9164,#9165,#9166);
#9168=CIRCLE('',#9167,2.);
#9169=EDGE_CURVE('',#9153,#9163,#9168,.T.);
#9170=ORIENTED_EDGE('',*,*,#9169,.T.);
#9171=CARTESIAN_POINT('',(852.083948575,450.920156804,174.5));
#9172=DIRECTION('',(0.866025404,-0.5,-0.));
#9173=DIRECTION('',(0.5,0.866025404,0.));
#9174=AXIS2_PLACEMENT_3D('',#9171,#9172,#9173);
#9175=CIRCLE('',#9174,2.);
#9176=EDGE_CURVE('',#9163,#9153,#9175,.T.);
#9177=ORIENTED_EDGE('',*,*,#9176,.T.);
#9178=ORIENTED_EDGE('',*,*,#9160,.T.);
#9179=CARTESIAN_POINT('',(845.471947674,454.737597304,174.5));
#9180=DIRECTION('',(0.866025404,-0.5,0.));
#9181=DIRECTION('',(-0.5,-0.866025404,-0.));
#9182=AXIS2_PLACEMENT_3D('',#9179,#9180,#9181);
#9183=CIRCLE('',#9182,2.);
#9184=EDGE_CURVE('',#9155,#9155,#9183,.T.);
#9185=ORIENTED_EDGE('',*,*,#9184,.F.);
#9186=EDGE_LOOP('',(#9161,#9170,#9177,#9178,#9185));
#9187=FACE_BOUND('',#9186,.T.);
#9188=ADVANCED_FACE('',(#9187),#9151,.F.);
#9189=OVER_RIDING_STYLED_ITEM('',(#183),#9188,#54);
#9190=CARTESIAN_POINT('',(845.471947674,454.737597304,8.4));
#9191=DIRECTION('',(0.866025404,-0.5,0.));
#9192=DIRECTION('',(0.5,0.866025404,0.));
#9193=AXIS2_PLACEMENT_3D('',#9190,#9191,#9192);
#9194=PLANE('',#9193);
#9195=ORIENTED_EDGE('',*,*,#9184,.T.);
#9196=EDGE_LOOP('',(#9195));
#9197=FACE_BOUND('',#9196,.T.);
#9198=ADVANCED_FACE('',(#9197),#9194,.T.);
#9199=OVER_RIDING_STYLED_ITEM('',(#183),#9198,#54);
#9200=CARTESIAN_POINT('',(771.213617425,454.737597304,174.5));
#9201=DIRECTION('',(-0.866025404,-0.5,-0.));
#9202=DIRECTION('',(-0.5,0.866025404,0.));
#9203=AXIS2_PLACEMENT_3D('',#9200,#9201,#9202);
#9204=CYLINDRICAL_SURFACE('',#9203,2.);
#9205=CARTESIAN_POINT('',(763.387120651,452.528368362,174.5));
#9206=VERTEX_POINT('',#9205);
#9207=CARTESIAN_POINT('',(770.213617425,456.469648112,174.5));
#9208=VERTEX_POINT('',#9207);
#9209=CARTESIAN_POINT('',(763.387120651,452.528368362,174.5));
#9210=DIRECTION('',(0.866025404,0.5,0.));
#9211=VECTOR('',#9210,7.8825595);
#9212=LINE('',#9209,#9211);
#9213=EDGE_CURVE('',#9206,#9208,#9212,.T.);
#9214=ORIENTED_EDGE('',*,*,#9213,.F.);
#9215=CARTESIAN_POINT('',(765.387120651,449.064266746,174.5));
#9216=VERTEX_POINT('',#9215);
#9217=CARTESIAN_POINT('',(764.387120651,450.796317554,174.5));
#9218=DIRECTION('',(-0.866025404,-0.5,-0.));
#9219=DIRECTION('',(0.5,-0.866025404,-0.));
#9220=AXIS2_PLACEMENT_3D('',#9217,#9218,#9219);
#9221=CIRCLE('',#9220,2.);
#9222=EDGE_CURVE('',#9206,#9216,#9221,.T.);
#9223=ORIENTED_EDGE('',*,*,#9222,.T.);
#9224=CARTESIAN_POINT('',(764.387120651,450.796317554,174.5));
#9225=DIRECTION('',(-0.866025404,-0.5,-0.));
#9226=DIRECTION('',(0.5,-0.866025404,-0.));
#9227=AXIS2_PLACEMENT_3D('',#9224,#9225,#9226);
#9228=CIRCLE('',#9227,2.);
#9229=EDGE_CURVE('',#9216,#9206,#9228,.T.);
#9230=ORIENTED_EDGE('',*,*,#9229,.T.);
#9231=ORIENTED_EDGE('',*,*,#9213,.T.);
#9232=CARTESIAN_POINT('',(771.213617425,454.737597304,174.5));
#9233=DIRECTION('',(-0.866025404,-0.5,-0.));
#9234=DIRECTION('',(-0.5,0.866025404,0.));
#9235=AXIS2_PLACEMENT_3D('',#9232,#9233,#9234);
#9236=CIRCLE('',#9235,2.);
#9237=EDGE_CURVE('',#9208,#9208,#9236,.T.);
#9238=ORIENTED_EDGE('',*,*,#9237,.F.);
#9239=EDGE_LOOP('',(#9214,#9223,#9230,#9231,#9238));
#9240=FACE_BOUND('',#9239,.T.);
#9241=ADVANCED_FACE('',(#9240),#9204,.F.);
#9242=OVER_RIDING_STYLED_ITEM('',(#183),#9241,#54);
#9243=CARTESIAN_POINT('',(771.213617425,454.737597304,8.4));
#9244=DIRECTION('',(-0.866025404,-0.5,-0.));
#9245=DIRECTION('',(0.5,-0.866025404,-0.));
#9246=AXIS2_PLACEMENT_3D('',#9243,#9244,#9245);
#9247=PLANE('',#9246);
#9248=ORIENTED_EDGE('',*,*,#9237,.T.);
#9249=EDGE_LOOP('',(#9248));
#9250=FACE_BOUND('',#9249,.T.);
#9251=ADVANCED_FACE('',(#9250),#9247,.T.);
#9252=OVER_RIDING_STYLED_ITEM('',(#183),#9251,#54);
#9253=CARTESIAN_POINT('',(808.34278255,519.047197742,174.5));
#9254=DIRECTION('',(0.,1.,0.));
#9255=DIRECTION('',(1.,-0.,-0.));
#9256=AXIS2_PLACEMENT_3D('',#9253,#9254,#9255);
#9257=CYLINDRICAL_SURFACE('',#9256,2.);
#9258=CARTESIAN_POINT('',(810.34278255,526.929757242,174.5));
#9259=VERTEX_POINT('',#9258);
#9260=CARTESIAN_POINT('',(810.34278255,519.047197742,174.5));
#9261=VERTEX_POINT('',#9260);
#9262=CARTESIAN_POINT('',(810.34278255,526.929757242,174.5));
#9263=DIRECTION('',(-0.,-1.,-0.));
#9264=VECTOR('',#9263,7.8825595);
#9265=LINE('',#9262,#9264);
#9266=EDGE_CURVE('',#9259,#9261,#9265,.T.);
#9267=ORIENTED_EDGE('',*,*,#9266,.F.);
#9268=CARTESIAN_POINT('',(806.34278255,526.929757242,174.5));
#9269=VERTEX_POINT('',#9268);
#9270=CARTESIAN_POINT('',(808.34278255,526.929757242,174.5));
#9271=DIRECTION('',(0.,1.,0.));
#9272=DIRECTION('',(-1.,0.,0.));
#9273=AXIS2_PLACEMENT_3D('',#9270,#9271,#9272);
#9274=CIRCLE('',#9273,2.);
#9275=EDGE_CURVE('',#9259,#9269,#9274,.T.);
#9276=ORIENTED_EDGE('',*,*,#9275,.T.);
#9277=CARTESIAN_POINT('',(808.34278255,526.929757242,174.5));
#9278=DIRECTION('',(0.,1.,0.));
#9279=DIRECTION('',(-1.,0.,0.));
#9280=AXIS2_PLACEMENT_3D('',#9277,#9278,#9279);
#9281=CIRCLE('',#9280,2.);
#9282=EDGE_CURVE('',#9269,#9259,#9281,.T.);
#9283=ORIENTED_EDGE('',*,*,#9282,.T.);
#9284=ORIENTED_EDGE('',*,*,#9266,.T.);
#9285=CARTESIAN_POINT('',(808.34278255,519.047197742,174.5));
#9286=DIRECTION('',(0.,1.,0.));
#9287=DIRECTION('',(1.,-0.,-0.));
#9288=AXIS2_PLACEMENT_3D('',#9285,#9286,#9287);
#9289=CIRCLE('',#9288,2.);
#9290=EDGE_CURVE('',#9261,#9261,#9289,.T.);
#9291=ORIENTED_EDGE('',*,*,#9290,.F.);
#9292=EDGE_LOOP('',(#9267,#9276,#9283,#9284,#9291));
#9293=FACE_BOUND('',#9292,.T.);
#9294=ADVANCED_FACE('',(#9293),#9257,.F.);
#9295=OVER_RIDING_STYLED_ITEM('',(#183),#9294,#54);
#9296=CARTESIAN_POINT('',(808.34278255,519.047197742,8.4));
#9297=DIRECTION('',(0.,1.,0.));
#9298=DIRECTION('',(-1.,0.,0.));
#9299=AXIS2_PLACEMENT_3D('',#9296,#9297,#9298);
#9300=PLANE('',#9299);
#9301=ORIENTED_EDGE('',*,*,#9290,.T.);
#9302=EDGE_LOOP('',(#9301));
#9303=FACE_BOUND('',#9302,.T.);
#9304=ADVANCED_FACE('',(#9303),#9300,.T.);
#9305=OVER_RIDING_STYLED_ITEM('',(#183),#9304,#54);
#9306=CARTESIAN_POINT('',(822.699785301,509.972590283,171.206827725));
#9307=DIRECTION('',(0.,1.,0.));
#9308=DIRECTION('',(1.,-0.,-0.));
#9309=AXIS2_PLACEMENT_3D('',#9306,#9307,#9308);
#9310=CYLINDRICAL_SURFACE('',#9309,0.7);
#9311=ORIENTED_EDGE('',*,*,#7795,.F.);
#9312=ORIENTED_EDGE('',*,*,#3459,.F.);
#9313=CARTESIAN_POINT('',(822.699785301,425.583623324,171.206827725));
#9314=DIRECTION('',(-0.,-0.707106781,0.707106781));
#9315=DIRECTION('',(0.,0.707106781,0.707106781));
#9316=AXIS2_PLACEMENT_3D('',#9313,#9314,#9315);
#9317=ELLIPSE('',#9316,0.989949494,0.7);
#9318=EDGE_CURVE('',#7366,#3444,#9317,.T.);
#9319=ORIENTED_EDGE('',*,*,#9318,.F.);
#9320=ORIENTED_EDGE('',*,*,#7371,.F.);
#9321=EDGE_LOOP('',(#9311,#9312,#9319,#9320));
#9322=FACE_BOUND('',#9321,.T.);
#9323=ADVANCED_FACE('',(#9322),#9310,.T.);
#9324=CARTESIAN_POINT('',(822.699785301,425.583623324,58.406827725));
#9325=DIRECTION('',(0.,0.,-1.));
#9326=DIRECTION('',(-1.,0.,-0.));
#9327=AXIS2_PLACEMENT_3D('',#9324,#9325,#9326);
#9328=CYLINDRICAL_SURFACE('',#9327,0.7);
#9329=ORIENTED_EDGE('',*,*,#9318,.T.);
#9330=ORIENTED_EDGE('',*,*,#7434,.F.);
#9331=CARTESIAN_POINT('',(822.699785301,425.583623324,183.806827725));
#9332=DIRECTION('',(-0.,-0.,1.));
#9333=DIRECTION('',(1.,-0.,0.));
#9334=AXIS2_PLACEMENT_3D('',#9331,#9332,#9333);
#9335=CIRCLE('',#9334,0.7);
#9336=EDGE_CURVE('',#6702,#6547,#9335,.T.);
#9337=ORIENTED_EDGE('',*,*,#9336,.F.);
#9338=ORIENTED_EDGE('',*,*,#7377,.F.);
#9339=EDGE_LOOP('',(#9329,#9330,#9337,#9338));
#9340=FACE_BOUND('',#9339,.T.);
#9341=ADVANCED_FACE('',(#9340),#9328,.T.);
#9342=CARTESIAN_POINT('',(822.699785301,425.583623324,183.806827725));
#9343=DIRECTION('',(0.,0.,-1.));
#9344=DIRECTION('',(-1.,0.,0.));
#9345=AXIS2_PLACEMENT_3D('',#9342,#9343,#9344);
#9346=SPHERICAL_SURFACE('',#9345,0.7);
#9347=ORIENTED_EDGE('',*,*,#9336,.T.);
#9348=ORIENTED_EDGE('',*,*,#6553,.F.);
#9349=ORIENTED_EDGE('',*,*,#6714,.F.);
#9350=EDGE_LOOP('',(#9347,#9348,#9349));
#9351=FACE_BOUND('',#9350,.T.);
#9352=ADVANCED_FACE('',(#9351),#9346,.T.);
#9353=CARTESIAN_POINT('',(815.449785301,463.699321928,171.206827725));
#9354=DIRECTION('',(0.866025404,0.5,0.));
#9355=DIRECTION('',(0.5,-0.866025404,-0.));
#9356=AXIS2_PLACEMENT_3D('',#9353,#9354,#9355);
#9357=CYLINDRICAL_SURFACE('',#9356,0.7);
#9358=ORIENTED_EDGE('',*,*,#4379,.F.);
#9359=ORIENTED_EDGE('',*,*,#4321,.F.);
#9360=CARTESIAN_POINT('',(859.333948575,489.735855408,170.856827725));
#9361=VERTEX_POINT('',#9360);
#9362=CARTESIAN_POINT('',(859.333948575,489.035855408,171.206827725));
#9363=DIRECTION('',(0.612372436,0.353553391,0.707106781));
#9364=DIRECTION('',(0.612372436,0.353553391,-0.707106781));
#9365=AXIS2_PLACEMENT_3D('',#9362,#9363,#9364);
#9366=ELLIPSE('',#9365,0.989949494,0.7);
#9367=EDGE_CURVE('',#9361,#4308,#9366,.T.);
#9368=ORIENTED_EDGE('',*,*,#9367,.F.);
#9369=CARTESIAN_POINT('',(859.333948575,489.035855408,171.206827725));
#9370=DIRECTION('',(0.612372436,0.353553391,0.707106781));
#9371=DIRECTION('',(0.612372436,0.353553391,-0.707106781));
#9372=AXIS2_PLACEMENT_3D('',#9369,#9370,#9371);
#9373=ELLIPSE('',#9372,0.989949494,0.7);
#9374=EDGE_CURVE('',#3525,#9361,#9373,.T.);
#9375=ORIENTED_EDGE('',*,*,#9374,.F.);
#9376=ORIENTED_EDGE('',*,*,#3530,.F.);
#9377=EDGE_LOOP('',(#9358,#9359,#9368,#9375,#9376));
#9378=FACE_BOUND('',#9377,.T.);
#9379=ADVANCED_FACE('',(#9378),#9357,.T.);
#9380=CARTESIAN_POINT('',(859.333948575,489.035855408,184.506827725));
#9381=DIRECTION('',(-0.,-0.,1.));
#9382=DIRECTION('',(0.,1.,0.));
#9383=AXIS2_PLACEMENT_3D('',#9380,#9381,#9382);
#9384=CYLINDRICAL_SURFACE('',#9383,0.7);
#9385=CARTESIAN_POINT('',(859.333948575,489.735855408,183.806827725));
#9386=VERTEX_POINT('',#9385);
#9387=CARTESIAN_POINT('',(859.333948575,489.735855408,183.806827725));
#9388=DIRECTION('',(0.,0.,-1.));
#9389=VECTOR('',#9388,12.95);
#9390=LINE('',#9387,#9389);
#9391=EDGE_CURVE('',#9386,#9361,#9390,.T.);
#9392=ORIENTED_EDGE('',*,*,#9391,.T.);
#9393=ORIENTED_EDGE('',*,*,#9367,.T.);
#9394=ORIENTED_EDGE('',*,*,#4313,.F.);
#9395=CARTESIAN_POINT('',(859.333948575,489.035855408,183.806827725));
#9396=DIRECTION('',(-0.,-0.,1.));
#9397=DIRECTION('',(1.,-0.,0.));
#9398=AXIS2_PLACEMENT_3D('',#9395,#9396,#9397);
#9399=CIRCLE('',#9398,0.7);
#9400=EDGE_CURVE('',#9386,#4300,#9399,.T.);
#9401=ORIENTED_EDGE('',*,*,#9400,.F.);
#9402=EDGE_LOOP('',(#9392,#9393,#9394,#9401));
#9403=FACE_BOUND('',#9402,.T.);
#9404=ADVANCED_FACE('',(#9403),#9384,.T.);
#9405=CARTESIAN_POINT('',(859.333948575,489.035855408,183.806827725));
#9406=DIRECTION('',(0.,0.,-1.));
#9407=DIRECTION('',(-1.,0.,0.));
#9408=AXIS2_PLACEMENT_3D('',#9405,#9406,#9407);
#9409=SPHERICAL_SURFACE('',#9408,0.7);
#9410=CARTESIAN_POINT('',(859.333948575,489.035855408,183.806827725));
#9411=DIRECTION('',(-0.,-0.,1.));
#9412=DIRECTION('',(1.,-0.,0.));
#9413=AXIS2_PLACEMENT_3D('',#9410,#9411,#9412);
#9414=CIRCLE('',#9413,0.7);
#9415=EDGE_CURVE('',#5373,#9386,#9414,.T.);
#9416=ORIENTED_EDGE('',*,*,#9415,.T.);
#9417=ORIENTED_EDGE('',*,*,#9400,.T.);
#9418=ORIENTED_EDGE('',*,*,#5360,.F.);
#9419=ORIENTED_EDGE('',*,*,#5387,.F.);
#9420=EDGE_LOOP('',(#9416,#9417,#9418,#9419));
#9421=FACE_BOUND('',#9420,.T.);
#9422=ADVANCED_FACE('',(#9421),#9409,.T.);
#9423=CARTESIAN_POINT('',(830.148611213,446.841371928,171.206827725));
#9424=DIRECTION('',(0.866025404,-0.5,0.));
#9425=DIRECTION('',(-0.5,-0.866025404,-0.));
#9426=AXIS2_PLACEMENT_3D('',#9423,#9424,#9425);
#9427=CYLINDRICAL_SURFACE('',#9426,0.7);
#9428=ORIENTED_EDGE('',*,*,#1183,.F.);
#9429=ORIENTED_EDGE('',*,*,#3489,.F.);
#9430=CARTESIAN_POINT('',(757.065622027,489.035855408,171.206827725));
#9431=DIRECTION('',(-0.612372436,0.353553391,0.707106781));
#9432=DIRECTION('',(0.612372436,-0.353553391,0.707106781));
#9433=AXIS2_PLACEMENT_3D('',#9430,#9431,#9432);
#9434=ELLIPSE('',#9433,0.989949494,0.7);
#9435=EDGE_CURVE('',#1194,#2278,#9434,.T.);
#9436=ORIENTED_EDGE('',*,*,#9435,.F.);
#9437=ORIENTED_EDGE('',*,*,#1199,.F.);
#9438=EDGE_LOOP('',(#9428,#9429,#9436,#9437));
#9439=FACE_BOUND('',#9438,.T.);
#9440=ADVANCED_FACE('',(#9439),#9427,.T.);
#9441=CARTESIAN_POINT('',(757.065622027,489.035855408,62.406827725));
#9442=DIRECTION('',(0.,-0.,-1.));
#9443=DIRECTION('',(-0.,-1.,0.));
#9444=AXIS2_PLACEMENT_3D('',#9441,#9442,#9443);
#9445=CYLINDRICAL_SURFACE('',#9444,0.7);
#9446=ORIENTED_EDGE('',*,*,#9435,.T.);
#9447=ORIENTED_EDGE('',*,*,#2283,.F.);
#9448=CARTESIAN_POINT('',(757.065622027,489.035855408,183.806827725));
#9449=DIRECTION('',(-0.,-0.,1.));
#9450=DIRECTION('',(1.,-0.,0.));
#9451=AXIS2_PLACEMENT_3D('',#9448,#9449,#9450);
#9452=CIRCLE('',#9451,0.7);
#9453=EDGE_CURVE('',#1202,#2270,#9452,.T.);
#9454=ORIENTED_EDGE('',*,*,#9453,.F.);
#9455=ORIENTED_EDGE('',*,*,#1207,.F.);
#9456=EDGE_LOOP('',(#9446,#9447,#9454,#9455));
#9457=FACE_BOUND('',#9456,.T.);
#9458=ADVANCED_FACE('',(#9457),#9445,.T.);
#9459=CARTESIAN_POINT('',(757.065622027,489.035855408,183.806827725));
#9460=DIRECTION('',(0.,0.,-1.));
#9461=DIRECTION('',(-1.,0.,0.));
#9462=AXIS2_PLACEMENT_3D('',#9459,#9460,#9461);
#9463=SPHERICAL_SURFACE('',#9462,0.7);
#9464=ORIENTED_EDGE('',*,*,#2918,.F.);
#9465=ORIENTED_EDGE('',*,*,#2123,.F.);
#9466=ORIENTED_EDGE('',*,*,#9453,.T.);
#9467=EDGE_LOOP('',(#9464,#9465,#9466));
#9468=FACE_BOUND('',#9467,.T.);
#9469=ADVANCED_FACE('',(#9468),#9463,.T.);
#9470=CARTESIAN_POINT('',(771.75095939,471.956108638,171.206827725));
#9471=DIRECTION('',(-0.866025404,-0.5,-0.));
#9472=DIRECTION('',(-0.5,0.866025404,0.));
#9473=AXIS2_PLACEMENT_3D('',#9470,#9471,#9472);
#9474=CYLINDRICAL_SURFACE('',#9473,0.7);
#9475=ORIENTED_EDGE('',*,*,#4393,.F.);
#9476=ORIENTED_EDGE('',*,*,#3514,.F.);
#9477=CARTESIAN_POINT('',(844.833948575,514.150592118,171.206827725));
#9478=DIRECTION('',(0.612372436,0.353553391,0.707106781));
#9479=DIRECTION('',(-0.612372436,-0.353553391,0.707106781));
#9480=AXIS2_PLACEMENT_3D('',#9477,#9478,#9479);
#9481=ELLIPSE('',#9480,0.989949494,0.7);
#9482=EDGE_CURVE('',#4404,#3501,#9481,.T.);
#9483=ORIENTED_EDGE('',*,*,#9482,.F.);
#9484=ORIENTED_EDGE('',*,*,#4409,.F.);
#9485=EDGE_LOOP('',(#9475,#9476,#9483,#9484));
#9486=FACE_BOUND('',#9485,.T.);
#9487=ADVANCED_FACE('',(#9486),#9474,.T.);
#9488=CARTESIAN_POINT('',(844.833948575,514.150592118,62.406827725));
#9489=DIRECTION('',(0.,0.,-1.));
#9490=DIRECTION('',(-0.,-1.,-0.));
#9491=AXIS2_PLACEMENT_3D('',#9488,#9489,#9490);
#9492=CYLINDRICAL_SURFACE('',#9491,0.7);
#9493=ORIENTED_EDGE('',*,*,#9482,.T.);
#9494=ORIENTED_EDGE('',*,*,#4582,.F.);
#9495=CARTESIAN_POINT('',(844.833948575,514.150592118,183.806827725));
#9496=DIRECTION('',(-0.,-0.,1.));
#9497=DIRECTION('',(1.,-0.,0.));
#9498=AXIS2_PLACEMENT_3D('',#9495,#9496,#9497);
#9499=CIRCLE('',#9498,0.7);
#9500=EDGE_CURVE('',#4412,#4571,#9499,.T.);
#9501=ORIENTED_EDGE('',*,*,#9500,.F.);
#9502=ORIENTED_EDGE('',*,*,#4417,.F.);
#9503=EDGE_LOOP('',(#9493,#9494,#9501,#9502));
#9504=FACE_BOUND('',#9503,.T.);
#9505=ADVANCED_FACE('',(#9504),#9492,.T.);
#9506=CARTESIAN_POINT('',(844.833948575,514.150592118,183.806827725));
#9507=DIRECTION('',(0.,0.,-1.));
#9508=DIRECTION('',(-1.,0.,0.));
#9509=AXIS2_PLACEMENT_3D('',#9506,#9507,#9508);
#9510=SPHERICAL_SURFACE('',#9509,0.7);
#9511=ORIENTED_EDGE('',*,*,#9500,.T.);
#9512=ORIENTED_EDGE('',*,*,#4646,.F.);
#9513=ORIENTED_EDGE('',*,*,#4464,.F.);
#9514=EDGE_LOOP('',(#9511,#9512,#9513));
#9515=FACE_BOUND('',#9514,.T.);
#9516=ADVANCED_FACE('',(#9515),#9510,.T.);
#9517=CARTESIAN_POINT('',(815.449785301,488.814058638,171.206827725));
#9518=DIRECTION('',(-0.866025404,0.5,-0.));
#9519=DIRECTION('',(0.5,0.866025404,0.));
#9520=AXIS2_PLACEMENT_3D('',#9517,#9518,#9519);
#9521=CYLINDRICAL_SURFACE('',#9520,0.7);
#9522=ORIENTED_EDGE('',*,*,#1162,.F.);
#9523=ORIENTED_EDGE('',*,*,#1102,.F.);
#9524=CARTESIAN_POINT('',(771.565622027,514.150592118,171.206827725));
#9525=DIRECTION('',(-0.612372436,0.353553391,0.707106781));
#9526=DIRECTION('',(-0.612372436,0.353553391,-0.707106781));
#9527=AXIS2_PLACEMENT_3D('',#9524,#9525,#9526);
#9528=ELLIPSE('',#9527,0.989949494,0.7);
#9529=EDGE_CURVE('',#1957,#1089,#9528,.T.);
#9530=ORIENTED_EDGE('',*,*,#9529,.F.);
#9531=ORIENTED_EDGE('',*,*,#3496,.F.);
#9532=EDGE_LOOP('',(#9522,#9523,#9530,#9531));
#9533=FACE_BOUND('',#9532,.T.);
#9534=ADVANCED_FACE('',(#9533),#9521,.T.);
#9535=CARTESIAN_POINT('',(771.565622027,514.150592118,184.506827725));
#9536=DIRECTION('',(-0.,0.,1.));
#9537=DIRECTION('',(0.,1.,-0.));
#9538=AXIS2_PLACEMENT_3D('',#9535,#9536,#9537);
#9539=CYLINDRICAL_SURFACE('',#9538,0.7);
#9540=ORIENTED_EDGE('',*,*,#9529,.T.);
#9541=ORIENTED_EDGE('',*,*,#1094,.F.);
#9542=CARTESIAN_POINT('',(770.865622027,514.150592118,183.806827725));
#9543=VERTEX_POINT('',#9542);
#9544=CARTESIAN_POINT('',(771.565622027,514.150592118,183.806827725));
#9545=DIRECTION('',(-0.,-0.,1.));
#9546=DIRECTION('',(1.,-0.,0.));
#9547=AXIS2_PLACEMENT_3D('',#9544,#9545,#9546);
#9548=CIRCLE('',#9547,0.7);
#9549=EDGE_CURVE('',#9543,#1081,#9548,.T.);
#9550=ORIENTED_EDGE('',*,*,#9549,.F.);
#9551=CARTESIAN_POINT('',(771.565622027,514.150592118,183.806827725));
#9552=DIRECTION('',(-0.,-0.,1.));
#9553=DIRECTION('',(1.,-0.,0.));
#9554=AXIS2_PLACEMENT_3D('',#9551,#9552,#9553);
#9555=CIRCLE('',#9554,0.7);
#9556=EDGE_CURVE('',#1965,#9543,#9555,.T.);
#9557=ORIENTED_EDGE('',*,*,#9556,.F.);
#9558=ORIENTED_EDGE('',*,*,#1970,.F.);
#9559=EDGE_LOOP('',(#9540,#9541,#9550,#9557,#9558));
#9560=FACE_BOUND('',#9559,.T.);
#9561=ADVANCED_FACE('',(#9560),#9539,.T.);
#9562=CARTESIAN_POINT('',(771.565622027,514.150592118,183.806827725));
#9563=DIRECTION('',(0.,0.,-1.));
#9564=DIRECTION('',(-1.,0.,0.));
#9565=AXIS2_PLACEMENT_3D('',#9562,#9563,#9564);
#9566=SPHERICAL_SURFACE('',#9565,0.7);
#9567=CARTESIAN_POINT('',(771.565622027,514.150592118,183.806827725));
#9568=DIRECTION('',(0.,1.,0.));
#9569=DIRECTION('',(-1.,0.,0.));
#9570=AXIS2_PLACEMENT_3D('',#9567,#9568,#9569);
#9571=CIRCLE('',#9570,0.7);
#9572=EDGE_CURVE('',#9543,#1930,#9571,.T.);
#9573=ORIENTED_EDGE('',*,*,#9572,.T.);
#9574=ORIENTED_EDGE('',*,*,#2046,.F.);
#9575=ORIENTED_EDGE('',*,*,#9556,.T.);
#9576=EDGE_LOOP('',(#9573,#9574,#9575));
#9577=FACE_BOUND('',#9576,.T.);
#9578=ADVANCED_FACE('',(#9577),#9566,.T.);
#9579=CARTESIAN_POINT('',(793.699785301,425.583623324,183.806827725));
#9580=DIRECTION('',(0.,0.,-1.));
#9581=DIRECTION('',(-1.,0.,0.));
#9582=AXIS2_PLACEMENT_3D('',#9579,#9580,#9581);
#9583=SPHERICAL_SURFACE('',#9582,0.7);
#9584=ORIENTED_EDGE('',*,*,#8397,.F.);
#9585=ORIENTED_EDGE('',*,*,#8253,.F.);
#9586=CARTESIAN_POINT('',(793.699785301,425.583623324,183.806827725));
#9587=DIRECTION('',(0.,0.,-1.));
#9588=DIRECTION('',(-1.,0.,0.));
#9589=AXIS2_PLACEMENT_3D('',#9586,#9587,#9588);
#9590=CIRCLE('',#9589,0.7);
#9591=EDGE_CURVE('',#8006,#8057,#9590,.T.);
#9592=ORIENTED_EDGE('',*,*,#9591,.F.);
#9593=EDGE_LOOP('',(#9584,#9585,#9592));
#9594=FACE_BOUND('',#9593,.T.);
#9595=ADVANCED_FACE('',(#9594),#9583,.T.);
#9596=CARTESIAN_POINT('',(793.699785301,425.583623324,180.506827725));
#9597=DIRECTION('',(-0.,-0.,1.));
#9598=DIRECTION('',(1.,-0.,0.));
#9599=AXIS2_PLACEMENT_3D('',#9596,#9597,#9598);
#9600=CYLINDRICAL_SURFACE('',#9599,0.7);
#9601=ORIENTED_EDGE('',*,*,#9591,.T.);
#9602=ORIENTED_EDGE('',*,*,#8062,.F.);
#9603=CARTESIAN_POINT('',(793.699785301,425.583623324,171.206827725));
#9604=DIRECTION('',(0.,0.707106781,-0.707106781));
#9605=DIRECTION('',(0.,0.707106781,0.707106781));
#9606=AXIS2_PLACEMENT_3D('',#9603,#9604,#9605);
#9607=ELLIPSE('',#9606,0.989949494,0.7);
#9608=EDGE_CURVE('',#8008,#3470,#9607,.T.);
#9609=ORIENTED_EDGE('',*,*,#9608,.F.);
#9610=ORIENTED_EDGE('',*,*,#8013,.F.);
#9611=EDGE_LOOP('',(#9601,#9602,#9609,#9610));
#9612=FACE_BOUND('',#9611,.T.);
#9613=ADVANCED_FACE('',(#9612),#9600,.T.);
#9614=CARTESIAN_POINT('',(793.699785301,476.256690283,171.206827725));
#9615=DIRECTION('',(-0.,-1.,-0.));
#9616=DIRECTION('',(-1.,0.,0.));
#9617=AXIS2_PLACEMENT_3D('',#9614,#9615,#9616);
#9618=CYLINDRICAL_SURFACE('',#9617,0.7);
#9619=ORIENTED_EDGE('',*,*,#7828,.F.);
#9620=ORIENTED_EDGE('',*,*,#8019,.F.);
#9621=ORIENTED_EDGE('',*,*,#9608,.T.);
#9622=ORIENTED_EDGE('',*,*,#3475,.F.);
#9623=EDGE_LOOP('',(#9619,#9620,#9621,#9622));
#9624=FACE_BOUND('',#9623,.T.);
#9625=ADVANCED_FACE('',(#9624),#9618,.T.);
#9626=CARTESIAN_POINT('',(852.690166358,450.570156804,174.5));
#9627=DIRECTION('',(0.866025404,-0.5,-0.));
#9628=DIRECTION('',(-0.5,-0.866025404,-0.));
#9629=AXIS2_PLACEMENT_3D('',#9626,#9627,#9628);
#9630=CONICAL_SURFACE('',#9629,2.7,45.);
#9631=CARTESIAN_POINT('',(851.340166358,448.231888214,174.5));
#9632=DIRECTION('',(-0.258819045,0.965925826,0.));
#9633=VECTOR('',#9632,0.989949494);
#9634=LINE('',#9631,#9633);
#9635=EDGE_CURVE('',#6337,#9153,#9634,.T.);
#9636=ORIENTED_EDGE('',*,*,#9635,.F.);
#9637=ORIENTED_EDGE('',*,*,#6343,.F.);
#9638=ORIENTED_EDGE('',*,*,#6350,.F.);
#9639=ORIENTED_EDGE('',*,*,#9635,.T.);
#9640=ORIENTED_EDGE('',*,*,#9176,.F.);
#9641=ORIENTED_EDGE('',*,*,#9169,.F.);
#9642=EDGE_LOOP('',(#9636,#9637,#9638,#9639,#9640,#9641));
#9643=FACE_BOUND('',#9642,.T.);
#9644=ADVANCED_FACE('',(#9643),#9630,.F.);
#9645=OVER_RIDING_STYLED_ITEM('',(#183),#9644,#54);
#9646=CARTESIAN_POINT('',(808.34278255,527.629757242,174.5));
#9647=DIRECTION('',(0.,1.,0.));
#9648=DIRECTION('',(1.,-0.,-0.));
#9649=AXIS2_PLACEMENT_3D('',#9646,#9647,#9648);
#9650=CONICAL_SURFACE('',#9649,2.7,45.);
#9651=CARTESIAN_POINT('',(811.04278255,527.629757242,174.5));
#9652=DIRECTION('',(-0.707106781,-0.707106781,-0.));
#9653=VECTOR('',#9652,0.989949494);
#9654=LINE('',#9651,#9653);
#9655=EDGE_CURVE('',#3268,#9259,#9654,.T.);
#9656=ORIENTED_EDGE('',*,*,#9655,.F.);
#9657=ORIENTED_EDGE('',*,*,#3274,.F.);
#9658=ORIENTED_EDGE('',*,*,#3281,.F.);
#9659=ORIENTED_EDGE('',*,*,#9655,.T.);
#9660=ORIENTED_EDGE('',*,*,#9282,.F.);
#9661=ORIENTED_EDGE('',*,*,#9275,.F.);
#9662=EDGE_LOOP('',(#9656,#9657,#9658,#9659,#9660,#9661));
#9663=FACE_BOUND('',#9662,.T.);
#9664=ADVANCED_FACE('',(#9663),#9650,.F.);
#9665=OVER_RIDING_STYLED_ITEM('',(#183),#9664,#54);
#9666=CARTESIAN_POINT('',(763.780902869,450.446317554,174.5));
#9667=DIRECTION('',(-0.866025404,-0.5,-0.));
#9668=DIRECTION('',(-0.5,0.866025404,0.));
#9669=AXIS2_PLACEMENT_3D('',#9666,#9667,#9668);
#9670=CONICAL_SURFACE('',#9669,2.7,45.);
#9671=CARTESIAN_POINT('',(762.430902869,452.784586144,174.5));
#9672=DIRECTION('',(0.965925826,-0.258819045,-0.));
#9673=VECTOR('',#9672,0.989949494);
#9674=LINE('',#9671,#9673);
#9675=EDGE_CURVE('',#2971,#9206,#9674,.T.);
#9676=ORIENTED_EDGE('',*,*,#9675,.F.);
#9677=ORIENTED_EDGE('',*,*,#2977,.F.);
#9678=ORIENTED_EDGE('',*,*,#2984,.F.);
#9679=ORIENTED_EDGE('',*,*,#9675,.T.);
#9680=ORIENTED_EDGE('',*,*,#9229,.F.);
#9681=ORIENTED_EDGE('',*,*,#9222,.F.);
#9682=EDGE_LOOP('',(#9676,#9677,#9678,#9679,#9680,#9681));
#9683=FACE_BOUND('',#9682,.T.);
#9684=ADVANCED_FACE('',(#9683),#9670,.F.);
#9685=OVER_RIDING_STYLED_ITEM('',(#183),#9684,#54);
#9686=CARTESIAN_POINT('',(779.828772262,517.462763874,179.506827725));
#9687=DIRECTION('',(-0.5,-0.866025404,0.));
#9688=DIRECTION('',(-0.,0.,-1.));
#9689=AXIS2_PLACEMENT_3D('',#9686,#9687,#9688);
#9690=CYLINDRICAL_SURFACE('',#9689,2.7);
#9691=ORIENTED_EDGE('',*,*,#358,.T.);
#9692=ORIENTED_EDGE('',*,*,#737,.T.);
#9693=ORIENTED_EDGE('',*,*,#766,.T.);
#9694=ORIENTED_EDGE('',*,*,#493,.T.);
#9695=EDGE_LOOP('',(#9691,#9692,#9693,#9694));
#9696=FACE_BOUND('',#9695,.T.);
#9697=ADVANCED_FACE('',(#9696),#9690,.F.);
#9698=CARTESIAN_POINT('',(779.828772262,517.462763874,179.506827725));
#9699=DIRECTION('',(-0.5,-0.866025404,0.));
#9700=DIRECTION('',(-0.,0.,-1.));
#9701=AXIS2_PLACEMENT_3D('',#9698,#9699,#9700);
#9702=CYLINDRICAL_SURFACE('',#9701,2.7);
#9703=ORIENTED_EDGE('',*,*,#400,.T.);
#9704=ORIENTED_EDGE('',*,*,#623,.T.);
#9705=ORIENTED_EDGE('',*,*,#840,.T.);
#9706=ORIENTED_EDGE('',*,*,#886,.F.);
#9707=EDGE_LOOP('',(#9703,#9704,#9705,#9706));
#9708=FACE_BOUND('',#9707,.T.);
#9709=ADVANCED_FACE('',(#9708),#9702,.F.);
#9710=CARTESIAN_POINT('',(773.384285889,513.100586047,62.406827725));
#9711=DIRECTION('',(-0.,0.,-1.));
#9712=DIRECTION('',(-0.,-1.,-0.));
#9713=AXIS2_PLACEMENT_3D('',#9710,#9711,#9712);
#9714=CYLINDRICAL_SURFACE('',#9713,0.7);
#9715=ORIENTED_EDGE('',*,*,#442,.F.);
#9716=ORIENTED_EDGE('',*,*,#500,.T.);
#9717=ORIENTED_EDGE('',*,*,#760,.F.);
#9718=ORIENTED_EDGE('',*,*,#783,.F.);
#9719=EDGE_LOOP('',(#9715,#9716,#9717,#9718));
#9720=FACE_BOUND('',#9719,.T.);
#9721=ADVANCED_FACE('',(#9720),#9714,.T.);
#9722=CARTESIAN_POINT('',(779.273258635,509.700586047,183.806827725));
#9723=DIRECTION('',(0.,0.,-1.));
#9724=DIRECTION('',(-1.,0.,0.));
#9725=AXIS2_PLACEMENT_3D('',#9722,#9723,#9724);
#9726=SPHERICAL_SURFACE('',#9725,0.7);
#9727=ORIENTED_EDGE('',*,*,#697,.F.);
#9728=ORIENTED_EDGE('',*,*,#527,.F.);
#9729=ORIENTED_EDGE('',*,*,#1844,.T.);
#9730=EDGE_LOOP('',(#9727,#9728,#9729));
#9731=FACE_BOUND('',#9730,.T.);
#9732=ADVANCED_FACE('',(#9731),#9726,.T.);
#9733=CARTESIAN_POINT('',(773.578772262,506.637446327,179.506827725));
#9734=DIRECTION('',(0.5,0.866025404,0.));
#9735=DIRECTION('',(0.866025404,-0.5,-0.));
#9736=AXIS2_PLACEMENT_3D('',#9733,#9734,#9735);
#9737=TOROIDAL_SURFACE('',#9736,11.1,2.5);
#9738=ORIENTED_EDGE('',*,*,#2078,.F.);
#9739=ORIENTED_EDGE('',*,*,#3200,.F.);
#9740=ORIENTED_EDGE('',*,*,#1760,.T.);
#9741=ORIENTED_EDGE('',*,*,#982,.F.);
#9742=EDGE_LOOP('',(#9738,#9739,#9740,#9741));
#9743=FACE_BOUND('',#9742,.T.);
#9744=ADVANCED_FACE('',(#9743),#9737,.T.);
#9745=CARTESIAN_POINT('',(764.578772262,491.048989058,179.506827725));
#9746=DIRECTION('',(0.5,0.866025404,0.));
#9747=DIRECTION('',(0.866025404,-0.5,-0.));
#9748=AXIS2_PLACEMENT_3D('',#9745,#9746,#9747);
#9749=TOROIDAL_SURFACE('',#9748,11.1,2.5);
#9750=ORIENTED_EDGE('',*,*,#2315,.F.);
#9751=ORIENTED_EDGE('',*,*,#947,.F.);
#9752=ORIENTED_EDGE('',*,*,#2856,.F.);
#9753=ORIENTED_EDGE('',*,*,#3065,.F.);
#9754=EDGE_LOOP('',(#9750,#9751,#9752,#9753));
#9755=FACE_BOUND('',#9754,.T.);
#9756=ADVANCED_FACE('',(#9755),#9749,.T.);
#9757=CARTESIAN_POINT('',(858.070798341,480.223671511,179.506827725));
#9758=DIRECTION('',(-0.5,0.866025404,0.));
#9759=DIRECTION('',(-0.,0.,-1.));
#9760=AXIS2_PLACEMENT_3D('',#9757,#9758,#9759);
#9761=CYLINDRICAL_SURFACE('',#9760,2.7);
#9762=ORIENTED_EDGE('',*,*,#3563,.T.);
#9763=ORIENTED_EDGE('',*,*,#3789,.T.);
#9764=ORIENTED_EDGE('',*,*,#3901,.T.);
#9765=ORIENTED_EDGE('',*,*,#3964,.F.);
#9766=EDGE_LOOP('',(#9762,#9763,#9764,#9765));
#9767=FACE_BOUND('',#9766,.T.);
#9768=ADVANCED_FACE('',(#9767),#9761,.F.);
#9769=CARTESIAN_POINT('',(858.070798341,480.223671511,179.506827725));
#9770=DIRECTION('',(-0.5,0.866025404,0.));
#9771=DIRECTION('',(-0.,0.,-1.));
#9772=AXIS2_PLACEMENT_3D('',#9769,#9770,#9771);
#9773=CYLINDRICAL_SURFACE('',#9772,2.7);
#9774=ORIENTED_EDGE('',*,*,#3605,.T.);
#9775=ORIENTED_EDGE('',*,*,#4099,.T.);
#9776=ORIENTED_EDGE('',*,*,#4121,.T.);
#9777=ORIENTED_EDGE('',*,*,#3665,.T.);
#9778=EDGE_LOOP('',(#9774,#9775,#9776,#9777));
#9779=FACE_BOUND('',#9778,.T.);
#9780=ADVANCED_FACE('',(#9779),#9773,.F.);
#9781=CARTESIAN_POINT('',(851.626311968,484.585849338,62.406827725));
#9782=DIRECTION('',(0.,-0.,1.));
#9783=DIRECTION('',(0.,1.,0.));
#9784=AXIS2_PLACEMENT_3D('',#9781,#9782,#9783);
#9785=CYLINDRICAL_SURFACE('',#9784,0.7);
#9786=ORIENTED_EDGE('',*,*,#3697,.F.);
#9787=ORIENTED_EDGE('',*,*,#4050,.T.);
#9788=ORIENTED_EDGE('',*,*,#4021,.F.);
#9789=ORIENTED_EDGE('',*,*,#3655,.F.);
#9790=EDGE_LOOP('',(#9786,#9787,#9788,#9789));
#9791=FACE_BOUND('',#9790,.T.);
#9792=ADVANCED_FACE('',(#9791),#9785,.T.);
#9793=CARTESIAN_POINT('',(843.015284713,513.100586047,62.406827725));
#9794=DIRECTION('',(-0.,0.,-1.));
#9795=DIRECTION('',(-0.,-1.,-0.));
#9796=AXIS2_PLACEMENT_3D('',#9793,#9794,#9795);
#9797=CYLINDRICAL_SURFACE('',#9796,0.7);
#9798=ORIENTED_EDGE('',*,*,#3822,.F.);
#9799=ORIENTED_EDGE('',*,*,#3773,.F.);
#9800=ORIENTED_EDGE('',*,*,#4429,.F.);
#9801=ORIENTED_EDGE('',*,*,#3919,.T.);
#9802=EDGE_LOOP('',(#9798,#9799,#9800,#9801));
#9803=FACE_BOUND('',#9802,.T.);
#9804=ADVANCED_FACE('',(#9803),#9797,.T.);
#9805=CARTESIAN_POINT('',(857.515284713,487.985849338,183.806827725));
#9806=DIRECTION('',(0.,0.,-1.));
#9807=DIRECTION('',(-1.,0.,0.));
#9808=AXIS2_PLACEMENT_3D('',#9805,#9806,#9807);
#9809=SPHERICAL_SURFACE('',#9808,0.7);
#9810=ORIENTED_EDGE('',*,*,#4139,.F.);
#9811=ORIENTED_EDGE('',*,*,#3739,.T.);
#9812=ORIENTED_EDGE('',*,*,#5336,.T.);
#9813=EDGE_LOOP('',(#9810,#9811,#9812));
#9814=FACE_BOUND('',#9813,.T.);
#9815=ADVANCED_FACE('',(#9814),#9809,.T.);
#9816=CARTESIAN_POINT('',(851.820798341,491.048989058,179.506827725));
#9817=DIRECTION('',(0.5,-0.866025404,-0.));
#9818=DIRECTION('',(-0.866025404,-0.5,-0.));
#9819=AXIS2_PLACEMENT_3D('',#9816,#9817,#9818);
#9820=TOROIDAL_SURFACE('',#9819,11.1,2.5);
#9821=ORIENTED_EDGE('',*,*,#5442,.F.);
#9822=ORIENTED_EDGE('',*,*,#6194,.F.);
#9823=ORIENTED_EDGE('',*,*,#5165,.F.);
#9824=ORIENTED_EDGE('',*,*,#4183,.F.);
#9825=EDGE_LOOP('',(#9821,#9822,#9823,#9824));
#9826=FACE_BOUND('',#9825,.T.);
#9827=ADVANCED_FACE('',(#9826),#9820,.T.);
#9828=CARTESIAN_POINT('',(842.820798341,506.637446327,179.506827725));
#9829=DIRECTION('',(0.5,-0.866025404,-0.));
#9830=DIRECTION('',(-0.866025404,-0.5,-0.));
#9831=AXIS2_PLACEMENT_3D('',#9828,#9829,#9830);
#9832=TOROIDAL_SURFACE('',#9831,11.1,2.5);
#9833=ORIENTED_EDGE('',*,*,#5486,.F.);
#9834=ORIENTED_EDGE('',*,*,#4282,.F.);
#9835=ORIENTED_EDGE('',*,*,#6062,.T.);
#9836=ORIENTED_EDGE('',*,*,#6148,.F.);
#9837=EDGE_LOOP('',(#9833,#9834,#9835,#9836));
#9838=FACE_BOUND('',#9837,.T.);
#9839=ADVANCED_FACE('',(#9838),#9832,.T.);
#9840=CARTESIAN_POINT('',(786.699785301,431.083635465,175.506827725));
#9841=DIRECTION('',(1.,-0.,0.));
#9842=DIRECTION('',(0.,0.,-1.));
#9843=AXIS2_PLACEMENT_3D('',#9840,#9841,#9842);
#9844=CYLINDRICAL_SURFACE('',#9843,2.7);
#9845=ORIENTED_EDGE('',*,*,#7653,.T.);
#9846=ORIENTED_EDGE('',*,*,#7994,.T.);
#9847=ORIENTED_EDGE('',*,*,#7915,.T.);
#9848=ORIENTED_EDGE('',*,*,#7720,.T.);
#9849=EDGE_LOOP('',(#9845,#9846,#9847,#9848));
#9850=FACE_BOUND('',#9849,.T.);
#9851=ADVANCED_FACE('',(#9850),#9844,.F.);
#9852=CARTESIAN_POINT('',(786.699785301,431.083635465,175.506827725));
#9853=DIRECTION('',(1.,-0.,0.));
#9854=DIRECTION('',(0.,0.,-1.));
#9855=AXIS2_PLACEMENT_3D('',#9852,#9853,#9854);
#9856=CYLINDRICAL_SURFACE('',#9855,2.7);
#9857=ORIENTED_EDGE('',*,*,#7736,.T.);
#9858=ORIENTED_EDGE('',*,*,#7761,.T.);
#9859=ORIENTED_EDGE('',*,*,#7484,.T.);
#9860=ORIENTED_EDGE('',*,*,#7560,.F.);
#9861=EDGE_LOOP('',(#9857,#9858,#9859,#9860));
#9862=FACE_BOUND('',#9861,.T.);
#9863=ADVANCED_FACE('',(#9862),#9856,.F.);
#9864=CARTESIAN_POINT('',(859.333948575,489.035855408,184.506827725));
#9865=DIRECTION('',(-0.,-0.,1.));
#9866=DIRECTION('',(0.,1.,0.));
#9867=AXIS2_PLACEMENT_3D('',#9864,#9865,#9866);
#9868=CYLINDRICAL_SURFACE('',#9867,0.7);
#9869=ORIENTED_EDGE('',*,*,#9391,.F.);
#9870=ORIENTED_EDGE('',*,*,#9415,.F.);
#9871=ORIENTED_EDGE('',*,*,#5417,.F.);
#9872=ORIENTED_EDGE('',*,*,#9374,.T.);
#9873=EDGE_LOOP('',(#9869,#9870,#9871,#9872));
#9874=FACE_BOUND('',#9873,.T.);
#9875=ADVANCED_FACE('',(#9874),#9868,.T.);
#9876=CARTESIAN_POINT('',(771.565622027,514.150592118,183.806827725));
#9877=DIRECTION('',(0.,0.,-1.));
#9878=DIRECTION('',(-1.,0.,0.));
#9879=AXIS2_PLACEMENT_3D('',#9876,#9877,#9878);
#9880=SPHERICAL_SURFACE('',#9879,0.7);
#9881=ORIENTED_EDGE('',*,*,#9572,.F.);
#9882=ORIENTED_EDGE('',*,*,#9549,.T.);
#9883=ORIENTED_EDGE('',*,*,#1942,.F.);
#9884=EDGE_LOOP('',(#9881,#9882,#9883));
#9885=FACE_BOUND('',#9884,.T.);
#9886=ADVANCED_FACE('',(#9885),#9880,.T.);
#9887=CLOSED_SHELL('',(#94,#134,#176,#257,#300,#343,#386,#428,#470,#512,#553,#593,#628,#660,#684,#709,#742,#771,#803,#828,#859,#890,#907,#932,#1074,#1132,
#1187,#1237,#1798,#1833,#1856,#1881,#1906,#1923,#1948,#1988,#2034,#2065,#2109,#2134,#2159,#2184,#2201,#2235,#2261,#2301,#2343,#2899,#2930,#2962,#3006,
#3037,#3077,#3166,#3211,#3226,#3259,#3303,#3390,#3436,#3548,#3591,#3633,#3685,#3717,#3758,#3810,#3842,#3874,#3905,#3937,#3968,#3985,#4008,#4039,#4071,
#4104,#4126,#4151,#4293,#4351,#4397,#4452,#4470,#4488,#4506,#4518,#4545,#4564,#4588,#4634,#4652,#5216,#5251,#5268,#5293,#5318,#5341,#5366,#5406,#5428,
#5473,#5514,#6067,#6120,#6160,#6205,#6308,#6327,#6372,#6391,#6405,#6439,#6464,#6489,#6514,#6539,#6564,#6582,#6623,#6678,#6695,#6720,#7291,#7330,#7356,
#7423,#7440,#7466,#7490,#7515,#7539,#7566,#7639,#7681,#7724,#7749,#7768,#7832,#7856,#7888,#7919,#7951,#7975,#7999,#8049,#8073,#8101,#8132,#8240,#8259,
#8310,#8323,#8366,#8385,#8409,#8433,#8451,#8469,#9053,#9064,#9075,#9092,#9109,#9126,#9146,#9188,#9198,#9241,#9251,#9294,#9304,#9323,#9341,#9352,#9379,
#9404,#9422,#9440,#9458,#9469,#9487,#9505,#9516,#9534,#9561,#9578,#9595,#9613,#9625,#9644,#9664,#9684,#9697,#9709,#9721,#9732,#9744,#9756,#9768,#9780,
#9792,#9804,#9815,#9827,#9839,#9851,#9863,#9875,#9886));
#9888=MANIFOLD_SOLID_BREP('Schr\S\dge',#9887);
#9889=COLOUR_RGB('',0.627451003,0.627451003,0.643137276);
#9890=FILL_AREA_STYLE_COLOUR('',#9889);
#9891=FILL_AREA_STYLE('',(#9890));
#9892=SURFACE_STYLE_FILL_AREA(#9891);
#9893=SURFACE_SIDE_STYLE('',(#9892));
#9894=SURFACE_STYLE_USAGE(.BOTH.,#9893);
#9895=PRESENTATION_STYLE_ASSIGNMENT((#9894));
#54=STYLED_ITEM('',(#9895),#9888);
#35=SHAPE_REPRESENTATION('Schienenkopf (3 Wege, r = 7.5mm, schr\S\dg)',(#15),#33);
#36=ADVANCED_BREP_SHAPE_REPRESENTATION('Schienenkopf (3 Wege, r = 7.5mm, schr\S\dg)',(#9888),#33);
#9903=SHAPE_REPRESENTATION_RELATIONSHIP('','',#35,#36);
#9904=CARTESIAN_POINT('',(0.,0.,0.));
#9905=DIRECTION('',(0.,0.,1.));
#9906=DIRECTION('',(1.,0.,0.));
#9907=AXIS2_PLACEMENT_3D('',#9904,#9905,#9906);
#9909=MAPPED_ITEM('',#9908,#9907);
#9908=REPRESENTATION_MAP(#9907,#35);
#9910=APPLICATION_CONTEXT('Managed model based 3d engineering');
#9911=APPLICATION_PROTOCOL_DEFINITION('international standard','ap242_managed_model_based_3d_engineering',2014,#9910);
#9912=PRODUCT_CONTEXT('',#9910,'mechanical');
#9913=PRODUCT_DEFINITION_CONTEXT('part definition',#9910,'design');
#43=PRODUCT('Schienenkopf (3 Wege, r = 7.5mm, schr\S\dg)','Schienenkopf (3 Wege, r = 7.5mm, schr\S\dg)','',(#9912));
#9914=PRODUCT_RELATED_PRODUCT_CATEGORY('part','',(#43));
#9915=PRODUCT_DEFINITION_FORMATION_WITH_SPECIFIED_SOURCE('','',#43,.NOT_KNOWN.);
#44=PRODUCT_DEFINITION('design','',#9915,#9913);
#42=PRODUCT_DEFINITION_SHAPE('','',#44);
#9916=SHAPE_DEFINITION_REPRESENTATION(#42,#35);
#34=DRAUGHTING_MODEL('',(#9909),#33);
#16=SHAPE_REPRESENTATION('root',(#15,#48),#10);
#9917=CARTESIAN_POINT('',(0.,0.,0.));
#9918=DIRECTION('',(0.,0.,1.));
#9919=DIRECTION('',(1.,0.,0.));
#9920=AXIS2_PLACEMENT_3D('',#9917,#9918,#9919);
#9922=MAPPED_ITEM('',#9921,#9920);
#9921=REPRESENTATION_MAP(#9920,#16);
#24=PRODUCT('root','root','',(#9912));
#9923=PRODUCT_RELATED_PRODUCT_CATEGORY('part','',(#24));
#9924=PRODUCT_DEFINITION_FORMATION_WITH_SPECIFIED_SOURCE('','',#24,.NOT_KNOWN.);
#25=PRODUCT_DEFINITION('design','',#9924,#9913);
#23=PRODUCT_DEFINITION_SHAPE('','',#25);
#9925=SHAPE_DEFINITION_REPRESENTATION(#23,#16);
#11=DRAUGHTING_MODEL('',(#9922),#10);
#9926=DESCRIPTIVE_REPRESENTATION_ITEM('KEY','C:\\Users\\Ruben\\AppData\\Local\\Packages\\Shapr3D.Shapr3D_dvv5p1vgwv6mp\\TempState\\091080e3-7c11-40b7-b3b0-91e284533df1.tmp');
#9927=PROPERTY_DEFINITION('KEY','',#25);
#9928=REPRESENTATION('',(#9926),#10);
#9929=PROPERTY_DEFINITION_REPRESENTATION(#9927,#9928);
#9930=GENERAL_PROPERTY('','KEY','');
#9931=GENERAL_PROPERTY_ASSOCIATION('','',#9930,#9927);
#1=MECHANICAL_DESIGN_GEOMETRIC_PRESENTATION_REPRESENTATION('',(#184,#258,#301,#344,#1989,#2302,#3007,#3038,#3078,#3167,#3212,#3227,#3304,#3391,#3437,#3549,#4589,#5429,#6121,#6161,#6206,#6309,#6328,#6373,#6406,#6583,
#6624,#7357,#7441,#8074,#8133,#8241,#8311,#8324,#9189,#9199,#9242,#9252,#9295,#9305,#9645,#9665,#9685,#54),#10);
ENDSEC;
END-ISO-10303-21;
