ISO-10303-21;
HEADER;
FILE_DESCRIPTION((''),'2;1');
FILE_NAME('gravitrax-funnelconnector-v3', '2025-12-29T19:32:01', (''), (''), 'ImageToStl.com STEP Converter','', '');
FILE_SCHEMA(('AUTOMOTIVE_DESIGN_CC2'));
ENDSEC;
DATA;
#1=PRODUCT_DEFINITION_CONTEXT('',#4,'design');
#2=APPLICATION_PROTOCOL_DEFINITION('INTERNATIONAL STANDARD','automotive_design',1994,#4);
#3=(GEOMETRIC_REPRESENTATION_CONTEXT(3)GLOBAL_UNCERTAINTY_ASSIGNED_CONTEXT((#5))GLOBAL_UNIT_ASSIGNED_CONTEXT((#6,#7,#8))REPRESENTATION_CONTEXT('NONE','WORKSPACE'));
#4=APPLICATION_CONTEXT(' ');
#5=UNCERTAINTY_MEASURE_WITH_UNIT(LENGTH_MEASURE(1.0E-006),#6,'','');
#6=(CONVERSION_BASED_UNIT('METRE',#10)LENGTH_UNIT()NAMED_UNIT(#11));
#7=(NAMED_UNIT(#12)PLANE_ANGLE_UNIT()SI_UNIT($,.RADIAN.));
#8=(NAMED_UNIT(#12)SOLID_ANGLE_UNIT()SI_UNIT($,.STERADIAN.));
#9=AXIS2_PLACEMENT_3D('',#14,#15,#16);
#10=LENGTH_MEASURE_WITH_UNIT(LENGTH_MEASURE(1.0),#17);
#11=DIMENSIONAL_EXPONENTS(1.0,0.0,0.0,0.0,0.0,0.0,0.0);
#12=DIMENSIONAL_EXPONENTS(0.0,0.0,0.0,0.0,0.0,0.0,0.0);
#13=PRODUCT_CONTEXT('',#4,'mechanical');
#14=CARTESIAN_POINT('',(0.0,0.0,0.0));
#15=DIRECTION('',(0.0,0.0,1.0));
#16=DIRECTION('',(1.0,0.0,0.0));
#17=(NAMED_UNIT(#11)LENGTH_UNIT()SI_UNIT(.MILLI.,.METRE.));
#18=PRESENTATION_STYLE_ASSIGNMENT((#19));
#19=SURFACE_STYLE_USAGE(.BOTH.,#20);
#20=SURFACE_SIDE_STYLE('',(#21));
#21=SURFACE_STYLE_FILL_AREA(#22);
#22=FILL_AREA_STYLE('',(#23));
#23=FILL_AREA_STYLE_COLOUR('',#24);
#24=COLOUR_RGB('',0.62745,0.62745,0.62745);
#25=PRESENTATION_STYLE_ASSIGNMENT((#26));
#26=SURFACE_STYLE_USAGE(.BOTH.,#27);
#27=SURFACE_SIDE_STYLE('',(#28));
#28=SURFACE_STYLE_FILL_AREA(#29);
#29=FILL_AREA_STYLE('',(#30));
#30=FILL_AREA_STYLE_COLOUR('',#31);
#31=COLOUR_RGB('',0.59608,0.59608,0.59608);
#32=SHAPE_DEFINITION_REPRESENTATION(#33,#34);
#33=PRODUCT_DEFINITION_SHAPE('productshape0','',#37);
#34=MANIFOLD_SURFACE_SHAPE_REPRESENTATION('',(#35,#9),#3);
#35=SHELL_BASED_SURFACE_MODEL('shell0',(#39));
#36=PRODUCT('product0','','',(#13));
#37=PRODUCT_DEFINITION('mesh0','',#38,#2);
#38=PRODUCT_DEFINITION_FORMATION_WITH_SPECIFIED_SOURCE('prodsource0','',#36,.NOT_KNOWN.);
#39=CLOSED_SHELL('',(#185,#207,#229,#251,#273,#295,#317,#339,#361,#383,#405,#427,#449,#471,#493,#515,#537,#559,#581,#603,#625,#647,#669,#691,#713,#735,#757,#779,#801,#823,#845,#867,#889,#911,#933,#955,#977,#999,#1021,#1043,#1065,#1087,#1109,#1131,#1153,#1175,#1197,#1219,#1241,#1263,#1285,#1307,#1329,#1351,#1373,#1395,#1417,#1439,#1461,#1483,#1505,#1527,#1549,#1571,#1593,#1615,#1637,#1659,#1681,#1703,#1725,#1747,#1769,#1791,#1813,#1835,#1857,#1879,#1901,#1923,#1945,#1967,#1989,#2011,#2033,#2055,#2077,#2099,#2121,#2143,#2165,#2187,#2209,#2231,#2253,#2275,#2297,#2319,#2341,#2363,#2385,#2407,#2429,#2451,#2473,#2495,#2517,#2539,#2561,#2583,#2605,#2627,#2649,#2671,#2693,#2715,#2737,#2759,#2781,#2803,#2825,#2847,#2869,#2891,#2913,#2935,#2957,#2979,#3001,#3023,#3045,#3067,#3089,#3111,#3133,#3155,#3177,#3199,#3221,#3243,#3265,#3287,#3309,#3331));
#40=CARTESIAN_POINT('',(0.8660253882408142,-15.669482231140137,3));
#41=VERTEX_POINT('',#40);
#42=CARTESIAN_POINT('',(0.8660253882408142,-16.589567184448242,3));
#43=VERTEX_POINT('',#42);
#44=CARTESIAN_POINT('',(0.8660253882408142,-15.669482231140137,6));
#45=VERTEX_POINT('',#44);
#46=CARTESIAN_POINT('',(0.8660253882408142,-16.589567184448242,6));
#47=VERTEX_POINT('',#46);
#48=CARTESIAN_POINT('',(13.130797386169434,-8.581068992614746,3));
#49=VERTEX_POINT('',#48);
#50=CARTESIAN_POINT('',(13.130797386169434,-8.581068992614746,6));
#51=VERTEX_POINT('',#50);
#52=CARTESIAN_POINT('',(13.933974266052246,-9.044783592224121,3));
#53=VERTEX_POINT('',#52);
#54=CARTESIAN_POINT('',(13.933974266052246,-9.044783592224121,6));
#55=VERTEX_POINT('',#54);
#56=CARTESIAN_POINT('',(13.13715648651123,8.58474063873291,3));
#57=VERTEX_POINT('',#56);
#58=CARTESIAN_POINT('',(13.933974266052246,9.044783592224121,3));
#59=VERTEX_POINT('',#58);
#60=CARTESIAN_POINT('',(13.13715648651123,8.58474063873291,6));
#61=VERTEX_POINT('',#60);
#62=CARTESIAN_POINT('',(13.933974266052246,9.044783592224121,6));
#63=VERTEX_POINT('',#62);
#64=CARTESIAN_POINT('',(0.8660253882408142,15.662137985229492,3));
#65=VERTEX_POINT('',#64);
#66=CARTESIAN_POINT('',(0.8660253882408142,15.662137985229492,6));
#67=VERTEX_POINT('',#66);
#68=CARTESIAN_POINT('',(0.8660253882408142,16.589567184448242,3));
#69=VERTEX_POINT('',#68);
#70=CARTESIAN_POINT('',(0.8660253882408142,16.589567184448242,6));
#71=VERTEX_POINT('',#70);
#72=CARTESIAN_POINT('',(-0.8660253882408142,15.669482231140137,3));
#73=VERTEX_POINT('',#72);
#74=CARTESIAN_POINT('',(-0.8660253882408142,16.589567184448242,3));
#75=VERTEX_POINT('',#74);
#76=CARTESIAN_POINT('',(-0.8660253882408142,15.669482231140137,6));
#77=VERTEX_POINT('',#76);
#78=CARTESIAN_POINT('',(-0.8660253882408142,16.589567184448242,6));
#79=VERTEX_POINT('',#78);
#80=CARTESIAN_POINT('',(-13.130797386169434,8.581068992614746,3));
#81=VERTEX_POINT('',#80);
#82=CARTESIAN_POINT('',(-13.130797386169434,8.581068992614746,6));
#83=VERTEX_POINT('',#82);
#84=CARTESIAN_POINT('',(-13.933974266052246,9.044783592224121,3));
#85=VERTEX_POINT('',#84);
#86=CARTESIAN_POINT('',(-13.933974266052246,9.044783592224121,6));
#87=VERTEX_POINT('',#86);
#88=CARTESIAN_POINT('',(-13.13715648651123,-8.58474063873291,3));
#89=VERTEX_POINT('',#88);
#90=CARTESIAN_POINT('',(-13.933974266052246,-9.044783592224121,3));
#91=VERTEX_POINT('',#90);
#92=CARTESIAN_POINT('',(-13.13715648651123,-8.58474063873291,6));
#93=VERTEX_POINT('',#92);
#94=CARTESIAN_POINT('',(-13.933974266052246,-9.044783592224121,6));
#95=VERTEX_POINT('',#94);
#96=CARTESIAN_POINT('',(-0.8660253882408142,-15.662137985229492,3));
#97=VERTEX_POINT('',#96);
#98=CARTESIAN_POINT('',(-0.8660253882408142,-15.662137985229492,6));
#99=VERTEX_POINT('',#98);
#100=CARTESIAN_POINT('',(-0.8660253882408142,-16.589567184448242,3));
#101=VERTEX_POINT('',#100);
#102=CARTESIAN_POINT('',(-0.8660253882408142,-16.589567184448242,6));
#103=VERTEX_POINT('',#102);
#104=CARTESIAN_POINT('',(14.003182411193848,-7.084741115570068,3));
#105=VERTEX_POINT('',#104);
#106=CARTESIAN_POINT('',(14.800000190734863,-7.544784069061279,3));
#107=VERTEX_POINT('',#106);
#108=CARTESIAN_POINT('',(14.003182411193848,-7.084741115570068,6));
#109=VERTEX_POINT('',#108);
#110=CARTESIAN_POINT('',(14.800000190734863,-7.544784069061279,6));
#111=VERTEX_POINT('',#110);
#112=CARTESIAN_POINT('',(13.996822357177734,7.081068992614746,3));
#113=VERTEX_POINT('',#112);
#114=CARTESIAN_POINT('',(13.996822357177734,7.081068992614746,6));
#115=VERTEX_POINT('',#114);
#116=CARTESIAN_POINT('',(14.800000190734863,7.544784069061279,3));
#117=VERTEX_POINT('',#116);
#118=CARTESIAN_POINT('',(14.800000190734863,7.544784069061279,6));
#119=VERTEX_POINT('',#118);
#120=CARTESIAN_POINT('',(-14.003182411193848,7.084741115570068,3));
#121=VERTEX_POINT('',#120);
#122=CARTESIAN_POINT('',(-14.800000190734863,7.544784069061279,3));
#123=VERTEX_POINT('',#122);
#124=CARTESIAN_POINT('',(-14.003182411193848,7.084741115570068,6));
#125=VERTEX_POINT('',#124);
#126=CARTESIAN_POINT('',(-14.800000190734863,7.544784069061279,6));
#127=VERTEX_POINT('',#126);
#128=CARTESIAN_POINT('',(-13.996822357177734,-7.081068992614746,3));
#129=VERTEX_POINT('',#128);
#130=CARTESIAN_POINT('',(-13.996822357177734,-7.081068992614746,6));
#131=VERTEX_POINT('',#130);
#132=CARTESIAN_POINT('',(-14.800000190734863,-7.544784069061279,3));
#133=VERTEX_POINT('',#132);
#134=CARTESIAN_POINT('',(-14.800000190734863,-7.544784069061279,6));
#135=VERTEX_POINT('',#134);
#136=CARTESIAN_POINT('',(3.3306690738754696E-15,13.856406211853027,0));
#137=VERTEX_POINT('',#136);
#138=CARTESIAN_POINT('',(12,6.928203105926514,0));
#139=VERTEX_POINT('',#138);
#140=CARTESIAN_POINT('',(4.440892098500626E-15,13.856406211853027,3));
#141=VERTEX_POINT('',#140);
#142=CARTESIAN_POINT('',(12,6.928203105926514,3));
#143=VERTEX_POINT('',#142);
#144=CARTESIAN_POINT('',(-12,6.928203105926514,0));
#145=VERTEX_POINT('',#144);
#146=CARTESIAN_POINT('',(-12,6.928203105926514,3));
#147=VERTEX_POINT('',#146);
#148=CARTESIAN_POINT('',(-12,-6.928203105926514,0));
#149=VERTEX_POINT('',#148);
#150=CARTESIAN_POINT('',(-12,-6.928203105926514,3));
#151=VERTEX_POINT('',#150);
#152=CARTESIAN_POINT('',(-7.771561172376096E-15,-13.856406211853027,0));
#153=VERTEX_POINT('',#152);
#154=CARTESIAN_POINT('',(-8.881784197001252E-15,-13.856406211853027,3));
#155=VERTEX_POINT('',#154);
#156=CARTESIAN_POINT('',(12,-6.928203105926514,0));
#157=VERTEX_POINT('',#156);
#158=CARTESIAN_POINT('',(12,-6.928203105926514,3));
#159=VERTEX_POINT('',#158);
#160=CARTESIAN_POINT('',(-1.3322676295501878E-14,-17.551448822021484,0));
#161=VERTEX_POINT('',#160);
#162=CARTESIAN_POINT('',(15.199999809265137,-8.775724411010742,0));
#163=VERTEX_POINT('',#162);
#164=CARTESIAN_POINT('',(-1.3322676295501878E-14,-17.551448822021484,3));
#165=VERTEX_POINT('',#164);
#166=CARTESIAN_POINT('',(15.199999809265137,-8.775724411010742,3));
#167=VERTEX_POINT('',#166);
#168=CARTESIAN_POINT('',(-15.199999809265137,-8.775724411010742,0));
#169=VERTEX_POINT('',#168);
#170=CARTESIAN_POINT('',(-15.199999809265137,-8.775724411010742,3));
#171=VERTEX_POINT('',#170);
#172=CARTESIAN_POINT('',(-15.199999809265137,8.775724411010742,0));
#173=VERTEX_POINT('',#172);
#174=CARTESIAN_POINT('',(-15.199999809265137,8.775724411010742,3));
#175=VERTEX_POINT('',#174);
#176=CARTESIAN_POINT('',(4.440892098500626E-15,17.551448822021484,0));
#177=VERTEX_POINT('',#176);
#178=CARTESIAN_POINT('',(4.440892098500626E-15,17.551448822021484,3));
#179=VERTEX_POINT('',#178);
#180=CARTESIAN_POINT('',(15.199999809265137,8.775724411010742,0));
#181=VERTEX_POINT('',#180);
#182=CARTESIAN_POINT('',(15.199999809265137,8.775724411010742,3));
#183=VERTEX_POINT('',#182);
#184=STYLED_ITEM('',(#25),#185);
#185=FACE_SURFACE('',(#190),#186,.T.);
#186=PLANE('',#187);
#187=AXIS2_PLACEMENT_3D('',#40,#188,#189);
#188=DIRECTION('',(-1,0,0));
#189=DIRECTION('',(0,-1,0));
#190=FACE_BOUND('',#191,.T.);
#191=EDGE_LOOP('',(#192,#193,#194));
#192=ORIENTED_EDGE('',*,*,#195,.T.);
#193=ORIENTED_EDGE('',*,*,#196,.T.);
#194=ORIENTED_EDGE('',*,*,#197,.T.);
#195=EDGE_CURVE('',#41,#43,#198,.F.);
#196=EDGE_CURVE('',#43,#45,#199,.T.);
#197=EDGE_CURVE('',#45,#41,#200,.T.);
#198=LINE('',#40,#201);
#199=LINE('',#42,#202);
#200=LINE('',#44,#203);
#201=VECTOR('',#204,1.0);
#202=VECTOR('',#205,1.0);
#203=VECTOR('',#206,1.0);
#204=DIRECTION('',(0,-1,0));
#205=DIRECTION('',(0,0.2932147029756433,0.9560466191347079));
#206=DIRECTION('',(0,0,-1));
#207=FACE_SURFACE('',(#212),#208,.T.);
#208=PLANE('',#209);
#209=AXIS2_PLACEMENT_3D('',#44,#210,#211);
#210=DIRECTION('',(-1,-0,0));
#211=DIRECTION('',(0,-0.2932147029756433,-0.9560466191347079));
#212=FACE_BOUND('',#213,.T.);
#213=EDGE_LOOP('',(#214,#215,#216));
#214=ORIENTED_EDGE('',*,*,#217,.T.);
#215=ORIENTED_EDGE('',*,*,#218,.T.);
#216=ORIENTED_EDGE('',*,*,#219,.T.);
#217=EDGE_CURVE('',#45,#43,#220,.F.);
#218=EDGE_CURVE('',#43,#47,#221,.T.);
#219=EDGE_CURVE('',#47,#45,#222,.T.);
#220=LINE('',#44,#223);
#221=LINE('',#42,#224);
#222=LINE('',#46,#225);
#223=VECTOR('',#226,1.0);
#224=VECTOR('',#227,1.0);
#225=VECTOR('',#228,1.0);
#226=DIRECTION('',(0,-0.2932147029756433,-0.9560466191347079));
#227=DIRECTION('',(0,0,1));
#228=DIRECTION('',(0,1,0));
#229=FACE_SURFACE('',(#234),#230,.T.);
#230=PLANE('',#231);
#231=AXIS2_PLACEMENT_3D('',#48,#232,#233);
#232=DIRECTION('',(-0.5003887637410158,0.865800834558236,0));
#233=DIRECTION('',(-0.865800834558236,-0.5003887637410159,0));
#234=FACE_BOUND('',#235,.T.);
#235=EDGE_LOOP('',(#236,#237,#238));
#236=ORIENTED_EDGE('',*,*,#239,.T.);
#237=ORIENTED_EDGE('',*,*,#240,.T.);
#238=ORIENTED_EDGE('',*,*,#241,.T.);
#239=EDGE_CURVE('',#49,#41,#242,.F.);
#240=EDGE_CURVE('',#41,#51,#243,.T.);
#241=EDGE_CURVE('',#51,#49,#244,.T.);
#242=LINE('',#48,#245);
#243=LINE('',#40,#246);
#244=LINE('',#50,#247);
#245=VECTOR('',#248,1.0);
#246=VECTOR('',#249,1.0);
#247=VECTOR('',#250,1.0);
#248=DIRECTION('',(-0.865800834558236,-0.5003887637410159,0));
#249=DIRECTION('',(0.8470149752293115,0.4895314943203765,0.20718240225885062));
#250=DIRECTION('',(0,0,-1));
#251=FACE_SURFACE('',(#256),#252,.T.);
#252=PLANE('',#253);
#253=AXIS2_PLACEMENT_3D('',#50,#254,#255);
#254=DIRECTION('',(-0.5003887637410158,0.865800834558236,0));
#255=DIRECTION('',(-0.8470149752293115,-0.4895314943203765,-0.20718240225885062));
#256=FACE_BOUND('',#257,.T.);
#257=EDGE_LOOP('',(#258,#259,#260));
#258=ORIENTED_EDGE('',*,*,#261,.T.);
#259=ORIENTED_EDGE('',*,*,#262,.T.);
#260=ORIENTED_EDGE('',*,*,#263,.T.);
#261=EDGE_CURVE('',#51,#41,#264,.F.);
#262=EDGE_CURVE('',#41,#45,#265,.T.);
#263=EDGE_CURVE('',#45,#51,#266,.T.);
#264=LINE('',#50,#267);
#265=LINE('',#40,#268);
#266=LINE('',#44,#269);
#267=VECTOR('',#270,1.0);
#268=VECTOR('',#271,1.0);
#269=VECTOR('',#272,1.0);
#270=DIRECTION('',(-0.8470149752293115,-0.4895314943203765,-0.20718240225885062));
#271=DIRECTION('',(0,0,1));
#272=DIRECTION('',(0.865800834558236,0.5003887637410159,0));
#273=FACE_SURFACE('',(#278),#274,.T.);
#274=PLANE('',#275);
#275=AXIS2_PLACEMENT_3D('',#52,#276,#277);
#276=DIRECTION('',(0.5000001712817082,0.8660253048948757,-0));
#277=DIRECTION('',(-0.8660253048948757,0.5000001712817082,0));
#278=FACE_BOUND('',#279,.T.);
#279=EDGE_LOOP('',(#280,#281,#282));
#280=ORIENTED_EDGE('',*,*,#283,.T.);
#281=ORIENTED_EDGE('',*,*,#284,.T.);
#282=ORIENTED_EDGE('',*,*,#285,.T.);
#283=EDGE_CURVE('',#53,#49,#286,.F.);
#284=EDGE_CURVE('',#49,#55,#287,.T.);
#285=EDGE_CURVE('',#55,#53,#288,.T.);
#286=LINE('',#52,#289);
#287=LINE('',#48,#290);
#288=LINE('',#54,#291);
#289=VECTOR('',#292,1.0);
#290=VECTOR('',#293,1.0);
#291=VECTOR('',#294,1.0);
#292=DIRECTION('',(-0.8660253048948757,0.5000001712817082,0));
#293=DIRECTION('',(0.25578201413823737,-0.14767588216769637,0.9553886094513474));
#294=DIRECTION('',(0,0,-1));
#295=FACE_SURFACE('',(#300),#296,.T.);
#296=PLANE('',#297);
#297=AXIS2_PLACEMENT_3D('',#54,#298,#299);
#298=DIRECTION('',(0.5000001712817082,0.8660253048948757,0));
#299=DIRECTION('',(-0.25578201413823737,0.14767588216769637,-0.9553886094513474));
#300=FACE_BOUND('',#301,.T.);
#301=EDGE_LOOP('',(#302,#303,#304));
#302=ORIENTED_EDGE('',*,*,#305,.T.);
#303=ORIENTED_EDGE('',*,*,#306,.T.);
#304=ORIENTED_EDGE('',*,*,#307,.T.);
#305=EDGE_CURVE('',#55,#49,#308,.F.);
#306=EDGE_CURVE('',#49,#51,#309,.T.);
#307=EDGE_CURVE('',#51,#55,#310,.T.);
#308=LINE('',#54,#311);
#309=LINE('',#48,#312);
#310=LINE('',#50,#313);
#311=VECTOR('',#314,1.0);
#312=VECTOR('',#315,1.0);
#313=VECTOR('',#316,1.0);
#314=DIRECTION('',(-0.25578201413823737,0.14767588216769637,-0.9553886094513474));
#315=DIRECTION('',(0,0,1));
#316=DIRECTION('',(0.8660253048948757,-0.5000001712817082,0));
#317=FACE_SURFACE('',(#322),#318,.T.);
#318=PLANE('',#319);
#319=AXIS2_PLACEMENT_3D('',#42,#320,#321);
#320=DIRECTION('',(0.4999999895555367,-0.8660254098145522,0));
#321=DIRECTION('',(0.8660254098145522,0.49999998955553676,0));
#322=FACE_BOUND('',#323,.T.);
#323=EDGE_LOOP('',(#324,#325,#326));
#324=ORIENTED_EDGE('',*,*,#327,.T.);
#325=ORIENTED_EDGE('',*,*,#328,.T.);
#326=ORIENTED_EDGE('',*,*,#329,.T.);
#327=EDGE_CURVE('',#43,#53,#330,.F.);
#328=EDGE_CURVE('',#53,#47,#331,.T.);
#329=EDGE_CURVE('',#47,#43,#332,.T.);
#330=LINE('',#42,#333);
#331=LINE('',#52,#334);
#332=LINE('',#46,#335);
#333=VECTOR('',#336,1.0);
#334=VECTOR('',#337,1.0);
#335=VECTOR('',#338,1.0);
#336=DIRECTION('',(0.8660254098145522,0.49999998955553676,0));
#337=DIRECTION('',(-0.8494011437955397,-0.4904019653617031,0.19499643403972222));
#338=DIRECTION('',(0,0,-1));
#339=FACE_SURFACE('',(#344),#340,.T.);
#340=PLANE('',#341);
#341=AXIS2_PLACEMENT_3D('',#46,#342,#343);
#342=DIRECTION('',(0.4999999895555367,-0.8660254098145522,0));
#343=DIRECTION('',(0.8494011437955397,0.4904019653617031,-0.19499643403972222));
#344=FACE_BOUND('',#345,.T.);
#345=EDGE_LOOP('',(#346,#347,#348));
#346=ORIENTED_EDGE('',*,*,#349,.T.);
#347=ORIENTED_EDGE('',*,*,#350,.T.);
#348=ORIENTED_EDGE('',*,*,#351,.T.);
#349=EDGE_CURVE('',#47,#53,#352,.F.);
#350=EDGE_CURVE('',#53,#55,#353,.T.);
#351=EDGE_CURVE('',#55,#47,#354,.T.);
#352=LINE('',#46,#355);
#353=LINE('',#52,#356);
#354=LINE('',#54,#357);
#355=VECTOR('',#358,1.0);
#356=VECTOR('',#359,1.0);
#357=VECTOR('',#360,1.0);
#358=DIRECTION('',(0.8494011437955397,0.4904019653617031,-0.19499643403972222));
#359=DIRECTION('',(0,0,1));
#360=DIRECTION('',(-0.8660254098145522,-0.49999998955553676,0));
#361=FACE_SURFACE('',(#366),#362,.T.);
#362=PLANE('',#363);
#363=AXIS2_PLACEMENT_3D('',#46,#364,#365);
#364=DIRECTION('',(0,0,1));
#365=DIRECTION('',(0.8660254098145522,0.49999998955553676,0));
#366=FACE_BOUND('',#367,.T.);
#367=EDGE_LOOP('',(#368,#369,#370));
#368=ORIENTED_EDGE('',*,*,#371,.T.);
#369=ORIENTED_EDGE('',*,*,#372,.T.);
#370=ORIENTED_EDGE('',*,*,#373,.T.);
#371=EDGE_CURVE('',#47,#55,#374,.F.);
#372=EDGE_CURVE('',#55,#45,#375,.T.);
#373=EDGE_CURVE('',#45,#47,#376,.T.);
#374=LINE('',#46,#377);
#375=LINE('',#54,#378);
#376=LINE('',#44,#379);
#377=VECTOR('',#380,1.0);
#378=VECTOR('',#381,1.0);
#379=VECTOR('',#382,1.0);
#380=DIRECTION('',(0.8660254098145522,0.49999998955553676,0));
#381=DIRECTION('',(-0.8919365655811989,-0.4521605500032212,0));
#382=DIRECTION('',(0,-1,0));
#383=FACE_SURFACE('',(#388),#384,.T.);
#384=PLANE('',#385);
#385=AXIS2_PLACEMENT_3D('',#44,#386,#387);
#386=DIRECTION('',(0,0,1));
#387=DIRECTION('',(0.8919365655811989,0.4521605500032212,0));
#388=FACE_BOUND('',#389,.T.);
#389=EDGE_LOOP('',(#390,#391,#392));
#390=ORIENTED_EDGE('',*,*,#393,.T.);
#391=ORIENTED_EDGE('',*,*,#394,.T.);
#392=ORIENTED_EDGE('',*,*,#395,.T.);
#393=EDGE_CURVE('',#45,#55,#396,.F.);
#394=EDGE_CURVE('',#55,#51,#397,.T.);
#395=EDGE_CURVE('',#51,#45,#398,.T.);
#396=LINE('',#44,#399);
#397=LINE('',#54,#400);
#398=LINE('',#50,#401);
#399=VECTOR('',#402,1.0);
#400=VECTOR('',#403,1.0);
#401=VECTOR('',#404,1.0);
#402=DIRECTION('',(0.8919365655811989,0.4521605500032212,0));
#403=DIRECTION('',(-0.8660253048948757,0.5000001712817082,0));
#404=DIRECTION('',(-0.865800834558236,-0.5003887637410159,0));
#405=FACE_SURFACE('',(#410),#406,.T.);
#406=PLANE('',#407);
#407=AXIS2_PLACEMENT_3D('',#56,#408,#409);
#408=DIRECTION('',(0.4999999950913217,-0.8660254066184653,0));
#409=DIRECTION('',(0.8660254066184653,0.4999999950913217,0));
#410=FACE_BOUND('',#411,.T.);
#411=EDGE_LOOP('',(#412,#413,#414));
#412=ORIENTED_EDGE('',*,*,#415,.T.);
#413=ORIENTED_EDGE('',*,*,#416,.T.);
#414=ORIENTED_EDGE('',*,*,#417,.T.);
#415=EDGE_CURVE('',#57,#59,#418,.F.);
#416=EDGE_CURVE('',#59,#61,#419,.T.);
#417=EDGE_CURVE('',#61,#57,#420,.T.);
#418=LINE('',#56,#421);
#419=LINE('',#58,#422);
#420=LINE('',#60,#423);
#421=VECTOR('',#424,1.0);
#422=VECTOR('',#425,1.0);
#423=VECTOR('',#426,1.0);
#424=DIRECTION('',(0.8660254066184653,0.4999999950913217,0));
#425=DIRECTION('',(-0.25393162522245316,-0.14660749025887848,0.9560465331310377));
#426=DIRECTION('',(0,0,-1));
#427=FACE_SURFACE('',(#432),#428,.T.);
#428=PLANE('',#429);
#429=AXIS2_PLACEMENT_3D('',#60,#430,#431);
#430=DIRECTION('',(0.4999999950913217,-0.8660254066184653,0));
#431=DIRECTION('',(0.25393162522245316,0.14660749025887848,-0.9560465331310377));
#432=FACE_BOUND('',#433,.T.);
#433=EDGE_LOOP('',(#434,#435,#436));
#434=ORIENTED_EDGE('',*,*,#437,.T.);
#435=ORIENTED_EDGE('',*,*,#438,.T.);
#436=ORIENTED_EDGE('',*,*,#439,.T.);
#437=EDGE_CURVE('',#61,#59,#440,.F.);
#438=EDGE_CURVE('',#59,#63,#441,.T.);
#439=EDGE_CURVE('',#63,#61,#442,.T.);
#440=LINE('',#60,#443);
#441=LINE('',#58,#444);
#442=LINE('',#62,#445);
#443=VECTOR('',#446,1.0);
#444=VECTOR('',#447,1.0);
#445=VECTOR('',#448,1.0);
#446=DIRECTION('',(0.25393162522245316,0.14660749025887848,-0.9560465331310377));
#447=DIRECTION('',(0,0,1));
#448=DIRECTION('',(-0.8660254066184653,-0.4999999950913217,0));
#449=FACE_SURFACE('',(#454),#450,.T.);
#450=PLANE('',#451);
#451=AXIS2_PLACEMENT_3D('',#64,#452,#453);
#452=DIRECTION('',(-0.49961115280280566,-0.8662497884531065,0));
#453=DIRECTION('',(0.8662497884531064,-0.4996111528028056,0));
#454=FACE_BOUND('',#455,.T.);
#455=EDGE_LOOP('',(#456,#457,#458));
#456=ORIENTED_EDGE('',*,*,#459,.T.);
#457=ORIENTED_EDGE('',*,*,#460,.T.);
#458=ORIENTED_EDGE('',*,*,#461,.T.);
#459=EDGE_CURVE('',#65,#57,#462,.F.);
#460=EDGE_CURVE('',#57,#67,#463,.T.);
#461=EDGE_CURVE('',#67,#65,#464,.T.);
#462=LINE('',#64,#465);
#463=LINE('',#56,#466);
#464=LINE('',#66,#467);
#465=VECTOR('',#468,1.0);
#466=VECTOR('',#469,1.0);
#467=VECTOR('',#470,1.0);
#468=DIRECTION('',(0.8662497884531064,-0.4996111528028056,0));
#469=DIRECTION('',(-0.8474541858076515,0.4887707545360561,0.20718241350883243));
#470=DIRECTION('',(0,0,-1));
#471=FACE_SURFACE('',(#476),#472,.T.);
#472=PLANE('',#473);
#473=AXIS2_PLACEMENT_3D('',#66,#474,#475);
#474=DIRECTION('',(-0.49961115280280566,-0.8662497884531065,0));
#475=DIRECTION('',(0.8474541858076515,-0.4887707545360561,-0.20718241350883243));
#476=FACE_BOUND('',#477,.T.);
#477=EDGE_LOOP('',(#478,#479,#480));
#478=ORIENTED_EDGE('',*,*,#481,.T.);
#479=ORIENTED_EDGE('',*,*,#482,.T.);
#480=ORIENTED_EDGE('',*,*,#483,.T.);
#481=EDGE_CURVE('',#67,#57,#484,.F.);
#482=EDGE_CURVE('',#57,#61,#485,.T.);
#483=EDGE_CURVE('',#61,#67,#486,.T.);
#484=LINE('',#66,#487);
#485=LINE('',#56,#488);
#486=LINE('',#60,#489);
#487=VECTOR('',#490,1.0);
#488=VECTOR('',#491,1.0);
#489=VECTOR('',#492,1.0);
#490=DIRECTION('',(0.8474541858076515,-0.4887707545360561,-0.20718241350883243));
#491=DIRECTION('',(0,0,1));
#492=DIRECTION('',(-0.8662497884531064,0.4996111528028056,0));
#493=FACE_SURFACE('',(#498),#494,.T.);
#494=PLANE('',#495);
#495=AXIS2_PLACEMENT_3D('',#68,#496,#497);
#496=DIRECTION('',(-1,0,0));
#497=DIRECTION('',(0,-1,0));
#498=FACE_BOUND('',#499,.T.);
#499=EDGE_LOOP('',(#500,#501,#502));
#500=ORIENTED_EDGE('',*,*,#503,.T.);
#501=ORIENTED_EDGE('',*,*,#504,.T.);
#502=ORIENTED_EDGE('',*,*,#505,.T.);
#503=EDGE_CURVE('',#69,#65,#506,.F.);
#504=EDGE_CURVE('',#65,#71,#507,.T.);
#505=EDGE_CURVE('',#71,#69,#508,.T.);
#506=LINE('',#68,#509);
#507=LINE('',#64,#510);
#508=LINE('',#70,#511);
#509=VECTOR('',#512,1.0);
#510=VECTOR('',#513,1.0);
#511=VECTOR('',#514,1.0);
#512=DIRECTION('',(0,-1,0));
#513=DIRECTION('',(0,0.29535175550948367,0.9553885809017533));
#514=DIRECTION('',(0,0,-1));
#515=FACE_SURFACE('',(#520),#516,.T.);
#516=PLANE('',#517);
#517=AXIS2_PLACEMENT_3D('',#70,#518,#519);
#518=DIRECTION('',(-1,-0,0));
#519=DIRECTION('',(0,-0.29535175550948367,-0.9553885809017533));
#520=FACE_BOUND('',#521,.T.);
#521=EDGE_LOOP('',(#522,#523,#524));
#522=ORIENTED_EDGE('',*,*,#525,.T.);
#523=ORIENTED_EDGE('',*,*,#526,.T.);
#524=ORIENTED_EDGE('',*,*,#527,.T.);
#525=EDGE_CURVE('',#71,#65,#528,.F.);
#526=EDGE_CURVE('',#65,#67,#529,.T.);
#527=EDGE_CURVE('',#67,#71,#530,.T.);
#528=LINE('',#70,#531);
#529=LINE('',#64,#532);
#530=LINE('',#66,#533);
#531=VECTOR('',#534,1.0);
#532=VECTOR('',#535,1.0);
#533=VECTOR('',#536,1.0);
#534=DIRECTION('',(0,-0.29535175550948367,-0.9553885809017533));
#535=DIRECTION('',(0,0,1));
#536=DIRECTION('',(0,1,0));
#537=FACE_SURFACE('',(#542),#538,.T.);
#538=PLANE('',#539);
#539=AXIS2_PLACEMENT_3D('',#58,#540,#541);
#540=DIRECTION('',(0.4999999895555367,0.8660254098145522,-0));
#541=DIRECTION('',(-0.8660254098145522,0.49999998955553676,0));
#542=FACE_BOUND('',#543,.T.);
#543=EDGE_LOOP('',(#544,#545,#546));
#544=ORIENTED_EDGE('',*,*,#547,.T.);
#545=ORIENTED_EDGE('',*,*,#548,.T.);
#546=ORIENTED_EDGE('',*,*,#549,.T.);
#547=EDGE_CURVE('',#59,#69,#550,.F.);
#548=EDGE_CURVE('',#69,#63,#551,.T.);
#549=EDGE_CURVE('',#63,#59,#552,.T.);
#550=LINE('',#58,#553);
#551=LINE('',#68,#554);
#552=LINE('',#62,#555);
#553=VECTOR('',#556,1.0);
#554=VECTOR('',#557,1.0);
#555=VECTOR('',#558,1.0);
#556=DIRECTION('',(-0.8660254098145522,0.49999998955553676,0));
#557=DIRECTION('',(0.8494011437955397,-0.4904019653617031,0.19499643403972222));
#558=DIRECTION('',(0,0,-1));
#559=FACE_SURFACE('',(#564),#560,.T.);
#560=PLANE('',#561);
#561=AXIS2_PLACEMENT_3D('',#62,#562,#563);
#562=DIRECTION('',(0.4999999895555367,0.8660254098145522,0));
#563=DIRECTION('',(-0.8494011437955397,0.4904019653617031,-0.19499643403972222));
#564=FACE_BOUND('',#565,.T.);
#565=EDGE_LOOP('',(#566,#567,#568));
#566=ORIENTED_EDGE('',*,*,#569,.T.);
#567=ORIENTED_EDGE('',*,*,#570,.T.);
#568=ORIENTED_EDGE('',*,*,#571,.T.);
#569=EDGE_CURVE('',#63,#69,#572,.F.);
#570=EDGE_CURVE('',#69,#71,#573,.T.);
#571=EDGE_CURVE('',#71,#63,#574,.T.);
#572=LINE('',#62,#575);
#573=LINE('',#68,#576);
#574=LINE('',#70,#577);
#575=VECTOR('',#578,1.0);
#576=VECTOR('',#579,1.0);
#577=VECTOR('',#580,1.0);
#578=DIRECTION('',(-0.8494011437955397,0.4904019653617031,-0.19499643403972222));
#579=DIRECTION('',(0,0,1));
#580=DIRECTION('',(0.8660254098145522,-0.49999998955553676,0));
#581=FACE_SURFACE('',(#586),#582,.T.);
#582=PLANE('',#583);
#583=AXIS2_PLACEMENT_3D('',#70,#584,#585);
#584=DIRECTION('',(0,0,1));
#585=DIRECTION('',(0,-1,0));
#586=FACE_BOUND('',#587,.T.);
#587=EDGE_LOOP('',(#588,#589,#590));
#588=ORIENTED_EDGE('',*,*,#591,.T.);
#589=ORIENTED_EDGE('',*,*,#592,.T.);
#590=ORIENTED_EDGE('',*,*,#593,.T.);
#591=EDGE_CURVE('',#71,#67,#594,.F.);
#592=EDGE_CURVE('',#67,#63,#595,.T.);
#593=EDGE_CURVE('',#63,#71,#596,.T.);
#594=LINE('',#70,#597);
#595=LINE('',#66,#598);
#596=LINE('',#62,#599);
#597=VECTOR('',#600,1.0);
#598=VECTOR('',#601,1.0);
#599=VECTOR('',#602,1.0);
#600=DIRECTION('',(0,-1,0));
#601=DIRECTION('',(0.8921386846044472,-0.4517616267814772,0));
#602=DIRECTION('',(-0.8660254098145522,0.49999998955553676,0));
#603=FACE_SURFACE('',(#608),#604,.T.);
#604=PLANE('',#605);
#605=AXIS2_PLACEMENT_3D('',#62,#606,#607);
#606=DIRECTION('',(0,0,1));
#607=DIRECTION('',(-0.8921386846044472,0.4517616267814772,0));
#608=FACE_BOUND('',#609,.T.);
#609=EDGE_LOOP('',(#610,#611,#612));
#610=ORIENTED_EDGE('',*,*,#613,.T.);
#611=ORIENTED_EDGE('',*,*,#614,.T.);
#612=ORIENTED_EDGE('',*,*,#615,.T.);
#613=EDGE_CURVE('',#63,#67,#616,.F.);
#614=EDGE_CURVE('',#67,#61,#617,.T.);
#615=EDGE_CURVE('',#61,#63,#618,.T.);
#616=LINE('',#62,#619);
#617=LINE('',#66,#620);
#618=LINE('',#60,#621);
#619=VECTOR('',#622,1.0);
#620=VECTOR('',#623,1.0);
#621=VECTOR('',#624,1.0);
#622=DIRECTION('',(-0.8921386846044472,0.4517616267814772,0));
#623=DIRECTION('',(0.8662497884531064,-0.4996111528028056,0));
#624=DIRECTION('',(0.8660254066184653,0.4999999950913217,0));
#625=FACE_SURFACE('',(#630),#626,.T.);
#626=PLANE('',#627);
#627=AXIS2_PLACEMENT_3D('',#72,#628,#629);
#628=DIRECTION('',(1,0,0));
#629=DIRECTION('',(0,1,0));
#630=FACE_BOUND('',#631,.T.);
#631=EDGE_LOOP('',(#632,#633,#634));
#632=ORIENTED_EDGE('',*,*,#635,.T.);
#633=ORIENTED_EDGE('',*,*,#636,.T.);
#634=ORIENTED_EDGE('',*,*,#637,.T.);
#635=EDGE_CURVE('',#73,#75,#638,.F.);
#636=EDGE_CURVE('',#75,#77,#639,.T.);
#637=EDGE_CURVE('',#77,#73,#640,.T.);
#638=LINE('',#72,#641);
#639=LINE('',#74,#642);
#640=LINE('',#76,#643);
#641=VECTOR('',#644,1.0);
#642=VECTOR('',#645,1.0);
#643=VECTOR('',#646,1.0);
#644=DIRECTION('',(0,1,0));
#645=DIRECTION('',(0,-0.2932147029756433,0.9560466191347079));
#646=DIRECTION('',(0,0,-1));
#647=FACE_SURFACE('',(#652),#648,.T.);
#648=PLANE('',#649);
#649=AXIS2_PLACEMENT_3D('',#76,#650,#651);
#650=DIRECTION('',(1,-0,0));
#651=DIRECTION('',(0,0.2932147029756433,-0.9560466191347079));
#652=FACE_BOUND('',#653,.T.);
#653=EDGE_LOOP('',(#654,#655,#656));
#654=ORIENTED_EDGE('',*,*,#657,.T.);
#655=ORIENTED_EDGE('',*,*,#658,.T.);
#656=ORIENTED_EDGE('',*,*,#659,.T.);
#657=EDGE_CURVE('',#77,#75,#660,.F.);
#658=EDGE_CURVE('',#75,#79,#661,.T.);
#659=EDGE_CURVE('',#79,#77,#662,.T.);
#660=LINE('',#76,#663);
#661=LINE('',#74,#664);
#662=LINE('',#78,#665);
#663=VECTOR('',#666,1.0);
#664=VECTOR('',#667,1.0);
#665=VECTOR('',#668,1.0);
#666=DIRECTION('',(0,0.2932147029756433,-0.9560466191347079));
#667=DIRECTION('',(0,0,1));
#668=DIRECTION('',(0,-1,0));
#669=FACE_SURFACE('',(#674),#670,.T.);
#670=PLANE('',#671);
#671=AXIS2_PLACEMENT_3D('',#80,#672,#673);
#672=DIRECTION('',(0.5003887637410158,-0.865800834558236,0));
#673=DIRECTION('',(0.865800834558236,0.5003887637410159,0));
#674=FACE_BOUND('',#675,.T.);
#675=EDGE_LOOP('',(#676,#677,#678));
#676=ORIENTED_EDGE('',*,*,#679,.T.);
#677=ORIENTED_EDGE('',*,*,#680,.T.);
#678=ORIENTED_EDGE('',*,*,#681,.T.);
#679=EDGE_CURVE('',#81,#73,#682,.F.);
#680=EDGE_CURVE('',#73,#83,#683,.T.);
#681=EDGE_CURVE('',#83,#81,#684,.T.);
#682=LINE('',#80,#685);
#683=LINE('',#72,#686);
#684=LINE('',#82,#687);
#685=VECTOR('',#688,1.0);
#686=VECTOR('',#689,1.0);
#687=VECTOR('',#690,1.0);
#688=DIRECTION('',(0.865800834558236,0.5003887637410159,0));
#689=DIRECTION('',(-0.8470149752293115,-0.4895314943203765,0.20718240225885062));
#690=DIRECTION('',(0,0,-1));
#691=FACE_SURFACE('',(#696),#692,.T.);
#692=PLANE('',#693);
#693=AXIS2_PLACEMENT_3D('',#82,#694,#695);
#694=DIRECTION('',(0.5003887637410158,-0.865800834558236,0));
#695=DIRECTION('',(0.8470149752293115,0.4895314943203765,-0.20718240225885062));
#696=FACE_BOUND('',#697,.T.);
#697=EDGE_LOOP('',(#698,#699,#700));
#698=ORIENTED_EDGE('',*,*,#701,.T.);
#699=ORIENTED_EDGE('',*,*,#702,.T.);
#700=ORIENTED_EDGE('',*,*,#703,.T.);
#701=EDGE_CURVE('',#83,#73,#704,.F.);
#702=EDGE_CURVE('',#73,#77,#705,.T.);
#703=EDGE_CURVE('',#77,#83,#706,.T.);
#704=LINE('',#82,#707);
#705=LINE('',#72,#708);
#706=LINE('',#76,#709);
#707=VECTOR('',#710,1.0);
#708=VECTOR('',#711,1.0);
#709=VECTOR('',#712,1.0);
#710=DIRECTION('',(0.8470149752293115,0.4895314943203765,-0.20718240225885062));
#711=DIRECTION('',(0,0,1));
#712=DIRECTION('',(-0.865800834558236,-0.5003887637410159,0));
#713=FACE_SURFACE('',(#718),#714,.T.);
#714=PLANE('',#715);
#715=AXIS2_PLACEMENT_3D('',#84,#716,#717);
#716=DIRECTION('',(-0.5000001712817082,-0.8660253048948757,0));
#717=DIRECTION('',(0.8660253048948757,-0.5000001712817082,0));
#718=FACE_BOUND('',#719,.T.);
#719=EDGE_LOOP('',(#720,#721,#722));
#720=ORIENTED_EDGE('',*,*,#723,.T.);
#721=ORIENTED_EDGE('',*,*,#724,.T.);
#722=ORIENTED_EDGE('',*,*,#725,.T.);
#723=EDGE_CURVE('',#85,#81,#726,.F.);
#724=EDGE_CURVE('',#81,#87,#727,.T.);
#725=EDGE_CURVE('',#87,#85,#728,.T.);
#726=LINE('',#84,#729);
#727=LINE('',#80,#730);
#728=LINE('',#86,#731);
#729=VECTOR('',#732,1.0);
#730=VECTOR('',#733,1.0);
#731=VECTOR('',#734,1.0);
#732=DIRECTION('',(0.8660253048948757,-0.5000001712817082,0));
#733=DIRECTION('',(-0.25578201413823737,0.14767588216769637,0.9553886094513474));
#734=DIRECTION('',(0,0,-1));
#735=FACE_SURFACE('',(#740),#736,.T.);
#736=PLANE('',#737);
#737=AXIS2_PLACEMENT_3D('',#86,#738,#739);
#738=DIRECTION('',(-0.5000001712817082,-0.8660253048948757,0));
#739=DIRECTION('',(0.25578201413823737,-0.14767588216769637,-0.9553886094513474));
#740=FACE_BOUND('',#741,.T.);
#741=EDGE_LOOP('',(#742,#743,#744));
#742=ORIENTED_EDGE('',*,*,#745,.T.);
#743=ORIENTED_EDGE('',*,*,#746,.T.);
#744=ORIENTED_EDGE('',*,*,#747,.T.);
#745=EDGE_CURVE('',#87,#81,#748,.F.);
#746=EDGE_CURVE('',#81,#83,#749,.T.);
#747=EDGE_CURVE('',#83,#87,#750,.T.);
#748=LINE('',#86,#751);
#749=LINE('',#80,#752);
#750=LINE('',#82,#753);
#751=VECTOR('',#754,1.0);
#752=VECTOR('',#755,1.0);
#753=VECTOR('',#756,1.0);
#754=DIRECTION('',(0.25578201413823737,-0.14767588216769637,-0.9553886094513474));
#755=DIRECTION('',(0,0,1));
#756=DIRECTION('',(-0.8660253048948757,0.5000001712817082,0));
#757=FACE_SURFACE('',(#762),#758,.T.);
#758=PLANE('',#759);
#759=AXIS2_PLACEMENT_3D('',#74,#760,#761);
#760=DIRECTION('',(-0.4999999895555367,0.8660254098145522,0));
#761=DIRECTION('',(-0.8660254098145522,-0.49999998955553676,0));
#762=FACE_BOUND('',#763,.T.);
#763=EDGE_LOOP('',(#764,#765,#766));
#764=ORIENTED_EDGE('',*,*,#767,.T.);
#765=ORIENTED_EDGE('',*,*,#768,.T.);
#766=ORIENTED_EDGE('',*,*,#769,.T.);
#767=EDGE_CURVE('',#75,#85,#770,.F.);
#768=EDGE_CURVE('',#85,#79,#771,.T.);
#769=EDGE_CURVE('',#79,#75,#772,.T.);
#770=LINE('',#74,#773);
#771=LINE('',#84,#774);
#772=LINE('',#78,#775);
#773=VECTOR('',#776,1.0);
#774=VECTOR('',#777,1.0);
#775=VECTOR('',#778,1.0);
#776=DIRECTION('',(-0.8660254098145522,-0.49999998955553676,0));
#777=DIRECTION('',(0.8494011437955397,0.4904019653617031,0.19499643403972222));
#778=DIRECTION('',(0,0,-1));
#779=FACE_SURFACE('',(#784),#780,.T.);
#780=PLANE('',#781);
#781=AXIS2_PLACEMENT_3D('',#78,#782,#783);
#782=DIRECTION('',(-0.4999999895555367,0.8660254098145522,0));
#783=DIRECTION('',(-0.8494011437955397,-0.4904019653617031,-0.19499643403972222));
#784=FACE_BOUND('',#785,.T.);
#785=EDGE_LOOP('',(#786,#787,#788));
#786=ORIENTED_EDGE('',*,*,#789,.T.);
#787=ORIENTED_EDGE('',*,*,#790,.T.);
#788=ORIENTED_EDGE('',*,*,#791,.T.);
#789=EDGE_CURVE('',#79,#85,#792,.F.);
#790=EDGE_CURVE('',#85,#87,#793,.T.);
#791=EDGE_CURVE('',#87,#79,#794,.T.);
#792=LINE('',#78,#795);
#793=LINE('',#84,#796);
#794=LINE('',#86,#797);
#795=VECTOR('',#798,1.0);
#796=VECTOR('',#799,1.0);
#797=VECTOR('',#800,1.0);
#798=DIRECTION('',(-0.8494011437955397,-0.4904019653617031,-0.19499643403972222));
#799=DIRECTION('',(0,0,1));
#800=DIRECTION('',(0.8660254098145522,0.49999998955553676,0));
#801=FACE_SURFACE('',(#806),#802,.T.);
#802=PLANE('',#803);
#803=AXIS2_PLACEMENT_3D('',#78,#804,#805);
#804=DIRECTION('',(0,0,1));
#805=DIRECTION('',(-0.8660254098145522,-0.49999998955553676,0));
#806=FACE_BOUND('',#807,.T.);
#807=EDGE_LOOP('',(#808,#809,#810));
#808=ORIENTED_EDGE('',*,*,#811,.T.);
#809=ORIENTED_EDGE('',*,*,#812,.T.);
#810=ORIENTED_EDGE('',*,*,#813,.T.);
#811=EDGE_CURVE('',#79,#87,#814,.F.);
#812=EDGE_CURVE('',#87,#77,#815,.T.);
#813=EDGE_CURVE('',#77,#79,#816,.T.);
#814=LINE('',#78,#817);
#815=LINE('',#86,#818);
#816=LINE('',#76,#819);
#817=VECTOR('',#820,1.0);
#818=VECTOR('',#821,1.0);
#819=VECTOR('',#822,1.0);
#820=DIRECTION('',(-0.8660254098145522,-0.49999998955553676,0));
#821=DIRECTION('',(0.8919365655811989,0.4521605500032212,0));
#822=DIRECTION('',(0,1,0));
#823=FACE_SURFACE('',(#828),#824,.T.);
#824=PLANE('',#825);
#825=AXIS2_PLACEMENT_3D('',#76,#826,#827);
#826=DIRECTION('',(0,0,1));
#827=DIRECTION('',(-0.8919365655811989,-0.4521605500032212,0));
#828=FACE_BOUND('',#829,.T.);
#829=EDGE_LOOP('',(#830,#831,#832));
#830=ORIENTED_EDGE('',*,*,#833,.T.);
#831=ORIENTED_EDGE('',*,*,#834,.T.);
#832=ORIENTED_EDGE('',*,*,#835,.T.);
#833=EDGE_CURVE('',#77,#87,#836,.F.);
#834=EDGE_CURVE('',#87,#83,#837,.T.);
#835=EDGE_CURVE('',#83,#77,#838,.T.);
#836=LINE('',#76,#839);
#837=LINE('',#86,#840);
#838=LINE('',#82,#841);
#839=VECTOR('',#842,1.0);
#840=VECTOR('',#843,1.0);
#841=VECTOR('',#844,1.0);
#842=DIRECTION('',(-0.8919365655811989,-0.4521605500032212,0));
#843=DIRECTION('',(0.8660253048948757,-0.5000001712817082,0));
#844=DIRECTION('',(0.865800834558236,0.5003887637410159,0));
#845=FACE_SURFACE('',(#850),#846,.T.);
#846=PLANE('',#847);
#847=AXIS2_PLACEMENT_3D('',#88,#848,#849);
#848=DIRECTION('',(-0.4999999950913217,0.8660254066184653,0));
#849=DIRECTION('',(-0.8660254066184653,-0.4999999950913217,0));
#850=FACE_BOUND('',#851,.T.);
#851=EDGE_LOOP('',(#852,#853,#854));
#852=ORIENTED_EDGE('',*,*,#855,.T.);
#853=ORIENTED_EDGE('',*,*,#856,.T.);
#854=ORIENTED_EDGE('',*,*,#857,.T.);
#855=EDGE_CURVE('',#89,#91,#858,.F.);
#856=EDGE_CURVE('',#91,#93,#859,.T.);
#857=EDGE_CURVE('',#93,#89,#860,.T.);
#858=LINE('',#88,#861);
#859=LINE('',#90,#862);
#860=LINE('',#92,#863);
#861=VECTOR('',#864,1.0);
#862=VECTOR('',#865,1.0);
#863=VECTOR('',#866,1.0);
#864=DIRECTION('',(-0.8660254066184653,-0.4999999950913217,0));
#865=DIRECTION('',(0.25393162522245316,0.14660749025887848,0.9560465331310377));
#866=DIRECTION('',(0,0,-1));
#867=FACE_SURFACE('',(#872),#868,.T.);
#868=PLANE('',#869);
#869=AXIS2_PLACEMENT_3D('',#92,#870,#871);
#870=DIRECTION('',(-0.4999999950913217,0.8660254066184653,0));
#871=DIRECTION('',(-0.25393162522245316,-0.14660749025887848,-0.9560465331310377));
#872=FACE_BOUND('',#873,.T.);
#873=EDGE_LOOP('',(#874,#875,#876));
#874=ORIENTED_EDGE('',*,*,#877,.T.);
#875=ORIENTED_EDGE('',*,*,#878,.T.);
#876=ORIENTED_EDGE('',*,*,#879,.T.);
#877=EDGE_CURVE('',#93,#91,#880,.F.);
#878=EDGE_CURVE('',#91,#95,#881,.T.);
#879=EDGE_CURVE('',#95,#93,#882,.T.);
#880=LINE('',#92,#883);
#881=LINE('',#90,#884);
#882=LINE('',#94,#885);
#883=VECTOR('',#886,1.0);
#884=VECTOR('',#887,1.0);
#885=VECTOR('',#888,1.0);
#886=DIRECTION('',(-0.25393162522245316,-0.14660749025887848,-0.9560465331310377));
#887=DIRECTION('',(0,0,1));
#888=DIRECTION('',(0.8660254066184653,0.4999999950913217,0));
#889=FACE_SURFACE('',(#894),#890,.T.);
#890=PLANE('',#891);
#891=AXIS2_PLACEMENT_3D('',#96,#892,#893);
#892=DIRECTION('',(0.49961115280280566,0.8662497884531065,-0));
#893=DIRECTION('',(-0.8662497884531064,0.4996111528028056,0));
#894=FACE_BOUND('',#895,.T.);
#895=EDGE_LOOP('',(#896,#897,#898));
#896=ORIENTED_EDGE('',*,*,#899,.T.);
#897=ORIENTED_EDGE('',*,*,#900,.T.);
#898=ORIENTED_EDGE('',*,*,#901,.T.);
#899=EDGE_CURVE('',#97,#89,#902,.F.);
#900=EDGE_CURVE('',#89,#99,#903,.T.);
#901=EDGE_CURVE('',#99,#97,#904,.T.);
#902=LINE('',#96,#905);
#903=LINE('',#88,#906);
#904=LINE('',#98,#907);
#905=VECTOR('',#908,1.0);
#906=VECTOR('',#909,1.0);
#907=VECTOR('',#910,1.0);
#908=DIRECTION('',(-0.8662497884531064,0.4996111528028056,0));
#909=DIRECTION('',(0.8474541858076515,-0.4887707545360561,0.20718241350883243));
#910=DIRECTION('',(0,0,-1));
#911=FACE_SURFACE('',(#916),#912,.T.);
#912=PLANE('',#913);
#913=AXIS2_PLACEMENT_3D('',#98,#914,#915);
#914=DIRECTION('',(0.49961115280280566,0.8662497884531065,0));
#915=DIRECTION('',(-0.8474541858076515,0.4887707545360561,-0.20718241350883243));
#916=FACE_BOUND('',#917,.T.);
#917=EDGE_LOOP('',(#918,#919,#920));
#918=ORIENTED_EDGE('',*,*,#921,.T.);
#919=ORIENTED_EDGE('',*,*,#922,.T.);
#920=ORIENTED_EDGE('',*,*,#923,.T.);
#921=EDGE_CURVE('',#99,#89,#924,.F.);
#922=EDGE_CURVE('',#89,#93,#925,.T.);
#923=EDGE_CURVE('',#93,#99,#926,.T.);
#924=LINE('',#98,#927);
#925=LINE('',#88,#928);
#926=LINE('',#92,#929);
#927=VECTOR('',#930,1.0);
#928=VECTOR('',#931,1.0);
#929=VECTOR('',#932,1.0);
#930=DIRECTION('',(-0.8474541858076515,0.4887707545360561,-0.20718241350883243));
#931=DIRECTION('',(0,0,1));
#932=DIRECTION('',(0.8662497884531064,-0.4996111528028056,0));
#933=FACE_SURFACE('',(#938),#934,.T.);
#934=PLANE('',#935);
#935=AXIS2_PLACEMENT_3D('',#100,#936,#937);
#936=DIRECTION('',(1,0,0));
#937=DIRECTION('',(0,1,0));
#938=FACE_BOUND('',#939,.T.);
#939=EDGE_LOOP('',(#940,#941,#942));
#940=ORIENTED_EDGE('',*,*,#943,.T.);
#941=ORIENTED_EDGE('',*,*,#944,.T.);
#942=ORIENTED_EDGE('',*,*,#945,.T.);
#943=EDGE_CURVE('',#101,#97,#946,.F.);
#944=EDGE_CURVE('',#97,#103,#947,.T.);
#945=EDGE_CURVE('',#103,#101,#948,.T.);
#946=LINE('',#100,#949);
#947=LINE('',#96,#950);
#948=LINE('',#102,#951);
#949=VECTOR('',#952,1.0);
#950=VECTOR('',#953,1.0);
#951=VECTOR('',#954,1.0);
#952=DIRECTION('',(0,1,0));
#953=DIRECTION('',(0,-0.29535175550948367,0.9553885809017533));
#954=DIRECTION('',(0,0,-1));
#955=FACE_SURFACE('',(#960),#956,.T.);
#956=PLANE('',#957);
#957=AXIS2_PLACEMENT_3D('',#102,#958,#959);
#958=DIRECTION('',(1,-0,0));
#959=DIRECTION('',(0,0.29535175550948367,-0.9553885809017533));
#960=FACE_BOUND('',#961,.T.);
#961=EDGE_LOOP('',(#962,#963,#964));
#962=ORIENTED_EDGE('',*,*,#965,.T.);
#963=ORIENTED_EDGE('',*,*,#966,.T.);
#964=ORIENTED_EDGE('',*,*,#967,.T.);
#965=EDGE_CURVE('',#103,#97,#968,.F.);
#966=EDGE_CURVE('',#97,#99,#969,.T.);
#967=EDGE_CURVE('',#99,#103,#970,.T.);
#968=LINE('',#102,#971);
#969=LINE('',#96,#972);
#970=LINE('',#98,#973);
#971=VECTOR('',#974,1.0);
#972=VECTOR('',#975,1.0);
#973=VECTOR('',#976,1.0);
#974=DIRECTION('',(0,0.29535175550948367,-0.9553885809017533));
#975=DIRECTION('',(0,0,1));
#976=DIRECTION('',(0,-1,0));
#977=FACE_SURFACE('',(#982),#978,.T.);
#978=PLANE('',#979);
#979=AXIS2_PLACEMENT_3D('',#90,#980,#981);
#980=DIRECTION('',(-0.4999999895555367,-0.8660254098145522,0));
#981=DIRECTION('',(0.8660254098145522,-0.49999998955553676,0));
#982=FACE_BOUND('',#983,.T.);
#983=EDGE_LOOP('',(#984,#985,#986));
#984=ORIENTED_EDGE('',*,*,#987,.T.);
#985=ORIENTED_EDGE('',*,*,#988,.T.);
#986=ORIENTED_EDGE('',*,*,#989,.T.);
#987=EDGE_CURVE('',#91,#101,#990,.F.);
#988=EDGE_CURVE('',#101,#95,#991,.T.);
#989=EDGE_CURVE('',#95,#91,#992,.T.);
#990=LINE('',#90,#993);
#991=LINE('',#100,#994);
#992=LINE('',#94,#995);
#993=VECTOR('',#996,1.0);
#994=VECTOR('',#997,1.0);
#995=VECTOR('',#998,1.0);
#996=DIRECTION('',(0.8660254098145522,-0.49999998955553676,0));
#997=DIRECTION('',(-0.8494011437955397,0.4904019653617031,0.19499643403972222));
#998=DIRECTION('',(0,0,-1));
#999=FACE_SURFACE('',(#1004),#1000,.T.);
#1000=PLANE('',#1001);
#1001=AXIS2_PLACEMENT_3D('',#94,#1002,#1003);
#1002=DIRECTION('',(-0.4999999895555367,-0.8660254098145522,0));
#1003=DIRECTION('',(0.8494011437955397,-0.4904019653617031,-0.19499643403972222));
#1004=FACE_BOUND('',#1005,.T.);
#1005=EDGE_LOOP('',(#1006,#1007,#1008));
#1006=ORIENTED_EDGE('',*,*,#1009,.T.);
#1007=ORIENTED_EDGE('',*,*,#1010,.T.);
#1008=ORIENTED_EDGE('',*,*,#1011,.T.);
#1009=EDGE_CURVE('',#95,#101,#1012,.F.);
#1010=EDGE_CURVE('',#101,#103,#1013,.T.);
#1011=EDGE_CURVE('',#103,#95,#1014,.T.);
#1012=LINE('',#94,#1015);
#1013=LINE('',#100,#1016);
#1014=LINE('',#102,#1017);
#1015=VECTOR('',#1018,1.0);
#1016=VECTOR('',#1019,1.0);
#1017=VECTOR('',#1020,1.0);
#1018=DIRECTION('',(0.8494011437955397,-0.4904019653617031,-0.19499643403972222));
#1019=DIRECTION('',(0,0,1));
#1020=DIRECTION('',(-0.8660254098145522,0.49999998955553676,0));
#1021=FACE_SURFACE('',(#1026),#1022,.T.);
#1022=PLANE('',#1023);
#1023=AXIS2_PLACEMENT_3D('',#102,#1024,#1025);
#1024=DIRECTION('',(0,-0,1));
#1025=DIRECTION('',(0,1,0));
#1026=FACE_BOUND('',#1027,.T.);
#1027=EDGE_LOOP('',(#1028,#1029,#1030));
#1028=ORIENTED_EDGE('',*,*,#1031,.T.);
#1029=ORIENTED_EDGE('',*,*,#1032,.T.);
#1030=ORIENTED_EDGE('',*,*,#1033,.T.);
#1031=EDGE_CURVE('',#103,#99,#1034,.F.);
#1032=EDGE_CURVE('',#99,#95,#1035,.T.);
#1033=EDGE_CURVE('',#95,#103,#1036,.T.);
#1034=LINE('',#102,#1037);
#1035=LINE('',#98,#1038);
#1036=LINE('',#94,#1039);
#1037=VECTOR('',#1040,1.0);
#1038=VECTOR('',#1041,1.0);
#1039=VECTOR('',#1042,1.0);
#1040=DIRECTION('',(0,1,0));
#1041=DIRECTION('',(-0.8921386846044472,0.4517616267814772,0));
#1042=DIRECTION('',(0.8660254098145522,-0.49999998955553676,0));
#1043=FACE_SURFACE('',(#1048),#1044,.T.);
#1044=PLANE('',#1045);
#1045=AXIS2_PLACEMENT_3D('',#94,#1046,#1047);
#1046=DIRECTION('',(-0,0,1));
#1047=DIRECTION('',(0.8921386846044472,-0.4517616267814772,0));
#1048=FACE_BOUND('',#1049,.T.);
#1049=EDGE_LOOP('',(#1050,#1051,#1052));
#1050=ORIENTED_EDGE('',*,*,#1053,.T.);
#1051=ORIENTED_EDGE('',*,*,#1054,.T.);
#1052=ORIENTED_EDGE('',*,*,#1055,.T.);
#1053=EDGE_CURVE('',#95,#99,#1056,.F.);
#1054=EDGE_CURVE('',#99,#93,#1057,.T.);
#1055=EDGE_CURVE('',#93,#95,#1058,.T.);
#1056=LINE('',#94,#1059);
#1057=LINE('',#98,#1060);
#1058=LINE('',#92,#1061);
#1059=VECTOR('',#1062,1.0);
#1060=VECTOR('',#1063,1.0);
#1061=VECTOR('',#1064,1.0);
#1062=DIRECTION('',(0.8921386846044472,-0.4517616267814772,0));
#1063=DIRECTION('',(-0.8662497884531064,0.4996111528028056,0));
#1064=DIRECTION('',(-0.8660254066184653,-0.4999999950913217,0));
#1065=FACE_SURFACE('',(#1070),#1066,.T.);
#1066=PLANE('',#1067);
#1067=AXIS2_PLACEMENT_3D('',#104,#1068,#1069);
#1068=DIRECTION('',(-0.4999999950913217,-0.8660254066184653,0));
#1069=DIRECTION('',(0.8660254066184653,-0.4999999950913217,0));
#1070=FACE_BOUND('',#1071,.T.);
#1071=EDGE_LOOP('',(#1072,#1073,#1074));
#1072=ORIENTED_EDGE('',*,*,#1075,.T.);
#1073=ORIENTED_EDGE('',*,*,#1076,.T.);
#1074=ORIENTED_EDGE('',*,*,#1077,.T.);
#1075=EDGE_CURVE('',#105,#107,#1078,.F.);
#1076=EDGE_CURVE('',#107,#109,#1079,.T.);
#1077=EDGE_CURVE('',#109,#105,#1080,.T.);
#1078=LINE('',#104,#1081);
#1079=LINE('',#106,#1082);
#1080=LINE('',#108,#1083);
#1081=VECTOR('',#1084,1.0);
#1082=VECTOR('',#1085,1.0);
#1083=VECTOR('',#1086,1.0);
#1084=DIRECTION('',(0.8660254066184653,-0.4999999950913217,0));
#1085=DIRECTION('',(-0.25393162522245316,0.14660749025887848,0.9560465331310377));
#1086=DIRECTION('',(0,0,-1));
#1087=FACE_SURFACE('',(#1092),#1088,.T.);
#1088=PLANE('',#1089);
#1089=AXIS2_PLACEMENT_3D('',#108,#1090,#1091);
#1090=DIRECTION('',(-0.4999999950913217,-0.8660254066184653,0));
#1091=DIRECTION('',(0.25393162522245316,-0.14660749025887848,-0.9560465331310377));
#1092=FACE_BOUND('',#1093,.T.);
#1093=EDGE_LOOP('',(#1094,#1095,#1096));
#1094=ORIENTED_EDGE('',*,*,#1097,.T.);
#1095=ORIENTED_EDGE('',*,*,#1098,.T.);
#1096=ORIENTED_EDGE('',*,*,#1099,.T.);
#1097=EDGE_CURVE('',#109,#107,#1100,.F.);
#1098=EDGE_CURVE('',#107,#111,#1101,.T.);
#1099=EDGE_CURVE('',#111,#109,#1102,.T.);
#1100=LINE('',#108,#1103);
#1101=LINE('',#106,#1104);
#1102=LINE('',#110,#1105);
#1103=VECTOR('',#1106,1.0);
#1104=VECTOR('',#1107,1.0);
#1105=VECTOR('',#1108,1.0);
#1106=DIRECTION('',(0.25393162522245316,-0.14660749025887848,-0.9560465331310377));
#1107=DIRECTION('',(0,0,1));
#1108=DIRECTION('',(-0.8660254066184653,0.4999999950913217,0));
#1109=FACE_SURFACE('',(#1114),#1110,.T.);
#1110=PLANE('',#1111);
#1111=AXIS2_PLACEMENT_3D('',#112,#1112,#1113);
#1112=DIRECTION('',(-0.999999899212026,-0.000448972090302239,0));
#1113=DIRECTION('',(0.000448972090302239,-0.9999998992120259,0));
#1114=FACE_BOUND('',#1115,.T.);
#1115=EDGE_LOOP('',(#1116,#1117,#1118));
#1116=ORIENTED_EDGE('',*,*,#1119,.T.);
#1117=ORIENTED_EDGE('',*,*,#1120,.T.);
#1118=ORIENTED_EDGE('',*,*,#1121,.T.);
#1119=EDGE_CURVE('',#113,#105,#1122,.F.);
#1120=EDGE_CURVE('',#105,#115,#1123,.T.);
#1121=EDGE_CURVE('',#115,#113,#1124,.T.);
#1122=LINE('',#112,#1125);
#1123=LINE('',#104,#1126);
#1124=LINE('',#114,#1127);
#1125=VECTOR('',#1128,1.0);
#1126=VECTOR('',#1129,1.0);
#1127=VECTOR('',#1130,1.0);
#1128=DIRECTION('',(0.000448972090302239,-0.9999998992120259,0));
#1129=DIRECTION('',(-0.0004392304419650785,0.9783022312149762,0.2071824111173973));
#1130=DIRECTION('',(0,0,-1));
#1131=FACE_SURFACE('',(#1136),#1132,.T.);
#1132=PLANE('',#1133);
#1133=AXIS2_PLACEMENT_3D('',#114,#1134,#1135);
#1134=DIRECTION('',(-0.999999899212026,-0.000448972090302239,0));
#1135=DIRECTION('',(0.0004392304419650785,-0.9783022312149762,-0.2071824111173973));
#1136=FACE_BOUND('',#1137,.T.);
#1137=EDGE_LOOP('',(#1138,#1139,#1140));
#1138=ORIENTED_EDGE('',*,*,#1141,.T.);
#1139=ORIENTED_EDGE('',*,*,#1142,.T.);
#1140=ORIENTED_EDGE('',*,*,#1143,.T.);
#1141=EDGE_CURVE('',#115,#105,#1144,.F.);
#1142=EDGE_CURVE('',#105,#109,#1145,.T.);
#1143=EDGE_CURVE('',#109,#115,#1146,.T.);
#1144=LINE('',#114,#1147);
#1145=LINE('',#104,#1148);
#1146=LINE('',#108,#1149);
#1147=VECTOR('',#1150,1.0);
#1148=VECTOR('',#1151,1.0);
#1149=VECTOR('',#1152,1.0);
#1150=DIRECTION('',(0.0004392304419650785,-0.9783022312149762,-0.2071824111173973));
#1151=DIRECTION('',(0,0,1));
#1152=DIRECTION('',(-0.000448972090302239,0.9999998992120259,0));
#1153=FACE_SURFACE('',(#1158),#1154,.T.);
#1154=PLANE('',#1155);
#1155=AXIS2_PLACEMENT_3D('',#116,#1156,#1157);
#1156=DIRECTION('',(-0.5000001116271745,0.8660253393364498,0));
#1157=DIRECTION('',(-0.8660253393364499,-0.5000001116271746,0));
#1158=FACE_BOUND('',#1159,.T.);
#1159=EDGE_LOOP('',(#1160,#1161,#1162));
#1160=ORIENTED_EDGE('',*,*,#1163,.T.);
#1161=ORIENTED_EDGE('',*,*,#1164,.T.);
#1162=ORIENTED_EDGE('',*,*,#1165,.T.);
#1163=EDGE_CURVE('',#117,#113,#1166,.F.);
#1164=EDGE_CURVE('',#113,#119,#1167,.T.);
#1165=EDGE_CURVE('',#119,#117,#1168,.T.);
#1166=LINE('',#116,#1169);
#1167=LINE('',#112,#1170);
#1168=LINE('',#118,#1171);
#1169=VECTOR('',#1172,1.0);
#1170=VECTOR('',#1173,1.0);
#1171=VECTOR('',#1174,1.0);
#1172=DIRECTION('',(-0.8660253393364499,-0.5000001116271746,0));
#1173=DIRECTION('',(0.2557822922420175,0.14767601923894488,0.9553885138084706));
#1174=DIRECTION('',(0,0,-1));
#1175=FACE_SURFACE('',(#1180),#1176,.T.);
#1176=PLANE('',#1177);
#1177=AXIS2_PLACEMENT_3D('',#118,#1178,#1179);
#1178=DIRECTION('',(-0.5000001116271745,0.8660253393364498,0));
#1179=DIRECTION('',(-0.2557822922420175,-0.14767601923894488,-0.9553885138084706));
#1180=FACE_BOUND('',#1181,.T.);
#1181=EDGE_LOOP('',(#1182,#1183,#1184));
#1182=ORIENTED_EDGE('',*,*,#1185,.T.);
#1183=ORIENTED_EDGE('',*,*,#1186,.T.);
#1184=ORIENTED_EDGE('',*,*,#1187,.T.);
#1185=EDGE_CURVE('',#119,#113,#1188,.F.);
#1186=EDGE_CURVE('',#113,#115,#1189,.T.);
#1187=EDGE_CURVE('',#115,#119,#1190,.T.);
#1188=LINE('',#118,#1191);
#1189=LINE('',#112,#1192);
#1190=LINE('',#114,#1193);
#1191=VECTOR('',#1194,1.0);
#1192=VECTOR('',#1195,1.0);
#1193=VECTOR('',#1196,1.0);
#1194=DIRECTION('',(-0.2557822922420175,-0.14767601923894488,-0.9553885138084706));
#1195=DIRECTION('',(0,0,1));
#1196=DIRECTION('',(0.8660253393364499,0.5000001116271746,0));
#1197=FACE_SURFACE('',(#1202),#1198,.T.);
#1198=PLANE('',#1199);
#1199=AXIS2_PLACEMENT_3D('',#106,#1200,#1201);
#1200=DIRECTION('',(1,0,0));
#1201=DIRECTION('',(0,1,0));
#1202=FACE_BOUND('',#1203,.T.);
#1203=EDGE_LOOP('',(#1204,#1205,#1206));
#1204=ORIENTED_EDGE('',*,*,#1207,.T.);
#1205=ORIENTED_EDGE('',*,*,#1208,.T.);
#1206=ORIENTED_EDGE('',*,*,#1209,.T.);
#1207=EDGE_CURVE('',#107,#117,#1210,.F.);
#1208=EDGE_CURVE('',#117,#111,#1211,.T.);
#1209=EDGE_CURVE('',#111,#107,#1212,.T.);
#1210=LINE('',#106,#1213);
#1211=LINE('',#116,#1214);
#1212=LINE('',#110,#1215);
#1213=VECTOR('',#1216,1.0);
#1214=VECTOR('',#1217,1.0);
#1215=VECTOR('',#1218,1.0);
#1216=DIRECTION('',(0,1,0));
#1217=DIRECTION('',(0,-0.9808039527893184,0.19499642610275852));
#1218=DIRECTION('',(0,0,-1));
#1219=FACE_SURFACE('',(#1224),#1220,.T.);
#1220=PLANE('',#1221);
#1221=AXIS2_PLACEMENT_3D('',#110,#1222,#1223);
#1222=DIRECTION('',(1,-0,0));
#1223=DIRECTION('',(0,0.9808039527893184,-0.19499642610275852));
#1224=FACE_BOUND('',#1225,.T.);
#1225=EDGE_LOOP('',(#1226,#1227,#1228));
#1226=ORIENTED_EDGE('',*,*,#1229,.T.);
#1227=ORIENTED_EDGE('',*,*,#1230,.T.);
#1228=ORIENTED_EDGE('',*,*,#1231,.T.);
#1229=EDGE_CURVE('',#111,#117,#1232,.F.);
#1230=EDGE_CURVE('',#117,#119,#1233,.T.);
#1231=EDGE_CURVE('',#119,#111,#1234,.T.);
#1232=LINE('',#110,#1235);
#1233=LINE('',#116,#1236);
#1234=LINE('',#118,#1237);
#1235=VECTOR('',#1238,1.0);
#1236=VECTOR('',#1239,1.0);
#1237=VECTOR('',#1240,1.0);
#1238=DIRECTION('',(0,0.9808039527893184,-0.19499642610275852));
#1239=DIRECTION('',(0,0,1));
#1240=DIRECTION('',(0,-1,0));
#1241=FACE_SURFACE('',(#1246),#1242,.T.);
#1242=PLANE('',#1243);
#1243=AXIS2_PLACEMENT_3D('',#110,#1244,#1245);
#1244=DIRECTION('',(0,-0,1));
#1245=DIRECTION('',(0,1,0));
#1246=FACE_BOUND('',#1247,.T.);
#1247=EDGE_LOOP('',(#1248,#1249,#1250));
#1248=ORIENTED_EDGE('',*,*,#1251,.T.);
#1249=ORIENTED_EDGE('',*,*,#1252,.T.);
#1250=ORIENTED_EDGE('',*,*,#1253,.T.);
#1251=EDGE_CURVE('',#111,#119,#1254,.F.);
#1252=EDGE_CURVE('',#119,#109,#1255,.T.);
#1253=EDGE_CURVE('',#109,#111,#1256,.T.);
#1254=LINE('',#110,#1257);
#1255=LINE('',#118,#1258);
#1256=LINE('',#108,#1259);
#1257=VECTOR('',#1260,1.0);
#1258=VECTOR('',#1261,1.0);
#1259=VECTOR('',#1262,1.0);
#1260=DIRECTION('',(0,1,0));
#1261=DIRECTION('',(-0.0543858038294996,-0.9985199969664198,0));
#1262=DIRECTION('',(0.8660254066184653,-0.4999999950913217,0));
#1263=FACE_SURFACE('',(#1268),#1264,.T.);
#1264=PLANE('',#1265);
#1265=AXIS2_PLACEMENT_3D('',#108,#1266,#1267);
#1266=DIRECTION('',(0,-0,1));
#1267=DIRECTION('',(0.0543858038294996,0.9985199969664198,0));
#1268=FACE_BOUND('',#1269,.T.);
#1269=EDGE_LOOP('',(#1270,#1271,#1272));
#1270=ORIENTED_EDGE('',*,*,#1273,.T.);
#1271=ORIENTED_EDGE('',*,*,#1274,.T.);
#1272=ORIENTED_EDGE('',*,*,#1275,.T.);
#1273=EDGE_CURVE('',#109,#119,#1276,.F.);
#1274=EDGE_CURVE('',#119,#115,#1277,.T.);
#1275=EDGE_CURVE('',#115,#109,#1278,.T.);
#1276=LINE('',#108,#1279);
#1277=LINE('',#118,#1280);
#1278=LINE('',#114,#1281);
#1279=VECTOR('',#1282,1.0);
#1280=VECTOR('',#1283,1.0);
#1281=VECTOR('',#1284,1.0);
#1282=DIRECTION('',(0.0543858038294996,0.9985199969664198,0));
#1283=DIRECTION('',(-0.8660253393364499,-0.5000001116271746,0));
#1284=DIRECTION('',(0.000448972090302239,-0.9999998992120259,0));
#1285=FACE_SURFACE('',(#1290),#1286,.T.);
#1286=PLANE('',#1287);
#1287=AXIS2_PLACEMENT_3D('',#120,#1288,#1289);
#1288=DIRECTION('',(0.4999999950913217,0.8660254066184653,-0));
#1289=DIRECTION('',(-0.8660254066184653,0.4999999950913217,0));
#1290=FACE_BOUND('',#1291,.T.);
#1291=EDGE_LOOP('',(#1292,#1293,#1294));
#1292=ORIENTED_EDGE('',*,*,#1295,.T.);
#1293=ORIENTED_EDGE('',*,*,#1296,.T.);
#1294=ORIENTED_EDGE('',*,*,#1297,.T.);
#1295=EDGE_CURVE('',#121,#123,#1298,.F.);
#1296=EDGE_CURVE('',#123,#125,#1299,.T.);
#1297=EDGE_CURVE('',#125,#121,#1300,.T.);
#1298=LINE('',#120,#1301);
#1299=LINE('',#122,#1302);
#1300=LINE('',#124,#1303);
#1301=VECTOR('',#1304,1.0);
#1302=VECTOR('',#1305,1.0);
#1303=VECTOR('',#1306,1.0);
#1304=DIRECTION('',(-0.8660254066184653,0.4999999950913217,0));
#1305=DIRECTION('',(0.25393162522245316,-0.14660749025887848,0.9560465331310377));
#1306=DIRECTION('',(0,0,-1));
#1307=FACE_SURFACE('',(#1312),#1308,.T.);
#1308=PLANE('',#1309);
#1309=AXIS2_PLACEMENT_3D('',#124,#1310,#1311);
#1310=DIRECTION('',(0.4999999950913217,0.8660254066184653,0));
#1311=DIRECTION('',(-0.25393162522245316,0.14660749025887848,-0.9560465331310377));
#1312=FACE_BOUND('',#1313,.T.);
#1313=EDGE_LOOP('',(#1314,#1315,#1316));
#1314=ORIENTED_EDGE('',*,*,#1317,.T.);
#1315=ORIENTED_EDGE('',*,*,#1318,.T.);
#1316=ORIENTED_EDGE('',*,*,#1319,.T.);
#1317=EDGE_CURVE('',#125,#123,#1320,.F.);
#1318=EDGE_CURVE('',#123,#127,#1321,.T.);
#1319=EDGE_CURVE('',#127,#125,#1322,.T.);
#1320=LINE('',#124,#1323);
#1321=LINE('',#122,#1324);
#1322=LINE('',#126,#1325);
#1323=VECTOR('',#1326,1.0);
#1324=VECTOR('',#1327,1.0);
#1325=VECTOR('',#1328,1.0);
#1326=DIRECTION('',(-0.25393162522245316,0.14660749025887848,-0.9560465331310377));
#1327=DIRECTION('',(0,0,1));
#1328=DIRECTION('',(0.8660254066184653,-0.4999999950913217,0));
#1329=FACE_SURFACE('',(#1334),#1330,.T.);
#1330=PLANE('',#1331);
#1331=AXIS2_PLACEMENT_3D('',#128,#1332,#1333);
#1332=DIRECTION('',(0.999999899212026,0.000448972090302239,-0));
#1333=DIRECTION('',(-0.000448972090302239,0.9999998992120259,0));
#1334=FACE_BOUND('',#1335,.T.);
#1335=EDGE_LOOP('',(#1336,#1337,#1338));
#1336=ORIENTED_EDGE('',*,*,#1339,.T.);
#1337=ORIENTED_EDGE('',*,*,#1340,.T.);
#1338=ORIENTED_EDGE('',*,*,#1341,.T.);
#1339=EDGE_CURVE('',#129,#121,#1342,.F.);
#1340=EDGE_CURVE('',#121,#131,#1343,.T.);
#1341=EDGE_CURVE('',#131,#129,#1344,.T.);
#1342=LINE('',#128,#1345);
#1343=LINE('',#120,#1346);
#1344=LINE('',#130,#1347);
#1345=VECTOR('',#1348,1.0);
#1346=VECTOR('',#1349,1.0);
#1347=VECTOR('',#1350,1.0);
#1348=DIRECTION('',(-0.000448972090302239,0.9999998992120259,0));
#1349=DIRECTION('',(0.0004392304419650785,-0.9783022312149762,0.2071824111173973));
#1350=DIRECTION('',(0,0,-1));
#1351=FACE_SURFACE('',(#1356),#1352,.T.);
#1352=PLANE('',#1353);
#1353=AXIS2_PLACEMENT_3D('',#130,#1354,#1355);
#1354=DIRECTION('',(0.999999899212026,0.000448972090302239,0));
#1355=DIRECTION('',(-0.0004392304419650785,0.9783022312149762,-0.2071824111173973));
#1356=FACE_BOUND('',#1357,.T.);
#1357=EDGE_LOOP('',(#1358,#1359,#1360));
#1358=ORIENTED_EDGE('',*,*,#1361,.T.);
#1359=ORIENTED_EDGE('',*,*,#1362,.T.);
#1360=ORIENTED_EDGE('',*,*,#1363,.T.);
#1361=EDGE_CURVE('',#131,#121,#1364,.F.);
#1362=EDGE_CURVE('',#121,#125,#1365,.T.);
#1363=EDGE_CURVE('',#125,#131,#1366,.T.);
#1364=LINE('',#130,#1367);
#1365=LINE('',#120,#1368);
#1366=LINE('',#124,#1369);
#1367=VECTOR('',#1370,1.0);
#1368=VECTOR('',#1371,1.0);
#1369=VECTOR('',#1372,1.0);
#1370=DIRECTION('',(-0.0004392304419650785,0.9783022312149762,-0.2071824111173973));
#1371=DIRECTION('',(0,0,1));
#1372=DIRECTION('',(0.000448972090302239,-0.9999998992120259,0));
#1373=FACE_SURFACE('',(#1378),#1374,.T.);
#1374=PLANE('',#1375);
#1375=AXIS2_PLACEMENT_3D('',#132,#1376,#1377);
#1376=DIRECTION('',(0.5000001116271745,-0.8660253393364498,0));
#1377=DIRECTION('',(0.8660253393364499,0.5000001116271746,0));
#1378=FACE_BOUND('',#1379,.T.);
#1379=EDGE_LOOP('',(#1380,#1381,#1382));
#1380=ORIENTED_EDGE('',*,*,#1383,.T.);
#1381=ORIENTED_EDGE('',*,*,#1384,.T.);
#1382=ORIENTED_EDGE('',*,*,#1385,.T.);
#1383=EDGE_CURVE('',#133,#129,#1386,.F.);
#1384=EDGE_CURVE('',#129,#135,#1387,.T.);
#1385=EDGE_CURVE('',#135,#133,#1388,.T.);
#1386=LINE('',#132,#1389);
#1387=LINE('',#128,#1390);
#1388=LINE('',#134,#1391);
#1389=VECTOR('',#1392,1.0);
#1390=VECTOR('',#1393,1.0);
#1391=VECTOR('',#1394,1.0);
#1392=DIRECTION('',(0.8660253393364499,0.5000001116271746,0));
#1393=DIRECTION('',(-0.2557822922420175,-0.14767601923894488,0.9553885138084706));
#1394=DIRECTION('',(0,0,-1));
#1395=FACE_SURFACE('',(#1400),#1396,.T.);
#1396=PLANE('',#1397);
#1397=AXIS2_PLACEMENT_3D('',#134,#1398,#1399);
#1398=DIRECTION('',(0.5000001116271745,-0.8660253393364498,0));
#1399=DIRECTION('',(0.2557822922420175,0.14767601923894488,-0.9553885138084706));
#1400=FACE_BOUND('',#1401,.T.);
#1401=EDGE_LOOP('',(#1402,#1403,#1404));
#1402=ORIENTED_EDGE('',*,*,#1405,.T.);
#1403=ORIENTED_EDGE('',*,*,#1406,.T.);
#1404=ORIENTED_EDGE('',*,*,#1407,.T.);
#1405=EDGE_CURVE('',#135,#129,#1408,.F.);
#1406=EDGE_CURVE('',#129,#131,#1409,.T.);
#1407=EDGE_CURVE('',#131,#135,#1410,.T.);
#1408=LINE('',#134,#1411);
#1409=LINE('',#128,#1412);
#1410=LINE('',#130,#1413);
#1411=VECTOR('',#1414,1.0);
#1412=VECTOR('',#1415,1.0);
#1413=VECTOR('',#1416,1.0);
#1414=DIRECTION('',(0.2557822922420175,0.14767601923894488,-0.9553885138084706));
#1415=DIRECTION('',(0,0,1));
#1416=DIRECTION('',(-0.8660253393364499,-0.5000001116271746,0));
#1417=FACE_SURFACE('',(#1422),#1418,.T.);
#1418=PLANE('',#1419);
#1419=AXIS2_PLACEMENT_3D('',#122,#1420,#1421);
#1420=DIRECTION('',(-1,0,0));
#1421=DIRECTION('',(0,-1,0));
#1422=FACE_BOUND('',#1423,.T.);
#1423=EDGE_LOOP('',(#1424,#1425,#1426));
#1424=ORIENTED_EDGE('',*,*,#1427,.T.);
#1425=ORIENTED_EDGE('',*,*,#1428,.T.);
#1426=ORIENTED_EDGE('',*,*,#1429,.T.);
#1427=EDGE_CURVE('',#123,#133,#1430,.F.);
#1428=EDGE_CURVE('',#133,#127,#1431,.T.);
#1429=EDGE_CURVE('',#127,#123,#1432,.T.);
#1430=LINE('',#122,#1433);
#1431=LINE('',#132,#1434);
#1432=LINE('',#126,#1435);
#1433=VECTOR('',#1436,1.0);
#1434=VECTOR('',#1437,1.0);
#1435=VECTOR('',#1438,1.0);
#1436=DIRECTION('',(0,-1,0));
#1437=DIRECTION('',(0,0.9808039527893184,0.19499642610275852));
#1438=DIRECTION('',(0,0,-1));
#1439=FACE_SURFACE('',(#1444),#1440,.T.);
#1440=PLANE('',#1441);
#1441=AXIS2_PLACEMENT_3D('',#126,#1442,#1443);
#1442=DIRECTION('',(-1,-0,0));
#1443=DIRECTION('',(0,-0.9808039527893184,-0.19499642610275852));
#1444=FACE_BOUND('',#1445,.T.);
#1445=EDGE_LOOP('',(#1446,#1447,#1448));
#1446=ORIENTED_EDGE('',*,*,#1449,.T.);
#1447=ORIENTED_EDGE('',*,*,#1450,.T.);
#1448=ORIENTED_EDGE('',*,*,#1451,.T.);
#1449=EDGE_CURVE('',#127,#133,#1452,.F.);
#1450=EDGE_CURVE('',#133,#135,#1453,.T.);
#1451=EDGE_CURVE('',#135,#127,#1454,.T.);
#1452=LINE('',#126,#1455);
#1453=LINE('',#132,#1456);
#1454=LINE('',#134,#1457);
#1455=VECTOR('',#1458,1.0);
#1456=VECTOR('',#1459,1.0);
#1457=VECTOR('',#1460,1.0);
#1458=DIRECTION('',(0,-0.9808039527893184,-0.19499642610275852));
#1459=DIRECTION('',(0,0,1));
#1460=DIRECTION('',(0,1,0));
#1461=FACE_SURFACE('',(#1466),#1462,.T.);
#1462=PLANE('',#1463);
#1463=AXIS2_PLACEMENT_3D('',#126,#1464,#1465);
#1464=DIRECTION('',(0,0,1));
#1465=DIRECTION('',(0,-1,0));
#1466=FACE_BOUND('',#1467,.T.);
#1467=EDGE_LOOP('',(#1468,#1469,#1470));
#1468=ORIENTED_EDGE('',*,*,#1471,.T.);
#1469=ORIENTED_EDGE('',*,*,#1472,.T.);
#1470=ORIENTED_EDGE('',*,*,#1473,.T.);
#1471=EDGE_CURVE('',#127,#135,#1474,.F.);
#1472=EDGE_CURVE('',#135,#125,#1475,.T.);
#1473=EDGE_CURVE('',#125,#127,#1476,.T.);
#1474=LINE('',#126,#1477);
#1475=LINE('',#134,#1478);
#1476=LINE('',#124,#1479);
#1477=VECTOR('',#1480,1.0);
#1478=VECTOR('',#1481,1.0);
#1479=VECTOR('',#1482,1.0);
#1480=DIRECTION('',(0,-1,0));
#1481=DIRECTION('',(0.0543858038294996,0.9985199969664198,0));
#1482=DIRECTION('',(-0.8660254066184653,0.4999999950913217,0));
#1483=FACE_SURFACE('',(#1488),#1484,.T.);
#1484=PLANE('',#1485);
#1485=AXIS2_PLACEMENT_3D('',#124,#1486,#1487);
#1486=DIRECTION('',(0,0,1));
#1487=DIRECTION('',(-0.0543858038294996,-0.9985199969664198,0));
#1488=FACE_BOUND('',#1489,.T.);
#1489=EDGE_LOOP('',(#1490,#1491,#1492));
#1490=ORIENTED_EDGE('',*,*,#1493,.T.);
#1491=ORIENTED_EDGE('',*,*,#1494,.T.);
#1492=ORIENTED_EDGE('',*,*,#1495,.T.);
#1493=EDGE_CURVE('',#125,#135,#1496,.F.);
#1494=EDGE_CURVE('',#135,#131,#1497,.T.);
#1495=EDGE_CURVE('',#131,#125,#1498,.T.);
#1496=LINE('',#124,#1499);
#1497=LINE('',#134,#1500);
#1498=LINE('',#130,#1501);
#1499=VECTOR('',#1502,1.0);
#1500=VECTOR('',#1503,1.0);
#1501=VECTOR('',#1504,1.0);
#1502=DIRECTION('',(-0.0543858038294996,-0.9985199969664198,0));
#1503=DIRECTION('',(0.8660253393364499,0.5000001116271746,0));
#1504=DIRECTION('',(-0.000448972090302239,0.9999998992120259,0));
#1505=FACE_SURFACE('',(#1510),#1506,.T.);
#1506=PLANE('',#1507);
#1507=AXIS2_PLACEMENT_3D('',#136,#1508,#1509);
#1508=DIRECTION('',(-0.49999999326941325,-0.8660254076703445,1.8503716828004195E-16));
#1509=DIRECTION('',(0.8660254076703447,-0.49999999326941325,0));
#1510=FACE_BOUND('',#1511,.T.);
#1511=EDGE_LOOP('',(#1512,#1513,#1514));
#1512=ORIENTED_EDGE('',*,*,#1515,.T.);
#1513=ORIENTED_EDGE('',*,*,#1516,.T.);
#1514=ORIENTED_EDGE('',*,*,#1517,.T.);
#1515=EDGE_CURVE('',#137,#139,#1518,.F.);
#1516=EDGE_CURVE('',#139,#141,#1519,.T.);
#1517=EDGE_CURVE('',#141,#137,#1520,.T.);
#1518=LINE('',#136,#1521);
#1519=LINE('',#138,#1522);
#1520=LINE('',#140,#1523);
#1521=VECTOR('',#1524,1.0);
#1522=VECTOR('',#1525,1.0);
#1523=VECTOR('',#1526,1.0);
#1524=DIRECTION('',(0.8660254076703447,-0.49999999326941325,0));
#1525=DIRECTION('',(-0.846414742658174,0.4886777707488628,0.21160368566454357));
#1526=DIRECTION('',(-3.7007434154171886E-16,0,-1));
#1527=FACE_SURFACE('',(#1532),#1528,.T.);
#1528=PLANE('',#1529);
#1529=AXIS2_PLACEMENT_3D('',#140,#1530,#1531);
#1530=DIRECTION('',(-0.49999999326941325,-0.8660254076703445,0));
#1531=DIRECTION('',(0.846414742658174,-0.4886777707488628,-0.21160368566454357));
#1532=FACE_BOUND('',#1533,.T.);
#1533=EDGE_LOOP('',(#1534,#1535,#1536));
#1534=ORIENTED_EDGE('',*,*,#1537,.T.);
#1535=ORIENTED_EDGE('',*,*,#1538,.T.);
#1536=ORIENTED_EDGE('',*,*,#1539,.T.);
#1537=EDGE_CURVE('',#141,#139,#1540,.F.);
#1538=EDGE_CURVE('',#139,#143,#1541,.T.);
#1539=EDGE_CURVE('',#143,#141,#1542,.T.);
#1540=LINE('',#140,#1543);
#1541=LINE('',#138,#1544);
#1542=LINE('',#142,#1545);
#1543=VECTOR('',#1546,1.0);
#1544=VECTOR('',#1547,1.0);
#1545=VECTOR('',#1548,1.0);
#1546=DIRECTION('',(0.846414742658174,-0.4886777707488628,-0.21160368566454357));
#1547=DIRECTION('',(0,0,1));
#1548=DIRECTION('',(-0.8660254076703447,0.49999999326941325,0));
#1549=FACE_SURFACE('',(#1554),#1550,.T.);
#1550=PLANE('',#1551);
#1551=AXIS2_PLACEMENT_3D('',#144,#1552,#1553);
#1552=DIRECTION('',(0.49999999326941297,-0.8660254076703447,0));
#1553=DIRECTION('',(0.8660254076703447,0.499999993269413,0));
#1554=FACE_BOUND('',#1555,.T.);
#1555=EDGE_LOOP('',(#1556,#1557,#1558));
#1556=ORIENTED_EDGE('',*,*,#1559,.T.);
#1557=ORIENTED_EDGE('',*,*,#1560,.T.);
#1558=ORIENTED_EDGE('',*,*,#1561,.T.);
#1559=EDGE_CURVE('',#145,#137,#1562,.F.);
#1560=EDGE_CURVE('',#137,#147,#1563,.T.);
#1561=EDGE_CURVE('',#147,#145,#1564,.T.);
#1562=LINE('',#144,#1565);
#1563=LINE('',#136,#1566);
#1564=LINE('',#146,#1567);
#1565=VECTOR('',#1568,1.0);
#1566=VECTOR('',#1569,1.0);
#1567=VECTOR('',#1570,1.0);
#1568=DIRECTION('',(0.8660254076703447,0.499999993269413,0));
#1569=DIRECTION('',(-0.8464147426581742,-0.48867777074886265,0.2116036856645435));
#1570=DIRECTION('',(0,0,-1));
#1571=FACE_SURFACE('',(#1576),#1572,.T.);
#1572=PLANE('',#1573);
#1573=AXIS2_PLACEMENT_3D('',#146,#1574,#1575);
#1574=DIRECTION('',(0.49999999326941297,-0.8660254076703447,0));
#1575=DIRECTION('',(0.8464147426581742,0.48867777074886265,-0.2116036856645435));
#1576=FACE_BOUND('',#1577,.T.);
#1577=EDGE_LOOP('',(#1578,#1579,#1580));
#1578=ORIENTED_EDGE('',*,*,#1581,.T.);
#1579=ORIENTED_EDGE('',*,*,#1582,.T.);
#1580=ORIENTED_EDGE('',*,*,#1583,.T.);
#1581=EDGE_CURVE('',#147,#137,#1584,.F.);
#1582=EDGE_CURVE('',#137,#141,#1585,.T.);
#1583=EDGE_CURVE('',#141,#147,#1586,.T.);
#1584=LINE('',#146,#1587);
#1585=LINE('',#136,#1588);
#1586=LINE('',#140,#1589);
#1587=VECTOR('',#1590,1.0);
#1588=VECTOR('',#1591,1.0);
#1589=VECTOR('',#1592,1.0);
#1590=DIRECTION('',(0.8464147426581742,0.48867777074886265,-0.2116036856645435));
#1591=DIRECTION('',(3.7007434154171886E-16,0,1));
#1592=DIRECTION('',(-0.8660254076703447,-0.499999993269413,0));
#1593=FACE_SURFACE('',(#1598),#1594,.T.);
#1594=PLANE('',#1595);
#1595=AXIS2_PLACEMENT_3D('',#148,#1596,#1597);
#1596=DIRECTION('',(1,0,0));
#1597=DIRECTION('',(0,1,0));
#1598=FACE_BOUND('',#1599,.T.);
#1599=EDGE_LOOP('',(#1600,#1601,#1602));
#1600=ORIENTED_EDGE('',*,*,#1603,.T.);
#1601=ORIENTED_EDGE('',*,*,#1604,.T.);
#1602=ORIENTED_EDGE('',*,*,#1605,.T.);
#1603=EDGE_CURVE('',#149,#145,#1606,.F.);
#1604=EDGE_CURVE('',#145,#151,#1607,.T.);
#1605=EDGE_CURVE('',#151,#149,#1608,.T.);
#1606=LINE('',#148,#1609);
#1607=LINE('',#144,#1610);
#1608=LINE('',#150,#1611);
#1609=VECTOR('',#1612,1.0);
#1610=VECTOR('',#1613,1.0);
#1611=VECTOR('',#1614,1.0);
#1612=DIRECTION('',(0,1,0));
#1613=DIRECTION('',(0,-0.9773555540649879,0.21160368838543572));
#1614=DIRECTION('',(0,0,-1));
#1615=FACE_SURFACE('',(#1620),#1616,.T.);
#1616=PLANE('',#1617);
#1617=AXIS2_PLACEMENT_3D('',#150,#1618,#1619);
#1618=DIRECTION('',(1,-0,0));
#1619=DIRECTION('',(0,0.9773555540649879,-0.21160368838543572));
#1620=FACE_BOUND('',#1621,.T.);
#1621=EDGE_LOOP('',(#1622,#1623,#1624));
#1622=ORIENTED_EDGE('',*,*,#1625,.T.);
#1623=ORIENTED_EDGE('',*,*,#1626,.T.);
#1624=ORIENTED_EDGE('',*,*,#1627,.T.);
#1625=EDGE_CURVE('',#151,#145,#1628,.F.);
#1626=EDGE_CURVE('',#145,#147,#1629,.T.);
#1627=EDGE_CURVE('',#147,#151,#1630,.T.);
#1628=LINE('',#150,#1631);
#1629=LINE('',#144,#1632);
#1630=LINE('',#146,#1633);
#1631=VECTOR('',#1634,1.0);
#1632=VECTOR('',#1635,1.0);
#1633=VECTOR('',#1636,1.0);
#1634=DIRECTION('',(0,0.9773555540649879,-0.21160368838543572));
#1635=DIRECTION('',(0,0,1));
#1636=DIRECTION('',(0,-1,0));
#1637=FACE_SURFACE('',(#1642),#1638,.T.);
#1638=PLANE('',#1639);
#1639=AXIS2_PLACEMENT_3D('',#152,#1640,#1641);
#1640=DIRECTION('',(0.4999999932694134,0.8660254076703446,1.8503716828004202E-16));
#1641=DIRECTION('',(-0.8660254076703445,0.49999999326941336,0));
#1642=FACE_BOUND('',#1643,.T.);
#1643=EDGE_LOOP('',(#1644,#1645,#1646));
#1644=ORIENTED_EDGE('',*,*,#1647,.T.);
#1645=ORIENTED_EDGE('',*,*,#1648,.T.);
#1646=ORIENTED_EDGE('',*,*,#1649,.T.);
#1647=EDGE_CURVE('',#153,#149,#1650,.F.);
#1648=EDGE_CURVE('',#149,#155,#1651,.T.);
#1649=EDGE_CURVE('',#155,#153,#1652,.T.);
#1650=LINE('',#152,#1653);
#1651=LINE('',#148,#1654);
#1652=LINE('',#154,#1655);
#1653=VECTOR('',#1656,1.0);
#1654=VECTOR('',#1657,1.0);
#1655=VECTOR('',#1658,1.0);
#1656=DIRECTION('',(-0.8660254076703445,0.49999999326941336,0));
#1657=DIRECTION('',(0.8464147426581738,-0.4886777707488629,0.21160368566454363));
#1658=DIRECTION('',(3.7007434154171886E-16,0,-1));
#1659=FACE_SURFACE('',(#1664),#1660,.T.);
#1660=PLANE('',#1661);
#1661=AXIS2_PLACEMENT_3D('',#154,#1662,#1663);
#1662=DIRECTION('',(0.4999999932694134,0.8660254076703445,0));
#1663=DIRECTION('',(-0.8464147426581738,0.4886777707488629,-0.21160368566454363));
#1664=FACE_BOUND('',#1665,.T.);
#1665=EDGE_LOOP('',(#1666,#1667,#1668));
#1666=ORIENTED_EDGE('',*,*,#1669,.T.);
#1667=ORIENTED_EDGE('',*,*,#1670,.T.);
#1668=ORIENTED_EDGE('',*,*,#1671,.T.);
#1669=EDGE_CURVE('',#155,#149,#1672,.F.);
#1670=EDGE_CURVE('',#149,#151,#1673,.T.);
#1671=EDGE_CURVE('',#151,#155,#1674,.T.);
#1672=LINE('',#154,#1675);
#1673=LINE('',#148,#1676);
#1674=LINE('',#150,#1677);
#1675=VECTOR('',#1678,1.0);
#1676=VECTOR('',#1679,1.0);
#1677=VECTOR('',#1680,1.0);
#1678=DIRECTION('',(-0.8464147426581738,0.4886777707488629,-0.21160368566454363));
#1679=DIRECTION('',(0,0,1));
#1680=DIRECTION('',(0.8660254076703445,-0.4999999932694134,0));
#1681=FACE_SURFACE('',(#1686),#1682,.T.);
#1682=PLANE('',#1683);
#1683=AXIS2_PLACEMENT_3D('',#156,#1684,#1685);
#1684=DIRECTION('',(-0.4999999932694129,0.8660254076703449,0));
#1685=DIRECTION('',(-0.8660254076703449,-0.4999999932694129,0));
#1686=FACE_BOUND('',#1687,.T.);
#1687=EDGE_LOOP('',(#1688,#1689,#1690));
#1688=ORIENTED_EDGE('',*,*,#1691,.T.);
#1689=ORIENTED_EDGE('',*,*,#1692,.T.);
#1690=ORIENTED_EDGE('',*,*,#1693,.T.);
#1691=EDGE_CURVE('',#157,#153,#1694,.F.);
#1692=EDGE_CURVE('',#153,#159,#1695,.T.);
#1693=EDGE_CURVE('',#159,#157,#1696,.T.);
#1694=LINE('',#156,#1697);
#1695=LINE('',#152,#1698);
#1696=LINE('',#158,#1699);
#1697=VECTOR('',#1700,1.0);
#1698=VECTOR('',#1701,1.0);
#1699=VECTOR('',#1702,1.0);
#1700=DIRECTION('',(-0.8660254076703449,-0.4999999932694129,0));
#1701=DIRECTION('',(0.8464147426581742,0.4886777707488625,0.21160368566454343));
#1702=DIRECTION('',(0,0,-1));
#1703=FACE_SURFACE('',(#1708),#1704,.T.);
#1704=PLANE('',#1705);
#1705=AXIS2_PLACEMENT_3D('',#158,#1706,#1707);
#1706=DIRECTION('',(-0.4999999932694128,0.8660254076703449,-3.4186003466880133E-16));
#1707=DIRECTION('',(-0.8464147426581742,-0.4886777707488625,-0.21160368566454343));
#1708=FACE_BOUND('',#1709,.T.);
#1709=EDGE_LOOP('',(#1710,#1711,#1712));
#1710=ORIENTED_EDGE('',*,*,#1713,.T.);
#1711=ORIENTED_EDGE('',*,*,#1714,.T.);
#1712=ORIENTED_EDGE('',*,*,#1715,.T.);
#1713=EDGE_CURVE('',#159,#153,#1716,.F.);
#1714=EDGE_CURVE('',#153,#155,#1717,.T.);
#1715=EDGE_CURVE('',#155,#159,#1718,.T.);
#1716=LINE('',#158,#1719);
#1717=LINE('',#152,#1720);
#1718=LINE('',#154,#1721);
#1719=VECTOR('',#1722,1.0);
#1720=VECTOR('',#1723,1.0);
#1721=VECTOR('',#1724,1.0);
#1722=DIRECTION('',(-0.8464147426581742,-0.4886777707488625,-0.21160368566454343));
#1723=DIRECTION('',(-3.7007434154171886E-16,0,1));
#1724=DIRECTION('',(0.8660254076703449,0.4999999932694128,0));
#1725=FACE_SURFACE('',(#1730),#1726,.T.);
#1726=PLANE('',#1727);
#1727=AXIS2_PLACEMENT_3D('',#138,#1728,#1729);
#1728=DIRECTION('',(-1,0,0));
#1729=DIRECTION('',(0,-1,0));
#1730=FACE_BOUND('',#1731,.T.);
#1731=EDGE_LOOP('',(#1732,#1733,#1734));
#1732=ORIENTED_EDGE('',*,*,#1735,.T.);
#1733=ORIENTED_EDGE('',*,*,#1736,.T.);
#1734=ORIENTED_EDGE('',*,*,#1737,.T.);
#1735=EDGE_CURVE('',#139,#157,#1738,.F.);
#1736=EDGE_CURVE('',#157,#143,#1739,.T.);
#1737=EDGE_CURVE('',#143,#139,#1740,.T.);
#1738=LINE('',#138,#1741);
#1739=LINE('',#156,#1742);
#1740=LINE('',#142,#1743);
#1741=VECTOR('',#1744,1.0);
#1742=VECTOR('',#1745,1.0);
#1743=VECTOR('',#1746,1.0);
#1744=DIRECTION('',(0,-1,0));
#1745=DIRECTION('',(0,0.9773555540649879,0.21160368838543572));
#1746=DIRECTION('',(0,0,-1));
#1747=FACE_SURFACE('',(#1752),#1748,.T.);
#1748=PLANE('',#1749);
#1749=AXIS2_PLACEMENT_3D('',#142,#1750,#1751);
#1750=DIRECTION('',(-1,-0,0));
#1751=DIRECTION('',(0,-0.9773555540649879,-0.21160368838543572));
#1752=FACE_BOUND('',#1753,.T.);
#1753=EDGE_LOOP('',(#1754,#1755,#1756));
#1754=ORIENTED_EDGE('',*,*,#1757,.T.);
#1755=ORIENTED_EDGE('',*,*,#1758,.T.);
#1756=ORIENTED_EDGE('',*,*,#1759,.T.);
#1757=EDGE_CURVE('',#143,#157,#1760,.F.);
#1758=EDGE_CURVE('',#157,#159,#1761,.T.);
#1759=EDGE_CURVE('',#159,#143,#1762,.T.);
#1760=LINE('',#142,#1763);
#1761=LINE('',#156,#1764);
#1762=LINE('',#158,#1765);
#1763=VECTOR('',#1766,1.0);
#1764=VECTOR('',#1767,1.0);
#1765=VECTOR('',#1768,1.0);
#1766=DIRECTION('',(0,-0.9773555540649879,-0.21160368838543572));
#1767=DIRECTION('',(0,0,1));
#1768=DIRECTION('',(0,1,0));
#1769=FACE_SURFACE('',(#1774),#1770,.T.);
#1770=PLANE('',#1771);
#1771=AXIS2_PLACEMENT_3D('',#160,#1772,#1773);
#1772=DIRECTION('',(0.5000000183510175,-0.8660253931894735,0));
#1773=DIRECTION('',(0.8660253931894735,0.5000000183510175,0));
#1774=FACE_BOUND('',#1775,.T.);
#1775=EDGE_LOOP('',(#1776,#1777,#1778));
#1776=ORIENTED_EDGE('',*,*,#1779,.T.);
#1777=ORIENTED_EDGE('',*,*,#1780,.T.);
#1778=ORIENTED_EDGE('',*,*,#1781,.T.);
#1779=EDGE_CURVE('',#161,#163,#1782,.F.);
#1780=EDGE_CURVE('',#163,#165,#1783,.T.);
#1781=EDGE_CURVE('',#165,#161,#1784,.T.);
#1782=LINE('',#160,#1785);
#1783=LINE('',#162,#1786);
#1784=LINE('',#164,#1787);
#1785=VECTOR('',#1788,1.0);
#1786=VECTOR('',#1789,1.0);
#1787=VECTOR('',#1790,1.0);
#1788=DIRECTION('',(0.8660253931894735,0.5000000183510175,0));
#1789=DIRECTION('',(-0.8536452358220072,-0.4928523308125214,0.16848261444746893));
#1790=DIRECTION('',(0,0,-1));
#1791=FACE_SURFACE('',(#1796),#1792,.T.);
#1792=PLANE('',#1793);
#1793=AXIS2_PLACEMENT_3D('',#164,#1794,#1795);
#1794=DIRECTION('',(0.5000000183510175,-0.8660253931894735,0));
#1795=DIRECTION('',(0.8536452358220072,0.4928523308125214,-0.16848261444746893));
#1796=FACE_BOUND('',#1797,.T.);
#1797=EDGE_LOOP('',(#1798,#1799,#1800));
#1798=ORIENTED_EDGE('',*,*,#1801,.T.);
#1799=ORIENTED_EDGE('',*,*,#1802,.T.);
#1800=ORIENTED_EDGE('',*,*,#1803,.T.);
#1801=EDGE_CURVE('',#165,#163,#1804,.F.);
#1802=EDGE_CURVE('',#163,#167,#1805,.T.);
#1803=EDGE_CURVE('',#167,#165,#1806,.T.);
#1804=LINE('',#164,#1807);
#1805=LINE('',#162,#1808);
#1806=LINE('',#166,#1809);
#1807=VECTOR('',#1810,1.0);
#1808=VECTOR('',#1811,1.0);
#1809=VECTOR('',#1812,1.0);
#1810=DIRECTION('',(0.8536452358220072,0.4928523308125214,-0.16848261444746893));
#1811=DIRECTION('',(0,0,1));
#1812=DIRECTION('',(-0.8660253931894735,-0.5000000183510175,0));
#1813=FACE_SURFACE('',(#1818),#1814,.T.);
#1814=PLANE('',#1815);
#1815=AXIS2_PLACEMENT_3D('',#168,#1816,#1817);
#1816=DIRECTION('',(-0.5000000183510183,-0.8660253931894731,0));
#1817=DIRECTION('',(0.866025393189473,-0.5000000183510183,0));
#1818=FACE_BOUND('',#1819,.T.);
#1819=EDGE_LOOP('',(#1820,#1821,#1822));
#1820=ORIENTED_EDGE('',*,*,#1823,.T.);
#1821=ORIENTED_EDGE('',*,*,#1824,.T.);
#1822=ORIENTED_EDGE('',*,*,#1825,.T.);
#1823=EDGE_CURVE('',#169,#161,#1826,.F.);
#1824=EDGE_CURVE('',#161,#171,#1827,.T.);
#1825=EDGE_CURVE('',#171,#169,#1828,.T.);
#1826=LINE('',#168,#1829);
#1827=LINE('',#160,#1830);
#1828=LINE('',#170,#1831);
#1829=VECTOR('',#1832,1.0);
#1830=VECTOR('',#1833,1.0);
#1831=VECTOR('',#1834,1.0);
#1832=DIRECTION('',(0.866025393189473,-0.5000000183510183,0));
#1833=DIRECTION('',(-0.853645235822007,0.49285233081252217,0.1684826144474692));
#1834=DIRECTION('',(0,0,-1));
#1835=FACE_SURFACE('',(#1840),#1836,.T.);
#1836=PLANE('',#1837);
#1837=AXIS2_PLACEMENT_3D('',#170,#1838,#1839);
#1838=DIRECTION('',(-0.5000000183510183,-0.8660253931894731,0));
#1839=DIRECTION('',(0.853645235822007,-0.49285233081252217,-0.1684826144474692));
#1840=FACE_BOUND('',#1841,.T.);
#1841=EDGE_LOOP('',(#1842,#1843,#1844));
#1842=ORIENTED_EDGE('',*,*,#1845,.T.);
#1843=ORIENTED_EDGE('',*,*,#1846,.T.);
#1844=ORIENTED_EDGE('',*,*,#1847,.T.);
#1845=EDGE_CURVE('',#171,#161,#1848,.F.);
#1846=EDGE_CURVE('',#161,#165,#1849,.T.);
#1847=EDGE_CURVE('',#165,#171,#1850,.T.);
#1848=LINE('',#170,#1851);
#1849=LINE('',#160,#1852);
#1850=LINE('',#164,#1853);
#1851=VECTOR('',#1854,1.0);
#1852=VECTOR('',#1855,1.0);
#1853=VECTOR('',#1856,1.0);
#1854=DIRECTION('',(0.853645235822007,-0.49285233081252217,-0.1684826144474692));
#1855=DIRECTION('',(0,0,1));
#1856=DIRECTION('',(-0.866025393189473,0.5000000183510183,0));
#1857=FACE_SURFACE('',(#1862),#1858,.T.);
#1858=PLANE('',#1859);
#1859=AXIS2_PLACEMENT_3D('',#172,#1860,#1861);
#1860=DIRECTION('',(-1,0,0));
#1861=DIRECTION('',(0,-1,0));
#1862=FACE_BOUND('',#1863,.T.);
#1863=EDGE_LOOP('',(#1864,#1865,#1866));
#1864=ORIENTED_EDGE('',*,*,#1867,.T.);
#1865=ORIENTED_EDGE('',*,*,#1868,.T.);
#1866=ORIENTED_EDGE('',*,*,#1869,.T.);
#1867=EDGE_CURVE('',#173,#169,#1870,.F.);
#1868=EDGE_CURVE('',#169,#175,#1871,.T.);
#1869=EDGE_CURVE('',#175,#173,#1872,.T.);
#1870=LINE('',#172,#1873);
#1871=LINE('',#168,#1874);
#1872=LINE('',#174,#1875);
#1873=VECTOR('',#1876,1.0);
#1874=VECTOR('',#1877,1.0);
#1875=VECTOR('',#1878,1.0);
#1876=DIRECTION('',(0,-1,0));
#1877=DIRECTION('',(0,0.985704626474622,0.16848260843934598));
#1878=DIRECTION('',(0,0,-1));
#1879=FACE_SURFACE('',(#1884),#1880,.T.);
#1880=PLANE('',#1881);
#1881=AXIS2_PLACEMENT_3D('',#174,#1882,#1883);
#1882=DIRECTION('',(-1,-0,0));
#1883=DIRECTION('',(0,-0.985704626474622,-0.16848260843934598));
#1884=FACE_BOUND('',#1885,.T.);
#1885=EDGE_LOOP('',(#1886,#1887,#1888));
#1886=ORIENTED_EDGE('',*,*,#1889,.T.);
#1887=ORIENTED_EDGE('',*,*,#1890,.T.);
#1888=ORIENTED_EDGE('',*,*,#1891,.T.);
#1889=EDGE_CURVE('',#175,#169,#1892,.F.);
#1890=EDGE_CURVE('',#169,#171,#1893,.T.);
#1891=EDGE_CURVE('',#171,#175,#1894,.T.);
#1892=LINE('',#174,#1895);
#1893=LINE('',#168,#1896);
#1894=LINE('',#170,#1897);
#1895=VECTOR('',#1898,1.0);
#1896=VECTOR('',#1899,1.0);
#1897=VECTOR('',#1900,1.0);
#1898=DIRECTION('',(0,-0.985704626474622,-0.16848260843934598));
#1899=DIRECTION('',(0,0,1));
#1900=DIRECTION('',(0,1,0));
#1901=FACE_SURFACE('',(#1906),#1902,.T.);
#1902=PLANE('',#1903);
#1903=AXIS2_PLACEMENT_3D('',#176,#1904,#1905);
#1904=DIRECTION('',(-0.5000000183510178,0.8660253931894734,0));
#1905=DIRECTION('',(-0.8660253931894734,-0.5000000183510178,0));
#1906=FACE_BOUND('',#1907,.T.);
#1907=EDGE_LOOP('',(#1908,#1909,#1910));
#1908=ORIENTED_EDGE('',*,*,#1911,.T.);
#1909=ORIENTED_EDGE('',*,*,#1912,.T.);
#1910=ORIENTED_EDGE('',*,*,#1913,.T.);
#1911=EDGE_CURVE('',#177,#173,#1914,.F.);
#1912=EDGE_CURVE('',#173,#179,#1915,.T.);
#1913=EDGE_CURVE('',#179,#177,#1916,.T.);
#1914=LINE('',#176,#1917);
#1915=LINE('',#172,#1918);
#1916=LINE('',#178,#1919);
#1917=VECTOR('',#1920,1.0);
#1918=VECTOR('',#1921,1.0);
#1919=VECTOR('',#1922,1.0);
#1920=DIRECTION('',(-0.8660253931894734,-0.5000000183510178,0));
#1921=DIRECTION('',(0.8536452358220071,0.49285233081252167,0.16848261444746904));
#1922=DIRECTION('',(0,0,-1));
#1923=FACE_SURFACE('',(#1928),#1924,.T.);
#1924=PLANE('',#1925);
#1925=AXIS2_PLACEMENT_3D('',#178,#1926,#1927);
#1926=DIRECTION('',(-0.5000000183510178,0.8660253931894734,0));
#1927=DIRECTION('',(-0.8536452358220071,-0.49285233081252167,-0.16848261444746904));
#1928=FACE_BOUND('',#1929,.T.);
#1929=EDGE_LOOP('',(#1930,#1931,#1932));
#1930=ORIENTED_EDGE('',*,*,#1933,.T.);
#1931=ORIENTED_EDGE('',*,*,#1934,.T.);
#1932=ORIENTED_EDGE('',*,*,#1935,.T.);
#1933=EDGE_CURVE('',#179,#173,#1936,.F.);
#1934=EDGE_CURVE('',#173,#175,#1937,.T.);
#1935=EDGE_CURVE('',#175,#179,#1938,.T.);
#1936=LINE('',#178,#1939);
#1937=LINE('',#172,#1940);
#1938=LINE('',#174,#1941);
#1939=VECTOR('',#1942,1.0);
#1940=VECTOR('',#1943,1.0);
#1941=VECTOR('',#1944,1.0);
#1942=DIRECTION('',(-0.8536452358220071,-0.49285233081252167,-0.16848261444746904));
#1943=DIRECTION('',(0,0,1));
#1944=DIRECTION('',(0.8660253931894734,0.5000000183510178,0));
#1945=FACE_SURFACE('',(#1950),#1946,.T.);
#1946=PLANE('',#1947);
#1947=AXIS2_PLACEMENT_3D('',#180,#1948,#1949);
#1948=DIRECTION('',(0.500000018351018,0.8660253931894732,-0));
#1949=DIRECTION('',(-0.8660253931894731,0.5000000183510179,0));
#1950=FACE_BOUND('',#1951,.T.);
#1951=EDGE_LOOP('',(#1952,#1953,#1954));
#1952=ORIENTED_EDGE('',*,*,#1955,.T.);
#1953=ORIENTED_EDGE('',*,*,#1956,.T.);
#1954=ORIENTED_EDGE('',*,*,#1957,.T.);
#1955=EDGE_CURVE('',#181,#177,#1958,.F.);
#1956=EDGE_CURVE('',#177,#183,#1959,.T.);
#1957=EDGE_CURVE('',#183,#181,#1960,.T.);
#1958=LINE('',#180,#1961);
#1959=LINE('',#176,#1962);
#1960=LINE('',#182,#1963);
#1961=VECTOR('',#1964,1.0);
#1962=VECTOR('',#1965,1.0);
#1963=VECTOR('',#1966,1.0);
#1964=DIRECTION('',(-0.8660253931894731,0.5000000183510179,0));
#1965=DIRECTION('',(0.853645235822007,-0.4928523308125219,0.1684826144474691));
#1966=DIRECTION('',(0,0,-1));
#1967=FACE_SURFACE('',(#1972),#1968,.T.);
#1968=PLANE('',#1969);
#1969=AXIS2_PLACEMENT_3D('',#182,#1970,#1971);
#1970=DIRECTION('',(0.500000018351018,0.8660253931894732,0));
#1971=DIRECTION('',(-0.853645235822007,0.4928523308125219,-0.1684826144474691));
#1972=FACE_BOUND('',#1973,.T.);
#1973=EDGE_LOOP('',(#1974,#1975,#1976));
#1974=ORIENTED_EDGE('',*,*,#1977,.T.);
#1975=ORIENTED_EDGE('',*,*,#1978,.T.);
#1976=ORIENTED_EDGE('',*,*,#1979,.T.);
#1977=EDGE_CURVE('',#183,#177,#1980,.F.);
#1978=EDGE_CURVE('',#177,#179,#1981,.T.);
#1979=EDGE_CURVE('',#179,#183,#1982,.T.);
#1980=LINE('',#182,#1983);
#1981=LINE('',#176,#1984);
#1982=LINE('',#178,#1985);
#1983=VECTOR('',#1986,1.0);
#1984=VECTOR('',#1987,1.0);
#1985=VECTOR('',#1988,1.0);
#1986=DIRECTION('',(-0.853645235822007,0.4928523308125219,-0.1684826144474691));
#1987=DIRECTION('',(0,0,1));
#1988=DIRECTION('',(0.8660253931894731,-0.5000000183510179,0));
#1989=FACE_SURFACE('',(#1994),#1990,.T.);
#1990=PLANE('',#1991);
#1991=AXIS2_PLACEMENT_3D('',#162,#1992,#1993);
#1992=DIRECTION('',(1,0,0));
#1993=DIRECTION('',(0,1,0));
#1994=FACE_BOUND('',#1995,.T.);
#1995=EDGE_LOOP('',(#1996,#1997,#1998));
#1996=ORIENTED_EDGE('',*,*,#1999,.T.);
#1997=ORIENTED_EDGE('',*,*,#2000,.T.);
#1998=ORIENTED_EDGE('',*,*,#2001,.T.);
#1999=EDGE_CURVE('',#163,#181,#2002,.F.);
#2000=EDGE_CURVE('',#181,#167,#2003,.T.);
#2001=EDGE_CURVE('',#167,#163,#2004,.T.);
#2002=LINE('',#162,#2005);
#2003=LINE('',#180,#2006);
#2004=LINE('',#166,#2007);
#2005=VECTOR('',#2008,1.0);
#2006=VECTOR('',#2009,1.0);
#2007=VECTOR('',#2010,1.0);
#2008=DIRECTION('',(0,1,0));
#2009=DIRECTION('',(0,-0.985704626474622,0.16848260843934598));
#2010=DIRECTION('',(0,0,-1));
#2011=FACE_SURFACE('',(#2016),#2012,.T.);
#2012=PLANE('',#2013);
#2013=AXIS2_PLACEMENT_3D('',#166,#2014,#2015);
#2014=DIRECTION('',(1,-0,0));
#2015=DIRECTION('',(0,0.985704626474622,-0.16848260843934598));
#2016=FACE_BOUND('',#2017,.T.);
#2017=EDGE_LOOP('',(#2018,#2019,#2020));
#2018=ORIENTED_EDGE('',*,*,#2021,.T.);
#2019=ORIENTED_EDGE('',*,*,#2022,.T.);
#2020=ORIENTED_EDGE('',*,*,#2023,.T.);
#2021=EDGE_CURVE('',#167,#181,#2024,.F.);
#2022=EDGE_CURVE('',#181,#183,#2025,.T.);
#2023=EDGE_CURVE('',#183,#167,#2026,.T.);
#2024=LINE('',#166,#2027);
#2025=LINE('',#180,#2028);
#2026=LINE('',#182,#2029);
#2027=VECTOR('',#2030,1.0);
#2028=VECTOR('',#2031,1.0);
#2029=VECTOR('',#2032,1.0);
#2030=DIRECTION('',(0,0.985704626474622,-0.16848260843934598));
#2031=DIRECTION('',(0,0,1));
#2032=DIRECTION('',(0,-1,0));
#2033=FACE_SURFACE('',(#2038),#2034,.T.);
#2034=PLANE('',#2035);
#2035=AXIS2_PLACEMENT_3D('',#40,#2036,#2037);
#2036=DIRECTION('',(0,0,1));
#2037=DIRECTION('',(-0.8831298774350218,-0.46912857468033564,0));
#2038=FACE_BOUND('',#2039,.T.);
#2039=EDGE_LOOP('',(#2040,#2041,#2042));
#2040=ORIENTED_EDGE('',*,*,#2043,.T.);
#2041=ORIENTED_EDGE('',*,*,#2044,.T.);
#2042=ORIENTED_EDGE('',*,*,#2045,.T.);
#2043=EDGE_CURVE('',#41,#101,#2046,.F.);
#2044=EDGE_CURVE('',#101,#43,#2047,.T.);
#2045=EDGE_CURVE('',#43,#41,#2048,.T.);
#2046=LINE('',#40,#2049);
#2047=LINE('',#100,#2050);
#2048=LINE('',#42,#2051);
#2049=VECTOR('',#2052,1.0);
#2050=VECTOR('',#2053,1.0);
#2051=VECTOR('',#2054,1.0);
#2052=DIRECTION('',(-0.8831298774350218,-0.46912857468033564,0));
#2053=DIRECTION('',(1,0,0));
#2054=DIRECTION('',(0,1,0));
#2055=FACE_SURFACE('',(#2060),#2056,.T.);
#2056=PLANE('',#2057);
#2057=AXIS2_PLACEMENT_3D('',#42,#2058,#2059);
#2058=DIRECTION('',(0,0,1));
#2059=DIRECTION('',(-1,0,0));
#2060=FACE_BOUND('',#2061,.T.);
#2061=EDGE_LOOP('',(#2062,#2063,#2064));
#2062=ORIENTED_EDGE('',*,*,#2065,.T.);
#2063=ORIENTED_EDGE('',*,*,#2066,.T.);
#2064=ORIENTED_EDGE('',*,*,#2067,.T.);
#2065=EDGE_CURVE('',#43,#101,#2068,.F.);
#2066=EDGE_CURVE('',#101,#165,#2069,.T.);
#2067=EDGE_CURVE('',#165,#43,#2070,.T.);
#2068=LINE('',#42,#2071);
#2069=LINE('',#100,#2072);
#2070=LINE('',#164,#2073);
#2071=VECTOR('',#2074,1.0);
#2072=VECTOR('',#2075,1.0);
#2073=VECTOR('',#2076,1.0);
#2074=DIRECTION('',(-1,0,0));
#2075=DIRECTION('',(0.6691064006325064,-0.7431666196975023,0));
#2076=DIRECTION('',(0.6691064006325177,0.7431666196974921,0));
#2077=FACE_SURFACE('',(#2082),#2078,.T.);
#2078=PLANE('',#2079);
#2079=AXIS2_PLACEMENT_3D('',#42,#2080,#2081);
#2080=DIRECTION('',(-0,0,1));
#2081=DIRECTION('',(-0.6691064006325177,-0.7431666196974921,0));
#2082=FACE_BOUND('',#2083,.T.);
#2083=EDGE_LOOP('',(#2084,#2085,#2086));
#2084=ORIENTED_EDGE('',*,*,#2087,.T.);
#2085=ORIENTED_EDGE('',*,*,#2088,.T.);
#2086=ORIENTED_EDGE('',*,*,#2089,.T.);
#2087=EDGE_CURVE('',#43,#165,#2090,.F.);
#2088=EDGE_CURVE('',#165,#53,#2091,.T.);
#2089=EDGE_CURVE('',#53,#43,#2092,.T.);
#2090=LINE('',#42,#2093);
#2091=LINE('',#164,#2094);
#2092=LINE('',#52,#2095);
#2093=VECTOR('',#2096,1.0);
#2094=VECTOR('',#2097,1.0);
#2095=VECTOR('',#2098,1.0);
#2096=DIRECTION('',(-0.6691064006325177,-0.7431666196974921,0));
#2097=DIRECTION('',(0.8535145381043696,0.5210690292509089,0));
#2098=DIRECTION('',(-0.8660254098145522,-0.49999998955553676,0));
#2099=FACE_SURFACE('',(#2104),#2100,.T.);
#2100=PLANE('',#2101);
#2101=AXIS2_PLACEMENT_3D('',#52,#2102,#2103);
#2102=DIRECTION('',(-0,0,1));
#2103=DIRECTION('',(-0.8535145381043696,-0.5210690292509089,0));
#2104=FACE_BOUND('',#2105,.T.);
#2105=EDGE_LOOP('',(#2106,#2107,#2108));
#2106=ORIENTED_EDGE('',*,*,#2109,.T.);
#2107=ORIENTED_EDGE('',*,*,#2110,.T.);
#2108=ORIENTED_EDGE('',*,*,#2111,.T.);
#2109=EDGE_CURVE('',#53,#165,#2112,.F.);
#2110=EDGE_CURVE('',#165,#167,#2113,.T.);
#2111=EDGE_CURVE('',#167,#53,#2114,.T.);
#2112=LINE('',#52,#2115);
#2113=LINE('',#164,#2116);
#2114=LINE('',#166,#2117);
#2115=VECTOR('',#2118,1.0);
#2116=VECTOR('',#2119,1.0);
#2117=VECTOR('',#2120,1.0);
#2118=DIRECTION('',(-0.8535145381043696,-0.5210690292509089,0));
#2119=DIRECTION('',(0.8660253931894735,0.5000000183510175,0));
#2120=DIRECTION('',(-0.9781543338955452,-0.207880011259771,0));
#2121=FACE_SURFACE('',(#2126),#2122,.T.);
#2122=PLANE('',#2123);
#2123=AXIS2_PLACEMENT_3D('',#52,#2124,#2125);
#2124=DIRECTION('',(0,0,1));
#2125=DIRECTION('',(0.9781543338955452,0.207880011259771,0));
#2126=FACE_BOUND('',#2127,.T.);
#2127=EDGE_LOOP('',(#2128,#2129,#2130));
#2128=ORIENTED_EDGE('',*,*,#2131,.T.);
#2129=ORIENTED_EDGE('',*,*,#2132,.T.);
#2130=ORIENTED_EDGE('',*,*,#2133,.T.);
#2131=EDGE_CURVE('',#53,#167,#2134,.F.);
#2132=EDGE_CURVE('',#167,#107,#2135,.T.);
#2133=EDGE_CURVE('',#107,#53,#2136,.T.);
#2134=LINE('',#52,#2137);
#2135=LINE('',#166,#2138);
#2136=LINE('',#106,#2139);
#2137=VECTOR('',#2140,1.0);
#2138=VECTOR('',#2141,1.0);
#2139=VECTOR('',#2142,1.0);
#2140=DIRECTION('',(0.9781543338955452,0.207880011259771,0));
#2141=DIRECTION('',(-0.30904694407269634,0.9510467845270955,0));
#2142=DIRECTION('',(-0.5000003447648079,-0.8660252047342925,0));
#2143=FACE_SURFACE('',(#2148),#2144,.T.);
#2144=PLANE('',#2145);
#2145=AXIS2_PLACEMENT_3D('',#106,#2146,#2147);
#2146=DIRECTION('',(-0,0,1));
#2147=DIRECTION('',(0.30904694407269634,-0.9510467845270955,0));
#2148=FACE_BOUND('',#2149,.T.);
#2149=EDGE_LOOP('',(#2150,#2151,#2152));
#2150=ORIENTED_EDGE('',*,*,#2153,.T.);
#2151=ORIENTED_EDGE('',*,*,#2154,.T.);
#2152=ORIENTED_EDGE('',*,*,#2155,.T.);
#2153=EDGE_CURVE('',#107,#167,#2156,.F.);
#2154=EDGE_CURVE('',#167,#117,#2157,.T.);
#2155=EDGE_CURVE('',#117,#107,#2158,.T.);
#2156=LINE('',#106,#2159);
#2157=LINE('',#166,#2160);
#2158=LINE('',#116,#2161);
#2159=VECTOR('',#2162,1.0);
#2160=VECTOR('',#2163,1.0);
#2161=VECTOR('',#2164,1.0);
#2162=DIRECTION('',(0.30904694407269634,-0.9510467845270955,0));
#2163=DIRECTION('',(-0.02450165905360689,0.9996997892885747,0));
#2164=DIRECTION('',(0,-1,0));
#2165=FACE_SURFACE('',(#2170),#2166,.T.);
#2166=PLANE('',#2167);
#2167=AXIS2_PLACEMENT_3D('',#116,#2168,#2169);
#2168=DIRECTION('',(-0,0,1));
#2169=DIRECTION('',(0.02450165905360689,-0.9996997892885747,0));
#2170=FACE_BOUND('',#2171,.T.);
#2171=EDGE_LOOP('',(#2172,#2173,#2174));
#2172=ORIENTED_EDGE('',*,*,#2175,.T.);
#2173=ORIENTED_EDGE('',*,*,#2176,.T.);
#2174=ORIENTED_EDGE('',*,*,#2177,.T.);
#2175=EDGE_CURVE('',#117,#167,#2178,.F.);
#2176=EDGE_CURVE('',#167,#183,#2179,.T.);
#2177=EDGE_CURVE('',#183,#117,#2180,.T.);
#2178=LINE('',#116,#2181);
#2179=LINE('',#166,#2182);
#2180=LINE('',#182,#2183);
#2181=VECTOR('',#2184,1.0);
#2182=VECTOR('',#2185,1.0);
#2183=VECTOR('',#2186,1.0);
#2184=DIRECTION('',(0.02450165905360689,-0.9996997892885747,0));
#2185=DIRECTION('',(0,1,0));
#2186=DIRECTION('',(-0.30904694407269634,-0.9510467845270955,0));
#2187=FACE_SURFACE('',(#2192),#2188,.T.);
#2188=PLANE('',#2189);
#2189=AXIS2_PLACEMENT_3D('',#116,#2190,#2191);
#2190=DIRECTION('',(0,-0,1));
#2191=DIRECTION('',(0.30904694407269634,0.9510467845270955,0));
#2192=FACE_BOUND('',#2193,.T.);
#2193=EDGE_LOOP('',(#2194,#2195,#2196));
#2194=ORIENTED_EDGE('',*,*,#2197,.T.);
#2195=ORIENTED_EDGE('',*,*,#2198,.T.);
#2196=ORIENTED_EDGE('',*,*,#2199,.T.);
#2197=EDGE_CURVE('',#117,#183,#2200,.F.);
#2198=EDGE_CURVE('',#183,#59,#2201,.T.);
#2199=EDGE_CURVE('',#59,#117,#2202,.T.);
#2200=LINE('',#116,#2203);
#2201=LINE('',#182,#2204);
#2202=LINE('',#58,#2205);
#2203=VECTOR('',#2206,1.0);
#2204=VECTOR('',#2207,1.0);
#2205=VECTOR('',#2208,1.0);
#2206=DIRECTION('',(0.30904694407269634,0.9510467845270955,0));
#2207=DIRECTION('',(-0.9781543338955452,0.207880011259771,0));
#2208=DIRECTION('',(0.5000003447648079,-0.8660252047342925,0));
#2209=FACE_SURFACE('',(#2214),#2210,.T.);
#2210=PLANE('',#2211);
#2211=AXIS2_PLACEMENT_3D('',#58,#2212,#2213);
#2212=DIRECTION('',(-0,-0,1));
#2213=DIRECTION('',(0.9781543338955452,-0.207880011259771,0));
#2214=FACE_BOUND('',#2215,.T.);
#2215=EDGE_LOOP('',(#2216,#2217,#2218));
#2216=ORIENTED_EDGE('',*,*,#2219,.T.);
#2217=ORIENTED_EDGE('',*,*,#2220,.T.);
#2218=ORIENTED_EDGE('',*,*,#2221,.T.);
#2219=EDGE_CURVE('',#59,#183,#2222,.F.);
#2220=EDGE_CURVE('',#183,#179,#2223,.T.);
#2221=EDGE_CURVE('',#179,#59,#2224,.T.);
#2222=LINE('',#58,#2225);
#2223=LINE('',#182,#2226);
#2224=LINE('',#178,#2227);
#2225=VECTOR('',#2228,1.0);
#2226=VECTOR('',#2229,1.0);
#2227=VECTOR('',#2230,1.0);
#2228=DIRECTION('',(0.9781543338955452,-0.207880011259771,0));
#2229=DIRECTION('',(-0.8660253931894731,0.5000000183510179,0));
#2230=DIRECTION('',(0.8535145381043693,-0.5210690292509094,0));
#2231=FACE_SURFACE('',(#2236),#2232,.T.);
#2232=PLANE('',#2233);
#2233=AXIS2_PLACEMENT_3D('',#58,#2234,#2235);
#2234=DIRECTION('',(0,0,1));
#2235=DIRECTION('',(-0.8535145381043693,0.5210690292509094,0));
#2236=FACE_BOUND('',#2237,.T.);
#2237=EDGE_LOOP('',(#2238,#2239,#2240));
#2238=ORIENTED_EDGE('',*,*,#2241,.T.);
#2239=ORIENTED_EDGE('',*,*,#2242,.T.);
#2240=ORIENTED_EDGE('',*,*,#2243,.T.);
#2241=EDGE_CURVE('',#59,#179,#2244,.F.);
#2242=EDGE_CURVE('',#179,#69,#2245,.T.);
#2243=EDGE_CURVE('',#69,#59,#2246,.T.);
#2244=LINE('',#58,#2247);
#2245=LINE('',#178,#2248);
#2246=LINE('',#68,#2249);
#2247=VECTOR('',#2250,1.0);
#2248=VECTOR('',#2251,1.0);
#2249=VECTOR('',#2252,1.0);
#2250=DIRECTION('',(-0.8535145381043693,0.5210690292509094,0));
#2251=DIRECTION('',(0.66910640063251,-0.7431666196974989,0));
#2252=DIRECTION('',(0.8660254098145522,-0.49999998955553676,0));
#2253=FACE_SURFACE('',(#2258),#2254,.T.);
#2254=PLANE('',#2255);
#2255=AXIS2_PLACEMENT_3D('',#68,#2256,#2257);
#2256=DIRECTION('',(0,0,1));
#2257=DIRECTION('',(-0.66910640063251,0.7431666196974989,0));
#2258=FACE_BOUND('',#2259,.T.);
#2259=EDGE_LOOP('',(#2260,#2261,#2262));
#2260=ORIENTED_EDGE('',*,*,#2263,.T.);
#2261=ORIENTED_EDGE('',*,*,#2264,.T.);
#2262=ORIENTED_EDGE('',*,*,#2265,.T.);
#2263=EDGE_CURVE('',#69,#179,#2266,.F.);
#2264=EDGE_CURVE('',#179,#75,#2267,.T.);
#2265=EDGE_CURVE('',#75,#69,#2268,.T.);
#2266=LINE('',#68,#2269);
#2267=LINE('',#178,#2270);
#2268=LINE('',#74,#2271);
#2269=VECTOR('',#2272,1.0);
#2270=VECTOR('',#2273,1.0);
#2271=VECTOR('',#2274,1.0);
#2272=DIRECTION('',(-0.66910640063251,0.7431666196974989,0));
#2273=DIRECTION('',(-0.6691064006325139,-0.7431666196974955,0));
#2274=DIRECTION('',(1,0,0));
#2275=FACE_SURFACE('',(#2280),#2276,.T.);
#2276=PLANE('',#2277);
#2277=AXIS2_PLACEMENT_3D('',#68,#2278,#2279);
#2278=DIRECTION('',(0,0,1));
#2279=DIRECTION('',(-1,0,0));
#2280=FACE_BOUND('',#2281,.T.);
#2281=EDGE_LOOP('',(#2282,#2283,#2284));
#2282=ORIENTED_EDGE('',*,*,#2285,.T.);
#2283=ORIENTED_EDGE('',*,*,#2286,.T.);
#2284=ORIENTED_EDGE('',*,*,#2287,.T.);
#2285=EDGE_CURVE('',#69,#75,#2288,.F.);
#2286=EDGE_CURVE('',#75,#73,#2289,.T.);
#2287=EDGE_CURVE('',#73,#69,#2290,.T.);
#2288=LINE('',#68,#2291);
#2289=LINE('',#74,#2292);
#2290=LINE('',#72,#2293);
#2291=VECTOR('',#2294,1.0);
#2292=VECTOR('',#2295,1.0);
#2293=VECTOR('',#2296,1.0);
#2294=DIRECTION('',(-1,0,0));
#2295=DIRECTION('',(0,-1,0));
#2296=DIRECTION('',(0.8831298774350218,0.46912857468033564,0));
#2297=FACE_SURFACE('',(#2302),#2298,.T.);
#2298=PLANE('',#2299);
#2299=AXIS2_PLACEMENT_3D('',#48,#2300,#2301);
#2300=DIRECTION('',(0,0,1));
#2301=DIRECTION('',(-0.5646462127895412,0.8253330566398198,0));
#2302=FACE_BOUND('',#2303,.T.);
#2303=EDGE_LOOP('',(#2304,#2305,#2306));
#2304=ORIENTED_EDGE('',*,*,#2307,.T.);
#2305=ORIENTED_EDGE('',*,*,#2308,.T.);
#2306=ORIENTED_EDGE('',*,*,#2309,.T.);
#2307=EDGE_CURVE('',#49,#159,#2310,.F.);
#2308=EDGE_CURVE('',#159,#41,#2311,.T.);
#2309=EDGE_CURVE('',#41,#49,#2312,.T.);
#2310=LINE('',#48,#2313);
#2311=LINE('',#158,#2314);
#2312=LINE('',#40,#2315);
#2313=VECTOR('',#2316,1.0);
#2314=VECTOR('',#2317,1.0);
#2315=VECTOR('',#2318,1.0);
#2316=DIRECTION('',(-0.5646462127895412,0.8253330566398198,0));
#2317=DIRECTION('',(-0.7865531563587287,-0.6175225762853707,0));
#2318=DIRECTION('',(0.865800834558236,0.5003887637410159,0));
#2319=FACE_SURFACE('',(#2324),#2320,.T.);
#2320=PLANE('',#2321);
#2321=AXIS2_PLACEMENT_3D('',#40,#2322,#2323);
#2322=DIRECTION('',(0,-0,1));
#2323=DIRECTION('',(0.7865531563587287,0.6175225762853707,0));
#2324=FACE_BOUND('',#2325,.T.);
#2325=EDGE_LOOP('',(#2326,#2327,#2328));
#2326=ORIENTED_EDGE('',*,*,#2329,.T.);
#2327=ORIENTED_EDGE('',*,*,#2330,.T.);
#2328=ORIENTED_EDGE('',*,*,#2331,.T.);
#2329=EDGE_CURVE('',#41,#159,#2332,.F.);
#2330=EDGE_CURVE('',#159,#155,#2333,.T.);
#2331=EDGE_CURVE('',#155,#41,#2334,.T.);
#2332=LINE('',#40,#2335);
#2333=LINE('',#158,#2336);
#2334=LINE('',#154,#2337);
#2335=VECTOR('',#2338,1.0);
#2336=VECTOR('',#2339,1.0);
#2337=VECTOR('',#2340,1.0);
#2338=DIRECTION('',(0.7865531563587287,0.6175225762853707,0));
#2339=DIRECTION('',(-0.8660254076703449,-0.4999999932694128,0));
#2340=DIRECTION('',(0.43101073929308253,-0.9023467973091225,0));
#2341=FACE_SURFACE('',(#2346),#2342,.T.);
#2342=PLANE('',#2343);
#2343=AXIS2_PLACEMENT_3D('',#40,#2344,#2345);
#2344=DIRECTION('',(0,0,1));
#2345=DIRECTION('',(-0.43101073929308253,0.9023467973091225,0));
#2346=FACE_BOUND('',#2347,.T.);
#2347=EDGE_LOOP('',(#2348,#2349,#2350));
#2348=ORIENTED_EDGE('',*,*,#2351,.T.);
#2349=ORIENTED_EDGE('',*,*,#2352,.T.);
#2350=ORIENTED_EDGE('',*,*,#2353,.T.);
#2351=EDGE_CURVE('',#41,#155,#2354,.F.);
#2352=EDGE_CURVE('',#155,#97,#2355,.T.);
#2353=EDGE_CURVE('',#97,#41,#2356,.T.);
#2354=LINE('',#40,#2357);
#2355=LINE('',#154,#2358);
#2356=LINE('',#96,#2359);
#2357=VECTOR('',#2360,1.0);
#2358=VECTOR('',#2361,1.0);
#2359=VECTOR('',#2362,1.0);
#2360=DIRECTION('',(-0.43101073929308253,0.9023467973091225,0));
#2361=DIRECTION('',(-0.43243646668579094,-0.901664406683722,0));
#2362=DIRECTION('',(0.9999910104628971,-0.0042401643121524986,0));
#2363=FACE_SURFACE('',(#2368),#2364,.T.);
#2364=PLANE('',#2365);
#2365=AXIS2_PLACEMENT_3D('',#96,#2366,#2367);
#2366=DIRECTION('',(0,-0,1));
#2367=DIRECTION('',(0.43243646668579094,0.901664406683722,0));
#2368=FACE_BOUND('',#2369,.T.);
#2369=EDGE_LOOP('',(#2370,#2371,#2372));
#2370=ORIENTED_EDGE('',*,*,#2373,.T.);
#2371=ORIENTED_EDGE('',*,*,#2374,.T.);
#2372=ORIENTED_EDGE('',*,*,#2375,.T.);
#2373=EDGE_CURVE('',#97,#155,#2376,.F.);
#2374=EDGE_CURVE('',#155,#151,#2377,.T.);
#2375=EDGE_CURVE('',#151,#97,#2378,.T.);
#2376=LINE('',#96,#2379);
#2377=LINE('',#154,#2380);
#2378=LINE('',#150,#2381);
#2379=VECTOR('',#2382,1.0);
#2380=VECTOR('',#2383,1.0);
#2381=VECTOR('',#2384,1.0);
#2382=DIRECTION('',(0.43243646668579094,0.901664406683722,0));
#2383=DIRECTION('',(-0.8660254076703445,0.4999999932694134,0));
#2384=DIRECTION('',(0.7868051747221805,-0.6172014395887286,0));
#2385=FACE_SURFACE('',(#2390),#2386,.T.);
#2386=PLANE('',#2387);
#2387=AXIS2_PLACEMENT_3D('',#96,#2388,#2389);
#2388=DIRECTION('',(0,0,1));
#2389=DIRECTION('',(-0.7868051747221805,0.6172014395887286,0));
#2390=FACE_BOUND('',#2391,.T.);
#2391=EDGE_LOOP('',(#2392,#2393,#2394));
#2392=ORIENTED_EDGE('',*,*,#2395,.T.);
#2393=ORIENTED_EDGE('',*,*,#2396,.T.);
#2394=ORIENTED_EDGE('',*,*,#2397,.T.);
#2395=EDGE_CURVE('',#97,#151,#2398,.F.);
#2396=EDGE_CURVE('',#151,#89,#2399,.T.);
#2397=EDGE_CURVE('',#89,#97,#2400,.T.);
#2398=LINE('',#96,#2401);
#2399=LINE('',#150,#2402);
#2400=LINE('',#88,#2403);
#2401=VECTOR('',#2404,1.0);
#2402=VECTOR('',#2405,1.0);
#2403=VECTOR('',#2406,1.0);
#2404=DIRECTION('',(-0.7868051747221805,0.6172014395887286,0));
#2405=DIRECTION('',(-0.5659497469125888,-0.8244397394410198,0));
#2406=DIRECTION('',(0.8662497884531064,-0.4996111528028056,0));
#2407=FACE_SURFACE('',(#2412),#2408,.T.);
#2408=PLANE('',#2409);
#2409=AXIS2_PLACEMENT_3D('',#88,#2410,#2411);
#2410=DIRECTION('',(0,-0,1));
#2411=DIRECTION('',(0.5659497469125888,0.8244397394410198,0));
#2412=FACE_BOUND('',#2413,.T.);
#2413=EDGE_LOOP('',(#2414,#2415,#2416));
#2414=ORIENTED_EDGE('',*,*,#2417,.T.);
#2415=ORIENTED_EDGE('',*,*,#2418,.T.);
#2416=ORIENTED_EDGE('',*,*,#2419,.T.);
#2417=EDGE_CURVE('',#89,#151,#2420,.F.);
#2418=EDGE_CURVE('',#151,#129,#2421,.T.);
#2419=EDGE_CURVE('',#129,#89,#2422,.T.);
#2420=LINE('',#88,#2423);
#2421=LINE('',#150,#2424);
#2422=LINE('',#128,#2425);
#2423=VECTOR('',#2426,1.0);
#2424=VECTOR('',#2427,1.0);
#2425=VECTOR('',#2428,1.0);
#2426=DIRECTION('',(0.5659497469125888,0.8244397394410198,0));
#2427=DIRECTION('',(-0.997082515948685,-0.07633122814052241,0));
#2428=DIRECTION('',(0.49632386913182375,-0.8681374412672317,0));
#2429=FACE_SURFACE('',(#2434),#2430,.T.);
#2430=PLANE('',#2431);
#2431=AXIS2_PLACEMENT_3D('',#88,#2432,#2433);
#2432=DIRECTION('',(0,0,1));
#2433=DIRECTION('',(-0.49632386913182375,0.8681374412672317,0));
#2434=FACE_BOUND('',#2435,.T.);
#2435=EDGE_LOOP('',(#2436,#2437,#2438));
#2436=ORIENTED_EDGE('',*,*,#2439,.T.);
#2437=ORIENTED_EDGE('',*,*,#2440,.T.);
#2438=ORIENTED_EDGE('',*,*,#2441,.T.);
#2439=EDGE_CURVE('',#89,#129,#2442,.F.);
#2440=EDGE_CURVE('',#129,#91,#2443,.T.);
#2441=EDGE_CURVE('',#91,#89,#2444,.T.);
#2442=LINE('',#88,#2445);
#2443=LINE('',#128,#2446);
#2444=LINE('',#90,#2447);
#2445=VECTOR('',#2448,1.0);
#2446=VECTOR('',#2449,1.0);
#2447=VECTOR('',#2450,1.0);
#2448=DIRECTION('',(-0.49632386913182375,0.8681374412672317,0));
#2449=DIRECTION('',(0.03198831855415014,-0.9994882427903182,0));
#2450=DIRECTION('',(0.8660254066184653,0.4999999950913217,0));
#2451=FACE_SURFACE('',(#2456),#2452,.T.);
#2452=PLANE('',#2453);
#2453=AXIS2_PLACEMENT_3D('',#90,#2454,#2455);
#2454=DIRECTION('',(0,0,1));
#2455=DIRECTION('',(-0.03198831855415014,0.9994882427903182,0));
#2456=FACE_BOUND('',#2457,.T.);
#2457=EDGE_LOOP('',(#2458,#2459,#2460));
#2458=ORIENTED_EDGE('',*,*,#2461,.T.);
#2459=ORIENTED_EDGE('',*,*,#2462,.T.);
#2460=ORIENTED_EDGE('',*,*,#2463,.T.);
#2461=EDGE_CURVE('',#91,#129,#2464,.F.);
#2462=EDGE_CURVE('',#129,#133,#2465,.T.);
#2463=EDGE_CURVE('',#133,#91,#2466,.T.);
#2464=LINE('',#90,#2467);
#2465=LINE('',#128,#2468);
#2466=LINE('',#132,#2469);
#2467=VECTOR('',#2470,1.0);
#2468=VECTOR('',#2471,1.0);
#2469=VECTOR('',#2472,1.0);
#2470=DIRECTION('',(-0.03198831855415014,0.9994882427903182,0));
#2471=DIRECTION('',(-0.8660253393364499,-0.5000001116271746,0));
#2472=DIRECTION('',(0.5000003447648079,-0.8660252047342925,0));
#2473=FACE_SURFACE('',(#2478),#2474,.T.);
#2474=PLANE('',#2475);
#2475=AXIS2_PLACEMENT_3D('',#90,#2476,#2477);
#2476=DIRECTION('',(0,0,1));
#2477=DIRECTION('',(-0.5000003447648079,0.8660252047342925,0));
#2478=FACE_BOUND('',#2479,.T.);
#2479=EDGE_LOOP('',(#2480,#2481,#2482));
#2480=ORIENTED_EDGE('',*,*,#2483,.T.);
#2481=ORIENTED_EDGE('',*,*,#2484,.T.);
#2482=ORIENTED_EDGE('',*,*,#2485,.T.);
#2483=EDGE_CURVE('',#91,#133,#2486,.F.);
#2484=EDGE_CURVE('',#133,#171,#2487,.T.);
#2485=EDGE_CURVE('',#171,#91,#2488,.T.);
#2486=LINE('',#90,#2489);
#2487=LINE('',#132,#2490);
#2488=LINE('',#170,#2491);
#2489=VECTOR('',#2492,1.0);
#2490=VECTOR('',#2493,1.0);
#2491=VECTOR('',#2494,1.0);
#2492=DIRECTION('',(-0.5000003447648079,0.8660252047342925,0));
#2493=DIRECTION('',(-0.30904694407269634,-0.9510467845270955,0));
#2494=DIRECTION('',(0.9781543338955452,-0.207880011259771,0));
#2495=FACE_SURFACE('',(#2500),#2496,.T.);
#2496=PLANE('',#2497);
#2497=AXIS2_PLACEMENT_3D('',#170,#2498,#2499);
#2498=DIRECTION('',(0,0,1));
#2499=DIRECTION('',(0.30904694407269634,0.9510467845270955,0));
#2500=FACE_BOUND('',#2501,.T.);
#2501=EDGE_LOOP('',(#2502,#2503,#2504));
#2502=ORIENTED_EDGE('',*,*,#2505,.T.);
#2503=ORIENTED_EDGE('',*,*,#2506,.T.);
#2504=ORIENTED_EDGE('',*,*,#2507,.T.);
#2505=EDGE_CURVE('',#171,#133,#2508,.F.);
#2506=EDGE_CURVE('',#133,#123,#2509,.T.);
#2507=EDGE_CURVE('',#123,#171,#2510,.T.);
#2508=LINE('',#170,#2511);
#2509=LINE('',#132,#2512);
#2510=LINE('',#122,#2513);
#2511=VECTOR('',#2514,1.0);
#2512=VECTOR('',#2515,1.0);
#2513=VECTOR('',#2516,1.0);
#2514=DIRECTION('',(0.30904694407269634,0.9510467845270955,0));
#2515=DIRECTION('',(0,1,0));
#2516=DIRECTION('',(-0.02450165905360689,-0.9996997892885747,0));
#2517=FACE_SURFACE('',(#2522),#2518,.T.);
#2518=PLANE('',#2519);
#2519=AXIS2_PLACEMENT_3D('',#170,#2520,#2521);
#2520=DIRECTION('',(0,0,1));
#2521=DIRECTION('',(0.02450165905360689,0.9996997892885747,0));
#2522=FACE_BOUND('',#2523,.T.);
#2523=EDGE_LOOP('',(#2524,#2525,#2526));
#2524=ORIENTED_EDGE('',*,*,#2527,.T.);
#2525=ORIENTED_EDGE('',*,*,#2528,.T.);
#2526=ORIENTED_EDGE('',*,*,#2529,.T.);
#2527=EDGE_CURVE('',#171,#123,#2530,.F.);
#2528=EDGE_CURVE('',#123,#175,#2531,.T.);
#2529=EDGE_CURVE('',#175,#171,#2532,.T.);
#2530=LINE('',#170,#2533);
#2531=LINE('',#122,#2534);
#2532=LINE('',#174,#2535);
#2533=VECTOR('',#2536,1.0);
#2534=VECTOR('',#2537,1.0);
#2535=VECTOR('',#2538,1.0);
#2536=DIRECTION('',(0.02450165905360689,0.9996997892885747,0));
#2537=DIRECTION('',(-0.30904694407269634,0.9510467845270955,0));
#2538=DIRECTION('',(0,-1,0));
#2539=FACE_SURFACE('',(#2544),#2540,.T.);
#2540=PLANE('',#2541);
#2541=AXIS2_PLACEMENT_3D('',#174,#2542,#2543);
#2542=DIRECTION('',(-0,0,1));
#2543=DIRECTION('',(0.30904694407269634,-0.9510467845270955,0));
#2544=FACE_BOUND('',#2545,.T.);
#2545=EDGE_LOOP('',(#2546,#2547,#2548));
#2546=ORIENTED_EDGE('',*,*,#2549,.T.);
#2547=ORIENTED_EDGE('',*,*,#2550,.T.);
#2548=ORIENTED_EDGE('',*,*,#2551,.T.);
#2549=EDGE_CURVE('',#175,#123,#2552,.F.);
#2550=EDGE_CURVE('',#123,#85,#2553,.T.);
#2551=EDGE_CURVE('',#85,#175,#2554,.T.);
#2552=LINE('',#174,#2555);
#2553=LINE('',#122,#2556);
#2554=LINE('',#84,#2557);
#2555=VECTOR('',#2558,1.0);
#2556=VECTOR('',#2559,1.0);
#2557=VECTOR('',#2560,1.0);
#2558=DIRECTION('',(0.30904694407269634,-0.9510467845270955,0));
#2559=DIRECTION('',(0.5000003447648079,0.8660252047342925,0));
#2560=DIRECTION('',(-0.9781543338955452,-0.207880011259771,0));
#2561=FACE_SURFACE('',(#2566),#2562,.T.);
#2562=PLANE('',#2563);
#2563=AXIS2_PLACEMENT_3D('',#174,#2564,#2565);
#2564=DIRECTION('',(0,0,1));
#2565=DIRECTION('',(0.9781543338955452,0.207880011259771,0));
#2566=FACE_BOUND('',#2567,.T.);
#2567=EDGE_LOOP('',(#2568,#2569,#2570));
#2568=ORIENTED_EDGE('',*,*,#2571,.T.);
#2569=ORIENTED_EDGE('',*,*,#2572,.T.);
#2570=ORIENTED_EDGE('',*,*,#2573,.T.);
#2571=EDGE_CURVE('',#175,#85,#2574,.F.);
#2572=EDGE_CURVE('',#85,#179,#2575,.T.);
#2573=EDGE_CURVE('',#179,#175,#2576,.T.);
#2574=LINE('',#174,#2577);
#2575=LINE('',#84,#2578);
#2576=LINE('',#178,#2579);
#2577=VECTOR('',#2580,1.0);
#2578=VECTOR('',#2581,1.0);
#2579=VECTOR('',#2582,1.0);
#2580=DIRECTION('',(0.9781543338955452,0.207880011259771,0));
#2581=DIRECTION('',(0.8535145381043694,0.5210690292509091,0));
#2582=DIRECTION('',(-0.8660253931894734,-0.5000000183510178,0));
#2583=FACE_SURFACE('',(#2588),#2584,.T.);
#2584=PLANE('',#2585);
#2585=AXIS2_PLACEMENT_3D('',#178,#2586,#2587);
#2586=DIRECTION('',(0,0,1));
#2587=DIRECTION('',(-0.8535145381043694,-0.5210690292509091,0));
#2588=FACE_BOUND('',#2589,.T.);
#2589=EDGE_LOOP('',(#2590,#2591,#2592));
#2590=ORIENTED_EDGE('',*,*,#2593,.T.);
#2591=ORIENTED_EDGE('',*,*,#2594,.T.);
#2592=ORIENTED_EDGE('',*,*,#2595,.T.);
#2593=EDGE_CURVE('',#179,#85,#2596,.F.);
#2594=EDGE_CURVE('',#85,#75,#2597,.T.);
#2595=EDGE_CURVE('',#75,#179,#2598,.T.);
#2596=LINE('',#178,#2599);
#2597=LINE('',#84,#2600);
#2598=LINE('',#74,#2601);
#2599=VECTOR('',#2602,1.0);
#2600=VECTOR('',#2603,1.0);
#2601=VECTOR('',#2604,1.0);
#2602=DIRECTION('',(-0.8535145381043694,-0.5210690292509091,0));
#2603=DIRECTION('',(0.8660254098145522,0.49999998955553676,0));
#2604=DIRECTION('',(0.6691064006325139,0.7431666196974955,0));
#2605=FACE_SURFACE('',(#2610),#2606,.T.);
#2606=PLANE('',#2607);
#2607=AXIS2_PLACEMENT_3D('',#158,#2608,#2609);
#2608=DIRECTION('',(0,0,1));
#2609=DIRECTION('',(0.5646462127895412,-0.8253330566398198,0));
#2610=FACE_BOUND('',#2611,.T.);
#2611=EDGE_LOOP('',(#2612,#2613,#2614));
#2612=ORIENTED_EDGE('',*,*,#2615,.T.);
#2613=ORIENTED_EDGE('',*,*,#2616,.T.);
#2614=ORIENTED_EDGE('',*,*,#2617,.T.);
#2615=EDGE_CURVE('',#159,#49,#2618,.F.);
#2616=EDGE_CURVE('',#49,#105,#2619,.T.);
#2617=EDGE_CURVE('',#105,#159,#2620,.T.);
#2618=LINE('',#158,#2621);
#2619=LINE('',#48,#2622);
#2620=LINE('',#104,#2623);
#2621=VECTOR('',#2624,1.0);
#2622=VECTOR('',#2625,1.0);
#2623=VECTOR('',#2626,1.0);
#2624=DIRECTION('',(0.5646462127895412,-0.8253330566398198,0));
#2625=DIRECTION('',(0.5036673011884839,0.8638977078992102,0));
#2626=DIRECTION('',(-0.9969606191326341,0.07790714921414435,0));
#2627=FACE_SURFACE('',(#2632),#2628,.T.);
#2628=PLANE('',#2629);
#2629=AXIS2_PLACEMENT_3D('',#104,#2630,#2631);
#2630=DIRECTION('',(0,0,1));
#2631=DIRECTION('',(-0.5036673011884839,-0.8638977078992102,0));
#2632=FACE_BOUND('',#2633,.T.);
#2633=EDGE_LOOP('',(#2634,#2635,#2636));
#2634=ORIENTED_EDGE('',*,*,#2637,.T.);
#2635=ORIENTED_EDGE('',*,*,#2638,.T.);
#2636=ORIENTED_EDGE('',*,*,#2639,.T.);
#2637=EDGE_CURVE('',#105,#49,#2640,.F.);
#2638=EDGE_CURVE('',#49,#53,#2641,.T.);
#2639=EDGE_CURVE('',#53,#105,#2642,.T.);
#2640=LINE('',#104,#2643);
#2641=LINE('',#48,#2644);
#2642=LINE('',#52,#2645);
#2643=VECTOR('',#2646,1.0);
#2644=VECTOR('',#2647,1.0);
#2645=VECTOR('',#2648,1.0);
#2646=DIRECTION('',(-0.5036673011884839,-0.8638977078992102,0));
#2647=DIRECTION('',(0.8660253048948757,-0.5000001712817082,0));
#2648=DIRECTION('',(0.03528752220063694,0.9993772014494525,0));
#2649=FACE_SURFACE('',(#2654),#2650,.T.);
#2650=PLANE('',#2651);
#2651=AXIS2_PLACEMENT_3D('',#104,#2652,#2653);
#2652=DIRECTION('',(0,0,1));
#2653=DIRECTION('',(-0.03528752220063694,-0.9993772014494525,0));
#2654=FACE_BOUND('',#2655,.T.);
#2655=EDGE_LOOP('',(#2656,#2657,#2658));
#2656=ORIENTED_EDGE('',*,*,#2659,.T.);
#2657=ORIENTED_EDGE('',*,*,#2660,.T.);
#2658=ORIENTED_EDGE('',*,*,#2661,.T.);
#2659=EDGE_CURVE('',#105,#53,#2662,.F.);
#2660=EDGE_CURVE('',#53,#107,#2663,.T.);
#2661=EDGE_CURVE('',#107,#105,#2664,.T.);
#2662=LINE('',#104,#2665);
#2663=LINE('',#52,#2666);
#2664=LINE('',#106,#2667);
#2665=VECTOR('',#2668,1.0);
#2666=VECTOR('',#2669,1.0);
#2667=VECTOR('',#2670,1.0);
#2668=DIRECTION('',(-0.03528752220063694,-0.9993772014494525,0));
#2669=DIRECTION('',(0.5000003447648079,0.8660252047342925,0));
#2670=DIRECTION('',(-0.8660254066184653,0.4999999950913217,0));
#2671=FACE_SURFACE('',(#2676),#2672,.T.);
#2672=PLANE('',#2673);
#2673=AXIS2_PLACEMENT_3D('',#116,#2674,#2675);
#2674=DIRECTION('',(0,0,1));
#2675=DIRECTION('',(-0.5000003447648079,0.8660252047342925,0));
#2676=FACE_BOUND('',#2677,.T.);
#2677=EDGE_LOOP('',(#2678,#2679,#2680));
#2678=ORIENTED_EDGE('',*,*,#2681,.T.);
#2679=ORIENTED_EDGE('',*,*,#2682,.T.);
#2680=ORIENTED_EDGE('',*,*,#2683,.T.);
#2681=EDGE_CURVE('',#117,#59,#2684,.F.);
#2682=EDGE_CURVE('',#59,#113,#2685,.T.);
#2683=EDGE_CURVE('',#113,#117,#2686,.T.);
#2684=LINE('',#116,#2687);
#2685=LINE('',#58,#2688);
#2686=LINE('',#112,#2689);
#2687=VECTOR('',#2690,1.0);
#2688=VECTOR('',#2691,1.0);
#2689=VECTOR('',#2692,1.0);
#2690=DIRECTION('',(-0.5000003447648079,0.8660252047342925,0));
#2691=DIRECTION('',(0.03198831855415014,-0.9994882427903182,0));
#2692=DIRECTION('',(0.8660253393364499,0.5000001116271746,0));
#2693=FACE_SURFACE('',(#2698),#2694,.T.);
#2694=PLANE('',#2695);
#2695=AXIS2_PLACEMENT_3D('',#112,#2696,#2697);
#2696=DIRECTION('',(0,0,1));
#2697=DIRECTION('',(-0.03198831855415014,0.9994882427903182,0));
#2698=FACE_BOUND('',#2699,.T.);
#2699=EDGE_LOOP('',(#2700,#2701,#2702));
#2700=ORIENTED_EDGE('',*,*,#2703,.T.);
#2701=ORIENTED_EDGE('',*,*,#2704,.T.);
#2702=ORIENTED_EDGE('',*,*,#2705,.T.);
#2703=EDGE_CURVE('',#113,#59,#2706,.F.);
#2704=EDGE_CURVE('',#59,#57,#2707,.T.);
#2705=EDGE_CURVE('',#57,#113,#2708,.T.);
#2706=LINE('',#112,#2709);
#2707=LINE('',#58,#2710);
#2708=LINE('',#56,#2711);
#2709=VECTOR('',#2712,1.0);
#2710=VECTOR('',#2713,1.0);
#2711=VECTOR('',#2714,1.0);
#2712=DIRECTION('',(-0.03198831855415014,0.9994882427903182,0));
#2713=DIRECTION('',(-0.8660254066184653,-0.4999999950913217,0));
#2714=DIRECTION('',(0.49632386913182375,-0.8681374412672317,0));
#2715=FACE_SURFACE('',(#2720),#2716,.T.);
#2716=PLANE('',#2717);
#2717=AXIS2_PLACEMENT_3D('',#112,#2718,#2719);
#2718=DIRECTION('',(0,0,1));
#2719=DIRECTION('',(-0.49632386913182375,0.8681374412672317,0));
#2720=FACE_BOUND('',#2721,.T.);
#2721=EDGE_LOOP('',(#2722,#2723,#2724));
#2722=ORIENTED_EDGE('',*,*,#2725,.T.);
#2723=ORIENTED_EDGE('',*,*,#2726,.T.);
#2724=ORIENTED_EDGE('',*,*,#2727,.T.);
#2725=EDGE_CURVE('',#113,#57,#2728,.F.);
#2726=EDGE_CURVE('',#57,#143,#2729,.T.);
#2727=EDGE_CURVE('',#143,#113,#2730,.T.);
#2728=LINE('',#112,#2731);
#2729=LINE('',#56,#2732);
#2730=LINE('',#142,#2733);
#2731=VECTOR('',#2734,1.0);
#2732=VECTOR('',#2735,1.0);
#2733=VECTOR('',#2736,1.0);
#2734=DIRECTION('',(-0.49632386913182375,0.8681374412672317,0));
#2735=DIRECTION('',(-0.5659497469125888,-0.8244397394410198,0));
#2736=DIRECTION('',(0.997082515948685,0.07633122814052241,0));
#2737=FACE_SURFACE('',(#2742),#2738,.T.);
#2738=PLANE('',#2739);
#2739=AXIS2_PLACEMENT_3D('',#142,#2740,#2741);
#2740=DIRECTION('',(0,-0,1));
#2741=DIRECTION('',(0.5659497469125888,0.8244397394410198,0));
#2742=FACE_BOUND('',#2743,.T.);
#2743=EDGE_LOOP('',(#2744,#2745,#2746));
#2744=ORIENTED_EDGE('',*,*,#2747,.T.);
#2745=ORIENTED_EDGE('',*,*,#2748,.T.);
#2746=ORIENTED_EDGE('',*,*,#2749,.T.);
#2747=EDGE_CURVE('',#143,#57,#2750,.F.);
#2748=EDGE_CURVE('',#57,#65,#2751,.T.);
#2749=EDGE_CURVE('',#65,#143,#2752,.T.);
#2750=LINE('',#142,#2753);
#2751=LINE('',#56,#2754);
#2752=LINE('',#64,#2755);
#2753=VECTOR('',#2756,1.0);
#2754=VECTOR('',#2757,1.0);
#2755=VECTOR('',#2758,1.0);
#2756=DIRECTION('',(0.5659497469125888,0.8244397394410198,0));
#2757=DIRECTION('',(-0.8662497884531064,0.4996111528028056,0));
#2758=DIRECTION('',(0.7868051747221805,-0.6172014395887286,0));
#2759=FACE_SURFACE('',(#2764),#2760,.T.);
#2760=PLANE('',#2761);
#2761=AXIS2_PLACEMENT_3D('',#142,#2762,#2763);
#2762=DIRECTION('',(0,0,1));
#2763=DIRECTION('',(-0.7868051747221805,0.6172014395887286,0));
#2764=FACE_BOUND('',#2765,.T.);
#2765=EDGE_LOOP('',(#2766,#2767,#2768));
#2766=ORIENTED_EDGE('',*,*,#2769,.T.);
#2767=ORIENTED_EDGE('',*,*,#2770,.T.);
#2768=ORIENTED_EDGE('',*,*,#2771,.T.);
#2769=EDGE_CURVE('',#143,#65,#2772,.F.);
#2770=EDGE_CURVE('',#65,#141,#2773,.T.);
#2771=EDGE_CURVE('',#141,#143,#2774,.T.);
#2772=LINE('',#142,#2775);
#2773=LINE('',#64,#2776);
#2774=LINE('',#140,#2777);
#2775=VECTOR('',#2778,1.0);
#2776=VECTOR('',#2779,1.0);
#2777=VECTOR('',#2780,1.0);
#2778=DIRECTION('',(-0.7868051747221805,0.6172014395887286,0));
#2779=DIRECTION('',(-0.4324364666857928,-0.9016644066837213,0));
#2780=DIRECTION('',(0.8660254076703447,-0.49999999326941325,0));
#2781=FACE_SURFACE('',(#2786),#2782,.T.);
#2782=PLANE('',#2783);
#2783=AXIS2_PLACEMENT_3D('',#140,#2784,#2785);
#2784=DIRECTION('',(0,-0,1));
#2785=DIRECTION('',(0.4324364666857928,0.9016644066837213,0));
#2786=FACE_BOUND('',#2787,.T.);
#2787=EDGE_LOOP('',(#2788,#2789,#2790));
#2788=ORIENTED_EDGE('',*,*,#2791,.T.);
#2789=ORIENTED_EDGE('',*,*,#2792,.T.);
#2790=ORIENTED_EDGE('',*,*,#2793,.T.);
#2791=EDGE_CURVE('',#141,#65,#2794,.F.);
#2792=EDGE_CURVE('',#65,#73,#2795,.T.);
#2793=EDGE_CURVE('',#73,#141,#2796,.T.);
#2794=LINE('',#140,#2797);
#2795=LINE('',#64,#2798);
#2796=LINE('',#72,#2799);
#2797=VECTOR('',#2800,1.0);
#2798=VECTOR('',#2801,1.0);
#2799=VECTOR('',#2802,1.0);
#2800=DIRECTION('',(0.4324364666857928,0.9016644066837213,0));
#2801=DIRECTION('',(-0.9999910104628971,0.0042401643121524986,0));
#2802=DIRECTION('',(0.4310107392930807,-0.9023467973091234,0));
#2803=FACE_SURFACE('',(#2808),#2804,.T.);
#2804=PLANE('',#2805);
#2805=AXIS2_PLACEMENT_3D('',#140,#2806,#2807);
#2806=DIRECTION('',(0,0,1));
#2807=DIRECTION('',(-0.4310107392930807,0.9023467973091234,0));
#2808=FACE_BOUND('',#2809,.T.);
#2809=EDGE_LOOP('',(#2810,#2811,#2812));
#2810=ORIENTED_EDGE('',*,*,#2813,.T.);
#2811=ORIENTED_EDGE('',*,*,#2814,.T.);
#2812=ORIENTED_EDGE('',*,*,#2815,.T.);
#2813=EDGE_CURVE('',#141,#73,#2816,.F.);
#2814=EDGE_CURVE('',#73,#147,#2817,.T.);
#2815=EDGE_CURVE('',#147,#141,#2818,.T.);
#2816=LINE('',#140,#2819);
#2817=LINE('',#72,#2820);
#2818=LINE('',#146,#2821);
#2819=VECTOR('',#2822,1.0);
#2820=VECTOR('',#2823,1.0);
#2821=VECTOR('',#2824,1.0);
#2822=DIRECTION('',(-0.4310107392930807,0.9023467973091234,0));
#2823=DIRECTION('',(-0.7865531563587287,-0.6175225762853707,0));
#2824=DIRECTION('',(0.8660254076703447,0.499999993269413,0));
#2825=FACE_SURFACE('',(#2830),#2826,.T.);
#2826=PLANE('',#2827);
#2827=AXIS2_PLACEMENT_3D('',#146,#2828,#2829);
#2828=DIRECTION('',(0,-0,1));
#2829=DIRECTION('',(0.7865531563587287,0.6175225762853707,0));
#2830=FACE_BOUND('',#2831,.T.);
#2831=EDGE_LOOP('',(#2832,#2833,#2834));
#2832=ORIENTED_EDGE('',*,*,#2835,.T.);
#2833=ORIENTED_EDGE('',*,*,#2836,.T.);
#2834=ORIENTED_EDGE('',*,*,#2837,.T.);
#2835=EDGE_CURVE('',#147,#73,#2838,.F.);
#2836=EDGE_CURVE('',#73,#81,#2839,.T.);
#2837=EDGE_CURVE('',#81,#147,#2840,.T.);
#2838=LINE('',#146,#2841);
#2839=LINE('',#72,#2842);
#2840=LINE('',#80,#2843);
#2841=VECTOR('',#2844,1.0);
#2842=VECTOR('',#2845,1.0);
#2843=VECTOR('',#2846,1.0);
#2844=DIRECTION('',(0.7865531563587287,0.6175225762853707,0));
#2845=DIRECTION('',(-0.865800834558236,-0.5003887637410159,0));
#2846=DIRECTION('',(0.5646462127895412,-0.8253330566398198,0));
#2847=FACE_SURFACE('',(#2852),#2848,.T.);
#2848=PLANE('',#2849);
#2849=AXIS2_PLACEMENT_3D('',#146,#2850,#2851);
#2850=DIRECTION('',(0,0,1));
#2851=DIRECTION('',(-0.5646462127895412,0.8253330566398198,0));
#2852=FACE_BOUND('',#2853,.T.);
#2853=EDGE_LOOP('',(#2854,#2855,#2856));
#2854=ORIENTED_EDGE('',*,*,#2857,.T.);
#2855=ORIENTED_EDGE('',*,*,#2858,.T.);
#2856=ORIENTED_EDGE('',*,*,#2859,.T.);
#2857=EDGE_CURVE('',#147,#81,#2860,.F.);
#2858=EDGE_CURVE('',#81,#121,#2861,.T.);
#2859=EDGE_CURVE('',#121,#147,#2862,.T.);
#2860=LINE('',#146,#2863);
#2861=LINE('',#80,#2864);
#2862=LINE('',#120,#2865);
#2863=VECTOR('',#2866,1.0);
#2864=VECTOR('',#2867,1.0);
#2865=VECTOR('',#2868,1.0);
#2866=DIRECTION('',(-0.5646462127895412,0.8253330566398198,0));
#2867=DIRECTION('',(-0.5036673011884839,-0.8638977078992102,0));
#2868=DIRECTION('',(0.9969606191326341,-0.07790714921414435,0));
#2869=FACE_SURFACE('',(#2874),#2870,.T.);
#2870=PLANE('',#2871);
#2871=AXIS2_PLACEMENT_3D('',#120,#2872,#2873);
#2872=DIRECTION('',(0,0,1));
#2873=DIRECTION('',(0.5036673011884839,0.8638977078992102,0));
#2874=FACE_BOUND('',#2875,.T.);
#2875=EDGE_LOOP('',(#2876,#2877,#2878));
#2876=ORIENTED_EDGE('',*,*,#2879,.T.);
#2877=ORIENTED_EDGE('',*,*,#2880,.T.);
#2878=ORIENTED_EDGE('',*,*,#2881,.T.);
#2879=EDGE_CURVE('',#121,#81,#2882,.F.);
#2880=EDGE_CURVE('',#81,#85,#2883,.T.);
#2881=EDGE_CURVE('',#85,#121,#2884,.T.);
#2882=LINE('',#120,#2885);
#2883=LINE('',#80,#2886);
#2884=LINE('',#84,#2887);
#2885=VECTOR('',#2888,1.0);
#2886=VECTOR('',#2889,1.0);
#2887=VECTOR('',#2890,1.0);
#2888=DIRECTION('',(0.5036673011884839,0.8638977078992102,0));
#2889=DIRECTION('',(-0.8660253048948757,0.5000001712817082,0));
#2890=DIRECTION('',(-0.03528752220063694,-0.9993772014494525,0));
#2891=FACE_SURFACE('',(#2896),#2892,.T.);
#2892=PLANE('',#2893);
#2893=AXIS2_PLACEMENT_3D('',#120,#2894,#2895);
#2894=DIRECTION('',(0,-0,1));
#2895=DIRECTION('',(0.03528752220063694,0.9993772014494525,0));
#2896=FACE_BOUND('',#2897,.T.);
#2897=EDGE_LOOP('',(#2898,#2899,#2900));
#2898=ORIENTED_EDGE('',*,*,#2901,.T.);
#2899=ORIENTED_EDGE('',*,*,#2902,.T.);
#2900=ORIENTED_EDGE('',*,*,#2903,.T.);
#2901=EDGE_CURVE('',#121,#85,#2904,.F.);
#2902=EDGE_CURVE('',#85,#123,#2905,.T.);
#2903=EDGE_CURVE('',#123,#121,#2906,.T.);
#2904=LINE('',#120,#2907);
#2905=LINE('',#84,#2908);
#2906=LINE('',#122,#2909);
#2907=VECTOR('',#2910,1.0);
#2908=VECTOR('',#2911,1.0);
#2909=VECTOR('',#2912,1.0);
#2910=DIRECTION('',(0.03528752220063694,0.9993772014494525,0));
#2911=DIRECTION('',(-0.5000003447648079,-0.8660252047342925,0));
#2912=DIRECTION('',(0.8660254066184653,-0.4999999950913217,0));
#2913=FACE_SURFACE('',(#2918),#2914,.T.);
#2914=PLANE('',#2915);
#2915=AXIS2_PLACEMENT_3D('',#64,#2916,#2917);
#2916=DIRECTION('',(0,-0,1));
#2917=DIRECTION('',(0,1,0));
#2918=FACE_BOUND('',#2919,.T.);
#2919=EDGE_LOOP('',(#2920,#2921,#2922));
#2920=ORIENTED_EDGE('',*,*,#2923,.T.);
#2921=ORIENTED_EDGE('',*,*,#2924,.T.);
#2922=ORIENTED_EDGE('',*,*,#2925,.T.);
#2923=EDGE_CURVE('',#65,#69,#2926,.F.);
#2924=EDGE_CURVE('',#69,#73,#2927,.T.);
#2925=EDGE_CURVE('',#73,#65,#2928,.T.);
#2926=LINE('',#64,#2929);
#2927=LINE('',#68,#2930);
#2928=LINE('',#72,#2931);
#2929=VECTOR('',#2932,1.0);
#2930=VECTOR('',#2933,1.0);
#2931=VECTOR('',#2934,1.0);
#2932=DIRECTION('',(0,1,0));
#2933=DIRECTION('',(-0.8831298774350218,-0.46912857468033564,0));
#2934=DIRECTION('',(0.9999910104628971,-0.0042401643121524986,0));
#2935=FACE_SURFACE('',(#2940),#2936,.T.);
#2936=PLANE('',#2937);
#2937=AXIS2_PLACEMENT_3D('',#96,#2938,#2939);
#2938=DIRECTION('',(0,0,1));
#2939=DIRECTION('',(0,-1,0));
#2940=FACE_BOUND('',#2941,.T.);
#2941=EDGE_LOOP('',(#2942,#2943,#2944));
#2942=ORIENTED_EDGE('',*,*,#2945,.T.);
#2943=ORIENTED_EDGE('',*,*,#2946,.T.);
#2944=ORIENTED_EDGE('',*,*,#2947,.T.);
#2945=EDGE_CURVE('',#97,#101,#2948,.F.);
#2946=EDGE_CURVE('',#101,#41,#2949,.T.);
#2947=EDGE_CURVE('',#41,#97,#2950,.T.);
#2948=LINE('',#96,#2951);
#2949=LINE('',#100,#2952);
#2950=LINE('',#40,#2953);
#2951=VECTOR('',#2954,1.0);
#2952=VECTOR('',#2955,1.0);
#2953=VECTOR('',#2956,1.0);
#2954=DIRECTION('',(0,-1,0));
#2955=DIRECTION('',(0.8831298774350218,0.46912857468033564,0));
#2956=DIRECTION('',(-0.9999910104628971,0.0042401643121524986,0));
#2957=FACE_SURFACE('',(#2962),#2958,.T.);
#2958=PLANE('',#2959);
#2959=AXIS2_PLACEMENT_3D('',#100,#2960,#2961);
#2960=DIRECTION('',(0,0,1));
#2961=DIRECTION('',(-0.8660254098145522,0.49999998955553676,0));
#2962=FACE_BOUND('',#2963,.T.);
#2963=EDGE_LOOP('',(#2964,#2965,#2966));
#2964=ORIENTED_EDGE('',*,*,#2967,.T.);
#2965=ORIENTED_EDGE('',*,*,#2968,.T.);
#2966=ORIENTED_EDGE('',*,*,#2969,.T.);
#2967=EDGE_CURVE('',#101,#91,#2970,.F.);
#2968=EDGE_CURVE('',#91,#165,#2971,.T.);
#2969=EDGE_CURVE('',#165,#101,#2972,.T.);
#2970=LINE('',#100,#2973);
#2971=LINE('',#90,#2974);
#2972=LINE('',#164,#2975);
#2973=VECTOR('',#2976,1.0);
#2974=VECTOR('',#2977,1.0);
#2975=VECTOR('',#2978,1.0);
#2976=DIRECTION('',(-0.8660254098145522,0.49999998955553676,0));
#2977=DIRECTION('',(0.8535145381043692,-0.5210690292509098,0));
#2978=DIRECTION('',(-0.6691064006325064,0.7431666196975023,0));
#2979=FACE_SURFACE('',(#2984),#2980,.T.);
#2980=PLANE('',#2981);
#2981=AXIS2_PLACEMENT_3D('',#164,#2982,#2983);
#2982=DIRECTION('',(0,0,1));
#2983=DIRECTION('',(-0.8535145381043692,0.5210690292509098,0));
#2984=FACE_BOUND('',#2985,.T.);
#2985=EDGE_LOOP('',(#2986,#2987,#2988));
#2986=ORIENTED_EDGE('',*,*,#2989,.T.);
#2987=ORIENTED_EDGE('',*,*,#2990,.T.);
#2988=ORIENTED_EDGE('',*,*,#2991,.T.);
#2989=EDGE_CURVE('',#165,#91,#2992,.F.);
#2990=EDGE_CURVE('',#91,#171,#2993,.T.);
#2991=EDGE_CURVE('',#171,#165,#2994,.T.);
#2992=LINE('',#164,#2995);
#2993=LINE('',#90,#2996);
#2994=LINE('',#170,#2997);
#2995=VECTOR('',#2998,1.0);
#2996=VECTOR('',#2999,1.0);
#2997=VECTOR('',#3000,1.0);
#2998=DIRECTION('',(-0.8535145381043692,0.5210690292509098,0));
#2999=DIRECTION('',(-0.9781543338955452,0.207880011259771,0));
#3000=DIRECTION('',(0.866025393189473,-0.5000000183510183,0));
#3001=FACE_SURFACE('',(#3006),#3002,.T.);
#3002=PLANE('',#3003);
#3003=AXIS2_PLACEMENT_3D('',#158,#3004,#3005);
#3004=DIRECTION('',(-0,0,1));
#3005=DIRECTION('',(0.9969606191326341,-0.07790714921414435,0));
#3006=FACE_BOUND('',#3007,.T.);
#3007=EDGE_LOOP('',(#3008,#3009,#3010));
#3008=ORIENTED_EDGE('',*,*,#3011,.T.);
#3009=ORIENTED_EDGE('',*,*,#3012,.T.);
#3010=ORIENTED_EDGE('',*,*,#3013,.T.);
#3011=EDGE_CURVE('',#159,#105,#3014,.F.);
#3012=EDGE_CURVE('',#105,#143,#3015,.T.);
#3013=EDGE_CURVE('',#143,#159,#3016,.T.);
#3014=LINE('',#158,#3017);
#3015=LINE('',#104,#3018);
#3016=LINE('',#142,#3019);
#3017=VECTOR('',#3020,1.0);
#3018=VECTOR('',#3021,1.0);
#3019=VECTOR('',#3022,1.0);
#3020=DIRECTION('',(0.9969606191326341,-0.07790714921414435,0));
#3021=DIRECTION('',(-0.14151365763964402,0.9899363033556501,0));
#3022=DIRECTION('',(0,-1,0));
#3023=FACE_SURFACE('',(#3028),#3024,.T.);
#3024=PLANE('',#3025);
#3025=AXIS2_PLACEMENT_3D('',#142,#3026,#3027);
#3026=DIRECTION('',(-0,0,1));
#3027=DIRECTION('',(0.14151365763964402,-0.9899363033556501,0));
#3028=FACE_BOUND('',#3029,.T.);
#3029=EDGE_LOOP('',(#3030,#3031,#3032));
#3030=ORIENTED_EDGE('',*,*,#3033,.T.);
#3031=ORIENTED_EDGE('',*,*,#3034,.T.);
#3032=ORIENTED_EDGE('',*,*,#3035,.T.);
#3033=EDGE_CURVE('',#143,#105,#3036,.F.);
#3034=EDGE_CURVE('',#105,#113,#3037,.T.);
#3035=EDGE_CURVE('',#113,#143,#3038,.T.);
#3036=LINE('',#142,#3039);
#3037=LINE('',#104,#3040);
#3038=LINE('',#112,#3041);
#3039=VECTOR('',#3042,1.0);
#3040=VECTOR('',#3043,1.0);
#3041=VECTOR('',#3044,1.0);
#3042=DIRECTION('',(0.14151365763964402,-0.9899363033556501,0));
#3043=DIRECTION('',(-0.000448972090302239,0.9999998992120259,0));
#3044=DIRECTION('',(-0.997082515948685,-0.07633122814052241,0));
#3045=FACE_SURFACE('',(#3050),#3046,.T.);
#3046=PLANE('',#3047);
#3047=AXIS2_PLACEMENT_3D('',#146,#3048,#3049);
#3048=DIRECTION('',(0,0,1));
#3049=DIRECTION('',(-0.9969606191326341,0.07790714921414435,0));
#3050=FACE_BOUND('',#3051,.T.);
#3051=EDGE_LOOP('',(#3052,#3053,#3054));
#3052=ORIENTED_EDGE('',*,*,#3055,.T.);
#3053=ORIENTED_EDGE('',*,*,#3056,.T.);
#3054=ORIENTED_EDGE('',*,*,#3057,.T.);
#3055=EDGE_CURVE('',#147,#121,#3058,.F.);
#3056=EDGE_CURVE('',#121,#151,#3059,.T.);
#3057=EDGE_CURVE('',#151,#147,#3060,.T.);
#3058=LINE('',#146,#3061);
#3059=LINE('',#120,#3062);
#3060=LINE('',#150,#3063);
#3061=VECTOR('',#3064,1.0);
#3062=VECTOR('',#3065,1.0);
#3063=VECTOR('',#3066,1.0);
#3064=DIRECTION('',(-0.9969606191326341,0.07790714921414435,0));
#3065=DIRECTION('',(0.14151365763964402,-0.9899363033556501,0));
#3066=DIRECTION('',(0,1,0));
#3067=FACE_SURFACE('',(#3072),#3068,.T.);
#3068=PLANE('',#3069);
#3069=AXIS2_PLACEMENT_3D('',#150,#3070,#3071);
#3070=DIRECTION('',(0,0,1));
#3071=DIRECTION('',(-0.14151365763964402,0.9899363033556501,0));
#3072=FACE_BOUND('',#3073,.T.);
#3073=EDGE_LOOP('',(#3074,#3075,#3076));
#3074=ORIENTED_EDGE('',*,*,#3077,.T.);
#3075=ORIENTED_EDGE('',*,*,#3078,.T.);
#3076=ORIENTED_EDGE('',*,*,#3079,.T.);
#3077=EDGE_CURVE('',#151,#121,#3080,.F.);
#3078=EDGE_CURVE('',#121,#129,#3081,.T.);
#3079=EDGE_CURVE('',#129,#151,#3082,.T.);
#3080=LINE('',#150,#3083);
#3081=LINE('',#120,#3084);
#3082=LINE('',#128,#3085);
#3083=VECTOR('',#3086,1.0);
#3084=VECTOR('',#3087,1.0);
#3085=VECTOR('',#3088,1.0);
#3086=DIRECTION('',(-0.14151365763964402,0.9899363033556501,0));
#3087=DIRECTION('',(0.000448972090302239,-0.9999998992120259,0));
#3088=DIRECTION('',(0.997082515948685,0.07633122814052241,0));
#3089=FACE_SURFACE('',(#3094),#3090,.T.);
#3090=PLANE('',#3091);
#3091=AXIS2_PLACEMENT_3D('',#138,#3092,#3093);
#3092=DIRECTION('',(0,0,-1));
#3093=DIRECTION('',(0.19966748388503744,-0.9798637129106366,0));
#3094=FACE_BOUND('',#3095,.T.);
#3095=EDGE_LOOP('',(#3096,#3097,#3098));
#3096=ORIENTED_EDGE('',*,*,#3099,.T.);
#3097=ORIENTED_EDGE('',*,*,#3100,.T.);
#3098=ORIENTED_EDGE('',*,*,#3101,.T.);
#3099=EDGE_CURVE('',#139,#163,#3102,.F.);
#3100=EDGE_CURVE('',#163,#157,#3103,.T.);
#3101=EDGE_CURVE('',#157,#139,#3104,.T.);
#3102=LINE('',#138,#3105);
#3103=LINE('',#162,#3106);
#3104=LINE('',#156,#3107);
#3105=VECTOR('',#3108,1.0);
#3106=VECTOR('',#3109,1.0);
#3107=VECTOR('',#3110,1.0);
#3108=DIRECTION('',(0.19966748388503744,-0.9798637129106366,0));
#3109=DIRECTION('',(-0.8660253388861999,0.5000001124070301,0));
#3110=DIRECTION('',(0,1,0));
#3111=FACE_SURFACE('',(#3116),#3112,.T.);
#3112=PLANE('',#3113);
#3113=AXIS2_PLACEMENT_3D('',#156,#3114,#3115);
#3114=DIRECTION('',(0,-0,-1));
#3115=DIRECTION('',(0.8660253388861999,-0.5000001124070301,0));
#3116=FACE_BOUND('',#3117,.T.);
#3117=EDGE_LOOP('',(#3118,#3119,#3120));
#3118=ORIENTED_EDGE('',*,*,#3121,.T.);
#3119=ORIENTED_EDGE('',*,*,#3122,.T.);
#3120=ORIENTED_EDGE('',*,*,#3123,.T.);
#3121=EDGE_CURVE('',#157,#163,#3124,.F.);
#3122=EDGE_CURVE('',#163,#161,#3125,.T.);
#3123=EDGE_CURVE('',#161,#157,#3126,.T.);
#3124=LINE('',#156,#3127);
#3125=LINE('',#162,#3128);
#3126=LINE('',#160,#3129);
#3127=VECTOR('',#3130,1.0);
#3128=VECTOR('',#3131,1.0);
#3129=VECTOR('',#3132,1.0);
#3130=DIRECTION('',(0.8660253388861999,-0.5000001124070301,0));
#3131=DIRECTION('',(-0.8660253931894735,-0.5000000183510175,0));
#3132=DIRECTION('',(0.7487530927160597,0.6628490070507277,0));
#3133=FACE_SURFACE('',(#3138),#3134,.T.);
#3134=PLANE('',#3135);
#3135=AXIS2_PLACEMENT_3D('',#156,#3136,#3137);
#3136=DIRECTION('',(0,0,-1));
#3137=DIRECTION('',(-0.7487530927160597,-0.6628490070507277,0));
#3138=FACE_BOUND('',#3139,.T.);
#3139=EDGE_LOOP('',(#3140,#3141,#3142));
#3140=ORIENTED_EDGE('',*,*,#3143,.T.);
#3141=ORIENTED_EDGE('',*,*,#3144,.T.);
#3142=ORIENTED_EDGE('',*,*,#3145,.T.);
#3143=EDGE_CURVE('',#157,#161,#3146,.F.);
#3144=EDGE_CURVE('',#161,#153,#3147,.T.);
#3145=EDGE_CURVE('',#153,#157,#3148,.T.);
#3146=LINE('',#156,#3149);
#3147=LINE('',#160,#3150);
#3148=LINE('',#152,#3151);
#3149=VECTOR('',#3152,1.0);
#3150=VECTOR('',#3153,1.0);
#3151=VECTOR('',#3154,1.0);
#3152=DIRECTION('',(-0.7487530927160597,-0.6628490070507277,0));
#3153=DIRECTION('',(1.502314237960224E-15,1,0));
#3154=DIRECTION('',(0.8660254076703449,0.4999999932694129,0));
#3155=FACE_SURFACE('',(#3160),#3156,.T.);
#3156=PLANE('',#3157);
#3157=AXIS2_PLACEMENT_3D('',#152,#3158,#3159);
#3158=DIRECTION('',(-0,0,-1));
#3159=DIRECTION('',(-1.502314237960224E-15,-1,0));
#3160=FACE_BOUND('',#3161,.T.);
#3161=EDGE_LOOP('',(#3162,#3163,#3164));
#3162=ORIENTED_EDGE('',*,*,#3165,.T.);
#3163=ORIENTED_EDGE('',*,*,#3166,.T.);
#3164=ORIENTED_EDGE('',*,*,#3167,.T.);
#3165=EDGE_CURVE('',#153,#161,#3168,.F.);
#3166=EDGE_CURVE('',#161,#149,#3169,.T.);
#3167=EDGE_CURVE('',#149,#153,#3170,.T.);
#3168=LINE('',#152,#3171);
#3169=LINE('',#160,#3172);
#3170=LINE('',#148,#3173);
#3171=VECTOR('',#3174,1.0);
#3172=VECTOR('',#3175,1.0);
#3173=VECTOR('',#3176,1.0);
#3174=DIRECTION('',(-1.502314237960224E-15,-1,0));
#3175=DIRECTION('',(-0.7487530927160589,0.6628490070507286,0));
#3176=DIRECTION('',(0.8660254076703445,-0.49999999326941336,0));
#3177=FACE_SURFACE('',(#3182),#3178,.T.);
#3178=PLANE('',#3179);
#3179=AXIS2_PLACEMENT_3D('',#148,#3180,#3181);
#3180=DIRECTION('',(0,-0,-1));
#3181=DIRECTION('',(0.7487530927160589,-0.6628490070507286,0));
#3182=FACE_BOUND('',#3183,.T.);
#3183=EDGE_LOOP('',(#3184,#3185,#3186));
#3184=ORIENTED_EDGE('',*,*,#3187,.T.);
#3185=ORIENTED_EDGE('',*,*,#3188,.T.);
#3186=ORIENTED_EDGE('',*,*,#3189,.T.);
#3187=EDGE_CURVE('',#149,#161,#3190,.F.);
#3188=EDGE_CURVE('',#161,#169,#3191,.T.);
#3189=EDGE_CURVE('',#169,#149,#3192,.T.);
#3190=LINE('',#148,#3193);
#3191=LINE('',#160,#3194);
#3192=LINE('',#168,#3195);
#3193=VECTOR('',#3196,1.0);
#3194=VECTOR('',#3197,1.0);
#3195=VECTOR('',#3198,1.0);
#3196=DIRECTION('',(0.7487530927160589,-0.6628490070507286,0));
#3197=DIRECTION('',(-0.866025393189473,0.5000000183510183,0));
#3198=DIRECTION('',(0.8660253388861999,0.5000001124070301,0));
#3199=FACE_SURFACE('',(#3204),#3200,.T.);
#3200=PLANE('',#3201);
#3201=AXIS2_PLACEMENT_3D('',#148,#3202,#3203);
#3202=DIRECTION('',(-0,0,-1));
#3203=DIRECTION('',(-0.8660253388861999,-0.5000001124070301,0));
#3204=FACE_BOUND('',#3205,.T.);
#3205=EDGE_LOOP('',(#3206,#3207,#3208));
#3206=ORIENTED_EDGE('',*,*,#3209,.T.);
#3207=ORIENTED_EDGE('',*,*,#3210,.T.);
#3208=ORIENTED_EDGE('',*,*,#3211,.T.);
#3209=EDGE_CURVE('',#149,#169,#3212,.F.);
#3210=EDGE_CURVE('',#169,#145,#3213,.T.);
#3211=EDGE_CURVE('',#145,#149,#3214,.T.);
#3212=LINE('',#148,#3215);
#3213=LINE('',#168,#3216);
#3214=LINE('',#144,#3217);
#3215=VECTOR('',#3218,1.0);
#3216=VECTOR('',#3219,1.0);
#3217=VECTOR('',#3220,1.0);
#3218=DIRECTION('',(-0.8660253388861999,-0.5000001124070301,0));
#3219=DIRECTION('',(0.19966748388503744,0.9798637129106366,0));
#3220=DIRECTION('',(0,-1,0));
#3221=FACE_SURFACE('',(#3226),#3222,.T.);
#3222=PLANE('',#3223);
#3223=AXIS2_PLACEMENT_3D('',#144,#3224,#3225);
#3224=DIRECTION('',(-0,0,-1));
#3225=DIRECTION('',(-0.19966748388503744,-0.9798637129106366,0));
#3226=FACE_BOUND('',#3227,.T.);
#3227=EDGE_LOOP('',(#3228,#3229,#3230));
#3228=ORIENTED_EDGE('',*,*,#3231,.T.);
#3229=ORIENTED_EDGE('',*,*,#3232,.T.);
#3230=ORIENTED_EDGE('',*,*,#3233,.T.);
#3231=EDGE_CURVE('',#145,#169,#3234,.F.);
#3232=EDGE_CURVE('',#169,#173,#3235,.T.);
#3233=EDGE_CURVE('',#173,#145,#3236,.T.);
#3234=LINE('',#144,#3237);
#3235=LINE('',#168,#3238);
#3236=LINE('',#172,#3239);
#3237=VECTOR('',#3240,1.0);
#3238=VECTOR('',#3241,1.0);
#3239=VECTOR('',#3242,1.0);
#3240=DIRECTION('',(-0.19966748388503744,-0.9798637129106366,0));
#3241=DIRECTION('',(0,1,0));
#3242=DIRECTION('',(0.8660253388861999,-0.5000001124070301,0));
#3243=FACE_SURFACE('',(#3248),#3244,.T.);
#3244=PLANE('',#3245);
#3245=AXIS2_PLACEMENT_3D('',#144,#3246,#3247);
#3246=DIRECTION('',(0,0,-1));
#3247=DIRECTION('',(-0.8660253388861999,0.5000001124070301,0));
#3248=FACE_BOUND('',#3249,.T.);
#3249=EDGE_LOOP('',(#3250,#3251,#3252));
#3250=ORIENTED_EDGE('',*,*,#3253,.T.);
#3251=ORIENTED_EDGE('',*,*,#3254,.T.);
#3252=ORIENTED_EDGE('',*,*,#3255,.T.);
#3253=EDGE_CURVE('',#145,#173,#3256,.F.);
#3254=EDGE_CURVE('',#173,#177,#3257,.T.);
#3255=EDGE_CURVE('',#177,#145,#3258,.T.);
#3256=LINE('',#144,#3259);
#3257=LINE('',#172,#3260);
#3258=LINE('',#176,#3261);
#3259=VECTOR('',#3262,1.0);
#3260=VECTOR('',#3263,1.0);
#3261=VECTOR('',#3264,1.0);
#3262=DIRECTION('',(-0.8660253388861999,0.5000001124070301,0));
#3263=DIRECTION('',(0.8660253931894734,0.5000000183510178,0));
#3264=DIRECTION('',(-0.7487530927160594,-0.662849007050728,0));
#3265=FACE_SURFACE('',(#3270),#3266,.T.);
#3266=PLANE('',#3267);
#3267=AXIS2_PLACEMENT_3D('',#136,#3268,#3269);
#3268=DIRECTION('',(0,0,-1));
#3269=DIRECTION('',(3.004628475920448E-16,1,0));
#3270=FACE_BOUND('',#3271,.T.);
#3271=EDGE_LOOP('',(#3272,#3273,#3274));
#3272=ORIENTED_EDGE('',*,*,#3275,.T.);
#3273=ORIENTED_EDGE('',*,*,#3276,.T.);
#3274=ORIENTED_EDGE('',*,*,#3277,.T.);
#3275=EDGE_CURVE('',#137,#177,#3278,.F.);
#3276=EDGE_CURVE('',#177,#139,#3279,.T.);
#3277=EDGE_CURVE('',#139,#137,#3280,.T.);
#3278=LINE('',#136,#3281);
#3279=LINE('',#176,#3282);
#3280=LINE('',#138,#3283);
#3281=VECTOR('',#3284,1.0);
#3282=VECTOR('',#3285,1.0);
#3283=VECTOR('',#3286,1.0);
#3284=DIRECTION('',(3.004628475920448E-16,1,0));
#3285=DIRECTION('',(0.7487530927160593,-0.6628490070507284,0));
#3286=DIRECTION('',(-0.8660254076703447,0.49999999326941325,0));
#3287=FACE_SURFACE('',(#3292),#3288,.T.);
#3288=PLANE('',#3289);
#3289=AXIS2_PLACEMENT_3D('',#138,#3290,#3291);
#3290=DIRECTION('',(0,0,-1));
#3291=DIRECTION('',(-0.7487530927160593,0.6628490070507284,0));
#3292=FACE_BOUND('',#3293,.T.);
#3293=EDGE_LOOP('',(#3294,#3295,#3296));
#3294=ORIENTED_EDGE('',*,*,#3297,.T.);
#3295=ORIENTED_EDGE('',*,*,#3298,.T.);
#3296=ORIENTED_EDGE('',*,*,#3299,.T.);
#3297=EDGE_CURVE('',#139,#177,#3300,.F.);
#3298=EDGE_CURVE('',#177,#181,#3301,.T.);
#3299=EDGE_CURVE('',#181,#139,#3302,.T.);
#3300=LINE('',#138,#3303);
#3301=LINE('',#176,#3304);
#3302=LINE('',#180,#3305);
#3303=VECTOR('',#3306,1.0);
#3304=VECTOR('',#3307,1.0);
#3305=VECTOR('',#3308,1.0);
#3306=DIRECTION('',(-0.7487530927160593,0.6628490070507284,0));
#3307=DIRECTION('',(0.8660253931894731,-0.5000000183510179,0));
#3308=DIRECTION('',(-0.8660253388861999,-0.5000001124070301,0));
#3309=FACE_SURFACE('',(#3314),#3310,.T.);
#3310=PLANE('',#3311);
#3311=AXIS2_PLACEMENT_3D('',#138,#3312,#3313);
#3312=DIRECTION('',(0,0,-1));
#3313=DIRECTION('',(0.8660253388861999,0.5000001124070301,0));
#3314=FACE_BOUND('',#3315,.T.);
#3315=EDGE_LOOP('',(#3316,#3317,#3318));
#3316=ORIENTED_EDGE('',*,*,#3319,.T.);
#3317=ORIENTED_EDGE('',*,*,#3320,.T.);
#3318=ORIENTED_EDGE('',*,*,#3321,.T.);
#3319=EDGE_CURVE('',#139,#181,#3322,.F.);
#3320=EDGE_CURVE('',#181,#163,#3323,.T.);
#3321=EDGE_CURVE('',#163,#139,#3324,.T.);
#3322=LINE('',#138,#3325);
#3323=LINE('',#180,#3326);
#3324=LINE('',#162,#3327);
#3325=VECTOR('',#3328,1.0);
#3326=VECTOR('',#3329,1.0);
#3327=VECTOR('',#3330,1.0);
#3328=DIRECTION('',(0.8660253388861999,0.5000001124070301,0));
#3329=DIRECTION('',(0,-1,0));
#3330=DIRECTION('',(-0.19966748388503744,0.9798637129106366,0));
#3331=FACE_SURFACE('',(#3336),#3332,.T.);
#3332=PLANE('',#3333);
#3333=AXIS2_PLACEMENT_3D('',#136,#3334,#3335);
#3334=DIRECTION('',(-0,0,-1));
#3335=DIRECTION('',(-0.8660254076703447,-0.499999993269413,0));
#3336=FACE_BOUND('',#3337,.T.);
#3337=EDGE_LOOP('',(#3338,#3339,#3340));
#3338=ORIENTED_EDGE('',*,*,#3341,.T.);
#3339=ORIENTED_EDGE('',*,*,#3342,.T.);
#3340=ORIENTED_EDGE('',*,*,#3343,.T.);
#3341=EDGE_CURVE('',#137,#145,#3344,.F.);
#3342=EDGE_CURVE('',#145,#177,#3345,.T.);
#3343=EDGE_CURVE('',#177,#137,#3346,.T.);
#3344=LINE('',#136,#3347);
#3345=LINE('',#144,#3348);
#3346=LINE('',#176,#3349);
#3347=VECTOR('',#3350,1.0);
#3348=VECTOR('',#3351,1.0);
#3349=VECTOR('',#3352,1.0);
#3350=DIRECTION('',(-0.8660254076703447,-0.499999993269413,0));
#3351=DIRECTION('',(0.7487530927160594,0.662849007050728,0));
#3352=DIRECTION('',(-3.004628475920448E-16,-1,0));
ENDSEC;
END-ISO-10303-21;
