ISO-10303-21;
HEADER;

/* File generated by Shapr3D Version 26.0.10296.0 */

FILE_DESCRIPTION(('HOOPS Exchange Step'),'2;1');

FILE_NAME('C:\\Users\\acer\\AppData\\Local\\Packages\\Shapr3D.Shapr3D_dvv5p1vgwv6mp\\TempState\\export\\temp_export',
'2026-02-02T21:01:10+01:00',
('acer'),
('Shapr3D Limited'),
'HOOPS Exchange 2025.9',
'Shapr3D',
'Authorized');

FILE_SCHEMA( ('AP242_MANAGED_MODEL_BASED_3D_ENGINEERING_MIM_LF {1 0 10303 442 1 1 4}') );

ENDSEC;

DATA;
#3=(NAMED_UNIT(*)PLANE_ANGLE_UNIT()SI_UNIT($,.RADIAN.));
#4=PLANE_ANGLE_MEASURE_WITH_UNIT(PLANE_ANGLE_MEASURE(0.0174532925),#3);
#5=(CONVERSION_BASED_UNIT('DEGREE',#4)NAMED_UNIT(#6)PLANE_ANGLE_UNIT());
#6=DIMENSIONAL_EXPONENTS(0.,0.,0.,0.,0.,0.,0.);
#7=(NAMED_UNIT(*)SI_UNIT($,.STERADIAN.)SOLID_ANGLE_UNIT());
#8=(LENGTH_UNIT()NAMED_UNIT(*)SI_UNIT(.MILLI.,.METRE.));
#9=UNCERTAINTY_MEASURE_WITH_UNIT(LENGTH_MEASURE(1.000000E-03),#8,'DISTANCE_ACCURACY_VALUE','Maximum Tolerance applied to model');
#10=(GEOMETRIC_REPRESENTATION_CONTEXT(3)GLOBAL_UNCERTAINTY_ASSIGNED_CONTEXT((#9))GLOBAL_UNIT_ASSIGNED_CONTEXT((#8,#5,#7))REPRESENTATION_CONTEXT('','root'));
#12=CARTESIAN_POINT('',(0.,0.,0.));
#13=DIRECTION('',(0.,0.,1.));
#14=DIRECTION('',(1.,0.,0.));
#15=AXIS2_PLACEMENT_3D('',#12,#13,#14);
#26=(NAMED_UNIT(*)PLANE_ANGLE_UNIT()SI_UNIT($,.RADIAN.));
#27=PLANE_ANGLE_MEASURE_WITH_UNIT(PLANE_ANGLE_MEASURE(0.0174532925),#26);
#28=(CONVERSION_BASED_UNIT('DEGREE',#27)NAMED_UNIT(#29)PLANE_ANGLE_UNIT());
#29=DIMENSIONAL_EXPONENTS(0.,0.,0.,0.,0.,0.,0.);
#30=(NAMED_UNIT(*)SI_UNIT($,.STERADIAN.)SOLID_ANGLE_UNIT());
#31=(LENGTH_UNIT()NAMED_UNIT(*)SI_UNIT(.MILLI.,.METRE.));
#32=UNCERTAINTY_MEASURE_WITH_UNIT(LENGTH_MEASURE(1.000000E-03),#31,'DISTANCE_ACCURACY_VALUE','Maximum Tolerance applied to model');
#33=(GEOMETRIC_REPRESENTATION_CONTEXT(3)GLOBAL_UNCERTAINTY_ASSIGNED_CONTEXT((#32))GLOBAL_UNIT_ASSIGNED_CONTEXT((#31,#28,#30))REPRESENTATION_CONTEXT('','S\S\dule Short'));
#45=CARTESIAN_POINT('',(0.,0.,0.));
#46=DIRECTION('',(0.,0.,1.));
#47=DIRECTION('',(1.,0.,-0.));
#48=AXIS2_PLACEMENT_3D('',#45,#46,#47);
#49=ITEM_DEFINED_TRANSFORMATION('','',#48,#15);
#50=(REPRESENTATION_RELATIONSHIP('','',#35,#16)REPRESENTATION_RELATIONSHIP_WITH_TRANSFORMATION(#49)SHAPE_REPRESENTATION_RELATIONSHIP());
#51=NEXT_ASSEMBLY_USAGE_OCCURRENCE('S\S\dule Short_1','S\S\dule Short','S\S\dule Short',#25,#44,$);
#52=PRODUCT_DEFINITION_SHAPE('','',#51);
#53=CONTEXT_DEPENDENT_SHAPE_REPRESENTATION(#50,#52);
#54=(NAMED_UNIT(*)PLANE_ANGLE_UNIT()SI_UNIT($,.RADIAN.));
#55=PLANE_ANGLE_MEASURE_WITH_UNIT(PLANE_ANGLE_MEASURE(0.0174532925),#54);
#56=(CONVERSION_BASED_UNIT('DEGREE',#55)NAMED_UNIT(#57)PLANE_ANGLE_UNIT());
#57=DIMENSIONAL_EXPONENTS(0.,0.,0.,0.,0.,0.,0.);
#58=(NAMED_UNIT(*)SI_UNIT($,.STERADIAN.)SOLID_ANGLE_UNIT());
#59=(LENGTH_UNIT()NAMED_UNIT(*)SI_UNIT(.MILLI.,.METRE.));
#60=UNCERTAINTY_MEASURE_WITH_UNIT(LENGTH_MEASURE(1.000000E-03),#59,'DISTANCE_ACCURACY_VALUE','Maximum Tolerance applied to model');
#61=(GEOMETRIC_REPRESENTATION_CONTEXT(3)GLOBAL_UNCERTAINTY_ASSIGNED_CONTEXT((#60))GLOBAL_UNIT_ASSIGNED_CONTEXT((#59,#56,#58))REPRESENTATION_CONTEXT('','Gewindehalter.step'));
#73=CARTESIAN_POINT('',(0.,0.,0.));
#74=DIRECTION('',(0.,0.,1.));
#75=DIRECTION('',(1.,0.,-0.));
#76=AXIS2_PLACEMENT_3D('',#73,#74,#75);
#77=ITEM_DEFINED_TRANSFORMATION('','',#76,#15);
#78=(REPRESENTATION_RELATIONSHIP('','',#63,#35)REPRESENTATION_RELATIONSHIP_WITH_TRANSFORMATION(#77)SHAPE_REPRESENTATION_RELATIONSHIP());
#79=NEXT_ASSEMBLY_USAGE_OCCURRENCE('Gewindehalter.step_2','Gewindehalter.step','Gewindehalter.step',#44,#72,$);
#80=PRODUCT_DEFINITION_SHAPE('','',#79);
#81=CONTEXT_DEPENDENT_SHAPE_REPRESENTATION(#78,#80);
#82=(NAMED_UNIT(*)PLANE_ANGLE_UNIT()SI_UNIT($,.RADIAN.));
#83=PLANE_ANGLE_MEASURE_WITH_UNIT(PLANE_ANGLE_MEASURE(0.0174532925),#82);
#84=(CONVERSION_BASED_UNIT('DEGREE',#83)NAMED_UNIT(#85)PLANE_ANGLE_UNIT());
#85=DIMENSIONAL_EXPONENTS(0.,0.,0.,0.,0.,0.,0.);
#86=(NAMED_UNIT(*)SI_UNIT($,.STERADIAN.)SOLID_ANGLE_UNIT());
#87=(LENGTH_UNIT()NAMED_UNIT(*)SI_UNIT(.MILLI.,.METRE.));
#88=UNCERTAINTY_MEASURE_WITH_UNIT(LENGTH_MEASURE(1.000000E-05),#87,'DISTANCE_ACCURACY_VALUE','Maximum Tolerance applied to model');
#89=(GEOMETRIC_REPRESENTATION_CONTEXT(3)GLOBAL_UNCERTAINTY_ASSIGNED_CONTEXT((#88))GLOBAL_UNIT_ASSIGNED_CONTEXT((#87,#84,#86))REPRESENTATION_CONTEXT('','Kleinkopffu\S\_'));
#101=CARTESIAN_POINT('',(0.,0.,0.));
#102=DIRECTION('',(0.,0.,1.));
#103=DIRECTION('',(1.,0.,-0.));
#104=AXIS2_PLACEMENT_3D('',#101,#102,#103);
#105=ITEM_DEFINED_TRANSFORMATION('','',#104,#15);
#106=(REPRESENTATION_RELATIONSHIP('','',#91,#63)REPRESENTATION_RELATIONSHIP_WITH_TRANSFORMATION(#105)SHAPE_REPRESENTATION_RELATIONSHIP());
#107=NEXT_ASSEMBLY_USAGE_OCCURRENCE('Kleinkopffu\S\__3','Kleinkopffu\S\_','Kleinkopffu\S\_',#72,#100,$);
#108=PRODUCT_DEFINITION_SHAPE('','',#107);
#109=CONTEXT_DEPENDENT_SHAPE_REPRESENTATION(#106,#108);
#111=CARTESIAN_POINT('',(437.286189904,715.963060275,127.4));
#112=DIRECTION('',(1.,-0.,0.));
#113=DIRECTION('',(0.,0.,-1.));
#114=AXIS2_PLACEMENT_3D('',#111,#112,#113);
#115=PLANE('',#114);
#116=CARTESIAN_POINT('',(437.286189904,718.069891169,75.102828066));
#117=VERTEX_POINT('',#116);
#118=CARTESIAN_POINT('',(437.286189904,719.538244378,75.102828067));
#119=VERTEX_POINT('',#118);
#120=CARTESIAN_POINT('',(437.286189904,718.069891169,75.102828066));
#121=DIRECTION('',(0.,1.,0.));
#122=VECTOR('',#121,1.468353209);
#123=LINE('',#120,#122);
#124=EDGE_CURVE('',#117,#119,#123,.T.);
#125=ORIENTED_EDGE('',*,*,#124,.T.);
#126=CARTESIAN_POINT('',(437.286189904,719.538244379,89.4));
#127=VERTEX_POINT('',#126);
#128=CARTESIAN_POINT('',(437.286189904,719.538244379,75.102828067));
#129=DIRECTION('',(0.,-0.,1.));
#130=VECTOR('',#129,14.297171933);
#131=LINE('',#128,#130);
#132=EDGE_CURVE('',#119,#127,#131,.T.);
#133=ORIENTED_EDGE('',*,*,#132,.T.);
#134=CARTESIAN_POINT('',(437.286189904,723.313060275,89.4));
#135=VERTEX_POINT('',#134);
#136=CARTESIAN_POINT('',(437.286189904,723.313060275,89.4));
#137=DIRECTION('',(-0.,-1.,0.));
#138=VECTOR('',#137,3.774815896);
#139=LINE('',#136,#138);
#140=EDGE_CURVE('',#135,#127,#139,.T.);
#141=ORIENTED_EDGE('',*,*,#140,.F.);
#142=CARTESIAN_POINT('',(437.286189904,723.313060275,9.4));
#143=VERTEX_POINT('',#142);
#144=CARTESIAN_POINT('',(437.286189904,723.313060275,89.4));
#145=DIRECTION('',(0.,0.,-1.));
#146=VECTOR('',#145,80.);
#147=LINE('',#144,#146);
#148=EDGE_CURVE('',#135,#143,#147,.T.);
#149=ORIENTED_EDGE('',*,*,#148,.T.);
#150=CARTESIAN_POINT('',(437.286189904,718.490905207,9.4));
#151=VERTEX_POINT('',#150);
#152=CARTESIAN_POINT('',(437.286189904,723.313060275,9.4));
#153=DIRECTION('',(-0.,-1.,-0.));
#154=VECTOR('',#153,4.822155068);
#155=LINE('',#152,#154);
#156=EDGE_CURVE('',#143,#151,#155,.T.);
#157=ORIENTED_EDGE('',*,*,#156,.T.);
#158=CARTESIAN_POINT('',(437.286189904,718.490905207,27.4));
#159=VERTEX_POINT('',#158);
#160=CARTESIAN_POINT('',(437.286189904,718.490905207,27.4));
#161=DIRECTION('',(0.,0.,-1.));
#162=VECTOR('',#161,18.);
#163=LINE('',#160,#162);
#164=EDGE_CURVE('',#159,#151,#163,.T.);
#165=ORIENTED_EDGE('',*,*,#164,.F.);
#166=CARTESIAN_POINT('',(437.286189904,713.435215343,27.4));
#167=VERTEX_POINT('',#166);
#168=CARTESIAN_POINT('',(437.286189904,718.490905207,27.4));
#169=DIRECTION('',(-0.,-1.,-0.));
#170=VECTOR('',#169,5.055689864);
#171=LINE('',#168,#170);
#172=EDGE_CURVE('',#159,#167,#171,.T.);
#173=ORIENTED_EDGE('',*,*,#172,.T.);
#174=CARTESIAN_POINT('',(437.286189904,713.435215343,9.4));
#175=VERTEX_POINT('',#174);
#176=CARTESIAN_POINT('',(437.286189904,713.435215343,27.4));
#177=DIRECTION('',(0.,0.,-1.));
#178=VECTOR('',#177,18.);
#179=LINE('',#176,#178);
#180=EDGE_CURVE('',#167,#175,#179,.T.);
#181=ORIENTED_EDGE('',*,*,#180,.T.);
#182=CARTESIAN_POINT('',(437.286189904,708.613060275,9.4));
#183=VERTEX_POINT('',#182);
#184=CARTESIAN_POINT('',(437.286189904,713.435215343,9.4));
#185=DIRECTION('',(-0.,-1.,-0.));
#186=VECTOR('',#185,4.822155068);
#187=LINE('',#184,#186);
#188=EDGE_CURVE('',#175,#183,#187,.T.);
#189=ORIENTED_EDGE('',*,*,#188,.T.);
#190=CARTESIAN_POINT('',(437.286189904,708.613060275,89.4));
#191=VERTEX_POINT('',#190);
#192=CARTESIAN_POINT('',(437.286189904,708.613060275,9.4));
#193=DIRECTION('',(-0.,-0.,1.));
#194=VECTOR('',#193,80.);
#195=LINE('',#192,#194);
#196=EDGE_CURVE('',#183,#191,#195,.T.);
#197=ORIENTED_EDGE('',*,*,#196,.T.);
#198=CARTESIAN_POINT('',(437.286189904,714.156309311,89.4));
#199=VERTEX_POINT('',#198);
#200=CARTESIAN_POINT('',(437.286189904,714.156309311,89.4));
#201=DIRECTION('',(-0.,-1.,0.));
#202=VECTOR('',#201,5.543249035);
#203=LINE('',#200,#202);
#204=EDGE_CURVE('',#199,#191,#203,.T.);
#205=ORIENTED_EDGE('',*,*,#204,.F.);
#206=CARTESIAN_POINT('',(437.286189904,714.156309311,82.855831055));
#207=VERTEX_POINT('',#206);
#208=CARTESIAN_POINT('',(437.286189904,714.156309311,89.4));
#209=DIRECTION('',(-0.,-0.,-1.));
#210=VECTOR('',#209,6.544168945);
#211=LINE('',#208,#210);
#212=EDGE_CURVE('',#199,#207,#211,.T.);
#213=ORIENTED_EDGE('',*,*,#212,.T.);
#214=CARTESIAN_POINT('',(437.286189904,714.156309311,40.980339309));
#215=VERTEX_POINT('',#214);
#216=CARTESIAN_POINT('',(437.286189904,714.156309311,82.855831055));
#217=DIRECTION('',(-0.,-0.,-1.));
#218=VECTOR('',#217,41.875491746);
#219=LINE('',#216,#218);
#220=EDGE_CURVE('',#207,#215,#219,.T.);
#221=ORIENTED_EDGE('',*,*,#220,.T.);
#222=CARTESIAN_POINT('',(437.286189904,715.963060275,35.25));
#223=VERTEX_POINT('',#222);
#224=CARTESIAN_POINT('',(437.286189904,715.963060275,38.4));
#225=DIRECTION('',(1.,-0.,0.));
#226=DIRECTION('',(0.,0.,1.));
#227=AXIS2_PLACEMENT_3D('',#224,#225,#226);
#228=CIRCLE('',#227,3.15);
#229=EDGE_CURVE('',#215,#223,#228,.T.);
#230=ORIENTED_EDGE('',*,*,#229,.T.);
#231=CARTESIAN_POINT('',(437.286189904,718.069891169,40.741743706));
#232=VERTEX_POINT('',#231);
#233=CARTESIAN_POINT('',(437.286189904,715.963060275,38.4));
#234=DIRECTION('',(1.,-0.,0.));
#235=DIRECTION('',(0.,0.,1.));
#236=AXIS2_PLACEMENT_3D('',#233,#234,#235);
#237=CIRCLE('',#236,3.15);
#238=EDGE_CURVE('',#223,#232,#237,.T.);
#239=ORIENTED_EDGE('',*,*,#238,.T.);
#240=CARTESIAN_POINT('',(437.286189904,718.069891169,40.741743706));
#241=DIRECTION('',(0.,0.,1.));
#242=VECTOR('',#241,34.36108436);
#243=LINE('',#240,#242);
#244=EDGE_CURVE('',#232,#117,#243,.T.);
#245=ORIENTED_EDGE('',*,*,#244,.T.);
#246=EDGE_LOOP('',(#125,#133,#141,#149,#157,#165,#173,#181,#189,#197,#205,#213,#221,#230,#239,#245));
#247=FACE_BOUND('',#246,.T.);
#248=CARTESIAN_POINT('',(437.286189904,715.963060275,33.9));
#249=VERTEX_POINT('',#248);
#250=CARTESIAN_POINT('',(437.286189904,715.963060275,30.9));
#251=VERTEX_POINT('',#250);
#252=CARTESIAN_POINT('',(437.286189904,715.963060275,32.4));
#253=DIRECTION('',(-1.,0.,0.));
#254=DIRECTION('',(0.,0.,-1.));
#255=AXIS2_PLACEMENT_3D('',#252,#253,#254);
#256=CIRCLE('',#255,1.5);
#257=EDGE_CURVE('',#249,#251,#256,.T.);
#258=ORIENTED_EDGE('',*,*,#257,.F.);
#259=CARTESIAN_POINT('',(437.286189904,715.963060275,32.4));
#260=DIRECTION('',(-1.,0.,0.));
#261=DIRECTION('',(0.,0.,-1.));
#262=AXIS2_PLACEMENT_3D('',#259,#260,#261);
#263=CIRCLE('',#262,1.5);
#264=EDGE_CURVE('',#251,#249,#263,.T.);
#265=ORIENTED_EDGE('',*,*,#264,.F.);
#266=EDGE_LOOP('',(#258,#265));
#267=FACE_BOUND('',#266,.T.);
#268=ADVANCED_FACE('',(#247,#267),#115,.F.);
#269=CARTESIAN_POINT('',(434.186189904,715.963060275,127.4));
#270=DIRECTION('',(0.,0.,-1.));
#271=DIRECTION('',(-1.,0.,0.));
#272=AXIS2_PLACEMENT_3D('',#269,#270,#271);
#273=CYLINDRICAL_SURFACE('',#272,4.);
#274=CARTESIAN_POINT('',(430.186189904,715.963060275,9.4));
#275=VERTEX_POINT('',#274);
#276=CARTESIAN_POINT('',(430.186189904,715.963060275,20.3));
#277=VERTEX_POINT('',#276);
#278=CARTESIAN_POINT('',(430.186189904,715.963060275,9.4));
#279=DIRECTION('',(-0.,-0.,1.));
#280=VECTOR('',#279,10.9);
#281=LINE('',#278,#280);
#282=EDGE_CURVE('',#275,#277,#281,.T.);
#283=ORIENTED_EDGE('',*,*,#282,.T.);
#284=CARTESIAN_POINT('',(437.286189904,718.490905207,27.4));
#285=CARTESIAN_POINT('',(435.502908331,720.677816598,25.616718427));
#286=CARTESIAN_POINT('',(432.844549117,719.731349012,22.958359214));
#287=CARTESIAN_POINT('',(430.186189904,718.784881425,20.3));
#288=CARTESIAN_POINT('',(430.186189904,715.963060275,20.3));
#289=(BOUNDED_CURVE()
B_SPLINE_CURVE(2,(#284,#285,#286,#287,#288),.UNSPECIFIED.,.F.,.F.)
B_SPLINE_CURVE_WITH_KNOTS((3,2,3),(219.194967424,289.597483712,360.),.UNSPECIFIED.)
CURVE()
GEOMETRIC_REPRESENTATION_ITEM()
RATIONAL_B_SPLINE_CURVE((1.,0.81713224,1.,0.81713224,1.))
REPRESENTATION_ITEM(''));
#290=EDGE_CURVE('',#159,#277,#289,.T.);
#291=ORIENTED_EDGE('',*,*,#290,.F.);
#292=ORIENTED_EDGE('',*,*,#164,.T.);
#293=CARTESIAN_POINT('',(434.186189904,715.963060275,9.4));
#294=DIRECTION('',(0.,0.,-1.));
#295=DIRECTION('',(1.,-0.,0.));
#296=AXIS2_PLACEMENT_3D('',#293,#294,#295);
#297=CIRCLE('',#296,4.);
#298=EDGE_CURVE('',#275,#151,#297,.T.);
#299=ORIENTED_EDGE('',*,*,#298,.F.);
#300=EDGE_LOOP('',(#283,#291,#292,#299));
#301=FACE_BOUND('',#300,.T.);
#302=ADVANCED_FACE('',(#301),#273,.T.);
#303=CARTESIAN_POINT('',(432.786189904,720.863060275,22.9));
#304=DIRECTION('',(0.707106781,-0.,-0.707106781));
#305=DIRECTION('',(-0.707106781,0.,-0.707106781));
#306=AXIS2_PLACEMENT_3D('',#303,#304,#305);
#307=PLANE('',#306);
#308=CARTESIAN_POINT('',(430.186189904,715.963060275,20.3));
#309=CARTESIAN_POINT('',(430.186189904,713.141239126,20.3));
#310=CARTESIAN_POINT('',(432.844549117,712.194771539,22.958359214));
#311=CARTESIAN_POINT('',(435.502908331,711.248303952,25.616718427));
#312=CARTESIAN_POINT('',(437.286189904,713.435215343,27.4));
#313=(BOUNDED_CURVE()
B_SPLINE_CURVE(2,(#308,#309,#310,#311,#312),.UNSPECIFIED.,.F.,.F.)
B_SPLINE_CURVE_WITH_KNOTS((3,2,3),(0.,70.402516288,140.805032576),.UNSPECIFIED.)
CURVE()
GEOMETRIC_REPRESENTATION_ITEM()
RATIONAL_B_SPLINE_CURVE((1.,0.81713224,1.,0.81713224,1.))
REPRESENTATION_ITEM(''));
#314=EDGE_CURVE('',#277,#167,#313,.T.);
#315=ORIENTED_EDGE('',*,*,#314,.T.);
#316=ORIENTED_EDGE('',*,*,#172,.F.);
#317=ORIENTED_EDGE('',*,*,#290,.T.);
#318=EDGE_LOOP('',(#315,#316,#317));
#319=FACE_BOUND('',#318,.T.);
#320=CARTESIAN_POINT('',(433.275532791,714.182413308,23.389342888));
#321=VERTEX_POINT('',#320);
#322=CARTESIAN_POINT('',(434.70815539,717.893747208,24.821965486));
#323=VERTEX_POINT('',#322);
#324=CARTESIAN_POINT('',(433.275533018,714.182413192,23.389343114));
#325=CARTESIAN_POINT('',(433.704443332,713.963060275,23.818253428));
#326=CARTESIAN_POINT('',(434.186189904,713.963060275,24.3));
#327=CARTESIAN_POINT('',(436.186189904,713.963060275,26.3));
#328=CARTESIAN_POINT('',(436.186189904,715.963060275,26.3));
#329=CARTESIAN_POINT('',(436.186189904,717.494156989,26.3));
#330=CARTESIAN_POINT('',(434.708155775,717.893747104,24.821965871));
#331=(BOUNDED_CURVE()
B_SPLINE_CURVE(2,(#324,#325,#326,#327,#328,#329,#330),.UNSPECIFIED.,.F.,.F.)
B_SPLINE_CURVE_WITH_KNOTS((3,2,2,3),(106.020529724,133.897341209,223.897341209,297.876811485),.UNSPECIFIED.)
CURVE()
GEOMETRIC_REPRESENTATION_ITEM()
RATIONAL_B_SPLINE_CURVE((0.874757673,0.909278566,1.,0.707106781,1.,0.759243498,0.914287851))
REPRESENTATION_ITEM(''));
#332=EDGE_CURVE('',#321,#323,#331,.T.);
#333=ORIENTED_EDGE('',*,*,#332,.F.);
#334=CARTESIAN_POINT('',(431.797498278,716.11310024,21.911308374));
#335=VERTEX_POINT('',#334);
#336=CARTESIAN_POINT('',(433.797498278,716.11310024,23.911308374));
#337=DIRECTION('',(0.707106781,-0.,-0.707106781));
#338=DIRECTION('',(-0.707106781,-0.,-0.707106781));
#339=AXIS2_PLACEMENT_3D('',#336,#337,#338);
#340=ELLIPSE('',#339,2.828427125,2.);
#341=EDGE_CURVE('',#321,#335,#340,.T.);
#342=ORIENTED_EDGE('',*,*,#341,.T.);
#343=CARTESIAN_POINT('',(433.797498278,716.11310024,23.911308374));
#344=DIRECTION('',(0.707106781,-0.,-0.707106781));
#345=DIRECTION('',(-0.707106781,-0.,-0.707106781));
#346=AXIS2_PLACEMENT_3D('',#343,#344,#345);
#347=ELLIPSE('',#346,2.828427125,2.);
#348=EDGE_CURVE('',#335,#323,#347,.T.);
#349=ORIENTED_EDGE('',*,*,#348,.T.);
#350=EDGE_LOOP('',(#333,#342,#349));
#351=FACE_BOUND('',#350,.T.);
#352=ADVANCED_FACE('',(#319,#351),#307,.F.);
#353=CARTESIAN_POINT('',(373.086189904,715.963060275,127.4));
#354=DIRECTION('',(-1.,0.,0.));
#355=DIRECTION('',(0.,0.,1.));
#356=AXIS2_PLACEMENT_3D('',#353,#354,#355);
#357=PLANE('',#356);
#358=CARTESIAN_POINT('',(373.086189904,719.67052083,75.252836089));
#359=VERTEX_POINT('',#358);
#360=CARTESIAN_POINT('',(373.086189904,714.74996152,75.25283609));
#361=VERTEX_POINT('',#360);
#362=CARTESIAN_POINT('',(373.086189904,719.67052083,75.252836089));
#363=DIRECTION('',(-0.,-1.,0.));
#364=VECTOR('',#363,4.92055931);
#365=LINE('',#362,#364);
#366=EDGE_CURVE('',#359,#361,#365,.T.);
#367=ORIENTED_EDGE('',*,*,#366,.T.);
#368=CARTESIAN_POINT('',(373.086189904,714.74996152,89.4));
#369=VERTEX_POINT('',#368);
#370=CARTESIAN_POINT('',(373.086189904,714.74996152,75.25283609));
#371=DIRECTION('',(0.,0.,1.));
#372=VECTOR('',#371,14.14716391);
#373=LINE('',#370,#372);
#374=EDGE_CURVE('',#361,#369,#373,.T.);
#375=ORIENTED_EDGE('',*,*,#374,.T.);
#376=CARTESIAN_POINT('',(373.086189904,708.613060275,89.4));
#377=VERTEX_POINT('',#376);
#378=CARTESIAN_POINT('',(373.086189904,708.613060275,89.4));
#379=DIRECTION('',(0.,1.,0.));
#380=VECTOR('',#379,6.136901244);
#381=LINE('',#378,#380);
#382=EDGE_CURVE('',#377,#369,#381,.T.);
#383=ORIENTED_EDGE('',*,*,#382,.F.);
#384=CARTESIAN_POINT('',(373.086189904,708.613060275,9.4));
#385=VERTEX_POINT('',#384);
#386=CARTESIAN_POINT('',(373.086189904,708.613060275,89.4));
#387=DIRECTION('',(-0.,-0.,-1.));
#388=VECTOR('',#387,80.);
#389=LINE('',#386,#388);
#390=EDGE_CURVE('',#377,#385,#389,.T.);
#391=ORIENTED_EDGE('',*,*,#390,.T.);
#392=CARTESIAN_POINT('',(373.086189904,713.435215343,9.4));
#393=VERTEX_POINT('',#392);
#394=CARTESIAN_POINT('',(373.086189904,708.613060275,9.4));
#395=DIRECTION('',(0.,1.,0.));
#396=VECTOR('',#395,4.822155068);
#397=LINE('',#394,#396);
#398=EDGE_CURVE('',#385,#393,#397,.T.);
#399=ORIENTED_EDGE('',*,*,#398,.T.);
#400=CARTESIAN_POINT('',(373.086189904,713.435215343,27.4));
#401=VERTEX_POINT('',#400);
#402=CARTESIAN_POINT('',(373.086189904,713.435215343,27.4));
#403=DIRECTION('',(0.,0.,-1.));
#404=VECTOR('',#403,18.);
#405=LINE('',#402,#404);
#406=EDGE_CURVE('',#401,#393,#405,.T.);
#407=ORIENTED_EDGE('',*,*,#406,.F.);
#408=CARTESIAN_POINT('',(373.086189904,718.490905207,27.4));
#409=VERTEX_POINT('',#408);
#410=CARTESIAN_POINT('',(373.086189904,718.490905207,27.4));
#411=DIRECTION('',(-0.,-1.,-0.));
#412=VECTOR('',#411,5.055689864);
#413=LINE('',#410,#412);
#414=EDGE_CURVE('',#409,#401,#413,.T.);
#415=ORIENTED_EDGE('',*,*,#414,.F.);
#416=CARTESIAN_POINT('',(373.086189904,718.490905207,9.4));
#417=VERTEX_POINT('',#416);
#418=CARTESIAN_POINT('',(373.086189904,718.490905207,27.4));
#419=DIRECTION('',(-0.,-0.,-1.));
#420=VECTOR('',#419,18.);
#421=LINE('',#418,#420);
#422=EDGE_CURVE('',#409,#417,#421,.T.);
#423=ORIENTED_EDGE('',*,*,#422,.T.);
#424=CARTESIAN_POINT('',(373.086189904,723.313060275,9.4));
#425=VERTEX_POINT('',#424);
#426=CARTESIAN_POINT('',(373.086189904,718.490905207,9.4));
#427=DIRECTION('',(0.,1.,0.));
#428=VECTOR('',#427,4.822155068);
#429=LINE('',#426,#428);
#430=EDGE_CURVE('',#417,#425,#429,.T.);
#431=ORIENTED_EDGE('',*,*,#430,.T.);
#432=CARTESIAN_POINT('',(373.086189904,723.313060275,89.4));
#433=VERTEX_POINT('',#432);
#434=CARTESIAN_POINT('',(373.086189904,723.313060275,9.4));
#435=DIRECTION('',(0.,0.,1.));
#436=VECTOR('',#435,80.);
#437=LINE('',#434,#436);
#438=EDGE_CURVE('',#425,#433,#437,.T.);
#439=ORIENTED_EDGE('',*,*,#438,.T.);
#440=CARTESIAN_POINT('',(373.086189904,719.67052083,89.4));
#441=VERTEX_POINT('',#440);
#442=CARTESIAN_POINT('',(373.086189904,719.67052083,89.4));
#443=DIRECTION('',(0.,1.,0.));
#444=VECTOR('',#443,3.642539445);
#445=LINE('',#442,#444);
#446=EDGE_CURVE('',#441,#433,#445,.T.);
#447=ORIENTED_EDGE('',*,*,#446,.F.);
#448=CARTESIAN_POINT('',(373.086189904,719.67052083,89.4));
#449=DIRECTION('',(-0.,-0.,-1.));
#450=VECTOR('',#449,14.147163911);
#451=LINE('',#448,#450);
#452=EDGE_CURVE('',#441,#359,#451,.T.);
#453=ORIENTED_EDGE('',*,*,#452,.T.);
#454=EDGE_LOOP('',(#367,#375,#383,#391,#399,#407,#415,#423,#431,#439,#447,#453));
#455=FACE_BOUND('',#454,.T.);
#456=ADVANCED_FACE('',(#455),#357,.F.);
#457=CARTESIAN_POINT('',(405.186189904,715.963060275,89.4));
#458=DIRECTION('',(0.,0.,-1.));
#459=DIRECTION('',(-1.,0.,0.));
#460=AXIS2_PLACEMENT_3D('',#457,#458,#459);
#461=PLANE('',#460);
#462=ORIENTED_EDGE('',*,*,#140,.T.);
#463=CARTESIAN_POINT('',(437.79737159,716.081264962,89.4));
#464=VERTEX_POINT('',#463);
#465=CARTESIAN_POINT('',(433.982291582,717.283414923,89.4));
#466=DIRECTION('',(0.,0.,-1.));
#467=DIRECTION('',(-1.,0.,0.));
#468=AXIS2_PLACEMENT_3D('',#465,#466,#467);
#469=CIRCLE('',#468,4.);
#470=EDGE_CURVE('',#127,#464,#469,.T.);
#471=ORIENTED_EDGE('',*,*,#470,.T.);
#472=CARTESIAN_POINT('',(433.797498278,716.11310024,89.4));
#473=DIRECTION('',(0.,0.,-1.));
#474=DIRECTION('',(-1.,0.,0.));
#475=AXIS2_PLACEMENT_3D('',#472,#473,#474);
#476=CIRCLE('',#475,4.);
#477=EDGE_CURVE('',#464,#199,#476,.T.);
#478=ORIENTED_EDGE('',*,*,#477,.T.);
#479=ORIENTED_EDGE('',*,*,#204,.T.);
#480=CARTESIAN_POINT('',(432.286189904,703.613060275,89.4));
#481=VERTEX_POINT('',#480);
#482=CARTESIAN_POINT('',(432.286189904,708.613060275,89.4));
#483=DIRECTION('',(0.,0.,-1.));
#484=DIRECTION('',(-1.,0.,0.));
#485=AXIS2_PLACEMENT_3D('',#482,#483,#484);
#486=CIRCLE('',#485,5.);
#487=EDGE_CURVE('',#191,#481,#486,.T.);
#488=ORIENTED_EDGE('',*,*,#487,.T.);
#489=CARTESIAN_POINT('',(422.536189904,703.613060275,89.4));
#490=VERTEX_POINT('',#489);
#491=CARTESIAN_POINT('',(432.286189904,703.613060275,89.4));
#492=DIRECTION('',(-1.,0.,0.));
#493=VECTOR('',#492,9.75);
#494=LINE('',#491,#493);
#495=EDGE_CURVE('',#481,#490,#494,.T.);
#496=ORIENTED_EDGE('',*,*,#495,.T.);
#497=CARTESIAN_POINT('',(417.536189904,698.613060275,89.4));
#498=VERTEX_POINT('',#497);
#499=CARTESIAN_POINT('',(422.536189904,698.613060275,89.4));
#500=DIRECTION('',(-0.,-0.,1.));
#501=DIRECTION('',(-1.,0.,0.));
#502=AXIS2_PLACEMENT_3D('',#499,#500,#501);
#503=CIRCLE('',#502,5.);
#504=EDGE_CURVE('',#490,#498,#503,.T.);
#505=ORIENTED_EDGE('',*,*,#504,.T.);
#506=CARTESIAN_POINT('',(417.536189904,688.863060275,89.4));
#507=VERTEX_POINT('',#506);
#508=CARTESIAN_POINT('',(417.536189904,698.613060275,89.4));
#509=DIRECTION('',(-0.,-1.,0.));
#510=VECTOR('',#509,9.75);
#511=LINE('',#508,#510);
#512=EDGE_CURVE('',#498,#507,#511,.T.);
#513=ORIENTED_EDGE('',*,*,#512,.T.);
#514=CARTESIAN_POINT('',(412.536189706,683.863060275,89.4));
#515=VERTEX_POINT('',#514);
#516=CARTESIAN_POINT('',(412.536189904,688.863060275,89.4));
#517=DIRECTION('',(0.,0.,-1.));
#518=DIRECTION('',(-1.,0.,0.));
#519=AXIS2_PLACEMENT_3D('',#516,#517,#518);
#520=CIRCLE('',#519,5.);
#521=EDGE_CURVE('',#507,#515,#520,.T.);
#522=ORIENTED_EDGE('',*,*,#521,.T.);
#523=CARTESIAN_POINT('',(397.83619011,683.863060275,89.4));
#524=VERTEX_POINT('',#523);
#525=CARTESIAN_POINT('',(412.536189706,683.863060275,89.4));
#526=DIRECTION('',(-1.,0.,0.));
#527=VECTOR('',#526,14.699999596);
#528=LINE('',#525,#527);
#529=EDGE_CURVE('',#515,#524,#528,.T.);
#530=ORIENTED_EDGE('',*,*,#529,.T.);
#531=CARTESIAN_POINT('',(392.836189904,688.863060275,89.4));
#532=VERTEX_POINT('',#531);
#533=CARTESIAN_POINT('',(397.836189904,688.863060275,89.4));
#534=DIRECTION('',(0.,0.,-1.));
#535=DIRECTION('',(-1.,0.,0.));
#536=AXIS2_PLACEMENT_3D('',#533,#534,#535);
#537=CIRCLE('',#536,5.);
#538=EDGE_CURVE('',#524,#532,#537,.T.);
#539=ORIENTED_EDGE('',*,*,#538,.T.);
#540=CARTESIAN_POINT('',(392.836189904,698.613060275,89.4));
#541=VERTEX_POINT('',#540);
#542=CARTESIAN_POINT('',(392.836189904,688.863060275,89.4));
#543=DIRECTION('',(0.,1.,0.));
#544=VECTOR('',#543,9.75);
#545=LINE('',#542,#544);
#546=EDGE_CURVE('',#532,#541,#545,.T.);
#547=ORIENTED_EDGE('',*,*,#546,.T.);
#548=CARTESIAN_POINT('',(387.836190632,703.613060275,89.4));
#549=VERTEX_POINT('',#548);
#550=CARTESIAN_POINT('',(387.836189904,698.613060275,89.4));
#551=DIRECTION('',(-0.,-0.,1.));
#552=DIRECTION('',(-1.,0.,0.));
#553=AXIS2_PLACEMENT_3D('',#550,#551,#552);
#554=CIRCLE('',#553,5.);
#555=EDGE_CURVE('',#541,#549,#554,.T.);
#556=ORIENTED_EDGE('',*,*,#555,.T.);
#557=CARTESIAN_POINT('',(378.086189904,703.613060275,89.4));
#558=VERTEX_POINT('',#557);
#559=CARTESIAN_POINT('',(387.836190632,703.613060275,89.4));
#560=DIRECTION('',(-1.,0.,0.));
#561=VECTOR('',#560,9.750000728);
#562=LINE('',#559,#561);
#563=EDGE_CURVE('',#549,#558,#562,.T.);
#564=ORIENTED_EDGE('',*,*,#563,.T.);
#565=CARTESIAN_POINT('',(378.086189904,708.613060275,89.4));
#566=DIRECTION('',(0.,0.,-1.));
#567=DIRECTION('',(-1.,0.,0.));
#568=AXIS2_PLACEMENT_3D('',#565,#566,#567);
#569=CIRCLE('',#568,5.);
#570=EDGE_CURVE('',#558,#377,#569,.T.);
#571=ORIENTED_EDGE('',*,*,#570,.T.);
#572=ORIENTED_EDGE('',*,*,#382,.T.);
#573=CARTESIAN_POINT('',(376.240080203,717.210241175,89.4));
#574=DIRECTION('',(0.,0.,-1.));
#575=DIRECTION('',(-1.,0.,0.));
#576=AXIS2_PLACEMENT_3D('',#573,#574,#575);
#577=CIRCLE('',#576,4.);
#578=EDGE_CURVE('',#369,#441,#577,.T.);
#579=ORIENTED_EDGE('',*,*,#578,.T.);
#580=ORIENTED_EDGE('',*,*,#446,.T.);
#581=CARTESIAN_POINT('',(378.086189904,728.313060275,89.4));
#582=VERTEX_POINT('',#581);
#583=CARTESIAN_POINT('',(378.086189904,723.313060275,89.4));
#584=DIRECTION('',(0.,0.,-1.));
#585=DIRECTION('',(-1.,0.,0.));
#586=AXIS2_PLACEMENT_3D('',#583,#584,#585);
#587=CIRCLE('',#586,5.);
#588=EDGE_CURVE('',#433,#582,#587,.T.);
#589=ORIENTED_EDGE('',*,*,#588,.T.);
#590=CARTESIAN_POINT('',(387.836189904,728.313060275,89.4));
#591=VERTEX_POINT('',#590);
#592=CARTESIAN_POINT('',(378.086189904,728.313060275,89.4));
#593=DIRECTION('',(1.,-0.,0.));
#594=VECTOR('',#593,9.75);
#595=LINE('',#592,#594);
#596=EDGE_CURVE('',#582,#591,#595,.T.);
#597=ORIENTED_EDGE('',*,*,#596,.T.);
#598=CARTESIAN_POINT('',(392.836189904,733.313061004,89.4));
#599=VERTEX_POINT('',#598);
#600=CARTESIAN_POINT('',(387.836189904,733.313060275,89.4));
#601=DIRECTION('',(-0.,-0.,1.));
#602=DIRECTION('',(-1.,0.,0.));
#603=AXIS2_PLACEMENT_3D('',#600,#601,#602);
#604=CIRCLE('',#603,5.);
#605=EDGE_CURVE('',#591,#599,#604,.T.);
#606=ORIENTED_EDGE('',*,*,#605,.T.);
#607=CARTESIAN_POINT('',(392.836189904,743.063060275,89.4));
#608=VERTEX_POINT('',#607);
#609=CARTESIAN_POINT('',(392.836189904,733.313061004,89.4));
#610=DIRECTION('',(0.,1.,0.));
#611=VECTOR('',#610,9.749999272);
#612=LINE('',#609,#611);
#613=EDGE_CURVE('',#599,#608,#612,.T.);
#614=ORIENTED_EDGE('',*,*,#613,.T.);
#615=CARTESIAN_POINT('',(397.836190623,748.063060275,89.4));
#616=VERTEX_POINT('',#615);
#617=CARTESIAN_POINT('',(397.836189904,743.063060275,89.4));
#618=DIRECTION('',(0.,0.,-1.));
#619=DIRECTION('',(-1.,0.,0.));
#620=AXIS2_PLACEMENT_3D('',#617,#618,#619);
#621=CIRCLE('',#620,5.);
#622=EDGE_CURVE('',#608,#616,#621,.T.);
#623=ORIENTED_EDGE('',*,*,#622,.T.);
#624=CARTESIAN_POINT('',(412.536189177,748.063060275,89.4));
#625=VERTEX_POINT('',#624);
#626=CARTESIAN_POINT('',(397.836190623,748.063060275,89.4));
#627=DIRECTION('',(1.,-0.,0.));
#628=VECTOR('',#627,14.699998554);
#629=LINE('',#626,#628);
#630=EDGE_CURVE('',#616,#625,#629,.T.);
#631=ORIENTED_EDGE('',*,*,#630,.T.);
#632=CARTESIAN_POINT('',(417.536189904,743.063060275,89.4));
#633=VERTEX_POINT('',#632);
#634=CARTESIAN_POINT('',(412.536189904,743.063060275,89.4));
#635=DIRECTION('',(0.,0.,-1.));
#636=DIRECTION('',(-1.,0.,0.));
#637=AXIS2_PLACEMENT_3D('',#634,#635,#636);
#638=CIRCLE('',#637,5.);
#639=EDGE_CURVE('',#625,#633,#638,.T.);
#640=ORIENTED_EDGE('',*,*,#639,.T.);
#641=CARTESIAN_POINT('',(417.536189904,733.313060997,89.4));
#642=VERTEX_POINT('',#641);
#643=CARTESIAN_POINT('',(417.536189904,743.063060275,89.4));
#644=DIRECTION('',(-0.,-1.,0.));
#645=VECTOR('',#644,9.749999279);
#646=LINE('',#643,#645);
#647=EDGE_CURVE('',#633,#642,#646,.T.);
#648=ORIENTED_EDGE('',*,*,#647,.T.);
#649=CARTESIAN_POINT('',(422.536189904,728.313060275,89.4));
#650=VERTEX_POINT('',#649);
#651=CARTESIAN_POINT('',(422.536189904,733.313060275,89.4));
#652=DIRECTION('',(-0.,-0.,1.));
#653=DIRECTION('',(-1.,0.,0.));
#654=AXIS2_PLACEMENT_3D('',#651,#652,#653);
#655=CIRCLE('',#654,5.);
#656=EDGE_CURVE('',#642,#650,#655,.T.);
#657=ORIENTED_EDGE('',*,*,#656,.T.);
#658=CARTESIAN_POINT('',(432.286189904,728.313060275,89.4));
#659=VERTEX_POINT('',#658);
#660=CARTESIAN_POINT('',(422.536189904,728.313060275,89.4));
#661=DIRECTION('',(1.,-0.,0.));
#662=VECTOR('',#661,9.75);
#663=LINE('',#660,#662);
#664=EDGE_CURVE('',#650,#659,#663,.T.);
#665=ORIENTED_EDGE('',*,*,#664,.T.);
#666=CARTESIAN_POINT('',(432.286189904,723.313060275,89.4));
#667=DIRECTION('',(0.,0.,-1.));
#668=DIRECTION('',(-1.,0.,0.));
#669=AXIS2_PLACEMENT_3D('',#666,#667,#668);
#670=CIRCLE('',#669,5.);
#671=EDGE_CURVE('',#659,#135,#670,.T.);
#672=ORIENTED_EDGE('',*,*,#671,.T.);
#673=EDGE_LOOP('',(#462,#471,#478,#479,#488,#496,#505,#513,#522,#530,#539,#547,#556,#564,#571,#572,#579,#580,#589,#597,#606,#614,#623,#631,#640,#648,
#657,#665,#672));
#674=FACE_BOUND('',#673,.T.);
#675=CARTESIAN_POINT('',(439.286189904,725.313060275,89.4));
#676=VERTEX_POINT('',#675);
#677=CARTESIAN_POINT('',(439.286189904,706.613060275,89.4));
#678=VERTEX_POINT('',#677);
#679=CARTESIAN_POINT('',(439.286189904,725.313060275,89.4));
#680=DIRECTION('',(-0.,-1.,0.));
#681=VECTOR('',#680,18.7);
#682=LINE('',#679,#681);
#683=EDGE_CURVE('',#676,#678,#682,.T.);
#684=ORIENTED_EDGE('',*,*,#683,.F.);
#685=CARTESIAN_POINT('',(434.286189904,730.313060275,89.4));
#686=VERTEX_POINT('',#685);
#687=CARTESIAN_POINT('',(434.286189904,725.313060275,89.4));
#688=DIRECTION('',(-0.,-0.,1.));
#689=DIRECTION('',(-1.,0.,0.));
#690=AXIS2_PLACEMENT_3D('',#687,#688,#689);
#691=CIRCLE('',#690,5.);
#692=EDGE_CURVE('',#676,#686,#691,.T.);
#693=ORIENTED_EDGE('',*,*,#692,.T.);
#694=CARTESIAN_POINT('',(424.536189904,730.313060275,89.4));
#695=VERTEX_POINT('',#694);
#696=CARTESIAN_POINT('',(424.536189904,730.313060275,89.4));
#697=DIRECTION('',(1.,-0.,0.));
#698=VECTOR('',#697,9.75);
#699=LINE('',#696,#698);
#700=EDGE_CURVE('',#695,#686,#699,.T.);
#701=ORIENTED_EDGE('',*,*,#700,.F.);
#702=CARTESIAN_POINT('',(419.536189904,735.313060275,89.4));
#703=VERTEX_POINT('',#702);
#704=CARTESIAN_POINT('',(424.536189904,735.313060275,89.4));
#705=DIRECTION('',(0.,0.,-1.));
#706=DIRECTION('',(-1.,0.,0.));
#707=AXIS2_PLACEMENT_3D('',#704,#705,#706);
#708=CIRCLE('',#707,5.);
#709=EDGE_CURVE('',#695,#703,#708,.T.);
#710=ORIENTED_EDGE('',*,*,#709,.T.);
#711=CARTESIAN_POINT('',(419.536189904,745.063060275,89.4));
#712=VERTEX_POINT('',#711);
#713=CARTESIAN_POINT('',(419.536189904,745.063060275,89.4));
#714=DIRECTION('',(-0.,-1.,0.));
#715=VECTOR('',#714,9.75);
#716=LINE('',#713,#715);
#717=EDGE_CURVE('',#712,#703,#716,.T.);
#718=ORIENTED_EDGE('',*,*,#717,.F.);
#719=CARTESIAN_POINT('',(414.536189904,750.063060275,89.4));
#720=VERTEX_POINT('',#719);
#721=CARTESIAN_POINT('',(414.536189904,745.063060275,89.4));
#722=DIRECTION('',(-0.,-0.,1.));
#723=DIRECTION('',(-1.,0.,0.));
#724=AXIS2_PLACEMENT_3D('',#721,#722,#723);
#725=CIRCLE('',#724,5.);
#726=EDGE_CURVE('',#712,#720,#725,.T.);
#727=ORIENTED_EDGE('',*,*,#726,.T.);
#728=CARTESIAN_POINT('',(395.836189904,750.063060275,89.4));
#729=VERTEX_POINT('',#728);
#730=CARTESIAN_POINT('',(395.836189904,750.063060275,89.4));
#731=DIRECTION('',(1.,-0.,0.));
#732=VECTOR('',#731,18.7);
#733=LINE('',#730,#732);
#734=EDGE_CURVE('',#729,#720,#733,.T.);
#735=ORIENTED_EDGE('',*,*,#734,.F.);
#736=CARTESIAN_POINT('',(390.836189904,745.063060275,89.4));
#737=VERTEX_POINT('',#736);
#738=CARTESIAN_POINT('',(395.836189904,745.063060275,89.4));
#739=DIRECTION('',(-0.,-0.,1.));
#740=DIRECTION('',(-1.,0.,0.));
#741=AXIS2_PLACEMENT_3D('',#738,#739,#740);
#742=CIRCLE('',#741,5.);
#743=EDGE_CURVE('',#729,#737,#742,.T.);
#744=ORIENTED_EDGE('',*,*,#743,.T.);
#745=CARTESIAN_POINT('',(390.836189904,735.313061004,89.4));
#746=VERTEX_POINT('',#745);
#747=CARTESIAN_POINT('',(390.836189904,735.313061004,89.4));
#748=DIRECTION('',(0.,1.,0.));
#749=VECTOR('',#748,9.749999272);
#750=LINE('',#747,#749);
#751=EDGE_CURVE('',#746,#737,#750,.T.);
#752=ORIENTED_EDGE('',*,*,#751,.F.);
#753=CARTESIAN_POINT('',(385.836189904,730.313060275,89.4));
#754=VERTEX_POINT('',#753);
#755=CARTESIAN_POINT('',(385.836189904,735.313060275,89.4));
#756=DIRECTION('',(0.,0.,-1.));
#757=DIRECTION('',(-1.,0.,0.));
#758=AXIS2_PLACEMENT_3D('',#755,#756,#757);
#759=CIRCLE('',#758,5.);
#760=EDGE_CURVE('',#746,#754,#759,.T.);
#761=ORIENTED_EDGE('',*,*,#760,.T.);
#762=CARTESIAN_POINT('',(376.086189904,730.313060275,89.4));
#763=VERTEX_POINT('',#762);
#764=CARTESIAN_POINT('',(376.086189904,730.313060275,89.4));
#765=DIRECTION('',(1.,-0.,0.));
#766=VECTOR('',#765,9.75);
#767=LINE('',#764,#766);
#768=EDGE_CURVE('',#763,#754,#767,.T.);
#769=ORIENTED_EDGE('',*,*,#768,.F.);
#770=CARTESIAN_POINT('',(371.086189904,725.313060275,89.4));
#771=VERTEX_POINT('',#770);
#772=CARTESIAN_POINT('',(376.086189904,725.313060275,89.4));
#773=DIRECTION('',(-0.,-0.,1.));
#774=DIRECTION('',(-1.,0.,0.));
#775=AXIS2_PLACEMENT_3D('',#772,#773,#774);
#776=CIRCLE('',#775,5.);
#777=EDGE_CURVE('',#763,#771,#776,.T.);
#778=ORIENTED_EDGE('',*,*,#777,.T.);
#779=CARTESIAN_POINT('',(371.086189904,706.613060275,89.4));
#780=VERTEX_POINT('',#779);
#781=CARTESIAN_POINT('',(371.086189904,706.613060275,89.4));
#782=DIRECTION('',(0.,1.,0.));
#783=VECTOR('',#782,18.7);
#784=LINE('',#781,#783);
#785=EDGE_CURVE('',#780,#771,#784,.T.);
#786=ORIENTED_EDGE('',*,*,#785,.F.);
#787=CARTESIAN_POINT('',(376.086189904,701.613060275,89.4));
#788=VERTEX_POINT('',#787);
#789=CARTESIAN_POINT('',(376.086189904,706.613060275,89.4));
#790=DIRECTION('',(-0.,-0.,1.));
#791=DIRECTION('',(-1.,0.,0.));
#792=AXIS2_PLACEMENT_3D('',#789,#790,#791);
#793=CIRCLE('',#792,5.);
#794=EDGE_CURVE('',#780,#788,#793,.T.);
#795=ORIENTED_EDGE('',*,*,#794,.T.);
#796=CARTESIAN_POINT('',(385.836190108,701.613060275,89.4));
#797=VERTEX_POINT('',#796);
#798=CARTESIAN_POINT('',(385.836190108,701.613060275,89.4));
#799=DIRECTION('',(-1.,0.,0.));
#800=VECTOR('',#799,9.750000204);
#801=LINE('',#798,#800);
#802=EDGE_CURVE('',#797,#788,#801,.T.);
#803=ORIENTED_EDGE('',*,*,#802,.F.);
#804=CARTESIAN_POINT('',(390.836189904,696.613060275,89.4));
#805=VERTEX_POINT('',#804);
#806=CARTESIAN_POINT('',(385.836189904,696.613060275,89.4));
#807=DIRECTION('',(0.,0.,-1.));
#808=DIRECTION('',(-1.,0.,0.));
#809=AXIS2_PLACEMENT_3D('',#806,#807,#808);
#810=CIRCLE('',#809,5.);
#811=EDGE_CURVE('',#797,#805,#810,.T.);
#812=ORIENTED_EDGE('',*,*,#811,.T.);
#813=CARTESIAN_POINT('',(390.836189904,686.863060275,89.4));
#814=VERTEX_POINT('',#813);
#815=CARTESIAN_POINT('',(390.836189904,686.863060275,89.4));
#816=DIRECTION('',(0.,1.,0.));
#817=VECTOR('',#816,9.75);
#818=LINE('',#815,#817);
#819=EDGE_CURVE('',#814,#805,#818,.T.);
#820=ORIENTED_EDGE('',*,*,#819,.F.);
#821=CARTESIAN_POINT('',(395.836189904,681.863060275,89.4));
#822=VERTEX_POINT('',#821);
#823=CARTESIAN_POINT('',(395.836189904,686.863060275,89.4));
#824=DIRECTION('',(-0.,-0.,1.));
#825=DIRECTION('',(-1.,0.,0.));
#826=AXIS2_PLACEMENT_3D('',#823,#824,#825);
#827=CIRCLE('',#826,5.);
#828=EDGE_CURVE('',#814,#822,#827,.T.);
#829=ORIENTED_EDGE('',*,*,#828,.T.);
#830=CARTESIAN_POINT('',(414.536189904,681.863060275,89.4));
#831=VERTEX_POINT('',#830);
#832=CARTESIAN_POINT('',(414.536189904,681.863060275,89.4));
#833=DIRECTION('',(-1.,0.,0.));
#834=VECTOR('',#833,18.7);
#835=LINE('',#832,#834);
#836=EDGE_CURVE('',#831,#822,#835,.T.);
#837=ORIENTED_EDGE('',*,*,#836,.F.);
#838=CARTESIAN_POINT('',(419.536189904,686.863060275,89.4));
#839=VERTEX_POINT('',#838);
#840=CARTESIAN_POINT('',(414.536189904,686.863060275,89.4));
#841=DIRECTION('',(-0.,-0.,1.));
#842=DIRECTION('',(-1.,0.,0.));
#843=AXIS2_PLACEMENT_3D('',#840,#841,#842);
#844=CIRCLE('',#843,5.);
#845=EDGE_CURVE('',#831,#839,#844,.T.);
#846=ORIENTED_EDGE('',*,*,#845,.T.);
#847=CARTESIAN_POINT('',(419.536189904,696.613060275,89.4));
#848=VERTEX_POINT('',#847);
#849=CARTESIAN_POINT('',(419.536189904,696.613060275,89.4));
#850=DIRECTION('',(-0.,-1.,0.));
#851=VECTOR('',#850,9.75);
#852=LINE('',#849,#851);
#853=EDGE_CURVE('',#848,#839,#852,.T.);
#854=ORIENTED_EDGE('',*,*,#853,.F.);
#855=CARTESIAN_POINT('',(424.536189904,701.613060275,89.4));
#856=VERTEX_POINT('',#855);
#857=CARTESIAN_POINT('',(424.536189904,696.613060275,89.4));
#858=DIRECTION('',(0.,0.,-1.));
#859=DIRECTION('',(-1.,0.,0.));
#860=AXIS2_PLACEMENT_3D('',#857,#858,#859);
#861=CIRCLE('',#860,5.);
#862=EDGE_CURVE('',#848,#856,#861,.T.);
#863=ORIENTED_EDGE('',*,*,#862,.T.);
#864=CARTESIAN_POINT('',(434.286189904,701.613060275,89.4));
#865=VERTEX_POINT('',#864);
#866=CARTESIAN_POINT('',(434.286189904,701.613060275,89.4));
#867=DIRECTION('',(-1.,0.,0.));
#868=VECTOR('',#867,9.75);
#869=LINE('',#866,#868);
#870=EDGE_CURVE('',#865,#856,#869,.T.);
#871=ORIENTED_EDGE('',*,*,#870,.F.);
#872=CARTESIAN_POINT('',(434.286189904,706.613060275,89.4));
#873=DIRECTION('',(-0.,-0.,1.));
#874=DIRECTION('',(-1.,0.,0.));
#875=AXIS2_PLACEMENT_3D('',#872,#873,#874);
#876=CIRCLE('',#875,5.);
#877=EDGE_CURVE('',#865,#678,#876,.T.);
#878=ORIENTED_EDGE('',*,*,#877,.T.);
#879=EDGE_LOOP('',(#684,#693,#701,#710,#718,#727,#735,#744,#752,#761,#769,#778,#786,#795,#803,#812,#820,#829,#837,#846,#854,#863,#871,#878));
#880=FACE_BOUND('',#879,.T.);
#881=ADVANCED_FACE('',(#674,#880),#461,.F.);
#882=CARTESIAN_POINT('',(405.186189904,715.963060275,9.4));
#883=DIRECTION('',(0.,0.,-1.));
#884=DIRECTION('',(-1.,0.,0.));
#885=AXIS2_PLACEMENT_3D('',#882,#883,#884);
#886=PLANE('',#885);
#887=ORIENTED_EDGE('',*,*,#188,.F.);
#888=CARTESIAN_POINT('',(434.186189904,715.963060275,9.4));
#889=DIRECTION('',(0.,0.,-1.));
#890=DIRECTION('',(1.,-0.,0.));
#891=AXIS2_PLACEMENT_3D('',#888,#889,#890);
#892=CIRCLE('',#891,4.);
#893=EDGE_CURVE('',#175,#275,#892,.T.);
#894=ORIENTED_EDGE('',*,*,#893,.T.);
#895=ORIENTED_EDGE('',*,*,#298,.T.);
#896=ORIENTED_EDGE('',*,*,#156,.F.);
#897=CARTESIAN_POINT('',(432.286189904,728.313060275,9.4));
#898=VERTEX_POINT('',#897);
#899=CARTESIAN_POINT('',(432.286189904,723.313060275,9.4));
#900=DIRECTION('',(0.,0.,1.));
#901=DIRECTION('',(-1.,0.,0.));
#902=AXIS2_PLACEMENT_3D('',#899,#900,#901);
#903=CIRCLE('',#902,5.);
#904=EDGE_CURVE('',#143,#898,#903,.T.);
#905=ORIENTED_EDGE('',*,*,#904,.T.);
#906=CARTESIAN_POINT('',(422.536189904,728.313060275,9.4));
#907=VERTEX_POINT('',#906);
#908=CARTESIAN_POINT('',(422.536189904,728.313060275,9.4));
#909=DIRECTION('',(1.,-0.,0.));
#910=VECTOR('',#909,9.75);
#911=LINE('',#908,#910);
#912=EDGE_CURVE('',#907,#898,#911,.T.);
#913=ORIENTED_EDGE('',*,*,#912,.F.);
#914=CARTESIAN_POINT('',(417.536189904,733.313060275,9.4));
#915=VERTEX_POINT('',#914);
#916=CARTESIAN_POINT('',(422.536189904,733.313060275,9.4));
#917=DIRECTION('',(0.,0.,-1.));
#918=DIRECTION('',(1.,-0.,0.));
#919=AXIS2_PLACEMENT_3D('',#916,#917,#918);
#920=CIRCLE('',#919,5.);
#921=EDGE_CURVE('',#907,#915,#920,.T.);
#922=ORIENTED_EDGE('',*,*,#921,.T.);
#923=CARTESIAN_POINT('',(417.536189904,743.063060275,9.4));
#924=VERTEX_POINT('',#923);
#925=CARTESIAN_POINT('',(417.536189904,743.063060275,9.4));
#926=DIRECTION('',(-0.,-1.,0.));
#927=VECTOR('',#926,9.75);
#928=LINE('',#925,#927);
#929=EDGE_CURVE('',#924,#915,#928,.T.);
#930=ORIENTED_EDGE('',*,*,#929,.F.);
#931=CARTESIAN_POINT('',(417.118765599,745.063060275,9.4));
#932=VERTEX_POINT('',#931);
#933=CARTESIAN_POINT('',(412.536189904,743.063060275,9.4));
#934=DIRECTION('',(0.,0.,1.));
#935=DIRECTION('',(-1.,0.,0.));
#936=AXIS2_PLACEMENT_3D('',#933,#934,#935);
#937=CIRCLE('',#936,5.);
#938=EDGE_CURVE('',#924,#932,#937,.T.);
#939=ORIENTED_EDGE('',*,*,#938,.T.);
#940=CARTESIAN_POINT('',(393.253614209,745.063060275,9.4));
#941=VERTEX_POINT('',#940);
#942=CARTESIAN_POINT('',(393.253614209,745.063060275,9.4));
#943=DIRECTION('',(1.,-0.,-0.));
#944=VECTOR('',#943,23.86515139);
#945=LINE('',#942,#944);
#946=EDGE_CURVE('',#941,#932,#945,.T.);
#947=ORIENTED_EDGE('',*,*,#946,.F.);
#948=CARTESIAN_POINT('',(392.836189904,743.063060275,9.4));
#949=VERTEX_POINT('',#948);
#950=CARTESIAN_POINT('',(397.836189904,743.063060275,9.4));
#951=DIRECTION('',(0.,0.,1.));
#952=DIRECTION('',(-1.,0.,0.));
#953=AXIS2_PLACEMENT_3D('',#950,#951,#952);
#954=CIRCLE('',#953,5.);
#955=EDGE_CURVE('',#941,#949,#954,.T.);
#956=ORIENTED_EDGE('',*,*,#955,.T.);
#957=CARTESIAN_POINT('',(392.836189904,733.313060275,9.4));
#958=VERTEX_POINT('',#957);
#959=CARTESIAN_POINT('',(392.836189904,733.313060275,9.4));
#960=DIRECTION('',(0.,1.,0.));
#961=VECTOR('',#960,9.75);
#962=LINE('',#959,#961);
#963=EDGE_CURVE('',#958,#949,#962,.T.);
#964=ORIENTED_EDGE('',*,*,#963,.F.);
#965=CARTESIAN_POINT('',(387.836189904,728.313060275,9.4));
#966=VERTEX_POINT('',#965);
#967=CARTESIAN_POINT('',(387.836189904,733.313060275,9.4));
#968=DIRECTION('',(0.,0.,-1.));
#969=DIRECTION('',(1.,-0.,0.));
#970=AXIS2_PLACEMENT_3D('',#967,#968,#969);
#971=CIRCLE('',#970,5.);
#972=EDGE_CURVE('',#958,#966,#971,.T.);
#973=ORIENTED_EDGE('',*,*,#972,.T.);
#974=CARTESIAN_POINT('',(378.086189904,728.313060275,9.4));
#975=VERTEX_POINT('',#974);
#976=CARTESIAN_POINT('',(378.086189904,728.313060275,9.4));
#977=DIRECTION('',(1.,-0.,0.));
#978=VECTOR('',#977,9.75);
#979=LINE('',#976,#978);
#980=EDGE_CURVE('',#975,#966,#979,.T.);
#981=ORIENTED_EDGE('',*,*,#980,.F.);
#982=CARTESIAN_POINT('',(378.086189904,723.313060275,9.4));
#983=DIRECTION('',(0.,0.,1.));
#984=DIRECTION('',(-1.,0.,0.));
#985=AXIS2_PLACEMENT_3D('',#982,#983,#984);
#986=CIRCLE('',#985,5.);
#987=EDGE_CURVE('',#975,#425,#986,.T.);
#988=ORIENTED_EDGE('',*,*,#987,.T.);
#989=ORIENTED_EDGE('',*,*,#430,.F.);
#990=CARTESIAN_POINT('',(376.186189904,715.963060275,9.4));
#991=DIRECTION('',(0.,0.,-1.));
#992=DIRECTION('',(1.,-0.,0.));
#993=AXIS2_PLACEMENT_3D('',#990,#991,#992);
#994=CIRCLE('',#993,4.);
#995=EDGE_CURVE('',#417,#393,#994,.T.);
#996=ORIENTED_EDGE('',*,*,#995,.T.);
#997=ORIENTED_EDGE('',*,*,#398,.F.);
#998=CARTESIAN_POINT('',(378.086189904,703.613060275,9.4));
#999=VERTEX_POINT('',#998);
#1000=CARTESIAN_POINT('',(378.086189904,708.613060275,9.4));
#1001=DIRECTION('',(0.,0.,1.));
#1002=DIRECTION('',(-1.,0.,0.));
#1003=AXIS2_PLACEMENT_3D('',#1000,#1001,#1002);
#1004=CIRCLE('',#1003,5.);
#1005=EDGE_CURVE('',#385,#999,#1004,.T.);
#1006=ORIENTED_EDGE('',*,*,#1005,.T.);
#1007=CARTESIAN_POINT('',(387.836189904,703.613060275,9.4));
#1008=VERTEX_POINT('',#1007);
#1009=CARTESIAN_POINT('',(387.836189904,703.613060275,9.4));
#1010=DIRECTION('',(-1.,0.,0.));
#1011=VECTOR('',#1010,9.75);
#1012=LINE('',#1009,#1011);
#1013=EDGE_CURVE('',#1008,#999,#1012,.T.);
#1014=ORIENTED_EDGE('',*,*,#1013,.F.);
#1015=CARTESIAN_POINT('',(392.836189904,698.613060275,9.4));
#1016=VERTEX_POINT('',#1015);
#1017=CARTESIAN_POINT('',(387.836189904,698.613060275,9.4));
#1018=DIRECTION('',(0.,0.,-1.));
#1019=DIRECTION('',(1.,-0.,0.));
#1020=AXIS2_PLACEMENT_3D('',#1017,#1018,#1019);
#1021=CIRCLE('',#1020,5.);
#1022=EDGE_CURVE('',#1008,#1016,#1021,.T.);
#1023=ORIENTED_EDGE('',*,*,#1022,.T.);
#1024=CARTESIAN_POINT('',(392.836189904,688.863060275,9.4));
#1025=VERTEX_POINT('',#1024);
#1026=CARTESIAN_POINT('',(392.836189904,688.863060275,9.4));
#1027=DIRECTION('',(0.,1.,0.));
#1028=VECTOR('',#1027,9.75);
#1029=LINE('',#1026,#1028);
#1030=EDGE_CURVE('',#1025,#1016,#1029,.T.);
#1031=ORIENTED_EDGE('',*,*,#1030,.F.);
#1032=CARTESIAN_POINT('',(393.253614209,686.863060275,9.4));
#1033=VERTEX_POINT('',#1032);
#1034=CARTESIAN_POINT('',(397.836189904,688.863060275,9.4));
#1035=DIRECTION('',(0.,0.,1.));
#1036=DIRECTION('',(-1.,0.,0.));
#1037=AXIS2_PLACEMENT_3D('',#1034,#1035,#1036);
#1038=CIRCLE('',#1037,5.);
#1039=EDGE_CURVE('',#1025,#1033,#1038,.T.);
#1040=ORIENTED_EDGE('',*,*,#1039,.T.);
#1041=CARTESIAN_POINT('',(417.118765599,686.863060275,9.4));
#1042=VERTEX_POINT('',#1041);
#1043=CARTESIAN_POINT('',(393.253614209,686.863060275,9.4));
#1044=DIRECTION('',(1.,-0.,-0.));
#1045=VECTOR('',#1044,23.86515139);
#1046=LINE('',#1043,#1045);
#1047=EDGE_CURVE('',#1033,#1042,#1046,.T.);
#1048=ORIENTED_EDGE('',*,*,#1047,.T.);
#1049=CARTESIAN_POINT('',(417.536189904,688.863060275,9.4));
#1050=VERTEX_POINT('',#1049);
#1051=CARTESIAN_POINT('',(412.536189904,688.863060275,9.4));
#1052=DIRECTION('',(0.,0.,1.));
#1053=DIRECTION('',(-1.,0.,0.));
#1054=AXIS2_PLACEMENT_3D('',#1051,#1052,#1053);
#1055=CIRCLE('',#1054,5.);
#1056=EDGE_CURVE('',#1042,#1050,#1055,.T.);
#1057=ORIENTED_EDGE('',*,*,#1056,.T.);
#1058=CARTESIAN_POINT('',(417.536189904,698.613060275,9.4));
#1059=VERTEX_POINT('',#1058);
#1060=CARTESIAN_POINT('',(417.536189904,698.613060275,9.4));
#1061=DIRECTION('',(-0.,-1.,0.));
#1062=VECTOR('',#1061,9.75);
#1063=LINE('',#1060,#1062);
#1064=EDGE_CURVE('',#1059,#1050,#1063,.T.);
#1065=ORIENTED_EDGE('',*,*,#1064,.F.);
#1066=CARTESIAN_POINT('',(422.536189904,703.613060275,9.4));
#1067=VERTEX_POINT('',#1066);
#1068=CARTESIAN_POINT('',(422.536189904,698.613060275,9.4));
#1069=DIRECTION('',(0.,0.,-1.));
#1070=DIRECTION('',(1.,-0.,0.));
#1071=AXIS2_PLACEMENT_3D('',#1068,#1069,#1070);
#1072=CIRCLE('',#1071,5.);
#1073=EDGE_CURVE('',#1059,#1067,#1072,.T.);
#1074=ORIENTED_EDGE('',*,*,#1073,.T.);
#1075=CARTESIAN_POINT('',(432.286189904,703.613060275,9.4));
#1076=VERTEX_POINT('',#1075);
#1077=CARTESIAN_POINT('',(432.286189904,703.613060275,9.4));
#1078=DIRECTION('',(-1.,0.,0.));
#1079=VECTOR('',#1078,9.75);
#1080=LINE('',#1077,#1079);
#1081=EDGE_CURVE('',#1076,#1067,#1080,.T.);
#1082=ORIENTED_EDGE('',*,*,#1081,.F.);
#1083=CARTESIAN_POINT('',(432.286189904,708.613060275,9.4));
#1084=DIRECTION('',(0.,0.,1.));
#1085=DIRECTION('',(-1.,0.,0.));
#1086=AXIS2_PLACEMENT_3D('',#1083,#1084,#1085);
#1087=CIRCLE('',#1086,5.);
#1088=EDGE_CURVE('',#1076,#183,#1087,.T.);
#1089=ORIENTED_EDGE('',*,*,#1088,.T.);
#1090=EDGE_LOOP('',(#887,#894,#895,#896,#905,#913,#922,#930,#939,#947,#956,#964,#973,#981,#988,#989,#996,#997,#1006,#1014,#1023,#1031,#1040,#1048,#1057,#1065,
#1074,#1082,#1089));
#1091=FACE_BOUND('',#1090,.T.);
#1092=CARTESIAN_POINT('',(434.286189904,730.313060275,9.4));
#1093=VERTEX_POINT('',#1092);
#1094=CARTESIAN_POINT('',(439.286189904,725.313060275,9.4));
#1095=VERTEX_POINT('',#1094);
#1096=CARTESIAN_POINT('',(434.286189904,725.313060275,9.4));
#1097=DIRECTION('',(0.,0.,-1.));
#1098=DIRECTION('',(1.,-0.,0.));
#1099=AXIS2_PLACEMENT_3D('',#1096,#1097,#1098);
#1100=CIRCLE('',#1099,5.);
#1101=EDGE_CURVE('',#1093,#1095,#1100,.T.);
#1102=ORIENTED_EDGE('',*,*,#1101,.T.);
#1103=CARTESIAN_POINT('',(439.286189904,706.613060275,9.4));
#1104=VERTEX_POINT('',#1103);
#1105=CARTESIAN_POINT('',(439.286189904,725.313060275,9.4));
#1106=DIRECTION('',(-0.,-1.,-0.));
#1107=VECTOR('',#1106,18.7);
#1108=LINE('',#1105,#1107);
#1109=EDGE_CURVE('',#1095,#1104,#1108,.T.);
#1110=ORIENTED_EDGE('',*,*,#1109,.T.);
#1111=CARTESIAN_POINT('',(434.286189904,701.613060275,9.4));
#1112=VERTEX_POINT('',#1111);
#1113=CARTESIAN_POINT('',(434.286189904,706.613060275,9.4));
#1114=DIRECTION('',(0.,0.,-1.));
#1115=DIRECTION('',(1.,-0.,0.));
#1116=AXIS2_PLACEMENT_3D('',#1113,#1114,#1115);
#1117=CIRCLE('',#1116,5.);
#1118=EDGE_CURVE('',#1104,#1112,#1117,.T.);
#1119=ORIENTED_EDGE('',*,*,#1118,.T.);
#1120=CARTESIAN_POINT('',(424.536189904,701.613060275,9.4));
#1121=VERTEX_POINT('',#1120);
#1122=CARTESIAN_POINT('',(434.286189904,701.613060275,9.4));
#1123=DIRECTION('',(-1.,0.,0.));
#1124=VECTOR('',#1123,9.75);
#1125=LINE('',#1122,#1124);
#1126=EDGE_CURVE('',#1112,#1121,#1125,.T.);
#1127=ORIENTED_EDGE('',*,*,#1126,.T.);
#1128=CARTESIAN_POINT('',(419.536189904,696.613060275,9.4));
#1129=VERTEX_POINT('',#1128);
#1130=CARTESIAN_POINT('',(424.536189904,696.613060275,9.4));
#1131=DIRECTION('',(0.,0.,1.));
#1132=DIRECTION('',(-1.,0.,0.));
#1133=AXIS2_PLACEMENT_3D('',#1130,#1131,#1132);
#1134=CIRCLE('',#1133,5.);
#1135=EDGE_CURVE('',#1121,#1129,#1134,.T.);
#1136=ORIENTED_EDGE('',*,*,#1135,.T.);
#1137=CARTESIAN_POINT('',(419.536189904,686.863060275,9.4));
#1138=VERTEX_POINT('',#1137);
#1139=CARTESIAN_POINT('',(419.536189904,696.613060275,9.4));
#1140=DIRECTION('',(-0.,-1.,-0.));
#1141=VECTOR('',#1140,9.75);
#1142=LINE('',#1139,#1141);
#1143=EDGE_CURVE('',#1129,#1138,#1142,.T.);
#1144=ORIENTED_EDGE('',*,*,#1143,.T.);
#1145=CARTESIAN_POINT('',(414.536189904,681.863060275,9.4));
#1146=VERTEX_POINT('',#1145);
#1147=CARTESIAN_POINT('',(414.536189904,686.863060275,9.4));
#1148=DIRECTION('',(0.,0.,-1.));
#1149=DIRECTION('',(1.,-0.,0.));
#1150=AXIS2_PLACEMENT_3D('',#1147,#1148,#1149);
#1151=CIRCLE('',#1150,5.);
#1152=EDGE_CURVE('',#1138,#1146,#1151,.T.);
#1153=ORIENTED_EDGE('',*,*,#1152,.T.);
#1154=CARTESIAN_POINT('',(395.836189904,681.863060275,9.4));
#1155=VERTEX_POINT('',#1154);
#1156=CARTESIAN_POINT('',(414.536189904,681.863060275,9.4));
#1157=DIRECTION('',(-1.,0.,0.));
#1158=VECTOR('',#1157,18.7);
#1159=LINE('',#1156,#1158);
#1160=EDGE_CURVE('',#1146,#1155,#1159,.T.);
#1161=ORIENTED_EDGE('',*,*,#1160,.T.);
#1162=CARTESIAN_POINT('',(390.836189904,686.863060275,9.4));
#1163=VERTEX_POINT('',#1162);
#1164=CARTESIAN_POINT('',(395.836189904,686.863060275,9.4));
#1165=DIRECTION('',(0.,0.,-1.));
#1166=DIRECTION('',(1.,-0.,0.));
#1167=AXIS2_PLACEMENT_3D('',#1164,#1165,#1166);
#1168=CIRCLE('',#1167,5.);
#1169=EDGE_CURVE('',#1155,#1163,#1168,.T.);
#1170=ORIENTED_EDGE('',*,*,#1169,.T.);
#1171=CARTESIAN_POINT('',(390.836189904,696.613060275,9.4));
#1172=VERTEX_POINT('',#1171);
#1173=CARTESIAN_POINT('',(390.836189904,686.863060275,9.4));
#1174=DIRECTION('',(0.,1.,0.));
#1175=VECTOR('',#1174,9.75);
#1176=LINE('',#1173,#1175);
#1177=EDGE_CURVE('',#1163,#1172,#1176,.T.);
#1178=ORIENTED_EDGE('',*,*,#1177,.T.);
#1179=CARTESIAN_POINT('',(385.836189904,701.613060275,9.4));
#1180=VERTEX_POINT('',#1179);
#1181=CARTESIAN_POINT('',(385.836189904,696.613060275,9.4));
#1182=DIRECTION('',(0.,0.,1.));
#1183=DIRECTION('',(-1.,0.,0.));
#1184=AXIS2_PLACEMENT_3D('',#1181,#1182,#1183);
#1185=CIRCLE('',#1184,5.);
#1186=EDGE_CURVE('',#1172,#1180,#1185,.T.);
#1187=ORIENTED_EDGE('',*,*,#1186,.T.);
#1188=CARTESIAN_POINT('',(376.086189904,701.613060275,9.4));
#1189=VERTEX_POINT('',#1188);
#1190=CARTESIAN_POINT('',(385.836189904,701.613060275,9.4));
#1191=DIRECTION('',(-1.,0.,0.));
#1192=VECTOR('',#1191,9.75);
#1193=LINE('',#1190,#1192);
#1194=EDGE_CURVE('',#1180,#1189,#1193,.T.);
#1195=ORIENTED_EDGE('',*,*,#1194,.T.);
#1196=CARTESIAN_POINT('',(371.086189904,706.613060275,9.4));
#1197=VERTEX_POINT('',#1196);
#1198=CARTESIAN_POINT('',(376.086189904,706.613060275,9.4));
#1199=DIRECTION('',(0.,0.,-1.));
#1200=DIRECTION('',(1.,-0.,0.));
#1201=AXIS2_PLACEMENT_3D('',#1198,#1199,#1200);
#1202=CIRCLE('',#1201,5.);
#1203=EDGE_CURVE('',#1189,#1197,#1202,.T.);
#1204=ORIENTED_EDGE('',*,*,#1203,.T.);
#1205=CARTESIAN_POINT('',(371.086189904,725.313060275,9.4));
#1206=VERTEX_POINT('',#1205);
#1207=CARTESIAN_POINT('',(371.086189904,706.613060275,9.4));
#1208=DIRECTION('',(0.,1.,0.));
#1209=VECTOR('',#1208,18.7);
#1210=LINE('',#1207,#1209);
#1211=EDGE_CURVE('',#1197,#1206,#1210,.T.);
#1212=ORIENTED_EDGE('',*,*,#1211,.T.);
#1213=CARTESIAN_POINT('',(376.086189904,730.313060275,9.4));
#1214=VERTEX_POINT('',#1213);
#1215=CARTESIAN_POINT('',(376.086189904,725.313060275,9.4));
#1216=DIRECTION('',(0.,0.,-1.));
#1217=DIRECTION('',(1.,-0.,0.));
#1218=AXIS2_PLACEMENT_3D('',#1215,#1216,#1217);
#1219=CIRCLE('',#1218,5.);
#1220=EDGE_CURVE('',#1206,#1214,#1219,.T.);
#1221=ORIENTED_EDGE('',*,*,#1220,.T.);
#1222=CARTESIAN_POINT('',(385.836189904,730.313060275,9.4));
#1223=VERTEX_POINT('',#1222);
#1224=CARTESIAN_POINT('',(376.086189904,730.313060275,9.4));
#1225=DIRECTION('',(1.,-0.,-0.));
#1226=VECTOR('',#1225,9.75);
#1227=LINE('',#1224,#1226);
#1228=EDGE_CURVE('',#1214,#1223,#1227,.T.);
#1229=ORIENTED_EDGE('',*,*,#1228,.T.);
#1230=CARTESIAN_POINT('',(390.836189904,735.313060275,9.4));
#1231=VERTEX_POINT('',#1230);
#1232=CARTESIAN_POINT('',(385.836189904,735.313060275,9.4));
#1233=DIRECTION('',(0.,0.,1.));
#1234=DIRECTION('',(-1.,0.,0.));
#1235=AXIS2_PLACEMENT_3D('',#1232,#1233,#1234);
#1236=CIRCLE('',#1235,5.);
#1237=EDGE_CURVE('',#1223,#1231,#1236,.T.);
#1238=ORIENTED_EDGE('',*,*,#1237,.T.);
#1239=CARTESIAN_POINT('',(390.836189904,745.063060275,9.4));
#1240=VERTEX_POINT('',#1239);
#1241=CARTESIAN_POINT('',(390.836189904,735.313060275,9.4));
#1242=DIRECTION('',(0.,1.,0.));
#1243=VECTOR('',#1242,9.75);
#1244=LINE('',#1241,#1243);
#1245=EDGE_CURVE('',#1231,#1240,#1244,.T.);
#1246=ORIENTED_EDGE('',*,*,#1245,.T.);
#1247=CARTESIAN_POINT('',(395.836189904,750.063060275,9.4));
#1248=VERTEX_POINT('',#1247);
#1249=CARTESIAN_POINT('',(395.836189904,745.063060275,9.4));
#1250=DIRECTION('',(0.,0.,-1.));
#1251=DIRECTION('',(1.,-0.,0.));
#1252=AXIS2_PLACEMENT_3D('',#1249,#1250,#1251);
#1253=CIRCLE('',#1252,5.);
#1254=EDGE_CURVE('',#1240,#1248,#1253,.T.);
#1255=ORIENTED_EDGE('',*,*,#1254,.T.);
#1256=CARTESIAN_POINT('',(414.536189904,750.063060275,9.4));
#1257=VERTEX_POINT('',#1256);
#1258=CARTESIAN_POINT('',(395.836189904,750.063060275,9.4));
#1259=DIRECTION('',(1.,-0.,-0.));
#1260=VECTOR('',#1259,18.7);
#1261=LINE('',#1258,#1260);
#1262=EDGE_CURVE('',#1248,#1257,#1261,.T.);
#1263=ORIENTED_EDGE('',*,*,#1262,.T.);
#1264=CARTESIAN_POINT('',(419.536189904,745.063060275,9.4));
#1265=VERTEX_POINT('',#1264);
#1266=CARTESIAN_POINT('',(414.536189904,745.063060275,9.4));
#1267=DIRECTION('',(0.,0.,-1.));
#1268=DIRECTION('',(1.,-0.,0.));
#1269=AXIS2_PLACEMENT_3D('',#1266,#1267,#1268);
#1270=CIRCLE('',#1269,5.);
#1271=EDGE_CURVE('',#1257,#1265,#1270,.T.);
#1272=ORIENTED_EDGE('',*,*,#1271,.T.);
#1273=CARTESIAN_POINT('',(419.536189904,735.313060275,9.4));
#1274=VERTEX_POINT('',#1273);
#1275=CARTESIAN_POINT('',(419.536189904,745.063060275,9.4));
#1276=DIRECTION('',(-0.,-1.,-0.));
#1277=VECTOR('',#1276,9.75);
#1278=LINE('',#1275,#1277);
#1279=EDGE_CURVE('',#1265,#1274,#1278,.T.);
#1280=ORIENTED_EDGE('',*,*,#1279,.T.);
#1281=CARTESIAN_POINT('',(424.536189904,730.313060275,9.4));
#1282=VERTEX_POINT('',#1281);
#1283=CARTESIAN_POINT('',(424.536189904,735.313060275,9.4));
#1284=DIRECTION('',(0.,0.,1.));
#1285=DIRECTION('',(-1.,0.,0.));
#1286=AXIS2_PLACEMENT_3D('',#1283,#1284,#1285);
#1287=CIRCLE('',#1286,5.);
#1288=EDGE_CURVE('',#1274,#1282,#1287,.T.);
#1289=ORIENTED_EDGE('',*,*,#1288,.T.);
#1290=CARTESIAN_POINT('',(424.536189904,730.313060275,9.4));
#1291=DIRECTION('',(1.,-0.,-0.));
#1292=VECTOR('',#1291,9.75);
#1293=LINE('',#1290,#1292);
#1294=EDGE_CURVE('',#1282,#1093,#1293,.T.);
#1295=ORIENTED_EDGE('',*,*,#1294,.T.);
#1296=EDGE_LOOP('',(#1102,#1110,#1119,#1127,#1136,#1144,#1153,#1161,#1170,#1178,#1187,#1195,#1204,#1212,#1221,#1229,#1238,#1246,#1255,#1263,#1272,#1280,#1289,#1295));
#1297=FACE_BOUND('',#1296,.T.);
#1298=CARTESIAN_POINT('',(379.186189902,715.963060275,9.4));
#1299=VERTEX_POINT('',#1298);
#1300=CARTESIAN_POINT('',(373.186189905,715.963060275,9.4));
#1301=VERTEX_POINT('',#1300);
#1302=CARTESIAN_POINT('',(376.186189904,715.963060275,9.4));
#1303=DIRECTION('',(-0.,-0.,1.));
#1304=DIRECTION('',(1.,-0.,0.));
#1305=AXIS2_PLACEMENT_3D('',#1302,#1303,#1304);
#1306=CIRCLE('',#1305,2.999999998);
#1307=EDGE_CURVE('',#1299,#1301,#1306,.T.);
#1308=ORIENTED_EDGE('',*,*,#1307,.T.);
#1309=CARTESIAN_POINT('',(376.186189904,715.963060275,9.4));
#1310=DIRECTION('',(-0.,-0.,1.));
#1311=DIRECTION('',(1.,-0.,0.));
#1312=AXIS2_PLACEMENT_3D('',#1309,#1310,#1311);
#1313=CIRCLE('',#1312,2.999999998);
#1314=EDGE_CURVE('',#1301,#1299,#1313,.T.);
#1315=ORIENTED_EDGE('',*,*,#1314,.T.);
#1316=EDGE_LOOP('',(#1308,#1315));
#1317=FACE_BOUND('',#1316,.T.);
#1318=CARTESIAN_POINT('',(437.186189902,715.963060275,9.4));
#1319=VERTEX_POINT('',#1318);
#1320=CARTESIAN_POINT('',(431.186189905,715.963060275,9.4));
#1321=VERTEX_POINT('',#1320);
#1322=CARTESIAN_POINT('',(434.186189904,715.963060275,9.4));
#1323=DIRECTION('',(-0.,-0.,1.));
#1324=DIRECTION('',(1.,-0.,0.));
#1325=AXIS2_PLACEMENT_3D('',#1322,#1323,#1324);
#1326=CIRCLE('',#1325,2.999999998);
#1327=EDGE_CURVE('',#1319,#1321,#1326,.T.);
#1328=ORIENTED_EDGE('',*,*,#1327,.T.);
#1329=CARTESIAN_POINT('',(434.186189904,715.963060275,9.4));
#1330=DIRECTION('',(-0.,-0.,1.));
#1331=DIRECTION('',(1.,-0.,0.));
#1332=AXIS2_PLACEMENT_3D('',#1329,#1330,#1331);
#1333=CIRCLE('',#1332,2.999999998);
#1334=EDGE_CURVE('',#1321,#1319,#1333,.T.);
#1335=ORIENTED_EDGE('',*,*,#1334,.T.);
#1336=EDGE_LOOP('',(#1328,#1335));
#1337=FACE_BOUND('',#1336,.T.);
#1338=ADVANCED_FACE('',(#1091,#1297,#1317,#1337),#886,.T.);
#1339=CARTESIAN_POINT('',(380.961189904,701.613060275,127.4));
#1340=DIRECTION('',(-0.,-1.,0.));
#1341=DIRECTION('',(-1.,0.,0.));
#1342=AXIS2_PLACEMENT_3D('',#1339,#1340,#1341);
#1343=PLANE('',#1342);
#1344=ORIENTED_EDGE('',*,*,#802,.T.);
#1345=CARTESIAN_POINT('',(376.086189904,701.613060275,89.4));
#1346=DIRECTION('',(0.,0.,-1.));
#1347=VECTOR('',#1346,80.);
#1348=LINE('',#1345,#1347);
#1349=EDGE_CURVE('',#788,#1189,#1348,.T.);
#1350=ORIENTED_EDGE('',*,*,#1349,.T.);
#1351=ORIENTED_EDGE('',*,*,#1194,.F.);
#1352=CARTESIAN_POINT('',(385.836189904,701.613060275,9.4));
#1353=DIRECTION('',(-0.,-0.,1.));
#1354=VECTOR('',#1353,80.);
#1355=LINE('',#1352,#1354);
#1356=EDGE_CURVE('',#1180,#797,#1355,.T.);
#1357=ORIENTED_EDGE('',*,*,#1356,.T.);
#1358=EDGE_LOOP('',(#1344,#1350,#1351,#1357));
#1359=FACE_BOUND('',#1358,.T.);
#1360=ADVANCED_FACE('',(#1359),#1343,.T.);
#1361=CARTESIAN_POINT('',(371.086189904,715.963060275,127.4));
#1362=DIRECTION('',(-1.,0.,0.));
#1363=DIRECTION('',(0.,0.,1.));
#1364=AXIS2_PLACEMENT_3D('',#1361,#1362,#1363);
#1365=PLANE('',#1364);
#1366=ORIENTED_EDGE('',*,*,#785,.T.);
#1367=CARTESIAN_POINT('',(371.086189904,725.313060275,89.4));
#1368=DIRECTION('',(-0.,-0.,-1.));
#1369=VECTOR('',#1368,80.);
#1370=LINE('',#1367,#1369);
#1371=EDGE_CURVE('',#771,#1206,#1370,.T.);
#1372=ORIENTED_EDGE('',*,*,#1371,.T.);
#1373=ORIENTED_EDGE('',*,*,#1211,.F.);
#1374=CARTESIAN_POINT('',(371.086189904,706.613060275,9.4));
#1375=DIRECTION('',(0.,0.,1.));
#1376=VECTOR('',#1375,80.);
#1377=LINE('',#1374,#1376);
#1378=EDGE_CURVE('',#1197,#780,#1377,.T.);
#1379=ORIENTED_EDGE('',*,*,#1378,.T.);
#1380=EDGE_LOOP('',(#1366,#1372,#1373,#1379));
#1381=FACE_BOUND('',#1380,.T.);
#1382=ADVANCED_FACE('',(#1381),#1365,.T.);
#1383=CARTESIAN_POINT('',(439.286189904,715.963060275,127.4));
#1384=DIRECTION('',(1.,-0.,0.));
#1385=DIRECTION('',(0.,0.,-1.));
#1386=AXIS2_PLACEMENT_3D('',#1383,#1384,#1385);
#1387=PLANE('',#1386);
#1388=CARTESIAN_POINT('',(439.286189904,715.963060275,35.25));
#1389=VERTEX_POINT('',#1388);
#1390=CARTESIAN_POINT('',(439.286189904,715.963060275,41.55));
#1391=VERTEX_POINT('',#1390);
#1392=CARTESIAN_POINT('',(439.286189904,715.963060275,38.4));
#1393=DIRECTION('',(1.,-0.,0.));
#1394=DIRECTION('',(0.,0.,1.));
#1395=AXIS2_PLACEMENT_3D('',#1392,#1393,#1394);
#1396=CIRCLE('',#1395,3.15);
#1397=EDGE_CURVE('',#1389,#1391,#1396,.T.);
#1398=ORIENTED_EDGE('',*,*,#1397,.F.);
#1399=CARTESIAN_POINT('',(439.286189904,715.963060275,38.4));
#1400=DIRECTION('',(1.,-0.,0.));
#1401=DIRECTION('',(0.,0.,1.));
#1402=AXIS2_PLACEMENT_3D('',#1399,#1400,#1401);
#1403=CIRCLE('',#1402,3.15);
#1404=EDGE_CURVE('',#1391,#1389,#1403,.T.);
#1405=ORIENTED_EDGE('',*,*,#1404,.F.);
#1406=EDGE_LOOP('',(#1398,#1405));
#1407=FACE_BOUND('',#1406,.T.);
#1408=ORIENTED_EDGE('',*,*,#1109,.F.);
#1409=CARTESIAN_POINT('',(439.286189904,725.313060275,9.4));
#1410=DIRECTION('',(-0.,-0.,1.));
#1411=VECTOR('',#1410,80.);
#1412=LINE('',#1409,#1411);
#1413=EDGE_CURVE('',#1095,#676,#1412,.T.);
#1414=ORIENTED_EDGE('',*,*,#1413,.T.);
#1415=ORIENTED_EDGE('',*,*,#683,.T.);
#1416=CARTESIAN_POINT('',(439.286189904,706.613060275,89.4));
#1417=DIRECTION('',(0.,0.,-1.));
#1418=VECTOR('',#1417,80.);
#1419=LINE('',#1416,#1418);
#1420=EDGE_CURVE('',#678,#1104,#1419,.T.);
#1421=ORIENTED_EDGE('',*,*,#1420,.T.);
#1422=EDGE_LOOP('',(#1408,#1414,#1415,#1421));
#1423=FACE_BOUND('',#1422,.T.);
#1424=ADVANCED_FACE('',(#1407,#1423),#1387,.T.);
#1425=CARTESIAN_POINT('',(429.411189904,701.613060275,127.4));
#1426=DIRECTION('',(-0.,-1.,0.));
#1427=DIRECTION('',(-1.,0.,0.));
#1428=AXIS2_PLACEMENT_3D('',#1425,#1426,#1427);
#1429=PLANE('',#1428);
#1430=ORIENTED_EDGE('',*,*,#1126,.F.);
#1431=CARTESIAN_POINT('',(434.286189904,701.613060275,9.4));
#1432=DIRECTION('',(-0.,-0.,1.));
#1433=VECTOR('',#1432,80.);
#1434=LINE('',#1431,#1433);
#1435=EDGE_CURVE('',#1112,#865,#1434,.T.);
#1436=ORIENTED_EDGE('',*,*,#1435,.T.);
#1437=ORIENTED_EDGE('',*,*,#870,.T.);
#1438=CARTESIAN_POINT('',(424.536189904,701.613060275,89.4));
#1439=DIRECTION('',(0.,0.,-1.));
#1440=VECTOR('',#1439,80.);
#1441=LINE('',#1438,#1440);
#1442=EDGE_CURVE('',#856,#1121,#1441,.T.);
#1443=ORIENTED_EDGE('',*,*,#1442,.T.);
#1444=EDGE_LOOP('',(#1430,#1436,#1437,#1443));
#1445=FACE_BOUND('',#1444,.T.);
#1446=ADVANCED_FACE('',(#1445),#1429,.T.);
#1447=CARTESIAN_POINT('',(419.536189904,691.738060275,127.4));
#1448=DIRECTION('',(1.,-0.,0.));
#1449=DIRECTION('',(-0.,-1.,0.));
#1450=AXIS2_PLACEMENT_3D('',#1447,#1448,#1449);
#1451=PLANE('',#1450);
#1452=ORIENTED_EDGE('',*,*,#853,.T.);
#1453=CARTESIAN_POINT('',(419.536189904,686.863060275,89.4));
#1454=DIRECTION('',(0.,0.,-1.));
#1455=VECTOR('',#1454,80.);
#1456=LINE('',#1453,#1455);
#1457=EDGE_CURVE('',#839,#1138,#1456,.T.);
#1458=ORIENTED_EDGE('',*,*,#1457,.T.);
#1459=ORIENTED_EDGE('',*,*,#1143,.F.);
#1460=CARTESIAN_POINT('',(419.536189904,696.613060275,9.4));
#1461=DIRECTION('',(-0.,-0.,1.));
#1462=VECTOR('',#1461,80.);
#1463=LINE('',#1460,#1462);
#1464=EDGE_CURVE('',#1129,#848,#1463,.T.);
#1465=ORIENTED_EDGE('',*,*,#1464,.T.);
#1466=EDGE_LOOP('',(#1452,#1458,#1459,#1465));
#1467=FACE_BOUND('',#1466,.T.);
#1468=ADVANCED_FACE('',(#1467),#1451,.T.);
#1469=CARTESIAN_POINT('',(405.186189904,681.863060275,127.4));
#1470=DIRECTION('',(-0.,-1.,0.));
#1471=DIRECTION('',(0.,0.,1.));
#1472=AXIS2_PLACEMENT_3D('',#1469,#1470,#1471);
#1473=PLANE('',#1472);
#1474=ORIENTED_EDGE('',*,*,#836,.T.);
#1475=CARTESIAN_POINT('',(395.836189904,681.863060275,89.4));
#1476=DIRECTION('',(-0.,-0.,-1.));
#1477=VECTOR('',#1476,80.);
#1478=LINE('',#1475,#1477);
#1479=EDGE_CURVE('',#822,#1155,#1478,.T.);
#1480=ORIENTED_EDGE('',*,*,#1479,.T.);
#1481=ORIENTED_EDGE('',*,*,#1160,.F.);
#1482=CARTESIAN_POINT('',(414.536189904,681.863060275,9.4));
#1483=DIRECTION('',(0.,0.,1.));
#1484=VECTOR('',#1483,80.);
#1485=LINE('',#1482,#1484);
#1486=EDGE_CURVE('',#1146,#831,#1485,.T.);
#1487=ORIENTED_EDGE('',*,*,#1486,.T.);
#1488=EDGE_LOOP('',(#1474,#1480,#1481,#1487));
#1489=FACE_BOUND('',#1488,.T.);
#1490=ADVANCED_FACE('',(#1489),#1473,.T.);
#1491=CARTESIAN_POINT('',(382.961189904,703.613060275,127.4));
#1492=DIRECTION('',(-0.,-1.,0.));
#1493=DIRECTION('',(-1.,0.,0.));
#1494=AXIS2_PLACEMENT_3D('',#1491,#1492,#1493);
#1495=PLANE('',#1494);
#1496=ORIENTED_EDGE('',*,*,#1013,.T.);
#1497=CARTESIAN_POINT('',(378.086189904,703.613060275,9.4));
#1498=DIRECTION('',(-0.,-0.,1.));
#1499=VECTOR('',#1498,80.);
#1500=LINE('',#1497,#1499);
#1501=EDGE_CURVE('',#999,#558,#1500,.T.);
#1502=ORIENTED_EDGE('',*,*,#1501,.T.);
#1503=ORIENTED_EDGE('',*,*,#563,.F.);
#1504=CARTESIAN_POINT('',(387.836189904,703.613060275,89.4));
#1505=DIRECTION('',(0.,0.,-1.));
#1506=VECTOR('',#1505,80.);
#1507=LINE('',#1504,#1506);
#1508=EDGE_CURVE('',#549,#1008,#1507,.T.);
#1509=ORIENTED_EDGE('',*,*,#1508,.T.);
#1510=EDGE_LOOP('',(#1496,#1502,#1503,#1509));
#1511=FACE_BOUND('',#1510,.T.);
#1512=ADVANCED_FACE('',(#1511),#1495,.F.);
#1513=CARTESIAN_POINT('',(392.836189904,693.738060275,127.4));
#1514=DIRECTION('',(-1.,0.,0.));
#1515=DIRECTION('',(0.,1.,0.));
#1516=AXIS2_PLACEMENT_3D('',#1513,#1514,#1515);
#1517=PLANE('',#1516);
#1518=ORIENTED_EDGE('',*,*,#546,.F.);
#1519=CARTESIAN_POINT('',(392.836189904,688.863060275,89.4));
#1520=DIRECTION('',(0.,0.,-1.));
#1521=VECTOR('',#1520,80.);
#1522=LINE('',#1519,#1521);
#1523=EDGE_CURVE('',#532,#1025,#1522,.T.);
#1524=ORIENTED_EDGE('',*,*,#1523,.T.);
#1525=ORIENTED_EDGE('',*,*,#1030,.T.);
#1526=CARTESIAN_POINT('',(392.836189904,698.613060275,9.4));
#1527=DIRECTION('',(-0.,-0.,1.));
#1528=VECTOR('',#1527,80.);
#1529=LINE('',#1526,#1528);
#1530=EDGE_CURVE('',#1016,#541,#1529,.T.);
#1531=ORIENTED_EDGE('',*,*,#1530,.T.);
#1532=EDGE_LOOP('',(#1518,#1524,#1525,#1531));
#1533=FACE_BOUND('',#1532,.T.);
#1534=ADVANCED_FACE('',(#1533),#1517,.F.);
#1535=CARTESIAN_POINT('',(405.186189904,683.863060275,127.4));
#1536=DIRECTION('',(-0.,-1.,0.));
#1537=DIRECTION('',(0.,0.,1.));
#1538=AXIS2_PLACEMENT_3D('',#1535,#1536,#1537);
#1539=PLANE('',#1538);
#1540=CARTESIAN_POINT('',(412.536189904,683.863060275,29.4));
#1541=VERTEX_POINT('',#1540);
#1542=CARTESIAN_POINT('',(412.536189904,683.863060275,89.4));
#1543=DIRECTION('',(-0.,-0.,-1.));
#1544=VECTOR('',#1543,60.);
#1545=LINE('',#1542,#1544);
#1546=EDGE_CURVE('',#515,#1541,#1545,.T.);
#1547=ORIENTED_EDGE('',*,*,#1546,.T.);
#1548=CARTESIAN_POINT('',(397.836189904,683.863060275,29.4));
#1549=VERTEX_POINT('',#1548);
#1550=CARTESIAN_POINT('',(412.536189904,683.863060275,29.4));
#1551=DIRECTION('',(-1.,0.,0.));
#1552=VECTOR('',#1551,14.7);
#1553=LINE('',#1550,#1552);
#1554=EDGE_CURVE('',#1541,#1549,#1553,.T.);
#1555=ORIENTED_EDGE('',*,*,#1554,.T.);
#1556=CARTESIAN_POINT('',(397.836189904,683.863060275,29.4));
#1557=DIRECTION('',(0.,0.,1.));
#1558=VECTOR('',#1557,60.);
#1559=LINE('',#1556,#1558);
#1560=EDGE_CURVE('',#1549,#524,#1559,.T.);
#1561=ORIENTED_EDGE('',*,*,#1560,.T.);
#1562=ORIENTED_EDGE('',*,*,#529,.F.);
#1563=EDGE_LOOP('',(#1547,#1555,#1561,#1562));
#1564=FACE_BOUND('',#1563,.T.);
#1565=ADVANCED_FACE('',(#1564),#1539,.F.);
#1566=CARTESIAN_POINT('',(417.536189904,693.738060275,127.4));
#1567=DIRECTION('',(1.,-0.,0.));
#1568=DIRECTION('',(-0.,-1.,0.));
#1569=AXIS2_PLACEMENT_3D('',#1566,#1567,#1568);
#1570=PLANE('',#1569);
#1571=ORIENTED_EDGE('',*,*,#1064,.T.);
#1572=CARTESIAN_POINT('',(417.536189904,688.863060275,9.4));
#1573=DIRECTION('',(-0.,-0.,1.));
#1574=VECTOR('',#1573,80.);
#1575=LINE('',#1572,#1574);
#1576=EDGE_CURVE('',#1050,#507,#1575,.T.);
#1577=ORIENTED_EDGE('',*,*,#1576,.T.);
#1578=ORIENTED_EDGE('',*,*,#512,.F.);
#1579=CARTESIAN_POINT('',(417.536189904,698.613060275,89.4));
#1580=DIRECTION('',(0.,0.,-1.));
#1581=VECTOR('',#1580,80.);
#1582=LINE('',#1579,#1581);
#1583=EDGE_CURVE('',#498,#1059,#1582,.T.);
#1584=ORIENTED_EDGE('',*,*,#1583,.T.);
#1585=EDGE_LOOP('',(#1571,#1577,#1578,#1584));
#1586=FACE_BOUND('',#1585,.T.);
#1587=ADVANCED_FACE('',(#1586),#1570,.F.);
#1588=CARTESIAN_POINT('',(427.411189904,703.613060275,127.4));
#1589=DIRECTION('',(-0.,-1.,0.));
#1590=DIRECTION('',(-1.,0.,0.));
#1591=AXIS2_PLACEMENT_3D('',#1588,#1589,#1590);
#1592=PLANE('',#1591);
#1593=ORIENTED_EDGE('',*,*,#495,.F.);
#1594=CARTESIAN_POINT('',(432.286189904,703.613060275,89.4));
#1595=DIRECTION('',(0.,0.,-1.));
#1596=VECTOR('',#1595,80.);
#1597=LINE('',#1594,#1596);
#1598=EDGE_CURVE('',#481,#1076,#1597,.T.);
#1599=ORIENTED_EDGE('',*,*,#1598,.T.);
#1600=ORIENTED_EDGE('',*,*,#1081,.T.);
#1601=CARTESIAN_POINT('',(422.536189904,703.613060275,9.4));
#1602=DIRECTION('',(-0.,-0.,1.));
#1603=VECTOR('',#1602,80.);
#1604=LINE('',#1601,#1603);
#1605=EDGE_CURVE('',#1067,#490,#1604,.T.);
#1606=ORIENTED_EDGE('',*,*,#1605,.T.);
#1607=EDGE_LOOP('',(#1593,#1599,#1600,#1606));
#1608=FACE_BOUND('',#1607,.T.);
#1609=ADVANCED_FACE('',(#1608),#1592,.F.);
#1610=CARTESIAN_POINT('',(390.836189904,691.738060275,127.4));
#1611=DIRECTION('',(-1.,0.,0.));
#1612=DIRECTION('',(0.,1.,0.));
#1613=AXIS2_PLACEMENT_3D('',#1610,#1611,#1612);
#1614=PLANE('',#1613);
#1615=ORIENTED_EDGE('',*,*,#1177,.F.);
#1616=CARTESIAN_POINT('',(390.836189904,686.863060275,9.4));
#1617=DIRECTION('',(-0.,-0.,1.));
#1618=VECTOR('',#1617,80.);
#1619=LINE('',#1616,#1618);
#1620=EDGE_CURVE('',#1163,#814,#1619,.T.);
#1621=ORIENTED_EDGE('',*,*,#1620,.T.);
#1622=ORIENTED_EDGE('',*,*,#819,.T.);
#1623=CARTESIAN_POINT('',(390.836189904,696.613060275,89.4));
#1624=DIRECTION('',(0.,0.,-1.));
#1625=VECTOR('',#1624,80.);
#1626=LINE('',#1623,#1625);
#1627=EDGE_CURVE('',#805,#1172,#1626,.T.);
#1628=ORIENTED_EDGE('',*,*,#1627,.T.);
#1629=EDGE_LOOP('',(#1615,#1621,#1622,#1628));
#1630=FACE_BOUND('',#1629,.T.);
#1631=ADVANCED_FACE('',(#1630),#1614,.T.);
#1632=CARTESIAN_POINT('',(385.836189904,696.613060275,127.4));
#1633=DIRECTION('',(0.,0.,1.));
#1634=DIRECTION('',(1.,-0.,0.));
#1635=AXIS2_PLACEMENT_3D('',#1632,#1633,#1634);
#1636=CYLINDRICAL_SURFACE('',#1635,5.);
#1637=ORIENTED_EDGE('',*,*,#811,.F.);
#1638=ORIENTED_EDGE('',*,*,#1356,.F.);
#1639=ORIENTED_EDGE('',*,*,#1186,.F.);
#1640=ORIENTED_EDGE('',*,*,#1627,.F.);
#1641=EDGE_LOOP('',(#1637,#1638,#1639,#1640));
#1642=FACE_BOUND('',#1641,.T.);
#1643=ADVANCED_FACE('',(#1642),#1636,.F.);
#1644=CARTESIAN_POINT('',(424.536189904,696.613060275,127.4));
#1645=DIRECTION('',(0.,0.,1.));
#1646=DIRECTION('',(1.,-0.,0.));
#1647=AXIS2_PLACEMENT_3D('',#1644,#1645,#1646);
#1648=CYLINDRICAL_SURFACE('',#1647,5.);
#1649=ORIENTED_EDGE('',*,*,#862,.F.);
#1650=ORIENTED_EDGE('',*,*,#1464,.F.);
#1651=ORIENTED_EDGE('',*,*,#1135,.F.);
#1652=ORIENTED_EDGE('',*,*,#1442,.F.);
#1653=EDGE_LOOP('',(#1649,#1650,#1651,#1652));
#1654=FACE_BOUND('',#1653,.T.);
#1655=ADVANCED_FACE('',(#1654),#1648,.F.);
#1656=CARTESIAN_POINT('',(422.536189904,698.613060275,127.4));
#1657=DIRECTION('',(0.,0.,-1.));
#1658=DIRECTION('',(-1.,0.,0.));
#1659=AXIS2_PLACEMENT_3D('',#1656,#1657,#1658);
#1660=CYLINDRICAL_SURFACE('',#1659,5.);
#1661=ORIENTED_EDGE('',*,*,#504,.F.);
#1662=ORIENTED_EDGE('',*,*,#1605,.F.);
#1663=ORIENTED_EDGE('',*,*,#1073,.F.);
#1664=ORIENTED_EDGE('',*,*,#1583,.F.);
#1665=EDGE_LOOP('',(#1661,#1662,#1663,#1664));
#1666=FACE_BOUND('',#1665,.T.);
#1667=ADVANCED_FACE('',(#1666),#1660,.T.);
#1668=CARTESIAN_POINT('',(387.836189904,698.613060275,127.4));
#1669=DIRECTION('',(0.,0.,-1.));
#1670=DIRECTION('',(-1.,0.,0.));
#1671=AXIS2_PLACEMENT_3D('',#1668,#1669,#1670);
#1672=CYLINDRICAL_SURFACE('',#1671,5.);
#1673=ORIENTED_EDGE('',*,*,#555,.F.);
#1674=ORIENTED_EDGE('',*,*,#1530,.F.);
#1675=ORIENTED_EDGE('',*,*,#1022,.F.);
#1676=ORIENTED_EDGE('',*,*,#1508,.F.);
#1677=EDGE_LOOP('',(#1673,#1674,#1675,#1676));
#1678=FACE_BOUND('',#1677,.T.);
#1679=ADVANCED_FACE('',(#1678),#1672,.T.);
#1680=CARTESIAN_POINT('',(378.086189904,708.613060275,127.4));
#1681=DIRECTION('',(0.,0.,1.));
#1682=DIRECTION('',(1.,-0.,0.));
#1683=AXIS2_PLACEMENT_3D('',#1680,#1681,#1682);
#1684=CYLINDRICAL_SURFACE('',#1683,5.);
#1685=ORIENTED_EDGE('',*,*,#570,.F.);
#1686=ORIENTED_EDGE('',*,*,#1501,.F.);
#1687=ORIENTED_EDGE('',*,*,#1005,.F.);
#1688=ORIENTED_EDGE('',*,*,#390,.F.);
#1689=EDGE_LOOP('',(#1685,#1686,#1687,#1688));
#1690=FACE_BOUND('',#1689,.T.);
#1691=ADVANCED_FACE('',(#1690),#1684,.F.);
#1692=CARTESIAN_POINT('',(434.286189904,706.613060275,127.4));
#1693=DIRECTION('',(0.,0.,-1.));
#1694=DIRECTION('',(-1.,0.,0.));
#1695=AXIS2_PLACEMENT_3D('',#1692,#1693,#1694);
#1696=CYLINDRICAL_SURFACE('',#1695,5.);
#1697=ORIENTED_EDGE('',*,*,#877,.F.);
#1698=ORIENTED_EDGE('',*,*,#1435,.F.);
#1699=ORIENTED_EDGE('',*,*,#1118,.F.);
#1700=ORIENTED_EDGE('',*,*,#1420,.F.);
#1701=EDGE_LOOP('',(#1697,#1698,#1699,#1700));
#1702=FACE_BOUND('',#1701,.T.);
#1703=ADVANCED_FACE('',(#1702),#1696,.T.);
#1704=CARTESIAN_POINT('',(412.536189904,688.863060275,127.4));
#1705=DIRECTION('',(0.,0.,1.));
#1706=DIRECTION('',(1.,-0.,0.));
#1707=AXIS2_PLACEMENT_3D('',#1704,#1705,#1706);
#1708=CYLINDRICAL_SURFACE('',#1707,5.);
#1709=ORIENTED_EDGE('',*,*,#1056,.F.);
#1710=CARTESIAN_POINT('',(417.118765599,686.863060275,29.4));
#1711=VERTEX_POINT('',#1710);
#1712=CARTESIAN_POINT('',(417.118765599,686.863060275,9.4));
#1713=DIRECTION('',(0.,0.,1.));
#1714=VECTOR('',#1713,20.);
#1715=LINE('',#1712,#1714);
#1716=EDGE_CURVE('',#1042,#1711,#1715,.T.);
#1717=ORIENTED_EDGE('',*,*,#1716,.T.);
#1718=CARTESIAN_POINT('',(412.536189904,688.863060275,29.4));
#1719=DIRECTION('',(0.,0.,1.));
#1720=DIRECTION('',(-1.,0.,0.));
#1721=AXIS2_PLACEMENT_3D('',#1718,#1719,#1720);
#1722=CIRCLE('',#1721,5.);
#1723=EDGE_CURVE('',#1541,#1711,#1722,.T.);
#1724=ORIENTED_EDGE('',*,*,#1723,.F.);
#1725=ORIENTED_EDGE('',*,*,#1546,.F.);
#1726=ORIENTED_EDGE('',*,*,#521,.F.);
#1727=ORIENTED_EDGE('',*,*,#1576,.F.);
#1728=EDGE_LOOP('',(#1709,#1717,#1724,#1725,#1726,#1727));
#1729=FACE_BOUND('',#1728,.T.);
#1730=ADVANCED_FACE('',(#1729),#1708,.F.);
#1731=CARTESIAN_POINT('',(397.836189904,688.863060275,127.4));
#1732=DIRECTION('',(0.,0.,1.));
#1733=DIRECTION('',(1.,-0.,0.));
#1734=AXIS2_PLACEMENT_3D('',#1731,#1732,#1733);
#1735=CYLINDRICAL_SURFACE('',#1734,5.);
#1736=CARTESIAN_POINT('',(393.253614209,686.863060275,29.4));
#1737=VERTEX_POINT('',#1736);
#1738=CARTESIAN_POINT('',(397.836189904,688.863060275,29.4));
#1739=DIRECTION('',(0.,0.,1.));
#1740=DIRECTION('',(-1.,0.,0.));
#1741=AXIS2_PLACEMENT_3D('',#1738,#1739,#1740);
#1742=CIRCLE('',#1741,5.);
#1743=EDGE_CURVE('',#1737,#1549,#1742,.T.);
#1744=ORIENTED_EDGE('',*,*,#1743,.F.);
#1745=CARTESIAN_POINT('',(393.253614209,686.863060275,29.4));
#1746=DIRECTION('',(-0.,-0.,-1.));
#1747=VECTOR('',#1746,20.);
#1748=LINE('',#1745,#1747);
#1749=EDGE_CURVE('',#1737,#1033,#1748,.T.);
#1750=ORIENTED_EDGE('',*,*,#1749,.T.);
#1751=ORIENTED_EDGE('',*,*,#1039,.F.);
#1752=ORIENTED_EDGE('',*,*,#1523,.F.);
#1753=ORIENTED_EDGE('',*,*,#538,.F.);
#1754=ORIENTED_EDGE('',*,*,#1560,.F.);
#1755=EDGE_LOOP('',(#1744,#1750,#1751,#1752,#1753,#1754));
#1756=FACE_BOUND('',#1755,.T.);
#1757=ADVANCED_FACE('',(#1756),#1735,.F.);
#1758=CARTESIAN_POINT('',(395.836189904,686.863060275,127.4));
#1759=DIRECTION('',(0.,0.,-1.));
#1760=DIRECTION('',(-1.,0.,0.));
#1761=AXIS2_PLACEMENT_3D('',#1758,#1759,#1760);
#1762=CYLINDRICAL_SURFACE('',#1761,5.);
#1763=ORIENTED_EDGE('',*,*,#828,.F.);
#1764=ORIENTED_EDGE('',*,*,#1620,.F.);
#1765=ORIENTED_EDGE('',*,*,#1169,.F.);
#1766=ORIENTED_EDGE('',*,*,#1479,.F.);
#1767=EDGE_LOOP('',(#1763,#1764,#1765,#1766));
#1768=FACE_BOUND('',#1767,.T.);
#1769=ADVANCED_FACE('',(#1768),#1762,.T.);
#1770=CARTESIAN_POINT('',(376.086189904,706.613060275,127.4));
#1771=DIRECTION('',(0.,0.,-1.));
#1772=DIRECTION('',(-1.,0.,0.));
#1773=AXIS2_PLACEMENT_3D('',#1770,#1771,#1772);
#1774=CYLINDRICAL_SURFACE('',#1773,5.);
#1775=ORIENTED_EDGE('',*,*,#794,.F.);
#1776=ORIENTED_EDGE('',*,*,#1378,.F.);
#1777=ORIENTED_EDGE('',*,*,#1203,.F.);
#1778=ORIENTED_EDGE('',*,*,#1349,.F.);
#1779=EDGE_LOOP('',(#1775,#1776,#1777,#1778));
#1780=FACE_BOUND('',#1779,.T.);
#1781=ADVANCED_FACE('',(#1780),#1774,.T.);
#1782=CARTESIAN_POINT('',(432.286189904,708.613060275,127.4));
#1783=DIRECTION('',(0.,0.,1.));
#1784=DIRECTION('',(1.,-0.,0.));
#1785=AXIS2_PLACEMENT_3D('',#1782,#1783,#1784);
#1786=CYLINDRICAL_SURFACE('',#1785,5.);
#1787=ORIENTED_EDGE('',*,*,#487,.F.);
#1788=ORIENTED_EDGE('',*,*,#196,.F.);
#1789=ORIENTED_EDGE('',*,*,#1088,.F.);
#1790=ORIENTED_EDGE('',*,*,#1598,.F.);
#1791=EDGE_LOOP('',(#1787,#1788,#1789,#1790));
#1792=FACE_BOUND('',#1791,.T.);
#1793=ADVANCED_FACE('',(#1792),#1786,.F.);
#1794=CARTESIAN_POINT('',(414.536189904,686.863060275,127.4));
#1795=DIRECTION('',(0.,0.,-1.));
#1796=DIRECTION('',(-1.,0.,0.));
#1797=AXIS2_PLACEMENT_3D('',#1794,#1795,#1796);
#1798=CYLINDRICAL_SURFACE('',#1797,5.);
#1799=ORIENTED_EDGE('',*,*,#845,.F.);
#1800=ORIENTED_EDGE('',*,*,#1486,.F.);
#1801=ORIENTED_EDGE('',*,*,#1152,.F.);
#1802=ORIENTED_EDGE('',*,*,#1457,.F.);
#1803=EDGE_LOOP('',(#1799,#1800,#1801,#1802));
#1804=FACE_BOUND('',#1803,.T.);
#1805=ADVANCED_FACE('',(#1804),#1798,.T.);
#1806=CARTESIAN_POINT('',(405.186189904,686.863060275,29.4));
#1807=DIRECTION('',(0.,1.,0.));
#1808=DIRECTION('',(0.,0.,-1.));
#1809=AXIS2_PLACEMENT_3D('',#1806,#1807,#1808);
#1810=PLANE('',#1809);
#1811=ORIENTED_EDGE('',*,*,#1716,.F.);
#1812=ORIENTED_EDGE('',*,*,#1047,.F.);
#1813=ORIENTED_EDGE('',*,*,#1749,.F.);
#1814=CARTESIAN_POINT('',(393.253614209,686.863060275,29.4));
#1815=DIRECTION('',(1.,-0.,-0.));
#1816=VECTOR('',#1815,23.86515139);
#1817=LINE('',#1814,#1816);
#1818=EDGE_CURVE('',#1737,#1711,#1817,.T.);
#1819=ORIENTED_EDGE('',*,*,#1818,.T.);
#1820=EDGE_LOOP('',(#1811,#1812,#1813,#1819));
#1821=FACE_BOUND('',#1820,.T.);
#1822=ADVANCED_FACE('',(#1821),#1810,.T.);
#1823=CARTESIAN_POINT('',(405.186189904,715.963060275,29.4));
#1824=DIRECTION('',(0.,0.,-1.));
#1825=DIRECTION('',(-1.,0.,0.));
#1826=AXIS2_PLACEMENT_3D('',#1823,#1824,#1825);
#1827=PLANE('',#1826);
#1828=ORIENTED_EDGE('',*,*,#1554,.F.);
#1829=ORIENTED_EDGE('',*,*,#1723,.T.);
#1830=ORIENTED_EDGE('',*,*,#1818,.F.);
#1831=ORIENTED_EDGE('',*,*,#1743,.T.);
#1832=EDGE_LOOP('',(#1828,#1829,#1830,#1831));
#1833=FACE_BOUND('',#1832,.T.);
#1834=ADVANCED_FACE('',(#1833),#1827,.F.);
#1835=CARTESIAN_POINT('',(405.186189904,715.963060275,29.4));
#1836=DIRECTION('',(0.,0.,-1.));
#1837=DIRECTION('',(-1.,0.,0.));
#1838=AXIS2_PLACEMENT_3D('',#1835,#1836,#1837);
#1839=PLANE('',#1838);
#1840=CARTESIAN_POINT('',(397.836189904,748.063060275,29.4));
#1841=VERTEX_POINT('',#1840);
#1842=CARTESIAN_POINT('',(412.536189904,748.063060275,29.4));
#1843=VERTEX_POINT('',#1842);
#1844=CARTESIAN_POINT('',(397.836189904,748.063060275,29.4));
#1845=DIRECTION('',(1.,-0.,-0.));
#1846=VECTOR('',#1845,14.7);
#1847=LINE('',#1844,#1846);
#1848=EDGE_CURVE('',#1841,#1843,#1847,.T.);
#1849=ORIENTED_EDGE('',*,*,#1848,.F.);
#1850=CARTESIAN_POINT('',(393.253614209,745.063060275,29.4));
#1851=VERTEX_POINT('',#1850);
#1852=CARTESIAN_POINT('',(397.836189904,743.063060275,29.4));
#1853=DIRECTION('',(0.,0.,1.));
#1854=DIRECTION('',(-1.,0.,0.));
#1855=AXIS2_PLACEMENT_3D('',#1852,#1853,#1854);
#1856=CIRCLE('',#1855,5.);
#1857=EDGE_CURVE('',#1841,#1851,#1856,.T.);
#1858=ORIENTED_EDGE('',*,*,#1857,.T.);
#1859=CARTESIAN_POINT('',(417.118765599,745.063060275,29.4));
#1860=VERTEX_POINT('',#1859);
#1861=CARTESIAN_POINT('',(393.253614209,745.063060275,29.4));
#1862=DIRECTION('',(1.,-0.,-0.));
#1863=VECTOR('',#1862,23.86515139);
#1864=LINE('',#1861,#1863);
#1865=EDGE_CURVE('',#1851,#1860,#1864,.T.);
#1866=ORIENTED_EDGE('',*,*,#1865,.T.);
#1867=CARTESIAN_POINT('',(412.536189904,743.063060275,29.4));
#1868=DIRECTION('',(0.,0.,1.));
#1869=DIRECTION('',(-1.,0.,0.));
#1870=AXIS2_PLACEMENT_3D('',#1867,#1868,#1869);
#1871=CIRCLE('',#1870,5.);
#1872=EDGE_CURVE('',#1860,#1843,#1871,.T.);
#1873=ORIENTED_EDGE('',*,*,#1872,.T.);
#1874=EDGE_LOOP('',(#1849,#1858,#1866,#1873));
#1875=FACE_BOUND('',#1874,.T.);
#1876=ADVANCED_FACE('',(#1875),#1839,.F.);
#1877=CARTESIAN_POINT('',(376.186189904,715.963060275,127.4));
#1878=DIRECTION('',(0.,0.,-1.));
#1879=DIRECTION('',(-1.,0.,0.));
#1880=AXIS2_PLACEMENT_3D('',#1877,#1878,#1879);
#1881=CYLINDRICAL_SURFACE('',#1880,2.);
#1882=CARTESIAN_POINT('',(374.186189904,715.963060275,10.4));
#1883=VERTEX_POINT('',#1882);
#1884=CARTESIAN_POINT('',(374.186189903,715.963060275,26.3));
#1885=VERTEX_POINT('',#1884);
#1886=CARTESIAN_POINT('',(374.186189904,715.963060275,10.4));
#1887=DIRECTION('',(-0.,-0.,1.));
#1888=VECTOR('',#1887,15.9);
#1889=LINE('',#1886,#1888);
#1890=EDGE_CURVE('',#1883,#1885,#1889,.T.);
#1891=ORIENTED_EDGE('',*,*,#1890,.F.);
#1892=CARTESIAN_POINT('',(378.186189904,715.963060275,10.4));
#1893=VERTEX_POINT('',#1892);
#1894=CARTESIAN_POINT('',(376.186189904,715.963060275,10.4));
#1895=DIRECTION('',(0.,0.,-1.));
#1896=DIRECTION('',(1.,-0.,0.));
#1897=AXIS2_PLACEMENT_3D('',#1894,#1895,#1896);
#1898=CIRCLE('',#1897,2.);
#1899=EDGE_CURVE('',#1883,#1893,#1898,.T.);
#1900=ORIENTED_EDGE('',*,*,#1899,.T.);
#1901=CARTESIAN_POINT('',(376.186189904,715.963060275,10.4));
#1902=DIRECTION('',(0.,0.,-1.));
#1903=DIRECTION('',(1.,-0.,0.));
#1904=AXIS2_PLACEMENT_3D('',#1901,#1902,#1903);
#1905=CIRCLE('',#1904,2.);
#1906=EDGE_CURVE('',#1893,#1883,#1905,.T.);
#1907=ORIENTED_EDGE('',*,*,#1906,.T.);
#1908=ORIENTED_EDGE('',*,*,#1890,.T.);
#1909=CARTESIAN_POINT('',(378.186189904,715.963060275,22.3));
#1910=VERTEX_POINT('',#1909);
#1911=CARTESIAN_POINT('',(374.186189903,715.963060275,26.3));
#1912=CARTESIAN_POINT('',(374.186189903,713.963060275,26.3));
#1913=CARTESIAN_POINT('',(376.186189904,713.963060275,24.3));
#1914=CARTESIAN_POINT('',(378.186189904,713.963060275,22.3));
#1915=CARTESIAN_POINT('',(378.186189904,715.963060275,22.3));
#1916=(BOUNDED_CURVE()
B_SPLINE_CURVE(2,(#1911,#1912,#1913,#1914,#1915),.UNSPECIFIED.,.F.,.F.)
B_SPLINE_CURVE_WITH_KNOTS((3,2,3),(180.,270.,360.),.UNSPECIFIED.)
CURVE()
GEOMETRIC_REPRESENTATION_ITEM()
RATIONAL_B_SPLINE_CURVE((1.,0.707106781,1.,0.707106781,1.))
REPRESENTATION_ITEM(''));
#1917=EDGE_CURVE('',#1885,#1910,#1916,.T.);
#1918=ORIENTED_EDGE('',*,*,#1917,.T.);
#1919=CARTESIAN_POINT('',(378.186189904,715.963060275,22.3));
#1920=CARTESIAN_POINT('',(378.186189904,717.963060275,22.3));
#1921=CARTESIAN_POINT('',(376.186189904,717.963060275,24.3));
#1922=CARTESIAN_POINT('',(374.186189903,717.963060275,26.3));
#1923=CARTESIAN_POINT('',(374.186189903,715.963060275,26.3));
#1924=(BOUNDED_CURVE()
B_SPLINE_CURVE(2,(#1919,#1920,#1921,#1922,#1923),.UNSPECIFIED.,.F.,.F.)
B_SPLINE_CURVE_WITH_KNOTS((3,2,3),(0.,90.,180.),.UNSPECIFIED.)
CURVE()
GEOMETRIC_REPRESENTATION_ITEM()
RATIONAL_B_SPLINE_CURVE((1.,0.707106781,1.,0.707106781,1.))
REPRESENTATION_ITEM(''));
#1925=EDGE_CURVE('',#1910,#1885,#1924,.T.);
#1926=ORIENTED_EDGE('',*,*,#1925,.T.);
#1927=EDGE_LOOP('',(#1891,#1900,#1907,#1908,#1918,#1926));
#1928=FACE_BOUND('',#1927,.T.);
#1929=ADVANCED_FACE('',(#1928),#1881,.F.);
#1930=CARTESIAN_POINT('',(405.186189904,748.063060275,127.4));
#1931=DIRECTION('',(0.,1.,0.));
#1932=DIRECTION('',(0.,0.,-1.));
#1933=AXIS2_PLACEMENT_3D('',#1930,#1931,#1932);
#1934=PLANE('',#1933);
#1935=CARTESIAN_POINT('',(403.478724277,748.063060275,46.));
#1936=VERTEX_POINT('',#1935);
#1937=CARTESIAN_POINT('',(403.478724277,748.063060275,49.));
#1938=DIRECTION('',(0.,1.,0.));
#1939=DIRECTION('',(0.,0.,-1.));
#1940=AXIS2_PLACEMENT_3D('',#1937,#1938,#1939);
#1941=CIRCLE('',#1940,3.);
#1942=EDGE_CURVE('',#1936,#1936,#1941,.T.);
#1943=ORIENTED_EDGE('',*,*,#1942,.T.);
#1944=EDGE_LOOP('',(#1943));
#1945=FACE_BOUND('',#1944,.T.);
#1946=CARTESIAN_POINT('',(397.836189904,748.063060275,89.4));
#1947=DIRECTION('',(0.,0.,-1.));
#1948=VECTOR('',#1947,60.);
#1949=LINE('',#1946,#1948);
#1950=EDGE_CURVE('',#616,#1841,#1949,.T.);
#1951=ORIENTED_EDGE('',*,*,#1950,.T.);
#1952=ORIENTED_EDGE('',*,*,#1848,.T.);
#1953=CARTESIAN_POINT('',(412.536189904,748.063060275,29.4));
#1954=DIRECTION('',(-0.,-0.,1.));
#1955=VECTOR('',#1954,60.);
#1956=LINE('',#1953,#1955);
#1957=EDGE_CURVE('',#1843,#625,#1956,.T.);
#1958=ORIENTED_EDGE('',*,*,#1957,.T.);
#1959=ORIENTED_EDGE('',*,*,#630,.F.);
#1960=EDGE_LOOP('',(#1951,#1952,#1958,#1959));
#1961=FACE_BOUND('',#1960,.T.);
#1962=ADVANCED_FACE('',(#1945,#1961),#1934,.F.);
#1963=CARTESIAN_POINT('',(429.411189904,730.313060275,127.4));
#1964=DIRECTION('',(0.,1.,0.));
#1965=DIRECTION('',(1.,-0.,0.));
#1966=AXIS2_PLACEMENT_3D('',#1963,#1964,#1965);
#1967=PLANE('',#1966);
#1968=ORIENTED_EDGE('',*,*,#700,.T.);
#1969=CARTESIAN_POINT('',(434.286189904,730.313060275,89.4));
#1970=DIRECTION('',(0.,0.,-1.));
#1971=VECTOR('',#1970,80.);
#1972=LINE('',#1969,#1971);
#1973=EDGE_CURVE('',#686,#1093,#1972,.T.);
#1974=ORIENTED_EDGE('',*,*,#1973,.T.);
#1975=ORIENTED_EDGE('',*,*,#1294,.F.);
#1976=CARTESIAN_POINT('',(424.536189904,730.313060275,9.4));
#1977=DIRECTION('',(-0.,-0.,1.));
#1978=VECTOR('',#1977,80.);
#1979=LINE('',#1976,#1978);
#1980=EDGE_CURVE('',#1282,#695,#1979,.T.);
#1981=ORIENTED_EDGE('',*,*,#1980,.T.);
#1982=EDGE_LOOP('',(#1968,#1974,#1975,#1981));
#1983=FACE_BOUND('',#1982,.T.);
#1984=ADVANCED_FACE('',(#1983),#1967,.T.);
#1985=CARTESIAN_POINT('',(424.536189904,735.313060275,127.4));
#1986=DIRECTION('',(0.,0.,1.));
#1987=DIRECTION('',(1.,-0.,0.));
#1988=AXIS2_PLACEMENT_3D('',#1985,#1986,#1987);
#1989=CYLINDRICAL_SURFACE('',#1988,5.);
#1990=ORIENTED_EDGE('',*,*,#709,.F.);
#1991=ORIENTED_EDGE('',*,*,#1980,.F.);
#1992=ORIENTED_EDGE('',*,*,#1288,.F.);
#1993=CARTESIAN_POINT('',(419.536189904,735.313060275,89.4));
#1994=DIRECTION('',(0.,0.,-1.));
#1995=VECTOR('',#1994,80.);
#1996=LINE('',#1993,#1995);
#1997=EDGE_CURVE('',#703,#1274,#1996,.T.);
#1998=ORIENTED_EDGE('',*,*,#1997,.F.);
#1999=EDGE_LOOP('',(#1990,#1991,#1992,#1998));
#2000=FACE_BOUND('',#1999,.T.);
#2001=ADVANCED_FACE('',(#2000),#1989,.F.);
#2002=CARTESIAN_POINT('',(419.536189904,740.188060275,127.4));
#2003=DIRECTION('',(1.,-0.,0.));
#2004=DIRECTION('',(-0.,-1.,0.));
#2005=AXIS2_PLACEMENT_3D('',#2002,#2003,#2004);
#2006=PLANE('',#2005);
#2007=ORIENTED_EDGE('',*,*,#1279,.F.);
#2008=CARTESIAN_POINT('',(419.536189904,745.063060275,9.4));
#2009=DIRECTION('',(-0.,-0.,1.));
#2010=VECTOR('',#2009,80.);
#2011=LINE('',#2008,#2010);
#2012=EDGE_CURVE('',#1265,#712,#2011,.T.);
#2013=ORIENTED_EDGE('',*,*,#2012,.T.);
#2014=ORIENTED_EDGE('',*,*,#717,.T.);
#2015=ORIENTED_EDGE('',*,*,#1997,.T.);
#2016=EDGE_LOOP('',(#2007,#2013,#2014,#2015));
#2017=FACE_BOUND('',#2016,.T.);
#2018=ADVANCED_FACE('',(#2017),#2006,.T.);
#2019=CARTESIAN_POINT('',(414.536189904,745.063060275,127.4));
#2020=DIRECTION('',(0.,0.,-1.));
#2021=DIRECTION('',(-1.,0.,0.));
#2022=AXIS2_PLACEMENT_3D('',#2019,#2020,#2021);
#2023=CYLINDRICAL_SURFACE('',#2022,5.);
#2024=ORIENTED_EDGE('',*,*,#726,.F.);
#2025=ORIENTED_EDGE('',*,*,#2012,.F.);
#2026=ORIENTED_EDGE('',*,*,#1271,.F.);
#2027=CARTESIAN_POINT('',(414.536189904,750.063060275,89.4));
#2028=DIRECTION('',(0.,0.,-1.));
#2029=VECTOR('',#2028,80.);
#2030=LINE('',#2027,#2029);
#2031=EDGE_CURVE('',#720,#1257,#2030,.T.);
#2032=ORIENTED_EDGE('',*,*,#2031,.F.);
#2033=EDGE_LOOP('',(#2024,#2025,#2026,#2032));
#2034=FACE_BOUND('',#2033,.T.);
#2035=ADVANCED_FACE('',(#2034),#2023,.T.);
#2036=CARTESIAN_POINT('',(405.186189904,750.063060275,127.4));
#2037=DIRECTION('',(0.,1.,0.));
#2038=DIRECTION('',(0.,0.,-1.));
#2039=AXIS2_PLACEMENT_3D('',#2036,#2037,#2038);
#2040=PLANE('',#2039);
#2041=CARTESIAN_POINT('',(403.478724277,750.063060275,46.));
#2042=VERTEX_POINT('',#2041);
#2043=CARTESIAN_POINT('',(403.478724277,750.063060275,49.));
#2044=DIRECTION('',(0.,1.,0.));
#2045=DIRECTION('',(0.,0.,-1.));
#2046=AXIS2_PLACEMENT_3D('',#2043,#2044,#2045);
#2047=CIRCLE('',#2046,3.);
#2048=EDGE_CURVE('',#2042,#2042,#2047,.T.);
#2049=ORIENTED_EDGE('',*,*,#2048,.F.);
#2050=EDGE_LOOP('',(#2049));
#2051=FACE_BOUND('',#2050,.T.);
#2052=ORIENTED_EDGE('',*,*,#1262,.F.);
#2053=CARTESIAN_POINT('',(395.836189904,750.063060275,9.4));
#2054=DIRECTION('',(-0.,-0.,1.));
#2055=VECTOR('',#2054,80.);
#2056=LINE('',#2053,#2055);
#2057=EDGE_CURVE('',#1248,#729,#2056,.T.);
#2058=ORIENTED_EDGE('',*,*,#2057,.T.);
#2059=ORIENTED_EDGE('',*,*,#734,.T.);
#2060=ORIENTED_EDGE('',*,*,#2031,.T.);
#2061=EDGE_LOOP('',(#2052,#2058,#2059,#2060));
#2062=FACE_BOUND('',#2061,.T.);
#2063=ADVANCED_FACE('',(#2051,#2062),#2040,.T.);
#2064=CARTESIAN_POINT('',(395.836189904,745.063060275,127.4));
#2065=DIRECTION('',(0.,0.,-1.));
#2066=DIRECTION('',(-1.,0.,0.));
#2067=AXIS2_PLACEMENT_3D('',#2064,#2065,#2066);
#2068=CYLINDRICAL_SURFACE('',#2067,5.);
#2069=ORIENTED_EDGE('',*,*,#743,.F.);
#2070=ORIENTED_EDGE('',*,*,#2057,.F.);
#2071=ORIENTED_EDGE('',*,*,#1254,.F.);
#2072=CARTESIAN_POINT('',(390.836189904,745.063060275,89.4));
#2073=DIRECTION('',(0.,0.,-1.));
#2074=VECTOR('',#2073,80.);
#2075=LINE('',#2072,#2074);
#2076=EDGE_CURVE('',#737,#1240,#2075,.T.);
#2077=ORIENTED_EDGE('',*,*,#2076,.F.);
#2078=EDGE_LOOP('',(#2069,#2070,#2071,#2077));
#2079=FACE_BOUND('',#2078,.T.);
#2080=ADVANCED_FACE('',(#2079),#2068,.T.);
#2081=CARTESIAN_POINT('',(390.836189904,740.188060275,127.4));
#2082=DIRECTION('',(-1.,0.,0.));
#2083=DIRECTION('',(0.,1.,0.));
#2084=AXIS2_PLACEMENT_3D('',#2081,#2082,#2083);
#2085=PLANE('',#2084);
#2086=ORIENTED_EDGE('',*,*,#751,.T.);
#2087=ORIENTED_EDGE('',*,*,#2076,.T.);
#2088=ORIENTED_EDGE('',*,*,#1245,.F.);
#2089=CARTESIAN_POINT('',(390.836189904,735.313060275,9.4));
#2090=DIRECTION('',(-0.,-0.,1.));
#2091=VECTOR('',#2090,80.);
#2092=LINE('',#2089,#2091);
#2093=EDGE_CURVE('',#1231,#746,#2092,.T.);
#2094=ORIENTED_EDGE('',*,*,#2093,.T.);
#2095=EDGE_LOOP('',(#2086,#2087,#2088,#2094));
#2096=FACE_BOUND('',#2095,.T.);
#2097=ADVANCED_FACE('',(#2096),#2085,.T.);
#2098=CARTESIAN_POINT('',(385.836189904,735.313060275,127.4));
#2099=DIRECTION('',(0.,0.,1.));
#2100=DIRECTION('',(1.,-0.,0.));
#2101=AXIS2_PLACEMENT_3D('',#2098,#2099,#2100);
#2102=CYLINDRICAL_SURFACE('',#2101,5.);
#2103=ORIENTED_EDGE('',*,*,#760,.F.);
#2104=ORIENTED_EDGE('',*,*,#2093,.F.);
#2105=ORIENTED_EDGE('',*,*,#1237,.F.);
#2106=CARTESIAN_POINT('',(385.836189904,730.313060275,89.4));
#2107=DIRECTION('',(0.,0.,-1.));
#2108=VECTOR('',#2107,80.);
#2109=LINE('',#2106,#2108);
#2110=EDGE_CURVE('',#754,#1223,#2109,.T.);
#2111=ORIENTED_EDGE('',*,*,#2110,.F.);
#2112=EDGE_LOOP('',(#2103,#2104,#2105,#2111));
#2113=FACE_BOUND('',#2112,.T.);
#2114=ADVANCED_FACE('',(#2113),#2102,.F.);
#2115=CARTESIAN_POINT('',(380.961189904,730.313060275,127.4));
#2116=DIRECTION('',(0.,1.,0.));
#2117=DIRECTION('',(1.,-0.,0.));
#2118=AXIS2_PLACEMENT_3D('',#2115,#2116,#2117);
#2119=PLANE('',#2118);
#2120=ORIENTED_EDGE('',*,*,#1228,.F.);
#2121=CARTESIAN_POINT('',(376.086189904,730.313060275,9.4));
#2122=DIRECTION('',(-0.,-0.,1.));
#2123=VECTOR('',#2122,80.);
#2124=LINE('',#2121,#2123);
#2125=EDGE_CURVE('',#1214,#763,#2124,.T.);
#2126=ORIENTED_EDGE('',*,*,#2125,.T.);
#2127=ORIENTED_EDGE('',*,*,#768,.T.);
#2128=ORIENTED_EDGE('',*,*,#2110,.T.);
#2129=EDGE_LOOP('',(#2120,#2126,#2127,#2128));
#2130=FACE_BOUND('',#2129,.T.);
#2131=ADVANCED_FACE('',(#2130),#2119,.T.);
#2132=CARTESIAN_POINT('',(378.086189904,723.313060275,127.4));
#2133=DIRECTION('',(0.,0.,1.));
#2134=DIRECTION('',(1.,-0.,0.));
#2135=AXIS2_PLACEMENT_3D('',#2132,#2133,#2134);
#2136=CYLINDRICAL_SURFACE('',#2135,5.);
#2137=ORIENTED_EDGE('',*,*,#588,.F.);
#2138=ORIENTED_EDGE('',*,*,#438,.F.);
#2139=ORIENTED_EDGE('',*,*,#987,.F.);
#2140=CARTESIAN_POINT('',(378.086189904,728.313060275,89.4));
#2141=DIRECTION('',(0.,0.,-1.));
#2142=VECTOR('',#2141,80.);
#2143=LINE('',#2140,#2142);
#2144=EDGE_CURVE('',#582,#975,#2143,.T.);
#2145=ORIENTED_EDGE('',*,*,#2144,.F.);
#2146=EDGE_LOOP('',(#2137,#2138,#2139,#2145));
#2147=FACE_BOUND('',#2146,.T.);
#2148=ADVANCED_FACE('',(#2147),#2136,.F.);
#2149=CARTESIAN_POINT('',(382.961189904,728.313060275,127.4));
#2150=DIRECTION('',(0.,1.,0.));
#2151=DIRECTION('',(1.,-0.,0.));
#2152=AXIS2_PLACEMENT_3D('',#2149,#2150,#2151);
#2153=PLANE('',#2152);
#2154=ORIENTED_EDGE('',*,*,#596,.F.);
#2155=ORIENTED_EDGE('',*,*,#2144,.T.);
#2156=ORIENTED_EDGE('',*,*,#980,.T.);
#2157=CARTESIAN_POINT('',(387.836189904,728.313060275,9.4));
#2158=DIRECTION('',(-0.,-0.,1.));
#2159=VECTOR('',#2158,80.);
#2160=LINE('',#2157,#2159);
#2161=EDGE_CURVE('',#966,#591,#2160,.T.);
#2162=ORIENTED_EDGE('',*,*,#2161,.T.);
#2163=EDGE_LOOP('',(#2154,#2155,#2156,#2162));
#2164=FACE_BOUND('',#2163,.T.);
#2165=ADVANCED_FACE('',(#2164),#2153,.F.);
#2166=CARTESIAN_POINT('',(387.836189904,733.313060275,127.4));
#2167=DIRECTION('',(0.,0.,-1.));
#2168=DIRECTION('',(-1.,0.,0.));
#2169=AXIS2_PLACEMENT_3D('',#2166,#2167,#2168);
#2170=CYLINDRICAL_SURFACE('',#2169,5.);
#2171=ORIENTED_EDGE('',*,*,#605,.F.);
#2172=ORIENTED_EDGE('',*,*,#2161,.F.);
#2173=ORIENTED_EDGE('',*,*,#972,.F.);
#2174=CARTESIAN_POINT('',(392.836189904,733.313060275,89.4));
#2175=DIRECTION('',(0.,0.,-1.));
#2176=VECTOR('',#2175,80.);
#2177=LINE('',#2174,#2176);
#2178=EDGE_CURVE('',#599,#958,#2177,.T.);
#2179=ORIENTED_EDGE('',*,*,#2178,.F.);
#2180=EDGE_LOOP('',(#2171,#2172,#2173,#2179));
#2181=FACE_BOUND('',#2180,.T.);
#2182=ADVANCED_FACE('',(#2181),#2170,.T.);
#2183=CARTESIAN_POINT('',(392.836189904,738.188060275,127.4));
#2184=DIRECTION('',(-1.,0.,0.));
#2185=DIRECTION('',(0.,1.,0.));
#2186=AXIS2_PLACEMENT_3D('',#2183,#2184,#2185);
#2187=PLANE('',#2186);
#2188=ORIENTED_EDGE('',*,*,#963,.T.);
#2189=CARTESIAN_POINT('',(392.836189904,743.063060275,9.4));
#2190=DIRECTION('',(-0.,-0.,1.));
#2191=VECTOR('',#2190,80.);
#2192=LINE('',#2189,#2191);
#2193=EDGE_CURVE('',#949,#608,#2192,.T.);
#2194=ORIENTED_EDGE('',*,*,#2193,.T.);
#2195=ORIENTED_EDGE('',*,*,#613,.F.);
#2196=ORIENTED_EDGE('',*,*,#2178,.T.);
#2197=EDGE_LOOP('',(#2188,#2194,#2195,#2196));
#2198=FACE_BOUND('',#2197,.T.);
#2199=ADVANCED_FACE('',(#2198),#2187,.F.);
#2200=CARTESIAN_POINT('',(397.836189904,743.063060275,127.4));
#2201=DIRECTION('',(0.,0.,1.));
#2202=DIRECTION('',(1.,-0.,0.));
#2203=AXIS2_PLACEMENT_3D('',#2200,#2201,#2202);
#2204=CYLINDRICAL_SURFACE('',#2203,5.);
#2205=CARTESIAN_POINT('',(393.253614209,745.063060275,29.4));
#2206=DIRECTION('',(0.,0.,-1.));
#2207=VECTOR('',#2206,20.);
#2208=LINE('',#2205,#2207);
#2209=EDGE_CURVE('',#1851,#941,#2208,.T.);
#2210=ORIENTED_EDGE('',*,*,#2209,.F.);
#2211=ORIENTED_EDGE('',*,*,#1857,.F.);
#2212=ORIENTED_EDGE('',*,*,#1950,.F.);
#2213=ORIENTED_EDGE('',*,*,#622,.F.);
#2214=ORIENTED_EDGE('',*,*,#2193,.F.);
#2215=ORIENTED_EDGE('',*,*,#955,.F.);
#2216=EDGE_LOOP('',(#2210,#2211,#2212,#2213,#2214,#2215));
#2217=FACE_BOUND('',#2216,.T.);
#2218=ADVANCED_FACE('',(#2217),#2204,.F.);
#2219=CARTESIAN_POINT('',(405.186189904,745.063060275,29.4));
#2220=DIRECTION('',(0.,1.,0.));
#2221=DIRECTION('',(0.,0.,-1.));
#2222=AXIS2_PLACEMENT_3D('',#2219,#2220,#2221);
#2223=PLANE('',#2222);
#2224=ORIENTED_EDGE('',*,*,#1865,.F.);
#2225=ORIENTED_EDGE('',*,*,#2209,.T.);
#2226=ORIENTED_EDGE('',*,*,#946,.T.);
#2227=CARTESIAN_POINT('',(417.118765599,745.063060275,9.4));
#2228=DIRECTION('',(-0.,-0.,1.));
#2229=VECTOR('',#2228,20.);
#2230=LINE('',#2227,#2229);
#2231=EDGE_CURVE('',#932,#1860,#2230,.T.);
#2232=ORIENTED_EDGE('',*,*,#2231,.T.);
#2233=EDGE_LOOP('',(#2224,#2225,#2226,#2232));
#2234=FACE_BOUND('',#2233,.T.);
#2235=ADVANCED_FACE('',(#2234),#2223,.F.);
#2236=CARTESIAN_POINT('',(412.536189904,743.063060275,127.4));
#2237=DIRECTION('',(0.,0.,1.));
#2238=DIRECTION('',(1.,-0.,0.));
#2239=AXIS2_PLACEMENT_3D('',#2236,#2237,#2238);
#2240=CYLINDRICAL_SURFACE('',#2239,5.);
#2241=ORIENTED_EDGE('',*,*,#2231,.F.);
#2242=ORIENTED_EDGE('',*,*,#938,.F.);
#2243=CARTESIAN_POINT('',(417.536189904,743.063060275,89.4));
#2244=DIRECTION('',(0.,0.,-1.));
#2245=VECTOR('',#2244,80.);
#2246=LINE('',#2243,#2245);
#2247=EDGE_CURVE('',#633,#924,#2246,.T.);
#2248=ORIENTED_EDGE('',*,*,#2247,.F.);
#2249=ORIENTED_EDGE('',*,*,#639,.F.);
#2250=ORIENTED_EDGE('',*,*,#1957,.F.);
#2251=ORIENTED_EDGE('',*,*,#1872,.F.);
#2252=EDGE_LOOP('',(#2241,#2242,#2248,#2249,#2250,#2251));
#2253=FACE_BOUND('',#2252,.T.);
#2254=ADVANCED_FACE('',(#2253),#2240,.F.);
#2255=CARTESIAN_POINT('',(417.536189904,738.188060275,127.4));
#2256=DIRECTION('',(1.,-0.,0.));
#2257=DIRECTION('',(-0.,-1.,0.));
#2258=AXIS2_PLACEMENT_3D('',#2255,#2256,#2257);
#2259=PLANE('',#2258);
#2260=ORIENTED_EDGE('',*,*,#647,.F.);
#2261=ORIENTED_EDGE('',*,*,#2247,.T.);
#2262=ORIENTED_EDGE('',*,*,#929,.T.);
#2263=CARTESIAN_POINT('',(417.536189904,733.313060275,9.4));
#2264=DIRECTION('',(-0.,-0.,1.));
#2265=VECTOR('',#2264,80.);
#2266=LINE('',#2263,#2265);
#2267=EDGE_CURVE('',#915,#642,#2266,.T.);
#2268=ORIENTED_EDGE('',*,*,#2267,.T.);
#2269=EDGE_LOOP('',(#2260,#2261,#2262,#2268));
#2270=FACE_BOUND('',#2269,.T.);
#2271=ADVANCED_FACE('',(#2270),#2259,.F.);
#2272=CARTESIAN_POINT('',(422.536189904,733.313060275,127.4));
#2273=DIRECTION('',(0.,0.,-1.));
#2274=DIRECTION('',(-1.,0.,0.));
#2275=AXIS2_PLACEMENT_3D('',#2272,#2273,#2274);
#2276=CYLINDRICAL_SURFACE('',#2275,5.);
#2277=ORIENTED_EDGE('',*,*,#656,.F.);
#2278=ORIENTED_EDGE('',*,*,#2267,.F.);
#2279=ORIENTED_EDGE('',*,*,#921,.F.);
#2280=CARTESIAN_POINT('',(422.536189904,728.313060275,89.4));
#2281=DIRECTION('',(0.,0.,-1.));
#2282=VECTOR('',#2281,80.);
#2283=LINE('',#2280,#2282);
#2284=EDGE_CURVE('',#650,#907,#2283,.T.);
#2285=ORIENTED_EDGE('',*,*,#2284,.F.);
#2286=EDGE_LOOP('',(#2277,#2278,#2279,#2285));
#2287=FACE_BOUND('',#2286,.T.);
#2288=ADVANCED_FACE('',(#2287),#2276,.T.);
#2289=CARTESIAN_POINT('',(427.411189904,728.313060275,127.4));
#2290=DIRECTION('',(0.,1.,0.));
#2291=DIRECTION('',(1.,-0.,0.));
#2292=AXIS2_PLACEMENT_3D('',#2289,#2290,#2291);
#2293=PLANE('',#2292);
#2294=ORIENTED_EDGE('',*,*,#912,.T.);
#2295=CARTESIAN_POINT('',(432.286189904,728.313060275,9.4));
#2296=DIRECTION('',(-0.,-0.,1.));
#2297=VECTOR('',#2296,80.);
#2298=LINE('',#2295,#2297);
#2299=EDGE_CURVE('',#898,#659,#2298,.T.);
#2300=ORIENTED_EDGE('',*,*,#2299,.T.);
#2301=ORIENTED_EDGE('',*,*,#664,.F.);
#2302=ORIENTED_EDGE('',*,*,#2284,.T.);
#2303=EDGE_LOOP('',(#2294,#2300,#2301,#2302));
#2304=FACE_BOUND('',#2303,.T.);
#2305=ADVANCED_FACE('',(#2304),#2293,.F.);
#2306=CARTESIAN_POINT('',(432.286189904,723.313060275,127.4));
#2307=DIRECTION('',(0.,0.,1.));
#2308=DIRECTION('',(1.,-0.,0.));
#2309=AXIS2_PLACEMENT_3D('',#2306,#2307,#2308);
#2310=CYLINDRICAL_SURFACE('',#2309,5.);
#2311=ORIENTED_EDGE('',*,*,#671,.F.);
#2312=ORIENTED_EDGE('',*,*,#2299,.F.);
#2313=ORIENTED_EDGE('',*,*,#904,.F.);
#2314=ORIENTED_EDGE('',*,*,#148,.F.);
#2315=EDGE_LOOP('',(#2311,#2312,#2313,#2314));
#2316=FACE_BOUND('',#2315,.T.);
#2317=ADVANCED_FACE('',(#2316),#2310,.F.);
#2318=CARTESIAN_POINT('',(376.186189904,715.963060275,10.4));
#2319=DIRECTION('',(0.,0.,-1.));
#2320=DIRECTION('',(-1.,0.,0.));
#2321=AXIS2_PLACEMENT_3D('',#2318,#2319,#2320);
#2322=CONICAL_SURFACE('',#2321,2.,44.999999949);
#2323=CARTESIAN_POINT('',(373.186189905,715.963060275,9.4));
#2324=DIRECTION('',(0.707106781,-0.,0.707106782));
#2325=VECTOR('',#2324,1.414213561);
#2326=LINE('',#2323,#2325);
#2327=EDGE_CURVE('',#1301,#1883,#2326,.T.);
#2328=ORIENTED_EDGE('',*,*,#2327,.F.);
#2329=ORIENTED_EDGE('',*,*,#1307,.F.);
#2330=ORIENTED_EDGE('',*,*,#1314,.F.);
#2331=ORIENTED_EDGE('',*,*,#2327,.T.);
#2332=ORIENTED_EDGE('',*,*,#1906,.F.);
#2333=ORIENTED_EDGE('',*,*,#1899,.F.);
#2334=EDGE_LOOP('',(#2328,#2329,#2330,#2331,#2332,#2333));
#2335=FACE_BOUND('',#2334,.T.);
#2336=ADVANCED_FACE('',(#2335),#2322,.F.);
#2337=CARTESIAN_POINT('',(376.186189904,715.963060275,127.4));
#2338=DIRECTION('',(0.,0.,-1.));
#2339=DIRECTION('',(-1.,0.,0.));
#2340=AXIS2_PLACEMENT_3D('',#2337,#2338,#2339);
#2341=CYLINDRICAL_SURFACE('',#2340,4.);
#2342=CARTESIAN_POINT('',(373.086189904,713.435215343,27.4));
#2343=CARTESIAN_POINT('',(374.869471477,711.248303952,25.616718427));
#2344=CARTESIAN_POINT('',(377.52783069,712.194771539,22.958359214));
#2345=CARTESIAN_POINT('',(380.186189903,713.141239126,20.3));
#2346=CARTESIAN_POINT('',(380.186189903,715.963060275,20.3));
#2347=CARTESIAN_POINT('',(380.186189903,718.784881425,20.3));
#2348=CARTESIAN_POINT('',(377.52783069,719.731349012,22.958359214));
#2349=CARTESIAN_POINT('',(374.869471477,720.677816598,25.616718427));
#2350=CARTESIAN_POINT('',(373.086189904,718.490905207,27.4));
#2351=(BOUNDED_CURVE()
B_SPLINE_CURVE(2,(#2342,#2343,#2344,#2345,#2346,#2347,#2348,#2349,#2350),.UNSPECIFIED.,.F.,.F.)
B_SPLINE_CURVE_WITH_KNOTS((3,2,2,2,3),(219.194967424,289.597483712,360.,430.402516288,500.805032576),.UNSPECIFIED.)
CURVE()
GEOMETRIC_REPRESENTATION_ITEM()
RATIONAL_B_SPLINE_CURVE((1.,0.81713224,1.,0.81713224,1.,0.81713224,1.,0.81713224,1.))
REPRESENTATION_ITEM(''));
#2352=EDGE_CURVE('',#401,#409,#2351,.T.);
#2353=ORIENTED_EDGE('',*,*,#2352,.F.);
#2354=ORIENTED_EDGE('',*,*,#406,.T.);
#2355=ORIENTED_EDGE('',*,*,#995,.F.);
#2356=ORIENTED_EDGE('',*,*,#422,.F.);
#2357=EDGE_LOOP('',(#2353,#2354,#2355,#2356));
#2358=FACE_BOUND('',#2357,.T.);
#2359=ADVANCED_FACE('',(#2358),#2341,.T.);
#2360=CARTESIAN_POINT('',(376.086189904,725.313060275,127.4));
#2361=DIRECTION('',(0.,0.,-1.));
#2362=DIRECTION('',(-1.,0.,0.));
#2363=AXIS2_PLACEMENT_3D('',#2360,#2361,#2362);
#2364=CYLINDRICAL_SURFACE('',#2363,5.);
#2365=ORIENTED_EDGE('',*,*,#777,.F.);
#2366=ORIENTED_EDGE('',*,*,#2125,.F.);
#2367=ORIENTED_EDGE('',*,*,#1220,.F.);
#2368=ORIENTED_EDGE('',*,*,#1371,.F.);
#2369=EDGE_LOOP('',(#2365,#2366,#2367,#2368));
#2370=FACE_BOUND('',#2369,.T.);
#2371=ADVANCED_FACE('',(#2370),#2364,.T.);
#2372=CARTESIAN_POINT('',(434.286189904,725.313060275,127.4));
#2373=DIRECTION('',(0.,0.,-1.));
#2374=DIRECTION('',(-1.,0.,0.));
#2375=AXIS2_PLACEMENT_3D('',#2372,#2373,#2374);
#2376=CYLINDRICAL_SURFACE('',#2375,5.);
#2377=ORIENTED_EDGE('',*,*,#692,.F.);
#2378=ORIENTED_EDGE('',*,*,#1413,.F.);
#2379=ORIENTED_EDGE('',*,*,#1101,.F.);
#2380=ORIENTED_EDGE('',*,*,#1973,.F.);
#2381=EDGE_LOOP('',(#2377,#2378,#2379,#2380));
#2382=FACE_BOUND('',#2381,.T.);
#2383=ADVANCED_FACE('',(#2382),#2376,.T.);
#2384=CARTESIAN_POINT('',(377.586189904,720.863060275,22.9));
#2385=DIRECTION('',(-0.707106781,0.,-0.707106781));
#2386=DIRECTION('',(-0.707106781,0.,0.707106781));
#2387=AXIS2_PLACEMENT_3D('',#2384,#2385,#2386);
#2388=PLANE('',#2387);
#2389=ORIENTED_EDGE('',*,*,#2352,.T.);
#2390=ORIENTED_EDGE('',*,*,#414,.T.);
#2391=EDGE_LOOP('',(#2389,#2390));
#2392=FACE_BOUND('',#2391,.T.);
#2393=ORIENTED_EDGE('',*,*,#1917,.F.);
#2394=ORIENTED_EDGE('',*,*,#1925,.F.);
#2395=EDGE_LOOP('',(#2393,#2394));
#2396=FACE_BOUND('',#2395,.T.);
#2397=ADVANCED_FACE('',(#2392,#2396),#2388,.F.);
#2398=CARTESIAN_POINT('',(429.286189904,715.963060275,38.4));
#2399=DIRECTION('',(1.,-0.,0.));
#2400=DIRECTION('',(0.,0.,-1.));
#2401=AXIS2_PLACEMENT_3D('',#2398,#2399,#2400);
#2402=CYLINDRICAL_SURFACE('',#2401,3.15);
#2403=CARTESIAN_POINT('',(439.286189904,715.963060275,35.25));
#2404=DIRECTION('',(-1.,0.,-0.));
#2405=VECTOR('',#2404,2.);
#2406=LINE('',#2403,#2405);
#2407=EDGE_CURVE('',#1389,#223,#2406,.T.);
#2408=ORIENTED_EDGE('',*,*,#2407,.F.);
#2409=ORIENTED_EDGE('',*,*,#1397,.T.);
#2410=ORIENTED_EDGE('',*,*,#1404,.T.);
#2411=ORIENTED_EDGE('',*,*,#2407,.T.);
#2412=ORIENTED_EDGE('',*,*,#229,.F.);
#2413=CARTESIAN_POINT('',(437.286189904,714.156309311,40.980339309));
#2414=CARTESIAN_POINT('',(437.363002806,714.293256251,41.076229418));
#2415=CARTESIAN_POINT('',(437.43369699,714.438098677,41.161537322));
#2416=CARTESIAN_POINT('',(437.496854896,714.591666505,41.235803083));
#2417=CARTESIAN_POINT('',(437.52843385,714.668450419,41.272935964));
#2418=CARTESIAN_POINT('',(437.558124945,714.747426277,41.307290383));
#2419=CARTESIAN_POINT('',(437.585705346,714.828776602,41.338690278));
#2420=CARTESIAN_POINT('',(437.613285747,714.910126926,41.370090172));
#2421=CARTESIAN_POINT('',(437.638869714,714.994339755,41.39865643));
#2422=CARTESIAN_POINT('',(437.66163312,715.079435922,41.423525757));
#2423=CARTESIAN_POINT('',(437.707159932,715.249628256,41.47326441));
#2424=CARTESIAN_POINT('',(437.741819269,715.424015195,41.508750777));
#2425=CARTESIAN_POINT('',(437.76481883,715.602837919,41.529335369));
#2426=CARTESIAN_POINT('',(437.787818391,715.781660642,41.549919962));
#2427=CARTESIAN_POINT('',(437.798993729,715.967445511,41.555277468));
#2428=CARTESIAN_POINT('',(437.797331794,716.149594724,41.544472118));
#2429=CARTESIAN_POINT('',(437.795669858,716.331743937,41.533666767));
#2430=CARTESIAN_POINT('',(437.781649048,716.511083544,41.50726636));
#2431=CARTESIAN_POINT('',(437.75601355,716.687692999,41.46551911));
#2432=CARTESIAN_POINT('',(437.743195801,716.775997726,41.444645485));
#2433=CARTESIAN_POINT('',(437.727389171,716.86380165,41.419804184));
#2434=CARTESIAN_POINT('',(437.70917666,716.949026212,41.391717094));
#2435=CARTESIAN_POINT('',(437.690964149,717.034250775,41.363630004));
#2436=CARTESIAN_POINT('',(437.670290311,717.117389409,41.332202901));
#2437=CARTESIAN_POINT('',(437.647400617,717.198573399,41.297586465));
#2438=CARTESIAN_POINT('',(437.60162123,717.360941379,41.228353593));
#2439=CARTESIAN_POINT('',(437.546559388,717.516499926,41.145775801));
#2440=CARTESIAN_POINT('',(437.485336448,717.662245047,41.052408549));
#2441=CARTESIAN_POINT('',(437.424113508,717.807990169,40.959041297));
#2442=CARTESIAN_POINT('',(437.357069058,717.943523295,40.855434945));
#2443=CARTESIAN_POINT('',(437.286189904,718.069891169,40.741743706));
#2444=B_SPLINE_CURVE_WITH_KNOTS('',3,(#2413,#2414,#2415,#2416,#2417,#2418,#2419,#2420,#2421,#2422,#2423,#2424,#2425,#2426,#2427,#2428,#2429,#2430,#2431,#2432,#2433,#2434,#2435,#2436,#2437,#2438,
#2439,#2440,#2441,#2442,#2443),.UNSPECIFIED.,.F.,.F.,(4,3,3,3,3,3,3,3,3,3,4),(0.,0.000545635,0.000818453,0.001091271,0.001636906,0.002182542,0.002728177,0.003000995,0.003273813,0.003819448,0.004365084),.UNSPECIFIED.);
#2445=EDGE_CURVE('',#215,#232,#2444,.T.);
#2446=ORIENTED_EDGE('',*,*,#2445,.T.);
#2447=ORIENTED_EDGE('',*,*,#238,.F.);
#2448=EDGE_LOOP('',(#2408,#2409,#2410,#2411,#2412,#2446,#2447));
#2449=FACE_BOUND('',#2448,.T.);
#2450=ADVANCED_FACE('',(#2449),#2402,.F.);
#2451=CARTESIAN_POINT('',(403.478724277,747.063060275,49.));
#2452=DIRECTION('',(0.,1.,0.));
#2453=DIRECTION('',(0.,0.,-1.));
#2454=AXIS2_PLACEMENT_3D('',#2451,#2452,#2453);
#2455=CYLINDRICAL_SURFACE('',#2454,3.);
#2456=CARTESIAN_POINT('',(403.478724277,750.063060275,46.));
#2457=DIRECTION('',(-0.,-1.,-0.));
#2458=VECTOR('',#2457,2.);
#2459=LINE('',#2456,#2458);
#2460=EDGE_CURVE('',#2042,#1936,#2459,.T.);
#2461=ORIENTED_EDGE('',*,*,#2460,.F.);
#2462=ORIENTED_EDGE('',*,*,#2048,.T.);
#2463=ORIENTED_EDGE('',*,*,#2460,.T.);
#2464=ORIENTED_EDGE('',*,*,#1942,.F.);
#2465=EDGE_LOOP('',(#2461,#2462,#2463,#2464));
#2466=FACE_BOUND('',#2465,.T.);
#2467=ADVANCED_FACE('',(#2466),#2455,.F.);
#2468=CARTESIAN_POINT('',(433.797498278,716.11310024,82.16070159));
#2469=DIRECTION('',(0.,0.,1.));
#2470=DIRECTION('',(0.573576436,-0.819152044,-0.));
#2471=AXIS2_PLACEMENT_3D('',#2468,#2469,#2470);
#2472=CYLINDRICAL_SURFACE('',#2471,4.);
#2473=ORIENTED_EDGE('',*,*,#477,.F.);
#2474=CARTESIAN_POINT('',(437.79737159,716.081264965,74.591646379));
#2475=VERTEX_POINT('',#2474);
#2476=CARTESIAN_POINT('',(437.79737159,716.081264962,89.4));
#2477=DIRECTION('',(-0.,0.,-1.));
#2478=VECTOR('',#2477,14.808353621);
#2479=LINE('',#2476,#2478);
#2480=EDGE_CURVE('',#464,#2475,#2479,.T.);
#2481=ORIENTED_EDGE('',*,*,#2480,.T.);
#2482=CARTESIAN_POINT('',(433.797498278,716.11310024,78.591519695));
#2483=DIRECTION('',(0.707106782,-0.,0.707106781));
#2484=DIRECTION('',(-0.707106781,0.,0.707106782));
#2485=AXIS2_PLACEMENT_3D('',#2482,#2483,#2484);
#2486=ELLIPSE('',#2485,5.656854252,4.);
#2487=EDGE_CURVE('',#2475,#117,#2486,.T.);
#2488=ORIENTED_EDGE('',*,*,#2487,.T.);
#2489=ORIENTED_EDGE('',*,*,#244,.F.);
#2490=ORIENTED_EDGE('',*,*,#2445,.F.);
#2491=ORIENTED_EDGE('',*,*,#220,.F.);
#2492=ORIENTED_EDGE('',*,*,#212,.F.);
#2493=EDGE_LOOP('',(#2473,#2481,#2488,#2489,#2490,#2491,#2492));
#2494=FACE_BOUND('',#2493,.T.);
#2495=ADVANCED_FACE('',(#2494),#2472,.F.);
#2496=CARTESIAN_POINT('',(434.186189904,715.963060275,10.4));
#2497=DIRECTION('',(0.,0.,-1.));
#2498=DIRECTION('',(-1.,0.,0.));
#2499=AXIS2_PLACEMENT_3D('',#2496,#2497,#2498);
#2500=CONICAL_SURFACE('',#2499,2.,44.999999949);
#2501=CARTESIAN_POINT('',(431.803143947,715.963060277,10.016945754));
#2502=VERTEX_POINT('',#2501);
#2503=CARTESIAN_POINT('',(431.186189905,715.963060275,9.4));
#2504=DIRECTION('',(0.707106781,-0.,0.707106782));
#2505=VECTOR('',#2504,0.872498913);
#2506=LINE('',#2503,#2505);
#2507=EDGE_CURVE('',#1321,#2502,#2506,.T.);
#2508=ORIENTED_EDGE('',*,*,#2507,.F.);
#2509=ORIENTED_EDGE('',*,*,#1327,.F.);
#2510=ORIENTED_EDGE('',*,*,#1334,.F.);
#2511=ORIENTED_EDGE('',*,*,#2507,.T.);
#2512=CARTESIAN_POINT('',(433.275532792,714.182413308,10.4));
#2513=VERTEX_POINT('',#2512);
#2514=CARTESIAN_POINT('',(434.70815539,717.893747208,10.4));
#2515=CARTESIAN_POINT('',(434.584154474,717.957164088,10.371145141));
#2516=CARTESIAN_POINT('',(434.455341844,718.006875419,10.343002936));
#2517=CARTESIAN_POINT('',(434.321824623,718.04314736,10.315495489));
#2518=CARTESIAN_POINT('',(434.188307403,718.0794193,10.287988043));
#2519=CARTESIAN_POINT('',(434.049465664,718.101961747,10.261034334));
#2520=CARTESIAN_POINT('',(433.911641822,718.109840396,10.235735336));
#2521=CARTESIAN_POINT('',(433.773817979,718.117719045,10.210436338));
#2522=CARTESIAN_POINT('',(433.635616955,718.111459392,10.186491802));
#2523=CARTESIAN_POINT('',(433.497047392,718.090403774,10.163818486));
#2524=CARTESIAN_POINT('',(433.358477828,718.069348156,10.14114517));
#2525=CARTESIAN_POINT('',(433.223398976,718.033965483,10.120382915));
#2526=CARTESIAN_POINT('',(433.093325553,717.985035274,10.101579806));
#2527=CARTESIAN_POINT('',(432.963252129,717.936105065,10.082776697));
#2528=CARTESIAN_POINT('',(432.836225849,717.872540247,10.065678125));
#2529=CARTESIAN_POINT('',(432.718142128,717.796843184,10.050973812));
#2530=CARTESIAN_POINT('',(432.600058407,717.721146121,10.0362695));
#2531=CARTESIAN_POINT('',(432.49098652,717.633890893,10.023928957));
#2532=CARTESIAN_POINT('',(432.391005171,717.534992338,10.013861144));
#2533=CARTESIAN_POINT('',(432.291023821,717.436093784,10.003793331));
#2534=CARTESIAN_POINT('',(432.200603662,717.325364756,9.996087779));
#2535=CARTESIAN_POINT('',(432.123845427,717.208036829,9.991010302));
#2536=CARTESIAN_POINT('',(432.047087191,717.090708901,9.985932825));
#2537=CARTESIAN_POINT('',(431.982356268,716.96479216,9.983343262));
#2538=CARTESIAN_POINT('',(431.931339306,716.832440696,9.983354901));
#2539=CARTESIAN_POINT('',(431.880322344,716.700089233,9.983366539));
#2540=CARTESIAN_POINT('',(431.844039068,716.564476085,9.985946377));
#2541=CARTESIAN_POINT('',(431.822077875,716.425692999,9.991046965));
#2542=CARTESIAN_POINT('',(431.800116683,716.286909914,9.996147554));
#2543=CARTESIAN_POINT('',(431.792825903,716.143743155,10.003901408));
#2544=CARTESIAN_POINT('',(431.800488616,716.003773169,10.013951346));
#2545=CARTESIAN_POINT('',(431.815814041,715.723833196,10.034051222));
#2546=CARTESIAN_POINT('',(431.891574119,715.446103904,10.064085633));
#2547=CARTESIAN_POINT('',(432.018806299,715.198630534,10.10176056));
#2548=CARTESIAN_POINT('',(432.082422388,715.074893849,10.120598023));
#2549=CARTESIAN_POINT('',(432.160047403,714.956338194,10.141702745));
#2550=CARTESIAN_POINT('',(432.247983191,714.848583337,10.164221812));
#2551=CARTESIAN_POINT('',(432.33591898,714.740828481,10.186740878));
#2552=CARTESIAN_POINT('',(432.433990771,714.643355189,10.210669165));
#2553=CARTESIAN_POINT('',(432.542149315,714.556148416,10.236144543));
#2554=CARTESIAN_POINT('',(432.650307859,714.468941643,10.261619922));
#2555=CARTESIAN_POINT('',(432.767990018,714.392933506,10.288489847));
#2556=CARTESIAN_POINT('',(432.89038772,714.330643947,10.315800785));
#2557=CARTESIAN_POINT('',(433.012785421,714.268354389,10.343111723));
#2558=CARTESIAN_POINT('',(433.141086474,714.218760535,10.371146267));
#2559=CARTESIAN_POINT('',(433.275532791,714.182413308,10.4));
#2560=B_SPLINE_CURVE_WITH_KNOTS('',3,(#2514,#2515,#2516,#2517,#2518,#2519,#2520,#2521,#2522,#2523,#2524,#2525,#2526,#2527,#2528,#2529,#2530,#2531,#2532,#2533,#2534,#2535,#2536,#2537,#2538,#2539,
#2540,#2541,#2542,#2543,#2544,#2545,#2546,#2547,#2548,#2549,#2550,#2551,#2552,#2553,#2554,#2555,#2556,#2557,#2558,#2559),.UNSPECIFIED.,.F.,.F.,(4,3,3,3,3,3,3,3,3,3,3,3,3,3,3,4),(0.000000976,0.000423374,0.000845771,0.001268169,0.001690567,0.002112965,0.002535363,0.002957761,0.003380158,0.003802556,0.004224954,0.00506975,0.005492147,0.005914545,0.006336943,0.006759341),.UNSPECIFIED.);
#2561=EDGE_CURVE('',#2502,#2513,#2560,.T.);
#2562=ORIENTED_EDGE('',*,*,#2561,.T.);
#2563=CARTESIAN_POINT('',(434.70815539,717.893747208,10.4));
#2564=VERTEX_POINT('',#2563);
#2565=CARTESIAN_POINT('',(434.186189904,715.963060275,10.4));
#2566=DIRECTION('',(0.,0.,-1.));
#2567=DIRECTION('',(1.,-0.,0.));
#2568=AXIS2_PLACEMENT_3D('',#2565,#2566,#2567);
#2569=CIRCLE('',#2568,2.);
#2570=EDGE_CURVE('',#2564,#2513,#2569,.T.);
#2571=ORIENTED_EDGE('',*,*,#2570,.F.);
#2572=CARTESIAN_POINT('',(431.797539083,716.11310022,10.006607142));
#2573=VERTEX_POINT('',#2572);
#2574=CARTESIAN_POINT('',(434.70815539,717.893747208,10.4));
#2575=CARTESIAN_POINT('',(434.584154474,717.957164088,10.371145141));
#2576=CARTESIAN_POINT('',(434.455341844,718.006875419,10.343002936));
#2577=CARTESIAN_POINT('',(434.321824623,718.04314736,10.315495489));
#2578=CARTESIAN_POINT('',(434.188307403,718.0794193,10.287988043));
#2579=CARTESIAN_POINT('',(434.049465664,718.101961747,10.261034334));
#2580=CARTESIAN_POINT('',(433.911641822,718.109840396,10.235735336));
#2581=CARTESIAN_POINT('',(433.773817979,718.117719045,10.210436338));
#2582=CARTESIAN_POINT('',(433.635616955,718.111459392,10.186491802));
#2583=CARTESIAN_POINT('',(433.497047392,718.090403774,10.163818486));
#2584=CARTESIAN_POINT('',(433.358477828,718.069348156,10.14114517));
#2585=CARTESIAN_POINT('',(433.223398976,718.033965483,10.120382915));
#2586=CARTESIAN_POINT('',(433.093325553,717.985035274,10.101579806));
#2587=CARTESIAN_POINT('',(432.963252129,717.936105065,10.082776697));
#2588=CARTESIAN_POINT('',(432.836225849,717.872540247,10.065678125));
#2589=CARTESIAN_POINT('',(432.718142128,717.796843184,10.050973812));
#2590=CARTESIAN_POINT('',(432.600058407,717.721146121,10.0362695));
#2591=CARTESIAN_POINT('',(432.49098652,717.633890893,10.023928957));
#2592=CARTESIAN_POINT('',(432.391005171,717.534992338,10.013861144));
#2593=CARTESIAN_POINT('',(432.291023821,717.436093784,10.003793331));
#2594=CARTESIAN_POINT('',(432.200603662,717.325364756,9.996087779));
#2595=CARTESIAN_POINT('',(432.123845427,717.208036829,9.991010302));
#2596=CARTESIAN_POINT('',(432.047087191,717.090708901,9.985932825));
#2597=CARTESIAN_POINT('',(431.982356268,716.96479216,9.983343262));
#2598=CARTESIAN_POINT('',(431.931339306,716.832440696,9.983354901));
#2599=CARTESIAN_POINT('',(431.880322344,716.700089233,9.983366539));
#2600=CARTESIAN_POINT('',(431.844039068,716.564476085,9.985946377));
#2601=CARTESIAN_POINT('',(431.822077875,716.425692999,9.991046965));
#2602=CARTESIAN_POINT('',(431.800116683,716.286909914,9.996147554));
#2603=CARTESIAN_POINT('',(431.792825903,716.143743155,10.003901408));
#2604=CARTESIAN_POINT('',(431.800488616,716.003773169,10.013951346));
#2605=CARTESIAN_POINT('',(431.815814041,715.723833196,10.034051222));
#2606=CARTESIAN_POINT('',(431.891574119,715.446103904,10.064085633));
#2607=CARTESIAN_POINT('',(432.018806299,715.198630534,10.10176056));
#2608=CARTESIAN_POINT('',(432.082422388,715.074893849,10.120598023));
#2609=CARTESIAN_POINT('',(432.160047403,714.956338194,10.141702745));
#2610=CARTESIAN_POINT('',(432.247983191,714.848583337,10.164221812));
#2611=CARTESIAN_POINT('',(432.33591898,714.740828481,10.186740878));
#2612=CARTESIAN_POINT('',(432.433990771,714.643355189,10.210669165));
#2613=CARTESIAN_POINT('',(432.542149315,714.556148416,10.236144543));
#2614=CARTESIAN_POINT('',(432.650307859,714.468941643,10.261619922));
#2615=CARTESIAN_POINT('',(432.767990018,714.392933506,10.288489847));
#2616=CARTESIAN_POINT('',(432.89038772,714.330643947,10.315800785));
#2617=CARTESIAN_POINT('',(433.012785421,714.268354389,10.343111723));
#2618=CARTESIAN_POINT('',(433.141086474,714.218760535,10.371146267));
#2619=CARTESIAN_POINT('',(433.275532791,714.182413308,10.4));
#2620=B_SPLINE_CURVE_WITH_KNOTS('',3,(#2574,#2575,#2576,#2577,#2578,#2579,#2580,#2581,#2582,#2583,#2584,#2585,#2586,#2587,#2588,#2589,#2590,#2591,#2592,#2593,#2594,#2595,#2596,#2597,#2598,#2599,
#2600,#2601,#2602,#2603,#2604,#2605,#2606,#2607,#2608,#2609,#2610,#2611,#2612,#2613,#2614,#2615,#2616,#2617,#2618,#2619),.UNSPECIFIED.,.F.,.F.,(4,3,3,3,3,3,3,3,3,3,3,3,3,3,3,4),(0.000000976,0.000423374,0.000845771,0.001268169,0.001690567,0.002112965,0.002535363,0.002957761,0.003380158,0.003802556,0.004224954,0.00506975,0.005492147,0.005914545,0.006336943,0.006759341),.UNSPECIFIED.);
#2621=EDGE_CURVE('',#2564,#2573,#2620,.T.);
#2622=ORIENTED_EDGE('',*,*,#2621,.T.);
#2623=CARTESIAN_POINT('',(434.70815539,717.893747208,10.4));
#2624=CARTESIAN_POINT('',(434.584154474,717.957164088,10.371145141));
#2625=CARTESIAN_POINT('',(434.455341844,718.006875419,10.343002936));
#2626=CARTESIAN_POINT('',(434.321824623,718.04314736,10.315495489));
#2627=CARTESIAN_POINT('',(434.188307403,718.0794193,10.287988043));
#2628=CARTESIAN_POINT('',(434.049465664,718.101961747,10.261034334));
#2629=CARTESIAN_POINT('',(433.911641822,718.109840396,10.235735336));
#2630=CARTESIAN_POINT('',(433.773817979,718.117719045,10.210436338));
#2631=CARTESIAN_POINT('',(433.635616955,718.111459392,10.186491802));
#2632=CARTESIAN_POINT('',(433.497047392,718.090403774,10.163818486));
#2633=CARTESIAN_POINT('',(433.358477828,718.069348156,10.14114517));
#2634=CARTESIAN_POINT('',(433.223398976,718.033965483,10.120382915));
#2635=CARTESIAN_POINT('',(433.093325553,717.985035274,10.101579806));
#2636=CARTESIAN_POINT('',(432.963252129,717.936105065,10.082776697));
#2637=CARTESIAN_POINT('',(432.836225849,717.872540247,10.065678125));
#2638=CARTESIAN_POINT('',(432.718142128,717.796843184,10.050973812));
#2639=CARTESIAN_POINT('',(432.600058407,717.721146121,10.0362695));
#2640=CARTESIAN_POINT('',(432.49098652,717.633890893,10.023928957));
#2641=CARTESIAN_POINT('',(432.391005171,717.534992338,10.013861144));
#2642=CARTESIAN_POINT('',(432.291023821,717.436093784,10.003793331));
#2643=CARTESIAN_POINT('',(432.200603662,717.325364756,9.996087779));
#2644=CARTESIAN_POINT('',(432.123845427,717.208036829,9.991010302));
#2645=CARTESIAN_POINT('',(432.047087191,717.090708901,9.985932825));
#2646=CARTESIAN_POINT('',(431.982356268,716.96479216,9.983343262));
#2647=CARTESIAN_POINT('',(431.931339306,716.832440696,9.983354901));
#2648=CARTESIAN_POINT('',(431.880322344,716.700089233,9.983366539));
#2649=CARTESIAN_POINT('',(431.844039068,716.564476085,9.985946377));
#2650=CARTESIAN_POINT('',(431.822077875,716.425692999,9.991046965));
#2651=CARTESIAN_POINT('',(431.800116683,716.286909914,9.996147554));
#2652=CARTESIAN_POINT('',(431.792825903,716.143743155,10.003901408));
#2653=CARTESIAN_POINT('',(431.800488616,716.003773169,10.013951346));
#2654=CARTESIAN_POINT('',(431.815814041,715.723833196,10.034051222));
#2655=CARTESIAN_POINT('',(431.891574119,715.446103904,10.064085633));
#2656=CARTESIAN_POINT('',(432.018806299,715.198630534,10.10176056));
#2657=CARTESIAN_POINT('',(432.082422388,715.074893849,10.120598023));
#2658=CARTESIAN_POINT('',(432.160047403,714.956338194,10.141702745));
#2659=CARTESIAN_POINT('',(432.247983191,714.848583337,10.164221812));
#2660=CARTESIAN_POINT('',(432.33591898,714.740828481,10.186740878));
#2661=CARTESIAN_POINT('',(432.433990771,714.643355189,10.210669165));
#2662=CARTESIAN_POINT('',(432.542149315,714.556148416,10.236144543));
#2663=CARTESIAN_POINT('',(432.650307859,714.468941643,10.261619922));
#2664=CARTESIAN_POINT('',(432.767990018,714.392933506,10.288489847));
#2665=CARTESIAN_POINT('',(432.89038772,714.330643947,10.315800785));
#2666=CARTESIAN_POINT('',(433.012785421,714.268354389,10.343111723));
#2667=CARTESIAN_POINT('',(433.141086474,714.218760535,10.371146267));
#2668=CARTESIAN_POINT('',(433.275532791,714.182413308,10.4));
#2669=B_SPLINE_CURVE_WITH_KNOTS('',3,(#2623,#2624,#2625,#2626,#2627,#2628,#2629,#2630,#2631,#2632,#2633,#2634,#2635,#2636,#2637,#2638,#2639,#2640,#2641,#2642,#2643,#2644,#2645,#2646,#2647,#2648,
#2649,#2650,#2651,#2652,#2653,#2654,#2655,#2656,#2657,#2658,#2659,#2660,#2661,#2662,#2663,#2664,#2665,#2666,#2667,#2668),.UNSPECIFIED.,.F.,.F.,(4,3,3,3,3,3,3,3,3,3,3,3,3,3,3,4),(0.000000976,0.000423374,0.000845771,0.001268169,0.001690567,0.002112965,0.002535363,0.002957761,0.003380158,0.003802556,0.004224954,0.00506975,0.005492147,0.005914545,0.006336943,0.006759341),.UNSPECIFIED.);
#2670=EDGE_CURVE('',#2573,#2502,#2669,.T.);
#2671=ORIENTED_EDGE('',*,*,#2670,.T.);
#2672=EDGE_LOOP('',(#2508,#2509,#2510,#2511,#2562,#2571,#2622,#2671));
#2673=FACE_BOUND('',#2672,.T.);
#2674=ADVANCED_FACE('',(#2673),#2500,.F.);
#2675=CARTESIAN_POINT('',(434.186189904,715.963060275,127.4));
#2676=DIRECTION('',(0.,0.,-1.));
#2677=DIRECTION('',(-1.,0.,0.));
#2678=AXIS2_PLACEMENT_3D('',#2675,#2676,#2677);
#2679=CYLINDRICAL_SURFACE('',#2678,2.);
#2680=ORIENTED_EDGE('',*,*,#332,.T.);
#2681=CARTESIAN_POINT('',(434.70815539,717.893747208,24.821965486));
#2682=DIRECTION('',(-0.,-0.,-1.));
#2683=VECTOR('',#2682,14.421965486);
#2684=LINE('',#2681,#2683);
#2685=EDGE_CURVE('',#323,#2564,#2684,.T.);
#2686=ORIENTED_EDGE('',*,*,#2685,.T.);
#2687=ORIENTED_EDGE('',*,*,#2570,.T.);
#2688=CARTESIAN_POINT('',(433.275532792,714.182413308,10.4));
#2689=DIRECTION('',(0.,0.,1.));
#2690=VECTOR('',#2689,12.989342888);
#2691=LINE('',#2688,#2690);
#2692=EDGE_CURVE('',#2513,#321,#2691,.T.);
#2693=ORIENTED_EDGE('',*,*,#2692,.T.);
#2694=EDGE_LOOP('',(#2680,#2686,#2687,#2693));
#2695=FACE_BOUND('',#2694,.T.);
#2696=ADVANCED_FACE('',(#2695),#2679,.F.);
#2697=CARTESIAN_POINT('',(433.797498278,716.11310024,231.079161254));
#2698=DIRECTION('',(-0.,-0.,-1.));
#2699=DIRECTION('',(-1.,0.,0.));
#2700=AXIS2_PLACEMENT_3D('',#2697,#2698,#2699);
#2701=CYLINDRICAL_SURFACE('',#2700,2.);
#2702=CARTESIAN_POINT('',(431.797498278,716.11310024,10.006607142));
#2703=DIRECTION('',(0.,0.,1.));
#2704=VECTOR('',#2703,11.904701232);
#2705=LINE('',#2702,#2704);
#2706=EDGE_CURVE('',#2573,#335,#2705,.T.);
#2707=ORIENTED_EDGE('',*,*,#2706,.F.);
#2708=ORIENTED_EDGE('',*,*,#2621,.F.);
#2709=ORIENTED_EDGE('',*,*,#2685,.F.);
#2710=ORIENTED_EDGE('',*,*,#348,.F.);
#2711=EDGE_LOOP('',(#2707,#2708,#2709,#2710));
#2712=FACE_BOUND('',#2711,.T.);
#2713=ADVANCED_FACE('',(#2712),#2701,.F.);
#2714=CARTESIAN_POINT('',(438.286189904,715.963060275,58.4));
#2715=DIRECTION('',(-1.,0.,0.));
#2716=DIRECTION('',(-0.,-1.,0.));
#2717=AXIS2_PLACEMENT_3D('',#2714,#2715,#2716);
#2718=PLANE('',#2717);
#2719=CARTESIAN_POINT('',(438.286189904,715.963060275,30.9));
#2720=VERTEX_POINT('',#2719);
#2721=CARTESIAN_POINT('',(438.286189904,715.963060275,33.9));
#2722=VERTEX_POINT('',#2721);
#2723=CARTESIAN_POINT('',(438.286189904,715.963060275,32.4));
#2724=DIRECTION('',(-1.,0.,0.));
#2725=DIRECTION('',(0.,0.,-1.));
#2726=AXIS2_PLACEMENT_3D('',#2723,#2724,#2725);
#2727=CIRCLE('',#2726,1.5);
#2728=EDGE_CURVE('',#2720,#2722,#2727,.T.);
#2729=ORIENTED_EDGE('',*,*,#2728,.T.);
#2730=CARTESIAN_POINT('',(438.286189904,715.963060275,32.4));
#2731=DIRECTION('',(-1.,0.,0.));
#2732=DIRECTION('',(0.,0.,-1.));
#2733=AXIS2_PLACEMENT_3D('',#2730,#2731,#2732);
#2734=CIRCLE('',#2733,1.5);
#2735=EDGE_CURVE('',#2722,#2720,#2734,.T.);
#2736=ORIENTED_EDGE('',*,*,#2735,.T.);
#2737=EDGE_LOOP('',(#2729,#2736));
#2738=FACE_BOUND('',#2737,.T.);
#2739=ADVANCED_FACE('',(#2738),#2718,.T.);
#2740=CARTESIAN_POINT('',(438.286189904,715.963060275,32.4));
#2741=DIRECTION('',(-1.,0.,0.));
#2742=DIRECTION('',(0.,0.,1.));
#2743=AXIS2_PLACEMENT_3D('',#2740,#2741,#2742);
#2744=CYLINDRICAL_SURFACE('',#2743,1.5);
#2745=CARTESIAN_POINT('',(437.286189904,715.963060275,33.9));
#2746=DIRECTION('',(1.,-0.,-0.));
#2747=VECTOR('',#2746,1.);
#2748=LINE('',#2745,#2747);
#2749=EDGE_CURVE('',#249,#2722,#2748,.T.);
#2750=ORIENTED_EDGE('',*,*,#2749,.F.);
#2751=ORIENTED_EDGE('',*,*,#257,.T.);
#2752=ORIENTED_EDGE('',*,*,#264,.T.);
#2753=ORIENTED_EDGE('',*,*,#2749,.T.);
#2754=ORIENTED_EDGE('',*,*,#2728,.F.);
#2755=ORIENTED_EDGE('',*,*,#2735,.F.);
#2756=EDGE_LOOP('',(#2750,#2751,#2752,#2753,#2754,#2755));
#2757=FACE_BOUND('',#2756,.T.);
#2758=ADVANCED_FACE('',(#2757),#2744,.F.);
#2759=CARTESIAN_POINT('',(433.982291582,717.283414923,74.406726388));
#2760=DIRECTION('',(0.,-0.,1.));
#2761=DIRECTION('',(0.5,-0.866025404,-0.));
#2762=AXIS2_PLACEMENT_3D('',#2759,#2760,#2761);
#2763=CYLINDRICAL_SURFACE('',#2762,4.);
#2764=CARTESIAN_POINT('',(435.982291582,713.819313307,89.406726388));
#2765=VERTEX_POINT('',#2764);
#2766=CARTESIAN_POINT('',(435.982291582,713.819313307,76.406726388));
#2767=VERTEX_POINT('',#2766);
#2768=CARTESIAN_POINT('',(435.982291582,713.819313307,89.406726388));
#2769=DIRECTION('',(-0.,0.,-1.));
#2770=VECTOR('',#2769,13.);
#2771=LINE('',#2768,#2770);
#2772=EDGE_CURVE('',#2765,#2767,#2771,.T.);
#2773=ORIENTED_EDGE('',*,*,#2772,.T.);
#2774=CARTESIAN_POINT('',(437.797371558,716.081264861,74.591646411));
#2775=CARTESIAN_POINT('',(437.329758867,714.597273907,75.059259102));
#2776=CARTESIAN_POINT('',(435.982291582,713.819313307,76.406726388));
#2777=(BOUNDED_CURVE()
B_SPLINE_CURVE(2,(#2774,#2775,#2776),.UNSPECIFIED.,.F.,.F.)
B_SPLINE_CURVE_WITH_KNOTS((3,3),(197.592292901,239.999999988),.UNSPECIFIED.)
CURVE()
GEOMETRIC_REPRESENTATION_ITEM()
RATIONAL_B_SPLINE_CURVE((0.883446051,0.875981016,1.))
REPRESENTATION_ITEM(''));
#2778=EDGE_CURVE('',#2475,#2767,#2777,.T.);
#2779=ORIENTED_EDGE('',*,*,#2778,.F.);
#2780=ORIENTED_EDGE('',*,*,#2480,.F.);
#2781=ORIENTED_EDGE('',*,*,#470,.F.);
#2782=ORIENTED_EDGE('',*,*,#132,.F.);
#2783=CARTESIAN_POINT('',(429.982291585,717.283414923,82.406726391));
#2784=VERTEX_POINT('',#2783);
#2785=CARTESIAN_POINT('',(429.982291585,717.283414923,82.406726391));
#2786=CARTESIAN_POINT('',(429.982291586,720.639813448,82.406726391));
#2787=CARTESIAN_POINT('',(433.287698874,721.222645935,79.101319101));
#2788=CARTESIAN_POINT('',(435.830615554,721.671030755,76.558402418));
#2789=CARTESIAN_POINT('',(437.28618988,719.538244413,75.10282809));
#2790=(BOUNDED_CURVE()
B_SPLINE_CURVE(2,(#2785,#2786,#2787,#2788,#2789),.UNSPECIFIED.,.F.,.F.)
B_SPLINE_CURVE_WITH_KNOTS((3,2,3),(0.,79.999999996,145.056648274),.UNSPECIFIED.)
CURVE()
GEOMETRIC_REPRESENTATION_ITEM()
RATIONAL_B_SPLINE_CURVE((1.,0.766044443,1.,0.809745445,0.928923982))
REPRESENTATION_ITEM(''));
#2791=EDGE_CURVE('',#2784,#119,#2790,.T.);
#2792=ORIENTED_EDGE('',*,*,#2791,.F.);
#2793=CARTESIAN_POINT('',(435.982291582,713.819313307,76.406726388));
#2794=CARTESIAN_POINT('',(433.982291583,712.664612769,78.406726389));
#2795=CARTESIAN_POINT('',(431.982291584,713.819313308,80.40672639));
#2796=CARTESIAN_POINT('',(429.982291585,714.974013846,82.406726391));
#2797=CARTESIAN_POINT('',(429.982291585,717.283414923,82.406726391));
#2798=(BOUNDED_CURVE()
B_SPLINE_CURVE(2,(#2793,#2794,#2795,#2796,#2797),.UNSPECIFIED.,.F.,.F.)
B_SPLINE_CURVE_WITH_KNOTS((3,2,3),(239.999999988,299.999999986,359.999999985),.UNSPECIFIED.)
CURVE()
GEOMETRIC_REPRESENTATION_ITEM()
RATIONAL_B_SPLINE_CURVE((1.,0.866025404,1.,0.866025404,1.))
REPRESENTATION_ITEM(''));
#2799=EDGE_CURVE('',#2767,#2784,#2798,.T.);
#2800=ORIENTED_EDGE('',*,*,#2799,.F.);
#2801=ORIENTED_EDGE('',*,*,#2772,.F.);
#2802=CARTESIAN_POINT('',(433.982291582,717.283414923,89.406726388));
#2803=DIRECTION('',(-0.,0.,-1.));
#2804=DIRECTION('',(0.5,-0.866025404,-0.));
#2805=AXIS2_PLACEMENT_3D('',#2802,#2803,#2804);
#2806=CIRCLE('',#2805,4.);
#2807=EDGE_CURVE('',#2765,#2765,#2806,.T.);
#2808=ORIENTED_EDGE('',*,*,#2807,.T.);
#2809=EDGE_LOOP('',(#2773,#2779,#2780,#2781,#2782,#2792,#2800,#2801,#2808));
#2810=FACE_BOUND('',#2809,.T.);
#2811=ADVANCED_FACE('',(#2810),#2763,.T.);
#2812=COLOUR_RGB('',0.627451003,0.627451003,0.643137276);
#2813=FILL_AREA_STYLE_COLOUR('',#2812);
#2814=FILL_AREA_STYLE('',(#2813));
#2815=SURFACE_STYLE_FILL_AREA(#2814);
#2816=SURFACE_SIDE_STYLE('',(#2815));
#2817=SURFACE_STYLE_USAGE(.BOTH.,#2816);
#2818=PRESENTATION_STYLE_ASSIGNMENT((#2817));
#2819=OVER_RIDING_STYLED_ITEM('',(#2818),#2811,#110);
#2820=CARTESIAN_POINT('',(430.276273615,693.077643556,82.112744354));
#2821=DIRECTION('',(-0.707106782,0.,-0.707106781));
#2822=DIRECTION('',(-0.65465367,-0.377964473,0.654653671));
#2823=AXIS2_PLACEMENT_3D('',#2820,#2821,#2822);
#2824=PLANE('',#2823);
#2825=CARTESIAN_POINT('',(434.982291582,715.551364115,77.406726389));
#2826=VERTEX_POINT('',#2825);
#2827=CARTESIAN_POINT('',(431.982291584,717.283414923,80.406726391));
#2828=VERTEX_POINT('',#2827);
#2829=CARTESIAN_POINT('',(434.982291582,715.551364115,77.406726389));
#2830=CARTESIAN_POINT('',(433.982291583,714.974013846,78.406726389));
#2831=CARTESIAN_POINT('',(432.982291583,715.551364115,79.40672639));
#2832=CARTESIAN_POINT('',(431.982291584,716.128714384,80.40672639));
#2833=CARTESIAN_POINT('',(431.982291584,717.283414923,80.406726391));
#2834=(BOUNDED_CURVE()
B_SPLINE_CURVE(2,(#2829,#2830,#2831,#2832,#2833),.UNSPECIFIED.,.F.,.F.)
B_SPLINE_CURVE_WITH_KNOTS((3,2,3),(239.999999992,299.999999985,359.999999978),.UNSPECIFIED.)
CURVE()
GEOMETRIC_REPRESENTATION_ITEM()
RATIONAL_B_SPLINE_CURVE((1.,0.866025404,1.,0.866025404,1.))
REPRESENTATION_ITEM(''));
#2835=EDGE_CURVE('',#2826,#2828,#2834,.T.);
#2836=ORIENTED_EDGE('',*,*,#2835,.F.);
#2837=CARTESIAN_POINT('',(431.982291584,717.283414923,80.406726391));
#2838=CARTESIAN_POINT('',(431.982291584,718.961614185,80.406726391));
#2839=CARTESIAN_POINT('',(433.634995228,719.253030429,78.754022745));
#2840=CARTESIAN_POINT('',(435.287698872,719.544446672,77.1013191));
#2841=CARTESIAN_POINT('',(435.861676824,717.967455209,76.527341147));
#2842=CARTESIAN_POINT('',(436.435654776,716.390463746,75.953363195));
#2843=CARTESIAN_POINT('',(434.982291582,715.551364115,77.406726389));
#2844=(BOUNDED_CURVE()
B_SPLINE_CURVE(2,(#2837,#2838,#2839,#2840,#2841,#2842,#2843),.UNSPECIFIED.,.F.,.F.)
B_SPLINE_CURVE_WITH_KNOTS((3,2,2,3),(0.,79.999999997,159.999999995,239.999999992),.UNSPECIFIED.)
CURVE()
GEOMETRIC_REPRESENTATION_ITEM()
RATIONAL_B_SPLINE_CURVE((1.,0.766044443,1.,0.766044443,1.,0.766044443,1.))
REPRESENTATION_ITEM(''));
#2845=EDGE_CURVE('',#2828,#2826,#2844,.T.);
#2846=ORIENTED_EDGE('',*,*,#2845,.F.);
#2847=EDGE_LOOP('',(#2836,#2846));
#2848=FACE_BOUND('',#2847,.T.);
#2849=ORIENTED_EDGE('',*,*,#124,.F.);
#2850=ORIENTED_EDGE('',*,*,#2487,.F.);
#2851=ORIENTED_EDGE('',*,*,#2778,.T.);
#2852=ORIENTED_EDGE('',*,*,#2799,.T.);
#2853=ORIENTED_EDGE('',*,*,#2791,.T.);
#2854=EDGE_LOOP('',(#2849,#2850,#2851,#2852,#2853));
#2855=FACE_BOUND('',#2854,.T.);
#2856=ADVANCED_FACE('',(#2848,#2855),#2824,.T.);
#2857=OVER_RIDING_STYLED_ITEM('',(#2818),#2856,#110);
#2858=CARTESIAN_POINT('',(433.982291582,717.283414923,74.406726388));
#2859=DIRECTION('',(0.,-0.,1.));
#2860=DIRECTION('',(0.5,-0.866025404,-0.));
#2861=AXIS2_PLACEMENT_3D('',#2858,#2859,#2860);
#2862=CYLINDRICAL_SURFACE('',#2861,2.);
#2863=CARTESIAN_POINT('',(434.982291582,715.551364115,89.406726388));
#2864=VERTEX_POINT('',#2863);
#2865=CARTESIAN_POINT('',(434.982291582,715.551364115,89.406726388));
#2866=DIRECTION('',(-0.,0.,-1.));
#2867=VECTOR('',#2866,11.999999999);
#2868=LINE('',#2865,#2867);
#2869=EDGE_CURVE('',#2864,#2826,#2868,.T.);
#2870=ORIENTED_EDGE('',*,*,#2869,.F.);
#2871=CARTESIAN_POINT('',(433.982291582,717.283414923,89.406726388));
#2872=DIRECTION('',(-0.,0.,-1.));
#2873=DIRECTION('',(0.5,-0.866025404,-0.));
#2874=AXIS2_PLACEMENT_3D('',#2871,#2872,#2873);
#2875=CIRCLE('',#2874,2.);
#2876=EDGE_CURVE('',#2864,#2864,#2875,.T.);
#2877=ORIENTED_EDGE('',*,*,#2876,.F.);
#2878=ORIENTED_EDGE('',*,*,#2869,.T.);
#2879=ORIENTED_EDGE('',*,*,#2835,.T.);
#2880=ORIENTED_EDGE('',*,*,#2845,.T.);
#2881=EDGE_LOOP('',(#2870,#2877,#2878,#2879,#2880));
#2882=FACE_BOUND('',#2881,.T.);
#2883=ADVANCED_FACE('',(#2882),#2862,.F.);
#2884=OVER_RIDING_STYLED_ITEM('',(#2818),#2883,#110);
#2885=CARTESIAN_POINT('',(422.57025565,717.283414923,89.406726388));
#2886=DIRECTION('',(0.,0.,-1.));
#2887=DIRECTION('',(0.5,-0.866025404,-0.));
#2888=AXIS2_PLACEMENT_3D('',#2885,#2886,#2887);
#2889=PLANE('',#2888);
#2890=ORIENTED_EDGE('',*,*,#2807,.F.);
#2891=EDGE_LOOP('',(#2890));
#2892=FACE_BOUND('',#2891,.T.);
#2893=ORIENTED_EDGE('',*,*,#2876,.T.);
#2894=EDGE_LOOP('',(#2893));
#2895=FACE_BOUND('',#2894,.T.);
#2896=ADVANCED_FACE('',(#2892,#2895),#2889,.F.);
#2897=OVER_RIDING_STYLED_ITEM('',(#2818),#2896,#110);
#2898=CARTESIAN_POINT('',(379.946098169,741.416012541,82.112744354));
#2899=DIRECTION('',(0.707106782,-0.,-0.707106781));
#2900=DIRECTION('',(0.65465367,0.377964473,0.654653671));
#2901=AXIS2_PLACEMENT_3D('',#2898,#2899,#2900);
#2902=PLANE('',#2901);
#2903=CARTESIAN_POINT('',(375.240080202,718.942291983,77.406726389));
#2904=VERTEX_POINT('',#2903);
#2905=CARTESIAN_POINT('',(378.2400802,717.210241175,80.406726391));
#2906=VERTEX_POINT('',#2905);
#2907=CARTESIAN_POINT('',(375.240080202,718.942291983,77.406726389));
#2908=CARTESIAN_POINT('',(376.240080201,719.519642252,78.406726389));
#2909=CARTESIAN_POINT('',(377.240080201,718.942291982,79.40672639));
#2910=CARTESIAN_POINT('',(378.2400802,718.364941713,80.40672639));
#2911=CARTESIAN_POINT('',(378.2400802,717.210241175,80.406726391));
#2912=(BOUNDED_CURVE()
B_SPLINE_CURVE(2,(#2907,#2908,#2909,#2910,#2911),.UNSPECIFIED.,.F.,.F.)
B_SPLINE_CURVE_WITH_KNOTS((3,2,3),(239.999999992,299.999999985,359.999999978),.UNSPECIFIED.)
CURVE()
GEOMETRIC_REPRESENTATION_ITEM()
RATIONAL_B_SPLINE_CURVE((1.,0.866025404,1.,0.866025404,1.))
REPRESENTATION_ITEM(''));
#2913=EDGE_CURVE('',#2904,#2906,#2912,.T.);
#2914=ORIENTED_EDGE('',*,*,#2913,.F.);
#2915=CARTESIAN_POINT('',(378.2400802,717.210241175,80.406726391));
#2916=CARTESIAN_POINT('',(378.2400802,715.532041912,80.406726391));
#2917=CARTESIAN_POINT('',(376.587376556,715.240625669,78.754022745));
#2918=CARTESIAN_POINT('',(374.934672912,714.949209426,77.1013191));
#2919=CARTESIAN_POINT('',(374.36069496,716.526200889,76.527341147));
#2920=CARTESIAN_POINT('',(373.786717008,718.103192352,75.953363195));
#2921=CARTESIAN_POINT('',(375.240080202,718.942291983,77.406726389));
#2922=(BOUNDED_CURVE()
B_SPLINE_CURVE(2,(#2915,#2916,#2917,#2918,#2919,#2920,#2921),.UNSPECIFIED.,.F.,.F.)
B_SPLINE_CURVE_WITH_KNOTS((3,2,2,3),(0.,79.999999997,159.999999995,239.999999992),.UNSPECIFIED.)
CURVE()
GEOMETRIC_REPRESENTATION_ITEM()
RATIONAL_B_SPLINE_CURVE((1.,0.766044443,1.,0.766044443,1.,0.766044443,1.))
REPRESENTATION_ITEM(''));
#2923=EDGE_CURVE('',#2906,#2904,#2922,.T.);
#2924=ORIENTED_EDGE('',*,*,#2923,.F.);
#2925=EDGE_LOOP('',(#2914,#2924));
#2926=FACE_BOUND('',#2925,.T.);
#2927=ORIENTED_EDGE('',*,*,#366,.F.);
#2928=CARTESIAN_POINT('',(374.240080203,720.67434279,76.406726388));
#2929=VERTEX_POINT('',#2928);
#2930=CARTESIAN_POINT('',(373.086189931,719.670520864,75.252836116));
#2931=CARTESIAN_POINT('',(373.565377993,720.284803288,75.732024178));
#2932=CARTESIAN_POINT('',(374.240080203,720.67434279,76.406726388));
#2933=(BOUNDED_CURVE()
B_SPLINE_CURVE(2,(#2930,#2931,#2932),.UNSPECIFIED.,.F.,.F.)
B_SPLINE_CURVE_WITH_KNOTS((3,3),(217.364036875,239.999999988),.UNSPECIFIED.)
CURVE()
GEOMETRIC_REPRESENTATION_ITEM()
RATIONAL_B_SPLINE_CURVE((0.905065936,0.933802383,1.))
REPRESENTATION_ITEM(''));
#2934=EDGE_CURVE('',#359,#2929,#2933,.T.);
#2935=ORIENTED_EDGE('',*,*,#2934,.T.);
#2936=CARTESIAN_POINT('',(380.240080199,717.210241174,82.406726391));
#2937=VERTEX_POINT('',#2936);
#2938=CARTESIAN_POINT('',(374.240080203,720.67434279,76.406726388));
#2939=CARTESIAN_POINT('',(376.240080201,721.829043328,78.406726389));
#2940=CARTESIAN_POINT('',(378.2400802,720.67434279,80.40672639));
#2941=CARTESIAN_POINT('',(380.240080199,719.519642251,82.406726391));
#2942=CARTESIAN_POINT('',(380.240080199,717.210241174,82.406726391));
#2943=(BOUNDED_CURVE()
B_SPLINE_CURVE(2,(#2938,#2939,#2940,#2941,#2942),.UNSPECIFIED.,.F.,.F.)
B_SPLINE_CURVE_WITH_KNOTS((3,2,3),(239.999999988,299.999999986,359.999999985),.UNSPECIFIED.)
CURVE()
GEOMETRIC_REPRESENTATION_ITEM()
RATIONAL_B_SPLINE_CURVE((1.,0.866025404,1.,0.866025404,1.))
REPRESENTATION_ITEM(''));
#2944=EDGE_CURVE('',#2929,#2937,#2943,.T.);
#2945=ORIENTED_EDGE('',*,*,#2944,.T.);
#2946=CARTESIAN_POINT('',(380.240080199,717.210241174,82.406726391));
#2947=CARTESIAN_POINT('',(380.240080198,713.853842649,82.406726391));
#2948=CARTESIAN_POINT('',(376.934672911,713.271010163,79.101319101));
#2949=CARTESIAN_POINT('',(374.565732016,712.853301968,76.732378204));
#2950=CARTESIAN_POINT('',(373.08619006,714.74996132,75.252836246));
#2951=(BOUNDED_CURVE()
B_SPLINE_CURVE(2,(#2946,#2947,#2948,#2949,#2950),.UNSPECIFIED.,.F.,.F.)
B_SPLINE_CURVE_WITH_KNOTS((3,2,3),(0.,79.999999996,141.405016725),.UNSPECIFIED.)
CURVE()
GEOMETRIC_REPRESENTATION_ITEM()
RATIONAL_B_SPLINE_CURVE((1.,0.766044443,1.,0.820424439,0.916519886))
REPRESENTATION_ITEM(''));
#2952=EDGE_CURVE('',#2937,#361,#2951,.T.);
#2953=ORIENTED_EDGE('',*,*,#2952,.T.);
#2954=EDGE_LOOP('',(#2927,#2935,#2945,#2953));
#2955=FACE_BOUND('',#2954,.T.);
#2956=ADVANCED_FACE('',(#2926,#2955),#2902,.T.);
#2957=OVER_RIDING_STYLED_ITEM('',(#2818),#2956,#110);
#2958=CARTESIAN_POINT('',(376.240080203,717.210241175,74.406726388));
#2959=DIRECTION('',(0.,0.,1.));
#2960=DIRECTION('',(-0.5,0.866025404,-0.));
#2961=AXIS2_PLACEMENT_3D('',#2958,#2959,#2960);
#2962=CYLINDRICAL_SURFACE('',#2961,4.);
#2963=CARTESIAN_POINT('',(374.240080203,720.67434279,89.406726388));
#2964=VERTEX_POINT('',#2963);
#2965=CARTESIAN_POINT('',(374.240080203,720.67434279,89.406726388));
#2966=DIRECTION('',(0.,-0.,-1.));
#2967=VECTOR('',#2966,13.);
#2968=LINE('',#2965,#2967);
#2969=EDGE_CURVE('',#2964,#2929,#2968,.T.);
#2970=ORIENTED_EDGE('',*,*,#2969,.T.);
#2971=ORIENTED_EDGE('',*,*,#2934,.F.);
#2972=ORIENTED_EDGE('',*,*,#452,.F.);
#2973=ORIENTED_EDGE('',*,*,#578,.F.);
#2974=ORIENTED_EDGE('',*,*,#374,.F.);
#2975=ORIENTED_EDGE('',*,*,#2952,.F.);
#2976=ORIENTED_EDGE('',*,*,#2944,.F.);
#2977=ORIENTED_EDGE('',*,*,#2969,.F.);
#2978=CARTESIAN_POINT('',(376.240080203,717.210241175,89.406726388));
#2979=DIRECTION('',(-0.,-0.,-1.));
#2980=DIRECTION('',(-0.5,0.866025404,-0.));
#2981=AXIS2_PLACEMENT_3D('',#2978,#2979,#2980);
#2982=CIRCLE('',#2981,4.);
#2983=EDGE_CURVE('',#2964,#2964,#2982,.T.);
#2984=ORIENTED_EDGE('',*,*,#2983,.T.);
#2985=EDGE_LOOP('',(#2970,#2971,#2972,#2973,#2974,#2975,#2976,#2977,#2984));
#2986=FACE_BOUND('',#2985,.T.);
#2987=ADVANCED_FACE('',(#2986),#2962,.T.);
#2988=OVER_RIDING_STYLED_ITEM('',(#2818),#2987,#110);
#2989=CARTESIAN_POINT('',(376.240080203,717.210241175,74.406726388));
#2990=DIRECTION('',(0.,0.,1.));
#2991=DIRECTION('',(-0.5,0.866025404,-0.));
#2992=AXIS2_PLACEMENT_3D('',#2989,#2990,#2991);
#2993=CYLINDRICAL_SURFACE('',#2992,2.);
#2994=CARTESIAN_POINT('',(375.240080203,718.942291982,89.406726388));
#2995=VERTEX_POINT('',#2994);
#2996=CARTESIAN_POINT('',(375.240080203,718.942291982,89.406726388));
#2997=DIRECTION('',(0.,-0.,-1.));
#2998=VECTOR('',#2997,11.999999999);
#2999=LINE('',#2996,#2998);
#3000=EDGE_CURVE('',#2995,#2904,#2999,.T.);
#3001=ORIENTED_EDGE('',*,*,#3000,.F.);
#3002=CARTESIAN_POINT('',(376.240080203,717.210241175,89.406726388));
#3003=DIRECTION('',(-0.,-0.,-1.));
#3004=DIRECTION('',(-0.5,0.866025404,-0.));
#3005=AXIS2_PLACEMENT_3D('',#3002,#3003,#3004);
#3006=CIRCLE('',#3005,2.);
#3007=EDGE_CURVE('',#2995,#2995,#3006,.T.);
#3008=ORIENTED_EDGE('',*,*,#3007,.F.);
#3009=ORIENTED_EDGE('',*,*,#3000,.T.);
#3010=ORIENTED_EDGE('',*,*,#2913,.T.);
#3011=ORIENTED_EDGE('',*,*,#2923,.T.);
#3012=EDGE_LOOP('',(#3001,#3008,#3009,#3010,#3011));
#3013=FACE_BOUND('',#3012,.T.);
#3014=ADVANCED_FACE('',(#3013),#2993,.F.);
#3015=OVER_RIDING_STYLED_ITEM('',(#2818),#3014,#110);
#3016=CARTESIAN_POINT('',(387.652116135,717.210241175,89.406726388));
#3017=DIRECTION('',(-0.,-0.,-1.));
#3018=DIRECTION('',(-0.5,0.866025404,-0.));
#3019=AXIS2_PLACEMENT_3D('',#3016,#3017,#3018);
#3020=PLANE('',#3019);
#3021=ORIENTED_EDGE('',*,*,#2983,.F.);
#3022=EDGE_LOOP('',(#3021));
#3023=FACE_BOUND('',#3022,.T.);
#3024=ORIENTED_EDGE('',*,*,#3007,.T.);
#3025=EDGE_LOOP('',(#3024));
#3026=FACE_BOUND('',#3025,.T.);
#3027=ADVANCED_FACE('',(#3023,#3026),#3020,.F.);
#3028=OVER_RIDING_STYLED_ITEM('',(#2818),#3027,#110);
#3029=CARTESIAN_POINT('',(434.186189904,715.963060275,127.4));
#3030=DIRECTION('',(0.,0.,-1.));
#3031=DIRECTION('',(-1.,0.,0.));
#3032=AXIS2_PLACEMENT_3D('',#3029,#3030,#3031);
#3033=CYLINDRICAL_SURFACE('',#3032,4.);
#3034=ORIENTED_EDGE('',*,*,#282,.F.);
#3035=ORIENTED_EDGE('',*,*,#893,.F.);
#3036=ORIENTED_EDGE('',*,*,#180,.F.);
#3037=ORIENTED_EDGE('',*,*,#314,.F.);
#3038=EDGE_LOOP('',(#3034,#3035,#3036,#3037));
#3039=FACE_BOUND('',#3038,.T.);
#3040=ADVANCED_FACE('',(#3039),#3033,.T.);
#3041=CARTESIAN_POINT('',(433.797498278,716.11310024,231.079161254));
#3042=DIRECTION('',(-0.,-0.,-1.));
#3043=DIRECTION('',(-1.,0.,0.));
#3044=AXIS2_PLACEMENT_3D('',#3041,#3042,#3043);
#3045=CYLINDRICAL_SURFACE('',#3044,2.);
#3046=ORIENTED_EDGE('',*,*,#2706,.T.);
#3047=ORIENTED_EDGE('',*,*,#341,.F.);
#3048=ORIENTED_EDGE('',*,*,#2692,.F.);
#3049=ORIENTED_EDGE('',*,*,#2561,.F.);
#3050=ORIENTED_EDGE('',*,*,#2670,.F.);
#3051=EDGE_LOOP('',(#3046,#3047,#3048,#3049,#3050));
#3052=FACE_BOUND('',#3051,.T.);
#3053=ADVANCED_FACE('',(#3052),#3045,.F.);
#3054=CLOSED_SHELL('',(#268,#302,#352,#456,#881,#1338,#1360,#1382,#1424,#1446,#1468,#1490,#1512,#1534,#1565,#1587,#1609,#1631,#1643,#1655,#1667,#1679,#1691,#1703,#1730,#1757,
#1769,#1781,#1793,#1805,#1822,#1834,#1876,#1929,#1962,#1984,#2001,#2018,#2035,#2063,#2080,#2097,#2114,#2131,#2148,#2165,#2182,#2199,#2218,#2235,#2254,
#2271,#2288,#2305,#2317,#2336,#2359,#2371,#2383,#2397,#2450,#2467,#2495,#2674,#2696,#2713,#2739,#2758,#2811,#2856,#2883,#2896,#2956,#2987,#3014,#3027,
#3040,#3053));
#3055=MANIFOLD_SOLID_BREP('Gewindehalter 1 (2)',#3054);
#3056=COLOUR_RGB('',0.494117647,0.494117647,0.525490224);
#3057=FILL_AREA_STYLE_COLOUR('',#3056);
#3058=FILL_AREA_STYLE('',(#3057));
#3059=SURFACE_STYLE_FILL_AREA(#3058);
#3060=SURFACE_SIDE_STYLE('',(#3059));
#3061=SURFACE_STYLE_USAGE(.BOTH.,#3060);
#3062=PRESENTATION_STYLE_ASSIGNMENT((#3061));
#110=STYLED_ITEM('',(#3062),#3055);
#91=SHAPE_REPRESENTATION('Kleinkopffu\S\_',(#15),#89);
#92=ADVANCED_BREP_SHAPE_REPRESENTATION('Kleinkopffu\S\_',(#3055),#89);
#3070=SHAPE_REPRESENTATION_RELATIONSHIP('','',#91,#92);
#3071=CARTESIAN_POINT('',(0.,0.,0.));
#3072=DIRECTION('',(0.,0.,1.));
#3073=DIRECTION('',(1.,0.,0.));
#3074=AXIS2_PLACEMENT_3D('',#3071,#3072,#3073);
#3076=MAPPED_ITEM('',#3075,#3074);
#3075=REPRESENTATION_MAP(#3074,#91);
#3077=APPLICATION_CONTEXT('Managed model based 3d engineering');
#3078=APPLICATION_PROTOCOL_DEFINITION('international standard','ap242_managed_model_based_3d_engineering',2014,#3077);
#3079=PRODUCT_CONTEXT('',#3077,'mechanical');
#3080=PRODUCT_DEFINITION_CONTEXT('part definition',#3077,'design');
#99=PRODUCT('Kleinkopffu\S\_','Kleinkopffu\S\_','',(#3079));
#3081=PRODUCT_RELATED_PRODUCT_CATEGORY('part','',(#99));
#3082=PRODUCT_DEFINITION_FORMATION_WITH_SPECIFIED_SOURCE('','',#99,.NOT_KNOWN.);
#100=PRODUCT_DEFINITION('design','',#3082,#3080);
#98=PRODUCT_DEFINITION_SHAPE('','',#100);
#3083=SHAPE_DEFINITION_REPRESENTATION(#98,#91);
#90=DRAUGHTING_MODEL('',(#3076),#89);
#63=SHAPE_REPRESENTATION('Gewindehalter.step',(#15,#104),#61);
#3084=CARTESIAN_POINT('',(0.,0.,0.));
#3085=DIRECTION('',(0.,0.,1.));
#3086=DIRECTION('',(1.,0.,0.));
#3087=AXIS2_PLACEMENT_3D('',#3084,#3085,#3086);
#3089=MAPPED_ITEM('',#3088,#3087);
#3088=REPRESENTATION_MAP(#3087,#63);
#71=PRODUCT('Gewindehalter.step','Gewindehalter.step','',(#3079));
#3090=PRODUCT_RELATED_PRODUCT_CATEGORY('part','',(#71));
#3091=PRODUCT_DEFINITION_FORMATION_WITH_SPECIFIED_SOURCE('','',#71,.NOT_KNOWN.);
#72=PRODUCT_DEFINITION('design','',#3091,#3080);
#70=PRODUCT_DEFINITION_SHAPE('','',#72);
#3092=SHAPE_DEFINITION_REPRESENTATION(#70,#63);
#62=DRAUGHTING_MODEL('',(#3089),#61);
#35=SHAPE_REPRESENTATION('S\S\dule Short',(#15,#76),#33);
#3093=CARTESIAN_POINT('',(0.,0.,0.));
#3094=DIRECTION('',(0.,0.,1.));
#3095=DIRECTION('',(1.,0.,0.));
#3096=AXIS2_PLACEMENT_3D('',#3093,#3094,#3095);
#3098=MAPPED_ITEM('',#3097,#3096);
#3097=REPRESENTATION_MAP(#3096,#35);
#43=PRODUCT('S\S\dule Short','S\S\dule Short','',(#3079));
#3099=PRODUCT_RELATED_PRODUCT_CATEGORY('part','',(#43));
#3100=PRODUCT_DEFINITION_FORMATION_WITH_SPECIFIED_SOURCE('','',#43,.NOT_KNOWN.);
#44=PRODUCT_DEFINITION('design','',#3100,#3080);
#42=PRODUCT_DEFINITION_SHAPE('','',#44);
#3101=SHAPE_DEFINITION_REPRESENTATION(#42,#35);
#34=DRAUGHTING_MODEL('',(#3098),#33);
#16=SHAPE_REPRESENTATION('root',(#15,#48),#10);
#3102=CARTESIAN_POINT('',(0.,0.,0.));
#3103=DIRECTION('',(0.,0.,1.));
#3104=DIRECTION('',(1.,0.,0.));
#3105=AXIS2_PLACEMENT_3D('',#3102,#3103,#3104);
#3107=MAPPED_ITEM('',#3106,#3105);
#3106=REPRESENTATION_MAP(#3105,#16);
#24=PRODUCT('root','root','',(#3079));
#3108=PRODUCT_RELATED_PRODUCT_CATEGORY('part','',(#24));
#3109=PRODUCT_DEFINITION_FORMATION_WITH_SPECIFIED_SOURCE('','',#24,.NOT_KNOWN.);
#25=PRODUCT_DEFINITION('design','',#3109,#3080);
#23=PRODUCT_DEFINITION_SHAPE('','',#25);
#3110=SHAPE_DEFINITION_REPRESENTATION(#23,#16);
#11=DRAUGHTING_MODEL('',(#3107),#10);
#3111=DESCRIPTIVE_REPRESENTATION_ITEM('KEY','C:\\Users\\acer\\AppData\\Local\\Packages\\Shapr3D.Shapr3D_dvv5p1vgwv6mp\\TempState\\8fe92924-6f33-4cb0-8f77-bbe39558e3ee.tmp');
#3112=PROPERTY_DEFINITION('KEY','',#25);
#3113=REPRESENTATION('',(#3111),#10);
#3114=PROPERTY_DEFINITION_REPRESENTATION(#3112,#3113);
#3115=GENERAL_PROPERTY('','KEY','');
#3116=GENERAL_PROPERTY_ASSOCIATION('','',#3115,#3112);
#1=MECHANICAL_DESIGN_GEOMETRIC_PRESENTATION_REPRESENTATION('',(#2819,#2857,#2884,#2897,#2957,#2988,#3015,#3028,#110),#10);
ENDSEC;
END-ISO-10303-21;
