ISO-10303-21;
HEADER;

/* File generated by Shapr3D Version 26.0.10296.0 */

FILE_DESCRIPTION(('HOOPS Exchange Step'),'2;1');

FILE_NAME('C:\\Users\\Ruben\\AppData\\Local\\Packages\\Shapr3D.Shapr3D_dvv5p1vgwv6mp\\TempState\\export\\temp_export',
'2026-01-29T19:45:17+01:00',
('Ruben'),
('Shapr3D Limited'),
'HOOPS Exchange 2025.9',
'Shapr3D',
'Authorized');

FILE_SCHEMA( ('AP242_MANAGED_MODEL_BASED_3D_ENGINEERING_MIM_LF {1 0 10303 442 1 1 4}') );

ENDSEC;

DATA;
#3=(NAMED_UNIT(*)PLANE_ANGLE_UNIT()SI_UNIT($,.RADIAN.));
#4=PLANE_ANGLE_MEASURE_WITH_UNIT(PLANE_ANGLE_MEASURE(0.0174532925),#3);
#5=(CONVERSION_BASED_UNIT('DEGREE',#4)NAMED_UNIT(#6)PLANE_ANGLE_UNIT());
#6=DIMENSIONAL_EXPONENTS(0.,0.,0.,0.,0.,0.,0.);
#7=(NAMED_UNIT(*)SI_UNIT($,.STERADIAN.)SOLID_ANGLE_UNIT());
#8=(LENGTH_UNIT()NAMED_UNIT(*)SI_UNIT(.MILLI.,.METRE.));
#9=UNCERTAINTY_MEASURE_WITH_UNIT(LENGTH_MEASURE(1.000000E-03),#8,'DISTANCE_ACCURACY_VALUE','Maximum Tolerance applied to model');
#10=(GEOMETRIC_REPRESENTATION_CONTEXT(3)GLOBAL_UNCERTAINTY_ASSIGNED_CONTEXT((#9))GLOBAL_UNIT_ASSIGNED_CONTEXT((#8,#5,#7))REPRESENTATION_CONTEXT('','root'));
#12=CARTESIAN_POINT('',(0.,0.,0.));
#13=DIRECTION('',(0.,0.,1.));
#14=DIRECTION('',(1.,0.,0.));
#15=AXIS2_PLACEMENT_3D('',#12,#13,#14);
#26=(NAMED_UNIT(*)PLANE_ANGLE_UNIT()SI_UNIT($,.RADIAN.));
#27=PLANE_ANGLE_MEASURE_WITH_UNIT(PLANE_ANGLE_MEASURE(0.0174532925),#26);
#28=(CONVERSION_BASED_UNIT('DEGREE',#27)NAMED_UNIT(#29)PLANE_ANGLE_UNIT());
#29=DIMENSIONAL_EXPONENTS(0.,0.,0.,0.,0.,0.,0.);
#30=(NAMED_UNIT(*)SI_UNIT($,.STERADIAN.)SOLID_ANGLE_UNIT());
#31=(LENGTH_UNIT()NAMED_UNIT(*)SI_UNIT(.MILLI.,.METRE.));
#32=UNCERTAINTY_MEASURE_WITH_UNIT(LENGTH_MEASURE(1.000000E-05),#31,'DISTANCE_ACCURACY_VALUE','Maximum Tolerance applied to model');
#33=(GEOMETRIC_REPRESENTATION_CONTEXT(3)GLOBAL_UNCERTAINTY_ASSIGNED_CONTEXT((#32))GLOBAL_UNIT_ASSIGNED_CONTEXT((#31,#28,#30))REPRESENTATION_CONTEXT('','Kleinkopf (2 Wege, 90 grad)'));
#45=CARTESIAN_POINT('',(0.,0.,0.));
#46=DIRECTION('',(0.,0.,1.));
#47=DIRECTION('',(1.,0.,-0.));
#48=AXIS2_PLACEMENT_3D('',#45,#46,#47);
#49=ITEM_DEFINED_TRANSFORMATION('','',#48,#15);
#50=(REPRESENTATION_RELATIONSHIP('','',#35,#16)REPRESENTATION_RELATIONSHIP_WITH_TRANSFORMATION(#49)SHAPE_REPRESENTATION_RELATIONSHIP());
#51=NEXT_ASSEMBLY_USAGE_OCCURRENCE('Kleinkopf (2 Wege, 90 grad)_1','Kleinkopf (2 Wege, 90 grad)','Kleinkopf (2 Wege, 90 grad)',#25,#44,$);
#52=PRODUCT_DEFINITION_SHAPE('','',#51);
#53=CONTEXT_DEPENDENT_SHAPE_REPRESENTATION(#50,#52);
#55=CARTESIAN_POINT('',(186.726528736,709.543915115,10.8975));
#56=DIRECTION('',(0.,-0.,1.));
#57=DIRECTION('',(-1.,0.,0.));
#58=AXIS2_PLACEMENT_3D('',#55,#56,#57);
#59=PLANE('',#58);
#60=CARTESIAN_POINT('',(176.726528736,738.443915115,10.8975));
#61=VERTEX_POINT('',#60);
#62=CARTESIAN_POINT('',(174.226528736,735.943915115,10.8975));
#63=VERTEX_POINT('',#62);
#64=CARTESIAN_POINT('',(174.226528736,738.443915115,10.8975));
#65=DIRECTION('',(-0.,0.,-1.));
#66=DIRECTION('',(1.,0.,0.));
#67=AXIS2_PLACEMENT_3D('',#64,#65,#66);
#68=CIRCLE('',#67,2.5);
#69=EDGE_CURVE('',#61,#63,#68,.T.);
#70=ORIENTED_EDGE('',*,*,#69,.F.);
#71=CARTESIAN_POINT('',(176.726528736,743.902165266,10.8975));
#72=VERTEX_POINT('',#71);
#73=CARTESIAN_POINT('',(176.726528736,738.443915115,10.8975));
#74=DIRECTION('',(0.,1.,0.));
#75=VECTOR('',#74,5.458250151);
#76=LINE('',#73,#75);
#77=EDGE_CURVE('',#61,#72,#76,.T.);
#78=ORIENTED_EDGE('',*,*,#77,.T.);
#79=CARTESIAN_POINT('',(172.226528736,743.902165266,10.8975));
#80=VERTEX_POINT('',#79);
#81=CARTESIAN_POINT('',(176.726528736,743.902165266,10.8975));
#82=DIRECTION('',(-1.,0.,0.));
#83=VECTOR('',#82,4.5);
#84=LINE('',#81,#83);
#85=EDGE_CURVE('',#72,#80,#84,.T.);
#86=ORIENTED_EDGE('',*,*,#85,.T.);
#87=CARTESIAN_POINT('',(172.226528736,751.316969933,10.8975));
#88=VERTEX_POINT('',#87);
#89=CARTESIAN_POINT('',(172.226528736,743.902165266,10.8975));
#90=DIRECTION('',(0.,1.,0.));
#91=VECTOR('',#90,7.414804668);
#92=LINE('',#89,#91);
#93=EDGE_CURVE('',#80,#88,#92,.T.);
#94=ORIENTED_EDGE('',*,*,#93,.T.);
#95=CARTESIAN_POINT('',(164.526528736,751.316969933,10.8975));
#96=VERTEX_POINT('',#95);
#97=CARTESIAN_POINT('',(172.226528736,751.316969933,10.8975));
#98=DIRECTION('',(-1.,0.,-0.));
#99=VECTOR('',#98,7.7);
#100=LINE('',#97,#99);
#101=EDGE_CURVE('',#88,#96,#100,.T.);
#102=ORIENTED_EDGE('',*,*,#101,.T.);
#103=CARTESIAN_POINT('',(164.526528736,758.116969933,10.8975));
#104=VERTEX_POINT('',#103);
#105=CARTESIAN_POINT('',(164.526528736,751.316969933,10.8975));
#106=DIRECTION('',(0.,1.,0.));
#107=VECTOR('',#106,6.8);
#108=LINE('',#105,#107);
#109=EDGE_CURVE('',#96,#104,#108,.T.);
#110=ORIENTED_EDGE('',*,*,#109,.T.);
#111=CARTESIAN_POINT('',(172.226528736,758.116969933,10.8975));
#112=VERTEX_POINT('',#111);
#113=CARTESIAN_POINT('',(164.526528736,758.116969933,10.8975));
#114=DIRECTION('',(1.,-0.,-0.));
#115=VECTOR('',#114,7.7);
#116=LINE('',#113,#115);
#117=EDGE_CURVE('',#104,#112,#116,.T.);
#118=ORIENTED_EDGE('',*,*,#117,.T.);
#119=CARTESIAN_POINT('',(172.226528736,760.216982074,10.8975));
#120=VERTEX_POINT('',#119);
#121=CARTESIAN_POINT('',(172.226528736,758.116969933,10.8975));
#122=DIRECTION('',(0.,1.,0.));
#123=VECTOR('',#122,2.100012141);
#124=LINE('',#121,#123);
#125=EDGE_CURVE('',#112,#120,#124,.T.);
#126=ORIENTED_EDGE('',*,*,#125,.T.);
#127=CARTESIAN_POINT('',(162.926528736,760.216982074,10.8975));
#128=VERTEX_POINT('',#127);
#129=CARTESIAN_POINT('',(172.226528736,760.216982074,10.8975));
#130=DIRECTION('',(-1.,0.,-0.));
#131=VECTOR('',#130,9.3);
#132=LINE('',#129,#131);
#133=EDGE_CURVE('',#120,#128,#132,.T.);
#134=ORIENTED_EDGE('',*,*,#133,.T.);
#135=CARTESIAN_POINT('',(162.926528736,749.743915115,10.8975));
#136=VERTEX_POINT('',#135);
#137=CARTESIAN_POINT('',(162.926528736,760.216982074,10.8975));
#138=DIRECTION('',(-0.,-1.,-0.));
#139=VECTOR('',#138,10.473066959);
#140=LINE('',#137,#139);
#141=EDGE_CURVE('',#128,#136,#140,.T.);
#142=ORIENTED_EDGE('',*,*,#141,.T.);
#143=CARTESIAN_POINT('',(152.453461777,749.743915115,10.8975));
#144=VERTEX_POINT('',#143);
#145=CARTESIAN_POINT('',(162.926528736,749.743915115,10.8975));
#146=DIRECTION('',(-1.,0.,-0.));
#147=VECTOR('',#146,10.473066959);
#148=LINE('',#145,#147);
#149=EDGE_CURVE('',#136,#144,#148,.T.);
#150=ORIENTED_EDGE('',*,*,#149,.T.);
#151=CARTESIAN_POINT('',(152.453461777,740.443915115,10.8975));
#152=VERTEX_POINT('',#151);
#153=CARTESIAN_POINT('',(152.453461777,749.743915115,10.8975));
#154=DIRECTION('',(-0.,-1.,0.));
#155=VECTOR('',#154,9.3);
#156=LINE('',#153,#155);
#157=EDGE_CURVE('',#144,#152,#156,.T.);
#158=ORIENTED_EDGE('',*,*,#157,.T.);
#159=CARTESIAN_POINT('',(154.553473917,740.443915115,10.8975));
#160=VERTEX_POINT('',#159);
#161=CARTESIAN_POINT('',(152.453461777,740.443915115,10.8975));
#162=DIRECTION('',(1.,-0.,0.));
#163=VECTOR('',#162,2.100012141);
#164=LINE('',#161,#163);
#165=EDGE_CURVE('',#152,#160,#164,.T.);
#166=ORIENTED_EDGE('',*,*,#165,.T.);
#167=CARTESIAN_POINT('',(154.553473917,748.143915115,10.8975));
#168=VERTEX_POINT('',#167);
#169=CARTESIAN_POINT('',(154.553473917,740.443915115,10.8975));
#170=DIRECTION('',(0.,1.,-0.));
#171=VECTOR('',#170,7.7);
#172=LINE('',#169,#171);
#173=EDGE_CURVE('',#160,#168,#172,.T.);
#174=ORIENTED_EDGE('',*,*,#173,.T.);
#175=CARTESIAN_POINT('',(161.353473917,748.143915115,10.8975));
#176=VERTEX_POINT('',#175);
#177=CARTESIAN_POINT('',(154.553473917,748.143915115,10.8975));
#178=DIRECTION('',(1.,-0.,0.));
#179=VECTOR('',#178,6.8);
#180=LINE('',#177,#179);
#181=EDGE_CURVE('',#168,#176,#180,.T.);
#182=ORIENTED_EDGE('',*,*,#181,.T.);
#183=CARTESIAN_POINT('',(161.353473917,740.443915115,10.8975));
#184=VERTEX_POINT('',#183);
#185=CARTESIAN_POINT('',(161.353473917,748.143915115,10.8975));
#186=DIRECTION('',(-0.,-1.,0.));
#187=VECTOR('',#186,7.7);
#188=LINE('',#185,#187);
#189=EDGE_CURVE('',#176,#184,#188,.T.);
#190=ORIENTED_EDGE('',*,*,#189,.T.);
#191=CARTESIAN_POINT('',(168.768278585,740.443915115,10.8975));
#192=VERTEX_POINT('',#191);
#193=CARTESIAN_POINT('',(161.353473917,740.443915115,10.8975));
#194=DIRECTION('',(1.,-0.,0.));
#195=VECTOR('',#194,7.414804668);
#196=LINE('',#193,#195);
#197=EDGE_CURVE('',#184,#192,#196,.T.);
#198=ORIENTED_EDGE('',*,*,#197,.T.);
#199=CARTESIAN_POINT('',(168.768278585,735.943915115,10.8975));
#200=VERTEX_POINT('',#199);
#201=CARTESIAN_POINT('',(168.768278585,740.443915115,10.8975));
#202=DIRECTION('',(-0.,-1.,0.));
#203=VECTOR('',#202,4.5);
#204=LINE('',#201,#203);
#205=EDGE_CURVE('',#192,#200,#204,.T.);
#206=ORIENTED_EDGE('',*,*,#205,.T.);
#207=CARTESIAN_POINT('',(168.768278585,735.943915115,10.8975));
#208=DIRECTION('',(1.,-0.,0.));
#209=VECTOR('',#208,5.458250151);
#210=LINE('',#207,#209);
#211=EDGE_CURVE('',#200,#63,#210,.T.);
#212=ORIENTED_EDGE('',*,*,#211,.T.);
#213=EDGE_LOOP('',(#70,#78,#86,#94,#102,#110,#118,#126,#134,#142,#150,#158,#166,#174,#182,#190,#198,#206,#212));
#214=FACE_BOUND('',#213,.T.);
#215=ADVANCED_FACE('',(#214),#59,.T.);
#216=COLOUR_RGB('',0.494117647,0.494117647,0.525490224);
#217=FILL_AREA_STYLE_COLOUR('',#216);
#218=FILL_AREA_STYLE('',(#217));
#219=SURFACE_STYLE_FILL_AREA(#218);
#220=SURFACE_SIDE_STYLE('',(#219));
#221=SURFACE_STYLE_USAGE(.BOTH.,#220);
#222=PRESENTATION_STYLE_ASSIGNMENT((#221));
#223=OVER_RIDING_STYLED_ITEM('',(#222),#215,#54);
#224=CARTESIAN_POINT('',(178.226528736,719.443915115,7.3975));
#225=CARTESIAN_POINT('',(178.226528736,719.443915115,7.470733637));
#226=CARTESIAN_POINT('',(178.238730474,719.441606678,7.543963902));
#227=CARTESIAN_POINT('',(178.286900608,719.432493409,7.689252346));
#228=CARTESIAN_POINT('',(178.322862766,719.425689758,7.761306572));
#229=CARTESIAN_POINT('',(178.416726414,719.40793177,7.903166394));
#230=CARTESIAN_POINT('',(178.47461722,719.396979457,7.972969816));
#231=CARTESIAN_POINT('',(178.609582949,719.371445399,8.109437505));
#232=CARTESIAN_POINT('',(178.686645503,719.356865998,8.176100836));
#233=CARTESIAN_POINT('',(178.941620971,719.308627394,8.370394258));
#234=CARTESIAN_POINT('',(179.143234185,719.270484356,8.492217122));
#235=CARTESIAN_POINT('',(179.581972858,719.187479739,8.718013922));
#236=CARTESIAN_POINT('',(179.818919217,719.142652052,8.822032354));
#237=CARTESIAN_POINT('',(180.304983417,719.050693958,9.012781908));
#238=CARTESIAN_POINT('',(180.554087505,719.00356616,9.099556417));
#239=CARTESIAN_POINT('',(181.048952169,718.909943113,9.257913523));
#240=CARTESIAN_POINT('',(181.294771565,718.863436743,9.329523079));
#241=CARTESIAN_POINT('',(181.774348858,718.772705902,9.460086337));
#242=CARTESIAN_POINT('',(182.008174006,718.728468713,9.51905239));
#243=CARTESIAN_POINT('',(182.459743987,718.643036554,9.626730079));
#244=CARTESIAN_POINT('',(182.677540681,718.601831774,9.675445416));
#245=CARTESIAN_POINT('',(183.095881648,718.522686186,9.764670474));
#246=CARTESIAN_POINT('',(183.296459878,718.484738953,9.80517986));
#247=CARTESIAN_POINT('',(183.680751441,718.412035144,9.87965463));
#248=CARTESIAN_POINT('',(183.864485056,718.37727473,9.913618222));
#249=CARTESIAN_POINT('',(184.216239213,718.310726646,9.97631622));
#250=CARTESIAN_POINT('',(184.384271104,718.278936829,10.005048574));
#251=CARTESIAN_POINT('',(184.706081081,718.218053861,10.058313586));
#252=CARTESIAN_POINT('',(184.85986513,718.188959581,10.082844396));
#253=CARTESIAN_POINT('',(185.30211597,718.105290503,10.151343342));
#254=CARTESIAN_POINT('',(185.571550149,718.05431647,10.190280634));
#255=CARTESIAN_POINT('',(186.070762806,717.959870831,10.259202307));
#256=CARTESIAN_POINT('',(186.300551816,717.916397235,10.289157349));
#257=CARTESIAN_POINT('',(186.729508116,717.835243341,10.342876968));
#258=CARTESIAN_POINT('',(186.928663527,717.79756529,10.366624632));
#259=CARTESIAN_POINT('',(187.303295616,717.726688949,10.409714719));
#260=CARTESIAN_POINT('',(187.478757661,717.693493427,10.429047375));
#261=CARTESIAN_POINT('',(187.81130981,717.630578155,10.464497154));
#262=CARTESIAN_POINT('',(187.968387541,717.600860747,10.480608526));
#263=CARTESIAN_POINT('',(188.268260311,717.54412806,10.510431984));
#264=CARTESIAN_POINT('',(188.411045893,717.517114572,10.524140595));
#265=CARTESIAN_POINT('',(188.822778684,717.439219179,10.562530414));
#266=CARTESIAN_POINT('',(189.075312835,717.391442448,10.584523408));
#267=CARTESIAN_POINT('',(189.555097882,717.300672304,10.624210943));
#268=CARTESIAN_POINT('',(189.782164639,717.257713728,10.641871695));
#269=CARTESIAN_POINT('',(190.003182364,717.215899564,10.658183297));
#270=CARTESIAN_POINT('',(193.226528736,719.443915115,7.3975));
#271=CARTESIAN_POINT('',(193.226528736,719.443915115,7.398825974));
#272=CARTESIAN_POINT('',(193.22430642,719.44613743,7.400152153));
#273=CARTESIAN_POINT('',(193.215521654,719.454922196,7.403185325));
#274=CARTESIAN_POINT('',(193.208969095,719.461474756,7.404891352));
#275=CARTESIAN_POINT('',(193.191844324,719.478599527,7.409035725));
#276=CARTESIAN_POINT('',(193.181290324,719.489153527,7.411471063));
#277=CARTESIAN_POINT('',(193.156660757,719.513783094,7.417369346));
#278=CARTESIAN_POINT('',(193.142608991,719.52783486,7.420826744));
#279=CARTESIAN_POINT('',(193.096193615,719.574250236,7.433049802));
#280=CARTESIAN_POINT('',(193.059533106,719.610910745,7.443697025));
#281=CARTESIAN_POINT('',(192.979994326,719.690449524,7.470934185));
#282=CARTESIAN_POINT('',(192.937316388,719.733127463,7.48741834));
#283=CARTESIAN_POINT('',(192.850767832,719.819676019,7.52606489));
#284=CARTESIAN_POINT('',(192.806999573,719.863444278,7.548111718));
#285=CARTESIAN_POINT('',(192.721939905,719.948503946,7.596937331));
#286=CARTESIAN_POINT('',(192.680655645,719.989788206,7.623618741));
#287=CARTESIAN_POINT('',(192.602795927,720.067647924,7.680503462));
#288=CARTESIAN_POINT('',(192.566162158,720.104281693,7.710641519));
#289=CARTESIAN_POINT('',(192.498673375,720.171770476,7.77324732));
#290=CARTESIAN_POINT('',(192.467727284,720.202716567,7.805683462));
#291=CARTESIAN_POINT('',(192.411881586,720.258562265,7.871855478));
#292=CARTESIAN_POINT('',(192.386882959,720.283560892,7.905587836));
#293=CARTESIAN_POINT('',(192.342710777,720.327733074,7.973533626));
#294=CARTESIAN_POINT('',(192.323445252,720.346998599,8.00776359));
#295=CARTESIAN_POINT('',(192.290257862,720.380185989,8.076092885));
#296=CARTESIAN_POINT('',(192.276258131,720.39418572,8.110221077));
#297=CARTESIAN_POINT('',(192.253011628,720.417432222,8.177913726));
#298=CARTESIAN_POINT('',(192.243702965,720.426740885,8.211513201));
#299=CARTESIAN_POINT('',(192.222095887,720.448347963,8.310559498));
#300=CARTESIAN_POINT('',(192.215640582,720.454803269,8.375376293));
#301=CARTESIAN_POINT('',(192.215017707,720.455426144,8.500256247));
#302=CARTESIAN_POINT('',(192.22064604,720.449797811,8.560597317));
#303=CARTESIAN_POINT('',(192.240716346,720.429727505,8.676417977));
#304=CARTESIAN_POINT('',(192.255073922,720.415369929,8.732116513));
#305=CARTESIAN_POINT('',(192.290143978,720.380299873,8.838988841));
#306=CARTESIAN_POINT('',(192.310833216,720.359610634,8.890324723));
#307=CARTESIAN_POINT('',(192.356893948,720.313549903,8.988979607));
#308=CARTESIAN_POINT('',(192.382270302,720.288173549,9.03641533));
#309=CARTESIAN_POINT('',(192.436604117,720.233839734,9.127815294));
#310=CARTESIAN_POINT('',(192.465577487,720.204866363,9.171862772));
#311=CARTESIAN_POINT('',(192.556601995,720.113841856,9.299264216));
#312=CARTESIAN_POINT('',(192.623208878,720.047234973,9.378845231));
#313=CARTESIAN_POINT('',(192.765346383,719.905097468,9.529661946));
#314=CARTESIAN_POINT('',(192.841052392,719.829391459,9.601174096));
#315=CARTESIAN_POINT('',(192.921590781,719.74885307,9.670084431));
#316=CARTESIAN_POINT('',(193.226528736,734.443915115,7.3975));
#317=CARTESIAN_POINT('',(193.226528736,734.443915115,7.470733637));
#318=CARTESIAN_POINT('',(193.228837172,734.431713377,7.543963902));
#319=CARTESIAN_POINT('',(193.237950442,734.383543243,7.689252346));
#320=CARTESIAN_POINT('',(193.244754092,734.347581085,7.761306572));
#321=CARTESIAN_POINT('',(193.262512081,734.253717437,7.903166394));
#322=CARTESIAN_POINT('',(193.273464394,734.195826631,7.972969816));
#323=CARTESIAN_POINT('',(193.298998452,734.060860902,8.109437505));
#324=CARTESIAN_POINT('',(193.313577853,733.983798348,8.176100836));
#325=CARTESIAN_POINT('',(193.361816457,733.72882288,8.370394258));
#326=CARTESIAN_POINT('',(193.399959495,733.527209666,8.492217122));
#327=CARTESIAN_POINT('',(193.482964112,733.088470992,8.718013922));
#328=CARTESIAN_POINT('',(193.527791799,732.851524634,8.822032354));
#329=CARTESIAN_POINT('',(193.619749893,732.365460434,9.012781908));
#330=CARTESIAN_POINT('',(193.666877691,732.116356346,9.099556417));
#331=CARTESIAN_POINT('',(193.760500738,731.621491681,9.257913523));
#332=CARTESIAN_POINT('',(193.807007108,731.375672286,9.329523079));
#333=CARTESIAN_POINT('',(193.897737949,730.896094993,9.460086337));
#334=CARTESIAN_POINT('',(193.941975138,730.662269845,9.51905239));
#335=CARTESIAN_POINT('',(194.027407297,730.210699864,9.626730079));
#336=CARTESIAN_POINT('',(194.068612076,729.99290317,9.675445416));
#337=CARTESIAN_POINT('',(194.147757665,729.574562203,9.764670474));
#338=CARTESIAN_POINT('',(194.185704897,729.373983973,9.80517986));
#339=CARTESIAN_POINT('',(194.258408707,728.98969241,9.87965463));
#340=CARTESIAN_POINT('',(194.29316912,728.805958795,9.913618222));
#341=CARTESIAN_POINT('',(194.359717205,728.454204638,9.97631622));
#342=CARTESIAN_POINT('',(194.391507021,728.286172747,10.005048574));
#343=CARTESIAN_POINT('',(194.45238999,727.96436277,10.058313586));
#344=CARTESIAN_POINT('',(194.48148427,727.810578721,10.082844396));
#345=CARTESIAN_POINT('',(194.565153348,727.368327881,10.151343342));
#346=CARTESIAN_POINT('',(194.616127381,727.098893702,10.190280634));
#347=CARTESIAN_POINT('',(194.710573019,726.599681045,10.259202307));
#348=CARTESIAN_POINT('',(194.754046616,726.369892035,10.289157349));
#349=CARTESIAN_POINT('',(194.83520051,725.940935735,10.342876968));
#350=CARTESIAN_POINT('',(194.872878561,725.741780324,10.366624632));
#351=CARTESIAN_POINT('',(194.943754902,725.367148235,10.409714719));
#352=CARTESIAN_POINT('',(194.976950424,725.19168619,10.429047375));
#353=CARTESIAN_POINT('',(195.039865696,724.859134041,10.464497154));
#354=CARTESIAN_POINT('',(195.069583104,724.70205631,10.480608526));
#355=CARTESIAN_POINT('',(195.126315791,724.402183539,10.510431984));
#356=CARTESIAN_POINT('',(195.153329279,724.259397958,10.524140595));
#357=CARTESIAN_POINT('',(195.231224672,723.847665166,10.562530414));
#358=CARTESIAN_POINT('',(195.279001403,723.595131016,10.584523408));
#359=CARTESIAN_POINT('',(195.369771547,723.115345969,10.624210943));
#360=CARTESIAN_POINT('',(195.412730123,722.888279212,10.641871695));
#361=CARTESIAN_POINT('',(195.454544287,722.667261487,10.658183297));
#362=(BOUNDED_SURFACE()
B_SPLINE_SURFACE(2,3,((#224,#225,#226,#227,#228,#229,#230,#231,#232,#233,#234,#235,#236,#237,#238,#239,#240,#241,#242,#243,#244,#245,#246,#247,#248,#249,
#250,#251,#252,#253,#254,#255,#256,#257,#258,#259,#260,#261,#262,#263,#264,#265,#266,#267,#268,#269),(#270,#271,#272,#273,#274,#275,#276,#277,#278,#279,#280,#281,#282,#283,#284,#285,#286,#287,#288,#289,#290,#291,#292,#293,#294,#295,
#296,#297,#298,#299,#300,#301,#302,#303,#304,#305,#306,#307,#308,#309,#310,#311,#312,#313,#314,#315),(#316,#317,#318,#319,#320,#321,#322,#323,#324,#325,#326,#327,#328,#329,#330,#331,#332,#333,#334,#335,#336,#337,#338,#339,#340,#341,
#342,#343,#344,#345,#346,#347,#348,#349,#350,#351,#352,#353,#354,#355,#356,#357,#358,#359,#360,#361)),.UNSPECIFIED.,.F.,.F.,.U.)
B_SPLINE_SURFACE_WITH_KNOTS((3,3),(4,2,2,2,2,2,2,2,2,2,2,2,2,2,2,2,2,2,2,2,2,2,4),(0.,1.),(3.141592654,3.161930916,3.182269178,3.20260744,3.222945703,3.263622227,3.304298752,3.344975277,3.385651801,3.426328326,3.46700485,3.507681375,3.5483579,3.589034424,3.629710949,3.711063998,3.792417047,3.873770096,3.955123145,4.036476195,4.117829244,4.280535342,4.443241441),.UNSPECIFIED.)
GEOMETRIC_REPRESENTATION_ITEM()
RATIONAL_B_SPLINE_SURFACE(((1.,1.,1.,1.,1.,1.,1.,1.,1.,1.,1.,1.,1.,1.,1.,1.,1.,1.,1.,1.,1.,1.,1.,1.,1.,1.,
1.,1.,1.,1.,1.,1.,1.,1.,1.,1.,1.,1.,1.,1.,1.,1.,1.,1.,1.,1.),(0.707106781,0.707106634,0.707295574,0.708046033,0.708607674,0.71009,0.711010641,0.713189042,0.714446747,0.718682781,0.722125352,0.729969259,0.734368942,0.743823167,0.74887664,0.759354473,0.764778319,0.775756306,0.781310331,0.792360254,0.797856278,0.808653219,0.813954382,0.824270066,0.829284873,0.838973512,
0.843647619,0.852629162,0.856936836,0.86930255,0.876799299,0.890409621,0.896526742,0.907584811,0.912527439,0.921452103,0.925434765,0.932631977,0.93584664,0.941667994,0.944274584,0.951375305,0.955160782,0.961561023,0.96416784,0.96641681),(1.,1.,1.,1.,1.,1.,1.,1.,1.,1.,1.,1.,1.,1.,1.,1.,1.,1.,1.,1.,1.,1.,1.,1.,1.,1.,
1.,1.,1.,1.,1.,1.,1.,1.,1.,1.,1.,1.,1.,1.,1.,1.,1.,1.,1.,1.)))
REPRESENTATION_ITEM('')
SURFACE()
);
#363=CARTESIAN_POINT('',(195.454544287,722.667261487,10.658183297));
#364=VERTEX_POINT('',#363);
#365=CARTESIAN_POINT('',(190.003182364,717.215899564,10.658183297));
#366=VERTEX_POINT('',#365);
#367=CARTESIAN_POINT('',(195.454544287,722.667261487,10.658183297));
#368=CARTESIAN_POINT('',(195.046562812,722.197194995,10.499030738));
#369=CARTESIAN_POINT('',(194.620064922,721.723148576,10.37714191));
#370=CARTESIAN_POINT('',(194.179822388,721.251066632,10.295522803));
#371=CARTESIAN_POINT('',(193.739579855,720.778984687,10.213903696));
#372=CARTESIAN_POINT('',(193.285619842,720.308901057,10.172571422));
#373=CARTESIAN_POINT('',(192.823581318,719.846862533,10.172571422));
#374=CARTESIAN_POINT('',(192.361542794,719.384824009,10.172571422));
#375=CARTESIAN_POINT('',(191.891459164,718.930863996,10.213903696));
#376=CARTESIAN_POINT('',(191.419377219,718.490621462,10.295522803));
#377=CARTESIAN_POINT('',(190.947295275,718.050378929,10.37714191));
#378=CARTESIAN_POINT('',(190.473248856,717.623881039,10.499030738));
#379=CARTESIAN_POINT('',(190.003182364,717.215899564,10.658183297));
#380=B_SPLINE_CURVE_WITH_KNOTS('',3,(#367,#368,#369,#370,#371,#372,#373,#374,#375,#376,#377,#378,#379),.UNSPECIFIED.,.F.,.F.,(4,3,3,3,4),(0.,0.25,0.5,0.75,1.),.UNSPECIFIED.);
#381=EDGE_CURVE('',#364,#366,#380,.T.);
#382=ORIENTED_EDGE('',*,*,#381,.F.);
#383=CARTESIAN_POINT('',(193.226528736,734.443915115,7.3975));
#384=VERTEX_POINT('',#383);
#385=CARTESIAN_POINT('',(193.226528736,734.443915115,7.3975));
#386=CARTESIAN_POINT('',(193.226528736,734.443915115,7.470550833));
#387=CARTESIAN_POINT('',(193.228816524,734.431819513,7.543634709));
#388=CARTESIAN_POINT('',(193.233393807,734.40762831,7.616608124));
#389=CARTESIAN_POINT('',(193.23797109,734.383437106,7.689581538));
#390=CARTESIAN_POINT('',(193.244653729,734.348108678,7.760504815));
#391=CARTESIAN_POINT('',(193.253633087,734.300649261,7.832236483));
#392=CARTESIAN_POINT('',(193.255877926,734.288784407,7.8501694));
#393=CARTESIAN_POINT('',(193.258049211,734.277307204,7.866486519));
#394=CARTESIAN_POINT('',(193.260449014,734.264621692,7.883598101));
#395=CARTESIAN_POINT('',(193.262848817,734.25193618,7.900709683));
#396=CARTESIAN_POINT('',(193.265376485,734.238574345,7.917811667));
#397=CARTESIAN_POINT('',(193.268032103,734.224536188,7.934902122));
#398=CARTESIAN_POINT('',(193.273343339,734.196459874,7.96908303));
#399=CARTESIAN_POINT('',(193.279166407,734.165678269,8.003217828));
#400=CARTESIAN_POINT('',(193.285501637,734.132191375,8.037290988));
#401=CARTESIAN_POINT('',(193.298172099,734.065217586,8.10543731));
#402=CARTESIAN_POINT('',(193.312891695,733.987422636,8.173337159));
#403=CARTESIAN_POINT('',(193.329657388,733.898806525,8.24086531));
#404=CARTESIAN_POINT('',(193.331753099,733.887729512,8.249306329));
#405=CARTESIAN_POINT('',(193.333596862,733.877983567,8.256615415));
#406=CARTESIAN_POINT('',(193.335609164,733.867346355,8.264485846));
#407=CARTESIAN_POINT('',(193.337621465,733.856709142,8.272356277));
#408=CARTESIAN_POINT('',(193.339662153,733.845921441,8.280223555));
#409=CARTESIAN_POINT('',(193.341731259,733.834983252,8.288087471));
#410=CARTESIAN_POINT('',(193.345869471,733.813106872,8.303815301));
#411=CARTESIAN_POINT('',(193.350121356,733.790628538,8.319529679));
#412=CARTESIAN_POINT('',(193.354487142,733.76754825,8.335228899));
#413=CARTESIAN_POINT('',(193.363218714,733.721387672,8.36662734));
#414=CARTESIAN_POINT('',(193.372405919,733.672819276,8.397965165));
#415=CARTESIAN_POINT('',(193.382050286,733.621843061,8.429228598));
#416=CARTESIAN_POINT('',(193.384461378,733.609099008,8.437044456));
#417=CARTESIAN_POINT('',(193.386626993,733.597652768,8.443977911));
#418=CARTESIAN_POINT('',(193.388952822,733.585359961,8.451343927));
#419=CARTESIAN_POINT('',(193.391278652,733.573067154,8.458709944));
#420=CARTESIAN_POINT('',(193.39362946,733.560642574,8.466070142));
#421=CARTESIAN_POINT('',(193.396005234,733.548086221,8.47342435));
#422=CARTESIAN_POINT('',(193.400756782,733.522973513,8.488132764));
#423=CARTESIAN_POINT('',(193.405608192,733.497333713,8.502817214));
#424=CARTESIAN_POINT('',(193.410559335,733.471166818,8.51747631));
#425=CARTESIAN_POINT('',(193.420461623,733.41883303,8.546794504));
#426=CARTESIAN_POINT('',(193.430762865,733.364390867,8.576011285));
#427=CARTESIAN_POINT('',(193.441461803,733.307840329,8.605115522));
#428=CARTESIAN_POINT('',(193.442799171,733.300771512,8.608753552));
#429=CARTESIAN_POINT('',(193.443888946,733.295011334,8.611702759));
#430=CARTESIAN_POINT('',(193.445110349,733.28855539,8.614994712));
#431=CARTESIAN_POINT('',(193.446331753,733.282099446,8.618286665));
#432=CARTESIAN_POINT('',(193.447558378,733.275615871,8.621577502));
#433=CARTESIAN_POINT('',(193.448790225,733.269104666,8.624867205));
#434=CARTESIAN_POINT('',(193.45125392,733.256082254,8.631446612));
#435=CARTESIAN_POINT('',(193.453738506,733.242949318,8.638021485));
#436=CARTESIAN_POINT('',(193.456243988,733.229705859,8.644591685));
#437=CARTESIAN_POINT('',(193.461254954,733.20321894,8.657732085));
#438=CARTESIAN_POINT('',(193.466349509,733.176289926,8.670853795));
#439=CARTESIAN_POINT('',(193.4715277,733.148918816,8.683955696));
#440=CARTESIAN_POINT('',(193.481884082,733.094176597,8.7101595));
#441=CARTESIAN_POINT('',(193.492575019,733.037665995,8.73628408));
#442=CARTESIAN_POINT('',(193.503600692,732.979387013,8.762320437));
#443=CARTESIAN_POINT('',(193.525652039,732.862829047,8.814393151));
#444=CARTESIAN_POINT('',(193.54904258,732.739197554,8.866113052));
#445=CARTESIAN_POINT('',(193.573770846,732.608492534,8.917407131));
#446=CARTESIAN_POINT('',(193.575316362,732.60032347,8.920613011));
#447=CARTESIAN_POINT('',(193.576546054,732.593823842,8.923153726));
#448=CARTESIAN_POINT('',(193.57793982,732.586457065,8.926024726));
#449=CARTESIAN_POINT('',(193.579333585,732.579090289,8.928895726));
#450=CARTESIAN_POINT('',(193.580731457,732.571701892,8.93176519));
#451=CARTESIAN_POINT('',(193.582133434,732.564291875,8.934633105));
#452=CARTESIAN_POINT('',(193.584937386,732.54947184,8.940368937));
#453=CARTESIAN_POINT('',(193.587757757,732.534565324,8.946098575));
#454=CARTESIAN_POINT('',(193.590594527,732.519572326,8.951821922));
#455=CARTESIAN_POINT('',(193.596268067,732.489586331,8.963268618));
#456=CARTESIAN_POINT('',(193.602007207,732.459254409,8.97469015));
#457=CARTESIAN_POINT('',(193.607811795,732.428576561,8.986085737));
#458=CARTESIAN_POINT('',(193.619420971,732.367220866,9.008876911));
#459=CARTESIAN_POINT('',(193.63129195,732.304481466,9.031564304));
#460=CARTESIAN_POINT('',(193.64342341,732.240358361,9.054141648));
#461=CARTESIAN_POINT('',(193.646456275,732.224327585,9.059785984));
#462=CARTESIAN_POINT('',(193.649046291,732.210637059,9.064574383));
#463=CARTESIAN_POINT('',(193.651880911,732.195653252,9.069786087));
#464=CARTESIAN_POINT('',(193.654715532,732.180669445,9.074997791));
#465=CARTESIAN_POINT('',(193.657565615,732.165603534,9.080206353));
#466=CARTESIAN_POINT('',(193.660431185,732.150455518,9.085411672));
#467=CARTESIAN_POINT('',(193.666162325,732.120159488,9.095822308));
#468=CARTESIAN_POINT('',(193.671955415,732.089535042,9.106219971));
#469=CARTESIAN_POINT('',(193.677810647,732.05858218,9.116603842));
#470=CARTESIAN_POINT('',(193.689521112,731.996676455,9.137371584));
#471=CARTESIAN_POINT('',(193.701480158,731.933457067,9.15808417));
#472=CARTESIAN_POINT('',(193.713689214,731.868924014,9.17873497));
#473=CARTESIAN_POINT('',(193.76252544,731.610791803,9.261338172));
#474=CARTESIAN_POINT('',(193.804965191,731.386463767,9.326584725));
#475=CARTESIAN_POINT('',(193.852372528,731.135883639,9.394804708));
#476=CARTESIAN_POINT('',(193.853854008,731.12805301,9.396936582));
#477=CARTESIAN_POINT('',(193.855090025,731.121519894,9.398710981));
#478=CARTESIAN_POINT('',(193.856451951,731.114321326,9.400662313));
#479=CARTESIAN_POINT('',(193.857813878,731.107122757,9.402613645));
#480=CARTESIAN_POINT('',(193.859177924,731.099913058,9.404563772));
#481=CARTESIAN_POINT('',(193.860544086,731.092692228,9.406512689));
#482=CARTESIAN_POINT('',(193.86327641,731.078250568,9.410410525));
#483=CARTESIAN_POINT('',(193.866017202,731.063764385,9.414303521));
#484=CARTESIAN_POINT('',(193.868766448,731.049233679,9.418191641));
#485=CARTESIAN_POINT('',(193.87426494,731.020172267,9.42596788));
#486=CARTESIAN_POINT('',(193.879797246,730.990932763,9.433724611));
#487=CARTESIAN_POINT('',(193.885363255,730.961515167,9.441461524));
#488=CARTESIAN_POINT('',(193.896495273,730.902679975,9.45693535));
#489=CARTESIAN_POINT('',(193.907762103,730.843132415,9.472329903));
#490=CARTESIAN_POINT('',(193.919162807,730.782872488,9.487642709));
#491=CARTESIAN_POINT('',(193.930563511,730.72261256,9.502955514));
#492=CARTESIAN_POINT('',(193.940939483,730.667763322,9.516650444));
#493=CARTESIAN_POINT('',(193.951601811,730.61140017,9.530521463));
#494=CARTESIAN_POINT('',(193.962264138,730.555037018,9.544392481));
#495=CARTESIAN_POINT('',(193.973066262,730.497934497,9.558230113));
#496=CARTESIAN_POINT('',(193.984009048,730.440092605,9.57203116));
#497=CARTESIAN_POINT('',(193.989480442,730.41117166,9.578931683));
#498=CARTESIAN_POINT('',(193.994986999,730.382065872,9.58582306));
#499=CARTESIAN_POINT('',(194.000528825,730.352775242,9.592704884));
#500=CARTESIAN_POINT('',(194.003299737,730.338129926,9.596145797));
#501=CARTESIAN_POINT('',(194.005726515,730.325303799,9.599147278));
#502=CARTESIAN_POINT('',(194.008203336,730.312212809,9.602201119));
#503=CARTESIAN_POINT('',(194.010680157,730.299121818,9.605254959));
#504=CARTESIAN_POINT('',(194.013163638,730.285995459,9.608306491));
#505=CARTESIAN_POINT('',(194.015653781,730.272833733,9.611355682));
#506=CARTESIAN_POINT('',(194.025614355,730.220186827,9.623552444));
#507=CARTESIAN_POINT('',(194.035681548,730.166974036,9.635711745));
#508=CARTESIAN_POINT('',(194.045855639,730.113195361,9.647831475));
#509=CARTESIAN_POINT('',(194.066203821,730.005638009,9.672070937));
#510=CARTESIAN_POINT('',(194.086979633,729.895817118,9.696152145));
#511=CARTESIAN_POINT('',(194.108184871,729.783732686,9.720057945));
#512=CARTESIAN_POINT('',(194.108847535,729.780230048,9.720805001));
#513=CARTESIAN_POINT('',(194.109252911,729.778087347,9.721261586));
#514=CARTESIAN_POINT('',(194.109787335,729.77526254,9.721863234));
#515=CARTESIAN_POINT('',(194.110321759,729.772437734,9.722464883));
#516=CARTESIAN_POINT('',(194.110856453,729.769611503,9.723066416));
#517=CARTESIAN_POINT('',(194.111391415,729.766783847,9.723667834));
#518=CARTESIAN_POINT('',(194.112461339,729.761128536,9.724870671));
#519=CARTESIAN_POINT('',(194.113532341,729.755467526,9.726073047));
#520=CARTESIAN_POINT('',(194.114604419,729.749800818,9.727274959));
#521=CARTESIAN_POINT('',(194.116748574,729.738467403,9.729678785));
#522=CARTESIAN_POINT('',(194.118897037,729.727111195,9.732080759));
#523=CARTESIAN_POINT('',(194.121049808,729.715732194,9.734480864));
#524=CARTESIAN_POINT('',(194.125355349,729.692974193,9.739281073));
#525=CARTESIAN_POINT('',(194.129678123,729.67012502,9.744073806));
#526=CARTESIAN_POINT('',(194.134018135,729.647184677,9.748858923));
#527=CARTESIAN_POINT('',(194.142698159,729.60130399,9.758429157));
#528=CARTESIAN_POINT('',(194.15144714,729.555058619,9.767968928));
#529=CARTESIAN_POINT('',(194.160265122,729.508448564,9.777477115));
#530=CARTESIAN_POINT('',(194.177901087,729.415228454,9.796493488));
#531=CARTESIAN_POINT('',(194.195813071,729.320549609,9.815383531));
#532=CARTESIAN_POINT('',(194.214001234,729.224412028,9.834138166));
#533=CARTESIAN_POINT('',(194.250377559,729.032136866,9.871647435));
#534=CARTESIAN_POINT('',(194.287858877,728.834026762,9.908615198));
#535=CARTESIAN_POINT('',(194.326443163,728.630081716,9.944967221));
#536=CARTESIAN_POINT('',(194.327046042,728.626895075,9.945535221));
#537=CARTESIAN_POINT('',(194.327354337,728.625265519,9.945825449));
#538=CARTESIAN_POINT('',(194.327810168,728.622856127,9.946254448));
#539=CARTESIAN_POINT('',(194.328266,728.620446735,9.946683446));
#540=CARTESIAN_POINT('',(194.328721995,728.618036481,9.947112367));
#541=CARTESIAN_POINT('',(194.329178152,728.615625365,9.947541211));
#542=CARTESIAN_POINT('',(194.330090467,728.610803133,9.948398899));
#543=CARTESIAN_POINT('',(194.331003434,728.605977452,9.949256277));
#544=CARTESIAN_POINT('',(194.331917053,728.601148323,9.950113345));
#545=CARTESIAN_POINT('',(194.33374429,728.591490065,9.95182748));
#546=CARTESIAN_POINT('',(194.335574135,728.581818012,9.953540372));
#547=CARTESIAN_POINT('',(194.337406587,728.572132165,9.955252013));
#548=CARTESIAN_POINT('',(194.341071493,728.552760472,9.958675295));
#549=CARTESIAN_POINT('',(194.34474683,728.533333602,9.962093572));
#550=CARTESIAN_POINT('',(194.348432602,728.513851555,9.965506771));
#551=CARTESIAN_POINT('',(194.355804145,728.474887462,9.97233317));
#552=CARTESIAN_POINT('',(194.363217427,728.435702662,9.979139261));
#553=CARTESIAN_POINT('',(194.370672466,728.396297156,9.98592447));
#554=CARTESIAN_POINT('',(194.385582544,728.317486145,9.999494888));
#555=CARTESIAN_POINT('',(194.400659659,728.237792308,10.012981781));
#556=CARTESIAN_POINT('',(194.415903877,728.157215646,10.026380515));
#557=CARTESIAN_POINT('',(194.446392313,727.996062323,10.053177981));
#558=CARTESIAN_POINT('',(194.477549278,727.831377699,10.079622862));
#559=CARTESIAN_POINT('',(194.509373962,727.663161775,10.105677378));
#560=CARTESIAN_POINT('',(194.510368484,727.657905027,10.106491582));
#561=CARTESIAN_POINT('',(194.511014618,727.654489782,10.107019943));
#562=CARTESIAN_POINT('',(194.511835376,727.650151562,10.107690643));
#563=CARTESIAN_POINT('',(194.512656134,727.645813342,10.108361344));
#564=CARTESIAN_POINT('',(194.513477178,727.64147364,10.109031657));
#565=CARTESIAN_POINT('',(194.514298508,727.637132455,10.109701582));
#566=CARTESIAN_POINT('',(194.515941169,727.628450085,10.111041432));
#567=CARTESIAN_POINT('',(194.517584973,727.619761785,10.11237973));
#568=CARTESIAN_POINT('',(194.519229919,727.611067555,10.113716474));
#569=CARTESIAN_POINT('',(194.522519809,727.593679095,10.116389962));
#570=CARTESIAN_POINT('',(194.525814264,727.576266915,10.119057234));
#571=CARTESIAN_POINT('',(194.529113259,727.558831015,10.121718277));
#572=CARTESIAN_POINT('',(194.535711248,727.523959215,10.127040363));
#573=CARTESIAN_POINT('',(194.542327396,727.488992534,10.132337529));
#574=CARTESIAN_POINT('',(194.548961507,727.453930972,10.137609663));
#575=CARTESIAN_POINT('',(194.562229729,727.383807849,10.148153929));
#576=CARTESIAN_POINT('',(194.575569807,727.313305204,10.158598061));
#577=CARTESIAN_POINT('',(194.58898017,727.242423036,10.168941165));
#578=CARTESIAN_POINT('',(194.602390533,727.171540868,10.179284268));
#579=CARTESIAN_POINT('',(194.613971761,727.110317963,10.18807826));
#580=CARTESIAN_POINT('',(194.625943117,727.047033096,10.197060691));
#581=CARTESIAN_POINT('',(194.637914474,726.983748229,10.206043121));
#582=CARTESIAN_POINT('',(194.650017913,726.919764572,10.215004642));
#583=CARTESIAN_POINT('',(194.662254573,726.855082125,10.223941611));
#584=CARTESIAN_POINT('',(194.668372902,726.822740901,10.228410095));
#585=CARTESIAN_POINT('',(194.674524536,726.790224979,10.23287244));
#586=CARTESIAN_POINT('',(194.68070961,726.75753436,10.237328182));
#587=CARTESIAN_POINT('',(194.683802147,726.741189051,10.239556054));
#588=CARTESIAN_POINT('',(194.686372956,726.727601684,10.24140136));
#589=CARTESIAN_POINT('',(194.689014048,726.713642432,10.243292315));
#590=CARTESIAN_POINT('',(194.691655141,726.69968318,10.24518327));
#591=CARTESIAN_POINT('',(194.694301357,726.685696674,10.247072331));
#592=CARTESIAN_POINT('',(194.6969527,726.671682914,10.248959471));
#593=CARTESIAN_POINT('',(194.707558075,726.615627876,10.256508032));
#594=CARTESIAN_POINT('',(194.718245496,726.559136775,10.26402585));
#595=CARTESIAN_POINT('',(194.729015242,726.502209611,10.271511107));
#596=CARTESIAN_POINT('',(194.750554733,726.388355285,10.286481621));
#597=CARTESIAN_POINT('',(194.772423551,726.272756709,10.301321916));
#598=CARTESIAN_POINT('',(194.794623563,726.155413885,10.316017158));
#599=CARTESIAN_POINT('',(194.795317313,726.151746922,10.316476385));
#600=CARTESIAN_POINT('',(194.795667776,726.149894475,10.316708171));
#601=CARTESIAN_POINT('',(194.796190145,726.147133381,10.317053549));
#602=CARTESIAN_POINT('',(194.796712514,726.144372288,10.317398927));
#603=CARTESIAN_POINT('',(194.797235057,726.14161027,10.317744218));
#604=CARTESIAN_POINT('',(194.797757776,726.138847326,10.318089424));
#605=CARTESIAN_POINT('',(194.798803212,726.133321438,10.318779835));
#606=CARTESIAN_POINT('',(194.799849348,726.127791848,10.319469902));
#607=CARTESIAN_POINT('',(194.800896183,726.122258557,10.320159623));
#608=CARTESIAN_POINT('',(194.802989852,726.111191975,10.321539064));
#609=CARTESIAN_POINT('',(194.805086318,726.100110587,10.322917122));
#610=CARTESIAN_POINT('',(194.807185582,726.089014392,10.324293785));
#611=CARTESIAN_POINT('',(194.811384109,726.066822003,10.327047109));
#612=CARTESIAN_POINT('',(194.815593825,726.04457039,10.329794852));
#613=CARTESIAN_POINT('',(194.819814736,726.022259553,10.33253692));
#614=CARTESIAN_POINT('',(194.828256558,725.977637877,10.338021056));
#615=CARTESIAN_POINT('',(194.836743159,725.932779304,10.34348249));
#616=CARTESIAN_POINT('',(194.845274576,725.887683833,10.348920469));
#617=CARTESIAN_POINT('',(194.86233741,725.797492892,10.359796428));
#618=CARTESIAN_POINT('',(194.879579516,725.706354359,10.370578573));
#619=CARTESIAN_POINT('',(194.897001068,725.614268234,10.381260801));
#620=CARTESIAN_POINT('',(194.931844173,725.430095986,10.402625255));
#621=CARTESIAN_POINT('',(194.967405226,725.242133372,10.423590131));
#622=CARTESIAN_POINT('',(195.003683678,725.050380394,10.444105473));
#623=CARTESIAN_POINT('',(195.012753291,725.002442149,10.449234308));
#624=CARTESIAN_POINT('',(195.021867728,724.954267006,10.45433504));
#625=CARTESIAN_POINT('',(195.031026955,724.905854966,10.459406875));
#626=CARTESIAN_POINT('',(195.035606569,724.881648946,10.461942793));
#627=CARTESIAN_POINT('',(195.038852795,724.86449064,10.463729792));
#628=CARTESIAN_POINT('',(195.04227289,724.846413234,10.465607275));
#629=CARTESIAN_POINT('',(195.045692986,724.828335828,10.467484757));
#630=CARTESIAN_POINT('',(195.049120248,724.810220472,10.46935873));
#631=CARTESIAN_POINT('',(195.052554678,724.792067166,10.471229144));
#632=CARTESIAN_POINT('',(195.066292397,724.719453942,10.478710801));
#633=CARTESIAN_POINT('',(195.080144818,724.646233516,10.48613551));
#634=CARTESIAN_POINT('',(195.094112085,724.572405888,10.493499981));
#635=CARTESIAN_POINT('',(195.12204662,724.424750632,10.508228921));
#636=CARTESIAN_POINT('',(195.150440612,724.274666567,10.52271695));
#637=CARTESIAN_POINT('',(195.17929441,724.122153694,10.536937201));
#638=CARTESIAN_POINT('',(195.180196091,724.117387667,10.537381584));
#639=CARTESIAN_POINT('',(195.180654532,724.114964478,10.537607247));
#640=CARTESIAN_POINT('',(195.181335024,724.111367586,10.53794207));
#641=CARTESIAN_POINT('',(195.182015516,724.107770693,10.538276893));
#642=CARTESIAN_POINT('',(195.182696296,724.104172278,10.538611582));
#643=CARTESIAN_POINT('',(195.183377363,724.10057234,10.538946139));
#644=CARTESIAN_POINT('',(195.184739498,724.093372464,10.539615251));
#645=CARTESIAN_POINT('',(195.186102783,724.086166495,10.540283828));
#646=CARTESIAN_POINT('',(195.187467218,724.078954436,10.540951868));
#647=CARTESIAN_POINT('',(195.190196088,724.064530316,10.542287947));
#648=CARTESIAN_POINT('',(195.192929561,724.050081829,10.543621873));
#649=CARTESIAN_POINT('',(195.195667637,724.035608976,10.544953621));
#650=CARTESIAN_POINT('',(195.201143789,724.006663268,10.547617116));
#651=CARTESIAN_POINT('',(195.206638355,723.977620094,10.550271895));
#652=CARTESIAN_POINT('',(195.212151346,723.948479451,10.552917741));
#653=CARTESIAN_POINT('',(195.22317733,723.890198166,10.558209434));
#654=CARTESIAN_POINT('',(195.234277019,723.831527011,10.563465397));
#655=CARTESIAN_POINT('',(195.245450488,723.772465985,10.568683884));
#656=CARTESIAN_POINT('',(195.267797425,723.654343932,10.579120857));
#657=CARTESIAN_POINT('',(195.29043951,723.534662397,10.589407946));
#658=CARTESIAN_POINT('',(195.31337699,723.41342138,10.599530941));
#659=CARTESIAN_POINT('',(195.359251951,723.170939346,10.619776929));
#660=CARTESIAN_POINT('',(195.40630901,722.922219381,10.639366835));
#661=CARTESIAN_POINT('',(195.454544287,722.667261487,10.658183297));
#662=B_SPLINE_CURVE_WITH_KNOTS('',3,(#385,#386,#387,#388,#389,#390,#391,#392,#393,#394,#395,#396,#397,#398,#399,#400,#401,#402,#403,#404,#405,#406,#407,#408,#409,#410,
#411,#412,#413,#414,#415,#416,#417,#418,#419,#420,#421,#422,#423,#424,#425,#426,#427,#428,#429,#430,#431,#432,#433,#434,#435,
#436,#437,#438,#439,#440,#441,#442,#443,#444,#445,#446,#447,#448,#449,#450,#451,#452,#453,#454,#455,#456,#457,#458,#459,#460,
#461,#462,#463,#464,#465,#466,#467,#468,#469,#470,#471,#472,#473,#474,#475,#476,#477,#478,#479,#480,#481,#482,#483,#484,#485,
#486,#487,#488,#489,#490,#491,#492,#493,#494,#495,#496,#497,#498,#499,#500,#501,#502,#503,#504,#505,#506,#507,#508,#509,#510,
#511,#512,#513,#514,#515,#516,#517,#518,#519,#520,#521,#522,#523,#524,#525,#526,#527,#528,#529,#530,#531,#532,#533,#534,#535,
#536,#537,#538,#539,#540,#541,#542,#543,#544,#545,#546,#547,#548,#549,#550,#551,#552,#553,#554,#555,#556,#557,#558,#559,#560,
#561,#562,#563,#564,#565,#566,#567,#568,#569,#570,#571,#572,#573,#574,#575,#576,#577,#578,#579,#580,#581,#582,#583,#584,#585,
#586,#587,#588,#589,#590,#591,#592,#593,#594,#595,#596,#597,#598,#599,#600,#601,#602,#603,#604,#605,#606,#607,#608,#609,#610,
#611,#612,#613,#614,#615,#616,#617,#618,#619,#620,#621,#622,#623,#624,#625,#626,#627,#628,#629,#630,#631,#632,#633,#634,#635,
#636,#637,#638,#639,#640,#641,#642,#643,#644,#645,#646,#647,#648,#649,#650,#651,#652,#653,#654,#655,#656,#657,#658,#659,#660,
#661),.UNSPECIFIED.,.F.,.F.,(4,3,3,3,3,3,3,3,3,3,3,3,3,3,3,3,3,3,3,3,3,3,3,3,3,3,
3,3,3,3,3,3,3,3,3,3,3,3,3,3,3,3,3,3,3,3,3,3,3,3,3,
3,3,3,3,3,3,3,3,3,3,3,3,3,3,3,3,3,3,3,3,3,3,3,3,3,
3,3,3,3,3,3,3,3,3,3,3,3,3,3,3,3,4),(0.,0.015625,0.03125,0.03515625,0.0390625,0.046875,0.0625,0.064453125,0.06640625,0.0703125,0.078125,0.080078125,0.08203125,0.0859375,0.09375,0.094726562,0.095703125,0.09765625,0.1015625,0.109375,0.125,0.125976562,0.126953125,0.12890625,0.1328125,0.140625,
0.142578125,0.14453125,0.1484375,0.15625,0.1875,0.188476562,0.189453125,0.19140625,0.1953125,0.203125,0.2109375,0.21875,0.22265625,0.224609375,0.2265625,0.234375,0.25,0.250488281,0.250976562,0.251953125,0.25390625,0.2578125,0.265625,0.28125,0.3125,
0.312988281,0.313476562,0.314453125,0.31640625,0.3203125,0.328125,0.34375,0.375,0.375976562,0.376953125,0.37890625,0.3828125,0.390625,0.40625,0.421875,0.4375,0.4453125,0.44921875,0.453125,0.46875,0.5,0.500976562,0.501953125,0.50390625,0.5078125,
0.515625,0.53125,0.5625,0.625,0.640625,0.6484375,0.65625,0.6875,0.75,0.751953125,0.75390625,0.7578125,0.765625,0.78125,0.8125,0.875,1.),.UNSPECIFIED.);
#663=EDGE_CURVE('',#384,#364,#662,.T.);
#664=ORIENTED_EDGE('',*,*,#663,.F.);
#665=CARTESIAN_POINT('',(178.226528736,719.443915115,7.3975));
#666=VERTEX_POINT('',#665);
#667=CARTESIAN_POINT('',(178.226528736,734.443915115,7.3975));
#668=DIRECTION('',(-0.,-0.,-1.));
#669=DIRECTION('',(1.,0.,-0.));
#670=AXIS2_PLACEMENT_3D('',#667,#668,#669);
#671=CIRCLE('',#670,15.);
#672=EDGE_CURVE('',#384,#666,#671,.T.);
#673=ORIENTED_EDGE('',*,*,#672,.T.);
#674=CARTESIAN_POINT('',(190.003182364,717.215899564,10.658183297));
#675=CARTESIAN_POINT('',(189.493275825,717.312368369,10.620551056));
#676=CARTESIAN_POINT('',(189.008311756,717.40411836,10.579829436));
#677=CARTESIAN_POINT('',(188.548290157,717.491149441,10.536937201));
#678=CARTESIAN_POINT('',(188.544696238,717.491829371,10.536602106));
#679=CARTESIAN_POINT('',(188.538835333,717.492938191,10.536055162));
#680=CARTESIAN_POINT('',(188.534111412,717.493831905,10.535613756));
#681=CARTESIAN_POINT('',(188.529387491,717.494725619,10.53517235));
#682=CARTESIAN_POINT('',(188.524665896,717.495618893,10.534730686));
#683=CARTESIAN_POINT('',(188.519946629,717.496511726,10.534288766));
#684=CARTESIAN_POINT('',(188.510508095,717.498297393,10.533404926));
#685=CARTESIAN_POINT('',(188.501078868,717.500081298,10.532520059));
#686=CARTESIAN_POINT('',(188.49165895,717.501863441,10.531634173));
#687=CARTESIAN_POINT('',(188.472819114,717.505427728,10.5298624));
#688=CARTESIAN_POINT('',(188.45401651,717.508984968,10.528086547));
#689=CARTESIAN_POINT('',(188.435251138,717.512535161,10.526306666));
#690=CARTESIAN_POINT('',(188.397720395,717.519635547,10.522746904));
#691=CARTESIAN_POINT('',(188.360338581,717.526707744,10.519171029));
#692=CARTESIAN_POINT('',(188.323105697,717.533751756,10.51557945));
#693=CARTESIAN_POINT('',(188.24863993,717.547839779,10.508396292));
#694=CARTESIAN_POINT('',(188.174769881,717.561815054,10.501150323));
#695=CARTESIAN_POINT('',(188.101495551,717.575677648,10.493844786));
#696=CARTESIAN_POINT('',(188.028221221,717.589540243,10.486539249));
#697=CARTESIAN_POINT('',(187.955542609,717.603290156,10.479174144));
#698=CARTESIAN_POINT('',(187.883459717,717.616927522,10.471752671));
#699=CARTESIAN_POINT('',(187.865438994,717.620336863,10.469897303));
#700=CARTESIAN_POINT('',(187.849914166,717.623274013,10.468294806));
#701=CARTESIAN_POINT('',(187.825815006,717.627833365,10.465792576));
#702=CARTESIAN_POINT('',(187.801715845,717.632392716,10.463290345));
#703=CARTESIAN_POINT('',(187.777674734,717.6369411,10.46078091));
#704=CARTESIAN_POINT('',(187.753691672,717.641478511,10.458264368));
#705=CARTESIAN_POINT('',(187.705725547,717.650553334,10.453231283));
#706=CARTESIAN_POINT('',(187.657991619,717.659584266,10.448169768));
#707=CARTESIAN_POINT('',(187.610489887,717.66857127,10.443080593));
#708=CARTESIAN_POINT('',(187.230476029,717.740467304,10.402367194));
#709=CARTESIAN_POINT('',(186.865322722,717.809548741,10.359885444));
#710=CARTESIAN_POINT('',(186.515029966,717.875820288,10.316017158));
#711=CARTESIAN_POINT('',(186.512293304,717.876338034,10.315674437));
#712=CARTESIAN_POINT('',(186.507735307,717.877200356,10.315103274));
#713=CARTESIAN_POINT('',(186.504090632,717.877889885,10.314646138));
#714=CARTESIAN_POINT('',(186.500445957,717.878579415,10.314189002));
#715=CARTESIAN_POINT('',(186.496803051,717.879268608,10.313731736));
#716=CARTESIAN_POINT('',(186.493161914,717.879957466,10.313274343));
#717=CARTESIAN_POINT('',(186.48587964,717.881335181,10.312359555));
#718=CARTESIAN_POINT('',(186.478604443,717.882711551,10.311444253));
#719=CARTESIAN_POINT('',(186.471336324,717.884086578,10.310528441));
#720=CARTESIAN_POINT('',(186.456800084,717.886836631,10.308696816));
#721=CARTESIAN_POINT('',(186.442292153,717.889581309,10.306863149));
#722=CARTESIAN_POINT('',(186.427812529,717.892320617,10.305027472));
#723=CARTESIAN_POINT('',(186.398853282,717.897799233,10.301356117));
#724=CARTESIAN_POINT('',(186.370007267,717.903256367,10.297676719));
#725=CARTESIAN_POINT('',(186.341274483,717.908692059,10.293989524));
#726=CARTESIAN_POINT('',(186.283808917,717.919563444,10.286615133));
#727=CARTESIAN_POINT('',(186.226796277,717.93034906,10.279209554));
#728=CARTESIAN_POINT('',(186.170236565,717.941049246,10.271774737));
#729=CARTESIAN_POINT('',(186.113676853,717.951749432,10.26433992));
#730=CARTESIAN_POINT('',(186.057570069,717.96236419,10.256875864));
#731=CARTESIAN_POINT('',(186.001916211,717.972893887,10.24938449));
#732=CARTESIAN_POINT('',(185.988002747,717.975526312,10.247511646));
#733=CARTESIAN_POINT('',(185.975061216,717.977974916,10.245765256));
#734=CARTESIAN_POINT('',(185.95884215,717.981043607,10.243568781));
#735=CARTESIAN_POINT('',(185.942623085,717.984112299,10.241372306));
#736=CARTESIAN_POINT('',(185.926442839,717.987173568,10.239173638));
#737=CARTESIAN_POINT('',(185.910301414,717.990227425,10.236972826));
#738=CARTESIAN_POINT('',(185.878018563,717.996335141,10.232571202));
#739=CARTESIAN_POINT('',(185.845890992,718.00241321,10.228161));
#740=CARTESIAN_POINT('',(185.813918701,718.008461724,10.223742611));
#741=CARTESIAN_POINT('',(185.749974119,718.020558753,10.214905833));
#742=CARTESIAN_POINT('',(185.686650658,718.032537555,10.206036308));
#743=CARTESIAN_POINT('',(185.623948318,718.044398891,10.197137103));
#744=CARTESIAN_POINT('',(185.592597148,718.050329559,10.192687501));
#745=CARTESIAN_POINT('',(185.561401258,718.056230861,10.188230478));
#746=CARTESIAN_POINT('',(185.530360648,718.062102896,10.183766413));
#747=CARTESIAN_POINT('',(185.499320038,718.067974932,10.179302348));
#748=CARTESIAN_POINT('',(185.462092868,718.075017572,10.173913807));
#749=CARTESIAN_POINT('',(185.426751994,718.08170384,10.168755919));
#750=CARTESIAN_POINT('',(185.285388495,718.108448914,10.148124364));
#751=CARTESIAN_POINT('',(185.14556519,718.134908258,10.127095614));
#752=CARTESIAN_POINT('',(185.007282076,718.161069889,10.105677378));
#753=CARTESIAN_POINT('',(185.002960729,718.16188744,10.105008058));
#754=CARTESIAN_POINT('',(184.99677327,718.163058039,10.104048787));
#755=CARTESIAN_POINT('',(184.991524025,718.164051139,10.103233918));
#756=CARTESIAN_POINT('',(184.98627478,718.165044239,10.10241905));
#757=CARTESIAN_POINT('',(184.981028974,718.166036689,10.1016038));
#758=CARTESIAN_POINT('',(184.975786607,718.167028489,10.100788169));
#759=CARTESIAN_POINT('',(184.965301872,718.16901209,10.099156908));
#760=CARTESIAN_POINT('',(184.954830892,718.17099309,10.097524126));
#761=CARTESIAN_POINT('',(184.944373667,718.17297149,10.095889831));
#762=CARTESIAN_POINT('',(184.923459218,718.176928289,10.092621241));
#763=CARTESIAN_POINT('',(184.902599789,718.180874686,10.089346603));
#764=CARTESIAN_POINT('',(184.88179538,718.184810678,10.086065989));
#765=CARTESIAN_POINT('',(184.840186562,718.192682662,10.079504761));
#766=CARTESIAN_POINT('',(184.798797826,718.200513025,10.072919632));
#767=CARTESIAN_POINT('',(184.757629171,718.208301748,10.066311191));
#768=CARTESIAN_POINT('',(184.67529186,718.223879195,10.05309431));
#769=CARTESIAN_POINT('',(184.593834873,718.239290074,10.039784184));
#770=CARTESIAN_POINT('',(184.513258212,718.254534321,10.026385484));
#771=CARTESIAN_POINT('',(184.352104888,718.285022814,9.999588083));
#772=CARTESIAN_POINT('',(184.194472862,718.314844671,9.972436441));
#773=CARTESIAN_POINT('',(184.040362135,718.344000688,9.944967221));
#774=CARTESIAN_POINT('',(184.037954155,718.344456251,9.944538014));
#775=CARTESIAN_POINT('',(184.033991025,718.345206031,9.943831208));
#776=CARTESIAN_POINT('',(184.030807602,718.3458083,9.943262976));
#777=CARTESIAN_POINT('',(184.02762418,718.346410568,9.942694744));
#778=CARTESIAN_POINT('',(184.024442179,718.347012568,9.942126361));
#779=CARTESIAN_POINT('',(184.021261599,718.3476143,9.941557828));
#780=CARTESIAN_POINT('',(184.01490044,718.348817762,9.940420762));
#781=CARTESIAN_POINT('',(184.008544968,718.350020151,9.939283094));
#782=CARTESIAN_POINT('',(184.002195182,718.351221464,9.938144828));
#783=CARTESIAN_POINT('',(183.989495611,718.353624092,9.935868295));
#784=CARTESIAN_POINT('',(183.976818785,718.356022422,9.933589367));
#785=CARTESIAN_POINT('',(183.964164705,718.358416452,9.931308062));
#786=CARTESIAN_POINT('',(183.938856544,718.363204513,9.926745451));
#787=CARTESIAN_POINT('',(183.913639367,718.367975378,9.922173332));
#788=CARTESIAN_POINT('',(183.888513174,718.372729038,9.917591849));
#789=CARTESIAN_POINT('',(183.838260786,718.38223636,9.908428883));
#790=CARTESIAN_POINT('',(183.788372331,718.391674866,9.899228465));
#791=CARTESIAN_POINT('',(183.73884781,718.40104451,9.889991752));
#792=CARTESIAN_POINT('',(183.639798766,718.4197838,9.871518328));
#793=CARTESIAN_POINT('',(183.542205454,718.438247628,9.852899736));
#794=CARTESIAN_POINT('',(183.446067873,718.456435842,9.834145152));
#795=CARTESIAN_POINT('',(183.253792711,718.492812272,9.796635984));
#796=CARTESIAN_POINT('',(183.067340475,718.528085988,9.758582987));
#797=CARTESIAN_POINT('',(182.886711165,718.56225898,9.720057945));
#798=CARTESIAN_POINT('',(182.883888832,718.562792933,9.719455991));
#799=CARTESIAN_POINT('',(182.879738611,718.563578106,9.718570185));
#800=CARTESIAN_POINT('',(182.876255656,718.564237038,9.717826059));
#801=CARTESIAN_POINT('',(182.872772702,718.564895971,9.717081932));
#802=CARTESIAN_POINT('',(182.869291962,718.565554483,9.716337642));
#803=CARTESIAN_POINT('',(182.865813436,718.566212576,9.715593188));
#804=CARTESIAN_POINT('',(182.858856386,718.56752876,9.71410428));
#805=CARTESIAN_POINT('',(182.851908194,718.568843264,9.712614718));
#806=CARTESIAN_POINT('',(182.844968861,718.570156088,9.711124505));
#807=CARTESIAN_POINT('',(182.831090196,718.572781736,9.708144081));
#808=CARTESIAN_POINT('',(182.817246966,718.575400664,9.705161055));
#809=CARTESIAN_POINT('',(182.803439172,718.578012875,9.702175464));
#810=CARTESIAN_POINT('',(182.775823584,718.583237297,9.69620428));
#811=CARTESIAN_POINT('',(182.748349738,718.588434854,9.690222832));
#812=CARTESIAN_POINT('',(182.721017635,718.593605579,9.684231389));
#813=CARTESIAN_POINT('',(182.66635343,718.603947029,9.672248503));
#814=CARTESIAN_POINT('',(182.612256195,718.614181148,9.660225643));
#815=CARTESIAN_POINT('',(182.55872593,718.624308231,9.648164957));
#816=CARTESIAN_POINT('',(182.505195666,718.634435314,9.63610427));
#817=CARTESIAN_POINT('',(182.452232372,718.644455361,9.624005759));
#818=CARTESIAN_POINT('',(182.399836049,718.654368704,9.611871545));
#819=CARTESIAN_POINT('',(182.386736969,718.65684704,9.608837992));
#820=CARTESIAN_POINT('',(182.374304724,718.65919927,9.605949955));
#821=CARTESIAN_POINT('',(182.359695546,718.661963361,9.602542796));
#822=CARTESIAN_POINT('',(182.345086369,718.664727452,9.599135637));
#823=CARTESIAN_POINT('',(182.330520853,718.667483228,9.595725633));
#824=CARTESIAN_POINT('',(182.315999,718.670230695,9.59231283));
#825=CARTESIAN_POINT('',(182.286955292,718.675725631,9.585487223));
#826=CARTESIAN_POINT('',(182.258086233,718.681187335,9.57865042));
#827=CARTESIAN_POINT('',(182.229391821,718.686615866,9.571802783));
#828=CARTESIAN_POINT('',(182.172002996,718.697472929,9.558107508));
#829=CARTESIAN_POINT('',(182.115312763,718.708197298,9.5443689));
#830=CARTESIAN_POINT('',(182.059321119,718.718789489,9.530589826));
#831=CARTESIAN_POINT('',(182.031325298,718.724085585,9.52370029));
#832=CARTESIAN_POINT('',(182.003504123,718.729348637,9.516800636));
#833=CARTESIAN_POINT('',(181.975857597,718.734578715,9.509891221));
#834=CARTESIAN_POINT('',(181.94821107,718.739808793,9.502981806));
#835=CARTESIAN_POINT('',(181.916871928,718.745737605,9.495089434));
#836=CARTESIAN_POINT('',(181.886814022,718.751424341,9.487450225));
#837=CARTESIAN_POINT('',(181.766582397,718.774171289,9.45689339));
#838=CARTESIAN_POINT('',(181.649164461,718.796389568,9.42600513));
#839=CARTESIAN_POINT('',(181.534560212,718.818071322,9.394804708));
#840=CARTESIAN_POINT('',(181.527397446,718.819426432,9.392854682));
#841=CARTESIAN_POINT('',(181.518922156,718.821029836,9.390542298));
#842=CARTESIAN_POINT('',(181.511126636,718.82250462,9.388409959));
#843=CARTESIAN_POINT('',(181.503331115,718.823979403,9.38627762));
#844=CARTESIAN_POINT('',(181.495551266,718.825451204,9.384144527));
#845=CARTESIAN_POINT('',(181.487787089,718.826920026,9.382010691));
#846=CARTESIAN_POINT('',(181.472258733,718.82985767,9.377743019));
#847=CARTESIAN_POINT('',(181.456793064,718.832783396,9.373472371));
#848=CARTESIAN_POINT('',(181.441390079,718.835697222,9.369198823));
#849=CARTESIAN_POINT('',(181.410584111,718.841524874,9.360651726));
#850=CARTESIAN_POINT('',(181.380028885,718.847304928,9.352093026));
#851=CARTESIAN_POINT('',(181.349724401,718.853037536,9.343523315));
#852=CARTESIAN_POINT('',(181.289115434,718.864502751,9.326383893));
#853=CARTESIAN_POINT('',(181.229509435,718.875778177,9.30920043));
#854=CARTESIAN_POINT('',(181.170906406,718.886865107,9.291977591));
#855=CARTESIAN_POINT('',(181.156255649,718.88963684,9.287671881));
#856=CARTESIAN_POINT('',(181.139206404,718.892862436,9.282636731));
#857=CARTESIAN_POINT('',(181.123448181,718.895843861,9.277956508));
#858=CARTESIAN_POINT('',(181.107689959,718.898825287,9.273276285));
#859=CARTESIAN_POINT('',(181.091992923,718.901795212,9.268589552));
#860=CARTESIAN_POINT('',(181.076357072,718.904753611,9.263896368));
#861=CARTESIAN_POINT('',(181.045085371,718.910670408,9.254510001));
#862=CARTESIAN_POINT('',(181.014058413,718.916541101,9.24509783));
#863=CARTESIAN_POINT('',(180.983276199,718.92236549,9.235660321));
#864=CARTESIAN_POINT('',(180.921711771,718.934014268,9.216785304));
#865=CARTESIAN_POINT('',(180.861126317,718.945477827,9.197808937));
#866=CARTESIAN_POINT('',(180.801519837,718.956754637,9.17873497));
#867=CARTESIAN_POINT('',(180.563093919,719.001861873,9.102439104));
#868=CARTESIAN_POINT('',(180.296426732,719.052313306,9.009422879));
#869=CARTESIAN_POINT('',(180.061951317,719.096673005,8.917407131));
#870=CARTESIAN_POINT('',(180.047296603,719.099445486,8.911656147));
#871=CARTESIAN_POINT('',(180.030511346,719.102621018,8.905022516));
#872=CARTESIAN_POINT('',(180.014947462,719.105565464,8.898821775));
#873=CARTESIAN_POINT('',(179.999383578,719.10850991,8.892621033));
#874=CARTESIAN_POINT('',(179.983923762,719.11143465,8.886414713));
#875=CARTESIAN_POINT('',(179.968568014,719.114339688,8.880202947));
#876=CARTESIAN_POINT('',(179.937856518,719.120149764,8.867779415));
#877=CARTESIAN_POINT('',(179.907561294,719.12588103,8.855334102));
#878=CARTESIAN_POINT('',(179.877682341,719.131533529,8.842868067));
#879=CARTESIAN_POINT('',(179.817924435,719.142838527,8.817935996));
#880=CARTESIAN_POINT('',(179.759831616,719.153828441,8.792921042));
#881=CARTESIAN_POINT('',(179.703403883,719.16450377,8.767831608));
#882=CARTESIAN_POINT('',(179.68929695,719.167172603,8.761559249));
#883=CARTESIAN_POINT('',(179.673259585,719.170206708,8.754369908));
#884=CARTESIAN_POINT('',(179.658361863,719.173025253,8.747628777));
#885=CARTESIAN_POINT('',(179.643464141,719.175843799,8.740887647));
#886=CARTESIAN_POINT('',(179.628682704,719.17864039,8.734139712));
#887=CARTESIAN_POINT('',(179.614017551,719.181415009,8.727385122));
#888=CARTESIAN_POINT('',(179.584687244,719.186964248,8.71387594));
#889=CARTESIAN_POINT('',(179.555822076,719.192425599,8.700340134));
#890=CARTESIAN_POINT('',(179.527422046,719.197798942,8.686778885));
#891=CARTESIAN_POINT('',(179.470621986,719.208545626,8.659656388));
#892=CARTESIAN_POINT('',(179.415682478,719.218940257,8.632432125));
#893=CARTESIAN_POINT('',(179.362603522,719.228982048,8.605115522));
#894=CARTESIAN_POINT('',(179.349333783,719.231492495,8.598286372));
#895=CARTESIAN_POINT('',(179.33447225,719.234304198,8.590563146));
#896=CARTESIAN_POINT('',(179.320603052,719.236928247,8.583275913));
#897=CARTESIAN_POINT('',(179.306733854,719.239552295,8.575988681));
#898=CARTESIAN_POINT('',(179.292995614,719.242151648,8.568694143));
#899=CARTESIAN_POINT('',(179.279388333,719.244726276,8.561392469));
#900=CARTESIAN_POINT('',(179.252173771,719.249875533,8.546789122));
#901=CARTESIAN_POINT('',(179.225483043,719.254925892,8.532157234));
#902=CARTESIAN_POINT('',(179.199316148,719.259877132,8.51749817));
#903=CARTESIAN_POINT('',(179.146982359,719.269779613,8.488180042));
#904=CARTESIAN_POINT('',(179.096743907,719.279285601,8.458753212));
#905=CARTESIAN_POINT('',(179.04860079,719.288393565,8.429228598));
#906=CARTESIAN_POINT('',(179.03656501,719.290670556,8.421847444));
#907=CARTESIAN_POINT('',(179.023273968,719.293184964,8.413599504));
#908=CARTESIAN_POINT('',(179.01083521,719.295538084,8.40577748));
#909=CARTESIAN_POINT('',(178.998396453,719.297891204,8.397955456));
#910=CARTESIAN_POINT('',(178.986107464,719.300215941,8.390128519));
#911=CARTESIAN_POINT('',(178.973968244,719.302512308,8.382296881));
#912=CARTESIAN_POINT('',(178.949689805,719.307105042,8.366633606));
#913=CARTESIAN_POINT('',(178.926010441,719.311584296,8.350951527));
#914=CARTESIAN_POINT('',(178.902930152,719.315950191,8.335252336));
#915=CARTESIAN_POINT('',(178.856769575,719.324681982,8.303853956));
#916=CARTESIAN_POINT('',(178.813005299,719.332960315,8.272387142));
#917=CARTESIAN_POINT('',(178.771637326,719.340786463,8.24086531));
#918=CARTESIAN_POINT('',(178.761295332,719.342743,8.232984852));
#919=CARTESIAN_POINT('',(178.749656462,719.344944935,8.223981518));
#920=CARTESIAN_POINT('',(178.738919453,719.346976288,8.215530963));
#921=CARTESIAN_POINT('',(178.728182444,719.34900764,8.207080408));
#922=CARTESIAN_POINT('',(178.717614385,719.351007064,8.198624161));
#923=CARTESIAN_POINT('',(178.707215274,719.352974547,8.190162467));
#924=CARTESIAN_POINT('',(178.686417052,719.356909514,8.17323908));
#925=CARTESIAN_POINT('',(178.666294626,719.360716713,8.156293905));
#926=CARTESIAN_POINT('',(178.646847996,719.364396059,8.139328895));
#927=CARTESIAN_POINT('',(178.607954736,719.371754752,8.105398876));
#928=CARTESIAN_POINT('',(178.571764659,719.378602004,8.071389522));
#929=CARTESIAN_POINT('',(178.538277764,719.384937487,8.037316408));
#930=CARTESIAN_POINT('',(178.471303975,719.397608452,7.969170181));
#931=CARTESIAN_POINT('',(178.415142917,719.408231875,7.900769006));
#932=CARTESIAN_POINT('',(178.36979459,719.416810764,7.832236483));
#933=CARTESIAN_POINT('',(178.358457508,719.418955487,7.815103353));
#934=CARTESIAN_POINT('',(178.346810175,719.421159039,7.796374371));
#935=CARTESIAN_POINT('',(178.336422519,719.423124323,7.778424256));
#936=CARTESIAN_POINT('',(178.326034863,719.425089607,7.76047414));
#937=CARTESIAN_POINT('',(178.316383574,719.426915621,7.742512041));
#938=CARTESIAN_POINT('',(178.307468654,719.428602297,7.724540125));
#939=CARTESIAN_POINT('',(178.289638812,719.431975649,7.688596291));
#940=CARTESIAN_POINT('',(178.274754441,719.434791613,7.652613189));
#941=CARTESIAN_POINT('',(178.262815541,719.437050044,7.616608124));
#942=CARTESIAN_POINT('',(178.238937741,719.441566905,7.544597994));
#943=CARTESIAN_POINT('',(178.226528736,719.443915115,7.470628375));
#944=CARTESIAN_POINT('',(178.226528736,719.443915115,7.3975));
#945=B_SPLINE_CURVE_WITH_KNOTS('',3,(#674,#675,#676,#677,#678,#679,#680,#681,#682,#683,#684,#685,#686,#687,#688,#689,#690,#691,#692,#693,#694,#695,#696,#697,#698,#699,
#700,#701,#702,#703,#704,#705,#706,#707,#708,#709,#710,#711,#712,#713,#714,#715,#716,#717,#718,#719,#720,#721,#722,#723,#724,
#725,#726,#727,#728,#729,#730,#731,#732,#733,#734,#735,#736,#737,#738,#739,#740,#741,#742,#743,#744,#745,#746,#747,#748,#749,
#750,#751,#752,#753,#754,#755,#756,#757,#758,#759,#760,#761,#762,#763,#764,#765,#766,#767,#768,#769,#770,#771,#772,#773,#774,
#775,#776,#777,#778,#779,#780,#781,#782,#783,#784,#785,#786,#787,#788,#789,#790,#791,#792,#793,#794,#795,#796,#797,#798,#799,
#800,#801,#802,#803,#804,#805,#806,#807,#808,#809,#810,#811,#812,#813,#814,#815,#816,#817,#818,#819,#820,#821,#822,#823,#824,
#825,#826,#827,#828,#829,#830,#831,#832,#833,#834,#835,#836,#837,#838,#839,#840,#841,#842,#843,#844,#845,#846,#847,#848,#849,
#850,#851,#852,#853,#854,#855,#856,#857,#858,#859,#860,#861,#862,#863,#864,#865,#866,#867,#868,#869,#870,#871,#872,#873,#874,
#875,#876,#877,#878,#879,#880,#881,#882,#883,#884,#885,#886,#887,#888,#889,#890,#891,#892,#893,#894,#895,#896,#897,#898,#899,
#900,#901,#902,#903,#904,#905,#906,#907,#908,#909,#910,#911,#912,#913,#914,#915,#916,#917,#918,#919,#920,#921,#922,#923,#924,
#925,#926,#927,#928,#929,#930,#931,#932,#933,#934,#935,#936,#937,#938,#939,#940,#941,#942,#943,#944),.UNSPECIFIED.,.F.,.F.,(4,3,3,3,3,3,3,3,3,3,3,3,3,3,3,3,3,3,3,3,3,3,3,3,3,3,
3,3,3,3,3,3,3,3,3,3,3,3,3,3,3,3,3,3,3,3,3,3,3,3,3,
3,3,3,3,3,3,3,3,3,3,3,3,3,3,3,3,3,3,3,3,3,3,3,3,3,
3,3,3,3,3,3,3,3,3,3,3,3,3,3,4),(0.,0.25,0.251953125,0.25390625,0.2578125,0.265625,0.28125,0.3125,0.34375,0.3515625,0.359375,0.375,0.5,0.500976562,0.501953125,0.50390625,0.5078125,0.515625,0.53125,0.546875,0.55078125,0.5546875,0.5625,0.578125,0.5859375,0.59375,
0.625,0.625976562,0.626953125,0.62890625,0.6328125,0.640625,0.65625,0.6875,0.687988281,0.688476562,0.689453125,0.69140625,0.6953125,0.703125,0.71875,0.75,0.750488281,0.750976562,0.751953125,0.75390625,0.7578125,0.765625,0.7734375,0.775390625,0.77734375,
0.78125,0.7890625,0.79296875,0.796875,0.8125,0.813476562,0.814453125,0.81640625,0.8203125,0.828125,0.830078125,0.83203125,0.8359375,0.84375,0.875,0.876953125,0.87890625,0.8828125,0.890625,0.892578125,0.89453125,0.8984375,0.90625,0.908203125,0.91015625,
0.9140625,0.921875,0.923828125,0.92578125,0.9296875,0.9375,0.939453125,0.94140625,0.9453125,0.953125,0.96875,0.97265625,0.9765625,0.984375,1.),.UNSPECIFIED.);
#946=EDGE_CURVE('',#366,#666,#945,.T.);
#947=ORIENTED_EDGE('',*,*,#946,.F.);
#948=EDGE_LOOP('',(#382,#664,#673,#947));
#949=FACE_BOUND('',#948,.T.);
#950=ADVANCED_FACE('',(#949),#362,.F.);
#951=CARTESIAN_POINT('',(196.726528736,743.033821759,7.3975));
#952=DIRECTION('',(-0.,-1.,-0.));
#953=DIRECTION('',(0.,0.,-1.));
#954=AXIS2_PLACEMENT_3D('',#951,#952,#953);
#955=CYLINDRICAL_SURFACE('',#954,3.5);
#956=CARTESIAN_POINT('',(193.226528736,743.718788266,7.3975));
#957=VERTEX_POINT('',#956);
#958=CARTESIAN_POINT('',(193.226528736,734.443915115,7.3975));
#959=DIRECTION('',(0.,1.,0.));
#960=VECTOR('',#959,9.27487315);
#961=LINE('',#958,#960);
#962=EDGE_CURVE('',#384,#957,#961,.T.);
#963=ORIENTED_EDGE('',*,*,#962,.F.);
#964=ORIENTED_EDGE('',*,*,#663,.T.);
#965=CARTESIAN_POINT('',(196.694549852,716.112946358,10.897353904));
#966=VERTEX_POINT('',#965);
#967=CARTESIAN_POINT('',(196.726528736,715.943915115,7.3975));
#968=DIRECTION('',(0.982570246,0.185891668,0.));
#969=DIRECTION('',(0.185891668,-0.982570246,0.));
#970=AXIS2_PLACEMENT_3D('',#967,#968,#969);
#971=ELLIPSE('',#970,18.828170384,3.5);
#972=EDGE_CURVE('',#364,#966,#971,.T.);
#973=ORIENTED_EDGE('',*,*,#972,.T.);
#974=CARTESIAN_POINT('',(196.726528736,716.144925242,10.8975));
#975=VERTEX_POINT('',#974);
#976=CARTESIAN_POINT('',(196.726528736,716.144925242,7.3975));
#977=DIRECTION('',(-0.707106781,0.707106781,-0.));
#978=DIRECTION('',(-0.707106781,-0.707106781,-0.));
#979=AXIS2_PLACEMENT_3D('',#976,#977,#978);
#980=ELLIPSE('',#979,4.949747468,3.5);
#981=EDGE_CURVE('',#966,#975,#980,.T.);
#982=ORIENTED_EDGE('',*,*,#981,.T.);
#983=CARTESIAN_POINT('',(196.726528736,743.902165266,10.8975));
#984=VERTEX_POINT('',#983);
#985=CARTESIAN_POINT('',(196.726528736,743.902165266,10.8975));
#986=DIRECTION('',(-0.,-1.,-0.));
#987=VECTOR('',#986,27.757240024);
#988=LINE('',#985,#987);
#989=EDGE_CURVE('',#984,#975,#988,.T.);
#990=ORIENTED_EDGE('',*,*,#989,.F.);
#991=CARTESIAN_POINT('',(196.726528736,743.902165266,10.8975));
#992=CARTESIAN_POINT('',(196.502444116,743.902165266,10.8975));
#993=CARTESIAN_POINT('',(196.27479911,743.900697708,10.875910554));
#994=CARTESIAN_POINT('',(196.048098302,743.897762594,10.831117938));
#995=CARTESIAN_POINT('',(195.934747898,743.896295036,10.808721631));
#996=CARTESIAN_POINT('',(195.821645048,743.89446059,10.780537514));
#997=CARTESIAN_POINT('',(195.709415392,743.892259254,10.746452141));
#998=CARTESIAN_POINT('',(195.653300564,743.891158586,10.729409455));
#999=CARTESIAN_POINT('',(195.597404632,743.889966195,10.710892459));
#1000=CARTESIAN_POINT('',(195.54180913,743.888682083,10.690893304));
#1001=CARTESIAN_POINT('',(195.514011378,743.888040026,10.680893727));
#1002=CARTESIAN_POINT('',(195.486288767,743.887375039,10.670523678));
#1003=CARTESIAN_POINT('',(195.458651673,743.886687122,10.659782599));
#1004=CARTESIAN_POINT('',(195.444833125,743.886343163,10.654412059));
#1005=CARTESIAN_POINT('',(195.43103596,743.885993472,10.648948765));
#1006=CARTESIAN_POINT('',(195.417261483,743.885638048,10.643392675));
#1007=CARTESIAN_POINT('',(195.410374244,743.885460336,10.640614631));
#1008=CARTESIAN_POINT('',(195.403492678,743.885281191,10.637813387));
#1009=CARTESIAN_POINT('',(195.396616949,743.885100612,10.634988941));
#1010=CARTESIAN_POINT('',(195.38974122,743.884920034,10.632164494));
#1011=CARTESIAN_POINT('',(195.381871909,743.884711312,10.628898834));
#1012=CARTESIAN_POINT('',(195.376007435,743.884554578,10.626445992));
#1013=CARTESIAN_POINT('',(195.188344284,743.879539084,10.547955028));
#1014=CARTESIAN_POINT('',(194.99555655,743.873164443,10.448097565));
#1015=CARTESIAN_POINT('',(194.804243188,743.865430655,10.322362095));
#1016=CARTESIAN_POINT('',(194.708586507,743.861563761,10.259494359));
#1017=CARTESIAN_POINT('',(194.613335811,743.857357081,10.190172427));
#1018=CARTESIAN_POINT('',(194.51954348,743.852810613,10.113971255));
#1019=CARTESIAN_POINT('',(194.472647314,743.850537379,10.07587067));
#1020=CARTESIAN_POINT('',(194.426118132,743.848179199,10.036052107));
#1021=CARTESIAN_POINT('',(194.3801016,743.845736072,9.994475105));
#1022=CARTESIAN_POINT('',(194.357093335,743.844514508,9.973686605));
#1023=CARTESIAN_POINT('',(194.334213377,743.843271708,9.95245864));
#1024=CARTESIAN_POINT('',(194.311480793,743.842007671,9.930787081));
#1025=CARTESIAN_POINT('',(194.300114501,743.841375652,9.919951302));
#1026=CARTESIAN_POINT('',(194.288785062,743.840738325,9.909004634));
#1027=CARTESIAN_POINT('',(194.27749491,743.840095688,9.897946624));
#1028=CARTESIAN_POINT('',(194.271849834,743.839774369,9.892417619));
#1029=CARTESIAN_POINT('',(194.266214581,743.839451724,9.88686078));
#1030=CARTESIAN_POINT('',(194.260589458,743.839127751,9.881276052));
#1031=CARTESIAN_POINT('',(194.257776896,743.838965764,9.878483689));
#1032=CARTESIAN_POINT('',(194.254966867,743.838803446,9.875684353));
#1033=CARTESIAN_POINT('',(194.25215941,743.838640796,9.87287804));
#1034=CARTESIAN_POINT('',(194.250755681,743.838559471,9.871474883));
#1035=CARTESIAN_POINT('',(194.249352595,743.838478063,9.870069981));
#1036=CARTESIAN_POINT('',(194.247950156,743.838396572,9.868663335));
#1037=CARTESIAN_POINT('',(194.246547718,743.838315081,9.867256688));
#1038=CARTESIAN_POINT('',(194.244407455,743.838190469,9.865105081));
#1039=CARTESIAN_POINT('',(194.243744789,743.83815185,9.864438158));
#1040=CARTESIAN_POINT('',(194.158923523,743.833208554,9.779072062));
#1041=CARTESIAN_POINT('',(194.039308984,743.825689858,9.651568185));
#1042=CARTESIAN_POINT('',(193.904460801,743.815595762,9.467749399));
#1043=CARTESIAN_POINT('',(193.83703671,743.810548714,9.375840005));
#1044=CARTESIAN_POINT('',(193.766042416,743.804857816,9.269764078));
#1045=CARTESIAN_POINT('',(193.695583772,743.798523068,9.147749305));
#1046=CARTESIAN_POINT('',(193.66035445,743.795355694,9.086741918));
#1047=CARTESIAN_POINT('',(193.625278278,743.792027358,9.0217542));
#1048=CARTESIAN_POINT('',(193.590987631,743.788538059,8.952614781));
#1049=CARTESIAN_POINT('',(193.573842308,743.78679341,8.918045071));
#1050=CARTESIAN_POINT('',(193.556894636,743.78500852,8.882438155));
#1051=CARTESIAN_POINT('',(193.540231283,743.783183389,8.845777785));
#1052=CARTESIAN_POINT('',(193.531899607,743.782270823,8.8274476));
#1053=CARTESIAN_POINT('',(193.523639089,743.781348198,8.808854113));
#1054=CARTESIAN_POINT('',(193.515461038,743.780415512,8.789995688));
#1055=CARTESIAN_POINT('',(193.511372013,743.77994917,8.780566476));
#1056=CARTESIAN_POINT('',(193.507303608,743.779480312,8.771071033));
#1057=CARTESIAN_POINT('',(193.503257268,743.779008939,8.761509182));
#1058=CARTESIAN_POINT('',(193.501234099,743.778773252,8.756728257));
#1059=CARTESIAN_POINT('',(193.499216445,743.778536937,8.75193073));
#1060=CARTESIAN_POINT('',(193.49720449,743.778299993,8.747116581));
#1061=CARTESIAN_POINT('',(193.495192535,743.778063049,8.742302432));
#1062=CARTESIAN_POINT('',(193.492853775,743.777785882,8.736665921));
#1063=CARTESIAN_POINT('',(193.491185903,743.777587275,8.732624248));
#1064=CARTESIAN_POINT('',(193.384442143,743.764876395,8.473957191));
#1065=CARTESIAN_POINT('',(193.31857855,743.753621037,8.226956812));
#1066=CARTESIAN_POINT('',(193.279141577,743.743821202,8.002083969));
#1067=CARTESIAN_POINT('',(193.239704603,743.734021367,7.777211127));
#1068=CARTESIAN_POINT('',(193.226528736,743.725677055,7.574283038));
#1069=CARTESIAN_POINT('',(193.226528736,743.718788266,7.3975));
#1070=B_SPLINE_CURVE_WITH_KNOTS('',3,(#991,#992,#993,#994,#995,#996,#997,#998,#999,#1000,#1001,#1002,#1003,#1004,#1005,#1006,#1007,#1008,#1009,#1010,#1011,#1012,#1013,#1014,#1015,#1016,
#1017,#1018,#1019,#1020,#1021,#1022,#1023,#1024,#1025,#1026,#1027,#1028,#1029,#1030,#1031,#1032,#1033,#1034,#1035,#1036,#1037,#1038,#1039,#1040,#1041,
#1042,#1043,#1044,#1045,#1046,#1047,#1048,#1049,#1050,#1051,#1052,#1053,#1054,#1055,#1056,#1057,#1058,#1059,#1060,#1061,#1062,#1063,#1064,#1065,#1066,
#1067,#1068,#1069),.UNSPECIFIED.,.F.,.F.,(4,3,3,3,3,3,3,3,3,3,3,3,3,3,3,3,3,3,3,3,3,3,3,3,3,3,
4),(0.,0.125,0.1875,0.21875,0.234375,0.2421875,0.24609375,0.25,0.375,0.4375,0.46875,0.484375,0.4921875,0.49609375,0.498046875,0.499023438,0.5,0.625,0.6875,0.71875,0.734375,0.7421875,0.74609375,0.748046875,0.75,0.875,
1.),.UNSPECIFIED.);
#1071=EDGE_CURVE('',#984,#957,#1070,.T.);
#1072=ORIENTED_EDGE('',*,*,#1071,.T.);
#1073=EDGE_LOOP('',(#963,#964,#973,#982,#990,#1072));
#1074=FACE_BOUND('',#1073,.T.);
#1075=ADVANCED_FACE('',(#1074),#955,.T.);
#1076=OVER_RIDING_STYLED_ITEM('',(#222),#1075,#54);
#1077=CARTESIAN_POINT('',(203.126528736,715.943915115,7.3975));
#1078=DIRECTION('',(-1.,0.,-0.));
#1079=DIRECTION('',(-0.,0.,1.));
#1080=AXIS2_PLACEMENT_3D('',#1077,#1078,#1079);
#1081=CYLINDRICAL_SURFACE('',#1080,3.5);
#1082=CARTESIAN_POINT('',(196.525518609,715.943915115,10.8975));
#1083=VERTEX_POINT('',#1082);
#1084=CARTESIAN_POINT('',(196.557497493,715.975893999,10.897353904));
#1085=VERTEX_POINT('',#1084);
#1086=CARTESIAN_POINT('',(196.525518609,715.943915115,7.3975));
#1087=DIRECTION('',(-0.707106781,0.707106781,-0.));
#1088=DIRECTION('',(-0.707106781,-0.707106781,0.));
#1089=AXIS2_PLACEMENT_3D('',#1086,#1087,#1088);
#1090=ELLIPSE('',#1089,4.949747468,3.5);
#1091=EDGE_CURVE('',#1083,#1085,#1090,.T.);
#1092=ORIENTED_EDGE('',*,*,#1091,.T.);
#1093=CARTESIAN_POINT('',(196.726528736,715.943915115,7.3975));
#1094=DIRECTION('',(-0.185891668,-0.982570246,-0.));
#1095=DIRECTION('',(0.982570246,-0.185891668,0.));
#1096=AXIS2_PLACEMENT_3D('',#1093,#1094,#1095);
#1097=ELLIPSE('',#1096,18.828170384,3.5);
#1098=EDGE_CURVE('',#1085,#366,#1097,.T.);
#1099=ORIENTED_EDGE('',*,*,#1098,.T.);
#1100=ORIENTED_EDGE('',*,*,#946,.T.);
#1101=CARTESIAN_POINT('',(168.951655585,719.443915115,7.3975));
#1102=VERTEX_POINT('',#1101);
#1103=CARTESIAN_POINT('',(168.951655585,719.443915115,7.3975));
#1104=DIRECTION('',(1.,-0.,0.));
#1105=VECTOR('',#1104,9.27487315);
#1106=LINE('',#1103,#1105);
#1107=EDGE_CURVE('',#1102,#666,#1106,.T.);
#1108=ORIENTED_EDGE('',*,*,#1107,.F.);
#1109=CARTESIAN_POINT('',(168.768278585,715.943915115,10.8975));
#1110=VERTEX_POINT('',#1109);
#1111=CARTESIAN_POINT('',(168.951655585,719.443915115,7.3975));
#1112=CARTESIAN_POINT('',(168.944760494,719.443915115,7.574444745));
#1113=CARTESIAN_POINT('',(168.936401649,719.430717946,7.777708069));
#1114=CARTESIAN_POINT('',(168.926579048,719.39113038,8.003063306));
#1115=CARTESIAN_POINT('',(168.921667747,719.371336597,8.115740924));
#1116=CARTESIAN_POINT('',(168.916390508,719.3449017,8.233868895));
#1117=CARTESIAN_POINT('',(168.91074733,719.310007738,8.35636415));
#1118=CARTESIAN_POINT('',(168.907925741,719.292560757,8.417611777));
#1119=CARTESIAN_POINT('',(168.905012668,719.272998019,8.479944473));
#1120=CARTESIAN_POINT('',(168.902008109,719.251090776,8.54318283));
#1121=CARTESIAN_POINT('',(168.90050583,719.240137155,8.574802009));
#1122=CARTESIAN_POINT('',(168.89898068,719.228597428,8.606647115));
#1123=CARTESIAN_POINT('',(168.897432658,719.216443293,8.638692703));
#1124=CARTESIAN_POINT('',(168.896658648,719.210366225,8.654715497));
#1125=CARTESIAN_POINT('',(168.895878919,719.20413556,8.670788379));
#1126=CARTESIAN_POINT('',(168.895093473,719.197747791,8.686907971));
#1127=CARTESIAN_POINT('',(168.89470075,719.194553907,8.694967767));
#1128=CARTESIAN_POINT('',(168.894306597,719.191320747,8.703039239));
#1129=CARTESIAN_POINT('',(168.893911015,719.188047876,8.711121952));
#1130=CARTESIAN_POINT('',(168.893713224,719.18641144,8.715163308));
#1131=CARTESIAN_POINT('',(168.893515075,719.184765077,8.719207474));
#1132=CARTESIAN_POINT('',(168.89331657,719.183108731,8.723254396));
#1133=CARTESIAN_POINT('',(168.893118064,719.181452386,8.727301317));
#1134=CARTESIAN_POINT('',(168.892957637,719.180109484,8.730569156));
#1135=CARTESIAN_POINT('',(168.89271998,719.178109694,8.735403369));
#1136=CARTESIAN_POINT('',(168.877509953,719.050123153,9.044792961));
#1137=CARTESIAN_POINT('',(168.864861715,718.899881828,9.285401884));
#1138=CARTESIAN_POINT('',(168.854775268,718.7650276,9.469051193));
#1139=CARTESIAN_POINT('',(168.849732044,718.697600486,9.560875848));
#1140=CARTESIAN_POINT('',(168.845329267,718.633694663,9.638634997));
#1141=CARTESIAN_POINT('',(168.841566938,718.576239036,9.704201276));
#1142=CARTESIAN_POINT('',(168.839685774,718.547511222,9.736984416));
#1143=CARTESIAN_POINT('',(168.837964721,718.520379039,9.766718334));
#1144=CARTESIAN_POINT('',(168.83640378,718.495114786,9.793617744));
#1145=CARTESIAN_POINT('',(168.83562331,718.482482659,9.807067449));
#1146=CARTESIAN_POINT('',(168.834882868,718.470316601,9.819808219));
#1147=CARTESIAN_POINT('',(168.834182453,718.458645395,9.831864727));
#1148=CARTESIAN_POINT('',(168.833832246,718.452809791,9.83789298));
#1149=CARTESIAN_POINT('',(168.833492046,718.447097848,9.843750143));
#1150=CARTESIAN_POINT('',(168.833161853,718.441512853,9.849439139));
#1151=CARTESIAN_POINT('',(168.832996756,718.438720356,9.852283636));
#1152=CARTESIAN_POINT('',(168.832834161,718.435959592,9.855086091));
#1153=CARTESIAN_POINT('',(168.832674068,718.433230954,9.857846857));
#1154=CARTESIAN_POINT('',(168.832594021,718.431866635,9.85922724));
#1155=CARTESIAN_POINT('',(168.8325146,718.430510347,9.8605972));
#1156=CARTESIAN_POINT('',(168.832435805,718.429162139,9.861956782));
#1157=CARTESIAN_POINT('',(168.832396407,718.428488034,9.862636573));
#1158=CARTESIAN_POINT('',(168.832357165,718.42781595,9.86331377));
#1159=CARTESIAN_POINT('',(168.83231808,718.427145891,9.863988377));
#1160=CARTESIAN_POINT('',(168.832278995,718.426475832,9.864662984));
#1161=CARTESIAN_POINT('',(168.832282958,718.426544554,9.86459445));
#1162=CARTESIAN_POINT('',(168.832201294,718.425141798,9.866004436));
#1163=CARTESIAN_POINT('',(168.821748324,718.245588998,10.04648262));
#1164=CARTESIAN_POINT('',(168.812656442,718.055543324,10.198123747));
#1165=CARTESIAN_POINT('',(168.804925646,717.86403307,10.323785537));
#1166=CARTESIAN_POINT('',(168.801060249,717.768277942,10.386616432));
#1167=CARTESIAN_POINT('',(168.797535123,717.672119099,10.44298959));
#1168=CARTESIAN_POINT('',(168.794350269,717.576457062,10.493433913));
#1169=CARTESIAN_POINT('',(168.792757842,717.528626043,10.518656074));
#1170=CARTESIAN_POINT('',(168.791250482,717.480916838,10.542397405));
#1171=CARTESIAN_POINT('',(168.789828191,717.433427902,10.564730913));
#1172=CARTESIAN_POINT('',(168.789117046,717.409683435,10.575897667));
#1173=CARTESIAN_POINT('',(168.788427167,717.385993889,10.586712526));
#1174=CARTESIAN_POINT('',(168.787758556,717.362370713,10.59718494));
#1175=CARTESIAN_POINT('',(168.78742425,717.350559125,10.602421147));
#1176=CARTESIAN_POINT('',(168.787095261,717.338764121,10.607571746));
#1177=CARTESIAN_POINT('',(168.786771588,717.326987078,10.612637936));
#1178=CARTESIAN_POINT('',(168.786609752,717.321098556,10.615171031));
#1179=CARTESIAN_POINT('',(168.786449245,717.315214524,10.617683023));
#1180=CARTESIAN_POINT('',(168.786290067,717.309335151,10.620174064));
#1181=CARTESIAN_POINT('',(168.78613089,717.303455778,10.622665105));
#1182=CARTESIAN_POINT('',(168.785999209,717.298562412,10.624725715));
#1183=CARTESIAN_POINT('',(168.785816522,717.291711176,10.627584485));
#1184=CARTESIAN_POINT('',(168.774124564,716.853232079,10.810545767));
#1185=CARTESIAN_POINT('',(168.768278585,716.391160843,10.8975));
#1186=CARTESIAN_POINT('',(168.768278585,715.943915115,10.8975));
#1187=B_SPLINE_CURVE_WITH_KNOTS('',3,(#1111,#1112,#1113,#1114,#1115,#1116,#1117,#1118,#1119,#1120,#1121,#1122,#1123,#1124,#1125,#1126,#1127,#1128,#1129,#1130,#1131,#1132,#1133,#1134,#1135,#1136,
#1137,#1138,#1139,#1140,#1141,#1142,#1143,#1144,#1145,#1146,#1147,#1148,#1149,#1150,#1151,#1152,#1153,#1154,#1155,#1156,#1157,#1158,#1159,#1160,#1161,
#1162,#1163,#1164,#1165,#1166,#1167,#1168,#1169,#1170,#1171,#1172,#1173,#1174,#1175,#1176,#1177,#1178,#1179,#1180,#1181,#1182,#1183,#1184,#1185,#1186),.UNSPECIFIED.,.F.,.F.,(4,3,3,3,3,3,3,3,3,3,3,3,3,3,3,3,3,3,3,3,3,3,3,3,3,4),(0.,0.125,0.1875,0.21875,0.234375,0.2421875,0.24609375,0.248046875,0.25,0.375,0.4375,0.46875,0.484375,0.4921875,0.49609375,0.498046875,0.499023438,0.5,0.625,0.6875,0.71875,0.734375,0.7421875,0.74609375,0.75,1.),.UNSPECIFIED.);
#1188=EDGE_CURVE('',#1102,#1110,#1187,.T.);
#1189=ORIENTED_EDGE('',*,*,#1188,.T.);
#1190=CARTESIAN_POINT('',(196.525518609,715.943915115,10.8975));
#1191=DIRECTION('',(-1.,0.,-0.));
#1192=VECTOR('',#1191,27.757240024);
#1193=LINE('',#1190,#1192);
#1194=EDGE_CURVE('',#1083,#1110,#1193,.T.);
#1195=ORIENTED_EDGE('',*,*,#1194,.F.);
#1196=EDGE_LOOP('',(#1092,#1099,#1100,#1108,#1189,#1195));
#1197=FACE_BOUND('',#1196,.T.);
#1198=ADVANCED_FACE('',(#1197),#1081,.T.);
#1199=OVER_RIDING_STYLED_ITEM('',(#222),#1198,#54);
#1200=CARTESIAN_POINT('',(169.636622091,719.443915115,4.8975));
#1201=DIRECTION('',(0.,1.,-0.));
#1202=DIRECTION('',(-0.,0.,1.));
#1203=AXIS2_PLACEMENT_3D('',#1200,#1201,#1202);
#1204=PLANE('',#1203);
#1205=ORIENTED_EDGE('',*,*,#1107,.T.);
#1206=CARTESIAN_POINT('',(178.226528736,719.443915115,4.8975));
#1207=VERTEX_POINT('',#1206);
#1208=CARTESIAN_POINT('',(178.226528736,719.443915115,7.3975));
#1209=DIRECTION('',(-0.,-0.,-1.));
#1210=VECTOR('',#1209,2.5);
#1211=LINE('',#1208,#1210);
#1212=EDGE_CURVE('',#666,#1207,#1211,.T.);
#1213=ORIENTED_EDGE('',*,*,#1212,.T.);
#1214=CARTESIAN_POINT('',(169.008337101,719.443915115,4.8975));
#1215=VERTEX_POINT('',#1214);
#1216=CARTESIAN_POINT('',(178.226528736,719.443915115,4.8975));
#1217=DIRECTION('',(-1.,0.,-0.));
#1218=VECTOR('',#1217,9.218191635);
#1219=LINE('',#1216,#1218);
#1220=EDGE_CURVE('',#1207,#1215,#1219,.T.);
#1221=ORIENTED_EDGE('',*,*,#1220,.T.);
#1222=CARTESIAN_POINT('',(157.953473917,719.443915115,5.8975));
#1223=DIRECTION('',(-0.,-1.,0.));
#1224=DIRECTION('',(-0.,0.,1.));
#1225=AXIS2_PLACEMENT_3D('',#1222,#1223,#1224);
#1226=CIRCLE('',#1225,11.1);
#1227=EDGE_CURVE('',#1215,#1102,#1226,.T.);
#1228=ORIENTED_EDGE('',*,*,#1227,.T.);
#1229=EDGE_LOOP('',(#1205,#1213,#1221,#1228));
#1230=FACE_BOUND('',#1229,.T.);
#1231=ADVANCED_FACE('',(#1230),#1204,.T.);
#1232=OVER_RIDING_STYLED_ITEM('',(#222),#1231,#54);
#1233=CARTESIAN_POINT('',(193.226528736,743.033821759,4.8975));
#1234=DIRECTION('',(1.,-0.,0.));
#1235=DIRECTION('',(-0.,-0.,1.));
#1236=AXIS2_PLACEMENT_3D('',#1233,#1234,#1235);
#1237=PLANE('',#1236);
#1238=CARTESIAN_POINT('',(193.226528736,734.443915115,4.8975));
#1239=VERTEX_POINT('',#1238);
#1240=CARTESIAN_POINT('',(193.226528736,743.66210675,4.8975));
#1241=VERTEX_POINT('',#1240);
#1242=CARTESIAN_POINT('',(193.226528736,734.443915115,4.8975));
#1243=DIRECTION('',(0.,1.,0.));
#1244=VECTOR('',#1243,9.218191635);
#1245=LINE('',#1242,#1244);
#1246=EDGE_CURVE('',#1239,#1241,#1245,.T.);
#1247=ORIENTED_EDGE('',*,*,#1246,.F.);
#1248=CARTESIAN_POINT('',(193.226528736,734.443915115,4.8975));
#1249=DIRECTION('',(0.,0.,1.));
#1250=VECTOR('',#1249,2.5);
#1251=LINE('',#1248,#1250);
#1252=EDGE_CURVE('',#1239,#384,#1251,.T.);
#1253=ORIENTED_EDGE('',*,*,#1252,.T.);
#1254=ORIENTED_EDGE('',*,*,#962,.T.);
#1255=CARTESIAN_POINT('',(193.226528736,754.716969933,5.8975));
#1256=DIRECTION('',(1.,-0.,0.));
#1257=DIRECTION('',(-0.,-0.,1.));
#1258=AXIS2_PLACEMENT_3D('',#1255,#1256,#1257);
#1259=CIRCLE('',#1258,11.1);
#1260=EDGE_CURVE('',#957,#1241,#1259,.T.);
#1261=ORIENTED_EDGE('',*,*,#1260,.T.);
#1262=EDGE_LOOP('',(#1247,#1253,#1254,#1261));
#1263=FACE_BOUND('',#1262,.T.);
#1264=ADVANCED_FACE('',(#1263),#1237,.F.);
#1265=OVER_RIDING_STYLED_ITEM('',(#222),#1264,#54);
#1266=CARTESIAN_POINT('',(215.499583554,750.443915115,6.958931407));
#1267=DIRECTION('',(-0.,-1.,0.));
#1268=DIRECTION('',(-0.,0.,1.));
#1269=AXIS2_PLACEMENT_3D('',#1266,#1267,#1268);
#1270=PLANE('',#1269);
#1271=CARTESIAN_POINT('',(211.226528736,750.443915115,10.1975));
#1272=VERTEX_POINT('',#1271);
#1273=CARTESIAN_POINT('',(211.226528736,750.443915115,1.5975));
#1274=VERTEX_POINT('',#1273);
#1275=CARTESIAN_POINT('',(211.226528736,750.443915115,10.1975));
#1276=DIRECTION('',(-0.,-0.,-1.));
#1277=VECTOR('',#1276,8.6);
#1278=LINE('',#1275,#1277);
#1279=EDGE_CURVE('',#1272,#1274,#1278,.T.);
#1280=ORIENTED_EDGE('',*,*,#1279,.F.);
#1281=CARTESIAN_POINT('',(220.999595695,750.443915115,10.1975));
#1282=VERTEX_POINT('',#1281);
#1283=CARTESIAN_POINT('',(211.226528736,750.443915115,10.1975));
#1284=DIRECTION('',(1.,-0.,0.));
#1285=VECTOR('',#1284,9.773066959);
#1286=LINE('',#1283,#1285);
#1287=EDGE_CURVE('',#1272,#1282,#1286,.T.);
#1288=ORIENTED_EDGE('',*,*,#1287,.T.);
#1289=CARTESIAN_POINT('',(220.999595695,750.443915115,1.5975));
#1290=VERTEX_POINT('',#1289);
#1291=CARTESIAN_POINT('',(220.999595695,750.443915115,10.1975));
#1292=DIRECTION('',(0.,-0.,-1.));
#1293=VECTOR('',#1292,8.6);
#1294=LINE('',#1291,#1293);
#1295=EDGE_CURVE('',#1282,#1290,#1294,.T.);
#1296=ORIENTED_EDGE('',*,*,#1295,.T.);
#1297=CARTESIAN_POINT('',(220.999595695,750.443915115,1.5975));
#1298=DIRECTION('',(-1.,0.,-0.));
#1299=VECTOR('',#1298,9.773066959);
#1300=LINE('',#1297,#1299);
#1301=EDGE_CURVE('',#1290,#1274,#1300,.T.);
#1302=ORIENTED_EDGE('',*,*,#1301,.T.);
#1303=EDGE_LOOP('',(#1280,#1288,#1296,#1302));
#1304=FACE_BOUND('',#1303,.T.);
#1305=ADVANCED_FACE('',(#1304),#1270,.F.);
#1306=CARTESIAN_POINT('',(170.326528736,725.943915115,0.8975));
#1307=DIRECTION('',(-0.,0.,1.));
#1308=DIRECTION('',(0.,1.,-0.));
#1309=AXIS2_PLACEMENT_3D('',#1306,#1307,#1308);
#1310=PLANE('',#1309);
#1311=CARTESIAN_POINT('',(210.526528736,760.216982074,0.8975));
#1312=VERTEX_POINT('',#1311);
#1313=CARTESIAN_POINT('',(210.526528736,749.743915115,0.8975));
#1314=VERTEX_POINT('',#1313);
#1315=CARTESIAN_POINT('',(210.526528736,760.216982074,0.8975));
#1316=DIRECTION('',(-0.,-1.,-0.));
#1317=VECTOR('',#1316,10.473066959);
#1318=LINE('',#1315,#1317);
#1319=EDGE_CURVE('',#1312,#1314,#1318,.T.);
#1320=ORIENTED_EDGE('',*,*,#1319,.T.);
#1321=CARTESIAN_POINT('',(220.999595695,749.743915115,0.8975));
#1322=VERTEX_POINT('',#1321);
#1323=CARTESIAN_POINT('',(210.526528736,749.743915115,0.8975));
#1324=DIRECTION('',(1.,-0.,0.));
#1325=VECTOR('',#1324,10.473066959);
#1326=LINE('',#1323,#1325);
#1327=EDGE_CURVE('',#1314,#1322,#1326,.T.);
#1328=ORIENTED_EDGE('',*,*,#1327,.T.);
#1329=CARTESIAN_POINT('',(220.999595695,740.443915115,0.8975));
#1330=VERTEX_POINT('',#1329);
#1331=CARTESIAN_POINT('',(220.999595695,749.743915115,0.8975));
#1332=DIRECTION('',(-0.,-1.,0.));
#1333=VECTOR('',#1332,9.3);
#1334=LINE('',#1331,#1333);
#1335=EDGE_CURVE('',#1322,#1330,#1334,.T.);
#1336=ORIENTED_EDGE('',*,*,#1335,.T.);
#1337=CARTESIAN_POINT('',(206.890095581,740.443915115,0.8975));
#1338=VERTEX_POINT('',#1337);
#1339=CARTESIAN_POINT('',(220.999595695,740.443915115,0.8975));
#1340=DIRECTION('',(-1.,0.,-0.));
#1341=VECTOR('',#1340,14.109500114);
#1342=LINE('',#1339,#1341);
#1343=EDGE_CURVE('',#1330,#1338,#1342,.T.);
#1344=ORIENTED_EDGE('',*,*,#1343,.T.);
#1345=CARTESIAN_POINT('',(206.890095581,711.443915115,0.8975));
#1346=VERTEX_POINT('',#1345);
#1347=CARTESIAN_POINT('',(206.890095581,740.443915115,0.8975));
#1348=DIRECTION('',(-0.,-1.,0.));
#1349=VECTOR('',#1348,29.);
#1350=LINE('',#1347,#1349);
#1351=EDGE_CURVE('',#1338,#1346,#1350,.T.);
#1352=ORIENTED_EDGE('',*,*,#1351,.T.);
#1353=CARTESIAN_POINT('',(220.999595695,711.443915115,0.8975));
#1354=VERTEX_POINT('',#1353);
#1355=CARTESIAN_POINT('',(206.890095581,711.443915115,0.8975));
#1356=DIRECTION('',(1.,-0.,0.));
#1357=VECTOR('',#1356,14.109500114);
#1358=LINE('',#1355,#1357);
#1359=EDGE_CURVE('',#1346,#1354,#1358,.T.);
#1360=ORIENTED_EDGE('',*,*,#1359,.T.);
#1361=CARTESIAN_POINT('',(220.999595695,702.143915115,0.8975));
#1362=VERTEX_POINT('',#1361);
#1363=CARTESIAN_POINT('',(220.999595695,711.443915115,0.8975));
#1364=DIRECTION('',(-0.,-1.,0.));
#1365=VECTOR('',#1364,9.3);
#1366=LINE('',#1363,#1365);
#1367=EDGE_CURVE('',#1354,#1362,#1366,.T.);
#1368=ORIENTED_EDGE('',*,*,#1367,.T.);
#1369=CARTESIAN_POINT('',(210.526528736,702.143915115,0.8975));
#1370=VERTEX_POINT('',#1369);
#1371=CARTESIAN_POINT('',(220.999595695,702.143915115,0.8975));
#1372=DIRECTION('',(-1.,0.,-0.));
#1373=VECTOR('',#1372,10.473066959);
#1374=LINE('',#1371,#1373);
#1375=EDGE_CURVE('',#1362,#1370,#1374,.T.);
#1376=ORIENTED_EDGE('',*,*,#1375,.T.);
#1377=CARTESIAN_POINT('',(210.526528736,691.670848156,0.8975));
#1378=VERTEX_POINT('',#1377);
#1379=CARTESIAN_POINT('',(210.526528736,702.143915115,0.8975));
#1380=DIRECTION('',(-0.,-1.,0.));
#1381=VECTOR('',#1380,10.473066959);
#1382=LINE('',#1379,#1381);
#1383=EDGE_CURVE('',#1370,#1378,#1382,.T.);
#1384=ORIENTED_EDGE('',*,*,#1383,.T.);
#1385=CARTESIAN_POINT('',(201.226528736,691.670848156,0.8975));
#1386=VERTEX_POINT('',#1385);
#1387=CARTESIAN_POINT('',(210.526528736,691.670848156,0.8975));
#1388=DIRECTION('',(-1.,0.,-0.));
#1389=VECTOR('',#1388,9.3);
#1390=LINE('',#1387,#1389);
#1391=EDGE_CURVE('',#1378,#1386,#1390,.T.);
#1392=ORIENTED_EDGE('',*,*,#1391,.T.);
#1393=CARTESIAN_POINT('',(201.226528736,705.78034827,0.8975));
#1394=VERTEX_POINT('',#1393);
#1395=CARTESIAN_POINT('',(201.226528736,691.670848156,0.8975));
#1396=DIRECTION('',(0.,1.,-0.));
#1397=VECTOR('',#1396,14.109500114);
#1398=LINE('',#1395,#1397);
#1399=EDGE_CURVE('',#1386,#1394,#1398,.T.);
#1400=ORIENTED_EDGE('',*,*,#1399,.T.);
#1401=CARTESIAN_POINT('',(172.226528736,705.78034827,0.8975));
#1402=VERTEX_POINT('',#1401);
#1403=CARTESIAN_POINT('',(201.226528736,705.78034827,0.8975));
#1404=DIRECTION('',(-1.,0.,-0.));
#1405=VECTOR('',#1404,29.);
#1406=LINE('',#1403,#1405);
#1407=EDGE_CURVE('',#1394,#1402,#1406,.T.);
#1408=ORIENTED_EDGE('',*,*,#1407,.T.);
#1409=CARTESIAN_POINT('',(172.226528736,691.670848156,0.8975));
#1410=VERTEX_POINT('',#1409);
#1411=CARTESIAN_POINT('',(172.226528736,705.78034827,0.8975));
#1412=DIRECTION('',(-0.,-1.,0.));
#1413=VECTOR('',#1412,14.109500114);
#1414=LINE('',#1411,#1413);
#1415=EDGE_CURVE('',#1402,#1410,#1414,.T.);
#1416=ORIENTED_EDGE('',*,*,#1415,.T.);
#1417=CARTESIAN_POINT('',(162.926528736,691.670848156,0.8975));
#1418=VERTEX_POINT('',#1417);
#1419=CARTESIAN_POINT('',(172.226528736,691.670848156,0.8975));
#1420=DIRECTION('',(-1.,0.,-0.));
#1421=VECTOR('',#1420,9.3);
#1422=LINE('',#1419,#1421);
#1423=EDGE_CURVE('',#1410,#1418,#1422,.T.);
#1424=ORIENTED_EDGE('',*,*,#1423,.T.);
#1425=CARTESIAN_POINT('',(162.926528736,702.143915115,0.8975));
#1426=VERTEX_POINT('',#1425);
#1427=CARTESIAN_POINT('',(162.926528736,691.670848156,0.8975));
#1428=DIRECTION('',(0.,1.,-0.));
#1429=VECTOR('',#1428,10.473066959);
#1430=LINE('',#1427,#1429);
#1431=EDGE_CURVE('',#1418,#1426,#1430,.T.);
#1432=ORIENTED_EDGE('',*,*,#1431,.T.);
#1433=CARTESIAN_POINT('',(152.453461777,702.143915115,0.8975));
#1434=VERTEX_POINT('',#1433);
#1435=CARTESIAN_POINT('',(162.926528736,702.143915115,0.8975));
#1436=DIRECTION('',(-1.,0.,-0.));
#1437=VECTOR('',#1436,10.473066959);
#1438=LINE('',#1435,#1437);
#1439=EDGE_CURVE('',#1426,#1434,#1438,.T.);
#1440=ORIENTED_EDGE('',*,*,#1439,.T.);
#1441=CARTESIAN_POINT('',(152.453461777,711.443915115,0.8975));
#1442=VERTEX_POINT('',#1441);
#1443=CARTESIAN_POINT('',(152.453461777,702.143915115,0.8975));
#1444=DIRECTION('',(0.,1.,-0.));
#1445=VECTOR('',#1444,9.3);
#1446=LINE('',#1443,#1445);
#1447=EDGE_CURVE('',#1434,#1442,#1446,.T.);
#1448=ORIENTED_EDGE('',*,*,#1447,.T.);
#1449=CARTESIAN_POINT('',(165.862961891,711.443915115,0.8975));
#1450=VERTEX_POINT('',#1449);
#1451=CARTESIAN_POINT('',(152.453461777,711.443915115,0.8975));
#1452=DIRECTION('',(1.,-0.,0.));
#1453=VECTOR('',#1452,13.409500114);
#1454=LINE('',#1451,#1453);
#1455=EDGE_CURVE('',#1442,#1450,#1454,.T.);
#1456=ORIENTED_EDGE('',*,*,#1455,.T.);
#1457=CARTESIAN_POINT('',(165.862961891,740.443915115,0.8975));
#1458=VERTEX_POINT('',#1457);
#1459=CARTESIAN_POINT('',(165.862961891,711.443915115,0.8975));
#1460=DIRECTION('',(0.,1.,-0.));
#1461=VECTOR('',#1460,29.);
#1462=LINE('',#1459,#1461);
#1463=EDGE_CURVE('',#1450,#1458,#1462,.T.);
#1464=ORIENTED_EDGE('',*,*,#1463,.T.);
#1465=CARTESIAN_POINT('',(152.453461777,740.443915115,0.8975));
#1466=VERTEX_POINT('',#1465);
#1467=CARTESIAN_POINT('',(165.862961891,740.443915115,0.8975));
#1468=DIRECTION('',(-1.,0.,-0.));
#1469=VECTOR('',#1468,13.409500114);
#1470=LINE('',#1467,#1469);
#1471=EDGE_CURVE('',#1458,#1466,#1470,.T.);
#1472=ORIENTED_EDGE('',*,*,#1471,.T.);
#1473=CARTESIAN_POINT('',(152.453461777,749.743915115,0.8975));
#1474=VERTEX_POINT('',#1473);
#1475=CARTESIAN_POINT('',(152.453461777,740.443915115,0.8975));
#1476=DIRECTION('',(0.,1.,-0.));
#1477=VECTOR('',#1476,9.3);
#1478=LINE('',#1475,#1477);
#1479=EDGE_CURVE('',#1466,#1474,#1478,.T.);
#1480=ORIENTED_EDGE('',*,*,#1479,.T.);
#1481=CARTESIAN_POINT('',(162.926528736,749.743915115,0.8975));
#1482=VERTEX_POINT('',#1481);
#1483=CARTESIAN_POINT('',(152.453461777,749.743915115,0.8975));
#1484=DIRECTION('',(1.,-0.,0.));
#1485=VECTOR('',#1484,10.473066959);
#1486=LINE('',#1483,#1485);
#1487=EDGE_CURVE('',#1474,#1482,#1486,.T.);
#1488=ORIENTED_EDGE('',*,*,#1487,.T.);
#1489=CARTESIAN_POINT('',(162.926528736,760.216982074,0.8975));
#1490=VERTEX_POINT('',#1489);
#1491=CARTESIAN_POINT('',(162.926528736,749.743915115,0.8975));
#1492=DIRECTION('',(0.,1.,0.));
#1493=VECTOR('',#1492,10.473066959);
#1494=LINE('',#1491,#1493);
#1495=EDGE_CURVE('',#1482,#1490,#1494,.T.);
#1496=ORIENTED_EDGE('',*,*,#1495,.T.);
#1497=CARTESIAN_POINT('',(172.226528736,760.216982074,0.8975));
#1498=VERTEX_POINT('',#1497);
#1499=CARTESIAN_POINT('',(162.926528736,760.216982074,0.8975));
#1500=DIRECTION('',(1.,-0.,-0.));
#1501=VECTOR('',#1500,9.3);
#1502=LINE('',#1499,#1501);
#1503=EDGE_CURVE('',#1490,#1498,#1502,.T.);
#1504=ORIENTED_EDGE('',*,*,#1503,.T.);
#1505=CARTESIAN_POINT('',(172.226528736,746.80748196,0.8975));
#1506=VERTEX_POINT('',#1505);
#1507=CARTESIAN_POINT('',(172.226528736,760.216982074,0.8975));
#1508=DIRECTION('',(-0.,-1.,-0.));
#1509=VECTOR('',#1508,13.409500114);
#1510=LINE('',#1507,#1509);
#1511=EDGE_CURVE('',#1498,#1506,#1510,.T.);
#1512=ORIENTED_EDGE('',*,*,#1511,.T.);
#1513=CARTESIAN_POINT('',(201.226528736,746.80748196,0.8975));
#1514=VERTEX_POINT('',#1513);
#1515=CARTESIAN_POINT('',(172.226528736,746.80748196,0.8975));
#1516=DIRECTION('',(1.,-0.,0.));
#1517=VECTOR('',#1516,29.);
#1518=LINE('',#1515,#1517);
#1519=EDGE_CURVE('',#1506,#1514,#1518,.T.);
#1520=ORIENTED_EDGE('',*,*,#1519,.T.);
#1521=CARTESIAN_POINT('',(201.226528736,760.216982074,0.8975));
#1522=VERTEX_POINT('',#1521);
#1523=CARTESIAN_POINT('',(201.226528736,746.80748196,0.8975));
#1524=DIRECTION('',(0.,1.,0.));
#1525=VECTOR('',#1524,13.409500114);
#1526=LINE('',#1523,#1525);
#1527=EDGE_CURVE('',#1514,#1522,#1526,.T.);
#1528=ORIENTED_EDGE('',*,*,#1527,.T.);
#1529=CARTESIAN_POINT('',(201.226528736,760.216982074,0.8975));
#1530=DIRECTION('',(1.,-0.,-0.));
#1531=VECTOR('',#1530,9.3);
#1532=LINE('',#1529,#1531);
#1533=EDGE_CURVE('',#1522,#1312,#1532,.T.);
#1534=ORIENTED_EDGE('',*,*,#1533,.T.);
#1535=EDGE_LOOP('',(#1320,#1328,#1336,#1344,#1352,#1360,#1368,#1376,#1384,#1392,#1400,#1408,#1416,#1424,#1432,#1440,#1448,#1456,#1464,#1472,#1480,#1488,#1496,#1504,#1512,#1520,
#1528,#1534));
#1536=FACE_BOUND('',#1535,.T.);
#1537=ADVANCED_FACE('',(#1536),#1310,.F.);
#1538=OVER_RIDING_STYLED_ITEM('',(#222),#1537,#54);
#1539=CARTESIAN_POINT('',(198.010906122,725.943915124,10.8975));
#1540=DIRECTION('',(-0.,0.,1.));
#1541=DIRECTION('',(0.,-1.,0.));
#1542=AXIS2_PLACEMENT_3D('',#1539,#1540,#1541);
#1543=PLANE('',#1542);
#1544=CARTESIAN_POINT('',(220.999595695,749.743915115,10.8975));
#1545=VERTEX_POINT('',#1544);
#1546=CARTESIAN_POINT('',(210.526528736,749.743915115,10.8975));
#1547=VERTEX_POINT('',#1546);
#1548=CARTESIAN_POINT('',(220.999595695,749.743915115,10.8975));
#1549=DIRECTION('',(-1.,0.,-0.));
#1550=VECTOR('',#1549,10.473066959);
#1551=LINE('',#1548,#1550);
#1552=EDGE_CURVE('',#1545,#1547,#1551,.T.);
#1553=ORIENTED_EDGE('',*,*,#1552,.T.);
#1554=CARTESIAN_POINT('',(210.526528736,760.216982074,10.8975));
#1555=VERTEX_POINT('',#1554);
#1556=CARTESIAN_POINT('',(210.526528736,749.743915115,10.8975));
#1557=DIRECTION('',(0.,1.,0.));
#1558=VECTOR('',#1557,10.473066959);
#1559=LINE('',#1556,#1558);
#1560=EDGE_CURVE('',#1547,#1555,#1559,.T.);
#1561=ORIENTED_EDGE('',*,*,#1560,.T.);
#1562=CARTESIAN_POINT('',(201.226528736,760.216982074,10.8975));
#1563=VERTEX_POINT('',#1562);
#1564=CARTESIAN_POINT('',(210.526528736,760.216982074,10.8975));
#1565=DIRECTION('',(-1.,0.,0.));
#1566=VECTOR('',#1565,9.3);
#1567=LINE('',#1564,#1566);
#1568=EDGE_CURVE('',#1555,#1563,#1567,.T.);
#1569=ORIENTED_EDGE('',*,*,#1568,.T.);
#1570=CARTESIAN_POINT('',(201.226528736,758.116969933,10.8975));
#1571=VERTEX_POINT('',#1570);
#1572=CARTESIAN_POINT('',(201.226528736,760.216982074,10.8975));
#1573=DIRECTION('',(-0.,-1.,-0.));
#1574=VECTOR('',#1573,2.100012141);
#1575=LINE('',#1572,#1574);
#1576=EDGE_CURVE('',#1563,#1571,#1575,.T.);
#1577=ORIENTED_EDGE('',*,*,#1576,.T.);
#1578=CARTESIAN_POINT('',(208.926528736,758.116969933,10.8975));
#1579=VERTEX_POINT('',#1578);
#1580=CARTESIAN_POINT('',(201.226528736,758.116969933,10.8975));
#1581=DIRECTION('',(1.,-0.,0.));
#1582=VECTOR('',#1581,7.7);
#1583=LINE('',#1580,#1582);
#1584=EDGE_CURVE('',#1571,#1579,#1583,.T.);
#1585=ORIENTED_EDGE('',*,*,#1584,.T.);
#1586=CARTESIAN_POINT('',(208.926528736,751.316969933,10.8975));
#1587=VERTEX_POINT('',#1586);
#1588=CARTESIAN_POINT('',(208.926528736,758.116969933,10.8975));
#1589=DIRECTION('',(-0.,-1.,-0.));
#1590=VECTOR('',#1589,6.8);
#1591=LINE('',#1588,#1590);
#1592=EDGE_CURVE('',#1579,#1587,#1591,.T.);
#1593=ORIENTED_EDGE('',*,*,#1592,.T.);
#1594=CARTESIAN_POINT('',(201.226528736,751.316969933,10.8975));
#1595=VERTEX_POINT('',#1594);
#1596=CARTESIAN_POINT('',(208.926528736,751.316969933,10.8975));
#1597=DIRECTION('',(-1.,0.,0.));
#1598=VECTOR('',#1597,7.7);
#1599=LINE('',#1596,#1598);
#1600=EDGE_CURVE('',#1587,#1595,#1599,.T.);
#1601=ORIENTED_EDGE('',*,*,#1600,.T.);
#1602=CARTESIAN_POINT('',(201.226528736,743.902165266,10.8975));
#1603=VERTEX_POINT('',#1602);
#1604=CARTESIAN_POINT('',(201.226528736,751.316969933,10.8975));
#1605=DIRECTION('',(-0.,-1.,-0.));
#1606=VECTOR('',#1605,7.414804668);
#1607=LINE('',#1604,#1606);
#1608=EDGE_CURVE('',#1595,#1603,#1607,.T.);
#1609=ORIENTED_EDGE('',*,*,#1608,.T.);
#1610=CARTESIAN_POINT('',(201.226528736,743.902165266,10.8975));
#1611=DIRECTION('',(-1.,0.,0.));
#1612=VECTOR('',#1611,4.5);
#1613=LINE('',#1610,#1612);
#1614=EDGE_CURVE('',#1603,#984,#1613,.T.);
#1615=ORIENTED_EDGE('',*,*,#1614,.T.);
#1616=ORIENTED_EDGE('',*,*,#989,.T.);
#1617=CARTESIAN_POINT('',(196.525518609,715.943915115,10.8975));
#1618=DIRECTION('',(0.707106781,0.707106781,0.));
#1619=VECTOR('',#1618,0.284271247);
#1620=LINE('',#1617,#1619);
#1621=EDGE_CURVE('',#1083,#975,#1620,.T.);
#1622=ORIENTED_EDGE('',*,*,#1621,.F.);
#1623=ORIENTED_EDGE('',*,*,#1194,.T.);
#1624=CARTESIAN_POINT('',(168.768278585,711.443915115,10.8975));
#1625=VERTEX_POINT('',#1624);
#1626=CARTESIAN_POINT('',(168.768278585,715.943915115,10.8975));
#1627=DIRECTION('',(-0.,-1.,0.));
#1628=VECTOR('',#1627,4.5);
#1629=LINE('',#1626,#1628);
#1630=EDGE_CURVE('',#1110,#1625,#1629,.T.);
#1631=ORIENTED_EDGE('',*,*,#1630,.T.);
#1632=CARTESIAN_POINT('',(161.353473917,711.443915115,10.8975));
#1633=VERTEX_POINT('',#1632);
#1634=CARTESIAN_POINT('',(168.768278585,711.443915115,10.8975));
#1635=DIRECTION('',(-1.,0.,-0.));
#1636=VECTOR('',#1635,7.414804668);
#1637=LINE('',#1634,#1636);
#1638=EDGE_CURVE('',#1625,#1633,#1637,.T.);
#1639=ORIENTED_EDGE('',*,*,#1638,.T.);
#1640=CARTESIAN_POINT('',(161.353473917,703.743915115,10.8975));
#1641=VERTEX_POINT('',#1640);
#1642=CARTESIAN_POINT('',(161.353473917,711.443915115,10.8975));
#1643=DIRECTION('',(-0.,-1.,0.));
#1644=VECTOR('',#1643,7.7);
#1645=LINE('',#1642,#1644);
#1646=EDGE_CURVE('',#1633,#1641,#1645,.T.);
#1647=ORIENTED_EDGE('',*,*,#1646,.T.);
#1648=CARTESIAN_POINT('',(154.553473917,703.743915115,10.8975));
#1649=VERTEX_POINT('',#1648);
#1650=CARTESIAN_POINT('',(161.353473917,703.743915115,10.8975));
#1651=DIRECTION('',(-1.,0.,-0.));
#1652=VECTOR('',#1651,6.8);
#1653=LINE('',#1650,#1652);
#1654=EDGE_CURVE('',#1641,#1649,#1653,.T.);
#1655=ORIENTED_EDGE('',*,*,#1654,.T.);
#1656=CARTESIAN_POINT('',(154.553473917,711.443915115,10.8975));
#1657=VERTEX_POINT('',#1656);
#1658=CARTESIAN_POINT('',(154.553473917,703.743915115,10.8975));
#1659=DIRECTION('',(0.,1.,-0.));
#1660=VECTOR('',#1659,7.7);
#1661=LINE('',#1658,#1660);
#1662=EDGE_CURVE('',#1649,#1657,#1661,.T.);
#1663=ORIENTED_EDGE('',*,*,#1662,.T.);
#1664=CARTESIAN_POINT('',(152.453461777,711.443915115,10.8975));
#1665=VERTEX_POINT('',#1664);
#1666=CARTESIAN_POINT('',(154.553473917,711.443915115,10.8975));
#1667=DIRECTION('',(-1.,0.,-0.));
#1668=VECTOR('',#1667,2.100012141);
#1669=LINE('',#1666,#1668);
#1670=EDGE_CURVE('',#1657,#1665,#1669,.T.);
#1671=ORIENTED_EDGE('',*,*,#1670,.T.);
#1672=CARTESIAN_POINT('',(152.453461777,702.143915115,10.8975));
#1673=VERTEX_POINT('',#1672);
#1674=CARTESIAN_POINT('',(152.453461777,711.443915115,10.8975));
#1675=DIRECTION('',(-0.,-1.,0.));
#1676=VECTOR('',#1675,9.3);
#1677=LINE('',#1674,#1676);
#1678=EDGE_CURVE('',#1665,#1673,#1677,.T.);
#1679=ORIENTED_EDGE('',*,*,#1678,.T.);
#1680=CARTESIAN_POINT('',(162.926528736,702.143915115,10.8975));
#1681=VERTEX_POINT('',#1680);
#1682=CARTESIAN_POINT('',(152.453461777,702.143915115,10.8975));
#1683=DIRECTION('',(1.,-0.,0.));
#1684=VECTOR('',#1683,10.473066959);
#1685=LINE('',#1682,#1684);
#1686=EDGE_CURVE('',#1673,#1681,#1685,.T.);
#1687=ORIENTED_EDGE('',*,*,#1686,.T.);
#1688=CARTESIAN_POINT('',(162.926528736,691.670848156,10.8975));
#1689=VERTEX_POINT('',#1688);
#1690=CARTESIAN_POINT('',(162.926528736,702.143915115,10.8975));
#1691=DIRECTION('',(-0.,-1.,0.));
#1692=VECTOR('',#1691,10.473066959);
#1693=LINE('',#1690,#1692);
#1694=EDGE_CURVE('',#1681,#1689,#1693,.T.);
#1695=ORIENTED_EDGE('',*,*,#1694,.T.);
#1696=CARTESIAN_POINT('',(172.226528736,691.670848156,10.8975));
#1697=VERTEX_POINT('',#1696);
#1698=CARTESIAN_POINT('',(162.926528736,691.670848156,10.8975));
#1699=DIRECTION('',(1.,-0.,0.));
#1700=VECTOR('',#1699,9.3);
#1701=LINE('',#1698,#1700);
#1702=EDGE_CURVE('',#1689,#1697,#1701,.T.);
#1703=ORIENTED_EDGE('',*,*,#1702,.T.);
#1704=CARTESIAN_POINT('',(172.226528736,705.78034827,10.8975));
#1705=VERTEX_POINT('',#1704);
#1706=CARTESIAN_POINT('',(172.226528736,691.670848156,10.8975));
#1707=DIRECTION('',(0.,1.,-0.));
#1708=VECTOR('',#1707,14.109500114);
#1709=LINE('',#1706,#1708);
#1710=EDGE_CURVE('',#1697,#1705,#1709,.T.);
#1711=ORIENTED_EDGE('',*,*,#1710,.T.);
#1712=CARTESIAN_POINT('',(201.226528736,705.78034827,10.8975));
#1713=VERTEX_POINT('',#1712);
#1714=CARTESIAN_POINT('',(172.226528736,705.78034827,10.8975));
#1715=DIRECTION('',(1.,-0.,0.));
#1716=VECTOR('',#1715,29.);
#1717=LINE('',#1714,#1716);
#1718=EDGE_CURVE('',#1705,#1713,#1717,.T.);
#1719=ORIENTED_EDGE('',*,*,#1718,.T.);
#1720=CARTESIAN_POINT('',(201.226528736,691.670848156,10.8975));
#1721=VERTEX_POINT('',#1720);
#1722=CARTESIAN_POINT('',(201.226528736,705.78034827,10.8975));
#1723=DIRECTION('',(-0.,-1.,0.));
#1724=VECTOR('',#1723,14.109500114);
#1725=LINE('',#1722,#1724);
#1726=EDGE_CURVE('',#1713,#1721,#1725,.T.);
#1727=ORIENTED_EDGE('',*,*,#1726,.T.);
#1728=CARTESIAN_POINT('',(210.526528736,691.670848156,10.8975));
#1729=VERTEX_POINT('',#1728);
#1730=CARTESIAN_POINT('',(201.226528736,691.670848156,10.8975));
#1731=DIRECTION('',(1.,-0.,0.));
#1732=VECTOR('',#1731,9.3);
#1733=LINE('',#1730,#1732);
#1734=EDGE_CURVE('',#1721,#1729,#1733,.T.);
#1735=ORIENTED_EDGE('',*,*,#1734,.T.);
#1736=CARTESIAN_POINT('',(210.526528736,702.143915115,10.8975));
#1737=VERTEX_POINT('',#1736);
#1738=CARTESIAN_POINT('',(210.526528736,691.670848156,10.8975));
#1739=DIRECTION('',(0.,1.,-0.));
#1740=VECTOR('',#1739,10.473066959);
#1741=LINE('',#1738,#1740);
#1742=EDGE_CURVE('',#1729,#1737,#1741,.T.);
#1743=ORIENTED_EDGE('',*,*,#1742,.T.);
#1744=CARTESIAN_POINT('',(220.999595695,702.143915115,10.8975));
#1745=VERTEX_POINT('',#1744);
#1746=CARTESIAN_POINT('',(210.526528736,702.143915115,10.8975));
#1747=DIRECTION('',(1.,-0.,0.));
#1748=VECTOR('',#1747,10.473066959);
#1749=LINE('',#1746,#1748);
#1750=EDGE_CURVE('',#1737,#1745,#1749,.T.);
#1751=ORIENTED_EDGE('',*,*,#1750,.T.);
#1752=CARTESIAN_POINT('',(220.999595695,711.443915115,10.8975));
#1753=VERTEX_POINT('',#1752);
#1754=CARTESIAN_POINT('',(220.999595695,702.143915115,10.8975));
#1755=DIRECTION('',(0.,1.,-0.));
#1756=VECTOR('',#1755,9.3);
#1757=LINE('',#1754,#1756);
#1758=EDGE_CURVE('',#1745,#1753,#1757,.T.);
#1759=ORIENTED_EDGE('',*,*,#1758,.T.);
#1760=CARTESIAN_POINT('',(206.890095581,711.443915115,10.8975));
#1761=VERTEX_POINT('',#1760);
#1762=CARTESIAN_POINT('',(220.999595695,711.443915115,10.8975));
#1763=DIRECTION('',(-1.,0.,-0.));
#1764=VECTOR('',#1763,14.109500114);
#1765=LINE('',#1762,#1764);
#1766=EDGE_CURVE('',#1753,#1761,#1765,.T.);
#1767=ORIENTED_EDGE('',*,*,#1766,.T.);
#1768=CARTESIAN_POINT('',(206.890095581,740.443915115,10.8975));
#1769=VERTEX_POINT('',#1768);
#1770=CARTESIAN_POINT('',(206.890095581,711.443915115,10.8975));
#1771=DIRECTION('',(0.,1.,-0.));
#1772=VECTOR('',#1771,29.);
#1773=LINE('',#1770,#1772);
#1774=EDGE_CURVE('',#1761,#1769,#1773,.T.);
#1775=ORIENTED_EDGE('',*,*,#1774,.T.);
#1776=CARTESIAN_POINT('',(220.999595695,740.443915115,10.8975));
#1777=VERTEX_POINT('',#1776);
#1778=CARTESIAN_POINT('',(206.890095581,740.443915115,10.8975));
#1779=DIRECTION('',(1.,-0.,0.));
#1780=VECTOR('',#1779,14.109500114);
#1781=LINE('',#1778,#1780);
#1782=EDGE_CURVE('',#1769,#1777,#1781,.T.);
#1783=ORIENTED_EDGE('',*,*,#1782,.T.);
#1784=CARTESIAN_POINT('',(220.999595695,740.443915115,10.8975));
#1785=DIRECTION('',(0.,1.,-0.));
#1786=VECTOR('',#1785,9.3);
#1787=LINE('',#1784,#1786);
#1788=EDGE_CURVE('',#1777,#1545,#1787,.T.);
#1789=ORIENTED_EDGE('',*,*,#1788,.T.);
#1790=EDGE_LOOP('',(#1553,#1561,#1569,#1577,#1585,#1593,#1601,#1609,#1615,#1616,#1622,#1623,#1631,#1639,#1647,#1655,#1663,#1671,#1679,#1687,#1695,#1703,#1711,#1719,#1727,#1735,
#1743,#1751,#1759,#1767,#1775,#1783,#1789));
#1791=FACE_BOUND('',#1790,.T.);
#1792=ADVANCED_FACE('',(#1791),#1543,.T.);
#1793=CARTESIAN_POINT('',(221.699595695,725.943915115,10.8975));
#1794=DIRECTION('',(-1.,0.,-0.));
#1795=DIRECTION('',(0.,1.,-0.));
#1796=AXIS2_PLACEMENT_3D('',#1793,#1794,#1795);
#1797=PLANE('',#1796);
#1798=CARTESIAN_POINT('',(221.699595695,740.443915115,10.1975));
#1799=VERTEX_POINT('',#1798);
#1800=CARTESIAN_POINT('',(221.699595695,740.443915115,1.5975));
#1801=VERTEX_POINT('',#1800);
#1802=CARTESIAN_POINT('',(221.699595695,740.443915115,10.1975));
#1803=DIRECTION('',(0.,-0.,-1.));
#1804=VECTOR('',#1803,8.6);
#1805=LINE('',#1802,#1804);
#1806=EDGE_CURVE('',#1799,#1801,#1805,.T.);
#1807=ORIENTED_EDGE('',*,*,#1806,.T.);
#1808=CARTESIAN_POINT('',(221.699595695,749.743915115,1.5975));
#1809=VERTEX_POINT('',#1808);
#1810=CARTESIAN_POINT('',(221.699595695,740.443915115,1.5975));
#1811=DIRECTION('',(0.,1.,-0.));
#1812=VECTOR('',#1811,9.3);
#1813=LINE('',#1810,#1812);
#1814=EDGE_CURVE('',#1801,#1809,#1813,.T.);
#1815=ORIENTED_EDGE('',*,*,#1814,.T.);
#1816=CARTESIAN_POINT('',(221.699595695,749.743915115,10.1975));
#1817=VERTEX_POINT('',#1816);
#1818=CARTESIAN_POINT('',(221.699595695,749.743915115,1.5975));
#1819=DIRECTION('',(-0.,0.,1.));
#1820=VECTOR('',#1819,8.6);
#1821=LINE('',#1818,#1820);
#1822=EDGE_CURVE('',#1809,#1817,#1821,.T.);
#1823=ORIENTED_EDGE('',*,*,#1822,.T.);
#1824=CARTESIAN_POINT('',(221.699595695,749.743915115,10.1975));
#1825=DIRECTION('',(-0.,-1.,0.));
#1826=VECTOR('',#1825,9.3);
#1827=LINE('',#1824,#1826);
#1828=EDGE_CURVE('',#1817,#1799,#1827,.T.);
#1829=ORIENTED_EDGE('',*,*,#1828,.T.);
#1830=EDGE_LOOP('',(#1807,#1815,#1823,#1829));
#1831=FACE_BOUND('',#1830,.T.);
#1832=ADVANCED_FACE('',(#1831),#1797,.F.);
#1833=OVER_RIDING_STYLED_ITEM('',(#222),#1832,#54);
#1834=CARTESIAN_POINT('',(136.610628736,739.743915115,-111.2025));
#1835=DIRECTION('',(-0.,-1.,0.));
#1836=DIRECTION('',(1.,-0.,0.));
#1837=AXIS2_PLACEMENT_3D('',#1834,#1835,#1836);
#1838=PLANE('',#1837);
#1839=CARTESIAN_POINT('',(220.999595695,739.743915115,1.5975));
#1840=VERTEX_POINT('',#1839);
#1841=CARTESIAN_POINT('',(220.999595695,739.743915115,10.1975));
#1842=VERTEX_POINT('',#1841);
#1843=CARTESIAN_POINT('',(220.999595695,739.743915115,1.5975));
#1844=DIRECTION('',(-0.,0.,1.));
#1845=VECTOR('',#1844,8.6);
#1846=LINE('',#1843,#1845);
#1847=EDGE_CURVE('',#1840,#1842,#1846,.T.);
#1848=ORIENTED_EDGE('',*,*,#1847,.T.);
#1849=CARTESIAN_POINT('',(207.590095581,739.743915115,10.1975));
#1850=VERTEX_POINT('',#1849);
#1851=CARTESIAN_POINT('',(220.999595695,739.743915115,10.1975));
#1852=DIRECTION('',(-1.,0.,-0.));
#1853=VECTOR('',#1852,13.409500114);
#1854=LINE('',#1851,#1853);
#1855=EDGE_CURVE('',#1842,#1850,#1854,.T.);
#1856=ORIENTED_EDGE('',*,*,#1855,.T.);
#1857=CARTESIAN_POINT('',(207.590095581,739.743915115,1.5975));
#1858=VERTEX_POINT('',#1857);
#1859=CARTESIAN_POINT('',(207.590095581,739.743915115,10.1975));
#1860=DIRECTION('',(0.,-0.,-1.));
#1861=VECTOR('',#1860,8.6);
#1862=LINE('',#1859,#1861);
#1863=EDGE_CURVE('',#1850,#1858,#1862,.T.);
#1864=ORIENTED_EDGE('',*,*,#1863,.T.);
#1865=CARTESIAN_POINT('',(207.590095581,739.743915115,1.5975));
#1866=DIRECTION('',(1.,-0.,0.));
#1867=VECTOR('',#1866,13.409500114);
#1868=LINE('',#1865,#1867);
#1869=EDGE_CURVE('',#1858,#1840,#1868,.T.);
#1870=ORIENTED_EDGE('',*,*,#1869,.T.);
#1871=EDGE_LOOP('',(#1848,#1856,#1864,#1870));
#1872=FACE_BOUND('',#1871,.T.);
#1873=ADVANCED_FACE('',(#1872),#1838,.T.);
#1874=CARTESIAN_POINT('',(211.626023672,731.044420179,38.7975));
#1875=DIRECTION('',(-0.707106781,0.707106781,-0.));
#1876=DIRECTION('',(0.707106781,0.707106781,-0.));
#1877=AXIS2_PLACEMENT_3D('',#1874,#1875,#1876);
#1878=PLANE('',#1877);
#1879=ORIENTED_EDGE('',*,*,#981,.F.);
#1880=CARTESIAN_POINT('',(196.694549852,716.112946358,10.897353904));
#1881=CARTESIAN_POINT('',(196.648865732,716.067262238,10.896936479));
#1882=CARTESIAN_POINT('',(196.603181612,716.021578119,10.896936479));
#1883=CARTESIAN_POINT('',(196.557497493,715.975893999,10.897353904));
#1884=B_SPLINE_CURVE_WITH_KNOTS('',3,(#1880,#1881,#1882,#1883),.UNSPECIFIED.,.F.,.F.,(4,4),(0.,0.000193821),.UNSPECIFIED.);
#1885=EDGE_CURVE('',#966,#1085,#1884,.T.);
#1886=ORIENTED_EDGE('',*,*,#1885,.T.);
#1887=ORIENTED_EDGE('',*,*,#1091,.F.);
#1888=ORIENTED_EDGE('',*,*,#1621,.T.);
#1889=EDGE_LOOP('',(#1879,#1886,#1887,#1888));
#1890=FACE_BOUND('',#1889,.T.);
#1891=ADVANCED_FACE('',(#1890),#1878,.T.);
#1892=CARTESIAN_POINT('',(215.499583554,701.443915115,6.958931407));
#1893=DIRECTION('',(0.,1.,-0.));
#1894=DIRECTION('',(0.,-0.,-1.));
#1895=AXIS2_PLACEMENT_3D('',#1892,#1893,#1894);
#1896=PLANE('',#1895);
#1897=CARTESIAN_POINT('',(211.226528736,701.443915115,10.1975));
#1898=VERTEX_POINT('',#1897);
#1899=CARTESIAN_POINT('',(211.226528736,701.443915115,1.5975));
#1900=VERTEX_POINT('',#1899);
#1901=CARTESIAN_POINT('',(211.226528736,701.443915115,10.1975));
#1902=DIRECTION('',(0.,-0.,-1.));
#1903=VECTOR('',#1902,8.6);
#1904=LINE('',#1901,#1903);
#1905=EDGE_CURVE('',#1898,#1900,#1904,.T.);
#1906=ORIENTED_EDGE('',*,*,#1905,.T.);
#1907=CARTESIAN_POINT('',(220.999595695,701.443915115,1.5975));
#1908=VERTEX_POINT('',#1907);
#1909=CARTESIAN_POINT('',(211.226528736,701.443915115,1.5975));
#1910=DIRECTION('',(1.,-0.,0.));
#1911=VECTOR('',#1910,9.773066959);
#1912=LINE('',#1909,#1911);
#1913=EDGE_CURVE('',#1900,#1908,#1912,.T.);
#1914=ORIENTED_EDGE('',*,*,#1913,.T.);
#1915=CARTESIAN_POINT('',(220.999595695,701.443915115,10.1975));
#1916=VERTEX_POINT('',#1915);
#1917=CARTESIAN_POINT('',(220.999595695,701.443915115,1.5975));
#1918=DIRECTION('',(-0.,0.,1.));
#1919=VECTOR('',#1918,8.6);
#1920=LINE('',#1917,#1919);
#1921=EDGE_CURVE('',#1908,#1916,#1920,.T.);
#1922=ORIENTED_EDGE('',*,*,#1921,.T.);
#1923=CARTESIAN_POINT('',(220.999595695,701.443915115,10.1975));
#1924=DIRECTION('',(-1.,0.,-0.));
#1925=VECTOR('',#1924,9.773066959);
#1926=LINE('',#1923,#1925);
#1927=EDGE_CURVE('',#1916,#1898,#1926,.T.);
#1928=ORIENTED_EDGE('',*,*,#1927,.T.);
#1929=EDGE_LOOP('',(#1906,#1914,#1922,#1928));
#1930=FACE_BOUND('',#1929,.T.);
#1931=ADVANCED_FACE('',(#1930),#1896,.F.);
#1932=CARTESIAN_POINT('',(221.699595695,725.943915115,10.8975));
#1933=DIRECTION('',(-1.,0.,-0.));
#1934=DIRECTION('',(0.,1.,-0.));
#1935=AXIS2_PLACEMENT_3D('',#1932,#1933,#1934);
#1936=PLANE('',#1935);
#1937=CARTESIAN_POINT('',(221.699595695,702.143915115,1.5975));
#1938=VERTEX_POINT('',#1937);
#1939=CARTESIAN_POINT('',(221.699595695,711.443915115,1.5975));
#1940=VERTEX_POINT('',#1939);
#1941=CARTESIAN_POINT('',(221.699595695,702.143915115,1.5975));
#1942=DIRECTION('',(0.,1.,-0.));
#1943=VECTOR('',#1942,9.3);
#1944=LINE('',#1941,#1943);
#1945=EDGE_CURVE('',#1938,#1940,#1944,.T.);
#1946=ORIENTED_EDGE('',*,*,#1945,.T.);
#1947=CARTESIAN_POINT('',(221.699595695,711.443915115,10.1975));
#1948=VERTEX_POINT('',#1947);
#1949=CARTESIAN_POINT('',(221.699595695,711.443915115,1.5975));
#1950=DIRECTION('',(-0.,0.,1.));
#1951=VECTOR('',#1950,8.6);
#1952=LINE('',#1949,#1951);
#1953=EDGE_CURVE('',#1940,#1948,#1952,.T.);
#1954=ORIENTED_EDGE('',*,*,#1953,.T.);
#1955=CARTESIAN_POINT('',(221.699595695,702.143915115,10.1975));
#1956=VERTEX_POINT('',#1955);
#1957=CARTESIAN_POINT('',(221.699595695,711.443915115,10.1975));
#1958=DIRECTION('',(-0.,-1.,0.));
#1959=VECTOR('',#1958,9.3);
#1960=LINE('',#1957,#1959);
#1961=EDGE_CURVE('',#1948,#1956,#1960,.T.);
#1962=ORIENTED_EDGE('',*,*,#1961,.T.);
#1963=CARTESIAN_POINT('',(221.699595695,702.143915115,10.1975));
#1964=DIRECTION('',(0.,-0.,-1.));
#1965=VECTOR('',#1964,8.6);
#1966=LINE('',#1963,#1965);
#1967=EDGE_CURVE('',#1956,#1938,#1966,.T.);
#1968=ORIENTED_EDGE('',*,*,#1967,.T.);
#1969=EDGE_LOOP('',(#1946,#1954,#1962,#1968));
#1970=FACE_BOUND('',#1969,.T.);
#1971=ADVANCED_FACE('',(#1970),#1936,.F.);
#1972=OVER_RIDING_STYLED_ITEM('',(#222),#1971,#54);
#1973=CARTESIAN_POINT('',(136.610628736,712.143915115,-111.2025));
#1974=DIRECTION('',(-0.,-1.,0.));
#1975=DIRECTION('',(1.,-0.,0.));
#1976=AXIS2_PLACEMENT_3D('',#1973,#1974,#1975);
#1977=PLANE('',#1976);
#1978=CARTESIAN_POINT('',(207.590095581,712.143915115,10.1975));
#1979=VERTEX_POINT('',#1978);
#1980=CARTESIAN_POINT('',(207.590095581,712.143915115,1.5975));
#1981=VERTEX_POINT('',#1980);
#1982=CARTESIAN_POINT('',(207.590095581,712.143915115,10.1975));
#1983=DIRECTION('',(0.,-0.,-1.));
#1984=VECTOR('',#1983,8.6);
#1985=LINE('',#1982,#1984);
#1986=EDGE_CURVE('',#1979,#1981,#1985,.T.);
#1987=ORIENTED_EDGE('',*,*,#1986,.F.);
#1988=CARTESIAN_POINT('',(220.999595695,712.143915115,10.1975));
#1989=VERTEX_POINT('',#1988);
#1990=CARTESIAN_POINT('',(207.590095581,712.143915115,10.1975));
#1991=DIRECTION('',(1.,-0.,0.));
#1992=VECTOR('',#1991,13.409500114);
#1993=LINE('',#1990,#1992);
#1994=EDGE_CURVE('',#1979,#1989,#1993,.T.);
#1995=ORIENTED_EDGE('',*,*,#1994,.T.);
#1996=CARTESIAN_POINT('',(220.999595695,712.143915115,1.5975));
#1997=VERTEX_POINT('',#1996);
#1998=CARTESIAN_POINT('',(220.999595695,712.143915115,10.1975));
#1999=DIRECTION('',(0.,-0.,-1.));
#2000=VECTOR('',#1999,8.6);
#2001=LINE('',#1998,#2000);
#2002=EDGE_CURVE('',#1989,#1997,#2001,.T.);
#2003=ORIENTED_EDGE('',*,*,#2002,.T.);
#2004=CARTESIAN_POINT('',(220.999595695,712.143915115,1.5975));
#2005=DIRECTION('',(-1.,0.,-0.));
#2006=VECTOR('',#2005,13.409500114);
#2007=LINE('',#2004,#2006);
#2008=EDGE_CURVE('',#1997,#1981,#2007,.T.);
#2009=ORIENTED_EDGE('',*,*,#2008,.T.);
#2010=EDGE_LOOP('',(#1987,#1995,#2003,#2009));
#2011=FACE_BOUND('',#2010,.T.);
#2012=ADVANCED_FACE('',(#2011),#1977,.F.);
#2013=CARTESIAN_POINT('',(207.590095581,725.943915115,15.8975));
#2014=DIRECTION('',(1.,-0.,0.));
#2015=DIRECTION('',(-0.,-1.,0.));
#2016=AXIS2_PLACEMENT_3D('',#2013,#2014,#2015);
#2017=PLANE('',#2016);
#2018=ORIENTED_EDGE('',*,*,#1863,.F.);
#2019=CARTESIAN_POINT('',(207.590095581,739.743915115,10.1975));
#2020=DIRECTION('',(-0.,-1.,0.));
#2021=VECTOR('',#2020,27.6);
#2022=LINE('',#2019,#2021);
#2023=EDGE_CURVE('',#1850,#1979,#2022,.T.);
#2024=ORIENTED_EDGE('',*,*,#2023,.T.);
#2025=ORIENTED_EDGE('',*,*,#1986,.T.);
#2026=CARTESIAN_POINT('',(207.590095581,712.143915115,1.5975));
#2027=DIRECTION('',(0.,1.,-0.));
#2028=VECTOR('',#2027,27.6);
#2029=LINE('',#2026,#2028);
#2030=EDGE_CURVE('',#1981,#1858,#2029,.T.);
#2031=ORIENTED_EDGE('',*,*,#2030,.T.);
#2032=EDGE_LOOP('',(#2018,#2024,#2025,#2031));
#2033=FACE_BOUND('',#2032,.T.);
#2034=ADVANCED_FACE('',(#2033),#2017,.T.);
#2035=CARTESIAN_POINT('',(170.326528736,702.143915115,1.5975));
#2036=DIRECTION('',(-1.,0.,-0.));
#2037=DIRECTION('',(0.,1.,-0.));
#2038=AXIS2_PLACEMENT_3D('',#2035,#2036,#2037);
#2039=CYLINDRICAL_SURFACE('',#2038,0.7);
#2040=CARTESIAN_POINT('',(210.526528736,702.143915115,1.5975));
#2041=DIRECTION('',(-0.707106781,-0.707106781,0.));
#2042=DIRECTION('',(-0.707106781,0.707106781,-0.));
#2043=AXIS2_PLACEMENT_3D('',#2040,#2041,#2042);
#2044=ELLIPSE('',#2043,0.989949494,0.7);
#2045=EDGE_CURVE('',#1370,#1900,#2044,.T.);
#2046=ORIENTED_EDGE('',*,*,#2045,.F.);
#2047=ORIENTED_EDGE('',*,*,#1375,.F.);
#2048=CARTESIAN_POINT('',(220.999595695,702.143915115,1.5975));
#2049=DIRECTION('',(1.,0.,0.));
#2050=DIRECTION('',(-0.,0.,1.));
#2051=AXIS2_PLACEMENT_3D('',#2048,#2049,#2050);
#2052=CIRCLE('',#2051,0.7);
#2053=EDGE_CURVE('',#1908,#1362,#2052,.T.);
#2054=ORIENTED_EDGE('',*,*,#2053,.F.);
#2055=ORIENTED_EDGE('',*,*,#1913,.F.);
#2056=EDGE_LOOP('',(#2046,#2047,#2054,#2055));
#2057=FACE_BOUND('',#2056,.T.);
#2058=ADVANCED_FACE('',(#2057),#2039,.T.);
#2059=CARTESIAN_POINT('',(220.999595695,702.143915115,10.8975));
#2060=DIRECTION('',(0.,-0.,-1.));
#2061=DIRECTION('',(-0.,1.,-0.));
#2062=AXIS2_PLACEMENT_3D('',#2059,#2060,#2061);
#2063=CYLINDRICAL_SURFACE('',#2062,0.7);
#2064=CARTESIAN_POINT('',(220.999595695,702.143915115,10.1975));
#2065=DIRECTION('',(-0.,0.,1.));
#2066=DIRECTION('',(-1.,-0.,-0.));
#2067=AXIS2_PLACEMENT_3D('',#2064,#2065,#2066);
#2068=CIRCLE('',#2067,0.7);
#2069=EDGE_CURVE('',#1916,#1956,#2068,.T.);
#2070=ORIENTED_EDGE('',*,*,#2069,.F.);
#2071=ORIENTED_EDGE('',*,*,#1921,.F.);
#2072=CARTESIAN_POINT('',(220.999595695,702.143915115,1.5975));
#2073=DIRECTION('',(0.,-0.,-1.));
#2074=DIRECTION('',(1.,0.,0.));
#2075=AXIS2_PLACEMENT_3D('',#2072,#2073,#2074);
#2076=CIRCLE('',#2075,0.7);
#2077=EDGE_CURVE('',#1938,#1908,#2076,.T.);
#2078=ORIENTED_EDGE('',*,*,#2077,.F.);
#2079=ORIENTED_EDGE('',*,*,#1967,.F.);
#2080=EDGE_LOOP('',(#2070,#2071,#2078,#2079));
#2081=FACE_BOUND('',#2080,.T.);
#2082=ADVANCED_FACE('',(#2081),#2063,.T.);
#2083=CARTESIAN_POINT('',(198.010906122,702.143915115,10.1975));
#2084=DIRECTION('',(-1.,0.,-0.));
#2085=DIRECTION('',(0.,1.,-0.));
#2086=AXIS2_PLACEMENT_3D('',#2083,#2084,#2085);
#2087=CYLINDRICAL_SURFACE('',#2086,0.7);
#2088=CARTESIAN_POINT('',(210.526528736,702.143915115,10.1975));
#2089=DIRECTION('',(-0.707106781,-0.707106781,0.));
#2090=DIRECTION('',(-0.707106781,0.707106781,-0.));
#2091=AXIS2_PLACEMENT_3D('',#2088,#2089,#2090);
#2092=ELLIPSE('',#2091,0.989949494,0.7);
#2093=EDGE_CURVE('',#1898,#1737,#2092,.T.);
#2094=ORIENTED_EDGE('',*,*,#2093,.F.);
#2095=ORIENTED_EDGE('',*,*,#1927,.F.);
#2096=CARTESIAN_POINT('',(220.999595695,702.143915115,10.1975));
#2097=DIRECTION('',(1.,0.,0.));
#2098=DIRECTION('',(-0.,0.,1.));
#2099=AXIS2_PLACEMENT_3D('',#2096,#2097,#2098);
#2100=CIRCLE('',#2099,0.7);
#2101=EDGE_CURVE('',#1745,#1916,#2100,.T.);
#2102=ORIENTED_EDGE('',*,*,#2101,.F.);
#2103=ORIENTED_EDGE('',*,*,#1750,.F.);
#2104=EDGE_LOOP('',(#2094,#2095,#2102,#2103));
#2105=FACE_BOUND('',#2104,.T.);
#2106=ADVANCED_FACE('',(#2105),#2087,.T.);
#2107=CARTESIAN_POINT('',(220.999595695,702.143915115,1.5975));
#2108=DIRECTION('',(0.,-1.,0.));
#2109=DIRECTION('',(0.,-0.,-1.));
#2110=AXIS2_PLACEMENT_3D('',#2107,#2108,#2109);
#2111=SPHERICAL_SURFACE('',#2110,0.7);
#2112=ORIENTED_EDGE('',*,*,#2077,.T.);
#2113=ORIENTED_EDGE('',*,*,#2053,.T.);
#2114=CARTESIAN_POINT('',(220.999595695,702.143915115,1.5975));
#2115=DIRECTION('',(-0.,1.,-0.));
#2116=DIRECTION('',(-1.,-0.,-0.));
#2117=AXIS2_PLACEMENT_3D('',#2114,#2115,#2116);
#2118=CIRCLE('',#2117,0.7);
#2119=EDGE_CURVE('',#1938,#1362,#2118,.T.);
#2120=ORIENTED_EDGE('',*,*,#2119,.F.);
#2121=EDGE_LOOP('',(#2112,#2113,#2120));
#2122=FACE_BOUND('',#2121,.T.);
#2123=ADVANCED_FACE('',(#2122),#2111,.T.);
#2124=CARTESIAN_POINT('',(220.999595695,702.143915115,10.1975));
#2125=DIRECTION('',(0.,-1.,0.));
#2126=DIRECTION('',(0.,-0.,-1.));
#2127=AXIS2_PLACEMENT_3D('',#2124,#2125,#2126);
#2128=SPHERICAL_SURFACE('',#2127,0.7);
#2129=ORIENTED_EDGE('',*,*,#2101,.T.);
#2130=ORIENTED_EDGE('',*,*,#2069,.T.);
#2131=CARTESIAN_POINT('',(220.999595695,702.143915115,10.1975));
#2132=DIRECTION('',(-0.,1.,-0.));
#2133=DIRECTION('',(0.,-0.,-1.));
#2134=AXIS2_PLACEMENT_3D('',#2131,#2132,#2133);
#2135=CIRCLE('',#2134,0.7);
#2136=EDGE_CURVE('',#1745,#1956,#2135,.T.);
#2137=ORIENTED_EDGE('',*,*,#2136,.F.);
#2138=EDGE_LOOP('',(#2129,#2130,#2137));
#2139=FACE_BOUND('',#2138,.T.);
#2140=ADVANCED_FACE('',(#2139),#2128,.T.);
#2141=CARTESIAN_POINT('',(170.326528736,711.443915115,1.5975));
#2142=DIRECTION('',(1.,-0.,0.));
#2143=DIRECTION('',(-0.,-1.,0.));
#2144=AXIS2_PLACEMENT_3D('',#2141,#2142,#2143);
#2145=CYLINDRICAL_SURFACE('',#2144,0.7);
#2146=ORIENTED_EDGE('',*,*,#1359,.F.);
#2147=CARTESIAN_POINT('',(206.890095581,711.443915115,1.5975));
#2148=DIRECTION('',(0.707106781,-0.707106781,0.));
#2149=DIRECTION('',(0.707106781,0.707106781,0.));
#2150=AXIS2_PLACEMENT_3D('',#2147,#2148,#2149);
#2151=ELLIPSE('',#2150,0.989949494,0.7);
#2152=EDGE_CURVE('',#1346,#1981,#2151,.T.);
#2153=ORIENTED_EDGE('',*,*,#2152,.T.);
#2154=ORIENTED_EDGE('',*,*,#2008,.F.);
#2155=CARTESIAN_POINT('',(220.999595695,711.443915115,1.5975));
#2156=DIRECTION('',(1.,0.,0.));
#2157=DIRECTION('',(-0.,0.,1.));
#2158=AXIS2_PLACEMENT_3D('',#2155,#2156,#2157);
#2159=CIRCLE('',#2158,0.7);
#2160=EDGE_CURVE('',#1354,#1997,#2159,.T.);
#2161=ORIENTED_EDGE('',*,*,#2160,.F.);
#2162=EDGE_LOOP('',(#2146,#2153,#2154,#2161));
#2163=FACE_BOUND('',#2162,.T.);
#2164=ADVANCED_FACE('',(#2163),#2145,.T.);
#2165=CARTESIAN_POINT('',(220.999595695,725.943915115,1.5975));
#2166=DIRECTION('',(0.,1.,-0.));
#2167=DIRECTION('',(1.,-0.,0.));
#2168=AXIS2_PLACEMENT_3D('',#2165,#2166,#2167);
#2169=CYLINDRICAL_SURFACE('',#2168,0.7);
#2170=ORIENTED_EDGE('',*,*,#2119,.T.);
#2171=ORIENTED_EDGE('',*,*,#1367,.F.);
#2172=CARTESIAN_POINT('',(220.999595695,711.443915115,1.5975));
#2173=DIRECTION('',(-0.,1.,-0.));
#2174=DIRECTION('',(-0.,0.,1.));
#2175=AXIS2_PLACEMENT_3D('',#2172,#2173,#2174);
#2176=CIRCLE('',#2175,0.7);
#2177=EDGE_CURVE('',#1940,#1354,#2176,.T.);
#2178=ORIENTED_EDGE('',*,*,#2177,.F.);
#2179=ORIENTED_EDGE('',*,*,#1945,.F.);
#2180=EDGE_LOOP('',(#2170,#2171,#2178,#2179));
#2181=FACE_BOUND('',#2180,.T.);
#2182=ADVANCED_FACE('',(#2181),#2169,.T.);
#2183=CARTESIAN_POINT('',(220.999595695,725.943915124,10.1975));
#2184=DIRECTION('',(-0.,-1.,0.));
#2185=DIRECTION('',(-1.,0.,-0.));
#2186=AXIS2_PLACEMENT_3D('',#2183,#2184,#2185);
#2187=CYLINDRICAL_SURFACE('',#2186,0.7);
#2188=ORIENTED_EDGE('',*,*,#2136,.T.);
#2189=ORIENTED_EDGE('',*,*,#1961,.F.);
#2190=CARTESIAN_POINT('',(220.999595695,711.443915115,10.1975));
#2191=DIRECTION('',(-0.,1.,-0.));
#2192=DIRECTION('',(-0.,0.,1.));
#2193=AXIS2_PLACEMENT_3D('',#2190,#2191,#2192);
#2194=CIRCLE('',#2193,0.7);
#2195=EDGE_CURVE('',#1753,#1948,#2194,.T.);
#2196=ORIENTED_EDGE('',*,*,#2195,.F.);
#2197=ORIENTED_EDGE('',*,*,#1758,.F.);
#2198=EDGE_LOOP('',(#2188,#2189,#2196,#2197));
#2199=FACE_BOUND('',#2198,.T.);
#2200=ADVANCED_FACE('',(#2199),#2187,.T.);
#2201=CARTESIAN_POINT('',(198.010906122,711.443915115,10.1975));
#2202=DIRECTION('',(1.,-0.,0.));
#2203=DIRECTION('',(-0.,-1.,0.));
#2204=AXIS2_PLACEMENT_3D('',#2201,#2202,#2203);
#2205=CYLINDRICAL_SURFACE('',#2204,0.7);
#2206=ORIENTED_EDGE('',*,*,#1994,.F.);
#2207=CARTESIAN_POINT('',(206.890095581,711.443915115,10.1975));
#2208=DIRECTION('',(0.707106781,-0.707106781,0.));
#2209=DIRECTION('',(0.707106781,0.707106781,0.));
#2210=AXIS2_PLACEMENT_3D('',#2207,#2208,#2209);
#2211=ELLIPSE('',#2210,0.989949494,0.7);
#2212=EDGE_CURVE('',#1979,#1761,#2211,.T.);
#2213=ORIENTED_EDGE('',*,*,#2212,.T.);
#2214=ORIENTED_EDGE('',*,*,#1766,.F.);
#2215=CARTESIAN_POINT('',(220.999595695,711.443915115,10.1975));
#2216=DIRECTION('',(1.,0.,0.));
#2217=DIRECTION('',(-0.,0.,1.));
#2218=AXIS2_PLACEMENT_3D('',#2215,#2216,#2217);
#2219=CIRCLE('',#2218,0.7);
#2220=EDGE_CURVE('',#1989,#1753,#2219,.T.);
#2221=ORIENTED_EDGE('',*,*,#2220,.F.);
#2222=EDGE_LOOP('',(#2206,#2213,#2214,#2221));
#2223=FACE_BOUND('',#2222,.T.);
#2224=ADVANCED_FACE('',(#2223),#2205,.T.);
#2225=CARTESIAN_POINT('',(220.999595695,711.443915115,1.5975));
#2226=DIRECTION('',(0.,-0.,-1.));
#2227=DIRECTION('',(1.,0.,0.));
#2228=AXIS2_PLACEMENT_3D('',#2225,#2226,#2227);
#2229=SPHERICAL_SURFACE('',#2228,0.7);
#2230=ORIENTED_EDGE('',*,*,#2177,.T.);
#2231=ORIENTED_EDGE('',*,*,#2160,.T.);
#2232=CARTESIAN_POINT('',(220.999595695,711.443915115,1.5975));
#2233=DIRECTION('',(-0.,0.,1.));
#2234=DIRECTION('',(1.,0.,0.));
#2235=AXIS2_PLACEMENT_3D('',#2232,#2233,#2234);
#2236=CIRCLE('',#2235,0.7);
#2237=EDGE_CURVE('',#1940,#1997,#2236,.T.);
#2238=ORIENTED_EDGE('',*,*,#2237,.F.);
#2239=EDGE_LOOP('',(#2230,#2231,#2238));
#2240=FACE_BOUND('',#2239,.T.);
#2241=ADVANCED_FACE('',(#2240),#2229,.T.);
#2242=CARTESIAN_POINT('',(220.999595695,711.443915115,10.1975));
#2243=DIRECTION('',(-0.,0.,1.));
#2244=DIRECTION('',(-1.,-0.,-0.));
#2245=AXIS2_PLACEMENT_3D('',#2242,#2243,#2244);
#2246=SPHERICAL_SURFACE('',#2245,0.7);
#2247=ORIENTED_EDGE('',*,*,#2220,.T.);
#2248=ORIENTED_EDGE('',*,*,#2195,.T.);
#2249=CARTESIAN_POINT('',(220.999595695,711.443915115,10.1975));
#2250=DIRECTION('',(0.,-0.,-1.));
#2251=DIRECTION('',(-1.,-0.,-0.));
#2252=AXIS2_PLACEMENT_3D('',#2249,#2250,#2251);
#2253=CIRCLE('',#2252,0.7);
#2254=EDGE_CURVE('',#1989,#1948,#2253,.T.);
#2255=ORIENTED_EDGE('',*,*,#2254,.F.);
#2256=EDGE_LOOP('',(#2247,#2248,#2255));
#2257=FACE_BOUND('',#2256,.T.);
#2258=ADVANCED_FACE('',(#2257),#2246,.T.);
#2259=CARTESIAN_POINT('',(220.999595695,711.443915115,10.8975));
#2260=DIRECTION('',(-0.,0.,1.));
#2261=DIRECTION('',(0.,-1.,0.));
#2262=AXIS2_PLACEMENT_3D('',#2259,#2260,#2261);
#2263=CYLINDRICAL_SURFACE('',#2262,0.7);
#2264=ORIENTED_EDGE('',*,*,#2237,.T.);
#2265=ORIENTED_EDGE('',*,*,#2002,.F.);
#2266=ORIENTED_EDGE('',*,*,#2254,.T.);
#2267=ORIENTED_EDGE('',*,*,#1953,.F.);
#2268=EDGE_LOOP('',(#2264,#2265,#2266,#2267));
#2269=FACE_BOUND('',#2268,.T.);
#2270=ADVANCED_FACE('',(#2269),#2263,.T.);
#2271=CARTESIAN_POINT('',(136.610628736,740.443915115,10.1975));
#2272=DIRECTION('',(-1.,0.,-0.));
#2273=DIRECTION('',(0.,1.,-0.));
#2274=AXIS2_PLACEMENT_3D('',#2271,#2272,#2273);
#2275=CYLINDRICAL_SURFACE('',#2274,0.7);
#2276=ORIENTED_EDGE('',*,*,#1782,.F.);
#2277=CARTESIAN_POINT('',(206.890095581,740.443915115,10.1975));
#2278=DIRECTION('',(0.707106781,0.707106781,0.));
#2279=DIRECTION('',(-0.707106781,0.707106781,-0.));
#2280=AXIS2_PLACEMENT_3D('',#2277,#2278,#2279);
#2281=ELLIPSE('',#2280,0.989949494,0.7);
#2282=EDGE_CURVE('',#1769,#1850,#2281,.T.);
#2283=ORIENTED_EDGE('',*,*,#2282,.T.);
#2284=ORIENTED_EDGE('',*,*,#1855,.F.);
#2285=CARTESIAN_POINT('',(220.999595695,740.443915115,10.1975));
#2286=DIRECTION('',(1.,0.,0.));
#2287=DIRECTION('',(-0.,0.,1.));
#2288=AXIS2_PLACEMENT_3D('',#2285,#2286,#2287);
#2289=CIRCLE('',#2288,0.7);
#2290=EDGE_CURVE('',#1777,#1842,#2289,.T.);
#2291=ORIENTED_EDGE('',*,*,#2290,.F.);
#2292=EDGE_LOOP('',(#2276,#2283,#2284,#2291));
#2293=FACE_BOUND('',#2292,.T.);
#2294=ADVANCED_FACE('',(#2293),#2275,.T.);
#2295=CARTESIAN_POINT('',(220.999595695,725.943915124,10.1975));
#2296=DIRECTION('',(-0.,-1.,0.));
#2297=DIRECTION('',(-1.,0.,-0.));
#2298=AXIS2_PLACEMENT_3D('',#2295,#2296,#2297);
#2299=CYLINDRICAL_SURFACE('',#2298,0.7);
#2300=CARTESIAN_POINT('',(220.999595695,749.743915115,10.1975));
#2301=DIRECTION('',(-0.,1.,-0.));
#2302=DIRECTION('',(-0.,0.,1.));
#2303=AXIS2_PLACEMENT_3D('',#2300,#2301,#2302);
#2304=CIRCLE('',#2303,0.7);
#2305=EDGE_CURVE('',#1545,#1817,#2304,.T.);
#2306=ORIENTED_EDGE('',*,*,#2305,.F.);
#2307=ORIENTED_EDGE('',*,*,#1788,.F.);
#2308=CARTESIAN_POINT('',(220.999595695,740.443915115,10.1975));
#2309=DIRECTION('',(0.,-1.,0.));
#2310=DIRECTION('',(0.,-0.,-1.));
#2311=AXIS2_PLACEMENT_3D('',#2308,#2309,#2310);
#2312=CIRCLE('',#2311,0.7);
#2313=EDGE_CURVE('',#1799,#1777,#2312,.T.);
#2314=ORIENTED_EDGE('',*,*,#2313,.F.);
#2315=ORIENTED_EDGE('',*,*,#1828,.F.);
#2316=EDGE_LOOP('',(#2306,#2307,#2314,#2315));
#2317=FACE_BOUND('',#2316,.T.);
#2318=ADVANCED_FACE('',(#2317),#2299,.T.);
#2319=CARTESIAN_POINT('',(198.010906122,749.743915115,10.1975));
#2320=DIRECTION('',(1.,-0.,0.));
#2321=DIRECTION('',(-0.,-1.,0.));
#2322=AXIS2_PLACEMENT_3D('',#2319,#2320,#2321);
#2323=CYLINDRICAL_SURFACE('',#2322,0.7);
#2324=CARTESIAN_POINT('',(210.526528736,749.743915115,10.1975));
#2325=DIRECTION('',(0.707106781,-0.707106781,0.));
#2326=DIRECTION('',(0.707106781,0.707106781,0.));
#2327=AXIS2_PLACEMENT_3D('',#2324,#2325,#2326);
#2328=ELLIPSE('',#2327,0.989949494,0.7);
#2329=EDGE_CURVE('',#1272,#1547,#2328,.T.);
#2330=ORIENTED_EDGE('',*,*,#2329,.T.);
#2331=ORIENTED_EDGE('',*,*,#1552,.F.);
#2332=CARTESIAN_POINT('',(220.999595695,749.743915115,10.1975));
#2333=DIRECTION('',(1.,0.,0.));
#2334=DIRECTION('',(-0.,0.,1.));
#2335=AXIS2_PLACEMENT_3D('',#2332,#2333,#2334);
#2336=CIRCLE('',#2335,0.7);
#2337=EDGE_CURVE('',#1282,#1545,#2336,.T.);
#2338=ORIENTED_EDGE('',*,*,#2337,.F.);
#2339=ORIENTED_EDGE('',*,*,#1287,.F.);
#2340=EDGE_LOOP('',(#2330,#2331,#2338,#2339));
#2341=FACE_BOUND('',#2340,.T.);
#2342=ADVANCED_FACE('',(#2341),#2323,.T.);
#2343=CARTESIAN_POINT('',(220.999595695,740.443915115,10.1975));
#2344=DIRECTION('',(-0.,0.,1.));
#2345=DIRECTION('',(-1.,-0.,-0.));
#2346=AXIS2_PLACEMENT_3D('',#2343,#2344,#2345);
#2347=SPHERICAL_SURFACE('',#2346,0.7);
#2348=ORIENTED_EDGE('',*,*,#2313,.T.);
#2349=ORIENTED_EDGE('',*,*,#2290,.T.);
#2350=CARTESIAN_POINT('',(220.999595695,740.443915115,10.1975));
#2351=DIRECTION('',(0.,-0.,-1.));
#2352=DIRECTION('',(-1.,-0.,-0.));
#2353=AXIS2_PLACEMENT_3D('',#2350,#2351,#2352);
#2354=CIRCLE('',#2353,0.7);
#2355=EDGE_CURVE('',#1799,#1842,#2354,.T.);
#2356=ORIENTED_EDGE('',*,*,#2355,.F.);
#2357=EDGE_LOOP('',(#2348,#2349,#2356));
#2358=FACE_BOUND('',#2357,.T.);
#2359=ADVANCED_FACE('',(#2358),#2347,.T.);
#2360=CARTESIAN_POINT('',(220.999595695,749.743915115,10.1975));
#2361=DIRECTION('',(-0.,0.,1.));
#2362=DIRECTION('',(-0.,-1.,0.));
#2363=AXIS2_PLACEMENT_3D('',#2360,#2361,#2362);
#2364=SPHERICAL_SURFACE('',#2363,0.7);
#2365=ORIENTED_EDGE('',*,*,#2337,.T.);
#2366=ORIENTED_EDGE('',*,*,#2305,.T.);
#2367=CARTESIAN_POINT('',(220.999595695,749.743915115,10.1975));
#2368=DIRECTION('',(0.,-0.,-1.));
#2369=DIRECTION('',(-1.,-0.,-0.));
#2370=AXIS2_PLACEMENT_3D('',#2367,#2368,#2369);
#2371=CIRCLE('',#2370,0.7);
#2372=EDGE_CURVE('',#1282,#1817,#2371,.T.);
#2373=ORIENTED_EDGE('',*,*,#2372,.F.);
#2374=EDGE_LOOP('',(#2365,#2366,#2373));
#2375=FACE_BOUND('',#2374,.T.);
#2376=ADVANCED_FACE('',(#2375),#2364,.T.);
#2377=CARTESIAN_POINT('',(136.610628736,740.443915115,1.5975));
#2378=DIRECTION('',(-1.,0.,-0.));
#2379=DIRECTION('',(0.,1.,-0.));
#2380=AXIS2_PLACEMENT_3D('',#2377,#2378,#2379);
#2381=CYLINDRICAL_SURFACE('',#2380,0.7);
#2382=ORIENTED_EDGE('',*,*,#1869,.F.);
#2383=CARTESIAN_POINT('',(206.890095581,740.443915115,1.5975));
#2384=DIRECTION('',(0.707106781,0.707106781,0.));
#2385=DIRECTION('',(-0.707106781,0.707106781,-0.));
#2386=AXIS2_PLACEMENT_3D('',#2383,#2384,#2385);
#2387=ELLIPSE('',#2386,0.989949494,0.7);
#2388=EDGE_CURVE('',#1858,#1338,#2387,.T.);
#2389=ORIENTED_EDGE('',*,*,#2388,.T.);
#2390=ORIENTED_EDGE('',*,*,#1343,.F.);
#2391=CARTESIAN_POINT('',(220.999595695,740.443915115,1.5975));
#2392=DIRECTION('',(1.,0.,0.));
#2393=DIRECTION('',(-0.,0.,1.));
#2394=AXIS2_PLACEMENT_3D('',#2391,#2392,#2393);
#2395=CIRCLE('',#2394,0.7);
#2396=EDGE_CURVE('',#1840,#1330,#2395,.T.);
#2397=ORIENTED_EDGE('',*,*,#2396,.F.);
#2398=EDGE_LOOP('',(#2382,#2389,#2390,#2397));
#2399=FACE_BOUND('',#2398,.T.);
#2400=ADVANCED_FACE('',(#2399),#2381,.T.);
#2401=CARTESIAN_POINT('',(220.999595695,740.443915115,-111.2025));
#2402=DIRECTION('',(0.,-0.,-1.));
#2403=DIRECTION('',(-0.,1.,-0.));
#2404=AXIS2_PLACEMENT_3D('',#2401,#2402,#2403);
#2405=CYLINDRICAL_SURFACE('',#2404,0.7);
#2406=ORIENTED_EDGE('',*,*,#2355,.T.);
#2407=ORIENTED_EDGE('',*,*,#1847,.F.);
#2408=CARTESIAN_POINT('',(220.999595695,740.443915115,1.5975));
#2409=DIRECTION('',(0.,-0.,-1.));
#2410=DIRECTION('',(1.,0.,0.));
#2411=AXIS2_PLACEMENT_3D('',#2408,#2409,#2410);
#2412=CIRCLE('',#2411,0.7);
#2413=EDGE_CURVE('',#1801,#1840,#2412,.T.);
#2414=ORIENTED_EDGE('',*,*,#2413,.F.);
#2415=ORIENTED_EDGE('',*,*,#1806,.F.);
#2416=EDGE_LOOP('',(#2406,#2407,#2414,#2415));
#2417=FACE_BOUND('',#2416,.T.);
#2418=ADVANCED_FACE('',(#2417),#2405,.T.);
#2419=CARTESIAN_POINT('',(220.999595695,749.743915115,10.8975));
#2420=DIRECTION('',(-0.,0.,1.));
#2421=DIRECTION('',(0.,-1.,0.));
#2422=AXIS2_PLACEMENT_3D('',#2419,#2420,#2421);
#2423=CYLINDRICAL_SURFACE('',#2422,0.7);
#2424=ORIENTED_EDGE('',*,*,#2372,.T.);
#2425=ORIENTED_EDGE('',*,*,#1822,.F.);
#2426=CARTESIAN_POINT('',(220.999595695,749.743915115,1.5975));
#2427=DIRECTION('',(0.,-0.,-1.));
#2428=DIRECTION('',(1.,0.,0.));
#2429=AXIS2_PLACEMENT_3D('',#2426,#2427,#2428);
#2430=CIRCLE('',#2429,0.7);
#2431=EDGE_CURVE('',#1290,#1809,#2430,.T.);
#2432=ORIENTED_EDGE('',*,*,#2431,.F.);
#2433=ORIENTED_EDGE('',*,*,#1295,.F.);
#2434=EDGE_LOOP('',(#2424,#2425,#2432,#2433));
#2435=FACE_BOUND('',#2434,.T.);
#2436=ADVANCED_FACE('',(#2435),#2423,.T.);
#2437=CARTESIAN_POINT('',(170.326528736,749.743915115,1.5975));
#2438=DIRECTION('',(1.,-0.,0.));
#2439=DIRECTION('',(-0.,-1.,0.));
#2440=AXIS2_PLACEMENT_3D('',#2437,#2438,#2439);
#2441=CYLINDRICAL_SURFACE('',#2440,0.7);
#2442=CARTESIAN_POINT('',(210.526528736,749.743915115,1.5975));
#2443=DIRECTION('',(0.707106781,-0.707106781,0.));
#2444=DIRECTION('',(-0.707106781,-0.707106781,-0.));
#2445=AXIS2_PLACEMENT_3D('',#2442,#2443,#2444);
#2446=ELLIPSE('',#2445,0.989949494,0.7);
#2447=EDGE_CURVE('',#1314,#1274,#2446,.T.);
#2448=ORIENTED_EDGE('',*,*,#2447,.T.);
#2449=ORIENTED_EDGE('',*,*,#1301,.F.);
#2450=CARTESIAN_POINT('',(220.999595695,749.743915115,1.5975));
#2451=DIRECTION('',(1.,0.,0.));
#2452=DIRECTION('',(-0.,0.,1.));
#2453=AXIS2_PLACEMENT_3D('',#2450,#2451,#2452);
#2454=CIRCLE('',#2453,0.7);
#2455=EDGE_CURVE('',#1322,#1290,#2454,.T.);
#2456=ORIENTED_EDGE('',*,*,#2455,.F.);
#2457=ORIENTED_EDGE('',*,*,#1327,.F.);
#2458=EDGE_LOOP('',(#2448,#2449,#2456,#2457));
#2459=FACE_BOUND('',#2458,.T.);
#2460=ADVANCED_FACE('',(#2459),#2441,.T.);
#2461=CARTESIAN_POINT('',(220.999595695,740.443915115,1.5975));
#2462=DIRECTION('',(0.,-1.,0.));
#2463=DIRECTION('',(0.,-0.,-1.));
#2464=AXIS2_PLACEMENT_3D('',#2461,#2462,#2463);
#2465=SPHERICAL_SURFACE('',#2464,0.7);
#2466=ORIENTED_EDGE('',*,*,#2413,.T.);
#2467=ORIENTED_EDGE('',*,*,#2396,.T.);
#2468=CARTESIAN_POINT('',(220.999595695,740.443915115,1.5975));
#2469=DIRECTION('',(-0.,1.,-0.));
#2470=DIRECTION('',(0.,-0.,-1.));
#2471=AXIS2_PLACEMENT_3D('',#2468,#2469,#2470);
#2472=CIRCLE('',#2471,0.7);
#2473=EDGE_CURVE('',#1801,#1330,#2472,.T.);
#2474=ORIENTED_EDGE('',*,*,#2473,.F.);
#2475=EDGE_LOOP('',(#2466,#2467,#2474));
#2476=FACE_BOUND('',#2475,.T.);
#2477=ADVANCED_FACE('',(#2476),#2465,.T.);
#2478=CARTESIAN_POINT('',(220.999595695,749.743915115,1.5975));
#2479=DIRECTION('',(-0.,1.,-0.));
#2480=DIRECTION('',(-0.,0.,1.));
#2481=AXIS2_PLACEMENT_3D('',#2478,#2479,#2480);
#2482=SPHERICAL_SURFACE('',#2481,0.7);
#2483=ORIENTED_EDGE('',*,*,#2455,.T.);
#2484=ORIENTED_EDGE('',*,*,#2431,.T.);
#2485=CARTESIAN_POINT('',(220.999595695,749.743915115,1.5975));
#2486=DIRECTION('',(-0.,-1.,0.));
#2487=DIRECTION('',(-0.,0.,1.));
#2488=AXIS2_PLACEMENT_3D('',#2485,#2486,#2487);
#2489=CIRCLE('',#2488,0.7);
#2490=EDGE_CURVE('',#1322,#1809,#2489,.T.);
#2491=ORIENTED_EDGE('',*,*,#2490,.F.);
#2492=EDGE_LOOP('',(#2483,#2484,#2491));
#2493=FACE_BOUND('',#2492,.T.);
#2494=ADVANCED_FACE('',(#2493),#2482,.T.);
#2495=CARTESIAN_POINT('',(220.999595695,725.943915115,1.5975));
#2496=DIRECTION('',(0.,1.,-0.));
#2497=DIRECTION('',(1.,-0.,0.));
#2498=AXIS2_PLACEMENT_3D('',#2495,#2496,#2497);
#2499=CYLINDRICAL_SURFACE('',#2498,0.7);
#2500=ORIENTED_EDGE('',*,*,#2473,.T.);
#2501=ORIENTED_EDGE('',*,*,#1335,.F.);
#2502=ORIENTED_EDGE('',*,*,#2490,.T.);
#2503=ORIENTED_EDGE('',*,*,#1814,.F.);
#2504=EDGE_LOOP('',(#2500,#2501,#2502,#2503));
#2505=FACE_BOUND('',#2504,.T.);
#2506=ADVANCED_FACE('',(#2505),#2499,.T.);
#2507=CARTESIAN_POINT('',(206.890095581,725.943915124,10.1975));
#2508=DIRECTION('',(0.,1.,-0.));
#2509=DIRECTION('',(1.,-0.,0.));
#2510=AXIS2_PLACEMENT_3D('',#2507,#2508,#2509);
#2511=CYLINDRICAL_SURFACE('',#2510,0.7);
#2512=ORIENTED_EDGE('',*,*,#2212,.F.);
#2513=ORIENTED_EDGE('',*,*,#2023,.F.);
#2514=ORIENTED_EDGE('',*,*,#2282,.F.);
#2515=ORIENTED_EDGE('',*,*,#1774,.F.);
#2516=EDGE_LOOP('',(#2512,#2513,#2514,#2515));
#2517=FACE_BOUND('',#2516,.T.);
#2518=ADVANCED_FACE('',(#2517),#2511,.T.);
#2519=CARTESIAN_POINT('',(206.890095581,725.943915115,1.5975));
#2520=DIRECTION('',(0.,1.,-0.));
#2521=DIRECTION('',(1.,-0.,0.));
#2522=AXIS2_PLACEMENT_3D('',#2519,#2520,#2521);
#2523=CYLINDRICAL_SURFACE('',#2522,0.7);
#2524=ORIENTED_EDGE('',*,*,#2388,.F.);
#2525=ORIENTED_EDGE('',*,*,#2030,.F.);
#2526=ORIENTED_EDGE('',*,*,#2152,.F.);
#2527=ORIENTED_EDGE('',*,*,#1351,.F.);
#2528=EDGE_LOOP('',(#2524,#2525,#2526,#2527));
#2529=FACE_BOUND('',#2528,.T.);
#2530=ADVANCED_FACE('',(#2529),#2523,.T.);
#2531=CARTESIAN_POINT('',(162.226528736,754.716969933,6.958931407));
#2532=DIRECTION('',(1.,-0.,-0.));
#2533=DIRECTION('',(0.,-0.,1.));
#2534=AXIS2_PLACEMENT_3D('',#2531,#2532,#2533);
#2535=PLANE('',#2534);
#2536=CARTESIAN_POINT('',(162.226528736,760.216982074,10.1975));
#2537=VERTEX_POINT('',#2536);
#2538=CARTESIAN_POINT('',(162.226528736,760.216982074,1.5975));
#2539=VERTEX_POINT('',#2538);
#2540=CARTESIAN_POINT('',(162.226528736,760.216982074,10.1975));
#2541=DIRECTION('',(-0.,0.,-1.));
#2542=VECTOR('',#2541,8.6);
#2543=LINE('',#2540,#2542);
#2544=EDGE_CURVE('',#2537,#2539,#2543,.T.);
#2545=ORIENTED_EDGE('',*,*,#2544,.T.);
#2546=CARTESIAN_POINT('',(162.226528736,750.443915115,1.5975));
#2547=VERTEX_POINT('',#2546);
#2548=CARTESIAN_POINT('',(162.226528736,760.216982074,1.5975));
#2549=DIRECTION('',(-0.,-1.,-0.));
#2550=VECTOR('',#2549,9.773066959);
#2551=LINE('',#2548,#2550);
#2552=EDGE_CURVE('',#2539,#2547,#2551,.T.);
#2553=ORIENTED_EDGE('',*,*,#2552,.T.);
#2554=CARTESIAN_POINT('',(162.226528736,750.443915115,10.1975));
#2555=VERTEX_POINT('',#2554);
#2556=CARTESIAN_POINT('',(162.226528736,750.443915115,10.1975));
#2557=DIRECTION('',(-0.,0.,-1.));
#2558=VECTOR('',#2557,8.6);
#2559=LINE('',#2556,#2558);
#2560=EDGE_CURVE('',#2555,#2547,#2559,.T.);
#2561=ORIENTED_EDGE('',*,*,#2560,.F.);
#2562=CARTESIAN_POINT('',(162.226528736,750.443915115,10.1975));
#2563=DIRECTION('',(0.,1.,0.));
#2564=VECTOR('',#2563,9.773066959);
#2565=LINE('',#2562,#2564);
#2566=EDGE_CURVE('',#2555,#2537,#2565,.T.);
#2567=ORIENTED_EDGE('',*,*,#2566,.T.);
#2568=EDGE_LOOP('',(#2545,#2553,#2561,#2567));
#2569=FACE_BOUND('',#2568,.T.);
#2570=ADVANCED_FACE('',(#2569),#2535,.F.);
#2571=CARTESIAN_POINT('',(176.726528736,709.543915115,7.3975));
#2572=DIRECTION('',(0.,1.,0.));
#2573=DIRECTION('',(-0.,0.,1.));
#2574=AXIS2_PLACEMENT_3D('',#2571,#2572,#2573);
#2575=CYLINDRICAL_SURFACE('',#2574,3.5);
#2576=ORIENTED_EDGE('',*,*,#77,.F.);
#2577=CARTESIAN_POINT('',(180.226528736,738.443915115,7.3975));
#2578=VERTEX_POINT('',#2577);
#2579=CARTESIAN_POINT('',(176.726528736,738.443915115,7.3975));
#2580=DIRECTION('',(0.,1.,0.));
#2581=DIRECTION('',(0.,0.,-1.));
#2582=AXIS2_PLACEMENT_3D('',#2579,#2580,#2581);
#2583=CIRCLE('',#2582,3.5);
#2584=EDGE_CURVE('',#61,#2578,#2583,.T.);
#2585=ORIENTED_EDGE('',*,*,#2584,.T.);
#2586=CARTESIAN_POINT('',(180.226528736,743.718788266,7.3975));
#2587=VERTEX_POINT('',#2586);
#2588=CARTESIAN_POINT('',(180.226528736,743.718788266,7.3975));
#2589=DIRECTION('',(-0.,-1.,-0.));
#2590=VECTOR('',#2589,5.27487315);
#2591=LINE('',#2588,#2590);
#2592=EDGE_CURVE('',#2587,#2578,#2591,.T.);
#2593=ORIENTED_EDGE('',*,*,#2592,.F.);
#2594=CARTESIAN_POINT('',(180.226528736,743.718788266,7.3975));
#2595=CARTESIAN_POINT('',(180.226528736,743.725683356,7.574444742));
#2596=CARTESIAN_POINT('',(180.213331567,743.734042202,7.777708064));
#2597=CARTESIAN_POINT('',(180.173744001,743.743864803,8.003063301));
#2598=CARTESIAN_POINT('',(180.153950218,743.748776103,8.11574092));
#2599=CARTESIAN_POINT('',(180.127515321,743.754053343,8.233868891));
#2600=CARTESIAN_POINT('',(180.092621359,743.75969652,8.356364146));
#2601=CARTESIAN_POINT('',(180.075174378,743.762518109,8.417611774));
#2602=CARTESIAN_POINT('',(180.05561164,743.765431183,8.47994447));
#2603=CARTESIAN_POINT('',(180.033704397,743.768435741,8.543182828));
#2604=CARTESIAN_POINT('',(180.022750776,743.769938021,8.574802007));
#2605=CARTESIAN_POINT('',(180.011211049,743.771463171,8.606647114));
#2606=CARTESIAN_POINT('',(179.999056914,743.773011192,8.638692702));
#2607=CARTESIAN_POINT('',(179.992979846,743.773785203,8.654715496));
#2608=CARTESIAN_POINT('',(179.986749181,743.774564932,8.670788378));
#2609=CARTESIAN_POINT('',(179.980361412,743.775350378,8.686907971));
#2610=CARTESIAN_POINT('',(179.977167527,743.775743101,8.694967767));
#2611=CARTESIAN_POINT('',(179.973934368,743.776137254,8.703039239));
#2612=CARTESIAN_POINT('',(179.970661496,743.776532836,8.711121951));
#2613=CARTESIAN_POINT('',(179.969025061,743.776730627,8.715163308));
#2614=CARTESIAN_POINT('',(179.967378697,743.776928775,8.719207474));
#2615=CARTESIAN_POINT('',(179.965722352,743.777127281,8.723254396));
#2616=CARTESIAN_POINT('',(179.964066006,743.777325787,8.727301317));
#2617=CARTESIAN_POINT('',(179.962723105,743.777486214,8.730569156));
#2618=CARTESIAN_POINT('',(179.960723315,743.777723871,8.735403369));
#2619=CARTESIAN_POINT('',(179.83273677,743.792933898,9.044792969));
#2620=CARTESIAN_POINT('',(179.682495441,743.805582136,9.285401895));
#2621=CARTESIAN_POINT('',(179.547641213,743.815668584,9.469051203));
#2622=CARTESIAN_POINT('',(179.480214099,743.820711808,9.560875858));
#2623=CARTESIAN_POINT('',(179.416308276,743.825114584,9.638635005));
#2624=CARTESIAN_POINT('',(179.35885265,743.828876913,9.704201283));
#2625=CARTESIAN_POINT('',(179.330124837,743.830758077,9.736984422));
#2626=CARTESIAN_POINT('',(179.302992654,743.83247913,9.766718339));
#2627=CARTESIAN_POINT('',(179.277728402,743.834040071,9.793617748));
#2628=CARTESIAN_POINT('',(179.265096276,743.834820541,9.807067452));
#2629=CARTESIAN_POINT('',(179.252930219,743.835560983,9.819808222));
#2630=CARTESIAN_POINT('',(179.241259013,743.836261398,9.831864729));
#2631=CARTESIAN_POINT('',(179.23542341,743.836611605,9.837892982));
#2632=CARTESIAN_POINT('',(179.229711467,743.836951805,9.843750144));
#2633=CARTESIAN_POINT('',(179.224126473,743.837281998,9.84943914));
#2634=CARTESIAN_POINT('',(179.221333975,743.837447095,9.852283637));
#2635=CARTESIAN_POINT('',(179.218573212,743.83760969,9.855086092));
#2636=CARTESIAN_POINT('',(179.215844574,743.837769783,9.857846857));
#2637=CARTESIAN_POINT('',(179.214480255,743.83784983,9.85922724));
#2638=CARTESIAN_POINT('',(179.213123967,743.837929251,9.860597201));
#2639=CARTESIAN_POINT('',(179.211775759,743.838008046,9.861956783));
#2640=CARTESIAN_POINT('',(179.211101655,743.838047444,9.862636574));
#2641=CARTESIAN_POINT('',(179.21042957,743.838086686,9.86331377));
#2642=CARTESIAN_POINT('',(179.209759512,743.838125771,9.863988377));
#2643=CARTESIAN_POINT('',(179.209089453,743.838164856,9.864662984));
#2644=CARTESIAN_POINT('',(179.209158174,743.838160893,9.86459445));
#2645=CARTESIAN_POINT('',(179.207755418,743.838242557,9.866004436));
#2646=CARTESIAN_POINT('',(179.028202617,743.848695527,10.046482621));
#2647=CARTESIAN_POINT('',(178.838156944,743.857787409,10.198123747));
#2648=CARTESIAN_POINT('',(178.646646689,743.865518205,10.323785537));
#2649=CARTESIAN_POINT('',(178.550891562,743.869383602,10.386616432));
#2650=CARTESIAN_POINT('',(178.454732719,743.872908728,10.442989591));
#2651=CARTESIAN_POINT('',(178.359070682,743.876093582,10.493433913));
#2652=CARTESIAN_POINT('',(178.311239663,743.877686009,10.518656074));
#2653=CARTESIAN_POINT('',(178.263530458,743.879193368,10.542397405));
#2654=CARTESIAN_POINT('',(178.216041522,743.88061566,10.564730913));
#2655=CARTESIAN_POINT('',(178.192297055,743.881326805,10.575897667));
#2656=CARTESIAN_POINT('',(178.16860751,743.882016684,10.586712526));
#2657=CARTESIAN_POINT('',(178.144984334,743.882685295,10.59718494));
#2658=CARTESIAN_POINT('',(178.133172746,743.883019601,10.602421147));
#2659=CARTESIAN_POINT('',(178.121377741,743.88334859,10.607571746));
#2660=CARTESIAN_POINT('',(178.109600698,743.883672262,10.612637936));
#2661=CARTESIAN_POINT('',(178.103712176,743.883834099,10.615171031));
#2662=CARTESIAN_POINT('',(178.097828145,743.883994606,10.617683023));
#2663=CARTESIAN_POINT('',(178.091948772,743.884153783,10.620174064));
#2664=CARTESIAN_POINT('',(178.086069399,743.884312961,10.622665105));
#2665=CARTESIAN_POINT('',(178.081176032,743.884444642,10.624725715));
#2666=CARTESIAN_POINT('',(178.074324796,743.884627329,10.627584485));
#2667=CARTESIAN_POINT('',(177.635845701,743.896319287,10.810545767));
#2668=CARTESIAN_POINT('',(177.173774465,743.902165266,10.8975));
#2669=CARTESIAN_POINT('',(176.726528736,743.902165266,10.8975));
#2670=B_SPLINE_CURVE_WITH_KNOTS('',3,(#2594,#2595,#2596,#2597,#2598,#2599,#2600,#2601,#2602,#2603,#2604,#2605,#2606,#2607,#2608,#2609,#2610,#2611,#2612,#2613,#2614,#2615,#2616,#2617,#2618,#2619,
#2620,#2621,#2622,#2623,#2624,#2625,#2626,#2627,#2628,#2629,#2630,#2631,#2632,#2633,#2634,#2635,#2636,#2637,#2638,#2639,#2640,#2641,#2642,#2643,#2644,
#2645,#2646,#2647,#2648,#2649,#2650,#2651,#2652,#2653,#2654,#2655,#2656,#2657,#2658,#2659,#2660,#2661,#2662,#2663,#2664,#2665,#2666,#2667,#2668,#2669),.UNSPECIFIED.,.F.,.F.,(4,3,3,3,3,3,3,3,3,3,3,3,3,3,3,3,3,3,3,3,3,3,3,3,3,4),(0.,0.125,0.1875,0.21875,0.234375,0.2421875,0.24609375,0.248046875,0.25,0.375,0.4375,0.46875,0.484375,0.4921875,0.49609375,0.498046875,0.499023438,0.5,0.625,0.6875,0.71875,0.734375,0.7421875,0.74609375,0.75,1.),.UNSPECIFIED.);
#2671=EDGE_CURVE('',#2587,#72,#2670,.T.);
#2672=ORIENTED_EDGE('',*,*,#2671,.T.);
#2673=EDGE_LOOP('',(#2576,#2585,#2593,#2672));
#2674=FACE_BOUND('',#2673,.T.);
#2675=ADVANCED_FACE('',(#2674),#2575,.T.);
#2676=OVER_RIDING_STYLED_ITEM('',(#222),#2675,#54);
#2677=CARTESIAN_POINT('',(180.226528736,743.033821759,4.8975));
#2678=DIRECTION('',(1.,-0.,0.));
#2679=DIRECTION('',(-0.,-0.,1.));
#2680=AXIS2_PLACEMENT_3D('',#2677,#2678,#2679);
#2681=PLANE('',#2680);
#2682=ORIENTED_EDGE('',*,*,#2592,.T.);
#2683=CARTESIAN_POINT('',(180.226528736,738.443915115,4.8975));
#2684=VERTEX_POINT('',#2683);
#2685=CARTESIAN_POINT('',(180.226528736,738.443915115,7.3975));
#2686=DIRECTION('',(-0.,-0.,-1.));
#2687=VECTOR('',#2686,2.5);
#2688=LINE('',#2685,#2687);
#2689=EDGE_CURVE('',#2578,#2684,#2688,.T.);
#2690=ORIENTED_EDGE('',*,*,#2689,.T.);
#2691=CARTESIAN_POINT('',(180.226528736,743.66210675,4.8975));
#2692=VERTEX_POINT('',#2691);
#2693=CARTESIAN_POINT('',(180.226528736,738.443915115,4.8975));
#2694=DIRECTION('',(0.,1.,0.));
#2695=VECTOR('',#2694,5.218191635);
#2696=LINE('',#2693,#2695);
#2697=EDGE_CURVE('',#2684,#2692,#2696,.T.);
#2698=ORIENTED_EDGE('',*,*,#2697,.T.);
#2699=CARTESIAN_POINT('',(180.226528736,754.716969933,5.8975));
#2700=DIRECTION('',(-1.,0.,-0.));
#2701=DIRECTION('',(-0.,-0.,1.));
#2702=AXIS2_PLACEMENT_3D('',#2699,#2700,#2701);
#2703=CIRCLE('',#2702,11.1);
#2704=EDGE_CURVE('',#2692,#2587,#2703,.T.);
#2705=ORIENTED_EDGE('',*,*,#2704,.T.);
#2706=EDGE_LOOP('',(#2682,#2690,#2698,#2705));
#2707=FACE_BOUND('',#2706,.T.);
#2708=ADVANCED_FACE('',(#2707),#2681,.T.);
#2709=OVER_RIDING_STYLED_ITEM('',(#222),#2708,#54);
#2710=CARTESIAN_POINT('',(186.726528736,709.543915115,4.8975));
#2711=DIRECTION('',(0.,-0.,1.));
#2712=DIRECTION('',(-1.,0.,0.));
#2713=AXIS2_PLACEMENT_3D('',#2710,#2711,#2712);
#2714=PLANE('',#2713);
#2715=ORIENTED_EDGE('',*,*,#1220,.F.);
#2716=CARTESIAN_POINT('',(178.226528736,734.443915115,4.8975));
#2717=DIRECTION('',(0.,-0.,1.));
#2718=DIRECTION('',(1.,0.,0.));
#2719=AXIS2_PLACEMENT_3D('',#2716,#2717,#2718);
#2720=CIRCLE('',#2719,15.);
#2721=EDGE_CURVE('',#1207,#1239,#2720,.T.);
#2722=ORIENTED_EDGE('',*,*,#2721,.T.);
#2723=ORIENTED_EDGE('',*,*,#1246,.T.);
#2724=CARTESIAN_POINT('',(194.104266911,745.573666373,4.8975));
#2725=VERTEX_POINT('',#2724);
#2726=CARTESIAN_POINT('',(193.226528736,743.66210675,4.8975));
#2727=CARTESIAN_POINT('',(193.226528736,743.844687569,4.8975));
#2728=CARTESIAN_POINT('',(193.246133396,744.023929917,4.8975));
#2729=CARTESIAN_POINT('',(193.284567507,744.199965805,4.8975));
#2730=CARTESIAN_POINT('',(193.323001619,744.376001692,4.8975));
#2731=CARTESIAN_POINT('',(193.381370297,744.550636639,4.8975));
#2732=CARTESIAN_POINT('',(193.456713432,744.714659691,4.8975));
#2733=CARTESIAN_POINT('',(193.532056566,744.878682743,4.8975));
#2734=CARTESIAN_POINT('',(193.624207303,745.033390376,4.8975));
#2735=CARTESIAN_POINT('',(193.733553671,745.178567528,4.8975));
#2736=CARTESIAN_POINT('',(193.842900038,745.323744681,4.8975));
#2737=CARTESIAN_POINT('',(193.967653101,745.456461069,4.8975));
#2738=CARTESIAN_POINT('',(194.104266911,745.573666373,4.8975));
#2739=B_SPLINE_CURVE_WITH_KNOTS('',3,(#2726,#2727,#2728,#2729,#2730,#2731,#2732,#2733,#2734,#2735,#2736,#2737,#2738),.UNSPECIFIED.,.F.,.F.,(4,3,3,3,4),(0.,0.000539969,0.001079938,0.001619908,0.002159877),.UNSPECIFIED.);
#2740=EDGE_CURVE('',#1241,#2725,#2739,.T.);
#2741=ORIENTED_EDGE('',*,*,#2740,.T.);
#2742=CARTESIAN_POINT('',(179.34879056,745.573666373,4.8975));
#2743=VERTEX_POINT('',#2742);
#2744=CARTESIAN_POINT('',(194.104266911,745.573666373,4.8975));
#2745=DIRECTION('',(-1.,0.,0.));
#2746=VECTOR('',#2745,14.755476351);
#2747=LINE('',#2744,#2746);
#2748=EDGE_CURVE('',#2725,#2743,#2747,.T.);
#2749=ORIENTED_EDGE('',*,*,#2748,.T.);
#2750=CARTESIAN_POINT('',(179.34879056,745.573666373,4.8975));
#2751=CARTESIAN_POINT('',(179.486454684,745.455559958,4.8975));
#2752=CARTESIAN_POINT('',(179.609478716,745.324375445,4.8975));
#2753=CARTESIAN_POINT('',(179.718147184,745.180367004,4.8975));
#2754=CARTESIAN_POINT('',(179.826815653,745.036358564,4.8975));
#2755=CARTESIAN_POINT('',(179.921019428,744.878560032,4.8975));
#2756=CARTESIAN_POINT('',(179.99614314,744.715096943,4.8975));
#2757=CARTESIAN_POINT('',(180.146390563,744.388170764,4.8975));
#2758=CARTESIAN_POINT('',(180.226528736,744.026791525,4.8975));
#2759=CARTESIAN_POINT('',(180.226528736,743.66210675,4.8975));
#2760=B_SPLINE_CURVE_WITH_KNOTS('',3,(#2750,#2751,#2752,#2753,#2754,#2755,#2756,#2757,#2758,#2759),.UNSPECIFIED.,.F.,.F.,(4,3,3,4),(0.001758016,0.002297332,0.002836649,0.003915282),.UNSPECIFIED.);
#2761=EDGE_CURVE('',#2743,#2692,#2760,.T.);
#2762=ORIENTED_EDGE('',*,*,#2761,.T.);
#2763=ORIENTED_EDGE('',*,*,#2697,.F.);
#2764=CARTESIAN_POINT('',(174.226528736,732.443915115,4.8975));
#2765=VERTEX_POINT('',#2764);
#2766=CARTESIAN_POINT('',(174.226528736,738.443915115,4.8975));
#2767=DIRECTION('',(-0.,0.,-1.));
#2768=DIRECTION('',(1.,0.,0.));
#2769=AXIS2_PLACEMENT_3D('',#2766,#2767,#2768);
#2770=CIRCLE('',#2769,6.);
#2771=EDGE_CURVE('',#2684,#2765,#2770,.T.);
#2772=ORIENTED_EDGE('',*,*,#2771,.T.);
#2773=CARTESIAN_POINT('',(169.008337101,732.443915115,4.8975));
#2774=VERTEX_POINT('',#2773);
#2775=CARTESIAN_POINT('',(174.226528736,732.443915115,4.8975));
#2776=DIRECTION('',(-1.,0.,-0.));
#2777=VECTOR('',#2776,5.218191635);
#2778=LINE('',#2775,#2777);
#2779=EDGE_CURVE('',#2765,#2774,#2778,.T.);
#2780=ORIENTED_EDGE('',*,*,#2779,.T.);
#2781=CARTESIAN_POINT('',(167.096777478,733.321653291,4.8975));
#2782=VERTEX_POINT('',#2781);
#2783=CARTESIAN_POINT('',(169.008337101,732.443915115,4.8975));
#2784=CARTESIAN_POINT('',(168.825756282,732.443915115,4.8975));
#2785=CARTESIAN_POINT('',(168.646513934,732.463519775,4.8975));
#2786=CARTESIAN_POINT('',(168.470478046,732.501953887,4.8975));
#2787=CARTESIAN_POINT('',(168.294442159,732.540387998,4.8975));
#2788=CARTESIAN_POINT('',(168.119807212,732.598756677,4.8975));
#2789=CARTESIAN_POINT('',(167.95578416,732.674099811,4.8975));
#2790=CARTESIAN_POINT('',(167.791761108,732.749442946,4.8975));
#2791=CARTESIAN_POINT('',(167.637053475,732.841593682,4.8975));
#2792=CARTESIAN_POINT('',(167.491876323,732.95094005,4.8975));
#2793=CARTESIAN_POINT('',(167.34669917,733.060286418,4.8975));
#2794=CARTESIAN_POINT('',(167.213982782,733.18503948,4.8975));
#2795=CARTESIAN_POINT('',(167.096777478,733.321653291,4.8975));
#2796=B_SPLINE_CURVE_WITH_KNOTS('',3,(#2783,#2784,#2785,#2786,#2787,#2788,#2789,#2790,#2791,#2792,#2793,#2794,#2795),.UNSPECIFIED.,.F.,.F.,(4,3,3,3,4),(0.,0.000539969,0.001079938,0.001619908,0.002159877),.UNSPECIFIED.);
#2797=EDGE_CURVE('',#2774,#2782,#2796,.T.);
#2798=ORIENTED_EDGE('',*,*,#2797,.T.);
#2799=CARTESIAN_POINT('',(167.096777478,718.56617694,4.8975));
#2800=VERTEX_POINT('',#2799);
#2801=CARTESIAN_POINT('',(167.096777478,733.321653291,4.8975));
#2802=DIRECTION('',(-0.,-1.,0.));
#2803=VECTOR('',#2802,14.755476351);
#2804=LINE('',#2801,#2803);
#2805=EDGE_CURVE('',#2782,#2800,#2804,.T.);
#2806=ORIENTED_EDGE('',*,*,#2805,.T.);
#2807=CARTESIAN_POINT('',(167.096777478,718.56617694,4.8975));
#2808=CARTESIAN_POINT('',(167.214883893,718.703841064,4.8975));
#2809=CARTESIAN_POINT('',(167.346068406,718.826865096,4.8975));
#2810=CARTESIAN_POINT('',(167.490076846,718.935533564,4.8975));
#2811=CARTESIAN_POINT('',(167.634085287,719.044202032,4.8975));
#2812=CARTESIAN_POINT('',(167.791883819,719.138405807,4.8975));
#2813=CARTESIAN_POINT('',(167.955346908,719.213529519,4.8975));
#2814=CARTESIAN_POINT('',(168.282273087,719.363776943,4.8975));
#2815=CARTESIAN_POINT('',(168.643652326,719.443915115,4.8975));
#2816=CARTESIAN_POINT('',(169.008337101,719.443915115,4.8975));
#2817=B_SPLINE_CURVE_WITH_KNOTS('',3,(#2807,#2808,#2809,#2810,#2811,#2812,#2813,#2814,#2815,#2816),.UNSPECIFIED.,.F.,.F.,(4,3,3,4),(0.001758016,0.002297332,0.002836649,0.003915282),.UNSPECIFIED.);
#2818=EDGE_CURVE('',#2800,#1215,#2817,.T.);
#2819=ORIENTED_EDGE('',*,*,#2818,.T.);
#2820=EDGE_LOOP('',(#2715,#2722,#2723,#2741,#2749,#2762,#2763,#2772,#2780,#2798,#2806,#2819));
#2821=FACE_BOUND('',#2820,.T.);
#2822=ADVANCED_FACE('',(#2821),#2714,.T.);
#2823=OVER_RIDING_STYLED_ITEM('',(#222),#2822,#54);
#2824=CARTESIAN_POINT('',(208.226528736,754.716969933,5.8975));
#2825=DIRECTION('',(-1.,0.,0.));
#2826=DIRECTION('',(-0.,0.,-1.));
#2827=AXIS2_PLACEMENT_3D('',#2824,#2825,#2826);
#2828=CYLINDRICAL_SURFACE('',#2827,2.7);
#2829=CARTESIAN_POINT('',(165.226528736,754.716969933,3.1975));
#2830=VERTEX_POINT('',#2829);
#2831=CARTESIAN_POINT('',(172.226528736,754.716969933,3.1975));
#2832=VERTEX_POINT('',#2831);
#2833=CARTESIAN_POINT('',(165.226528736,754.716969933,3.1975));
#2834=DIRECTION('',(1.,-0.,-0.));
#2835=VECTOR('',#2834,7.);
#2836=LINE('',#2833,#2835);
#2837=EDGE_CURVE('',#2830,#2832,#2836,.T.);
#2838=ORIENTED_EDGE('',*,*,#2837,.F.);
#2839=CARTESIAN_POINT('',(165.226528736,752.016969933,5.8975));
#2840=VERTEX_POINT('',#2839);
#2841=CARTESIAN_POINT('',(165.226528736,754.716969933,5.8975));
#2842=DIRECTION('',(1.,-0.,-0.));
#2843=DIRECTION('',(0.,-0.,1.));
#2844=AXIS2_PLACEMENT_3D('',#2841,#2842,#2843);
#2845=CIRCLE('',#2844,2.7);
#2846=EDGE_CURVE('',#2840,#2830,#2845,.T.);
#2847=ORIENTED_EDGE('',*,*,#2846,.F.);
#2848=CARTESIAN_POINT('',(172.226528736,752.016969933,5.8975));
#2849=VERTEX_POINT('',#2848);
#2850=CARTESIAN_POINT('',(172.226528736,752.016969933,5.8975));
#2851=DIRECTION('',(-1.,0.,0.));
#2852=VECTOR('',#2851,7.);
#2853=LINE('',#2850,#2852);
#2854=EDGE_CURVE('',#2849,#2840,#2853,.T.);
#2855=ORIENTED_EDGE('',*,*,#2854,.F.);
#2856=CARTESIAN_POINT('',(172.226528736,754.716969933,5.8975));
#2857=DIRECTION('',(1.,-0.,-0.));
#2858=DIRECTION('',(0.,-0.,1.));
#2859=AXIS2_PLACEMENT_3D('',#2856,#2857,#2858);
#2860=CIRCLE('',#2859,2.7);
#2861=EDGE_CURVE('',#2849,#2832,#2860,.T.);
#2862=ORIENTED_EDGE('',*,*,#2861,.T.);
#2863=EDGE_LOOP('',(#2838,#2847,#2855,#2862));
#2864=FACE_BOUND('',#2863,.T.);
#2865=ADVANCED_FACE('',(#2864),#2828,.F.);
#2866=CARTESIAN_POINT('',(208.226528736,754.716969933,5.8975));
#2867=DIRECTION('',(-1.,0.,0.));
#2868=DIRECTION('',(-0.,0.,-1.));
#2869=AXIS2_PLACEMENT_3D('',#2866,#2867,#2868);
#2870=CYLINDRICAL_SURFACE('',#2869,2.7);
#2871=CARTESIAN_POINT('',(201.226528736,754.716969933,3.1975));
#2872=VERTEX_POINT('',#2871);
#2873=CARTESIAN_POINT('',(208.226528736,754.716969933,3.1975));
#2874=VERTEX_POINT('',#2873);
#2875=CARTESIAN_POINT('',(201.226528736,754.716969933,3.1975));
#2876=DIRECTION('',(1.,-0.,-0.));
#2877=VECTOR('',#2876,7.);
#2878=LINE('',#2875,#2877);
#2879=EDGE_CURVE('',#2872,#2874,#2878,.T.);
#2880=ORIENTED_EDGE('',*,*,#2879,.F.);
#2881=CARTESIAN_POINT('',(201.226528736,752.016969933,5.8975));
#2882=VERTEX_POINT('',#2881);
#2883=CARTESIAN_POINT('',(201.226528736,754.716969933,5.8975));
#2884=DIRECTION('',(-1.,0.,0.));
#2885=DIRECTION('',(0.,-0.,1.));
#2886=AXIS2_PLACEMENT_3D('',#2883,#2884,#2885);
#2887=CIRCLE('',#2886,2.7);
#2888=EDGE_CURVE('',#2872,#2882,#2887,.T.);
#2889=ORIENTED_EDGE('',*,*,#2888,.T.);
#2890=CARTESIAN_POINT('',(208.226528736,752.016969933,5.8975));
#2891=VERTEX_POINT('',#2890);
#2892=CARTESIAN_POINT('',(208.226528736,752.016969933,5.8975));
#2893=DIRECTION('',(-1.,0.,0.));
#2894=VECTOR('',#2893,7.);
#2895=LINE('',#2892,#2894);
#2896=EDGE_CURVE('',#2891,#2882,#2895,.T.);
#2897=ORIENTED_EDGE('',*,*,#2896,.F.);
#2898=CARTESIAN_POINT('',(208.226528736,754.716969933,5.8975));
#2899=DIRECTION('',(1.,-0.,-0.));
#2900=DIRECTION('',(0.,-0.,1.));
#2901=AXIS2_PLACEMENT_3D('',#2898,#2899,#2900);
#2902=CIRCLE('',#2901,2.7);
#2903=EDGE_CURVE('',#2891,#2874,#2902,.T.);
#2904=ORIENTED_EDGE('',*,*,#2903,.T.);
#2905=EDGE_LOOP('',(#2880,#2889,#2897,#2904));
#2906=FACE_BOUND('',#2905,.T.);
#2907=ADVANCED_FACE('',(#2906),#2870,.F.);
#2908=CARTESIAN_POINT('',(201.226528736,758.116969933,10.3475));
#2909=DIRECTION('',(0.,-0.,1.));
#2910=DIRECTION('',(-1.,0.,0.));
#2911=AXIS2_PLACEMENT_3D('',#2908,#2909,#2910);
#2912=CYLINDRICAL_SURFACE('',#2911,0.7);
#2913=CARTESIAN_POINT('',(201.226528736,757.416969933,10.1975));
#2914=VERTEX_POINT('',#2913);
#2915=CARTESIAN_POINT('',(200.526528736,758.116969933,10.1975));
#2916=VERTEX_POINT('',#2915);
#2917=CARTESIAN_POINT('',(201.226528736,758.116969933,10.1975));
#2918=DIRECTION('',(0.,-0.,-1.));
#2919=DIRECTION('',(-1.,0.,-0.));
#2920=AXIS2_PLACEMENT_3D('',#2917,#2918,#2919);
#2921=CIRCLE('',#2920,0.7);
#2922=EDGE_CURVE('',#2914,#2916,#2921,.T.);
#2923=ORIENTED_EDGE('',*,*,#2922,.T.);
#2924=CARTESIAN_POINT('',(200.526528736,758.116969933,5.8975));
#2925=VERTEX_POINT('',#2924);
#2926=CARTESIAN_POINT('',(200.526528736,758.116969933,5.8975));
#2927=DIRECTION('',(0.,-0.,1.));
#2928=VECTOR('',#2927,4.3);
#2929=LINE('',#2926,#2928);
#2930=EDGE_CURVE('',#2925,#2916,#2929,.T.);
#2931=ORIENTED_EDGE('',*,*,#2930,.F.);
#2932=CARTESIAN_POINT('',(201.226528736,757.416969933,5.8975));
#2933=VERTEX_POINT('',#2932);
#2934=CARTESIAN_POINT('',(201.226528736,758.116969933,5.8975));
#2935=DIRECTION('',(0.,0.,-1.));
#2936=DIRECTION('',(1.,-0.,0.));
#2937=AXIS2_PLACEMENT_3D('',#2934,#2935,#2936);
#2938=CIRCLE('',#2937,0.7);
#2939=EDGE_CURVE('',#2933,#2925,#2938,.T.);
#2940=ORIENTED_EDGE('',*,*,#2939,.F.);
#2941=CARTESIAN_POINT('',(201.226528736,757.416969933,10.1975));
#2942=DIRECTION('',(-0.,0.,-1.));
#2943=VECTOR('',#2942,4.3);
#2944=LINE('',#2941,#2943);
#2945=EDGE_CURVE('',#2914,#2933,#2944,.T.);
#2946=ORIENTED_EDGE('',*,*,#2945,.F.);
#2947=EDGE_LOOP('',(#2923,#2931,#2940,#2946));
#2948=FACE_BOUND('',#2947,.T.);
#2949=ADVANCED_FACE('',(#2948),#2912,.T.);
#2950=CARTESIAN_POINT('',(201.226528736,754.716969933,5.8975));
#2951=DIRECTION('',(1.,-0.,-0.));
#2952=DIRECTION('',(0.,-0.,1.));
#2953=AXIS2_PLACEMENT_3D('',#2950,#2951,#2952);
#2954=TOROIDAL_SURFACE('',#2953,3.4,0.7);
#2955=ORIENTED_EDGE('',*,*,#2939,.T.);
#2956=CARTESIAN_POINT('',(200.526528736,751.316969933,5.8975));
#2957=VERTEX_POINT('',#2956);
#2958=CARTESIAN_POINT('',(200.526528736,754.716969933,5.8975));
#2959=DIRECTION('',(1.,-0.,-0.));
#2960=DIRECTION('',(0.,-0.,1.));
#2961=AXIS2_PLACEMENT_3D('',#2958,#2959,#2960);
#2962=CIRCLE('',#2961,3.4);
#2963=EDGE_CURVE('',#2957,#2925,#2962,.T.);
#2964=ORIENTED_EDGE('',*,*,#2963,.F.);
#2965=CARTESIAN_POINT('',(201.226528736,751.316969933,5.8975));
#2966=DIRECTION('',(-0.,0.,1.));
#2967=DIRECTION('',(-1.,0.,-0.));
#2968=AXIS2_PLACEMENT_3D('',#2965,#2966,#2967);
#2969=CIRCLE('',#2968,0.7);
#2970=EDGE_CURVE('',#2882,#2957,#2969,.T.);
#2971=ORIENTED_EDGE('',*,*,#2970,.F.);
#2972=ORIENTED_EDGE('',*,*,#2888,.F.);
#2973=CARTESIAN_POINT('',(201.226528736,754.716969933,5.8975));
#2974=DIRECTION('',(-1.,0.,0.));
#2975=DIRECTION('',(0.,-0.,1.));
#2976=AXIS2_PLACEMENT_3D('',#2973,#2974,#2975);
#2977=CIRCLE('',#2976,2.7);
#2978=EDGE_CURVE('',#2933,#2872,#2977,.T.);
#2979=ORIENTED_EDGE('',*,*,#2978,.F.);
#2980=EDGE_LOOP('',(#2955,#2964,#2971,#2972,#2979));
#2981=FACE_BOUND('',#2980,.T.);
#2982=ADVANCED_FACE('',(#2981),#2954,.T.);
#2983=CARTESIAN_POINT('',(201.226528736,751.316969933,10.3475));
#2984=DIRECTION('',(-0.,0.,-1.));
#2985=DIRECTION('',(1.,-0.,-0.));
#2986=AXIS2_PLACEMENT_3D('',#2983,#2984,#2985);
#2987=CYLINDRICAL_SURFACE('',#2986,0.7);
#2988=ORIENTED_EDGE('',*,*,#2970,.T.);
#2989=CARTESIAN_POINT('',(200.526528736,751.316969933,10.1975));
#2990=VERTEX_POINT('',#2989);
#2991=CARTESIAN_POINT('',(200.526528736,751.316969933,10.1975));
#2992=DIRECTION('',(-0.,0.,-1.));
#2993=VECTOR('',#2992,4.3);
#2994=LINE('',#2991,#2993);
#2995=EDGE_CURVE('',#2990,#2957,#2994,.T.);
#2996=ORIENTED_EDGE('',*,*,#2995,.F.);
#2997=CARTESIAN_POINT('',(201.226528736,752.016969933,10.1975));
#2998=VERTEX_POINT('',#2997);
#2999=CARTESIAN_POINT('',(201.226528736,751.316969933,10.1975));
#3000=DIRECTION('',(0.,-0.,-1.));
#3001=DIRECTION('',(-1.,0.,-0.));
#3002=AXIS2_PLACEMENT_3D('',#2999,#3000,#3001);
#3003=CIRCLE('',#3002,0.7);
#3004=EDGE_CURVE('',#2990,#2998,#3003,.T.);
#3005=ORIENTED_EDGE('',*,*,#3004,.T.);
#3006=CARTESIAN_POINT('',(201.226528736,752.016969933,5.8975));
#3007=DIRECTION('',(0.,-0.,1.));
#3008=VECTOR('',#3007,4.3);
#3009=LINE('',#3006,#3008);
#3010=EDGE_CURVE('',#2882,#2998,#3009,.T.);
#3011=ORIENTED_EDGE('',*,*,#3010,.F.);
#3012=EDGE_LOOP('',(#2988,#2996,#3005,#3011));
#3013=FACE_BOUND('',#3012,.T.);
#3014=ADVANCED_FACE('',(#3013),#2987,.T.);
#3015=CARTESIAN_POINT('',(172.226528736,754.716969933,5.8975));
#3016=DIRECTION('',(1.,-0.,-0.));
#3017=DIRECTION('',(0.,-0.,1.));
#3018=AXIS2_PLACEMENT_3D('',#3015,#3016,#3017);
#3019=TOROIDAL_SURFACE('',#3018,3.4,0.7);
#3020=CARTESIAN_POINT('',(172.926528736,758.116969933,5.8975));
#3021=VERTEX_POINT('',#3020);
#3022=CARTESIAN_POINT('',(172.226528736,757.416969933,5.8975));
#3023=VERTEX_POINT('',#3022);
#3024=CARTESIAN_POINT('',(172.226528736,758.116969933,5.8975));
#3025=DIRECTION('',(0.,0.,-1.));
#3026=DIRECTION('',(1.,-0.,0.));
#3027=AXIS2_PLACEMENT_3D('',#3024,#3025,#3026);
#3028=CIRCLE('',#3027,0.7);
#3029=EDGE_CURVE('',#3021,#3023,#3028,.T.);
#3030=ORIENTED_EDGE('',*,*,#3029,.T.);
#3031=CARTESIAN_POINT('',(172.226528736,754.716969933,5.8975));
#3032=DIRECTION('',(1.,-0.,-0.));
#3033=DIRECTION('',(0.,-0.,1.));
#3034=AXIS2_PLACEMENT_3D('',#3031,#3032,#3033);
#3035=CIRCLE('',#3034,2.7);
#3036=EDGE_CURVE('',#2832,#3023,#3035,.T.);
#3037=ORIENTED_EDGE('',*,*,#3036,.F.);
#3038=ORIENTED_EDGE('',*,*,#2861,.F.);
#3039=CARTESIAN_POINT('',(172.926528736,751.316969933,5.8975));
#3040=VERTEX_POINT('',#3039);
#3041=CARTESIAN_POINT('',(172.226528736,751.316969933,5.8975));
#3042=DIRECTION('',(-0.,0.,1.));
#3043=DIRECTION('',(-1.,0.,-0.));
#3044=AXIS2_PLACEMENT_3D('',#3041,#3042,#3043);
#3045=CIRCLE('',#3044,0.7);
#3046=EDGE_CURVE('',#3040,#2849,#3045,.T.);
#3047=ORIENTED_EDGE('',*,*,#3046,.F.);
#3048=CARTESIAN_POINT('',(172.926528736,754.716969933,5.8975));
#3049=DIRECTION('',(-1.,0.,0.));
#3050=DIRECTION('',(0.,-0.,1.));
#3051=AXIS2_PLACEMENT_3D('',#3048,#3049,#3050);
#3052=CIRCLE('',#3051,3.4);
#3053=EDGE_CURVE('',#3021,#3040,#3052,.T.);
#3054=ORIENTED_EDGE('',*,*,#3053,.F.);
#3055=EDGE_LOOP('',(#3030,#3037,#3038,#3047,#3054));
#3056=FACE_BOUND('',#3055,.T.);
#3057=ADVANCED_FACE('',(#3056),#3019,.T.);
#3058=CARTESIAN_POINT('',(172.226528736,758.116969933,-111.2025));
#3059=DIRECTION('',(-0.,0.,-1.));
#3060=DIRECTION('',(1.,-0.,-0.));
#3061=AXIS2_PLACEMENT_3D('',#3058,#3059,#3060);
#3062=CYLINDRICAL_SURFACE('',#3061,0.7);
#3063=CARTESIAN_POINT('',(172.926528736,758.116969933,10.1975));
#3064=VERTEX_POINT('',#3063);
#3065=CARTESIAN_POINT('',(172.226528736,757.416969933,10.1975));
#3066=VERTEX_POINT('',#3065);
#3067=CARTESIAN_POINT('',(172.226528736,758.116969933,10.1975));
#3068=DIRECTION('',(0.,-0.,-1.));
#3069=DIRECTION('',(-1.,0.,-0.));
#3070=AXIS2_PLACEMENT_3D('',#3067,#3068,#3069);
#3071=CIRCLE('',#3070,0.7);
#3072=EDGE_CURVE('',#3064,#3066,#3071,.T.);
#3073=ORIENTED_EDGE('',*,*,#3072,.T.);
#3074=CARTESIAN_POINT('',(172.226528736,757.416969933,5.8975));
#3075=DIRECTION('',(0.,-0.,1.));
#3076=VECTOR('',#3075,4.3);
#3077=LINE('',#3074,#3076);
#3078=EDGE_CURVE('',#3023,#3066,#3077,.T.);
#3079=ORIENTED_EDGE('',*,*,#3078,.F.);
#3080=ORIENTED_EDGE('',*,*,#3029,.F.);
#3081=CARTESIAN_POINT('',(172.926528736,758.116969933,10.1975));
#3082=DIRECTION('',(-0.,0.,-1.));
#3083=VECTOR('',#3082,4.3);
#3084=LINE('',#3081,#3083);
#3085=EDGE_CURVE('',#3064,#3021,#3084,.T.);
#3086=ORIENTED_EDGE('',*,*,#3085,.F.);
#3087=EDGE_LOOP('',(#3073,#3079,#3080,#3086));
#3088=FACE_BOUND('',#3087,.T.);
#3089=ADVANCED_FACE('',(#3088),#3062,.T.);
#3090=CARTESIAN_POINT('',(172.226528736,751.316969933,-111.2025));
#3091=DIRECTION('',(0.,-0.,1.));
#3092=DIRECTION('',(-1.,0.,0.));
#3093=AXIS2_PLACEMENT_3D('',#3090,#3091,#3092);
#3094=CYLINDRICAL_SURFACE('',#3093,0.7);
#3095=ORIENTED_EDGE('',*,*,#3046,.T.);
#3096=CARTESIAN_POINT('',(172.226528736,752.016969933,10.1975));
#3097=VERTEX_POINT('',#3096);
#3098=CARTESIAN_POINT('',(172.226528736,752.016969933,10.1975));
#3099=DIRECTION('',(-0.,0.,-1.));
#3100=VECTOR('',#3099,4.3);
#3101=LINE('',#3098,#3100);
#3102=EDGE_CURVE('',#3097,#2849,#3101,.T.);
#3103=ORIENTED_EDGE('',*,*,#3102,.F.);
#3104=CARTESIAN_POINT('',(172.926528736,751.316969933,10.1975));
#3105=VERTEX_POINT('',#3104);
#3106=CARTESIAN_POINT('',(172.226528736,751.316969933,10.1975));
#3107=DIRECTION('',(0.,-0.,-1.));
#3108=DIRECTION('',(-1.,0.,-0.));
#3109=AXIS2_PLACEMENT_3D('',#3106,#3107,#3108);
#3110=CIRCLE('',#3109,0.7);
#3111=EDGE_CURVE('',#3097,#3105,#3110,.T.);
#3112=ORIENTED_EDGE('',*,*,#3111,.T.);
#3113=CARTESIAN_POINT('',(172.926528736,751.316969933,5.8975));
#3114=DIRECTION('',(0.,-0.,1.));
#3115=VECTOR('',#3114,4.3);
#3116=LINE('',#3113,#3115);
#3117=EDGE_CURVE('',#3040,#3105,#3116,.T.);
#3118=ORIENTED_EDGE('',*,*,#3117,.F.);
#3119=EDGE_LOOP('',(#3095,#3103,#3112,#3118));
#3120=FACE_BOUND('',#3119,.T.);
#3121=ADVANCED_FACE('',(#3120),#3094,.T.);
#3122=CARTESIAN_POINT('',(208.226528736,757.416969933,10.3475));
#3123=DIRECTION('',(-0.,-1.,-0.));
#3124=DIRECTION('',(-1.,0.,-0.));
#3125=AXIS2_PLACEMENT_3D('',#3122,#3123,#3124);
#3126=PLANE('',#3125);
#3127=CARTESIAN_POINT('',(165.226528736,757.416969933,5.8975));
#3128=VERTEX_POINT('',#3127);
#3129=CARTESIAN_POINT('',(172.226528736,757.416969933,5.8975));
#3130=DIRECTION('',(-1.,0.,0.));
#3131=VECTOR('',#3130,7.);
#3132=LINE('',#3129,#3131);
#3133=EDGE_CURVE('',#3023,#3128,#3132,.T.);
#3134=ORIENTED_EDGE('',*,*,#3133,.F.);
#3135=ORIENTED_EDGE('',*,*,#3078,.T.);
#3136=CARTESIAN_POINT('',(165.226528736,757.416969933,10.1975));
#3137=VERTEX_POINT('',#3136);
#3138=CARTESIAN_POINT('',(172.226528736,757.416969933,10.1975));
#3139=DIRECTION('',(-1.,0.,0.));
#3140=VECTOR('',#3139,7.);
#3141=LINE('',#3138,#3140);
#3142=EDGE_CURVE('',#3066,#3137,#3141,.T.);
#3143=ORIENTED_EDGE('',*,*,#3142,.T.);
#3144=CARTESIAN_POINT('',(165.226528736,757.416969933,5.8975));
#3145=DIRECTION('',(0.,-0.,1.));
#3146=VECTOR('',#3145,4.3);
#3147=LINE('',#3144,#3146);
#3148=EDGE_CURVE('',#3128,#3137,#3147,.T.);
#3149=ORIENTED_EDGE('',*,*,#3148,.F.);
#3150=EDGE_LOOP('',(#3134,#3135,#3143,#3149));
#3151=FACE_BOUND('',#3150,.T.);
#3152=ADVANCED_FACE('',(#3151),#3126,.T.);
#3153=CARTESIAN_POINT('',(172.226528736,758.116969933,10.1975));
#3154=DIRECTION('',(-0.,0.,1.));
#3155=DIRECTION('',(-1.,0.,-0.));
#3156=AXIS2_PLACEMENT_3D('',#3153,#3154,#3155);
#3157=SPHERICAL_SURFACE('',#3156,0.7);
#3158=CARTESIAN_POINT('',(172.226528736,758.116969933,10.1975));
#3159=DIRECTION('',(-0.,-1.,0.));
#3160=DIRECTION('',(0.,-0.,-1.));
#3161=AXIS2_PLACEMENT_3D('',#3158,#3159,#3160);
#3162=CIRCLE('',#3161,0.7);
#3163=EDGE_CURVE('',#3064,#112,#3162,.T.);
#3164=ORIENTED_EDGE('',*,*,#3163,.T.);
#3165=CARTESIAN_POINT('',(172.226528736,758.116969933,10.1975));
#3166=DIRECTION('',(1.,-0.,0.));
#3167=DIRECTION('',(-0.,0.,1.));
#3168=AXIS2_PLACEMENT_3D('',#3165,#3166,#3167);
#3169=CIRCLE('',#3168,0.7);
#3170=EDGE_CURVE('',#112,#3066,#3169,.T.);
#3171=ORIENTED_EDGE('',*,*,#3170,.T.);
#3172=ORIENTED_EDGE('',*,*,#3072,.F.);
#3173=EDGE_LOOP('',(#3164,#3171,#3172));
#3174=FACE_BOUND('',#3173,.T.);
#3175=ADVANCED_FACE('',(#3174),#3157,.T.);
#3176=CARTESIAN_POINT('',(165.226528736,675.828015115,-111.2025));
#3177=DIRECTION('',(1.,-0.,-0.));
#3178=DIRECTION('',(0.,1.,0.));
#3179=AXIS2_PLACEMENT_3D('',#3176,#3177,#3178);
#3180=PLANE('',#3179);
#3181=ORIENTED_EDGE('',*,*,#3148,.T.);
#3182=CARTESIAN_POINT('',(165.226528736,752.016969933,10.1975));
#3183=VERTEX_POINT('',#3182);
#3184=CARTESIAN_POINT('',(165.226528736,757.416969933,10.1975));
#3185=DIRECTION('',(-0.,-1.,-0.));
#3186=VECTOR('',#3185,5.4);
#3187=LINE('',#3184,#3186);
#3188=EDGE_CURVE('',#3137,#3183,#3187,.T.);
#3189=ORIENTED_EDGE('',*,*,#3188,.T.);
#3190=CARTESIAN_POINT('',(165.226528736,752.016969933,10.1975));
#3191=DIRECTION('',(-0.,0.,-1.));
#3192=VECTOR('',#3191,4.3);
#3193=LINE('',#3190,#3192);
#3194=EDGE_CURVE('',#3183,#2840,#3193,.T.);
#3195=ORIENTED_EDGE('',*,*,#3194,.T.);
#3196=ORIENTED_EDGE('',*,*,#2846,.T.);
#3197=CARTESIAN_POINT('',(165.226528736,754.716969933,5.8975));
#3198=DIRECTION('',(1.,-0.,-0.));
#3199=DIRECTION('',(0.,-0.,1.));
#3200=AXIS2_PLACEMENT_3D('',#3197,#3198,#3199);
#3201=CIRCLE('',#3200,2.7);
#3202=EDGE_CURVE('',#2830,#3128,#3201,.T.);
#3203=ORIENTED_EDGE('',*,*,#3202,.T.);
#3204=EDGE_LOOP('',(#3181,#3189,#3195,#3196,#3203));
#3205=FACE_BOUND('',#3204,.T.);
#3206=ADVANCED_FACE('',(#3205),#3180,.T.);
#3207=CARTESIAN_POINT('',(208.226528736,752.016969933,10.3475));
#3208=DIRECTION('',(0.,1.,0.));
#3209=DIRECTION('',(1.,-0.,0.));
#3210=AXIS2_PLACEMENT_3D('',#3207,#3208,#3209);
#3211=PLANE('',#3210);
#3212=CARTESIAN_POINT('',(165.226528736,752.016969933,10.1975));
#3213=DIRECTION('',(1.,-0.,0.));
#3214=VECTOR('',#3213,7.);
#3215=LINE('',#3212,#3214);
#3216=EDGE_CURVE('',#3183,#3097,#3215,.T.);
#3217=ORIENTED_EDGE('',*,*,#3216,.T.);
#3218=ORIENTED_EDGE('',*,*,#3102,.T.);
#3219=ORIENTED_EDGE('',*,*,#2854,.T.);
#3220=ORIENTED_EDGE('',*,*,#3194,.F.);
#3221=EDGE_LOOP('',(#3217,#3218,#3219,#3220));
#3222=FACE_BOUND('',#3221,.T.);
#3223=ADVANCED_FACE('',(#3222),#3211,.T.);
#3224=CARTESIAN_POINT('',(172.226528736,751.316969933,10.1975));
#3225=DIRECTION('',(-0.,0.,1.));
#3226=DIRECTION('',(-1.,0.,-0.));
#3227=AXIS2_PLACEMENT_3D('',#3224,#3225,#3226);
#3228=SPHERICAL_SURFACE('',#3227,0.7);
#3229=CARTESIAN_POINT('',(172.226528736,751.316969933,10.1975));
#3230=DIRECTION('',(1.,-0.,-0.));
#3231=DIRECTION('',(0.,-0.,1.));
#3232=AXIS2_PLACEMENT_3D('',#3229,#3230,#3231);
#3233=CIRCLE('',#3232,0.7);
#3234=EDGE_CURVE('',#3097,#88,#3233,.T.);
#3235=ORIENTED_EDGE('',*,*,#3234,.T.);
#3236=CARTESIAN_POINT('',(172.226528736,751.316969933,10.1975));
#3237=DIRECTION('',(0.,1.,0.));
#3238=DIRECTION('',(1.,-0.,0.));
#3239=AXIS2_PLACEMENT_3D('',#3236,#3237,#3238);
#3240=CIRCLE('',#3239,0.7);
#3241=EDGE_CURVE('',#88,#3105,#3240,.T.);
#3242=ORIENTED_EDGE('',*,*,#3241,.T.);
#3243=ORIENTED_EDGE('',*,*,#3111,.F.);
#3244=EDGE_LOOP('',(#3235,#3242,#3243));
#3245=FACE_BOUND('',#3244,.T.);
#3246=ADVANCED_FACE('',(#3245),#3228,.T.);
#3247=CARTESIAN_POINT('',(201.226528736,751.316969933,10.1975));
#3248=DIRECTION('',(-0.,0.,1.));
#3249=DIRECTION('',(-1.,0.,-0.));
#3250=AXIS2_PLACEMENT_3D('',#3247,#3248,#3249);
#3251=SPHERICAL_SURFACE('',#3250,0.7);
#3252=CARTESIAN_POINT('',(201.226528736,751.316969933,10.1975));
#3253=DIRECTION('',(0.,1.,0.));
#3254=DIRECTION('',(-0.,0.,1.));
#3255=AXIS2_PLACEMENT_3D('',#3252,#3253,#3254);
#3256=CIRCLE('',#3255,0.7);
#3257=EDGE_CURVE('',#2990,#1595,#3256,.T.);
#3258=ORIENTED_EDGE('',*,*,#3257,.T.);
#3259=CARTESIAN_POINT('',(201.226528736,751.316969933,10.1975));
#3260=DIRECTION('',(-1.,0.,-0.));
#3261=DIRECTION('',(0.,0.,-1.));
#3262=AXIS2_PLACEMENT_3D('',#3259,#3260,#3261);
#3263=CIRCLE('',#3262,0.7);
#3264=EDGE_CURVE('',#1595,#2998,#3263,.T.);
#3265=ORIENTED_EDGE('',*,*,#3264,.T.);
#3266=ORIENTED_EDGE('',*,*,#3004,.F.);
#3267=EDGE_LOOP('',(#3258,#3265,#3266));
#3268=FACE_BOUND('',#3267,.T.);
#3269=ADVANCED_FACE('',(#3268),#3251,.T.);
#3270=CARTESIAN_POINT('',(208.226528736,752.016969933,10.3475));
#3271=DIRECTION('',(0.,1.,0.));
#3272=DIRECTION('',(1.,-0.,0.));
#3273=AXIS2_PLACEMENT_3D('',#3270,#3271,#3272);
#3274=PLANE('',#3273);
#3275=ORIENTED_EDGE('',*,*,#2896,.T.);
#3276=ORIENTED_EDGE('',*,*,#3010,.T.);
#3277=CARTESIAN_POINT('',(208.226528736,752.016969933,10.1975));
#3278=VERTEX_POINT('',#3277);
#3279=CARTESIAN_POINT('',(201.226528736,752.016969933,10.1975));
#3280=DIRECTION('',(1.,-0.,-0.));
#3281=VECTOR('',#3280,7.);
#3282=LINE('',#3279,#3281);
#3283=EDGE_CURVE('',#2998,#3278,#3282,.T.);
#3284=ORIENTED_EDGE('',*,*,#3283,.T.);
#3285=CARTESIAN_POINT('',(208.226528736,752.016969933,10.1975));
#3286=DIRECTION('',(-0.,0.,-1.));
#3287=VECTOR('',#3286,4.3);
#3288=LINE('',#3285,#3287);
#3289=EDGE_CURVE('',#3278,#2891,#3288,.T.);
#3290=ORIENTED_EDGE('',*,*,#3289,.T.);
#3291=EDGE_LOOP('',(#3275,#3276,#3284,#3290));
#3292=FACE_BOUND('',#3291,.T.);
#3293=ADVANCED_FACE('',(#3292),#3274,.T.);
#3294=CARTESIAN_POINT('',(208.226528736,675.828015115,-111.2025));
#3295=DIRECTION('',(1.,-0.,-0.));
#3296=DIRECTION('',(0.,1.,0.));
#3297=AXIS2_PLACEMENT_3D('',#3294,#3295,#3296);
#3298=PLANE('',#3297);
#3299=ORIENTED_EDGE('',*,*,#3289,.F.);
#3300=CARTESIAN_POINT('',(208.226528736,757.416969933,10.1975));
#3301=VERTEX_POINT('',#3300);
#3302=CARTESIAN_POINT('',(208.226528736,752.016969933,10.1975));
#3303=DIRECTION('',(0.,1.,0.));
#3304=VECTOR('',#3303,5.4);
#3305=LINE('',#3302,#3304);
#3306=EDGE_CURVE('',#3278,#3301,#3305,.T.);
#3307=ORIENTED_EDGE('',*,*,#3306,.T.);
#3308=CARTESIAN_POINT('',(208.226528736,757.416969933,5.8975));
#3309=VERTEX_POINT('',#3308);
#3310=CARTESIAN_POINT('',(208.226528736,757.416969933,5.8975));
#3311=DIRECTION('',(0.,-0.,1.));
#3312=VECTOR('',#3311,4.3);
#3313=LINE('',#3310,#3312);
#3314=EDGE_CURVE('',#3309,#3301,#3313,.T.);
#3315=ORIENTED_EDGE('',*,*,#3314,.F.);
#3316=CARTESIAN_POINT('',(208.226528736,754.716969933,5.8975));
#3317=DIRECTION('',(1.,-0.,-0.));
#3318=DIRECTION('',(0.,-0.,1.));
#3319=AXIS2_PLACEMENT_3D('',#3316,#3317,#3318);
#3320=CIRCLE('',#3319,2.7);
#3321=EDGE_CURVE('',#2874,#3309,#3320,.T.);
#3322=ORIENTED_EDGE('',*,*,#3321,.F.);
#3323=ORIENTED_EDGE('',*,*,#2903,.F.);
#3324=EDGE_LOOP('',(#3299,#3307,#3315,#3322,#3323));
#3325=FACE_BOUND('',#3324,.T.);
#3326=ADVANCED_FACE('',(#3325),#3298,.F.);
#3327=CARTESIAN_POINT('',(208.226528736,757.416969933,10.3475));
#3328=DIRECTION('',(-0.,-1.,-0.));
#3329=DIRECTION('',(-1.,0.,-0.));
#3330=AXIS2_PLACEMENT_3D('',#3327,#3328,#3329);
#3331=PLANE('',#3330);
#3332=CARTESIAN_POINT('',(208.226528736,757.416969933,10.1975));
#3333=DIRECTION('',(-1.,0.,-0.));
#3334=VECTOR('',#3333,7.);
#3335=LINE('',#3332,#3334);
#3336=EDGE_CURVE('',#3301,#2914,#3335,.T.);
#3337=ORIENTED_EDGE('',*,*,#3336,.T.);
#3338=ORIENTED_EDGE('',*,*,#2945,.T.);
#3339=CARTESIAN_POINT('',(208.226528736,757.416969933,5.8975));
#3340=DIRECTION('',(-1.,0.,0.));
#3341=VECTOR('',#3340,7.);
#3342=LINE('',#3339,#3341);
#3343=EDGE_CURVE('',#3309,#2933,#3342,.T.);
#3344=ORIENTED_EDGE('',*,*,#3343,.F.);
#3345=ORIENTED_EDGE('',*,*,#3314,.T.);
#3346=EDGE_LOOP('',(#3337,#3338,#3344,#3345));
#3347=FACE_BOUND('',#3346,.T.);
#3348=ADVANCED_FACE('',(#3347),#3331,.T.);
#3349=CARTESIAN_POINT('',(201.226528736,758.116969933,10.1975));
#3350=DIRECTION('',(-0.,0.,1.));
#3351=DIRECTION('',(-1.,0.,-0.));
#3352=AXIS2_PLACEMENT_3D('',#3349,#3350,#3351);
#3353=SPHERICAL_SURFACE('',#3352,0.7);
#3354=CARTESIAN_POINT('',(201.226528736,758.116969933,10.1975));
#3355=DIRECTION('',(-1.,0.,-0.));
#3356=DIRECTION('',(0.,-0.,-1.));
#3357=AXIS2_PLACEMENT_3D('',#3354,#3355,#3356);
#3358=CIRCLE('',#3357,0.7);
#3359=EDGE_CURVE('',#2914,#1571,#3358,.T.);
#3360=ORIENTED_EDGE('',*,*,#3359,.T.);
#3361=CARTESIAN_POINT('',(201.226528736,758.116969933,10.1975));
#3362=DIRECTION('',(-0.,-1.,-0.));
#3363=DIRECTION('',(0.,0.,-1.));
#3364=AXIS2_PLACEMENT_3D('',#3361,#3362,#3363);
#3365=CIRCLE('',#3364,0.7);
#3366=EDGE_CURVE('',#1571,#2916,#3365,.T.);
#3367=ORIENTED_EDGE('',*,*,#3366,.T.);
#3368=ORIENTED_EDGE('',*,*,#2922,.F.);
#3369=EDGE_LOOP('',(#3360,#3367,#3368));
#3370=FACE_BOUND('',#3369,.T.);
#3371=ADVANCED_FACE('',(#3370),#3353,.T.);
#3372=CARTESIAN_POINT('',(173.226528736,754.716969933,5.8975));
#3373=DIRECTION('',(1.,-0.,-0.));
#3374=DIRECTION('',(0.,-0.,1.));
#3375=AXIS2_PLACEMENT_3D('',#3372,#3373,#3374);
#3376=CYLINDRICAL_SURFACE('',#3375,8.6);
#3377=CARTESIAN_POINT('',(177.726528736,746.195856209,7.059662162));
#3378=VERTEX_POINT('',#3377);
#3379=CARTESIAN_POINT('',(177.726528736,746.261872017,4.325456989));
#3380=VERTEX_POINT('',#3379);
#3381=CARTESIAN_POINT('',(177.726528736,754.716969933,5.8975));
#3382=DIRECTION('',(1.,-0.,0.));
#3383=DIRECTION('',(-0.,-0.,1.));
#3384=AXIS2_PLACEMENT_3D('',#3381,#3382,#3383);
#3385=CIRCLE('',#3384,8.6);
#3386=EDGE_CURVE('',#3378,#3380,#3385,.T.);
#3387=ORIENTED_EDGE('',*,*,#3386,.T.);
#3388=CARTESIAN_POINT('',(195.726528736,746.261872017,4.325456989));
#3389=VERTEX_POINT('',#3388);
#3390=CARTESIAN_POINT('',(177.726528736,746.261872017,4.325456989));
#3391=DIRECTION('',(1.,-0.,-0.));
#3392=VECTOR('',#3391,18.);
#3393=LINE('',#3390,#3392);
#3394=EDGE_CURVE('',#3380,#3389,#3393,.T.);
#3395=ORIENTED_EDGE('',*,*,#3394,.T.);
#3396=CARTESIAN_POINT('',(195.726528736,746.195856209,7.059662162));
#3397=VERTEX_POINT('',#3396);
#3398=CARTESIAN_POINT('',(195.726528736,754.716969933,5.8975));
#3399=DIRECTION('',(-1.,0.,-0.));
#3400=DIRECTION('',(-0.,-0.,1.));
#3401=AXIS2_PLACEMENT_3D('',#3398,#3399,#3400);
#3402=CIRCLE('',#3401,8.6);
#3403=EDGE_CURVE('',#3389,#3397,#3402,.T.);
#3404=ORIENTED_EDGE('',*,*,#3403,.T.);
#3405=CARTESIAN_POINT('',(196.726528736,746.337932083,7.834436937));
#3406=VERTEX_POINT('',#3405);
#3407=CARTESIAN_POINT('',(195.726528736,746.195856209,7.059662162));
#3408=CARTESIAN_POINT('',(195.726528736,746.209792266,7.16184302));
#3409=CARTESIAN_POINT('',(195.752363733,746.225337471,7.261747735));
#3410=CARTESIAN_POINT('',(195.802145069,746.241412199,7.355210906));
#3411=CARTESIAN_POINT('',(195.827035736,746.249449563,7.401942492));
#3412=CARTESIAN_POINT('',(195.857483705,746.257468889,7.446262187));
#3413=CARTESIAN_POINT('',(195.893433746,746.265364664,7.488213165));
#3414=CARTESIAN_POINT('',(195.929383786,746.273260439,7.530164143));
#3415=CARTESIAN_POINT('',(195.971291915,746.281086969,7.569986308));
#3416=CARTESIAN_POINT('',(196.017162249,746.288336044,7.605753716));
#3417=CARTESIAN_POINT('',(196.063032583,746.295585119,7.641521123));
#3418=CARTESIAN_POINT('',(196.113113575,746.302333362,7.673657795));
#3419=CARTESIAN_POINT('',(196.167531842,746.308433536,7.702081848));
#3420=CARTESIAN_POINT('',(196.221950108,746.314533709,7.730505901));
#3421=CARTESIAN_POINT('',(196.280378386,746.319918405,7.75489774));
#3422=CARTESIAN_POINT('',(196.340666132,746.324287505,7.774434113));
#3423=CARTESIAN_POINT('',(196.461241623,746.333025705,7.813506858));
#3424=CARTESIAN_POINT('',(196.593372846,746.337932083,7.834436937));
#3425=CARTESIAN_POINT('',(196.726528736,746.337932083,7.834436937));
#3426=B_SPLINE_CURVE_WITH_KNOTS('',3,(#3407,#3408,#3409,#3410,#3411,#3412,#3413,#3414,#3415,#3416,#3417,#3418,#3419,#3420,#3421,#3422,#3423,#3424,#3425),.UNSPECIFIED.,.F.,.F.,(4,3,3,3,3,3,4),(0.,0.00039361,0.000590415,0.00078722,0.000984025,0.00118083,0.00157444),.UNSPECIFIED.);
#3427=EDGE_CURVE('',#3397,#3406,#3426,.T.);
#3428=ORIENTED_EDGE('',*,*,#3427,.T.);
#3429=CARTESIAN_POINT('',(200.526528736,746.337932083,7.834436937));
#3430=VERTEX_POINT('',#3429);
#3431=CARTESIAN_POINT('',(196.726528736,746.337932083,7.834436937));
#3432=DIRECTION('',(1.,-0.,-0.));
#3433=VECTOR('',#3432,3.8);
#3434=LINE('',#3431,#3433);
#3435=EDGE_CURVE('',#3406,#3430,#3434,.T.);
#3436=ORIENTED_EDGE('',*,*,#3435,.T.);
#3437=CARTESIAN_POINT('',(200.526528736,747.242069211,1.644752747));
#3438=VERTEX_POINT('',#3437);
#3439=CARTESIAN_POINT('',(200.526528736,754.716969933,5.8975));
#3440=DIRECTION('',(1.,-0.,-0.));
#3441=DIRECTION('',(0.,-0.,1.));
#3442=AXIS2_PLACEMENT_3D('',#3439,#3440,#3441);
#3443=CIRCLE('',#3442,8.6);
#3444=EDGE_CURVE('',#3430,#3438,#3443,.T.);
#3445=ORIENTED_EDGE('',*,*,#3444,.T.);
#3446=CARTESIAN_POINT('',(172.926528736,747.242069211,1.644752747));
#3447=VERTEX_POINT('',#3446);
#3448=CARTESIAN_POINT('',(200.526528736,747.242069211,1.644752747));
#3449=DIRECTION('',(-1.,0.,0.));
#3450=VECTOR('',#3449,27.6);
#3451=LINE('',#3448,#3450);
#3452=EDGE_CURVE('',#3438,#3447,#3451,.T.);
#3453=ORIENTED_EDGE('',*,*,#3452,.T.);
#3454=CARTESIAN_POINT('',(172.926528736,746.337932083,7.834436937));
#3455=VERTEX_POINT('',#3454);
#3456=CARTESIAN_POINT('',(172.926528736,754.716969933,5.8975));
#3457=DIRECTION('',(1.,-0.,-0.));
#3458=DIRECTION('',(0.,-0.,1.));
#3459=AXIS2_PLACEMENT_3D('',#3456,#3457,#3458);
#3460=CIRCLE('',#3459,8.6);
#3461=EDGE_CURVE('',#3455,#3447,#3460,.T.);
#3462=ORIENTED_EDGE('',*,*,#3461,.F.);
#3463=CARTESIAN_POINT('',(176.726528736,746.337932083,7.834436937));
#3464=VERTEX_POINT('',#3463);
#3465=CARTESIAN_POINT('',(172.926528736,746.337932083,7.834436937));
#3466=DIRECTION('',(1.,-0.,-0.));
#3467=VECTOR('',#3466,3.8);
#3468=LINE('',#3465,#3467);
#3469=EDGE_CURVE('',#3455,#3464,#3468,.T.);
#3470=ORIENTED_EDGE('',*,*,#3469,.T.);
#3471=CARTESIAN_POINT('',(176.726528736,746.337932083,7.834436937));
#3472=CARTESIAN_POINT('',(176.793088216,746.337932083,7.834436937));
#3473=CARTESIAN_POINT('',(176.858489072,746.336748908,7.829338559));
#3474=CARTESIAN_POINT('',(176.922784166,746.33446303,7.819368365));
#3475=CARTESIAN_POINT('',(176.987079261,746.332177152,7.809398171));
#3476=CARTESIAN_POINT('',(177.050955604,746.328730179,7.79429667));
#3477=CARTESIAN_POINT('',(177.111613123,746.324344068,7.774687015));
#3478=CARTESIAN_POINT('',(177.172270642,746.319957958,7.755077361));
#3479=CARTESIAN_POINT('',(177.229745162,746.314665965,7.731109719));
#3480=CARTESIAN_POINT('',(177.284088543,746.308594291,7.702830735));
#3481=CARTESIAN_POINT('',(177.338431924,746.302522618,7.67455175));
#3482=CARTESIAN_POINT('',(177.389599571,746.295644707,7.641807551));
#3483=CARTESIAN_POINT('',(177.435450331,746.288406335,7.606100502));
#3484=CARTESIAN_POINT('',(177.52715185,746.273929592,7.534686403));
#3485=CARTESIAN_POINT('',(177.601049786,746.257481072,7.448599597));
#3486=CARTESIAN_POINT('',(177.650584251,746.241518025,7.355826075));
#3487=CARTESIAN_POINT('',(177.700118716,746.225554977,7.263052553));
#3488=CARTESIAN_POINT('',(177.726528736,746.209787835,7.161810531));
#3489=CARTESIAN_POINT('',(177.726528736,746.195856209,7.059662162));
#3490=B_SPLINE_CURVE_WITH_KNOTS('',3,(#3471,#3472,#3473,#3474,#3475,#3476,#3477,#3478,#3479,#3480,#3481,#3482,#3483,#3484,#3485,#3486,#3487,#3488,#3489),.UNSPECIFIED.,.F.,.F.,(4,3,3,3,3,3,4),(0.,0.000196805,0.000393609,0.000590414,0.000787219,0.001180828,0.001574438),.UNSPECIFIED.);
#3491=EDGE_CURVE('',#3464,#3378,#3490,.T.);
#3492=ORIENTED_EDGE('',*,*,#3491,.T.);
#3493=EDGE_LOOP('',(#3387,#3395,#3404,#3428,#3436,#3445,#3453,#3462,#3470,#3492));
#3494=FACE_BOUND('',#3493,.T.);
#3495=ADVANCED_FACE('',(#3494),#3376,.F.);
#3496=CARTESIAN_POINT('',(200.526528736,675.828015115,-111.2025));
#3497=DIRECTION('',(1.,-0.,-0.));
#3498=DIRECTION('',(0.,1.,0.));
#3499=AXIS2_PLACEMENT_3D('',#3496,#3497,#3498);
#3500=PLANE('',#3499);
#3501=CARTESIAN_POINT('',(200.526528736,760.216982074,10.1975));
#3502=VERTEX_POINT('',#3501);
#3503=CARTESIAN_POINT('',(200.526528736,760.216982074,1.5975));
#3504=VERTEX_POINT('',#3503);
#3505=CARTESIAN_POINT('',(200.526528736,760.216982074,10.1975));
#3506=DIRECTION('',(-0.,0.,-1.));
#3507=VECTOR('',#3506,8.6);
#3508=LINE('',#3505,#3507);
#3509=EDGE_CURVE('',#3502,#3504,#3508,.T.);
#3510=ORIENTED_EDGE('',*,*,#3509,.T.);
#3511=CARTESIAN_POINT('',(200.526528736,747.26573953,1.5975));
#3512=VERTEX_POINT('',#3511);
#3513=CARTESIAN_POINT('',(200.526528736,760.216982074,1.5975));
#3514=DIRECTION('',(-0.,-1.,-0.));
#3515=VECTOR('',#3514,12.951242545);
#3516=LINE('',#3513,#3515);
#3517=EDGE_CURVE('',#3504,#3512,#3516,.T.);
#3518=ORIENTED_EDGE('',*,*,#3517,.T.);
#3519=CARTESIAN_POINT('',(200.526528736,746.80748196,1.3975));
#3520=DIRECTION('',(1.,-0.,-0.));
#3521=DIRECTION('',(0.,-0.,1.));
#3522=AXIS2_PLACEMENT_3D('',#3519,#3520,#3521);
#3523=CIRCLE('',#3522,0.5);
#3524=EDGE_CURVE('',#3512,#3438,#3523,.T.);
#3525=ORIENTED_EDGE('',*,*,#3524,.T.);
#3526=ORIENTED_EDGE('',*,*,#3444,.F.);
#3527=CARTESIAN_POINT('',(200.526528736,745.637100423,10.1975));
#3528=VERTEX_POINT('',#3527);
#3529=CARTESIAN_POINT('',(200.526528736,743.902165266,8.3975));
#3530=DIRECTION('',(1.,-0.,-0.));
#3531=DIRECTION('',(0.,-0.,1.));
#3532=AXIS2_PLACEMENT_3D('',#3529,#3530,#3531);
#3533=CIRCLE('',#3532,2.5);
#3534=EDGE_CURVE('',#3430,#3528,#3533,.T.);
#3535=ORIENTED_EDGE('',*,*,#3534,.T.);
#3536=CARTESIAN_POINT('',(200.526528736,745.637100423,10.1975));
#3537=DIRECTION('',(0.,1.,0.));
#3538=VECTOR('',#3537,5.67986951);
#3539=LINE('',#3536,#3538);
#3540=EDGE_CURVE('',#3528,#2990,#3539,.T.);
#3541=ORIENTED_EDGE('',*,*,#3540,.T.);
#3542=ORIENTED_EDGE('',*,*,#2995,.T.);
#3543=ORIENTED_EDGE('',*,*,#2963,.T.);
#3544=ORIENTED_EDGE('',*,*,#2930,.T.);
#3545=CARTESIAN_POINT('',(200.526528736,758.116969933,10.1975));
#3546=DIRECTION('',(0.,1.,0.));
#3547=VECTOR('',#3546,2.100012141);
#3548=LINE('',#3545,#3547);
#3549=EDGE_CURVE('',#2916,#3502,#3548,.T.);
#3550=ORIENTED_EDGE('',*,*,#3549,.T.);
#3551=EDGE_LOOP('',(#3510,#3518,#3525,#3526,#3535,#3541,#3542,#3543,#3544,#3550));
#3552=FACE_BOUND('',#3551,.T.);
#3553=ADVANCED_FACE('',(#3552),#3500,.F.);
#3554=CARTESIAN_POINT('',(173.226528736,746.80748196,1.3975));
#3555=DIRECTION('',(1.,-0.,-0.));
#3556=DIRECTION('',(0.,-0.,1.));
#3557=AXIS2_PLACEMENT_3D('',#3554,#3555,#3556);
#3558=CYLINDRICAL_SURFACE('',#3557,0.5);
#3559=CARTESIAN_POINT('',(172.926528736,747.26573953,1.5975));
#3560=VERTEX_POINT('',#3559);
#3561=CARTESIAN_POINT('',(172.926528736,746.80748196,1.3975));
#3562=DIRECTION('',(-1.,0.,0.));
#3563=DIRECTION('',(0.,-0.,1.));
#3564=AXIS2_PLACEMENT_3D('',#3561,#3562,#3563);
#3565=CIRCLE('',#3564,0.5);
#3566=EDGE_CURVE('',#3447,#3560,#3565,.T.);
#3567=ORIENTED_EDGE('',*,*,#3566,.F.);
#3568=ORIENTED_EDGE('',*,*,#3452,.F.);
#3569=ORIENTED_EDGE('',*,*,#3524,.F.);
#3570=CARTESIAN_POINT('',(200.526528736,747.26573953,1.5975));
#3571=CARTESIAN_POINT('',(200.526528736,747.286923369,1.548961725));
#3572=CARTESIAN_POINT('',(200.531638943,747.299953112,1.498106203));
#3573=CARTESIAN_POINT('',(200.542924191,747.305037088,1.446885171));
#3574=CARTESIAN_POINT('',(200.554209439,747.310121063,1.395664139));
#3575=CARTESIAN_POINT('',(200.571393271,747.307058989,1.345568437));
#3576=CARTESIAN_POINT('',(200.59344918,747.297647321,1.298819106));
#3577=CARTESIAN_POINT('',(200.615505089,747.288235654,1.252069775));
#3578=CARTESIAN_POINT('',(200.642295568,747.272546037,1.208878019));
#3579=CARTESIAN_POINT('',(200.671904876,747.252944985,1.170425798));
#3580=CARTESIAN_POINT('',(200.701514184,747.233343933,1.131973576));
#3581=CARTESIAN_POINT('',(200.733699928,747.210038928,1.098307323));
#3582=CARTESIAN_POINT('',(200.768113086,747.183979285,1.068486681));
#3583=CARTESIAN_POINT('',(200.8369394,747.131860001,1.008845396));
#3584=CARTESIAN_POINT('',(200.911443803,747.071288771,0.966983821));
#3585=CARTESIAN_POINT('',(200.989187332,747.006843838,0.93896446));
#3586=CARTESIAN_POINT('',(201.06693086,746.942398904,0.910945098));
#3587=CARTESIAN_POINT('',(201.146305744,746.87528152,0.8975));
#3588=CARTESIAN_POINT('',(201.226528736,746.80748196,0.8975));
#3589=B_SPLINE_CURVE_WITH_KNOTS('',3,(#3570,#3571,#3572,#3573,#3574,#3575,#3576,#3577,#3578,#3579,#3580,#3581,#3582,#3583,#3584,#3585,#3586,#3587,#3588),.UNSPECIFIED.,.F.,.F.,(4,3,3,3,3,3,4),(0.,0.000156582,0.000313164,0.000469745,0.000626327,0.000939491,0.001252654),.UNSPECIFIED.);
#3590=EDGE_CURVE('',#3512,#1514,#3589,.T.);
#3591=ORIENTED_EDGE('',*,*,#3590,.T.);
#3592=ORIENTED_EDGE('',*,*,#1519,.F.);
#3593=CARTESIAN_POINT('',(172.226528736,746.80748196,0.8975));
#3594=CARTESIAN_POINT('',(172.30675039,746.875283102,0.8975));
#3595=CARTESIAN_POINT('',(172.386126611,746.942398904,0.910945098));
#3596=CARTESIAN_POINT('',(172.46387014,747.006843838,0.93896446));
#3597=CARTESIAN_POINT('',(172.541613669,747.071288771,0.966983821));
#3598=CARTESIAN_POINT('',(172.616118071,747.131860001,1.008845396));
#3599=CARTESIAN_POINT('',(172.684944386,747.183979285,1.068486681));
#3600=CARTESIAN_POINT('',(172.719357543,747.210038928,1.098307323));
#3601=CARTESIAN_POINT('',(172.751543287,747.233343933,1.131973576));
#3602=CARTESIAN_POINT('',(172.781152595,747.252944985,1.170425798));
#3603=CARTESIAN_POINT('',(172.810761903,747.272546037,1.208878019));
#3604=CARTESIAN_POINT('',(172.837552382,747.288235654,1.252069775));
#3605=CARTESIAN_POINT('',(172.859608291,747.297647321,1.298819106));
#3606=CARTESIAN_POINT('',(172.8816642,747.307058989,1.345568437));
#3607=CARTESIAN_POINT('',(172.898848032,747.310121063,1.395664139));
#3608=CARTESIAN_POINT('',(172.91013328,747.305037088,1.446885171));
#3609=CARTESIAN_POINT('',(172.921418529,747.299953112,1.498106203));
#3610=CARTESIAN_POINT('',(172.926528736,747.286923369,1.548961725));
#3611=CARTESIAN_POINT('',(172.926528736,747.26573953,1.5975));
#3612=B_SPLINE_CURVE_WITH_KNOTS('',3,(#3593,#3594,#3595,#3596,#3597,#3598,#3599,#3600,#3601,#3602,#3603,#3604,#3605,#3606,#3607,#3608,#3609,#3610,#3611),.UNSPECIFIED.,.F.,.F.,(4,3,3,3,3,3,4),(0.,0.000313164,0.000626327,0.000782909,0.000939491,0.001096073,0.001252654),.UNSPECIFIED.);
#3613=EDGE_CURVE('',#1506,#3560,#3612,.T.);
#3614=ORIENTED_EDGE('',*,*,#3613,.T.);
#3615=EDGE_LOOP('',(#3567,#3568,#3569,#3591,#3592,#3614));
#3616=FACE_BOUND('',#3615,.T.);
#3617=ADVANCED_FACE('',(#3616),#3558,.T.);
#3618=CARTESIAN_POINT('',(172.926528736,675.828015115,-111.2025));
#3619=DIRECTION('',(1.,-0.,-0.));
#3620=DIRECTION('',(0.,1.,0.));
#3621=AXIS2_PLACEMENT_3D('',#3618,#3619,#3620);
#3622=PLANE('',#3621);
#3623=CARTESIAN_POINT('',(172.926528736,760.216982074,1.5975));
#3624=VERTEX_POINT('',#3623);
#3625=CARTESIAN_POINT('',(172.926528736,747.26573953,1.5975));
#3626=DIRECTION('',(0.,1.,0.));
#3627=VECTOR('',#3626,12.951242545);
#3628=LINE('',#3625,#3627);
#3629=EDGE_CURVE('',#3560,#3624,#3628,.T.);
#3630=ORIENTED_EDGE('',*,*,#3629,.T.);
#3631=CARTESIAN_POINT('',(172.926528736,760.216982074,10.1975));
#3632=VERTEX_POINT('',#3631);
#3633=CARTESIAN_POINT('',(172.926528736,760.216982074,1.5975));
#3634=DIRECTION('',(0.,-0.,1.));
#3635=VECTOR('',#3634,8.6);
#3636=LINE('',#3633,#3635);
#3637=EDGE_CURVE('',#3624,#3632,#3636,.T.);
#3638=ORIENTED_EDGE('',*,*,#3637,.T.);
#3639=CARTESIAN_POINT('',(172.926528736,760.216982074,10.1975));
#3640=DIRECTION('',(-0.,-1.,-0.));
#3641=VECTOR('',#3640,2.100012141);
#3642=LINE('',#3639,#3641);
#3643=EDGE_CURVE('',#3632,#3064,#3642,.T.);
#3644=ORIENTED_EDGE('',*,*,#3643,.T.);
#3645=ORIENTED_EDGE('',*,*,#3085,.T.);
#3646=ORIENTED_EDGE('',*,*,#3053,.T.);
#3647=ORIENTED_EDGE('',*,*,#3117,.T.);
#3648=CARTESIAN_POINT('',(172.926528736,745.637100423,10.1975));
#3649=VERTEX_POINT('',#3648);
#3650=CARTESIAN_POINT('',(172.926528736,751.316969933,10.1975));
#3651=DIRECTION('',(-0.,-1.,-0.));
#3652=VECTOR('',#3651,5.67986951);
#3653=LINE('',#3650,#3652);
#3654=EDGE_CURVE('',#3105,#3649,#3653,.T.);
#3655=ORIENTED_EDGE('',*,*,#3654,.T.);
#3656=CARTESIAN_POINT('',(172.926528736,743.902165266,8.3975));
#3657=DIRECTION('',(-1.,0.,0.));
#3658=DIRECTION('',(0.,-0.,1.));
#3659=AXIS2_PLACEMENT_3D('',#3656,#3657,#3658);
#3660=CIRCLE('',#3659,2.5);
#3661=EDGE_CURVE('',#3649,#3455,#3660,.T.);
#3662=ORIENTED_EDGE('',*,*,#3661,.T.);
#3663=ORIENTED_EDGE('',*,*,#3461,.T.);
#3664=ORIENTED_EDGE('',*,*,#3566,.T.);
#3665=EDGE_LOOP('',(#3630,#3638,#3644,#3645,#3646,#3647,#3655,#3662,#3663,#3664));
#3666=FACE_BOUND('',#3665,.T.);
#3667=ADVANCED_FACE('',(#3666),#3622,.T.);
#3668=CARTESIAN_POINT('',(172.226528736,675.828015115,10.1975));
#3669=DIRECTION('',(-0.,-1.,-0.));
#3670=DIRECTION('',(-1.,0.,-0.));
#3671=AXIS2_PLACEMENT_3D('',#3668,#3669,#3670);
#3672=CYLINDRICAL_SURFACE('',#3671,0.7);
#3673=ORIENTED_EDGE('',*,*,#3643,.F.);
#3674=CARTESIAN_POINT('',(172.226528736,760.216982074,10.1975));
#3675=DIRECTION('',(-0.,-1.,-0.));
#3676=DIRECTION('',(-1.,0.,-0.));
#3677=AXIS2_PLACEMENT_3D('',#3674,#3675,#3676);
#3678=CIRCLE('',#3677,0.7);
#3679=EDGE_CURVE('',#3632,#120,#3678,.T.);
#3680=ORIENTED_EDGE('',*,*,#3679,.T.);
#3681=ORIENTED_EDGE('',*,*,#125,.F.);
#3682=ORIENTED_EDGE('',*,*,#3163,.F.);
#3683=EDGE_LOOP('',(#3673,#3680,#3681,#3682));
#3684=FACE_BOUND('',#3683,.T.);
#3685=ADVANCED_FACE('',(#3684),#3672,.T.);
#3686=CARTESIAN_POINT('',(208.226528736,758.116969933,10.1975));
#3687=DIRECTION('',(-1.,0.,0.));
#3688=DIRECTION('',(0.,0.,-1.));
#3689=AXIS2_PLACEMENT_3D('',#3686,#3687,#3688);
#3690=CYLINDRICAL_SURFACE('',#3689,0.7);
#3691=ORIENTED_EDGE('',*,*,#3170,.F.);
#3692=ORIENTED_EDGE('',*,*,#117,.F.);
#3693=CARTESIAN_POINT('',(164.526528736,758.116969933,10.1975));
#3694=DIRECTION('',(-0.707106781,-0.707106781,-0.));
#3695=DIRECTION('',(0.707106781,-0.707106781,-0.));
#3696=AXIS2_PLACEMENT_3D('',#3693,#3694,#3695);
#3697=ELLIPSE('',#3696,0.989949494,0.7);
#3698=EDGE_CURVE('',#3137,#104,#3697,.T.);
#3699=ORIENTED_EDGE('',*,*,#3698,.F.);
#3700=ORIENTED_EDGE('',*,*,#3142,.F.);
#3701=EDGE_LOOP('',(#3691,#3692,#3699,#3700));
#3702=FACE_BOUND('',#3701,.T.);
#3703=ADVANCED_FACE('',(#3702),#3690,.T.);
#3704=CARTESIAN_POINT('',(164.526528736,675.828015115,10.1975));
#3705=DIRECTION('',(-0.,-1.,-0.));
#3706=DIRECTION('',(-1.,0.,-0.));
#3707=AXIS2_PLACEMENT_3D('',#3704,#3705,#3706);
#3708=CYLINDRICAL_SURFACE('',#3707,0.7);
#3709=ORIENTED_EDGE('',*,*,#3698,.T.);
#3710=ORIENTED_EDGE('',*,*,#109,.F.);
#3711=CARTESIAN_POINT('',(164.526528736,751.316969933,10.1975));
#3712=DIRECTION('',(0.707106781,-0.707106781,-0.));
#3713=DIRECTION('',(0.707106781,0.707106781,0.));
#3714=AXIS2_PLACEMENT_3D('',#3711,#3712,#3713);
#3715=ELLIPSE('',#3714,0.989949494,0.7);
#3716=EDGE_CURVE('',#3183,#96,#3715,.T.);
#3717=ORIENTED_EDGE('',*,*,#3716,.F.);
#3718=ORIENTED_EDGE('',*,*,#3188,.F.);
#3719=EDGE_LOOP('',(#3709,#3710,#3717,#3718));
#3720=FACE_BOUND('',#3719,.T.);
#3721=ADVANCED_FACE('',(#3720),#3708,.T.);
#3722=CARTESIAN_POINT('',(208.226528736,751.316969933,10.1975));
#3723=DIRECTION('',(1.,-0.,0.));
#3724=DIRECTION('',(-0.,-0.,1.));
#3725=AXIS2_PLACEMENT_3D('',#3722,#3723,#3724);
#3726=CYLINDRICAL_SURFACE('',#3725,0.7);
#3727=ORIENTED_EDGE('',*,*,#3716,.T.);
#3728=ORIENTED_EDGE('',*,*,#101,.F.);
#3729=ORIENTED_EDGE('',*,*,#3234,.F.);
#3730=ORIENTED_EDGE('',*,*,#3216,.F.);
#3731=EDGE_LOOP('',(#3727,#3728,#3729,#3730));
#3732=FACE_BOUND('',#3731,.T.);
#3733=ADVANCED_FACE('',(#3732),#3726,.T.);
#3734=CARTESIAN_POINT('',(172.226528736,709.543915115,10.1975));
#3735=DIRECTION('',(0.,1.,0.));
#3736=DIRECTION('',(1.,-0.,0.));
#3737=AXIS2_PLACEMENT_3D('',#3734,#3735,#3736);
#3738=CYLINDRICAL_SURFACE('',#3737,0.7);
#3739=CARTESIAN_POINT('',(172.926528736,745.637100423,10.1975));
#3740=CARTESIAN_POINT('',(172.926528736,745.511900009,10.318174778));
#3741=CARTESIAN_POINT('',(172.896941627,745.378099446,10.422228556));
#3742=CARTESIAN_POINT('',(172.852194627,745.236843617,10.511414307));
#3743=CARTESIAN_POINT('',(172.807447627,745.095587787,10.600600058));
#3744=CARTESIAN_POINT('',(172.748628742,744.951903913,10.671912262));
#3745=CARTESIAN_POINT('',(172.68219796,744.804752408,10.728880803));
#3746=CARTESIAN_POINT('',(172.615767178,744.657600903,10.785849345));
#3747=CARTESIAN_POINT('',(172.541088797,744.506515834,10.828169426));
#3748=CARTESIAN_POINT('',(172.464133332,744.356114267,10.855940625));
#3749=CARTESIAN_POINT('',(172.387177867,744.2057127,10.883711823));
#3750=CARTESIAN_POINT('',(172.307237939,744.054688532,10.8975));
#3751=CARTESIAN_POINT('',(172.226528736,743.902165266,10.8975));
#3752=B_SPLINE_CURVE_WITH_KNOTS('',3,(#3739,#3740,#3741,#3742,#3743,#3744,#3745,#3746,#3747,#3748,#3749,#3750,#3751),.UNSPECIFIED.,.F.,.F.,(4,3,3,3,4),(0.,0.000514105,0.001028209,0.001542314,0.002056419),.UNSPECIFIED.);
#3753=EDGE_CURVE('',#3649,#80,#3752,.T.);
#3754=ORIENTED_EDGE('',*,*,#3753,.F.);
#3755=ORIENTED_EDGE('',*,*,#3654,.F.);
#3756=ORIENTED_EDGE('',*,*,#3241,.F.);
#3757=ORIENTED_EDGE('',*,*,#93,.F.);
#3758=EDGE_LOOP('',(#3754,#3755,#3756,#3757));
#3759=FACE_BOUND('',#3758,.T.);
#3760=ADVANCED_FACE('',(#3759),#3738,.T.);
#3761=CARTESIAN_POINT('',(173.226528736,743.902165266,8.3975));
#3762=DIRECTION('',(1.,-0.,-0.));
#3763=DIRECTION('',(0.,-0.,1.));
#3764=AXIS2_PLACEMENT_3D('',#3761,#3762,#3763);
#3765=CYLINDRICAL_SURFACE('',#3764,2.5);
#3766=CARTESIAN_POINT('',(176.726528736,743.902165266,8.3975));
#3767=DIRECTION('',(-1.,0.,-0.));
#3768=DIRECTION('',(0.,0.,-1.));
#3769=AXIS2_PLACEMENT_3D('',#3766,#3767,#3768);
#3770=CIRCLE('',#3769,2.5);
#3771=EDGE_CURVE('',#72,#3464,#3770,.T.);
#3772=ORIENTED_EDGE('',*,*,#3771,.T.);
#3773=ORIENTED_EDGE('',*,*,#3469,.F.);
#3774=ORIENTED_EDGE('',*,*,#3661,.F.);
#3775=ORIENTED_EDGE('',*,*,#3753,.T.);
#3776=ORIENTED_EDGE('',*,*,#85,.F.);
#3777=EDGE_LOOP('',(#3772,#3773,#3774,#3775,#3776));
#3778=FACE_BOUND('',#3777,.T.);
#3779=ADVANCED_FACE('',(#3778),#3765,.T.);
#3780=CARTESIAN_POINT('',(186.726528736,760.916982074,10.8975));
#3781=DIRECTION('',(-0.,-1.,-0.));
#3782=DIRECTION('',(-1.,0.,-0.));
#3783=AXIS2_PLACEMENT_3D('',#3780,#3781,#3782);
#3784=PLANE('',#3783);
#3785=CARTESIAN_POINT('',(172.226528736,760.916982074,1.5975));
#3786=VERTEX_POINT('',#3785);
#3787=CARTESIAN_POINT('',(162.926528736,760.916982074,1.5975));
#3788=VERTEX_POINT('',#3787);
#3789=CARTESIAN_POINT('',(172.226528736,760.916982074,1.5975));
#3790=DIRECTION('',(-1.,0.,0.));
#3791=VECTOR('',#3790,9.3);
#3792=LINE('',#3789,#3791);
#3793=EDGE_CURVE('',#3786,#3788,#3792,.T.);
#3794=ORIENTED_EDGE('',*,*,#3793,.T.);
#3795=CARTESIAN_POINT('',(162.926528736,760.916982074,10.1975));
#3796=VERTEX_POINT('',#3795);
#3797=CARTESIAN_POINT('',(162.926528736,760.916982074,1.5975));
#3798=DIRECTION('',(0.,-0.,1.));
#3799=VECTOR('',#3798,8.6);
#3800=LINE('',#3797,#3799);
#3801=EDGE_CURVE('',#3788,#3796,#3800,.T.);
#3802=ORIENTED_EDGE('',*,*,#3801,.T.);
#3803=CARTESIAN_POINT('',(172.226528736,760.916982074,10.1975));
#3804=VERTEX_POINT('',#3803);
#3805=CARTESIAN_POINT('',(162.926528736,760.916982074,10.1975));
#3806=DIRECTION('',(1.,-0.,0.));
#3807=VECTOR('',#3806,9.3);
#3808=LINE('',#3805,#3807);
#3809=EDGE_CURVE('',#3796,#3804,#3808,.T.);
#3810=ORIENTED_EDGE('',*,*,#3809,.T.);
#3811=CARTESIAN_POINT('',(172.226528736,760.916982074,10.1975));
#3812=DIRECTION('',(-0.,0.,-1.));
#3813=VECTOR('',#3812,8.6);
#3814=LINE('',#3811,#3813);
#3815=EDGE_CURVE('',#3804,#3786,#3814,.T.);
#3816=ORIENTED_EDGE('',*,*,#3815,.T.);
#3817=EDGE_LOOP('',(#3794,#3802,#3810,#3816));
#3818=FACE_BOUND('',#3817,.T.);
#3819=ADVANCED_FACE('',(#3818),#3784,.F.);
#3820=OVER_RIDING_STYLED_ITEM('',(#222),#3819,#54);
#3821=CARTESIAN_POINT('',(173.226528736,745.573666373,4.1975));
#3822=DIRECTION('',(1.,-0.,-0.));
#3823=DIRECTION('',(0.,-0.,1.));
#3824=AXIS2_PLACEMENT_3D('',#3821,#3822,#3823);
#3825=CYLINDRICAL_SURFACE('',#3824,0.7);
#3826=CARTESIAN_POINT('',(195.726528736,746.261872017,4.325456989));
#3827=CARTESIAN_POINT('',(195.443791045,746.23557347,4.466901462));
#3828=CARTESIAN_POINT('',(195.1615886,746.166399628,4.600763899));
#3829=CARTESIAN_POINT('',(194.888626476,746.05380603,4.706877967));
#3830=CARTESIAN_POINT('',(194.752145414,745.997509231,4.759935));
#3831=CARTESIAN_POINT('',(194.616220861,745.929388861,4.806670344));
#3832=CARTESIAN_POINT('',(194.484118568,745.849106964,4.841031258));
#3833=CARTESIAN_POINT('',(194.352016274,745.768825068,4.875392173));
#3834=CARTESIAN_POINT('',(194.225491625,745.677668897,4.8975));
#3835=CARTESIAN_POINT('',(194.104266911,745.573666373,4.8975));
#3836=B_SPLINE_CURVE_WITH_KNOTS('',3,(#3826,#3827,#3828,#3829,#3830,#3831,#3832,#3833,#3834,#3835),.UNSPECIFIED.,.F.,.F.,(4,3,3,4),(0.,0.000944942,0.001417413,0.001889884),.UNSPECIFIED.);
#3837=EDGE_CURVE('',#3389,#2725,#3836,.T.);
#3838=ORIENTED_EDGE('',*,*,#3837,.F.);
#3839=ORIENTED_EDGE('',*,*,#3394,.F.);
#3840=CARTESIAN_POINT('',(179.34879056,745.573666373,4.8975));
#3841=CARTESIAN_POINT('',(179.227565847,745.677668897,4.8975));
#3842=CARTESIAN_POINT('',(179.101041197,745.768825068,4.875392173));
#3843=CARTESIAN_POINT('',(178.968938904,745.849106964,4.841031258));
#3844=CARTESIAN_POINT('',(178.83683661,745.929388861,4.806670344));
#3845=CARTESIAN_POINT('',(178.700912057,745.997509231,4.759935));
#3846=CARTESIAN_POINT('',(178.564430995,746.05380603,4.706877967));
#3847=CARTESIAN_POINT('',(178.291468871,746.166399628,4.600763899));
#3848=CARTESIAN_POINT('',(178.009264765,746.235572873,4.466904672));
#3849=CARTESIAN_POINT('',(177.726528736,746.261872017,4.325456989));
#3850=B_SPLINE_CURVE_WITH_KNOTS('',3,(#3840,#3841,#3842,#3843,#3844,#3845,#3846,#3847,#3848,#3849),.UNSPECIFIED.,.F.,.F.,(4,3,3,4),(0.,0.000472471,0.000944942,0.001889884),.UNSPECIFIED.);
#3851=EDGE_CURVE('',#2743,#3380,#3850,.T.);
#3852=ORIENTED_EDGE('',*,*,#3851,.F.);
#3853=ORIENTED_EDGE('',*,*,#2748,.F.);
#3854=EDGE_LOOP('',(#3838,#3839,#3852,#3853));
#3855=FACE_BOUND('',#3854,.T.);
#3856=ADVANCED_FACE('',(#3855),#3825,.T.);
#3857=CARTESIAN_POINT('',(186.726528736,760.216982074,10.1975));
#3858=DIRECTION('',(-1.,0.,0.));
#3859=DIRECTION('',(0.,1.,0.));
#3860=AXIS2_PLACEMENT_3D('',#3857,#3858,#3859);
#3861=CYLINDRICAL_SURFACE('',#3860,0.7);
#3862=ORIENTED_EDGE('',*,*,#3809,.F.);
#3863=CARTESIAN_POINT('',(162.926528736,760.216982074,10.1975));
#3864=DIRECTION('',(1.,-0.,-0.));
#3865=DIRECTION('',(0.,1.,0.));
#3866=AXIS2_PLACEMENT_3D('',#3863,#3864,#3865);
#3867=CIRCLE('',#3866,0.7);
#3868=EDGE_CURVE('',#3796,#128,#3867,.T.);
#3869=ORIENTED_EDGE('',*,*,#3868,.T.);
#3870=ORIENTED_EDGE('',*,*,#133,.F.);
#3871=CARTESIAN_POINT('',(172.226528736,760.216982074,10.1975));
#3872=DIRECTION('',(-1.,0.,0.));
#3873=DIRECTION('',(0.,1.,0.));
#3874=AXIS2_PLACEMENT_3D('',#3871,#3872,#3873);
#3875=CIRCLE('',#3874,0.7);
#3876=EDGE_CURVE('',#120,#3804,#3875,.T.);
#3877=ORIENTED_EDGE('',*,*,#3876,.T.);
#3878=EDGE_LOOP('',(#3862,#3869,#3870,#3877));
#3879=FACE_BOUND('',#3878,.T.);
#3880=ADVANCED_FACE('',(#3879),#3861,.T.);
#3881=CARTESIAN_POINT('',(173.226528736,743.902165266,8.3975));
#3882=DIRECTION('',(1.,-0.,-0.));
#3883=DIRECTION('',(0.,-0.,1.));
#3884=AXIS2_PLACEMENT_3D('',#3881,#3882,#3883);
#3885=CYLINDRICAL_SURFACE('',#3884,2.5);
#3886=ORIENTED_EDGE('',*,*,#3534,.F.);
#3887=ORIENTED_EDGE('',*,*,#3435,.F.);
#3888=CARTESIAN_POINT('',(196.726528736,743.902165266,8.3975));
#3889=DIRECTION('',(-1.,0.,-0.));
#3890=DIRECTION('',(0.,0.,-1.));
#3891=AXIS2_PLACEMENT_3D('',#3888,#3889,#3890);
#3892=CIRCLE('',#3891,2.5);
#3893=EDGE_CURVE('',#984,#3406,#3892,.T.);
#3894=ORIENTED_EDGE('',*,*,#3893,.F.);
#3895=ORIENTED_EDGE('',*,*,#1614,.F.);
#3896=CARTESIAN_POINT('',(201.226528736,743.902165266,10.8975));
#3897=CARTESIAN_POINT('',(201.145821334,744.054689485,10.8975));
#3898=CARTESIAN_POINT('',(201.065879605,744.2057127,10.883711823));
#3899=CARTESIAN_POINT('',(200.98892414,744.356114267,10.855940625));
#3900=CARTESIAN_POINT('',(200.911968675,744.506515834,10.828169426));
#3901=CARTESIAN_POINT('',(200.837290293,744.657600903,10.785849345));
#3902=CARTESIAN_POINT('',(200.770859511,744.804752408,10.728880803));
#3903=CARTESIAN_POINT('',(200.704428729,744.951903913,10.671912262));
#3904=CARTESIAN_POINT('',(200.645609844,745.095587787,10.600600058));
#3905=CARTESIAN_POINT('',(200.600862844,745.236843617,10.511414307));
#3906=CARTESIAN_POINT('',(200.556115845,745.378099446,10.422228556));
#3907=CARTESIAN_POINT('',(200.526528736,745.511900009,10.318174778));
#3908=CARTESIAN_POINT('',(200.526528736,745.637100423,10.1975));
#3909=B_SPLINE_CURVE_WITH_KNOTS('',3,(#3896,#3897,#3898,#3899,#3900,#3901,#3902,#3903,#3904,#3905,#3906,#3907,#3908),.UNSPECIFIED.,.F.,.F.,(4,3,3,3,4),(0.,0.000514105,0.001028209,0.001542314,0.002056419),.UNSPECIFIED.);
#3910=EDGE_CURVE('',#1603,#3528,#3909,.T.);
#3911=ORIENTED_EDGE('',*,*,#3910,.T.);
#3912=EDGE_LOOP('',(#3886,#3887,#3894,#3895,#3911));
#3913=FACE_BOUND('',#3912,.T.);
#3914=ADVANCED_FACE('',(#3913),#3885,.T.);
#3915=CARTESIAN_POINT('',(201.226528736,709.543915115,10.1975));
#3916=DIRECTION('',(0.,1.,0.));
#3917=DIRECTION('',(1.,-0.,0.));
#3918=AXIS2_PLACEMENT_3D('',#3915,#3916,#3917);
#3919=CYLINDRICAL_SURFACE('',#3918,0.7);
#3920=ORIENTED_EDGE('',*,*,#3910,.F.);
#3921=ORIENTED_EDGE('',*,*,#1608,.F.);
#3922=ORIENTED_EDGE('',*,*,#3257,.F.);
#3923=ORIENTED_EDGE('',*,*,#3540,.F.);
#3924=EDGE_LOOP('',(#3920,#3921,#3922,#3923));
#3925=FACE_BOUND('',#3924,.T.);
#3926=ADVANCED_FACE('',(#3925),#3919,.T.);
#3927=CARTESIAN_POINT('',(186.726528736,751.316969933,10.1975));
#3928=DIRECTION('',(-1.,0.,0.));
#3929=DIRECTION('',(0.,0.,-1.));
#3930=AXIS2_PLACEMENT_3D('',#3927,#3928,#3929);
#3931=CYLINDRICAL_SURFACE('',#3930,0.7);
#3932=CARTESIAN_POINT('',(208.926528736,751.316969933,10.1975));
#3933=DIRECTION('',(-0.707106781,-0.707106781,-0.));
#3934=DIRECTION('',(-0.707106781,0.707106781,0.));
#3935=AXIS2_PLACEMENT_3D('',#3932,#3933,#3934);
#3936=ELLIPSE('',#3935,0.989949494,0.7);
#3937=EDGE_CURVE('',#1587,#3278,#3936,.T.);
#3938=ORIENTED_EDGE('',*,*,#3937,.T.);
#3939=ORIENTED_EDGE('',*,*,#3283,.F.);
#3940=ORIENTED_EDGE('',*,*,#3264,.F.);
#3941=ORIENTED_EDGE('',*,*,#1600,.F.);
#3942=EDGE_LOOP('',(#3938,#3939,#3940,#3941));
#3943=FACE_BOUND('',#3942,.T.);
#3944=ADVANCED_FACE('',(#3943),#3931,.T.);
#3945=CARTESIAN_POINT('',(208.926528736,709.543915115,10.1975));
#3946=DIRECTION('',(0.,1.,0.));
#3947=DIRECTION('',(1.,-0.,0.));
#3948=AXIS2_PLACEMENT_3D('',#3945,#3946,#3947);
#3949=CYLINDRICAL_SURFACE('',#3948,0.7);
#3950=CARTESIAN_POINT('',(208.926528736,758.116969933,10.1975));
#3951=DIRECTION('',(0.707106781,-0.707106781,-0.));
#3952=DIRECTION('',(0.707106781,0.707106781,0.));
#3953=AXIS2_PLACEMENT_3D('',#3950,#3951,#3952);
#3954=ELLIPSE('',#3953,0.989949494,0.7);
#3955=EDGE_CURVE('',#1579,#3301,#3954,.T.);
#3956=ORIENTED_EDGE('',*,*,#3955,.T.);
#3957=ORIENTED_EDGE('',*,*,#3306,.F.);
#3958=ORIENTED_EDGE('',*,*,#3937,.F.);
#3959=ORIENTED_EDGE('',*,*,#1592,.F.);
#3960=EDGE_LOOP('',(#3956,#3957,#3958,#3959));
#3961=FACE_BOUND('',#3960,.T.);
#3962=ADVANCED_FACE('',(#3961),#3949,.T.);
#3963=CARTESIAN_POINT('',(186.726528736,758.116969933,10.1975));
#3964=DIRECTION('',(1.,-0.,0.));
#3965=DIRECTION('',(-0.,-0.,1.));
#3966=AXIS2_PLACEMENT_3D('',#3963,#3964,#3965);
#3967=CYLINDRICAL_SURFACE('',#3966,0.7);
#3968=ORIENTED_EDGE('',*,*,#3955,.F.);
#3969=ORIENTED_EDGE('',*,*,#1584,.F.);
#3970=ORIENTED_EDGE('',*,*,#3359,.F.);
#3971=ORIENTED_EDGE('',*,*,#3336,.F.);
#3972=EDGE_LOOP('',(#3968,#3969,#3970,#3971));
#3973=FACE_BOUND('',#3972,.T.);
#3974=ADVANCED_FACE('',(#3973),#3967,.T.);
#3975=CARTESIAN_POINT('',(201.226528736,709.543915115,10.1975));
#3976=DIRECTION('',(0.,1.,0.));
#3977=DIRECTION('',(1.,-0.,0.));
#3978=AXIS2_PLACEMENT_3D('',#3975,#3976,#3977);
#3979=CYLINDRICAL_SURFACE('',#3978,0.7);
#3980=ORIENTED_EDGE('',*,*,#1576,.F.);
#3981=CARTESIAN_POINT('',(201.226528736,760.216982074,10.1975));
#3982=DIRECTION('',(-0.,-1.,-0.));
#3983=DIRECTION('',(1.,-0.,0.));
#3984=AXIS2_PLACEMENT_3D('',#3981,#3982,#3983);
#3985=CIRCLE('',#3984,0.7);
#3986=EDGE_CURVE('',#1563,#3502,#3985,.T.);
#3987=ORIENTED_EDGE('',*,*,#3986,.T.);
#3988=ORIENTED_EDGE('',*,*,#3549,.F.);
#3989=ORIENTED_EDGE('',*,*,#3366,.F.);
#3990=EDGE_LOOP('',(#3980,#3987,#3988,#3989));
#3991=FACE_BOUND('',#3990,.T.);
#3992=ADVANCED_FACE('',(#3991),#3979,.T.);
#3993=CARTESIAN_POINT('',(186.726528736,760.916982074,10.8975));
#3994=DIRECTION('',(-0.,-1.,-0.));
#3995=DIRECTION('',(-1.,0.,-0.));
#3996=AXIS2_PLACEMENT_3D('',#3993,#3994,#3995);
#3997=PLANE('',#3996);
#3998=CARTESIAN_POINT('',(201.226528736,760.916982074,10.1975));
#3999=VERTEX_POINT('',#3998);
#4000=CARTESIAN_POINT('',(210.526528736,760.916982074,10.1975));
#4001=VERTEX_POINT('',#4000);
#4002=CARTESIAN_POINT('',(201.226528736,760.916982074,10.1975));
#4003=DIRECTION('',(1.,-0.,-0.));
#4004=VECTOR('',#4003,9.3);
#4005=LINE('',#4002,#4004);
#4006=EDGE_CURVE('',#3999,#4001,#4005,.T.);
#4007=ORIENTED_EDGE('',*,*,#4006,.T.);
#4008=CARTESIAN_POINT('',(210.526528736,760.916982074,1.5975));
#4009=VERTEX_POINT('',#4008);
#4010=CARTESIAN_POINT('',(210.526528736,760.916982074,10.1975));
#4011=DIRECTION('',(-0.,0.,-1.));
#4012=VECTOR('',#4011,8.6);
#4013=LINE('',#4010,#4012);
#4014=EDGE_CURVE('',#4001,#4009,#4013,.T.);
#4015=ORIENTED_EDGE('',*,*,#4014,.T.);
#4016=CARTESIAN_POINT('',(201.226528736,760.916982074,1.5975));
#4017=VERTEX_POINT('',#4016);
#4018=CARTESIAN_POINT('',(210.526528736,760.916982074,1.5975));
#4019=DIRECTION('',(-1.,0.,0.));
#4020=VECTOR('',#4019,9.3);
#4021=LINE('',#4018,#4020);
#4022=EDGE_CURVE('',#4009,#4017,#4021,.T.);
#4023=ORIENTED_EDGE('',*,*,#4022,.T.);
#4024=CARTESIAN_POINT('',(201.226528736,760.916982074,1.5975));
#4025=DIRECTION('',(0.,-0.,1.));
#4026=VECTOR('',#4025,8.6);
#4027=LINE('',#4024,#4026);
#4028=EDGE_CURVE('',#4017,#3999,#4027,.T.);
#4029=ORIENTED_EDGE('',*,*,#4028,.T.);
#4030=EDGE_LOOP('',(#4007,#4015,#4023,#4029));
#4031=FACE_BOUND('',#4030,.T.);
#4032=ADVANCED_FACE('',(#4031),#3997,.F.);
#4033=OVER_RIDING_STYLED_ITEM('',(#222),#4032,#54);
#4034=CARTESIAN_POINT('',(195.726528736,754.716969933,5.8975));
#4035=DIRECTION('',(1.,-0.,0.));
#4036=DIRECTION('',(-0.,-0.,1.));
#4037=AXIS2_PLACEMENT_3D('',#4034,#4035,#4036);
#4038=TOROIDAL_SURFACE('',#4037,11.1,2.5);
#4039=CARTESIAN_POINT('',(195.726528736,743.718788266,7.3975));
#4040=DIRECTION('',(0.,-0.135135135,-0.990827177));
#4041=DIRECTION('',(0.,0.990827177,-0.135135135));
#4042=AXIS2_PLACEMENT_3D('',#4039,#4040,#4041);
#4043=CIRCLE('',#4042,2.5);
#4044=EDGE_CURVE('',#957,#3397,#4043,.T.);
#4045=ORIENTED_EDGE('',*,*,#4044,.T.);
#4046=ORIENTED_EDGE('',*,*,#3403,.F.);
#4047=ORIENTED_EDGE('',*,*,#3837,.T.);
#4048=ORIENTED_EDGE('',*,*,#2740,.F.);
#4049=ORIENTED_EDGE('',*,*,#1260,.F.);
#4050=EDGE_LOOP('',(#4045,#4046,#4047,#4048,#4049));
#4051=FACE_BOUND('',#4050,.T.);
#4052=ADVANCED_FACE('',(#4051),#4038,.T.);
#4053=CARTESIAN_POINT('',(177.726528736,754.716969933,5.8975));
#4054=DIRECTION('',(1.,-0.,0.));
#4055=DIRECTION('',(-0.,-0.,1.));
#4056=AXIS2_PLACEMENT_3D('',#4053,#4054,#4055);
#4057=TOROIDAL_SURFACE('',#4056,11.1,2.5);
#4058=ORIENTED_EDGE('',*,*,#2761,.F.);
#4059=ORIENTED_EDGE('',*,*,#3851,.T.);
#4060=ORIENTED_EDGE('',*,*,#3386,.F.);
#4061=CARTESIAN_POINT('',(177.726528736,743.718788266,7.3975));
#4062=DIRECTION('',(-0.,0.135135135,0.990827177));
#4063=DIRECTION('',(-0.,-0.990827177,0.135135135));
#4064=AXIS2_PLACEMENT_3D('',#4061,#4062,#4063);
#4065=CIRCLE('',#4064,2.5);
#4066=EDGE_CURVE('',#2587,#3378,#4065,.T.);
#4067=ORIENTED_EDGE('',*,*,#4066,.F.);
#4068=ORIENTED_EDGE('',*,*,#2704,.F.);
#4069=EDGE_LOOP('',(#4058,#4059,#4060,#4067,#4068));
#4070=FACE_BOUND('',#4069,.T.);
#4071=ADVANCED_FACE('',(#4070),#4057,.T.);
#4072=CARTESIAN_POINT('',(176.726528736,743.902165266,10.8975));
#4073=CARTESIAN_POINT('',(176.726528736,744.089453862,10.8975));
#4074=CARTESIAN_POINT('',(176.726528736,744.276734513,10.876365647));
#4075=CARTESIAN_POINT('',(176.726528736,744.641891341,10.792887725));
#4076=CARTESIAN_POINT('',(176.726528736,744.819752028,10.730547696));
#4077=CARTESIAN_POINT('',(176.726528736,745.157121597,10.567790678));
#4078=CARTESIAN_POINT('',(176.726528736,745.316616167,10.467380592));
#4079=CARTESIAN_POINT('',(176.726528736,745.609229241,10.233530937));
#4080=CARTESIAN_POINT('',(176.726528736,745.742335333,10.100101287));
#4081=CARTESIAN_POINT('',(176.726528736,745.975473871,9.806921317));
#4082=CARTESIAN_POINT('',(176.726528736,746.075496427,9.647183433));
#4083=CARTESIAN_POINT('',(176.726528736,746.237433873,9.309419705));
#4084=CARTESIAN_POINT('',(176.726528736,746.299341895,9.131408188));
#4085=CARTESIAN_POINT('',(176.726528736,746.381933015,8.766049762));
#4086=CARTESIAN_POINT('',(176.726528736,746.402612611,8.578718351));
#4087=CARTESIAN_POINT('',(176.726528736,746.401703184,8.204142263));
#4088=CARTESIAN_POINT('',(176.726528736,746.380114199,8.016913476));
#4089=CARTESIAN_POINT('',(176.726528736,746.337932083,7.834436937));
#4090=CARTESIAN_POINT('',(176.959486916,743.902165266,10.8975));
#4091=CARTESIAN_POINT('',(176.962368575,744.089453862,10.8975));
#4092=CARTESIAN_POINT('',(176.96384342,744.276734513,10.876365647));
#4093=CARTESIAN_POINT('',(176.963905548,744.641891341,10.792887725));
#4094=CARTESIAN_POINT('',(176.962492827,744.819752028,10.730547696));
#4095=CARTESIAN_POINT('',(176.956850639,745.157121597,10.567790678));
#4096=CARTESIAN_POINT('',(176.95262141,745.316616167,10.467380592));
#4097=CARTESIAN_POINT('',(176.941558701,745.609229241,10.233530937));
#4098=CARTESIAN_POINT('',(176.934725689,745.742335333,10.100101287));
#4099=CARTESIAN_POINT('',(176.918798898,745.975473871,9.806921317));
#4100=CARTESIAN_POINT('',(176.909705794,746.075496427,9.647183433));
#4101=CARTESIAN_POINT('',(176.889716017,746.237433873,9.309419705));
#4102=CARTESIAN_POINT('',(176.878820192,746.299341895,9.131408188));
#4103=CARTESIAN_POINT('',(176.855772888,746.381933015,8.766049762));
#4104=CARTESIAN_POINT('',(176.843622387,746.402612611,8.578718351));
#4105=CARTESIAN_POINT('',(176.818676805,746.401703184,8.204142263));
#4106=CARTESIAN_POINT('',(176.805882782,746.380114199,8.016913476));
#4107=CARTESIAN_POINT('',(176.793088216,746.337932083,7.834436937));
#4108=CARTESIAN_POINT('',(177.188390989,743.900638549,10.874474492));
#4109=CARTESIAN_POINT('',(177.194099366,744.087636324,10.873892977));
#4110=CARTESIAN_POINT('',(177.197019061,744.274626205,10.852367725));
#4111=CARTESIAN_POINT('',(177.197134797,744.639238493,10.768506435));
#4112=CARTESIAN_POINT('',(177.194330833,744.816845509,10.706173938));
#4113=CARTESIAN_POINT('',(177.183139822,745.153778842,10.543822621));
#4114=CARTESIAN_POINT('',(177.17475325,745.313090935,10.443810656));
#4115=CARTESIAN_POINT('',(177.152818351,745.605438477,10.211115765));
#4116=CARTESIAN_POINT('',(177.139270955,745.738461584,10.078442662));
#4117=CARTESIAN_POINT('',(177.107695306,745.971553703,9.787080104));
#4118=CARTESIAN_POINT('',(177.089668393,746.071612874,9.628402947));
#4119=CARTESIAN_POINT('',(177.050039935,746.233753229,9.292992233));
#4120=CARTESIAN_POINT('',(177.028440071,746.295827567,9.116272834));
#4121=CARTESIAN_POINT('',(176.982751696,746.378880008,8.753643545));
#4122=CARTESIAN_POINT('',(176.958665121,746.399854604,8.567748962));
#4123=CARTESIAN_POINT('',(176.909214452,746.399651431,8.19609632));
#4124=CARTESIAN_POINT('',(176.883852453,746.37847367,8.010353949));
#4125=CARTESIAN_POINT('',(176.85848938,746.336749222,7.829339913));
#4126=CARTESIAN_POINT('',(177.525940206,743.896212966,10.80691467));
#4127=CARTESIAN_POINT('',(177.5354254,744.08238677,10.804735724));
#4128=CARTESIAN_POINT('',(177.540126198,744.26855282,10.782160501));
#4129=CARTESIAN_POINT('',(177.539725438,744.631622185,10.697338902));
#4130=CARTESIAN_POINT('',(177.534623896,744.808510381,10.635096058));
#4131=CARTESIAN_POINT('',(177.51487198,745.144207412,10.47403801));
#4132=CARTESIAN_POINT('',(177.50022243,745.30300227,10.375229513));
#4133=CARTESIAN_POINT('',(177.462104053,745.594597011,10.145961556));
#4134=CARTESIAN_POINT('',(177.438636816,745.727384751,10.015511642));
#4135=CARTESIAN_POINT('',(177.384052285,745.960345133,9.729459585));
#4136=CARTESIAN_POINT('',(177.352937267,746.060508073,9.573869353));
#4137=CARTESIAN_POINT('',(177.284607767,746.223224143,9.245288861));
#4138=CARTESIAN_POINT('',(177.247396133,746.285770497,9.072312284));
#4139=CARTESIAN_POINT('',(177.168728066,746.370133014,8.717578439));
#4140=CARTESIAN_POINT('',(177.127274913,746.391945665,8.535835943));
#4141=CARTESIAN_POINT('',(177.042190086,746.393750237,8.17262718));
#4142=CARTESIAN_POINT('',(176.998561958,746.373742083,7.991176038));
#4143=CARTESIAN_POINT('',(176.954932013,746.333320391,7.814384586));
#4144=CARTESIAN_POINT('',(177.637481411,743.894378899,10.778849378));
#4145=CARTESIAN_POINT('',(177.648149166,744.080213545,10.776018322));
#4146=CARTESIAN_POINT('',(177.653380092,744.266040508,10.75301716));
#4147=CARTESIAN_POINT('',(177.652709114,744.628474815,10.667813992));
#4148=CARTESIAN_POINT('',(177.646807239,744.805067153,10.605615513));
#4149=CARTESIAN_POINT('',(177.624163186,745.140255348,10.445105546));
#4150=CARTESIAN_POINT('',(177.607421948,745.298837326,10.346800705));
#4151=CARTESIAN_POINT('',(177.563930617,745.590122258,10.118960404));
#4152=CARTESIAN_POINT('',(177.537182328,745.722813151,9.989434378));
#4153=CARTESIAN_POINT('',(177.475005929,745.955719412,9.705586026));
#4154=CARTESIAN_POINT('',(177.439580396,746.055925136,9.551275453));
#4155=CARTESIAN_POINT('',(177.361810058,746.218878409,9.225524515));
#4156=CARTESIAN_POINT('',(177.319468475,746.281619211,9.054097636));
#4157=CARTESIAN_POINT('',(177.229970569,746.36652145,8.702631809));
#4158=CARTESIAN_POINT('',(177.182817956,746.388679373,8.522607411));
#4159=CARTESIAN_POINT('',(177.086041884,746.391311237,8.162892213));
#4160=CARTESIAN_POINT('',(177.036422437,746.371785069,7.983216305));
#4161=CARTESIAN_POINT('',(176.986800933,746.331900336,7.808171735));
#4162=CARTESIAN_POINT('',(177.858574302,743.890004685,10.711384613));
#4163=CARTESIAN_POINT('',(177.871400278,744.07504043,10.707046936));
#4164=CARTESIAN_POINT('',(177.877516386,744.260068628,10.683076141));
#4165=CARTESIAN_POINT('',(177.876027889,744.621006875,10.597047721));
#4166=CARTESIAN_POINT('',(177.868423344,744.796902182,10.534993611));
#4167=CARTESIAN_POINT('',(177.839867937,745.130891427,10.375858551));
#4168=CARTESIAN_POINT('',(177.818918241,745.288971722,10.278784101));
#4169=CARTESIAN_POINT('',(177.764705912,745.579526379,10.05439718));
#4170=CARTESIAN_POINT('',(177.731445494,745.711988873,9.927093874));
#4171=CARTESIAN_POINT('',(177.654253058,745.944767247,9.648530525));
#4172=CARTESIAN_POINT('',(177.610324196,746.04507362,9.497281859));
#4173=CARTESIAN_POINT('',(177.513963126,746.208585798,9.178291505));
#4174=CARTESIAN_POINT('',(177.461534857,746.271784926,9.010562846));
#4175=CARTESIAN_POINT('',(177.350763085,746.357959912,8.666890261));
#4176=CARTESIAN_POINT('',(177.292424111,746.380932252,8.490960373));
#4177=CARTESIAN_POINT('',(177.172711109,746.385516349,8.139568559));
#4178=CARTESIAN_POINT('',(177.111341974,746.367127919,7.964120985));
#4179=CARTESIAN_POINT('',(177.049970331,746.328511306,7.793237451));
#4180=CARTESIAN_POINT('',(177.968173309,743.887455335,10.671877584));
#4181=CARTESIAN_POINT('',(177.981973712,744.072030393,10.666683958));
#4182=CARTESIAN_POINT('',(177.988443554,744.256597992,10.642168776));
#4183=CARTESIAN_POINT('',(177.98640501,744.616673552,10.555696797));
#4184=CARTESIAN_POINT('',(177.977896706,744.792166921,10.493743504));
#4185=CARTESIAN_POINT('',(177.946319189,745.125464789,10.335438336));
#4186=CARTESIAN_POINT('',(177.923251257,745.283255781,10.239092876));
#4187=CARTESIAN_POINT('',(177.863687945,745.573389322,10.016737482));
#4188=CARTESIAN_POINT('',(177.827194981,745.705720114,9.890736559));
#4189=CARTESIAN_POINT('',(177.742575459,745.938424831,9.615262689));
#4190=CARTESIAN_POINT('',(177.694452334,746.038789327,9.465800905));
#4191=CARTESIAN_POINT('',(177.58893851,746.202624167,9.150751663));
#4192=CARTESIAN_POINT('',(177.53155209,746.266087872,8.985176972));
#4193=CARTESIAN_POINT('',(177.410333499,746.352997716,8.646041011));
#4194=CARTESIAN_POINT('',(177.346506242,746.376440335,8.472493483));
#4195=CARTESIAN_POINT('',(177.215544811,746.382152036,8.125943554));
#4196=CARTESIAN_POINT('',(177.148415948,746.364420887,7.952955195));
#4197=CARTESIAN_POINT('',(177.081284364,746.326537124,7.784491843));
#4198=CARTESIAN_POINT('',(178.286625268,743.878963618,10.538999331));
#4199=CARTESIAN_POINT('',(178.302920113,744.062028212,10.531071166));
#4200=CARTESIAN_POINT('',(178.310118042,744.245085603,10.504853279));
#4201=CARTESIAN_POINT('',(178.305971718,744.602332394,10.417106635));
#4202=CARTESIAN_POINT('',(178.29462763,744.776507696,10.355581341));
#4203=CARTESIAN_POINT('',(178.253947087,745.107538077,10.200202508));
#4204=CARTESIAN_POINT('',(178.224612243,745.264380094,10.1063551));
#4205=CARTESIAN_POINT('',(178.149374038,745.553132003,9.890882749));
#4206=CARTESIAN_POINT('',(178.103473654,745.685030501,9.769266306));
#4207=CARTESIAN_POINT('',(177.997333072,745.917493117,9.504153917));
#4208=CARTESIAN_POINT('',(177.937097074,746.01804806,9.360668428));
#4209=CARTESIAN_POINT('',(177.805210556,746.182941581,9.058777189));
#4210=CARTESIAN_POINT('',(177.733565255,746.24727365,8.900383348));
#4211=CARTESIAN_POINT('',(177.582339909,746.336596584,8.576358286));
#4212=CARTESIAN_POINT('',(177.502765847,746.361583922,8.410739846));
#4213=CARTESIAN_POINT('',(177.339548202,746.371001331,8.080299435));
#4214=CARTESIAN_POINT('',(177.255911076,746.355431027,7.915490498));
#4215=CARTESIAN_POINT('',(177.172270642,746.319957958,7.755077361));
#4216=CARTESIAN_POINT('',(178.487786226,743.872132933,10.430727409));
#4217=CARTESIAN_POINT('',(178.505194968,744.054012388,10.420739848));
#4218=CARTESIAN_POINT('',(178.512441876,744.23588484,10.393284635));
#4219=CARTESIAN_POINT('',(178.506265418,744.590911978,10.30475357));
#4220=CARTESIAN_POINT('',(178.492842293,744.76405295,10.243681138));
#4221=CARTESIAN_POINT('',(178.445969985,745.093303736,10.090845001));
#4222=CARTESIAN_POINT('',(178.412522617,745.249400831,9.999087198));
#4223=CARTESIAN_POINT('',(178.327208566,745.537068013,9.789282228));
#4224=CARTESIAN_POINT('',(178.275345188,745.668626985,9.671243162));
#4225=CARTESIAN_POINT('',(178.15569114,745.900899434,9.414538867));
#4226=CARTESIAN_POINT('',(178.087905106,746.001603937,9.275883547));
#4227=CARTESIAN_POINT('',(177.939663276,746.16732964,8.984599485));
#4228=CARTESIAN_POINT('',(177.859213221,746.232344438,8.831981985));
#4229=CARTESIAN_POINT('',(177.689509806,746.323565862,8.520096612));
#4230=CARTESIAN_POINT('',(177.600263018,746.349768961,8.360840776));
#4231=CARTESIAN_POINT('',(177.417255692,746.362105081,8.043320718));
#4232=CARTESIAN_POINT('',(177.323502241,746.348237624,7.885068751));
#4233=CARTESIAN_POINT('',(177.229745162,746.314665965,7.731109719));
#4234=CARTESIAN_POINT('',(178.773088954,743.860377886,10.239104369));
#4235=CARTESIAN_POINT('',(178.791303169,744.040309791,10.226018715));
#4236=CARTESIAN_POINT('',(178.797933629,744.220235013,10.196857465));
#4237=CARTESIAN_POINT('',(178.787715408,744.571614178,10.107754771));
#4238=CARTESIAN_POINT('',(178.770867108,744.743055025,10.047816649));
#4239=CARTESIAN_POINT('',(178.714484473,745.069380154,9.899984376));
#4240=CARTESIAN_POINT('',(178.674952242,745.224252274,9.812095734));
#4241=CARTESIAN_POINT('',(178.575064895,745.510135362,9.612504628));
#4242=CARTESIAN_POINT('',(178.514713505,745.641135676,9.5008096));
#4243=CARTESIAN_POINT('',(178.376033151,745.873095708,9.258870663));
#4244=CARTESIAN_POINT('',(178.297709358,745.97404678,9.128635769));
#4245=CARTESIAN_POINT('',(178.126777459,746.14114541,8.85575654));
#4246=CARTESIAN_POINT('',(178.034175727,746.207286739,8.713122372));
#4247=CARTESIAN_POINT('',(177.839054957,746.301644085,8.42216907));
#4248=CARTESIAN_POINT('',(177.736543196,746.329856584,8.273860777));
#4249=CARTESIAN_POINT('',(177.526437148,746.347022804,7.978551689));
#4250=CARTESIAN_POINT('',(177.418850696,746.335975885,7.831561897));
#4251=CARTESIAN_POINT('',(177.311260234,746.305558455,7.688691243));
#4252=CARTESIAN_POINT('',(178.86590494,743.856184539,10.169913153));
#4253=CARTESIAN_POINT('',(178.884243948,744.035434748,10.155787499));
#4254=CARTESIAN_POINT('',(178.890552313,744.214678365,10.126079824));
#4255=CARTESIAN_POINT('',(178.878813234,744.564780503,10.036888172));
#4256=CARTESIAN_POINT('',(178.860766224,744.735626145,9.977407476));
#4257=CARTESIAN_POINT('',(178.801160583,745.060926885,9.831454405));
#4258=CARTESIAN_POINT('',(178.759604146,745.215370017,9.744987399));
#4259=CARTESIAN_POINT('',(178.654925673,745.500628194,9.549110681));
#4260=CARTESIAN_POINT('',(178.59180749,745.631432744,9.439708174));
#4261=CARTESIAN_POINT('',(178.44696218,745.8632832,9.203084094));
#4262=CARTESIAN_POINT('',(178.365240384,745.964320575,9.075871225));
#4263=CARTESIAN_POINT('',(178.187016575,746.131900332,8.809584717));
#4264=CARTESIAN_POINT('',(178.090521122,746.198436547,8.670520871));
#4265=CARTESIAN_POINT('',(177.887271369,746.293893746,8.387046252));
#4266=CARTESIAN_POINT('',(177.78052455,746.322811219,8.242645903));
#4267=CARTESIAN_POINT('',(177.561774194,746.341673006,7.955262533));
#4268=CARTESIAN_POINT('',(177.449778709,746.331616626,7.812290081));
#4269=CARTESIAN_POINT('',(177.337779101,746.302307673,7.673375199));
#4270=CARTESIAN_POINT('',(179.043152434,743.84744668,10.02361117));
#4271=CARTESIAN_POINT('',(179.061461861,744.025311367,10.007486885));
#4272=CARTESIAN_POINT('',(179.066918511,744.203169687,9.976800619));
#4273=CARTESIAN_POINT('',(179.051874896,744.550676353,9.887718598));
#4274=CARTESIAN_POINT('',(179.031375169,744.720312254,9.829326034));
#4275=CARTESIAN_POINT('',(178.965365087,745.043530894,9.68752893));
#4276=CARTESIAN_POINT('',(178.919857096,745.197102057,9.604129468));
#4277=CARTESIAN_POINT('',(178.805933282,745.481090142,9.416172115));
#4278=CARTESIAN_POINT('',(178.73752154,745.611496892,9.311620954));
#4279=CARTESIAN_POINT('',(178.58095229,745.84312545,9.086191653));
#4280=CARTESIAN_POINT('',(178.492800392,745.944338962,8.965321585));
#4281=CARTESIAN_POINT('',(178.300825946,746.112899513,8.71284051));
#4282=CARTESIAN_POINT('',(178.197010278,746.180240515,8.581238542));
#4283=CARTESIAN_POINT('',(177.978508025,746.277940116,8.313376099));
#4284=CARTESIAN_POINT('',(177.86382927,746.308295214,8.177125215));
#4285=CARTESIAN_POINT('',(177.628903248,746.330616725,7.906262636));
#4286=CARTESIAN_POINT('',(177.5086644,746.322582337,7.771660638));
#4287=CARTESIAN_POINT('',(177.388421243,746.295537801,7.640989175));
#4288=CARTESIAN_POINT('',(179.127515364,743.842910405,9.946657953));
#4289=CARTESIAN_POINT('',(179.145672588,744.020072508,9.929576229));
#4290=CARTESIAN_POINT('',(179.150601864,744.19722838,9.898457998));
#4291=CARTESIAN_POINT('',(179.133779093,744.543418942,9.809573009));
#4292=CARTESIAN_POINT('',(179.11202764,744.712441403,9.75180939));
#4293=CARTESIAN_POINT('',(179.042840638,745.034604228,9.612283683));
#4294=CARTESIAN_POINT('',(178.995407534,745.187733211,9.530526523));
#4295=CARTESIAN_POINT('',(178.877033875,745.4710773,9.346765288));
#4296=CARTESIAN_POINT('',(178.806097504,745.601282396,9.244767704));
#4297=CARTESIAN_POINT('',(178.643973419,745.832798885,9.025206468));
#4298=CARTESIAN_POINT('',(178.552791435,745.9341021,8.90765057));
#4299=CARTESIAN_POINT('',(178.354362172,746.103161495,8.662367983));
#4300=CARTESIAN_POINT('',(178.247121905,746.170911702,8.534649955));
#4301=CARTESIAN_POINT('',(178.021499835,746.269751878,8.274905165));
#4302=CARTESIAN_POINT('',(177.903126005,746.300838355,8.142887575));
#4303=CARTESIAN_POINT('',(177.660672182,746.324920927,7.88060343));
#4304=CARTESIAN_POINT('',(177.536600758,746.317916172,7.750346135));
#4305=CARTESIAN_POINT('',(177.412524951,746.292025521,7.623954026));
#4306=CARTESIAN_POINT('',(179.368231818,743.828896576,9.70470113));
#4307=CARTESIAN_POINT('',(179.385572817,744.003941163,9.684933705));
#4308=CARTESIAN_POINT('',(179.38866093,744.178979855,9.652742927));
#4309=CARTESIAN_POINT('',(179.366193806,744.52120337,9.564957502));
#4310=CARTESIAN_POINT('',(179.340639332,744.688376617,9.509365825));
#4311=CARTESIAN_POINT('',(179.262035219,745.007356328,9.377274512));
#4312=CARTESIAN_POINT('',(179.208988244,745.159152,9.300779341));
#4313=CARTESIAN_POINT('',(179.077783753,745.44055402,9.130315243));
#4314=CARTESIAN_POINT('',(178.999630685,745.570150848,9.036352075));
#4315=CARTESIAN_POINT('',(178.821727816,745.801329534,8.835170273));
#4316=CARTESIAN_POINT('',(178.721984046,745.90290357,8.727958434));
#4317=CARTESIAN_POINT('',(178.505384742,746.073469672,8.505092297));
#4318=CARTESIAN_POINT('',(178.38853655,746.142455964,8.389445526));
#4319=CARTESIAN_POINT('',(178.142982843,746.244743423,8.154901197));
#4320=CARTESIAN_POINT('',(178.01428565,746.278041126,8.036011559));
#4321=CARTESIAN_POINT('',(177.750821571,746.307451554,7.800318807));
#4322=CARTESIAN_POINT('',(177.616063613,746.303563281,7.68352365));
#4323=CARTESIAN_POINT('',(177.48130109,746.281167964,7.570393452));
#4324=CARTESIAN_POINT('',(179.512329572,743.819008799,9.528711262));
#4325=CARTESIAN_POINT('',(179.528647028,743.992630031,9.507405487));
#4326=CARTESIAN_POINT('',(179.530161933,744.166245565,9.474799828));
#4327=CARTESIAN_POINT('',(179.503520958,744.505802188,9.388428072));
#4328=CARTESIAN_POINT('',(179.475365956,744.671732131,9.334664808));
#4329=CARTESIAN_POINT('',(179.390631492,744.988571386,9.208355279));
#4330=CARTESIAN_POINT('',(179.334054817,745.139470297,9.135813155));
#4331=CARTESIAN_POINT('',(179.194982235,745.419566085,8.975153481));
#4332=CARTESIAN_POINT('',(179.112490901,745.548753766,8.887041197));
#4333=CARTESIAN_POINT('',(178.925242154,745.779706191,8.699137068));
#4334=CARTESIAN_POINT('',(178.820490898,745.881463351,8.59935138));
#4335=CARTESIAN_POINT('',(178.593361573,746.053047544,8.392512339));
#4336=CARTESIAN_POINT('',(178.470990971,746.122868941,8.285465761));
#4337=CARTESIAN_POINT('',(178.21404286,746.227487636,8.06883781));
#4338=CARTESIAN_POINT('',(178.079473798,746.262281497,7.959263531));
#4339=CARTESIAN_POINT('',(177.804089276,746.295301341,7.74242479));
#4340=CARTESIAN_POINT('',(177.663282869,746.293526238,7.635167428));
#4341=CARTESIAN_POINT('',(177.522471834,746.273504591,7.531436077));
#4342=CARTESIAN_POINT('',(179.70328809,743.803580337,9.24197572));
#4343=CARTESIAN_POINT('',(179.717575146,743.975109547,9.218924943));
#4344=CARTESIAN_POINT('',(179.716414852,744.146633378,9.186309059));
#4345=CARTESIAN_POINT('',(179.683249922,744.482270244,9.103354266));
#4346=CARTESIAN_POINT('',(179.651246327,744.646372753,9.053017959));
#4347=CARTESIAN_POINT('',(179.557778076,744.960066041,8.936798866));
#4348=CARTESIAN_POINT('',(179.496316353,745.109646982,8.870919724));
#4349=CARTESIAN_POINT('',(179.346589976,745.387824046,8.726463815));
#4350=CARTESIAN_POINT('',(179.258330019,745.516411444,8.647891577));
#4351=CARTESIAN_POINT('',(179.058825122,745.747036229,8.481447415));
#4352=CARTESIAN_POINT('',(178.94758644,745.849066383,8.393580708));
#4353=CARTESIAN_POINT('',(178.706936643,746.022160166,8.212347665));
#4354=CARTESIAN_POINT('',(178.577533077,746.093218367,8.118987008));
#4355=CARTESIAN_POINT('',(178.306152414,746.201291494,7.930803883));
#4356=CARTESIAN_POINT('',(178.164183831,746.238303031,7.835987312));
#4357=CARTESIAN_POINT('',(177.873816115,746.276678969,7.648993307));
#4358=CARTESIAN_POINT('',(177.72542609,746.278042165,7.556821733));
#4359=CARTESIAN_POINT('',(177.57703141,746.261551007,7.467963087));
#4360=CARTESIAN_POINT('',(179.762040114,743.79838907,9.143526061));
#4361=CARTESIAN_POINT('',(179.775574675,743.969235021,9.11999317));
#4362=CARTESIAN_POINT('',(179.773479341,744.140075703,9.087476072));
#4363=CARTESIAN_POINT('',(179.738118896,744.474432365,9.005865587));
#4364=CARTESIAN_POINT('',(179.704854879,744.637938021,8.956774718));
#4365=CARTESIAN_POINT('',(179.608583814,744.950603837,8.844123075));
#4366=CARTESIAN_POINT('',(179.545579739,745.099754342,8.780565777));
#4367=CARTESIAN_POINT('',(179.39253243,745.377304949,8.641708596));
#4368=CARTESIAN_POINT('',(179.302493922,745.50569648,8.566412999));
#4369=CARTESIAN_POINT('',(179.099242633,745.736215103,8.407310416));
#4370=CARTESIAN_POINT('',(178.98603613,745.838335077,8.323508342));
#4371=CARTESIAN_POINT('',(178.741308803,746.011924153,8.150989198));
#4372=CARTESIAN_POINT('',(178.609795538,746.083387895,8.062277452));
#4373=CARTESIAN_POINT('',(178.334101019,746.19259401,7.883746204));
#4374=CARTESIAN_POINT('',(178.189928281,746.230333011,7.79393221));
#4375=CARTESIAN_POINT('',(177.895105088,746.270466911,7.617051153));
#4376=CARTESIAN_POINT('',(177.744463739,746.272860572,7.529989547));
#4377=CARTESIAN_POINT('',(177.593817737,746.257529538,7.446169762));
#4378=CARTESIAN_POINT('',(179.868995729,743.788043586,8.942762933));
#4379=CARTESIAN_POINT('',(179.880935649,743.957568495,8.918478695));
#4380=CARTESIAN_POINT('',(179.876941596,744.127088333,8.886365025));
#4381=CARTESIAN_POINT('',(179.837254272,744.458969754,8.807832928));
#4382=CARTESIAN_POINT('',(179.801562191,744.621321398,8.761416853));
#4383=CARTESIAN_POINT('',(179.699986648,744.932000682,8.656241492));
#4384=CARTESIAN_POINT('',(179.634106229,745.080319018,8.597485356));
#4385=CARTESIAN_POINT('',(179.474938615,745.356658912,8.470113028));
#4386=CARTESIAN_POINT('',(179.381656187,745.484672194,8.401500649));
#4387=CARTESIAN_POINT('',(179.171628154,745.714987417,8.257315634));
#4388=CARTESIAN_POINT('',(179.054888842,745.817282459,8.181747312));
#4389=CARTESIAN_POINT('',(178.802882866,745.991833792,8.026844282));
#4390=CARTESIAN_POINT('',(178.667623753,746.064084854,7.947514209));
#4391=CARTESIAN_POINT('',(178.384297497,746.175490955,7.788440628));
#4392=CARTESIAN_POINT('',(178.236238841,746.214642657,7.708701881));
#4393=CARTESIAN_POINT('',(177.933574451,746.258192183,7.552181273));
#4394=CARTESIAN_POINT('',(177.778977784,746.262588701,7.475404097));
#4395=CARTESIAN_POINT('',(177.624376485,746.249514118,7.401727989));
#4396=CARTESIAN_POINT('',(179.917380369,743.782873365,8.840178823));
#4397=CARTESIAN_POINT('',(179.928476281,743.951758544,8.815623652));
#4398=CARTESIAN_POINT('',(179.923516069,744.120638751,8.783814565));
#4399=CARTESIAN_POINT('',(179.881691284,744.451321523,8.707019688));
#4400=CARTESIAN_POINT('',(179.844827947,744.613114334,8.662036163));
#4401=CARTESIAN_POINT('',(179.740742513,744.922831703,8.560779098));
#4402=CARTESIAN_POINT('',(179.673523487,745.070747125,8.504508542));
#4403=CARTESIAN_POINT('',(179.511546416,745.346501083,8.383037598));
#4404=CARTESIAN_POINT('',(179.41679315,745.474331485,8.31784079));
#4405=CARTESIAN_POINT('',(179.20372313,745.704549297,8.181252007));
#4406=CARTESIAN_POINT('',(179.085412663,745.806929915,8.109864059));
#4407=CARTESIAN_POINT('',(178.83019271,745.981949771,7.963887428));
#4408=CARTESIAN_POINT('',(178.693290754,746.054583844,7.889303048));
#4409=CARTESIAN_POINT('',(178.406632873,746.167060325,7.740062143));
#4410=CARTESIAN_POINT('',(178.256885407,746.206899414,7.665410016));
#4411=CARTESIAN_POINT('',(177.950821022,746.252111756,7.51916513));
#4412=CARTESIAN_POINT('',(177.794513134,746.257483676,7.44757668));
#4413=CARTESIAN_POINT('',(177.638200635,746.245508787,7.379019456));
#4414=CARTESIAN_POINT('',(180.004065677,743.772571631,8.630629324));
#4415=CARTESIAN_POINT('',(180.013423932,743.940222289,8.605739928));
#4416=CARTESIAN_POINT('',(180.006535788,744.107868158,8.574743394));
#4417=CARTESIAN_POINT('',(179.960551021,744.436237861,8.501814023));
#4418=CARTESIAN_POINT('',(179.921455717,744.596952294,8.459883274));
#4419=CARTESIAN_POINT('',(179.812671649,744.904813656,8.366818132));
#4420=CARTESIAN_POINT('',(179.742986003,745.051951769,8.315686403));
#4421=CARTESIAN_POINT('',(179.575901254,745.326575948,8.206332178));
#4422=CARTESIAN_POINT('',(179.478506938,745.45405415,8.148112811));
#4423=CARTESIAN_POINT('',(179.260030747,745.684086449,8.026989086));
#4424=CARTESIAN_POINT('',(179.138955129,745.786633959,7.964088191));
#4425=CARTESIAN_POINT('',(178.87812166,745.962563271,7.836200659));
#4426=CARTESIAN_POINT('',(178.738371278,746.035940036,7.771217679));
#4427=CARTESIAN_POINT('',(178.445966072,746.15049208,7.641851291));
#4428=CARTESIAN_POINT('',(178.293319621,746.191664079,7.577471582));
#4429=CARTESIAN_POINT('',(177.981433635,746.240102154,7.451972156));
#4430=CARTESIAN_POINT('',(177.822203031,746.247366843,7.390856028));
#4431=CARTESIAN_POINT('',(177.662967867,746.237527263,7.332632695));
#4432=CARTESIAN_POINT('',(180.042366561,743.767440464,8.523663853));
#4433=CARTESIAN_POINT('',(180.050831095,743.934496297,8.498711128));
#4434=CARTESIAN_POINT('',(180.042981115,744.101547421,8.468222535));
#4435=CARTESIAN_POINT('',(179.994973715,744.428802627,8.397421403));
#4436=CARTESIAN_POINT('',(179.954817651,744.588997477,8.35711086));
#4437=CARTESIAN_POINT('',(179.843844767,744.895964672,8.268319323));
#4438=CARTESIAN_POINT('',(179.773031078,745.042728356,8.219840833));
#4439=CARTESIAN_POINT('',(179.603648071,745.316808628,8.116701944));
#4440=CARTESIAN_POINT('',(179.505083533,745.444117484,8.062044453));
#4441=CARTESIAN_POINT('',(179.284243157,745.674061634,7.948789571));
#4442=CARTESIAN_POINT('',(179.161973552,745.776690442,7.890195373));
#4443=CARTESIAN_POINT('',(178.898740577,745.953060667,7.771470577));
#4444=CARTESIAN_POINT('',(178.757784634,746.026797107,7.711343326));
#4445=CARTESIAN_POINT('',(178.462963782,746.142354339,7.592018827));
#4446=CARTESIAN_POINT('',(178.309107191,746.18417187,7.532824942));
#4447=CARTESIAN_POINT('',(177.99479967,746.234172892,7.417795309));
#4448=CARTESIAN_POINT('',(177.834357608,746.242354973,7.361962803));
#4449=CARTESIAN_POINT('',(177.67391102,746.233551036,7.308954504));
#4450=CARTESIAN_POINT('',(180.108689293,743.757240531,8.305252977));
#4451=CARTESIAN_POINT('',(180.115356176,743.923154461,8.280375835));
#4452=CARTESIAN_POINT('',(180.105622328,744.089063847,8.25110175));
#4453=CARTESIAN_POINT('',(180.053746182,744.414179685,8.184940648));
#4454=CARTESIAN_POINT('',(180.011605306,744.573377227,8.148055445));
#4455=CARTESIAN_POINT('',(179.896618514,744.878628495,8.068163452));
#4456=CARTESIAN_POINT('',(179.82377575,745.024673856,8.025158851));
#4457=CARTESIAN_POINT('',(179.6503308,745.297711586,7.934766762));
#4458=CARTESIAN_POINT('',(179.549733368,745.424696471,7.88738175));
#4459=CARTESIAN_POINT('',(179.324847732,745.654474821,7.790144588));
#4460=CARTESIAN_POINT('',(179.200565692,745.757261988,7.740295099));
#4461=CARTESIAN_POINT('',(178.933337922,745.934485087,7.640144327));
#4462=CARTESIAN_POINT('',(178.790399516,746.008916162,7.589845784));
#4463=CARTESIAN_POINT('',(178.491641144,746.126414161,7.490830364));
#4464=CARTESIAN_POINT('',(178.335829369,746.169477864,7.442116195));
#4465=CARTESIAN_POINT('',(178.017627521,746.222496987,7.348238901));
#4466=CARTESIAN_POINT('',(177.855246172,746.232450953,7.303078343));
#4467=CARTESIAN_POINT('',(177.692860372,746.225648386,7.26060615));
#4468=CARTESIAN_POINT('',(180.136782751,743.75215181,8.193308492));
#4469=CARTESIAN_POINT('',(180.142541816,743.917516475,8.168571711));
#4470=CARTESIAN_POINT('',(180.131882204,744.082876672,8.140008073));
#4471=CARTESIAN_POINT('',(180.078152914,744.406963506,8.076371202));
#4472=CARTESIAN_POINT('',(180.035084688,744.565681386,8.041299688));
#4473=CARTESIAN_POINT('',(179.918266726,744.870107541,7.966055053));
#4474=CARTESIAN_POINT('',(179.844520147,745.01580759,7.925883964));
#4475=CARTESIAN_POINT('',(179.669306482,745.288344591,7.842052823));
#4476=CARTESIAN_POINT('',(179.567844131,745.41517418,7.798395035));
#4477=CARTESIAN_POINT('',(179.341273428,745.644874446,7.709343055));
#4478=CARTESIAN_POINT('',(179.216171198,745.747738917,7.663951267));
#4479=CARTESIAN_POINT('',(178.947345073,745.925375495,7.573253404));
#4480=CARTESIAN_POINT('',(178.803628443,746.000142801,7.527949775));
#4481=CARTESIAN_POINT('',(178.503345861,746.118579989,7.43924676));
#4482=CARTESIAN_POINT('',(178.346788023,746.162246669,7.395849767));
#4483=CARTESIAN_POINT('',(178.02711151,746.216726647,7.312701974));
#4484=CARTESIAN_POINT('',(177.864001473,746.227538473,7.272953418));
#4485=CARTESIAN_POINT('',(177.700887028,746.221705449,7.235825689));
#4486=CARTESIAN_POINT('',(180.203935839,743.737258001,7.855991283));
#4487=CARTESIAN_POINT('',(180.207052595,743.901074451,7.831952236));
#4488=CARTESIAN_POINT('',(180.193767551,744.064886655,7.805766413));
#4489=CARTESIAN_POINT('',(180.13491626,744.386073334,7.750128176));
#4490=CARTESIAN_POINT('',(180.089351541,744.543439484,7.720677201));
#4491=CARTESIAN_POINT('',(179.96773332,744.845541112,7.659665488));
#4492=CARTESIAN_POINT('',(179.891682972,744.990268759,7.628106327));
#4493=CARTESIAN_POINT('',(179.712085687,745.261397364,7.564117014));
#4494=CARTESIAN_POINT('',(179.608543409,745.387791293,7.531688513));
#4495=CARTESIAN_POINT('',(179.378036466,745.617277474,7.467232621));
#4496=CARTESIAN_POINT('',(179.251077782,745.720363775,7.43520689));
#4497=CARTESIAN_POINT('',(178.978733909,745.899176479,7.372812076));
#4498=CARTESIAN_POINT('',(178.833355785,745.974898245,7.342444598));
#4499=CARTESIAN_POINT('',(178.529893996,746.096000107,7.284556066));
#4500=CARTESIAN_POINT('',(178.371818201,746.141377061,7.257036497));
#4501=CARTESIAN_POINT('',(178.04918199,746.200001307,7.205921199));
#4502=CARTESIAN_POINT('',(177.884629941,746.213247078,7.182326779));
#4503=CARTESIAN_POINT('',(177.720073624,746.210166102,7.161155727));
#4504=CARTESIAN_POINT('',(180.226528736,743.727779024,7.628224659));
#4505=CARTESIAN_POINT('',(180.227986351,743.890689644,7.605016082));
#4506=CARTESIAN_POINT('',(180.213145344,744.053596145,7.580745755));
#4507=CARTESIAN_POINT('',(180.151441932,744.373086382,7.531021476));
#4508=CARTESIAN_POINT('',(180.104581088,744.52966204,7.505568778));
#4509=CARTESIAN_POINT('',(179.980657999,744.830405271,7.454467093));
#4510=CARTESIAN_POINT('',(179.903598889,744.97456524,7.428819393));
#4511=CARTESIAN_POINT('',(179.72227283,745.244873916,7.378321863));
#4512=CARTESIAN_POINT('',(179.618010466,745.371015788,7.353473302));
#4513=CARTESIAN_POINT('',(179.386328688,745.600384961,7.305536495));
#4514=CARTESIAN_POINT('',(179.258915132,745.703606462,7.282449451));
#4515=CARTESIAN_POINT('',(178.985881575,745.883121987,7.238929137));
#4516=CARTESIAN_POINT('',(178.840268477,745.959411472,7.218496957));
#4517=CARTESIAN_POINT('',(178.536493888,746.0820964,7.181076273));
#4518=CARTESIAN_POINT('',(178.378340077,746.128488741,7.164088704));
#4519=CARTESIAN_POINT('',(178.055629703,746.189574447,7.134213057));
#4520=CARTESIAN_POINT('',(177.8910813,746.204266267,7.121325724));
#4521=CARTESIAN_POINT('',(177.726528736,746.202822022,7.110736347));
#4522=CARTESIAN_POINT('',(180.226528736,743.718788266,7.3975));
#4523=CARTESIAN_POINT('',(180.226528736,743.880911983,7.375388565));
#4524=CARTESIAN_POINT('',(180.210413516,744.043031692,7.353277677));
#4525=CARTESIAN_POINT('',(180.146570357,744.361048804,7.309904538));
#4526=CARTESIAN_POINT('',(180.098843997,744.516938344,7.288643359));
#4527=CARTESIAN_POINT('',(179.973611137,744.816503913,7.247786755));
#4528=CARTESIAN_POINT('',(179.896107733,744.960172535,7.22819234));
#4529=CARTESIAN_POINT('',(179.7142978,745.229774425,7.191422368));
#4530=CARTESIAN_POINT('',(179.609995765,745.355701025,7.174247719));
#4531=CARTESIAN_POINT('',(179.378595612,745.584978586,7.142977428));
#4532=CARTESIAN_POINT('',(179.251503215,745.688323876,7.128882559));
#4533=CARTESIAN_POINT('',(178.979405421,745.8684661,7.104313649));
#4534=CARTESIAN_POINT('',(178.834406752,745.945258578,7.093840216));
#4535=CARTESIAN_POINT('',(178.532067882,746.0693427,7.076916857));
#4536=CARTESIAN_POINT('',(178.374735157,746.116631275,7.070467348));
#4537=CARTESIAN_POINT('',(178.053773924,746.179888811,7.061839895));
#4538=CARTESIAN_POINT('',(177.890153353,746.195856209,7.059662162));
#4539=CARTESIAN_POINT('',(177.726528736,746.195856209,7.059662162));
#4540=B_SPLINE_SURFACE_WITH_KNOTS('',3,3,((#4072,#4073,#4074,#4075,#4076,#4077,#4078,#4079,#4080,#4081,#4082,#4083,#4084,#4085,#4086,#4087,#4088,#4089),(#4090,#4091,#4092,#4093,#4094,#4095,#4096,#4097,#4098,#4099,#4100,#4101,#4102,#4103,#4104,#4105,#4106,#4107),(#4108,#4109,#4110,#4111,#4112,#4113,#4114,#4115,#4116,#4117,#4118,#4119,#4120,#4121,#4122,#4123,#4124,#4125),(#4126,#4127,#4128,#4129,#4130,#4131,#4132,#4133,#4134,#4135,#4136,#4137,#4138,#4139,#4140,#4141,#4142,#4143),(#4144,#4145,#4146,#4147,#4148,#4149,#4150,#4151,#4152,#4153,#4154,#4155,#4156,#4157,#4158,#4159,#4160,#4161),(#4162,#4163,#4164,#4165,#4166,#4167,#4168,#4169,#4170,#4171,#4172,#4173,#4174,#4175,#4176,#4177,#4178,#4179),(#4180,#4181,#4182,#4183,#4184,#4185,#4186,#4187,#4188,#4189,#4190,#4191,#4192,#4193,#4194,#4195,#4196,#4197),(#4198,#4199,#4200,#4201,#4202,#4203,#4204,#4205,#4206,#4207,#4208,#4209,#4210,#4211,#4212,#4213,#4214,#4215),(#4216,#4217,#4218,#4219,#4220,#4221,#4222,#4223,#4224,#4225,#4226,#4227,#4228,#4229,#4230,#4231,#4232,#4233),(#4234,#4235,#4236,#4237,#4238,#4239,#4240,#4241,#4242,#4243,#4244,#4245,#4246,#4247,#4248,#4249,#4250,#4251),(#4252,#4253,#4254,#4255,#4256,#4257,#4258,#4259,#4260,#4261,#4262,#4263,#4264,#4265,#4266,#4267,#4268,#4269),(#4270,#4271,#4272,#4273,#4274,#4275,#4276,#4277,#4278,#4279,#4280,#4281,#4282,#4283,#4284,#4285,#4286,#4287),(#4288,#4289,#4290,#4291,#4292,#4293,#4294,#4295,#4296,#4297,#4298,#4299,#4300,#4301,#4302,#4303,#4304,#4305),(#4306,#4307,#4308,#4309,#4310,#4311,#4312,#4313,#4314,#4315,#4316,#4317,#4318,#4319,#4320,#4321,#4322,#4323),(#4324,#4325,#4326,#4327,#4328,#4329,#4330,#4331,#4332,#4333,#4334,#4335,#4336,#4337,#4338,#4339,#4340,#4341),(#4342,#4343,#4344,#4345,#4346,#4347,#4348,#4349,#4350,#4351,#4352,#4353,#4354,#4355,#4356,#4357,#4358,#4359),(#4360,#4361,#4362,#4363,#4364,#4365,#4366,#4367,#4368,#4369,#4370,#4371,#4372,#4373,#4374,#4375,#4376,#4377),(#4378,#4379,#4380,#4381,#4382,#4383,#4384,#4385,#4386,#4387,#4388,#4389,#4390,#4391,#4392,#4393,#4394,#4395),(#4396,#4397,#4398,#4399,#4400,#4401,#4402,#4403,#4404,#4405,#4406,#4407,#4408,#4409,#4410,#4411,#4412,#4413),(#4414,#4415,#4416,#4417,#4418,#4419,#4420,#4421,#4422,#4423,#4424,#4425,#4426,#4427,#4428,#4429,#4430,#4431),(#4432,#4433,#4434,#4435,#4436,#4437,#4438,#4439,#4440,#4441,#4442,#4443,#4444,#4445,#4446,#4447,#4448,#4449),(#4450,#4451,#4452,#4453,#4454,#4455,#4456,#4457,#4458,#4459,#4460,#4461,#4462,#4463,#4464,#4465,#4466,#4467),(#4468,#4469,#4470,#4471,#4472,#4473,#4474,#4475,#4476,#4477,#4478,#4479,#4480,#4481,#4482,#4483,#4484,#4485),(#4486,#4487,#4488,#4489,#4490,#4491,#4492,#4493,#4494,#4495,#4496,#4497,#4498,#4499,#4500,#4501,#4502,#4503),(#4504,#4505,#4506,#4507,#4508,#4509,#4510,#4511,#4512,#4513,#4514,#4515,#4516,#4517,#4518,#4519,#4520,#4521),(#4522,#4523,#4524,#4525,#4526,#4527,#4528,#4529,#4530,#4531,#4532,#4533,#4534,#4535,#4536,#4537,#4538,#4539)),.UNSPECIFIED.,.F.,.F.,.U.,(4,2,2,2,2,2,2,2,2,2,2,2,4),(4,2,2,2,2,2,2,2,4),(0.,0.000196805,0.000295207,0.000393609,0.000590414,0.000688817,0.000787219,0.000984024,0.001082426,0.001180828,0.001279231,0.001377633,0.001574438),(0.,0.125,0.25,0.375,0.5,0.625,0.75,0.875,1.),.UNSPECIFIED.);
#4541=ORIENTED_EDGE('',*,*,#4066,.T.);
#4542=ORIENTED_EDGE('',*,*,#3491,.F.);
#4543=ORIENTED_EDGE('',*,*,#3771,.F.);
#4544=ORIENTED_EDGE('',*,*,#2671,.F.);
#4545=EDGE_LOOP('',(#4541,#4542,#4543,#4544));
#4546=FACE_BOUND('',#4545,.T.);
#4547=ADVANCED_FACE('',(#4546),#4540,.T.);
#4548=CARTESIAN_POINT('',(193.226528736,743.718788266,7.3975));
#4549=CARTESIAN_POINT('',(193.226528736,743.880911983,7.375388565));
#4550=CARTESIAN_POINT('',(193.242643955,744.043031692,7.353277677));
#4551=CARTESIAN_POINT('',(193.306487114,744.361048804,7.309904538));
#4552=CARTESIAN_POINT('',(193.354213474,744.516938344,7.288643359));
#4553=CARTESIAN_POINT('',(193.479446335,744.816503913,7.247786755));
#4554=CARTESIAN_POINT('',(193.556949738,744.960172535,7.22819234));
#4555=CARTESIAN_POINT('',(193.738759672,745.229774425,7.191422368));
#4556=CARTESIAN_POINT('',(193.843061706,745.355701025,7.174247719));
#4557=CARTESIAN_POINT('',(194.074461859,745.584978586,7.142977428));
#4558=CARTESIAN_POINT('',(194.201554256,745.688323876,7.128882559));
#4559=CARTESIAN_POINT('',(194.47365205,745.8684661,7.104313649));
#4560=CARTESIAN_POINT('',(194.61865072,745.945258578,7.093840216));
#4561=CARTESIAN_POINT('',(194.92098959,746.0693427,7.076916857));
#4562=CARTESIAN_POINT('',(195.078322314,746.116631275,7.070467348));
#4563=CARTESIAN_POINT('',(195.399283547,746.179888811,7.061839895));
#4564=CARTESIAN_POINT('',(195.562904118,746.195856209,7.059662162));
#4565=CARTESIAN_POINT('',(195.726528736,746.195856209,7.059662162));
#4566=CARTESIAN_POINT('',(193.226528736,743.727781884,7.628298041));
#4567=CARTESIAN_POINT('',(193.225070657,743.890692754,7.605089116));
#4568=CARTESIAN_POINT('',(193.239911258,744.053599505,7.580818102));
#4569=CARTESIAN_POINT('',(193.30161399,744.373090211,7.531091803));
#4570=CARTESIAN_POINT('',(193.348474559,744.529666087,7.505637771));
#4571=CARTESIAN_POINT('',(193.472397231,744.830409692,7.454532828));
#4572=CARTESIAN_POINT('',(193.5494562,744.974569817,7.428883203));
#4573=CARTESIAN_POINT('',(193.730782105,745.244878718,7.378381307));
#4574=CARTESIAN_POINT('',(193.835044456,745.371020659,7.353530305));
#4575=CARTESIAN_POINT('',(194.066726324,745.600389861,7.305588197));
#4576=CARTESIAN_POINT('',(194.194139982,745.703611323,7.282498294));
#4577=CARTESIAN_POINT('',(194.467173837,745.883126649,7.238971952));
#4578=CARTESIAN_POINT('',(194.61278713,745.959415973,7.218536604));
#4579=CARTESIAN_POINT('',(194.916562176,746.082100456,7.181109401));
#4580=CARTESIAN_POINT('',(195.074716248,746.128492512,7.16411848));
#4581=CARTESIAN_POINT('',(195.397427178,746.189577528,7.134236076));
#4582=CARTESIAN_POINT('',(195.561975877,746.204268941,7.121345336));
#4583=CARTESIAN_POINT('',(195.726528736,746.202824237,7.110752591));
#4584=CARTESIAN_POINT('',(193.249131812,743.737218016,7.854969557));
#4585=CARTESIAN_POINT('',(193.246021911,743.901031088,7.830935964));
#4586=CARTESIAN_POINT('',(193.259312895,744.064839916,7.804760225));
#4587=CARTESIAN_POINT('',(193.318174047,744.386020277,7.749150985));
#4588=CARTESIAN_POINT('',(193.363742687,744.543383485,7.719718923));
#4589=CARTESIAN_POINT('',(193.485366682,744.84548007,7.658753106));
#4590=CARTESIAN_POINT('',(193.561418883,744.990205614,7.627220926));
#4591=CARTESIAN_POINT('',(193.741017898,745.261331203,7.563292587));
#4592=CARTESIAN_POINT('',(193.844560053,745.387724218,7.530898076));
#4593=CARTESIAN_POINT('',(194.075064991,745.617210032,7.466515856));
#4594=CARTESIAN_POINT('',(194.202021796,745.720296881,7.434529804));
#4595=CARTESIAN_POINT('',(194.474360482,745.899112318,7.372218517));
#4596=CARTESIAN_POINT('',(194.619735301,745.974836269,7.341894883));
#4597=CARTESIAN_POINT('',(194.923189477,746.095944201,7.284096531));
#4598=CARTESIAN_POINT('',(195.081260965,746.141325041,7.256623296));
#4599=CARTESIAN_POINT('',(195.403888042,746.199958709,7.205601396));
#4600=CARTESIAN_POINT('',(195.568435266,746.213210014,7.182054038));
#4601=CARTESIAN_POINT('',(195.732986757,746.210135309,7.160929524));
#4602=CARTESIAN_POINT('',(193.315332863,743.751963226,8.189102588));
#4603=CARTESIAN_POINT('',(193.309607281,743.917307961,8.164372875));
#4604=CARTESIAN_POINT('',(193.320300593,744.082648232,8.135837476));
#4605=CARTESIAN_POINT('',(193.37409648,744.406697736,8.072298006));
#4606=CARTESIAN_POINT('',(193.417197602,744.565398219,8.037295649));
#4607=CARTESIAN_POINT('',(193.534079686,744.869794455,7.962227116));
#4608=CARTESIAN_POINT('',(193.607857492,745.015481988,7.922162966));
#4609=CARTESIAN_POINT('',(193.78313146,745.288000859,7.838578797));
#4610=CARTESIAN_POINT('',(193.884622888,745.414824837,7.795061032));
#4611=CARTESIAN_POINT('',(194.111249493,745.644522334,7.706316134));
#4612=CARTESIAN_POINT('',(194.236378549,745.74738965,7.661091394));
#4613=CARTESIAN_POINT('',(194.505256305,745.92504133,7.570747503));
#4614=CARTESIAN_POINT('',(194.648997744,745.999820896,7.525630789));
#4615=CARTESIAN_POINT('',(194.949328431,746.118292309,7.437313528));
#4616=CARTESIAN_POINT('',(195.105909568,746.161980956,7.394115363));
#4617=CARTESIAN_POINT('',(195.425631873,746.216514151,7.311368742));
#4618=CARTESIAN_POINT('',(195.588764405,746.227357225,7.271822518));
#4619=CARTESIAN_POINT('',(195.751901343,746.221559526,7.234894623));
#4620=CARTESIAN_POINT('',(193.342823194,743.756976753,8.299494253));
#4621=CARTESIAN_POINT('',(193.336203269,743.922861802,8.274622595));
#4622=CARTESIAN_POINT('',(193.345985438,744.088742307,8.245383554));
#4623=CARTESIAN_POINT('',(193.397959151,744.413804027,8.179349812));
#4624=CARTESIAN_POINT('',(193.440149271,744.572976339,8.142556918));
#4625=CARTESIAN_POINT('',(193.555234115,744.878184198,8.062902532));
#4626=CARTESIAN_POINT('',(193.628125686,745.024211386,8.020043219));
#4627=CARTESIAN_POINT('',(193.801666933,745.297222745,7.929988174));
#4628=CARTESIAN_POINT('',(193.902311855,745.424199439,7.882794906));
#4629=CARTESIAN_POINT('',(194.12729074,745.653973617,7.785979235));
#4630=CARTESIAN_POINT('',(194.25161854,745.756764809,7.73635948));
#4631=CARTESIAN_POINT('',(194.518936115,745.934009549,7.636696141));
#4632=CARTESIAN_POINT('',(194.661918567,746.008458243,7.586655282));
#4633=CARTESIAN_POINT('',(194.960763677,746.126005478,7.488172017));
#4634=CARTESIAN_POINT('',(195.116618148,746.169100798,7.439732305));
#4635=CARTESIAN_POINT('',(195.434904642,746.222196521,7.346408881));
#4636=CARTESIAN_POINT('',(195.597327946,746.232195469,7.301527721));
#4637=CARTESIAN_POINT('',(195.7597557,746.225443733,7.259331416));
#4638=CARTESIAN_POINT('',(193.408861764,743.767184759,8.518277717));
#4639=CARTESIAN_POINT('',(193.400442026,743.934211238,8.493323526));
#4640=CARTESIAN_POINT('',(193.408339789,744.101233008,8.462862002));
#4641=CARTESIAN_POINT('',(193.456446883,744.428433206,8.392170511));
#4642=CARTESIAN_POINT('',(193.496654857,744.588602409,8.351942537));
#4643=CARTESIAN_POINT('',(193.607734167,744.895525464,8.263367654));
#4644=CARTESIAN_POINT('',(193.678602369,745.042270663,8.21502324));
#4645=CARTESIAN_POINT('',(193.848095832,745.31632408,8.11219779));
#4646=CARTESIAN_POINT('',(193.946716313,745.443624572,8.057719652));
#4647=CARTESIAN_POINT('',(194.167669186,745.673564368,7.944860586));
#4648=CARTESIAN_POINT('',(194.289995349,745.776197189,7.886482836));
#4649=CARTESIAN_POINT('',(194.553341565,745.952589186,7.768218288));
#4650=CARTESIAN_POINT('',(194.694354194,746.02634339,7.70833482));
#4651=CARTESIAN_POINT('',(194.989288338,746.141950277,7.589514332));
#4652=CARTESIAN_POINT('',(195.143201537,746.183799701,7.530580658));
#4653=CARTESIAN_POINT('',(195.45762218,746.233877957,7.416076326));
#4654=CARTESIAN_POINT('',(195.618120759,746.242105377,7.360508892));
#4655=CARTESIAN_POINT('',(195.778623863,746.233352638,7.307762247));
#4656=CARTESIAN_POINT('',(193.447627359,743.772399825,8.627070934));
#4657=CARTESIAN_POINT('',(193.438298787,743.940030121,8.60217778));
#4658=CARTESIAN_POINT('',(193.445219313,744.107655624,8.57119671));
#4659=CARTESIAN_POINT('',(193.491272976,744.435987152,8.498335757));
#4660=CARTESIAN_POINT('',(193.530404793,744.596683782,8.456457958));
#4661=CARTESIAN_POINT('',(193.639264904,744.904514487,8.363533578));
#4662=CARTESIAN_POINT('',(193.708990082,745.051639754,8.312489656));
#4663=CARTESIAN_POINT('',(193.876155992,745.326245242,8.20334174));
#4664=CARTESIAN_POINT('',(193.973591939,745.453717605,8.145240869));
#4665=CARTESIAN_POINT('',(194.192152767,745.683746784,8.024379317));
#4666=CARTESIAN_POINT('',(194.313271393,745.786297018,7.961622092));
#4667=CARTESIAN_POINT('',(194.57419172,745.962241284,7.834040479));
#4668=CARTESIAN_POINT('',(194.713985953,746.035630281,7.769219738));
#4669=CARTESIAN_POINT('',(195.006479327,746.150216547,7.64018901));
#4670=CARTESIAN_POINT('',(195.159170097,746.191410535,7.575982711));
#4671=CARTESIAN_POINT('',(195.471144922,746.239901862,7.450833435));
#4672=CARTESIAN_POINT('',(195.630420049,746.247197811,7.389894034));
#4673=CARTESIAN_POINT('',(195.789699735,746.237393517,7.331845113));
#4674=CARTESIAN_POINT('',(193.578303361,743.787960535,8.943731767));
#4675=CARTESIAN_POINT('',(193.566348568,743.957454486,8.919337946));
#4676=CARTESIAN_POINT('',(193.570356893,744.126943369,8.887124009));
#4677=CARTESIAN_POINT('',(193.610129598,744.458766748,8.808413411));
#4678=CARTESIAN_POINT('',(193.645892784,744.621091315,8.761919102));
#4679=CARTESIAN_POINT('',(193.747663779,744.931723875,8.656610578));
#4680=CARTESIAN_POINT('',(193.81366854,745.080022574,8.597799508));
#4681=CARTESIAN_POINT('',(193.973132527,745.356333569,8.470339787));
#4682=CARTESIAN_POINT('',(194.066586976,745.484337597,8.401694941));
#4683=CARTESIAN_POINT('',(194.276999442,745.714646759,8.257464717));
#4684=CARTESIAN_POINT('',(194.393951156,745.816945,8.181883642));
#4685=CARTESIAN_POINT('',(194.646413569,745.991516183,8.026970468));
#4686=CARTESIAN_POINT('',(194.781916706,746.063783898,7.947642989));
#4687=CARTESIAN_POINT('',(195.065752752,746.175236575,7.788584386));
#4688=CARTESIAN_POINT('',(195.214077161,746.214418198,7.708858005));
#4689=CARTESIAN_POINT('',(195.517284133,746.258039427,7.552365616));
#4690=CARTESIAN_POINT('',(195.672157616,746.262477725,7.475604274));
#4691=CARTESIAN_POINT('',(195.827035736,746.249449563,7.401942492));
#4692=CARTESIAN_POINT('',(193.684871294,743.798310213,9.143943939));
#4693=CARTESIAN_POINT('',(193.67128148,743.969126233,9.120303252));
#4694=CARTESIAN_POINT('',(193.673357262,744.139936993,9.087689716));
#4695=CARTESIAN_POINT('',(193.708749998,744.474237614,9.005912917));
#4696=CARTESIAN_POINT('',(193.742065855,744.63771716,8.956752176));
#4697=CARTESIAN_POINT('',(193.838508841,744.950338032,8.843988762));
#4698=CARTESIAN_POINT('',(193.901632987,745.099469711,8.780389564));
#4699=CARTESIAN_POINT('',(194.054982529,745.37699278,8.641475542));
#4700=CARTESIAN_POINT('',(194.145203186,745.505375607,8.566164995));
#4701=CARTESIAN_POINT('',(194.34887201,745.735888877,8.407056223));
#4702=CARTESIAN_POINT('',(194.462313883,745.838012206,8.323262893));
#4703=CARTESIAN_POINT('',(194.707554029,746.011620906,8.150779797));
#4704=CARTESIAN_POINT('',(194.839344726,746.083100917,8.062095336));
#4705=CARTESIAN_POINT('',(195.115623214,746.192352132,7.883630627));
#4706=CARTESIAN_POINT('',(195.26010247,746.230119962,7.793855867));
#4707=CARTESIAN_POINT('',(195.555553583,746.270322509,7.617057777));
#4708=CARTESIAN_POINT('',(195.706516312,746.272755982,7.530039883));
#4709=CARTESIAN_POINT('',(195.857483705,746.257468889,7.446262187));
#4710=CARTESIAN_POINT('',(193.936521563,743.81869233,9.522966161));
#4711=CARTESIAN_POINT('',(193.92024162,743.992269757,9.501618972));
#4712=CARTESIAN_POINT('',(193.918779323,744.165841502,9.469007467));
#4713=CARTESIAN_POINT('',(193.945553375,744.50531609,9.382694734));
#4714=CARTESIAN_POINT('',(193.973788841,744.671207799,9.328996336));
#4715=CARTESIAN_POINT('',(194.058709154,744.98798126,9.202883293));
#4716=CARTESIAN_POINT('',(194.11539121,745.138852621,9.13047278));
#4717=CARTESIAN_POINT('',(194.254696032,745.418908335,8.970135809));
#4718=CARTESIAN_POINT('',(194.337314222,745.5480835,8.8822146));
#4719=CARTESIAN_POINT('',(194.524834316,745.779029159,8.694741896));
#4720=CARTESIAN_POINT('',(194.629730061,745.880792076,8.595196536));
#4721=CARTESIAN_POINT('',(194.857161849,746.052407916,8.388874813));
#4722=CARTESIAN_POINT('',(194.979690423,746.122255209,8.282105202));
#4723=CARTESIAN_POINT('',(195.236963588,746.22694615,8.066053474));
#4724=CARTESIAN_POINT('',(195.371699731,746.261786362,7.956778427));
#4725=CARTESIAN_POINT('',(195.647423004,746.294918063,7.740545042));
#4726=CARTESIAN_POINT('',(195.788401081,746.293208461,7.633593778));
#4727=CARTESIAN_POINT('',(195.929383786,746.273260439,7.530164143));
#4728=CARTESIAN_POINT('',(194.083199901,743.82879174,9.702862212));
#4729=CARTESIAN_POINT('',(194.065867874,744.00382101,9.683077075));
#4730=CARTESIAN_POINT('',(194.062795243,744.178844389,9.650880519));
#4731=CARTESIAN_POINT('',(194.085305633,744.521039218,9.563107437));
#4732=CARTESIAN_POINT('',(194.110887889,744.688199095,9.50753388));
#4733=CARTESIAN_POINT('',(194.189558797,745.007155795,9.375501494));
#4734=CARTESIAN_POINT('',(194.242644783,745.158941831,9.299047128));
#4735=CARTESIAN_POINT('',(194.373937147,745.440329826,9.128684942));
#4736=CARTESIAN_POINT('',(194.452139075,745.569922267,9.034782877));
#4737=CARTESIAN_POINT('',(194.630147871,745.801098549,8.833740161));
#4738=CARTESIAN_POINT('',(194.729948706,745.90267457,8.726606298));
#4739=CARTESIAN_POINT('',(194.946668487,746.073251642,8.503908717));
#4740=CARTESIAN_POINT('',(195.063580089,746.142246923,8.388352515));
#4741=CARTESIAN_POINT('',(195.309264939,746.244559449,8.153997021));
#4742=CARTESIAN_POINT('',(195.438029863,746.277873231,8.035205638));
#4743=CARTESIAN_POINT('',(195.701631595,746.30732242,7.799711814));
#4744=CARTESIAN_POINT('',(195.836459472,746.303456828,7.68301732));
#4745=CARTESIAN_POINT('',(195.971291915,746.281086969,7.569986308));
#4746=CARTESIAN_POINT('',(194.404292192,743.847504474,10.026016634));
#4747=CARTESIAN_POINT('',(194.385864478,744.025360357,10.009813138));
#4748=CARTESIAN_POINT('',(194.380329817,744.203209901,9.979044358));
#4749=CARTESIAN_POINT('',(194.395300897,744.55070023,9.889794809));
#4750=CARTESIAN_POINT('',(194.415806098,744.720328574,9.831317234));
#4751=CARTESIAN_POINT('',(194.48190911,745.043534331,9.689350752));
#4752=CARTESIAN_POINT('',(194.527504549,745.197100173,9.605866923));
#4753=CARTESIAN_POINT('',(194.641679406,745.481080586,9.41774355));
#4754=CARTESIAN_POINT('',(194.710254727,745.611484989,9.313110734));
#4755=CARTESIAN_POINT('',(194.86721745,745.843112179,9.087521855));
#4756=CARTESIAN_POINT('',(194.955599221,745.944326671,8.966573859));
#4757=CARTESIAN_POINT('',(195.14808643,746.112892409,8.713940732));
#4758=CARTESIAN_POINT('',(195.252184962,746.180237618,8.582264633));
#4759=CARTESIAN_POINT('',(195.471289906,746.277948277,8.314257049));
#4760=CARTESIAN_POINT('',(195.586288458,746.308310226,8.177935147));
#4761=CARTESIAN_POINT('',(195.821873061,746.330647045,7.906932473));
#4762=CARTESIAN_POINT('',(195.942450661,746.322621111,7.77226139));
#4763=CARTESIAN_POINT('',(196.063032583,746.295585119,7.641521123));
#4764=CARTESIAN_POINT('',(194.579575836,743.856216915,10.171190204));
#4765=CARTESIAN_POINT('',(194.56108795,744.03546003,10.157012029));
#4766=CARTESIAN_POINT('',(194.554683049,744.214696562,10.127250993));
#4767=CARTESIAN_POINT('',(194.566338136,744.564785491,10.037953917));
#4768=CARTESIAN_POINT('',(194.584397692,744.735625013,9.978421162));
#4769=CARTESIAN_POINT('',(194.644136006,745.060915312,9.832367414));
#4770=CARTESIAN_POINT('',(194.68581256,745.215354125,9.745851791));
#4771=CARTESIAN_POINT('',(194.790831532,745.500606077,9.549882507));
#4772=CARTESIAN_POINT('',(194.854170078,745.631408723,9.440436049));
#4773=CARTESIAN_POINT('',(194.999543666,745.863258092,9.203729058));
#4774=CARTESIAN_POINT('',(195.081573348,745.964296285,9.076477225));
#4775=CARTESIAN_POINT('',(195.260483072,746.131880342,8.810117295));
#4776=CARTESIAN_POINT('',(195.357356517,746.19842004,8.671018985));
#4777=CARTESIAN_POINT('',(195.561411225,746.293886435,8.387478815));
#4778=CARTESIAN_POINT('',(195.668584966,746.322809619,8.243047371));
#4779=CARTESIAN_POINT('',(195.888214345,746.341684258,7.955603636));
#4780=CARTESIAN_POINT('',(196.000661888,746.331635016,7.812601905));
#4781=CARTESIAN_POINT('',(196.113113575,746.302333362,7.673657795));
#4782=CARTESIAN_POINT('',(194.865271723,743.868027136,10.363796235));
#4783=CARTESIAN_POINT('',(194.847576087,744.049225518,10.352723772));
#4784=CARTESIAN_POINT('',(194.840541196,744.230416997,10.324670207));
#4785=CARTESIAN_POINT('',(194.848127442,744.584168362,10.235935343));
#4786=CARTESIAN_POINT('',(194.862748288,744.75671475,10.17525743));
#4787=CARTESIAN_POINT('',(194.912949694,745.084942318,10.024166541));
#4788=CARTESIAN_POINT('',(194.948528336,745.240610973,9.93375933));
#4789=CARTESIAN_POINT('',(195.038948701,745.52765411,9.727521023));
#4790=CARTESIAN_POINT('',(195.093786971,745.659017639,9.611697795));
#4791=CARTESIAN_POINT('',(195.22011062,745.891180659,9.360151458));
#4792=CARTESIAN_POINT('',(195.291591174,745.99197129,9.224437945));
#4793=CARTESIAN_POINT('',(195.44778893,746.158176891,8.939584337));
#4794=CARTESIAN_POINT('',(195.532500167,746.223585518,8.790455109));
#4795=CARTESIAN_POINT('',(195.711117103,746.315903303,8.485883849));
#4796=CARTESIAN_POINT('',(195.805015982,746.342808938,8.330453436));
#4797=CARTESIAN_POINT('',(195.997527211,746.356833794,8.020694702));
#4798=CARTESIAN_POINT('',(196.096132211,746.343952479,7.866378196));
#4799=CARTESIAN_POINT('',(196.194740975,746.311483622,7.716293875));
#4800=CARTESIAN_POINT('',(194.964741878,743.87176289,10.423937386));
#4801=CARTESIAN_POINT('',(194.9474605,744.053593703,10.413914237));
#4802=CARTESIAN_POINT('',(194.940328856,744.235417516,10.386464204));
#4803=CARTESIAN_POINT('',(194.946706195,744.59035347,10.298023635));
#4804=CARTESIAN_POINT('',(194.960214931,744.763451911,10.237036514));
#4805=CARTESIAN_POINT('',(195.007226062,745.092629421,10.084445946));
#4806=CARTESIAN_POINT('',(195.04072664,745.248695783,9.992848389));
#4807=CARTESIAN_POINT('',(195.126114748,745.536318146,9.783430171));
#4808=CARTESIAN_POINT('',(195.177998979,745.667863042,9.665617592));
#4809=CARTESIAN_POINT('',(195.297665076,745.900127659,9.409420785));
#4810=CARTESIAN_POINT('',(195.365442319,746.000838412,9.271046444));
#4811=CARTESIAN_POINT('',(195.513642009,746.16659914,8.980364623));
#4812=CARTESIAN_POINT('',(195.594058731,746.231642714,8.828068361));
#4813=CARTESIAN_POINT('',(195.763677954,746.322944741,8.516849727));
#4814=CARTESIAN_POINT('',(195.852873903,746.349199668,8.357939366));
#4815=CARTESIAN_POINT('',(196.035770423,746.361661254,8.041117469));
#4816=CARTESIAN_POINT('',(196.129463929,746.34786743,7.883218161));
#4817=CARTESIAN_POINT('',(196.223161053,746.314378807,7.729606755));
#4818=CARTESIAN_POINT('',(195.167138868,743.878605727,10.533025383));
#4819=CARTESIAN_POINT('',(195.150966397,744.061614243,10.525017949));
#4820=CARTESIAN_POINT('',(195.143874038,744.244615561,10.498762318));
#4821=CARTESIAN_POINT('',(195.148192412,744.601757282,10.411024065));
#4822=CARTESIAN_POINT('',(195.159602974,744.775883603,10.349544903));
#4823=CARTESIAN_POINT('',(195.200374972,745.10682966,10.194338479));
#4824=CARTESIAN_POINT('',(195.229734799,745.263636349,10.100617335));
#4825=CARTESIAN_POINT('',(195.30498227,745.552336769,9.885469596));
#4826=CARTESIAN_POINT('',(195.350866944,745.684219119,9.764051482));
#4827=CARTESIAN_POINT('',(195.456939251,745.916672667,9.49939592));
#4828=CARTESIAN_POINT('',(195.517122698,746.017234701,9.356168904));
#4829=CARTESIAN_POINT('',(195.648873824,746.182167885,9.054839688));
#4830=CARTESIAN_POINT('',(195.720436305,746.246532533,8.896749367));
#4831=CARTESIAN_POINT('',(195.871474501,746.335946331,8.573358987));
#4832=CARTESIAN_POINT('',(195.950944258,746.360991955,8.408071676));
#4833=CARTESIAN_POINT('',(196.113942121,746.370549741,8.078302347));
#4834=CARTESIAN_POINT('',(196.197463797,746.355061526,7.913833328));
#4835=CARTESIAN_POINT('',(196.280988767,746.319680463,7.75375493));
#4836=CARTESIAN_POINT('',(195.270503924,743.881734974,10.58231867));
#4837=CARTESIAN_POINT('',(195.255026322,744.065292071,10.575282555));
#4838=CARTESIAN_POINT('',(195.248068155,744.24884186,10.549620275));
#4839=CARTESIAN_POINT('',(195.251528741,744.607010919,10.46229006));
#4840=CARTESIAN_POINT('',(195.261947355,744.78161593,10.400625602));
#4841=CARTESIAN_POINT('',(195.299654937,745.113385494,10.244293331));
#4842=CARTESIAN_POINT('',(195.326942403,745.270536839,10.149631742));
#4843=CARTESIAN_POINT('',(195.397058744,745.559739026,9.93191571));
#4844=CARTESIAN_POINT('',(195.439884826,745.691778356,9.808869933));
#4845=CARTESIAN_POINT('',(195.538991857,745.924319649,9.54037955));
#4846=CARTESIAN_POINT('',(195.595268858,746.024812355,9.394945633));
#4847=CARTESIAN_POINT('',(195.718535301,746.189360395,9.08876444));
#4848=CARTESIAN_POINT('',(195.785519832,746.253409178,8.928029353));
#4849=CARTESIAN_POINT('',(195.926936713,746.341945012,8.599077468));
#4850=CARTESIAN_POINT('',(196.001363428,746.366428539,8.430873765));
#4851=CARTESIAN_POINT('',(196.154036993,746.374637402,8.095180847));
#4852=CARTESIAN_POINT('',(196.232277761,746.358362413,7.927704995));
#4853=CARTESIAN_POINT('',(196.310521647,746.322103208,7.764667067));
#4854=CARTESIAN_POINT('',(195.587014459,743.890193785,10.714700636));
#4855=CARTESIAN_POINT('',(195.574010259,744.075255109,10.710386644));
#4856=CARTESIAN_POINT('',(195.567770551,744.260308871,10.686418753));
#4857=CARTESIAN_POINT('',(195.569127385,744.621295021,10.600355129));
#4858=CARTESIAN_POINT('',(195.576723871,744.797212659,10.538262915));
#4859=CARTESIAN_POINT('',(195.605378351,745.131240352,10.37901318));
#4860=CARTESIAN_POINT('',(195.62643517,745.289336758,10.281862166));
#4861=CARTESIAN_POINT('',(195.680969981,745.57991488,10.057288035));
#4862=CARTESIAN_POINT('',(195.714445737,745.712384722,9.929874093));
#4863=CARTESIAN_POINT('',(195.792163934,745.94516712,9.651061385));
#4864=CARTESIAN_POINT('',(195.836403189,746.045470163,9.499674009));
#4865=CARTESIAN_POINT('',(195.933461555,746.208963874,9.180385447));
#4866=CARTESIAN_POINT('',(195.986276687,746.27214786,9.012497304));
#4867=CARTESIAN_POINT('',(196.097875765,746.358280504,8.668493212));
#4868=CARTESIAN_POINT('',(196.156655136,746.381225641,8.492391314));
#4869=CARTESIAN_POINT('',(196.277276532,746.385743958,8.140651726));
#4870=CARTESIAN_POINT('',(196.339113612,746.367316951,7.965028403));
#4871=CARTESIAN_POINT('',(196.400953228,746.328656881,7.793971698));
#4872=CARTESIAN_POINT('',(195.806970983,743.894616784,10.782542907));
#4873=CARTESIAN_POINT('',(195.79614517,744.080493532,10.779788388));
#4874=CARTESIAN_POINT('',(195.790813704,744.266362578,10.756835009));
#4875=CARTESIAN_POINT('',(195.791403913,744.628875693,10.671668026));
#4876=CARTESIAN_POINT('',(195.797325565,744.805504742,10.609457951));
#4877=CARTESIAN_POINT('',(195.820128186,745.140756066,10.448867091));
#4878=CARTESIAN_POINT('',(195.837008209,745.29936445,10.350492961));
#4879=CARTESIAN_POINT('',(195.880888305,745.590687793,10.122461491));
#4880=CARTESIAN_POINT('',(195.907886556,745.723390679,9.992813599));
#4881=CARTESIAN_POINT('',(195.970660163,745.956303569,9.70867713));
#4882=CARTESIAN_POINT('',(196.006432914,746.056503921,9.554200325));
#4883=CARTESIAN_POINT('',(196.084975741,746.219427555,9.228083323));
#4884=CARTESIAN_POINT('',(196.127742557,746.282144085,9.056456638));
#4885=CARTESIAN_POINT('',(196.218145481,746.36697893,8.704570312));
#4886=CARTESIAN_POINT('',(196.265777834,746.389093729,8.524325251));
#4887=CARTESIAN_POINT('',(196.363541454,746.391622174,8.164161715));
#4888=CARTESIAN_POINT('',(196.413668661,746.372035714,7.984258162));
#4889=CARTESIAN_POINT('',(196.463797949,746.332083729,7.808989545));
#4890=CARTESIAN_POINT('',(196.262996549,743.900637133,10.87445842));
#4891=CARTESIAN_POINT('',(196.257265872,744.087634531,10.873875854));
#4892=CARTESIAN_POINT('',(196.254334138,744.274624036,10.852349754));
#4893=CARTESIAN_POINT('',(196.25421546,744.639235621,10.768487221));
#4894=CARTESIAN_POINT('',(196.257028521,744.816842309,10.706154328));
#4895=CARTESIAN_POINT('',(196.268258393,745.153775081,10.543802685));
#4896=CARTESIAN_POINT('',(196.276674728,745.313086941,10.443790788));
#4897=CARTESIAN_POINT('',(196.298688299,745.605434144,10.211096473));
#4898=CARTESIAN_POINT('',(196.3122846,745.738457146,10.078423879));
#4899=CARTESIAN_POINT('',(196.343974703,745.971549209,9.787062719));
#4900=CARTESIAN_POINT('',(196.36206716,746.071608429,9.628386453));
#4901=CARTESIAN_POINT('',(196.401839997,746.233749045,9.292977818));
#4902=CARTESIAN_POINT('',(196.42351869,746.295823595,9.116259609));
#4903=CARTESIAN_POINT('',(196.469373985,746.378876618,8.753632889));
#4904=CARTESIAN_POINT('',(196.493548642,746.399851584,8.567739686));
#4905=CARTESIAN_POINT('',(196.543180232,746.399649288,8.196089878));
#4906=CARTESIAN_POINT('',(196.56863506,746.378472034,8.01034896));
#4907=CARTESIAN_POINT('',(196.594090968,746.336748143,7.829336351));
#4908=CARTESIAN_POINT('',(196.493505929,743.902165266,10.8975));
#4909=CARTESIAN_POINT('',(196.490623471,744.089453862,10.8975));
#4910=CARTESIAN_POINT('',(196.489148216,744.276734513,10.876365647));
#4911=CARTESIAN_POINT('',(196.489086072,744.641891341,10.792887725));
#4912=CARTESIAN_POINT('',(196.490499184,744.819752028,10.730547696));
#4913=CARTESIAN_POINT('',(196.496142938,745.157121597,10.567790678));
#4914=CARTESIAN_POINT('',(196.50037334,745.316616167,10.467380592));
#4915=CARTESIAN_POINT('',(196.511439118,745.609229241,10.233530937));
#4916=CARTESIAN_POINT('',(196.518274025,745.742335333,10.100101287));
#4917=CARTESIAN_POINT('',(196.534205235,745.975473871,9.806921317));
#4918=CARTESIAN_POINT('',(196.543300861,746.075496427,9.647183433));
#4919=CARTESIAN_POINT('',(196.563296184,746.237433873,9.309419705));
#4920=CARTESIAN_POINT('',(196.574195032,746.299341895,9.131408188));
#4921=CARTESIAN_POINT('',(196.597248729,746.381933015,8.766049762));
#4922=CARTESIAN_POINT('',(196.609402601,746.402612611,8.578718351));
#4923=CARTESIAN_POINT('',(196.634355103,746.401703184,8.204142263));
#4924=CARTESIAN_POINT('',(196.647152676,746.380114199,8.016913476));
#4925=CARTESIAN_POINT('',(196.659950791,746.337932083,7.834436937));
#4926=CARTESIAN_POINT('',(196.726528736,743.902165266,10.8975));
#4927=CARTESIAN_POINT('',(196.726528736,744.089453862,10.8975));
#4928=CARTESIAN_POINT('',(196.726528736,744.276734513,10.876365647));
#4929=CARTESIAN_POINT('',(196.726528736,744.641891341,10.792887725));
#4930=CARTESIAN_POINT('',(196.726528736,744.819752028,10.730547696));
#4931=CARTESIAN_POINT('',(196.726528736,745.157121597,10.567790678));
#4932=CARTESIAN_POINT('',(196.726528736,745.316616167,10.467380592));
#4933=CARTESIAN_POINT('',(196.726528736,745.609229241,10.233530937));
#4934=CARTESIAN_POINT('',(196.726528736,745.742335333,10.100101287));
#4935=CARTESIAN_POINT('',(196.726528736,745.975473871,9.806921317));
#4936=CARTESIAN_POINT('',(196.726528736,746.075496427,9.647183433));
#4937=CARTESIAN_POINT('',(196.726528736,746.237433873,9.309419705));
#4938=CARTESIAN_POINT('',(196.726528736,746.299341895,9.131408188));
#4939=CARTESIAN_POINT('',(196.726528736,746.381933015,8.766049762));
#4940=CARTESIAN_POINT('',(196.726528736,746.402612611,8.578718351));
#4941=CARTESIAN_POINT('',(196.726528736,746.401703184,8.204142263));
#4942=CARTESIAN_POINT('',(196.726528736,746.380114199,8.016913476));
#4943=CARTESIAN_POINT('',(196.726528736,746.337932083,7.834436937));
#4944=B_SPLINE_SURFACE_WITH_KNOTS('',3,3,((#4548,#4549,#4550,#4551,#4552,#4553,#4554,#4555,#4556,#4557,#4558,#4559,#4560,#4561,#4562,#4563,#4564,#4565),(#4566,#4567,#4568,#4569,#4570,#4571,#4572,#4573,#4574,#4575,#4576,#4577,#4578,#4579,#4580,#4581,#4582,#4583),(#4584,#4585,#4586,#4587,#4588,#4589,#4590,#4591,#4592,#4593,#4594,#4595,#4596,#4597,#4598,#4599,#4600,#4601),(#4602,#4603,#4604,#4605,#4606,#4607,#4608,#4609,#4610,#4611,#4612,#4613,#4614,#4615,#4616,#4617,#4618,#4619),(#4620,#4621,#4622,#4623,#4624,#4625,#4626,#4627,#4628,#4629,#4630,#4631,#4632,#4633,#4634,#4635,#4636,#4637),(#4638,#4639,#4640,#4641,#4642,#4643,#4644,#4645,#4646,#4647,#4648,#4649,#4650,#4651,#4652,#4653,#4654,#4655),(#4656,#4657,#4658,#4659,#4660,#4661,#4662,#4663,#4664,#4665,#4666,#4667,#4668,#4669,#4670,#4671,#4672,#4673),(#4674,#4675,#4676,#4677,#4678,#4679,#4680,#4681,#4682,#4683,#4684,#4685,#4686,#4687,#4688,#4689,#4690,#4691),(#4692,#4693,#4694,#4695,#4696,#4697,#4698,#4699,#4700,#4701,#4702,#4703,#4704,#4705,#4706,#4707,#4708,#4709),(#4710,#4711,#4712,#4713,#4714,#4715,#4716,#4717,#4718,#4719,#4720,#4721,#4722,#4723,#4724,#4725,#4726,#4727),(#4728,#4729,#4730,#4731,#4732,#4733,#4734,#4735,#4736,#4737,#4738,#4739,#4740,#4741,#4742,#4743,#4744,#4745),(#4746,#4747,#4748,#4749,#4750,#4751,#4752,#4753,#4754,#4755,#4756,#4757,#4758,#4759,#4760,#4761,#4762,#4763),(#4764,#4765,#4766,#4767,#4768,#4769,#4770,#4771,#4772,#4773,#4774,#4775,#4776,#4777,#4778,#4779,#4780,#4781),(#4782,#4783,#4784,#4785,#4786,#4787,#4788,#4789,#4790,#4791,#4792,#4793,#4794,#4795,#4796,#4797,#4798,#4799),(#4800,#4801,#4802,#4803,#4804,#4805,#4806,#4807,#4808,#4809,#4810,#4811,#4812,#4813,#4814,#4815,#4816,#4817),(#4818,#4819,#4820,#4821,#4822,#4823,#4824,#4825,#4826,#4827,#4828,#4829,#4830,#4831,#4832,#4833,#4834,#4835),(#4836,#4837,#4838,#4839,#4840,#4841,#4842,#4843,#4844,#4845,#4846,#4847,#4848,#4849,#4850,#4851,#4852,#4853),(#4854,#4855,#4856,#4857,#4858,#4859,#4860,#4861,#4862,#4863,#4864,#4865,#4866,#4867,#4868,#4869,#4870,#4871),(#4872,#4873,#4874,#4875,#4876,#4877,#4878,#4879,#4880,#4881,#4882,#4883,#4884,#4885,#4886,#4887,#4888,#4889),(#4890,#4891,#4892,#4893,#4894,#4895,#4896,#4897,#4898,#4899,#4900,#4901,#4902,#4903,#4904,#4905,#4906,#4907),(#4908,#4909,#4910,#4911,#4912,#4913,#4914,#4915,#4916,#4917,#4918,#4919,#4920,#4921,#4922,#4923,#4924,#4925),(#4926,#4927,#4928,#4929,#4930,#4931,#4932,#4933,#4934,#4935,#4936,#4937,#4938,#4939,#4940,#4941,#4942,#4943)),.UNSPECIFIED.,.F.,.F.,.U.,(4,2,2,2,2,2,2,2,2,2,4),(4,2,2,2,2,2,2,2,4),(0.,0.000196805,0.000295207,0.00039361,0.000590415,0.00078722,0.000984025,0.001082427,0.00118083,0.001377635,0.00157444),(0.,0.125,0.25,0.375,0.5,0.625,0.75,0.875,1.),.UNSPECIFIED.);
#4945=ORIENTED_EDGE('',*,*,#3893,.T.);
#4946=ORIENTED_EDGE('',*,*,#3427,.F.);
#4947=ORIENTED_EDGE('',*,*,#4044,.F.);
#4948=ORIENTED_EDGE('',*,*,#1071,.F.);
#4949=EDGE_LOOP('',(#4945,#4946,#4947,#4948));
#4950=FACE_BOUND('',#4949,.T.);
#4951=ADVANCED_FACE('',(#4950),#4944,.T.);
#4952=CARTESIAN_POINT('',(186.726528736,760.216982074,10.1975));
#4953=DIRECTION('',(1.,-0.,0.));
#4954=DIRECTION('',(-0.,-1.,-0.));
#4955=AXIS2_PLACEMENT_3D('',#4952,#4953,#4954);
#4956=CYLINDRICAL_SURFACE('',#4955,0.7);
#4957=ORIENTED_EDGE('',*,*,#1568,.F.);
#4958=CARTESIAN_POINT('',(210.526528736,760.216982074,10.1975));
#4959=DIRECTION('',(-1.,0.,-0.));
#4960=DIRECTION('',(-0.,-1.,-0.));
#4961=AXIS2_PLACEMENT_3D('',#4958,#4959,#4960);
#4962=CIRCLE('',#4961,0.7);
#4963=EDGE_CURVE('',#1555,#4001,#4962,.T.);
#4964=ORIENTED_EDGE('',*,*,#4963,.T.);
#4965=ORIENTED_EDGE('',*,*,#4006,.F.);
#4966=CARTESIAN_POINT('',(201.226528736,760.216982074,10.1975));
#4967=DIRECTION('',(1.,-0.,0.));
#4968=DIRECTION('',(-0.,-1.,-0.));
#4969=AXIS2_PLACEMENT_3D('',#4966,#4967,#4968);
#4970=CIRCLE('',#4969,0.7);
#4971=EDGE_CURVE('',#3999,#1563,#4970,.T.);
#4972=ORIENTED_EDGE('',*,*,#4971,.T.);
#4973=EDGE_LOOP('',(#4957,#4964,#4965,#4972));
#4974=FACE_BOUND('',#4973,.T.);
#4975=ADVANCED_FACE('',(#4974),#4956,.T.);
#4976=CARTESIAN_POINT('',(211.226528736,754.716969933,6.958931407));
#4977=DIRECTION('',(-1.,0.,0.));
#4978=DIRECTION('',(-0.,0.,-1.));
#4979=AXIS2_PLACEMENT_3D('',#4976,#4977,#4978);
#4980=PLANE('',#4979);
#4981=CARTESIAN_POINT('',(211.226528736,760.216982074,1.5975));
#4982=VERTEX_POINT('',#4981);
#4983=CARTESIAN_POINT('',(211.226528736,760.216982074,10.1975));
#4984=VERTEX_POINT('',#4983);
#4985=CARTESIAN_POINT('',(211.226528736,760.216982074,1.5975));
#4986=DIRECTION('',(0.,-0.,1.));
#4987=VECTOR('',#4986,8.6);
#4988=LINE('',#4985,#4987);
#4989=EDGE_CURVE('',#4982,#4984,#4988,.T.);
#4990=ORIENTED_EDGE('',*,*,#4989,.T.);
#4991=CARTESIAN_POINT('',(211.226528736,760.216982074,10.1975));
#4992=DIRECTION('',(-0.,-1.,-0.));
#4993=VECTOR('',#4992,9.773066959);
#4994=LINE('',#4991,#4993);
#4995=EDGE_CURVE('',#4984,#1272,#4994,.T.);
#4996=ORIENTED_EDGE('',*,*,#4995,.T.);
#4997=ORIENTED_EDGE('',*,*,#1279,.T.);
#4998=CARTESIAN_POINT('',(211.226528736,750.443915115,1.5975));
#4999=DIRECTION('',(0.,1.,0.));
#5000=VECTOR('',#4999,9.773066959);
#5001=LINE('',#4998,#5000);
#5002=EDGE_CURVE('',#1274,#4982,#5001,.T.);
#5003=ORIENTED_EDGE('',*,*,#5002,.T.);
#5004=EDGE_LOOP('',(#4990,#4996,#4997,#5003));
#5005=FACE_BOUND('',#5004,.T.);
#5006=ADVANCED_FACE('',(#5005),#4980,.F.);
#5007=CARTESIAN_POINT('',(172.226528736,760.216982074,10.1975));
#5008=DIRECTION('',(0.,0.,-1.));
#5009=DIRECTION('',(-1.,0.,-0.));
#5010=AXIS2_PLACEMENT_3D('',#5007,#5008,#5009);
#5011=SPHERICAL_SURFACE('',#5010,0.7);
#5012=ORIENTED_EDGE('',*,*,#3876,.F.);
#5013=ORIENTED_EDGE('',*,*,#3679,.F.);
#5014=CARTESIAN_POINT('',(172.226528736,760.216982074,10.1975));
#5015=DIRECTION('',(0.,0.,-1.));
#5016=DIRECTION('',(-1.,0.,-0.));
#5017=AXIS2_PLACEMENT_3D('',#5014,#5015,#5016);
#5018=CIRCLE('',#5017,0.7);
#5019=EDGE_CURVE('',#3804,#3632,#5018,.T.);
#5020=ORIENTED_EDGE('',*,*,#5019,.F.);
#5021=EDGE_LOOP('',(#5012,#5013,#5020));
#5022=FACE_BOUND('',#5021,.T.);
#5023=ADVANCED_FACE('',(#5022),#5011,.T.);
#5024=CARTESIAN_POINT('',(172.226528736,675.828015115,1.5975));
#5025=DIRECTION('',(-0.,-1.,-0.));
#5026=DIRECTION('',(-1.,0.,-0.));
#5027=AXIS2_PLACEMENT_3D('',#5024,#5025,#5026);
#5028=CYLINDRICAL_SURFACE('',#5027,0.7);
#5029=ORIENTED_EDGE('',*,*,#3613,.F.);
#5030=ORIENTED_EDGE('',*,*,#1511,.F.);
#5031=CARTESIAN_POINT('',(172.226528736,760.216982074,1.5975));
#5032=DIRECTION('',(0.,1.,0.));
#5033=DIRECTION('',(0.,0.,-1.));
#5034=AXIS2_PLACEMENT_3D('',#5031,#5032,#5033);
#5035=CIRCLE('',#5034,0.7);
#5036=EDGE_CURVE('',#3624,#1498,#5035,.T.);
#5037=ORIENTED_EDGE('',*,*,#5036,.F.);
#5038=ORIENTED_EDGE('',*,*,#3629,.F.);
#5039=EDGE_LOOP('',(#5029,#5030,#5037,#5038));
#5040=FACE_BOUND('',#5039,.T.);
#5041=ADVANCED_FACE('',(#5040),#5028,.T.);
#5042=CARTESIAN_POINT('',(172.226528736,760.216982074,-111.2025));
#5043=DIRECTION('',(-0.,0.,-1.));
#5044=DIRECTION('',(-1.,0.,0.));
#5045=AXIS2_PLACEMENT_3D('',#5042,#5043,#5044);
#5046=CYLINDRICAL_SURFACE('',#5045,0.7);
#5047=ORIENTED_EDGE('',*,*,#5019,.T.);
#5048=ORIENTED_EDGE('',*,*,#3637,.F.);
#5049=CARTESIAN_POINT('',(172.226528736,760.216982074,1.5975));
#5050=DIRECTION('',(0.,0.,-1.));
#5051=DIRECTION('',(-1.,0.,-0.));
#5052=AXIS2_PLACEMENT_3D('',#5049,#5050,#5051);
#5053=CIRCLE('',#5052,0.7);
#5054=EDGE_CURVE('',#3786,#3624,#5053,.T.);
#5055=ORIENTED_EDGE('',*,*,#5054,.F.);
#5056=ORIENTED_EDGE('',*,*,#3815,.F.);
#5057=EDGE_LOOP('',(#5047,#5048,#5055,#5056));
#5058=FACE_BOUND('',#5057,.T.);
#5059=ADVANCED_FACE('',(#5058),#5046,.T.);
#5060=CARTESIAN_POINT('',(162.926528736,754.716969933,10.1975));
#5061=DIRECTION('',(-0.,-1.,-0.));
#5062=DIRECTION('',(-1.,0.,-0.));
#5063=AXIS2_PLACEMENT_3D('',#5060,#5061,#5062);
#5064=CYLINDRICAL_SURFACE('',#5063,0.7);
#5065=CARTESIAN_POINT('',(162.926528736,749.743915115,10.1975));
#5066=DIRECTION('',(-0.707106781,-0.707106781,-0.));
#5067=DIRECTION('',(0.707106781,-0.707106781,0.));
#5068=AXIS2_PLACEMENT_3D('',#5065,#5066,#5067);
#5069=ELLIPSE('',#5068,0.989949494,0.7);
#5070=EDGE_CURVE('',#136,#2555,#5069,.T.);
#5071=ORIENTED_EDGE('',*,*,#5070,.F.);
#5072=ORIENTED_EDGE('',*,*,#141,.F.);
#5073=CARTESIAN_POINT('',(162.926528736,760.216982074,10.1975));
#5074=DIRECTION('',(0.,1.,-0.));
#5075=DIRECTION('',(0.,-0.,-1.));
#5076=AXIS2_PLACEMENT_3D('',#5073,#5074,#5075);
#5077=CIRCLE('',#5076,0.7);
#5078=EDGE_CURVE('',#2537,#128,#5077,.T.);
#5079=ORIENTED_EDGE('',*,*,#5078,.F.);
#5080=ORIENTED_EDGE('',*,*,#2566,.F.);
#5081=EDGE_LOOP('',(#5071,#5072,#5079,#5080));
#5082=FACE_BOUND('',#5081,.T.);
#5083=ADVANCED_FACE('',(#5082),#5064,.T.);
#5084=CARTESIAN_POINT('',(172.226528736,760.216982074,1.5975));
#5085=DIRECTION('',(1.,0.,0.));
#5086=DIRECTION('',(0.,0.,-1.));
#5087=AXIS2_PLACEMENT_3D('',#5084,#5085,#5086);
#5088=SPHERICAL_SURFACE('',#5087,0.7);
#5089=ORIENTED_EDGE('',*,*,#5054,.T.);
#5090=ORIENTED_EDGE('',*,*,#5036,.T.);
#5091=CARTESIAN_POINT('',(172.226528736,760.216982074,1.5975));
#5092=DIRECTION('',(-1.,-0.,-0.));
#5093=DIRECTION('',(0.,0.,-1.));
#5094=AXIS2_PLACEMENT_3D('',#5091,#5092,#5093);
#5095=CIRCLE('',#5094,0.7);
#5096=EDGE_CURVE('',#3786,#1498,#5095,.T.);
#5097=ORIENTED_EDGE('',*,*,#5096,.F.);
#5098=EDGE_LOOP('',(#5089,#5090,#5097));
#5099=FACE_BOUND('',#5098,.T.);
#5100=ADVANCED_FACE('',(#5099),#5088,.T.);
#5101=CARTESIAN_POINT('',(162.926528736,760.216982074,10.1975));
#5102=DIRECTION('',(1.,-0.,-0.));
#5103=DIRECTION('',(-0.,-1.,-0.));
#5104=AXIS2_PLACEMENT_3D('',#5101,#5102,#5103);
#5105=SPHERICAL_SURFACE('',#5104,0.7);
#5106=ORIENTED_EDGE('',*,*,#5078,.T.);
#5107=ORIENTED_EDGE('',*,*,#3868,.F.);
#5108=CARTESIAN_POINT('',(162.926528736,760.216982074,10.1975));
#5109=DIRECTION('',(0.,0.,-1.));
#5110=DIRECTION('',(-1.,0.,-0.));
#5111=AXIS2_PLACEMENT_3D('',#5108,#5109,#5110);
#5112=CIRCLE('',#5111,0.7);
#5113=EDGE_CURVE('',#2537,#3796,#5112,.T.);
#5114=ORIENTED_EDGE('',*,*,#5113,.F.);
#5115=EDGE_LOOP('',(#5106,#5107,#5114));
#5116=FACE_BOUND('',#5115,.T.);
#5117=ADVANCED_FACE('',(#5116),#5105,.T.);
#5118=CARTESIAN_POINT('',(186.726528736,760.216982074,1.5975));
#5119=DIRECTION('',(-1.,0.,0.));
#5120=DIRECTION('',(0.,1.,0.));
#5121=AXIS2_PLACEMENT_3D('',#5118,#5119,#5120);
#5122=CYLINDRICAL_SURFACE('',#5121,0.7);
#5123=ORIENTED_EDGE('',*,*,#5096,.T.);
#5124=ORIENTED_EDGE('',*,*,#1503,.F.);
#5125=CARTESIAN_POINT('',(162.926528736,760.216982074,1.5975));
#5126=DIRECTION('',(-1.,0.,-0.));
#5127=DIRECTION('',(-0.,0.,1.));
#5128=AXIS2_PLACEMENT_3D('',#5125,#5126,#5127);
#5129=CIRCLE('',#5128,0.7);
#5130=EDGE_CURVE('',#3788,#1490,#5129,.T.);
#5131=ORIENTED_EDGE('',*,*,#5130,.F.);
#5132=ORIENTED_EDGE('',*,*,#3793,.F.);
#5133=EDGE_LOOP('',(#5123,#5124,#5131,#5132));
#5134=FACE_BOUND('',#5133,.T.);
#5135=ADVANCED_FACE('',(#5134),#5122,.T.);
#5136=CARTESIAN_POINT('',(162.926528736,760.216982074,10.8975));
#5137=DIRECTION('',(0.,-0.,1.));
#5138=DIRECTION('',(1.,0.,-0.));
#5139=AXIS2_PLACEMENT_3D('',#5136,#5137,#5138);
#5140=CYLINDRICAL_SURFACE('',#5139,0.7);
#5141=ORIENTED_EDGE('',*,*,#5113,.T.);
#5142=ORIENTED_EDGE('',*,*,#3801,.F.);
#5143=CARTESIAN_POINT('',(162.926528736,760.216982074,1.5975));
#5144=DIRECTION('',(0.,0.,-1.));
#5145=DIRECTION('',(-1.,0.,-0.));
#5146=AXIS2_PLACEMENT_3D('',#5143,#5144,#5145);
#5147=CIRCLE('',#5146,0.7);
#5148=EDGE_CURVE('',#2539,#3788,#5147,.T.);
#5149=ORIENTED_EDGE('',*,*,#5148,.F.);
#5150=ORIENTED_EDGE('',*,*,#2544,.F.);
#5151=EDGE_LOOP('',(#5141,#5142,#5149,#5150));
#5152=FACE_BOUND('',#5151,.T.);
#5153=ADVANCED_FACE('',(#5152),#5140,.T.);
#5154=CARTESIAN_POINT('',(162.926528736,760.216982074,1.5975));
#5155=DIRECTION('',(0.,1.,0.));
#5156=DIRECTION('',(0.,0.,-1.));
#5157=AXIS2_PLACEMENT_3D('',#5154,#5155,#5156);
#5158=SPHERICAL_SURFACE('',#5157,0.7);
#5159=ORIENTED_EDGE('',*,*,#5148,.T.);
#5160=ORIENTED_EDGE('',*,*,#5130,.T.);
#5161=CARTESIAN_POINT('',(162.926528736,760.216982074,1.5975));
#5162=DIRECTION('',(-0.,-1.,-0.));
#5163=DIRECTION('',(0.,0.,-1.));
#5164=AXIS2_PLACEMENT_3D('',#5161,#5162,#5163);
#5165=CIRCLE('',#5164,0.7);
#5166=EDGE_CURVE('',#2539,#1490,#5165,.T.);
#5167=ORIENTED_EDGE('',*,*,#5166,.F.);
#5168=EDGE_LOOP('',(#5159,#5160,#5167));
#5169=FACE_BOUND('',#5168,.T.);
#5170=ADVANCED_FACE('',(#5169),#5158,.T.);
#5171=CARTESIAN_POINT('',(162.926528736,709.543915115,1.5975));
#5172=DIRECTION('',(0.,1.,0.));
#5173=DIRECTION('',(1.,-0.,0.));
#5174=AXIS2_PLACEMENT_3D('',#5171,#5172,#5173);
#5175=CYLINDRICAL_SURFACE('',#5174,0.7);
#5176=CARTESIAN_POINT('',(162.926528736,749.743915115,1.5975));
#5177=DIRECTION('',(-0.707106781,-0.707106781,-0.));
#5178=DIRECTION('',(-0.707106781,0.707106781,-0.));
#5179=AXIS2_PLACEMENT_3D('',#5176,#5177,#5178);
#5180=ELLIPSE('',#5179,0.989949494,0.7);
#5181=EDGE_CURVE('',#2547,#1482,#5180,.T.);
#5182=ORIENTED_EDGE('',*,*,#5181,.F.);
#5183=ORIENTED_EDGE('',*,*,#2552,.F.);
#5184=ORIENTED_EDGE('',*,*,#5166,.T.);
#5185=ORIENTED_EDGE('',*,*,#1495,.F.);
#5186=EDGE_LOOP('',(#5182,#5183,#5184,#5185));
#5187=FACE_BOUND('',#5186,.T.);
#5188=ADVANCED_FACE('',(#5187),#5175,.T.);
#5189=CARTESIAN_POINT('',(210.526528736,754.716969933,10.1975));
#5190=DIRECTION('',(0.,1.,0.));
#5191=DIRECTION('',(1.,-0.,0.));
#5192=AXIS2_PLACEMENT_3D('',#5189,#5190,#5191);
#5193=CYLINDRICAL_SURFACE('',#5192,0.7);
#5194=CARTESIAN_POINT('',(210.526528736,760.216982074,10.1975));
#5195=DIRECTION('',(0.,1.,0.));
#5196=DIRECTION('',(0.,0.,-1.));
#5197=AXIS2_PLACEMENT_3D('',#5194,#5195,#5196);
#5198=CIRCLE('',#5197,0.7);
#5199=EDGE_CURVE('',#1555,#4984,#5198,.T.);
#5200=ORIENTED_EDGE('',*,*,#5199,.F.);
#5201=ORIENTED_EDGE('',*,*,#1560,.F.);
#5202=ORIENTED_EDGE('',*,*,#2329,.F.);
#5203=ORIENTED_EDGE('',*,*,#4995,.F.);
#5204=EDGE_LOOP('',(#5200,#5201,#5202,#5203));
#5205=FACE_BOUND('',#5204,.T.);
#5206=ADVANCED_FACE('',(#5205),#5193,.T.);
#5207=CARTESIAN_POINT('',(210.526528736,760.216982074,10.1975));
#5208=DIRECTION('',(-1.,0.,0.));
#5209=DIRECTION('',(0.,1.,0.));
#5210=AXIS2_PLACEMENT_3D('',#5207,#5208,#5209);
#5211=SPHERICAL_SURFACE('',#5210,0.7);
#5212=ORIENTED_EDGE('',*,*,#4963,.F.);
#5213=ORIENTED_EDGE('',*,*,#5199,.T.);
#5214=CARTESIAN_POINT('',(210.526528736,760.216982074,10.1975));
#5215=DIRECTION('',(0.,0.,-1.));
#5216=DIRECTION('',(-1.,0.,-0.));
#5217=AXIS2_PLACEMENT_3D('',#5214,#5215,#5216);
#5218=CIRCLE('',#5217,0.7);
#5219=EDGE_CURVE('',#4001,#4984,#5218,.T.);
#5220=ORIENTED_EDGE('',*,*,#5219,.F.);
#5221=EDGE_LOOP('',(#5212,#5213,#5220));
#5222=FACE_BOUND('',#5221,.T.);
#5223=ADVANCED_FACE('',(#5222),#5211,.T.);
#5224=CARTESIAN_POINT('',(201.226528736,760.216982074,10.1975));
#5225=DIRECTION('',(0.,0.,-1.));
#5226=DIRECTION('',(-1.,0.,-0.));
#5227=AXIS2_PLACEMENT_3D('',#5224,#5225,#5226);
#5228=SPHERICAL_SURFACE('',#5227,0.7);
#5229=ORIENTED_EDGE('',*,*,#3986,.F.);
#5230=ORIENTED_EDGE('',*,*,#4971,.F.);
#5231=CARTESIAN_POINT('',(201.226528736,760.216982074,10.1975));
#5232=DIRECTION('',(0.,0.,-1.));
#5233=DIRECTION('',(-1.,0.,-0.));
#5234=AXIS2_PLACEMENT_3D('',#5231,#5232,#5233);
#5235=CIRCLE('',#5234,0.7);
#5236=EDGE_CURVE('',#3502,#3999,#5235,.T.);
#5237=ORIENTED_EDGE('',*,*,#5236,.F.);
#5238=EDGE_LOOP('',(#5229,#5230,#5237));
#5239=FACE_BOUND('',#5238,.T.);
#5240=ADVANCED_FACE('',(#5239),#5228,.T.);
#5241=CARTESIAN_POINT('',(210.526528736,709.543915115,1.5975));
#5242=DIRECTION('',(-0.,-1.,-0.));
#5243=DIRECTION('',(-1.,0.,-0.));
#5244=AXIS2_PLACEMENT_3D('',#5241,#5242,#5243);
#5245=CYLINDRICAL_SURFACE('',#5244,0.7);
#5246=ORIENTED_EDGE('',*,*,#2447,.F.);
#5247=ORIENTED_EDGE('',*,*,#1319,.F.);
#5248=CARTESIAN_POINT('',(210.526528736,760.216982074,1.5975));
#5249=DIRECTION('',(0.,1.,0.));
#5250=DIRECTION('',(0.,0.,-1.));
#5251=AXIS2_PLACEMENT_3D('',#5248,#5249,#5250);
#5252=CIRCLE('',#5251,0.7);
#5253=EDGE_CURVE('',#4982,#1312,#5252,.T.);
#5254=ORIENTED_EDGE('',*,*,#5253,.F.);
#5255=ORIENTED_EDGE('',*,*,#5002,.F.);
#5256=EDGE_LOOP('',(#5246,#5247,#5254,#5255));
#5257=FACE_BOUND('',#5256,.T.);
#5258=ADVANCED_FACE('',(#5257),#5245,.T.);
#5259=CARTESIAN_POINT('',(210.526528736,760.216982074,10.8975));
#5260=DIRECTION('',(-0.,0.,-1.));
#5261=DIRECTION('',(-1.,0.,0.));
#5262=AXIS2_PLACEMENT_3D('',#5259,#5260,#5261);
#5263=CYLINDRICAL_SURFACE('',#5262,0.7);
#5264=ORIENTED_EDGE('',*,*,#5219,.T.);
#5265=ORIENTED_EDGE('',*,*,#4989,.F.);
#5266=CARTESIAN_POINT('',(210.526528736,760.216982074,1.5975));
#5267=DIRECTION('',(0.,0.,-1.));
#5268=DIRECTION('',(-1.,0.,-0.));
#5269=AXIS2_PLACEMENT_3D('',#5266,#5267,#5268);
#5270=CIRCLE('',#5269,0.7);
#5271=EDGE_CURVE('',#4009,#4982,#5270,.T.);
#5272=ORIENTED_EDGE('',*,*,#5271,.F.);
#5273=ORIENTED_EDGE('',*,*,#4014,.F.);
#5274=EDGE_LOOP('',(#5264,#5265,#5272,#5273));
#5275=FACE_BOUND('',#5274,.T.);
#5276=ADVANCED_FACE('',(#5275),#5263,.T.);
#5277=CARTESIAN_POINT('',(201.226528736,760.216982074,10.8975));
#5278=DIRECTION('',(0.,-0.,1.));
#5279=DIRECTION('',(1.,0.,-0.));
#5280=AXIS2_PLACEMENT_3D('',#5277,#5278,#5279);
#5281=CYLINDRICAL_SURFACE('',#5280,0.7);
#5282=ORIENTED_EDGE('',*,*,#5236,.T.);
#5283=ORIENTED_EDGE('',*,*,#4028,.F.);
#5284=CARTESIAN_POINT('',(201.226528736,760.216982074,1.5975));
#5285=DIRECTION('',(0.,0.,-1.));
#5286=DIRECTION('',(-1.,0.,-0.));
#5287=AXIS2_PLACEMENT_3D('',#5284,#5285,#5286);
#5288=CIRCLE('',#5287,0.7);
#5289=EDGE_CURVE('',#3504,#4017,#5288,.T.);
#5290=ORIENTED_EDGE('',*,*,#5289,.F.);
#5291=ORIENTED_EDGE('',*,*,#3509,.F.);
#5292=EDGE_LOOP('',(#5282,#5283,#5290,#5291));
#5293=FACE_BOUND('',#5292,.T.);
#5294=ADVANCED_FACE('',(#5293),#5281,.T.);
#5295=CARTESIAN_POINT('',(201.226528736,709.543915115,1.5975));
#5296=DIRECTION('',(0.,1.,0.));
#5297=DIRECTION('',(1.,-0.,0.));
#5298=AXIS2_PLACEMENT_3D('',#5295,#5296,#5297);
#5299=CYLINDRICAL_SURFACE('',#5298,0.7);
#5300=ORIENTED_EDGE('',*,*,#3590,.F.);
#5301=ORIENTED_EDGE('',*,*,#3517,.F.);
#5302=CARTESIAN_POINT('',(201.226528736,760.216982074,1.5975));
#5303=DIRECTION('',(0.,1.,0.));
#5304=DIRECTION('',(0.,0.,-1.));
#5305=AXIS2_PLACEMENT_3D('',#5302,#5303,#5304);
#5306=CIRCLE('',#5305,0.7);
#5307=EDGE_CURVE('',#1522,#3504,#5306,.T.);
#5308=ORIENTED_EDGE('',*,*,#5307,.F.);
#5309=ORIENTED_EDGE('',*,*,#1527,.F.);
#5310=EDGE_LOOP('',(#5300,#5301,#5308,#5309));
#5311=FACE_BOUND('',#5310,.T.);
#5312=ADVANCED_FACE('',(#5311),#5299,.T.);
#5313=CARTESIAN_POINT('',(210.526528736,760.216982074,1.5975));
#5314=DIRECTION('',(1.,0.,0.));
#5315=DIRECTION('',(0.,0.,-1.));
#5316=AXIS2_PLACEMENT_3D('',#5313,#5314,#5315);
#5317=SPHERICAL_SURFACE('',#5316,0.7);
#5318=ORIENTED_EDGE('',*,*,#5271,.T.);
#5319=ORIENTED_EDGE('',*,*,#5253,.T.);
#5320=CARTESIAN_POINT('',(210.526528736,760.216982074,1.5975));
#5321=DIRECTION('',(-1.,-0.,-0.));
#5322=DIRECTION('',(0.,-1.,0.));
#5323=AXIS2_PLACEMENT_3D('',#5320,#5321,#5322);
#5324=CIRCLE('',#5323,0.7);
#5325=EDGE_CURVE('',#4009,#1312,#5324,.T.);
#5326=ORIENTED_EDGE('',*,*,#5325,.F.);
#5327=EDGE_LOOP('',(#5318,#5319,#5326));
#5328=FACE_BOUND('',#5327,.T.);
#5329=ADVANCED_FACE('',(#5328),#5317,.T.);
#5330=CARTESIAN_POINT('',(201.226528736,760.216982074,1.5975));
#5331=DIRECTION('',(-1.,0.,-0.));
#5332=DIRECTION('',(-0.,0.,1.));
#5333=AXIS2_PLACEMENT_3D('',#5330,#5331,#5332);
#5334=SPHERICAL_SURFACE('',#5333,0.7);
#5335=ORIENTED_EDGE('',*,*,#5307,.T.);
#5336=ORIENTED_EDGE('',*,*,#5289,.T.);
#5337=CARTESIAN_POINT('',(201.226528736,760.216982074,1.5975));
#5338=DIRECTION('',(1.,-0.,0.));
#5339=DIRECTION('',(-0.,0.,1.));
#5340=AXIS2_PLACEMENT_3D('',#5337,#5338,#5339);
#5341=CIRCLE('',#5340,0.7);
#5342=EDGE_CURVE('',#1522,#4017,#5341,.T.);
#5343=ORIENTED_EDGE('',*,*,#5342,.F.);
#5344=EDGE_LOOP('',(#5335,#5336,#5343));
#5345=FACE_BOUND('',#5344,.T.);
#5346=ADVANCED_FACE('',(#5345),#5334,.T.);
#5347=CARTESIAN_POINT('',(186.726528736,760.216982074,1.5975));
#5348=DIRECTION('',(-1.,0.,0.));
#5349=DIRECTION('',(0.,1.,0.));
#5350=AXIS2_PLACEMENT_3D('',#5347,#5348,#5349);
#5351=CYLINDRICAL_SURFACE('',#5350,0.7);
#5352=ORIENTED_EDGE('',*,*,#5325,.T.);
#5353=ORIENTED_EDGE('',*,*,#1533,.F.);
#5354=ORIENTED_EDGE('',*,*,#5342,.T.);
#5355=ORIENTED_EDGE('',*,*,#4022,.F.);
#5356=EDGE_LOOP('',(#5352,#5353,#5354,#5355));
#5357=FACE_BOUND('',#5356,.T.);
#5358=ADVANCED_FACE('',(#5357),#5351,.T.);
#5359=CARTESIAN_POINT('',(157.953473917,701.443915115,6.958931407));
#5360=DIRECTION('',(0.,1.,-0.));
#5361=DIRECTION('',(-0.,0.,1.));
#5362=AXIS2_PLACEMENT_3D('',#5359,#5360,#5361);
#5363=PLANE('',#5362);
#5364=CARTESIAN_POINT('',(152.453461777,701.443915115,10.1975));
#5365=VERTEX_POINT('',#5364);
#5366=CARTESIAN_POINT('',(152.453461777,701.443915115,1.5975));
#5367=VERTEX_POINT('',#5366);
#5368=CARTESIAN_POINT('',(152.453461777,701.443915115,10.1975));
#5369=DIRECTION('',(0.,-0.,-1.));
#5370=VECTOR('',#5369,8.6);
#5371=LINE('',#5368,#5370);
#5372=EDGE_CURVE('',#5365,#5367,#5371,.T.);
#5373=ORIENTED_EDGE('',*,*,#5372,.T.);
#5374=CARTESIAN_POINT('',(162.226528736,701.443915115,1.5975));
#5375=VERTEX_POINT('',#5374);
#5376=CARTESIAN_POINT('',(152.453461777,701.443915115,1.5975));
#5377=DIRECTION('',(1.,-0.,0.));
#5378=VECTOR('',#5377,9.773066959);
#5379=LINE('',#5376,#5378);
#5380=EDGE_CURVE('',#5367,#5375,#5379,.T.);
#5381=ORIENTED_EDGE('',*,*,#5380,.T.);
#5382=CARTESIAN_POINT('',(162.226528736,701.443915115,10.1975));
#5383=VERTEX_POINT('',#5382);
#5384=CARTESIAN_POINT('',(162.226528736,701.443915115,10.1975));
#5385=DIRECTION('',(-0.,-0.,-1.));
#5386=VECTOR('',#5385,8.6);
#5387=LINE('',#5384,#5386);
#5388=EDGE_CURVE('',#5383,#5375,#5387,.T.);
#5389=ORIENTED_EDGE('',*,*,#5388,.F.);
#5390=CARTESIAN_POINT('',(162.226528736,701.443915115,10.1975));
#5391=DIRECTION('',(-1.,0.,-0.));
#5392=VECTOR('',#5391,9.773066959);
#5393=LINE('',#5390,#5392);
#5394=EDGE_CURVE('',#5383,#5365,#5393,.T.);
#5395=ORIENTED_EDGE('',*,*,#5394,.T.);
#5396=EDGE_LOOP('',(#5373,#5381,#5389,#5395));
#5397=FACE_BOUND('',#5396,.T.);
#5398=ADVANCED_FACE('',(#5397),#5363,.F.);
#5399=CARTESIAN_POINT('',(169.636622091,735.943915115,7.3975));
#5400=DIRECTION('',(1.,-0.,0.));
#5401=DIRECTION('',(0.,0.,-1.));
#5402=AXIS2_PLACEMENT_3D('',#5399,#5400,#5401);
#5403=CYLINDRICAL_SURFACE('',#5402,3.5);
#5404=CARTESIAN_POINT('',(174.226528736,732.443915115,7.3975));
#5405=VERTEX_POINT('',#5404);
#5406=CARTESIAN_POINT('',(168.951655585,732.443915115,7.3975));
#5407=VERTEX_POINT('',#5406);
#5408=CARTESIAN_POINT('',(174.226528736,732.443915115,7.3975));
#5409=DIRECTION('',(-1.,0.,-0.));
#5410=VECTOR('',#5409,5.27487315);
#5411=LINE('',#5408,#5410);
#5412=EDGE_CURVE('',#5405,#5407,#5411,.T.);
#5413=ORIENTED_EDGE('',*,*,#5412,.F.);
#5414=CARTESIAN_POINT('',(174.226528736,735.943915115,7.3975));
#5415=DIRECTION('',(-1.,0.,-0.));
#5416=DIRECTION('',(-0.,0.,1.));
#5417=AXIS2_PLACEMENT_3D('',#5414,#5415,#5416);
#5418=CIRCLE('',#5417,3.5);
#5419=EDGE_CURVE('',#5405,#63,#5418,.T.);
#5420=ORIENTED_EDGE('',*,*,#5419,.T.);
#5421=ORIENTED_EDGE('',*,*,#211,.F.);
#5422=CARTESIAN_POINT('',(168.768278585,735.943915115,10.8975));
#5423=CARTESIAN_POINT('',(168.768278585,735.719830495,10.8975));
#5424=CARTESIAN_POINT('',(168.769746142,735.49218549,10.875910554));
#5425=CARTESIAN_POINT('',(168.772681257,735.265484682,10.831117938));
#5426=CARTESIAN_POINT('',(168.774148814,735.152134277,10.808721631));
#5427=CARTESIAN_POINT('',(168.775983261,735.039031428,10.780537514));
#5428=CARTESIAN_POINT('',(168.778184597,734.926801772,10.746452142));
#5429=CARTESIAN_POINT('',(168.779285265,734.870686943,10.729409455));
#5430=CARTESIAN_POINT('',(168.780477655,734.814791012,10.710892459));
#5431=CARTESIAN_POINT('',(168.781761768,734.759195509,10.690893304));
#5432=CARTESIAN_POINT('',(168.782403824,734.731397758,10.680893727));
#5433=CARTESIAN_POINT('',(168.783068811,734.703675146,10.670523678));
#5434=CARTESIAN_POINT('',(168.783756729,734.676038052,10.659782599));
#5435=CARTESIAN_POINT('',(168.784100688,734.662219505,10.654412059));
#5436=CARTESIAN_POINT('',(168.784450379,734.648422339,10.648948765));
#5437=CARTESIAN_POINT('',(168.784805803,734.634647862,10.643392675));
#5438=CARTESIAN_POINT('',(168.784983515,734.627760624,10.640614631));
#5439=CARTESIAN_POINT('',(168.78516266,734.620879058,10.637813387));
#5440=CARTESIAN_POINT('',(168.785343239,734.614003329,10.634988941));
#5441=CARTESIAN_POINT('',(168.785523817,734.607127599,10.632164494));
#5442=CARTESIAN_POINT('',(168.785732539,734.599258288,10.628898834));
#5443=CARTESIAN_POINT('',(168.785889273,734.593393815,10.626445992));
#5444=CARTESIAN_POINT('',(168.790904767,734.405730663,10.547955028));
#5445=CARTESIAN_POINT('',(168.797279408,734.212942929,10.448097565));
#5446=CARTESIAN_POINT('',(168.805013195,734.021629567,10.322362094));
#5447=CARTESIAN_POINT('',(168.808880089,733.925972886,10.259494359));
#5448=CARTESIAN_POINT('',(168.81308677,733.830722191,10.190172427));
#5449=CARTESIAN_POINT('',(168.817633238,733.736929859,10.113971255));
#5450=CARTESIAN_POINT('',(168.819906472,733.690033694,10.075870669));
#5451=CARTESIAN_POINT('',(168.822264652,733.643504511,10.036052107));
#5452=CARTESIAN_POINT('',(168.824707779,733.59748798,9.994475105));
#5453=CARTESIAN_POINT('',(168.825929343,733.574479714,9.973686605));
#5454=CARTESIAN_POINT('',(168.827172143,733.551599756,9.95245864));
#5455=CARTESIAN_POINT('',(168.82843618,733.528867173,9.930787081));
#5456=CARTESIAN_POINT('',(168.829068199,733.517500881,9.919951302));
#5457=CARTESIAN_POINT('',(168.829705526,733.506171441,9.909004634));
#5458=CARTESIAN_POINT('',(168.830348163,733.49488129,9.897946624));
#5459=CARTESIAN_POINT('',(168.830669481,733.489236214,9.892417619));
#5460=CARTESIAN_POINT('',(168.830992127,733.48360096,9.88686078));
#5461=CARTESIAN_POINT('',(168.8313161,733.477975837,9.881276052));
#5462=CARTESIAN_POINT('',(168.831478087,733.475163276,9.878483689));
#5463=CARTESIAN_POINT('',(168.831640405,733.472353247,9.875684353));
#5464=CARTESIAN_POINT('',(168.831803055,733.469545789,9.87287804));
#5465=CARTESIAN_POINT('',(168.83188438,733.46814206,9.871474883));
#5466=CARTESIAN_POINT('',(168.831965788,733.466738974,9.870069981));
#5467=CARTESIAN_POINT('',(168.832047279,733.465336536,9.868663335));
#5468=CARTESIAN_POINT('',(168.83212877,733.463934098,9.867256688));
#5469=CARTESIAN_POINT('',(168.832253381,733.461793835,9.865105081));
#5470=CARTESIAN_POINT('',(168.832292001,733.461131169,9.864438158));
#5471=CARTESIAN_POINT('',(168.837235297,733.376309901,9.779072061));
#5472=CARTESIAN_POINT('',(168.844753993,733.256695361,9.651568183));
#5473=CARTESIAN_POINT('',(168.854848089,733.121847179,9.467749396));
#5474=CARTESIAN_POINT('',(168.859895137,733.054423088,9.375840003));
#5475=CARTESIAN_POINT('',(168.865586035,732.983428794,9.269764076));
#5476=CARTESIAN_POINT('',(168.871920783,732.912970151,9.147749303));
#5477=CARTESIAN_POINT('',(168.875088157,732.877740829,9.086741916));
#5478=CARTESIAN_POINT('',(168.878416493,732.842664657,9.021754199));
#5479=CARTESIAN_POINT('',(168.881905792,732.80837401,8.95261478));
#5480=CARTESIAN_POINT('',(168.883650441,732.791228687,8.91804507));
#5481=CARTESIAN_POINT('',(168.885435331,732.774281015,8.882438154));
#5482=CARTESIAN_POINT('',(168.887260462,732.757617662,8.845777784));
#5483=CARTESIAN_POINT('',(168.888173027,732.749285986,8.8274476));
#5484=CARTESIAN_POINT('',(168.889095653,732.741025469,8.808854113));
#5485=CARTESIAN_POINT('',(168.890028339,732.732847417,8.789995688));
#5486=CARTESIAN_POINT('',(168.890494681,732.728758392,8.780566475));
#5487=CARTESIAN_POINT('',(168.890963539,732.724689988,8.771071032));
#5488=CARTESIAN_POINT('',(168.891434912,732.720643648,8.761509182));
#5489=CARTESIAN_POINT('',(168.891670599,732.718620478,8.756728257));
#5490=CARTESIAN_POINT('',(168.891906914,732.716602824,8.75193073));
#5491=CARTESIAN_POINT('',(168.892143858,732.714590869,8.747116581));
#5492=CARTESIAN_POINT('',(168.892380802,732.712578914,8.742302432));
#5493=CARTESIAN_POINT('',(168.892657968,732.710240154,8.736665921));
#5494=CARTESIAN_POINT('',(168.892856576,732.708572283,8.732624248));
#5495=CARTESIAN_POINT('',(168.905567456,732.601828523,8.473957192));
#5496=CARTESIAN_POINT('',(168.916822814,732.53596493,8.226956813));
#5497=CARTESIAN_POINT('',(168.926622649,732.496527956,8.002083971));
#5498=CARTESIAN_POINT('',(168.936422483,732.457090983,7.777211128));
#5499=CARTESIAN_POINT('',(168.944766796,732.443915115,7.574283039));
#5500=CARTESIAN_POINT('',(168.951655585,732.443915115,7.3975));
#5501=B_SPLINE_CURVE_WITH_KNOTS('',3,(#5422,#5423,#5424,#5425,#5426,#5427,#5428,#5429,#5430,#5431,#5432,#5433,#5434,#5435,#5436,#5437,#5438,#5439,#5440,#5441,#5442,#5443,#5444,#5445,#5446,#5447,
#5448,#5449,#5450,#5451,#5452,#5453,#5454,#5455,#5456,#5457,#5458,#5459,#5460,#5461,#5462,#5463,#5464,#5465,#5466,#5467,#5468,#5469,#5470,#5471,#5472,
#5473,#5474,#5475,#5476,#5477,#5478,#5479,#5480,#5481,#5482,#5483,#5484,#5485,#5486,#5487,#5488,#5489,#5490,#5491,#5492,#5493,#5494,#5495,#5496,#5497,
#5498,#5499,#5500),.UNSPECIFIED.,.F.,.F.,(4,3,3,3,3,3,3,3,3,3,3,3,3,3,3,3,3,3,3,3,3,3,3,3,3,3,
4),(0.,0.125,0.1875,0.21875,0.234375,0.2421875,0.24609375,0.25,0.375,0.4375,0.46875,0.484375,0.4921875,0.49609375,0.498046875,0.499023438,0.5,0.625,0.6875,0.71875,0.734375,0.7421875,0.74609375,0.748046875,0.75,0.875,
1.),.UNSPECIFIED.);
#5502=EDGE_CURVE('',#200,#5407,#5501,.T.);
#5503=ORIENTED_EDGE('',*,*,#5502,.T.);
#5504=EDGE_LOOP('',(#5413,#5420,#5421,#5503));
#5505=FACE_BOUND('',#5504,.T.);
#5506=ADVANCED_FACE('',(#5505),#5403,.T.);
#5507=OVER_RIDING_STYLED_ITEM('',(#222),#5506,#54);
#5508=CARTESIAN_POINT('',(169.636622091,732.443915115,4.8975));
#5509=DIRECTION('',(0.,1.,-0.));
#5510=DIRECTION('',(-0.,0.,1.));
#5511=AXIS2_PLACEMENT_3D('',#5508,#5509,#5510);
#5512=PLANE('',#5511);
#5513=ORIENTED_EDGE('',*,*,#2779,.F.);
#5514=CARTESIAN_POINT('',(174.226528736,732.443915115,4.8975));
#5515=DIRECTION('',(0.,0.,1.));
#5516=VECTOR('',#5515,2.5);
#5517=LINE('',#5514,#5516);
#5518=EDGE_CURVE('',#2765,#5405,#5517,.T.);
#5519=ORIENTED_EDGE('',*,*,#5518,.T.);
#5520=ORIENTED_EDGE('',*,*,#5412,.T.);
#5521=CARTESIAN_POINT('',(157.953473917,732.443915115,5.8975));
#5522=DIRECTION('',(0.,1.,-0.));
#5523=DIRECTION('',(-0.,0.,1.));
#5524=AXIS2_PLACEMENT_3D('',#5521,#5522,#5523);
#5525=CIRCLE('',#5524,11.1);
#5526=EDGE_CURVE('',#5407,#2774,#5525,.T.);
#5527=ORIENTED_EDGE('',*,*,#5526,.T.);
#5528=EDGE_LOOP('',(#5513,#5519,#5520,#5527));
#5529=FACE_BOUND('',#5528,.T.);
#5530=ADVANCED_FACE('',(#5529),#5512,.F.);
#5531=OVER_RIDING_STYLED_ITEM('',(#222),#5530,#54);
#5532=CARTESIAN_POINT('',(157.953473917,747.443915115,5.8975));
#5533=DIRECTION('',(-0.,-1.,0.));
#5534=DIRECTION('',(0.,-0.,-1.));
#5535=AXIS2_PLACEMENT_3D('',#5532,#5533,#5534);
#5536=CYLINDRICAL_SURFACE('',#5535,2.7);
#5537=CARTESIAN_POINT('',(157.953473917,704.443915115,3.1975));
#5538=VERTEX_POINT('',#5537);
#5539=CARTESIAN_POINT('',(157.953473917,711.443915115,3.1975));
#5540=VERTEX_POINT('',#5539);
#5541=CARTESIAN_POINT('',(157.953473917,704.443915115,3.1975));
#5542=DIRECTION('',(0.,1.,-0.));
#5543=VECTOR('',#5542,7.);
#5544=LINE('',#5541,#5543);
#5545=EDGE_CURVE('',#5538,#5540,#5544,.T.);
#5546=ORIENTED_EDGE('',*,*,#5545,.F.);
#5547=CARTESIAN_POINT('',(160.653473917,704.443915115,5.8975));
#5548=VERTEX_POINT('',#5547);
#5549=CARTESIAN_POINT('',(157.953473917,704.443915115,5.8975));
#5550=DIRECTION('',(0.,1.,-0.));
#5551=DIRECTION('',(-0.,0.,1.));
#5552=AXIS2_PLACEMENT_3D('',#5549,#5550,#5551);
#5553=CIRCLE('',#5552,2.7);
#5554=EDGE_CURVE('',#5548,#5538,#5553,.T.);
#5555=ORIENTED_EDGE('',*,*,#5554,.F.);
#5556=CARTESIAN_POINT('',(160.653473917,711.443915115,5.8975));
#5557=VERTEX_POINT('',#5556);
#5558=CARTESIAN_POINT('',(160.653473917,711.443915115,5.8975));
#5559=DIRECTION('',(-0.,-1.,0.));
#5560=VECTOR('',#5559,7.);
#5561=LINE('',#5558,#5560);
#5562=EDGE_CURVE('',#5557,#5548,#5561,.T.);
#5563=ORIENTED_EDGE('',*,*,#5562,.F.);
#5564=CARTESIAN_POINT('',(157.953473917,711.443915115,5.8975));
#5565=DIRECTION('',(0.,1.,-0.));
#5566=DIRECTION('',(-0.,0.,1.));
#5567=AXIS2_PLACEMENT_3D('',#5564,#5565,#5566);
#5568=CIRCLE('',#5567,2.7);
#5569=EDGE_CURVE('',#5557,#5540,#5568,.T.);
#5570=ORIENTED_EDGE('',*,*,#5569,.T.);
#5571=EDGE_LOOP('',(#5546,#5555,#5563,#5570));
#5572=FACE_BOUND('',#5571,.T.);
#5573=ADVANCED_FACE('',(#5572),#5536,.F.);
#5574=CARTESIAN_POINT('',(157.953473917,747.443915115,5.8975));
#5575=DIRECTION('',(-0.,-1.,0.));
#5576=DIRECTION('',(0.,-0.,-1.));
#5577=AXIS2_PLACEMENT_3D('',#5574,#5575,#5576);
#5578=CYLINDRICAL_SURFACE('',#5577,2.7);
#5579=CARTESIAN_POINT('',(157.953473917,740.443915115,3.1975));
#5580=VERTEX_POINT('',#5579);
#5581=CARTESIAN_POINT('',(157.953473917,747.443915115,3.1975));
#5582=VERTEX_POINT('',#5581);
#5583=CARTESIAN_POINT('',(157.953473917,740.443915115,3.1975));
#5584=DIRECTION('',(0.,1.,-0.));
#5585=VECTOR('',#5584,7.);
#5586=LINE('',#5583,#5585);
#5587=EDGE_CURVE('',#5580,#5582,#5586,.T.);
#5588=ORIENTED_EDGE('',*,*,#5587,.F.);
#5589=CARTESIAN_POINT('',(160.653473917,740.443915115,5.8975));
#5590=VERTEX_POINT('',#5589);
#5591=CARTESIAN_POINT('',(157.953473917,740.443915115,5.8975));
#5592=DIRECTION('',(-0.,-1.,0.));
#5593=DIRECTION('',(-0.,0.,1.));
#5594=AXIS2_PLACEMENT_3D('',#5591,#5592,#5593);
#5595=CIRCLE('',#5594,2.7);
#5596=EDGE_CURVE('',#5580,#5590,#5595,.T.);
#5597=ORIENTED_EDGE('',*,*,#5596,.T.);
#5598=CARTESIAN_POINT('',(160.653473917,747.443915115,5.8975));
#5599=VERTEX_POINT('',#5598);
#5600=CARTESIAN_POINT('',(160.653473917,747.443915115,5.8975));
#5601=DIRECTION('',(-0.,-1.,0.));
#5602=VECTOR('',#5601,7.);
#5603=LINE('',#5600,#5602);
#5604=EDGE_CURVE('',#5599,#5590,#5603,.T.);
#5605=ORIENTED_EDGE('',*,*,#5604,.F.);
#5606=CARTESIAN_POINT('',(157.953473917,747.443915115,5.8975));
#5607=DIRECTION('',(0.,1.,-0.));
#5608=DIRECTION('',(-0.,0.,1.));
#5609=AXIS2_PLACEMENT_3D('',#5606,#5607,#5608);
#5610=CIRCLE('',#5609,2.7);
#5611=EDGE_CURVE('',#5599,#5582,#5610,.T.);
#5612=ORIENTED_EDGE('',*,*,#5611,.T.);
#5613=EDGE_LOOP('',(#5588,#5597,#5605,#5612));
#5614=FACE_BOUND('',#5613,.T.);
#5615=ADVANCED_FACE('',(#5614),#5578,.F.);
#5616=CARTESIAN_POINT('',(154.553473917,740.443915115,10.3475));
#5617=DIRECTION('',(-0.,0.,1.));
#5618=DIRECTION('',(-0.,-1.,0.));
#5619=AXIS2_PLACEMENT_3D('',#5616,#5617,#5618);
#5620=CYLINDRICAL_SURFACE('',#5619,0.7);
#5621=CARTESIAN_POINT('',(155.253473917,740.443915115,10.1975));
#5622=VERTEX_POINT('',#5621);
#5623=CARTESIAN_POINT('',(154.553473917,739.743915115,10.1975));
#5624=VERTEX_POINT('',#5623);
#5625=CARTESIAN_POINT('',(154.553473917,740.443915115,10.1975));
#5626=DIRECTION('',(0.,-0.,-1.));
#5627=DIRECTION('',(-0.,-1.,-0.));
#5628=AXIS2_PLACEMENT_3D('',#5625,#5626,#5627);
#5629=CIRCLE('',#5628,0.7);
#5630=EDGE_CURVE('',#5622,#5624,#5629,.T.);
#5631=ORIENTED_EDGE('',*,*,#5630,.T.);
#5632=CARTESIAN_POINT('',(154.553473917,739.743915115,5.8975));
#5633=VERTEX_POINT('',#5632);
#5634=CARTESIAN_POINT('',(154.553473917,739.743915115,5.8975));
#5635=DIRECTION('',(-0.,0.,1.));
#5636=VECTOR('',#5635,4.3);
#5637=LINE('',#5634,#5636);
#5638=EDGE_CURVE('',#5633,#5624,#5637,.T.);
#5639=ORIENTED_EDGE('',*,*,#5638,.F.);
#5640=CARTESIAN_POINT('',(155.253473917,740.443915115,5.8975));
#5641=VERTEX_POINT('',#5640);
#5642=CARTESIAN_POINT('',(154.553473917,740.443915115,5.8975));
#5643=DIRECTION('',(0.,0.,-1.));
#5644=DIRECTION('',(0.,1.,0.));
#5645=AXIS2_PLACEMENT_3D('',#5642,#5643,#5644);
#5646=CIRCLE('',#5645,0.7);
#5647=EDGE_CURVE('',#5641,#5633,#5646,.T.);
#5648=ORIENTED_EDGE('',*,*,#5647,.F.);
#5649=CARTESIAN_POINT('',(155.253473917,740.443915115,10.1975));
#5650=DIRECTION('',(0.,-0.,-1.));
#5651=VECTOR('',#5650,4.3);
#5652=LINE('',#5649,#5651);
#5653=EDGE_CURVE('',#5622,#5641,#5652,.T.);
#5654=ORIENTED_EDGE('',*,*,#5653,.F.);
#5655=EDGE_LOOP('',(#5631,#5639,#5648,#5654));
#5656=FACE_BOUND('',#5655,.T.);
#5657=ADVANCED_FACE('',(#5656),#5620,.T.);
#5658=CARTESIAN_POINT('',(157.953473917,740.443915115,5.8975));
#5659=DIRECTION('',(0.,1.,-0.));
#5660=DIRECTION('',(-0.,0.,1.));
#5661=AXIS2_PLACEMENT_3D('',#5658,#5659,#5660);
#5662=TOROIDAL_SURFACE('',#5661,3.4,0.7);
#5663=ORIENTED_EDGE('',*,*,#5647,.T.);
#5664=CARTESIAN_POINT('',(161.353473917,739.743915115,5.8975));
#5665=VERTEX_POINT('',#5664);
#5666=CARTESIAN_POINT('',(157.953473917,739.743915115,5.8975));
#5667=DIRECTION('',(0.,1.,-0.));
#5668=DIRECTION('',(-0.,0.,1.));
#5669=AXIS2_PLACEMENT_3D('',#5666,#5667,#5668);
#5670=CIRCLE('',#5669,3.4);
#5671=EDGE_CURVE('',#5665,#5633,#5670,.T.);
#5672=ORIENTED_EDGE('',*,*,#5671,.F.);
#5673=CARTESIAN_POINT('',(161.353473917,740.443915115,5.8975));
#5674=DIRECTION('',(-0.,0.,1.));
#5675=DIRECTION('',(-0.,-1.,-0.));
#5676=AXIS2_PLACEMENT_3D('',#5673,#5674,#5675);
#5677=CIRCLE('',#5676,0.7);
#5678=EDGE_CURVE('',#5590,#5665,#5677,.T.);
#5679=ORIENTED_EDGE('',*,*,#5678,.F.);
#5680=ORIENTED_EDGE('',*,*,#5596,.F.);
#5681=CARTESIAN_POINT('',(157.953473917,740.443915115,5.8975));
#5682=DIRECTION('',(-0.,-1.,0.));
#5683=DIRECTION('',(-0.,0.,1.));
#5684=AXIS2_PLACEMENT_3D('',#5681,#5682,#5683);
#5685=CIRCLE('',#5684,2.7);
#5686=EDGE_CURVE('',#5641,#5580,#5685,.T.);
#5687=ORIENTED_EDGE('',*,*,#5686,.F.);
#5688=EDGE_LOOP('',(#5663,#5672,#5679,#5680,#5687));
#5689=FACE_BOUND('',#5688,.T.);
#5690=ADVANCED_FACE('',(#5689),#5662,.T.);
#5691=CARTESIAN_POINT('',(161.353473917,740.443915115,10.3475));
#5692=DIRECTION('',(0.,-0.,-1.));
#5693=DIRECTION('',(0.,1.,-0.));
#5694=AXIS2_PLACEMENT_3D('',#5691,#5692,#5693);
#5695=CYLINDRICAL_SURFACE('',#5694,0.7);
#5696=ORIENTED_EDGE('',*,*,#5678,.T.);
#5697=CARTESIAN_POINT('',(161.353473917,739.743915115,10.1975));
#5698=VERTEX_POINT('',#5697);
#5699=CARTESIAN_POINT('',(161.353473917,739.743915115,10.1975));
#5700=DIRECTION('',(0.,-0.,-1.));
#5701=VECTOR('',#5700,4.3);
#5702=LINE('',#5699,#5701);
#5703=EDGE_CURVE('',#5698,#5665,#5702,.T.);
#5704=ORIENTED_EDGE('',*,*,#5703,.F.);
#5705=CARTESIAN_POINT('',(160.653473917,740.443915115,10.1975));
#5706=VERTEX_POINT('',#5705);
#5707=CARTESIAN_POINT('',(161.353473917,740.443915115,10.1975));
#5708=DIRECTION('',(0.,-0.,-1.));
#5709=DIRECTION('',(-0.,-1.,-0.));
#5710=AXIS2_PLACEMENT_3D('',#5707,#5708,#5709);
#5711=CIRCLE('',#5710,0.7);
#5712=EDGE_CURVE('',#5698,#5706,#5711,.T.);
#5713=ORIENTED_EDGE('',*,*,#5712,.T.);
#5714=CARTESIAN_POINT('',(160.653473917,740.443915115,5.8975));
#5715=DIRECTION('',(-0.,0.,1.));
#5716=VECTOR('',#5715,4.3);
#5717=LINE('',#5714,#5716);
#5718=EDGE_CURVE('',#5590,#5706,#5717,.T.);
#5719=ORIENTED_EDGE('',*,*,#5718,.F.);
#5720=EDGE_LOOP('',(#5696,#5704,#5713,#5719));
#5721=FACE_BOUND('',#5720,.T.);
#5722=ADVANCED_FACE('',(#5721),#5695,.T.);
#5723=CARTESIAN_POINT('',(157.953473917,711.443915115,5.8975));
#5724=DIRECTION('',(0.,1.,-0.));
#5725=DIRECTION('',(-0.,0.,1.));
#5726=AXIS2_PLACEMENT_3D('',#5723,#5724,#5725);
#5727=TOROIDAL_SURFACE('',#5726,3.4,0.7);
#5728=CARTESIAN_POINT('',(154.553473917,712.143915115,5.8975));
#5729=VERTEX_POINT('',#5728);
#5730=CARTESIAN_POINT('',(155.253473917,711.443915115,5.8975));
#5731=VERTEX_POINT('',#5730);
#5732=CARTESIAN_POINT('',(154.553473917,711.443915115,5.8975));
#5733=DIRECTION('',(0.,0.,-1.));
#5734=DIRECTION('',(0.,1.,0.));
#5735=AXIS2_PLACEMENT_3D('',#5732,#5733,#5734);
#5736=CIRCLE('',#5735,0.7);
#5737=EDGE_CURVE('',#5729,#5731,#5736,.T.);
#5738=ORIENTED_EDGE('',*,*,#5737,.T.);
#5739=CARTESIAN_POINT('',(157.953473917,711.443915115,5.8975));
#5740=DIRECTION('',(0.,1.,-0.));
#5741=DIRECTION('',(-0.,0.,1.));
#5742=AXIS2_PLACEMENT_3D('',#5739,#5740,#5741);
#5743=CIRCLE('',#5742,2.7);
#5744=EDGE_CURVE('',#5540,#5731,#5743,.T.);
#5745=ORIENTED_EDGE('',*,*,#5744,.F.);
#5746=ORIENTED_EDGE('',*,*,#5569,.F.);
#5747=CARTESIAN_POINT('',(161.353473917,712.143915115,5.8975));
#5748=VERTEX_POINT('',#5747);
#5749=CARTESIAN_POINT('',(161.353473917,711.443915115,5.8975));
#5750=DIRECTION('',(-0.,0.,1.));
#5751=DIRECTION('',(-0.,-1.,-0.));
#5752=AXIS2_PLACEMENT_3D('',#5749,#5750,#5751);
#5753=CIRCLE('',#5752,0.7);
#5754=EDGE_CURVE('',#5748,#5557,#5753,.T.);
#5755=ORIENTED_EDGE('',*,*,#5754,.F.);
#5756=CARTESIAN_POINT('',(157.953473917,712.143915115,5.8975));
#5757=DIRECTION('',(-0.,-1.,0.));
#5758=DIRECTION('',(-0.,0.,1.));
#5759=AXIS2_PLACEMENT_3D('',#5756,#5757,#5758);
#5760=CIRCLE('',#5759,3.4);
#5761=EDGE_CURVE('',#5729,#5748,#5760,.T.);
#5762=ORIENTED_EDGE('',*,*,#5761,.F.);
#5763=EDGE_LOOP('',(#5738,#5745,#5746,#5755,#5762));
#5764=FACE_BOUND('',#5763,.T.);
#5765=ADVANCED_FACE('',(#5764),#5727,.T.);
#5766=CARTESIAN_POINT('',(154.553473917,711.443915115,-111.2025));
#5767=DIRECTION('',(0.,-0.,-1.));
#5768=DIRECTION('',(0.,1.,-0.));
#5769=AXIS2_PLACEMENT_3D('',#5766,#5767,#5768);
#5770=CYLINDRICAL_SURFACE('',#5769,0.7);
#5771=CARTESIAN_POINT('',(154.553473917,712.143915115,10.1975));
#5772=VERTEX_POINT('',#5771);
#5773=CARTESIAN_POINT('',(155.253473917,711.443915115,10.1975));
#5774=VERTEX_POINT('',#5773);
#5775=CARTESIAN_POINT('',(154.553473917,711.443915115,10.1975));
#5776=DIRECTION('',(0.,-0.,-1.));
#5777=DIRECTION('',(-0.,-1.,-0.));
#5778=AXIS2_PLACEMENT_3D('',#5775,#5776,#5777);
#5779=CIRCLE('',#5778,0.7);
#5780=EDGE_CURVE('',#5772,#5774,#5779,.T.);
#5781=ORIENTED_EDGE('',*,*,#5780,.T.);
#5782=CARTESIAN_POINT('',(155.253473917,711.443915115,5.8975));
#5783=DIRECTION('',(-0.,0.,1.));
#5784=VECTOR('',#5783,4.3);
#5785=LINE('',#5782,#5784);
#5786=EDGE_CURVE('',#5731,#5774,#5785,.T.);
#5787=ORIENTED_EDGE('',*,*,#5786,.F.);
#5788=ORIENTED_EDGE('',*,*,#5737,.F.);
#5789=CARTESIAN_POINT('',(154.553473917,712.143915115,10.1975));
#5790=DIRECTION('',(0.,-0.,-1.));
#5791=VECTOR('',#5790,4.3);
#5792=LINE('',#5789,#5791);
#5793=EDGE_CURVE('',#5772,#5729,#5792,.T.);
#5794=ORIENTED_EDGE('',*,*,#5793,.F.);
#5795=EDGE_LOOP('',(#5781,#5787,#5788,#5794));
#5796=FACE_BOUND('',#5795,.T.);
#5797=ADVANCED_FACE('',(#5796),#5770,.T.);
#5798=CARTESIAN_POINT('',(161.353473917,711.443915115,-111.2025));
#5799=DIRECTION('',(-0.,0.,1.));
#5800=DIRECTION('',(-0.,-1.,0.));
#5801=AXIS2_PLACEMENT_3D('',#5798,#5799,#5800);
#5802=CYLINDRICAL_SURFACE('',#5801,0.7);
#5803=ORIENTED_EDGE('',*,*,#5754,.T.);
#5804=CARTESIAN_POINT('',(160.653473917,711.443915115,10.1975));
#5805=VERTEX_POINT('',#5804);
#5806=CARTESIAN_POINT('',(160.653473917,711.443915115,10.1975));
#5807=DIRECTION('',(0.,-0.,-1.));
#5808=VECTOR('',#5807,4.3);
#5809=LINE('',#5806,#5808);
#5810=EDGE_CURVE('',#5805,#5557,#5809,.T.);
#5811=ORIENTED_EDGE('',*,*,#5810,.F.);
#5812=CARTESIAN_POINT('',(161.353473917,712.143915115,10.1975));
#5813=VERTEX_POINT('',#5812);
#5814=CARTESIAN_POINT('',(161.353473917,711.443915115,10.1975));
#5815=DIRECTION('',(0.,-0.,-1.));
#5816=DIRECTION('',(-0.,-1.,-0.));
#5817=AXIS2_PLACEMENT_3D('',#5814,#5815,#5816);
#5818=CIRCLE('',#5817,0.7);
#5819=EDGE_CURVE('',#5805,#5813,#5818,.T.);
#5820=ORIENTED_EDGE('',*,*,#5819,.T.);
#5821=CARTESIAN_POINT('',(161.353473917,712.143915115,5.8975));
#5822=DIRECTION('',(-0.,0.,1.));
#5823=VECTOR('',#5822,4.3);
#5824=LINE('',#5821,#5823);
#5825=EDGE_CURVE('',#5748,#5813,#5824,.T.);
#5826=ORIENTED_EDGE('',*,*,#5825,.F.);
#5827=EDGE_LOOP('',(#5803,#5811,#5820,#5826));
#5828=FACE_BOUND('',#5827,.T.);
#5829=ADVANCED_FACE('',(#5828),#5802,.T.);
#5830=CARTESIAN_POINT('',(155.253473917,747.443915115,10.3475));
#5831=DIRECTION('',(1.,-0.,0.));
#5832=DIRECTION('',(-0.,-1.,-0.));
#5833=AXIS2_PLACEMENT_3D('',#5830,#5831,#5832);
#5834=PLANE('',#5833);
#5835=CARTESIAN_POINT('',(155.253473917,704.443915115,5.8975));
#5836=VERTEX_POINT('',#5835);
#5837=CARTESIAN_POINT('',(155.253473917,711.443915115,5.8975));
#5838=DIRECTION('',(-0.,-1.,0.));
#5839=VECTOR('',#5838,7.);
#5840=LINE('',#5837,#5839);
#5841=EDGE_CURVE('',#5731,#5836,#5840,.T.);
#5842=ORIENTED_EDGE('',*,*,#5841,.F.);
#5843=ORIENTED_EDGE('',*,*,#5786,.T.);
#5844=CARTESIAN_POINT('',(155.253473917,704.443915115,10.1975));
#5845=VERTEX_POINT('',#5844);
#5846=CARTESIAN_POINT('',(155.253473917,711.443915115,10.1975));
#5847=DIRECTION('',(-0.,-1.,0.));
#5848=VECTOR('',#5847,7.);
#5849=LINE('',#5846,#5848);
#5850=EDGE_CURVE('',#5774,#5845,#5849,.T.);
#5851=ORIENTED_EDGE('',*,*,#5850,.T.);
#5852=CARTESIAN_POINT('',(155.253473917,704.443915115,5.8975));
#5853=DIRECTION('',(-0.,0.,1.));
#5854=VECTOR('',#5853,4.3);
#5855=LINE('',#5852,#5854);
#5856=EDGE_CURVE('',#5836,#5845,#5855,.T.);
#5857=ORIENTED_EDGE('',*,*,#5856,.F.);
#5858=EDGE_LOOP('',(#5842,#5843,#5851,#5857));
#5859=FACE_BOUND('',#5858,.T.);
#5860=ADVANCED_FACE('',(#5859),#5834,.T.);
#5861=CARTESIAN_POINT('',(154.553473917,711.443915115,10.1975));
#5862=DIRECTION('',(-0.,0.,1.));
#5863=DIRECTION('',(-0.,-1.,-0.));
#5864=AXIS2_PLACEMENT_3D('',#5861,#5862,#5863);
#5865=SPHERICAL_SURFACE('',#5864,0.7);
#5866=CARTESIAN_POINT('',(154.553473917,711.443915115,10.1975));
#5867=DIRECTION('',(1.,-0.,0.));
#5868=DIRECTION('',(0.,-0.,-1.));
#5869=AXIS2_PLACEMENT_3D('',#5866,#5867,#5868);
#5870=CIRCLE('',#5869,0.7);
#5871=EDGE_CURVE('',#5772,#1657,#5870,.T.);
#5872=ORIENTED_EDGE('',*,*,#5871,.T.);
#5873=CARTESIAN_POINT('',(154.553473917,711.443915115,10.1975));
#5874=DIRECTION('',(0.,1.,0.));
#5875=DIRECTION('',(-0.,0.,1.));
#5876=AXIS2_PLACEMENT_3D('',#5873,#5874,#5875);
#5877=CIRCLE('',#5876,0.7);
#5878=EDGE_CURVE('',#1657,#5774,#5877,.T.);
#5879=ORIENTED_EDGE('',*,*,#5878,.T.);
#5880=ORIENTED_EDGE('',*,*,#5780,.F.);
#5881=EDGE_LOOP('',(#5872,#5879,#5880));
#5882=FACE_BOUND('',#5881,.T.);
#5883=ADVANCED_FACE('',(#5882),#5865,.T.);
#5884=CARTESIAN_POINT('',(236.842428736,704.443915115,-111.2025));
#5885=DIRECTION('',(0.,1.,-0.));
#5886=DIRECTION('',(-1.,0.,-0.));
#5887=AXIS2_PLACEMENT_3D('',#5884,#5885,#5886);
#5888=PLANE('',#5887);
#5889=ORIENTED_EDGE('',*,*,#5856,.T.);
#5890=CARTESIAN_POINT('',(160.653473917,704.443915115,10.1975));
#5891=VERTEX_POINT('',#5890);
#5892=CARTESIAN_POINT('',(155.253473917,704.443915115,10.1975));
#5893=DIRECTION('',(1.,-0.,0.));
#5894=VECTOR('',#5893,5.4);
#5895=LINE('',#5892,#5894);
#5896=EDGE_CURVE('',#5845,#5891,#5895,.T.);
#5897=ORIENTED_EDGE('',*,*,#5896,.T.);
#5898=CARTESIAN_POINT('',(160.653473917,704.443915115,10.1975));
#5899=DIRECTION('',(0.,-0.,-1.));
#5900=VECTOR('',#5899,4.3);
#5901=LINE('',#5898,#5900);
#5902=EDGE_CURVE('',#5891,#5548,#5901,.T.);
#5903=ORIENTED_EDGE('',*,*,#5902,.T.);
#5904=ORIENTED_EDGE('',*,*,#5554,.T.);
#5905=CARTESIAN_POINT('',(157.953473917,704.443915115,5.8975));
#5906=DIRECTION('',(0.,1.,-0.));
#5907=DIRECTION('',(-0.,0.,1.));
#5908=AXIS2_PLACEMENT_3D('',#5905,#5906,#5907);
#5909=CIRCLE('',#5908,2.7);
#5910=EDGE_CURVE('',#5538,#5836,#5909,.T.);
#5911=ORIENTED_EDGE('',*,*,#5910,.T.);
#5912=EDGE_LOOP('',(#5889,#5897,#5903,#5904,#5911));
#5913=FACE_BOUND('',#5912,.T.);
#5914=ADVANCED_FACE('',(#5913),#5888,.T.);
#5915=CARTESIAN_POINT('',(160.653473917,747.443915115,10.3475));
#5916=DIRECTION('',(-1.,0.,-0.));
#5917=DIRECTION('',(0.,1.,0.));
#5918=AXIS2_PLACEMENT_3D('',#5915,#5916,#5917);
#5919=PLANE('',#5918);
#5920=CARTESIAN_POINT('',(160.653473917,704.443915115,10.1975));
#5921=DIRECTION('',(0.,1.,-0.));
#5922=VECTOR('',#5921,7.);
#5923=LINE('',#5920,#5922);
#5924=EDGE_CURVE('',#5891,#5805,#5923,.T.);
#5925=ORIENTED_EDGE('',*,*,#5924,.T.);
#5926=ORIENTED_EDGE('',*,*,#5810,.T.);
#5927=ORIENTED_EDGE('',*,*,#5562,.T.);
#5928=ORIENTED_EDGE('',*,*,#5902,.F.);
#5929=EDGE_LOOP('',(#5925,#5926,#5927,#5928));
#5930=FACE_BOUND('',#5929,.T.);
#5931=ADVANCED_FACE('',(#5930),#5919,.T.);
#5932=CARTESIAN_POINT('',(161.353473917,711.443915115,10.1975));
#5933=DIRECTION('',(-0.,0.,1.));
#5934=DIRECTION('',(-0.,-1.,-0.));
#5935=AXIS2_PLACEMENT_3D('',#5932,#5933,#5934);
#5936=SPHERICAL_SURFACE('',#5935,0.7);
#5937=CARTESIAN_POINT('',(161.353473917,711.443915115,10.1975));
#5938=DIRECTION('',(0.,1.,-0.));
#5939=DIRECTION('',(-0.,0.,1.));
#5940=AXIS2_PLACEMENT_3D('',#5937,#5938,#5939);
#5941=CIRCLE('',#5940,0.7);
#5942=EDGE_CURVE('',#5805,#1633,#5941,.T.);
#5943=ORIENTED_EDGE('',*,*,#5942,.T.);
#5944=CARTESIAN_POINT('',(161.353473917,711.443915115,10.1975));
#5945=DIRECTION('',(-1.,0.,-0.));
#5946=DIRECTION('',(0.,1.,0.));
#5947=AXIS2_PLACEMENT_3D('',#5944,#5945,#5946);
#5948=CIRCLE('',#5947,0.7);
#5949=EDGE_CURVE('',#1633,#5813,#5948,.T.);
#5950=ORIENTED_EDGE('',*,*,#5949,.T.);
#5951=ORIENTED_EDGE('',*,*,#5819,.F.);
#5952=EDGE_LOOP('',(#5943,#5950,#5951));
#5953=FACE_BOUND('',#5952,.T.);
#5954=ADVANCED_FACE('',(#5953),#5936,.T.);
#5955=CARTESIAN_POINT('',(161.353473917,740.443915115,10.1975));
#5956=DIRECTION('',(-0.,0.,1.));
#5957=DIRECTION('',(-0.,-1.,-0.));
#5958=AXIS2_PLACEMENT_3D('',#5955,#5956,#5957);
#5959=SPHERICAL_SURFACE('',#5958,0.7);
#5960=CARTESIAN_POINT('',(161.353473917,740.443915115,10.1975));
#5961=DIRECTION('',(-1.,0.,-0.));
#5962=DIRECTION('',(-0.,0.,1.));
#5963=AXIS2_PLACEMENT_3D('',#5960,#5961,#5962);
#5964=CIRCLE('',#5963,0.7);
#5965=EDGE_CURVE('',#5698,#184,#5964,.T.);
#5966=ORIENTED_EDGE('',*,*,#5965,.T.);
#5967=CARTESIAN_POINT('',(161.353473917,740.443915115,10.1975));
#5968=DIRECTION('',(-0.,-1.,-0.));
#5969=DIRECTION('',(0.,0.,-1.));
#5970=AXIS2_PLACEMENT_3D('',#5967,#5968,#5969);
#5971=CIRCLE('',#5970,0.7);
#5972=EDGE_CURVE('',#184,#5706,#5971,.T.);
#5973=ORIENTED_EDGE('',*,*,#5972,.T.);
#5974=ORIENTED_EDGE('',*,*,#5712,.F.);
#5975=EDGE_LOOP('',(#5966,#5973,#5974));
#5976=FACE_BOUND('',#5975,.T.);
#5977=ADVANCED_FACE('',(#5976),#5959,.T.);
#5978=CARTESIAN_POINT('',(160.653473917,747.443915115,10.3475));
#5979=DIRECTION('',(-1.,0.,-0.));
#5980=DIRECTION('',(0.,1.,0.));
#5981=AXIS2_PLACEMENT_3D('',#5978,#5979,#5980);
#5982=PLANE('',#5981);
#5983=ORIENTED_EDGE('',*,*,#5604,.T.);
#5984=ORIENTED_EDGE('',*,*,#5718,.T.);
#5985=CARTESIAN_POINT('',(160.653473917,747.443915115,10.1975));
#5986=VERTEX_POINT('',#5985);
#5987=CARTESIAN_POINT('',(160.653473917,740.443915115,10.1975));
#5988=DIRECTION('',(0.,1.,-0.));
#5989=VECTOR('',#5988,7.);
#5990=LINE('',#5987,#5989);
#5991=EDGE_CURVE('',#5706,#5986,#5990,.T.);
#5992=ORIENTED_EDGE('',*,*,#5991,.T.);
#5993=CARTESIAN_POINT('',(160.653473917,747.443915115,10.1975));
#5994=DIRECTION('',(0.,-0.,-1.));
#5995=VECTOR('',#5994,4.3);
#5996=LINE('',#5993,#5995);
#5997=EDGE_CURVE('',#5986,#5599,#5996,.T.);
#5998=ORIENTED_EDGE('',*,*,#5997,.T.);
#5999=EDGE_LOOP('',(#5983,#5984,#5992,#5998));
#6000=FACE_BOUND('',#5999,.T.);
#6001=ADVANCED_FACE('',(#6000),#5982,.T.);
#6002=CARTESIAN_POINT('',(236.842428736,747.443915115,-111.2025));
#6003=DIRECTION('',(0.,1.,-0.));
#6004=DIRECTION('',(-1.,0.,-0.));
#6005=AXIS2_PLACEMENT_3D('',#6002,#6003,#6004);
#6006=PLANE('',#6005);
#6007=ORIENTED_EDGE('',*,*,#5997,.F.);
#6008=CARTESIAN_POINT('',(155.253473917,747.443915115,10.1975));
#6009=VERTEX_POINT('',#6008);
#6010=CARTESIAN_POINT('',(160.653473917,747.443915115,10.1975));
#6011=DIRECTION('',(-1.,0.,-0.));
#6012=VECTOR('',#6011,5.4);
#6013=LINE('',#6010,#6012);
#6014=EDGE_CURVE('',#5986,#6009,#6013,.T.);
#6015=ORIENTED_EDGE('',*,*,#6014,.T.);
#6016=CARTESIAN_POINT('',(155.253473917,747.443915115,5.8975));
#6017=VERTEX_POINT('',#6016);
#6018=CARTESIAN_POINT('',(155.253473917,747.443915115,5.8975));
#6019=DIRECTION('',(-0.,0.,1.));
#6020=VECTOR('',#6019,4.3);
#6021=LINE('',#6018,#6020);
#6022=EDGE_CURVE('',#6017,#6009,#6021,.T.);
#6023=ORIENTED_EDGE('',*,*,#6022,.F.);
#6024=CARTESIAN_POINT('',(157.953473917,747.443915115,5.8975));
#6025=DIRECTION('',(0.,1.,-0.));
#6026=DIRECTION('',(-0.,0.,1.));
#6027=AXIS2_PLACEMENT_3D('',#6024,#6025,#6026);
#6028=CIRCLE('',#6027,2.7);
#6029=EDGE_CURVE('',#5582,#6017,#6028,.T.);
#6030=ORIENTED_EDGE('',*,*,#6029,.F.);
#6031=ORIENTED_EDGE('',*,*,#5611,.F.);
#6032=EDGE_LOOP('',(#6007,#6015,#6023,#6030,#6031));
#6033=FACE_BOUND('',#6032,.T.);
#6034=ADVANCED_FACE('',(#6033),#6006,.F.);
#6035=CARTESIAN_POINT('',(155.253473917,747.443915115,10.3475));
#6036=DIRECTION('',(1.,-0.,0.));
#6037=DIRECTION('',(-0.,-1.,-0.));
#6038=AXIS2_PLACEMENT_3D('',#6035,#6036,#6037);
#6039=PLANE('',#6038);
#6040=CARTESIAN_POINT('',(155.253473917,747.443915115,10.1975));
#6041=DIRECTION('',(-0.,-1.,0.));
#6042=VECTOR('',#6041,7.);
#6043=LINE('',#6040,#6042);
#6044=EDGE_CURVE('',#6009,#5622,#6043,.T.);
#6045=ORIENTED_EDGE('',*,*,#6044,.T.);
#6046=ORIENTED_EDGE('',*,*,#5653,.T.);
#6047=CARTESIAN_POINT('',(155.253473917,747.443915115,5.8975));
#6048=DIRECTION('',(-0.,-1.,0.));
#6049=VECTOR('',#6048,7.);
#6050=LINE('',#6047,#6049);
#6051=EDGE_CURVE('',#6017,#5641,#6050,.T.);
#6052=ORIENTED_EDGE('',*,*,#6051,.F.);
#6053=ORIENTED_EDGE('',*,*,#6022,.T.);
#6054=EDGE_LOOP('',(#6045,#6046,#6052,#6053));
#6055=FACE_BOUND('',#6054,.T.);
#6056=ADVANCED_FACE('',(#6055),#6039,.T.);
#6057=CARTESIAN_POINT('',(154.553473917,740.443915115,10.1975));
#6058=DIRECTION('',(-0.,-0.,1.));
#6059=DIRECTION('',(-0.,-1.,-0.));
#6060=AXIS2_PLACEMENT_3D('',#6057,#6058,#6059);
#6061=SPHERICAL_SURFACE('',#6060,0.7);
#6062=CARTESIAN_POINT('',(154.553473917,740.443915115,10.1975));
#6063=DIRECTION('',(-0.,-1.,-0.));
#6064=DIRECTION('',(0.,0.,-1.));
#6065=AXIS2_PLACEMENT_3D('',#6062,#6063,#6064);
#6066=CIRCLE('',#6065,0.7);
#6067=EDGE_CURVE('',#5622,#160,#6066,.T.);
#6068=ORIENTED_EDGE('',*,*,#6067,.T.);
#6069=CARTESIAN_POINT('',(154.553473917,740.443915115,10.1975));
#6070=DIRECTION('',(1.,-0.,0.));
#6071=DIRECTION('',(0.,0.,-1.));
#6072=AXIS2_PLACEMENT_3D('',#6069,#6070,#6071);
#6073=CIRCLE('',#6072,0.7);
#6074=EDGE_CURVE('',#160,#5624,#6073,.T.);
#6075=ORIENTED_EDGE('',*,*,#6074,.T.);
#6076=ORIENTED_EDGE('',*,*,#5630,.F.);
#6077=EDGE_LOOP('',(#6068,#6075,#6076));
#6078=FACE_BOUND('',#6077,.T.);
#6079=ADVANCED_FACE('',(#6078),#6061,.T.);
#6080=CARTESIAN_POINT('',(157.953473917,712.443915115,5.8975));
#6081=DIRECTION('',(0.,1.,-0.));
#6082=DIRECTION('',(-0.,0.,1.));
#6083=AXIS2_PLACEMENT_3D('',#6080,#6081,#6082);
#6084=CYLINDRICAL_SURFACE('',#6083,8.6);
#6085=CARTESIAN_POINT('',(166.474587642,716.943915115,7.059662162));
#6086=VERTEX_POINT('',#6085);
#6087=CARTESIAN_POINT('',(166.408571834,716.943915115,4.325456989));
#6088=VERTEX_POINT('',#6087);
#6089=CARTESIAN_POINT('',(157.953473917,716.943915115,5.8975));
#6090=DIRECTION('',(0.,1.,-0.));
#6091=DIRECTION('',(-0.,0.,1.));
#6092=AXIS2_PLACEMENT_3D('',#6089,#6090,#6091);
#6093=CIRCLE('',#6092,8.6);
#6094=EDGE_CURVE('',#6086,#6088,#6093,.T.);
#6095=ORIENTED_EDGE('',*,*,#6094,.T.);
#6096=CARTESIAN_POINT('',(166.408571834,734.943915115,4.325456989));
#6097=VERTEX_POINT('',#6096);
#6098=CARTESIAN_POINT('',(166.408571834,716.943915115,4.325456989));
#6099=DIRECTION('',(0.,1.,-0.));
#6100=VECTOR('',#6099,18.);
#6101=LINE('',#6098,#6100);
#6102=EDGE_CURVE('',#6088,#6097,#6101,.T.);
#6103=ORIENTED_EDGE('',*,*,#6102,.T.);
#6104=CARTESIAN_POINT('',(166.474587642,734.943915115,7.059662162));
#6105=VERTEX_POINT('',#6104);
#6106=CARTESIAN_POINT('',(157.953473917,734.943915115,5.8975));
#6107=DIRECTION('',(-0.,-1.,0.));
#6108=DIRECTION('',(-0.,0.,1.));
#6109=AXIS2_PLACEMENT_3D('',#6106,#6107,#6108);
#6110=CIRCLE('',#6109,8.6);
#6111=EDGE_CURVE('',#6097,#6105,#6110,.T.);
#6112=ORIENTED_EDGE('',*,*,#6111,.T.);
#6113=CARTESIAN_POINT('',(166.332511768,735.943915115,7.834436937));
#6114=VERTEX_POINT('',#6113);
#6115=CARTESIAN_POINT('',(166.474587642,734.943915115,7.059662162));
#6116=CARTESIAN_POINT('',(166.460651585,734.943915115,7.16184302));
#6117=CARTESIAN_POINT('',(166.44510638,734.969750113,7.261747735));
#6118=CARTESIAN_POINT('',(166.429031652,735.019531448,7.355210906));
#6119=CARTESIAN_POINT('',(166.420994288,735.044422116,7.401942492));
#6120=CARTESIAN_POINT('',(166.412974962,735.074870084,7.446262187));
#6121=CARTESIAN_POINT('',(166.405079187,735.110820125,7.488213165));
#6122=CARTESIAN_POINT('',(166.397183412,735.146770166,7.530164143));
#6123=CARTESIAN_POINT('',(166.389356882,735.188678294,7.569986308));
#6124=CARTESIAN_POINT('',(166.382107807,735.234548628,7.605753716));
#6125=CARTESIAN_POINT('',(166.374858732,735.280418963,7.641521123));
#6126=CARTESIAN_POINT('',(166.368110489,735.330499955,7.673657795));
#6127=CARTESIAN_POINT('',(166.362010315,735.384918221,7.702081848));
#6128=CARTESIAN_POINT('',(166.355910142,735.439336487,7.730505901));
#6129=CARTESIAN_POINT('',(166.350525445,735.497764766,7.75489774));
#6130=CARTESIAN_POINT('',(166.346156345,735.558052511,7.774434113));
#6131=CARTESIAN_POINT('',(166.337418145,735.678628003,7.813506858));
#6132=CARTESIAN_POINT('',(166.332511768,735.810759226,7.834436937));
#6133=CARTESIAN_POINT('',(166.332511768,735.943915115,7.834436937));
#6134=B_SPLINE_CURVE_WITH_KNOTS('',3,(#6115,#6116,#6117,#6118,#6119,#6120,#6121,#6122,#6123,#6124,#6125,#6126,#6127,#6128,#6129,#6130,#6131,#6132,#6133),.UNSPECIFIED.,.F.,.F.,(4,3,3,3,3,3,4),(0.,0.00039361,0.000590415,0.00078722,0.000984025,0.00118083,0.00157444),.UNSPECIFIED.);
#6135=EDGE_CURVE('',#6105,#6114,#6134,.T.);
#6136=ORIENTED_EDGE('',*,*,#6135,.T.);
#6137=CARTESIAN_POINT('',(166.332511768,739.743915115,7.834436937));
#6138=VERTEX_POINT('',#6137);
#6139=CARTESIAN_POINT('',(166.332511768,735.943915115,7.834436937));
#6140=DIRECTION('',(0.,1.,-0.));
#6141=VECTOR('',#6140,3.8);
#6142=LINE('',#6139,#6141);
#6143=EDGE_CURVE('',#6114,#6138,#6142,.T.);
#6144=ORIENTED_EDGE('',*,*,#6143,.T.);
#6145=CARTESIAN_POINT('',(165.428374639,739.743915115,1.644752747));
#6146=VERTEX_POINT('',#6145);
#6147=CARTESIAN_POINT('',(157.953473917,739.743915115,5.8975));
#6148=DIRECTION('',(0.,1.,-0.));
#6149=DIRECTION('',(-0.,0.,1.));
#6150=AXIS2_PLACEMENT_3D('',#6147,#6148,#6149);
#6151=CIRCLE('',#6150,8.6);
#6152=EDGE_CURVE('',#6138,#6146,#6151,.T.);
#6153=ORIENTED_EDGE('',*,*,#6152,.T.);
#6154=CARTESIAN_POINT('',(165.428374639,712.143915115,1.644752747));
#6155=VERTEX_POINT('',#6154);
#6156=CARTESIAN_POINT('',(165.428374639,739.743915115,1.644752747));
#6157=DIRECTION('',(-0.,-1.,0.));
#6158=VECTOR('',#6157,27.6);
#6159=LINE('',#6156,#6158);
#6160=EDGE_CURVE('',#6146,#6155,#6159,.T.);
#6161=ORIENTED_EDGE('',*,*,#6160,.T.);
#6162=CARTESIAN_POINT('',(166.332511768,712.143915115,7.834436937));
#6163=VERTEX_POINT('',#6162);
#6164=CARTESIAN_POINT('',(157.953473917,712.143915115,5.8975));
#6165=DIRECTION('',(0.,1.,-0.));
#6166=DIRECTION('',(-0.,0.,1.));
#6167=AXIS2_PLACEMENT_3D('',#6164,#6165,#6166);
#6168=CIRCLE('',#6167,8.6);
#6169=EDGE_CURVE('',#6163,#6155,#6168,.T.);
#6170=ORIENTED_EDGE('',*,*,#6169,.F.);
#6171=CARTESIAN_POINT('',(166.332511768,715.943915115,7.834436937));
#6172=VERTEX_POINT('',#6171);
#6173=CARTESIAN_POINT('',(166.332511768,712.143915115,7.834436937));
#6174=DIRECTION('',(0.,1.,-0.));
#6175=VECTOR('',#6174,3.8);
#6176=LINE('',#6173,#6175);
#6177=EDGE_CURVE('',#6163,#6172,#6176,.T.);
#6178=ORIENTED_EDGE('',*,*,#6177,.T.);
#6179=CARTESIAN_POINT('',(166.332511768,715.943915115,7.834436937));
#6180=CARTESIAN_POINT('',(166.332511768,716.010474595,7.834436937));
#6181=CARTESIAN_POINT('',(166.333694943,716.075875451,7.829338559));
#6182=CARTESIAN_POINT('',(166.335980821,716.140170546,7.819368365));
#6183=CARTESIAN_POINT('',(166.338266699,716.20446564,7.809398171));
#6184=CARTESIAN_POINT('',(166.341713672,716.268341984,7.79429667));
#6185=CARTESIAN_POINT('',(166.346099782,716.328999503,7.774687015));
#6186=CARTESIAN_POINT('',(166.350485893,716.389657021,7.755077361));
#6187=CARTESIAN_POINT('',(166.355777886,716.447131542,7.731109719));
#6188=CARTESIAN_POINT('',(166.361849559,716.501474923,7.702830735));
#6189=CARTESIAN_POINT('',(166.367921233,716.555818303,7.67455175));
#6190=CARTESIAN_POINT('',(166.374799144,716.60698595,7.641807551));
#6191=CARTESIAN_POINT('',(166.382037515,716.65283671,7.606100502));
#6192=CARTESIAN_POINT('',(166.396514259,716.74453823,7.534686403));
#6193=CARTESIAN_POINT('',(166.412962778,716.818436165,7.448599597));
#6194=CARTESIAN_POINT('',(166.428925826,716.86797063,7.355826075));
#6195=CARTESIAN_POINT('',(166.444888874,716.917505096,7.263052553));
#6196=CARTESIAN_POINT('',(166.460656016,716.943915115,7.161810531));
#6197=CARTESIAN_POINT('',(166.474587642,716.943915115,7.059662162));
#6198=B_SPLINE_CURVE_WITH_KNOTS('',3,(#6179,#6180,#6181,#6182,#6183,#6184,#6185,#6186,#6187,#6188,#6189,#6190,#6191,#6192,#6193,#6194,#6195,#6196,#6197),.UNSPECIFIED.,.F.,.F.,(4,3,3,3,3,3,4),(0.,0.000196805,0.000393609,0.000590414,0.000787219,0.001180828,0.001574438),.UNSPECIFIED.);
#6199=EDGE_CURVE('',#6172,#6086,#6198,.T.);
#6200=ORIENTED_EDGE('',*,*,#6199,.T.);
#6201=EDGE_LOOP('',(#6095,#6103,#6112,#6136,#6144,#6153,#6161,#6170,#6178,#6200));
#6202=FACE_BOUND('',#6201,.T.);
#6203=ADVANCED_FACE('',(#6202),#6084,.F.);
#6204=CARTESIAN_POINT('',(236.842428736,739.743915115,-111.2025));
#6205=DIRECTION('',(0.,1.,-0.));
#6206=DIRECTION('',(-1.,0.,-0.));
#6207=AXIS2_PLACEMENT_3D('',#6204,#6205,#6206);
#6208=PLANE('',#6207);
#6209=CARTESIAN_POINT('',(152.453461777,739.743915115,10.1975));
#6210=VERTEX_POINT('',#6209);
#6211=CARTESIAN_POINT('',(152.453461777,739.743915115,1.5975));
#6212=VERTEX_POINT('',#6211);
#6213=CARTESIAN_POINT('',(152.453461777,739.743915115,10.1975));
#6214=DIRECTION('',(0.,-0.,-1.));
#6215=VECTOR('',#6214,8.6);
#6216=LINE('',#6213,#6215);
#6217=EDGE_CURVE('',#6210,#6212,#6216,.T.);
#6218=ORIENTED_EDGE('',*,*,#6217,.T.);
#6219=CARTESIAN_POINT('',(165.404704321,739.743915115,1.5975));
#6220=VERTEX_POINT('',#6219);
#6221=CARTESIAN_POINT('',(152.453461777,739.743915115,1.5975));
#6222=DIRECTION('',(1.,-0.,0.));
#6223=VECTOR('',#6222,12.951242545);
#6224=LINE('',#6221,#6223);
#6225=EDGE_CURVE('',#6212,#6220,#6224,.T.);
#6226=ORIENTED_EDGE('',*,*,#6225,.T.);
#6227=CARTESIAN_POINT('',(165.862961891,739.743915115,1.3975));
#6228=DIRECTION('',(0.,1.,-0.));
#6229=DIRECTION('',(-0.,0.,1.));
#6230=AXIS2_PLACEMENT_3D('',#6227,#6228,#6229);
#6231=CIRCLE('',#6230,0.5);
#6232=EDGE_CURVE('',#6220,#6146,#6231,.T.);
#6233=ORIENTED_EDGE('',*,*,#6232,.T.);
#6234=ORIENTED_EDGE('',*,*,#6152,.F.);
#6235=CARTESIAN_POINT('',(167.033343428,739.743915115,10.1975));
#6236=VERTEX_POINT('',#6235);
#6237=CARTESIAN_POINT('',(168.768278585,739.743915115,8.3975));
#6238=DIRECTION('',(0.,1.,-0.));
#6239=DIRECTION('',(-0.,0.,1.));
#6240=AXIS2_PLACEMENT_3D('',#6237,#6238,#6239);
#6241=CIRCLE('',#6240,2.5);
#6242=EDGE_CURVE('',#6138,#6236,#6241,.T.);
#6243=ORIENTED_EDGE('',*,*,#6242,.T.);
#6244=CARTESIAN_POINT('',(167.033343428,739.743915115,10.1975));
#6245=DIRECTION('',(-1.,0.,-0.));
#6246=VECTOR('',#6245,5.67986951);
#6247=LINE('',#6244,#6246);
#6248=EDGE_CURVE('',#6236,#5698,#6247,.T.);
#6249=ORIENTED_EDGE('',*,*,#6248,.T.);
#6250=ORIENTED_EDGE('',*,*,#5703,.T.);
#6251=ORIENTED_EDGE('',*,*,#5671,.T.);
#6252=ORIENTED_EDGE('',*,*,#5638,.T.);
#6253=CARTESIAN_POINT('',(154.553473917,739.743915115,10.1975));
#6254=DIRECTION('',(-1.,0.,-0.));
#6255=VECTOR('',#6254,2.100012141);
#6256=LINE('',#6253,#6255);
#6257=EDGE_CURVE('',#5624,#6210,#6256,.T.);
#6258=ORIENTED_EDGE('',*,*,#6257,.T.);
#6259=EDGE_LOOP('',(#6218,#6226,#6233,#6234,#6243,#6249,#6250,#6251,#6252,#6258));
#6260=FACE_BOUND('',#6259,.T.);
#6261=ADVANCED_FACE('',(#6260),#6208,.F.);
#6262=CARTESIAN_POINT('',(165.862961891,712.443915115,1.3975));
#6263=DIRECTION('',(0.,1.,-0.));
#6264=DIRECTION('',(-0.,0.,1.));
#6265=AXIS2_PLACEMENT_3D('',#6262,#6263,#6264);
#6266=CYLINDRICAL_SURFACE('',#6265,0.5);
#6267=CARTESIAN_POINT('',(165.404704321,712.143915115,1.5975));
#6268=VERTEX_POINT('',#6267);
#6269=CARTESIAN_POINT('',(165.862961891,712.143915115,1.3975));
#6270=DIRECTION('',(-0.,-1.,0.));
#6271=DIRECTION('',(-0.,0.,1.));
#6272=AXIS2_PLACEMENT_3D('',#6269,#6270,#6271);
#6273=CIRCLE('',#6272,0.5);
#6274=EDGE_CURVE('',#6155,#6268,#6273,.T.);
#6275=ORIENTED_EDGE('',*,*,#6274,.F.);
#6276=ORIENTED_EDGE('',*,*,#6160,.F.);
#6277=ORIENTED_EDGE('',*,*,#6232,.F.);
#6278=CARTESIAN_POINT('',(165.404704321,739.743915115,1.5975));
#6279=CARTESIAN_POINT('',(165.383520481,739.743915115,1.548961725));
#6280=CARTESIAN_POINT('',(165.370490739,739.749025322,1.498106203));
#6281=CARTESIAN_POINT('',(165.365406763,739.760310571,1.446885171));
#6282=CARTESIAN_POINT('',(165.360322787,739.771595819,1.395664139));
#6283=CARTESIAN_POINT('',(165.363384862,739.788779651,1.345568437));
#6284=CARTESIAN_POINT('',(165.37279653,739.81083556,1.298819106));
#6285=CARTESIAN_POINT('',(165.382208197,739.832891468,1.252069775));
#6286=CARTESIAN_POINT('',(165.397897813,739.859681948,1.208878019));
#6287=CARTESIAN_POINT('',(165.417498866,739.889291256,1.170425798));
#6288=CARTESIAN_POINT('',(165.437099918,739.918900563,1.131973576));
#6289=CARTESIAN_POINT('',(165.460404923,739.951086308,1.098307323));
#6290=CARTESIAN_POINT('',(165.486464566,739.985499465,1.068486681));
#6291=CARTESIAN_POINT('',(165.53858385,740.05432578,1.008845396));
#6292=CARTESIAN_POINT('',(165.59915508,740.128830182,0.966983821));
#6293=CARTESIAN_POINT('',(165.663600013,740.206573711,0.93896446));
#6294=CARTESIAN_POINT('',(165.728044947,740.28431724,0.910945098));
#6295=CARTESIAN_POINT('',(165.795162331,740.363692124,0.8975));
#6296=CARTESIAN_POINT('',(165.862961891,740.443915115,0.8975));
#6297=B_SPLINE_CURVE_WITH_KNOTS('',3,(#6278,#6279,#6280,#6281,#6282,#6283,#6284,#6285,#6286,#6287,#6288,#6289,#6290,#6291,#6292,#6293,#6294,#6295,#6296),.UNSPECIFIED.,.F.,.F.,(4,3,3,3,3,3,4),(0.,0.000156582,0.000313164,0.000469745,0.000626327,0.000939491,0.001252654),.UNSPECIFIED.);
#6298=EDGE_CURVE('',#6220,#1458,#6297,.T.);
#6299=ORIENTED_EDGE('',*,*,#6298,.T.);
#6300=ORIENTED_EDGE('',*,*,#1463,.F.);
#6301=CARTESIAN_POINT('',(165.862961891,711.443915115,0.8975));
#6302=CARTESIAN_POINT('',(165.795160749,711.524136769,0.8975));
#6303=CARTESIAN_POINT('',(165.728044947,711.603512991,0.910945098));
#6304=CARTESIAN_POINT('',(165.663600013,711.681256519,0.93896446));
#6305=CARTESIAN_POINT('',(165.59915508,711.759000048,0.966983821));
#6306=CARTESIAN_POINT('',(165.53858385,711.833504451,1.008845396));
#6307=CARTESIAN_POINT('',(165.486464566,711.902330765,1.068486681));
#6308=CARTESIAN_POINT('',(165.460404923,711.936743922,1.098307323));
#6309=CARTESIAN_POINT('',(165.437099918,711.968929667,1.131973576));
#6310=CARTESIAN_POINT('',(165.417498866,711.998538975,1.170425798));
#6311=CARTESIAN_POINT('',(165.397897813,712.028148283,1.208878019));
#6312=CARTESIAN_POINT('',(165.382208197,712.054938762,1.252069775));
#6313=CARTESIAN_POINT('',(165.37279653,712.076994671,1.298819106));
#6314=CARTESIAN_POINT('',(165.363384862,712.09905058,1.345568437));
#6315=CARTESIAN_POINT('',(165.360322787,712.116234411,1.395664139));
#6316=CARTESIAN_POINT('',(165.365406763,712.12751966,1.446885171));
#6317=CARTESIAN_POINT('',(165.370490739,712.138804908,1.498106203));
#6318=CARTESIAN_POINT('',(165.383520481,712.143915115,1.548961725));
#6319=CARTESIAN_POINT('',(165.404704321,712.143915115,1.5975));
#6320=B_SPLINE_CURVE_WITH_KNOTS('',3,(#6301,#6302,#6303,#6304,#6305,#6306,#6307,#6308,#6309,#6310,#6311,#6312,#6313,#6314,#6315,#6316,#6317,#6318,#6319),.UNSPECIFIED.,.F.,.F.,(4,3,3,3,3,3,4),(0.,0.000313164,0.000626327,0.000782909,0.000939491,0.001096073,0.001252654),.UNSPECIFIED.);
#6321=EDGE_CURVE('',#1450,#6268,#6320,.T.);
#6322=ORIENTED_EDGE('',*,*,#6321,.T.);
#6323=EDGE_LOOP('',(#6275,#6276,#6277,#6299,#6300,#6322));
#6324=FACE_BOUND('',#6323,.T.);
#6325=ADVANCED_FACE('',(#6324),#6266,.T.);
#6326=CARTESIAN_POINT('',(236.842428736,712.143915115,-111.2025));
#6327=DIRECTION('',(0.,1.,-0.));
#6328=DIRECTION('',(-1.,0.,-0.));
#6329=AXIS2_PLACEMENT_3D('',#6326,#6327,#6328);
#6330=PLANE('',#6329);
#6331=CARTESIAN_POINT('',(152.453461777,712.143915115,1.5975));
#6332=VERTEX_POINT('',#6331);
#6333=CARTESIAN_POINT('',(165.404704321,712.143915115,1.5975));
#6334=DIRECTION('',(-1.,0.,-0.));
#6335=VECTOR('',#6334,12.951242545);
#6336=LINE('',#6333,#6335);
#6337=EDGE_CURVE('',#6268,#6332,#6336,.T.);
#6338=ORIENTED_EDGE('',*,*,#6337,.T.);
#6339=CARTESIAN_POINT('',(152.453461777,712.143915115,10.1975));
#6340=VERTEX_POINT('',#6339);
#6341=CARTESIAN_POINT('',(152.453461777,712.143915115,1.5975));
#6342=DIRECTION('',(-0.,0.,1.));
#6343=VECTOR('',#6342,8.6);
#6344=LINE('',#6341,#6343);
#6345=EDGE_CURVE('',#6332,#6340,#6344,.T.);
#6346=ORIENTED_EDGE('',*,*,#6345,.T.);
#6347=CARTESIAN_POINT('',(152.453461777,712.143915115,10.1975));
#6348=DIRECTION('',(1.,-0.,0.));
#6349=VECTOR('',#6348,2.100012141);
#6350=LINE('',#6347,#6349);
#6351=EDGE_CURVE('',#6340,#5772,#6350,.T.);
#6352=ORIENTED_EDGE('',*,*,#6351,.T.);
#6353=ORIENTED_EDGE('',*,*,#5793,.T.);
#6354=ORIENTED_EDGE('',*,*,#5761,.T.);
#6355=ORIENTED_EDGE('',*,*,#5825,.T.);
#6356=CARTESIAN_POINT('',(167.033343428,712.143915115,10.1975));
#6357=VERTEX_POINT('',#6356);
#6358=CARTESIAN_POINT('',(161.353473917,712.143915115,10.1975));
#6359=DIRECTION('',(1.,-0.,0.));
#6360=VECTOR('',#6359,5.67986951);
#6361=LINE('',#6358,#6360);
#6362=EDGE_CURVE('',#5813,#6357,#6361,.T.);
#6363=ORIENTED_EDGE('',*,*,#6362,.T.);
#6364=CARTESIAN_POINT('',(168.768278585,712.143915115,8.3975));
#6365=DIRECTION('',(-0.,-1.,0.));
#6366=DIRECTION('',(-0.,0.,1.));
#6367=AXIS2_PLACEMENT_3D('',#6364,#6365,#6366);
#6368=CIRCLE('',#6367,2.5);
#6369=EDGE_CURVE('',#6357,#6163,#6368,.T.);
#6370=ORIENTED_EDGE('',*,*,#6369,.T.);
#6371=ORIENTED_EDGE('',*,*,#6169,.T.);
#6372=ORIENTED_EDGE('',*,*,#6274,.T.);
#6373=EDGE_LOOP('',(#6338,#6346,#6352,#6353,#6354,#6355,#6363,#6370,#6371,#6372));
#6374=FACE_BOUND('',#6373,.T.);
#6375=ADVANCED_FACE('',(#6374),#6330,.T.);
#6376=CARTESIAN_POINT('',(236.842428736,711.443915115,10.1975));
#6377=DIRECTION('',(1.,-0.,0.));
#6378=DIRECTION('',(-0.,-1.,-0.));
#6379=AXIS2_PLACEMENT_3D('',#6376,#6377,#6378);
#6380=CYLINDRICAL_SURFACE('',#6379,0.7);
#6381=ORIENTED_EDGE('',*,*,#6351,.F.);
#6382=CARTESIAN_POINT('',(152.453461777,711.443915115,10.1975));
#6383=DIRECTION('',(1.,-0.,0.));
#6384=DIRECTION('',(-0.,-1.,-0.));
#6385=AXIS2_PLACEMENT_3D('',#6382,#6383,#6384);
#6386=CIRCLE('',#6385,0.7);
#6387=EDGE_CURVE('',#6340,#1665,#6386,.T.);
#6388=ORIENTED_EDGE('',*,*,#6387,.T.);
#6389=ORIENTED_EDGE('',*,*,#1670,.F.);
#6390=ORIENTED_EDGE('',*,*,#5871,.F.);
#6391=EDGE_LOOP('',(#6381,#6388,#6389,#6390));
#6392=FACE_BOUND('',#6391,.T.);
#6393=ADVANCED_FACE('',(#6392),#6380,.T.);
#6394=CARTESIAN_POINT('',(154.553473917,747.443915115,10.1975));
#6395=DIRECTION('',(-0.,-1.,0.));
#6396=DIRECTION('',(0.,-0.,-1.));
#6397=AXIS2_PLACEMENT_3D('',#6394,#6395,#6396);
#6398=CYLINDRICAL_SURFACE('',#6397,0.7);
#6399=ORIENTED_EDGE('',*,*,#5878,.F.);
#6400=ORIENTED_EDGE('',*,*,#1662,.F.);
#6401=CARTESIAN_POINT('',(154.553473917,703.743915115,10.1975));
#6402=DIRECTION('',(0.707106781,-0.707106781,0.));
#6403=DIRECTION('',(0.707106781,0.707106781,0.));
#6404=AXIS2_PLACEMENT_3D('',#6401,#6402,#6403);
#6405=ELLIPSE('',#6404,0.989949494,0.7);
#6406=EDGE_CURVE('',#5845,#1649,#6405,.T.);
#6407=ORIENTED_EDGE('',*,*,#6406,.F.);
#6408=ORIENTED_EDGE('',*,*,#5850,.F.);
#6409=EDGE_LOOP('',(#6399,#6400,#6407,#6408));
#6410=FACE_BOUND('',#6409,.T.);
#6411=ADVANCED_FACE('',(#6410),#6398,.T.);
#6412=CARTESIAN_POINT('',(236.842428736,703.743915115,10.1975));
#6413=DIRECTION('',(1.,-0.,0.));
#6414=DIRECTION('',(-0.,-1.,-0.));
#6415=AXIS2_PLACEMENT_3D('',#6412,#6413,#6414);
#6416=CYLINDRICAL_SURFACE('',#6415,0.7);
#6417=ORIENTED_EDGE('',*,*,#6406,.T.);
#6418=ORIENTED_EDGE('',*,*,#1654,.F.);
#6419=CARTESIAN_POINT('',(161.353473917,703.743915115,10.1975));
#6420=DIRECTION('',(0.707106781,0.707106781,0.));
#6421=DIRECTION('',(-0.707106781,0.707106781,-0.));
#6422=AXIS2_PLACEMENT_3D('',#6419,#6420,#6421);
#6423=ELLIPSE('',#6422,0.989949494,0.7);
#6424=EDGE_CURVE('',#5891,#1641,#6423,.T.);
#6425=ORIENTED_EDGE('',*,*,#6424,.F.);
#6426=ORIENTED_EDGE('',*,*,#5896,.F.);
#6427=EDGE_LOOP('',(#6417,#6418,#6425,#6426));
#6428=FACE_BOUND('',#6427,.T.);
#6429=ADVANCED_FACE('',(#6428),#6416,.T.);
#6430=CARTESIAN_POINT('',(161.353473917,747.443915115,10.1975));
#6431=DIRECTION('',(0.,1.,-0.));
#6432=DIRECTION('',(-0.,0.,1.));
#6433=AXIS2_PLACEMENT_3D('',#6430,#6431,#6432);
#6434=CYLINDRICAL_SURFACE('',#6433,0.7);
#6435=ORIENTED_EDGE('',*,*,#6424,.T.);
#6436=ORIENTED_EDGE('',*,*,#1646,.F.);
#6437=ORIENTED_EDGE('',*,*,#5942,.F.);
#6438=ORIENTED_EDGE('',*,*,#5924,.F.);
#6439=EDGE_LOOP('',(#6435,#6436,#6437,#6438));
#6440=FACE_BOUND('',#6439,.T.);
#6441=ADVANCED_FACE('',(#6440),#6434,.T.);
#6442=CARTESIAN_POINT('',(203.126528736,711.443915115,10.1975));
#6443=DIRECTION('',(-1.,0.,-0.));
#6444=DIRECTION('',(0.,1.,0.));
#6445=AXIS2_PLACEMENT_3D('',#6442,#6443,#6444);
#6446=CYLINDRICAL_SURFACE('',#6445,0.7);
#6447=CARTESIAN_POINT('',(167.033343428,712.143915115,10.1975));
#6448=CARTESIAN_POINT('',(167.158543842,712.143915115,10.318174778));
#6449=CARTESIAN_POINT('',(167.292344404,712.114328006,10.422228556));
#6450=CARTESIAN_POINT('',(167.433600234,712.069581007,10.511414307));
#6451=CARTESIAN_POINT('',(167.574856063,712.024834007,10.600600058));
#6452=CARTESIAN_POINT('',(167.718539938,711.966015121,10.671912262));
#6453=CARTESIAN_POINT('',(167.865691443,711.89958434,10.728880803));
#6454=CARTESIAN_POINT('',(168.012842948,711.833153558,10.785849345));
#6455=CARTESIAN_POINT('',(168.163928017,711.758475176,10.828169426));
#6456=CARTESIAN_POINT('',(168.314329584,711.681519711,10.855940625));
#6457=CARTESIAN_POINT('',(168.464731151,711.604564246,10.883711823));
#6458=CARTESIAN_POINT('',(168.615755319,711.524624319,10.8975));
#6459=CARTESIAN_POINT('',(168.768278585,711.443915115,10.8975));
#6460=B_SPLINE_CURVE_WITH_KNOTS('',3,(#6447,#6448,#6449,#6450,#6451,#6452,#6453,#6454,#6455,#6456,#6457,#6458,#6459),.UNSPECIFIED.,.F.,.F.,(4,3,3,3,4),(0.,0.000514105,0.001028209,0.001542314,0.002056419),.UNSPECIFIED.);
#6461=EDGE_CURVE('',#6357,#1625,#6460,.T.);
#6462=ORIENTED_EDGE('',*,*,#6461,.F.);
#6463=ORIENTED_EDGE('',*,*,#6362,.F.);
#6464=ORIENTED_EDGE('',*,*,#5949,.F.);
#6465=ORIENTED_EDGE('',*,*,#1638,.F.);
#6466=EDGE_LOOP('',(#6462,#6463,#6464,#6465));
#6467=FACE_BOUND('',#6466,.T.);
#6468=ADVANCED_FACE('',(#6467),#6446,.T.);
#6469=CARTESIAN_POINT('',(168.768278585,712.443915115,8.3975));
#6470=DIRECTION('',(0.,1.,-0.));
#6471=DIRECTION('',(-0.,0.,1.));
#6472=AXIS2_PLACEMENT_3D('',#6469,#6470,#6471);
#6473=CYLINDRICAL_SURFACE('',#6472,2.5);
#6474=CARTESIAN_POINT('',(168.768278585,715.943915115,8.3975));
#6475=DIRECTION('',(-0.,-1.,-0.));
#6476=DIRECTION('',(0.,0.,-1.));
#6477=AXIS2_PLACEMENT_3D('',#6474,#6475,#6476);
#6478=CIRCLE('',#6477,2.5);
#6479=EDGE_CURVE('',#1110,#6172,#6478,.T.);
#6480=ORIENTED_EDGE('',*,*,#6479,.T.);
#6481=ORIENTED_EDGE('',*,*,#6177,.F.);
#6482=ORIENTED_EDGE('',*,*,#6369,.F.);
#6483=ORIENTED_EDGE('',*,*,#6461,.T.);
#6484=ORIENTED_EDGE('',*,*,#1630,.F.);
#6485=EDGE_LOOP('',(#6480,#6481,#6482,#6483,#6484));
#6486=FACE_BOUND('',#6485,.T.);
#6487=ADVANCED_FACE('',(#6486),#6473,.T.);
#6488=CARTESIAN_POINT('',(151.753461777,725.943915115,10.8975));
#6489=DIRECTION('',(1.,-0.,0.));
#6490=DIRECTION('',(-0.,-1.,-0.));
#6491=AXIS2_PLACEMENT_3D('',#6488,#6489,#6490);
#6492=PLANE('',#6491);
#6493=CARTESIAN_POINT('',(151.753461777,711.443915115,1.5975));
#6494=VERTEX_POINT('',#6493);
#6495=CARTESIAN_POINT('',(151.753461777,702.143915115,1.5975));
#6496=VERTEX_POINT('',#6495);
#6497=CARTESIAN_POINT('',(151.753461777,711.443915115,1.5975));
#6498=DIRECTION('',(-0.,-1.,0.));
#6499=VECTOR('',#6498,9.3);
#6500=LINE('',#6497,#6499);
#6501=EDGE_CURVE('',#6494,#6496,#6500,.T.);
#6502=ORIENTED_EDGE('',*,*,#6501,.T.);
#6503=CARTESIAN_POINT('',(151.753461777,702.143915115,10.1975));
#6504=VERTEX_POINT('',#6503);
#6505=CARTESIAN_POINT('',(151.753461777,702.143915115,1.5975));
#6506=DIRECTION('',(-0.,0.,1.));
#6507=VECTOR('',#6506,8.6);
#6508=LINE('',#6505,#6507);
#6509=EDGE_CURVE('',#6496,#6504,#6508,.T.);
#6510=ORIENTED_EDGE('',*,*,#6509,.T.);
#6511=CARTESIAN_POINT('',(151.753461777,711.443915115,10.1975));
#6512=VERTEX_POINT('',#6511);
#6513=CARTESIAN_POINT('',(151.753461777,702.143915115,10.1975));
#6514=DIRECTION('',(0.,1.,-0.));
#6515=VECTOR('',#6514,9.3);
#6516=LINE('',#6513,#6515);
#6517=EDGE_CURVE('',#6504,#6512,#6516,.T.);
#6518=ORIENTED_EDGE('',*,*,#6517,.T.);
#6519=CARTESIAN_POINT('',(151.753461777,711.443915115,10.1975));
#6520=DIRECTION('',(0.,-0.,-1.));
#6521=VECTOR('',#6520,8.6);
#6522=LINE('',#6519,#6521);
#6523=EDGE_CURVE('',#6512,#6494,#6522,.T.);
#6524=ORIENTED_EDGE('',*,*,#6523,.T.);
#6525=EDGE_LOOP('',(#6502,#6510,#6518,#6524));
#6526=FACE_BOUND('',#6525,.T.);
#6527=ADVANCED_FACE('',(#6526),#6492,.F.);
#6528=OVER_RIDING_STYLED_ITEM('',(#222),#6527,#54);
#6529=CARTESIAN_POINT('',(167.096777478,712.443915115,4.1975));
#6530=DIRECTION('',(0.,1.,-0.));
#6531=DIRECTION('',(-0.,0.,1.));
#6532=AXIS2_PLACEMENT_3D('',#6529,#6530,#6531);
#6533=CYLINDRICAL_SURFACE('',#6532,0.7);
#6534=CARTESIAN_POINT('',(166.408571834,734.943915115,4.325456989));
#6535=CARTESIAN_POINT('',(166.434870381,734.661177425,4.466901462));
#6536=CARTESIAN_POINT('',(166.504044223,734.378974979,4.600763899));
#6537=CARTESIAN_POINT('',(166.616637821,734.106012856,4.706877967));
#6538=CARTESIAN_POINT('',(166.67293462,733.969531794,4.759935));
#6539=CARTESIAN_POINT('',(166.74105499,733.833607241,4.806670344));
#6540=CARTESIAN_POINT('',(166.821336886,733.701504947,4.841031258));
#6541=CARTESIAN_POINT('',(166.901618783,733.569402654,4.875392173));
#6542=CARTESIAN_POINT('',(166.992774954,733.442878004,4.8975));
#6543=CARTESIAN_POINT('',(167.096777478,733.321653291,4.8975));
#6544=B_SPLINE_CURVE_WITH_KNOTS('',3,(#6534,#6535,#6536,#6537,#6538,#6539,#6540,#6541,#6542,#6543),.UNSPECIFIED.,.F.,.F.,(4,3,3,4),(0.,0.000944942,0.001417413,0.001889884),.UNSPECIFIED.);
#6545=EDGE_CURVE('',#6097,#2782,#6544,.T.);
#6546=ORIENTED_EDGE('',*,*,#6545,.F.);
#6547=ORIENTED_EDGE('',*,*,#6102,.F.);
#6548=CARTESIAN_POINT('',(167.096777478,718.56617694,4.8975));
#6549=CARTESIAN_POINT('',(166.992774954,718.444952226,4.8975));
#6550=CARTESIAN_POINT('',(166.901618783,718.318427577,4.875392173));
#6551=CARTESIAN_POINT('',(166.821336886,718.186325283,4.841031258));
#6552=CARTESIAN_POINT('',(166.74105499,718.05422299,4.806670344));
#6553=CARTESIAN_POINT('',(166.67293462,717.918298437,4.759935));
#6554=CARTESIAN_POINT('',(166.616637821,717.781817375,4.706877967));
#6555=CARTESIAN_POINT('',(166.504044223,717.508855251,4.600763899));
#6556=CARTESIAN_POINT('',(166.434870978,717.226651144,4.466904672));
#6557=CARTESIAN_POINT('',(166.408571834,716.943915115,4.325456989));
#6558=B_SPLINE_CURVE_WITH_KNOTS('',3,(#6548,#6549,#6550,#6551,#6552,#6553,#6554,#6555,#6556,#6557),.UNSPECIFIED.,.F.,.F.,(4,3,3,4),(0.,0.000472471,0.000944942,0.001889884),.UNSPECIFIED.);
#6559=EDGE_CURVE('',#2800,#6088,#6558,.T.);
#6560=ORIENTED_EDGE('',*,*,#6559,.F.);
#6561=ORIENTED_EDGE('',*,*,#2805,.F.);
#6562=EDGE_LOOP('',(#6546,#6547,#6560,#6561));
#6563=FACE_BOUND('',#6562,.T.);
#6564=ADVANCED_FACE('',(#6563),#6533,.T.);
#6565=CARTESIAN_POINT('',(152.453461777,725.943915115,10.1975));
#6566=DIRECTION('',(-0.,-1.,0.));
#6567=DIRECTION('',(-1.,0.,-0.));
#6568=AXIS2_PLACEMENT_3D('',#6565,#6566,#6567);
#6569=CYLINDRICAL_SURFACE('',#6568,0.7);
#6570=ORIENTED_EDGE('',*,*,#6517,.F.);
#6571=CARTESIAN_POINT('',(152.453461777,702.143915115,10.1975));
#6572=DIRECTION('',(0.,1.,-0.));
#6573=DIRECTION('',(-1.,0.,-0.));
#6574=AXIS2_PLACEMENT_3D('',#6571,#6572,#6573);
#6575=CIRCLE('',#6574,0.7);
#6576=EDGE_CURVE('',#6504,#1673,#6575,.T.);
#6577=ORIENTED_EDGE('',*,*,#6576,.T.);
#6578=ORIENTED_EDGE('',*,*,#1678,.F.);
#6579=CARTESIAN_POINT('',(152.453461777,711.443915115,10.1975));
#6580=DIRECTION('',(-0.,-1.,0.));
#6581=DIRECTION('',(-1.,0.,-0.));
#6582=AXIS2_PLACEMENT_3D('',#6579,#6580,#6581);
#6583=CIRCLE('',#6582,0.7);
#6584=EDGE_CURVE('',#1665,#6512,#6583,.T.);
#6585=ORIENTED_EDGE('',*,*,#6584,.T.);
#6586=EDGE_LOOP('',(#6570,#6577,#6578,#6585));
#6587=FACE_BOUND('',#6586,.T.);
#6588=ADVANCED_FACE('',(#6587),#6569,.T.);
#6589=CARTESIAN_POINT('',(168.768278585,712.443915115,8.3975));
#6590=DIRECTION('',(0.,1.,-0.));
#6591=DIRECTION('',(-0.,0.,1.));
#6592=AXIS2_PLACEMENT_3D('',#6589,#6590,#6591);
#6593=CYLINDRICAL_SURFACE('',#6592,2.5);
#6594=ORIENTED_EDGE('',*,*,#6242,.F.);
#6595=ORIENTED_EDGE('',*,*,#6143,.F.);
#6596=CARTESIAN_POINT('',(168.768278585,735.943915115,8.3975));
#6597=DIRECTION('',(-0.,-1.,-0.));
#6598=DIRECTION('',(0.,0.,-1.));
#6599=AXIS2_PLACEMENT_3D('',#6596,#6597,#6598);
#6600=CIRCLE('',#6599,2.5);
#6601=EDGE_CURVE('',#200,#6114,#6600,.T.);
#6602=ORIENTED_EDGE('',*,*,#6601,.F.);
#6603=ORIENTED_EDGE('',*,*,#205,.F.);
#6604=CARTESIAN_POINT('',(168.768278585,740.443915115,10.8975));
#6605=CARTESIAN_POINT('',(168.615754366,740.363207713,10.8975));
#6606=CARTESIAN_POINT('',(168.464731151,740.283265984,10.883711823));
#6607=CARTESIAN_POINT('',(168.314329584,740.206310519,10.855940625));
#6608=CARTESIAN_POINT('',(168.163928017,740.129355054,10.828169426));
#6609=CARTESIAN_POINT('',(168.012842948,740.054676673,10.785849345));
#6610=CARTESIAN_POINT('',(167.865691443,739.988245891,10.728880803));
#6611=CARTESIAN_POINT('',(167.718539938,739.921815109,10.671912262));
#6612=CARTESIAN_POINT('',(167.574856063,739.862996224,10.600600058));
#6613=CARTESIAN_POINT('',(167.433600234,739.818249224,10.511414307));
#6614=CARTESIAN_POINT('',(167.292344404,739.773502224,10.422228556));
#6615=CARTESIAN_POINT('',(167.158543842,739.743915115,10.318174778));
#6616=CARTESIAN_POINT('',(167.033343428,739.743915115,10.1975));
#6617=B_SPLINE_CURVE_WITH_KNOTS('',3,(#6604,#6605,#6606,#6607,#6608,#6609,#6610,#6611,#6612,#6613,#6614,#6615,#6616),.UNSPECIFIED.,.F.,.F.,(4,3,3,3,4),(0.,0.000514105,0.001028209,0.001542314,0.002056419),.UNSPECIFIED.);
#6618=EDGE_CURVE('',#192,#6236,#6617,.T.);
#6619=ORIENTED_EDGE('',*,*,#6618,.T.);
#6620=EDGE_LOOP('',(#6594,#6595,#6602,#6603,#6619));
#6621=FACE_BOUND('',#6620,.T.);
#6622=ADVANCED_FACE('',(#6621),#6593,.T.);
#6623=CARTESIAN_POINT('',(203.126528736,740.443915115,10.1975));
#6624=DIRECTION('',(-1.,0.,-0.));
#6625=DIRECTION('',(0.,1.,0.));
#6626=AXIS2_PLACEMENT_3D('',#6623,#6624,#6625);
#6627=CYLINDRICAL_SURFACE('',#6626,0.7);
#6628=ORIENTED_EDGE('',*,*,#6618,.F.);
#6629=ORIENTED_EDGE('',*,*,#197,.F.);
#6630=ORIENTED_EDGE('',*,*,#5965,.F.);
#6631=ORIENTED_EDGE('',*,*,#6248,.F.);
#6632=EDGE_LOOP('',(#6628,#6629,#6630,#6631));
#6633=FACE_BOUND('',#6632,.T.);
#6634=ADVANCED_FACE('',(#6633),#6627,.T.);
#6635=CARTESIAN_POINT('',(161.353473917,725.943915115,10.1975));
#6636=DIRECTION('',(-0.,-1.,0.));
#6637=DIRECTION('',(0.,-0.,-1.));
#6638=AXIS2_PLACEMENT_3D('',#6635,#6636,#6637);
#6639=CYLINDRICAL_SURFACE('',#6638,0.7);
#6640=CARTESIAN_POINT('',(161.353473917,748.143915115,10.1975));
#6641=DIRECTION('',(0.707106781,-0.707106781,0.));
#6642=DIRECTION('',(-0.707106781,-0.707106781,-0.));
#6643=AXIS2_PLACEMENT_3D('',#6640,#6641,#6642);
#6644=ELLIPSE('',#6643,0.989949494,0.7);
#6645=EDGE_CURVE('',#176,#5986,#6644,.T.);
#6646=ORIENTED_EDGE('',*,*,#6645,.T.);
#6647=ORIENTED_EDGE('',*,*,#5991,.F.);
#6648=ORIENTED_EDGE('',*,*,#5972,.F.);
#6649=ORIENTED_EDGE('',*,*,#189,.F.);
#6650=EDGE_LOOP('',(#6646,#6647,#6648,#6649));
#6651=FACE_BOUND('',#6650,.T.);
#6652=ADVANCED_FACE('',(#6651),#6639,.T.);
#6653=CARTESIAN_POINT('',(203.126528736,748.143915115,10.1975));
#6654=DIRECTION('',(-1.,0.,-0.));
#6655=DIRECTION('',(0.,1.,0.));
#6656=AXIS2_PLACEMENT_3D('',#6653,#6654,#6655);
#6657=CYLINDRICAL_SURFACE('',#6656,0.7);
#6658=CARTESIAN_POINT('',(154.553473917,748.143915115,10.1975));
#6659=DIRECTION('',(0.707106781,0.707106781,0.));
#6660=DIRECTION('',(-0.707106781,0.707106781,-0.));
#6661=AXIS2_PLACEMENT_3D('',#6658,#6659,#6660);
#6662=ELLIPSE('',#6661,0.989949494,0.7);
#6663=EDGE_CURVE('',#168,#6009,#6662,.T.);
#6664=ORIENTED_EDGE('',*,*,#6663,.T.);
#6665=ORIENTED_EDGE('',*,*,#6014,.F.);
#6666=ORIENTED_EDGE('',*,*,#6645,.F.);
#6667=ORIENTED_EDGE('',*,*,#181,.F.);
#6668=EDGE_LOOP('',(#6664,#6665,#6666,#6667));
#6669=FACE_BOUND('',#6668,.T.);
#6670=ADVANCED_FACE('',(#6669),#6657,.T.);
#6671=CARTESIAN_POINT('',(154.553473917,725.943915115,10.1975));
#6672=DIRECTION('',(0.,1.,-0.));
#6673=DIRECTION('',(-0.,0.,1.));
#6674=AXIS2_PLACEMENT_3D('',#6671,#6672,#6673);
#6675=CYLINDRICAL_SURFACE('',#6674,0.7);
#6676=ORIENTED_EDGE('',*,*,#6663,.F.);
#6677=ORIENTED_EDGE('',*,*,#173,.F.);
#6678=ORIENTED_EDGE('',*,*,#6067,.F.);
#6679=ORIENTED_EDGE('',*,*,#6044,.F.);
#6680=EDGE_LOOP('',(#6676,#6677,#6678,#6679));
#6681=FACE_BOUND('',#6680,.T.);
#6682=ADVANCED_FACE('',(#6681),#6675,.T.);
#6683=CARTESIAN_POINT('',(203.126528736,740.443915115,10.1975));
#6684=DIRECTION('',(-1.,0.,-0.));
#6685=DIRECTION('',(0.,1.,0.));
#6686=AXIS2_PLACEMENT_3D('',#6683,#6684,#6685);
#6687=CYLINDRICAL_SURFACE('',#6686,0.7);
#6688=ORIENTED_EDGE('',*,*,#165,.F.);
#6689=CARTESIAN_POINT('',(152.453461777,740.443915115,10.1975));
#6690=DIRECTION('',(1.,-0.,0.));
#6691=DIRECTION('',(0.,1.,0.));
#6692=AXIS2_PLACEMENT_3D('',#6689,#6690,#6691);
#6693=CIRCLE('',#6692,0.7);
#6694=EDGE_CURVE('',#152,#6210,#6693,.T.);
#6695=ORIENTED_EDGE('',*,*,#6694,.T.);
#6696=ORIENTED_EDGE('',*,*,#6257,.F.);
#6697=ORIENTED_EDGE('',*,*,#6074,.F.);
#6698=EDGE_LOOP('',(#6688,#6695,#6696,#6697));
#6699=FACE_BOUND('',#6698,.T.);
#6700=ADVANCED_FACE('',(#6699),#6687,.T.);
#6701=CARTESIAN_POINT('',(151.753461777,725.943915115,10.8975));
#6702=DIRECTION('',(1.,-0.,0.));
#6703=DIRECTION('',(-0.,-1.,-0.));
#6704=AXIS2_PLACEMENT_3D('',#6701,#6702,#6703);
#6705=PLANE('',#6704);
#6706=CARTESIAN_POINT('',(151.753461777,740.443915115,10.1975));
#6707=VERTEX_POINT('',#6706);
#6708=CARTESIAN_POINT('',(151.753461777,749.743915115,10.1975));
#6709=VERTEX_POINT('',#6708);
#6710=CARTESIAN_POINT('',(151.753461777,740.443915115,10.1975));
#6711=DIRECTION('',(0.,1.,-0.));
#6712=VECTOR('',#6711,9.3);
#6713=LINE('',#6710,#6712);
#6714=EDGE_CURVE('',#6707,#6709,#6713,.T.);
#6715=ORIENTED_EDGE('',*,*,#6714,.T.);
#6716=CARTESIAN_POINT('',(151.753461777,749.743915115,1.5975));
#6717=VERTEX_POINT('',#6716);
#6718=CARTESIAN_POINT('',(151.753461777,749.743915115,10.1975));
#6719=DIRECTION('',(0.,-0.,-1.));
#6720=VECTOR('',#6719,8.6);
#6721=LINE('',#6718,#6720);
#6722=EDGE_CURVE('',#6709,#6717,#6721,.T.);
#6723=ORIENTED_EDGE('',*,*,#6722,.T.);
#6724=CARTESIAN_POINT('',(151.753461777,740.443915115,1.5975));
#6725=VERTEX_POINT('',#6724);
#6726=CARTESIAN_POINT('',(151.753461777,749.743915115,1.5975));
#6727=DIRECTION('',(-0.,-1.,0.));
#6728=VECTOR('',#6727,9.3);
#6729=LINE('',#6726,#6728);
#6730=EDGE_CURVE('',#6717,#6725,#6729,.T.);
#6731=ORIENTED_EDGE('',*,*,#6730,.T.);
#6732=CARTESIAN_POINT('',(151.753461777,740.443915115,1.5975));
#6733=DIRECTION('',(-0.,0.,1.));
#6734=VECTOR('',#6733,8.6);
#6735=LINE('',#6732,#6734);
#6736=EDGE_CURVE('',#6725,#6707,#6735,.T.);
#6737=ORIENTED_EDGE('',*,*,#6736,.T.);
#6738=EDGE_LOOP('',(#6715,#6723,#6731,#6737));
#6739=FACE_BOUND('',#6738,.T.);
#6740=ADVANCED_FACE('',(#6739),#6705,.F.);
#6741=OVER_RIDING_STYLED_ITEM('',(#222),#6740,#54);
#6742=CARTESIAN_POINT('',(157.953473917,734.943915115,5.8975));
#6743=DIRECTION('',(0.,1.,-0.));
#6744=DIRECTION('',(-0.,0.,1.));
#6745=AXIS2_PLACEMENT_3D('',#6742,#6743,#6744);
#6746=TOROIDAL_SURFACE('',#6745,11.1,2.5);
#6747=CARTESIAN_POINT('',(168.951655585,734.943915115,7.3975));
#6748=DIRECTION('',(0.135135135,-0.,-0.990827177));
#6749=DIRECTION('',(-0.990827177,0.,-0.135135135));
#6750=AXIS2_PLACEMENT_3D('',#6747,#6748,#6749);
#6751=CIRCLE('',#6750,2.5);
#6752=EDGE_CURVE('',#5407,#6105,#6751,.T.);
#6753=ORIENTED_EDGE('',*,*,#6752,.T.);
#6754=ORIENTED_EDGE('',*,*,#6111,.F.);
#6755=ORIENTED_EDGE('',*,*,#6545,.T.);
#6756=ORIENTED_EDGE('',*,*,#2797,.F.);
#6757=ORIENTED_EDGE('',*,*,#5526,.F.);
#6758=EDGE_LOOP('',(#6753,#6754,#6755,#6756,#6757));
#6759=FACE_BOUND('',#6758,.T.);
#6760=ADVANCED_FACE('',(#6759),#6746,.T.);
#6761=CARTESIAN_POINT('',(157.953473917,716.943915115,5.8975));
#6762=DIRECTION('',(0.,1.,-0.));
#6763=DIRECTION('',(-0.,0.,1.));
#6764=AXIS2_PLACEMENT_3D('',#6761,#6762,#6763);
#6765=TOROIDAL_SURFACE('',#6764,11.1,2.5);
#6766=ORIENTED_EDGE('',*,*,#2818,.F.);
#6767=ORIENTED_EDGE('',*,*,#6559,.T.);
#6768=ORIENTED_EDGE('',*,*,#6094,.F.);
#6769=CARTESIAN_POINT('',(168.951655585,716.943915115,7.3975));
#6770=DIRECTION('',(-0.135135135,0.,0.990827177));
#6771=DIRECTION('',(0.990827177,-0.,0.135135135));
#6772=AXIS2_PLACEMENT_3D('',#6769,#6770,#6771);
#6773=CIRCLE('',#6772,2.5);
#6774=EDGE_CURVE('',#1102,#6086,#6773,.T.);
#6775=ORIENTED_EDGE('',*,*,#6774,.F.);
#6776=ORIENTED_EDGE('',*,*,#1227,.F.);
#6777=EDGE_LOOP('',(#6766,#6767,#6768,#6775,#6776));
#6778=FACE_BOUND('',#6777,.T.);
#6779=ADVANCED_FACE('',(#6778),#6765,.T.);
#6780=CARTESIAN_POINT('',(168.768278585,715.943915115,10.8975));
#6781=CARTESIAN_POINT('',(168.580989989,715.943915115,10.8975));
#6782=CARTESIAN_POINT('',(168.393709338,715.943915115,10.876365647));
#6783=CARTESIAN_POINT('',(168.02855251,715.943915115,10.792887725));
#6784=CARTESIAN_POINT('',(167.850691823,715.943915115,10.730547696));
#6785=CARTESIAN_POINT('',(167.513322254,715.943915115,10.567790678));
#6786=CARTESIAN_POINT('',(167.353827684,715.943915115,10.467380592));
#6787=CARTESIAN_POINT('',(167.06121461,715.943915115,10.233530937));
#6788=CARTESIAN_POINT('',(166.928108518,715.943915115,10.100101287));
#6789=CARTESIAN_POINT('',(166.69496998,715.943915115,9.806921317));
#6790=CARTESIAN_POINT('',(166.594947424,715.943915115,9.647183433));
#6791=CARTESIAN_POINT('',(166.433009977,715.943915115,9.309419705));
#6792=CARTESIAN_POINT('',(166.371101956,715.943915115,9.131408188));
#6793=CARTESIAN_POINT('',(166.288510836,715.943915115,8.766049762));
#6794=CARTESIAN_POINT('',(166.26783124,715.943915115,8.578718351));
#6795=CARTESIAN_POINT('',(166.268740667,715.943915115,8.204142263));
#6796=CARTESIAN_POINT('',(166.290329652,715.943915115,8.016913476));
#6797=CARTESIAN_POINT('',(166.332511768,715.943915115,7.834436937));
#6798=CARTESIAN_POINT('',(168.768278585,716.176873296,10.8975));
#6799=CARTESIAN_POINT('',(168.580989989,716.179754955,10.8975));
#6800=CARTESIAN_POINT('',(168.393709338,716.1812298,10.876365647));
#6801=CARTESIAN_POINT('',(168.02855251,716.181291927,10.792887725));
#6802=CARTESIAN_POINT('',(167.850691823,716.179879206,10.730547696));
#6803=CARTESIAN_POINT('',(167.513322254,716.174237018,10.567790678));
#6804=CARTESIAN_POINT('',(167.353827684,716.17000779,10.467380592));
#6805=CARTESIAN_POINT('',(167.06121461,716.15894508,10.233530937));
#6806=CARTESIAN_POINT('',(166.928108518,716.152112068,10.100101287));
#6807=CARTESIAN_POINT('',(166.69496998,716.136185277,9.806921317));
#6808=CARTESIAN_POINT('',(166.594947424,716.127092173,9.647183433));
#6809=CARTESIAN_POINT('',(166.433009977,716.107102396,9.309419705));
#6810=CARTESIAN_POINT('',(166.371101956,716.096206571,9.131408188));
#6811=CARTESIAN_POINT('',(166.288510836,716.073159268,8.766049762));
#6812=CARTESIAN_POINT('',(166.26783124,716.061008767,8.578718351));
#6813=CARTESIAN_POINT('',(166.268740667,716.036063184,8.204142263));
#6814=CARTESIAN_POINT('',(166.290329652,716.023269161,8.016913476));
#6815=CARTESIAN_POINT('',(166.332511768,716.010474595,7.834436937));
#6816=CARTESIAN_POINT('',(168.769805301,716.405777369,10.874474492));
#6817=CARTESIAN_POINT('',(168.582807527,716.411485745,10.873892977));
#6818=CARTESIAN_POINT('',(168.395817646,716.41440544,10.852367725));
#6819=CARTESIAN_POINT('',(168.031205358,716.414521176,10.768506435));
#6820=CARTESIAN_POINT('',(167.853598342,716.411717212,10.706173938));
#6821=CARTESIAN_POINT('',(167.516665009,716.400526202,10.543822621));
#6822=CARTESIAN_POINT('',(167.357352916,716.392139629,10.443810656));
#6823=CARTESIAN_POINT('',(167.065005374,716.370204731,10.211115765));
#6824=CARTESIAN_POINT('',(166.931982267,716.356657335,10.078442662));
#6825=CARTESIAN_POINT('',(166.698890148,716.325081686,9.787080104));
#6826=CARTESIAN_POINT('',(166.598830977,716.307054772,9.628402947));
#6827=CARTESIAN_POINT('',(166.436690622,716.267426315,9.292992233));
#6828=CARTESIAN_POINT('',(166.374616284,716.245826451,9.116272834));
#6829=CARTESIAN_POINT('',(166.291563843,716.200138076,8.753643545));
#6830=CARTESIAN_POINT('',(166.270589247,716.176051501,8.567748962));
#6831=CARTESIAN_POINT('',(166.27079242,716.126600831,8.19609632));
#6832=CARTESIAN_POINT('',(166.291970181,716.101238833,8.010353949));
#6833=CARTESIAN_POINT('',(166.333694629,716.075875759,7.829339913));
#6834=CARTESIAN_POINT('',(168.774230884,716.743326586,10.80691467));
#6835=CARTESIAN_POINT('',(168.588057081,716.752811779,10.804735724));
#6836=CARTESIAN_POINT('',(168.40189103,716.757512578,10.782160501));
#6837=CARTESIAN_POINT('',(168.038821666,716.757111817,10.697338902));
#6838=CARTESIAN_POINT('',(167.86193347,716.752010275,10.635096058));
#6839=CARTESIAN_POINT('',(167.526236438,716.73225836,10.47403801));
#6840=CARTESIAN_POINT('',(167.367441581,716.717608809,10.375229513));
#6841=CARTESIAN_POINT('',(167.07584684,716.679490433,10.145961556));
#6842=CARTESIAN_POINT('',(166.9430591,716.656023195,10.015511642));
#6843=CARTESIAN_POINT('',(166.710098718,716.601438665,9.729459585));
#6844=CARTESIAN_POINT('',(166.609935778,716.570323646,9.573869353));
#6845=CARTESIAN_POINT('',(166.447219708,716.501994146,9.245288861));
#6846=CARTESIAN_POINT('',(166.384673354,716.464782512,9.072312284));
#6847=CARTESIAN_POINT('',(166.300310837,716.386114446,8.717578439));
#6848=CARTESIAN_POINT('',(166.278498186,716.344661292,8.535835943));
#6849=CARTESIAN_POINT('',(166.276693614,716.259576465,8.17262718));
#6850=CARTESIAN_POINT('',(166.296701768,716.215948338,7.991176038));
#6851=CARTESIAN_POINT('',(166.337123459,716.172318392,7.814384586));
#6852=CARTESIAN_POINT('',(168.776064952,716.854867791,10.778849378));
#6853=CARTESIAN_POINT('',(168.590230305,716.865535546,10.776018322));
#6854=CARTESIAN_POINT('',(168.404403343,716.870766471,10.75301716));
#6855=CARTESIAN_POINT('',(168.041969036,716.870095494,10.667813992));
#6856=CARTESIAN_POINT('',(167.865376698,716.864193618,10.605615513));
#6857=CARTESIAN_POINT('',(167.530188503,716.841549566,10.445105546));
#6858=CARTESIAN_POINT('',(167.371606525,716.824808327,10.346800705));
#6859=CARTESIAN_POINT('',(167.080321593,716.781316997,10.118960404));
#6860=CARTESIAN_POINT('',(166.9476307,716.754568707,9.989434378));
#6861=CARTESIAN_POINT('',(166.714724439,716.692392308,9.705586026));
#6862=CARTESIAN_POINT('',(166.614518715,716.656966776,9.551275453));
#6863=CARTESIAN_POINT('',(166.451565442,716.579196438,9.225524515));
#6864=CARTESIAN_POINT('',(166.38882464,716.536854854,9.054097636));
#6865=CARTESIAN_POINT('',(166.3039224,716.447356949,8.702631809));
#6866=CARTESIAN_POINT('',(166.281764478,716.400204335,8.522607411));
#6867=CARTESIAN_POINT('',(166.279132614,716.303428264,8.162892213));
#6868=CARTESIAN_POINT('',(166.298658782,716.253808816,7.983216305));
#6869=CARTESIAN_POINT('',(166.338543515,716.204187313,7.808171735));
#6870=CARTESIAN_POINT('',(168.780439165,717.075960681,10.711384613));
#6871=CARTESIAN_POINT('',(168.59540342,717.088786658,10.707046936));
#6872=CARTESIAN_POINT('',(168.410375223,717.094902766,10.683076141));
#6873=CARTESIAN_POINT('',(168.049436976,717.093414268,10.597047721));
#6874=CARTESIAN_POINT('',(167.873541669,717.085809724,10.534993611));
#6875=CARTESIAN_POINT('',(167.539552424,717.057254316,10.375858551));
#6876=CARTESIAN_POINT('',(167.381472129,717.036304621,10.278784101));
#6877=CARTESIAN_POINT('',(167.090917472,716.982092291,10.05439718));
#6878=CARTESIAN_POINT('',(166.958454978,716.948831874,9.927093874));
#6879=CARTESIAN_POINT('',(166.725676604,716.871639438,9.648530525));
#6880=CARTESIAN_POINT('',(166.625370231,716.827710575,9.497281859));
#6881=CARTESIAN_POINT('',(166.461858053,716.731349505,9.178291505));
#6882=CARTESIAN_POINT('',(166.398658925,716.678921236,9.010562846));
#6883=CARTESIAN_POINT('',(166.312483938,716.568149465,8.666890261));
#6884=CARTESIAN_POINT('',(166.289511599,716.50981049,8.490960373));
#6885=CARTESIAN_POINT('',(166.284927502,716.390097488,8.139568559));
#6886=CARTESIAN_POINT('',(166.303315932,716.328728353,7.964120985));
#6887=CARTESIAN_POINT('',(166.341932545,716.267356711,7.793237451));
#6888=CARTESIAN_POINT('',(168.782988516,717.185559688,10.671877584));
#6889=CARTESIAN_POINT('',(168.598413458,717.199360091,10.666683958));
#6890=CARTESIAN_POINT('',(168.413845859,717.205829934,10.642168776));
#6891=CARTESIAN_POINT('',(168.053770299,717.20379139,10.555696797));
#6892=CARTESIAN_POINT('',(167.87827693,717.195283086,10.493743504));
#6893=CARTESIAN_POINT('',(167.544979062,717.163705569,10.335438336));
#6894=CARTESIAN_POINT('',(167.38718807,717.140637637,10.239092876));
#6895=CARTESIAN_POINT('',(167.097054529,717.081074324,10.016737482));
#6896=CARTESIAN_POINT('',(166.964723737,717.04458136,9.890736559));
#6897=CARTESIAN_POINT('',(166.73201902,716.959961839,9.615262689));
#6898=CARTESIAN_POINT('',(166.631654523,716.911838713,9.465800905));
#6899=CARTESIAN_POINT('',(166.467819684,716.806324889,9.150751663));
#6900=CARTESIAN_POINT('',(166.404355979,716.74893847,8.985176972));
#6901=CARTESIAN_POINT('',(166.317446134,716.627719878,8.646041011));
#6902=CARTESIAN_POINT('',(166.294003516,716.563892622,8.472493483));
#6903=CARTESIAN_POINT('',(166.288291815,716.432931191,8.125943554));
#6904=CARTESIAN_POINT('',(166.306022964,716.365802327,7.952955195));
#6905=CARTESIAN_POINT('',(166.343906727,716.298670743,7.784491843));
#6906=CARTESIAN_POINT('',(168.791480233,717.504011648,10.538999331));
#6907=CARTESIAN_POINT('',(168.608415639,717.520306492,10.531071166));
#6908=CARTESIAN_POINT('',(168.425358248,717.527504422,10.504853279));
#6909=CARTESIAN_POINT('',(168.068111457,717.523358098,10.417106635));
#6910=CARTESIAN_POINT('',(167.893936155,717.512014009,10.355581341));
#6911=CARTESIAN_POINT('',(167.562905773,717.471333467,10.200202508));
#6912=CARTESIAN_POINT('',(167.406063757,717.441998623,10.1063551));
#6913=CARTESIAN_POINT('',(167.117311847,717.366760418,9.890882749));
#6914=CARTESIAN_POINT('',(166.98541335,717.320860034,9.769266306));
#6915=CARTESIAN_POINT('',(166.752950734,717.214719451,9.504153917));
#6916=CARTESIAN_POINT('',(166.652395791,717.154483453,9.360668428));
#6917=CARTESIAN_POINT('',(166.48750227,717.022596936,9.058777189));
#6918=CARTESIAN_POINT('',(166.423170201,716.950951635,8.900383348));
#6919=CARTESIAN_POINT('',(166.333847267,716.799726289,8.576358286));
#6920=CARTESIAN_POINT('',(166.308859929,716.720152227,8.410739846));
#6921=CARTESIAN_POINT('',(166.29944252,716.556934581,8.080299435));
#6922=CARTESIAN_POINT('',(166.315012824,716.473297455,7.915490498));
#6923=CARTESIAN_POINT('',(166.350485893,716.389657021,7.755077361));
#6924=CARTESIAN_POINT('',(168.798310918,717.705172605,10.430727409));
#6925=CARTESIAN_POINT('',(168.616431463,717.722581347,10.420739848));
#6926=CARTESIAN_POINT('',(168.434559011,717.729828256,10.393284635));
#6927=CARTESIAN_POINT('',(168.079531873,717.723651798,10.30475357));
#6928=CARTESIAN_POINT('',(167.906390901,717.710228673,10.243681138));
#6929=CARTESIAN_POINT('',(167.577140115,717.663356364,10.090845001));
#6930=CARTESIAN_POINT('',(167.421043019,717.629908997,9.999087198));
#6931=CARTESIAN_POINT('',(167.133375838,717.544594946,9.789282228));
#6932=CARTESIAN_POINT('',(167.001816865,717.492731567,9.671243162));
#6933=CARTESIAN_POINT('',(166.769544417,717.37307752,9.414538867));
#6934=CARTESIAN_POINT('',(166.668839914,717.305291486,9.275883547));
#6935=CARTESIAN_POINT('',(166.50311421,717.157049656,8.984599485));
#6936=CARTESIAN_POINT('',(166.438099413,717.076599601,8.831981985));
#6937=CARTESIAN_POINT('',(166.346877989,716.906896185,8.520096612));
#6938=CARTESIAN_POINT('',(166.32067489,716.817649397,8.360840776));
#6939=CARTESIAN_POINT('',(166.308338769,716.634642071,8.043320718));
#6940=CARTESIAN_POINT('',(166.322206227,716.540888621,7.885068751));
#6941=CARTESIAN_POINT('',(166.355777886,716.447131542,7.731109719));
#6942=CARTESIAN_POINT('',(168.810065965,717.990475333,10.239104369));
#6943=CARTESIAN_POINT('',(168.63013406,718.008689548,10.226018715));
#6944=CARTESIAN_POINT('',(168.450208838,718.015320009,10.196857465));
#6945=CARTESIAN_POINT('',(168.098829673,718.005101787,10.107754771));
#6946=CARTESIAN_POINT('',(167.927388826,717.988253487,10.047816649));
#6947=CARTESIAN_POINT('',(167.601063697,717.931870853,9.899984376));
#6948=CARTESIAN_POINT('',(167.446191577,717.892338621,9.812095734));
#6949=CARTESIAN_POINT('',(167.160308489,717.792451275,9.612504628));
#6950=CARTESIAN_POINT('',(167.029308175,717.732099885,9.5008096));
#6951=CARTESIAN_POINT('',(166.797348143,717.59341953,9.258870663));
#6952=CARTESIAN_POINT('',(166.696397071,717.515095738,9.128635769));
#6953=CARTESIAN_POINT('',(166.529298441,717.344163839,8.85575654));
#6954=CARTESIAN_POINT('',(166.463157112,717.251562106,8.713122372));
#6955=CARTESIAN_POINT('',(166.368799766,717.056441337,8.42216907));
#6956=CARTESIAN_POINT('',(166.340587267,716.953929576,8.273860777));
#6957=CARTESIAN_POINT('',(166.323421047,716.743823528,7.978551689));
#6958=CARTESIAN_POINT('',(166.334467966,716.636237075,7.831561897));
#6959=CARTESIAN_POINT('',(166.364885396,716.528646613,7.688691243));
#6960=CARTESIAN_POINT('',(168.814259312,718.08329132,10.169913153));
#6961=CARTESIAN_POINT('',(168.635009103,718.101630328,10.155787499));
#6962=CARTESIAN_POINT('',(168.455765486,718.107938692,10.126079824));
#6963=CARTESIAN_POINT('',(168.105663347,718.096199614,10.036888172));
#6964=CARTESIAN_POINT('',(167.934817706,718.078152604,9.977407476));
#6965=CARTESIAN_POINT('',(167.609516965,718.018546962,9.831454405));
#6966=CARTESIAN_POINT('',(167.455073834,717.976990526,9.744987399));
#6967=CARTESIAN_POINT('',(167.169815657,717.872312052,9.549110681));
#6968=CARTESIAN_POINT('',(167.039011107,717.80919387,9.439708174));
#6969=CARTESIAN_POINT('',(166.807160651,717.664348559,9.203084094));
#6970=CARTESIAN_POINT('',(166.706123275,717.582626764,9.075871225));
#6971=CARTESIAN_POINT('',(166.538543519,717.404402955,8.809584717));
#6972=CARTESIAN_POINT('',(166.472007304,717.307907502,8.670520871));
#6973=CARTESIAN_POINT('',(166.376550105,717.104657748,8.387046252));
#6974=CARTESIAN_POINT('',(166.347632632,716.997910929,8.242645903));
#6975=CARTESIAN_POINT('',(166.328770845,716.779160573,7.955262533));
#6976=CARTESIAN_POINT('',(166.338827225,716.667165088,7.812290081));
#6977=CARTESIAN_POINT('',(166.368136177,716.55516548,7.673375199));
#6978=CARTESIAN_POINT('',(168.822997171,718.260538814,10.02361117));
#6979=CARTESIAN_POINT('',(168.645132484,718.27884824,10.007486885));
#6980=CARTESIAN_POINT('',(168.467274164,718.284304891,9.976800619));
#6981=CARTESIAN_POINT('',(168.119767498,718.269261275,9.887718598));
#6982=CARTESIAN_POINT('',(167.950131597,718.248761549,9.829326034));
#6983=CARTESIAN_POINT('',(167.626912957,718.182751466,9.68752893));
#6984=CARTESIAN_POINT('',(167.473341794,718.137243476,9.604129468));
#6985=CARTESIAN_POINT('',(167.189353709,718.023319661,9.416172115));
#6986=CARTESIAN_POINT('',(167.058946959,717.95490792,9.311620954));
#6987=CARTESIAN_POINT('',(166.827318401,717.798338669,9.086191653));
#6988=CARTESIAN_POINT('',(166.726104889,717.710186771,8.965321585));
#6989=CARTESIAN_POINT('',(166.557544338,717.518212326,8.71284051));
#6990=CARTESIAN_POINT('',(166.490203336,717.414396658,8.581238542));
#6991=CARTESIAN_POINT('',(166.392503735,717.195894405,8.313376099));
#6992=CARTESIAN_POINT('',(166.362148637,717.081215649,8.177125215));
#6993=CARTESIAN_POINT('',(166.339827126,716.846289627,7.906262636));
#6994=CARTESIAN_POINT('',(166.347861514,716.726050779,7.771660638));
#6995=CARTESIAN_POINT('',(166.37490605,716.605807622,7.640989175));
#6996=CARTESIAN_POINT('',(168.827533446,718.344901744,9.946657953));
#6997=CARTESIAN_POINT('',(168.650371343,718.363058967,9.929576229));
#6998=CARTESIAN_POINT('',(168.473215471,718.367988244,9.898457998));
#6999=CARTESIAN_POINT('',(168.127024909,718.351165472,9.809573009));
#7000=CARTESIAN_POINT('',(167.958002448,718.32941402,9.75180939));
#7001=CARTESIAN_POINT('',(167.635839623,718.260227018,9.612283683));
#7002=CARTESIAN_POINT('',(167.482710639,718.212793914,9.530526523));
#7003=CARTESIAN_POINT('',(167.199366551,718.094420254,9.346765288));
#7004=CARTESIAN_POINT('',(167.069161455,718.023483883,9.244767704));
#7005=CARTESIAN_POINT('',(166.837644966,717.861359799,9.025206468));
#7006=CARTESIAN_POINT('',(166.736341751,717.770177815,8.90765057));
#7007=CARTESIAN_POINT('',(166.567282356,717.571748552,8.662367983));
#7008=CARTESIAN_POINT('',(166.499532149,717.464508285,8.534649955));
#7009=CARTESIAN_POINT('',(166.400691973,717.238886214,8.274905165));
#7010=CARTESIAN_POINT('',(166.369605496,717.120512384,8.142887575));
#7011=CARTESIAN_POINT('',(166.345522924,716.878058562,7.88060343));
#7012=CARTESIAN_POINT('',(166.352527679,716.753987137,7.750346135));
#7013=CARTESIAN_POINT('',(166.37841833,716.62991133,7.623954026));
#7014=CARTESIAN_POINT('',(168.841547274,718.585618197,9.70470113));
#7015=CARTESIAN_POINT('',(168.666502688,718.602959196,9.684933705));
#7016=CARTESIAN_POINT('',(168.491463996,718.606047309,9.652742927));
#7017=CARTESIAN_POINT('',(168.149240481,718.583580185,9.564957502));
#7018=CARTESIAN_POINT('',(167.982067234,718.558025712,9.509365825));
#7019=CARTESIAN_POINT('',(167.663087523,718.479421598,9.377274512));
#7020=CARTESIAN_POINT('',(167.511291851,718.426374624,9.300779341));
#7021=CARTESIAN_POINT('',(167.229889831,718.295170133,9.130315243));
#7022=CARTESIAN_POINT('',(167.100293003,718.217017065,9.036352075));
#7023=CARTESIAN_POINT('',(166.869114317,718.039114196,8.835170273));
#7024=CARTESIAN_POINT('',(166.767540281,717.939370425,8.727958434));
#7025=CARTESIAN_POINT('',(166.596974179,717.722771122,8.505092297));
#7026=CARTESIAN_POINT('',(166.527987887,717.60592293,8.389445526));
#7027=CARTESIAN_POINT('',(166.425700428,717.360369223,8.154901197));
#7028=CARTESIAN_POINT('',(166.392402725,717.231672029,8.036011559));
#7029=CARTESIAN_POINT('',(166.362992297,716.96820795,7.800318807));
#7030=CARTESIAN_POINT('',(166.36688057,716.833449992,7.68352365));
#7031=CARTESIAN_POINT('',(166.389275887,716.69868747,7.570393452));
#7032=CARTESIAN_POINT('',(168.851435052,718.729715952,9.528711262));
#7033=CARTESIAN_POINT('',(168.677813819,718.746033407,9.507405487));
#7034=CARTESIAN_POINT('',(168.504198286,718.747548312,9.474799828));
#7035=CARTESIAN_POINT('',(168.164641663,718.720907337,9.388428072));
#7036=CARTESIAN_POINT('',(167.99871172,718.692752336,9.334664808));
#7037=CARTESIAN_POINT('',(167.681872464,718.608017872,9.208355279));
#7038=CARTESIAN_POINT('',(167.530973553,718.551441196,9.135813155));
#7039=CARTESIAN_POINT('',(167.250877766,718.412368614,8.975153481));
#7040=CARTESIAN_POINT('',(167.121690084,718.32987728,8.887041197));
#7041=CARTESIAN_POINT('',(166.89073766,718.142628534,8.699137068));
#7042=CARTESIAN_POINT('',(166.788980499,718.037877278,8.59935138));
#7043=CARTESIAN_POINT('',(166.617396307,717.810747953,8.392512339));
#7044=CARTESIAN_POINT('',(166.54757491,717.68837735,8.285465761));
#7045=CARTESIAN_POINT('',(166.442956215,717.43142924,8.06883781));
#7046=CARTESIAN_POINT('',(166.408162354,717.296860177,7.959263531));
#7047=CARTESIAN_POINT('',(166.37514251,717.021475656,7.74242479));
#7048=CARTESIAN_POINT('',(166.376917613,716.880669249,7.635167428));
#7049=CARTESIAN_POINT('',(166.39693926,716.739858213,7.531436077));
#7050=CARTESIAN_POINT('',(168.866863514,718.92067447,9.24197572));
#7051=CARTESIAN_POINT('',(168.695334304,718.934961525,9.218924943));
#7052=CARTESIAN_POINT('',(168.523810473,718.933801231,9.186309059));
#7053=CARTESIAN_POINT('',(168.188173607,718.900636301,9.103354266));
#7054=CARTESIAN_POINT('',(168.024071098,718.868632706,9.053017959));
#7055=CARTESIAN_POINT('',(167.71037781,718.775164456,8.936798866));
#7056=CARTESIAN_POINT('',(167.560796868,718.713702733,8.870919724));
#7057=CARTESIAN_POINT('',(167.282619805,718.563976355,8.726463815));
#7058=CARTESIAN_POINT('',(167.154032407,718.475716399,8.647891577));
#7059=CARTESIAN_POINT('',(166.923407622,718.276211501,8.481447415));
#7060=CARTESIAN_POINT('',(166.821377468,718.164972819,8.393580708));
#7061=CARTESIAN_POINT('',(166.648283685,717.924323022,8.212347665));
#7062=CARTESIAN_POINT('',(166.577225484,717.794919456,8.118987008));
#7063=CARTESIAN_POINT('',(166.469152356,717.523538794,7.930803883));
#7064=CARTESIAN_POINT('',(166.43214082,717.381570211,7.835987312));
#7065=CARTESIAN_POINT('',(166.393764882,717.091202494,7.648993307));
#7066=CARTESIAN_POINT('',(166.392401686,716.94281247,7.556821733));
#7067=CARTESIAN_POINT('',(166.408892843,716.79441779,7.467963087));
#7068=CARTESIAN_POINT('',(168.872054781,718.979426494,9.143526061));
#7069=CARTESIAN_POINT('',(168.70120883,718.992961055,9.11999317));
#7070=CARTESIAN_POINT('',(168.530368148,718.99086572,9.087476072));
#7071=CARTESIAN_POINT('',(168.196011486,718.955505275,9.005865587));
#7072=CARTESIAN_POINT('',(168.03250583,718.922241258,8.956774718));
#7073=CARTESIAN_POINT('',(167.719840014,718.825970193,8.844123075));
#7074=CARTESIAN_POINT('',(167.570689509,718.762966119,8.780565777));
#7075=CARTESIAN_POINT('',(167.293138902,718.609918809,8.641708596));
#7076=CARTESIAN_POINT('',(167.164747371,718.519880301,8.566412999));
#7077=CARTESIAN_POINT('',(166.934228748,718.316629012,8.407310416));
#7078=CARTESIAN_POINT('',(166.832108774,718.20342251,8.323508342));
#7079=CARTESIAN_POINT('',(166.658519698,717.958695183,8.150989198));
#7080=CARTESIAN_POINT('',(166.587055956,717.827181918,8.062277452));
#7081=CARTESIAN_POINT('',(166.477849841,717.551487399,7.883746204));
#7082=CARTESIAN_POINT('',(166.44011084,717.407314661,7.79393221));
#7083=CARTESIAN_POINT('',(166.399976939,717.112491467,7.617051153));
#7084=CARTESIAN_POINT('',(166.397583279,716.961850118,7.529989547));
#7085=CARTESIAN_POINT('',(166.412914312,716.811204117,7.446169762));
#7086=CARTESIAN_POINT('',(168.882400265,719.086382108,8.942762933));
#7087=CARTESIAN_POINT('',(168.712875356,719.098322028,8.918478695));
#7088=CARTESIAN_POINT('',(168.543355518,719.094327975,8.886365025));
#7089=CARTESIAN_POINT('',(168.211474097,719.054640651,8.807832928));
#7090=CARTESIAN_POINT('',(168.049122453,719.01894857,8.761416853));
#7091=CARTESIAN_POINT('',(167.738443169,718.917373027,8.656241492));
#7092=CARTESIAN_POINT('',(167.590124833,718.851492609,8.597485356));
#7093=CARTESIAN_POINT('',(167.313784939,718.692324994,8.470113028));
#7094=CARTESIAN_POINT('',(167.185771656,718.599042567,8.401500649));
#7095=CARTESIAN_POINT('',(166.955456434,718.389014534,8.257315634));
#7096=CARTESIAN_POINT('',(166.853161392,718.272275221,8.181747312));
#7097=CARTESIAN_POINT('',(166.678610059,718.020269246,8.026844282));
#7098=CARTESIAN_POINT('',(166.606358997,717.885010133,7.947514209));
#7099=CARTESIAN_POINT('',(166.494952896,717.601683876,7.788440628));
#7100=CARTESIAN_POINT('',(166.455801194,717.453625221,7.708701881));
#7101=CARTESIAN_POINT('',(166.412251668,717.150960831,7.552181273));
#7102=CARTESIAN_POINT('',(166.407855149,716.996364163,7.475404097));
#7103=CARTESIAN_POINT('',(166.420929733,716.841762865,7.401727989));
#7104=CARTESIAN_POINT('',(168.887570486,719.134766749,8.840178823));
#7105=CARTESIAN_POINT('',(168.718685307,719.145862661,8.815623652));
#7106=CARTESIAN_POINT('',(168.5498051,719.140902448,8.783814565));
#7107=CARTESIAN_POINT('',(168.219122328,719.099077664,8.707019688));
#7108=CARTESIAN_POINT('',(168.057329517,719.062214327,8.662036163));
#7109=CARTESIAN_POINT('',(167.747612147,718.958128892,8.560779098));
#7110=CARTESIAN_POINT('',(167.599696726,718.890909867,8.504508542));
#7111=CARTESIAN_POINT('',(167.323942768,718.728932796,8.383037598));
#7112=CARTESIAN_POINT('',(167.196112366,718.63417953,8.31784079));
#7113=CARTESIAN_POINT('',(166.965894554,718.42110951,8.181252007));
#7114=CARTESIAN_POINT('',(166.863513936,718.302799043,8.109864059));
#7115=CARTESIAN_POINT('',(166.68849408,718.047579089,7.963887428));
#7116=CARTESIAN_POINT('',(166.615860007,717.910677133,7.889303048));
#7117=CARTESIAN_POINT('',(166.503383526,717.624019253,7.740062143));
#7118=CARTESIAN_POINT('',(166.463544437,717.474271786,7.665410016));
#7119=CARTESIAN_POINT('',(166.418332094,717.168207401,7.51916513));
#7120=CARTESIAN_POINT('',(166.412960175,717.011899513,7.44757668));
#7121=CARTESIAN_POINT('',(166.424935064,716.855587014,7.379019456));
#7122=CARTESIAN_POINT('',(168.89787222,719.221452057,8.630629324));
#7123=CARTESIAN_POINT('',(168.730221561,719.230810312,8.605739928));
#7124=CARTESIAN_POINT('',(168.562575693,719.223922168,8.574743394));
#7125=CARTESIAN_POINT('',(168.23420599,719.177937401,8.501814023));
#7126=CARTESIAN_POINT('',(168.073491556,719.138842096,8.459883274));
#7127=CARTESIAN_POINT('',(167.765630195,719.030058029,8.366818132));
#7128=CARTESIAN_POINT('',(167.618492081,718.960372382,8.315686403));
#7129=CARTESIAN_POINT('',(167.343867903,718.793287634,8.206332178));
#7130=CARTESIAN_POINT('',(167.216389701,718.695893317,8.148112811));
#7131=CARTESIAN_POINT('',(166.986357402,718.477417126,8.026989086));
#7132=CARTESIAN_POINT('',(166.883809892,718.356341508,7.964088191));
#7133=CARTESIAN_POINT('',(166.70788058,718.095508039,7.836200659));
#7134=CARTESIAN_POINT('',(166.634503815,717.955757657,7.771217679));
#7135=CARTESIAN_POINT('',(166.519951771,717.663352451,7.641851291));
#7136=CARTESIAN_POINT('',(166.478779772,717.510706,7.577471582));
#7137=CARTESIAN_POINT('',(166.430341697,717.198820014,7.451972156));
#7138=CARTESIAN_POINT('',(166.423077008,717.03958941,7.390856028));
#7139=CARTESIAN_POINT('',(166.432916588,716.880354247,7.332632695));
#7140=CARTESIAN_POINT('',(168.903003387,719.25975294,8.523663853));
#7141=CARTESIAN_POINT('',(168.735947554,719.268217475,8.498711128));
#7142=CARTESIAN_POINT('',(168.56889643,719.260367494,8.468222535));
#7143=CARTESIAN_POINT('',(168.241641224,719.212360095,8.397421403));
#7144=CARTESIAN_POINT('',(168.081446374,719.172204031,8.35711086));
#7145=CARTESIAN_POINT('',(167.774479179,719.061231147,8.268319323));
#7146=CARTESIAN_POINT('',(167.627715495,718.990417458,8.219840833));
#7147=CARTESIAN_POINT('',(167.353635222,718.821034451,8.116701944));
#7148=CARTESIAN_POINT('',(167.226326367,718.722469912,8.062044453));
#7149=CARTESIAN_POINT('',(166.996382217,718.501629537,7.948789571));
#7150=CARTESIAN_POINT('',(166.893753409,718.379359931,7.890195373));
#7151=CARTESIAN_POINT('',(166.717383184,718.116126956,7.771470577));
#7152=CARTESIAN_POINT('',(166.643646744,717.975171014,7.711343326));
#7153=CARTESIAN_POINT('',(166.528089512,717.680350162,7.592018827));
#7154=CARTESIAN_POINT('',(166.486271981,717.526493571,7.532824942));
#7155=CARTESIAN_POINT('',(166.436270958,717.212186049,7.417795309));
#7156=CARTESIAN_POINT('',(166.428088878,717.051743988,7.361962803));
#7157=CARTESIAN_POINT('',(166.436892815,716.891297399,7.308954504));
#7158=CARTESIAN_POINT('',(168.91320332,719.326075673,8.305252977));
#7159=CARTESIAN_POINT('',(168.74728939,719.332742555,8.280375835));
#7160=CARTESIAN_POINT('',(168.581380004,719.323008707,8.25110175));
#7161=CARTESIAN_POINT('',(168.256264166,719.271132561,8.184940648));
#7162=CARTESIAN_POINT('',(168.097066624,719.228991685,8.148055445));
#7163=CARTESIAN_POINT('',(167.791815356,719.114004893,8.068163452));
#7164=CARTESIAN_POINT('',(167.645769995,719.041162129,8.025158851));
#7165=CARTESIAN_POINT('',(167.372732265,718.867717179,7.934766762));
#7166=CARTESIAN_POINT('',(167.24574738,718.767119747,7.88738175));
#7167=CARTESIAN_POINT('',(167.01596903,718.542234111,7.790144588));
#7168=CARTESIAN_POINT('',(166.913181863,718.417952072,7.740295099));
#7169=CARTESIAN_POINT('',(166.735958764,718.150724301,7.640144327));
#7170=CARTESIAN_POINT('',(166.661527689,718.007785895,7.589845784));
#7171=CARTESIAN_POINT('',(166.54402969,717.709027524,7.490830364));
#7172=CARTESIAN_POINT('',(166.500965987,717.553215748,7.442116195));
#7173=CARTESIAN_POINT('',(166.447946864,717.235013901,7.348238901));
#7174=CARTESIAN_POINT('',(166.437992898,717.072632552,7.303078343));
#7175=CARTESIAN_POINT('',(166.444795465,716.910246752,7.26060615));
#7176=CARTESIAN_POINT('',(168.918292041,719.35416913,8.193308492));
#7177=CARTESIAN_POINT('',(168.752927376,719.359928196,8.168571711));
#7178=CARTESIAN_POINT('',(168.587567179,719.349268584,8.140008073));
#7179=CARTESIAN_POINT('',(168.263480345,719.295539294,8.076371202));
#7180=CARTESIAN_POINT('',(168.104762465,719.252471068,8.041299688));
#7181=CARTESIAN_POINT('',(167.80033631,719.135653106,7.966055053));
#7182=CARTESIAN_POINT('',(167.654636261,719.061906526,7.925883964));
#7183=CARTESIAN_POINT('',(167.38209926,718.886692861,7.842052823));
#7184=CARTESIAN_POINT('',(167.255269671,718.78523051,7.798395035));
#7185=CARTESIAN_POINT('',(167.025569405,718.558659807,7.709343055));
#7186=CARTESIAN_POINT('',(166.922704934,718.433557577,7.663951267));
#7187=CARTESIAN_POINT('',(166.745068356,718.164731453,7.573253404));
#7188=CARTESIAN_POINT('',(166.67030105,718.021014822,7.527949775));
#7189=CARTESIAN_POINT('',(166.551863862,717.72073224,7.43924676));
#7190=CARTESIAN_POINT('',(166.508197182,717.564174403,7.395849767));
#7191=CARTESIAN_POINT('',(166.453717203,717.244497889,7.312701974));
#7192=CARTESIAN_POINT('',(166.442905378,717.081387852,7.272953418));
#7193=CARTESIAN_POINT('',(166.448738402,716.918273407,7.235825689));
#7194=CARTESIAN_POINT('',(168.93318585,719.421322218,7.855991283));
#7195=CARTESIAN_POINT('',(168.7693694,719.424438974,7.831952236));
#7196=CARTESIAN_POINT('',(168.605557196,719.41115393,7.805766413));
#7197=CARTESIAN_POINT('',(168.284370517,719.352302639,7.750128176));
#7198=CARTESIAN_POINT('',(168.127004367,719.306737921,7.720677201));
#7199=CARTESIAN_POINT('',(167.824902738,719.185119699,7.659665488));
#7200=CARTESIAN_POINT('',(167.680175092,719.109069352,7.628106327));
#7201=CARTESIAN_POINT('',(167.409046487,718.929472067,7.564117014));
#7202=CARTESIAN_POINT('',(167.282652558,718.825929788,7.531688513));
#7203=CARTESIAN_POINT('',(167.053166377,718.595422846,7.467232621));
#7204=CARTESIAN_POINT('',(166.950080076,718.468464161,7.43520689));
#7205=CARTESIAN_POINT('',(166.771267372,718.196120289,7.372812076));
#7206=CARTESIAN_POINT('',(166.695545606,718.050742165,7.342444598));
#7207=CARTESIAN_POINT('',(166.574443744,717.747280375,7.284556066));
#7208=CARTESIAN_POINT('',(166.52906679,717.58920458,7.257036497));
#7209=CARTESIAN_POINT('',(166.470442544,717.266568369,7.205921199));
#7210=CARTESIAN_POINT('',(166.457196773,717.10201632,7.182326779));
#7211=CARTESIAN_POINT('',(166.460277749,716.937460004,7.161155727));
#7212=CARTESIAN_POINT('',(168.942664827,719.443915115,7.628224659));
#7213=CARTESIAN_POINT('',(168.779754207,719.44537273,7.605016082));
#7214=CARTESIAN_POINT('',(168.616847706,719.430531724,7.580745755));
#7215=CARTESIAN_POINT('',(168.297357469,719.368828312,7.531021476));
#7216=CARTESIAN_POINT('',(168.140781811,719.321967467,7.505568778));
#7217=CARTESIAN_POINT('',(167.84003858,719.198044379,7.454467093));
#7218=CARTESIAN_POINT('',(167.695878611,719.120985269,7.428819393));
#7219=CARTESIAN_POINT('',(167.425569935,718.939659209,7.378321863));
#7220=CARTESIAN_POINT('',(167.299428063,718.835396846,7.353473302));
#7221=CARTESIAN_POINT('',(167.07005889,718.603715068,7.305536495));
#7222=CARTESIAN_POINT('',(166.966837389,718.476301512,7.282449451));
#7223=CARTESIAN_POINT('',(166.787321864,718.203267954,7.238929137));
#7224=CARTESIAN_POINT('',(166.711032379,718.057654856,7.218496957));
#7225=CARTESIAN_POINT('',(166.588347451,717.753880267,7.181076273));
#7226=CARTESIAN_POINT('',(166.54195511,717.595726456,7.164088704));
#7227=CARTESIAN_POINT('',(166.480869404,717.273016083,7.134213057));
#7228=CARTESIAN_POINT('',(166.466177584,717.108467679,7.121325724));
#7229=CARTESIAN_POINT('',(166.467621829,716.943915115,7.110736347));
#7230=CARTESIAN_POINT('',(168.951655585,719.443915115,7.3975));
#7231=CARTESIAN_POINT('',(168.789531868,719.443915115,7.375388565));
#7232=CARTESIAN_POINT('',(168.627412159,719.427799895,7.353277677));
#7233=CARTESIAN_POINT('',(168.309395047,719.363956737,7.309904538));
#7234=CARTESIAN_POINT('',(168.153505507,719.316230377,7.288643359));
#7235=CARTESIAN_POINT('',(167.853939938,719.190997516,7.247786755));
#7236=CARTESIAN_POINT('',(167.710271316,719.113494113,7.22819234));
#7237=CARTESIAN_POINT('',(167.440669426,718.931684179,7.191422368));
#7238=CARTESIAN_POINT('',(167.314742825,718.827382145,7.174247719));
#7239=CARTESIAN_POINT('',(167.085465265,718.595981992,7.142977428));
#7240=CARTESIAN_POINT('',(166.982119975,718.468889595,7.128882559));
#7241=CARTESIAN_POINT('',(166.801977751,718.196791801,7.104313649));
#7242=CARTESIAN_POINT('',(166.725185273,718.051793131,7.093840216));
#7243=CARTESIAN_POINT('',(166.601101151,717.749454261,7.076916857));
#7244=CARTESIAN_POINT('',(166.553812576,717.592121536,7.070467348));
#7245=CARTESIAN_POINT('',(166.49055504,717.271160304,7.061839895));
#7246=CARTESIAN_POINT('',(166.474587642,717.107539733,7.059662162));
#7247=CARTESIAN_POINT('',(166.474587642,716.943915115,7.059662162));
#7248=B_SPLINE_SURFACE_WITH_KNOTS('',3,3,((#6780,#6781,#6782,#6783,#6784,#6785,#6786,#6787,#6788,#6789,#6790,#6791,#6792,#6793,#6794,#6795,#6796,#6797),(#6798,#6799,#6800,#6801,#6802,#6803,#6804,#6805,#6806,#6807,#6808,#6809,#6810,#6811,#6812,#6813,#6814,#6815),(#6816,#6817,#6818,#6819,#6820,#6821,#6822,#6823,#6824,#6825,#6826,#6827,#6828,#6829,#6830,#6831,#6832,#6833),(#6834,#6835,#6836,#6837,#6838,#6839,#6840,#6841,#6842,#6843,#6844,#6845,#6846,#6847,#6848,#6849,#6850,#6851),(#6852,#6853,#6854,#6855,#6856,#6857,#6858,#6859,#6860,#6861,#6862,#6863,#6864,#6865,#6866,#6867,#6868,#6869),(#6870,#6871,#6872,#6873,#6874,#6875,#6876,#6877,#6878,#6879,#6880,#6881,#6882,#6883,#6884,#6885,#6886,#6887),(#6888,#6889,#6890,#6891,#6892,#6893,#6894,#6895,#6896,#6897,#6898,#6899,#6900,#6901,#6902,#6903,#6904,#6905),(#6906,#6907,#6908,#6909,#6910,#6911,#6912,#6913,#6914,#6915,#6916,#6917,#6918,#6919,#6920,#6921,#6922,#6923),(#6924,#6925,#6926,#6927,#6928,#6929,#6930,#6931,#6932,#6933,#6934,#6935,#6936,#6937,#6938,#6939,#6940,#6941),(#6942,#6943,#6944,#6945,#6946,#6947,#6948,#6949,#6950,#6951,#6952,#6953,#6954,#6955,#6956,#6957,#6958,#6959),(#6960,#6961,#6962,#6963,#6964,#6965,#6966,#6967,#6968,#6969,#6970,#6971,#6972,#6973,#6974,#6975,#6976,#6977),(#6978,#6979,#6980,#6981,#6982,#6983,#6984,#6985,#6986,#6987,#6988,#6989,#6990,#6991,#6992,#6993,#6994,#6995),(#6996,#6997,#6998,#6999,#7000,#7001,#7002,#7003,#7004,#7005,#7006,#7007,#7008,#7009,#7010,#7011,#7012,#7013),(#7014,#7015,#7016,#7017,#7018,#7019,#7020,#7021,#7022,#7023,#7024,#7025,#7026,#7027,#7028,#7029,#7030,#7031),(#7032,#7033,#7034,#7035,#7036,#7037,#7038,#7039,#7040,#7041,#7042,#7043,#7044,#7045,#7046,#7047,#7048,#7049),(#7050,#7051,#7052,#7053,#7054,#7055,#7056,#7057,#7058,#7059,#7060,#7061,#7062,#7063,#7064,#7065,#7066,#7067),(#7068,#7069,#7070,#7071,#7072,#7073,#7074,#7075,#7076,#7077,#7078,#7079,#7080,#7081,#7082,#7083,#7084,#7085),(#7086,#7087,#7088,#7089,#7090,#7091,#7092,#7093,#7094,#7095,#7096,#7097,#7098,#7099,#7100,#7101,#7102,#7103),(#7104,#7105,#7106,#7107,#7108,#7109,#7110,#7111,#7112,#7113,#7114,#7115,#7116,#7117,#7118,#7119,#7120,#7121),(#7122,#7123,#7124,#7125,#7126,#7127,#7128,#7129,#7130,#7131,#7132,#7133,#7134,#7135,#7136,#7137,#7138,#7139),(#7140,#7141,#7142,#7143,#7144,#7145,#7146,#7147,#7148,#7149,#7150,#7151,#7152,#7153,#7154,#7155,#7156,#7157),(#7158,#7159,#7160,#7161,#7162,#7163,#7164,#7165,#7166,#7167,#7168,#7169,#7170,#7171,#7172,#7173,#7174,#7175),(#7176,#7177,#7178,#7179,#7180,#7181,#7182,#7183,#7184,#7185,#7186,#7187,#7188,#7189,#7190,#7191,#7192,#7193),(#7194,#7195,#7196,#7197,#7198,#7199,#7200,#7201,#7202,#7203,#7204,#7205,#7206,#7207,#7208,#7209,#7210,#7211),(#7212,#7213,#7214,#7215,#7216,#7217,#7218,#7219,#7220,#7221,#7222,#7223,#7224,#7225,#7226,#7227,#7228,#7229),(#7230,#7231,#7232,#7233,#7234,#7235,#7236,#7237,#7238,#7239,#7240,#7241,#7242,#7243,#7244,#7245,#7246,#7247)),.UNSPECIFIED.,.F.,.F.,.U.,(4,2,2,2,2,2,2,2,2,2,2,2,4),(4,2,2,2,2,2,2,2,4),(0.,0.000196805,0.000295207,0.000393609,0.000590414,0.000688817,0.000787219,0.000984024,0.001082426,0.001180828,0.001279231,0.001377633,0.001574438),(0.,0.125,0.25,0.375,0.5,0.625,0.75,0.875,1.),.UNSPECIFIED.);
#7249=ORIENTED_EDGE('',*,*,#6774,.T.);
#7250=ORIENTED_EDGE('',*,*,#6199,.F.);
#7251=ORIENTED_EDGE('',*,*,#6479,.F.);
#7252=ORIENTED_EDGE('',*,*,#1188,.F.);
#7253=EDGE_LOOP('',(#7249,#7250,#7251,#7252));
#7254=FACE_BOUND('',#7253,.T.);
#7255=ADVANCED_FACE('',(#7254),#7248,.T.);
#7256=CARTESIAN_POINT('',(168.951655585,732.443915115,7.3975));
#7257=CARTESIAN_POINT('',(168.789531868,732.443915115,7.375388565));
#7258=CARTESIAN_POINT('',(168.627412159,732.460030335,7.353277677));
#7259=CARTESIAN_POINT('',(168.309395047,732.523873493,7.309904538));
#7260=CARTESIAN_POINT('',(168.153505507,732.571599854,7.288643359));
#7261=CARTESIAN_POINT('',(167.853939938,732.696832714,7.247786755));
#7262=CARTESIAN_POINT('',(167.710271316,732.774336118,7.22819234));
#7263=CARTESIAN_POINT('',(167.440669426,732.956146051,7.191422368));
#7264=CARTESIAN_POINT('',(167.314742825,733.060448086,7.174247719));
#7265=CARTESIAN_POINT('',(167.085465265,733.291848239,7.142977428));
#7266=CARTESIAN_POINT('',(166.982119975,733.418940635,7.128882559));
#7267=CARTESIAN_POINT('',(166.801977751,733.69103843,7.104313649));
#7268=CARTESIAN_POINT('',(166.725185273,733.836037099,7.093840216));
#7269=CARTESIAN_POINT('',(166.601101151,734.138375969,7.076916857));
#7270=CARTESIAN_POINT('',(166.553812576,734.295708694,7.070467348));
#7271=CARTESIAN_POINT('',(166.49055504,734.616669926,7.061839895));
#7272=CARTESIAN_POINT('',(166.474587642,734.780290498,7.059662162));
#7273=CARTESIAN_POINT('',(166.474587642,734.943915115,7.059662162));
#7274=CARTESIAN_POINT('',(168.942661967,732.443915115,7.628298041));
#7275=CARTESIAN_POINT('',(168.779751097,732.442457036,7.605089116));
#7276=CARTESIAN_POINT('',(168.616844345,732.457297638,7.580818102));
#7277=CARTESIAN_POINT('',(168.29735364,732.519000369,7.531091803));
#7278=CARTESIAN_POINT('',(168.140777764,732.565860938,7.505637771));
#7279=CARTESIAN_POINT('',(167.840034159,732.68978361,7.454532828));
#7280=CARTESIAN_POINT('',(167.695874033,732.766842579,7.428883203));
#7281=CARTESIAN_POINT('',(167.425565133,732.948168484,7.378381307));
#7282=CARTESIAN_POINT('',(167.299423192,733.052430835,7.353530305));
#7283=CARTESIAN_POINT('',(167.07005399,733.284112703,7.305588197));
#7284=CARTESIAN_POINT('',(166.966832528,733.411526361,7.282498294));
#7285=CARTESIAN_POINT('',(166.787317202,733.684560217,7.238971952));
#7286=CARTESIAN_POINT('',(166.711027878,733.83017351,7.218536604));
#7287=CARTESIAN_POINT('',(166.588343394,734.133948556,7.181109401));
#7288=CARTESIAN_POINT('',(166.541951339,734.292102627,7.16411848));
#7289=CARTESIAN_POINT('',(166.480866323,734.614813557,7.134236076));
#7290=CARTESIAN_POINT('',(166.46617491,734.779362256,7.121345336));
#7291=CARTESIAN_POINT('',(166.467619614,734.943915115,7.110752591));
#7292=CARTESIAN_POINT('',(168.933225835,732.466518191,7.854969557));
#7293=CARTESIAN_POINT('',(168.769412763,732.463408291,7.830935964));
#7294=CARTESIAN_POINT('',(168.605603935,732.476699275,7.804760225));
#7295=CARTESIAN_POINT('',(168.284423574,732.535560427,7.749150985));
#7296=CARTESIAN_POINT('',(168.127060365,732.581129066,7.719718923));
#7297=CARTESIAN_POINT('',(167.824963781,732.702753062,7.658753106));
#7298=CARTESIAN_POINT('',(167.680238237,732.778805262,7.627220926));
#7299=CARTESIAN_POINT('',(167.409112648,732.958404277,7.563292587));
#7300=CARTESIAN_POINT('',(167.282719633,733.061946433,7.530898076));
#7301=CARTESIAN_POINT('',(167.053233818,733.292451371,7.466515856));
#7302=CARTESIAN_POINT('',(166.95014697,733.419408175,7.434529804));
#7303=CARTESIAN_POINT('',(166.771331533,733.691746861,7.372218517));
#7304=CARTESIAN_POINT('',(166.695607582,733.837121681,7.341894883));
#7305=CARTESIAN_POINT('',(166.57449965,734.140575856,7.284096531));
#7306=CARTESIAN_POINT('',(166.52911881,734.298647344,7.256623296));
#7307=CARTESIAN_POINT('',(166.470485142,734.621274422,7.205601396));
#7308=CARTESIAN_POINT('',(166.457233837,734.785821646,7.182054038));
#7309=CARTESIAN_POINT('',(166.460308542,734.950373137,7.160929524));
#7310=CARTESIAN_POINT('',(168.918480625,732.532719242,8.189102588));
#7311=CARTESIAN_POINT('',(168.75313589,732.526993661,8.164372875));
#7312=CARTESIAN_POINT('',(168.587795619,732.537686972,8.135837476));
#7313=CARTESIAN_POINT('',(168.263746115,732.59148286,8.072298006));
#7314=CARTESIAN_POINT('',(168.105045632,732.634583981,8.037295649));
#7315=CARTESIAN_POINT('',(167.800649396,732.751466066,7.962227116));
#7316=CARTESIAN_POINT('',(167.654961863,732.825243871,7.922162966));
#7317=CARTESIAN_POINT('',(167.382442992,733.000517839,7.838578797));
#7318=CARTESIAN_POINT('',(167.255619014,733.102009268,7.795061032));
#7319=CARTESIAN_POINT('',(167.025921517,733.328635873,7.706316134));
#7320=CARTESIAN_POINT('',(166.923054201,733.453764928,7.661091394));
#7321=CARTESIAN_POINT('',(166.745402521,733.722642685,7.570747503));
#7322=CARTESIAN_POINT('',(166.670622955,733.866384123,7.525630789));
#7323=CARTESIAN_POINT('',(166.552151542,734.16671481,7.437313528));
#7324=CARTESIAN_POINT('',(166.508462895,734.323295948,7.394115363));
#7325=CARTESIAN_POINT('',(166.4539297,734.643018252,7.311368742));
#7326=CARTESIAN_POINT('',(166.443086625,734.806150785,7.271822518));
#7327=CARTESIAN_POINT('',(166.448884325,734.969287723,7.234894623));
#7328=CARTESIAN_POINT('',(168.913467098,732.560209574,8.299494253));
#7329=CARTESIAN_POINT('',(168.747582049,732.553589648,8.274622595));
#7330=CARTESIAN_POINT('',(168.581701544,732.563371817,8.245383554));
#7331=CARTESIAN_POINT('',(168.256639824,732.615345531,8.179349812));
#7332=CARTESIAN_POINT('',(168.097467512,732.657535651,8.142556918));
#7333=CARTESIAN_POINT('',(167.792259653,732.772620494,8.062902532));
#7334=CARTESIAN_POINT('',(167.646232465,732.845512066,8.020043219));
#7335=CARTESIAN_POINT('',(167.373221106,733.019053312,7.929988174));
#7336=CARTESIAN_POINT('',(167.246244412,733.119698234,7.882794906));
#7337=CARTESIAN_POINT('',(167.016470234,733.344677119,7.785979235));
#7338=CARTESIAN_POINT('',(166.913679042,733.469004919,7.73635948));
#7339=CARTESIAN_POINT('',(166.736434302,733.736322494,7.636696141));
#7340=CARTESIAN_POINT('',(166.661985607,733.879304947,7.586655282));
#7341=CARTESIAN_POINT('',(166.544438373,734.178150056,7.488172017));
#7342=CARTESIAN_POINT('',(166.501343053,734.334004528,7.439732305));
#7343=CARTESIAN_POINT('',(166.44824733,734.652291021,7.346408881));
#7344=CARTESIAN_POINT('',(166.438248382,734.814714326,7.301527721));
#7345=CARTESIAN_POINT('',(166.445000118,734.977142079,7.259331416));
#7346=CARTESIAN_POINT('',(168.903259092,732.626248144,8.518277717));
#7347=CARTESIAN_POINT('',(168.736232613,732.617828406,8.493323526));
#7348=CARTESIAN_POINT('',(168.569210843,732.625726168,8.462862002));
#7349=CARTESIAN_POINT('',(168.242010645,732.673833262,8.392170511));
#7350=CARTESIAN_POINT('',(168.081841442,732.714041237,8.351942537));
#7351=CARTESIAN_POINT('',(167.774918387,732.825120546,8.263367654));
#7352=CARTESIAN_POINT('',(167.628173188,732.895988748,8.21502324));
#7353=CARTESIAN_POINT('',(167.354119771,733.065482211,8.11219779));
#7354=CARTESIAN_POINT('',(167.226819278,733.164102692,8.057719652));
#7355=CARTESIAN_POINT('',(166.996879483,733.385055566,7.944860586));
#7356=CARTESIAN_POINT('',(166.894246662,733.507381728,7.886482836));
#7357=CARTESIAN_POINT('',(166.717854664,733.770727945,7.768218288));
#7358=CARTESIAN_POINT('',(166.644100461,733.911740574,7.70833482));
#7359=CARTESIAN_POINT('',(166.528493573,734.206674718,7.589514332));
#7360=CARTESIAN_POINT('',(166.48664415,734.360587917,7.530580658));
#7361=CARTESIAN_POINT('',(166.436565894,734.675008559,7.416076326));
#7362=CARTESIAN_POINT('',(166.428338473,734.835507138,7.360508892));
#7363=CARTESIAN_POINT('',(166.437091213,734.996010242,7.307762247));
#7364=CARTESIAN_POINT('',(168.898044026,732.665013738,8.627070934));
#7365=CARTESIAN_POINT('',(168.73041373,732.655685166,8.60217778));
#7366=CARTESIAN_POINT('',(168.562788227,732.662605693,8.57119671));
#7367=CARTESIAN_POINT('',(168.234456699,732.708659356,8.498335757));
#7368=CARTESIAN_POINT('',(168.073760069,732.747791172,8.456457958));
#7369=CARTESIAN_POINT('',(167.765929363,732.856651284,8.363533578));
#7370=CARTESIAN_POINT('',(167.618804096,732.926376462,8.312489656));
#7371=CARTESIAN_POINT('',(167.344198609,733.093542372,8.20334174));
#7372=CARTESIAN_POINT('',(167.216726246,733.190978319,8.145240869));
#7373=CARTESIAN_POINT('',(166.986697067,733.409539147,8.024379317));
#7374=CARTESIAN_POINT('',(166.884146833,733.530657773,7.961622092));
#7375=CARTESIAN_POINT('',(166.708202567,733.7915781,7.834040479));
#7376=CARTESIAN_POINT('',(166.63481357,733.931372333,7.769219738));
#7377=CARTESIAN_POINT('',(166.520227304,734.223865707,7.64018901));
#7378=CARTESIAN_POINT('',(166.479033316,734.376556476,7.575982711));
#7379=CARTESIAN_POINT('',(166.430541989,734.688531302,7.450833435));
#7380=CARTESIAN_POINT('',(166.42324604,734.847806428,7.389894034));
#7381=CARTESIAN_POINT('',(166.433050334,735.007086114,7.331845113));
#7382=CARTESIAN_POINT('',(168.882483316,732.79568974,8.943731767));
#7383=CARTESIAN_POINT('',(168.712989365,732.783734947,8.919337946));
#7384=CARTESIAN_POINT('',(168.543500482,732.787743273,8.887124009));
#7385=CARTESIAN_POINT('',(168.211677103,732.827515978,8.808413411));
#7386=CARTESIAN_POINT('',(168.049352536,732.863279163,8.761919102));
#7387=CARTESIAN_POINT('',(167.738719976,732.965050159,8.656610578));
#7388=CARTESIAN_POINT('',(167.590421277,733.031054919,8.597799508));
#7389=CARTESIAN_POINT('',(167.314110282,733.190518906,8.470339787));
#7390=CARTESIAN_POINT('',(167.186106254,733.283973355,8.401694941));
#7391=CARTESIAN_POINT('',(166.955797092,733.494385821,8.257464717));
#7392=CARTESIAN_POINT('',(166.853498851,733.611337536,8.181883642));
#7393=CARTESIAN_POINT('',(166.678927668,733.863799948,8.026970468));
#7394=CARTESIAN_POINT('',(166.606659953,733.999303085,7.947642989));
#7395=CARTESIAN_POINT('',(166.495207276,734.283139132,7.788584386));
#7396=CARTESIAN_POINT('',(166.456025653,734.431463541,7.708858005));
#7397=CARTESIAN_POINT('',(166.412404424,734.734670513,7.552365616));
#7398=CARTESIAN_POINT('',(166.407966126,734.889543995,7.475604274));
#7399=CARTESIAN_POINT('',(166.420994288,735.044422116,7.401942492));
#7400=CARTESIAN_POINT('',(168.872133638,732.902257673,9.143943939));
#7401=CARTESIAN_POINT('',(168.701317618,732.88866786,9.120303252));
#7402=CARTESIAN_POINT('',(168.530506858,732.890743642,9.087689716));
#7403=CARTESIAN_POINT('',(168.196206237,732.926136377,9.005912917));
#7404=CARTESIAN_POINT('',(168.03272669,732.959452235,8.956752176));
#7405=CARTESIAN_POINT('',(167.720105819,733.05589522,8.843988762));
#7406=CARTESIAN_POINT('',(167.57097414,733.119019366,8.780389564));
#7407=CARTESIAN_POINT('',(167.29345107,733.272368908,8.641475542));
#7408=CARTESIAN_POINT('',(167.165068244,733.362589566,8.566164995));
#7409=CARTESIAN_POINT('',(166.934554974,733.566258389,8.407056223));
#7410=CARTESIAN_POINT('',(166.832431644,733.679700262,8.323262893));
#7411=CARTESIAN_POINT('',(166.658822945,733.924940409,8.150779797));
#7412=CARTESIAN_POINT('',(166.587342934,734.056731105,8.062095336));
#7413=CARTESIAN_POINT('',(166.478091719,734.333009593,7.883630627));
#7414=CARTESIAN_POINT('',(166.440323889,734.47748885,7.793855867));
#7415=CARTESIAN_POINT('',(166.400121342,734.772939963,7.617057777));
#7416=CARTESIAN_POINT('',(166.397687869,734.923902692,7.530039883));
#7417=CARTESIAN_POINT('',(166.412974962,735.074870084,7.446262187));
#7418=CARTESIAN_POINT('',(168.851751521,733.153907943,9.522966161));
#7419=CARTESIAN_POINT('',(168.678174094,733.137628,9.501618972));
#7420=CARTESIAN_POINT('',(168.504602349,733.136165703,9.469007467));
#7421=CARTESIAN_POINT('',(168.165127761,733.162939755,9.382694734));
#7422=CARTESIAN_POINT('',(167.999236051,733.191175221,9.328996336));
#7423=CARTESIAN_POINT('',(167.682462591,733.276095534,9.202883293));
#7424=CARTESIAN_POINT('',(167.531591229,733.33277759,9.13047278));
#7425=CARTESIAN_POINT('',(167.251535516,733.472082412,8.970135809));
#7426=CARTESIAN_POINT('',(167.12236035,733.554700601,8.8822146));
#7427=CARTESIAN_POINT('',(166.891414692,733.742220695,8.694741896));
#7428=CARTESIAN_POINT('',(166.789651774,733.84711644,8.595196536));
#7429=CARTESIAN_POINT('',(166.618035934,734.074548229,8.388874813));
#7430=CARTESIAN_POINT('',(166.548188642,734.197076803,8.282105202));
#7431=CARTESIAN_POINT('',(166.443497701,734.454349968,8.066053474));
#7432=CARTESIAN_POINT('',(166.408657488,734.58908611,7.956778427));
#7433=CARTESIAN_POINT('',(166.375525788,734.864809384,7.740545042));
#7434=CARTESIAN_POINT('',(166.37723539,735.00578746,7.633593778));
#7435=CARTESIAN_POINT('',(166.397183412,735.146770166,7.530164143));
#7436=CARTESIAN_POINT('',(168.841652111,733.30058628,9.702862212));
#7437=CARTESIAN_POINT('',(168.666622841,733.283254254,9.683077075));
#7438=CARTESIAN_POINT('',(168.491599462,733.280181623,9.650880519));
#7439=CARTESIAN_POINT('',(168.149404633,733.302692013,9.563107437));
#7440=CARTESIAN_POINT('',(167.982244756,733.328274268,9.50753388));
#7441=CARTESIAN_POINT('',(167.663288056,733.406945177,9.375501494));
#7442=CARTESIAN_POINT('',(167.51150202,733.460031162,9.299047128));
#7443=CARTESIAN_POINT('',(167.230114025,733.591323526,9.128684942));
#7444=CARTESIAN_POINT('',(167.100521584,733.669525455,9.034782877));
#7445=CARTESIAN_POINT('',(166.869345302,733.847534251,8.833740161));
#7446=CARTESIAN_POINT('',(166.767769281,733.947335086,8.726606298));
#7447=CARTESIAN_POINT('',(166.597192208,734.164054866,8.503908717));
#7448=CARTESIAN_POINT('',(166.528196928,734.280966468,8.388352515));
#7449=CARTESIAN_POINT('',(166.425884402,734.526651318,8.153997021));
#7450=CARTESIAN_POINT('',(166.39257062,734.655416243,8.035205638));
#7451=CARTESIAN_POINT('',(166.363121431,734.919017975,7.799711814));
#7452=CARTESIAN_POINT('',(166.366987022,735.053845852,7.68301732));
#7453=CARTESIAN_POINT('',(166.389356882,735.188678294,7.569986308));
#7454=CARTESIAN_POINT('',(168.822939377,733.621678572,10.026016634));
#7455=CARTESIAN_POINT('',(168.645083494,733.603250858,10.009813138));
#7456=CARTESIAN_POINT('',(168.46723395,733.597716197,9.979044358));
#7457=CARTESIAN_POINT('',(168.11974362,733.612687276,9.889794809));
#7458=CARTESIAN_POINT('',(167.950115277,733.633192477,9.831317234));
#7459=CARTESIAN_POINT('',(167.62690952,733.69929549,9.689350752));
#7460=CARTESIAN_POINT('',(167.473343678,733.744890929,9.605866923));
#7461=CARTESIAN_POINT('',(167.189363265,733.859065786,9.41774355));
#7462=CARTESIAN_POINT('',(167.058958862,733.927641107,9.313110734));
#7463=CARTESIAN_POINT('',(166.827331672,734.08460383,9.087521855));
#7464=CARTESIAN_POINT('',(166.72611718,734.1729856,8.966573859));
#7465=CARTESIAN_POINT('',(166.557551442,734.365472809,8.713940732));
#7466=CARTESIAN_POINT('',(166.490206233,734.469571342,8.582264633));
#7467=CARTESIAN_POINT('',(166.392495574,734.688676286,8.314257049));
#7468=CARTESIAN_POINT('',(166.362133625,734.803674838,8.177935147));
#7469=CARTESIAN_POINT('',(166.339796806,735.03925944,7.906932473));
#7470=CARTESIAN_POINT('',(166.34782274,735.15983704,7.77226139));
#7471=CARTESIAN_POINT('',(166.374858732,735.280418963,7.641521123));
#7472=CARTESIAN_POINT('',(168.814226936,733.796962215,10.171190204));
#7473=CARTESIAN_POINT('',(168.634983821,733.778474329,10.157012029));
#7474=CARTESIAN_POINT('',(168.455747289,733.772069428,10.127250993));
#7475=CARTESIAN_POINT('',(168.105658359,733.783724515,10.037953917));
#7476=CARTESIAN_POINT('',(167.934818838,733.801784072,9.978421162));
#7477=CARTESIAN_POINT('',(167.609528539,733.861522386,9.832367414));
#7478=CARTESIAN_POINT('',(167.455089726,733.90319894,9.745851791));
#7479=CARTESIAN_POINT('',(167.169837774,734.008217911,9.549882507));
#7480=CARTESIAN_POINT('',(167.039035127,734.071556457,9.440436049));
#7481=CARTESIAN_POINT('',(166.807185759,734.216930045,9.203729058));
#7482=CARTESIAN_POINT('',(166.706147566,734.298959728,9.076477225));
#7483=CARTESIAN_POINT('',(166.538563509,734.477869451,8.810117295));
#7484=CARTESIAN_POINT('',(166.472023811,734.574742897,8.671018985));
#7485=CARTESIAN_POINT('',(166.376557415,734.778797605,8.387478815));
#7486=CARTESIAN_POINT('',(166.347634232,734.885971345,8.243047371));
#7487=CARTESIAN_POINT('',(166.328759593,735.105600725,7.955603636));
#7488=CARTESIAN_POINT('',(166.338808835,735.218048267,7.812601905));
#7489=CARTESIAN_POINT('',(166.368110489,735.330499955,7.673657795));
#7490=CARTESIAN_POINT('',(168.802416715,734.082658102,10.363796235));
#7491=CARTESIAN_POINT('',(168.621218332,734.064962467,10.352723772));
#7492=CARTESIAN_POINT('',(168.440026854,734.057927576,10.324670207));
#7493=CARTESIAN_POINT('',(168.086275489,734.065513821,10.235935343));
#7494=CARTESIAN_POINT('',(167.9137291,734.080134668,10.17525743));
#7495=CARTESIAN_POINT('',(167.585501532,734.130336074,10.024166541));
#7496=CARTESIAN_POINT('',(167.429832877,734.165914716,9.93375933));
#7497=CARTESIAN_POINT('',(167.142789741,734.256335081,9.727521023));
#7498=CARTESIAN_POINT('',(167.011426212,734.311173351,9.611697795));
#7499=CARTESIAN_POINT('',(166.779263192,734.437496999,9.360151458));
#7500=CARTESIAN_POINT('',(166.678472561,734.508977554,9.224437945));
#7501=CARTESIAN_POINT('',(166.51226696,734.665175309,8.939584337));
#7502=CARTESIAN_POINT('',(166.446858333,734.749886546,8.790455109));
#7503=CARTESIAN_POINT('',(166.354540548,734.928503482,8.485883849));
#7504=CARTESIAN_POINT('',(166.327634913,735.022402361,8.330453436));
#7505=CARTESIAN_POINT('',(166.313610057,735.21491359,8.020694702));
#7506=CARTESIAN_POINT('',(166.326491372,735.31351859,7.866378196));
#7507=CARTESIAN_POINT('',(166.358960229,735.412127354,7.716293875));
#7508=CARTESIAN_POINT('',(168.798680961,734.182128258,10.423937386));
#7509=CARTESIAN_POINT('',(168.616850148,734.164846879,10.413914237));
#7510=CARTESIAN_POINT('',(168.435026335,734.157715235,10.386464204));
#7511=CARTESIAN_POINT('',(168.080090381,734.164092574,10.298023635));
#7512=CARTESIAN_POINT('',(167.90699194,734.177601311,10.237036514));
#7513=CARTESIAN_POINT('',(167.57781443,734.224612441,10.084445946));
#7514=CARTESIAN_POINT('',(167.421748067,734.25811302,9.992848389));
#7515=CARTESIAN_POINT('',(167.134125705,734.343501127,9.783430171));
#7516=CARTESIAN_POINT('',(167.002580809,734.395385358,9.665617592));
#7517=CARTESIAN_POINT('',(166.770316192,734.515051455,9.409420785));
#7518=CARTESIAN_POINT('',(166.669605438,734.582828699,9.271046444));
#7519=CARTESIAN_POINT('',(166.503844711,734.731028389,8.980364623));
#7520=CARTESIAN_POINT('',(166.438801137,734.811445111,8.828068361));
#7521=CARTESIAN_POINT('',(166.34749911,734.981064334,8.516849727));
#7522=CARTESIAN_POINT('',(166.321244182,735.070260283,8.357939366));
#7523=CARTESIAN_POINT('',(166.308782597,735.253156802,8.041117469));
#7524=CARTESIAN_POINT('',(166.322576421,735.346850309,7.883218161));
#7525=CARTESIAN_POINT('',(166.356065044,735.440547433,7.729606755));
#7526=CARTESIAN_POINT('',(168.791838124,734.384525248,10.533025383));
#7527=CARTESIAN_POINT('',(168.608829608,734.368352776,10.525017949));
#7528=CARTESIAN_POINT('',(168.425828289,734.361260418,10.498762318));
#7529=CARTESIAN_POINT('',(168.068686569,734.365578792,10.411024065));
#7530=CARTESIAN_POINT('',(167.894560248,734.376989354,10.349544903));
#7531=CARTESIAN_POINT('',(167.56361419,734.417761352,10.194338479));
#7532=CARTESIAN_POINT('',(167.406807502,734.447121179,10.100617335));
#7533=CARTESIAN_POINT('',(167.118107082,734.522368649,9.885469596));
#7534=CARTESIAN_POINT('',(166.986224732,734.568253324,9.764051482));
#7535=CARTESIAN_POINT('',(166.753771184,734.67432563,9.49939592));
#7536=CARTESIAN_POINT('',(166.65320915,734.734509077,9.356168904));
#7537=CARTESIAN_POINT('',(166.488275965,734.866260203,9.054839688));
#7538=CARTESIAN_POINT('',(166.423911317,734.937822684,8.896749367));
#7539=CARTESIAN_POINT('',(166.33449752,735.088860881,8.573358987));
#7540=CARTESIAN_POINT('',(166.309451896,735.168330637,8.408071676));
#7541=CARTESIAN_POINT('',(166.29989411,735.3313285,8.078302347));
#7542=CARTESIAN_POINT('',(166.315382324,735.414850177,7.913833328));
#7543=CARTESIAN_POINT('',(166.350763388,735.498375147,7.75375493));
#7544=CARTESIAN_POINT('',(168.788708877,734.487890303,10.58231867));
#7545=CARTESIAN_POINT('',(168.60515178,734.472412701,10.575282555));
#7546=CARTESIAN_POINT('',(168.421601991,734.465454535,10.549620275));
#7547=CARTESIAN_POINT('',(168.063432932,734.46891512,10.46229006));
#7548=CARTESIAN_POINT('',(167.888827921,734.479333734,10.400625602));
#7549=CARTESIAN_POINT('',(167.557058357,734.517041316,10.244293331));
#7550=CARTESIAN_POINT('',(167.399907012,734.544328782,10.149631742));
#7551=CARTESIAN_POINT('',(167.110704824,734.614445124,9.93191571));
#7552=CARTESIAN_POINT('',(166.978665495,734.657271205,9.808869933));
#7553=CARTESIAN_POINT('',(166.746124202,734.756378236,9.54037955));
#7554=CARTESIAN_POINT('',(166.645631496,734.812655237,9.394945633));
#7555=CARTESIAN_POINT('',(166.481083456,734.93592168,9.08876444));
#7556=CARTESIAN_POINT('',(166.417034673,735.002906212,8.928029353));
#7557=CARTESIAN_POINT('',(166.328498839,735.144323092,8.599077468));
#7558=CARTESIAN_POINT('',(166.304015312,735.218749807,8.430873765));
#7559=CARTESIAN_POINT('',(166.295806448,735.371423372,8.095180847));
#7560=CARTESIAN_POINT('',(166.312081438,735.449664141,7.927704995));
#7561=CARTESIAN_POINT('',(166.348340643,735.527908026,7.764667067));
#7562=CARTESIAN_POINT('',(168.780250066,734.804400838,10.714700636));
#7563=CARTESIAN_POINT('',(168.595188742,734.791396638,10.710386644));
#7564=CARTESIAN_POINT('',(168.41013498,734.78515693,10.686418753));
#7565=CARTESIAN_POINT('',(168.04914883,734.786513765,10.600355129));
#7566=CARTESIAN_POINT('',(167.873231192,734.79411025,10.538262915));
#7567=CARTESIAN_POINT('',(167.539203499,734.82276473,10.37901318));
#7568=CARTESIAN_POINT('',(167.381107093,734.84382155,10.281862166));
#7569=CARTESIAN_POINT('',(167.09052897,734.898356361,10.057288035));
#7570=CARTESIAN_POINT('',(166.958059128,734.931832117,9.929874093));
#7571=CARTESIAN_POINT('',(166.725276731,735.009550313,9.651061385));
#7572=CARTESIAN_POINT('',(166.624973688,735.053789568,9.499674009));
#7573=CARTESIAN_POINT('',(166.461479977,735.150847934,9.180385447));
#7574=CARTESIAN_POINT('',(166.398295991,735.203663067,9.012497304));
#7575=CARTESIAN_POINT('',(166.312163347,735.315262145,8.668493212));
#7576=CARTESIAN_POINT('',(166.28921821,735.374041515,8.492391314));
#7577=CARTESIAN_POINT('',(166.284699893,735.494662911,8.140651726));
#7578=CARTESIAN_POINT('',(166.3031269,735.556499992,7.965028403));
#7579=CARTESIAN_POINT('',(166.34178697,735.618339607,7.793971698));
#7580=CARTESIAN_POINT('',(168.775827066,735.024357363,10.782542907));
#7581=CARTESIAN_POINT('',(168.589950319,735.01353155,10.779788388));
#7582=CARTESIAN_POINT('',(168.404081273,735.008200083,10.756835009));
#7583=CARTESIAN_POINT('',(168.041568158,735.008790293,10.671668026));
#7584=CARTESIAN_POINT('',(167.864939109,735.014711944,10.609457951));
#7585=CARTESIAN_POINT('',(167.529687785,735.037514565,10.448867091));
#7586=CARTESIAN_POINT('',(167.371079401,735.054394588,10.350492961));
#7587=CARTESIAN_POINT('',(167.079756058,735.098274685,10.122461491));
#7588=CARTESIAN_POINT('',(166.947053172,735.125272935,9.992813599));
#7589=CARTESIAN_POINT('',(166.714140282,735.188046543,9.70867713));
#7590=CARTESIAN_POINT('',(166.61393993,735.223819293,9.554200325));
#7591=CARTESIAN_POINT('',(166.451016296,735.302362121,9.228083323));
#7592=CARTESIAN_POINT('',(166.388299766,735.345128936,9.056456638));
#7593=CARTESIAN_POINT('',(166.303464921,735.43553186,8.704570312));
#7594=CARTESIAN_POINT('',(166.281350122,735.483164214,8.524325251));
#7595=CARTESIAN_POINT('',(166.278821677,735.580927834,8.164161715));
#7596=CARTESIAN_POINT('',(166.298408137,735.63105504,7.984258162));
#7597=CARTESIAN_POINT('',(166.338360122,735.681184329,7.808989545));
#7598=CARTESIAN_POINT('',(168.769806718,735.480382929,10.87445842));
#7599=CARTESIAN_POINT('',(168.582809319,735.474652251,10.873875854));
#7600=CARTESIAN_POINT('',(168.395819815,735.471720518,10.852349754));
#7601=CARTESIAN_POINT('',(168.03120823,735.47160184,10.768487221));
#7602=CARTESIAN_POINT('',(167.853601541,735.4744149,10.706154328));
#7603=CARTESIAN_POINT('',(167.51666877,735.485644772,10.543802685));
#7604=CARTESIAN_POINT('',(167.35735691,735.494061108,10.443790788));
#7605=CARTESIAN_POINT('',(167.065009707,735.516074678,10.211096473));
#7606=CARTESIAN_POINT('',(166.931986705,735.529670979,10.078423879));
#7607=CARTESIAN_POINT('',(166.698894642,735.561361082,9.787062719));
#7608=CARTESIAN_POINT('',(166.598835422,735.57945354,9.628386453));
#7609=CARTESIAN_POINT('',(166.436694806,735.619226377,9.292977818));
#7610=CARTESIAN_POINT('',(166.374620256,735.64090507,9.116259609));
#7611=CARTESIAN_POINT('',(166.291567233,735.686760364,8.753632889));
#7612=CARTESIAN_POINT('',(166.270592267,735.710935021,8.567739686));
#7613=CARTESIAN_POINT('',(166.270794563,735.760566611,8.196089878));
#7614=CARTESIAN_POINT('',(166.291971817,735.78602144,8.01034896));
#7615=CARTESIAN_POINT('',(166.333695707,735.811477348,7.829336351));
#7616=CARTESIAN_POINT('',(168.768278585,735.710892309,10.8975));
#7617=CARTESIAN_POINT('',(168.580989989,735.70800985,10.8975));
#7618=CARTESIAN_POINT('',(168.393709338,735.706534596,10.876365647));
#7619=CARTESIAN_POINT('',(168.02855251,735.706472451,10.792887725));
#7620=CARTESIAN_POINT('',(167.850691823,735.707885564,10.730547696));
#7621=CARTESIAN_POINT('',(167.513322254,735.713529317,10.567790678));
#7622=CARTESIAN_POINT('',(167.353827684,735.717759719,10.467380592));
#7623=CARTESIAN_POINT('',(167.06121461,735.728825497,10.233530937));
#7624=CARTESIAN_POINT('',(166.928108518,735.735660405,10.100101287));
#7625=CARTESIAN_POINT('',(166.69496998,735.751591614,9.806921317));
#7626=CARTESIAN_POINT('',(166.594947424,735.760687241,9.647183433));
#7627=CARTESIAN_POINT('',(166.433009977,735.780682563,9.309419705));
#7628=CARTESIAN_POINT('',(166.371101956,735.791581411,9.131408188));
#7629=CARTESIAN_POINT('',(166.288510836,735.814635108,8.766049762));
#7630=CARTESIAN_POINT('',(166.26783124,735.82678898,8.578718351));
#7631=CARTESIAN_POINT('',(166.268740667,735.851741483,8.204142263));
#7632=CARTESIAN_POINT('',(166.290329652,735.864539055,8.016913476));
#7633=CARTESIAN_POINT('',(166.332511768,735.87733717,7.834436937));
#7634=CARTESIAN_POINT('',(168.768278585,735.943915115,10.8975));
#7635=CARTESIAN_POINT('',(168.580989989,735.943915115,10.8975));
#7636=CARTESIAN_POINT('',(168.393709338,735.943915115,10.876365647));
#7637=CARTESIAN_POINT('',(168.02855251,735.943915115,10.792887725));
#7638=CARTESIAN_POINT('',(167.850691823,735.943915115,10.730547696));
#7639=CARTESIAN_POINT('',(167.513322254,735.943915115,10.567790678));
#7640=CARTESIAN_POINT('',(167.353827684,735.943915115,10.467380592));
#7641=CARTESIAN_POINT('',(167.06121461,735.943915115,10.233530937));
#7642=CARTESIAN_POINT('',(166.928108518,735.943915115,10.100101287));
#7643=CARTESIAN_POINT('',(166.69496998,735.943915115,9.806921317));
#7644=CARTESIAN_POINT('',(166.594947424,735.943915115,9.647183433));
#7645=CARTESIAN_POINT('',(166.433009977,735.943915115,9.309419705));
#7646=CARTESIAN_POINT('',(166.371101956,735.943915115,9.131408188));
#7647=CARTESIAN_POINT('',(166.288510836,735.943915115,8.766049762));
#7648=CARTESIAN_POINT('',(166.26783124,735.943915115,8.578718351));
#7649=CARTESIAN_POINT('',(166.268740667,735.943915115,8.204142263));
#7650=CARTESIAN_POINT('',(166.290329652,735.943915115,8.016913476));
#7651=CARTESIAN_POINT('',(166.332511768,735.943915115,7.834436937));
#7652=B_SPLINE_SURFACE_WITH_KNOTS('',3,3,((#7256,#7257,#7258,#7259,#7260,#7261,#7262,#7263,#7264,#7265,#7266,#7267,#7268,#7269,#7270,#7271,#7272,#7273),(#7274,#7275,#7276,#7277,#7278,#7279,#7280,#7281,#7282,#7283,#7284,#7285,#7286,#7287,#7288,#7289,#7290,#7291),(#7292,#7293,#7294,#7295,#7296,#7297,#7298,#7299,#7300,#7301,#7302,#7303,#7304,#7305,#7306,#7307,#7308,#7309),(#7310,#7311,#7312,#7313,#7314,#7315,#7316,#7317,#7318,#7319,#7320,#7321,#7322,#7323,#7324,#7325,#7326,#7327),(#7328,#7329,#7330,#7331,#7332,#7333,#7334,#7335,#7336,#7337,#7338,#7339,#7340,#7341,#7342,#7343,#7344,#7345),(#7346,#7347,#7348,#7349,#7350,#7351,#7352,#7353,#7354,#7355,#7356,#7357,#7358,#7359,#7360,#7361,#7362,#7363),(#7364,#7365,#7366,#7367,#7368,#7369,#7370,#7371,#7372,#7373,#7374,#7375,#7376,#7377,#7378,#7379,#7380,#7381),(#7382,#7383,#7384,#7385,#7386,#7387,#7388,#7389,#7390,#7391,#7392,#7393,#7394,#7395,#7396,#7397,#7398,#7399),(#7400,#7401,#7402,#7403,#7404,#7405,#7406,#7407,#7408,#7409,#7410,#7411,#7412,#7413,#7414,#7415,#7416,#7417),(#7418,#7419,#7420,#7421,#7422,#7423,#7424,#7425,#7426,#7427,#7428,#7429,#7430,#7431,#7432,#7433,#7434,#7435),(#7436,#7437,#7438,#7439,#7440,#7441,#7442,#7443,#7444,#7445,#7446,#7447,#7448,#7449,#7450,#7451,#7452,#7453),(#7454,#7455,#7456,#7457,#7458,#7459,#7460,#7461,#7462,#7463,#7464,#7465,#7466,#7467,#7468,#7469,#7470,#7471),(#7472,#7473,#7474,#7475,#7476,#7477,#7478,#7479,#7480,#7481,#7482,#7483,#7484,#7485,#7486,#7487,#7488,#7489),(#7490,#7491,#7492,#7493,#7494,#7495,#7496,#7497,#7498,#7499,#7500,#7501,#7502,#7503,#7504,#7505,#7506,#7507),(#7508,#7509,#7510,#7511,#7512,#7513,#7514,#7515,#7516,#7517,#7518,#7519,#7520,#7521,#7522,#7523,#7524,#7525),(#7526,#7527,#7528,#7529,#7530,#7531,#7532,#7533,#7534,#7535,#7536,#7537,#7538,#7539,#7540,#7541,#7542,#7543),(#7544,#7545,#7546,#7547,#7548,#7549,#7550,#7551,#7552,#7553,#7554,#7555,#7556,#7557,#7558,#7559,#7560,#7561),(#7562,#7563,#7564,#7565,#7566,#7567,#7568,#7569,#7570,#7571,#7572,#7573,#7574,#7575,#7576,#7577,#7578,#7579),(#7580,#7581,#7582,#7583,#7584,#7585,#7586,#7587,#7588,#7589,#7590,#7591,#7592,#7593,#7594,#7595,#7596,#7597),(#7598,#7599,#7600,#7601,#7602,#7603,#7604,#7605,#7606,#7607,#7608,#7609,#7610,#7611,#7612,#7613,#7614,#7615),(#7616,#7617,#7618,#7619,#7620,#7621,#7622,#7623,#7624,#7625,#7626,#7627,#7628,#7629,#7630,#7631,#7632,#7633),(#7634,#7635,#7636,#7637,#7638,#7639,#7640,#7641,#7642,#7643,#7644,#7645,#7646,#7647,#7648,#7649,#7650,#7651)),.UNSPECIFIED.,.F.,.F.,.U.,(4,2,2,2,2,2,2,2,2,2,4),(4,2,2,2,2,2,2,2,4),(0.,0.000196805,0.000295207,0.00039361,0.000590415,0.00078722,0.000984025,0.001082427,0.00118083,0.001377635,0.00157444),(0.,0.125,0.25,0.375,0.5,0.625,0.75,0.875,1.),.UNSPECIFIED.);
#7653=ORIENTED_EDGE('',*,*,#6601,.T.);
#7654=ORIENTED_EDGE('',*,*,#6135,.F.);
#7655=ORIENTED_EDGE('',*,*,#6752,.F.);
#7656=ORIENTED_EDGE('',*,*,#5502,.F.);
#7657=EDGE_LOOP('',(#7653,#7654,#7655,#7656));
#7658=FACE_BOUND('',#7657,.T.);
#7659=ADVANCED_FACE('',(#7658),#7652,.T.);
#7660=CARTESIAN_POINT('',(152.453461777,725.943915115,10.1975));
#7661=DIRECTION('',(0.,1.,-0.));
#7662=DIRECTION('',(1.,-0.,0.));
#7663=AXIS2_PLACEMENT_3D('',#7660,#7661,#7662);
#7664=CYLINDRICAL_SURFACE('',#7663,0.7);
#7665=ORIENTED_EDGE('',*,*,#157,.F.);
#7666=CARTESIAN_POINT('',(152.453461777,749.743915115,10.1975));
#7667=DIRECTION('',(-0.,-1.,0.));
#7668=DIRECTION('',(1.,-0.,0.));
#7669=AXIS2_PLACEMENT_3D('',#7666,#7667,#7668);
#7670=CIRCLE('',#7669,0.7);
#7671=EDGE_CURVE('',#144,#6709,#7670,.T.);
#7672=ORIENTED_EDGE('',*,*,#7671,.T.);
#7673=ORIENTED_EDGE('',*,*,#6714,.F.);
#7674=CARTESIAN_POINT('',(152.453461777,740.443915115,10.1975));
#7675=DIRECTION('',(0.,1.,-0.));
#7676=DIRECTION('',(1.,-0.,0.));
#7677=AXIS2_PLACEMENT_3D('',#7674,#7675,#7676);
#7678=CIRCLE('',#7677,0.7);
#7679=EDGE_CURVE('',#6707,#152,#7678,.T.);
#7680=ORIENTED_EDGE('',*,*,#7679,.T.);
#7681=EDGE_LOOP('',(#7665,#7672,#7673,#7680));
#7682=FACE_BOUND('',#7681,.T.);
#7683=ADVANCED_FACE('',(#7682),#7664,.T.);
#7684=CARTESIAN_POINT('',(157.953473917,750.443915115,6.958931407));
#7685=DIRECTION('',(-0.,-1.,0.));
#7686=DIRECTION('',(0.,-0.,-1.));
#7687=AXIS2_PLACEMENT_3D('',#7684,#7685,#7686);
#7688=PLANE('',#7687);
#7689=CARTESIAN_POINT('',(152.453461777,750.443915115,1.5975));
#7690=VERTEX_POINT('',#7689);
#7691=CARTESIAN_POINT('',(152.453461777,750.443915115,10.1975));
#7692=VERTEX_POINT('',#7691);
#7693=CARTESIAN_POINT('',(152.453461777,750.443915115,1.5975));
#7694=DIRECTION('',(-0.,0.,1.));
#7695=VECTOR('',#7694,8.6);
#7696=LINE('',#7693,#7695);
#7697=EDGE_CURVE('',#7690,#7692,#7696,.T.);
#7698=ORIENTED_EDGE('',*,*,#7697,.T.);
#7699=CARTESIAN_POINT('',(152.453461777,750.443915115,10.1975));
#7700=DIRECTION('',(1.,-0.,0.));
#7701=VECTOR('',#7700,9.773066959);
#7702=LINE('',#7699,#7701);
#7703=EDGE_CURVE('',#7692,#2555,#7702,.T.);
#7704=ORIENTED_EDGE('',*,*,#7703,.T.);
#7705=ORIENTED_EDGE('',*,*,#2560,.T.);
#7706=CARTESIAN_POINT('',(162.226528736,750.443915115,1.5975));
#7707=DIRECTION('',(-1.,0.,-0.));
#7708=VECTOR('',#7707,9.773066959);
#7709=LINE('',#7706,#7708);
#7710=EDGE_CURVE('',#2547,#7690,#7709,.T.);
#7711=ORIENTED_EDGE('',*,*,#7710,.T.);
#7712=EDGE_LOOP('',(#7698,#7704,#7705,#7711));
#7713=FACE_BOUND('',#7712,.T.);
#7714=ADVANCED_FACE('',(#7713),#7688,.F.);
#7715=CARTESIAN_POINT('',(152.453461777,711.443915115,10.1975));
#7716=DIRECTION('',(0.,0.,-1.));
#7717=DIRECTION('',(-1.,0.,-0.));
#7718=AXIS2_PLACEMENT_3D('',#7715,#7716,#7717);
#7719=SPHERICAL_SURFACE('',#7718,0.7);
#7720=ORIENTED_EDGE('',*,*,#6584,.F.);
#7721=ORIENTED_EDGE('',*,*,#6387,.F.);
#7722=CARTESIAN_POINT('',(152.453461777,711.443915115,10.1975));
#7723=DIRECTION('',(0.,0.,-1.));
#7724=DIRECTION('',(-1.,0.,-0.));
#7725=AXIS2_PLACEMENT_3D('',#7722,#7723,#7724);
#7726=CIRCLE('',#7725,0.7);
#7727=EDGE_CURVE('',#6512,#6340,#7726,.T.);
#7728=ORIENTED_EDGE('',*,*,#7727,.F.);
#7729=EDGE_LOOP('',(#7720,#7721,#7728));
#7730=FACE_BOUND('',#7729,.T.);
#7731=ADVANCED_FACE('',(#7730),#7719,.T.);
#7732=CARTESIAN_POINT('',(236.842428736,711.443915115,1.5975));
#7733=DIRECTION('',(1.,-0.,0.));
#7734=DIRECTION('',(-0.,-1.,-0.));
#7735=AXIS2_PLACEMENT_3D('',#7732,#7733,#7734);
#7736=CYLINDRICAL_SURFACE('',#7735,0.7);
#7737=ORIENTED_EDGE('',*,*,#6321,.F.);
#7738=ORIENTED_EDGE('',*,*,#1455,.F.);
#7739=CARTESIAN_POINT('',(152.453461777,711.443915115,1.5975));
#7740=DIRECTION('',(-1.,0.,-0.));
#7741=DIRECTION('',(-0.,0.,1.));
#7742=AXIS2_PLACEMENT_3D('',#7739,#7740,#7741);
#7743=CIRCLE('',#7742,0.7);
#7744=EDGE_CURVE('',#6332,#1442,#7743,.T.);
#7745=ORIENTED_EDGE('',*,*,#7744,.F.);
#7746=ORIENTED_EDGE('',*,*,#6337,.F.);
#7747=EDGE_LOOP('',(#7737,#7738,#7745,#7746));
#7748=FACE_BOUND('',#7747,.T.);
#7749=ADVANCED_FACE('',(#7748),#7736,.T.);
#7750=CARTESIAN_POINT('',(152.453461777,711.443915115,-111.2025));
#7751=DIRECTION('',(0.,-0.,-1.));
#7752=DIRECTION('',(-0.,-1.,0.));
#7753=AXIS2_PLACEMENT_3D('',#7750,#7751,#7752);
#7754=CYLINDRICAL_SURFACE('',#7753,0.7);
#7755=ORIENTED_EDGE('',*,*,#7727,.T.);
#7756=ORIENTED_EDGE('',*,*,#6345,.F.);
#7757=CARTESIAN_POINT('',(152.453461777,711.443915115,1.5975));
#7758=DIRECTION('',(0.,0.,-1.));
#7759=DIRECTION('',(-1.,0.,-0.));
#7760=AXIS2_PLACEMENT_3D('',#7757,#7758,#7759);
#7761=CIRCLE('',#7760,0.7);
#7762=EDGE_CURVE('',#6494,#6332,#7761,.T.);
#7763=ORIENTED_EDGE('',*,*,#7762,.F.);
#7764=ORIENTED_EDGE('',*,*,#6523,.F.);
#7765=EDGE_LOOP('',(#7755,#7756,#7763,#7764));
#7766=FACE_BOUND('',#7765,.T.);
#7767=ADVANCED_FACE('',(#7766),#7754,.T.);
#7768=CARTESIAN_POINT('',(157.953473917,702.143915115,10.1975));
#7769=DIRECTION('',(1.,-0.,0.));
#7770=DIRECTION('',(-0.,-1.,-0.));
#7771=AXIS2_PLACEMENT_3D('',#7768,#7769,#7770);
#7772=CYLINDRICAL_SURFACE('',#7771,0.7);
#7773=CARTESIAN_POINT('',(162.926528736,702.143915115,10.1975));
#7774=DIRECTION('',(0.707106781,-0.707106781,0.));
#7775=DIRECTION('',(0.707106781,0.707106781,0.));
#7776=AXIS2_PLACEMENT_3D('',#7773,#7774,#7775);
#7777=ELLIPSE('',#7776,0.989949494,0.7);
#7778=EDGE_CURVE('',#1681,#5383,#7777,.T.);
#7779=ORIENTED_EDGE('',*,*,#7778,.F.);
#7780=ORIENTED_EDGE('',*,*,#1686,.F.);
#7781=CARTESIAN_POINT('',(152.453461777,702.143915115,10.1975));
#7782=DIRECTION('',(-1.,0.,-0.));
#7783=DIRECTION('',(-0.,0.,1.));
#7784=AXIS2_PLACEMENT_3D('',#7781,#7782,#7783);
#7785=CIRCLE('',#7784,0.7);
#7786=EDGE_CURVE('',#5365,#1673,#7785,.T.);
#7787=ORIENTED_EDGE('',*,*,#7786,.F.);
#7788=ORIENTED_EDGE('',*,*,#5394,.F.);
#7789=EDGE_LOOP('',(#7779,#7780,#7787,#7788));
#7790=FACE_BOUND('',#7789,.T.);
#7791=ADVANCED_FACE('',(#7790),#7772,.T.);
#7792=CARTESIAN_POINT('',(152.453461777,711.443915115,1.5975));
#7793=DIRECTION('',(0.,1.,0.));
#7794=DIRECTION('',(0.,0.,-1.));
#7795=AXIS2_PLACEMENT_3D('',#7792,#7793,#7794);
#7796=SPHERICAL_SURFACE('',#7795,0.7);
#7797=ORIENTED_EDGE('',*,*,#7762,.T.);
#7798=ORIENTED_EDGE('',*,*,#7744,.T.);
#7799=CARTESIAN_POINT('',(152.453461777,711.443915115,1.5975));
#7800=DIRECTION('',(-0.,-1.,-0.));
#7801=DIRECTION('',(0.,0.,-1.));
#7802=AXIS2_PLACEMENT_3D('',#7799,#7800,#7801);
#7803=CIRCLE('',#7802,0.7);
#7804=EDGE_CURVE('',#6494,#1442,#7803,.T.);
#7805=ORIENTED_EDGE('',*,*,#7804,.F.);
#7806=EDGE_LOOP('',(#7797,#7798,#7805));
#7807=FACE_BOUND('',#7806,.T.);
#7808=ADVANCED_FACE('',(#7807),#7796,.T.);
#7809=CARTESIAN_POINT('',(152.453461777,702.143915115,10.1975));
#7810=DIRECTION('',(0.,1.,-0.));
#7811=DIRECTION('',(1.,-0.,0.));
#7812=AXIS2_PLACEMENT_3D('',#7809,#7810,#7811);
#7813=SPHERICAL_SURFACE('',#7812,0.7);
#7814=ORIENTED_EDGE('',*,*,#7786,.T.);
#7815=ORIENTED_EDGE('',*,*,#6576,.F.);
#7816=CARTESIAN_POINT('',(152.453461777,702.143915115,10.1975));
#7817=DIRECTION('',(0.,0.,-1.));
#7818=DIRECTION('',(-1.,0.,-0.));
#7819=AXIS2_PLACEMENT_3D('',#7816,#7817,#7818);
#7820=CIRCLE('',#7819,0.7);
#7821=EDGE_CURVE('',#5365,#6504,#7820,.T.);
#7822=ORIENTED_EDGE('',*,*,#7821,.F.);
#7823=EDGE_LOOP('',(#7814,#7815,#7822));
#7824=FACE_BOUND('',#7823,.T.);
#7825=ADVANCED_FACE('',(#7824),#7813,.T.);
#7826=CARTESIAN_POINT('',(152.453461777,725.943915115,1.5975));
#7827=DIRECTION('',(-0.,-1.,0.));
#7828=DIRECTION('',(-1.,0.,-0.));
#7829=AXIS2_PLACEMENT_3D('',#7826,#7827,#7828);
#7830=CYLINDRICAL_SURFACE('',#7829,0.7);
#7831=ORIENTED_EDGE('',*,*,#7804,.T.);
#7832=ORIENTED_EDGE('',*,*,#1447,.F.);
#7833=CARTESIAN_POINT('',(152.453461777,702.143915115,1.5975));
#7834=DIRECTION('',(0.,-1.,-0.));
#7835=DIRECTION('',(-0.,-0.,1.));
#7836=AXIS2_PLACEMENT_3D('',#7833,#7834,#7835);
#7837=CIRCLE('',#7836,0.7);
#7838=EDGE_CURVE('',#6496,#1434,#7837,.T.);
#7839=ORIENTED_EDGE('',*,*,#7838,.F.);
#7840=ORIENTED_EDGE('',*,*,#6501,.F.);
#7841=EDGE_LOOP('',(#7831,#7832,#7839,#7840));
#7842=FACE_BOUND('',#7841,.T.);
#7843=ADVANCED_FACE('',(#7842),#7830,.T.);
#7844=CARTESIAN_POINT('',(152.453461777,702.143915115,10.8975));
#7845=DIRECTION('',(-0.,0.,1.));
#7846=DIRECTION('',(0.,1.,-0.));
#7847=AXIS2_PLACEMENT_3D('',#7844,#7845,#7846);
#7848=CYLINDRICAL_SURFACE('',#7847,0.7);
#7849=ORIENTED_EDGE('',*,*,#7821,.T.);
#7850=ORIENTED_EDGE('',*,*,#6509,.F.);
#7851=CARTESIAN_POINT('',(152.453461777,702.143915115,1.5975));
#7852=DIRECTION('',(0.,0.,-1.));
#7853=DIRECTION('',(-1.,0.,-0.));
#7854=AXIS2_PLACEMENT_3D('',#7851,#7852,#7853);
#7855=CIRCLE('',#7854,0.7);
#7856=EDGE_CURVE('',#5367,#6496,#7855,.T.);
#7857=ORIENTED_EDGE('',*,*,#7856,.F.);
#7858=ORIENTED_EDGE('',*,*,#5372,.F.);
#7859=EDGE_LOOP('',(#7849,#7850,#7857,#7858));
#7860=FACE_BOUND('',#7859,.T.);
#7861=ADVANCED_FACE('',(#7860),#7848,.T.);
#7862=CARTESIAN_POINT('',(152.453461777,702.143915115,1.5975));
#7863=DIRECTION('',(-1.,0.,-0.));
#7864=DIRECTION('',(-0.,0.,1.));
#7865=AXIS2_PLACEMENT_3D('',#7862,#7863,#7864);
#7866=SPHERICAL_SURFACE('',#7865,0.7);
#7867=ORIENTED_EDGE('',*,*,#7856,.T.);
#7868=ORIENTED_EDGE('',*,*,#7838,.T.);
#7869=CARTESIAN_POINT('',(152.453461777,702.143915115,1.5975));
#7870=DIRECTION('',(1.,-0.,0.));
#7871=DIRECTION('',(-0.,0.,1.));
#7872=AXIS2_PLACEMENT_3D('',#7869,#7870,#7871);
#7873=CIRCLE('',#7872,0.7);
#7874=EDGE_CURVE('',#5367,#1434,#7873,.T.);
#7875=ORIENTED_EDGE('',*,*,#7874,.F.);
#7876=EDGE_LOOP('',(#7867,#7868,#7875));
#7877=FACE_BOUND('',#7876,.T.);
#7878=ADVANCED_FACE('',(#7877),#7866,.T.);
#7879=CARTESIAN_POINT('',(203.126528736,702.143915115,1.5975));
#7880=DIRECTION('',(-1.,0.,-0.));
#7881=DIRECTION('',(0.,1.,0.));
#7882=AXIS2_PLACEMENT_3D('',#7879,#7880,#7881);
#7883=CYLINDRICAL_SURFACE('',#7882,0.7);
#7884=CARTESIAN_POINT('',(162.926528736,702.143915115,1.5975));
#7885=DIRECTION('',(0.707106781,-0.707106781,0.));
#7886=DIRECTION('',(-0.707106781,-0.707106781,-0.));
#7887=AXIS2_PLACEMENT_3D('',#7884,#7885,#7886);
#7888=ELLIPSE('',#7887,0.989949494,0.7);
#7889=EDGE_CURVE('',#5375,#1426,#7888,.T.);
#7890=ORIENTED_EDGE('',*,*,#7889,.F.);
#7891=ORIENTED_EDGE('',*,*,#5380,.F.);
#7892=ORIENTED_EDGE('',*,*,#7874,.T.);
#7893=ORIENTED_EDGE('',*,*,#1439,.F.);
#7894=EDGE_LOOP('',(#7890,#7891,#7892,#7893));
#7895=FACE_BOUND('',#7894,.T.);
#7896=ADVANCED_FACE('',(#7895),#7883,.T.);
#7897=CARTESIAN_POINT('',(157.953473917,749.743915115,10.1975));
#7898=DIRECTION('',(-1.,0.,-0.));
#7899=DIRECTION('',(0.,1.,0.));
#7900=AXIS2_PLACEMENT_3D('',#7897,#7898,#7899);
#7901=CYLINDRICAL_SURFACE('',#7900,0.7);
#7902=CARTESIAN_POINT('',(152.453461777,749.743915115,10.1975));
#7903=DIRECTION('',(-1.,0.,-0.));
#7904=DIRECTION('',(-0.,0.,1.));
#7905=AXIS2_PLACEMENT_3D('',#7902,#7903,#7904);
#7906=CIRCLE('',#7905,0.7);
#7907=EDGE_CURVE('',#144,#7692,#7906,.T.);
#7908=ORIENTED_EDGE('',*,*,#7907,.F.);
#7909=ORIENTED_EDGE('',*,*,#149,.F.);
#7910=ORIENTED_EDGE('',*,*,#5070,.T.);
#7911=ORIENTED_EDGE('',*,*,#7703,.F.);
#7912=EDGE_LOOP('',(#7908,#7909,#7910,#7911));
#7913=FACE_BOUND('',#7912,.T.);
#7914=ADVANCED_FACE('',(#7913),#7901,.T.);
#7915=CARTESIAN_POINT('',(152.453461777,749.743915115,10.1975));
#7916=DIRECTION('',(-0.,-1.,0.));
#7917=DIRECTION('',(-1.,0.,-0.));
#7918=AXIS2_PLACEMENT_3D('',#7915,#7916,#7917);
#7919=SPHERICAL_SURFACE('',#7918,0.7);
#7920=ORIENTED_EDGE('',*,*,#7671,.F.);
#7921=ORIENTED_EDGE('',*,*,#7907,.T.);
#7922=CARTESIAN_POINT('',(152.453461777,749.743915115,10.1975));
#7923=DIRECTION('',(0.,0.,-1.));
#7924=DIRECTION('',(-1.,0.,-0.));
#7925=AXIS2_PLACEMENT_3D('',#7922,#7923,#7924);
#7926=CIRCLE('',#7925,0.7);
#7927=EDGE_CURVE('',#6709,#7692,#7926,.T.);
#7928=ORIENTED_EDGE('',*,*,#7927,.F.);
#7929=EDGE_LOOP('',(#7920,#7921,#7928));
#7930=FACE_BOUND('',#7929,.T.);
#7931=ADVANCED_FACE('',(#7930),#7919,.T.);
#7932=CARTESIAN_POINT('',(152.453461777,740.443915115,10.1975));
#7933=DIRECTION('',(0.,0.,-1.));
#7934=DIRECTION('',(-1.,0.,-0.));
#7935=AXIS2_PLACEMENT_3D('',#7932,#7933,#7934);
#7936=SPHERICAL_SURFACE('',#7935,0.7);
#7937=ORIENTED_EDGE('',*,*,#6694,.F.);
#7938=ORIENTED_EDGE('',*,*,#7679,.F.);
#7939=CARTESIAN_POINT('',(152.453461777,740.443915115,10.1975));
#7940=DIRECTION('',(0.,0.,-1.));
#7941=DIRECTION('',(-1.,0.,-0.));
#7942=AXIS2_PLACEMENT_3D('',#7939,#7940,#7941);
#7943=CIRCLE('',#7942,0.7);
#7944=EDGE_CURVE('',#6210,#6707,#7943,.T.);
#7945=ORIENTED_EDGE('',*,*,#7944,.F.);
#7946=EDGE_LOOP('',(#7937,#7938,#7945));
#7947=FACE_BOUND('',#7946,.T.);
#7948=ADVANCED_FACE('',(#7947),#7936,.T.);
#7949=CARTESIAN_POINT('',(203.126528736,749.743915115,1.5975));
#7950=DIRECTION('',(1.,-0.,0.));
#7951=DIRECTION('',(-0.,-1.,-0.));
#7952=AXIS2_PLACEMENT_3D('',#7949,#7950,#7951);
#7953=CYLINDRICAL_SURFACE('',#7952,0.7);
#7954=ORIENTED_EDGE('',*,*,#5181,.T.);
#7955=ORIENTED_EDGE('',*,*,#1487,.F.);
#7956=CARTESIAN_POINT('',(152.453461777,749.743915115,1.5975));
#7957=DIRECTION('',(-1.,0.,-0.));
#7958=DIRECTION('',(-0.,0.,1.));
#7959=AXIS2_PLACEMENT_3D('',#7956,#7957,#7958);
#7960=CIRCLE('',#7959,0.7);
#7961=EDGE_CURVE('',#7690,#1474,#7960,.T.);
#7962=ORIENTED_EDGE('',*,*,#7961,.F.);
#7963=ORIENTED_EDGE('',*,*,#7710,.F.);
#7964=EDGE_LOOP('',(#7954,#7955,#7962,#7963));
#7965=FACE_BOUND('',#7964,.T.);
#7966=ADVANCED_FACE('',(#7965),#7953,.T.);
#7967=CARTESIAN_POINT('',(152.453461777,749.743915115,10.8975));
#7968=DIRECTION('',(0.,-0.,-1.));
#7969=DIRECTION('',(-0.,-1.,0.));
#7970=AXIS2_PLACEMENT_3D('',#7967,#7968,#7969);
#7971=CYLINDRICAL_SURFACE('',#7970,0.7);
#7972=ORIENTED_EDGE('',*,*,#7927,.T.);
#7973=ORIENTED_EDGE('',*,*,#7697,.F.);
#7974=CARTESIAN_POINT('',(152.453461777,749.743915115,1.5975));
#7975=DIRECTION('',(0.,0.,-1.));
#7976=DIRECTION('',(-1.,0.,-0.));
#7977=AXIS2_PLACEMENT_3D('',#7974,#7975,#7976);
#7978=CIRCLE('',#7977,0.7);
#7979=EDGE_CURVE('',#6717,#7690,#7978,.T.);
#7980=ORIENTED_EDGE('',*,*,#7979,.F.);
#7981=ORIENTED_EDGE('',*,*,#6722,.F.);
#7982=EDGE_LOOP('',(#7972,#7973,#7980,#7981));
#7983=FACE_BOUND('',#7982,.T.);
#7984=ADVANCED_FACE('',(#7983),#7971,.T.);
#7985=CARTESIAN_POINT('',(152.453461777,740.443915115,10.8975));
#7986=DIRECTION('',(-0.,0.,1.));
#7987=DIRECTION('',(0.,1.,-0.));
#7988=AXIS2_PLACEMENT_3D('',#7985,#7986,#7987);
#7989=CYLINDRICAL_SURFACE('',#7988,0.7);
#7990=ORIENTED_EDGE('',*,*,#7944,.T.);
#7991=ORIENTED_EDGE('',*,*,#6736,.F.);
#7992=CARTESIAN_POINT('',(152.453461777,740.443915115,1.5975));
#7993=DIRECTION('',(0.,0.,-1.));
#7994=DIRECTION('',(-1.,0.,-0.));
#7995=AXIS2_PLACEMENT_3D('',#7992,#7993,#7994);
#7996=CIRCLE('',#7995,0.7);
#7997=EDGE_CURVE('',#6212,#6725,#7996,.T.);
#7998=ORIENTED_EDGE('',*,*,#7997,.F.);
#7999=ORIENTED_EDGE('',*,*,#6217,.F.);
#8000=EDGE_LOOP('',(#7990,#7991,#7998,#7999));
#8001=FACE_BOUND('',#8000,.T.);
#8002=ADVANCED_FACE('',(#8001),#7989,.T.);
#8003=CARTESIAN_POINT('',(203.126528736,740.443915115,1.5975));
#8004=DIRECTION('',(-1.,0.,-0.));
#8005=DIRECTION('',(0.,1.,0.));
#8006=AXIS2_PLACEMENT_3D('',#8003,#8004,#8005);
#8007=CYLINDRICAL_SURFACE('',#8006,0.7);
#8008=ORIENTED_EDGE('',*,*,#6298,.F.);
#8009=ORIENTED_EDGE('',*,*,#6225,.F.);
#8010=CARTESIAN_POINT('',(152.453461777,740.443915115,1.5975));
#8011=DIRECTION('',(-1.,0.,-0.));
#8012=DIRECTION('',(-0.,0.,1.));
#8013=AXIS2_PLACEMENT_3D('',#8010,#8011,#8012);
#8014=CIRCLE('',#8013,0.7);
#8015=EDGE_CURVE('',#1466,#6212,#8014,.T.);
#8016=ORIENTED_EDGE('',*,*,#8015,.F.);
#8017=ORIENTED_EDGE('',*,*,#1471,.F.);
#8018=EDGE_LOOP('',(#8008,#8009,#8016,#8017));
#8019=FACE_BOUND('',#8018,.T.);
#8020=ADVANCED_FACE('',(#8019),#8007,.T.);
#8021=CARTESIAN_POINT('',(152.453461777,749.743915115,1.5975));
#8022=DIRECTION('',(0.,1.,0.));
#8023=DIRECTION('',(0.,0.,-1.));
#8024=AXIS2_PLACEMENT_3D('',#8021,#8022,#8023);
#8025=SPHERICAL_SURFACE('',#8024,0.7);
#8026=ORIENTED_EDGE('',*,*,#7979,.T.);
#8027=ORIENTED_EDGE('',*,*,#7961,.T.);
#8028=CARTESIAN_POINT('',(152.453461777,749.743915115,1.5975));
#8029=DIRECTION('',(0.,-1.,0.));
#8030=DIRECTION('',(1.,0.,0.));
#8031=AXIS2_PLACEMENT_3D('',#8028,#8029,#8030);
#8032=CIRCLE('',#8031,0.7);
#8033=EDGE_CURVE('',#6717,#1474,#8032,.T.);
#8034=ORIENTED_EDGE('',*,*,#8033,.F.);
#8035=EDGE_LOOP('',(#8026,#8027,#8034));
#8036=FACE_BOUND('',#8035,.T.);
#8037=ADVANCED_FACE('',(#8036),#8025,.T.);
#8038=CARTESIAN_POINT('',(152.453461777,740.443915115,1.5975));
#8039=DIRECTION('',(0.,-1.,0.));
#8040=DIRECTION('',(-0.,0.,1.));
#8041=AXIS2_PLACEMENT_3D('',#8038,#8039,#8040);
#8042=SPHERICAL_SURFACE('',#8041,0.7);
#8043=ORIENTED_EDGE('',*,*,#8015,.T.);
#8044=ORIENTED_EDGE('',*,*,#7997,.T.);
#8045=CARTESIAN_POINT('',(152.453461777,740.443915115,1.5975));
#8046=DIRECTION('',(-0.,1.,-0.));
#8047=DIRECTION('',(-0.,0.,1.));
#8048=AXIS2_PLACEMENT_3D('',#8045,#8046,#8047);
#8049=CIRCLE('',#8048,0.7);
#8050=EDGE_CURVE('',#1466,#6725,#8049,.T.);
#8051=ORIENTED_EDGE('',*,*,#8050,.F.);
#8052=EDGE_LOOP('',(#8043,#8044,#8051));
#8053=FACE_BOUND('',#8052,.T.);
#8054=ADVANCED_FACE('',(#8053),#8042,.T.);
#8055=CARTESIAN_POINT('',(152.453461777,725.943915115,1.5975));
#8056=DIRECTION('',(-0.,-1.,0.));
#8057=DIRECTION('',(-1.,0.,-0.));
#8058=AXIS2_PLACEMENT_3D('',#8055,#8056,#8057);
#8059=CYLINDRICAL_SURFACE('',#8058,0.7);
#8060=ORIENTED_EDGE('',*,*,#8033,.T.);
#8061=ORIENTED_EDGE('',*,*,#1479,.F.);
#8062=ORIENTED_EDGE('',*,*,#8050,.T.);
#8063=ORIENTED_EDGE('',*,*,#6730,.F.);
#8064=EDGE_LOOP('',(#8060,#8061,#8062,#8063));
#8065=FACE_BOUND('',#8064,.T.);
#8066=ADVANCED_FACE('',(#8065),#8059,.T.);
#8067=CARTESIAN_POINT('',(186.726528736,690.970848156,10.8975));
#8068=DIRECTION('',(0.,1.,-0.));
#8069=DIRECTION('',(1.,-0.,0.));
#8070=AXIS2_PLACEMENT_3D('',#8067,#8068,#8069);
#8071=PLANE('',#8070);
#8072=CARTESIAN_POINT('',(201.226528736,690.970848156,10.1975));
#8073=VERTEX_POINT('',#8072);
#8074=CARTESIAN_POINT('',(201.226528736,690.970848156,1.5975));
#8075=VERTEX_POINT('',#8074);
#8076=CARTESIAN_POINT('',(201.226528736,690.970848156,10.1975));
#8077=DIRECTION('',(0.,-0.,-1.));
#8078=VECTOR('',#8077,8.6);
#8079=LINE('',#8076,#8078);
#8080=EDGE_CURVE('',#8073,#8075,#8079,.T.);
#8081=ORIENTED_EDGE('',*,*,#8080,.T.);
#8082=CARTESIAN_POINT('',(210.526528736,690.970848156,1.5975));
#8083=VERTEX_POINT('',#8082);
#8084=CARTESIAN_POINT('',(201.226528736,690.970848156,1.5975));
#8085=DIRECTION('',(1.,-0.,0.));
#8086=VECTOR('',#8085,9.3);
#8087=LINE('',#8084,#8086);
#8088=EDGE_CURVE('',#8075,#8083,#8087,.T.);
#8089=ORIENTED_EDGE('',*,*,#8088,.T.);
#8090=CARTESIAN_POINT('',(210.526528736,690.970848156,10.1975));
#8091=VERTEX_POINT('',#8090);
#8092=CARTESIAN_POINT('',(210.526528736,690.970848156,1.5975));
#8093=DIRECTION('',(-0.,0.,1.));
#8094=VECTOR('',#8093,8.6);
#8095=LINE('',#8092,#8094);
#8096=EDGE_CURVE('',#8083,#8091,#8095,.T.);
#8097=ORIENTED_EDGE('',*,*,#8096,.T.);
#8098=CARTESIAN_POINT('',(210.526528736,690.970848156,10.1975));
#8099=DIRECTION('',(-1.,0.,-0.));
#8100=VECTOR('',#8099,9.3);
#8101=LINE('',#8098,#8100);
#8102=EDGE_CURVE('',#8091,#8073,#8101,.T.);
#8103=ORIENTED_EDGE('',*,*,#8102,.T.);
#8104=EDGE_LOOP('',(#8081,#8089,#8097,#8103));
#8105=FACE_BOUND('',#8104,.T.);
#8106=ADVANCED_FACE('',(#8105),#8071,.F.);
#8107=OVER_RIDING_STYLED_ITEM('',(#222),#8106,#54);
#8108=CARTESIAN_POINT('',(200.526528736,776.059815115,-111.2025));
#8109=DIRECTION('',(-1.,0.,-0.));
#8110=DIRECTION('',(-0.,-1.,0.));
#8111=AXIS2_PLACEMENT_3D('',#8108,#8109,#8110);
#8112=PLANE('',#8111);
#8113=CARTESIAN_POINT('',(200.526528736,691.670848156,1.5975));
#8114=VERTEX_POINT('',#8113);
#8115=CARTESIAN_POINT('',(200.526528736,691.670848156,10.1975));
#8116=VERTEX_POINT('',#8115);
#8117=CARTESIAN_POINT('',(200.526528736,691.670848156,1.5975));
#8118=DIRECTION('',(-0.,0.,1.));
#8119=VECTOR('',#8118,8.6);
#8120=LINE('',#8117,#8119);
#8121=EDGE_CURVE('',#8114,#8116,#8120,.T.);
#8122=ORIENTED_EDGE('',*,*,#8121,.T.);
#8123=CARTESIAN_POINT('',(200.526528736,705.08034827,10.1975));
#8124=VERTEX_POINT('',#8123);
#8125=CARTESIAN_POINT('',(200.526528736,691.670848156,10.1975));
#8126=DIRECTION('',(0.,1.,-0.));
#8127=VECTOR('',#8126,13.409500114);
#8128=LINE('',#8125,#8127);
#8129=EDGE_CURVE('',#8116,#8124,#8128,.T.);
#8130=ORIENTED_EDGE('',*,*,#8129,.T.);
#8131=CARTESIAN_POINT('',(200.526528736,705.08034827,1.5975));
#8132=VERTEX_POINT('',#8131);
#8133=CARTESIAN_POINT('',(200.526528736,705.08034827,10.1975));
#8134=DIRECTION('',(0.,-0.,-1.));
#8135=VECTOR('',#8134,8.6);
#8136=LINE('',#8133,#8135);
#8137=EDGE_CURVE('',#8124,#8132,#8136,.T.);
#8138=ORIENTED_EDGE('',*,*,#8137,.T.);
#8139=CARTESIAN_POINT('',(200.526528736,705.08034827,1.5975));
#8140=DIRECTION('',(-0.,-1.,0.));
#8141=VECTOR('',#8140,13.409500114);
#8142=LINE('',#8139,#8141);
#8143=EDGE_CURVE('',#8132,#8114,#8142,.T.);
#8144=ORIENTED_EDGE('',*,*,#8143,.T.);
#8145=EDGE_LOOP('',(#8122,#8130,#8138,#8144));
#8146=FACE_BOUND('',#8145,.T.);
#8147=ADVANCED_FACE('',(#8146),#8112,.T.);
#8148=CARTESIAN_POINT('',(162.226528736,697.170860297,6.958931407));
#8149=DIRECTION('',(1.,-0.,0.));
#8150=DIRECTION('',(0.,-0.,-1.));
#8151=AXIS2_PLACEMENT_3D('',#8148,#8149,#8150);
#8152=PLANE('',#8151);
#8153=ORIENTED_EDGE('',*,*,#5388,.T.);
#8154=CARTESIAN_POINT('',(162.226528736,691.670848156,1.5975));
#8155=VERTEX_POINT('',#8154);
#8156=CARTESIAN_POINT('',(162.226528736,701.443915115,1.5975));
#8157=DIRECTION('',(-0.,-1.,0.));
#8158=VECTOR('',#8157,9.773066959);
#8159=LINE('',#8156,#8158);
#8160=EDGE_CURVE('',#5375,#8155,#8159,.T.);
#8161=ORIENTED_EDGE('',*,*,#8160,.T.);
#8162=CARTESIAN_POINT('',(162.226528736,691.670848156,10.1975));
#8163=VERTEX_POINT('',#8162);
#8164=CARTESIAN_POINT('',(162.226528736,691.670848156,1.5975));
#8165=DIRECTION('',(-0.,0.,1.));
#8166=VECTOR('',#8165,8.6);
#8167=LINE('',#8164,#8166);
#8168=EDGE_CURVE('',#8155,#8163,#8167,.T.);
#8169=ORIENTED_EDGE('',*,*,#8168,.T.);
#8170=CARTESIAN_POINT('',(162.226528736,691.670848156,10.1975));
#8171=DIRECTION('',(0.,1.,-0.));
#8172=VECTOR('',#8171,9.773066959);
#8173=LINE('',#8170,#8172);
#8174=EDGE_CURVE('',#8163,#5383,#8173,.T.);
#8175=ORIENTED_EDGE('',*,*,#8174,.T.);
#8176=EDGE_LOOP('',(#8153,#8161,#8169,#8175));
#8177=FACE_BOUND('',#8176,.T.);
#8178=ADVANCED_FACE('',(#8177),#8152,.F.);
#8179=CARTESIAN_POINT('',(186.726528736,690.970848156,10.8975));
#8180=DIRECTION('',(0.,1.,-0.));
#8181=DIRECTION('',(1.,-0.,0.));
#8182=AXIS2_PLACEMENT_3D('',#8179,#8180,#8181);
#8183=PLANE('',#8182);
#8184=CARTESIAN_POINT('',(162.926528736,690.970848156,1.5975));
#8185=VERTEX_POINT('',#8184);
#8186=CARTESIAN_POINT('',(172.226528736,690.970848156,1.5975));
#8187=VERTEX_POINT('',#8186);
#8188=CARTESIAN_POINT('',(162.926528736,690.970848156,1.5975));
#8189=DIRECTION('',(1.,-0.,0.));
#8190=VECTOR('',#8189,9.3);
#8191=LINE('',#8188,#8190);
#8192=EDGE_CURVE('',#8185,#8187,#8191,.T.);
#8193=ORIENTED_EDGE('',*,*,#8192,.T.);
#8194=CARTESIAN_POINT('',(172.226528736,690.970848156,10.1975));
#8195=VERTEX_POINT('',#8194);
#8196=CARTESIAN_POINT('',(172.226528736,690.970848156,1.5975));
#8197=DIRECTION('',(-0.,0.,1.));
#8198=VECTOR('',#8197,8.6);
#8199=LINE('',#8196,#8198);
#8200=EDGE_CURVE('',#8187,#8195,#8199,.T.);
#8201=ORIENTED_EDGE('',*,*,#8200,.T.);
#8202=CARTESIAN_POINT('',(162.926528736,690.970848156,10.1975));
#8203=VERTEX_POINT('',#8202);
#8204=CARTESIAN_POINT('',(172.226528736,690.970848156,10.1975));
#8205=DIRECTION('',(-1.,0.,-0.));
#8206=VECTOR('',#8205,9.3);
#8207=LINE('',#8204,#8206);
#8208=EDGE_CURVE('',#8195,#8203,#8207,.T.);
#8209=ORIENTED_EDGE('',*,*,#8208,.T.);
#8210=CARTESIAN_POINT('',(162.926528736,690.970848156,10.1975));
#8211=DIRECTION('',(0.,-0.,-1.));
#8212=VECTOR('',#8211,8.6);
#8213=LINE('',#8210,#8212);
#8214=EDGE_CURVE('',#8203,#8185,#8213,.T.);
#8215=ORIENTED_EDGE('',*,*,#8214,.T.);
#8216=EDGE_LOOP('',(#8193,#8201,#8209,#8215));
#8217=FACE_BOUND('',#8216,.T.);
#8218=ADVANCED_FACE('',(#8217),#8183,.F.);
#8219=OVER_RIDING_STYLED_ITEM('',(#222),#8218,#54);
#8220=CARTESIAN_POINT('',(172.926528736,776.059815115,-111.2025));
#8221=DIRECTION('',(-1.,0.,-0.));
#8222=DIRECTION('',(-0.,-1.,0.));
#8223=AXIS2_PLACEMENT_3D('',#8220,#8221,#8222);
#8224=PLANE('',#8223);
#8225=CARTESIAN_POINT('',(172.926528736,705.08034827,10.1975));
#8226=VERTEX_POINT('',#8225);
#8227=CARTESIAN_POINT('',(172.926528736,705.08034827,1.5975));
#8228=VERTEX_POINT('',#8227);
#8229=CARTESIAN_POINT('',(172.926528736,705.08034827,10.1975));
#8230=DIRECTION('',(0.,-0.,-1.));
#8231=VECTOR('',#8230,8.6);
#8232=LINE('',#8229,#8231);
#8233=EDGE_CURVE('',#8226,#8228,#8232,.T.);
#8234=ORIENTED_EDGE('',*,*,#8233,.F.);
#8235=CARTESIAN_POINT('',(172.926528736,691.670848156,10.1975));
#8236=VERTEX_POINT('',#8235);
#8237=CARTESIAN_POINT('',(172.926528736,705.08034827,10.1975));
#8238=DIRECTION('',(-0.,-1.,0.));
#8239=VECTOR('',#8238,13.409500114);
#8240=LINE('',#8237,#8239);
#8241=EDGE_CURVE('',#8226,#8236,#8240,.T.);
#8242=ORIENTED_EDGE('',*,*,#8241,.T.);
#8243=CARTESIAN_POINT('',(172.926528736,691.670848156,1.5975));
#8244=VERTEX_POINT('',#8243);
#8245=CARTESIAN_POINT('',(172.926528736,691.670848156,10.1975));
#8246=DIRECTION('',(0.,-0.,-1.));
#8247=VECTOR('',#8246,8.6);
#8248=LINE('',#8245,#8247);
#8249=EDGE_CURVE('',#8236,#8244,#8248,.T.);
#8250=ORIENTED_EDGE('',*,*,#8249,.T.);
#8251=CARTESIAN_POINT('',(172.926528736,691.670848156,1.5975));
#8252=DIRECTION('',(0.,1.,-0.));
#8253=VECTOR('',#8252,13.409500114);
#8254=LINE('',#8251,#8253);
#8255=EDGE_CURVE('',#8244,#8228,#8254,.T.);
#8256=ORIENTED_EDGE('',*,*,#8255,.T.);
#8257=EDGE_LOOP('',(#8234,#8242,#8250,#8256));
#8258=FACE_BOUND('',#8257,.T.);
#8259=ADVANCED_FACE('',(#8258),#8224,.F.);
#8260=CARTESIAN_POINT('',(211.226528736,697.170860297,6.958931407));
#8261=DIRECTION('',(-1.,0.,-0.));
#8262=DIRECTION('',(-0.,0.,1.));
#8263=AXIS2_PLACEMENT_3D('',#8260,#8261,#8262);
#8264=PLANE('',#8263);
#8265=ORIENTED_EDGE('',*,*,#1905,.F.);
#8266=CARTESIAN_POINT('',(211.226528736,691.670848156,10.1975));
#8267=VERTEX_POINT('',#8266);
#8268=CARTESIAN_POINT('',(211.226528736,701.443915115,10.1975));
#8269=DIRECTION('',(-0.,-1.,0.));
#8270=VECTOR('',#8269,9.773066959);
#8271=LINE('',#8268,#8270);
#8272=EDGE_CURVE('',#1898,#8267,#8271,.T.);
#8273=ORIENTED_EDGE('',*,*,#8272,.T.);
#8274=CARTESIAN_POINT('',(211.226528736,691.670848156,1.5975));
#8275=VERTEX_POINT('',#8274);
#8276=CARTESIAN_POINT('',(211.226528736,691.670848156,10.1975));
#8277=DIRECTION('',(0.,-0.,-1.));
#8278=VECTOR('',#8277,8.6);
#8279=LINE('',#8276,#8278);
#8280=EDGE_CURVE('',#8267,#8275,#8279,.T.);
#8281=ORIENTED_EDGE('',*,*,#8280,.T.);
#8282=CARTESIAN_POINT('',(211.226528736,691.670848156,1.5975));
#8283=DIRECTION('',(0.,1.,-0.));
#8284=VECTOR('',#8283,9.773066959);
#8285=LINE('',#8282,#8284);
#8286=EDGE_CURVE('',#8275,#1900,#8285,.T.);
#8287=ORIENTED_EDGE('',*,*,#8286,.T.);
#8288=EDGE_LOOP('',(#8265,#8273,#8281,#8287));
#8289=FACE_BOUND('',#8288,.T.);
#8290=ADVANCED_FACE('',(#8289),#8264,.F.);
#8291=CARTESIAN_POINT('',(186.726528736,705.08034827,15.8975));
#8292=DIRECTION('',(-0.,-1.,0.));
#8293=DIRECTION('',(-1.,0.,-0.));
#8294=AXIS2_PLACEMENT_3D('',#8291,#8292,#8293);
#8295=PLANE('',#8294);
#8296=ORIENTED_EDGE('',*,*,#8137,.F.);
#8297=CARTESIAN_POINT('',(200.526528736,705.08034827,10.1975));
#8298=DIRECTION('',(-1.,0.,-0.));
#8299=VECTOR('',#8298,27.6);
#8300=LINE('',#8297,#8299);
#8301=EDGE_CURVE('',#8124,#8226,#8300,.T.);
#8302=ORIENTED_EDGE('',*,*,#8301,.T.);
#8303=ORIENTED_EDGE('',*,*,#8233,.T.);
#8304=CARTESIAN_POINT('',(172.926528736,705.08034827,1.5975));
#8305=DIRECTION('',(1.,-0.,0.));
#8306=VECTOR('',#8305,27.6);
#8307=LINE('',#8304,#8306);
#8308=EDGE_CURVE('',#8228,#8132,#8307,.T.);
#8309=ORIENTED_EDGE('',*,*,#8308,.T.);
#8310=EDGE_LOOP('',(#8296,#8302,#8303,#8309));
#8311=FACE_BOUND('',#8310,.T.);
#8312=ADVANCED_FACE('',(#8311),#8295,.T.);
#8313=CARTESIAN_POINT('',(162.926528736,742.343915115,1.5975));
#8314=DIRECTION('',(0.,1.,-0.));
#8315=DIRECTION('',(1.,-0.,0.));
#8316=AXIS2_PLACEMENT_3D('',#8313,#8314,#8315);
#8317=CYLINDRICAL_SURFACE('',#8316,0.7);
#8318=ORIENTED_EDGE('',*,*,#8160,.F.);
#8319=ORIENTED_EDGE('',*,*,#7889,.T.);
#8320=ORIENTED_EDGE('',*,*,#1431,.F.);
#8321=CARTESIAN_POINT('',(162.926528736,691.670848156,1.5975));
#8322=DIRECTION('',(0.,-1.,0.));
#8323=DIRECTION('',(-0.,0.,1.));
#8324=AXIS2_PLACEMENT_3D('',#8321,#8322,#8323);
#8325=CIRCLE('',#8324,0.7);
#8326=EDGE_CURVE('',#8155,#1418,#8325,.T.);
#8327=ORIENTED_EDGE('',*,*,#8326,.F.);
#8328=EDGE_LOOP('',(#8318,#8319,#8320,#8327));
#8329=FACE_BOUND('',#8328,.T.);
#8330=ADVANCED_FACE('',(#8329),#8317,.T.);
#8331=CARTESIAN_POINT('',(162.926528736,691.670848156,10.8975));
#8332=DIRECTION('',(0.,-0.,-1.));
#8333=DIRECTION('',(1.,-0.,0.));
#8334=AXIS2_PLACEMENT_3D('',#8331,#8332,#8333);
#8335=CYLINDRICAL_SURFACE('',#8334,0.7);
#8336=CARTESIAN_POINT('',(162.926528736,691.670848156,10.1975));
#8337=DIRECTION('',(-0.,0.,1.));
#8338=DIRECTION('',(-0.,1.,-0.));
#8339=AXIS2_PLACEMENT_3D('',#8336,#8337,#8338);
#8340=CIRCLE('',#8339,0.7);
#8341=EDGE_CURVE('',#8163,#8203,#8340,.T.);
#8342=ORIENTED_EDGE('',*,*,#8341,.F.);
#8343=ORIENTED_EDGE('',*,*,#8168,.F.);
#8344=CARTESIAN_POINT('',(162.926528736,691.670848156,1.5975));
#8345=DIRECTION('',(0.,-0.,-1.));
#8346=DIRECTION('',(0.,-1.,0.));
#8347=AXIS2_PLACEMENT_3D('',#8344,#8345,#8346);
#8348=CIRCLE('',#8347,0.7);
#8349=EDGE_CURVE('',#8185,#8155,#8348,.T.);
#8350=ORIENTED_EDGE('',*,*,#8349,.F.);
#8351=ORIENTED_EDGE('',*,*,#8214,.F.);
#8352=EDGE_LOOP('',(#8342,#8343,#8350,#8351));
#8353=FACE_BOUND('',#8352,.T.);
#8354=ADVANCED_FACE('',(#8353),#8335,.T.);
#8355=CARTESIAN_POINT('',(162.926528736,714.659537729,10.1975));
#8356=DIRECTION('',(0.,1.,-0.));
#8357=DIRECTION('',(1.,-0.,0.));
#8358=AXIS2_PLACEMENT_3D('',#8355,#8356,#8357);
#8359=CYLINDRICAL_SURFACE('',#8358,0.7);
#8360=ORIENTED_EDGE('',*,*,#1694,.F.);
#8361=ORIENTED_EDGE('',*,*,#7778,.T.);
#8362=ORIENTED_EDGE('',*,*,#8174,.F.);
#8363=CARTESIAN_POINT('',(162.926528736,691.670848156,10.1975));
#8364=DIRECTION('',(0.,-1.,0.));
#8365=DIRECTION('',(-0.,0.,1.));
#8366=AXIS2_PLACEMENT_3D('',#8363,#8364,#8365);
#8367=CIRCLE('',#8366,0.7);
#8368=EDGE_CURVE('',#1689,#8163,#8367,.T.);
#8369=ORIENTED_EDGE('',*,*,#8368,.F.);
#8370=EDGE_LOOP('',(#8360,#8361,#8362,#8369));
#8371=FACE_BOUND('',#8370,.T.);
#8372=ADVANCED_FACE('',(#8371),#8359,.T.);
#8373=CARTESIAN_POINT('',(162.926528736,691.670848156,1.5975));
#8374=DIRECTION('',(-1.,0.,-0.));
#8375=DIRECTION('',(0.,-0.,-1.));
#8376=AXIS2_PLACEMENT_3D('',#8373,#8374,#8375);
#8377=SPHERICAL_SURFACE('',#8376,0.7);
#8378=ORIENTED_EDGE('',*,*,#8349,.T.);
#8379=ORIENTED_EDGE('',*,*,#8326,.T.);
#8380=CARTESIAN_POINT('',(162.926528736,691.670848156,1.5975));
#8381=DIRECTION('',(1.,0.,0.));
#8382=DIRECTION('',(-0.,1.,-0.));
#8383=AXIS2_PLACEMENT_3D('',#8380,#8381,#8382);
#8384=CIRCLE('',#8383,0.7);
#8385=EDGE_CURVE('',#8185,#1418,#8384,.T.);
#8386=ORIENTED_EDGE('',*,*,#8385,.F.);
#8387=EDGE_LOOP('',(#8378,#8379,#8386));
#8388=FACE_BOUND('',#8387,.T.);
#8389=ADVANCED_FACE('',(#8388),#8377,.T.);
#8390=CARTESIAN_POINT('',(162.926528736,691.670848156,10.1975));
#8391=DIRECTION('',(-1.,0.,-0.));
#8392=DIRECTION('',(0.,-0.,-1.));
#8393=AXIS2_PLACEMENT_3D('',#8390,#8391,#8392);
#8394=SPHERICAL_SURFACE('',#8393,0.7);
#8395=ORIENTED_EDGE('',*,*,#8368,.T.);
#8396=ORIENTED_EDGE('',*,*,#8341,.T.);
#8397=CARTESIAN_POINT('',(162.926528736,691.670848156,10.1975));
#8398=DIRECTION('',(1.,-0.,0.));
#8399=DIRECTION('',(0.,-0.,-1.));
#8400=AXIS2_PLACEMENT_3D('',#8397,#8398,#8399);
#8401=CIRCLE('',#8400,0.7);
#8402=EDGE_CURVE('',#1689,#8203,#8401,.T.);
#8403=ORIENTED_EDGE('',*,*,#8402,.F.);
#8404=EDGE_LOOP('',(#8395,#8396,#8403));
#8405=FACE_BOUND('',#8404,.T.);
#8406=ADVANCED_FACE('',(#8405),#8394,.T.);
#8407=CARTESIAN_POINT('',(172.226528736,742.343915115,1.5975));
#8408=DIRECTION('',(-0.,-1.,0.));
#8409=DIRECTION('',(-1.,0.,-0.));
#8410=AXIS2_PLACEMENT_3D('',#8407,#8408,#8409);
#8411=CYLINDRICAL_SURFACE('',#8410,0.7);
#8412=ORIENTED_EDGE('',*,*,#1415,.F.);
#8413=CARTESIAN_POINT('',(172.226528736,705.78034827,1.5975));
#8414=DIRECTION('',(-0.707106781,-0.707106781,-0.));
#8415=DIRECTION('',(0.707106781,-0.707106781,0.));
#8416=AXIS2_PLACEMENT_3D('',#8413,#8414,#8415);
#8417=ELLIPSE('',#8416,0.989949494,0.7);
#8418=EDGE_CURVE('',#1402,#8228,#8417,.T.);
#8419=ORIENTED_EDGE('',*,*,#8418,.T.);
#8420=ORIENTED_EDGE('',*,*,#8255,.F.);
#8421=CARTESIAN_POINT('',(172.226528736,691.670848156,1.5975));
#8422=DIRECTION('',(0.,-1.,0.));
#8423=DIRECTION('',(-0.,0.,1.));
#8424=AXIS2_PLACEMENT_3D('',#8421,#8422,#8423);
#8425=CIRCLE('',#8424,0.7);
#8426=EDGE_CURVE('',#1410,#8244,#8425,.T.);
#8427=ORIENTED_EDGE('',*,*,#8426,.F.);
#8428=EDGE_LOOP('',(#8412,#8419,#8420,#8427));
#8429=FACE_BOUND('',#8428,.T.);
#8430=ADVANCED_FACE('',(#8429),#8411,.T.);
#8431=CARTESIAN_POINT('',(186.726528736,691.670848156,1.5975));
#8432=DIRECTION('',(1.,-0.,0.));
#8433=DIRECTION('',(-0.,-1.,0.));
#8434=AXIS2_PLACEMENT_3D('',#8431,#8432,#8433);
#8435=CYLINDRICAL_SURFACE('',#8434,0.7);
#8436=ORIENTED_EDGE('',*,*,#8385,.T.);
#8437=ORIENTED_EDGE('',*,*,#1423,.F.);
#8438=CARTESIAN_POINT('',(172.226528736,691.670848156,1.5975));
#8439=DIRECTION('',(1.,-0.,0.));
#8440=DIRECTION('',(-0.,0.,1.));
#8441=AXIS2_PLACEMENT_3D('',#8438,#8439,#8440);
#8442=CIRCLE('',#8441,0.7);
#8443=EDGE_CURVE('',#8187,#1410,#8442,.T.);
#8444=ORIENTED_EDGE('',*,*,#8443,.F.);
#8445=ORIENTED_EDGE('',*,*,#8192,.F.);
#8446=EDGE_LOOP('',(#8436,#8437,#8444,#8445));
#8447=FACE_BOUND('',#8446,.T.);
#8448=ADVANCED_FACE('',(#8447),#8435,.T.);
#8449=CARTESIAN_POINT('',(186.726528745,691.670848156,10.1975));
#8450=DIRECTION('',(-1.,0.,-0.));
#8451=DIRECTION('',(0.,1.,-0.));
#8452=AXIS2_PLACEMENT_3D('',#8449,#8450,#8451);
#8453=CYLINDRICAL_SURFACE('',#8452,0.7);
#8454=ORIENTED_EDGE('',*,*,#8402,.T.);
#8455=ORIENTED_EDGE('',*,*,#8208,.F.);
#8456=CARTESIAN_POINT('',(172.226528736,691.670848156,10.1975));
#8457=DIRECTION('',(1.,-0.,0.));
#8458=DIRECTION('',(-0.,0.,1.));
#8459=AXIS2_PLACEMENT_3D('',#8456,#8457,#8458);
#8460=CIRCLE('',#8459,0.7);
#8461=EDGE_CURVE('',#1697,#8195,#8460,.T.);
#8462=ORIENTED_EDGE('',*,*,#8461,.F.);
#8463=ORIENTED_EDGE('',*,*,#1702,.F.);
#8464=EDGE_LOOP('',(#8454,#8455,#8462,#8463));
#8465=FACE_BOUND('',#8464,.T.);
#8466=ADVANCED_FACE('',(#8465),#8453,.T.);
#8467=CARTESIAN_POINT('',(172.226528736,714.659537729,10.1975));
#8468=DIRECTION('',(-0.,-1.,0.));
#8469=DIRECTION('',(-1.,0.,-0.));
#8470=AXIS2_PLACEMENT_3D('',#8467,#8468,#8469);
#8471=CYLINDRICAL_SURFACE('',#8470,0.7);
#8472=ORIENTED_EDGE('',*,*,#8241,.F.);
#8473=CARTESIAN_POINT('',(172.226528736,705.78034827,10.1975));
#8474=DIRECTION('',(-0.707106781,-0.707106781,-0.));
#8475=DIRECTION('',(0.707106781,-0.707106781,0.));
#8476=AXIS2_PLACEMENT_3D('',#8473,#8474,#8475);
#8477=ELLIPSE('',#8476,0.989949494,0.7);
#8478=EDGE_CURVE('',#8226,#1705,#8477,.T.);
#8479=ORIENTED_EDGE('',*,*,#8478,.T.);
#8480=ORIENTED_EDGE('',*,*,#1710,.F.);
#8481=CARTESIAN_POINT('',(172.226528736,691.670848156,10.1975));
#8482=DIRECTION('',(0.,-1.,0.));
#8483=DIRECTION('',(-0.,0.,1.));
#8484=AXIS2_PLACEMENT_3D('',#8481,#8482,#8483);
#8485=CIRCLE('',#8484,0.7);
#8486=EDGE_CURVE('',#8236,#1697,#8485,.T.);
#8487=ORIENTED_EDGE('',*,*,#8486,.F.);
#8488=EDGE_LOOP('',(#8472,#8479,#8480,#8487));
#8489=FACE_BOUND('',#8488,.T.);
#8490=ADVANCED_FACE('',(#8489),#8471,.T.);
#8491=CARTESIAN_POINT('',(172.226528736,691.670848156,1.5975));
#8492=DIRECTION('',(0.,-0.,-1.));
#8493=DIRECTION('',(0.,-1.,0.));
#8494=AXIS2_PLACEMENT_3D('',#8491,#8492,#8493);
#8495=SPHERICAL_SURFACE('',#8494,0.7);
#8496=ORIENTED_EDGE('',*,*,#8443,.T.);
#8497=ORIENTED_EDGE('',*,*,#8426,.T.);
#8498=CARTESIAN_POINT('',(172.226528736,691.670848156,1.5975));
#8499=DIRECTION('',(-0.,0.,1.));
#8500=DIRECTION('',(0.,-1.,0.));
#8501=AXIS2_PLACEMENT_3D('',#8498,#8499,#8500);
#8502=CIRCLE('',#8501,0.7);
#8503=EDGE_CURVE('',#8187,#8244,#8502,.T.);
#8504=ORIENTED_EDGE('',*,*,#8503,.F.);
#8505=EDGE_LOOP('',(#8496,#8497,#8504));
#8506=FACE_BOUND('',#8505,.T.);
#8507=ADVANCED_FACE('',(#8506),#8495,.T.);
#8508=CARTESIAN_POINT('',(172.226528736,691.670848156,10.1975));
#8509=DIRECTION('',(-0.,0.,1.));
#8510=DIRECTION('',(-0.,1.,-0.));
#8511=AXIS2_PLACEMENT_3D('',#8508,#8509,#8510);
#8512=SPHERICAL_SURFACE('',#8511,0.7);
#8513=ORIENTED_EDGE('',*,*,#8486,.T.);
#8514=ORIENTED_EDGE('',*,*,#8461,.T.);
#8515=CARTESIAN_POINT('',(172.226528736,691.670848156,10.1975));
#8516=DIRECTION('',(0.,-0.,-1.));
#8517=DIRECTION('',(-0.,1.,-0.));
#8518=AXIS2_PLACEMENT_3D('',#8515,#8516,#8517);
#8519=CIRCLE('',#8518,0.7);
#8520=EDGE_CURVE('',#8236,#8195,#8519,.T.);
#8521=ORIENTED_EDGE('',*,*,#8520,.F.);
#8522=EDGE_LOOP('',(#8513,#8514,#8521));
#8523=FACE_BOUND('',#8522,.T.);
#8524=ADVANCED_FACE('',(#8523),#8512,.T.);
#8525=CARTESIAN_POINT('',(172.226528736,691.670848156,10.8975));
#8526=DIRECTION('',(-0.,0.,1.));
#8527=DIRECTION('',(-1.,0.,-0.));
#8528=AXIS2_PLACEMENT_3D('',#8525,#8526,#8527);
#8529=CYLINDRICAL_SURFACE('',#8528,0.7);
#8530=ORIENTED_EDGE('',*,*,#8503,.T.);
#8531=ORIENTED_EDGE('',*,*,#8249,.F.);
#8532=ORIENTED_EDGE('',*,*,#8520,.T.);
#8533=ORIENTED_EDGE('',*,*,#8200,.F.);
#8534=EDGE_LOOP('',(#8530,#8531,#8532,#8533));
#8535=FACE_BOUND('',#8534,.T.);
#8536=ADVANCED_FACE('',(#8535),#8529,.T.);
#8537=CARTESIAN_POINT('',(201.226528736,776.059815115,10.1975));
#8538=DIRECTION('',(0.,1.,-0.));
#8539=DIRECTION('',(1.,-0.,0.));
#8540=AXIS2_PLACEMENT_3D('',#8537,#8538,#8539);
#8541=CYLINDRICAL_SURFACE('',#8540,0.7);
#8542=ORIENTED_EDGE('',*,*,#1726,.F.);
#8543=CARTESIAN_POINT('',(201.226528736,705.78034827,10.1975));
#8544=DIRECTION('',(0.707106781,-0.707106781,0.));
#8545=DIRECTION('',(0.707106781,0.707106781,0.));
#8546=AXIS2_PLACEMENT_3D('',#8543,#8544,#8545);
#8547=ELLIPSE('',#8546,0.989949494,0.7);
#8548=EDGE_CURVE('',#1713,#8124,#8547,.T.);
#8549=ORIENTED_EDGE('',*,*,#8548,.T.);
#8550=ORIENTED_EDGE('',*,*,#8129,.F.);
#8551=CARTESIAN_POINT('',(201.226528736,691.670848156,10.1975));
#8552=DIRECTION('',(0.,-1.,0.));
#8553=DIRECTION('',(-0.,0.,1.));
#8554=AXIS2_PLACEMENT_3D('',#8551,#8552,#8553);
#8555=CIRCLE('',#8554,0.7);
#8556=EDGE_CURVE('',#1721,#8116,#8555,.T.);
#8557=ORIENTED_EDGE('',*,*,#8556,.F.);
#8558=EDGE_LOOP('',(#8542,#8549,#8550,#8557));
#8559=FACE_BOUND('',#8558,.T.);
#8560=ADVANCED_FACE('',(#8559),#8541,.T.);
#8561=CARTESIAN_POINT('',(186.726528745,691.670848156,10.1975));
#8562=DIRECTION('',(-1.,0.,-0.));
#8563=DIRECTION('',(0.,1.,-0.));
#8564=AXIS2_PLACEMENT_3D('',#8561,#8562,#8563);
#8565=CYLINDRICAL_SURFACE('',#8564,0.7);
#8566=CARTESIAN_POINT('',(210.526528736,691.670848156,10.1975));
#8567=DIRECTION('',(1.,-0.,0.));
#8568=DIRECTION('',(-0.,0.,1.));
#8569=AXIS2_PLACEMENT_3D('',#8566,#8567,#8568);
#8570=CIRCLE('',#8569,0.7);
#8571=EDGE_CURVE('',#1729,#8091,#8570,.T.);
#8572=ORIENTED_EDGE('',*,*,#8571,.F.);
#8573=ORIENTED_EDGE('',*,*,#1734,.F.);
#8574=CARTESIAN_POINT('',(201.226528736,691.670848156,10.1975));
#8575=DIRECTION('',(-1.,0.,-0.));
#8576=DIRECTION('',(0.,-0.,-1.));
#8577=AXIS2_PLACEMENT_3D('',#8574,#8575,#8576);
#8578=CIRCLE('',#8577,0.7);
#8579=EDGE_CURVE('',#8073,#1721,#8578,.T.);
#8580=ORIENTED_EDGE('',*,*,#8579,.F.);
#8581=ORIENTED_EDGE('',*,*,#8102,.F.);
#8582=EDGE_LOOP('',(#8572,#8573,#8580,#8581));
#8583=FACE_BOUND('',#8582,.T.);
#8584=ADVANCED_FACE('',(#8583),#8565,.T.);
#8585=CARTESIAN_POINT('',(210.526528736,714.659537729,10.1975));
#8586=DIRECTION('',(-0.,-1.,0.));
#8587=DIRECTION('',(-1.,0.,-0.));
#8588=AXIS2_PLACEMENT_3D('',#8585,#8586,#8587);
#8589=CYLINDRICAL_SURFACE('',#8588,0.7);
#8590=ORIENTED_EDGE('',*,*,#2093,.T.);
#8591=ORIENTED_EDGE('',*,*,#1742,.F.);
#8592=CARTESIAN_POINT('',(210.526528736,691.670848156,10.1975));
#8593=DIRECTION('',(0.,-1.,0.));
#8594=DIRECTION('',(-0.,0.,1.));
#8595=AXIS2_PLACEMENT_3D('',#8592,#8593,#8594);
#8596=CIRCLE('',#8595,0.7);
#8597=EDGE_CURVE('',#8267,#1729,#8596,.T.);
#8598=ORIENTED_EDGE('',*,*,#8597,.F.);
#8599=ORIENTED_EDGE('',*,*,#8272,.F.);
#8600=EDGE_LOOP('',(#8590,#8591,#8598,#8599));
#8601=FACE_BOUND('',#8600,.T.);
#8602=ADVANCED_FACE('',(#8601),#8589,.T.);
#8603=CARTESIAN_POINT('',(201.226528736,691.670848156,10.1975));
#8604=DIRECTION('',(-0.,0.,1.));
#8605=DIRECTION('',(-0.,1.,-0.));
#8606=AXIS2_PLACEMENT_3D('',#8603,#8604,#8605);
#8607=SPHERICAL_SURFACE('',#8606,0.7);
#8608=ORIENTED_EDGE('',*,*,#8579,.T.);
#8609=ORIENTED_EDGE('',*,*,#8556,.T.);
#8610=CARTESIAN_POINT('',(201.226528736,691.670848156,10.1975));
#8611=DIRECTION('',(0.,-0.,-1.));
#8612=DIRECTION('',(-0.,1.,-0.));
#8613=AXIS2_PLACEMENT_3D('',#8610,#8611,#8612);
#8614=CIRCLE('',#8613,0.7);
#8615=EDGE_CURVE('',#8073,#8116,#8614,.T.);
#8616=ORIENTED_EDGE('',*,*,#8615,.F.);
#8617=EDGE_LOOP('',(#8608,#8609,#8616));
#8618=FACE_BOUND('',#8617,.T.);
#8619=ADVANCED_FACE('',(#8618),#8607,.T.);
#8620=CARTESIAN_POINT('',(210.526528736,691.670848156,10.1975));
#8621=DIRECTION('',(0.,0.,1.));
#8622=DIRECTION('',(-1.,0.,0.));
#8623=AXIS2_PLACEMENT_3D('',#8620,#8621,#8622);
#8624=SPHERICAL_SURFACE('',#8623,0.7);
#8625=ORIENTED_EDGE('',*,*,#8597,.T.);
#8626=ORIENTED_EDGE('',*,*,#8571,.T.);
#8627=CARTESIAN_POINT('',(210.526528736,691.670848156,10.1975));
#8628=DIRECTION('',(0.,-0.,-1.));
#8629=DIRECTION('',(-0.,1.,-0.));
#8630=AXIS2_PLACEMENT_3D('',#8627,#8628,#8629);
#8631=CIRCLE('',#8630,0.7);
#8632=EDGE_CURVE('',#8267,#8091,#8631,.T.);
#8633=ORIENTED_EDGE('',*,*,#8632,.F.);
#8634=EDGE_LOOP('',(#8625,#8626,#8633));
#8635=FACE_BOUND('',#8634,.T.);
#8636=ADVANCED_FACE('',(#8635),#8624,.T.);
#8637=CARTESIAN_POINT('',(201.226528736,776.059815115,1.5975));
#8638=DIRECTION('',(0.,1.,-0.));
#8639=DIRECTION('',(1.,-0.,0.));
#8640=AXIS2_PLACEMENT_3D('',#8637,#8638,#8639);
#8641=CYLINDRICAL_SURFACE('',#8640,0.7);
#8642=ORIENTED_EDGE('',*,*,#8143,.F.);
#8643=CARTESIAN_POINT('',(201.226528736,705.78034827,1.5975));
#8644=DIRECTION('',(0.707106781,-0.707106781,0.));
#8645=DIRECTION('',(0.707106781,0.707106781,0.));
#8646=AXIS2_PLACEMENT_3D('',#8643,#8644,#8645);
#8647=ELLIPSE('',#8646,0.989949494,0.7);
#8648=EDGE_CURVE('',#8132,#1394,#8647,.T.);
#8649=ORIENTED_EDGE('',*,*,#8648,.T.);
#8650=ORIENTED_EDGE('',*,*,#1399,.F.);
#8651=CARTESIAN_POINT('',(201.226528736,691.670848156,1.5975));
#8652=DIRECTION('',(0.,-1.,0.));
#8653=DIRECTION('',(-0.,0.,1.));
#8654=AXIS2_PLACEMENT_3D('',#8651,#8652,#8653);
#8655=CIRCLE('',#8654,0.7);
#8656=EDGE_CURVE('',#8114,#1386,#8655,.T.);
#8657=ORIENTED_EDGE('',*,*,#8656,.F.);
#8658=EDGE_LOOP('',(#8642,#8649,#8650,#8657));
#8659=FACE_BOUND('',#8658,.T.);
#8660=ADVANCED_FACE('',(#8659),#8641,.T.);
#8661=CARTESIAN_POINT('',(201.226528736,691.670848156,-111.2025));
#8662=DIRECTION('',(0.,-0.,-1.));
#8663=DIRECTION('',(1.,-0.,0.));
#8664=AXIS2_PLACEMENT_3D('',#8661,#8662,#8663);
#8665=CYLINDRICAL_SURFACE('',#8664,0.7);
#8666=ORIENTED_EDGE('',*,*,#8615,.T.);
#8667=ORIENTED_EDGE('',*,*,#8121,.F.);
#8668=CARTESIAN_POINT('',(201.226528736,691.670848156,1.5975));
#8669=DIRECTION('',(0.,-0.,-1.));
#8670=DIRECTION('',(0.,-1.,0.));
#8671=AXIS2_PLACEMENT_3D('',#8668,#8669,#8670);
#8672=CIRCLE('',#8671,0.7);
#8673=EDGE_CURVE('',#8075,#8114,#8672,.T.);
#8674=ORIENTED_EDGE('',*,*,#8673,.F.);
#8675=ORIENTED_EDGE('',*,*,#8080,.F.);
#8676=EDGE_LOOP('',(#8666,#8667,#8674,#8675));
#8677=FACE_BOUND('',#8676,.T.);
#8678=ADVANCED_FACE('',(#8677),#8665,.T.);
#8679=CARTESIAN_POINT('',(210.526528736,691.670848156,10.8975));
#8680=DIRECTION('',(-0.,0.,1.));
#8681=DIRECTION('',(-1.,0.,-0.));
#8682=AXIS2_PLACEMENT_3D('',#8679,#8680,#8681);
#8683=CYLINDRICAL_SURFACE('',#8682,0.7);
#8684=ORIENTED_EDGE('',*,*,#8632,.T.);
#8685=ORIENTED_EDGE('',*,*,#8096,.F.);
#8686=CARTESIAN_POINT('',(210.526528736,691.670848156,1.5975));
#8687=DIRECTION('',(0.,-0.,-1.));
#8688=DIRECTION('',(0.,-1.,0.));
#8689=AXIS2_PLACEMENT_3D('',#8686,#8687,#8688);
#8690=CIRCLE('',#8689,0.7);
#8691=EDGE_CURVE('',#8275,#8083,#8690,.T.);
#8692=ORIENTED_EDGE('',*,*,#8691,.F.);
#8693=ORIENTED_EDGE('',*,*,#8280,.F.);
#8694=EDGE_LOOP('',(#8684,#8685,#8692,#8693));
#8695=FACE_BOUND('',#8694,.T.);
#8696=ADVANCED_FACE('',(#8695),#8683,.T.);
#8697=CARTESIAN_POINT('',(210.526528736,742.343915115,1.5975));
#8698=DIRECTION('',(-0.,-1.,0.));
#8699=DIRECTION('',(-1.,0.,-0.));
#8700=AXIS2_PLACEMENT_3D('',#8697,#8698,#8699);
#8701=CYLINDRICAL_SURFACE('',#8700,0.7);
#8702=ORIENTED_EDGE('',*,*,#2045,.T.);
#8703=ORIENTED_EDGE('',*,*,#8286,.F.);
#8704=CARTESIAN_POINT('',(210.526528736,691.670848156,1.5975));
#8705=DIRECTION('',(0.,-1.,0.));
#8706=DIRECTION('',(-0.,0.,1.));
#8707=AXIS2_PLACEMENT_3D('',#8704,#8705,#8706);
#8708=CIRCLE('',#8707,0.7);
#8709=EDGE_CURVE('',#1378,#8275,#8708,.T.);
#8710=ORIENTED_EDGE('',*,*,#8709,.F.);
#8711=ORIENTED_EDGE('',*,*,#1383,.F.);
#8712=EDGE_LOOP('',(#8702,#8703,#8710,#8711));
#8713=FACE_BOUND('',#8712,.T.);
#8714=ADVANCED_FACE('',(#8713),#8701,.T.);
#8715=CARTESIAN_POINT('',(201.226528736,691.670848156,1.5975));
#8716=DIRECTION('',(-1.,0.,-0.));
#8717=DIRECTION('',(0.,-0.,-1.));
#8718=AXIS2_PLACEMENT_3D('',#8715,#8716,#8717);
#8719=SPHERICAL_SURFACE('',#8718,0.7);
#8720=ORIENTED_EDGE('',*,*,#8673,.T.);
#8721=ORIENTED_EDGE('',*,*,#8656,.T.);
#8722=CARTESIAN_POINT('',(201.226528736,691.670848156,1.5975));
#8723=DIRECTION('',(1.,-0.,0.));
#8724=DIRECTION('',(0.,-0.,-1.));
#8725=AXIS2_PLACEMENT_3D('',#8722,#8723,#8724);
#8726=CIRCLE('',#8725,0.7);
#8727=EDGE_CURVE('',#8075,#1386,#8726,.T.);
#8728=ORIENTED_EDGE('',*,*,#8727,.F.);
#8729=EDGE_LOOP('',(#8720,#8721,#8728));
#8730=FACE_BOUND('',#8729,.T.);
#8731=ADVANCED_FACE('',(#8730),#8719,.T.);
#8732=CARTESIAN_POINT('',(210.526528736,691.670848156,1.5975));
#8733=DIRECTION('',(1.,-0.,0.));
#8734=DIRECTION('',(-0.,0.,1.));
#8735=AXIS2_PLACEMENT_3D('',#8732,#8733,#8734);
#8736=SPHERICAL_SURFACE('',#8735,0.7);
#8737=ORIENTED_EDGE('',*,*,#8709,.T.);
#8738=ORIENTED_EDGE('',*,*,#8691,.T.);
#8739=CARTESIAN_POINT('',(210.526528736,691.670848156,1.5975));
#8740=DIRECTION('',(-1.,0.,0.));
#8741=DIRECTION('',(0.,0.,1.));
#8742=AXIS2_PLACEMENT_3D('',#8739,#8740,#8741);
#8743=CIRCLE('',#8742,0.7);
#8744=EDGE_CURVE('',#1378,#8083,#8743,.T.);
#8745=ORIENTED_EDGE('',*,*,#8744,.F.);
#8746=EDGE_LOOP('',(#8737,#8738,#8745));
#8747=FACE_BOUND('',#8746,.T.);
#8748=ADVANCED_FACE('',(#8747),#8736,.T.);
#8749=CARTESIAN_POINT('',(186.726528736,691.670848156,1.5975));
#8750=DIRECTION('',(1.,-0.,0.));
#8751=DIRECTION('',(-0.,-1.,0.));
#8752=AXIS2_PLACEMENT_3D('',#8749,#8750,#8751);
#8753=CYLINDRICAL_SURFACE('',#8752,0.7);
#8754=ORIENTED_EDGE('',*,*,#8727,.T.);
#8755=ORIENTED_EDGE('',*,*,#1391,.F.);
#8756=ORIENTED_EDGE('',*,*,#8744,.T.);
#8757=ORIENTED_EDGE('',*,*,#8088,.F.);
#8758=EDGE_LOOP('',(#8754,#8755,#8756,#8757));
#8759=FACE_BOUND('',#8758,.T.);
#8760=ADVANCED_FACE('',(#8759),#8753,.T.);
#8761=CARTESIAN_POINT('',(186.726528745,705.78034827,10.1975));
#8762=DIRECTION('',(1.,-0.,0.));
#8763=DIRECTION('',(-0.,-1.,0.));
#8764=AXIS2_PLACEMENT_3D('',#8761,#8762,#8763);
#8765=CYLINDRICAL_SURFACE('',#8764,0.7);
#8766=ORIENTED_EDGE('',*,*,#8478,.F.);
#8767=ORIENTED_EDGE('',*,*,#8301,.F.);
#8768=ORIENTED_EDGE('',*,*,#8548,.F.);
#8769=ORIENTED_EDGE('',*,*,#1718,.F.);
#8770=EDGE_LOOP('',(#8766,#8767,#8768,#8769));
#8771=FACE_BOUND('',#8770,.T.);
#8772=ADVANCED_FACE('',(#8771),#8765,.T.);
#8773=CARTESIAN_POINT('',(186.726528736,705.78034827,1.5975));
#8774=DIRECTION('',(1.,-0.,0.));
#8775=DIRECTION('',(-0.,-1.,0.));
#8776=AXIS2_PLACEMENT_3D('',#8773,#8774,#8775);
#8777=CYLINDRICAL_SURFACE('',#8776,0.7);
#8778=ORIENTED_EDGE('',*,*,#8648,.F.);
#8779=ORIENTED_EDGE('',*,*,#8308,.F.);
#8780=ORIENTED_EDGE('',*,*,#8418,.F.);
#8781=ORIENTED_EDGE('',*,*,#1407,.F.);
#8782=EDGE_LOOP('',(#8778,#8779,#8780,#8781));
#8783=FACE_BOUND('',#8782,.T.);
#8784=ADVANCED_FACE('',(#8783),#8777,.T.);
#8785=CARTESIAN_POINT('',(178.226528736,734.443915115,4.8975));
#8786=DIRECTION('',(0.,0.,1.));
#8787=DIRECTION('',(1.,0.,-0.));
#8788=AXIS2_PLACEMENT_3D('',#8785,#8786,#8787);
#8789=CYLINDRICAL_SURFACE('',#8788,15.);
#8790=ORIENTED_EDGE('',*,*,#2721,.F.);
#8791=ORIENTED_EDGE('',*,*,#1212,.F.);
#8792=ORIENTED_EDGE('',*,*,#672,.F.);
#8793=ORIENTED_EDGE('',*,*,#1252,.F.);
#8794=EDGE_LOOP('',(#8790,#8791,#8792,#8793));
#8795=FACE_BOUND('',#8794,.T.);
#8796=ADVANCED_FACE('',(#8795),#8789,.F.);
#8797=CARTESIAN_POINT('',(196.557497494,715.975894,10.897353323));
#8798=CARTESIAN_POINT('',(196.563208033,715.981604442,10.897300456));
#8799=CARTESIAN_POINT('',(196.568918573,715.987314904,10.897254219));
#8800=CARTESIAN_POINT('',(196.580339651,715.998735855,10.897174979));
#8801=CARTESIAN_POINT('',(196.586050189,716.004446345,10.897141974));
#8802=CARTESIAN_POINT('',(196.597471263,716.015867343,10.897089176));
#8803=CARTESIAN_POINT('',(196.603181799,716.021577852,10.897069382));
#8804=CARTESIAN_POINT('',(196.614602865,716.032998883,10.897042992));
#8805=CARTESIAN_POINT('',(196.620313395,716.038709405,10.897036396));
#8806=CARTESIAN_POINT('',(196.631734447,716.050130457,10.897036396));
#8807=CARTESIAN_POINT('',(196.637444969,716.055840987,10.897042992));
#8808=CARTESIAN_POINT('',(196.648866,716.067262053,10.897069382));
#8809=CARTESIAN_POINT('',(196.654576509,716.072972589,10.897089176));
#8810=CARTESIAN_POINT('',(196.665997507,716.084393663,10.897141974));
#8811=CARTESIAN_POINT('',(196.671707996,716.090104201,10.897174979));
#8812=CARTESIAN_POINT('',(196.683128948,716.101525279,10.897254219));
#8813=CARTESIAN_POINT('',(196.688839409,716.107235819,10.897300456));
#8814=CARTESIAN_POINT('',(196.694549852,716.112946358,10.897353323));
#8815=CARTESIAN_POINT('',(195.704886039,716.137198875,10.895873956));
#8816=CARTESIAN_POINT('',(195.739402159,716.17171126,10.895288181));
#8817=CARTESIAN_POINT('',(195.773918278,716.206224186,10.894775866));
#8818=CARTESIAN_POINT('',(195.842950419,716.275250926,10.893897837));
#8819=CARTESIAN_POINT('',(195.87746644,716.309764738,10.893532123));
#8820=CARTESIAN_POINT('',(195.946498284,716.378793076,10.892947072));
#8821=CARTESIAN_POINT('',(195.981014106,716.413307601,10.892727735));
#8822=CARTESIAN_POINT('',(196.050045442,716.482337213,10.8924353));
#8823=CARTESIAN_POINT('',(196.084560956,716.5168523,10.892362203));
#8824=CARTESIAN_POINT('',(196.153591556,716.5858829,10.892362203));
#8825=CARTESIAN_POINT('',(196.188106643,716.620398414,10.8924353));
#8826=CARTESIAN_POINT('',(196.257136255,716.68942975,10.892727735));
#8827=CARTESIAN_POINT('',(196.29165078,716.723945572,10.892947072));
#8828=CARTESIAN_POINT('',(196.360679118,716.792977416,10.893532123));
#8829=CARTESIAN_POINT('',(196.39519293,716.827493437,10.893897837));
#8830=CARTESIAN_POINT('',(196.46421967,716.896525578,10.894775866));
#8831=CARTESIAN_POINT('',(196.498732596,716.931041697,10.895288181));
#8832=CARTESIAN_POINT('',(196.533244981,716.965557817,10.895873956));
#8833=CARTESIAN_POINT('',(194.833784335,716.302001894,10.883177222));
#8834=CARTESIAN_POINT('',(194.897759607,716.365881675,10.878025194));
#8835=CARTESIAN_POINT('',(194.961734878,716.42977397,10.873518892));
#8836=CARTESIAN_POINT('',(195.089682581,716.557579978,10.865795446));
#8837=CARTESIAN_POINT('',(195.153655014,716.621493691,10.862578301));
#8838=CARTESIAN_POINT('',(195.281594171,716.749339119,10.857431528));
#8839=CARTESIAN_POINT('',(195.345560897,716.813270834,10.8555019));
#8840=CARTESIAN_POINT('',(195.473485719,716.941149011,10.852929171));
#8841=CARTESIAN_POINT('',(195.537443816,717.005095475,10.852286071));
#8842=CARTESIAN_POINT('',(195.665348376,717.133000035,10.852286071));
#8843=CARTESIAN_POINT('',(195.72929484,717.196958132,10.852929171));
#8844=CARTESIAN_POINT('',(195.857173017,717.324882954,10.8555019));
#8845=CARTESIAN_POINT('',(195.921104732,717.38884968,10.857431528));
#8846=CARTESIAN_POINT('',(196.048950159,717.516788837,10.862578301));
#8847=CARTESIAN_POINT('',(196.112863873,717.58076127,10.865795446));
#8848=CARTESIAN_POINT('',(196.240669881,717.708708973,10.873518892));
#8849=CARTESIAN_POINT('',(196.304562176,717.772684244,10.878025194));
#8850=CARTESIAN_POINT('',(196.368441957,717.836659516,10.883177222));
#8851=CARTESIAN_POINT('',(193.021704418,716.644827824,10.831262212));
#8852=CARTESIAN_POINT('',(193.148291785,716.767150604,10.807919572));
#8853=CARTESIAN_POINT('',(193.27487915,716.890003823,10.78747961));
#8854=CARTESIAN_POINT('',(193.527919958,717.13664073,10.752425235));
#8855=CARTESIAN_POINT('',(193.654373395,717.260424413,10.737810822));
#8856=CARTESIAN_POINT('',(193.907012546,717.508790952,10.714421983));
#8857=CARTESIAN_POINT('',(194.033198255,717.633373805,10.705647557));
#8858=CARTESIAN_POINT('',(194.285168397,717.883206638,10.693947358));
#8859=CARTESIAN_POINT('',(194.410952826,718.008456615,10.691021586));
#8860=CARTESIAN_POINT('',(194.661987236,718.259491025,10.691021586));
#8861=CARTESIAN_POINT('',(194.787237213,718.385275454,10.693947358));
#8862=CARTESIAN_POINT('',(195.037070046,718.637245596,10.705647557));
#8863=CARTESIAN_POINT('',(195.161652898,718.763431305,10.714421983));
#8864=CARTESIAN_POINT('',(195.410019438,719.016070456,10.737810822));
#8865=CARTESIAN_POINT('',(195.533803121,719.142523893,10.752425235));
#8866=CARTESIAN_POINT('',(195.780440028,719.3955647,10.78747961));
#8867=CARTESIAN_POINT('',(195.903293247,719.522152066,10.807919572));
#8868=CARTESIAN_POINT('',(196.025616027,719.648739433,10.831262212));
#8869=CARTESIAN_POINT('',(192.080001177,716.822987897,10.79033397));
#8870=CARTESIAN_POINT('',(192.239862006,716.974214243,10.75277247));
#8871=CARTESIAN_POINT('',(192.399722831,717.126514905,10.719870902));
#8872=CARTESIAN_POINT('',(192.719173423,717.433000475,10.663434638));
#8873=CARTESIAN_POINT('',(192.878763182,717.587185376,10.639899942));
#8874=CARTESIAN_POINT('',(193.19740081,717.897173339,10.602231));
#8875=CARTESIAN_POINT('',(193.356448671,718.052976392,10.588096753));
#8876=CARTESIAN_POINT('',(193.673732141,718.365933137,10.569248852));
#8877=CARTESIAN_POINT('',(193.831967741,718.523086819,10.564535198));
#8878=CARTESIAN_POINT('',(194.147357032,718.83847611,10.564535198));
#8879=CARTESIAN_POINT('',(194.304510714,718.99671171,10.569248852));
#8880=CARTESIAN_POINT('',(194.617467458,719.31399518,10.588096753));
#8881=CARTESIAN_POINT('',(194.773270512,719.473043041,10.602231));
#8882=CARTESIAN_POINT('',(195.083258474,719.791680669,10.639899942));
#8883=CARTESIAN_POINT('',(195.237443375,719.951270428,10.663434638));
#8884=CARTESIAN_POINT('',(195.543928946,720.27072102,10.719870902));
#8885=CARTESIAN_POINT('',(195.696229608,720.430581845,10.75277247));
#8886=CARTESIAN_POINT('',(195.847455954,720.590442674,10.79033397));
#8887=CARTESIAN_POINT('',(190.76498989,717.071773816,10.711674764));
#8888=CARTESIAN_POINT('',(190.973572903,717.258965714,10.648254062));
#8889=CARTESIAN_POINT('',(191.18215588,717.448786133,10.592625611));
#8890=CARTESIAN_POINT('',(191.598642027,717.833064615,10.497133344));
#8891=CARTESIAN_POINT('',(191.806545124,718.027522612,10.457269544));
#8892=CARTESIAN_POINT('',(192.220993821,718.420441806,10.393435695));
#8893=CARTESIAN_POINT('',(192.427539347,718.618902935,10.369465657));
#8894=CARTESIAN_POINT('',(192.838599575,719.019181071,10.337496964));
#8895=CARTESIAN_POINT('',(193.043114204,719.220998009,10.329498317));
#8896=CARTESIAN_POINT('',(193.449445842,719.627329647,10.329498317));
#8897=CARTESIAN_POINT('',(193.651262779,719.831844276,10.337496964));
#8898=CARTESIAN_POINT('',(194.051540916,720.242904504,10.369465657));
#8899=CARTESIAN_POINT('',(194.250002045,720.44945003,10.393435695));
#8900=CARTESIAN_POINT('',(194.642921239,720.863898727,10.457269544));
#8901=CARTESIAN_POINT('',(194.837379236,721.071801824,10.497133344));
#8902=CARTESIAN_POINT('',(195.221657718,721.488287971,10.592625611));
#8903=CARTESIAN_POINT('',(195.411478137,721.696870948,10.648254062));
#8904=CARTESIAN_POINT('',(195.598670035,721.90545396,10.711674764));
#8905=CARTESIAN_POINT('',(190.382451766,717.144145893,10.686160438));
#8906=CARTESIAN_POINT('',(190.605486714,717.341257274,10.61448214));
#8907=CARTESIAN_POINT('',(190.828521612,717.541547603,10.551590013));
#8908=CARTESIAN_POINT('',(191.273765933,717.947742564,10.443609148));
#8909=CARTESIAN_POINT('',(191.495975256,718.153647105,10.398520433));
#8910=CARTESIAN_POINT('',(191.938745815,718.570306506,10.32631205));
#8911=CARTESIAN_POINT('',(192.159306953,718.781061272,10.299192397));
#8912=CARTESIAN_POINT('',(192.597964449,719.206639683,10.26302177));
#8913=CARTESIAN_POINT('',(192.81606071,719.421463233,10.253970804));
#8914=CARTESIAN_POINT('',(193.248980618,719.854383141,10.253970804));
#8915=CARTESIAN_POINT('',(193.463804168,720.072479402,10.26302177));
#8916=CARTESIAN_POINT('',(193.889382579,720.511136898,10.299192397));
#8917=CARTESIAN_POINT('',(194.100137345,720.731698036,10.32631205));
#8918=CARTESIAN_POINT('',(194.516796745,721.174468595,10.398520433));
#8919=CARTESIAN_POINT('',(194.722701287,721.396677918,10.443609148));
#8920=CARTESIAN_POINT('',(195.128896248,721.841922239,10.551590013));
#8921=CARTESIAN_POINT('',(195.329186577,722.064957137,10.61448214));
#8922=CARTESIAN_POINT('',(195.526297958,722.287992085,10.686160438));
#8923=CARTESIAN_POINT('',(190.003183815,717.215899289,10.65816611));
#8924=CARTESIAN_POINT('',(190.240886606,717.422196938,10.577669405));
#8925=CARTESIAN_POINT('',(190.478589328,717.632333456,10.507010599));
#8926=CARTESIAN_POINT('',(190.952991649,718.059396605,10.385667029));
#8927=CARTESIAN_POINT('',(191.189691109,718.276323108,10.3349823));
#8928=CARTESIAN_POINT('',(191.661087841,718.71604991,10.253800872));
#8929=CARTESIAN_POINT('',(191.895784973,718.938850077,10.223304196));
#8930=CARTESIAN_POINT('',(192.362186355,719.389383297,10.182627625));
#8931=CARTESIAN_POINT('',(192.593890468,719.617116216,10.172447742));
#8932=CARTESIAN_POINT('',(193.053327634,720.076553383,10.172447742));
#8933=CARTESIAN_POINT('',(193.281060554,720.308257496,10.182627625));
#8934=CARTESIAN_POINT('',(193.731593773,720.774658878,10.223304196));
#8935=CARTESIAN_POINT('',(193.954393941,721.00935601,10.253800872));
#8936=CARTESIAN_POINT('',(194.394120743,721.480752741,10.3349823));
#8937=CARTESIAN_POINT('',(194.611047246,721.717452202,10.385667029));
#8938=CARTESIAN_POINT('',(195.038110395,722.191854523,10.507010599));
#8939=CARTESIAN_POINT('',(195.248246913,722.429557245,10.577669405));
#8940=CARTESIAN_POINT('',(195.454544561,722.667260036,10.65816611));
#8941=B_SPLINE_SURFACE_WITH_KNOTS('',3,3,((#8797,#8798,#8799,#8800,#8801,#8802,#8803,#8804,#8805,#8806,#8807,#8808,#8809,#8810,#8811,#8812,#8813,#8814),(#8815,#8816,#8817,#8818,#8819,#8820,#8821,#8822,#8823,#8824,#8825,#8826,#8827,#8828,#8829,#8830,#8831,#8832),(#8833,#8834,#8835,#8836,#8837,#8838,#8839,#8840,#8841,#8842,#8843,#8844,#8845,#8846,#8847,#8848,#8849,#8850),(#8851,#8852,#8853,#8854,#8855,#8856,#8857,#8858,#8859,#8860,#8861,#8862,#8863,#8864,#8865,#8866,#8867,#8868),(#8869,#8870,#8871,#8872,#8873,#8874,#8875,#8876,#8877,#8878,#8879,#8880,#8881,#8882,#8883,#8884,#8885,#8886),(#8887,#8888,#8889,#8890,#8891,#8892,#8893,#8894,#8895,#8896,#8897,#8898,#8899,#8900,#8901,#8902,#8903,#8904),(#8905,#8906,#8907,#8908,#8909,#8910,#8911,#8912,#8913,#8914,#8915,#8916,#8917,#8918,#8919,#8920,#8921,#8922),(#8923,#8924,#8925,#8926,#8927,#8928,#8929,#8930,#8931,#8932,#8933,#8934,#8935,#8936,#8937,#8938,#8939,#8940)),.UNSPECIFIED.,.F.,.F.,.U.,(4,2,2,4),(4,2,2,2,2,2,2,2,4),(0.007717813,0.125,0.25,0.301645841),(0.,0.125,0.25,0.375,0.5,0.625,0.75,0.875,1.),.UNSPECIFIED.);
#8942=ORIENTED_EDGE('',*,*,#972,.F.);
#8943=ORIENTED_EDGE('',*,*,#381,.T.);
#8944=ORIENTED_EDGE('',*,*,#1098,.F.);
#8945=ORIENTED_EDGE('',*,*,#1885,.F.);
#8946=EDGE_LOOP('',(#8942,#8943,#8944,#8945));
#8947=FACE_BOUND('',#8946,.T.);
#8948=ADVANCED_FACE('',(#8947),#8941,.F.);
#8949=CARTESIAN_POINT('',(174.226528736,738.443915115,4.8975));
#8950=DIRECTION('',(0.,0.,1.));
#8951=DIRECTION('',(1.,0.,-0.));
#8952=AXIS2_PLACEMENT_3D('',#8949,#8950,#8951);
#8953=CYLINDRICAL_SURFACE('',#8952,6.);
#8954=ORIENTED_EDGE('',*,*,#2771,.F.);
#8955=ORIENTED_EDGE('',*,*,#2689,.F.);
#8956=CARTESIAN_POINT('',(174.226528736,738.443915115,7.3975));
#8957=DIRECTION('',(0.,-0.,1.));
#8958=DIRECTION('',(1.,0.,0.));
#8959=AXIS2_PLACEMENT_3D('',#8956,#8957,#8958);
#8960=CIRCLE('',#8959,6.);
#8961=EDGE_CURVE('',#5405,#2578,#8960,.T.);
#8962=ORIENTED_EDGE('',*,*,#8961,.F.);
#8963=ORIENTED_EDGE('',*,*,#5518,.F.);
#8964=EDGE_LOOP('',(#8954,#8955,#8962,#8963));
#8965=FACE_BOUND('',#8964,.T.);
#8966=ADVANCED_FACE('',(#8965),#8953,.T.);
#8967=OVER_RIDING_STYLED_ITEM('',(#222),#8966,#54);
#8968=CARTESIAN_POINT('',(174.226528736,738.443915115,7.3975));
#8969=DIRECTION('',(0.,-0.,1.));
#8970=DIRECTION('',(1.,0.,0.));
#8971=AXIS2_PLACEMENT_3D('',#8968,#8969,#8970);
#8972=DEGENERATE_TOROIDAL_SURFACE('',#8971,2.5,3.5,.T.);
#8973=ORIENTED_EDGE('',*,*,#5419,.F.);
#8974=ORIENTED_EDGE('',*,*,#8961,.T.);
#8975=ORIENTED_EDGE('',*,*,#2584,.F.);
#8976=ORIENTED_EDGE('',*,*,#69,.T.);
#8977=EDGE_LOOP('',(#8973,#8974,#8975,#8976));
#8978=FACE_BOUND('',#8977,.T.);
#8979=ADVANCED_FACE('',(#8978),#8972,.T.);
#8980=OVER_RIDING_STYLED_ITEM('',(#222),#8979,#54);
#8981=CARTESIAN_POINT('',(208.226528736,754.716969933,5.8975));
#8982=DIRECTION('',(-1.,0.,0.));
#8983=DIRECTION('',(-0.,0.,-1.));
#8984=AXIS2_PLACEMENT_3D('',#8981,#8982,#8983);
#8985=CYLINDRICAL_SURFACE('',#8984,2.7);
#8986=ORIENTED_EDGE('',*,*,#2837,.T.);
#8987=ORIENTED_EDGE('',*,*,#3036,.T.);
#8988=ORIENTED_EDGE('',*,*,#3133,.T.);
#8989=ORIENTED_EDGE('',*,*,#3202,.F.);
#8990=EDGE_LOOP('',(#8986,#8987,#8988,#8989));
#8991=FACE_BOUND('',#8990,.T.);
#8992=ADVANCED_FACE('',(#8991),#8985,.F.);
#8993=CARTESIAN_POINT('',(208.226528736,754.716969933,5.8975));
#8994=DIRECTION('',(-1.,0.,0.));
#8995=DIRECTION('',(-0.,0.,-1.));
#8996=AXIS2_PLACEMENT_3D('',#8993,#8994,#8995);
#8997=CYLINDRICAL_SURFACE('',#8996,2.7);
#8998=ORIENTED_EDGE('',*,*,#2879,.T.);
#8999=ORIENTED_EDGE('',*,*,#3321,.T.);
#9000=ORIENTED_EDGE('',*,*,#3343,.T.);
#9001=ORIENTED_EDGE('',*,*,#2978,.T.);
#9002=EDGE_LOOP('',(#8998,#8999,#9000,#9001));
#9003=FACE_BOUND('',#9002,.T.);
#9004=ADVANCED_FACE('',(#9003),#8997,.F.);
#9005=CARTESIAN_POINT('',(157.953473917,747.443915115,5.8975));
#9006=DIRECTION('',(-0.,-1.,0.));
#9007=DIRECTION('',(0.,-0.,-1.));
#9008=AXIS2_PLACEMENT_3D('',#9005,#9006,#9007);
#9009=CYLINDRICAL_SURFACE('',#9008,2.7);
#9010=ORIENTED_EDGE('',*,*,#5545,.T.);
#9011=ORIENTED_EDGE('',*,*,#5744,.T.);
#9012=ORIENTED_EDGE('',*,*,#5841,.T.);
#9013=ORIENTED_EDGE('',*,*,#5910,.F.);
#9014=EDGE_LOOP('',(#9010,#9011,#9012,#9013));
#9015=FACE_BOUND('',#9014,.T.);
#9016=ADVANCED_FACE('',(#9015),#9009,.F.);
#9017=CARTESIAN_POINT('',(157.953473917,747.443915115,5.8975));
#9018=DIRECTION('',(-0.,-1.,0.));
#9019=DIRECTION('',(0.,-0.,-1.));
#9020=AXIS2_PLACEMENT_3D('',#9017,#9018,#9019);
#9021=CYLINDRICAL_SURFACE('',#9020,2.7);
#9022=ORIENTED_EDGE('',*,*,#5587,.T.);
#9023=ORIENTED_EDGE('',*,*,#6029,.T.);
#9024=ORIENTED_EDGE('',*,*,#6051,.T.);
#9025=ORIENTED_EDGE('',*,*,#5686,.T.);
#9026=EDGE_LOOP('',(#9022,#9023,#9024,#9025));
#9027=FACE_BOUND('',#9026,.T.);
#9028=ADVANCED_FACE('',(#9027),#9021,.F.);
#9029=CLOSED_SHELL('',(#215,#950,#1075,#1198,#1231,#1264,#1305,#1537,#1792,#1832,#1873,#1891,#1931,#1971,#2012,#2034,#2058,#2082,#2106,#2123,#2140,#2164,#2182,#2200,#2224,#2241,
#2258,#2270,#2294,#2318,#2342,#2359,#2376,#2400,#2418,#2436,#2460,#2477,#2494,#2506,#2518,#2530,#2570,#2675,#2708,#2822,#2865,#2907,#2949,#2982,#3014,
#3057,#3089,#3121,#3152,#3175,#3206,#3223,#3246,#3269,#3293,#3326,#3348,#3371,#3495,#3553,#3617,#3667,#3685,#3703,#3721,#3733,#3760,#3779,#3819,#3856,
#3880,#3914,#3926,#3944,#3962,#3974,#3992,#4032,#4052,#4071,#4547,#4951,#4975,#5006,#5023,#5041,#5059,#5083,#5100,#5117,#5135,#5153,#5170,#5188,#5206,
#5223,#5240,#5258,#5276,#5294,#5312,#5329,#5346,#5358,#5398,#5506,#5530,#5573,#5615,#5657,#5690,#5722,#5765,#5797,#5829,#5860,#5883,#5914,#5931,#5954,
#5977,#6001,#6034,#6056,#6079,#6203,#6261,#6325,#6375,#6393,#6411,#6429,#6441,#6468,#6487,#6527,#6564,#6588,#6622,#6634,#6652,#6670,#6682,#6700,#6740,
#6760,#6779,#7255,#7659,#7683,#7714,#7731,#7749,#7767,#7791,#7808,#7825,#7843,#7861,#7878,#7896,#7914,#7931,#7948,#7966,#7984,#8002,#8020,#8037,#8054,
#8066,#8106,#8147,#8178,#8218,#8259,#8290,#8312,#8330,#8354,#8372,#8389,#8406,#8430,#8448,#8466,#8490,#8507,#8524,#8536,#8560,#8584,#8602,#8619,#8636,
#8660,#8678,#8696,#8714,#8731,#8748,#8760,#8772,#8784,#8796,#8948,#8966,#8979,#8992,#9004,#9016,#9028));
#9030=MANIFOLD_SOLID_BREP('Schienenkopf 7.5mm (7)',#9029);
#9031=COLOUR_RGB('',0.627451003,0.627451003,0.643137276);
#9032=FILL_AREA_STYLE_COLOUR('',#9031);
#9033=FILL_AREA_STYLE('',(#9032));
#9034=SURFACE_STYLE_FILL_AREA(#9033);
#9035=SURFACE_SIDE_STYLE('',(#9034));
#9036=SURFACE_STYLE_USAGE(.BOTH.,#9035);
#9037=PRESENTATION_STYLE_ASSIGNMENT((#9036));
#54=STYLED_ITEM('',(#9037),#9030);
#35=SHAPE_REPRESENTATION('Kleinkopf (2 Wege, 90 grad)',(#15),#33);
#36=ADVANCED_BREP_SHAPE_REPRESENTATION('Kleinkopf (2 Wege, 90 grad)',(#9030),#33);
#9045=SHAPE_REPRESENTATION_RELATIONSHIP('','',#35,#36);
#9046=CARTESIAN_POINT('',(0.,0.,0.));
#9047=DIRECTION('',(0.,0.,1.));
#9048=DIRECTION('',(1.,0.,0.));
#9049=AXIS2_PLACEMENT_3D('',#9046,#9047,#9048);
#9051=MAPPED_ITEM('',#9050,#9049);
#9050=REPRESENTATION_MAP(#9049,#35);
#9052=APPLICATION_CONTEXT('Managed model based 3d engineering');
#9053=APPLICATION_PROTOCOL_DEFINITION('international standard','ap242_managed_model_based_3d_engineering',2014,#9052);
#9054=PRODUCT_CONTEXT('',#9052,'mechanical');
#9055=PRODUCT_DEFINITION_CONTEXT('part definition',#9052,'design');
#43=PRODUCT('Kleinkopf (2 Wege, 90 grad)','Kleinkopf (2 Wege, 90 grad)','',(#9054));
#9056=PRODUCT_RELATED_PRODUCT_CATEGORY('part','',(#43));
#9057=PRODUCT_DEFINITION_FORMATION_WITH_SPECIFIED_SOURCE('','',#43,.NOT_KNOWN.);
#44=PRODUCT_DEFINITION('design','',#9057,#9055);
#42=PRODUCT_DEFINITION_SHAPE('','',#44);
#9058=SHAPE_DEFINITION_REPRESENTATION(#42,#35);
#34=DRAUGHTING_MODEL('',(#9051),#33);
#16=SHAPE_REPRESENTATION('root',(#15,#48),#10);
#9059=CARTESIAN_POINT('',(0.,0.,0.));
#9060=DIRECTION('',(0.,0.,1.));
#9061=DIRECTION('',(1.,0.,0.));
#9062=AXIS2_PLACEMENT_3D('',#9059,#9060,#9061);
#9064=MAPPED_ITEM('',#9063,#9062);
#9063=REPRESENTATION_MAP(#9062,#16);
#24=PRODUCT('root','root','',(#9054));
#9065=PRODUCT_RELATED_PRODUCT_CATEGORY('part','',(#24));
#9066=PRODUCT_DEFINITION_FORMATION_WITH_SPECIFIED_SOURCE('','',#24,.NOT_KNOWN.);
#25=PRODUCT_DEFINITION('design','',#9066,#9055);
#23=PRODUCT_DEFINITION_SHAPE('','',#25);
#9067=SHAPE_DEFINITION_REPRESENTATION(#23,#16);
#11=DRAUGHTING_MODEL('',(#9064),#10);
#9068=DESCRIPTIVE_REPRESENTATION_ITEM('KEY','C:\\Users\\Ruben\\AppData\\Local\\Packages\\Shapr3D.Shapr3D_dvv5p1vgwv6mp\\TempState\\da680d78-4888-4cb0-addd-93bfab860fef.tmp');
#9069=PROPERTY_DEFINITION('KEY','',#25);
#9070=REPRESENTATION('',(#9068),#10);
#9071=PROPERTY_DEFINITION_REPRESENTATION(#9069,#9070);
#9072=GENERAL_PROPERTY('','KEY','');
#9073=GENERAL_PROPERTY_ASSOCIATION('','',#9072,#9069);
#1=MECHANICAL_DESIGN_GEOMETRIC_PRESENTATION_REPRESENTATION('',(#223,#1076,#1199,#1232,#1265,#1538,#1833,#1972,#2676,#2709,#2823,#3820,#4033,#5507,#5531,#6528,#6741,#8107,#8219,#8967,#8980,#54),#10);
ENDSEC;
END-ISO-10303-21;
