ISO-10303-21;
HEADER;

/* File generated by Shapr3D Version 26.0.10296.0 */

FILE_DESCRIPTION(('HOOPS Exchange Step'),'2;1');

FILE_NAME('C:\\Users\\Ruben\\AppData\\Local\\Packages\\Shapr3D.Shapr3D_dvv5p1vgwv6mp\\TempState\\export\\temp_export',
'2026-01-29T19:52:14+01:00',
('Ruben'),
('Shapr3D Limited'),
'HOOPS Exchange 2025.9',
'Shapr3D',
'Authorized');

FILE_SCHEMA( ('AP242_MANAGED_MODEL_BASED_3D_ENGINEERING_MIM_LF {1 0 10303 442 1 1 4}') );

ENDSEC;

DATA;
#3=(NAMED_UNIT(*)PLANE_ANGLE_UNIT()SI_UNIT($,.RADIAN.));
#4=PLANE_ANGLE_MEASURE_WITH_UNIT(PLANE_ANGLE_MEASURE(0.0174532925),#3);
#5=(CONVERSION_BASED_UNIT('DEGREE',#4)NAMED_UNIT(#6)PLANE_ANGLE_UNIT());
#6=DIMENSIONAL_EXPONENTS(0.,0.,0.,0.,0.,0.,0.);
#7=(NAMED_UNIT(*)SI_UNIT($,.STERADIAN.)SOLID_ANGLE_UNIT());
#8=(LENGTH_UNIT()NAMED_UNIT(*)SI_UNIT(.MILLI.,.METRE.));
#9=UNCERTAINTY_MEASURE_WITH_UNIT(LENGTH_MEASURE(1.000000E-03),#8,'DISTANCE_ACCURACY_VALUE','Maximum Tolerance applied to model');
#10=(GEOMETRIC_REPRESENTATION_CONTEXT(3)GLOBAL_UNCERTAINTY_ASSIGNED_CONTEXT((#9))GLOBAL_UNIT_ASSIGNED_CONTEXT((#8,#5,#7))REPRESENTATION_CONTEXT('','root'));
#12=CARTESIAN_POINT('',(0.,0.,0.));
#13=DIRECTION('',(0.,0.,1.));
#14=DIRECTION('',(1.,0.,0.));
#15=AXIS2_PLACEMENT_3D('',#12,#13,#14);
#26=(NAMED_UNIT(*)PLANE_ANGLE_UNIT()SI_UNIT($,.RADIAN.));
#27=PLANE_ANGLE_MEASURE_WITH_UNIT(PLANE_ANGLE_MEASURE(0.0174532925),#26);
#28=(CONVERSION_BASED_UNIT('DEGREE',#27)NAMED_UNIT(#29)PLANE_ANGLE_UNIT());
#29=DIMENSIONAL_EXPONENTS(0.,0.,0.,0.,0.,0.,0.);
#30=(NAMED_UNIT(*)SI_UNIT($,.STERADIAN.)SOLID_ANGLE_UNIT());
#31=(LENGTH_UNIT()NAMED_UNIT(*)SI_UNIT(.MILLI.,.METRE.));
#32=UNCERTAINTY_MEASURE_WITH_UNIT(LENGTH_MEASURE(1.000000E-05),#31,'DISTANCE_ACCURACY_VALUE','Maximum Tolerance applied to model');
#33=(GEOMETRIC_REPRESENTATION_CONTEXT(3)GLOBAL_UNCERTAINTY_ASSIGNED_CONTEXT((#32))GLOBAL_UNIT_ASSIGNED_CONTEXT((#31,#28,#30))REPRESENTATION_CONTEXT('','Kleinkopf (2 Wege, 120 grad)'));
#45=CARTESIAN_POINT('',(0.,0.,0.));
#46=DIRECTION('',(0.,0.,1.));
#47=DIRECTION('',(1.,0.,-0.));
#48=AXIS2_PLACEMENT_3D('',#45,#46,#47);
#49=ITEM_DEFINED_TRANSFORMATION('','',#48,#15);
#50=(REPRESENTATION_RELATIONSHIP('','',#35,#16)REPRESENTATION_RELATIONSHIP_WITH_TRANSFORMATION(#49)SHAPE_REPRESENTATION_RELATIONSHIP());
#51=NEXT_ASSEMBLY_USAGE_OCCURRENCE('Kleinkopf (2 Wege, 120 grad)_1','Kleinkopf (2 Wege, 120 grad)','Kleinkopf (2 Wege, 120 grad)',#25,#44,$);
#52=PRODUCT_DEFINITION_SHAPE('','',#51);
#53=CONTEXT_DEPENDENT_SHAPE_REPRESENTATION(#50,#52);
#55=CARTESIAN_POINT('',(289.647517879,799.622601402,9.826508956));
#56=DIRECTION('',(0.,1.,0.));
#57=DIRECTION('',(1.,-0.,0.));
#58=AXIS2_PLACEMENT_3D('',#55,#56,#57);
#59=PLANE('',#58);
#60=CARTESIAN_POINT('',(265.847517879,799.622601402,9.128453108));
#61=VERTEX_POINT('',#60);
#62=CARTESIAN_POINT('',(265.847517879,799.622601402,0.526508956));
#63=VERTEX_POINT('',#62);
#64=CARTESIAN_POINT('',(265.847517879,799.622601402,9.128453108));
#65=DIRECTION('',(0.,-0.,-1.));
#66=VECTOR('',#65,8.601944152);
#67=LINE('',#64,#66);
#68=EDGE_CURVE('',#61,#63,#67,.T.);
#69=ORIENTED_EDGE('',*,*,#68,.T.);
#70=CARTESIAN_POINT('',(274.947517879,799.622601402,0.526508956));
#71=VERTEX_POINT('',#70);
#72=CARTESIAN_POINT('',(265.847517879,799.622601402,0.526508956));
#73=DIRECTION('',(1.,-0.,0.));
#74=VECTOR('',#73,9.1);
#75=LINE('',#72,#74);
#76=EDGE_CURVE('',#63,#71,#75,.T.);
#77=ORIENTED_EDGE('',*,*,#76,.T.);
#78=CARTESIAN_POINT('',(274.947517879,799.622601402,9.133220045));
#79=VERTEX_POINT('',#78);
#80=CARTESIAN_POINT('',(274.947517879,799.622601402,0.526508956));
#81=DIRECTION('',(-0.,-0.,1.));
#82=VECTOR('',#81,8.606711089);
#83=LINE('',#80,#82);
#84=EDGE_CURVE('',#71,#79,#83,.T.);
#85=ORIENTED_EDGE('',*,*,#84,.T.);
#86=CARTESIAN_POINT('',(274.947518068,799.622601402,9.133222835));
#87=CARTESIAN_POINT('',(273.431718852,799.622601402,9.145828078));
#88=CARTESIAN_POINT('',(271.914994919,799.622601403,9.144810133));
#89=CARTESIAN_POINT('',(270.398122207,799.622601403,9.141600334));
#90=CARTESIAN_POINT('',(268.881249495,799.622601403,9.138390535));
#91=CARTESIAN_POINT('',(267.364386811,799.622601402,9.132911049));
#92=CARTESIAN_POINT('',(265.847517869,799.622601402,9.128456296));
#93=B_SPLINE_CURVE_WITH_KNOTS('',3,(#86,#87,#88,#89,#90,#91,#92),.UNSPECIFIED.,.F.,.F.,(4,3,4),(0.161275902,0.16582653,0.170377158),.UNSPECIFIED.);
#94=EDGE_CURVE('',#79,#61,#93,.T.);
#95=ORIENTED_EDGE('',*,*,#94,.T.);
#96=EDGE_LOOP('',(#69,#77,#85,#95));
#97=FACE_BOUND('',#96,.T.);
#98=ADVANCED_FACE('',(#97),#59,.F.);
#99=COLOUR_RGB('',0.494117647,0.494117647,0.525490224);
#100=FILL_AREA_STYLE_COLOUR('',#99);
#101=FILL_AREA_STYLE('',(#100));
#102=SURFACE_STYLE_FILL_AREA(#101);
#103=SURFACE_SIDE_STYLE('',(#102));
#104=SURFACE_STYLE_USAGE(.BOTH.,#103);
#105=PRESENTATION_STYLE_ASSIGNMENT((#104));
#106=OVER_RIDING_STYLED_ITEM('',(#105),#98,#54);
#107=CARTESIAN_POINT('',(289.647517879,799.622601402,9.826508956));
#108=DIRECTION('',(0.,1.,0.));
#109=DIRECTION('',(1.,-0.,0.));
#110=AXIS2_PLACEMENT_3D('',#107,#108,#109);
#111=PLANE('',#110);
#112=CARTESIAN_POINT('',(313.447517879,799.622601402,9.129559911));
#113=VERTEX_POINT('',#112);
#114=CARTESIAN_POINT('',(304.347517879,799.622601402,9.135659224));
#115=VERTEX_POINT('',#114);
#116=CARTESIAN_POINT('',(313.447517879,799.622601402,9.126508956));
#117=DIRECTION('',(-1.,0.,-0.));
#118=VECTOR('',#117,9.1);
#119=LINE('',#116,#118);
#120=EDGE_CURVE('',#113,#115,#119,.T.);
#121=ORIENTED_EDGE('',*,*,#120,.T.);
#122=CARTESIAN_POINT('',(304.347517879,799.622601402,0.526508956));
#123=VERTEX_POINT('',#122);
#124=CARTESIAN_POINT('',(304.347517879,799.622601402,9.135659224));
#125=DIRECTION('',(0.,0.,-1.));
#126=VECTOR('',#125,8.609150268);
#127=LINE('',#124,#126);
#128=EDGE_CURVE('',#115,#123,#127,.T.);
#129=ORIENTED_EDGE('',*,*,#128,.T.);
#130=CARTESIAN_POINT('',(313.447517879,799.622601402,0.526508956));
#131=VERTEX_POINT('',#130);
#132=CARTESIAN_POINT('',(304.347517879,799.622601402,0.526508956));
#133=DIRECTION('',(1.,-0.,0.));
#134=VECTOR('',#133,9.1);
#135=LINE('',#132,#134);
#136=EDGE_CURVE('',#123,#131,#135,.T.);
#137=ORIENTED_EDGE('',*,*,#136,.T.);
#138=CARTESIAN_POINT('',(313.447517879,799.622601402,0.526508956));
#139=DIRECTION('',(-0.,0.,1.));
#140=VECTOR('',#139,8.603050955);
#141=LINE('',#138,#140);
#142=EDGE_CURVE('',#131,#113,#141,.T.);
#143=ORIENTED_EDGE('',*,*,#142,.T.);
#144=EDGE_LOOP('',(#121,#129,#137,#143));
#145=FACE_BOUND('',#144,.T.);
#146=ADVANCED_FACE('',(#145),#111,.F.);
#147=OVER_RIDING_STYLED_ITEM('',(#105),#146,#54);
#148=CARTESIAN_POINT('',(265.847517879,799.622601402,9.128453108));
#149=CARTESIAN_POINT('',(265.847249231,799.622601402,9.219929063));
#150=CARTESIAN_POINT('',(265.846980554,799.640759543,9.31137185));
#151=CARTESIAN_POINT('',(265.846483908,799.710661728,9.480442655));
#152=CARTESIAN_POINT('',(265.846256061,799.762378867,9.558007522));
#153=CARTESIAN_POINT('',(265.845875549,799.891575642,9.687543416));
#154=CARTESIAN_POINT('',(265.845723033,799.969004783,9.739463815));
#155=CARTESIAN_POINT('',(265.845516392,800.137892192,9.809809386));
#156=CARTESIAN_POINT('',(265.845462349,800.229284455,9.828207063));
#157=CARTESIAN_POINT('',(265.845461642,800.320760227,9.828447667));
#158=CARTESIAN_POINT('',(267.364387007,799.622601402,9.132907861));
#159=CARTESIAN_POINT('',(267.364078123,799.622601402,9.224037639));
#160=CARTESIAN_POINT('',(267.363769224,799.640620476,9.315134924));
#161=CARTESIAN_POINT('',(267.363197907,799.710007468,9.483669577));
#162=CARTESIAN_POINT('',(267.362935637,799.761349093,9.561044998));
#163=CARTESIAN_POINT('',(267.362497022,799.889672881,9.690473904));
#164=CARTESIAN_POINT('',(267.362320846,799.966605651,9.742477567));
#165=CARTESIAN_POINT('',(267.362081056,800.134541164,9.813308352));
#166=CARTESIAN_POINT('',(267.362017535,800.225479267,9.832108208));
#167=CARTESIAN_POINT('',(267.362015128,800.316607556,9.83289057));
#168=CARTESIAN_POINT('',(268.881252892,799.622601402,9.138435095));
#169=CARTESIAN_POINT('',(268.880969477,799.622601402,9.229067955));
#170=CARTESIAN_POINT('',(268.880686169,799.640421495,9.319666678));
#171=CARTESIAN_POINT('',(268.880161488,799.709072832,9.487429417));
#172=CARTESIAN_POINT('',(268.879920311,799.759878219,9.564530246));
#173=CARTESIAN_POINT('',(268.879515805,799.886952997,9.693795729));
#174=CARTESIAN_POINT('',(268.879352627,799.963174526,9.745911695));
#175=CARTESIAN_POINT('',(268.879128453,800.12974069,9.817421006));
#176=CARTESIAN_POINT('',(268.879067541,800.220022589,9.836787415));
#177=CARTESIAN_POINT('',(268.879062289,800.310643494,9.838336828));
#178=CARTESIAN_POINT('',(271.914998693,799.622601402,9.144854762));
#179=CARTESIAN_POINT('',(271.914899633,799.622601402,9.234968334));
#180=CARTESIAN_POINT('',(271.914800608,799.640215297,9.325048735));
#181=CARTESIAN_POINT('',(271.914617002,799.708101329,9.492001878));
#182=CARTESIAN_POINT('',(271.914532487,799.758348478,9.568813161));
#183=CARTESIAN_POINT('',(271.914390299,799.884120882,9.697899532));
#184=CARTESIAN_POINT('',(271.914332677,799.959599839,9.750127099));
#185=CARTESIAN_POINT('',(271.91425274,800.1247322,9.822331646));
#186=CARTESIAN_POINT('',(271.914230455,800.214324817,9.842282043));
#187=CARTESIAN_POINT('',(271.91422747,800.304408828,9.844625196));
#188=CARTESIAN_POINT('',(273.431719782,799.622601402,9.145828077));
#189=CARTESIAN_POINT('',(273.431940324,799.622601761,9.235899752));
#190=CARTESIAN_POINT('',(273.43216079,799.640196735,9.325938304));
#191=CARTESIAN_POINT('',(273.432571175,799.708013028,9.492830683));
#192=CARTESIAN_POINT('',(273.432760962,799.758209473,9.56962326));
#193=CARTESIAN_POINT('',(273.433083531,799.883867142,9.698711648));
#194=CARTESIAN_POINT('',(273.433216208,799.959282273,9.750960067));
#195=CARTESIAN_POINT('',(273.433405984,800.124299229,9.823250189));
#196=CARTESIAN_POINT('',(273.433463019,800.213840513,9.843265325));
#197=CARTESIAN_POINT('',(273.433478206,800.303892129,9.845690204));
#198=CARTESIAN_POINT('',(274.947519184,799.622601402,9.133222826));
#199=CARTESIAN_POINT('',(274.948276671,799.622601765,9.224302265));
#200=CARTESIAN_POINT('',(274.949033862,799.640601664,9.315346641));
#201=CARTESIAN_POINT('',(274.950434853,799.709919057,9.483802237));
#202=CARTESIAN_POINT('',(274.951078114,799.761209921,9.561148741));
#203=CARTESIAN_POINT('',(274.952154341,799.889415101,9.690556721));
#204=CARTESIAN_POINT('',(274.952586892,799.966280163,9.742568482));
#205=CARTESIAN_POINT('',(274.953176435,800.134084515,9.813459269));
#206=CARTESIAN_POINT('',(274.9533332,800.224959338,9.83231106));
#207=CARTESIAN_POINT('',(274.953340281,800.316037923,9.833165057));
#208=B_SPLINE_SURFACE_WITH_KNOTS('',3,3,((#148,#149,#150,#151,#152,#153,#154,#155,#156,#157),(#158,#159,#160,#161,#162,#163,#164,#165,#166,#167),(#168,#169,#170,#171,#172,#173,#174,#175,#176,#177),(#178,#179,#180,#181,#182,#183,#184,#185,#186,#187),(#188,#189,#190,#191,#192,#193,#194,#195,#196,#197),(#198,#199,#200,#201,#202,#203,#204,#205,#206,#207)),.UNSPECIFIED.,.F.,.F.,.U.,(4,2,4),(4,2,2,2,4),(0.161275902,0.16582653,0.170377159),(0.,0.25,0.5,0.75,1.),.UNSPECIFIED.);
#209=ORIENTED_EDGE('',*,*,#94,.F.);
#210=CARTESIAN_POINT('',(274.953338554,800.316037931,9.833165072));
#211=VERTEX_POINT('',#210);
#212=CARTESIAN_POINT('',(274.947517879,800.322601402,9.133220045));
#213=DIRECTION('',(-0.999965425,0.,0.008315616));
#214=DIRECTION('',(0.008315616,0.,0.999965425));
#215=AXIS2_PLACEMENT_3D('',#212,#213,#214);
#216=CIRCLE('',#215,0.7);
#217=EDGE_CURVE('',#79,#211,#216,.T.);
#218=ORIENTED_EDGE('',*,*,#217,.T.);
#219=CARTESIAN_POINT('',(265.845462129,800.320760164,9.828447668));
#220=VERTEX_POINT('',#219);
#221=CARTESIAN_POINT('',(265.845461735,800.320760227,9.828447667));
#222=CARTESIAN_POINT('',(267.362015205,800.316607556,9.832890571));
#223=CARTESIAN_POINT('',(268.879063085,800.310635861,9.838336734));
#224=CARTESIAN_POINT('',(270.396645649,800.307518527,9.841480849));
#225=CARTESIAN_POINT('',(271.914228212,800.304401193,9.844624964));
#226=CARTESIAN_POINT('',(273.433478222,800.303892129,9.845690204));
#227=CARTESIAN_POINT('',(274.953340281,800.316037923,9.833165057));
#228=B_SPLINE_CURVE_WITH_KNOTS('',3,(#221,#222,#223,#224,#225,#226,#227),.UNSPECIFIED.,.F.,.F.,(4,3,4),(0.161275902,0.16582653,0.170377159),.UNSPECIFIED.);
#229=EDGE_CURVE('',#220,#211,#228,.T.);
#230=ORIENTED_EDGE('',*,*,#229,.F.);
#231=CARTESIAN_POINT('',(265.847517879,800.322601402,9.128453108));
#232=DIRECTION('',(0.999995688,-0.,0.002936795));
#233=DIRECTION('',(-0.002936795,0.,0.999995688));
#234=AXIS2_PLACEMENT_3D('',#231,#232,#233);
#235=CIRCLE('',#234,0.7);
#236=EDGE_CURVE('',#220,#61,#235,.T.);
#237=ORIENTED_EDGE('',*,*,#236,.T.);
#238=EDGE_LOOP('',(#209,#218,#230,#237));
#239=FACE_BOUND('',#238,.T.);
#240=ADVANCED_FACE('',(#239),#208,.T.);
#241=CARTESIAN_POINT('',(265.147517879,805.822613542,5.887940363));
#242=DIRECTION('',(1.,-0.,0.));
#243=DIRECTION('',(0.,0.,-1.));
#244=AXIS2_PLACEMENT_3D('',#241,#242,#243);
#245=PLANE('',#244);
#246=CARTESIAN_POINT('',(265.147517879,815.995668361,0.526508956));
#247=VERTEX_POINT('',#246);
#248=CARTESIAN_POINT('',(265.147517879,815.995668361,9.126508956));
#249=VERTEX_POINT('',#248);
#250=CARTESIAN_POINT('',(265.147517879,815.995668361,0.526508956));
#251=DIRECTION('',(-0.,0.,1.));
#252=VECTOR('',#251,8.6);
#253=LINE('',#250,#252);
#254=EDGE_CURVE('',#247,#249,#253,.T.);
#255=ORIENTED_EDGE('',*,*,#254,.F.);
#256=CARTESIAN_POINT('',(265.147517879,800.322601402,0.526508956));
#257=VERTEX_POINT('',#256);
#258=CARTESIAN_POINT('',(265.147517879,815.995668361,0.526508956));
#259=DIRECTION('',(-0.,-1.,-0.));
#260=VECTOR('',#259,15.673066959);
#261=LINE('',#258,#260);
#262=EDGE_CURVE('',#247,#257,#261,.T.);
#263=ORIENTED_EDGE('',*,*,#262,.T.);
#264=CARTESIAN_POINT('',(265.147517879,800.322601402,9.128453108));
#265=VERTEX_POINT('',#264);
#266=CARTESIAN_POINT('',(265.147517879,800.322601402,0.526508956));
#267=DIRECTION('',(-0.,0.,1.));
#268=VECTOR('',#267,8.601944152);
#269=LINE('',#266,#268);
#270=EDGE_CURVE('',#257,#265,#269,.T.);
#271=ORIENTED_EDGE('',*,*,#270,.T.);
#272=CARTESIAN_POINT('',(265.147517879,800.322601402,9.126508956));
#273=DIRECTION('',(0.,1.,0.));
#274=VECTOR('',#273,15.673066959);
#275=LINE('',#272,#274);
#276=EDGE_CURVE('',#265,#249,#275,.T.);
#277=ORIENTED_EDGE('',*,*,#276,.T.);
#278=EDGE_LOOP('',(#255,#263,#271,#277));
#279=FACE_BOUND('',#278,.T.);
#280=ADVANCED_FACE('',(#279),#245,.F.);
#281=CARTESIAN_POINT('',(314.147517879,805.822613542,5.887940363));
#282=DIRECTION('',(-1.,0.,-0.));
#283=DIRECTION('',(-0.,0.,1.));
#284=AXIS2_PLACEMENT_3D('',#281,#282,#283);
#285=PLANE('',#284);
#286=CARTESIAN_POINT('',(314.147517879,800.322601402,9.129559911));
#287=VERTEX_POINT('',#286);
#288=CARTESIAN_POINT('',(314.147517879,800.322601402,0.526508956));
#289=VERTEX_POINT('',#288);
#290=CARTESIAN_POINT('',(314.147517879,800.322601402,9.129559911));
#291=DIRECTION('',(0.,-0.,-1.));
#292=VECTOR('',#291,8.603050955);
#293=LINE('',#290,#292);
#294=EDGE_CURVE('',#287,#289,#293,.T.);
#295=ORIENTED_EDGE('',*,*,#294,.T.);
#296=CARTESIAN_POINT('',(314.147517879,815.995668361,0.526508956));
#297=VERTEX_POINT('',#296);
#298=CARTESIAN_POINT('',(314.147517879,800.322601402,0.526508956));
#299=DIRECTION('',(0.,1.,0.));
#300=VECTOR('',#299,15.673066959);
#301=LINE('',#298,#300);
#302=EDGE_CURVE('',#289,#297,#301,.T.);
#303=ORIENTED_EDGE('',*,*,#302,.T.);
#304=CARTESIAN_POINT('',(314.147517879,815.995668361,9.126508956));
#305=VERTEX_POINT('',#304);
#306=CARTESIAN_POINT('',(314.147517879,815.995668361,9.126508956));
#307=DIRECTION('',(0.,0.,-1.));
#308=VECTOR('',#307,8.6);
#309=LINE('',#306,#308);
#310=EDGE_CURVE('',#305,#297,#309,.T.);
#311=ORIENTED_EDGE('',*,*,#310,.F.);
#312=CARTESIAN_POINT('',(314.147517879,815.995668361,9.126508956));
#313=DIRECTION('',(-0.,-1.,-0.));
#314=VECTOR('',#313,15.673066959);
#315=LINE('',#312,#314);
#316=EDGE_CURVE('',#305,#287,#315,.T.);
#317=ORIENTED_EDGE('',*,*,#316,.T.);
#318=EDGE_LOOP('',(#295,#303,#311,#317));
#319=FACE_BOUND('',#318,.T.);
#320=ADVANCED_FACE('',(#319),#285,.F.);
#321=CARTESIAN_POINT('',(289.647517879,850.995668361,-0.173491044));
#322=DIRECTION('',(-0.,0.,1.));
#323=DIRECTION('',(1.,0.,0.));
#324=AXIS2_PLACEMENT_3D('',#321,#322,#323);
#325=PLANE('',#324);
#326=CARTESIAN_POINT('',(308.22079202,857.607192588,-0.173491044));
#327=VERTEX_POINT('',#326);
#328=CARTESIAN_POINT('',(296.607824269,850.902442531,-0.173491044));
#329=VERTEX_POINT('',#328);
#330=CARTESIAN_POINT('',(308.22079202,857.607192588,-0.173491044));
#331=DIRECTION('',(-0.866025404,-0.5,-0.));
#332=VECTOR('',#331,13.409500114);
#333=LINE('',#330,#332);
#334=EDGE_CURVE('',#327,#329,#333,.T.);
#335=ORIENTED_EDGE('',*,*,#334,.T.);
#336=CARTESIAN_POINT('',(311.107824269,825.787705821,-0.173491044));
#337=VERTEX_POINT('',#336);
#338=CARTESIAN_POINT('',(296.607824269,850.902442531,-0.173491044));
#339=CARTESIAN_POINT('',(311.107824269,825.787705821,-0.173491044));
#340=B_SPLINE_CURVE_WITH_KNOTS('',1,(#338,#339),.UNSPECIFIED.,.F.,.F.,(2,2),(0.,1.),.UNSPECIFIED.);
#341=EDGE_CURVE('',#329,#337,#340,.T.);
#342=ORIENTED_EDGE('',*,*,#341,.T.);
#343=CARTESIAN_POINT('',(322.72079202,832.492455878,-0.173491044));
#344=VERTEX_POINT('',#343);
#345=CARTESIAN_POINT('',(311.107824269,825.787705821,-0.173491044));
#346=DIRECTION('',(0.866025404,0.5,0.));
#347=VECTOR('',#346,13.409500114);
#348=LINE('',#345,#347);
#349=EDGE_CURVE('',#337,#344,#348,.T.);
#350=ORIENTED_EDGE('',*,*,#349,.T.);
#351=CARTESIAN_POINT('',(327.37079202,824.438419623,-0.173491044));
#352=VERTEX_POINT('',#351);
#353=CARTESIAN_POINT('',(322.72079202,832.492455878,-0.173491044));
#354=DIRECTION('',(0.5,-0.866025404,0.));
#355=VECTOR('',#354,9.3);
#356=LINE('',#353,#355);
#357=EDGE_CURVE('',#344,#352,#356,.T.);
#358=ORIENTED_EDGE('',*,*,#357,.T.);
#359=CARTESIAN_POINT('',(313.447517879,816.399813549,-0.173491044));
#360=VERTEX_POINT('',#359);
#361=CARTESIAN_POINT('',(327.37079202,824.438419623,-0.173491044));
#362=DIRECTION('',(-0.866025404,-0.5,-0.));
#363=VECTOR('',#362,16.077212147);
#364=LINE('',#361,#363);
#365=EDGE_CURVE('',#352,#360,#364,.T.);
#366=ORIENTED_EDGE('',*,*,#365,.T.);
#367=CARTESIAN_POINT('',(313.447517879,800.322601402,-0.173491044));
#368=VERTEX_POINT('',#367);
#369=CARTESIAN_POINT('',(313.447517879,816.399813549,-0.173491044));
#370=DIRECTION('',(-0.,-1.,-0.));
#371=VECTOR('',#370,16.077212147);
#372=LINE('',#369,#371);
#373=EDGE_CURVE('',#360,#368,#372,.T.);
#374=ORIENTED_EDGE('',*,*,#373,.T.);
#375=CARTESIAN_POINT('',(304.347517879,800.322601402,-0.173491044));
#376=VERTEX_POINT('',#375);
#377=CARTESIAN_POINT('',(313.447517879,800.322601402,-0.173491044));
#378=DIRECTION('',(-1.,0.,-0.));
#379=VECTOR('',#378,9.1);
#380=LINE('',#377,#379);
#381=EDGE_CURVE('',#368,#376,#380,.T.);
#382=ORIENTED_EDGE('',*,*,#381,.T.);
#383=CARTESIAN_POINT('',(304.347517879,814.322601402,-0.173491044));
#384=VERTEX_POINT('',#383);
#385=CARTESIAN_POINT('',(304.347517879,800.322601402,-0.173491044));
#386=DIRECTION('',(0.,1.,0.));
#387=VECTOR('',#386,14.);
#388=LINE('',#385,#387);
#389=EDGE_CURVE('',#376,#384,#388,.T.);
#390=ORIENTED_EDGE('',*,*,#389,.T.);
#391=CARTESIAN_POINT('',(274.947517879,814.322601402,-0.173491044));
#392=VERTEX_POINT('',#391);
#393=CARTESIAN_POINT('',(304.347517879,814.322601402,-0.173491044));
#394=DIRECTION('',(-1.,0.,-0.));
#395=VECTOR('',#394,29.4);
#396=LINE('',#393,#395);
#397=EDGE_CURVE('',#384,#392,#396,.T.);
#398=ORIENTED_EDGE('',*,*,#397,.T.);
#399=CARTESIAN_POINT('',(274.947517879,800.322601402,-0.173491044));
#400=VERTEX_POINT('',#399);
#401=CARTESIAN_POINT('',(274.947517879,814.322601402,-0.173491044));
#402=DIRECTION('',(-0.,-1.,-0.));
#403=VECTOR('',#402,14.);
#404=LINE('',#401,#403);
#405=EDGE_CURVE('',#392,#400,#404,.T.);
#406=ORIENTED_EDGE('',*,*,#405,.T.);
#407=CARTESIAN_POINT('',(265.847517879,800.322601402,-0.173491044));
#408=VERTEX_POINT('',#407);
#409=CARTESIAN_POINT('',(274.947517879,800.322601402,-0.173491044));
#410=DIRECTION('',(-1.,0.,-0.));
#411=VECTOR('',#410,9.1);
#412=LINE('',#409,#411);
#413=EDGE_CURVE('',#400,#408,#412,.T.);
#414=ORIENTED_EDGE('',*,*,#413,.T.);
#415=CARTESIAN_POINT('',(265.847517879,816.399813549,-0.173491044));
#416=VERTEX_POINT('',#415);
#417=CARTESIAN_POINT('',(265.847517879,800.322601402,-0.173491044));
#418=DIRECTION('',(0.,1.,0.));
#419=VECTOR('',#418,16.077212147);
#420=LINE('',#417,#419);
#421=EDGE_CURVE('',#408,#416,#420,.T.);
#422=ORIENTED_EDGE('',*,*,#421,.T.);
#423=CARTESIAN_POINT('',(251.924243737,824.438419623,-0.173491044));
#424=VERTEX_POINT('',#423);
#425=CARTESIAN_POINT('',(265.847517879,816.399813549,-0.173491044));
#426=DIRECTION('',(-0.866025404,0.5,-0.));
#427=VECTOR('',#426,16.077212147);
#428=LINE('',#425,#427);
#429=EDGE_CURVE('',#416,#424,#428,.T.);
#430=ORIENTED_EDGE('',*,*,#429,.T.);
#431=CARTESIAN_POINT('',(256.574243737,832.492455878,-0.173491044));
#432=VERTEX_POINT('',#431);
#433=CARTESIAN_POINT('',(251.924243737,824.438419623,-0.173491044));
#434=DIRECTION('',(0.5,0.866025404,0.));
#435=VECTOR('',#434,9.3);
#436=LINE('',#433,#435);
#437=EDGE_CURVE('',#424,#432,#436,.T.);
#438=ORIENTED_EDGE('',*,*,#437,.T.);
#439=CARTESIAN_POINT('',(268.187211488,825.787705821,-0.173491044));
#440=VERTEX_POINT('',#439);
#441=CARTESIAN_POINT('',(256.574243737,832.492455878,-0.173491044));
#442=DIRECTION('',(0.866025404,-0.5,0.));
#443=VECTOR('',#442,13.409500114);
#444=LINE('',#441,#443);
#445=EDGE_CURVE('',#432,#440,#444,.T.);
#446=ORIENTED_EDGE('',*,*,#445,.T.);
#447=CARTESIAN_POINT('',(282.687211488,850.902442531,-0.173491044));
#448=VERTEX_POINT('',#447);
#449=CARTESIAN_POINT('',(268.187211488,825.787705821,-0.173491044));
#450=DIRECTION('',(0.5,0.866025404,0.));
#451=VECTOR('',#450,29.);
#452=LINE('',#449,#451);
#453=EDGE_CURVE('',#440,#448,#452,.T.);
#454=ORIENTED_EDGE('',*,*,#453,.T.);
#455=CARTESIAN_POINT('',(271.074243737,857.607192588,-0.173491044));
#456=VERTEX_POINT('',#455);
#457=CARTESIAN_POINT('',(282.687211488,850.902442531,-0.173491044));
#458=DIRECTION('',(-0.866025404,0.5,-0.));
#459=VECTOR('',#458,13.409500114);
#460=LINE('',#457,#459);
#461=EDGE_CURVE('',#448,#456,#460,.T.);
#462=ORIENTED_EDGE('',*,*,#461,.T.);
#463=CARTESIAN_POINT('',(275.724243737,865.661228843,-0.173491044));
#464=VERTEX_POINT('',#463);
#465=CARTESIAN_POINT('',(271.074243737,857.607192588,-0.173491044));
#466=DIRECTION('',(0.5,0.866025404,0.));
#467=VECTOR('',#466,9.3);
#468=LINE('',#465,#467);
#469=EDGE_CURVE('',#456,#464,#468,.T.);
#470=ORIENTED_EDGE('',*,*,#469,.T.);
#471=CARTESIAN_POINT('',(289.647517879,857.622622769,-0.173491044));
#472=VERTEX_POINT('',#471);
#473=CARTESIAN_POINT('',(275.724243737,865.661228843,-0.173491044));
#474=DIRECTION('',(0.866025404,-0.5,0.));
#475=VECTOR('',#474,16.077212147);
#476=LINE('',#473,#475);
#477=EDGE_CURVE('',#464,#472,#476,.T.);
#478=ORIENTED_EDGE('',*,*,#477,.T.);
#479=CARTESIAN_POINT('',(303.57079202,865.661228843,-0.173491044));
#480=VERTEX_POINT('',#479);
#481=CARTESIAN_POINT('',(289.647517879,857.622622769,-0.173491044));
#482=DIRECTION('',(0.866025404,0.5,0.));
#483=VECTOR('',#482,16.077212147);
#484=LINE('',#481,#483);
#485=EDGE_CURVE('',#472,#480,#484,.T.);
#486=ORIENTED_EDGE('',*,*,#485,.T.);
#487=CARTESIAN_POINT('',(303.57079202,865.661228843,-0.173491044));
#488=DIRECTION('',(0.5,-0.866025404,0.));
#489=VECTOR('',#488,9.3);
#490=LINE('',#487,#489);
#491=EDGE_CURVE('',#480,#327,#490,.T.);
#492=ORIENTED_EDGE('',*,*,#491,.T.);
#493=EDGE_LOOP('',(#335,#342,#350,#358,#366,#374,#382,#390,#398,#406,#414,#422,#430,#438,#446,#454,#462,#470,#478,#486,#492));
#494=FACE_BOUND('',#493,.T.);
#495=ADVANCED_FACE('',(#494),#325,.F.);
#496=OVER_RIDING_STYLED_ITEM('',(#105),#495,#54);
#497=CARTESIAN_POINT('',(252.06841623,800.368850933,9.778611022));
#498=CARTESIAN_POINT('',(252.058625034,801.591229666,9.77264503));
#499=CARTESIAN_POINT('',(252.037026976,804.273273441,9.762121659));
#500=CARTESIAN_POINT('',(252.003451137,808.418845286,9.760581096));
#501=CARTESIAN_POINT('',(251.971556796,812.808166496,9.782821661));
#502=CARTESIAN_POINT('',(251.951138477,816.467843763,9.80474045));
#503=CARTESIAN_POINT('',(251.94011234,819.392651125,9.814521148));
#504=CARTESIAN_POINT('',(251.932098421,821.586131172,9.819916797));
#505=CARTESIAN_POINT('',(251.926201298,823.414374393,9.827055668));
#506=CARTESIAN_POINT('',(251.922298949,824.876173189,9.828055485));
#507=CARTESIAN_POINT('',(251.919190181,825.972606736,9.826959316));
#508=CARTESIAN_POINT('',(251.915695815,827.069012476,9.820019243));
#509=CARTESIAN_POINT('',(251.911734557,828.164228093,9.80989598));
#510=CARTESIAN_POINT('',(251.906284376,829.258350777,9.808504177));
#511=CARTESIAN_POINT('',(251.898211897,830.716600511,9.821723611));
#512=CARTESIAN_POINT('',(251.892175037,831.836808373,9.8378181));
#513=CARTESIAN_POINT('',(251.888323592,832.592334211,9.848377014));
#514=CARTESIAN_POINT('',(251.88819392,832.617824867,9.848732971));
#515=CARTESIAN_POINT('',(254.986473937,800.335285895,9.787596824));
#516=CARTESIAN_POINT('',(254.976887391,801.557283987,9.780303439));
#517=CARTESIAN_POINT('',(254.955881262,804.238426997,9.766895081));
#518=CARTESIAN_POINT('',(254.922652916,808.383213251,9.76077228));
#519=CARTESIAN_POINT('',(254.893636348,812.773306878,9.784987883));
#520=CARTESIAN_POINT('',(254.87592099,816.438677887,9.8137213));
#521=CARTESIAN_POINT('',(254.87384235,819.366007744,9.823342513));
#522=CARTESIAN_POINT('',(254.875898635,821.563107151,9.830504122));
#523=CARTESIAN_POINT('',(254.873821893,823.391822332,9.829694145));
#524=CARTESIAN_POINT('',(254.868054668,824.85535025,9.831006665));
#525=CARTESIAN_POINT('',(254.860118705,825.951039321,9.840320651));
#526=CARTESIAN_POINT('',(254.853378035,827.043069678,9.856699966));
#527=CARTESIAN_POINT('',(254.849096808,828.134945288,9.859957635));
#528=CARTESIAN_POINT('',(254.844754166,829.227746249,9.847154979));
#529=CARTESIAN_POINT('',(254.839369223,830.685667037,9.827161855));
#530=CARTESIAN_POINT('',(254.835096205,831.808943766,9.801635803));
#531=CARTESIAN_POINT('',(254.833198785,832.565606546,9.7954812));
#532=CARTESIAN_POINT('',(254.833135896,832.591134523,9.795285734));
#533=CARTESIAN_POINT('',(259.546196421,800.285499787,9.814590858));
#534=CARTESIAN_POINT('',(259.537232783,801.505492726,9.799205097));
#535=CARTESIAN_POINT('',(259.516707163,804.182845218,9.769817581));
#536=CARTESIAN_POINT('',(259.485309469,808.32349112,9.757056055));
#537=CARTESIAN_POINT('',(259.450658159,812.710733712,9.765870962));
#538=CARTESIAN_POINT('',(259.435726569,816.372121189,9.808836764));
#539=CARTESIAN_POINT('',(259.425705347,819.310184089,9.829589867));
#540=CARTESIAN_POINT('',(259.423263396,821.507648652,9.824822712));
#541=CARTESIAN_POINT('',(259.414126413,823.347701034,9.825533803));
#542=CARTESIAN_POINT('',(259.411053577,824.816143955,9.813568749));
#543=CARTESIAN_POINT('',(259.413689861,825.916649955,9.794149098));
#544=CARTESIAN_POINT('',(259.416993622,827.017103828,9.778538838));
#545=CARTESIAN_POINT('',(259.420307926,828.114942706,9.787267256));
#546=CARTESIAN_POINT('',(259.4285648,829.21025503,9.806355544));
#547=CARTESIAN_POINT('',(259.443919448,830.669460013,9.834183271));
#548=CARTESIAN_POINT('',(259.453085587,831.785426572,9.887165985));
#549=CARTESIAN_POINT('',(259.461127402,832.537750445,9.901981653));
#550=CARTESIAN_POINT('',(259.461400857,832.563132686,9.902458315));
#551=CARTESIAN_POINT('',(265.726267883,800.218274851,9.827086253));
#552=CARTESIAN_POINT('',(265.717979289,801.440061449,9.825794931));
#553=CARTESIAN_POINT('',(265.700931704,804.11796327,9.822276926));
#554=CARTESIAN_POINT('',(265.669653211,808.256644626,9.818756315));
#555=CARTESIAN_POINT('',(265.64449852,812.642686251,9.837619767));
#556=CARTESIAN_POINT('',(265.641495272,816.297895647,9.840662012));
#557=CARTESIAN_POINT('',(265.614462144,819.206837942,9.832750494));
#558=CARTESIAN_POINT('',(265.608873953,821.387694406,9.82391522));
#559=CARTESIAN_POINT('',(265.620989602,823.207746021,9.82894023));
#560=CARTESIAN_POINT('',(265.636390341,824.67255313,9.844658551));
#561=CARTESIAN_POINT('',(265.649031187,825.774823697,9.859663582));
#562=CARTESIAN_POINT('',(265.666088002,826.877794092,9.863874834));
#563=CARTESIAN_POINT('',(265.68940206,827.979016668,9.851123651));
#564=CARTESIAN_POINT('',(265.715001489,829.077097773,9.844244172));
#565=CARTESIAN_POINT('',(265.753477469,830.532647923,9.799225355));
#566=CARTESIAN_POINT('',(265.796137826,831.64297501,9.679801726));
#567=CARTESIAN_POINT('',(265.826114171,832.38998051,9.589601132));
#568=CARTESIAN_POINT('',(265.827126822,832.415181622,9.58654671));
#569=CARTESIAN_POINT('',(270.622919531,800.200533851,9.8417987));
#570=CARTESIAN_POINT('',(270.612507948,801.422365816,9.8753154));
#571=CARTESIAN_POINT('',(270.5882785,804.101876377,9.940178443));
#572=CARTESIAN_POINT('',(270.553004959,808.23486093,9.976849935));
#573=CARTESIAN_POINT('',(270.54008875,812.595445647,9.847191369));
#574=CARTESIAN_POINT('',(270.548785097,816.220161554,9.776269372));
#575=CARTESIAN_POINT('',(270.556278031,819.114493015,9.744696268));
#576=CARTESIAN_POINT('',(270.562870595,821.285462754,9.760347058));
#577=CARTESIAN_POINT('',(270.576105059,823.099451657,9.773983873));
#578=CARTESIAN_POINT('',(270.595687272,824.551372923,9.775949997));
#579=CARTESIAN_POINT('',(270.617934087,825.640203838,9.76910896));
#580=CARTESIAN_POINT('',(270.64529052,826.729319565,9.762630142));
#581=CARTESIAN_POINT('',(270.673100142,827.818281983,9.757073135));
#582=CARTESIAN_POINT('',(270.698906859,828.908368401,9.732692005));
#583=CARTESIAN_POINT('',(270.734861725,830.366065346,9.695591776));
#584=CARTESIAN_POINT('',(270.762187397,831.479451466,9.650884436));
#585=CARTESIAN_POINT('',(270.781225959,832.226394625,9.570393267));
#586=CARTESIAN_POINT('',(270.781869087,832.251591303,9.567621725));
#587=CARTESIAN_POINT('',(275.500014848,800.266093099,9.844911454));
#588=CARTESIAN_POINT('',(275.489217932,801.482281063,9.875479407));
#589=CARTESIAN_POINT('',(275.472632362,804.150933102,9.930370317));
#590=CARTESIAN_POINT('',(275.425934154,808.261832454,9.956916313));
#591=CARTESIAN_POINT('',(275.40651367,812.572754974,9.904690381));
#592=CARTESIAN_POINT('',(275.459610964,816.12721484,9.68756342));
#593=CARTESIAN_POINT('',(275.48008769,818.976350669,9.991607496));
#594=CARTESIAN_POINT('',(275.500669139,821.118670357,10.254852487));
#595=CARTESIAN_POINT('',(275.524865355,822.908079419,10.453079936));
#596=CARTESIAN_POINT('',(275.550483346,824.342514389,10.581611615));
#597=CARTESIAN_POINT('',(275.567983064,825.420385233,10.673056628));
#598=CARTESIAN_POINT('',(275.585250553,826.500191852,10.751503781));
#599=CARTESIAN_POINT('',(275.60477304,827.583243286,10.814543412));
#600=CARTESIAN_POINT('',(275.621104247,828.666905175,10.877393863));
#601=CARTESIAN_POINT('',(275.632959434,830.108608589,10.941218512));
#602=CARTESIAN_POINT('',(275.646825244,831.224846048,10.979662243));
#603=CARTESIAN_POINT('',(275.65425573,831.978975378,11.022446043));
#604=CARTESIAN_POINT('',(275.65450437,832.004420275,11.023907148));
#605=CARTESIAN_POINT('',(279.565353445,800.369319004,9.762718577));
#606=CARTESIAN_POINT('',(279.558320942,801.59139738,9.652757613));
#607=CARTESIAN_POINT('',(279.540189781,804.266180478,9.453925415));
#608=CARTESIAN_POINT('',(279.493984487,808.35679033,9.374079411));
#609=CARTESIAN_POINT('',(279.459531702,812.587486432,9.60365827));
#610=CARTESIAN_POINT('',(279.474424804,816.043053368,10.221934087));
#611=CARTESIAN_POINT('',(279.506185598,818.814452321,10.880290725));
#612=CARTESIAN_POINT('',(279.54243971,820.909295002,11.359490609));
#613=CARTESIAN_POINT('',(279.585384759,822.676039503,11.665156876));
#614=CARTESIAN_POINT('',(279.617452547,824.101198946,11.859083671));
#615=CARTESIAN_POINT('',(279.646342462,825.173318973,11.961837441));
#616=CARTESIAN_POINT('',(279.675630145,826.246847307,12.038868251));
#617=CARTESIAN_POINT('',(279.700241071,827.318457901,12.1036593));
#618=CARTESIAN_POINT('',(279.731509257,828.392724045,12.146339815));
#619=CARTESIAN_POINT('',(279.782919279,829.832880094,12.193579697));
#620=CARTESIAN_POINT('',(279.811915853,830.935264995,12.204651006));
#621=CARTESIAN_POINT('',(279.832696283,831.679399566,12.200946273));
#622=CARTESIAN_POINT('',(279.833398694,831.704506637,12.20080935));
#623=CARTESIAN_POINT('',(282.834118403,800.486180741,9.223929568));
#624=CARTESIAN_POINT('',(282.825416272,801.704675912,9.112730172));
#625=CARTESIAN_POINT('',(282.803998243,804.373047703,8.89198166));
#626=CARTESIAN_POINT('',(282.753068234,808.451484118,8.775215541));
#627=CARTESIAN_POINT('',(282.677227138,812.636389438,9.344312221));
#628=CARTESIAN_POINT('',(282.644283638,815.977669324,10.704366709));
#629=CARTESIAN_POINT('',(282.671528088,818.645214271,11.8254214));
#630=CARTESIAN_POINT('',(282.716210648,820.676872647,12.500335807));
#631=CARTESIAN_POINT('',(282.771307872,822.411320586,12.834511306));
#632=CARTESIAN_POINT('',(282.83649589,823.821031971,12.945079764));
#633=CARTESIAN_POINT('',(282.880446568,824.889533352,13.002094608));
#634=CARTESIAN_POINT('',(282.924472673,825.965796501,13.024773337));
#635=CARTESIAN_POINT('',(282.976455241,827.047843315,13.008287455));
#636=CARTESIAN_POINT('',(283.021402069,828.126479643,12.981435218));
#637=CARTESIAN_POINT('',(283.07816516,829.560027564,12.938394034));
#638=CARTESIAN_POINT('',(283.125226509,830.661241663,12.912700028));
#639=CARTESIAN_POINT('',(283.155441163,831.404235302,12.900902816));
#640=CARTESIAN_POINT('',(283.156458902,831.429303451,12.900510852));
#641=CARTESIAN_POINT('',(286.100221205,800.591627149,8.6747369));
#642=CARTESIAN_POINT('',(286.091181615,801.807767554,8.557318994));
#643=CARTESIAN_POINT('',(286.068580781,804.470464193,8.327896998));
#644=CARTESIAN_POINT('',(286.011975248,808.540327283,8.220691703));
#645=CARTESIAN_POINT('',(285.895260036,812.695231041,9.074103713));
#646=CARTESIAN_POINT('',(285.780068367,815.920844013,11.211415792));
#647=CARTESIAN_POINT('',(285.778579187,818.465374884,12.875907015));
#648=CARTESIAN_POINT('',(285.848561968,820.409520168,13.718636053));
#649=CARTESIAN_POINT('',(285.932833566,822.107003744,13.981857826));
#650=CARTESIAN_POINT('',(285.982684068,823.511265102,14.050778597));
#651=CARTESIAN_POINT('',(286.051709037,824.575365014,13.948712529));
#652=CARTESIAN_POINT('',(286.126129668,825.649335476,13.812659489));
#653=CARTESIAN_POINT('',(286.19012218,826.729334091,13.703741264));
#654=CARTESIAN_POINT('',(286.257655403,827.811161573,13.613670006));
#655=CARTESIAN_POINT('',(286.34348001,829.25628414,13.526007208));
#656=CARTESIAN_POINT('',(286.400431034,830.364273414,13.492935234));
#657=CARTESIAN_POINT('',(286.438743778,831.110329909,13.479578099));
#658=CARTESIAN_POINT('',(286.440036267,831.135499726,13.479137535));
#659=CARTESIAN_POINT('',(290.159303258,800.662217616,8.284351819));
#660=CARTESIAN_POINT('',(290.15165338,801.876390898,8.160363698));
#661=CARTESIAN_POINT('',(290.132334655,804.535006126,7.917375348));
#662=CARTESIAN_POINT('',(290.079197232,808.599815838,7.816117341));
#663=CARTESIAN_POINT('',(289.928075451,812.742829298,8.821611786));
#664=CARTESIAN_POINT('',(289.651793577,815.892251641,11.69067237));
#665=CARTESIAN_POINT('',(289.502902246,818.323804316,14.099818568));
#666=CARTESIAN_POINT('',(289.505723781,820.156202504,15.380690125));
#667=CARTESIAN_POINT('',(289.688353512,821.747649213,15.364340733));
#668=CARTESIAN_POINT('',(289.87949283,823.12219253,14.814326078));
#669=CARTESIAN_POINT('',(289.967020922,824.2044175,14.548991754));
#670=CARTESIAN_POINT('',(290.052492698,825.297070537,14.353257168));
#671=CARTESIAN_POINT('',(290.141322569,826.387593898,14.206597156));
#672=CARTESIAN_POINT('',(290.214384721,827.484834709,14.127385341));
#673=CARTESIAN_POINT('',(290.306996809,828.944517729,14.088457379));
#674=CARTESIAN_POINT('',(290.382096299,830.057582854,14.104243042));
#675=CARTESIAN_POINT('',(290.431438548,830.805558003,14.123254588));
#676=CARTESIAN_POINT('',(290.433101869,830.830790809,14.123905425));
#677=CARTESIAN_POINT('',(294.948412259,800.596247076,8.72907407));
#678=CARTESIAN_POINT('',(294.941919183,801.808772973,8.61315628));
#679=CARTESIAN_POINT('',(294.927019208,804.464293416,8.372351961));
#680=CARTESIAN_POINT('',(294.886997545,808.525321303,8.199321455));
#681=CARTESIAN_POINT('',(294.740348126,812.68236144,9.020521519));
#682=CARTESIAN_POINT('',(294.396272281,815.967835333,11.306028937));
#683=CARTESIAN_POINT('',(294.148043904,818.569811652,13.232797932));
#684=CARTESIAN_POINT('',(294.049226456,820.542511238,14.333847799));
#685=CARTESIAN_POINT('',(294.078028452,822.219695294,14.866920752));
#686=CARTESIAN_POINT('',(294.192711445,823.554902174,15.103305589));
#687=CARTESIAN_POINT('',(294.334813961,824.548911321,15.092776239));
#688=CARTESIAN_POINT('',(294.469805584,825.560328813,15.048216273));
#689=CARTESIAN_POINT('',(294.583016236,826.601471299,15.04793289));
#690=CARTESIAN_POINT('',(294.704533031,827.639490214,15.062760755));
#691=CARTESIAN_POINT('',(294.860587592,829.025928448,15.100888245));
#692=CARTESIAN_POINT('',(294.961780958,830.094542277,15.164706842));
#693=CARTESIAN_POINT('',(295.028784495,830.814789776,15.218631728));
#694=CARTESIAN_POINT('',(295.031043686,830.83908971,15.220463244));
#695=CARTESIAN_POINT('',(299.669358976,800.431111793,9.747218012));
#696=CARTESIAN_POINT('',(299.662966345,801.646864072,9.615571514));
#697=CARTESIAN_POINT('',(299.646981463,804.307728706,9.369673759));
#698=CARTESIAN_POINT('',(299.606272234,808.378632784,9.216429045));
#699=CARTESIAN_POINT('',(299.481602074,812.611178316,9.461223557));
#700=CARTESIAN_POINT('',(299.26598456,816.071181543,10.465020478));
#701=CARTESIAN_POINT('',(299.125450272,818.811550321,11.579958789));
#702=CARTESIAN_POINT('',(299.071148194,820.854861127,12.492388925));
#703=CARTESIAN_POINT('',(299.094421284,822.54438351,13.181534057));
#704=CARTESIAN_POINT('',(299.137182264,823.903381083,13.657275124));
#705=CARTESIAN_POINT('',(299.167849878,824.930107702,14.044355614));
#706=CARTESIAN_POINT('',(299.22636112,825.948776385,14.396997305));
#707=CARTESIAN_POINT('',(299.317688148,826.945128958,14.681274839));
#708=CARTESIAN_POINT('',(299.406511892,827.94542109,14.928910382));
#709=CARTESIAN_POINT('',(299.521796477,829.285998199,15.2522338));
#710=CARTESIAN_POINT('',(299.62960932,830.313122737,15.486689511));
#711=CARTESIAN_POINT('',(299.700924107,831.006906245,15.644588463));
#712=CARTESIAN_POINT('',(299.703328676,831.030314796,15.649915783));
#713=CARTESIAN_POINT('',(303.662420221,800.320546675,9.839711563));
#714=CARTESIAN_POINT('',(303.64231874,801.535902986,9.858674247));
#715=CARTESIAN_POINT('',(303.598076249,804.206382111,9.88690555));
#716=CARTESIAN_POINT('',(303.544735258,808.292074992,9.894538308));
#717=CARTESIAN_POINT('',(303.455437037,812.598675315,9.867053786));
#718=CARTESIAN_POINT('',(303.326738828,816.187658379,9.755696161));
#719=CARTESIAN_POINT('',(303.218717752,819.030531574,10.400573564));
#720=CARTESIAN_POINT('',(303.183667037,821.119290847,11.035771538));
#721=CARTESIAN_POINT('',(303.202375397,822.820709183,11.660917032));
#722=CARTESIAN_POINT('',(303.25054095,824.15710755,12.210551843));
#723=CARTESIAN_POINT('',(303.308842452,825.146273288,12.609720096));
#724=CARTESIAN_POINT('',(303.371670304,826.133351344,13.014673951));
#725=CARTESIAN_POINT('',(303.432427516,827.128509066,13.432793612));
#726=CARTESIAN_POINT('',(303.50811289,828.117014065,13.854239745));
#727=CARTESIAN_POINT('',(303.623861469,829.430599185,14.391472298));
#728=CARTESIAN_POINT('',(303.710628355,830.439915938,14.779318605));
#729=CARTESIAN_POINT('',(303.771143225,831.117787584,15.035940014));
#730=CARTESIAN_POINT('',(303.773187082,831.140655307,15.044592408));
#731=CARTESIAN_POINT('',(306.881652559,800.271227845,9.849704986));
#732=CARTESIAN_POINT('',(306.857620938,801.490949108,9.893031328));
#733=CARTESIAN_POINT('',(306.806789867,804.16479188,9.975735118));
#734=CARTESIAN_POINT('',(306.739895171,808.27547846,10.031445405));
#735=CARTESIAN_POINT('',(306.654579236,812.63004281,9.906032481));
#736=CARTESIAN_POINT('',(306.512755281,816.325025246,9.651992837));
#737=CARTESIAN_POINT('',(306.397115583,819.27022259,9.76719513));
#738=CARTESIAN_POINT('',(306.354928604,821.423006554,10.040356514));
#739=CARTESIAN_POINT('',(306.394842184,823.123603534,10.461234776));
#740=CARTESIAN_POINT('',(306.466965646,824.431254118,10.920384841));
#741=CARTESIAN_POINT('',(306.53054961,825.395840554,11.330271709));
#742=CARTESIAN_POINT('',(306.605232348,826.347936839,11.789305066));
#743=CARTESIAN_POINT('',(306.686891573,827.295627736,12.276421025));
#744=CARTESIAN_POINT('',(306.759249565,828.261757982,12.754937063));
#745=CARTESIAN_POINT('',(306.854161854,829.56253236,13.382410545));
#746=CARTESIAN_POINT('',(306.931355293,830.570323939,13.844547747));
#747=CARTESIAN_POINT('',(306.985416343,831.247453714,14.162529496));
#748=CARTESIAN_POINT('',(306.987242707,831.270295922,14.173266245));
#749=CARTESIAN_POINT('',(309.305249167,800.256063137,9.845923021));
#750=CARTESIAN_POINT('',(309.280804926,801.478271755,9.882251315));
#751=CARTESIAN_POINT('',(309.228519507,804.156126434,9.952553447));
#752=CARTESIAN_POINT('',(309.155861252,808.277494969,9.993901355));
#753=CARTESIAN_POINT('',(309.066232023,812.656491193,9.889622525));
#754=CARTESIAN_POINT('',(308.9147428,816.402745587,9.656349264));
#755=CARTESIAN_POINT('',(308.761821355,819.442101226,9.50165465));
#756=CARTESIAN_POINT('',(308.679826497,821.681648598,9.453314738));
#757=CARTESIAN_POINT('',(308.700617038,823.430609919,9.597233208));
#758=CARTESIAN_POINT('',(308.797200561,824.715444374,9.950718518));
#759=CARTESIAN_POINT('',(308.902323431,825.629645788,10.336794279));
#760=CARTESIAN_POINT('',(309.003280953,826.537165871,10.793454632));
#761=CARTESIAN_POINT('',(309.08117448,827.462998273,11.275609122));
#762=CARTESIAN_POINT('',(309.155757135,828.391617002,11.800184156));
#763=CARTESIAN_POINT('',(309.238064283,829.67472834,12.475594057));
#764=CARTESIAN_POINT('',(309.311335372,830.685616231,12.94215971));
#765=CARTESIAN_POINT('',(309.365990126,831.357441708,13.274974517));
#766=CARTESIAN_POINT('',(309.367840137,831.380096909,13.286224557));
#767=CARTESIAN_POINT('',(311.735416102,800.266322651,9.835957111));
#768=CARTESIAN_POINT('',(311.712319786,801.487603451,9.854317437));
#769=CARTESIAN_POINT('',(311.663198857,804.161156903,9.895062076));
#770=CARTESIAN_POINT('',(311.587911349,808.284487504,9.89613067));
#771=CARTESIAN_POINT('',(311.499419141,812.667263722,9.874383892));
#772=CARTESIAN_POINT('',(311.36039377,816.413806572,9.747426355));
#773=CARTESIAN_POINT('',(311.164420589,819.530169576,9.516454075));
#774=CARTESIAN_POINT('',(311.017894284,821.871683824,9.236798657));
#775=CARTESIAN_POINT('',(310.962735378,823.733248771,9.059088647));
#776=CARTESIAN_POINT('',(311.014832669,825.089058927,9.128833921));
#777=CARTESIAN_POINT('',(311.117442603,826.015170205,9.350207684));
#778=CARTESIAN_POINT('',(311.292747701,826.835802098,9.795683019));
#779=CARTESIAN_POINT('',(311.446159119,827.669368637,10.309075506));
#780=CARTESIAN_POINT('',(311.514660223,828.597374674,10.731372026));
#781=CARTESIAN_POINT('',(311.58741765,829.865806701,11.254261278));
#782=CARTESIAN_POINT('',(311.647831796,830.8667341,11.631978584));
#783=CARTESIAN_POINT('',(311.695338587,831.538120831,11.905767471));
#784=CARTESIAN_POINT('',(311.696948942,831.560768527,11.915026378));
#785=CARTESIAN_POINT('',(314.173732392,800.289759495,9.826776298));
#786=CARTESIAN_POINT('',(314.153377836,801.506360415,9.825802391));
#787=CARTESIAN_POINT('',(314.108279362,804.172047988,9.822074134));
#788=CARTESIAN_POINT('',(314.040069708,808.28252948,9.825642118));
#789=CARTESIAN_POINT('',(313.950712816,812.667179517,9.826293645));
#790=CARTESIAN_POINT('',(313.853212852,816.356736178,9.85832021));
#791=CARTESIAN_POINT('',(313.639363881,819.497064455,9.767639193));
#792=CARTESIAN_POINT('',(313.4704414,821.867872939,9.468116709));
#793=CARTESIAN_POINT('',(313.374260312,823.777648918,9.246097799));
#794=CARTESIAN_POINT('',(313.365953616,825.203649158,9.223127312));
#795=CARTESIAN_POINT('',(313.405906944,826.207751084,9.310433506));
#796=CARTESIAN_POINT('',(313.488572472,827.151212041,9.487104));
#797=CARTESIAN_POINT('',(313.606981579,828.047126422,9.689030707));
#798=CARTESIAN_POINT('',(313.727242637,828.942838679,9.823518998));
#799=CARTESIAN_POINT('',(313.853880816,830.174871847,10.053531853));
#800=CARTESIAN_POINT('',(313.925951108,831.150917845,10.332009009));
#801=CARTESIAN_POINT('',(313.974106708,831.814178204,10.539077884));
#802=CARTESIAN_POINT('',(313.975731067,831.836561291,10.546085975));
#803=CARTESIAN_POINT('',(316.624507953,800.301157416,9.815603398));
#804=CARTESIAN_POINT('',(316.606356824,801.515229161,9.802802519));
#805=CARTESIAN_POINT('',(316.566554686,804.175161056,9.773139048));
#806=CARTESIAN_POINT('',(316.502692641,808.281946973,9.786198917));
#807=CARTESIAN_POINT('',(316.431783554,812.639276825,9.780541237));
#808=CARTESIAN_POINT('',(316.334379311,816.329221746,9.825190903));
#809=CARTESIAN_POINT('',(316.153512749,819.409182911,9.850659042));
#810=CARTESIAN_POINT('',(316.020558291,821.712887165,9.820444604));
#811=CARTESIAN_POINT('',(315.964298587,823.565377021,9.777448882));
#812=CARTESIAN_POINT('',(315.944785683,825.004469206,9.779153797));
#813=CARTESIAN_POINT('',(315.940106123,826.062265737,9.807047309));
#814=CARTESIAN_POINT('',(315.954901615,827.092978454,9.849365887));
#815=CARTESIAN_POINT('',(315.99541582,828.096221939,9.875995546));
#816=CARTESIAN_POINT('',(316.049967254,829.086406404,9.815702797));
#817=CARTESIAN_POINT('',(316.130458568,830.3983901,9.730906318));
#818=CARTESIAN_POINT('',(316.190115132,831.405144454,9.802558426));
#819=CARTESIAN_POINT('',(316.23370491,832.080414677,9.89322139));
#820=CARTESIAN_POINT('',(316.235179364,832.103193425,9.89632742));
#821=CARTESIAN_POINT('',(319.907876819,800.303832872,9.789206604));
#822=CARTESIAN_POINT('',(319.891191027,801.515800798,9.77621103));
#823=CARTESIAN_POINT('',(319.854590974,804.173654276,9.753357881));
#824=CARTESIAN_POINT('',(319.798321648,808.275988171,9.743630617));
#825=CARTESIAN_POINT('',(319.732877234,812.628552425,9.746009984));
#826=CARTESIAN_POINT('',(319.625074738,816.326271511,9.788031237));
#827=CARTESIAN_POINT('',(319.484743878,819.323873674,9.829853047));
#828=CARTESIAN_POINT('',(319.394317983,821.544274179,9.831019267));
#829=CARTESIAN_POINT('',(319.383192775,823.325375632,9.849740751));
#830=CARTESIAN_POINT('',(319.375403183,824.754851358,9.882940581));
#831=CARTESIAN_POINT('',(319.346731949,825.854304098,9.9149871));
#832=CARTESIAN_POINT('',(319.29860102,826.972777645,9.92262847));
#833=CARTESIAN_POINT('',(319.247603787,828.091070366,9.900100482));
#834=CARTESIAN_POINT('',(319.209857812,829.194299324,9.885604956));
#835=CARTESIAN_POINT('',(319.19632876,830.62708966,9.861311993));
#836=CARTESIAN_POINT('',(319.246688609,831.661853956,9.832981613));
#837=CARTESIAN_POINT('',(319.286548387,832.351132628,9.82888559));
#838=CARTESIAN_POINT('',(319.287899568,832.374378784,9.82876455));
#839=CARTESIAN_POINT('',(323.696348665,800.298598275,9.772830138));
#840=CARTESIAN_POINT('',(323.679936363,801.510880985,9.765035673));
#841=CARTESIAN_POINT('',(323.643761593,804.17015754,9.750844331));
#842=CARTESIAN_POINT('',(323.584801606,808.281670176,9.748015407));
#843=CARTESIAN_POINT('',(323.498852636,812.661028111,9.777206892));
#844=CARTESIAN_POINT('',(323.37272734,816.368720474,9.824047753));
#845=CARTESIAN_POINT('',(323.255474844,819.3432785,9.821965321));
#846=CARTESIAN_POINT('',(323.16674388,821.563699568,9.814447475));
#847=CARTESIAN_POINT('',(323.110101231,823.384656737,9.786280189));
#848=CARTESIAN_POINT('',(323.066390014,824.843374066,9.816669283));
#849=CARTESIAN_POINT('',(323.043314622,825.928231996,9.803350852));
#850=CARTESIAN_POINT('',(323.023220034,827.018037972,9.783536271));
#851=CARTESIAN_POINT('',(323.002640146,828.111775573,9.777002021));
#852=CARTESIAN_POINT('',(322.979610666,829.202732745,9.767272329));
#853=CARTESIAN_POINT('',(322.951287469,830.654928029,9.78042711));
#854=CARTESIAN_POINT('',(322.952235302,831.745792772,9.809071179));
#855=CARTESIAN_POINT('',(322.94964287,832.482993804,9.81781762));
#856=CARTESIAN_POINT('',(322.949551917,832.507867799,9.818101027));
#857=CARTESIAN_POINT('',(326.66055408,800.299490919,9.776269315));
#858=CARTESIAN_POINT('',(326.643707269,801.512720339,9.770979335));
#859=CARTESIAN_POINT('',(326.606160875,804.174923067,9.763068403));
#860=CARTESIAN_POINT('',(326.54185464,808.295419628,9.771855999));
#861=CARTESIAN_POINT('',(326.445511809,812.687498263,9.816452847));
#862=CARTESIAN_POINT('',(326.322538543,816.391874577,9.865322581));
#863=CARTESIAN_POINT('',(326.21036323,819.362597785,9.873846558));
#864=CARTESIAN_POINT('',(326.130603389,821.583627105,9.846711064));
#865=CARTESIAN_POINT('',(326.072802061,823.435069618,9.82177792));
#866=CARTESIAN_POINT('',(326.029622095,824.908088697,9.824423802));
#867=CARTESIAN_POINT('',(326.002246637,825.999051033,9.824888752));
#868=CARTESIAN_POINT('',(325.980631899,827.075632847,9.823881591));
#869=CARTESIAN_POINT('',(325.959927079,828.146797651,9.827159347));
#870=CARTESIAN_POINT('',(325.940388578,829.219492502,9.838080488));
#871=CARTESIAN_POINT('',(325.911094573,830.661529809,9.85226708));
#872=CARTESIAN_POINT('',(325.880281803,831.788266091,9.846247862));
#873=CARTESIAN_POINT('',(325.861865883,832.545465879,9.838812063));
#874=CARTESIAN_POINT('',(325.861247146,832.571010013,9.838557425));
#875=CARTESIAN_POINT('',(327.97666303,800.300670321,9.779465105));
#876=CARTESIAN_POINT('',(327.959600465,801.514347183,9.775202621));
#877=CARTESIAN_POINT('',(327.921455555,804.177774688,9.76967579));
#878=CARTESIAN_POINT('',(327.854893417,808.302015447,9.783368933));
#879=CARTESIAN_POINT('',(327.755984876,812.698203571,9.831732893));
#880=CARTESIAN_POINT('',(327.635617671,816.401717594,9.878173488));
#881=CARTESIAN_POINT('',(327.53011059,819.371572673,9.874343717));
#882=CARTESIAN_POINT('',(327.456134537,821.59719129,9.838501281));
#883=CARTESIAN_POINT('',(327.399148349,823.455279124,9.824990923));
#884=CARTESIAN_POINT('',(327.35475452,824.928149479,9.826274774));
#885=CARTESIAN_POINT('',(327.324540016,826.021057358,9.826147623));
#886=CARTESIAN_POINT('',(327.299982963,827.098573585,9.828997573));
#887=CARTESIAN_POINT('',(327.277431736,828.168004905,9.837686804));
#888=CARTESIAN_POINT('',(327.255029331,829.239043723,9.85079955));
#889=CARTESIAN_POINT('',(327.221107975,830.680228422,9.863907704));
#890=CARTESIAN_POINT('',(327.186273031,831.807833051,9.857216229));
#891=CARTESIAN_POINT('',(327.163884228,832.568398433,9.848310301));
#892=CARTESIAN_POINT('',(327.163130093,832.594059146,9.848004937));
#893=B_SPLINE_SURFACE_WITH_KNOTS('',3,3,((#497,#498,#499,#500,#501,#502,#503,#504,#505,#506,#507,#508,#509,#510,#511,#512,#513,#514),(#515,#516,#517,#518,#519,#520,#521,#522,#523,#524,#525,#526,#527,#528,#529,#530,#531,#532),(#533,#534,#535,#536,#537,#538,#539,#540,#541,#542,#543,#544,#545,#546,#547,#548,#549,#550),(#551,#552,#553,#554,#555,#556,#557,#558,#559,#560,#561,#562,#563,#564,#565,#566,#567,#568),(#569,#570,#571,#572,#573,#574,#575,#576,#577,#578,#579,#580,#581,#582,#583,#584,#585,#586),(#587,#588,#589,#590,#591,#592,#593,#594,#595,#596,#597,#598,#599,#600,#601,#602,#603,#604),(#605,#606,#607,#608,#609,#610,#611,#612,#613,#614,#615,#616,#617,#618,#619,#620,#621,#622),(#623,#624,#625,#626,#627,#628,#629,#630,#631,#632,#633,#634,#635,#636,#637,#638,#639,#640),(#641,#642,#643,#644,#645,#646,#647,#648,#649,#650,#651,#652,#653,#654,#655,#656,#657,#658),(#659,#660,#661,#662,#663,#664,#665,#666,#667,#668,#669,#670,#671,#672,#673,#674,#675,#676),(#677,#678,#679,#680,#681,#682,#683,#684,#685,#686,#687,#688,#689,#690,#691,#692,#693,#694),(#695,#696,#697,#698,#699,#700,#701,#702,#703,#704,#705,#706,#707,#708,#709,#710,#711,#712),(#713,#714,#715,#716,#717,#718,#719,#720,#721,#722,#723,#724,#725,#726,#727,#728,#729,#730),(#731,#732,#733,#734,#735,#736,#737,#738,#739,#740,#741,#742,#743,#744,#745,#746,#747,#748),(#749,#750,#751,#752,#753,#754,#755,#756,#757,#758,#759,#760,#761,#762,#763,#764,#765,#766),(#767,#768,#769,#770,#771,#772,#773,#774,#775,#776,#777,#778,#779,#780,#781,#782,#783,#784),(#785,#786,#787,#788,#789,#790,#791,#792,#793,#794,#795,#796,#797,#798,#799,#800,#801,#802),(#803,#804,#805,#806,#807,#808,#809,#810,#811,#812,#813,#814,#815,#816,#817,#818,#819,#820),(#821,#822,#823,#824,#825,#826,#827,#828,#829,#830,#831,#832,#833,#834,#835,#836,#837,#838),(#839,#840,#841,#842,#843,#844,#845,#846,#847,#848,#849,#850,#851,#852,#853,#854,#855,#856),(#857,#858,#859,#860,#861,#862,#863,#864,#865,#866,#867,#868,#869,#870,#871,#872,#873,#874),(#875,#876,#877,#878,#879,#880,#881,#882,#883,#884,#885,#886,#887,#888,#889,#890,#891,#892)),.UNSPECIFIED.,.F.,.F.,.U.,(4,1,1,1,1,1,1,1,1,1,1,1,1,1,1,1,1,1,1,4),(4,1,1,1,1,1,1,1,1,1,1,1,1,1,1,4),(-0.037492649,-0.028922914,-0.024097638,-0.019272362,-0.014447086,-0.00962181,-0.007209172,-0.004796534,0.000028742,0.004854018,0.009679295,0.014504571,0.016917209,0.019329847,0.021742485,0.024155123,0.026567761,0.028980399,0.033805675,0.037660486),(-0.018473849,-0.014920569,-0.01067944,-0.006438312,-0.002197183,-0.000076619,0.002043945,0.00416451,0.005224792,0.006285074,0.007345356,0.008405638,0.00946592,0.010526202,0.012646767,0.01272081),.UNSPECIFIED.);
#894=ORIENTED_EDGE('',*,*,#229,.T.);
#895=CARTESIAN_POINT('',(274.939772436,814.324582803,9.823108646));
#896=VERTEX_POINT('',#895);
#897=CARTESIAN_POINT('',(274.953338581,800.316037951,9.833165072));
#898=CARTESIAN_POINT('',(274.972032988,802.650812662,9.854903079));
#899=CARTESIAN_POINT('',(274.985944833,804.985827906,9.868266316));
#900=CARTESIAN_POINT('',(274.985536721,807.3220685,9.868047325));
#901=CARTESIAN_POINT('',(274.985332665,808.490188797,9.867937829));
#902=CARTESIAN_POINT('',(274.98126206,809.658592172,9.864173019));
#903=CARTESIAN_POINT('',(274.973399325,810.827237309,9.855847446));
#904=CARTESIAN_POINT('',(274.969467957,811.411559877,9.85168466));
#905=CARTESIAN_POINT('',(274.964616221,811.996002898,9.846370463));
#906=CARTESIAN_POINT('',(274.958965196,812.580524569,9.83963226));
#907=CARTESIAN_POINT('',(274.953314171,813.165046241,9.832894057));
#908=CARTESIAN_POINT('',(274.946916159,813.746444792,9.824824107));
#909=CARTESIAN_POINT('',(274.939782332,814.324590545,9.823108734));
#910=B_SPLINE_CURVE_WITH_KNOTS('',3,(#897,#898,#899,#900,#901,#902,#903,#904,#905,#906,#907,#908,#909),.UNSPECIFIED.,.F.,.F.,(4,3,3,3,4),(0.055084543,0.062084087,0.065583859,0.067333745,0.069083631),.UNSPECIFIED.);
#911=EDGE_CURVE('',#211,#896,#910,.T.);
#912=ORIENTED_EDGE('',*,*,#911,.T.);
#913=CARTESIAN_POINT('',(304.361315921,814.327105334,9.818820032));
#914=VERTEX_POINT('',#913);
#915=CARTESIAN_POINT('',(274.939772416,814.32458283,9.823108646));
#916=CARTESIAN_POINT('',(276.159447254,814.309597866,9.836647547));
#917=CARTESIAN_POINT('',(277.378890362,814.277550625,9.866707102));
#918=CARTESIAN_POINT('',(278.601883679,814.237039564,9.897741217));
#919=CARTESIAN_POINT('',(279.824876995,814.196528503,9.928775332));
#920=CARTESIAN_POINT('',(281.050891933,814.149007635,9.958567783));
#921=CARTESIAN_POINT('',(282.277073196,814.103956693,9.979531147));
#922=CARTESIAN_POINT('',(283.503254459,814.05890575,10.000494511));
#923=CARTESIAN_POINT('',(284.73079072,814.015745676,10.013458867));
#924=CARTESIAN_POINT('',(285.959000471,813.984610589,10.020363132));
#925=CARTESIAN_POINT('',(287.187210222,813.953475503,10.027267396));
#926=CARTESIAN_POINT('',(288.415758851,813.933812755,10.028935255));
#927=CARTESIAN_POINT('',(289.645030398,813.929332713,10.029386982));
#928=CARTESIAN_POINT('',(290.874301945,813.924852672,10.02983871));
#929=CARTESIAN_POINT('',(292.102658351,813.935616855,10.02920348));
#930=CARTESIAN_POINT('',(293.330984067,813.957841262,10.025677701));
#931=CARTESIAN_POINT('',(294.559309784,813.980065669,10.022151922));
#932=CARTESIAN_POINT('',(295.787753586,814.014468868,10.015419904));
#933=CARTESIAN_POINT('',(297.016093246,814.058074188,9.998812186));
#934=CARTESIAN_POINT('',(298.244432906,814.101679508,9.982204468));
#935=CARTESIAN_POINT('',(299.472466401,814.155120341,9.954352737));
#936=CARTESIAN_POINT('',(300.69726211,814.205777809,9.919248705));
#937=CARTESIAN_POINT('',(301.922057818,814.256435276,9.884144674));
#938=CARTESIAN_POINT('',(303.142687513,814.302425247,9.843005008));
#939=CARTESIAN_POINT('',(304.361315921,814.327105336,9.818820032));
#940=B_SPLINE_CURVE_WITH_KNOTS('',3,(#915,#916,#917,#918,#919,#920,#921,#922,#923,#924,#925,#926,#927,#928,#929,#930,#931,#932,#933,#934,#935,#936,#937,#938,#939),.UNSPECIFIED.,.F.,.F.,(4,3,3,3,3,3,3,3,4),(0.043366321,0.047042033,0.050717746,0.054393458,0.058069171,0.061744884,0.065420596,0.069096309,0.072772021),.UNSPECIFIED.);
#941=EDGE_CURVE('',#896,#914,#940,.T.);
#942=ORIENTED_EDGE('',*,*,#941,.T.);
#943=CARTESIAN_POINT('',(304.339976552,800.314018077,9.835565972));
#944=VERTEX_POINT('',#943);
#945=CARTESIAN_POINT('',(304.36131592,814.327105334,9.818820032));
#946=CARTESIAN_POINT('',(304.349566984,813.751060302,9.82275885));
#947=CARTESIAN_POINT('',(304.339230082,813.169911746,9.835595146));
#948=CARTESIAN_POINT('',(304.330445603,812.58421297,9.84567944));
#949=CARTESIAN_POINT('',(304.321661123,811.998514193,9.855763734));
#950=CARTESIAN_POINT('',(304.314519263,811.413228173,9.863137963));
#951=CARTESIAN_POINT('',(304.308964445,810.828232219,9.868639067));
#952=CARTESIAN_POINT('',(304.29785481,809.65824031,9.879641274));
#953=CARTESIAN_POINT('',(304.293464382,808.489202088,9.883355555));
#954=CARTESIAN_POINT('',(304.294067206,807.320749231,9.882643135));
#955=CARTESIAN_POINT('',(304.294670031,806.152296374,9.881930714));
#956=CARTESIAN_POINT('',(304.300184089,804.984363663,9.876766923));
#957=CARTESIAN_POINT('',(304.30838683,803.816742033,9.868738258));
#958=CARTESIAN_POINT('',(304.316589571,802.649120403,9.860709593));
#959=CARTESIAN_POINT('',(304.327521724,801.481578705,9.849750184));
#960=CARTESIAN_POINT('',(304.339976581,800.314018102,9.835565972));
#961=B_SPLINE_CURVE_WITH_KNOTS('',3,(#945,#946,#947,#948,#949,#950,#951,#952,#953,#954,#955,#956,#957,#958,#959,#960),.UNSPECIFIED.,.F.,.F.,(4,3,3,3,3,4),(0.055086739,0.056836451,0.058586163,0.062085587,0.065585011,0.069084435),.UNSPECIFIED.);
#962=EDGE_CURVE('',#914,#944,#961,.T.);
#963=ORIENTED_EDGE('',*,*,#962,.T.);
#964=CARTESIAN_POINT('',(313.450479181,800.319674639,9.829547528));
#965=VERTEX_POINT('',#964);
#966=CARTESIAN_POINT('',(304.339978373,800.314018089,9.835565991));
#967=CARTESIAN_POINT('',(305.101078079,800.305925278,9.843667403));
#968=CARTESIAN_POINT('',(305.861004224,800.3020916,9.846980693));
#969=CARTESIAN_POINT('',(306.620575236,800.300611067,9.848269788));
#970=CARTESIAN_POINT('',(307.380146248,800.299130534,9.849558883));
#971=CARTESIAN_POINT('',(308.139390914,800.29992896,9.848963511));
#972=CARTESIAN_POINT('',(308.89858893,800.301817037,9.847168055));
#973=CARTESIAN_POINT('',(310.416984962,800.30559319,9.843577145));
#974=CARTESIAN_POINT('',(311.93351182,800.313460667,9.835939086));
#975=CARTESIAN_POINT('',(313.450483361,800.319674289,9.829547509));
#976=B_SPLINE_CURVE_WITH_KNOTS('',3,(#966,#967,#968,#969,#970,#971,#972,#973,#974,#975),.UNSPECIFIED.,.F.,.F.,(4,3,3,4),(0.104479854,0.106755231,0.109030608,0.113581362),.UNSPECIFIED.);
#977=EDGE_CURVE('',#944,#965,#976,.T.);
#978=ORIENTED_EDGE('',*,*,#977,.T.);
#979=CARTESIAN_POINT('',(313.428347621,816.412062864,9.80506464));
#980=VERTEX_POINT('',#979);
#981=CARTESIAN_POINT('',(313.450479229,800.319674621,9.829547528));
#982=CARTESIAN_POINT('',(313.455967401,801.659843648,9.835127776));
#983=CARTESIAN_POINT('',(313.461475561,803.000361162,9.839359616));
#984=CARTESIAN_POINT('',(313.463756367,804.340832823,9.841445592));
#985=CARTESIAN_POINT('',(313.466037174,805.681304484,9.843531568));
#986=CARTESIAN_POINT('',(313.465538305,807.021614089,9.843795579));
#987=CARTESIAN_POINT('',(313.464608811,808.361921351,9.842686047));
#988=CARTESIAN_POINT('',(313.463679318,809.702228613,9.841576514));
#989=CARTESIAN_POINT('',(313.46217136,811.042552624,9.838864168));
#990=CARTESIAN_POINT('',(313.456472676,812.382512896,9.835450461));
#991=CARTESIAN_POINT('',(313.450773993,813.722473168,9.832036754));
#992=CARTESIAN_POINT('',(313.440625853,815.065774308,9.828972991));
#993=CARTESIAN_POINT('',(313.428322214,816.412092893,9.805063417));
#994=B_SPLINE_CURVE_WITH_KNOTS('',3,(#981,#982,#983,#984,#985,#986,#987,#988,#989,#990,#991,#992,#993),.UNSPECIFIED.,.F.,.F.,(4,3,3,3,4),(0.043249306,0.047268686,0.051288066,0.055307446,0.059326825),.UNSPECIFIED.);
#995=EDGE_CURVE('',#965,#980,#994,.T.);
#996=ORIENTED_EDGE('',*,*,#995,.T.);
#997=CARTESIAN_POINT('',(327.369611602,824.438257364,9.82590442));
#998=VERTEX_POINT('',#997);
#999=CARTESIAN_POINT('',(313.428329469,816.412053672,9.805064304));
#1000=CARTESIAN_POINT('',(313.720026717,816.577691058,9.810156965));
#1001=CARTESIAN_POINT('',(314.013495454,816.743552712,9.814596646));
#1002=CARTESIAN_POINT('',(314.305981775,816.909502975,9.817756309));
#1003=CARTESIAN_POINT('',(314.598468096,817.075453237,9.820915973));
#1004=CARTESIAN_POINT('',(314.890501689,817.241448738,9.823096038));
#1005=CARTESIAN_POINT('',(315.182100239,817.407670988,9.824765097));
#1006=CARTESIAN_POINT('',(315.765297339,817.740115489,9.828103216));
#1007=CARTESIAN_POINT('',(316.34658428,818.072842578,9.829983883));
#1008=CARTESIAN_POINT('',(316.928299014,818.406805466,9.831177953));
#1009=CARTESIAN_POINT('',(317.510013748,818.740768355,9.832372023));
#1010=CARTESIAN_POINT('',(318.091832935,819.076321369,9.831754312));
#1011=CARTESIAN_POINT('',(318.671269174,819.412321456,9.830512678));
#1012=CARTESIAN_POINT('',(319.250705412,819.748321544,9.829271045));
#1013=CARTESIAN_POINT('',(319.830354922,820.08386759,9.828167935));
#1014=CARTESIAN_POINT('',(320.410112704,820.419448408,9.827141078));
#1015=CARTESIAN_POINT('',(320.989870487,820.755029226,9.826114221));
#1016=CARTESIAN_POINT('',(321.569812111,821.090770653,9.825113953));
#1017=CARTESIAN_POINT('',(322.149585717,821.427070686,9.823542591));
#1018=CARTESIAN_POINT('',(322.729359322,821.76337072,9.821971228));
#1019=CARTESIAN_POINT('',(323.308316988,822.099642763,9.819601608));
#1020=CARTESIAN_POINT('',(323.887424791,822.434434388,9.818976022));
#1021=CARTESIAN_POINT('',(325.045640397,823.104017637,9.817724851));
#1022=CARTESIAN_POINT('',(326.207411629,823.768839473,9.823789417));
#1023=CARTESIAN_POINT('',(327.369611841,824.438257183,9.82590442));
#1024=B_SPLINE_CURVE_WITH_KNOTS('',3,(#999,#1000,#1001,#1002,#1003,#1004,#1005,#1006,#1007,#1008,#1009,#1010,#1011,#1012,#1013,#1014,#1015,#1016,#1017,#1018,#1019,#1020,#1021,#1022,#1023),.UNSPECIFIED.,.F.,.F.,(4,3,3,3,3,3,3,3,4),(0.053587245,0.054592354,0.055597463,0.05760768,0.059617898,0.061628115,0.063638333,0.065648551,0.069668986),.UNSPECIFIED.);
#1025=EDGE_CURVE('',#980,#998,#1024,.T.);
#1026=ORIENTED_EDGE('',*,*,#1025,.T.);
#1027=CARTESIAN_POINT('',(322.719971771,832.490267912,9.824953805));
#1028=VERTEX_POINT('',#1027);
#1029=CARTESIAN_POINT('',(327.36961446,824.438245714,9.825904422));
#1030=CARTESIAN_POINT('',(326.981695036,825.10855981,9.825405633));
#1031=CARTESIAN_POINT('',(326.594212209,825.781188779,9.825441036));
#1032=CARTESIAN_POINT('',(326.205063171,826.452377773,9.823348568));
#1033=CARTESIAN_POINT('',(325.815914133,827.123566766,9.821256101));
#1034=CARTESIAN_POINT('',(325.427226061,827.792616,9.818910173));
#1035=CARTESIAN_POINT('',(325.038788509,828.46309055,9.817543532));
#1036=CARTESIAN_POINT('',(324.650350957,829.1335651,9.816176892));
#1037=CARTESIAN_POINT('',(324.263306769,829.802740644,9.816085952));
#1038=CARTESIAN_POINT('',(323.877695078,830.474035665,9.817930456));
#1039=CARTESIAN_POINT('',(323.492083387,831.145330687,9.819774959));
#1040=CARTESIAN_POINT('',(323.106235028,831.81769423,9.823304158));
#1041=CARTESIAN_POINT('',(322.72001337,832.49022439,9.824953716));
#1042=B_SPLINE_CURVE_WITH_KNOTS('',3,(#1029,#1030,#1031,#1032,#1033,#1034,#1035,#1036,#1037,#1038,#1039,#1040,#1041),.UNSPECIFIED.,.F.,.F.,(4,3,3,3,4),(0.083228479,0.085553481,0.087878483,0.090203484,0.092528486),.UNSPECIFIED.);
#1043=EDGE_CURVE('',#998,#1028,#1042,.T.);
#1044=ORIENTED_EDGE('',*,*,#1043,.T.);
#1045=CARTESIAN_POINT('',(320.904355799,831.441722697,9.823678004));
#1046=VERTEX_POINT('',#1045);
#1047=CARTESIAN_POINT('',(322.719988536,832.490250171,9.824953769));
#1048=CARTESIAN_POINT('',(322.114602276,832.138865917,9.823146012));
#1049=CARTESIAN_POINT('',(321.510220749,831.789670779,9.82211135));
#1050=CARTESIAN_POINT('',(320.904356409,831.441722912,9.823678003));
#1051=B_SPLINE_CURVE_WITH_KNOTS('',3,(#1047,#1048,#1049,#1050),.UNSPECIFIED.,.F.,.F.,(4,4),(0.119338829,0.121438798),.UNSPECIFIED.);
#1052=EDGE_CURVE('',#1028,#1046,#1051,.T.);
#1053=ORIENTED_EDGE('',*,*,#1052,.T.);
#1054=CARTESIAN_POINT('',(324.752128158,824.774054199,9.826508956));
#1055=VERTEX_POINT('',#1054);
#1056=CARTESIAN_POINT('',(320.904484503,831.44156559,9.823677402));
#1057=CARTESIAN_POINT('',(321.225830224,830.887911944,9.822079938));
#1058=CARTESIAN_POINT('',(321.549357656,830.331500503,9.820644298));
#1059=CARTESIAN_POINT('',(321.87111021,829.777066833,9.818224712));
#1060=CARTESIAN_POINT('',(322.192862765,829.222633163,9.815805127));
#1061=CARTESIAN_POINT('',(322.513102447,828.670254563,9.815166414));
#1062=CARTESIAN_POINT('',(322.833273241,828.114471719,9.815655253));
#1063=CARTESIAN_POINT('',(323.153444035,827.558688876,9.816144093));
#1064=CARTESIAN_POINT('',(323.472508188,827.004534596,9.817194511));
#1065=CARTESIAN_POINT('',(323.791949681,826.448288648,9.819722337));
#1066=CARTESIAN_POINT('',(323.951670427,826.170165674,9.82098625));
#1067=CARTESIAN_POINT('',(324.11154654,825.89141251,9.82226002));
#1068=CARTESIAN_POINT('',(324.271469871,825.612156032,9.822783686));
#1069=CARTESIAN_POINT('',(324.431393203,825.332899554,9.823307353));
#1070=CARTESIAN_POINT('',(324.591352373,825.052621094,9.823007684));
#1071=CARTESIAN_POINT('',(324.750971058,824.773354502,9.821749924));
#1072=B_SPLINE_CURVE_WITH_KNOTS('',3,(#1056,#1057,#1058,#1059,#1060,#1061,#1062,#1063,#1064,#1065,#1066,#1067,#1068,#1069,#1070,#1071),.UNSPECIFIED.,.F.,.F.,(4,3,3,3,3,4),(0.082108937,0.084033296,0.085957655,0.087882014,0.088844194,0.089806373),.UNSPECIFIED.);
#1073=EDGE_CURVE('',#1046,#1055,#1072,.T.);
#1074=ORIENTED_EDGE('',*,*,#1073,.T.);
#1075=CARTESIAN_POINT('',(318.863155412,821.374054199,9.826508956));
#1076=VERTEX_POINT('',#1075);
#1077=CARTESIAN_POINT('',(324.752126791,824.774074791,9.821752713));
#1078=CARTESIAN_POINT('',(323.605081425,824.111839247,9.819215221));
#1079=CARTESIAN_POINT('',(322.552306851,823.488418401,9.817343328));
#1080=CARTESIAN_POINT('',(321.571605668,822.923295192,9.821124892));
#1081=CARTESIAN_POINT('',(320.590904485,822.358171983,9.824906456));
#1082=CARTESIAN_POINT('',(319.684082495,821.848016204,9.826344073));
#1083=CARTESIAN_POINT('',(318.863155508,821.374057809,9.82776682));
#1084=B_SPLINE_CURVE_WITH_KNOTS('',3,(#1077,#1078,#1079,#1080,#1081,#1082,#1083),.UNSPECIFIED.,.F.,.F.,(4,3,4),(0.,0.5,1.),.UNSPECIFIED.);
#1085=EDGE_CURVE('',#1055,#1076,#1084,.T.);
#1086=ORIENTED_EDGE('',*,*,#1085,.T.);
#1087=CARTESIAN_POINT('',(314.985158433,827.990118799,9.783085609));
#1088=VERTEX_POINT('',#1087);
#1089=CARTESIAN_POINT('',(318.864070413,821.374572881,9.827765272));
#1090=CARTESIAN_POINT('',(318.541711874,821.930896923,9.826194364));
#1091=CARTESIAN_POINT('',(318.218109641,822.48654396,9.823679396));
#1092=CARTESIAN_POINT('',(317.889424797,823.041000058,9.817625548));
#1093=CARTESIAN_POINT('',(317.560739953,823.595456157,9.811571701));
#1094=CARTESIAN_POINT('',(317.227444591,824.148785342,9.80087877));
#1095=CARTESIAN_POINT('',(316.893507862,824.698186162,9.787237834));
#1096=CARTESIAN_POINT('',(316.726539497,824.972886572,9.780417366));
#1097=CARTESIAN_POINT('',(316.559483919,825.246469333,9.773269037));
#1098=CARTESIAN_POINT('',(316.393354965,825.520172471,9.766642067));
#1099=CARTESIAN_POINT('',(316.227226011,825.793875608,9.760015097));
#1100=CARTESIAN_POINT('',(316.061612106,826.06679627,9.753796327));
#1101=CARTESIAN_POINT('',(315.899049416,826.339489755,9.7501473));
#1102=CARTESIAN_POINT('',(315.736486726,826.61218324,9.746498274));
#1103=CARTESIAN_POINT('',(315.57827959,826.884503657,9.745673161));
#1104=CARTESIAN_POINT('',(315.425587783,827.157871829,9.750837309));
#1105=CARTESIAN_POINT('',(315.272895975,827.431240002,9.756001457));
#1106=CARTESIAN_POINT('',(315.125908175,827.707330285,9.767518068));
#1107=CARTESIAN_POINT('',(314.985158433,827.990118797,9.783085609));
#1108=B_SPLINE_CURVE_WITH_KNOTS('',3,(#1089,#1090,#1091,#1092,#1093,#1094,#1095,#1096,#1097,#1098,#1099,#1100,#1101,#1102,#1103,#1104,#1105,#1106,#1107),.UNSPECIFIED.,.F.,.F.,(4,3,3,3,3,3,4),(0.074601195,0.076526884,0.078452574,0.079415419,0.080378263,0.081341108,0.082303953),.UNSPECIFIED.);
#1109=EDGE_CURVE('',#1076,#1088,#1108,.T.);
#1110=ORIENTED_EDGE('',*,*,#1109,.T.);
#1111=CARTESIAN_POINT('',(309.141315196,824.349433613,9.733592695));
#1112=VERTEX_POINT('',#1111);
#1113=CARTESIAN_POINT('',(314.985158739,827.99011847,9.783085596));
#1114=CARTESIAN_POINT('',(314.727684254,827.820619429,9.760033205));
#1115=CARTESIAN_POINT('',(314.472460081,827.651907673,9.728822896));
#1116=CARTESIAN_POINT('',(314.22034229,827.485628304,9.693729762));
#1117=CARTESIAN_POINT('',(313.9682245,827.319348934,9.658636629));
#1118=CARTESIAN_POINT('',(313.719779022,827.155626526,9.619858372));
#1119=CARTESIAN_POINT('',(313.47361342,826.99423579,9.582719629));
#1120=CARTESIAN_POINT('',(313.227447819,826.832845053,9.545580887));
#1121=CARTESIAN_POINT('',(312.980714582,826.673802399,9.509449494));
#1122=CARTESIAN_POINT('',(312.735551618,826.519247735,9.478240618));
#1123=CARTESIAN_POINT('',(312.490388655,826.364693072,9.447031742));
#1124=CARTESIAN_POINT('',(312.246887036,826.214718144,9.421013452));
#1125=CARTESIAN_POINT('',(312.005970926,826.06933187,9.405740144));
#1126=CARTESIAN_POINT('',(311.765054816,825.923945596,9.390466836));
#1127=CARTESIAN_POINT('',(311.527072829,825.780614311,9.385352977));
#1128=CARTESIAN_POINT('',(311.292576109,825.638212619,9.392432386));
#1129=CARTESIAN_POINT('',(311.058079388,825.495810928,9.399511795));
#1130=CARTESIAN_POINT('',(310.826273762,825.354156537,9.419453483));
#1131=CARTESIAN_POINT('',(310.590211246,825.211713,9.450774456));
#1132=CARTESIAN_POINT('',(310.118086216,824.926825926,9.513416404));
#1133=CARTESIAN_POINT('',(309.634728287,824.638846301,9.618710141));
#1134=CARTESIAN_POINT('',(309.141326245,824.349420776,9.733585188));
#1135=B_SPLINE_CURVE_WITH_KNOTS('',3,(#1113,#1114,#1115,#1116,#1117,#1118,#1119,#1120,#1121,#1122,#1123,#1124,#1125,#1126,#1127,#1128,#1129,#1130,#1131,#1132,#1133,#1134),.UNSPECIFIED.,.F.,.F.,(4,3,3,3,3,3,3,4),(0.098987055,0.099878438,0.100769821,0.101661204,0.102552587,0.10344397,0.104335353,0.106118119),.UNSPECIFIED.);
#1136=EDGE_CURVE('',#1088,#1112,#1135,.T.);
#1137=ORIENTED_EDGE('',*,*,#1136,.T.);
#1138=CARTESIAN_POINT('',(307.665927095,826.685136034,11.486256982));
#1139=VERTEX_POINT('',#1138);
#1140=CARTESIAN_POINT('',(309.141317942,824.349429068,9.733590483));
#1141=CARTESIAN_POINT('',(309.090410841,824.434539719,9.774807037));
#1142=CARTESIAN_POINT('',(309.03869997,824.51901603,9.819723848));
#1143=CARTESIAN_POINT('',(308.98535405,824.603383789,9.868807491));
#1144=CARTESIAN_POINT('',(308.932008131,824.687751548,9.917891133));
#1145=CARTESIAN_POINT('',(308.876933847,824.771551908,9.971032258));
#1146=CARTESIAN_POINT('',(308.819527988,824.857508206,10.029321672));
#1147=CARTESIAN_POINT('',(308.704716269,825.029420803,10.145900501));
#1148=CARTESIAN_POINT('',(308.582510431,825.209377972,10.282285345));
#1149=CARTESIAN_POINT('',(308.455056328,825.400847201,10.435346746));
#1150=CARTESIAN_POINT('',(308.327602226,825.59231643,10.588408146));
#1151=CARTESIAN_POINT('',(308.194300116,825.796539477,10.758780889));
#1152=CARTESIAN_POINT('',(308.061254127,826.012399498,10.937141028));
#1153=CARTESIAN_POINT('',(307.928208138,826.22825952,11.115501168));
#1154=CARTESIAN_POINT('',(307.796244994,826.4559354,11.301349696));
#1155=CARTESIAN_POINT('',(307.665927092,826.685136031,11.486256982));
#1156=B_SPLINE_CURVE_WITH_KNOTS('',3,(#1140,#1141,#1142,#1143,#1144,#1145,#1146,#1147,#1148,#1149,#1150,#1151,#1152,#1153,#1154,#1155),.UNSPECIFIED.,.F.,.F.,(4,3,3,3,3,4),(0.062728656,0.063200898,0.063673141,0.064617626,0.065562111,0.066506596),.UNSPECIFIED.);
#1157=EDGE_CURVE('',#1112,#1139,#1156,.T.);
#1158=ORIENTED_EDGE('',*,*,#1157,.T.);
#1159=CARTESIAN_POINT('',(289.564757301,816.319186463,11.902822934));
#1160=VERTEX_POINT('',#1159);
#1161=CARTESIAN_POINT('',(307.665925879,826.685134962,11.486256945));
#1162=CARTESIAN_POINT('',(307.305408268,826.498138552,11.546999545));
#1163=CARTESIAN_POINT('',(306.944069246,826.314627987,11.609533319));
#1164=CARTESIAN_POINT('',(306.586669927,826.13821724,11.674960258));
#1165=CARTESIAN_POINT('',(306.229270609,825.961806494,11.740387198));
#1166=CARTESIAN_POINT('',(305.874599313,825.79020736,11.808321971));
#1167=CARTESIAN_POINT('',(305.51886343,825.616680598,11.877330281));
#1168=CARTESIAN_POINT('',(305.163127546,825.443153836,11.946338592));
#1169=CARTESIAN_POINT('',(304.806405378,825.267954923,12.016452078));
#1170=CARTESIAN_POINT('',(304.447058917,825.087342017,12.085516296));
#1171=CARTESIAN_POINT('',(304.087712457,824.906729111,12.154580513));
#1172=CARTESIAN_POINT('',(303.725461904,824.720499894,12.222443118));
#1173=CARTESIAN_POINT('',(303.363344717,824.531764907,12.288201985));
#1174=CARTESIAN_POINT('',(303.00122753,824.343029921,12.353960853));
#1175=CARTESIAN_POINT('',(302.63949286,824.152497277,12.417832726));
#1176=CARTESIAN_POINT('',(302.280401766,823.963656674,12.481071686));
#1177=CARTESIAN_POINT('',(301.921310672,823.774816071,12.544310646));
#1178=CARTESIAN_POINT('',(301.564651397,823.586968435,12.606860073));
#1179=CARTESIAN_POINT('',(301.209554926,823.396297109,12.668201408));
#1180=CARTESIAN_POINT('',(300.499361985,823.014954459,12.790884079));
#1181=CARTESIAN_POINT('',(299.793749454,822.615834853,12.907051184));
#1182=CARTESIAN_POINT('',(299.088003278,822.200222033,13.01478461));
#1183=CARTESIAN_POINT('',(298.73513019,821.992415622,13.068651323));
#1184=CARTESIAN_POINT('',(298.379830892,821.780364471,13.121244861));
#1185=CARTESIAN_POINT('',(298.021757465,821.562381386,13.170083553));
#1186=CARTESIAN_POINT('',(297.663684039,821.344398301,13.218922246));
#1187=CARTESIAN_POINT('',(297.302973462,821.120615566,13.26418777));
#1188=CARTESIAN_POINT('',(296.936869097,820.885039956,13.30086297));
#1189=CARTESIAN_POINT('',(296.570764732,820.649464346,13.337538169));
#1190=CARTESIAN_POINT('',(296.19912485,820.401749604,13.365549954));
#1191=CARTESIAN_POINT('',(295.816612268,820.140333909,13.378650277));
#1192=CARTESIAN_POINT('',(295.434099686,819.878918213,13.3917506));
#1193=CARTESIAN_POINT('',(295.040388379,819.601982129,13.389526457));
#1194=CARTESIAN_POINT('',(294.627821418,819.307835152,13.358961047));
#1195=CARTESIAN_POINT('',(294.421537938,819.160761664,13.343678343));
#1196=CARTESIAN_POINT('',(294.211414434,819.009753653,13.321117869));
#1197=CARTESIAN_POINT('',(293.993975809,818.855584953,13.290113554));
#1198=CARTESIAN_POINT('',(293.776537185,818.701416252,13.25910924));
#1199=CARTESIAN_POINT('',(293.551567292,818.54386838,13.219098922));
#1200=CARTESIAN_POINT('',(293.326738705,818.391827064,13.171961631));
#1201=CARTESIAN_POINT('',(293.101910118,818.239785749,13.124824339));
#1202=CARTESIAN_POINT('',(292.876255342,818.092508561,13.070546503));
#1203=CARTESIAN_POINT('',(292.652654802,817.952035156,13.010672698));
#1204=CARTESIAN_POINT('',(292.429054262,817.81156175,12.950798893));
#1205=CARTESIAN_POINT('',(292.207534067,817.677855279,12.885378174));
#1206=CARTESIAN_POINT('',(291.98976428,817.551236118,12.816265625));
#1207=CARTESIAN_POINT('',(291.554224707,817.297997795,12.678040525));
#1208=CARTESIAN_POINT('',(291.134311446,817.073169816,12.525451051));
#1209=CARTESIAN_POINT('',(290.731011269,816.870340539,12.370309572));
#1210=CARTESIAN_POINT('',(290.529361181,816.768925901,12.292738833));
#1211=CARTESIAN_POINT('',(290.331675938,816.672940872,12.214443059));
#1212=CARTESIAN_POINT('',(290.137433108,816.581546521,12.136426446));
#1213=CARTESIAN_POINT('',(289.943190278,816.49015217,12.058409833));
#1214=CARTESIAN_POINT('',(289.751559176,816.403107487,11.980428806));
#1215=CARTESIAN_POINT('',(289.564755664,816.319185764,11.902822285));
#1216=B_SPLINE_CURVE_WITH_KNOTS('',3,(#1161,#1162,#1163,#1164,#1165,#1166,#1167,#1168,#1169,#1170,#1171,#1172,#1173,#1174,#1175,#1176,#1177,#1178,#1179,#1180,#1181,#1182,#1183,#1184,#1185,#1186,
#1187,#1188,#1189,#1190,#1191,#1192,#1193,#1194,#1195,#1196,#1197,#1198,#1199,#1200,#1201,#1202,#1203,#1204,#1205,#1206,#1207,#1208,#1209,#1210,#1211,
#1212,#1213,#1214,#1215),.UNSPECIFIED.,.F.,.F.,(4,3,3,3,3,3,3,3,3,3,3,3,3,3,3,3,3,3,4),(0.129244202,0.130476405,0.131708608,0.132940811,0.134173014,0.135405217,0.13663742,0.139101826,0.140334029,0.141566232,0.142798435,0.144030638,0.144646739,0.145262841,0.145878942,0.146495044,0.147727247,0.148343348,0.14895945),.UNSPECIFIED.);
#1217=EDGE_CURVE('',#1139,#1160,#1216,.T.);
#1218=ORIENTED_EDGE('',*,*,#1217,.T.);
#1219=CARTESIAN_POINT('',(272.389270969,828.186108495,10.184248595));
#1220=VERTEX_POINT('',#1219);
#1221=CARTESIAN_POINT('',(289.564757856,816.319186106,11.902822646));
#1222=CARTESIAN_POINT('',(289.163261382,816.509315022,12.05297394));
#1223=CARTESIAN_POINT('',(288.743210396,816.715557948,12.201944782));
#1224=CARTESIAN_POINT('',(288.292752114,816.960767892,12.344813596));
#1225=CARTESIAN_POINT('',(288.067522973,817.083372864,12.416248002));
#1226=CARTESIAN_POINT('',(287.834148757,817.215978942,12.485937052));
#1227=CARTESIAN_POINT('',(287.593096078,817.361764383,12.551360542));
#1228=CARTESIAN_POINT('',(287.352043399,817.507549824,12.616784033));
#1229=CARTESIAN_POINT('',(287.105919451,817.665087329,12.677166971));
#1230=CARTESIAN_POINT('',(286.858405456,817.835720838,12.729532015));
#1231=CARTESIAN_POINT('',(286.61089146,818.006354347,12.781897059));
#1232=CARTESIAN_POINT('',(286.362049156,818.190414308,12.826105037));
#1233=CARTESIAN_POINT('',(286.120013599,818.383339844,12.859356579));
#1234=CARTESIAN_POINT('',(285.998995821,818.479802612,12.87598235));
#1235=CARTESIAN_POINT('',(285.879760087,818.578364954,12.889855319));
#1236=CARTESIAN_POINT('',(285.763825916,818.676095524,12.900331234));
#1237=CARTESIAN_POINT('',(285.647891746,818.773826095,12.910807148));
#1238=CARTESIAN_POINT('',(285.535180172,818.870960911,12.918037128));
#1239=CARTESIAN_POINT('',(285.426146087,818.96608523,12.922390051));
#1240=CARTESIAN_POINT('',(285.317112002,819.06120955,12.926742973));
#1241=CARTESIAN_POINT('',(285.211622395,819.154424118,12.928239211));
#1242=CARTESIAN_POINT('',(285.109731677,819.244868695,12.927489333));
#1243=CARTESIAN_POINT('',(285.007840959,819.335313271,12.926739456));
#1244=CARTESIAN_POINT('',(284.909376904,819.423102342,12.923772012));
#1245=CARTESIAN_POINT('',(284.812506745,819.508707504,12.918777205));
#1246=CARTESIAN_POINT('',(284.618766427,819.679917829,12.908787592));
#1247=CARTESIAN_POINT('',(284.433515893,819.841150744,12.891143834));
#1248=CARTESIAN_POINT('',(284.252773154,819.994981548,12.86886654));
#1249=CARTESIAN_POINT('',(284.072030415,820.148812351,12.846589246));
#1250=CARTESIAN_POINT('',(283.895824974,820.295324449,12.819645673));
#1251=CARTESIAN_POINT('',(283.721713486,820.437024297,12.789731647));
#1252=CARTESIAN_POINT('',(283.547601997,820.578724145,12.759817621));
#1253=CARTESIAN_POINT('',(283.375647447,820.715701599,12.726904033));
#1254=CARTESIAN_POINT('',(283.204360716,820.848192701,12.691565271));
#1255=CARTESIAN_POINT('',(282.861787256,821.113174905,12.620887746));
#1256=CARTESIAN_POINT('',(282.520282392,821.364600503,12.541006524));
#1257=CARTESIAN_POINT('',(282.1826829,821.60906599,12.458186521));
#1258=CARTESIAN_POINT('',(281.845083409,821.853531477,12.375366518));
#1259=CARTESIAN_POINT('',(281.511165765,822.08988401,12.289247292));
#1260=CARTESIAN_POINT('',(281.180352376,822.319193349,12.202847035));
#1261=CARTESIAN_POINT('',(280.849538986,822.548502688,12.116446777));
#1262=CARTESIAN_POINT('',(280.522047963,822.770653324,12.02992177));
#1263=CARTESIAN_POINT('',(280.194353862,822.989498229,11.944314635));
#1264=CARTESIAN_POINT('',(279.86665976,823.208343134,11.858707501));
#1265=CARTESIAN_POINT('',(279.538341198,823.423749572,11.773778549));
#1266=CARTESIAN_POINT('',(279.209267933,823.640651923,11.690044426));
#1267=CARTESIAN_POINT('',(278.880194669,823.857554275,11.606310302));
#1268=CARTESIAN_POINT('',(278.550472619,824.076141578,11.523689014));
#1269=CARTESIAN_POINT('',(278.221215476,824.293875824,11.442125996));
#1270=CARTESIAN_POINT('',(277.562701192,824.729344317,11.278999961));
#1271=CARTESIAN_POINT('',(276.906751105,825.157541961,11.12063281));
#1272=CARTESIAN_POINT('',(276.253905269,825.58747674,10.970848205));
#1273=CARTESIAN_POINT('',(275.927482351,825.802444129,10.895955903));
#1274=CARTESIAN_POINT('',(275.601907153,826.017904816,10.823153646));
#1275=CARTESIAN_POINT('',(275.276681515,826.234162155,10.752373964));
#1276=CARTESIAN_POINT('',(274.951455876,826.450419493,10.681594282));
#1277=CARTESIAN_POINT('',(274.626767295,826.667314068,10.612807781));
#1278=CARTESIAN_POINT('',(274.303730952,826.883602707,10.546542935));
#1279=CARTESIAN_POINT('',(273.980694609,827.099891346,10.480278089));
#1280=CARTESIAN_POINT('',(273.659254563,827.315873532,10.416583685));
#1281=CARTESIAN_POINT('',(273.339937404,827.532842378,10.356023468));
#1282=CARTESIAN_POINT('',(273.020620245,827.749811225,10.295463251));
#1283=CARTESIAN_POINT('',(272.703343006,827.968179748,10.237967061));
#1284=CARTESIAN_POINT('',(272.389267902,828.186150384,10.184248328));
#1285=B_SPLINE_CURVE_WITH_KNOTS('',3,(#1221,#1222,#1223,#1224,#1225,#1226,#1227,#1228,#1229,#1230,#1231,#1232,#1233,#1234,#1235,#1236,#1237,#1238,#1239,#1240,#1241,#1242,#1243,#1244,#1245,#1246,
#1247,#1248,#1249,#1250,#1251,#1252,#1253,#1254,#1255,#1256,#1257,#1258,#1259,#1260,#1261,#1262,#1263,#1264,#1265,#1266,#1267,#1268,#1269,#1270,#1271,
#1272,#1273,#1274,#1275,#1276,#1277,#1278,#1279,#1280,#1281,#1282,#1283,#1284),.UNSPECIFIED.,.F.,.F.,(4,3,3,3,3,3,3,3,3,3,3,3,3,3,3,3,3,3,3,3,3,4),(0.049395903,0.050619328,0.051231041,0.051842754,0.052454466,0.052760323,0.053066179,0.053372036,0.053677892,0.054289605,0.054901317,0.05551303,0.056736455,0.057959881,0.059183306,0.060406731,0.061630157,0.064077007,0.065300433,0.066523858,0.067747284,0.068970709),.UNSPECIFIED.);
#1286=EDGE_CURVE('',#1160,#1220,#1285,.T.);
#1287=ORIENTED_EDGE('',*,*,#1286,.T.);
#1288=CARTESIAN_POINT('',(270.547714303,824.386047159,9.915097308));
#1289=VERTEX_POINT('',#1288);
#1290=CARTESIAN_POINT('',(272.389427716,828.186005593,10.184275435));
#1291=CARTESIAN_POINT('',(272.238761102,827.867185002,10.155759686));
#1292=CARTESIAN_POINT('',(272.087249525,827.547033174,10.128414766));
#1293=CARTESIAN_POINT('',(271.935269387,827.22878335,10.102374714));
#1294=CARTESIAN_POINT('',(271.783289249,826.910533525,10.076334662));
#1295=CARTESIAN_POINT('',(271.630873935,826.594503353,10.051774647));
#1296=CARTESIAN_POINT('',(271.477864888,826.278749563,10.029164076));
#1297=CARTESIAN_POINT('',(271.324855842,825.962995773,10.006553505));
#1298=CARTESIAN_POINT('',(271.171287883,825.648073664,9.985850064));
#1299=CARTESIAN_POINT('',(271.016405014,825.332881067,9.966948038));
#1300=CARTESIAN_POINT('',(270.861522145,825.01768847,9.948046012));
#1301=CARTESIAN_POINT('',(270.7053833,824.701801224,9.930884119));
#1302=CARTESIAN_POINT('',(270.54771431,824.386047157,9.915097309));
#1303=B_SPLINE_CURVE_WITH_KNOTS('',3,(#1290,#1291,#1292,#1293,#1294,#1295,#1296,#1297,#1298,#1299,#1300,#1301,#1302),.UNSPECIFIED.,.F.,.F.,(4,3,3,3,4),(0.058454664,0.059535726,0.060616789,0.061697851,0.062778914),.UNSPECIFIED.);
#1304=EDGE_CURVE('',#1220,#1289,#1303,.T.);
#1305=ORIENTED_EDGE('',*,*,#1304,.T.);
#1306=CARTESIAN_POINT('',(264.280819145,828.044740655,9.829008538));
#1307=VERTEX_POINT('',#1306);
#1308=CARTESIAN_POINT('',(270.547714902,824.386047171,9.915097352));
#1309=CARTESIAN_POINT('',(270.034265476,824.692414823,9.882478363));
#1310=CARTESIAN_POINT('',(269.519336697,824.997676554,9.859993519));
#1311=CARTESIAN_POINT('',(269.002043202,825.302548228,9.846522351));
#1312=CARTESIAN_POINT('',(268.484749706,825.607419902,9.833051183));
#1313=CARTESIAN_POINT('',(267.964987188,825.91219307,9.828610245));
#1314=CARTESIAN_POINT('',(267.442273751,826.217530923,9.828244884));
#1315=CARTESIAN_POINT('',(266.919560314,826.522868775,9.827879523));
#1316=CARTESIAN_POINT('',(266.3941753,826.828879268,9.831280296));
#1317=CARTESIAN_POINT('',(265.865828253,827.133906317,9.832151918));
#1318=CARTESIAN_POINT('',(265.337481206,827.438933365,9.83302354));
#1319=CARTESIAN_POINT('',(264.808400327,827.742302341,9.830798228));
#1320=CARTESIAN_POINT('',(264.280829798,828.044716975,9.829008632));
#1321=B_SPLINE_CURVE_WITH_KNOTS('',3,(#1308,#1309,#1310,#1311,#1312,#1313,#1314,#1315,#1316,#1317,#1318,#1319,#1320),.UNSPECIFIED.,.F.,.F.,(4,3,3,3,4),(0.136891926,0.138717624,0.140543322,0.14236902,0.144194717),.UNSPECIFIED.);
#1322=EDGE_CURVE('',#1289,#1307,#1321,.T.);
#1323=ORIENTED_EDGE('',*,*,#1322,.T.);
#1324=CARTESIAN_POINT('',(260.432033985,821.374474833,9.826506147));
#1325=VERTEX_POINT('',#1324);
#1326=CARTESIAN_POINT('',(264.280807919,828.044701871,9.829008647));
#1327=CARTESIAN_POINT('',(263.9582964,827.490074538,9.83033485));
#1328=CARTESIAN_POINT('',(263.63638585,826.933772995,9.831451984));
#1329=CARTESIAN_POINT('',(263.315659489,826.377359063,9.831130363));
#1330=CARTESIAN_POINT('',(262.994933127,825.820945131,9.830808743));
#1331=CARTESIAN_POINT('',(262.675160901,825.264438244,9.829621197));
#1332=CARTESIAN_POINT('',(262.355143757,824.708275528,9.828689201));
#1333=CARTESIAN_POINT('',(261.715109468,823.595950096,9.82682521));
#1334=CARTESIAN_POINT('',(261.073855472,822.48518799,9.82569784));
#1335=CARTESIAN_POINT('',(260.432033977,821.374474771,9.826506147));
#1336=B_SPLINE_CURVE_WITH_KNOTS('',3,(#1326,#1327,#1328,#1329,#1330,#1331,#1332,#1333,#1334,#1335),.UNSPECIFIED.,.F.,.F.,(4,3,3,4),(0.071065435,0.072951023,0.074836611,0.078607788),.UNSPECIFIED.);
#1337=EDGE_CURVE('',#1307,#1325,#1336,.T.);
#1338=ORIENTED_EDGE('',*,*,#1337,.T.);
#1339=CARTESIAN_POINT('',(254.543519807,824.773666053,9.828070036));
#1340=VERTEX_POINT('',#1339);
#1341=CARTESIAN_POINT('',(260.432033944,821.374479725,9.826506144));
#1342=CARTESIAN_POINT('',(259.450663153,821.940587904,9.826381367));
#1343=CARTESIAN_POINT('',(258.469109213,822.507412564,9.827100545));
#1344=CARTESIAN_POINT('',(257.487652059,823.074396523,9.827183192));
#1345=CARTESIAN_POINT('',(256.506194905,823.641380482,9.827265839));
#1346=CARTESIAN_POINT('',(255.525088411,824.208123444,9.826897983));
#1347=CARTESIAN_POINT('',(254.543519705,824.77366612,9.828070036));
#1348=B_SPLINE_CURVE_WITH_KNOTS('',3,(#1341,#1342,#1343,#1344,#1345,#1346,#1347),.UNSPECIFIED.,.F.,.F.,(4,3,4),(0.149341884,0.152748258,0.156154631),.UNSPECIFIED.);
#1349=EDGE_CURVE('',#1325,#1340,#1348,.T.);
#1350=ORIENTED_EDGE('',*,*,#1349,.T.);
#1351=CARTESIAN_POINT('',(258.394140287,831.442426805,9.828663034));
#1352=VERTEX_POINT('',#1351);
#1353=CARTESIAN_POINT('',(254.543519791,824.773666043,9.828070036));
#1354=CARTESIAN_POINT('',(254.86472629,825.328868311,9.82809697));
#1355=CARTESIAN_POINT('',(255.186134706,825.883457649,9.828595996));
#1356=CARTESIAN_POINT('',(255.507470594,826.439054653,9.82928251));
#1357=CARTESIAN_POINT('',(255.828806481,826.994651657,9.829969024));
#1358=CARTESIAN_POINT('',(256.149836093,827.550994186,9.830129177));
#1359=CARTESIAN_POINT('',(256.470341505,828.10750232,9.829549427));
#1360=CARTESIAN_POINT('',(256.790846916,828.664010454,9.828969677));
#1361=CARTESIAN_POINT('',(257.110894181,829.219614672,9.827955491));
#1362=CARTESIAN_POINT('',(257.431310171,829.774968196,9.827756095));
#1363=CARTESIAN_POINT('',(257.75172616,830.330321719,9.827556699));
#1364=CARTESIAN_POINT('',(258.07212143,830.884810486,9.82921177));
#1365=CARTESIAN_POINT('',(258.394137338,831.442424619,9.82866304));
#1366=B_SPLINE_CURVE_WITH_KNOTS('',3,(#1353,#1354,#1355,#1356,#1357,#1358,#1359,#1360,#1361,#1362,#1363,#1364,#1365),.UNSPECIFIED.,.F.,.F.,(4,3,3,3,4),(0.083148692,0.085073664,0.086998636,0.088923607,0.090848579),.UNSPECIFIED.);
#1367=EDGE_CURVE('',#1340,#1352,#1366,.T.);
#1368=ORIENTED_EDGE('',*,*,#1367,.T.);
#1369=CARTESIAN_POINT('',(256.573514887,832.493389321,9.827832626));
#1370=VERTEX_POINT('',#1369);
#1371=CARTESIAN_POINT('',(258.392911389,831.442449733,9.828665197));
#1372=CARTESIAN_POINT('',(257.787706055,831.792725244,9.829740943));
#1373=CARTESIAN_POINT('',(257.181316565,832.142631757,9.828933536));
#1374=CARTESIAN_POINT('',(256.574242355,832.492457645,9.827834626));
#1375=B_SPLINE_CURVE_WITH_KNOTS('',3,(#1371,#1372,#1373,#1374),.UNSPECIFIED.,.F.,.F.,(4,4),(0.,1.),.UNSPECIFIED.);
#1376=EDGE_CURVE('',#1352,#1370,#1375,.T.);
#1377=ORIENTED_EDGE('',*,*,#1376,.T.);
#1378=CARTESIAN_POINT('',(251.923466365,824.438031055,9.827664176));
#1379=VERTEX_POINT('',#1378);
#1380=CARTESIAN_POINT('',(256.574242355,832.492457645,9.827834626));
#1381=CARTESIAN_POINT('',(254.998400963,829.812537186,9.829764476));
#1382=CARTESIAN_POINT('',(253.47462005,827.128668125,9.830878906));
#1383=CARTESIAN_POINT('',(251.924242453,824.438418981,9.827665253));
#1384=B_SPLINE_CURVE_WITH_KNOTS('',3,(#1380,#1381,#1382,#1383),.UNSPECIFIED.,.F.,.F.,(4,4),(0.,1.),.UNSPECIFIED.);
#1385=EDGE_CURVE('',#1370,#1379,#1384,.T.);
#1386=ORIENTED_EDGE('',*,*,#1385,.T.);
#1387=CARTESIAN_POINT('',(265.850488351,816.401521857,9.823733698));
#1388=VERTEX_POINT('',#1387);
#1389=CARTESIAN_POINT('',(251.923466131,824.438031675,9.827664176));
#1390=CARTESIAN_POINT('',(253.084770441,823.766898162,9.8285813));
#1391=CARTESIAN_POINT('',(254.244526151,823.098031982,9.827502553));
#1392=CARTESIAN_POINT('',(255.4049009,822.42820568,9.827339169));
#1393=CARTESIAN_POINT('',(256.565275649,821.758379378,9.827175784));
#1394=CARTESIAN_POINT('',(257.725786107,821.088847206,9.826754148));
#1395=CARTESIAN_POINT('',(258.885914256,820.419020304,9.827021288));
#1396=CARTESIAN_POINT('',(260.046042405,819.749193402,9.827288428));
#1397=CARTESIAN_POINT('',(261.20566591,819.078311957,9.828219402));
#1398=CARTESIAN_POINT('',(262.366354603,818.40844159,9.828162759));
#1399=CARTESIAN_POINT('',(263.527043296,817.738571223,9.828106116));
#1400=CARTESIAN_POINT('',(264.688760843,817.069580393,9.827033161));
#1401=CARTESIAN_POINT('',(265.850473784,816.401515887,9.823733774));
#1402=B_SPLINE_CURVE_WITH_KNOTS('',3,(#1389,#1390,#1391,#1392,#1393,#1394,#1395,#1396,#1397,#1398,#1399,#1400,#1401),.UNSPECIFIED.,.F.,.F.,(4,3,3,3,4),(0.145707916,0.149739204,0.153770491,0.157801779,0.161833066),.UNSPECIFIED.);
#1403=EDGE_CURVE('',#1379,#1388,#1402,.T.);
#1404=ORIENTED_EDGE('',*,*,#1403,.T.);
#1405=CARTESIAN_POINT('',(265.850488307,816.40152187,9.823733698));
#1406=CARTESIAN_POINT('',(265.848270502,815.061410681,9.827013609));
#1407=CARTESIAN_POINT('',(265.845308022,813.721629509,9.829335318));
#1408=CARTESIAN_POINT('',(265.84218757,812.381914017,9.83200501));
#1409=CARTESIAN_POINT('',(265.839067119,811.042198526,9.834674703));
#1410=CARTESIAN_POINT('',(265.835994553,809.702067907,9.837435586));
#1411=CARTESIAN_POINT('',(265.834830843,808.361667517,9.838379621));
#1412=CARTESIAN_POINT('',(265.832503423,805.680866736,9.840267692));
#1413=CARTESIAN_POINT('',(265.838126495,803.000773936,9.835475526));
#1414=CARTESIAN_POINT('',(265.845462118,800.320760222,9.828447668));
#1415=B_SPLINE_CURVE_WITH_KNOTS('',3,(#1405,#1406,#1407,#1408,#1409,#1410,#1411,#1412,#1413,#1414),.UNSPECIFIED.,.F.,.F.,(4,3,3,4),(0.066272284,0.070291585,0.074310886,0.082349488),.UNSPECIFIED.);
#1416=EDGE_CURVE('',#1388,#220,#1415,.T.);
#1417=ORIENTED_EDGE('',*,*,#1416,.T.);
#1418=EDGE_LOOP('',(#894,#912,#942,#963,#978,#996,#1026,#1044,#1053,#1074,#1086,#1110,#1137,#1158,#1218,#1287,#1305,#1323,#1338,#1350,#1368,#1377,#1386,#1404,#1417));
#1419=FACE_BOUND('',#1418,.T.);
#1420=ADVANCED_FACE('',(#1419),#893,.T.);
#1421=OVER_RIDING_STYLED_ITEM('',(#105),#1420,#54);
#1422=CARTESIAN_POINT('',(313.450495072,800.319633315,9.829612614));
#1423=CARTESIAN_POINT('',(313.450493417,800.227485649,9.829222157));
#1424=CARTESIAN_POINT('',(313.450413728,800.135453097,9.810403549));
#1425=CARTESIAN_POINT('',(313.450110428,799.965644005,9.738777915));
#1426=CARTESIAN_POINT('',(313.449886939,799.8879358,9.685999712));
#1427=CARTESIAN_POINT('',(313.449330343,799.758754843,9.554555895));
#1428=CARTESIAN_POINT('',(313.448997459,799.707334076,9.475943176));
#1429=CARTESIAN_POINT('',(313.448273252,799.638668523,9.30491669));
#1430=CARTESIAN_POINT('',(313.44788222,799.62145137,9.212571747));
#1431=CARTESIAN_POINT('',(313.447492056,799.622661794,9.120431794));
#1432=CARTESIAN_POINT('',(313.066583499,800.318079831,9.831202153));
#1433=CARTESIAN_POINT('',(313.06658099,800.226063494,9.830607656));
#1434=CARTESIAN_POINT('',(313.066501426,800.13420272,9.811638119));
#1435=CARTESIAN_POINT('',(313.066200281,799.964753045,9.739831931));
#1436=CARTESIAN_POINT('',(313.06597882,799.887231947,9.687024013));
#1437=CARTESIAN_POINT('',(313.065427778,799.75837867,9.555624152));
#1438=CARTESIAN_POINT('',(313.065098417,799.707098049,9.477084787));
#1439=CARTESIAN_POINT('',(313.064382067,799.638622325,9.306263397));
#1440=CARTESIAN_POINT('',(313.063995365,799.621454621,9.214049725));
#1441=CARTESIAN_POINT('',(313.06360952,799.622661624,9.12204027));
#1442=CARTESIAN_POINT('',(312.682708224,800.316428359,9.83275803));
#1443=CARTESIAN_POINT('',(312.682704824,800.224552276,9.831947445));
#1444=CARTESIAN_POINT('',(312.682624394,800.132874429,9.8128183));
#1445=CARTESIAN_POINT('',(312.682321666,799.963807035,9.7408216));
#1446=CARTESIAN_POINT('',(312.682099488,799.886484733,9.68798268));
#1447=CARTESIAN_POINT('',(312.681547172,799.757979451,9.556630381));
#1448=CARTESIAN_POINT('',(312.681217253,799.706847582,9.478169246));
#1449=CARTESIAN_POINT('',(312.680499887,799.638573315,9.307566162));
#1450=CARTESIAN_POINT('',(312.680112726,799.621458073,9.215492067));
#1451=CARTESIAN_POINT('',(312.679726419,799.622661443,9.123621367));
#1452=CARTESIAN_POINT('',(310.94472259,800.308793082,9.840038196));
#1453=CARTESIAN_POINT('',(310.944714813,800.217569844,9.838234193));
#1454=CARTESIAN_POINT('',(310.944628212,800.126739868,9.818372863));
#1455=CARTESIAN_POINT('',(310.944310312,799.959441212,9.745505028));
#1456=CARTESIAN_POINT('',(310.944079136,799.883037218,9.692526708));
#1457=CARTESIAN_POINT('',(310.943506896,799.75613841,9.561399801));
#1458=CARTESIAN_POINT('',(310.943166053,799.70569266,9.483301923));
#1459=CARTESIAN_POINT('',(310.942425881,799.638347445,9.313709703));
#1460=CARTESIAN_POINT('',(310.942026837,799.621474018,9.222280938));
#1461=CARTESIAN_POINT('',(310.941628665,799.622660606,9.131051781));
#1462=CARTESIAN_POINT('',(309.589970278,800.302531841,9.846570294));
#1463=CARTESIAN_POINT('',(309.589960109,800.211857254,9.843969027));
#1464=CARTESIAN_POINT('',(309.589884413,800.121728952,9.823524754));
#1465=CARTESIAN_POINT('',(309.589613126,799.955884549,9.749971686));
#1466=CARTESIAN_POINT('',(309.589417637,799.880231131,9.696890694));
#1467=CARTESIAN_POINT('',(309.588935793,799.75464229,9.565964472));
#1468=CARTESIAN_POINT('',(309.58864962,799.704754335,9.488168727));
#1469=CARTESIAN_POINT('',(309.588028964,799.638164025,9.319409088));
#1470=CARTESIAN_POINT('',(309.587694716,799.62148684,9.228508978));
#1471=CARTESIAN_POINT('',(309.587361189,799.622659939,9.137805441));
#1472=CARTESIAN_POINT('',(307.556370329,800.299450701,9.849336135));
#1473=CARTESIAN_POINT('',(307.55636937,800.20904763,9.846344524));
#1474=CARTESIAN_POINT('',(307.556363639,800.119265374,9.825615359));
#1475=CARTESIAN_POINT('',(307.556343471,799.9541371,9.751728362));
#1476=CARTESIAN_POINT('',(307.556329042,799.87885279,9.69859814));
#1477=CARTESIAN_POINT('',(307.556293595,799.753907773,9.567772417));
#1478=CARTESIAN_POINT('',(307.556272591,799.704293757,9.490125804));
#1479=CARTESIAN_POINT('',(307.556227083,799.638074094,9.321776215));
#1480=CARTESIAN_POINT('',(307.556202597,799.621493193,9.23113615));
#1481=CARTESIAN_POINT('',(307.556178163,799.622659605,9.140691158));
#1482=CARTESIAN_POINT('',(306.878566723,800.299529887,9.849240104));
#1483=CARTESIAN_POINT('',(306.87856985,800.209119491,9.846258074));
#1484=CARTESIAN_POINT('',(306.878588094,800.119328171,9.825535751));
#1485=CARTESIAN_POINT('',(306.87865216,799.954181381,9.751656472));
#1486=CARTESIAN_POINT('',(306.878697957,799.878887642,9.698527132));
#1487=CARTESIAN_POINT('',(306.878810413,799.753926263,9.56769821));
#1488=CARTESIAN_POINT('',(306.87887703,799.704305332,9.49004753));
#1489=CARTESIAN_POINT('',(306.879021343,799.638076334,9.32168704));
#1490=CARTESIAN_POINT('',(306.879098986,799.621493022,9.231040162));
#1491=CARTESIAN_POINT('',(306.879176463,799.622659615,9.140588396));
#1492=CARTESIAN_POINT('',(305.580508992,800.303646913,9.845583816));
#1493=CARTESIAN_POINT('',(305.580521229,800.212874616,9.843124567));
#1494=CARTESIAN_POINT('',(305.580618912,800.122621342,9.822784217));
#1495=CARTESIAN_POINT('',(305.580970723,799.956517922,9.749353524));
#1496=CARTESIAN_POINT('',(305.581224719,799.880730817,9.69629105));
#1497=CARTESIAN_POINT('',(305.581851329,799.754908663,9.565329646));
#1498=CARTESIAN_POINT('',(305.582223706,799.704921366,9.48748042));
#1499=CARTESIAN_POINT('',(305.583031539,799.638196635,9.318573211));
#1500=CARTESIAN_POINT('',(305.583466688,799.621484524,9.227579332));
#1501=CARTESIAN_POINT('',(305.583900896,799.622660061,9.136782573));
#1502=CARTESIAN_POINT('',(304.960874768,800.307470552,9.842275868));
#1503=CARTESIAN_POINT('',(304.960892008,800.216360789,9.840300423));
#1504=CARTESIAN_POINT('',(304.961028382,800.125677846,9.820312921));
#1505=CARTESIAN_POINT('',(304.96151921,799.958685625,9.747295342));
#1506=CARTESIAN_POINT('',(304.961873478,799.882440593,9.694293371));
#1507=CARTESIAN_POINT('',(304.962747342,799.755819798,9.563206285));
#1508=CARTESIAN_POINT('',(304.963266606,799.705492747,9.485171613));
#1509=CARTESIAN_POINT('',(304.964393045,799.638308284,9.315754928));
#1510=CARTESIAN_POINT('',(304.964999793,799.621476719,9.224438101));
#1511=CARTESIAN_POINT('',(304.965605229,799.622660467,9.133320239));
#1512=CARTESIAN_POINT('',(304.339906751,800.314026738,9.835579844));
#1513=CARTESIAN_POINT('',(304.339918882,800.222355954,9.83445682));
#1514=CARTESIAN_POINT('',(304.340126705,800.130944759,9.815098272));
#1515=CARTESIAN_POINT('',(304.34090238,799.962433656,9.742830969));
#1516=CARTESIAN_POINT('',(304.341469927,799.885400188,9.689950706));
#1517=CARTESIAN_POINT('',(304.342878815,799.757400213,9.558675542));
#1518=CARTESIAN_POINT('',(304.343719601,799.706484173,9.4803324));
#1519=CARTESIAN_POINT('',(304.345547014,799.638502187,9.310055407));
#1520=CARTESIAN_POINT('',(304.34653292,799.621463045,9.218188693));
#1521=CARTESIAN_POINT('',(304.347516657,799.622661184,9.126524181));
#1522=B_SPLINE_SURFACE_WITH_KNOTS('',3,3,((#1422,#1423,#1424,#1425,#1426,#1427,#1428,#1429,#1430,#1431),(#1432,#1433,#1434,#1435,#1436,#1437,#1438,#1439,#1440,#1441),(#1442,#1443,#1444,#1445,#1446,#1447,#1448,#1449,#1450,#1451),(#1452,#1453,#1454,#1455,#1456,#1457,#1458,#1459,#1460,#1461),(#1462,#1463,#1464,#1465,#1466,#1467,#1468,#1469,#1470,#1471),(#1472,#1473,#1474,#1475,#1476,#1477,#1478,#1479,#1480,#1481),(#1482,#1483,#1484,#1485,#1486,#1487,#1488,#1489,#1490,#1491),(#1492,#1493,#1494,#1495,#1496,#1497,#1498,#1499,#1500,#1501),(#1502,#1503,#1504,#1505,#1506,#1507,#1508,#1509,#1510,#1511),(#1512,#1513,#1514,#1515,#1516,#1517,#1518,#1519,#1520,#1521)),.UNSPECIFIED.,.F.,.F.,.U.,(4,2,2,2,4),(4,2,2,2,4),(0.104479844,0.105631523,0.109694274,0.11172565,0.113581462),(0.,0.252096569,0.504193137,0.756289706,1.008386275),.UNSPECIFIED.);
#1523=ORIENTED_EDGE('',*,*,#977,.F.);
#1524=CARTESIAN_POINT('',(304.347517879,800.322601402,9.135659224));
#1525=DIRECTION('',(0.999941957,-0.,0.010774134));
#1526=DIRECTION('',(0.010774134,0.,-0.999941957));
#1527=AXIS2_PLACEMENT_3D('',#1524,#1525,#1526);
#1528=CIRCLE('',#1527,0.7);
#1529=EDGE_CURVE('',#944,#115,#1528,.T.);
#1530=ORIENTED_EDGE('',*,*,#1529,.T.);
#1531=ORIENTED_EDGE('',*,*,#120,.F.);
#1532=CARTESIAN_POINT('',(313.447517879,800.322601402,9.129559911));
#1533=DIRECTION('',(-0.999991052,0.,0.00423047));
#1534=DIRECTION('',(-0.00423047,0.,-0.999991052));
#1535=AXIS2_PLACEMENT_3D('',#1532,#1533,#1534);
#1536=CIRCLE('',#1535,0.7);
#1537=EDGE_CURVE('',#113,#965,#1536,.T.);
#1538=ORIENTED_EDGE('',*,*,#1537,.T.);
#1539=EDGE_LOOP('',(#1523,#1530,#1531,#1538));
#1540=FACE_BOUND('',#1539,.T.);
#1541=ADVANCED_FACE('',(#1540),#1522,.T.);
#1542=CARTESIAN_POINT('',(256.337393972,821.08219577,5.887940363));
#1543=DIRECTION('',(0.5,0.866025404,0.));
#1544=DIRECTION('',(-0.,0.,1.));
#1545=AXIS2_PLACEMENT_3D('',#1542,#1543,#1544);
#1546=PLANE('',#1545);
#1547=CARTESIAN_POINT('',(251.574243737,823.83220184,9.127664716));
#1548=VERTEX_POINT('',#1547);
#1549=CARTESIAN_POINT('',(251.574243737,823.83220184,0.526508956));
#1550=VERTEX_POINT('',#1549);
#1551=CARTESIAN_POINT('',(251.574243737,823.83220184,9.127664716));
#1552=DIRECTION('',(0.,-0.,-1.));
#1553=VECTOR('',#1552,8.60115576);
#1554=LINE('',#1551,#1553);
#1555=EDGE_CURVE('',#1548,#1550,#1554,.T.);
#1556=ORIENTED_EDGE('',*,*,#1555,.T.);
#1557=CARTESIAN_POINT('',(251.574243737,823.83220184,0.526508956));
#1558=DIRECTION('',(0.866025404,-0.5,0.));
#1559=VECTOR('',#1558,15.673066959);
#1560=LINE('',#1557,#1559);
#1561=EDGE_CURVE('',#1550,#247,#1560,.T.);
#1562=ORIENTED_EDGE('',*,*,#1561,.T.);
#1563=ORIENTED_EDGE('',*,*,#254,.T.);
#1564=CARTESIAN_POINT('',(265.147517879,815.995668361,9.126508956));
#1565=DIRECTION('',(-0.866025404,0.5,-0.));
#1566=VECTOR('',#1565,15.673066959);
#1567=LINE('',#1564,#1566);
#1568=EDGE_CURVE('',#249,#1548,#1567,.T.);
#1569=ORIENTED_EDGE('',*,*,#1568,.T.);
#1570=EDGE_LOOP('',(#1556,#1562,#1563,#1569));
#1571=FACE_BOUND('',#1570,.T.);
#1572=ADVANCED_FACE('',(#1571),#1546,.F.);
#1573=CARTESIAN_POINT('',(322.957641785,821.08219577,5.887940363));
#1574=DIRECTION('',(-0.5,0.866025404,-0.));
#1575=DIRECTION('',(0.,-0.,-1.));
#1576=AXIS2_PLACEMENT_3D('',#1573,#1574,#1575);
#1577=PLANE('',#1576);
#1578=ORIENTED_EDGE('',*,*,#310,.T.);
#1579=CARTESIAN_POINT('',(327.72079202,823.83220184,0.526508956));
#1580=VERTEX_POINT('',#1579);
#1581=CARTESIAN_POINT('',(314.147517879,815.995668361,0.526508956));
#1582=DIRECTION('',(0.866025404,0.5,0.));
#1583=VECTOR('',#1582,15.673066959);
#1584=LINE('',#1581,#1583);
#1585=EDGE_CURVE('',#297,#1580,#1584,.T.);
#1586=ORIENTED_EDGE('',*,*,#1585,.T.);
#1587=CARTESIAN_POINT('',(327.72079202,823.83220184,9.125905434));
#1588=VERTEX_POINT('',#1587);
#1589=CARTESIAN_POINT('',(327.72079202,823.83220184,0.526508956));
#1590=DIRECTION('',(-0.,0.,1.));
#1591=VECTOR('',#1590,8.599396478);
#1592=LINE('',#1589,#1591);
#1593=EDGE_CURVE('',#1580,#1588,#1592,.T.);
#1594=ORIENTED_EDGE('',*,*,#1593,.T.);
#1595=CARTESIAN_POINT('',(327.72079202,823.83220184,9.126508956));
#1596=DIRECTION('',(-0.866025404,-0.5,-0.));
#1597=VECTOR('',#1596,15.673066959);
#1598=LINE('',#1595,#1597);
#1599=EDGE_CURVE('',#1588,#305,#1598,.T.);
#1600=ORIENTED_EDGE('',*,*,#1599,.T.);
#1601=EDGE_LOOP('',(#1578,#1586,#1594,#1600));
#1602=FACE_BOUND('',#1601,.T.);
#1603=ADVANCED_FACE('',(#1602),#1577,.F.);
#1604=CARTESIAN_POINT('',(275.455297087,830.829078951,8.826508956));
#1605=DIRECTION('',(0.5,0.866025404,0.));
#1606=DIRECTION('',(-0.,0.,1.));
#1607=AXIS2_PLACEMENT_3D('',#1604,#1605,#1606);
#1608=PLANE('',#1607);
#1609=CARTESIAN_POINT('',(274.805223353,831.204399196,6.747518));
#1610=VERTEX_POINT('',#1609);
#1611=CARTESIAN_POINT('',(289.647517879,822.635196456,9.862298342));
#1612=VERTEX_POINT('',#1611);
#1613=CARTESIAN_POINT('',(274.805219044,831.204401683,6.747579083));
#1614=CARTESIAN_POINT('',(275.424947119,830.846601513,6.854850183));
#1615=CARTESIAN_POINT('',(276.043849785,830.489277892,6.973823199));
#1616=CARTESIAN_POINT('',(276.662165887,830.132292924,7.101112007));
#1617=CARTESIAN_POINT('',(277.280481988,829.775307957,7.228400816));
#1618=CARTESIAN_POINT('',(277.89823639,829.418647286,7.363652911));
#1619=CARTESIAN_POINT('',(278.515527123,829.062254315,7.505478499));
#1620=CARTESIAN_POINT('',(279.750108589,828.349468374,7.789129677));
#1621=CARTESIAN_POINT('',(280.982765378,827.637793645,8.100067239));
#1622=CARTESIAN_POINT('',(282.214353253,826.926736054,8.426158926));
#1623=CARTESIAN_POINT('',(282.83014719,826.571207258,8.58920477));
#1624=CARTESIAN_POINT('',(283.445590932,826.215880649,8.758249982));
#1625=CARTESIAN_POINT('',(284.060624152,825.860791053,8.929336416));
#1626=CARTESIAN_POINT('',(284.675657372,825.505701458,9.100422849));
#1627=CARTESIAN_POINT('',(285.290540019,825.150698796,9.272305269));
#1628=CARTESIAN_POINT('',(285.907686222,824.79438927,9.432221633));
#1629=CARTESIAN_POINT('',(286.216259324,824.616234507,9.512179816));
#1630=CARTESIAN_POINT('',(286.525332152,824.437791226,9.589496243));
#1631=CARTESIAN_POINT('',(286.835453543,824.258742557,9.661269553));
#1632=CARTESIAN_POINT('',(287.145574934,824.079693889,9.733042863));
#1633=CARTESIAN_POINT('',(287.456669196,823.900083533,9.799673188));
#1634=CARTESIAN_POINT('',(287.770331855,823.718990313,9.852725945));
#1635=CARTESIAN_POINT('',(288.083994514,823.537897092,9.905778701));
#1636=CARTESIAN_POINT('',(288.397860904,823.356686247,9.944695473));
#1637=CARTESIAN_POINT('',(288.710800693,823.176010376,9.94987098));
#1638=CARTESIAN_POINT('',(289.023740482,822.995334504,9.955046486));
#1639=CARTESIAN_POINT('',(289.335967797,822.81506998,9.925279469));
#1640=CARTESIAN_POINT('',(289.647518112,822.635196322,9.862309786));
#1641=B_SPLINE_CURVE_WITH_KNOTS('',3,(#1613,#1614,#1615,#1616,#1617,#1618,#1619,#1620,#1621,#1622,#1623,#1624,#1625,#1626,#1627,#1628,#1629,#1630,#1631,#1632,#1633,#1634,#1635,#1636,#1637,#1638,
#1639,#1640),.UNSPECIFIED.,.F.,.F.,(4,3,3,3,3,3,3,3,3,4),(0.049467098,0.051642448,0.053817798,0.058168499,0.060343849,0.062519199,0.063606874,0.064694549,0.065782224,0.066869899),.UNSPECIFIED.);
#1642=EDGE_CURVE('',#1610,#1612,#1641,.T.);
#1643=ORIENTED_EDGE('',*,*,#1642,.T.);
#1644=CARTESIAN_POINT('',(289.647517879,822.635196456,3.826508956));
#1645=VERTEX_POINT('',#1644);
#1646=CARTESIAN_POINT('',(289.647517879,822.635196456,9.862298342));
#1647=DIRECTION('',(-0.,0.,-1.));
#1648=VECTOR('',#1647,6.035789385);
#1649=LINE('',#1646,#1648);
#1650=EDGE_CURVE('',#1612,#1645,#1649,.T.);
#1651=ORIENTED_EDGE('',*,*,#1650,.T.);
#1652=CARTESIAN_POINT('',(274.911186324,831.143221446,3.826508956));
#1653=VERTEX_POINT('',#1652);
#1654=CARTESIAN_POINT('',(289.647517879,822.635196456,3.826508956));
#1655=DIRECTION('',(-0.866025404,0.5,-0.));
#1656=VECTOR('',#1655,17.01604998);
#1657=LINE('',#1654,#1656);
#1658=EDGE_CURVE('',#1645,#1653,#1657,.T.);
#1659=ORIENTED_EDGE('',*,*,#1658,.T.);
#1660=CARTESIAN_POINT('',(265.337393972,836.670653038,4.826508956));
#1661=DIRECTION('',(-0.5,-0.866025404,-0.));
#1662=DIRECTION('',(-0.,0.,1.));
#1663=AXIS2_PLACEMENT_3D('',#1660,#1661,#1662);
#1664=CIRCLE('',#1663,11.1);
#1665=EDGE_CURVE('',#1653,#1610,#1664,.T.);
#1666=ORIENTED_EDGE('',*,*,#1665,.T.);
#1667=EDGE_LOOP('',(#1643,#1651,#1659,#1666));
#1668=FACE_BOUND('',#1667,.T.);
#1669=ADVANCED_FACE('',(#1668),#1608,.T.);
#1670=OVER_RIDING_STYLED_ITEM('',(#105),#1669,#54);
#1671=CARTESIAN_POINT('',(272.388852577,828.18639511,10.184174746));
#1672=CARTESIAN_POINT('',(272.506749055,828.397160542,10.206232255));
#1673=CARTESIAN_POINT('',(272.629014482,828.608080717,10.203376549));
#1674=CARTESIAN_POINT('',(272.877034645,829.021176211,10.147961297));
#1675=CARTESIAN_POINT('',(273.002781679,829.223338702,10.09540347));
#1676=CARTESIAN_POINT('',(273.25235161,829.610214778,9.942843608));
#1677=CARTESIAN_POINT('',(273.376166757,829.79491635,9.84284631));
#1678=CARTESIAN_POINT('',(273.6165423,830.138917725,9.599709642));
#1679=CARTESIAN_POINT('',(273.733095233,830.298206846,9.456577822));
#1680=CARTESIAN_POINT('',(273.953928058,830.58452402,9.133331546));
#1681=CARTESIAN_POINT('',(274.058201094,830.711543183,8.953227126));
#1682=CARTESIAN_POINT('',(274.249984199,830.927850001,8.563787215));
#1683=CARTESIAN_POINT('',(274.337488314,831.017130941,8.354463814));
#1684=CARTESIAN_POINT('',(274.491965306,831.154115243,7.915595922));
#1685=CARTESIAN_POINT('',(274.558933388,831.201814353,7.686065057));
#1686=CARTESIAN_POINT('',(274.669453931,831.253578867,7.216662749));
#1687=CARTESIAN_POINT('',(274.71300296,831.257642665,6.976805881));
#1688=CARTESIAN_POINT('',(274.743906016,831.239800777,6.736941565));
#1689=CARTESIAN_POINT('',(272.455937942,828.139838709,10.195649165));
#1690=CARTESIAN_POINT('',(272.573864762,828.350862596,10.218192387));
#1691=CARTESIAN_POINT('',(272.696224035,828.562067361,10.21577343));
#1692=CARTESIAN_POINT('',(272.944542673,828.975751049,10.161115277));
#1693=CARTESIAN_POINT('',(273.070494294,829.178217067,10.108877788));
#1694=CARTESIAN_POINT('',(273.320562765,829.565685862,9.956833666));
#1695=CARTESIAN_POINT('',(273.444671816,829.750676553,9.857031776));
#1696=CARTESIAN_POINT('',(273.685699468,830.09521085,9.614162588));
#1697=CARTESIAN_POINT('',(273.80261055,830.254743709,9.471102867));
#1698=CARTESIAN_POINT('',(274.024196866,830.541476561,9.147888687));
#1699=CARTESIAN_POINT('',(274.128865187,830.66866761,8.96774431));
#1700=CARTESIAN_POINT('',(274.321448573,830.885226249,8.578132154));
#1701=CARTESIAN_POINT('',(274.409357631,830.974587084,8.368676527));
#1702=CARTESIAN_POINT('',(274.564628004,831.111626812,7.929478528));
#1703=CARTESIAN_POINT('',(274.631984476,831.159301431,7.699749856));
#1704=CARTESIAN_POINT('',(274.743241847,831.210908851,7.229917813));
#1705=CARTESIAN_POINT('',(274.787139275,831.214840043,6.989829097));
#1706=CARTESIAN_POINT('',(274.818361064,831.196814135,6.749732892));
#1707=CARTESIAN_POINT('',(272.523170807,828.093264543,10.207298881));
#1708=CARTESIAN_POINT('',(272.641125621,828.304544184,10.230325007));
#1709=CARTESIAN_POINT('',(272.763575542,828.516031197,10.228340453));
#1710=CARTESIAN_POINT('',(273.012184758,828.930299268,10.174435613));
#1711=CARTESIAN_POINT('',(273.13833626,829.133067344,10.122517016));
#1712=CARTESIAN_POINT('',(273.388892584,829.521126901,9.970986575));
#1713=CARTESIAN_POINT('',(273.513289554,829.706406221,9.871379479));
#1714=CARTESIAN_POINT('',(273.754956312,830.0514735,9.628777275));
#1715=CARTESIAN_POINT('',(273.872218528,830.211250644,9.48578977));
#1716=CARTESIAN_POINT('',(274.094543542,830.498401315,9.16260853));
#1717=CARTESIAN_POINT('',(274.199599373,830.625765843,8.982424924));
#1718=CARTESIAN_POINT('',(274.392967015,830.842580499,8.592642447));
#1719=CARTESIAN_POINT('',(274.481272766,830.932023832,8.383055792));
#1720=CARTESIAN_POINT('',(274.637319838,831.069125125,7.943530403));
#1721=CARTESIAN_POINT('',(274.705056268,831.116778789,7.713605443));
#1722=CARTESIAN_POINT('',(274.817033709,831.168237008,7.243346863));
#1723=CARTESIAN_POINT('',(274.861271211,831.17203995,7.003027981));
#1724=CARTESIAN_POINT('',(274.892803604,831.153834715,6.762701567));
#1725=CARTESIAN_POINT('',(272.857236459,827.862298687,10.265881199));
#1726=CARTESIAN_POINT('',(272.975318901,828.074831806,10.291285281));
#1727=CARTESIAN_POINT('',(273.098203137,828.287704944,10.291440756));
#1728=CARTESIAN_POINT('',(273.348215846,828.704847415,10.241248378));
#1729=CARTESIAN_POINT('',(273.475336306,828.909103378,10.190902135));
#1730=CARTESIAN_POINT('',(273.728261491,829.300076779,10.041905838));
#1731=CARTESIAN_POINT('',(273.85405811,829.486781686,9.94326056));
#1732=CARTESIAN_POINT('',(274.098833327,829.834485386,9.701978373));
#1733=CARTESIAN_POINT('',(274.217804081,829.995473035,9.559349197));
#1734=CARTESIAN_POINT('',(274.443723605,830.284698974,9.23633544));
#1735=CARTESIAN_POINT('',(274.550665136,830.412927994,9.055961211));
#1736=CARTESIAN_POINT('',(274.74784816,830.631025807,8.66534486));
#1737=CARTESIAN_POINT('',(274.838083335,830.720887611,8.455115256));
#1738=CARTESIAN_POINT('',(274.997906081,830.858317898,8.013981973));
#1739=CARTESIAN_POINT('',(275.067488532,830.905881977,7.783092433));
#1740=CARTESIAN_POINT('',(275.182961385,830.956633513,7.310737298));
#1741=CARTESIAN_POINT('',(275.228848087,830.959819342,7.069286842));
#1742=CARTESIAN_POINT('',(275.261884668,830.940745663,6.827828648));
#1743=CARTESIAN_POINT('',(273.126016826,827.677995828,10.315211774));
#1744=CARTESIAN_POINT('',(273.244164372,827.891480134,10.342454644));
#1745=CARTESIAN_POINT('',(273.367346158,828.105413334,10.344268006));
#1746=CARTESIAN_POINT('',(273.618359551,828.524766988,10.296956505));
#1747=CARTESIAN_POINT('',(273.746182974,828.730173766,10.247833186));
#1748=CARTESIAN_POINT('',(274.000840566,829.123411802,10.100812753));
#1749=CARTESIAN_POINT('',(274.127666432,829.311230235,10.002920435));
#1750=CARTESIAN_POINT('',(274.374733595,829.661004204,9.762678121));
#1751=CARTESIAN_POINT('',(274.494966835,829.822948334,9.620335959));
#1752=CARTESIAN_POINT('',(274.723544015,830.113827309,9.297471339));
#1753=CARTESIAN_POINT('',(274.831880501,830.242752669,9.116959409));
#1754=CARTESIAN_POINT('',(275.031884029,830.461903962,8.725716961));
#1755=CARTESIAN_POINT('',(275.12354455,830.552122749,8.5149992));
#1756=CARTESIAN_POINT('',(275.286151453,830.689878011,8.072639889));
#1757=CARTESIAN_POINT('',(275.357092533,830.737409995,7.841012764));
#1758=CARTESIAN_POINT('',(275.475129723,830.787691731,7.367052571));
#1759=CARTESIAN_POINT('',(275.522221985,830.790439843,7.124734959));
#1760=CARTESIAN_POINT('',(275.556352326,830.770734681,6.882409445));
#1761=CARTESIAN_POINT('',(273.666458568,827.311247659,10.418246984));
#1762=CARTESIAN_POINT('',(273.784669057,827.526513016,10.44897464));
#1763=CARTESIAN_POINT('',(273.908358705,827.742436979,10.453936434));
#1764=CARTESIAN_POINT('',(274.161167397,828.165950525,10.412107063));
#1765=CARTESIAN_POINT('',(274.290277928,828.373525846,10.365317308));
#1766=CARTESIAN_POINT('',(274.548140259,828.771035211,10.222079609));
#1767=CARTESIAN_POINT('',(274.676883376,828.960955868,10.12563649));
#1768=CARTESIAN_POINT('',(274.928238949,829.314639926,9.887413041));
#1769=CARTESIAN_POINT('',(275.050842941,829.478391416,9.745640735));
#1770=CARTESIAN_POINT('',(275.284423276,829.772393835,9.42311238));
#1771=CARTESIAN_POINT('',(275.395391753,829.902634864,9.242367193));
#1772=CARTESIAN_POINT('',(275.600725429,830.123774932,8.849994192));
#1773=CARTESIAN_POINT('',(275.695083714,830.214666524,8.638379591));
#1774=CARTESIAN_POINT('',(275.862965779,830.353030028,8.193753347));
#1775=CARTESIAN_POINT('',(275.936483905,830.40049728,7.960756677));
#1776=CARTESIAN_POINT('',(276.059388495,830.449880955,7.483811107));
#1777=CARTESIAN_POINT('',(276.108770821,830.451795715,7.23987827));
#1778=CARTESIAN_POINT('',(276.144979669,830.430890526,6.995937216));
#1779=CARTESIAN_POINT('',(273.93817864,827.128499399,10.471982657));
#1780=CARTESIAN_POINT('',(274.056390028,827.344602494,10.504373225));
#1781=CARTESIAN_POINT('',(274.180292959,827.561467209,10.510840407));
#1782=CARTESIAN_POINT('',(274.433901487,827.986952773,10.471637218));
#1783=CARTESIAN_POINT('',(274.563598412,828.195559074,10.425968188));
#1784=CARTESIAN_POINT('',(274.82293632,828.595103593,10.284552525));
#1785=CARTESIAN_POINT('',(274.952568437,828.786028151,10.188810729));
#1786=CARTESIAN_POINT('',(275.20592075,829.141583108,9.95157157));
#1787=CARTESIAN_POINT('',(275.329632285,829.30620135,9.81008232));
#1788=CARTESIAN_POINT('',(275.565554592,829.60170538,9.487737136));
#1789=CARTESIAN_POINT('',(275.677757299,829.732581064,9.306892224));
#1790=CARTESIAN_POINT('',(275.885592689,829.954685451,8.914002837));
#1791=CARTESIAN_POINT('',(275.981218268,830.04590656,8.701971796));
#1792=CARTESIAN_POINT('',(276.151578692,830.184578201,8.256286589));
#1793=CARTESIAN_POINT('',(276.226307713,830.232023991,8.022647662));
#1794=CARTESIAN_POINT('',(276.351498021,830.280998595,7.54429986));
#1795=CARTESIAN_POINT('',(276.401955028,830.282525734,7.29960734));
#1796=CARTESIAN_POINT('',(276.439137783,830.26105826,7.054906453));
#1797=CARTESIAN_POINT('',(274.756867481,826.579907389,10.638825788));
#1798=CARTESIAN_POINT('',(274.875028234,826.798445845,10.676138981));
#1799=CARTESIAN_POINT('',(274.999496247,827.018065544,10.687067562));
#1800=CARTESIAN_POINT('',(275.255316652,827.44935757,10.655654344));
#1801=CARTESIAN_POINT('',(275.386659906,827.66101449,10.613313673));
#1802=CARTESIAN_POINT('',(275.65016633,828.066607022,10.477315007));
#1803=CARTESIAN_POINT('',(275.782320088,828.260528144,10.383661877));
#1804=CARTESIAN_POINT('',(276.041345585,828.621693492,10.149360647));
#1805=CARTESIAN_POINT('',(276.168208071,828.788924816,10.008720922));
#1806=CARTESIAN_POINT('',(276.410793296,829.088986758,9.686938547));
#1807=CARTESIAN_POINT('',(276.52650737,829.221806657,9.505807395));
#1808=CARTESIAN_POINT('',(276.741452639,829.446910274,9.111404138));
#1809=CARTESIAN_POINT('',(276.840676158,829.539185951,8.898146126));
#1810=CARTESIAN_POINT('',(277.018058408,829.678937228,8.44933498));
#1811=CARTESIAN_POINT('',(277.096210806,829.726407835,8.213797881));
#1812=CARTESIAN_POINT('',(277.227841609,829.774353496,7.731303689));
#1813=CARTESIAN_POINT('',(277.281315314,829.774826836,7.484363834));
#1814=CARTESIAN_POINT('',(277.321217054,829.751789555,7.237415156));
#1815=CARTESIAN_POINT('',(275.307092758,826.212842573,10.757145011));
#1816=CARTESIAN_POINT('',(275.425154135,826.432926372,10.797724289));
#1817=CARTESIAN_POINT('',(275.549908793,826.654326322,10.811619277));
#1818=CARTESIAN_POINT('',(275.806978913,827.08942047,10.785393554));
#1819=CARTESIAN_POINT('',(275.939284922,827.303098672,10.745273812));
#1820=CARTESIAN_POINT('',(276.205260861,827.712740009,10.612895435));
#1821=CARTESIAN_POINT('',(276.338921013,827.908688086,10.520641671));
#1822=CARTESIAN_POINT('',(276.601344812,828.273689708,10.288313972));
#1823=CARTESIAN_POINT('',(276.730098811,828.442729836,10.148248583));
#1824=CARTESIAN_POINT('',(276.976679501,828.745995813,9.826855964));
#1825=CARTESIAN_POINT('',(277.094497128,828.880210513,9.645540553));
#1826=CARTESIAN_POINT('',(277.313686294,829.107536479,9.250138646));
#1827=CARTESIAN_POINT('',(277.415049776,829.200639387,9.036066688));
#1828=CARTESIAN_POINT('',(277.596582313,829.341377724,8.585177201));
#1829=CARTESIAN_POINT('',(277.676744696,829.389007978,8.34837625));
#1830=CARTESIAN_POINT('',(277.812119461,829.436566445,7.863119517));
#1831=CARTESIAN_POINT('',(277.867326868,829.436492907,7.614681576));
#1832=CARTESIAN_POINT('',(277.908765788,829.412568136,7.3662345));
#1833=CARTESIAN_POINT('',(276.409230834,825.484299553,11.004814528));
#1834=CARTESIAN_POINT('',(276.526912377,825.7072538,11.051571268));
#1835=CARTESIAN_POINT('',(276.652050766,825.93196825,11.071099419));
#1836=CARTESIAN_POINT('',(276.911241502,826.374144492,11.054764007));
#1837=CARTESIAN_POINT('',(277.0452838,826.591589142,11.018901083));
#1838=CARTESIAN_POINT('',(277.315836045,827.008767133,10.8935056));
#1839=CARTESIAN_POINT('',(277.452335503,827.208484302,10.803977907));
#1840=CARTESIAN_POINT('',(277.72123741,827.580600576,10.575555935));
#1841=CARTESIAN_POINT('',(277.853629435,827.752985257,10.436670517));
#1842=CARTESIAN_POINT('',(278.107949132,828.06214364,10.116210143));
#1843=CARTESIAN_POINT('',(278.229866947,828.198905357,9.934647615));
#1844=CARTESIAN_POINT('',(278.457374348,828.430237498,9.537562944));
#1845=CARTESIAN_POINT('',(278.562955117,828.524798953,9.322056197));
#1846=CARTESIAN_POINT('',(278.752709961,828.667179273,8.867446063));
#1847=CARTESIAN_POINT('',(278.836876683,828.714992616,8.6283603));
#1848=CARTESIAN_POINT('',(278.979754538,828.761573283,8.138089811));
#1849=CARTESIAN_POINT('',(279.038460136,828.7603388,7.886924093));
#1850=CARTESIAN_POINT('',(279.083025607,828.734608913,7.635748637));
#1851=CARTESIAN_POINT('',(276.962269138,825.122316866,11.134786443));
#1852=CARTESIAN_POINT('',(277.0796842,825.346590625,11.184440768));
#1853=CARTESIAN_POINT('',(277.204923925,825.572836376,11.206620973));
#1854=CARTESIAN_POINT('',(277.464974822,826.018293042,11.194958446));
#1855=CARTESIAN_POINT('',(277.599775661,826.237486262,11.161116182));
#1856=CARTESIAN_POINT('',(277.872386629,826.658166085,11.039053336));
#1857=CARTESIAN_POINT('',(278.010185929,826.859635978,10.950837607));
#1858=CARTESIAN_POINT('',(278.282085469,827.235059485,10.724319519));
#1859=CARTESIAN_POINT('',(278.41617491,827.408998186,10.586026163));
#1860=CARTESIAN_POINT('',(278.674126714,827.720889235,10.26608262));
#1861=CARTESIAN_POINT('',(278.797978832,827.858829194,10.084445146));
#1862=CARTESIAN_POINT('',(279.029426033,828.092004537,9.686653656));
#1863=CARTESIAN_POINT('',(279.137011923,828.187230659,9.470515445));
#1864=CARTESIAN_POINT('',(279.330688252,828.330338961,9.014242918));
#1865=CARTESIAN_POINT('',(279.416770998,828.378215456,8.774126729));
#1866=CARTESIAN_POINT('',(279.563249106,828.424289804,8.28158673));
#1867=CARTESIAN_POINT('',(279.623638651,828.422485827,8.029182485));
#1868=CARTESIAN_POINT('',(279.669713784,828.395884336,7.776768214));
#1869=CARTESIAN_POINT('',(277.795177085,824.575128295,11.336858427));
#1870=CARTESIAN_POINT('',(277.912149293,824.801376295,11.391093965));
#1871=CARTESIAN_POINT('',(278.037487047,825.02996448,11.417470675));
#1872=CARTESIAN_POINT('',(278.298695757,825.48051786,11.413202552));
#1873=CARTESIAN_POINT('',(278.434555933,825.702464464,11.382557895));
#1874=CARTESIAN_POINT('',(278.710069802,826.128722606,11.265763086));
#1875=CARTESIAN_POINT('',(278.849712126,826.333016554,11.179617754));
#1876=CARTESIAN_POINT('',(279.125862481,826.713832236,10.956091299));
#1877=CARTESIAN_POINT('',(279.262359117,826.890338256,10.818719402));
#1878=CARTESIAN_POINT('',(279.525445846,827.206818759,10.499551348));
#1879=CARTESIAN_POINT('',(279.652025082,827.346780184,10.317768363));
#1880=CARTESIAN_POINT('',(279.888996284,827.583224546,9.918793562));
#1881=CARTESIAN_POINT('',(279.999378471,827.679697726,9.70161821));
#1882=CARTESIAN_POINT('',(280.198477945,827.824375653,9.242630734));
#1883=CARTESIAN_POINT('',(280.287187017,827.872574429,9.000837551));
#1884=CARTESIAN_POINT('',(280.43853747,827.918308226,8.504608705));
#1885=CARTESIAN_POINT('',(280.501172607,827.915841361,8.250193518));
#1886=CARTESIAN_POINT('',(280.549219125,827.888101691,7.995767833));
#1887=CARTESIAN_POINT('',(278.073405331,824.391851317,11.405351227));
#1888=CARTESIAN_POINT('',(278.190223599,824.618759282,11.461165408));
#1889=CARTESIAN_POINT('',(278.315586088,824.848140315,11.488988582));
#1890=CARTESIAN_POINT('',(278.577160798,825.300433542,11.487268794));
#1891=CARTESIAN_POINT('',(278.713362085,825.523326831,11.457725904));
#1892=CARTESIAN_POINT('',(278.989814517,825.95151471,11.342744736));
#1893=CARTESIAN_POINT('',(279.130054108,826.156791403,11.257311266));
#1894=CARTESIAN_POINT('',(279.407581152,826.539494959,11.034810434));
#1895=CARTESIAN_POINT('',(279.544857006,826.716905826,10.897752374));
#1896=CARTESIAN_POINT('',(279.80960204,827.035017134,10.57884183));
#1897=CARTESIAN_POINT('',(279.937060156,827.175704278,10.397002676));
#1898=CARTESIAN_POINT('',(280.175804864,827.413340456,9.997605888));
#1899=CARTESIAN_POINT('',(280.287081478,827.510279556,9.780064948));
#1900=CARTESIAN_POINT('',(280.48790579,827.655575739,9.320123866));
#1901=CARTESIAN_POINT('',(280.577445093,827.703926749,9.077742948));
#1902=CARTESIAN_POINT('',(280.730322301,827.749628463,8.580222342));
#1903=CARTESIAN_POINT('',(280.793653817,827.746977256,8.325103448));
#1904=CARTESIAN_POINT('',(280.842302492,827.71888993,8.069973892));
#1905=CARTESIAN_POINT('',(278.630404507,824.022934472,11.543750389));
#1906=CARTESIAN_POINT('',(278.746894569,824.251186947,11.602900182));
#1907=CARTESIAN_POINT('',(278.872291284,824.482205736,11.633781304));
#1908=CARTESIAN_POINT('',(279.134574215,824.938125839,11.637449363));
#1909=CARTESIAN_POINT('',(279.271449172,825.16300758,11.610236144));
#1910=CARTESIAN_POINT('',(279.549763518,825.595273894,11.499087973));
#1911=CARTESIAN_POINT('',(279.69119096,825.802639911,11.415157793));
#1912=CARTESIAN_POINT('',(279.971454333,826.189380453,11.194818128));
#1913=CARTESIAN_POINT('',(280.110278233,826.368738377,11.058418103));
#1914=CARTESIAN_POINT('',(280.378309771,826.690384761,10.740036488));
#1915=CARTESIAN_POINT('',(280.507505902,826.832659413,10.558068566));
#1916=CARTESIAN_POINT('',(280.749743764,827.07293693,10.157755193));
#1917=CARTESIAN_POINT('',(280.862775096,827.17092948,9.939426926));
#1918=CARTESIAN_POINT('',(281.066962637,827.317680535,9.477437487));
#1919=CARTESIAN_POINT('',(281.15811008,827.36643274,9.233796148));
#1920=CARTESIAN_POINT('',(281.313915978,827.412231977,8.733506957));
#1921=CARTESIAN_POINT('',(281.378567744,827.409277043,8.476880582));
#1922=CARTESIAN_POINT('',(281.428338229,827.38054204,8.22024319));
#1923=CARTESIAN_POINT('',(278.909129363,823.838500458,11.6137212));
#1924=CARTESIAN_POINT('',(279.025440018,824.067411414,11.674542081));
#1925=CARTESIAN_POINT('',(279.150838622,824.299238105,11.706957344));
#1926=CARTESIAN_POINT('',(279.413446085,824.756954944,11.713331618));
#1927=CARTESIAN_POINT('',(279.550643521,824.982825181,11.687290352));
#1928=CARTESIAN_POINT('',(279.829861317,825.417123703,11.578073328));
#1929=CARTESIAN_POINT('',(279.971869533,825.625533095,11.494902321));
#1930=CARTESIAN_POINT('',(280.253475992,826.01429294,11.275657591));
#1931=CARTESIAN_POINT('',(280.393061986,826.194626481,11.139593406));
#1932=CARTESIAN_POINT('',(280.662713922,826.518046793,10.821488562));
#1933=CARTESIAN_POINT('',(280.792768135,826.661119496,10.639461741));
#1934=CARTESIAN_POINT('',(281.036731364,826.902727409,10.238699555));
#1935=CARTESIAN_POINT('',(281.150629769,827.00125211,10.019981623));
#1936=CARTESIAN_POINT('',(281.356478606,827.148741727,9.556974792));
#1937=CARTESIAN_POINT('',(281.448420083,827.197700227,9.312706033));
#1938=CARTESIAN_POINT('',(281.605670184,827.243559375,8.811037503));
#1939=CARTESIAN_POINT('',(281.670971967,827.240458028,8.553659555));
#1940=CARTESIAN_POINT('',(281.721293134,827.211404446,8.296270475));
#1941=CARTESIAN_POINT('',(279.465694719,823.471615788,11.755248566));
#1942=CARTESIAN_POINT('',(279.581587976,823.701806625,11.819321719));
#1943=CARTESIAN_POINT('',(279.706939938,823.935199577,11.85473073));
#1944=CARTESIAN_POINT('',(279.970116662,824.396390749,11.866400506));
#1945=CARTESIAN_POINT('',(280.107929679,824.624168388,11.842660752));
#1946=CARTESIAN_POINT('',(280.38891987,825.062377563,11.73725284));
#1947=CARTESIAN_POINT('',(280.532084504,825.272789542,11.655589389));
#1948=CARTESIAN_POINT('',(280.816392648,825.665410896,11.438542226));
#1949=CARTESIAN_POINT('',(280.95752347,825.84760275,11.303168201));
#1950=CARTESIAN_POINT('',(281.230483038,826.174382251,10.985679236));
#1951=CARTESIAN_POINT('',(281.362299603,826.318955316,10.803578466));
#1952=CARTESIAN_POINT('',(281.609829618,826.563035518,10.402026513));
#1953=CARTESIAN_POINT('',(281.725532022,826.662531762,10.182593251));
#1954=CARTESIAN_POINT('',(281.934863418,826.811321388,9.717693558));
#1955=CARTESIAN_POINT('',(282.028483067,826.86060813,9.472247875));
#1956=CARTESIAN_POINT('',(282.188817362,826.906431591,8.967983513));
#1957=CARTESIAN_POINT('',(282.255524854,826.902966265,8.709187338));
#1958=CARTESIAN_POINT('',(282.307058018,826.873212933,8.450379678));
#1959=CARTESIAN_POINT('',(279.743488801,823.289112052,11.826837628));
#1960=CARTESIAN_POINT('',(279.859144029,823.519927853,11.892496194));
#1961=CARTESIAN_POINT('',(279.984447888,823.754082953,11.929368507));
#1962=CARTESIAN_POINT('',(280.247870992,824.216959401,11.943633813));
#1963=CARTESIAN_POINT('',(280.385978334,824.445659837,11.921026163));
#1964=CARTESIAN_POINT('',(280.667840537,824.885755012,11.817500158));
#1965=CARTESIAN_POINT('',(280.811582662,825.097129868,11.736586483));
#1966=CARTESIAN_POINT('',(281.097253517,825.491600253,11.520643661));
#1967=CARTESIAN_POINT('',(281.239169341,825.67467796,11.385624273));
#1968=CARTESIAN_POINT('',(281.513820888,826.003048298,11.068474107));
#1969=CARTESIAN_POINT('',(281.646544201,826.148326094,10.886357659));
#1970=CARTESIAN_POINT('',(281.895920581,826.393552126,10.484462745));
#1971=CARTESIAN_POINT('',(282.01256238,826.493489282,10.264702438));
#1972=CARTESIAN_POINT('',(282.22371976,826.642842392,9.798924));
#1973=CARTESIAN_POINT('',(282.318225801,826.692251598,9.552926914));
#1974=CARTESIAN_POINT('',(282.480204189,826.737979476,9.047442002));
#1975=CARTESIAN_POINT('',(282.547669219,826.734296083,8.787977016));
#1976=CARTESIAN_POINT('',(282.599865266,826.70416059,8.528500315));
#1977=CARTESIAN_POINT('',(280.297998733,822.921025075,11.97122338));
#1978=CARTESIAN_POINT('',(280.413121477,823.153164169,12.040351597));
#1979=CARTESIAN_POINT('',(280.538297218,823.388953646,12.080428819));
#1980=CARTESIAN_POINT('',(280.802192768,823.855473206,12.100380915));
#1981=CARTESIAN_POINT('',(280.940900329,824.086181637,12.080254866));
#1982=CARTESIAN_POINT('',(281.224563863,824.530402059,11.980854041));
#1983=CARTESIAN_POINT('',(281.369506671,824.743893435,11.901583879));
#1984=CARTESIAN_POINT('',(281.658016454,825.142447333,11.688059806));
#1985=CARTESIAN_POINT('',(281.801570039,825.327491361,11.553815806));
#1986=CARTESIAN_POINT('',(282.07974958,825.659413619,11.237401289));
#1987=CARTESIAN_POINT('',(282.214362626,825.806276446,11.055245457));
#1988=CARTESIAN_POINT('',(282.467578974,826.054106995,10.65258553));
#1989=CARTESIAN_POINT('',(282.586170525,826.155063215,10.432100123));
#1990=CARTESIAN_POINT('',(282.801103967,826.305765445,9.964376479));
#1991=CARTESIAN_POINT('',(282.897435884,826.35550446,9.717159949));
#1992=CARTESIAN_POINT('',(283.062780557,826.401150951,9.208976734));
#1993=CARTESIAN_POINT('',(283.131785641,826.39705631,8.948033634));
#1994=CARTESIAN_POINT('',(283.18531493,826.366151068,8.687078432));
#1995=CARTESIAN_POINT('',(280.574523253,822.73494965,12.043935194));
#1996=CARTESIAN_POINT('',(280.689346205,822.967801993,12.114992116));
#1997=CARTESIAN_POINT('',(280.814440353,823.204483418,12.156851835));
#1998=CARTESIAN_POINT('',(281.078565337,823.673006735,12.179967323));
#1999=CARTESIAN_POINT('',(281.217583734,823.904826563,12.161222007));
#2000=CARTESIAN_POINT('',(281.502191518,824.351341713,12.064115795));
#2001=CARTESIAN_POINT('',(281.647767503,824.566016008,11.985759475));
#2002=CARTESIAN_POINT('',(281.937776692,824.966862627,11.773578504));
#2003=CARTESIAN_POINT('',(282.082196239,825.153016074,11.639763848));
#2004=CARTESIAN_POINT('',(282.362239427,825.486953878,11.323752561));
#2005=CARTESIAN_POINT('',(282.497849881,825.634722509,11.141570813));
#2006=CARTESIAN_POINT('',(282.753087911,825.884056712,10.738475298));
#2007=CARTESIAN_POINT('',(282.872703467,825.985610543,10.517580514));
#2008=CARTESIAN_POINT('',(283.089611679,826.137129407,10.048761156));
#2009=CARTESIAN_POINT('',(283.186894121,826.187087305,9.80085866));
#2010=CARTESIAN_POINT('',(283.35397896,826.232762154,9.291158313));
#2011=CARTESIAN_POINT('',(283.423773488,826.228476955,9.029384465));
#2012=CARTESIAN_POINT('',(283.477977483,826.197182265,8.76759829));
#2013=CARTESIAN_POINT('',(281.131058293,822.354421013,12.190091489));
#2014=CARTESIAN_POINT('',(281.245316251,822.588739381,12.265565286));
#2015=CARTESIAN_POINT('',(281.370275025,822.827337663,12.31150072));
#2016=CARTESIAN_POINT('',(281.634886995,823.300287672,12.341830155));
#2017=CARTESIAN_POINT('',(281.774527312,823.534616382,12.326222683));
#2018=CARTESIAN_POINT('',(282.060981528,823.986404126,12.234301777));
#2019=CARTESIAN_POINT('',(282.207781485,824.203841173,12.157992819));
#2020=CARTESIAN_POINT('',(282.500647856,824.610131249,11.948774231));
#2021=CARTESIAN_POINT('',(282.646700015,824.798964506,11.815874786));
#2022=CARTESIAN_POINT('',(282.930203264,825.137872385,11.500629192));
#2023=CARTESIAN_POINT('',(283.067640557,825.287930514,11.318298387));
#2024=CARTESIAN_POINT('',(283.326509906,825.541201253,10.914007362));
#2025=CARTESIAN_POINT('',(283.447929365,825.644401538,10.69206682));
#2026=CARTESIAN_POINT('',(283.668221034,825.798393006,10.220508142));
#2027=CARTESIAN_POINT('',(283.767082524,825.849176694,9.970912957));
#2028=CARTESIAN_POINT('',(283.936930751,825.895594337,9.457487587));
#2029=CARTESIAN_POINT('',(284.007909222,825.891226032,9.19368239));
#2030=CARTESIAN_POINT('',(284.06303729,825.859397827,8.929864354));
#2031=CARTESIAN_POINT('',(281.411039063,822.159715829,12.263444586));
#2032=CARTESIAN_POINT('',(281.525031507,822.39479263,12.341427252));
#2033=CARTESIAN_POINT('',(281.649937395,822.634423887,12.389674731));
#2034=CARTESIAN_POINT('',(281.914810587,823.109816416,12.424087497));
#2035=CARTESIAN_POINT('',(282.054764761,823.345554127,12.410251083));
#2036=CARTESIAN_POINT('',(282.342127901,823.800344704,12.321243238));
#2037=CARTESIAN_POINT('',(282.489522624,824.019375032,12.246076222));
#2038=CARTESIAN_POINT('',(282.783755135,824.428843125,12.038488111));
#2039=CARTESIAN_POINT('',(282.930578341,824.619260599,11.906077307));
#2040=CARTESIAN_POINT('',(283.215686441,824.961149581,11.591194468));
#2041=CARTESIAN_POINT('',(283.353957205,825.112604148,11.40873804));
#2042=CARTESIAN_POINT('',(283.614443197,825.368330926,11.003677726));
#2043=CARTESIAN_POINT('',(283.736645514,825.472590465,10.781093917));
#2044=CARTESIAN_POINT('',(283.958350108,825.628255436,10.307874693));
#2045=CARTESIAN_POINT('',(284.057841396,825.679653155,10.057262732));
#2046=CARTESIAN_POINT('',(284.228713286,825.726795618,9.541607699));
#2047=CARTESIAN_POINT('',(284.300085419,825.722538026,9.276590183));
#2048=CARTESIAN_POINT('',(284.355460855,825.690567003,9.011559532));
#2049=CARTESIAN_POINT('',(281.976172374,821.759159965,12.407724624));
#2050=CARTESIAN_POINT('',(282.089714259,821.995739447,12.491490647));
#2051=CARTESIAN_POINT('',(282.214583398,822.237553576,12.545066699));
#2052=CARTESIAN_POINT('',(282.480073578,822.71828458,12.588878734));
#2053=CARTESIAN_POINT('',(282.620680908,822.957176632,12.579112459));
#2054=CARTESIAN_POINT('',(282.909847649,823.418809086,12.496776324));
#2055=CARTESIAN_POINT('',(283.058392127,823.641525652,12.424210719));
#2056=CARTESIAN_POINT('',(283.355192283,824.058449018,12.220296488));
#2057=CARTESIAN_POINT('',(283.503432635,824.252634292,12.088958395));
#2058=CARTESIAN_POINT('',(283.791399755,824.601718771,11.774780742));
#2059=CARTESIAN_POINT('',(283.931111653,824.756599954,11.591957408));
#2060=CARTESIAN_POINT('',(284.194269443,825.018479535,11.184947848));
#2061=CARTESIAN_POINT('',(284.317701747,825.125464414,10.960782639));
#2062=CARTESIAN_POINT('',(284.541450343,825.285611129,10.483522474));
#2063=CARTESIAN_POINT('',(284.641755083,825.338764696,10.230452161));
#2064=CARTESIAN_POINT('',(284.813680959,825.388294482,9.709419776));
#2065=CARTESIAN_POINT('',(284.885293219,825.384668145,9.441484608));
#2066=CARTESIAN_POINT('',(284.940575519,825.352750895,9.173535604));
#2067=CARTESIAN_POINT('',(282.261262659,821.553524231,12.478650527));
#2068=CARTESIAN_POINT('',(282.374618238,821.790846437,12.565676052));
#2069=CARTESIAN_POINT('',(282.499502221,822.033806589,12.622254934));
#2070=CARTESIAN_POINT('',(282.765345941,822.517421979,12.671359052));
#2071=CARTESIAN_POINT('',(282.906291639,822.75805168,12.663881703));
#2072=CARTESIAN_POINT('',(283.196352014,823.223505078,12.58528804));
#2073=CARTESIAN_POINT('',(283.345451374,823.448304199,12.514175884));
#2074=CARTESIAN_POINT('',(283.643454078,823.869482528,12.312297323));
#2075=CARTESIAN_POINT('',(283.792341686,824.065839498,12.181541585));
#2076=CARTESIAN_POINT('',(284.081566926,824.419114337,11.867707));
#2077=CARTESIAN_POINT('',(284.221889283,824.576013554,11.684644729));
#2078=CARTESIAN_POINT('',(284.486109727,824.841566495,11.276463339));
#2079=CARTESIAN_POINT('',(284.609993859,824.950206199,11.051365776));
#2080=CARTESIAN_POINT('',(284.834384945,825.113140456,10.571739252));
#2081=CARTESIAN_POINT('',(284.934880048,825.167426409,10.31723562));
#2082=CARTESIAN_POINT('',(285.106851609,825.218602349,9.793073361));
#2083=CARTESIAN_POINT('',(285.178318983,825.215489638,9.523442413));
#2084=CARTESIAN_POINT('',(285.233270262,825.183763506,9.253797226));
#2085=CARTESIAN_POINT('',(282.692697127,821.235697819,12.579946974));
#2086=CARTESIAN_POINT('',(282.8058499,821.474060164,12.672580361));
#2087=CARTESIAN_POINT('',(282.930831949,821.718788147,12.734335851));
#2088=CARTESIAN_POINT('',(283.197335582,822.207035793,12.792574026));
#2089=CARTESIAN_POINT('',(283.338842546,822.450528674,12.78905352));
#2090=CARTESIAN_POINT('',(283.630306547,822.922383439,12.716934313));
#2091=CARTESIAN_POINT('',(283.780247595,823.150719439,12.64833957));
#2092=CARTESIAN_POINT('',(284.080007182,823.579202985,12.449987287));
#2093=CARTESIAN_POINT('',(284.229809277,823.779327026,12.320240628));
#2094=CARTESIAN_POINT('',(284.520725396,824.139940947,12.006996815));
#2095=CARTESIAN_POINT('',(284.66182346,824.300411045,11.823516845));
#2096=CARTESIAN_POINT('',(284.927262689,824.572537498,11.413291818));
#2097=CARTESIAN_POINT('',(285.051589293,824.684178926,11.186569265));
#2098=CARTESIAN_POINT('',(285.276374838,824.852259401,10.702818093));
#2099=CARTESIAN_POINT('',(285.376821449,824.908689228,10.445816011));
#2100=CARTESIAN_POINT('',(285.548100863,824.963114048,9.916197499));
#2101=CARTESIAN_POINT('',(285.61892427,824.961106057,9.643610122));
#2102=CARTESIAN_POINT('',(285.672914275,824.929934917,9.37100779));
#2103=CARTESIAN_POINT('',(282.837190219,821.128200208,12.612871452));
#2104=CARTESIAN_POINT('',(282.950290059,821.36689555,12.707491274));
#2105=CARTESIAN_POINT('',(283.075318703,821.612219414,12.771081858));
#2106=CARTESIAN_POINT('',(283.342065209,822.102058996,12.832559466));
#2107=CARTESIAN_POINT('',(283.483768243,822.346547488,12.830443074));
#2108=CARTESIAN_POINT('',(283.775709533,822.820644763,12.760621875));
#2109=CARTESIAN_POINT('',(283.925931562,823.050227195,12.692920951));
#2110=CARTESIAN_POINT('',(284.226265656,823.481297279,12.495820438));
#2111=CARTESIAN_POINT('',(284.376361028,823.682760973,12.366431806));
#2112=CARTESIAN_POINT('',(284.667802955,824.045995505,12.05339635));
#2113=CARTESIAN_POINT('',(284.809133312,824.207746154,11.869766925));
#2114=CARTESIAN_POINT('',(285.074909853,824.482240953,11.458812865));
#2115=CARTESIAN_POINT('',(285.199341265,824.594969845,11.231511071));
#2116=CARTESIAN_POINT('',(285.424156242,824.764927888,10.746289865));
#2117=CARTESIAN_POINT('',(285.524527311,824.822147592,10.488397422));
#2118=CARTESIAN_POINT('',(285.695441881,824.877788076,9.956834514));
#2119=CARTESIAN_POINT('',(285.765975881,824.876205764,9.683193594));
#2120=CARTESIAN_POINT('',(285.819564526,824.845266355,9.409537462));
#2121=CARTESIAN_POINT('',(283.126148425,820.909144638,12.675767001));
#2122=CARTESIAN_POINT('',(283.239133341,821.148501069,12.774745737));
#2123=CARTESIAN_POINT('',(283.36426485,821.395068779,12.842371508));
#2124=CARTESIAN_POINT('',(283.631544311,821.888288379,12.910985313));
#2125=CARTESIAN_POINT('',(283.773676977,822.134912061,12.911969424));
#2126=CARTESIAN_POINT('',(284.066662839,822.613845741,12.84723547));
#2127=CARTESIAN_POINT('',(284.217499278,822.846128349,12.78152111));
#2128=CARTESIAN_POINT('',(284.51908772,823.282817742,12.58721951));
#2129=CARTESIAN_POINT('',(284.669822474,823.487199553,12.458643384));
#2130=CARTESIAN_POINT('',(284.962407514,823.856152604,12.146117725));
#2131=CARTESIAN_POINT('',(285.104241066,824.020702744,11.962186067));
#2132=CARTESIAN_POINT('',(285.370742304,824.300381756,11.549681192));
#2133=CARTESIAN_POINT('',(285.495394747,824.415494634,11.321131568));
#2134=CARTESIAN_POINT('',(285.720254424,824.589573473,10.832728517));
#2135=CARTESIAN_POINT('',(285.820448798,824.648529479,10.572903023));
#2136=CARTESIAN_POINT('',(285.990539983,824.706846556,10.037113312));
#2137=CARTESIAN_POINT('',(286.060427067,824.706204292,9.761179738));
#2138=CARTESIAN_POINT('',(286.113123507,824.675779998,9.485230381));
#2139=CARTESIAN_POINT('',(283.270800267,820.797573786,12.705836801));
#2140=CARTESIAN_POINT('',(283.383727771,821.037255108,12.807181024));
#2141=CARTESIAN_POINT('',(283.508918039,821.284467385,12.876999952));
#2142=CARTESIAN_POINT('',(283.776488464,821.779468464,12.949497324));
#2143=CARTESIAN_POINT('',(283.918853082,822.027228519,12.952171562));
#2144=CARTESIAN_POINT('',(284.212399221,822.508750461,12.890215399));
#2145=CARTESIAN_POINT('',(284.363563696,822.742484386,12.825588599));
#2146=CARTESIAN_POINT('',(284.665817954,823.182203011,12.632825069));
#2147=CARTESIAN_POINT('',(284.816890184,823.388162178,12.504699536));
#2148=CARTESIAN_POINT('',(285.110072746,823.760212665,12.192468872));
#2149=CARTESIAN_POINT('',(285.252166052,823.926282381,12.008381875));
#2150=CARTESIAN_POINT('',(285.51903069,824.208780557,11.595051278));
#2151=CARTESIAN_POINT('',(285.643786525,824.325192613,11.365831684));
#2152=CARTESIAN_POINT('',(285.868635021,824.501522094,10.875714941));
#2153=CARTESIAN_POINT('',(285.968714623,824.561429281,10.614846255));
#2154=CARTESIAN_POINT('',(286.138320138,824.621218767,10.076773603));
#2155=CARTESIAN_POINT('',(286.2078362,824.621097595,9.799600883));
#2156=CARTESIAN_POINT('',(286.260028749,824.590964217,9.522412067));
#2157=CARTESIAN_POINT('',(283.561831036,820.567242194,12.762070831));
#2158=CARTESIAN_POINT('',(283.674693478,820.807516147,12.868755813));
#2159=CARTESIAN_POINT('',(283.800061487,821.056060054,12.943535821));
#2160=CARTESIAN_POINT('',(284.068337653,821.554876672,13.02483077));
#2161=CARTESIAN_POINT('',(284.211229691,821.805119415,13.031340833));
#2162=CARTESIAN_POINT('',(284.506006465,822.292361713,12.975699134));
#2163=CARTESIAN_POINT('',(284.657873492,822.529331996,12.91355072));
#2164=CARTESIAN_POINT('',(284.961514812,822.975849907,12.724302978));
#2165=CARTESIAN_POINT('',(285.113270863,823.185370709,12.597215024));
#2166=CARTESIAN_POINT('',(285.407610345,823.564450959,12.285684735));
#2167=CARTESIAN_POINT('',(285.550176091,823.733987634,12.10126112));
#2168=CARTESIAN_POINT('',(285.817603815,824.022951775,11.686087188));
#2169=CARTESIAN_POINT('',(285.942449726,824.142361883,11.455361816));
#2170=CARTESIAN_POINT('',(286.166965745,824.323922935,10.961383461));
#2171=CARTESIAN_POINT('',(286.266622364,824.386062972,10.698160157));
#2172=CARTESIAN_POINT('',(286.434793894,824.449359526,10.154930929));
#2173=CARTESIAN_POINT('',(286.503298701,824.450512241,9.874957642));
#2174=CARTESIAN_POINT('',(286.554181225,824.421135206,9.594967533));
#2175=CARTESIAN_POINT('',(283.708233533,820.448747931,12.788290922));
#2176=CARTESIAN_POINT('',(283.821088304,820.689285924,12.897928281));
#2177=CARTESIAN_POINT('',(283.946574199,820.938510132,12.975455067));
#2178=CARTESIAN_POINT('',(284.215261415,821.439342601,13.061626702));
#2179=CARTESIAN_POINT('',(284.358446292,821.690920213,13.070266284));
#2180=CARTESIAN_POINT('',(284.653887404,822.181268724,13.018134778));
#2181=CARTESIAN_POINT('',(284.806125559,822.420009618,12.957366885));
#2182=CARTESIAN_POINT('',(285.110481433,822.870267544,12.770082417));
#2183=CARTESIAN_POINT('',(285.262580526,823.081757024,12.643577306));
#2184=CARTESIAN_POINT('',(285.557473713,823.464738978,12.332449949));
#2185=CARTESIAN_POINT('',(285.700249759,823.636208019,12.147846746));
#2186=CARTESIAN_POINT('',(285.967874042,823.928791075,11.731663523));
#2187=CARTESIAN_POINT('',(286.0927059,824.04988719,11.500108974));
#2188=CARTESIAN_POINT('',(286.316901361,824.23440681,11.003999538));
#2189=CARTESIAN_POINT('',(286.416251242,824.297819026,10.739475011));
#2190=CARTESIAN_POINT('',(286.583479946,824.363135434,10.193394437));
#2191=CARTESIAN_POINT('',(286.651348533,824.365035631,9.911871808));
#2192=CARTESIAN_POINT('',(286.701430231,824.336120953,9.630331949));
#2193=CARTESIAN_POINT('',(284.004815849,820.20462677,12.836079451));
#2194=CARTESIAN_POINT('',(284.117797122,820.445515211,12.952181642));
#2195=CARTESIAN_POINT('',(284.243647506,820.696030122,13.035736169));
#2196=CARTESIAN_POINT('',(284.513367357,821.200947501,13.132626733));
#2197=CARTESIAN_POINT('',(284.657219648,821.45531782,13.145956608));
#2198=CARTESIAN_POINT('',(284.954085733,821.952280306,13.101569332));
#2199=CARTESIAN_POINT('',(285.107080622,822.194840831,13.043855014));
#2200=CARTESIAN_POINT('',(285.412810116,822.653243716,12.860925934));
#2201=CARTESIAN_POINT('',(285.565525253,822.86905689,12.735722825));
#2202=CARTESIAN_POINT('',(285.861289442,823.26067072,12.425519406));
#2203=CARTESIAN_POINT('',(286.00431966,823.436446442,12.24053885));
#2204=CARTESIAN_POINT('',(286.271903416,823.737155282,11.822166036));
#2205=CARTESIAN_POINT('',(286.396439913,823.862069255,11.588800419));
#2206=CARTESIAN_POINT('',(286.619363397,824.053355632,11.088024105));
#2207=CARTESIAN_POINT('',(286.717736187,824.119715861,10.820645295));
#2208=CARTESIAN_POINT('',(286.882269706,824.189800957,10.26830566));
#2209=CARTESIAN_POINT('',(286.948419956,824.193521364,9.983380003));
#2210=CARTESIAN_POINT('',(286.99642472,824.165805805,9.698436202));
#2211=CARTESIAN_POINT('',(284.154985551,820.07869268,12.857593126));
#2212=CARTESIAN_POINT('',(284.268099241,820.319671815,12.977234682));
#2213=CARTESIAN_POINT('',(284.394195728,820.570805014,13.064094994));
#2214=CARTESIAN_POINT('',(284.664538123,821.077812701,13.166871503));
#2215=CARTESIAN_POINT('',(284.808766449,821.333654214,13.182781025));
#2216=CARTESIAN_POINT('',(285.106397278,821.834154612,13.142658493));
#2217=CARTESIAN_POINT('',(285.259780425,822.078780946,13.086629056));
#2218=CARTESIAN_POINT('',(285.566174571,822.541623647,12.906108358));
#2219=CARTESIAN_POINT('',(285.719165643,822.759809916,12.781628843));
#2220=CARTESIAN_POINT('',(286.015252333,823.156189301,12.471948297));
#2221=CARTESIAN_POINT('',(286.158328692,823.334356644,12.286767411));
#2222=CARTESIAN_POINT('',(286.425678348,823.639604386,11.867203232));
#2223=CARTESIAN_POINT('',(286.549934254,823.766664939,11.632847228));
#2224=CARTESIAN_POINT('',(286.771905469,823.961785,11.129513831));
#2225=CARTESIAN_POINT('',(286.869606336,824.029831823,10.860569174));
#2226=CARTESIAN_POINT('',(287.032381586,824.10268244,10.304793993));
#2227=CARTESIAN_POINT('',(287.097445377,824.1074815,10.017999614));
#2228=CARTESIAN_POINT('',(287.144168209,824.080506062,9.731186582));
#2229=CARTESIAN_POINT('',(284.46232781,819.815929297,12.8935718));
#2230=CARTESIAN_POINT('',(284.576035328,820.056734125,13.021098263));
#2231=CARTESIAN_POINT('',(284.702912696,820.308916686,13.115343219));
#2232=CARTESIAN_POINT('',(284.974959651,820.820041847,13.231294869));
#2233=CARTESIAN_POINT('',(285.120110704,821.078949625,13.252993673));
#2234=CARTESIAN_POINT('',(285.419461437,821.587034298,13.222462982));
#2235=CARTESIAN_POINT('',(285.573640724,821.836176582,13.170235575));
#2236=CARTESIAN_POINT('',(285.881227914,822.308859709,12.995170763));
#2237=CARTESIAN_POINT('',(286.034614861,822.532368354,12.87234529));
#2238=CARTESIAN_POINT('',(286.330846349,822.939544689,12.563899563));
#2239=CARTESIAN_POINT('',(286.473670707,823.123184647,12.378300324));
#2240=CARTESIAN_POINT('',(286.739677286,823.438921926,11.956121409));
#2241=CARTESIAN_POINT('',(286.862841383,823.570997745,11.719570493));
#2242=CARTESIAN_POINT('',(287.081678563,823.775188048,11.210549257));
#2243=CARTESIAN_POINT('',(287.177336735,823.847288627,10.938113613));
#2244=CARTESIAN_POINT('',(287.335063956,823.926928801,10.374671462));
#2245=CARTESIAN_POINT('',(287.397122255,823.934462974,10.083703339));
#2246=CARTESIAN_POINT('',(287.44040654,823.909472782,9.792715393));
#2247=CARTESIAN_POINT('',(284.619493686,819.679054507,12.908051036));
#2248=CARTESIAN_POINT('',(284.73365956,819.919596055,13.039928952));
#2249=CARTESIAN_POINT('',(284.861069086,820.172211982,13.138258126));
#2250=CARTESIAN_POINT('',(285.134193827,820.685369586,13.261508175));
#2251=CARTESIAN_POINT('',(285.279889966,820.945875421,13.286420456));
#2252=CARTESIAN_POINT('',(285.58019369,821.458012663,13.261222785));
#2253=CARTESIAN_POINT('',(285.734780299,821.709608305,13.211114605));
#2254=CARTESIAN_POINT('',(286.04289571,822.187698276,13.03909963));
#2255=CARTESIAN_POINT('',(286.196402992,822.414159221,12.917204858));
#2256=CARTESIAN_POINT('',(286.492458323,822.827372421,12.60946986));
#2257=CARTESIAN_POINT('',(286.634985692,823.014095824,12.423651133));
#2258=CARTESIAN_POINT('',(286.899886082,823.335787813,12.000044463));
#2259=CARTESIAN_POINT('',(287.022240594,823.47073394,11.762286108));
#2260=CARTESIAN_POINT('',(287.238899431,823.680163073,11.25012724));
#2261=CARTESIAN_POINT('',(287.333188614,823.754631461,10.975762496));
#2262=CARTESIAN_POINT('',(287.487629456,823.83829598,10.408080457));
#2263=CARTESIAN_POINT('',(287.547770319,823.847486275,10.114802806));
#2264=CARTESIAN_POINT('',(287.588899329,823.82374043,9.821504672));
#2265=CARTESIAN_POINT('',(284.945661194,819.39122304,12.926287231));
#2266=CARTESIAN_POINT('',(285.061433424,819.630552509,13.067802178));
#2267=CARTESIAN_POINT('',(285.190501627,819.883581142,13.175211791));
#2268=CARTESIAN_POINT('',(285.466716603,820.400345647,13.314738936));
#2269=CARTESIAN_POINT('',(285.613843012,820.66404342,13.346846196));
#2270=CARTESIAN_POINT('',(285.916428966,821.184676331,13.333633244));
#2271=CARTESIAN_POINT('',(286.071866202,821.44157309,13.288314019));
#2272=CARTESIAN_POINT('',(286.380776003,821.931583093,13.123241684));
#2273=CARTESIAN_POINT('',(286.534225792,822.16466022,13.003500751));
#2274=CARTESIAN_POINT('',(286.828992664,822.591586459,12.697509119));
#2275=CARTESIAN_POINT('',(286.970288011,822.785404107,12.511280982));
#2276=CARTESIAN_POINT('',(287.231381313,823.120966194,12.084644601));
#2277=CARTESIAN_POINT('',(287.351160012,823.262685904,11.84426781));
#2278=CARTESIAN_POINT('',(287.561279072,823.484656941,11.325252566));
#2279=CARTESIAN_POINT('',(287.651603933,823.564891913,11.046652374));
#2280=CARTESIAN_POINT('',(287.796824224,823.658570507,10.469643121));
#2281=CARTESIAN_POINT('',(287.851708938,823.672007232,10.171276597));
#2282=CARTESIAN_POINT('',(287.887056813,823.651599126,9.872888076));
#2283=CARTESIAN_POINT('',(285.113846568,819.240508667,12.929914432));
#2284=CARTESIAN_POINT('',(285.230735077,819.478900423,13.076742835));
#2285=CARTESIAN_POINT('',(285.360905809,819.731920204,13.189175813));
#2286=CARTESIAN_POINT('',(285.639101854,820.250282014,13.337731612));
#2287=CARTESIAN_POINT('',(285.787106058,820.515584697,13.373843177));
#2288=CARTESIAN_POINT('',(286.091022909,821.040679688,13.367321095));
#2289=CARTESIAN_POINT('',(286.24691249,821.300432146,13.324687959));
#2290=CARTESIAN_POINT('',(286.556121533,821.796966038,13.163533563));
#2291=CARTESIAN_POINT('',(286.709417524,822.033709797,13.045024547));
#2292=CARTESIAN_POINT('',(287.00313261,822.468310916,12.740075408));
#2293=CARTESIAN_POINT('',(287.143529406,822.666135306,12.553658437));
#2294=CARTESIAN_POINT('',(287.402003858,823.00959695,12.125415458));
#2295=CARTESIAN_POINT('',(287.520061883,823.155208154,11.883621955));
#2296=CARTESIAN_POINT('',(287.725915784,823.38445093,11.360871461));
#2297=CARTESIAN_POINT('',(287.813696018,823.468065121,11.079954142));
#2298=CARTESIAN_POINT('',(287.953084593,823.567687428,10.497833306));
#2299=CARTESIAN_POINT('',(288.004682333,823.583688001,10.196673965));
#2300=CARTESIAN_POINT('',(288.036454611,823.565344268,9.895491768));
#2301=CARTESIAN_POINT('',(285.472551301,818.924733188,12.922804929));
#2302=CARTESIAN_POINT('',(285.593295768,819.159932347,13.080678415));
#2303=CARTESIAN_POINT('',(285.727018205,819.411878423,13.203606111));
#2304=CARTESIAN_POINT('',(286.011204858,819.931900163,13.371103178));
#2305=CARTESIAN_POINT('',(286.161646194,820.199933946,13.41565908));
#2306=CARTESIAN_POINT('',(286.468857927,820.733576256,13.423319115));
#2307=CARTESIAN_POINT('',(286.625603586,820.999141811,13.386422645));
#2308=CARTESIAN_POINT('',(286.934572262,821.509462281,13.233722437));
#2309=CARTESIAN_POINT('',(287.086770395,821.75417611,13.117931007));
#2310=CARTESIAN_POINT('',(287.376104457,822.205849654,12.815447002));
#2311=CARTESIAN_POINT('',(287.513217078,822.412773011,12.628778793));
#2312=CARTESIAN_POINT('',(287.762882289,822.774536612,12.197454702));
#2313=CARTESIAN_POINT('',(287.87541476,822.929347741,11.952833555));
#2314=CARTESIAN_POINT('',(288.068121126,823.176163914,11.422530536));
#2315=CARTESIAN_POINT('',(288.148279486,823.2681491,11.136891366));
#2316=CARTESIAN_POINT('',(288.270678377,823.382938373,10.544321133));
#2317=CARTESIAN_POINT('',(288.312909031,823.405733234,10.237437783));
#2318=CARTESIAN_POINT('',(288.334713325,823.393144519,9.930529722));
#2319=CARTESIAN_POINT('',(285.662687765,818.759735627,12.911570313));
#2320=CARTESIAN_POINT('',(285.786175541,818.992669476,13.075186804));
#2321=CARTESIAN_POINT('',(285.922355641,819.243541635,13.203600023));
#2322=CARTESIAN_POINT('',(286.210576828,819.76361065,13.381041426));
#2323=CARTESIAN_POINT('',(286.362594004,820.032764332,13.430054901));
#2324=CARTESIAN_POINT('',(286.671808745,820.57048147,13.445242647));
#2325=CARTESIAN_POINT('',(286.82898065,820.839000299,13.411415674));
#2326=CARTESIAN_POINT('',(287.137458661,821.356576274,13.263289376));
#2327=CARTESIAN_POINT('',(287.28873916,821.605590473,13.149002359));
#2328=CARTESIAN_POINT('',(287.574798763,822.0666551,12.847977324));
#2329=CARTESIAN_POINT('',(287.70955411,822.278667278,12.661264298));
#2330=CARTESIAN_POINT('',(287.953085847,822.650824702,12.22849932));
#2331=CARTESIAN_POINT('',(288.061842002,822.810939081,11.982483289));
#2332=CARTESIAN_POINT('',(288.245722028,823.068043539,11.448393707));
#2333=CARTESIAN_POINT('',(288.320830608,823.165012303,11.160364483));
#2334=CARTESIAN_POINT('',(288.432124522,823.289004607,10.562484973));
#2335=CARTESIAN_POINT('',(288.468300585,823.316017878,10.252684305));
#2336=CARTESIAN_POINT('',(288.483736842,823.307105751,9.942857925));
#2337=CARTESIAN_POINT('',(285.961080482,818.511398914,12.880424441));
#2338=CARTESIAN_POINT('',(286.089992655,818.740006244,13.051888744));
#2339=CARTESIAN_POINT('',(286.2309516,818.988389819,13.187870486));
#2340=CARTESIAN_POINT('',(286.526896086,819.506968726,13.37915784));
#2341=CARTESIAN_POINT('',(286.681856011,819.777119163,13.434446898));
#2342=CARTESIAN_POINT('',(286.99468398,820.319847182,13.460367881));
#2343=CARTESIAN_POINT('',(287.152524944,820.592377782,13.430997567));
#2344=CARTESIAN_POINT('',(287.459787449,821.12030783,13.289693771));
#2345=CARTESIAN_POINT('',(287.60918239,821.375661579,13.177772524));
#2346=CARTESIAN_POINT('',(287.888829085,821.850909401,12.879385486));
#2347=CARTESIAN_POINT('',(288.01905663,822.070762337,12.692945525));
#2348=CARTESIAN_POINT('',(288.251018116,822.459224953,12.258888891));
#2349=CARTESIAN_POINT('',(288.352731973,822.627801011,12.011309792));
#2350=CARTESIAN_POINT('',(288.520360045,822.901603776,11.472732649));
#2351=CARTESIAN_POINT('',(288.586259743,823.006806787,11.181781228));
#2352=CARTESIAN_POINT('',(288.6775222,823.146303481,10.577332866));
#2353=CARTESIAN_POINT('',(288.702877051,823.180585093,10.26388825));
#2354=CARTESIAN_POINT('',(288.707049181,823.178176312,9.950416498));
#2355=CARTESIAN_POINT('',(286.062674815,818.428476423,12.867637163));
#2356=CARTESIAN_POINT('',(286.19360946,818.655490086,13.041590264));
#2357=CARTESIAN_POINT('',(286.336340494,818.902901025,13.179985543));
#2358=CARTESIAN_POINT('',(286.635134217,819.420728896,13.375711178));
#2359=CARTESIAN_POINT('',(286.791170694,819.691100395,13.433024366));
#2360=CARTESIAN_POINT('',(287.105304807,820.235319667,13.462431623));
#2361=CARTESIAN_POINT('',(287.263374885,820.509119695,13.434523116));
#2362=CARTESIAN_POINT('',(287.570156412,821.040415623,13.295488945));
#2363=CARTESIAN_POINT('',(287.718840945,821.297864915,13.184375482));
#2364=CARTESIAN_POINT('',(287.996107249,821.777857171,12.886944861));
#2365=CARTESIAN_POINT('',(288.12466469,822.00035803,12.700653799));
#2366=CARTESIAN_POINT('',(288.352384498,822.394373161,12.266314028));
#2367=CARTESIAN_POINT('',(288.45152688,822.565852871,12.018303425));
#2368=CARTESIAN_POINT('',(288.613247402,822.845428929,11.478431872));
#2369=CARTESIAN_POINT('',(288.675811348,822.953500756,11.186618286));
#2370=CARTESIAN_POINT('',(288.759846956,823.098443193,10.580215721));
#2371=CARTESIAN_POINT('',(288.781311239,823.135301093,10.265679942));
#2372=CARTESIAN_POINT('',(288.781449528,823.135221251,9.951116567));
#2373=CARTESIAN_POINT('',(286.268048084,818.266232346,12.838386758));
#2374=CARTESIAN_POINT('',(286.40328424,818.489932401,13.016731429));
#2375=CARTESIAN_POINT('',(286.549761219,818.735220573,13.159414118));
#2376=CARTESIAN_POINT('',(286.854540172,819.251125872,13.363075064));
#2377=CARTESIAN_POINT('',(287.01281476,819.521696635,13.424035023));
#2378=CARTESIAN_POINT('',(287.329618803,820.068388082,13.459779337));
#2379=CARTESIAN_POINT('',(287.488119789,820.344459638,13.434560484));
#2380=CARTESIAN_POINT('',(287.793787476,820.881968327,13.299776222));
#2381=CARTESIAN_POINT('',(287.940926707,821.143357157,13.19022293));
#2382=CARTESIAN_POINT('',(288.213109965,821.632386358,12.894765301));
#2383=CARTESIAN_POINT('',(288.33812953,821.859982785,12.708887518));
#2384=CARTESIAN_POINT('',(288.556927521,822.264780793,12.274358307));
#2385=CARTESIAN_POINT('',(288.650686279,822.441946002,12.025745931));
#2386=CARTESIAN_POINT('',(288.800100408,822.732919763,11.483914191));
#2387=CARTESIAN_POINT('',(288.855742344,822.846702173,11.19074352));
#2388=CARTESIAN_POINT('',(288.92484604,823.00258063,10.581222968));
#2389=CARTESIAN_POINT('',(288.938301581,823.044662676,10.264927863));
#2390=CARTESIAN_POINT('',(288.930170451,823.049357187,9.948604331));
#2391=CARTESIAN_POINT('',(286.371885474,818.186689296,12.821843786));
#2392=CARTESIAN_POINT('',(286.509405296,818.408664669,13.00210993));
#2393=CARTESIAN_POINT('',(286.657860758,818.65280141,13.1466844));
#2394=CARTESIAN_POINT('',(286.965784182,819.167538657,13.353874958));
#2395=CARTESIAN_POINT('',(287.12522417,819.438092401,13.416472225));
#2396=CARTESIAN_POINT('',(287.443398107,819.985779135,13.455092254));
#2397=CARTESIAN_POINT('',(287.60210315,820.262862371,13.431111508));
#2398=CARTESIAN_POINT('',(287.907140209,820.803240305,13.298323071));
#2399=CARTESIAN_POINT('',(288.053444511,821.066485912,13.189527445));
#2400=CARTESIAN_POINT('',(288.322922226,821.559834642,12.895092004));
#2401=CARTESIAN_POINT('',(288.446071155,821.789892948,12.70947894));
#2402=CARTESIAN_POINT('',(288.660180168,822.199949535,12.275039793));
#2403=CARTESIAN_POINT('',(288.751120796,822.379910566,12.026253178));
#2404=CARTESIAN_POINT('',(288.894121009,822.676534928,11.483744542));
#2405=CARTESIAN_POINT('',(288.946167597,822.793171315,11.190071806));
#2406=CARTESIAN_POINT('',(289.007545275,822.954561543,10.579371492));
#2407=CARTESIAN_POINT('',(289.016870783,822.999300727,10.262399393));
#2408=CARTESIAN_POINT('',(289.004491157,823.006448107,9.945398496));
#2409=CARTESIAN_POINT('',(286.684840649,817.954247512,12.767017476));
#2410=CARTESIAN_POINT('',(286.829404054,818.171025096,12.952145626));
#2411=CARTESIAN_POINT('',(286.983932236,818.411584893,13.101555941));
#2412=CARTESIAN_POINT('',(287.301456306,818.922419802,13.317858186));
#2413=CARTESIAN_POINT('',(287.464422527,819.19264716,13.384729908));
#2414=CARTESIAN_POINT('',(287.786674287,819.742672997,13.430955225));
#2415=CARTESIAN_POINT('',(287.945929709,820.022420066,13.410304509));
#2416=CARTESIAN_POINT('',(288.248884515,820.570628923,13.283009973));
#2417=CARTESIAN_POINT('',(288.392555579,820.839039478,13.176378058));
#2418=CARTESIAN_POINT('',(288.653624658,821.344561488,12.885057102));
#2419=CARTESIAN_POINT('',(288.77099826,821.581625705,12.700395295));
#2420=CARTESIAN_POINT('',(288.970712811,822.006775688,12.266769776));
#2421=CARTESIAN_POINT('',(289.053035074,822.194821732,12.017846595));
#2422=CARTESIAN_POINT('',(289.176497987,822.507908276,11.474247281));
#2423=CARTESIAN_POINT('',(289.217627073,822.632919531,11.179621957));
#2424=CARTESIAN_POINT('',(289.255624028,822.810607127,10.566578186));
#2425=CARTESIAN_POINT('',(289.252488319,822.863266879,10.24821704));
#2426=CARTESIAN_POINT('',(289.227331858,822.877790968,9.929826135));
#2427=CARTESIAN_POINT('',(286.895226214,817.807746058,12.723541037));
#2428=CARTESIAN_POINT('',(287.044726173,818.02104449,12.910683779));
#2429=CARTESIAN_POINT('',(287.203471697,818.259069344,13.062175816));
#2430=CARTESIAN_POINT('',(287.52759592,818.76678905,13.282541402));
#2431=CARTESIAN_POINT('',(287.692943898,819.03643577,13.351394063));
#2432=CARTESIAN_POINT('',(288.017859758,819.587158311,13.401295792));
#2433=CARTESIAN_POINT('',(288.177396841,819.868181926,13.382340131));
#2434=CARTESIAN_POINT('',(288.478710888,820.420559845,13.258032281));
#2435=CARTESIAN_POINT('',(288.620459287,820.69186179,13.152691878));
#2436=CARTESIAN_POINT('',(288.875548611,821.204424424,12.863508116));
#2437=CARTESIAN_POINT('',(288.98886535,821.44563653,12.679692172));
#2438=CARTESIAN_POINT('',(289.178576095,821.879903413,12.24734475));
#2439=CARTESIAN_POINT('',(289.254952108,822.072917031,11.998854258));
#2440=CARTESIAN_POINT('',(289.36503764,822.396286741,11.455803867));
#2441=CARTESIAN_POINT('',(289.398736712,822.526612187,11.161295447));
#2442=CARTESIAN_POINT('',(289.420927476,822.714809749,10.548314119));
#2443=CARTESIAN_POINT('',(289.409417051,822.772664033,10.229899318));
#2444=CARTESIAN_POINT('',(289.375729406,822.792113604,9.911454329));
#2445=CARTESIAN_POINT('',(287.311670308,817.533511331,12.626550841));
#2446=CARTESIAN_POINT('',(287.470520779,817.74054028,12.815620085));
#2447=CARTESIAN_POINT('',(287.637169341,817.973849697,12.969277545));
#2448=CARTESIAN_POINT('',(287.973497848,818.475435882,13.194182691));
#2449=CARTESIAN_POINT('',(288.143145311,818.743664198,13.265408655));
#2450=CARTESIAN_POINT('',(288.472615093,819.294765198,13.320036967));
#2451=CARTESIAN_POINT('',(288.632405591,819.57758465,13.30343404));
#2452=CARTESIAN_POINT('',(288.930048795,820.136435693,13.183646381));
#2453=CARTESIAN_POINT('',(289.067872751,820.412413306,13.080473221));
#2454=CARTESIAN_POINT('',(289.311132029,820.936663364,12.795348418));
#2455=CARTESIAN_POINT('',(289.416543849,821.184885175,12.613424319));
#2456=CARTESIAN_POINT('',(289.586981863,821.634806352,12.184571092));
#2457=CARTESIAN_POINT('',(289.651991586,821.836462266,11.937683389));
#2458=CARTESIAN_POINT('',(289.736688401,822.177960334,11.397602722));
#2459=CARTESIAN_POINT('',(289.756367301,822.31776951,11.104461927));
#2460=CARTESIAN_POINT('',(289.748899743,822.524967454,10.494084014));
#2461=CARTESIAN_POINT('',(289.721753993,822.592336216,10.176905856));
#2462=CARTESIAN_POINT('',(289.672218373,822.620935619,9.859697057));
#2463=CARTESIAN_POINT('',(287.518300465,817.405309606,12.572918682));
#2464=CARTESIAN_POINT('',(287.681570921,817.6095398,12.761922853));
#2465=CARTESIAN_POINT('',(287.851909929,817.84066428,12.915685912));
#2466=CARTESIAN_POINT('',(288.193849028,818.339230582,13.141106549));
#2467=CARTESIAN_POINT('',(288.365415924,818.606624004,13.212742243));
#2468=CARTESIAN_POINT('',(288.696775463,819.157418595,13.268449306));
#2469=CARTESIAN_POINT('',(288.856535939,819.440766294,13.252515267));
#2470=CARTESIAN_POINT('',(289.152141712,820.001943762,13.134276547));
#2471=CARTESIAN_POINT('',(289.287958312,820.279719053,13.031983346));
#2472=CARTESIAN_POINT('',(289.525352195,820.808645309,12.748781827));
#2473=CARTESIAN_POINT('',(289.626906432,821.059744928,12.567901002));
#2474=CARTESIAN_POINT('',(289.788052603,821.516236226,12.14125239));
#2475=CARTESIAN_POINT('',(289.847628891,821.721583591,11.895526022));
#2476=CARTESIAN_POINT('',(289.920284081,822.070959377,11.357844135));
#2477=CARTESIAN_POINT('',(289.933355928,822.214953882,11.065940814));
#2478=CARTESIAN_POINT('',(289.911999623,822.430671542,10.458075002));
#2479=CARTESIAN_POINT('',(289.877573543,822.502373756,10.142171522));
#2480=CARTESIAN_POINT('',(289.820700493,822.535209427,9.826237372));
#2481=CARTESIAN_POINT('',(288.12344308,817.046761415,12.403160702));
#2482=CARTESIAN_POINT('',(288.298375618,817.244008105,12.590008173));
#2483=CARTESIAN_POINT('',(288.478303469,817.469543675,12.742177492));
#2484=CARTESIAN_POINT('',(288.834515087,817.960100268,12.965627798));
#2485=CARTESIAN_POINT('',(289.0107641,818.225073424,13.036886982));
#2486=CARTESIAN_POINT('',(289.346192203,818.774328711,13.093073122));
#2487=CARTESIAN_POINT('',(289.505338564,819.058557248,13.077994597));
#2488=CARTESIAN_POINT('',(289.794435218,819.624676409,12.962637128));
#2489=CARTESIAN_POINT('',(289.924357302,819.906511796,12.862369442));
#2490=CARTESIAN_POINT('',(290.145102555,820.446376113,12.584254951));
#2491=CARTESIAN_POINT('',(290.235904182,820.704352369,12.406435286));
#2492=CARTESIAN_POINT('',(290.371483276,821.17684337,11.986747134));
#2493=CARTESIAN_POINT('',(290.416247508,821.391312016,11.744919601));
#2494=CARTESIAN_POINT('',(290.4563317,821.760443233,11.215624437));
#2495=CARTESIAN_POINT('',(290.451647742,821.915069791,10.928208455));
#2496=CARTESIAN_POINT('',(290.393181172,822.152727602,10.329621401));
#2497=CARTESIAN_POINT('',(290.339404257,822.23573567,10.018508738));
#2498=CARTESIAN_POINT('',(290.263120583,822.279778069,9.707365715));
#2499=CARTESIAN_POINT('',(288.502224922,816.844230948,12.280132039));
#2500=CARTESIAN_POINT('',(288.682673793,817.038748807,12.463153018));
#2501=CARTESIAN_POINT('',(288.866914833,817.261899045,12.611920657));
#2502=CARTESIAN_POINT('',(289.229080039,817.748629743,12.829727725));
#2503=CARTESIAN_POINT('',(289.406969184,818.012163145,12.898746103));
#2504=CARTESIAN_POINT('',(289.742939666,818.559684715,12.951807018));
#2505=CARTESIAN_POINT('',(289.90098852,818.843619945,12.935844429));
#2506=CARTESIAN_POINT('',(290.185290474,819.410418489,12.820138194));
#2507=CARTESIAN_POINT('',(290.311516091,819.693227001,12.720405736));
#2508=CARTESIAN_POINT('',(290.522595469,820.236326326,12.444706316));
#2509=CARTESIAN_POINT('',(290.60742883,820.496564625,12.268766009));
#2510=CARTESIAN_POINT('',(290.729285355,820.974784645,11.853977043));
#2511=CARTESIAN_POINT('',(290.76629675,821.192720123,11.615168485));
#2512=CARTESIAN_POINT('',(290.789696717,821.569799153,11.092738438));
#2513=CARTESIAN_POINT('',(290.776083044,821.72890624,10.809167456));
#2514=CARTESIAN_POINT('',(290.699258981,821.976250452,10.218705379));
#2515=CARTESIAN_POINT('',(290.636056037,822.064463653,9.911871366));
#2516=CARTESIAN_POINT('',(290.550448119,822.113889439,9.605007684));
#2517=CARTESIAN_POINT('',(289.042892645,816.570627062,12.093225478));
#2518=CARTESIAN_POINT('',(289.228778514,816.762985257,12.269885726));
#2519=CARTESIAN_POINT('',(289.416953112,816.984027266,12.412842616));
#2520=CARTESIAN_POINT('',(289.783832418,817.466978581,12.620678638));
#2521=CARTESIAN_POINT('',(289.9625024,817.728842178,12.685538101));
#2522=CARTESIAN_POINT('',(290.29696546,818.273797604,12.732298619));
#2523=CARTESIAN_POINT('',(290.452726882,818.556837855,12.71419525));
#2524=CARTESIAN_POINT('',(290.729682314,819.122914905,12.596372839));
#2525=CARTESIAN_POINT('',(290.850850113,819.405898127,12.496664948));
#2526=CARTESIAN_POINT('',(291.049521294,819.950629598,12.223098868));
#2527=CARTESIAN_POINT('',(291.127005876,820.212326291,12.04926657));
#2528=CARTESIAN_POINT('',(291.232489544,820.694846124,11.640479638));
#2529=CARTESIAN_POINT('',(291.260478649,820.915623594,11.405563694));
#2530=CARTESIAN_POINT('',(291.264862847,821.299732625,10.892222691));
#2531=CARTESIAN_POINT('',(291.241257529,821.463027829,10.613846217));
#2532=CARTESIAN_POINT('',(291.144215051,821.719909459,10.034461324));
#2533=CARTESIAN_POINT('',(291.070787079,821.813471569,9.733507741));
#2534=CARTESIAN_POINT('',(290.975193481,821.86866259,9.432525669));
#2535=CARTESIAN_POINT('',(289.218611542,816.484777696,12.030573916));
#2536=CARTESIAN_POINT('',(289.405845143,816.676740203,12.204961106));
#2537=CARTESIAN_POINT('',(289.594913654,816.897320773,12.345816494));
#2538=CARTESIAN_POINT('',(289.96266701,817.37932261,12.549994742));
#2539=CARTESIAN_POINT('',(290.141317348,817.640698652,12.613298446));
#2540=CARTESIAN_POINT('',(290.474886505,818.184773306,12.657630255));
#2541=CARTESIAN_POINT('',(290.629774026,818.46742087,12.638654202));
#2542=CARTESIAN_POINT('',(290.904242629,819.0329277,12.519828966));
#2543=CARTESIAN_POINT('',(291.02379796,819.315733907,12.419990934));
#2544=CARTESIAN_POINT('',(291.21866477,819.860431299,12.146884972));
#2545=CARTESIAN_POINT('',(291.293957968,820.122271376,11.973642667));
#2546=CARTESIAN_POINT('',(291.394668156,820.605471994,11.56665617));
#2547=CARTESIAN_POINT('',(291.4200757,820.826787196,11.332950162));
#2548=CARTESIAN_POINT('',(291.419107942,821.212397145,10.822483391));
#2549=CARTESIAN_POINT('',(291.392732734,821.376655709,10.545770521));
#2550=CARTESIAN_POINT('',(291.290160912,821.635870603,9.969953079));
#2551=CARTESIAN_POINT('',(291.213973927,821.730802609,9.670902533));
#2552=CARTESIAN_POINT('',(291.115717712,821.787530887,9.371823923));
#2553=CARTESIAN_POINT('',(289.449166393,816.374104915,11.94587441));
#2554=CARTESIAN_POINT('',(289.63778205,816.565787266,12.117220842));
#2555=CARTESIAN_POINT('',(289.827679708,816.785941842,12.255249163));
#2556=CARTESIAN_POINT('',(290.196010564,817.266931836,12.454473009));
#2557=CARTESIAN_POINT('',(290.374409629,817.527722679,12.515650072));
#2558=CARTESIAN_POINT('',(290.706496046,818.070630499,12.556615166));
#2559=CARTESIAN_POINT('',(290.860152624,818.352697163,12.536399401));
#2560=CARTESIAN_POINT('',(291.131341378,818.917218721,12.416064696));
#2561=CARTESIAN_POINT('',(291.248848424,819.199621299,12.315956908));
#2562=CARTESIAN_POINT('',(291.439007236,819.743847952,12.043255797));
#2563=CARTESIAN_POINT('',(291.511641381,820.005621592,11.870687746));
#2564=CARTESIAN_POINT('',(291.606653473,820.489151325,11.465864867));
#2565=CARTESIAN_POINT('',(291.629022617,820.710862608,11.233647555));
#2566=CARTESIAN_POINT('',(291.621834698,821.097799369,10.726755884));
#2567=CARTESIAN_POINT('',(291.592278302,821.26298899,10.452128501));
#2568=CARTESIAN_POINT('',(291.483424167,821.524607521,9.880798307));
#2569=CARTESIAN_POINT('',(291.404136518,821.621012187,9.584148443));
#2570=CARTESIAN_POINT('',(291.302916965,821.679451348,9.287471082));
#2571=CARTESIAN_POINT('',(289.507214166,816.346467676,11.924365301));
#2572=CARTESIAN_POINT('',(289.696142913,816.538102191,12.09493535));
#2573=CARTESIAN_POINT('',(289.886217667,816.758166172,12.232240304));
#2574=CARTESIAN_POINT('',(290.254640256,817.238922307,12.430193197));
#2575=CARTESIAN_POINT('',(290.432954057,817.499570052,12.490822849));
#2576=CARTESIAN_POINT('',(290.764635189,818.042180896,12.530916893));
#2577=CARTESIAN_POINT('',(290.917971881,818.324093873,12.510377581));
#2578=CARTESIAN_POINT('',(291.188328236,818.888342524,12.389641191));
#2579=CARTESIAN_POINT('',(291.305322926,819.170626077,12.289455266));
#2580=CARTESIAN_POINT('',(291.494316459,819.714691892,12.016837155));
#2581=CARTESIAN_POINT('',(291.566297846,819.976423897,11.84443015));
#2582=CARTESIAN_POINT('',(291.65992095,820.459982122,11.440136069));
#2583=CARTESIAN_POINT('',(291.681554019,820.681763675,11.208286338));
#2584=CARTESIAN_POINT('',(291.672867718,821.068974207,10.702281485));
#2585=CARTESIAN_POINT('',(291.642549152,821.234367418,10.428173104));
#2586=CARTESIAN_POINT('',(291.532197394,821.496531175,9.857961184));
#2587=CARTESIAN_POINT('',(291.452174398,821.593277503,9.561910318));
#2588=CARTESIAN_POINT('',(291.350255357,821.652120515,9.2658321));
#2589=CARTESIAN_POINT('',(289.564807748,816.31919554,11.90282448));
#2590=CARTESIAN_POINT('',(289.75401293,816.510803068,12.072622615));
#2591=CARTESIAN_POINT('',(289.944233441,816.730792631,12.20920694));
#2592=CARTESIAN_POINT('',(290.312698391,817.211337078,12.40589067));
#2593=CARTESIAN_POINT('',(290.490908907,817.471847718,12.465971965));
#2594=CARTESIAN_POINT('',(290.822163631,818.014163345,12.505189359));
#2595=CARTESIAN_POINT('',(290.97517734,818.295918402,12.484321847));
#2596=CARTESIAN_POINT('',(291.244710404,818.859876194,12.363170954));
#2597=CARTESIAN_POINT('',(291.361204942,819.142027007,12.262898727));
#2598=CARTESIAN_POINT('',(291.549072036,819.685896521,11.990344169));
#2599=CARTESIAN_POINT('',(291.620427294,819.947565148,11.818086933));
#2600=CARTESIAN_POINT('',(291.712727028,820.431102385,11.414296569));
#2601=CARTESIAN_POINT('',(291.733663005,820.652926477,11.182800617));
#2602=CARTESIAN_POINT('',(291.723565554,821.040351773,10.6776532));
#2603=CARTESIAN_POINT('',(291.692533056,821.205917307,10.404048244));
#2604=CARTESIAN_POINT('',(291.580785545,821.46856287,9.834922525));
#2605=CARTESIAN_POINT('',(291.50008082,821.565618718,9.539454163));
#2606=CARTESIAN_POINT('',(291.397516429,821.624834322,9.243958592));
#2607=B_SPLINE_SURFACE_WITH_KNOTS('',3,3,((#1671,#1672,#1673,#1674,#1675,#1676,#1677,#1678,#1679,#1680,#1681,#1682,#1683,#1684,#1685,#1686,#1687,#1688),(#1689,#1690,#1691,#1692,#1693,#1694,#1695,#1696,#1697,#1698,#1699,#1700,#1701,#1702,#1703,#1704,#1705,#1706),(#1707,#1708,#1709,#1710,#1711,#1712,#1713,#1714,#1715,#1716,#1717,#1718,#1719,#1720,#1721,#1722,#1723,#1724),(#1725,#1726,#1727,#1728,#1729,#1730,#1731,#1732,#1733,#1734,#1735,#1736,#1737,#1738,#1739,#1740,#1741,#1742),(#1743,#1744,#1745,#1746,#1747,#1748,#1749,#1750,#1751,#1752,#1753,#1754,#1755,#1756,#1757,#1758,#1759,#1760),(#1761,#1762,#1763,#1764,#1765,#1766,#1767,#1768,#1769,#1770,#1771,#1772,#1773,#1774,#1775,#1776,#1777,#1778),(#1779,#1780,#1781,#1782,#1783,#1784,#1785,#1786,#1787,#1788,#1789,#1790,#1791,#1792,#1793,#1794,#1795,#1796),(#1797,#1798,#1799,#1800,#1801,#1802,#1803,#1804,#1805,#1806,#1807,#1808,#1809,#1810,#1811,#1812,#1813,#1814),(#1815,#1816,#1817,#1818,#1819,#1820,#1821,#1822,#1823,#1824,#1825,#1826,#1827,#1828,#1829,#1830,#1831,#1832),(#1833,#1834,#1835,#1836,#1837,#1838,#1839,#1840,#1841,#1842,#1843,#1844,#1845,#1846,#1847,#1848,#1849,#1850),(#1851,#1852,#1853,#1854,#1855,#1856,#1857,#1858,#1859,#1860,#1861,#1862,#1863,#1864,#1865,#1866,#1867,#1868),(#1869,#1870,#1871,#1872,#1873,#1874,#1875,#1876,#1877,#1878,#1879,#1880,#1881,#1882,#1883,#1884,#1885,#1886),(#1887,#1888,#1889,#1890,#1891,#1892,#1893,#1894,#1895,#1896,#1897,#1898,#1899,#1900,#1901,#1902,#1903,#1904),(#1905,#1906,#1907,#1908,#1909,#1910,#1911,#1912,#1913,#1914,#1915,#1916,#1917,#1918,#1919,#1920,#1921,#1922),(#1923,#1924,#1925,#1926,#1927,#1928,#1929,#1930,#1931,#1932,#1933,#1934,#1935,#1936,#1937,#1938,#1939,#1940),(#1941,#1942,#1943,#1944,#1945,#1946,#1947,#1948,#1949,#1950,#1951,#1952,#1953,#1954,#1955,#1956,#1957,#1958),(#1959,#1960,#1961,#1962,#1963,#1964,#1965,#1966,#1967,#1968,#1969,#1970,#1971,#1972,#1973,#1974,#1975,#1976),(#1977,#1978,#1979,#1980,#1981,#1982,#1983,#1984,#1985,#1986,#1987,#1988,#1989,#1990,#1991,#1992,#1993,#1994),(#1995,#1996,#1997,#1998,#1999,#2000,#2001,#2002,#2003,#2004,#2005,#2006,#2007,#2008,#2009,#2010,#2011,#2012),(#2013,#2014,#2015,#2016,#2017,#2018,#2019,#2020,#2021,#2022,#2023,#2024,#2025,#2026,#2027,#2028,#2029,#2030),(#2031,#2032,#2033,#2034,#2035,#2036,#2037,#2038,#2039,#2040,#2041,#2042,#2043,#2044,#2045,#2046,#2047,#2048),(#2049,#2050,#2051,#2052,#2053,#2054,#2055,#2056,#2057,#2058,#2059,#2060,#2061,#2062,#2063,#2064,#2065,#2066),(#2067,#2068,#2069,#2070,#2071,#2072,#2073,#2074,#2075,#2076,#2077,#2078,#2079,#2080,#2081,#2082,#2083,#2084),(#2085,#2086,#2087,#2088,#2089,#2090,#2091,#2092,#2093,#2094,#2095,#2096,#2097,#2098,#2099,#2100,#2101,#2102),(#2103,#2104,#2105,#2106,#2107,#2108,#2109,#2110,#2111,#2112,#2113,#2114,#2115,#2116,#2117,#2118,#2119,#2120),(#2121,#2122,#2123,#2124,#2125,#2126,#2127,#2128,#2129,#2130,#2131,#2132,#2133,#2134,#2135,#2136,#2137,#2138),
(#2139,#2140,#2141,#2142,#2143,#2144,#2145,#2146,#2147,#2148,#2149,#2150,#2151,#2152,#2153,#2154,#2155,#2156),(#2157,#2158,#2159,#2160,#2161,#2162,#2163,#2164,#2165,#2166,#2167,#2168,#2169,#2170,#2171,#2172,#2173,#2174),(#2175,#2176,#2177,#2178,#2179,#2180,#2181,#2182,#2183,#2184,#2185,#2186,#2187,#2188,#2189,#2190,#2191,#2192),(#2193,#2194,#2195,#2196,#2197,#2198,#2199,#2200,#2201,#2202,#2203,#2204,#2205,#2206,#2207,#2208,#2209,#2210),(#2211,#2212,#2213,#2214,#2215,#2216,#2217,#2218,#2219,#2220,#2221,#2222,#2223,#2224,#2225,#2226,#2227,#2228),(#2229,#2230,#2231,#2232,#2233,#2234,#2235,#2236,#2237,#2238,#2239,#2240,#2241,#2242,#2243,#2244,#2245,#2246),(#2247,#2248,#2249,#2250,#2251,#2252,#2253,#2254,#2255,#2256,#2257,#2258,#2259,#2260,#2261,#2262,#2263,#2264),(#2265,#2266,#2267,#2268,#2269,#2270,#2271,#2272,#2273,#2274,#2275,#2276,#2277,#2278,#2279,#2280,#2281,#2282),(#2283,#2284,#2285,#2286,#2287,#2288,#2289,#2290,#2291,#2292,#2293,#2294,#2295,#2296,#2297,#2298,#2299,#2300),(#2301,#2302,#2303,#2304,#2305,#2306,#2307,#2308,#2309,#2310,#2311,#2312,#2313,#2314,#2315,#2316,#2317,#2318),(#2319,#2320,#2321,#2322,#2323,#2324,#2325,#2326,#2327,#2328,#2329,#2330,#2331,#2332,#2333,#2334,#2335,#2336),(#2337,#2338,#2339,#2340,#2341,#2342,#2343,#2344,#2345,#2346,#2347,#2348,#2349,#2350,#2351,#2352,#2353,#2354),(#2355,#2356,#2357,#2358,#2359,#2360,#2361,#2362,#2363,#2364,#2365,#2366,#2367,#2368,#2369,#2370,#2371,#2372),(#2373,#2374,#2375,#2376,#2377,#2378,#2379,#2380,#2381,#2382,#2383,#2384,#2385,#2386,#2387,#2388,#2389,#2390),(#2391,#2392,#2393,#2394,#2395,#2396,#2397,#2398,#2399,#2400,#2401,#2402,#2403,#2404,#2405,#2406,#2407,#2408),(#2409,#2410,#2411,#2412,#2413,#2414,#2415,#2416,#2417,#2418,#2419,#2420,#2421,#2422,#2423,#2424,#2425,#2426),(#2427,#2428,#2429,#2430,#2431,#2432,#2433,#2434,#2435,#2436,#2437,#2438,#2439,#2440,#2441,#2442,#2443,#2444),(#2445,#2446,#2447,#2448,#2449,#2450,#2451,#2452,#2453,#2454,#2455,#2456,#2457,#2458,#2459,#2460,#2461,#2462),(#2463,#2464,#2465,#2466,#2467,#2468,#2469,#2470,#2471,#2472,#2473,#2474,#2475,#2476,#2477,#2478,#2479,#2480),(#2481,#2482,#2483,#2484,#2485,#2486,#2487,#2488,#2489,#2490,#2491,#2492,#2493,#2494,#2495,#2496,#2497,#2498),(#2499,#2500,#2501,#2502,#2503,#2504,#2505,#2506,#2507,#2508,#2509,#2510,#2511,#2512,#2513,#2514,#2515,#2516),(#2517,#2518,#2519,#2520,#2521,#2522,#2523,#2524,#2525,#2526,#2527,#2528,#2529,#2530,#2531,#2532,#2533,#2534),(#2535,#2536,#2537,#2538,#2539,#2540,#2541,#2542,#2543,#2544,#2545,#2546,#2547,#2548,#2549,#2550,#2551,#2552),(#2553,#2554,#2555,#2556,#2557,#2558,#2559,#2560,#2561,#2562,#2563,#2564,#2565,#2566,#2567,#2568,#2569,#2570),(#2571,#2572,#2573,#2574,#2575,#2576,#2577,#2578,#2579,#2580,#2581,#2582,#2583,#2584,#2585,#2586,#2587,#2588),
(#2589,#2590,#2591,#2592,#2593,#2594,#2595,#2596,#2597,#2598,#2599,#2600,#2601,#2602,#2603,#2604,#2605,#2606)),.UNSPECIFIED.,.F.,.F.,.U.,(4,2,2,2,2,2,2,2,2,2,2,2,2,2,2,2,2,2,2,2,2,2,2,2,2,4),(4,2,2,2,2,2,2,2,4),(0.049395357,0.049656683,0.050691197,0.051725711,0.05379474,0.055863768,0.056898282,0.057932797,0.058967311,0.060001825,0.061036339,0.062070854,0.062588111,0.063105368,0.063622625,0.064139882,0.064657139,0.065174396,0.065691653,0.065950282,0.066208911,0.066726168,0.067243425,0.068277939,0.068795196,0.068970709),(0.,0.125,0.25,0.375,0.5,0.625,0.75,0.875,1.),.UNSPECIFIED.);
#2608=CARTESIAN_POINT('',(289.643640591,822.632957903,10.029818245));
#2609=VERTEX_POINT('',#2608);
#2610=CARTESIAN_POINT('',(289.643640591,822.632957903,10.029818245));
#2611=CARTESIAN_POINT('',(289.627602388,822.623698056,10.376734312));
#2612=CARTESIAN_POINT('',(289.610849776,822.558437125,10.713398282));
#2613=CARTESIAN_POINT('',(289.594745701,822.433888824,11.037174524));
#2614=CARTESIAN_POINT('',(289.578641627,822.309340524,11.360950765));
#2615=CARTESIAN_POINT('',(289.564034633,822.131971344,11.655060337));
#2616=CARTESIAN_POINT('',(289.551629443,821.905217322,11.917347279));
#2617=CARTESIAN_POINT('',(289.545426848,821.791840311,12.048490749));
#2618=CARTESIAN_POINT('',(289.539922094,821.668791442,12.168347612));
#2619=CARTESIAN_POINT('',(289.535086702,821.536711623,12.277666568));
#2620=CARTESIAN_POINT('',(289.53025131,821.404631804,12.386985524));
#2621=CARTESIAN_POINT('',(289.526068579,821.262780205,12.486174878));
#2622=CARTESIAN_POINT('',(289.522583692,821.113470836,12.573844221));
#2623=CARTESIAN_POINT('',(289.515613918,820.8148521,12.749182906));
#2624=CARTESIAN_POINT('',(289.511566623,820.494588352,12.874973569));
#2625=CARTESIAN_POINT('',(289.509920554,820.157340897,12.954626933));
#2626=CARTESIAN_POINT('',(289.508274485,819.820093442,13.034280297));
#2627=CARTESIAN_POINT('',(289.50907807,819.47852609,13.064973621));
#2628=CARTESIAN_POINT('',(289.511667011,819.133085998,13.051783992));
#2629=CARTESIAN_POINT('',(289.512961481,818.960365952,13.045189178));
#2630=CARTESIAN_POINT('',(289.514702293,818.788063498,13.0274006));
#2631=CARTESIAN_POINT('',(289.516779971,818.618793927,12.999483742));
#2632=CARTESIAN_POINT('',(289.518857649,818.449524355,12.971566885));
#2633=CARTESIAN_POINT('',(289.521275808,818.282441884,12.933489097));
#2634=CARTESIAN_POINT('',(289.523971679,818.117447206,12.885708697));
#2635=CARTESIAN_POINT('',(289.526667551,817.952452529,12.837928297));
#2636=CARTESIAN_POINT('',(289.529656684,817.788667928,12.780033672));
#2637=CARTESIAN_POINT('',(289.532818151,817.629656677,12.713683366));
#2638=CARTESIAN_POINT('',(289.535979618,817.470645425,12.64733306));
#2639=CARTESIAN_POINT('',(289.539306563,817.316290133,12.572638178));
#2640=CARTESIAN_POINT('',(289.54275844,817.16630487,12.490109916));
#2641=CARTESIAN_POINT('',(289.546210317,817.016319607,12.407581655));
#2642=CARTESIAN_POINT('',(289.549773281,816.870705586,12.317217267));
#2643=CARTESIAN_POINT('',(289.553442205,816.729364614,12.219192674));
#2644=CARTESIAN_POINT('',(289.55711113,816.588023641,12.12116808));
#2645=CARTESIAN_POINT('',(289.560850561,816.450717877,12.015221696));
#2646=CARTESIAN_POINT('',(289.564757301,816.319186463,11.902822934));
#2647=B_SPLINE_CURVE_WITH_KNOTS('',3,(#2610,#2611,#2612,#2613,#2614,#2615,#2616,#2617,#2618,#2619,#2620,#2621,#2622,#2623,#2624,#2625,#2626,#2627,#2628,#2629,#2630,#2631,#2632,#2633,#2634,#2635,
#2636,#2637,#2638,#2639,#2640,#2641,#2642,#2643,#2644,#2645,#2646),.UNSPECIFIED.,.F.,.F.,(4,3,3,3,3,3,3,3,3,3,3,3,4),(0.00396164,0.004986516,0.006011391,0.006523829,0.007036267,0.008061143,0.009086018,0.009598456,0.010110894,0.010623332,0.01113577,0.011648207,0.012160645),.UNSPECIFIED.);
#2648=EDGE_CURVE('',#2609,#1160,#2647,.T.);
#2649=ORIENTED_EDGE('',*,*,#2648,.F.);
#2650=CARTESIAN_POINT('',(289.647517879,822.635196456,9.862298342));
#2651=CARTESIAN_POINT('',(289.647517879,822.635196456,9.918178194));
#2652=CARTESIAN_POINT('',(289.646220306,822.634447302,9.974018003));
#2653=CARTESIAN_POINT('',(289.643640591,822.632957903,10.029818245));
#2654=B_SPLINE_CURVE_WITH_KNOTS('',3,(#2650,#2651,#2652,#2653),.UNSPECIFIED.,.F.,.F.,(4,4),(0.,0.00016758),.UNSPECIFIED.);
#2655=EDGE_CURVE('',#1612,#2609,#2654,.T.);
#2656=ORIENTED_EDGE('',*,*,#2655,.F.);
#2657=ORIENTED_EDGE('',*,*,#1642,.F.);
#2658=CARTESIAN_POINT('',(274.805223351,831.204399197,6.747518038));
#2659=CARTESIAN_POINT('',(274.788983617,831.21377521,6.866761575));
#2660=CARTESIAN_POINT('',(274.769485101,831.217842233,6.986058116));
#2661=CARTESIAN_POINT('',(274.746665539,831.216490596,7.105409631));
#2662=CARTESIAN_POINT('',(274.723845976,831.21513896,7.224761146));
#2663=CARTESIAN_POINT('',(274.697553578,831.208266045,7.344653201));
#2664=CARTESIAN_POINT('',(274.668496663,831.196061009,7.461925311));
#2665=CARTESIAN_POINT('',(274.610382832,831.171650936,7.69646953));
#2666=CARTESIAN_POINT('',(274.540959719,831.126234007,7.922944181));
#2667=CARTESIAN_POINT('',(274.460429582,831.059938852,8.141459936));
#2668=CARTESIAN_POINT('',(274.420164513,831.026791275,8.250717813));
#2669=CARTESIAN_POINT('',(274.376835727,830.988122566,8.358557285));
#2670=CARTESIAN_POINT('',(274.331297213,830.944622241,8.462748879));
#2671=CARTESIAN_POINT('',(274.2857587,830.901121916,8.566940472));
#2672=CARTESIAN_POINT('',(274.23817358,830.852978897,8.667234797));
#2673=CARTESIAN_POINT('',(274.18861172,830.800313435,8.763746451));
#2674=CARTESIAN_POINT('',(274.089488001,830.694982511,8.956769759));
#2675=CARTESIAN_POINT('',(273.982503582,830.571679079,9.1348227));
#2676=CARTESIAN_POINT('',(273.867547317,830.429613029,9.297236233));
#2677=CARTESIAN_POINT('',(273.637634787,830.14548093,9.622063299));
#2678=CARTESIAN_POINT('',(273.38507497,829.796770438,9.868784247));
#2679=CARTESIAN_POINT('',(273.132485919,829.413879445,10.019992115));
#2680=CARTESIAN_POINT('',(273.069338656,829.318156696,10.057794082));
#2681=CARTESIAN_POINT('',(273.005978643,829.220029816,10.089846081));
#2682=CARTESIAN_POINT('',(272.942418717,829.119417429,10.115993473));
#2683=CARTESIAN_POINT('',(272.878858791,829.018805043,10.142140865));
#2684=CARTESIAN_POINT('',(272.815165548,828.915785092,10.162263602));
#2685=CARTESIAN_POINT('',(272.75276514,828.812691769,10.175993744));
#2686=CARTESIAN_POINT('',(272.627964325,828.606505123,10.203454028));
#2687=CARTESIAN_POINT('',(272.506792242,828.397649298,10.206248));
#2688=CARTESIAN_POINT('',(272.389273283,828.186107095,10.184248992));
#2689=B_SPLINE_CURVE_WITH_KNOTS('',3,(#2658,#2659,#2660,#2661,#2662,#2663,#2664,#2665,#2666,#2667,#2668,#2669,#2670,#2671,#2672,#2673,#2674,#2675,#2676,#2677,#2678,#2679,#2680,#2681,#2682,#2683,
#2684,#2685,#2686,#2687,#2688),.UNSPECIFIED.,.F.,.F.,(4,3,3,3,3,3,3,3,3,3,4),(0.002406405,0.002509897,0.002613389,0.002820372,0.002923864,0.003027356,0.003234339,0.003648306,0.003751798,0.00385529,0.004062273),.UNSPECIFIED.);
#2690=EDGE_CURVE('',#1610,#1220,#2689,.T.);
#2691=ORIENTED_EDGE('',*,*,#2690,.T.);
#2692=ORIENTED_EDGE('',*,*,#1286,.F.);
#2693=EDGE_LOOP('',(#2649,#2656,#2657,#2691,#2692));
#2694=FACE_BOUND('',#2693,.T.);
#2695=ADVANCED_FACE('',(#2694),#2607,.T.);
#2696=OVER_RIDING_STYLED_ITEM('',(#105),#2695,#54);
#2697=CARTESIAN_POINT('',(283.705297087,845.118498113,6.326508956));
#2698=DIRECTION('',(0.866025404,-0.5,0.));
#2699=DIRECTION('',(0.,-0.,-1.));
#2700=AXIS2_PLACEMENT_3D('',#2697,#2698,#2699);
#2701=CYLINDRICAL_SURFACE('',#2700,3.5);
#2702=CARTESIAN_POINT('',(289.647517879,837.646303455,6.326508956));
#2703=VERTEX_POINT('',#2702);
#2704=CARTESIAN_POINT('',(281.362098692,842.429892453,6.326508956));
#2705=VERTEX_POINT('',#2704);
#2706=CARTESIAN_POINT('',(289.647517879,837.646303455,6.326508956));
#2707=DIRECTION('',(-0.866025404,0.5,-0.));
#2708=VECTOR('',#2707,9.567177996);
#2709=LINE('',#2706,#2708);
#2710=EDGE_CURVE('',#2703,#2705,#2709,.T.);
#2711=ORIENTED_EDGE('',*,*,#2710,.F.);
#2712=CARTESIAN_POINT('',(289.647517879,841.68775534,9.826508956));
#2713=VERTEX_POINT('',#2712);
#2714=CARTESIAN_POINT('',(289.647517879,841.68775534,6.326508956));
#2715=DIRECTION('',(-1.,-0.,-0.));
#2716=DIRECTION('',(0.,-1.,0.));
#2717=AXIS2_PLACEMENT_3D('',#2714,#2715,#2716);
#2718=ELLIPSE('',#2717,4.041451884,3.5);
#2719=EDGE_CURVE('',#2703,#2713,#2718,.T.);
#2720=ORIENTED_EDGE('',*,*,#2719,.T.);
#2721=CARTESIAN_POINT('',(282.953289551,845.552669867,9.826508956));
#2722=VERTEX_POINT('',#2721);
#2723=CARTESIAN_POINT('',(282.953289551,845.552669867,9.826508956));
#2724=DIRECTION('',(0.866025404,-0.5,0.));
#2725=VECTOR('',#2724,7.729829054);
#2726=LINE('',#2723,#2725);
#2727=EDGE_CURVE('',#2722,#2713,#2726,.T.);
#2728=ORIENTED_EDGE('',*,*,#2727,.F.);
#2729=CARTESIAN_POINT('',(282.953289551,845.552669867,9.826508956));
#2730=CARTESIAN_POINT('',(282.720266744,845.149062526,9.826508956));
#2731=CARTESIAN_POINT('',(282.494528205,844.745390707,9.731964869));
#2732=CARTESIAN_POINT('',(282.293288492,844.374276523,9.555455868));
#2733=CARTESIAN_POINT('',(282.242978564,844.281497977,9.511328618));
#2734=CARTESIAN_POINT('',(282.193997776,844.190418858,9.462034339));
#2735=CARTESIAN_POINT('',(282.146361564,844.101067681,9.407490341));
#2736=CARTESIAN_POINT('',(282.098725352,844.011716504,9.352946342));
#2737=CARTESIAN_POINT('',(282.052225532,843.923704945,9.292805192));
#2738=CARTESIAN_POINT('',(282.008018868,843.839263277,9.228603181));
#2739=CARTESIAN_POINT('',(281.91960554,843.670379939,9.10019916));
#2740=CARTESIAN_POINT('',(281.839508914,843.51422363,8.95502559));
#2741=CARTESIAN_POINT('',(281.767338692,843.370508406,8.793448379));
#2742=CARTESIAN_POINT('',(281.695168471,843.226793182,8.631871168));
#2743=CARTESIAN_POINT('',(281.630575648,843.094716311,8.451975118));
#2744=CARTESIAN_POINT('',(281.576488796,842.980653018,8.262464006));
#2745=CARTESIAN_POINT('',(281.522401944,842.866589726,8.072952895));
#2746=CARTESIAN_POINT('',(281.478081061,842.76912435,7.872740723));
#2747=CARTESIAN_POINT('',(281.443506375,842.688491621,7.661633501));
#2748=CARTESIAN_POINT('',(281.426219031,842.648175257,7.556079891));
#2749=CARTESIAN_POINT('',(281.411352613,842.611995734,7.447286673));
#2750=CARTESIAN_POINT('',(281.399263167,842.580848193,7.337894941));
#2751=CARTESIAN_POINT('',(281.38717372,842.549700652,7.228503209));
#2752=CARTESIAN_POINT('',(281.377770397,842.523386564,7.118111544));
#2753=CARTESIAN_POINT('',(281.370993464,842.501818431,7.006733867));
#2754=CARTESIAN_POINT('',(281.357439597,842.458682167,6.783978513));
#2755=CARTESIAN_POINT('',(281.35430999,842.434389262,6.557306997));
#2756=CARTESIAN_POINT('',(281.362098692,842.429892453,6.326508956));
#2757=B_SPLINE_CURVE_WITH_KNOTS('',3,(#2729,#2730,#2731,#2732,#2733,#2734,#2735,#2736,#2737,#2738,#2739,#2740,#2741,#2742,#2743,#2744,#2745,#2746,#2747,#2748,#2749,#2750,#2751,#2752,#2753,#2754,
#2755,#2756),.UNSPECIFIED.,.F.,.F.,(4,3,3,3,3,3,3,3,3,4),(-0.,0.00039361,0.000492012,0.000590415,0.00078722,0.000984025,0.00118083,0.001279232,0.001377635,0.00157444),.UNSPECIFIED.);
#2758=EDGE_CURVE('',#2722,#2705,#2757,.T.);
#2759=ORIENTED_EDGE('',*,*,#2758,.T.);
#2760=EDGE_LOOP('',(#2711,#2720,#2728,#2759));
#2761=FACE_BOUND('',#2760,.T.);
#2762=ADVANCED_FACE('',(#2761),#2701,.T.);
#2763=OVER_RIDING_STYLED_ITEM('',(#105),#2762,#54);
#2764=CARTESIAN_POINT('',(281.955297087,842.0874092,3.826508956));
#2765=DIRECTION('',(0.5,0.866025404,0.));
#2766=DIRECTION('',(-0.,0.,1.));
#2767=AXIS2_PLACEMENT_3D('',#2764,#2765,#2766);
#2768=PLANE('',#2767);
#2769=CARTESIAN_POINT('',(289.647517879,837.646303455,3.826508956));
#2770=VERTEX_POINT('',#2769);
#2771=CARTESIAN_POINT('',(289.647517879,837.646303455,6.326508956));
#2772=DIRECTION('',(0.,-0.,-1.));
#2773=VECTOR('',#2772,2.5);
#2774=LINE('',#2771,#2773);
#2775=EDGE_CURVE('',#2703,#2770,#2774,.T.);
#2776=ORIENTED_EDGE('',*,*,#2775,.F.);
#2777=ORIENTED_EDGE('',*,*,#2710,.T.);
#2778=CARTESIAN_POINT('',(281.411186324,842.401551695,3.826508956));
#2779=VERTEX_POINT('',#2778);
#2780=CARTESIAN_POINT('',(271.837393972,847.928983287,4.826508956));
#2781=DIRECTION('',(0.5,0.866025404,0.));
#2782=DIRECTION('',(-0.,0.,1.));
#2783=AXIS2_PLACEMENT_3D('',#2780,#2781,#2782);
#2784=CIRCLE('',#2783,11.1);
#2785=EDGE_CURVE('',#2705,#2779,#2784,.T.);
#2786=ORIENTED_EDGE('',*,*,#2785,.T.);
#2787=CARTESIAN_POINT('',(289.647517879,837.646303455,3.826508956));
#2788=DIRECTION('',(-0.866025404,0.5,-0.));
#2789=VECTOR('',#2788,9.51049648);
#2790=LINE('',#2787,#2789);
#2791=EDGE_CURVE('',#2770,#2779,#2790,.T.);
#2792=ORIENTED_EDGE('',*,*,#2791,.F.);
#2793=EDGE_LOOP('',(#2776,#2777,#2786,#2792));
#2794=FACE_BOUND('',#2793,.T.);
#2795=ADVANCED_FACE('',(#2794),#2768,.F.);
#2796=OVER_RIDING_STYLED_ITEM('',(#105),#2795,#54);
#2797=CARTESIAN_POINT('',(307.708407011,819.713290753,9.826508956));
#2798=DIRECTION('',(-0.,0.,1.));
#2799=DIRECTION('',(-0.5,-0.866025404,-0.));
#2800=AXIS2_PLACEMENT_3D('',#2797,#2798,#2799);
#2801=PLANE('',#2800);
#2802=CARTESIAN_POINT('',(308.22079202,857.607192588,9.826508956));
#2803=VERTEX_POINT('',#2802);
#2804=CARTESIAN_POINT('',(303.57079202,865.661228843,9.826508956));
#2805=VERTEX_POINT('',#2804);
#2806=CARTESIAN_POINT('',(308.22079202,857.607192588,9.826508956));
#2807=DIRECTION('',(-0.5,0.866025404,-0.));
#2808=VECTOR('',#2807,9.3);
#2809=LINE('',#2806,#2808);
#2810=EDGE_CURVE('',#2803,#2805,#2809,.T.);
#2811=ORIENTED_EDGE('',*,*,#2810,.T.);
#2812=CARTESIAN_POINT('',(289.647517879,857.622622769,9.826508956));
#2813=VERTEX_POINT('',#2812);
#2814=CARTESIAN_POINT('',(303.57079202,865.661228843,9.826508956));
#2815=DIRECTION('',(-0.866025404,-0.5,-0.));
#2816=VECTOR('',#2815,16.077212147);
#2817=LINE('',#2814,#2816);
#2818=EDGE_CURVE('',#2805,#2813,#2817,.T.);
#2819=ORIENTED_EDGE('',*,*,#2818,.T.);
#2820=CARTESIAN_POINT('',(275.724243737,865.661228843,9.826508956));
#2821=VERTEX_POINT('',#2820);
#2822=CARTESIAN_POINT('',(289.647517879,857.622622769,9.826508956));
#2823=DIRECTION('',(-0.866025404,0.5,-0.));
#2824=VECTOR('',#2823,16.077212147);
#2825=LINE('',#2822,#2824);
#2826=EDGE_CURVE('',#2813,#2821,#2825,.T.);
#2827=ORIENTED_EDGE('',*,*,#2826,.T.);
#2828=CARTESIAN_POINT('',(271.074243737,857.607192588,9.826508956));
#2829=VERTEX_POINT('',#2828);
#2830=CARTESIAN_POINT('',(275.724243737,865.661228843,9.826508956));
#2831=DIRECTION('',(-0.5,-0.866025404,-0.));
#2832=VECTOR('',#2831,9.3);
#2833=LINE('',#2830,#2832);
#2834=EDGE_CURVE('',#2821,#2829,#2833,.T.);
#2835=ORIENTED_EDGE('',*,*,#2834,.T.);
#2836=CARTESIAN_POINT('',(272.892907599,856.557186517,9.826508956));
#2837=VERTEX_POINT('',#2836);
#2838=CARTESIAN_POINT('',(271.074243737,857.607192588,9.826508956));
#2839=DIRECTION('',(0.866025404,-0.5,0.));
#2840=VECTOR('',#2839,2.100012141);
#2841=LINE('',#2838,#2840);
#2842=EDGE_CURVE('',#2829,#2837,#2841,.T.);
#2843=ORIENTED_EDGE('',*,*,#2842,.T.);
#2844=CARTESIAN_POINT('',(276.742907599,863.225582127,9.826508956));
#2845=VERTEX_POINT('',#2844);
#2846=CARTESIAN_POINT('',(272.892907599,856.557186517,9.826508956));
#2847=DIRECTION('',(0.5,0.866025404,0.));
#2848=VECTOR('',#2847,7.7);
#2849=LINE('',#2846,#2848);
#2850=EDGE_CURVE('',#2837,#2845,#2849,.T.);
#2851=ORIENTED_EDGE('',*,*,#2850,.T.);
#2852=CARTESIAN_POINT('',(282.631880345,859.825582127,9.826508956));
#2853=VERTEX_POINT('',#2852);
#2854=CARTESIAN_POINT('',(276.742907599,863.225582127,9.826508956));
#2855=DIRECTION('',(0.866025404,-0.5,0.));
#2856=VECTOR('',#2855,6.8);
#2857=LINE('',#2854,#2856);
#2858=EDGE_CURVE('',#2845,#2853,#2857,.T.);
#2859=ORIENTED_EDGE('',*,*,#2858,.T.);
#2860=CARTESIAN_POINT('',(278.781880345,853.157186517,9.826508956));
#2861=VERTEX_POINT('',#2860);
#2862=CARTESIAN_POINT('',(282.631880345,859.825582127,9.826508956));
#2863=DIRECTION('',(-0.5,-0.866025404,-0.));
#2864=VECTOR('',#2863,7.7);
#2865=LINE('',#2862,#2864);
#2866=EDGE_CURVE('',#2853,#2861,#2865,.T.);
#2867=ORIENTED_EDGE('',*,*,#2866,.T.);
#2868=CARTESIAN_POINT('',(285.203289551,849.449784184,9.826508956));
#2869=VERTEX_POINT('',#2868);
#2870=CARTESIAN_POINT('',(278.781880345,853.157186517,9.826508956));
#2871=DIRECTION('',(0.866025404,-0.5,0.));
#2872=VECTOR('',#2871,7.414804668);
#2873=LINE('',#2870,#2872);
#2874=EDGE_CURVE('',#2861,#2869,#2873,.T.);
#2875=ORIENTED_EDGE('',*,*,#2874,.T.);
#2876=CARTESIAN_POINT('',(285.203289551,849.449784184,9.826508956));
#2877=DIRECTION('',(-0.5,-0.866025404,-0.));
#2878=VECTOR('',#2877,4.5);
#2879=LINE('',#2876,#2878);
#2880=EDGE_CURVE('',#2869,#2722,#2879,.T.);
#2881=ORIENTED_EDGE('',*,*,#2880,.T.);
#2882=ORIENTED_EDGE('',*,*,#2727,.T.);
#2883=CARTESIAN_POINT('',(296.337851591,845.550431439,9.826468609));
#2884=VERTEX_POINT('',#2883);
#2885=CARTESIAN_POINT('',(289.647517879,841.68775534,9.826508956));
#2886=DIRECTION('',(0.866025404,0.5,0.));
#2887=VECTOR('',#2886,7.729829054);
#2888=LINE('',#2885,#2887);
#2889=EDGE_CURVE('',#2713,#2884,#2888,.T.);
#2890=ORIENTED_EDGE('',*,*,#2889,.T.);
#2891=CARTESIAN_POINT('',(294.091746206,849.449784184,9.826508956));
#2892=VERTEX_POINT('',#2891);
#2893=CARTESIAN_POINT('',(296.341746206,845.552669867,9.826508956));
#2894=CARTESIAN_POINT('',(294.091746206,849.449784184,9.826508956));
#2895=B_SPLINE_CURVE_WITH_KNOTS('',1,(#2893,#2894),.UNSPECIFIED.,.F.,.F.,(2,2),(0.,1.),.UNSPECIFIED.);
#2896=EDGE_CURVE('',#2884,#2892,#2895,.T.);
#2897=ORIENTED_EDGE('',*,*,#2896,.T.);
#2898=CARTESIAN_POINT('',(300.513155412,853.157186517,9.826508956));
#2899=VERTEX_POINT('',#2898);
#2900=CARTESIAN_POINT('',(294.091746206,849.449784184,9.826508956));
#2901=DIRECTION('',(0.866025404,0.5,0.));
#2902=VECTOR('',#2901,7.414804668);
#2903=LINE('',#2900,#2902);
#2904=EDGE_CURVE('',#2892,#2899,#2903,.T.);
#2905=ORIENTED_EDGE('',*,*,#2904,.T.);
#2906=CARTESIAN_POINT('',(296.663155412,859.825582127,9.826508956));
#2907=VERTEX_POINT('',#2906);
#2908=CARTESIAN_POINT('',(300.513155412,853.157186517,9.826508956));
#2909=DIRECTION('',(-0.5,0.866025404,-0.));
#2910=VECTOR('',#2909,7.7);
#2911=LINE('',#2908,#2910);
#2912=EDGE_CURVE('',#2899,#2907,#2911,.T.);
#2913=ORIENTED_EDGE('',*,*,#2912,.T.);
#2914=CARTESIAN_POINT('',(302.552128158,863.225582127,9.826508956));
#2915=VERTEX_POINT('',#2914);
#2916=CARTESIAN_POINT('',(296.663155412,859.825582127,9.826508956));
#2917=DIRECTION('',(0.866025404,0.5,0.));
#2918=VECTOR('',#2917,6.8);
#2919=LINE('',#2916,#2918);
#2920=EDGE_CURVE('',#2907,#2915,#2919,.T.);
#2921=ORIENTED_EDGE('',*,*,#2920,.T.);
#2922=CARTESIAN_POINT('',(306.402128158,856.557186517,9.826508956));
#2923=VERTEX_POINT('',#2922);
#2924=CARTESIAN_POINT('',(302.552128158,863.225582127,9.826508956));
#2925=DIRECTION('',(0.5,-0.866025404,0.));
#2926=VECTOR('',#2925,7.7);
#2927=LINE('',#2924,#2926);
#2928=EDGE_CURVE('',#2915,#2923,#2927,.T.);
#2929=ORIENTED_EDGE('',*,*,#2928,.T.);
#2930=CARTESIAN_POINT('',(306.402128158,856.557186517,9.826508956));
#2931=DIRECTION('',(0.866025404,0.5,0.));
#2932=VECTOR('',#2931,2.100012141);
#2933=LINE('',#2930,#2932);
#2934=EDGE_CURVE('',#2923,#2803,#2933,.T.);
#2935=ORIENTED_EDGE('',*,*,#2934,.T.);
#2936=EDGE_LOOP('',(#2811,#2819,#2827,#2835,#2843,#2851,#2859,#2867,#2875,#2881,#2882,#2890,#2897,#2905,#2913,#2921,#2929,#2935));
#2937=FACE_BOUND('',#2936,.T.);
#2938=ADVANCED_FACE('',(#2937),#2801,.T.);
#2939=OVER_RIDING_STYLED_ITEM('',(#105),#2938,#54);
#2940=CARTESIAN_POINT('',(307.708407011,819.713290753,3.826508956));
#2941=DIRECTION('',(-0.,0.,1.));
#2942=DIRECTION('',(-0.5,-0.866025404,-0.));
#2943=AXIS2_PLACEMENT_3D('',#2940,#2941,#2942);
#2944=PLANE('',#2943);
#2945=ORIENTED_EDGE('',*,*,#1658,.F.);
#2946=CARTESIAN_POINT('',(304.383849433,831.143221446,3.826508956));
#2947=VERTEX_POINT('',#2946);
#2948=CARTESIAN_POINT('',(289.647517879,822.635196456,3.826508956));
#2949=DIRECTION('',(0.866025404,0.5,0.));
#2950=VECTOR('',#2949,17.01604998);
#2951=LINE('',#2948,#2950);
#2952=EDGE_CURVE('',#1645,#2947,#2951,.T.);
#2953=ORIENTED_EDGE('',*,*,#2952,.T.);
#2954=CARTESIAN_POINT('',(306.478177715,831.3388577,3.826508956));
#2955=VERTEX_POINT('',#2954);
#2956=CARTESIAN_POINT('',(304.383849433,831.143221446,3.826508956));
#2957=CARTESIAN_POINT('',(304.507570681,831.215401854,3.826508956));
#2958=CARTESIAN_POINT('',(305.036301294,831.414037306,3.826508956));
#2959=CARTESIAN_POINT('',(305.176940378,831.441187865,3.826508956));
#2960=CARTESIAN_POINT('',(305.287724718,831.462574927,3.826508956));
#2961=CARTESIAN_POINT('',(305.398509059,831.483961989,3.826508956));
#2962=CARTESIAN_POINT('',(305.834802672,831.473503073,3.826508956));
#2963=CARTESIAN_POINT('',(306.267956481,831.421464156,3.826508956));
#2964=CARTESIAN_POINT('',(306.374526791,831.384352615,3.826508956));
#2965=CARTESIAN_POINT('',(306.481097102,831.347241074,3.826508956));
#2966=B_SPLINE_CURVE_WITH_KNOTS('',2,(#2956,#2957,#2958,#2959,#2960,#2961,#2962,#2963,#2964,#2965),.UNSPECIFIED.,.F.,.F.,(3,1,2,1,1,1,1,3),(0.,0.196593004,0.393185277,0.470750981,0.596612676,0.796591136,0.922422352,1.),.UNSPECIFIED.);
#2967=EDGE_CURVE('',#2947,#2955,#2966,.T.);
#2968=ORIENTED_EDGE('',*,*,#2967,.T.);
#2969=CARTESIAN_POINT('',(299.10043954,844.117475065,3.826508956));
#2970=VERTEX_POINT('',#2969);
#2971=CARTESIAN_POINT('',(306.478177715,831.3388577,3.826508956));
#2972=CARTESIAN_POINT('',(299.10043954,844.117475065,3.826508956));
#2973=B_SPLINE_CURVE_WITH_KNOTS('',1,(#2971,#2972),.UNSPECIFIED.,.F.,.F.,(2,2),(0.,1.),.UNSPECIFIED.);
#2974=EDGE_CURVE('',#2955,#2970,#2973,.T.);
#2975=ORIENTED_EDGE('',*,*,#2974,.T.);
#2976=CARTESIAN_POINT('',(297.883849433,842.401551695,3.826508956));
#2977=VERTEX_POINT('',#2976);
#2978=CARTESIAN_POINT('',(299.10043954,844.117475065,3.826508956));
#2979=CARTESIAN_POINT('',(299.06658403,843.937170697,3.826508956));
#2980=CARTESIAN_POINT('',(298.786696161,843.277218193,3.826508956));
#2981=CARTESIAN_POINT('',(298.680627662,843.127537858,3.826508956));
#2982=CARTESIAN_POINT('',(298.574299462,842.97749104,3.826508956));
#2983=CARTESIAN_POINT('',(298.043114825,842.493499333,3.826508956));
#2984=CARTESIAN_POINT('',(297.883849433,842.401551695,3.826508956));
#2985=B_SPLINE_CURVE_WITH_KNOTS('',2,(#2978,#2979,#2980,#2981,#2982,#2983,#2984),.UNSPECIFIED.,.F.,.F.,(3,1,2,1,3),(0.,0.249693686,0.499385951,0.749692913,1.),.UNSPECIFIED.);
#2986=EDGE_CURVE('',#2970,#2977,#2985,.T.);
#2987=ORIENTED_EDGE('',*,*,#2986,.T.);
#2988=CARTESIAN_POINT('',(289.647517879,837.646303455,3.826508956));
#2989=DIRECTION('',(0.866025404,0.5,0.));
#2990=VECTOR('',#2989,9.51049648);
#2991=LINE('',#2988,#2990);
#2992=EDGE_CURVE('',#2770,#2977,#2991,.T.);
#2993=ORIENTED_EDGE('',*,*,#2992,.F.);
#2994=ORIENTED_EDGE('',*,*,#2791,.T.);
#2995=CARTESIAN_POINT('',(280.194596218,844.117475065,3.826508956));
#2996=VERTEX_POINT('',#2995);
#2997=CARTESIAN_POINT('',(281.411186324,842.401551695,3.826508956));
#2998=CARTESIAN_POINT('',(281.253310198,842.49270152,3.826508956));
#2999=CARTESIAN_POINT('',(281.108088984,842.599113667,3.826508956));
#3000=CARTESIAN_POINT('',(280.975021728,842.720183967,3.826508956));
#3001=CARTESIAN_POINT('',(280.841954472,842.841254267,3.826508956));
#3002=CARTESIAN_POINT('',(280.720024324,842.978841362,3.826508956));
#3003=CARTESIAN_POINT('',(280.615705987,843.125813576,3.826508956));
#3004=CARTESIAN_POINT('',(280.511387651,843.272785789,3.826508956));
#3005=CARTESIAN_POINT('',(280.423492889,843.429627488,3.826508956));
#3006=CARTESIAN_POINT('',(280.35239112,843.596560671,3.826508956));
#3007=CARTESIAN_POINT('',(280.281289351,843.763493853,3.826508956));
#3008=CARTESIAN_POINT('',(280.228217076,843.938296488,3.826508956));
#3009=CARTESIAN_POINT('',(280.194596218,844.117475065,3.826508956));
#3010=B_SPLINE_CURVE_WITH_KNOTS('',3,(#2997,#2998,#2999,#3000,#3001,#3002,#3003,#3004,#3005,#3006,#3007,#3008,#3009),.UNSPECIFIED.,.F.,.F.,(4,3,3,3,4),(0.,0.000539138,0.001078275,0.001617413,0.002156551),.UNSPECIFIED.);
#3011=EDGE_CURVE('',#2779,#2996,#3010,.T.);
#3012=ORIENTED_EDGE('',*,*,#3011,.T.);
#3013=CARTESIAN_POINT('',(272.816858042,831.3388577,3.826508956));
#3014=VERTEX_POINT('',#3013);
#3015=CARTESIAN_POINT('',(280.194596218,844.117475065,3.826508956));
#3016=DIRECTION('',(-0.5,-0.866025404,-0.));
#3017=VECTOR('',#3016,14.755476351);
#3018=LINE('',#3015,#3017);
#3019=EDGE_CURVE('',#2996,#3014,#3018,.T.);
#3020=ORIENTED_EDGE('',*,*,#3019,.T.);
#3021=CARTESIAN_POINT('',(272.816858042,831.3388577,3.826508956));
#3022=CARTESIAN_POINT('',(272.988840898,831.399330199,3.826508956));
#3023=CARTESIAN_POINT('',(273.164179398,831.44015138,3.826508956));
#3024=CARTESIAN_POINT('',(273.342731554,831.462152754,3.826508956));
#3025=CARTESIAN_POINT('',(273.52128371,831.484154128,3.826508956));
#3026=CARTESIAN_POINT('',(273.705107725,831.486889127,3.826508956));
#3027=CARTESIAN_POINT('',(273.884553966,831.470152348,3.826508956));
#3028=CARTESIAN_POINT('',(274.064000207,831.45341557,3.826508956));
#3029=CARTESIAN_POINT('',(274.240244343,831.417789522,3.826508956));
#3030=CARTESIAN_POINT('',(274.413221037,831.362888787,3.826508956));
#3031=CARTESIAN_POINT('',(274.586197732,831.307988052,3.826508956));
#3032=CARTESIAN_POINT('',(274.75331485,831.234368585,3.826508956));
#3033=CARTESIAN_POINT('',(274.911186324,831.143221446,3.826508956));
#3034=B_SPLINE_CURVE_WITH_KNOTS('',3,(#3021,#3022,#3023,#3024,#3025,#3026,#3027,#3028,#3029,#3030,#3031,#3032,#3033),.UNSPECIFIED.,.F.,.F.,(4,3,3,3,4),(0.,0.000539124,0.001078247,0.001617371,0.002156495),.UNSPECIFIED.);
#3035=EDGE_CURVE('',#3014,#1653,#3034,.T.);
#3036=ORIENTED_EDGE('',*,*,#3035,.T.);
#3037=EDGE_LOOP('',(#2945,#2953,#2968,#2975,#2987,#2993,#2994,#3012,#3020,#3036));
#3038=FACE_BOUND('',#3037,.T.);
#3039=ADVANCED_FACE('',(#3038),#2944,.T.);
#3040=OVER_RIDING_STYLED_ITEM('',(#105),#3039,#54);
#3041=CARTESIAN_POINT('',(279.337393972,860.919364344,4.826508956));
#3042=DIRECTION('',(-0.5,-0.866025404,-0.));
#3043=DIRECTION('',(0.,-0.,-1.));
#3044=AXIS2_PLACEMENT_3D('',#3041,#3042,#3043);
#3045=CYLINDRICAL_SURFACE('',#3044,2.7);
#3046=CARTESIAN_POINT('',(257.837393972,823.680271981,2.126508956));
#3047=VERTEX_POINT('',#3046);
#3048=CARTESIAN_POINT('',(261.337393972,829.742449808,2.126508956));
#3049=VERTEX_POINT('',#3048);
#3050=CARTESIAN_POINT('',(257.837393972,823.680271981,2.126508956));
#3051=DIRECTION('',(0.5,0.866025404,0.));
#3052=VECTOR('',#3051,7.);
#3053=LINE('',#3050,#3052);
#3054=EDGE_CURVE('',#3047,#3049,#3053,.T.);
#3055=ORIENTED_EDGE('',*,*,#3054,.F.);
#3056=CARTESIAN_POINT('',(260.175662562,822.330271981,4.826508956));
#3057=VERTEX_POINT('',#3056);
#3058=CARTESIAN_POINT('',(257.837393972,823.680271981,4.826508956));
#3059=DIRECTION('',(0.5,0.866025404,0.));
#3060=DIRECTION('',(-0.,0.,1.));
#3061=AXIS2_PLACEMENT_3D('',#3058,#3059,#3060);
#3062=CIRCLE('',#3061,2.7);
#3063=EDGE_CURVE('',#3057,#3047,#3062,.T.);
#3064=ORIENTED_EDGE('',*,*,#3063,.F.);
#3065=CARTESIAN_POINT('',(263.675662562,828.392449808,4.826508956));
#3066=VERTEX_POINT('',#3065);
#3067=CARTESIAN_POINT('',(263.675662562,828.392449808,4.826508956));
#3068=DIRECTION('',(-0.5,-0.866025404,-0.));
#3069=VECTOR('',#3068,7.);
#3070=LINE('',#3067,#3069);
#3071=EDGE_CURVE('',#3066,#3057,#3070,.T.);
#3072=ORIENTED_EDGE('',*,*,#3071,.F.);
#3073=CARTESIAN_POINT('',(261.337393972,829.742449808,4.826508956));
#3074=DIRECTION('',(0.5,0.866025404,0.));
#3075=DIRECTION('',(-0.,0.,1.));
#3076=AXIS2_PLACEMENT_3D('',#3073,#3074,#3075);
#3077=CIRCLE('',#3076,2.7);
#3078=EDGE_CURVE('',#3066,#3049,#3077,.T.);
#3079=ORIENTED_EDGE('',*,*,#3078,.T.);
#3080=EDGE_LOOP('',(#3055,#3064,#3072,#3079));
#3081=FACE_BOUND('',#3080,.T.);
#3082=ADVANCED_FACE('',(#3081),#3045,.F.);
#3083=CARTESIAN_POINT('',(279.337393972,860.919364344,4.826508956));
#3084=DIRECTION('',(-0.5,-0.866025404,-0.));
#3085=DIRECTION('',(0.,-0.,-1.));
#3086=AXIS2_PLACEMENT_3D('',#3083,#3084,#3085);
#3087=CYLINDRICAL_SURFACE('',#3086,2.7);
#3088=CARTESIAN_POINT('',(275.837393972,854.857186517,2.126508956));
#3089=VERTEX_POINT('',#3088);
#3090=CARTESIAN_POINT('',(279.337393972,860.919364344,2.126508956));
#3091=VERTEX_POINT('',#3090);
#3092=CARTESIAN_POINT('',(275.837393972,854.857186517,2.126508956));
#3093=DIRECTION('',(0.5,0.866025404,0.));
#3094=VECTOR('',#3093,7.);
#3095=LINE('',#3092,#3094);
#3096=EDGE_CURVE('',#3089,#3091,#3095,.T.);
#3097=ORIENTED_EDGE('',*,*,#3096,.F.);
#3098=CARTESIAN_POINT('',(278.175662562,853.507186517,4.826508956));
#3099=VERTEX_POINT('',#3098);
#3100=CARTESIAN_POINT('',(275.837393972,854.857186517,4.826508956));
#3101=DIRECTION('',(-0.5,-0.866025404,-0.));
#3102=DIRECTION('',(-0.,0.,1.));
#3103=AXIS2_PLACEMENT_3D('',#3100,#3101,#3102);
#3104=CIRCLE('',#3103,2.7);
#3105=EDGE_CURVE('',#3089,#3099,#3104,.T.);
#3106=ORIENTED_EDGE('',*,*,#3105,.T.);
#3107=CARTESIAN_POINT('',(281.675662562,859.569364344,4.826508956));
#3108=VERTEX_POINT('',#3107);
#3109=CARTESIAN_POINT('',(281.675662562,859.569364344,4.826508956));
#3110=DIRECTION('',(-0.5,-0.866025404,-0.));
#3111=VECTOR('',#3110,7.);
#3112=LINE('',#3109,#3111);
#3113=EDGE_CURVE('',#3108,#3099,#3112,.T.);
#3114=ORIENTED_EDGE('',*,*,#3113,.F.);
#3115=CARTESIAN_POINT('',(279.337393972,860.919364344,4.826508956));
#3116=DIRECTION('',(0.5,0.866025404,0.));
#3117=DIRECTION('',(-0.,0.,1.));
#3118=AXIS2_PLACEMENT_3D('',#3115,#3116,#3117);
#3119=CIRCLE('',#3118,2.7);
#3120=EDGE_CURVE('',#3108,#3091,#3119,.T.);
#3121=ORIENTED_EDGE('',*,*,#3120,.T.);
#3122=EDGE_LOOP('',(#3097,#3106,#3114,#3121));
#3123=FACE_BOUND('',#3122,.T.);
#3124=ADVANCED_FACE('',(#3123),#3087,.F.);
#3125=CARTESIAN_POINT('',(272.892907599,856.557186517,9.276508956));
#3126=DIRECTION('',(-0.,0.,1.));
#3127=DIRECTION('',(-0.5,-0.866025404,-0.));
#3128=AXIS2_PLACEMENT_3D('',#3125,#3126,#3127);
#3129=CYLINDRICAL_SURFACE('',#3128,0.7);
#3130=CARTESIAN_POINT('',(273.499125382,856.207186517,9.126508956));
#3131=VERTEX_POINT('',#3130);
#3132=CARTESIAN_POINT('',(272.542907599,855.950968735,9.126508956));
#3133=VERTEX_POINT('',#3132);
#3134=CARTESIAN_POINT('',(272.892907599,856.557186517,9.126508956));
#3135=DIRECTION('',(0.,-0.,-1.));
#3136=DIRECTION('',(-0.5,-0.866025404,-0.));
#3137=AXIS2_PLACEMENT_3D('',#3134,#3135,#3136);
#3138=CIRCLE('',#3137,0.7);
#3139=EDGE_CURVE('',#3131,#3133,#3138,.T.);
#3140=ORIENTED_EDGE('',*,*,#3139,.T.);
#3141=CARTESIAN_POINT('',(272.542907599,855.950968735,4.826508956));
#3142=VERTEX_POINT('',#3141);
#3143=CARTESIAN_POINT('',(272.542907599,855.950968735,4.826508956));
#3144=DIRECTION('',(-0.,0.,1.));
#3145=VECTOR('',#3144,4.3);
#3146=LINE('',#3143,#3145);
#3147=EDGE_CURVE('',#3142,#3133,#3146,.T.);
#3148=ORIENTED_EDGE('',*,*,#3147,.F.);
#3149=CARTESIAN_POINT('',(273.499125382,856.207186517,4.826508956));
#3150=VERTEX_POINT('',#3149);
#3151=CARTESIAN_POINT('',(272.892907599,856.557186517,4.826508956));
#3152=DIRECTION('',(0.,-0.,-1.));
#3153=DIRECTION('',(0.5,0.866025404,0.));
#3154=AXIS2_PLACEMENT_3D('',#3151,#3152,#3153);
#3155=CIRCLE('',#3154,0.7);
#3156=EDGE_CURVE('',#3150,#3142,#3155,.T.);
#3157=ORIENTED_EDGE('',*,*,#3156,.F.);
#3158=CARTESIAN_POINT('',(273.499125382,856.207186517,9.126508956));
#3159=DIRECTION('',(0.,-0.,-1.));
#3160=VECTOR('',#3159,4.3);
#3161=LINE('',#3158,#3160);
#3162=EDGE_CURVE('',#3131,#3150,#3161,.T.);
#3163=ORIENTED_EDGE('',*,*,#3162,.F.);
#3164=EDGE_LOOP('',(#3140,#3148,#3157,#3163));
#3165=FACE_BOUND('',#3164,.T.);
#3166=ADVANCED_FACE('',(#3165),#3129,.T.);
#3167=CARTESIAN_POINT('',(275.837393972,854.857186517,4.826508956));
#3168=DIRECTION('',(0.5,0.866025404,0.));
#3169=DIRECTION('',(-0.,0.,1.));
#3170=AXIS2_PLACEMENT_3D('',#3167,#3168,#3169);
#3171=TOROIDAL_SURFACE('',#3170,3.4,0.7);
#3172=ORIENTED_EDGE('',*,*,#3156,.T.);
#3173=CARTESIAN_POINT('',(278.431880345,852.550968735,4.826508956));
#3174=VERTEX_POINT('',#3173);
#3175=CARTESIAN_POINT('',(275.487393972,854.250968735,4.826508956));
#3176=DIRECTION('',(0.5,0.866025404,0.));
#3177=DIRECTION('',(-0.,0.,1.));
#3178=AXIS2_PLACEMENT_3D('',#3175,#3176,#3177);
#3179=CIRCLE('',#3178,3.4);
#3180=EDGE_CURVE('',#3174,#3142,#3179,.T.);
#3181=ORIENTED_EDGE('',*,*,#3180,.F.);
#3182=CARTESIAN_POINT('',(278.781880345,853.157186517,4.826508956));
#3183=DIRECTION('',(-0.,0.,1.));
#3184=DIRECTION('',(-0.5,-0.866025404,-0.));
#3185=AXIS2_PLACEMENT_3D('',#3182,#3183,#3184);
#3186=CIRCLE('',#3185,0.7);
#3187=EDGE_CURVE('',#3099,#3174,#3186,.T.);
#3188=ORIENTED_EDGE('',*,*,#3187,.F.);
#3189=ORIENTED_EDGE('',*,*,#3105,.F.);
#3190=CARTESIAN_POINT('',(275.837393972,854.857186517,4.826508956));
#3191=DIRECTION('',(-0.5,-0.866025404,-0.));
#3192=DIRECTION('',(-0.,0.,1.));
#3193=AXIS2_PLACEMENT_3D('',#3190,#3191,#3192);
#3194=CIRCLE('',#3193,2.7);
#3195=EDGE_CURVE('',#3150,#3089,#3194,.T.);
#3196=ORIENTED_EDGE('',*,*,#3195,.F.);
#3197=EDGE_LOOP('',(#3172,#3181,#3188,#3189,#3196));
#3198=FACE_BOUND('',#3197,.T.);
#3199=ADVANCED_FACE('',(#3198),#3171,.T.);
#3200=CARTESIAN_POINT('',(278.781880345,853.157186517,9.276508956));
#3201=DIRECTION('',(0.,-0.,-1.));
#3202=DIRECTION('',(0.5,0.866025404,0.));
#3203=AXIS2_PLACEMENT_3D('',#3200,#3201,#3202);
#3204=CYLINDRICAL_SURFACE('',#3203,0.7);
#3205=ORIENTED_EDGE('',*,*,#3187,.T.);
#3206=CARTESIAN_POINT('',(278.431880345,852.550968735,9.126508956));
#3207=VERTEX_POINT('',#3206);
#3208=CARTESIAN_POINT('',(278.431880345,852.550968735,9.126508956));
#3209=DIRECTION('',(0.,-0.,-1.));
#3210=VECTOR('',#3209,4.3);
#3211=LINE('',#3208,#3210);
#3212=EDGE_CURVE('',#3207,#3174,#3211,.T.);
#3213=ORIENTED_EDGE('',*,*,#3212,.F.);
#3214=CARTESIAN_POINT('',(278.175662562,853.507186517,9.126508956));
#3215=VERTEX_POINT('',#3214);
#3216=CARTESIAN_POINT('',(278.781880345,853.157186517,9.126508956));
#3217=DIRECTION('',(0.,-0.,-1.));
#3218=DIRECTION('',(-0.5,-0.866025404,-0.));
#3219=AXIS2_PLACEMENT_3D('',#3216,#3217,#3218);
#3220=CIRCLE('',#3219,0.7);
#3221=EDGE_CURVE('',#3207,#3215,#3220,.T.);
#3222=ORIENTED_EDGE('',*,*,#3221,.T.);
#3223=CARTESIAN_POINT('',(278.175662562,853.507186517,4.826508956));
#3224=DIRECTION('',(-0.,0.,1.));
#3225=VECTOR('',#3224,4.3);
#3226=LINE('',#3223,#3225);
#3227=EDGE_CURVE('',#3099,#3215,#3226,.T.);
#3228=ORIENTED_EDGE('',*,*,#3227,.F.);
#3229=EDGE_LOOP('',(#3205,#3213,#3222,#3228));
#3230=FACE_BOUND('',#3229,.T.);
#3231=ADVANCED_FACE('',(#3230),#3204,.T.);
#3232=CARTESIAN_POINT('',(261.337393972,829.742449808,4.826508956));
#3233=DIRECTION('',(0.5,0.866025404,0.));
#3234=DIRECTION('',(-0.,0.,1.));
#3235=AXIS2_PLACEMENT_3D('',#3232,#3233,#3234);
#3236=TOROIDAL_SURFACE('',#3235,3.4,0.7);
#3237=CARTESIAN_POINT('',(258.742907599,832.04866759,4.826508956));
#3238=VERTEX_POINT('',#3237);
#3239=CARTESIAN_POINT('',(258.999125382,831.092449808,4.826508956));
#3240=VERTEX_POINT('',#3239);
#3241=CARTESIAN_POINT('',(258.392907599,831.442449808,4.826508956));
#3242=DIRECTION('',(0.,-0.,-1.));
#3243=DIRECTION('',(0.5,0.866025404,0.));
#3244=AXIS2_PLACEMENT_3D('',#3241,#3242,#3243);
#3245=CIRCLE('',#3244,0.7);
#3246=EDGE_CURVE('',#3238,#3240,#3245,.T.);
#3247=ORIENTED_EDGE('',*,*,#3246,.T.);
#3248=CARTESIAN_POINT('',(261.337393972,829.742449808,4.826508956));
#3249=DIRECTION('',(0.5,0.866025404,0.));
#3250=DIRECTION('',(-0.,0.,1.));
#3251=AXIS2_PLACEMENT_3D('',#3248,#3249,#3250);
#3252=CIRCLE('',#3251,2.7);
#3253=EDGE_CURVE('',#3049,#3240,#3252,.T.);
#3254=ORIENTED_EDGE('',*,*,#3253,.F.);
#3255=ORIENTED_EDGE('',*,*,#3078,.F.);
#3256=CARTESIAN_POINT('',(264.631880345,828.64866759,4.826508956));
#3257=VERTEX_POINT('',#3256);
#3258=CARTESIAN_POINT('',(264.281880345,828.042449808,4.826508956));
#3259=DIRECTION('',(-0.,0.,1.));
#3260=DIRECTION('',(-0.5,-0.866025404,-0.));
#3261=AXIS2_PLACEMENT_3D('',#3258,#3259,#3260);
#3262=CIRCLE('',#3261,0.7);
#3263=EDGE_CURVE('',#3257,#3066,#3262,.T.);
#3264=ORIENTED_EDGE('',*,*,#3263,.F.);
#3265=CARTESIAN_POINT('',(261.687393972,830.34866759,4.826508956));
#3266=DIRECTION('',(-0.5,-0.866025404,-0.));
#3267=DIRECTION('',(-0.,0.,1.));
#3268=AXIS2_PLACEMENT_3D('',#3265,#3266,#3267);
#3269=CIRCLE('',#3268,3.4);
#3270=EDGE_CURVE('',#3238,#3257,#3269,.T.);
#3271=ORIENTED_EDGE('',*,*,#3270,.F.);
#3272=EDGE_LOOP('',(#3247,#3254,#3255,#3264,#3271));
#3273=FACE_BOUND('',#3272,.T.);
#3274=ADVANCED_FACE('',(#3273),#3236,.T.);
#3275=CARTESIAN_POINT('',(258.392907599,831.442449808,-112.273491044));
#3276=DIRECTION('',(0.,-0.,-1.));
#3277=DIRECTION('',(0.5,0.866025404,0.));
#3278=AXIS2_PLACEMENT_3D('',#3275,#3276,#3277);
#3279=CYLINDRICAL_SURFACE('',#3278,0.7);
#3280=CARTESIAN_POINT('',(258.742907599,832.04866759,9.12866412));
#3281=VERTEX_POINT('',#3280);
#3282=CARTESIAN_POINT('',(259.092907599,831.442449808,9.12866412));
#3283=VERTEX_POINT('',#3282);
#3284=CARTESIAN_POINT('',(258.392907599,831.442449808,9.12866412));
#3285=DIRECTION('',(0.,-0.,-1.));
#3286=DIRECTION('',(-1.,0.,-0.));
#3287=AXIS2_PLACEMENT_3D('',#3284,#3285,#3286);
#3288=CIRCLE('',#3287,0.7);
#3289=EDGE_CURVE('',#3281,#3283,#3288,.T.);
#3290=ORIENTED_EDGE('',*,*,#3289,.T.);
#3291=CARTESIAN_POINT('',(258.999125382,831.092449808,9.12866412));
#3292=VERTEX_POINT('',#3291);
#3293=CARTESIAN_POINT('',(258.392907599,831.442449808,9.12866412));
#3294=DIRECTION('',(0.,-0.,-1.));
#3295=DIRECTION('',(-1.,0.,-0.));
#3296=AXIS2_PLACEMENT_3D('',#3293,#3294,#3295);
#3297=CIRCLE('',#3296,0.7);
#3298=EDGE_CURVE('',#3283,#3292,#3297,.T.);
#3299=ORIENTED_EDGE('',*,*,#3298,.T.);
#3300=CARTESIAN_POINT('',(258.999125382,831.092449808,4.826508956));
#3301=DIRECTION('',(-0.,0.,1.));
#3302=VECTOR('',#3301,4.302155164);
#3303=LINE('',#3300,#3302);
#3304=EDGE_CURVE('',#3240,#3292,#3303,.T.);
#3305=ORIENTED_EDGE('',*,*,#3304,.F.);
#3306=ORIENTED_EDGE('',*,*,#3246,.F.);
#3307=CARTESIAN_POINT('',(258.742907599,832.04866759,9.12866412));
#3308=DIRECTION('',(0.,-0.,-1.));
#3309=VECTOR('',#3308,4.302155164);
#3310=LINE('',#3307,#3309);
#3311=EDGE_CURVE('',#3281,#3238,#3310,.T.);
#3312=ORIENTED_EDGE('',*,*,#3311,.F.);
#3313=EDGE_LOOP('',(#3290,#3299,#3305,#3306,#3312));
#3314=FACE_BOUND('',#3313,.T.);
#3315=ADVANCED_FACE('',(#3314),#3279,.T.);
#3316=CARTESIAN_POINT('',(264.281880345,828.042449808,-112.273491044));
#3317=DIRECTION('',(-0.,0.,1.));
#3318=DIRECTION('',(-0.5,-0.866025404,-0.));
#3319=AXIS2_PLACEMENT_3D('',#3316,#3317,#3318);
#3320=CYLINDRICAL_SURFACE('',#3319,0.7);
#3321=ORIENTED_EDGE('',*,*,#3263,.T.);
#3322=CARTESIAN_POINT('',(263.675662562,828.392449808,9.129013091));
#3323=VERTEX_POINT('',#3322);
#3324=CARTESIAN_POINT('',(263.675662562,828.392449808,9.129013091));
#3325=DIRECTION('',(0.,-0.,-1.));
#3326=VECTOR('',#3325,4.302504135);
#3327=LINE('',#3324,#3326);
#3328=EDGE_CURVE('',#3323,#3066,#3327,.T.);
#3329=ORIENTED_EDGE('',*,*,#3328,.F.);
#3330=CARTESIAN_POINT('',(264.631880345,828.64866759,9.129013091));
#3331=VERTEX_POINT('',#3330);
#3332=CARTESIAN_POINT('',(264.281880345,828.042449808,9.129013091));
#3333=DIRECTION('',(0.,-0.,-1.));
#3334=DIRECTION('',(1.,0.,0.));
#3335=AXIS2_PLACEMENT_3D('',#3332,#3333,#3334);
#3336=CIRCLE('',#3335,0.7);
#3337=EDGE_CURVE('',#3323,#3331,#3336,.T.);
#3338=ORIENTED_EDGE('',*,*,#3337,.T.);
#3339=CARTESIAN_POINT('',(264.631880345,828.64866759,4.826508956));
#3340=DIRECTION('',(-0.,0.,1.));
#3341=VECTOR('',#3340,4.302504135);
#3342=LINE('',#3339,#3341);
#3343=EDGE_CURVE('',#3257,#3331,#3342,.T.);
#3344=ORIENTED_EDGE('',*,*,#3343,.F.);
#3345=EDGE_LOOP('',(#3321,#3329,#3338,#3344));
#3346=FACE_BOUND('',#3345,.T.);
#3347=ADVANCED_FACE('',(#3346),#3320,.T.);
#3348=CARTESIAN_POINT('',(276.999125382,862.269364344,9.276508956));
#3349=DIRECTION('',(0.866025404,-0.5,0.));
#3350=DIRECTION('',(-0.5,-0.866025404,-0.));
#3351=AXIS2_PLACEMENT_3D('',#3348,#3349,#3350);
#3352=PLANE('',#3351);
#3353=CARTESIAN_POINT('',(255.499125382,825.030271981,4.826508956));
#3354=VERTEX_POINT('',#3353);
#3355=CARTESIAN_POINT('',(258.999125382,831.092449808,4.826508956));
#3356=DIRECTION('',(-0.5,-0.866025404,-0.));
#3357=VECTOR('',#3356,7.);
#3358=LINE('',#3355,#3357);
#3359=EDGE_CURVE('',#3240,#3354,#3358,.T.);
#3360=ORIENTED_EDGE('',*,*,#3359,.F.);
#3361=ORIENTED_EDGE('',*,*,#3304,.T.);
#3362=CARTESIAN_POINT('',(255.499125382,825.030271981,9.126508956));
#3363=VERTEX_POINT('',#3362);
#3364=CARTESIAN_POINT('',(258.999125382,831.092449808,9.126508956));
#3365=DIRECTION('',(-0.5,-0.866025404,-0.));
#3366=VECTOR('',#3365,7.);
#3367=LINE('',#3364,#3366);
#3368=EDGE_CURVE('',#3292,#3363,#3367,.T.);
#3369=ORIENTED_EDGE('',*,*,#3368,.T.);
#3370=CARTESIAN_POINT('',(255.499125382,825.030271981,4.826508956));
#3371=DIRECTION('',(-0.,0.,1.));
#3372=VECTOR('',#3371,4.3);
#3373=LINE('',#3370,#3372);
#3374=EDGE_CURVE('',#3354,#3363,#3373,.T.);
#3375=ORIENTED_EDGE('',*,*,#3374,.F.);
#3376=EDGE_LOOP('',(#3360,#3361,#3369,#3375));
#3377=FACE_BOUND('',#3376,.T.);
#3378=ADVANCED_FACE('',(#3377),#3352,.T.);
#3379=CARTESIAN_POINT('',(258.392907599,831.442449808,9.12866412));
#3380=DIRECTION('',(0.,0.,1.));
#3381=DIRECTION('',(1.,0.,-0.));
#3382=AXIS2_PLACEMENT_3D('',#3379,#3380,#3381);
#3383=SPHERICAL_SURFACE('',#3382,0.7);
#3384=CARTESIAN_POINT('',(258.392907599,831.442449808,9.12866412));
#3385=DIRECTION('',(-0.,1.,-0.));
#3386=DIRECTION('',(1.,0.,0.));
#3387=AXIS2_PLACEMENT_3D('',#3384,#3385,#3386);
#3388=CIRCLE('',#3387,0.7);
#3389=EDGE_CURVE('',#1352,#3283,#3388,.T.);
#3390=ORIENTED_EDGE('',*,*,#3389,.T.);
#3391=ORIENTED_EDGE('',*,*,#3289,.F.);
#3392=CARTESIAN_POINT('',(258.392907599,831.442449808,9.12866412));
#3393=DIRECTION('',(0.866024375,-0.499999406,-0.001541486));
#3394=DIRECTION('',(0.5,0.866025404,0.));
#3395=AXIS2_PLACEMENT_3D('',#3392,#3393,#3394);
#3396=CIRCLE('',#3395,0.7);
#3397=EDGE_CURVE('',#3281,#1352,#3396,.T.);
#3398=ORIENTED_EDGE('',*,*,#3397,.T.);
#3399=EDGE_LOOP('',(#3390,#3391,#3398));
#3400=FACE_BOUND('',#3399,.T.);
#3401=ADVANCED_FACE('',(#3400),#3383,.T.);
#3402=CARTESIAN_POINT('',(326.157232922,784.235794572,-112.273491044));
#3403=DIRECTION('',(0.5,0.866025404,0.));
#3404=DIRECTION('',(-0.866025404,0.5,-0.));
#3405=AXIS2_PLACEMENT_3D('',#3402,#3403,#3404);
#3406=PLANE('',#3405);
#3407=ORIENTED_EDGE('',*,*,#3374,.T.);
#3408=CARTESIAN_POINT('',(260.175662562,822.330271981,9.126508956));
#3409=VERTEX_POINT('',#3408);
#3410=CARTESIAN_POINT('',(255.499125382,825.030271981,9.126508956));
#3411=DIRECTION('',(0.866025404,-0.5,0.));
#3412=VECTOR('',#3411,5.4);
#3413=LINE('',#3410,#3412);
#3414=EDGE_CURVE('',#3363,#3409,#3413,.T.);
#3415=ORIENTED_EDGE('',*,*,#3414,.T.);
#3416=CARTESIAN_POINT('',(260.175662562,822.330271981,9.126508956));
#3417=DIRECTION('',(0.,-0.,-1.));
#3418=VECTOR('',#3417,4.3);
#3419=LINE('',#3416,#3418);
#3420=EDGE_CURVE('',#3409,#3057,#3419,.T.);
#3421=ORIENTED_EDGE('',*,*,#3420,.T.);
#3422=ORIENTED_EDGE('',*,*,#3063,.T.);
#3423=CARTESIAN_POINT('',(257.837393972,823.680271981,4.826508956));
#3424=DIRECTION('',(0.5,0.866025404,0.));
#3425=DIRECTION('',(-0.,0.,1.));
#3426=AXIS2_PLACEMENT_3D('',#3423,#3424,#3425);
#3427=CIRCLE('',#3426,2.7);
#3428=EDGE_CURVE('',#3047,#3354,#3427,.T.);
#3429=ORIENTED_EDGE('',*,*,#3428,.T.);
#3430=EDGE_LOOP('',(#3407,#3415,#3421,#3422,#3429));
#3431=FACE_BOUND('',#3430,.T.);
#3432=ADVANCED_FACE('',(#3431),#3406,.T.);
#3433=CARTESIAN_POINT('',(281.675662562,859.569364344,9.276508956));
#3434=DIRECTION('',(-0.866025404,0.5,-0.));
#3435=DIRECTION('',(0.5,0.866025404,0.));
#3436=AXIS2_PLACEMENT_3D('',#3433,#3434,#3435);
#3437=PLANE('',#3436);
#3438=CARTESIAN_POINT('',(260.175662562,822.330271981,9.126508956));
#3439=DIRECTION('',(0.5,0.866025404,0.));
#3440=VECTOR('',#3439,7.);
#3441=LINE('',#3438,#3440);
#3442=EDGE_CURVE('',#3409,#3323,#3441,.T.);
#3443=ORIENTED_EDGE('',*,*,#3442,.T.);
#3444=ORIENTED_EDGE('',*,*,#3328,.T.);
#3445=ORIENTED_EDGE('',*,*,#3071,.T.);
#3446=ORIENTED_EDGE('',*,*,#3420,.F.);
#3447=EDGE_LOOP('',(#3443,#3444,#3445,#3446));
#3448=FACE_BOUND('',#3447,.T.);
#3449=ADVANCED_FACE('',(#3448),#3437,.T.);
#3450=CARTESIAN_POINT('',(264.281880345,828.042449808,9.129013091));
#3451=DIRECTION('',(0.,0.,1.));
#3452=DIRECTION('',(1.,0.,-0.));
#3453=AXIS2_PLACEMENT_3D('',#3450,#3451,#3452);
#3454=SPHERICAL_SURFACE('',#3453,0.7);
#3455=CARTESIAN_POINT('',(264.281880345,828.042449808,9.129013091));
#3456=DIRECTION('',(0.499998922,0.866023537,-0.002076198));
#3457=DIRECTION('',(0.866025404,-0.5,0.));
#3458=AXIS2_PLACEMENT_3D('',#3455,#3456,#3457);
#3459=CIRCLE('',#3458,0.7);
#3460=EDGE_CURVE('',#3323,#1307,#3459,.T.);
#3461=ORIENTED_EDGE('',*,*,#3460,.T.);
#3462=CARTESIAN_POINT('',(264.281880345,828.042449808,9.129013091));
#3463=DIRECTION('',(-0.866021637,0.499997826,-0.00294922));
#3464=DIRECTION('',(0.5,0.866025404,-0.));
#3465=AXIS2_PLACEMENT_3D('',#3462,#3463,#3464);
#3466=CIRCLE('',#3465,0.7);
#3467=EDGE_CURVE('',#1307,#3331,#3466,.T.);
#3468=ORIENTED_EDGE('',*,*,#3467,.T.);
#3469=ORIENTED_EDGE('',*,*,#3337,.F.);
#3470=EDGE_LOOP('',(#3461,#3468,#3469));
#3471=FACE_BOUND('',#3470,.T.);
#3472=ADVANCED_FACE('',(#3471),#3454,.T.);
#3473=CARTESIAN_POINT('',(278.781880345,853.157186517,9.126508956));
#3474=DIRECTION('',(-0.,0.,1.));
#3475=DIRECTION('',(-0.5,-0.866025404,-0.));
#3476=AXIS2_PLACEMENT_3D('',#3473,#3474,#3475);
#3477=SPHERICAL_SURFACE('',#3476,0.7);
#3478=CARTESIAN_POINT('',(278.781880345,853.157186517,9.126508956));
#3479=DIRECTION('',(-0.866025404,0.5,-0.));
#3480=DIRECTION('',(-0.,0.,1.));
#3481=AXIS2_PLACEMENT_3D('',#3478,#3479,#3480);
#3482=CIRCLE('',#3481,0.7);
#3483=EDGE_CURVE('',#3207,#2861,#3482,.T.);
#3484=ORIENTED_EDGE('',*,*,#3483,.T.);
#3485=CARTESIAN_POINT('',(278.781880345,853.157186517,9.126508956));
#3486=DIRECTION('',(-0.5,-0.866025404,-0.));
#3487=DIRECTION('',(0.,-0.,-1.));
#3488=AXIS2_PLACEMENT_3D('',#3485,#3486,#3487);
#3489=CIRCLE('',#3488,0.7);
#3490=EDGE_CURVE('',#2861,#3215,#3489,.T.);
#3491=ORIENTED_EDGE('',*,*,#3490,.T.);
#3492=ORIENTED_EDGE('',*,*,#3221,.F.);
#3493=EDGE_LOOP('',(#3484,#3491,#3492));
#3494=FACE_BOUND('',#3493,.T.);
#3495=ADVANCED_FACE('',(#3494),#3477,.T.);
#3496=CARTESIAN_POINT('',(281.675662562,859.569364344,9.276508956));
#3497=DIRECTION('',(-0.866025404,0.5,-0.));
#3498=DIRECTION('',(0.5,0.866025404,0.));
#3499=AXIS2_PLACEMENT_3D('',#3496,#3497,#3498);
#3500=PLANE('',#3499);
#3501=ORIENTED_EDGE('',*,*,#3113,.T.);
#3502=ORIENTED_EDGE('',*,*,#3227,.T.);
#3503=CARTESIAN_POINT('',(281.675662562,859.569364344,9.126508956));
#3504=VERTEX_POINT('',#3503);
#3505=CARTESIAN_POINT('',(278.175662562,853.507186517,9.126508956));
#3506=DIRECTION('',(0.5,0.866025404,0.));
#3507=VECTOR('',#3506,7.);
#3508=LINE('',#3505,#3507);
#3509=EDGE_CURVE('',#3215,#3504,#3508,.T.);
#3510=ORIENTED_EDGE('',*,*,#3509,.T.);
#3511=CARTESIAN_POINT('',(281.675662562,859.569364344,9.126508956));
#3512=DIRECTION('',(0.,-0.,-1.));
#3513=VECTOR('',#3512,4.3);
#3514=LINE('',#3511,#3513);
#3515=EDGE_CURVE('',#3504,#3108,#3514,.T.);
#3516=ORIENTED_EDGE('',*,*,#3515,.T.);
#3517=EDGE_LOOP('',(#3501,#3502,#3510,#3516));
#3518=FACE_BOUND('',#3517,.T.);
#3519=ADVANCED_FACE('',(#3518),#3500,.T.);
#3520=CARTESIAN_POINT('',(347.657232922,821.474886935,-112.273491044));
#3521=DIRECTION('',(0.5,0.866025404,0.));
#3522=DIRECTION('',(-0.866025404,0.5,-0.));
#3523=AXIS2_PLACEMENT_3D('',#3520,#3521,#3522);
#3524=PLANE('',#3523);
#3525=ORIENTED_EDGE('',*,*,#3515,.F.);
#3526=CARTESIAN_POINT('',(276.999125382,862.269364344,9.126508956));
#3527=VERTEX_POINT('',#3526);
#3528=CARTESIAN_POINT('',(281.675662562,859.569364344,9.126508956));
#3529=DIRECTION('',(-0.866025404,0.5,-0.));
#3530=VECTOR('',#3529,5.4);
#3531=LINE('',#3528,#3530);
#3532=EDGE_CURVE('',#3504,#3527,#3531,.T.);
#3533=ORIENTED_EDGE('',*,*,#3532,.T.);
#3534=CARTESIAN_POINT('',(276.999125382,862.269364344,4.826508956));
#3535=VERTEX_POINT('',#3534);
#3536=CARTESIAN_POINT('',(276.999125382,862.269364344,4.826508956));
#3537=DIRECTION('',(-0.,0.,1.));
#3538=VECTOR('',#3537,4.3);
#3539=LINE('',#3536,#3538);
#3540=EDGE_CURVE('',#3535,#3527,#3539,.T.);
#3541=ORIENTED_EDGE('',*,*,#3540,.F.);
#3542=CARTESIAN_POINT('',(279.337393972,860.919364344,4.826508956));
#3543=DIRECTION('',(0.5,0.866025404,0.));
#3544=DIRECTION('',(-0.,0.,1.));
#3545=AXIS2_PLACEMENT_3D('',#3542,#3543,#3544);
#3546=CIRCLE('',#3545,2.7);
#3547=EDGE_CURVE('',#3091,#3535,#3546,.T.);
#3548=ORIENTED_EDGE('',*,*,#3547,.F.);
#3549=ORIENTED_EDGE('',*,*,#3120,.F.);
#3550=EDGE_LOOP('',(#3525,#3533,#3541,#3548,#3549));
#3551=FACE_BOUND('',#3550,.T.);
#3552=ADVANCED_FACE('',(#3551),#3524,.F.);
#3553=CARTESIAN_POINT('',(276.999125382,862.269364344,9.276508956));
#3554=DIRECTION('',(0.866025404,-0.5,0.));
#3555=DIRECTION('',(-0.5,-0.866025404,-0.));
#3556=AXIS2_PLACEMENT_3D('',#3553,#3554,#3555);
#3557=PLANE('',#3556);
#3558=CARTESIAN_POINT('',(276.999125382,862.269364344,9.126508956));
#3559=DIRECTION('',(-0.5,-0.866025404,-0.));
#3560=VECTOR('',#3559,7.);
#3561=LINE('',#3558,#3560);
#3562=EDGE_CURVE('',#3527,#3131,#3561,.T.);
#3563=ORIENTED_EDGE('',*,*,#3562,.T.);
#3564=ORIENTED_EDGE('',*,*,#3162,.T.);
#3565=CARTESIAN_POINT('',(276.999125382,862.269364344,4.826508956));
#3566=DIRECTION('',(-0.5,-0.866025404,-0.));
#3567=VECTOR('',#3566,7.);
#3568=LINE('',#3565,#3567);
#3569=EDGE_CURVE('',#3535,#3150,#3568,.T.);
#3570=ORIENTED_EDGE('',*,*,#3569,.F.);
#3571=ORIENTED_EDGE('',*,*,#3540,.T.);
#3572=EDGE_LOOP('',(#3563,#3564,#3570,#3571));
#3573=FACE_BOUND('',#3572,.T.);
#3574=ADVANCED_FACE('',(#3573),#3557,.T.);
#3575=CARTESIAN_POINT('',(272.892907599,856.557186517,9.126508956));
#3576=DIRECTION('',(-0.,-0.,1.));
#3577=DIRECTION('',(-0.5,-0.866025404,-0.));
#3578=AXIS2_PLACEMENT_3D('',#3575,#3576,#3577);
#3579=SPHERICAL_SURFACE('',#3578,0.7);
#3580=CARTESIAN_POINT('',(272.892907599,856.557186517,9.126508956));
#3581=DIRECTION('',(-0.5,-0.866025404,-0.));
#3582=DIRECTION('',(0.,0.,-1.));
#3583=AXIS2_PLACEMENT_3D('',#3580,#3581,#3582);
#3584=CIRCLE('',#3583,0.7);
#3585=EDGE_CURVE('',#3131,#2837,#3584,.T.);
#3586=ORIENTED_EDGE('',*,*,#3585,.T.);
#3587=CARTESIAN_POINT('',(272.892907599,856.557186517,9.126508956));
#3588=DIRECTION('',(0.866025404,-0.5,0.));
#3589=DIRECTION('',(0.,-0.,-1.));
#3590=AXIS2_PLACEMENT_3D('',#3587,#3588,#3589);
#3591=CIRCLE('',#3590,0.7);
#3592=EDGE_CURVE('',#2837,#3133,#3591,.T.);
#3593=ORIENTED_EDGE('',*,*,#3592,.T.);
#3594=ORIENTED_EDGE('',*,*,#3139,.F.);
#3595=EDGE_LOOP('',(#3586,#3593,#3594));
#3596=FACE_BOUND('',#3595,.T.);
#3597=ADVANCED_FACE('',(#3596),#3579,.T.);
#3598=CARTESIAN_POINT('',(261.837393972,830.608475211,4.826508956));
#3599=DIRECTION('',(0.5,0.866025404,0.));
#3600=DIRECTION('',(-0.,0.,1.));
#3601=AXIS2_PLACEMENT_3D('',#3598,#3599,#3600);
#3602=CYLINDRICAL_SURFACE('',#3601,8.6);
#3603=CARTESIAN_POINT('',(271.422829348,830.270473939,6.314858305));
#3604=VERTEX_POINT('',#3603);
#3605=CARTESIAN_POINT('',(271.409723559,830.27804057,3.254465946));
#3606=VERTEX_POINT('',#3605);
#3607=CARTESIAN_POINT('',(264.087393972,834.505589528,4.826508956));
#3608=DIRECTION('',(0.5,0.866025404,0.));
#3609=DIRECTION('',(-0.,0.,1.));
#3610=AXIS2_PLACEMENT_3D('',#3607,#3608,#3609);
#3611=CIRCLE('',#3610,8.6);
#3612=EDGE_CURVE('',#3604,#3606,#3611,.T.);
#3613=ORIENTED_EDGE('',*,*,#3612,.T.);
#3614=CARTESIAN_POINT('',(280.409723559,845.866497838,3.254465946));
#3615=VERTEX_POINT('',#3614);
#3616=CARTESIAN_POINT('',(271.409723559,830.27804057,3.254465946));
#3617=DIRECTION('',(0.5,0.866025404,0.));
#3618=VECTOR('',#3617,18.);
#3619=LINE('',#3616,#3618);
#3620=EDGE_CURVE('',#3606,#3615,#3619,.T.);
#3621=ORIENTED_EDGE('',*,*,#3620,.T.);
#3622=CARTESIAN_POINT('',(280.466894926,845.833489934,5.988671118));
#3623=VERTEX_POINT('',#3622);
#3624=CARTESIAN_POINT('',(273.087393972,850.094046797,4.826508956));
#3625=DIRECTION('',(-0.5,-0.866025404,-0.));
#3626=DIRECTION('',(-0.,0.,1.));
#3627=AXIS2_PLACEMENT_3D('',#3624,#3625,#3626);
#3628=CIRCLE('',#3627,8.6);
#3629=EDGE_CURVE('',#3615,#3623,#3628,.T.);
#3630=ORIENTED_EDGE('',*,*,#3629,.T.);
#3631=CARTESIAN_POINT('',(280.84385361,846.770553275,6.763445893));
#3632=VERTEX_POINT('',#3631);
#3633=CARTESIAN_POINT('',(280.466894926,845.833489934,5.988671118));
#3634=CARTESIAN_POINT('',(280.454825947,845.840457963,6.090851976));
#3635=CARTESIAN_POINT('',(280.454280903,845.870604329,6.190756691));
#3636=CARTESIAN_POINT('',(280.465250448,845.921753594,6.284219862));
#3637=CARTESIAN_POINT('',(280.47073522,845.947328227,6.330951448));
#3638=CARTESIAN_POINT('',(280.479014264,845.977706604,6.375271143));
#3639=CARTESIAN_POINT('',(280.490151343,846.01278814,6.417222121));
#3640=CARTESIAN_POINT('',(280.501288422,846.047869677,6.459173099));
#3641=CARTESIAN_POINT('',(280.515464512,846.088076445,6.498995265));
#3642=CARTESIAN_POINT('',(280.532121796,846.131425858,6.534762672));
#3643=CARTESIAN_POINT('',(280.54877908,846.17477527,6.570530079));
#3644=CARTESIAN_POINT('',(280.567975426,846.221520803,6.602666751));
#3645=CARTESIAN_POINT('',(280.589901654,846.27169849,6.631090804));
#3646=CARTESIAN_POINT('',(280.611827882,846.321876178,6.659514858));
#3647=CARTESIAN_POINT('',(280.636378737,846.3751689,6.683906697));
#3648=CARTESIAN_POINT('',(280.662738859,846.429564169,6.703443069));
#3649=CARTESIAN_POINT('',(280.715459101,846.538354708,6.742515814));
#3650=CARTESIAN_POINT('',(280.777275665,846.655236892,6.763445893));
#3651=CARTESIAN_POINT('',(280.84385361,846.770553275,6.763445893));
#3652=B_SPLINE_CURVE_WITH_KNOTS('',3,(#3633,#3634,#3635,#3636,#3637,#3638,#3639,#3640,#3641,#3642,#3643,#3644,#3645,#3646,#3647,#3648,#3649,#3650,#3651),.UNSPECIFIED.,.F.,.F.,(4,3,3,3,3,3,4),(-0.,0.00039361,0.000590415,0.00078722,0.000984025,0.00118083,0.00157444),.UNSPECIFIED.);
#3653=EDGE_CURVE('',#3623,#3632,#3652,.T.);
#3654=ORIENTED_EDGE('',*,*,#3653,.T.);
#3655=CARTESIAN_POINT('',(282.74385361,850.061449809,6.763445893));
#3656=VERTEX_POINT('',#3655);
#3657=CARTESIAN_POINT('',(280.84385361,846.770553275,6.763445893));
#3658=DIRECTION('',(0.5,0.866025404,0.));
#3659=VECTOR('',#3658,3.8);
#3660=LINE('',#3657,#3659);
#3661=EDGE_CURVE('',#3632,#3656,#3660,.T.);
#3662=ORIENTED_EDGE('',*,*,#3661,.T.);
#3663=CARTESIAN_POINT('',(281.960847888,850.513518374,0.573761704));
#3664=VERTEX_POINT('',#3663);
#3665=CARTESIAN_POINT('',(275.487393972,854.250968735,4.826508956));
#3666=DIRECTION('',(0.5,0.866025404,0.));
#3667=DIRECTION('',(-0.,0.,1.));
#3668=AXIS2_PLACEMENT_3D('',#3665,#3666,#3667);
#3669=CIRCLE('',#3668,8.6);
#3670=EDGE_CURVE('',#3656,#3664,#3669,.T.);
#3671=ORIENTED_EDGE('',*,*,#3670,.T.);
#3672=CARTESIAN_POINT('',(268.160847888,826.611217229,0.573761704));
#3673=VERTEX_POINT('',#3672);
#3674=CARTESIAN_POINT('',(281.960847888,850.513518374,0.573761704));
#3675=DIRECTION('',(-0.5,-0.866025404,-0.));
#3676=VECTOR('',#3675,27.6);
#3677=LINE('',#3674,#3676);
#3678=EDGE_CURVE('',#3664,#3673,#3677,.T.);
#3679=ORIENTED_EDGE('',*,*,#3678,.T.);
#3680=CARTESIAN_POINT('',(268.923767598,826.170745329,6.861174118));
#3681=VERTEX_POINT('',#3680);
#3682=CARTESIAN_POINT('',(261.687393972,830.34866759,4.826508956));
#3683=DIRECTION('',(0.5,0.866025404,0.));
#3684=DIRECTION('',(-0.,0.,1.));
#3685=AXIS2_PLACEMENT_3D('',#3682,#3683,#3684);
#3686=CIRCLE('',#3685,8.6);
#3687=EDGE_CURVE('',#3681,#3673,#3686,.T.);
#3688=ORIENTED_EDGE('',*,*,#3687,.F.);
#3689=CARTESIAN_POINT('',(270.731379093,829.40878537,7.069820367));
#3690=VERTEX_POINT('',#3689);
#3691=CARTESIAN_POINT('',(268.923767598,826.170745329,6.861174118));
#3692=CARTESIAN_POINT('',(269.22769548,826.70957692,6.886662729));
#3693=CARTESIAN_POINT('',(269.530575359,827.249091411,6.916798472));
#3694=CARTESIAN_POINT('',(269.831887426,827.788922459,6.951973095));
#3695=CARTESIAN_POINT('',(270.133199493,828.328753508,6.987147717));
#3696=CARTESIAN_POINT('',(270.432943653,828.86868071,7.026890887));
#3697=CARTESIAN_POINT('',(270.731384717,829.408785859,7.069803245));
#3698=B_SPLINE_CURVE_WITH_KNOTS('',3,(#3691,#3692,#3693,#3694,#3695,#3696,#3697),.UNSPECIFIED.,.F.,.F.,(4,3,4),(0.058454661,0.060310093,0.062165524),.UNSPECIFIED.);
#3699=EDGE_CURVE('',#3681,#3690,#3698,.T.);
#3700=ORIENTED_EDGE('',*,*,#3699,.T.);
#3701=CARTESIAN_POINT('',(270.731379141,829.408785336,7.069820149));
#3702=CARTESIAN_POINT('',(270.764819789,829.469304598,7.07462828));
#3703=CARTESIAN_POINT('',(270.799458082,829.528967483,7.074017597));
#3704=CARTESIAN_POINT('',(270.835284666,829.58778026,7.068015691));
#3705=CARTESIAN_POINT('',(270.871111251,829.646593037,7.062013785));
#3706=CARTESIAN_POINT('',(270.908185552,829.704564595,7.050442806));
#3707=CARTESIAN_POINT('',(270.944694116,829.759018274,7.033910533));
#3708=CARTESIAN_POINT('',(271.017711244,829.867925631,7.000845987));
#3709=CARTESIAN_POINT('',(271.091162796,829.96681148,6.946878848));
#3710=CARTESIAN_POINT('',(271.157861981,830.047409017,6.875695483));
#3711=CARTESIAN_POINT('',(271.191211574,830.087707786,6.840103801));
#3712=CARTESIAN_POINT('',(271.222196454,830.122696074,6.801058985));
#3713=CARTESIAN_POINT('',(271.250767613,830.152646231,6.758692707));
#3714=CARTESIAN_POINT('',(271.279338772,830.182596388,6.716326429));
#3715=CARTESIAN_POINT('',(271.305750464,830.2076934,6.670032963));
#3716=CARTESIAN_POINT('',(271.328587763,830.22673378,6.621984134));
#3717=CARTESIAN_POINT('',(271.351425061,830.245774159,6.573935306));
#3718=CARTESIAN_POINT('',(271.37084574,830.258989752,6.524090753));
#3719=CARTESIAN_POINT('',(271.386742725,830.266372225,6.472416245));
#3720=CARTESIAN_POINT('',(271.40263971,830.273754699,6.420741737));
#3721=CARTESIAN_POINT('',(271.414817362,830.275099661,6.367508494));
#3722=CARTESIAN_POINT('',(271.422829349,830.27047394,6.314858305));
#3723=B_SPLINE_CURVE_WITH_KNOTS('',3,(#3701,#3702,#3703,#3704,#3705,#3706,#3707,#3708,#3709,#3710,#3711,#3712,#3713,#3714,#3715,#3716,#3717,#3718,#3719,#3720,#3721,#3722),.UNSPECIFIED.,.F.,.F.,(4,3,3,3,3,3,3,4),(0.002406405,0.002613389,0.002820372,0.003234339,0.003441323,0.003648306,0.00385529,0.004062273),.UNSPECIFIED.);
#3724=EDGE_CURVE('',#3690,#3604,#3723,.T.);
#3725=ORIENTED_EDGE('',*,*,#3724,.T.);
#3726=EDGE_LOOP('',(#3613,#3621,#3630,#3654,#3662,#3671,#3679,#3688,#3700,#3725));
#3727=FACE_BOUND('',#3726,.T.);
#3728=ADVANCED_FACE('',(#3727),#3602,.F.);
#3729=CARTESIAN_POINT('',(343.807232922,814.806491326,-112.273491044));
#3730=DIRECTION('',(0.5,0.866025404,0.));
#3731=DIRECTION('',(-0.866025404,0.5,-0.));
#3732=AXIS2_PLACEMENT_3D('',#3729,#3730,#3731);
#3733=PLANE('',#3732);
#3734=CARTESIAN_POINT('',(270.724243737,857.000974805,9.126508956));
#3735=VERTEX_POINT('',#3734);
#3736=CARTESIAN_POINT('',(270.724243737,857.000974805,0.526508956));
#3737=VERTEX_POINT('',#3736);
#3738=CARTESIAN_POINT('',(270.724243737,857.000974805,9.126508956));
#3739=DIRECTION('',(0.,-0.,-1.));
#3740=VECTOR('',#3739,8.6);
#3741=LINE('',#3738,#3740);
#3742=EDGE_CURVE('',#3735,#3737,#3741,.T.);
#3743=ORIENTED_EDGE('',*,*,#3742,.T.);
#3744=CARTESIAN_POINT('',(281.940348791,850.525353533,0.526508956));
#3745=VERTEX_POINT('',#3744);
#3746=CARTESIAN_POINT('',(270.724243737,857.000974805,0.526508956));
#3747=DIRECTION('',(0.866025404,-0.5,0.));
#3748=VECTOR('',#3747,12.951242545);
#3749=LINE('',#3746,#3748);
#3750=EDGE_CURVE('',#3737,#3745,#3749,.T.);
#3751=ORIENTED_EDGE('',*,*,#3750,.T.);
#3752=CARTESIAN_POINT('',(282.337211488,850.296224748,0.326508956));
#3753=DIRECTION('',(0.5,0.866025404,0.));
#3754=DIRECTION('',(-0.,0.,1.));
#3755=AXIS2_PLACEMENT_3D('',#3752,#3753,#3754);
#3756=CIRCLE('',#3755,0.5);
#3757=EDGE_CURVE('',#3745,#3664,#3756,.T.);
#3758=ORIENTED_EDGE('',*,*,#3757,.T.);
#3759=ORIENTED_EDGE('',*,*,#3670,.F.);
#3760=CARTESIAN_POINT('',(283.350791631,849.71103398,9.126508956));
#3761=VERTEX_POINT('',#3760);
#3762=CARTESIAN_POINT('',(284.853289551,848.843566401,7.326508956));
#3763=DIRECTION('',(0.5,0.866025404,0.));
#3764=DIRECTION('',(-0.,0.,1.));
#3765=AXIS2_PLACEMENT_3D('',#3762,#3763,#3764);
#3766=CIRCLE('',#3765,2.5);
#3767=EDGE_CURVE('',#3656,#3761,#3766,.T.);
#3768=ORIENTED_EDGE('',*,*,#3767,.T.);
#3769=CARTESIAN_POINT('',(283.350791631,849.71103398,9.126508956));
#3770=DIRECTION('',(-0.866025404,0.5,-0.));
#3771=VECTOR('',#3770,5.67986951);
#3772=LINE('',#3769,#3771);
#3773=EDGE_CURVE('',#3761,#3207,#3772,.T.);
#3774=ORIENTED_EDGE('',*,*,#3773,.T.);
#3775=ORIENTED_EDGE('',*,*,#3212,.T.);
#3776=ORIENTED_EDGE('',*,*,#3180,.T.);
#3777=ORIENTED_EDGE('',*,*,#3147,.T.);
#3778=CARTESIAN_POINT('',(272.542907599,855.950968735,9.126508956));
#3779=DIRECTION('',(-0.866025404,0.5,-0.));
#3780=VECTOR('',#3779,2.100012141);
#3781=LINE('',#3778,#3780);
#3782=EDGE_CURVE('',#3133,#3735,#3781,.T.);
#3783=ORIENTED_EDGE('',*,*,#3782,.T.);
#3784=EDGE_LOOP('',(#3743,#3751,#3758,#3759,#3768,#3774,#3775,#3776,#3777,#3783));
#3785=FACE_BOUND('',#3784,.T.);
#3786=ADVANCED_FACE('',(#3785),#3733,.F.);
#3787=CARTESIAN_POINT('',(268.687211488,826.653731225,0.326508956));
#3788=DIRECTION('',(0.5,0.866025404,0.));
#3789=DIRECTION('',(-0.,0.,1.));
#3790=AXIS2_PLACEMENT_3D('',#3787,#3788,#3789);
#3791=CYLINDRICAL_SURFACE('',#3790,0.5);
#3792=CARTESIAN_POINT('',(268.140348791,826.623052388,0.526508956));
#3793=VERTEX_POINT('',#3792);
#3794=CARTESIAN_POINT('',(268.537211488,826.393923604,0.326508956));
#3795=DIRECTION('',(-0.5,-0.866025404,-0.));
#3796=DIRECTION('',(-0.,0.,1.));
#3797=AXIS2_PLACEMENT_3D('',#3794,#3795,#3796);
#3798=CIRCLE('',#3797,0.5);
#3799=EDGE_CURVE('',#3673,#3793,#3798,.T.);
#3800=ORIENTED_EDGE('',*,*,#3799,.F.);
#3801=ORIENTED_EDGE('',*,*,#3678,.F.);
#3802=ORIENTED_EDGE('',*,*,#3757,.F.);
#3803=CARTESIAN_POINT('',(281.940348791,850.525353533,0.526508956));
#3804=CARTESIAN_POINT('',(281.922003048,850.535945453,0.477970682));
#3805=CARTESIAN_POINT('',(281.913274063,850.546885893,0.42711516));
#3806=CARTESIAN_POINT('',(281.914513835,850.559201193,0.375894128));
#3807=CARTESIAN_POINT('',(281.915753607,850.571516492,0.324673096));
#3808=CARTESIAN_POINT('',(281.926997358,850.58486709,0.274577394));
#3809=CARTESIAN_POINT('',(281.946176055,850.599262234,0.227828063));
#3810=CARTESIAN_POINT('',(281.965354753,850.613657377,0.181078731));
#3811=CARTESIAN_POINT('',(281.992337599,850.629013805,0.137886976));
#3812=CARTESIAN_POINT('',(282.024117262,850.644855691,0.099434754));
#3813=CARTESIAN_POINT('',(282.055896925,850.660697578,0.060982532));
#3814=CARTESIAN_POINT('',(282.092172524,850.676918748,0.027316279));
#3815=CARTESIAN_POINT('',(282.131947415,850.693691595,-0.002504363));
#3816=CARTESIAN_POINT('',(282.211497196,850.727237289,-0.062145647));
#3817=CARTESIAN_POINT('',(282.301205621,850.76147438,-0.104007223));
#3818=CARTESIAN_POINT('',(282.395888335,850.796579784,-0.132026584));
#3819=CARTESIAN_POINT('',(282.490571049,850.831685188,-0.160045946));
#3820=CARTESIAN_POINT('',(282.588383851,850.866867162,-0.173491044));
#3821=CARTESIAN_POINT('',(282.687211488,850.902442531,-0.173491044));
#3822=B_SPLINE_CURVE_WITH_KNOTS('',3,(#3803,#3804,#3805,#3806,#3807,#3808,#3809,#3810,#3811,#3812,#3813,#3814,#3815,#3816,#3817,#3818,#3819,#3820,#3821),.UNSPECIFIED.,.F.,.F.,(4,3,3,3,3,3,4),(0.,0.000156582,0.000313164,0.000469745,0.000626327,0.000939491,0.001252654),.UNSPECIFIED.);
#3823=EDGE_CURVE('',#3745,#448,#3822,.T.);
#3824=ORIENTED_EDGE('',*,*,#3823,.T.);
#3825=ORIENTED_EDGE('',*,*,#453,.F.);
#3826=CARTESIAN_POINT('',(268.187211488,825.787705821,-0.173491044));
#3827=CARTESIAN_POINT('',(268.168604804,825.891080382,-0.173491044));
#3828=CARTESIAN_POINT('',(268.150168924,825.993380108,-0.160045946));
#3829=CARTESIAN_POINT('',(268.133229739,826.092930445,-0.132026584));
#3830=CARTESIAN_POINT('',(268.116290554,826.192480783,-0.104007223));
#3831=CARTESIAN_POINT('',(268.101086532,826.287289103,-0.062145647));
#3832=CARTESIAN_POINT('',(268.090363065,826.372954082,-0.002504363));
#3833=CARTESIAN_POINT('',(268.085001331,826.415786572,0.027316279));
#3834=CARTESIAN_POINT('',(268.080911477,826.455312747,0.060982532));
#3835=CARTESIAN_POINT('',(268.078741121,826.490755685,0.099434754));
#3836=CARTESIAN_POINT('',(268.076570766,826.526198624,0.137886976));
#3837=CARTESIAN_POINT('',(268.076378399,826.557244668,0.181078731));
#3838=CARTESIAN_POINT('',(268.079255611,826.581051479,0.227828063));
#3839=CARTESIAN_POINT('',(268.082132822,826.60485829,0.274577394));
#3840=CARTESIAN_POINT('',(268.088072903,826.621270963,0.324673096));
#3841=CARTESIAN_POINT('',(268.09811838,826.628502286,0.375894128));
#3842=CARTESIAN_POINT('',(268.108163856,826.63573361,0.42711516));
#3843=CARTESIAN_POINT('',(268.122003048,826.633644308,0.477970682));
#3844=CARTESIAN_POINT('',(268.140348791,826.623052388,0.526508956));
#3845=B_SPLINE_CURVE_WITH_KNOTS('',3,(#3826,#3827,#3828,#3829,#3830,#3831,#3832,#3833,#3834,#3835,#3836,#3837,#3838,#3839,#3840,#3841,#3842,#3843,#3844),.UNSPECIFIED.,.F.,.F.,(4,3,3,3,3,3,4),(0.,0.000313164,0.000626327,0.000782909,0.000939491,0.001096073,0.001252654),.UNSPECIFIED.);
#3846=EDGE_CURVE('',#440,#3793,#3845,.T.);
#3847=ORIENTED_EDGE('',*,*,#3846,.T.);
#3848=EDGE_LOOP('',(#3800,#3801,#3802,#3824,#3825,#3847));
#3849=FACE_BOUND('',#3848,.T.);
#3850=ADVANCED_FACE('',(#3849),#3791,.T.);
#3851=CARTESIAN_POINT('',(330.007232922,790.904190181,-112.273491044));
#3852=DIRECTION('',(0.5,0.866025404,0.));
#3853=DIRECTION('',(-0.866025404,0.5,-0.));
#3854=AXIS2_PLACEMENT_3D('',#3851,#3852,#3853);
#3855=PLANE('',#3854);
#3856=ORIENTED_EDGE('',*,*,#3799,.T.);
#3857=CARTESIAN_POINT('',(256.924243737,833.098673661,0.526508956));
#3858=VERTEX_POINT('',#3857);
#3859=CARTESIAN_POINT('',(268.140348791,826.623052388,0.526508956));
#3860=DIRECTION('',(-0.866025404,0.5,-0.));
#3861=VECTOR('',#3860,12.951242545);
#3862=LINE('',#3859,#3861);
#3863=EDGE_CURVE('',#3793,#3858,#3862,.T.);
#3864=ORIENTED_EDGE('',*,*,#3863,.T.);
#3865=CARTESIAN_POINT('',(256.924243737,833.098673661,9.127833628));
#3866=VERTEX_POINT('',#3865);
#3867=CARTESIAN_POINT('',(256.924243737,833.098673661,0.526508956));
#3868=DIRECTION('',(-0.,0.,1.));
#3869=VECTOR('',#3868,8.601324672);
#3870=LINE('',#3867,#3869);
#3871=EDGE_CURVE('',#3858,#3866,#3870,.T.);
#3872=ORIENTED_EDGE('',*,*,#3871,.T.);
#3873=CARTESIAN_POINT('',(256.924243742,833.098673658,9.127833718));
#3874=CARTESIAN_POINT('',(257.530489202,832.748657678,9.128931694));
#3875=CARTESIAN_POINT('',(258.136698521,832.398662565,9.129743484));
#3876=CARTESIAN_POINT('',(258.742907599,832.04866759,9.128664457));
#3877=B_SPLINE_CURVE_WITH_KNOTS('',3,(#3873,#3874,#3875,#3876),.UNSPECIFIED.,.F.,.F.,(4,4),(0.06118431,0.06328197),.UNSPECIFIED.);
#3878=EDGE_CURVE('',#3866,#3281,#3877,.T.);
#3879=ORIENTED_EDGE('',*,*,#3878,.T.);
#3880=ORIENTED_EDGE('',*,*,#3311,.T.);
#3881=ORIENTED_EDGE('',*,*,#3270,.T.);
#3882=ORIENTED_EDGE('',*,*,#3343,.T.);
#3883=CARTESIAN_POINT('',(269.433437674,825.876487173,9.148458177));
#3884=VERTEX_POINT('',#3883);
#3885=CARTESIAN_POINT('',(264.631880398,828.64866756,9.129016043));
#3886=CARTESIAN_POINT('',(265.032135179,828.417580354,9.130379138));
#3887=CARTESIAN_POINT('',(265.432395407,828.186490003,9.132045938));
#3888=CARTESIAN_POINT('',(265.832631149,827.95541379,9.132347445));
#3889=CARTESIAN_POINT('',(266.232866892,827.724337577,9.132648953));
#3890=CARTESIAN_POINT('',(266.63306866,827.493280978,9.131056178));
#3891=CARTESIAN_POINT('',(267.033274082,827.26222227,9.129667135));
#3892=CARTESIAN_POINT('',(267.833684927,826.800104853,9.126889049));
#3893=CARTESIAN_POINT('',(268.63438379,826.337821149,9.126541495));
#3894=CARTESIAN_POINT('',(269.433437677,825.876487172,9.148458137));
#3895=B_SPLINE_CURVE_WITH_KNOTS('',3,(#3885,#3886,#3887,#3888,#3889,#3890,#3891,#3892,#3893,#3894),.UNSPECIFIED.,.F.,.F.,(4,3,3,4),(0.136891918,0.138278936,0.139665953,0.142439987),.UNSPECIFIED.);
#3896=EDGE_CURVE('',#3331,#3884,#3895,.T.);
#3897=ORIENTED_EDGE('',*,*,#3896,.T.);
#3898=CARTESIAN_POINT('',(269.433437674,825.876487173,9.148458177));
#3899=CARTESIAN_POINT('',(269.312262899,825.946447462,8.996163455));
#3900=CARTESIAN_POINT('',(269.209731804,826.005643818,8.829939678));
#3901=CARTESIAN_POINT('',(269.125198458,826.054449168,8.650269432));
#3902=CARTESIAN_POINT('',(269.082931785,826.078851843,8.560434309));
#3903=CARTESIAN_POINT('',(269.045011576,826.100745086,8.466556043));
#3904=CARTESIAN_POINT('',(269.012417374,826.119563357,8.370776117));
#3905=CARTESIAN_POINT('',(268.979823172,826.138381628,8.27499619));
#3906=CARTESIAN_POINT('',(268.95259949,826.154099229,8.177718168));
#3907=CARTESIAN_POINT('',(268.930595103,826.166803467,8.078984235));
#3908=CARTESIAN_POINT('',(268.908590716,826.179507706,7.980250301));
#3909=CARTESIAN_POINT('',(268.891806098,826.18919831,7.880060323));
#3910=CARTESIAN_POINT('',(268.880328631,826.195824829,7.778389926));
#3911=CARTESIAN_POINT('',(268.868851164,826.202451347,7.676719529));
#3912=CARTESIAN_POINT('',(268.86273185,826.205984335,7.573049243));
#3913=CARTESIAN_POINT('',(268.862162832,826.206312858,7.47043729));
#3914=CARTESIAN_POINT('',(268.861024795,826.206969904,7.265213384));
#3915=CARTESIAN_POINT('',(268.88139458,826.195209402,7.062109384));
#3916=CARTESIAN_POINT('',(268.923767598,826.170745329,6.861174118));
#3917=B_SPLINE_CURVE_WITH_KNOTS('',3,(#3898,#3899,#3900,#3901,#3902,#3903,#3904,#3905,#3906,#3907,#3908,#3909,#3910,#3911,#3912,#3913,#3914,#3915,#3916),.UNSPECIFIED.,.F.,.F.,(4,3,3,3,3,3,4),(0.,0.00061162,0.00091743,0.00122324,0.00152905,0.00183486,0.00244648),.UNSPECIFIED.);
#3918=EDGE_CURVE('',#3884,#3681,#3917,.T.);
#3919=ORIENTED_EDGE('',*,*,#3918,.T.);
#3920=ORIENTED_EDGE('',*,*,#3687,.T.);
#3921=EDGE_LOOP('',(#3856,#3864,#3872,#3879,#3880,#3881,#3882,#3897,#3919,#3920));
#3922=FACE_BOUND('',#3921,.T.);
#3923=ADVANCED_FACE('',(#3922),#3855,.T.);
#3924=CARTESIAN_POINT('',(256.573514907,832.493389206,9.827832627));
#3925=CARTESIAN_POINT('',(256.619311372,832.572710826,9.827774548));
#3926=CARTESIAN_POINT('',(256.6651088,832.651977015,9.809512282));
#3927=CARTESIAN_POINT('',(256.749808148,832.79846045,9.739329808));
#3928=CARTESIAN_POINT('',(256.788676796,832.865620155,9.687437171));
#3929=CARTESIAN_POINT('',(256.853598131,832.977660783,9.557864512));
#3930=CARTESIAN_POINT('',(256.879625315,833.022497695,9.480235391));
#3931=CARTESIAN_POINT('',(256.91489283,833.083051941,9.310983089));
#3932=CARTESIAN_POINT('',(256.924119306,833.098745487,9.219426395));
#3933=CARTESIAN_POINT('',(256.924243713,833.098673675,9.127833718));
#3934=CARTESIAN_POINT('',(257.17980598,832.143653285,9.828930277));
#3935=CARTESIAN_POINT('',(257.225591433,832.222955705,9.828837492));
#3936=CARTESIAN_POINT('',(257.271376674,832.30219546,9.81054944));
#3937=CARTESIAN_POINT('',(257.356054393,832.448621174,9.740335821));
#3938=CARTESIAN_POINT('',(257.394913639,832.51574967,9.688437808));
#3939=CARTESIAN_POINT('',(257.459823172,832.627732658,9.558871918));
#3940=CARTESIAN_POINT('',(257.485847986,832.672543203,9.481254887));
#3941=CARTESIAN_POINT('',(257.521120028,832.733056779,9.312036843));
#3942=CARTESIAN_POINT('',(257.530353414,832.748736062,9.220502238));
#3943=CARTESIAN_POINT('',(257.530489183,832.748657689,9.128931694));
#3944=CARTESIAN_POINT('',(257.787068378,831.792835317,9.829743594));
#3945=CARTESIAN_POINT('',(257.832861447,831.872151238,9.829675147));
#3946=CARTESIAN_POINT('',(257.878626913,831.951425858,9.811405146));
#3947=CARTESIAN_POINT('',(257.96321099,832.097954834,9.741213243));
#3948=CARTESIAN_POINT('',(258.001996386,832.165151646,9.689318908));
#3949=CARTESIAN_POINT('',(258.066713346,832.277291007,9.559748037));
#3950=CARTESIAN_POINT('',(258.092619496,832.322189518,9.482122385));
#3951=CARTESIAN_POINT('',(258.127626029,832.382883106,9.31288));
#3952=CARTESIAN_POINT('',(258.136712665,832.398654347,9.22132973));
#3953=CARTESIAN_POINT('',(258.136698511,832.39866257,9.129743484));
#3954=CARTESIAN_POINT('',(258.394140343,831.442426418,9.828663034));
#3955=CARTESIAN_POINT('',(258.439930263,831.521737126,9.828585045));
#3956=CARTESIAN_POINT('',(258.485670155,831.601017305,9.810307992));
#3957=CARTESIAN_POINT('',(258.570162985,831.747579653,9.740107672));
#3958=CARTESIAN_POINT('',(258.608882749,831.814804282,9.688211966));
#3959=CARTESIAN_POINT('',(258.673439073,831.927018662,9.558643223));
#3960=CARTESIAN_POINT('',(258.699250287,831.971964357,9.481021056));
#3961=CARTESIAN_POINT('',(258.734052513,832.032765438,9.311788439));
#3962=CARTESIAN_POINT('',(258.743029861,832.048596951,9.22024443));
#3963=CARTESIAN_POINT('',(258.742907599,832.04866759,9.128664457));
#3964=B_SPLINE_SURFACE_WITH_KNOTS('',3,3,((#3924,#3925,#3926,#3927,#3928,#3929,#3930,#3931,#3932,#3933),(#3934,#3935,#3936,#3937,#3938,#3939,#3940,#3941,#3942,#3943),(#3944,#3945,#3946,#3947,#3948,#3949,#3950,#3951,#3952,#3953),(#3954,#3955,#3956,#3957,#3958,#3959,#3960,#3961,#3962,#3963)),.UNSPECIFIED.,.F.,.F.,.U.,(4,4),(4,2,2,2,4),(0.06118431,0.06328197),(0.,0.25,0.5,0.75,1.),.UNSPECIFIED.);
#3965=ORIENTED_EDGE('',*,*,#3878,.F.);
#3966=CARTESIAN_POINT('',(256.574243737,832.492455878,9.127833628));
#3967=DIRECTION('',(0.866024339,-0.499999385,0.001568463));
#3968=DIRECTION('',(0.5,0.866025404,-0.));
#3969=AXIS2_PLACEMENT_3D('',#3966,#3967,#3968);
#3970=CIRCLE('',#3969,0.7);
#3971=EDGE_CURVE('',#3866,#1370,#3970,.T.);
#3972=ORIENTED_EDGE('',*,*,#3971,.T.);
#3973=ORIENTED_EDGE('',*,*,#1376,.F.);
#3974=ORIENTED_EDGE('',*,*,#3397,.F.);
#3975=EDGE_LOOP('',(#3965,#3972,#3973,#3974));
#3976=FACE_BOUND('',#3975,.T.);
#3977=ADVANCED_FACE('',(#3976),#3964,.T.);
#3978=CARTESIAN_POINT('',(255.149123522,824.4240553,9.126354612));
#3979=CARTESIAN_POINT('',(255.149317064,824.423936765,9.217963072));
#3980=CARTESIAN_POINT('',(255.133740845,824.432922905,9.309580973));
#3981=CARTESIAN_POINT('',(255.073346306,824.46777913,9.479160496));
#3982=CARTESIAN_POINT('',(255.028507564,824.493661014,9.557034072));
#3983=CARTESIAN_POINT('',(254.916368321,824.55839499,9.687053138));
#3984=CARTESIAN_POINT('',(254.84911217,824.597221482,9.739147209));
#3985=CARTESIAN_POINT('',(254.702389629,824.681926546,9.809632687));
#3986=CARTESIAN_POINT('',(254.622981266,824.727771621,9.827996219));
#3987=CARTESIAN_POINT('',(254.543525357,824.7736455,9.828093122));
#3988=CARTESIAN_POINT('',(255.249513945,824.597936612,9.126361576));
#3989=CARTESIAN_POINT('',(255.249703517,824.59781134,9.217955716));
#3990=CARTESIAN_POINT('',(255.234128317,824.606787862,9.309559303));
#3991=CARTESIAN_POINT('',(255.173744938,824.641620931,9.479116568));
#3992=CARTESIAN_POINT('',(255.128916329,824.667489289,9.556982261));
#3993=CARTESIAN_POINT('',(255.016802854,824.732195573,9.686996858));
#3994=CARTESIAN_POINT('',(254.949562298,824.771007926,9.739094374));
#3995=CARTESIAN_POINT('',(254.802870909,824.855688056,9.809599992));
#3996=CARTESIAN_POINT('',(254.723478053,824.901522365,9.827980227));
#3997=CARTESIAN_POINT('',(254.64403458,824.947389053,9.828099628));
#3998=CARTESIAN_POINT('',(255.349904381,824.771817946,9.126386346));
#3999=CARTESIAN_POINT('',(255.350087867,824.771682298,9.217963587));
#4000=CARTESIAN_POINT('',(255.334512467,824.780645045,9.309550284));
#4001=CARTESIAN_POINT('',(255.274139656,824.8154463,9.479081283));
#4002=CARTESIAN_POINT('',(255.22932181,824.841296636,9.556937672));
#4003=CARTESIAN_POINT('',(255.117236743,824.905966802,9.686946983));
#4004=CARTESIAN_POINT('',(255.050013788,824.94476109,9.739048558));
#4005=CARTESIAN_POINT('',(254.903358076,825.029409927,9.80957792));
#4006=CARTESIAN_POINT('',(254.823983239,825.075231044,9.827977852));
#4007=CARTESIAN_POINT('',(254.744554443,825.121089237,9.828123787));
#4008=CARTESIAN_POINT('',(255.686879151,825.355475363,9.12665296));
#4009=CARTESIAN_POINT('',(255.687045032,825.355309825,9.218169321));
#4010=CARTESIAN_POINT('',(255.671473226,825.364230437,9.309695165));
#4011=CARTESIAN_POINT('',(255.611146457,825.398930949,9.479131512));
#4012=CARTESIAN_POINT('',(255.566371036,825.424722726,9.556954357));
#4013=CARTESIAN_POINT('',(255.4543944,825.489273385,9.68694455));
#4014=CARTESIAN_POINT('',(255.387237292,825.528006839,9.739060695));
#4015=CARTESIAN_POINT('',(255.240713414,825.612548636,9.809675474));
#4016=CARTESIAN_POINT('',(255.161404359,825.658323677,9.828146294));
#4017=CARTESIAN_POINT('',(255.08202846,825.70415121,9.828387753));
#4018=CARTESIAN_POINT('',(255.923463409,825.765251313,9.127169076));
#4019=CARTESIAN_POINT('',(255.923599909,825.765035505,9.21862288));
#4020=CARTESIAN_POINT('',(255.908020466,825.773893287,9.310086194));
#4021=CARTESIAN_POINT('',(255.847719964,825.808454123,9.479425217));
#4022=CARTESIAN_POINT('',(255.802978435,825.834169126,9.55721353));
#4023=CARTESIAN_POINT('',(255.691096966,825.898569216,9.687183853));
#4024=CARTESIAN_POINT('',(255.624000975,825.937229004,9.739314806));
#4025=CARTESIAN_POINT('',(255.477603681,826.021645591,9.810016949));
#4026=CARTESIAN_POINT('',(255.398359888,826.067369227,9.828560366));
#4027=CARTESIAN_POINT('',(255.319038327,826.11316503,9.828899731));
#4028=CARTESIAN_POINT('',(256.633213948,826.9945753,9.128626834));
#4029=CARTESIAN_POINT('',(256.633387378,826.994424223,9.220002959));
#4030=CARTESIAN_POINT('',(256.617871911,827.00333113,9.311388629));
#4031=CARTESIAN_POINT('',(256.557740107,827.037953886,9.480606813));
#4032=CARTESIAN_POINT('',(256.513103216,827.06368165,9.558352256));
#4033=CARTESIAN_POINT('',(256.401444533,827.128075333,9.688297946));
#4034=CARTESIAN_POINT('',(256.334466455,827.166716042,9.74044732));
#4035=CARTESIAN_POINT('',(256.188283496,827.251075262,9.811258051));
#4036=CARTESIAN_POINT('',(256.109135845,827.296760746,9.829891686));
#4037=CARTESIAN_POINT('',(256.029882255,827.342517519,9.830352729));
#4038=CARTESIAN_POINT('',(257.106379857,827.814122701,9.127653531));
#4039=CARTESIAN_POINT('',(257.106649419,827.814137225,9.219132175));
#4040=CARTESIAN_POINT('',(257.091194406,827.823230354,9.310620308));
#4041=CARTESIAN_POINT('',(257.031108197,827.858236181,9.479997939));
#4042=CARTESIAN_POINT('',(256.986456419,827.884160599,9.557799936));
#4043=CARTESIAN_POINT('',(256.874709541,827.948919405,9.687778082));
#4044=CARTESIAN_POINT('',(256.807658384,827.987728327,9.739903114));
#4045=CARTESIAN_POINT('',(256.661304433,828.072357167,9.810570471));
#4046=CARTESIAN_POINT('',(256.582059193,828.118143805,9.829085005));
#4047=CARTESIAN_POINT('',(256.50271634,828.163952912,9.829385425));
#4048=CARTESIAN_POINT('',(257.816130682,829.043447201,9.126181723));
#4049=CARTESIAN_POINT('',(257.816361229,829.043393194,9.217757073));
#4050=CARTESIAN_POINT('',(257.800833548,829.052437211,9.309341869));
#4051=CARTESIAN_POINT('',(257.740550278,829.0873882,9.478869885));
#4052=CARTESIAN_POINT('',(257.695774208,829.113306919,9.556725199));
#4053=CARTESIAN_POINT('',(257.583760053,829.178090602,9.68673383));
#4054=CARTESIAN_POINT('',(257.516566203,829.216929982,9.738835805));
#4055=CARTESIAN_POINT('',(257.369951193,829.301639092,9.8093677));
#4056=CARTESIAN_POINT('',(257.290587932,829.347475369,9.827769767));
#4057=CARTESIAN_POINT('',(257.211160821,829.393332742,9.827918599));
#4058=CARTESIAN_POINT('',(258.052717716,829.453227965,9.125834532));
#4059=CARTESIAN_POINT('',(258.052932865,829.453147114,9.217433189));
#4060=CARTESIAN_POINT('',(258.037381678,829.462168965,9.309041276));
#4061=CARTESIAN_POINT('',(257.977039837,829.497087618,9.478605507));
#4062=CARTESIAN_POINT('',(257.932228732,829.522996186,9.556473648));
#4063=CARTESIAN_POINT('',(257.820141707,829.587771214,9.686489564));
#4064=CARTESIAN_POINT('',(257.752910097,829.626612067,9.738585943));
#4065=CARTESIAN_POINT('',(257.606227663,829.711332592,9.809085107));
#4066=CARTESIAN_POINT('',(257.526834825,829.757178771,9.827460023));
#4067=CARTESIAN_POINT('',(257.447387484,829.803047774,9.827572282));
#4068=CARTESIAN_POINT('',(258.525918384,830.272835564,9.12623211));
#4069=CARTESIAN_POINT('',(258.52605742,830.272623009,9.217817673));
#4070=CARTESIAN_POINT('',(258.510434652,830.281510521,9.309412671));
#4071=CARTESIAN_POINT('',(258.44996875,830.316175641,9.478956529));
#4072=CARTESIAN_POINT('',(258.40510523,830.341965146,9.556817441));
#4073=CARTESIAN_POINT('',(258.292938734,830.40653672,9.686829192));
#4074=CARTESIAN_POINT('',(258.225680073,830.445293276,9.738928666));
#4075=CARTESIAN_POINT('',(258.078970172,830.52989443,9.809446096));
#4076=CARTESIAN_POINT('',(257.999576894,830.575705602,9.827836191));
#4077=CARTESIAN_POINT('',(257.920140772,830.621567882,9.827968915));
#4078=CARTESIAN_POINT('',(258.7625395,830.682675347,9.12733156));
#4079=CARTESIAN_POINT('',(258.762665572,830.682440905,9.218915859));
#4080=CARTESIAN_POINT('',(258.747030347,830.691306232,9.310509539));
#4081=CARTESIAN_POINT('',(258.686542324,830.725929734,9.48005128));
#4082=CARTESIAN_POINT('',(258.641669152,830.751699828,9.557911398));
#4083=CARTESIAN_POINT('',(258.52948743,830.816238453,9.687922578));
#4084=CARTESIAN_POINT('',(258.462223199,830.854981489,9.740022278));
#4085=CARTESIAN_POINT('',(258.315506766,830.939563727,9.810541393));
#4086=CARTESIAN_POINT('',(258.236112526,830.985369514,9.828932949));
#4087=CARTESIAN_POINT('',(258.156677632,831.031230996,9.829067686));
#4088=CARTESIAN_POINT('',(258.999122843,831.092449717,9.126928489));
#4089=CARTESIAN_POINT('',(258.999357777,831.092403869,9.21850849));
#4090=CARTESIAN_POINT('',(258.983832857,831.101456983,9.310097874));
#4091=CARTESIAN_POINT('',(258.923551676,831.136426549,9.479632879));
#4092=CARTESIAN_POINT('',(258.878774933,831.162354741,9.557490574));
#4093=CARTESIAN_POINT('',(258.766756774,831.227155899,9.687500204));
#4094=CARTESIAN_POINT('',(258.699559603,831.26600327,9.739600785));
#4095=CARTESIAN_POINT('',(258.552936833,831.350725079,9.810125534));
#4096=CARTESIAN_POINT('',(258.473569147,831.396566051,9.828521846));
#4097=CARTESIAN_POINT('',(258.394138,831.442425765,9.828663038));
#4098=B_SPLINE_SURFACE_WITH_KNOTS('',3,3,((#3978,#3979,#3980,#3981,#3982,#3983,#3984,#3985,#3986,#3987),(#3988,#3989,#3990,#3991,#3992,#3993,#3994,#3995,#3996,#3997),(#3998,#3999,#4000,#4001,#4002,#4003,#4004,#4005,#4006,#4007),(#4008,#4009,#4010,#4011,#4012,#4013,#4014,#4015,#4016,#4017),(#4018,#4019,#4020,#4021,#4022,#4023,#4024,#4025,#4026,#4027),(#4028,#4029,#4030,#4031,#4032,#4033,#4034,#4035,#4036,#4037),(#4038,#4039,#4040,#4041,#4042,#4043,#4044,#4045,#4046,#4047),(#4048,#4049,#4050,#4051,#4052,#4053,#4054,#4055,#4056,#4057),(#4058,#4059,#4060,#4061,#4062,#4063,#4064,#4065,#4066,#4067),(#4068,#4069,#4070,#4071,#4072,#4073,#4074,#4075,#4076,#4077),(#4078,#4079,#4080,#4081,#4082,#4083,#4084,#4085,#4086,#4087),(#4088,#4089,#4090,#4091,#4092,#4093,#4094,#4095,#4096,#4097)),.UNSPECIFIED.,.F.,.F.,.U.,(4,2,2,2,2,4),(4,2,2,2,4),(0.083148692,0.083751035,0.085170544,0.088009562,0.089429071,0.09084858),(-0.001582509,0.24852854,0.499019026,0.749509513,1.),.UNSPECIFIED.);
#4099=CARTESIAN_POINT('',(258.392907599,831.442449808,9.12866412));
#4100=DIRECTION('',(0.499999819,0.866025089,-0.000852034));
#4101=DIRECTION('',(-0.866025404,0.5,-0.));
#4102=AXIS2_PLACEMENT_3D('',#4099,#4100,#4101);
#4103=CIRCLE('',#4102,0.7);
#4104=EDGE_CURVE('',#1352,#3292,#4103,.T.);
#4105=ORIENTED_EDGE('',*,*,#4104,.F.);
#4106=ORIENTED_EDGE('',*,*,#1367,.F.);
#4107=CARTESIAN_POINT('',(255.499123163,825.03027244,9.126509505));
#4108=CARTESIAN_POINT('',(255.49944641,825.030271947,9.239526582));
#4109=CARTESIAN_POINT('',(255.461269601,825.019958704,9.348155998));
#4110=CARTESIAN_POINT('',(255.399080392,825.003223791,9.439690946));
#4111=CARTESIAN_POINT('',(255.336891184,824.986488878,9.531225894));
#4112=CARTESIAN_POINT('',(255.253150264,824.963992173,9.60499708));
#4113=CARTESIAN_POINT('',(255.160540887,824.939131588,9.662362198));
#4114=CARTESIAN_POINT('',(255.067931511,824.914271003,9.719727316));
#4115=CARTESIAN_POINT('',(254.968243815,824.887526613,9.760194951));
#4116=CARTESIAN_POINT('',(254.863325482,824.8593917,9.787535201));
#4117=CARTESIAN_POINT('',(254.758407148,824.831256786,9.81487545));
#4118=CARTESIAN_POINT('',(254.651707473,824.802655785,9.82799149));
#4119=CARTESIAN_POINT('',(254.543519807,824.773666053,9.828070036));
#4120=B_SPLINE_CURVE_WITH_KNOTS('',3,(#4107,#4108,#4109,#4110,#4111,#4112,#4113,#4114,#4115,#4116,#4117,#4118,#4119),.UNSPECIFIED.,.F.,.F.,(4,3,3,3,4),(0.001318491,0.00164978,0.001981068,0.002312356,0.002643644),.UNSPECIFIED.);
#4121=EDGE_CURVE('',#3363,#1340,#4120,.T.);
#4122=ORIENTED_EDGE('',*,*,#4121,.F.);
#4123=ORIENTED_EDGE('',*,*,#3368,.F.);
#4124=EDGE_LOOP('',(#4105,#4106,#4122,#4123));
#4125=FACE_BOUND('',#4124,.T.);
#4126=ADVANCED_FACE('',(#4125),#4098,.T.);
#4127=CARTESIAN_POINT('',(254.543519721,824.773666091,9.828070073));
#4128=CARTESIAN_POINT('',(254.589377513,824.853094109,9.828074011));
#4129=CARTESIAN_POINT('',(254.63520123,824.93250088,9.809824276));
#4130=CARTESIAN_POINT('',(254.719861024,825.079281317,9.739573219));
#4131=CARTESIAN_POINT('',(254.758663666,825.146597015,9.68759964));
#4132=CARTESIAN_POINT('',(254.82335515,825.258914539,9.557804516));
#4133=CARTESIAN_POINT('',(254.849218442,825.303872007,9.480034231));
#4134=CARTESIAN_POINT('',(254.88407471,825.364595672,9.310491713));
#4135=CARTESIAN_POINT('',(254.89305392,825.380337887,9.218786437));
#4136=CARTESIAN_POINT('',(254.892906264,825.380271928,9.127071002));
#4137=CARTESIAN_POINT('',(255.009747172,824.505042613,9.827515104));
#4138=CARTESIAN_POINT('',(255.055584933,824.584436068,9.827456283));
#4139=CARTESIAN_POINT('',(255.101387562,824.663794554,9.809159908));
#4140=CARTESIAN_POINT('',(255.186012141,824.81046848,9.738852498));
#4141=CARTESIAN_POINT('',(255.224800728,824.877726093,9.686869181));
#4142=CARTESIAN_POINT('',(255.289478318,824.989935216,9.557086248));
#4143=CARTESIAN_POINT('',(255.315341822,825.034842488,9.479337796));
#4144=CARTESIAN_POINT('',(255.350216122,825.095487128,9.309857129));
#4145=CARTESIAN_POINT('',(255.359213169,825.111200587,9.218191728));
#4146=CARTESIAN_POINT('',(255.359091403,825.111119813,9.126516214));
#4147=CARTESIAN_POINT('',(255.475813849,824.236290197,9.827281511));
#4148=CARTESIAN_POINT('',(255.521639647,824.31566286,9.827185167));
#4149=CARTESIAN_POINT('',(255.56743357,824.394990121,9.808860925));
#4150=CARTESIAN_POINT('',(255.652052086,824.541591537,9.738519885));
#4151=CARTESIAN_POINT('',(255.690843354,824.608807956,9.68653079));
#4152=CARTESIAN_POINT('',(255.755540309,824.720936191,9.556755238));
#4153=CARTESIAN_POINT('',(255.781420516,824.765803847,9.479019893));
#4154=CARTESIAN_POINT('',(255.816341735,824.826380336,9.309576308));
#4155=CARTESIAN_POINT('',(255.825368994,824.842065312,9.217934801));
#4156=CARTESIAN_POINT('',(255.825282261,824.841964396,9.126283204));
#4157=CARTESIAN_POINT('',(256.887330546,823.421449452,9.827114541));
#4158=CARTESIAN_POINT('',(256.933152812,823.500815899,9.827007002));
#4159=CARTESIAN_POINT('',(256.978950063,823.58013043,9.808674445));
#4160=CARTESIAN_POINT('',(257.063589507,823.7266971,9.738323366));
#4161=CARTESIAN_POINT('',(257.102398376,823.793891534,9.686332543));
#4162=CARTESIAN_POINT('',(257.167143044,823.905971433,9.556559186));
#4163=CARTESIAN_POINT('',(257.193053351,823.95081277,9.478827746));
#4164=CARTESIAN_POINT('',(257.228043316,824.01133732,9.309395216));
#4165=CARTESIAN_POINT('',(257.237109197,824.026996702,9.217760833));
#4166=CARTESIAN_POINT('',(257.237062528,824.026872679,9.126116369));
#4167=CARTESIAN_POINT('',(257.832899068,822.874837845,9.827220584));
#4168=CARTESIAN_POINT('',(257.87874616,822.954247351,9.827190963));
#4169=CARTESIAN_POINT('',(257.924568766,823.033622412,9.808916288));
#4170=CARTESIAN_POINT('',(258.009248838,823.180323279,9.738635094));
#4171=CARTESIAN_POINT('',(258.048072892,823.247591203,9.686656305));
#4172=CARTESIAN_POINT('',(258.112829182,823.359809043,9.55686769));
#4173=CARTESIAN_POINT('',(258.138735867,823.404714682,9.479109073));
#4174=CARTESIAN_POINT('',(258.17369613,823.465341628,9.309599609));
#4175=CARTESIAN_POINT('',(258.182735913,823.481039014,9.217915643));
#4176=CARTESIAN_POINT('',(258.182653145,823.480935681,9.126221539));
#4177=CARTESIAN_POINT('',(259.329713012,822.010470156,9.82669577));
#4178=CARTESIAN_POINT('',(259.375566673,822.089891033,9.826686766));
#4179=CARTESIAN_POINT('',(259.42139575,822.16928223,9.808427412));
#4180=CARTESIAN_POINT('',(259.506085653,822.316019108,9.738164723));
#4181=CARTESIAN_POINT('',(259.544913044,822.38330686,9.686189126));
#4182=CARTESIAN_POINT('',(259.609670708,822.495562164,9.55639649));
#4183=CARTESIAN_POINT('',(259.635575414,822.540485399,9.478630691));
#4184=CARTESIAN_POINT('',(259.670525593,822.601140712,9.309100887));
#4185=CARTESIAN_POINT('',(259.679557267,822.616848845,9.217403811));
#4186=CARTESIAN_POINT('',(259.679463743,822.616751679,9.125696581));
#4187=CARTESIAN_POINT('',(259.880836547,821.692451578,9.826583515));
#4188=CARTESIAN_POINT('',(259.926683998,821.771861671,9.826554916));
#4189=CARTESIAN_POINT('',(259.97250977,821.851235931,9.808280988));
#4190=CARTESIAN_POINT('',(260.057201205,821.997932369,9.738000664));
#4191=CARTESIAN_POINT('',(260.096033452,822.065196665,9.686021999));
#4192=CARTESIAN_POINT('',(260.160809829,822.177404817,9.556233103));
#4193=CARTESIAN_POINT('',(260.186728401,822.222304399,9.478474084));
#4194=CARTESIAN_POINT('',(260.221714269,822.28291762,9.308963525));
#4195=CARTESIAN_POINT('',(260.230767762,822.298607342,9.217278868));
#4196=CARTESIAN_POINT('',(260.230698567,822.298496105,9.125584084));
#4197=CARTESIAN_POINT('',(260.432028628,821.374465575,9.826635951));
#4198=CARTESIAN_POINT('',(260.477867254,821.453860351,9.826579588));
#4199=CARTESIAN_POINT('',(260.523685464,821.533212231,9.808285022));
#4200=CARTESIAN_POINT('',(260.608368048,821.679857663,9.737979752));
#4201=CARTESIAN_POINT('',(260.647199034,821.747093397,9.685996767));
#4202=CARTESIAN_POINT('',(260.711981613,821.859246439,9.556213238));
#4203=CARTESIAN_POINT('',(260.737907665,821.904119529,9.478463863));
#4204=CARTESIAN_POINT('',(260.772917598,821.964688436,9.308980642));
#4205=CARTESIAN_POINT('',(260.781987677,821.980360373,9.217313617));
#4206=CARTESIAN_POINT('',(260.781938625,821.980237508,9.125636495));
#4207=B_SPLINE_SURFACE_WITH_KNOTS('',3,3,((#4127,#4128,#4129,#4130,#4131,#4132,#4133,#4134,#4135,#4136),(#4137,#4138,#4139,#4140,#4141,#4142,#4143,#4144,#4145,#4146),(#4147,#4148,#4149,#4150,#4151,#4152,#4153,#4154,#4155,#4156),(#4157,#4158,#4159,#4160,#4161,#4162,#4163,#4164,#4165,#4166),(#4167,#4168,#4169,#4170,#4171,#4172,#4173,#4174,#4175,#4176),(#4177,#4178,#4179,#4180,#4181,#4182,#4183,#4184,#4185,#4186),(#4187,#4188,#4189,#4190,#4191,#4192,#4193,#4194,#4195,#4196),(#4197,#4198,#4199,#4200,#4201,#4202,#4203,#4204,#4205,#4206)),.UNSPECIFIED.,.F.,.F.,.U.,(4,2,2,4),(4,2,2,2,4),(0.149341884,0.150959847,0.154241583,0.156154695),(0.,0.250227226,0.500454451,0.750681677,1.000908903),.UNSPECIFIED.);
#4208=ORIENTED_EDGE('',*,*,#4121,.T.);
#4209=ORIENTED_EDGE('',*,*,#1349,.F.);
#4210=CARTESIAN_POINT('',(260.175662601,822.330271958,9.126508965));
#4211=CARTESIAN_POINT('',(260.175700527,822.330256514,9.239408102));
#4212=CARTESIAN_POINT('',(260.186025008,822.291846991,9.34781193));
#4213=CARTESIAN_POINT('',(260.202743811,822.229563826,9.439127769));
#4214=CARTESIAN_POINT('',(260.219462615,822.167280662,9.530443608));
#4215=CARTESIAN_POINT('',(260.241920857,822.083566281,9.604021761));
#4216=CARTESIAN_POINT('',(260.266753202,821.990978641,9.661258013));
#4217=CARTESIAN_POINT('',(260.291585547,821.898391,9.718494264));
#4218=CARTESIAN_POINT('',(260.318274301,821.798857276,9.758835989));
#4219=CARTESIAN_POINT('',(260.346385767,821.694006323,9.786103938));
#4220=CARTESIAN_POINT('',(260.374497234,821.58915537,9.813371888));
#4221=CARTESIAN_POINT('',(260.403073553,821.4825491,9.826447084));
#4222=CARTESIAN_POINT('',(260.432033985,821.374474833,9.826506147));
#4223=B_SPLINE_CURVE_WITH_KNOTS('',3,(#4210,#4211,#4212,#4213,#4214,#4215,#4216,#4217,#4218,#4219,#4220,#4221,#4222),.UNSPECIFIED.,.F.,.F.,(4,3,3,3,4),(0.00131987,0.001650809,0.001981748,0.002312687,0.002643626),.UNSPECIFIED.);
#4224=EDGE_CURVE('',#3409,#1325,#4223,.T.);
#4225=ORIENTED_EDGE('',*,*,#4224,.F.);
#4226=ORIENTED_EDGE('',*,*,#3414,.F.);
#4227=EDGE_LOOP('',(#4208,#4209,#4225,#4226));
#4228=FACE_BOUND('',#4227,.T.);
#4229=ADVANCED_FACE('',(#4228),#4207,.T.);
#4230=CARTESIAN_POINT('',(263.675663841,828.392443066,9.126508983));
#4231=CARTESIAN_POINT('',(263.675475014,828.392771844,9.218174624));
#4232=CARTESIAN_POINT('',(263.691077229,828.383983729,9.309869368));
#4233=CARTESIAN_POINT('',(263.751510243,828.349499349,9.47948544));
#4234=CARTESIAN_POINT('',(263.796317225,828.323816673,9.557339925));
#4235=CARTESIAN_POINT('',(263.908353264,828.259444436,9.687397891));
#4236=CARTESIAN_POINT('',(263.97553817,828.220780242,9.739550118));
#4237=CARTESIAN_POINT('',(264.122107297,828.136327974,9.810234198));
#4238=CARTESIAN_POINT('',(264.201433758,828.090573182,9.828738195));
#4239=CARTESIAN_POINT('',(264.280819145,828.044740655,9.829008538));
#4240=CARTESIAN_POINT('',(263.5195094,828.121975656,9.127159609));
#4241=CARTESIAN_POINT('',(263.519320108,828.122302472,9.218744367));
#4242=CARTESIAN_POINT('',(263.534893647,828.113528682,9.310358214));
#4243=CARTESIAN_POINT('',(263.595221268,828.079101081,9.479848522));
#4244=CARTESIAN_POINT('',(263.63995166,828.053460789,9.557658424));
#4245=CARTESIAN_POINT('',(263.751809942,827.989188229,9.687690808));
#4246=CARTESIAN_POINT('',(263.818893907,827.950581201,9.739862226));
#4247=CARTESIAN_POINT('',(263.965269732,827.866239237,9.810659324));
#4248=CARTESIAN_POINT('',(264.044504112,827.820537422,9.829257203));
#4249=CARTESIAN_POINT('',(264.123819254,827.774745749,9.829654127));
#4250=CARTESIAN_POINT('',(263.363357335,827.851512357,9.127880721));
#4251=CARTESIAN_POINT('',(263.3631634,827.851830192,9.219399283));
#4252=CARTESIAN_POINT('',(263.378709237,827.843060732,9.31094692));
#4253=CARTESIAN_POINT('',(263.438942805,827.8086659,9.480334212));
#4254=CARTESIAN_POINT('',(263.483606952,827.783053996,9.558107538));
#4255=CARTESIAN_POINT('',(263.595313767,827.718852512,9.688118675));
#4256=CARTESIAN_POINT('',(263.662312696,827.680288071,9.740305578));
#4257=CARTESIAN_POINT('',(263.808526879,827.596030777,9.811194635));
#4258=CARTESIAN_POINT('',(263.887684881,827.550370917,9.829869033));
#4259=CARTESIAN_POINT('',(263.966942248,827.504612811,9.83036925));
#4260=CARTESIAN_POINT('',(263.05103542,827.310554943,9.128725594));
#4261=CARTESIAN_POINT('',(263.050787391,827.310778272,9.220187474));
#4262=CARTESIAN_POINT('',(263.066259334,827.301925696,9.31167842));
#4263=CARTESIAN_POINT('',(263.126319454,827.267398298,9.480977527));
#4264=CARTESIAN_POINT('',(263.170884172,827.241736961,9.558719559));
#4265=CARTESIAN_POINT('',(263.282389804,827.177473063,9.688712595));
#4266=CARTESIAN_POINT('',(263.349287163,827.138895602,9.740912824));
#4267=CARTESIAN_POINT('',(263.495323737,827.054643564,9.811880812));
#4268=CARTESIAN_POINT('',(263.57440591,827.009001895,9.83062085));
#4269=CARTESIAN_POINT('',(263.65361334,826.963272011,9.831209658));
#4270=CARTESIAN_POINT('',(262.894863928,827.040058018,9.128810273));
#4271=CARTESIAN_POINT('',(262.894580736,827.040219254,9.220275863));
#4272=CARTESIAN_POINT('',(262.910018786,827.031303817,9.311770395));
#4273=CARTESIAN_POINT('',(262.970018562,826.9966587,9.481074805));
#4274=CARTESIAN_POINT('',(263.014556849,826.970942555,9.558818541));
#4275=CARTESIAN_POINT('',(263.126020538,826.906585672,9.688811912));
#4276=CARTESIAN_POINT('',(263.192902395,826.867970076,9.741010763));
#4277=CARTESIAN_POINT('',(263.338920434,826.783664664,9.811972494));
#4278=CARTESIAN_POINT('',(263.417999572,826.738007782,9.830707651));
#4279=CARTESIAN_POINT('',(263.497209957,826.692275572,9.831290082));
#4280=CARTESIAN_POINT('',(262.4263269,826.228528071,9.128397949));
#4281=CARTESIAN_POINT('',(262.425986246,826.228590483,9.219912825));
#4282=CARTESIAN_POINT('',(262.441383987,826.219566276,9.311456652));
#4283=CARTESIAN_POINT('',(262.501341065,826.184701491,9.480837768));
#4284=CARTESIAN_POINT('',(262.545876929,826.158874562,9.558608743));
#4285=CARTESIAN_POINT('',(262.657366933,826.094314936,9.688617952));
#4286=CARTESIAN_POINT('',(262.724277424,826.055607515,9.740805287));
#4287=CARTESIAN_POINT('',(262.870368786,825.971157464,9.811698578));
#4288=CARTESIAN_POINT('',(262.949492461,825.925447896,9.830376779));
#4289=CARTESIAN_POINT('',(263.028745649,825.879690209,9.830882313));
#4290=CARTESIAN_POINT('',(262.113940399,825.687458725,9.127250849));
#4291=CARTESIAN_POINT('',(262.113587004,825.687501811,9.218871512));
#4292=CARTESIAN_POINT('',(262.129008871,825.678436994,9.310521269));
#4293=CARTESIAN_POINT('',(262.189079077,825.643457609,9.480067449));
#4294=CARTESIAN_POINT('',(262.23370379,825.6175568,9.557897186));
#4295=CARTESIAN_POINT('',(262.345407544,825.552836169,9.687941089));
#4296=CARTESIAN_POINT('',(262.412442651,825.514041803,9.740104106));
#4297=CARTESIAN_POINT('',(262.558777214,825.429431235,9.810851343));
#4298=CARTESIAN_POINT('',(262.638019115,825.383648312,9.829407736));
#4299=CARTESIAN_POINT('',(262.717364802,825.337837467,9.829748677));
#4300=CARTESIAN_POINT('',(261.176801742,824.064286912,9.124502846));
#4301=CARTESIAN_POINT('',(261.176454768,824.064344481,9.216358351));
#4302=CARTESIAN_POINT('',(261.191964991,824.055246848,9.308242994));
#4303=CARTESIAN_POINT('',(261.252350765,824.020119046,9.478154265));
#4304=CARTESIAN_POINT('',(261.297202322,823.994102835,9.556113382));
#4305=CARTESIAN_POINT('',(261.40942987,823.929106032,9.686231338));
#4306=CARTESIAN_POINT('',(261.476761269,823.890151266,9.738338477));
#4307=CARTESIAN_POINT('',(261.623661752,823.805228837,9.80875718));
#4308=CARTESIAN_POINT('',(261.703172469,823.759294917,9.827040763));
#4309=CARTESIAN_POINT('',(261.782722564,823.713366722,9.827013964));
#4310=CARTESIAN_POINT('',(260.55204204,822.98217136,9.123296151));
#4311=CARTESIAN_POINT('',(260.551730385,822.982290437,9.215174154));
#4312=CARTESIAN_POINT('',(260.56728381,822.973249786,9.3070813));
#4313=CARTESIAN_POINT('',(260.627764043,822.938218926,9.477027441));
#4314=CARTESIAN_POINT('',(260.672666796,822.912242649,9.554998843));
#4315=CARTESIAN_POINT('',(260.784993585,822.847304504,9.685123516));
#4316=CARTESIAN_POINT('',(260.852372943,822.808368464,9.737225032));
#4317=CARTESIAN_POINT('',(260.999353779,822.723462313,9.80761162));
#4318=CARTESIAN_POINT('',(261.078896798,822.677525972,9.825868697));
#4319=CARTESIAN_POINT('',(261.158465949,822.631586668,9.82580633));
#4320=CARTESIAN_POINT('',(259.893408718,821.84138499,9.123916802));
#4321=CARTESIAN_POINT('',(259.893147866,821.841591464,9.215753149));
#4322=CARTESIAN_POINT('',(259.908737569,821.832646634,9.307618631));
#4323=CARTESIAN_POINT('',(259.969257906,821.797808553,9.477500055));
#4324=CARTESIAN_POINT('',(260.014164512,821.771929134,9.555448551));
#4325=CARTESIAN_POINT('',(260.126472047,821.707167505,9.685560235));
#4326=CARTESIAN_POINT('',(260.193828386,821.668311008,9.737671767));
#4327=CARTESIAN_POINT('',(260.340748916,821.583529257,9.808116878));
#4328=CARTESIAN_POINT('',(260.420254777,821.537637664,9.826422489));
#4329=CARTESIAN_POINT('',(260.499787909,821.49171919,9.826425483));
#4330=CARTESIAN_POINT('',(259.859537194,821.782717791,9.123954753));
#4331=CARTESIAN_POINT('',(259.859278485,821.782927947,9.21578907));
#4332=CARTESIAN_POINT('',(259.874869622,821.77398721,9.307652521));
#4333=CARTESIAN_POINT('',(259.935391296,821.739157458,9.477530791));
#4334=CARTESIAN_POINT('',(259.980297807,821.71328227,9.55547817));
#4335=CARTESIAN_POINT('',(260.092603928,821.648528429,9.685589222));
#4336=CARTESIAN_POINT('',(260.159958955,821.609675481,9.737701243));
#4337=CARTESIAN_POINT('',(260.306876288,821.524899353,9.808149208));
#4338=CARTESIAN_POINT('',(260.386380269,821.479009826,9.826457186));
#4339=CARTESIAN_POINT('',(260.465911645,821.433092368,9.826463368));
#4340=CARTESIAN_POINT('',(259.825665679,821.724050607,9.123996713));
#4341=CARTESIAN_POINT('',(259.825408652,821.724263648,9.215829127));
#4342=CARTESIAN_POINT('',(259.841000806,821.715326181,9.307690675));
#4343=CARTESIAN_POINT('',(259.901523128,821.680503188,9.477565988));
#4344=CARTESIAN_POINT('',(259.94642927,821.654631485,9.555512322));
#4345=CARTESIAN_POINT('',(260.058733603,821.58988414,9.685622782));
#4346=CARTESIAN_POINT('',(260.126087214,821.551034199,9.737735261));
#4347=CARTESIAN_POINT('',(260.273001297,821.466262905,9.808185903));
#4348=CARTESIAN_POINT('',(260.352503453,821.420375203,9.8264961));
#4349=CARTESIAN_POINT('',(260.432033181,821.374458697,9.826505269));
#4350=B_SPLINE_SURFACE_WITH_KNOTS('',3,3,((#4230,#4231,#4232,#4233,#4234,#4235,#4236,#4237,#4238,#4239),(#4240,#4241,#4242,#4243,#4244,#4245,#4246,#4247,#4248,#4249),(#4250,#4251,#4252,#4253,#4254,#4255,#4256,#4257,#4258,#4259),(#4260,#4261,#4262,#4263,#4264,#4265,#4266,#4267,#4268,#4269),(#4270,#4271,#4272,#4273,#4274,#4275,#4276,#4277,#4278,#4279),(#4280,#4281,#4282,#4283,#4284,#4285,#4286,#4287,#4288,#4289),(#4290,#4291,#4292,#4293,#4294,#4295,#4296,#4297,#4298,#4299),(#4300,#4301,#4302,#4303,#4304,#4305,#4306,#4307,#4308,#4309),(#4310,#4311,#4312,#4313,#4314,#4315,#4316,#4317,#4318,#4319),(#4320,#4321,#4322,#4323,#4324,#4325,#4326,#4327,#4328,#4329),(#4330,#4331,#4332,#4333,#4334,#4335,#4336,#4337,#4338,#4339),(#4340,#4341,#4342,#4343,#4344,#4345,#4346,#4347,#4348,#4349)),.UNSPECIFIED.,.F.,.F.,.U.,(4,2,2,2,2,4),(4,2,2,2,4),(0.071065435,0.071983347,0.072901259,0.074737082,0.078408729,0.078607788),(-0.002281672,0.248288746,0.498859164,0.749429582,1.),.UNSPECIFIED.);
#4351=ORIENTED_EDGE('',*,*,#4224,.T.);
#4352=ORIENTED_EDGE('',*,*,#1337,.F.);
#4353=ORIENTED_EDGE('',*,*,#3460,.F.);
#4354=ORIENTED_EDGE('',*,*,#3442,.F.);
#4355=EDGE_LOOP('',(#4351,#4352,#4353,#4354));
#4356=FACE_BOUND('',#4355,.T.);
#4357=ADVANCED_FACE('',(#4356),#4350,.T.);
#4358=CARTESIAN_POINT('',(264.280823294,828.044720703,9.829008609));
#4359=CARTESIAN_POINT('',(264.32657853,828.123969977,9.828820607));
#4360=CARTESIAN_POINT('',(264.372343297,828.203129284,9.810461977));
#4361=CARTESIAN_POINT('',(264.457011593,828.349367114,9.740163512));
#4362=CARTESIAN_POINT('',(264.495881984,828.416388399,9.688251192));
#4363=CARTESIAN_POINT('',(264.560851455,828.528159696,9.558704897));
#4364=CARTESIAN_POINT('',(264.586925107,828.572865961,9.481121628));
#4365=CARTESIAN_POINT('',(264.622330316,828.63319856,9.311998755));
#4366=CARTESIAN_POINT('',(264.631648016,828.64880128,9.220525346));
#4367=CARTESIAN_POINT('',(264.631880398,828.64866756,9.129016043));
#4368=CARTESIAN_POINT('',(264.786199855,827.755028111,9.830722918));
#4369=CARTESIAN_POINT('',(264.831880207,827.834146168,9.830298982));
#4370=CARTESIAN_POINT('',(264.877552125,827.913130944,9.811765167));
#4371=CARTESIAN_POINT('',(264.962034891,828.058997614,9.74125528));
#4372=CARTESIAN_POINT('',(265.000812889,828.125822789,9.689306627));
#4373=CARTESIAN_POINT('',(265.065631014,828.237242708,9.559806776));
#4374=CARTESIAN_POINT('',(265.091645937,828.281794128,9.482305934));
#4375=CARTESIAN_POINT('',(265.126989019,828.341903629,9.313416406));
#4376=CARTESIAN_POINT('',(265.136303435,828.357438339,9.222093389));
#4377=CARTESIAN_POINT('',(265.136562812,828.357289032,9.130734774));
#4378=CARTESIAN_POINT('',(265.292772901,827.464497358,9.832889948));
#4379=CARTESIAN_POINT('',(265.338382309,827.543493015,9.832248179));
#4380=CARTESIAN_POINT('',(265.38393488,827.622334109,9.813552832));
#4381=CARTESIAN_POINT('',(265.468120395,827.767927612,9.742848236));
#4382=CARTESIAN_POINT('',(265.506720804,827.834623753,9.690866313));
#4383=CARTESIAN_POINT('',(265.571169685,827.945849816,9.561409775));
#4384=CARTESIAN_POINT('',(265.596993251,827.990336752,9.483985193));
#4385=CARTESIAN_POINT('',(265.631980373,828.050411687,9.315311319));
#4386=CARTESIAN_POINT('',(265.641130408,828.065976467,9.224127216));
#4387=CARTESIAN_POINT('',(265.641253375,828.065905799,9.132907802));
#4388=CARTESIAN_POINT('',(266.305480485,826.880301744,9.831608671));
#4389=CARTESIAN_POINT('',(266.351068831,826.959268143,9.830911722));
#4390=CARTESIAN_POINT('',(266.396512081,827.038118466,9.812175607));
#4391=CARTESIAN_POINT('',(266.480323929,827.183814976,9.741422264));
#4392=CARTESIAN_POINT('',(266.518660186,827.250604942,9.689432338));
#4393=CARTESIAN_POINT('',(266.582469948,827.362096865,9.559987827));
#4394=CARTESIAN_POINT('',(266.607918832,827.4067558,9.482583193));
#4395=CARTESIAN_POINT('',(266.642105215,827.467232241,9.313965315));
#4396=CARTESIAN_POINT('',(266.650829523,827.483026412,9.222817137));
#4397=CARTESIAN_POINT('',(266.650533704,827.48319753,9.131633717));
#4398=CARTESIAN_POINT('',(266.809125427,826.587144868,9.828454283));
#4399=CARTESIAN_POINT('',(266.854802673,826.666260992,9.828023806));
#4400=CARTESIAN_POINT('',(266.900358294,826.745307581,9.809484824));
#4401=CARTESIAN_POINT('',(266.984400168,826.89141714,9.738968022));
#4402=CARTESIAN_POINT('',(267.022853751,826.95842331,9.687017617));
#4403=CARTESIAN_POINT('',(267.086864377,827.07029805,9.557517339));
#4404=CARTESIAN_POINT('',(267.112396537,827.115123129,9.480017811));
#4405=CARTESIAN_POINT('',(267.146688961,827.17583196,9.311132781));
#4406=CARTESIAN_POINT('',(267.155435895,827.191692111,9.219812936));
#4407=CARTESIAN_POINT('',(267.15512833,827.191869687,9.128457575));
#4408=CARTESIAN_POINT('',(267.811422157,826.002075696,9.828006093));
#4409=CARTESIAN_POINT('',(267.857331015,826.081591465,9.828299638));
#4410=CARTESIAN_POINT('',(267.903299636,826.161098,9.810298604));
#4411=CARTESIAN_POINT('',(267.988400233,826.308061234,9.740431628));
#4412=CARTESIAN_POINT('',(268.027498455,826.375459642,9.688593402));
#4413=CARTESIAN_POINT('',(268.092874343,826.48789094,9.55895207));
#4414=CARTESIAN_POINT('',(268.11912608,826.532879236,9.481200388));
#4415=CARTESIAN_POINT('',(268.154784793,826.593593207,9.311600877));
#4416=CARTESIAN_POINT('',(268.164177628,826.6092948,9.219820319));
#4417=CARTESIAN_POINT('',(268.164423362,826.609152928,9.128003341));
#4418=CARTESIAN_POINT('',(268.309947125,825.709976196,9.830988703));
#4419=CARTESIAN_POINT('',(268.356007528,825.789759251,9.831768838));
#4420=CARTESIAN_POINT('',(268.402285572,825.869553313,9.814130179));
#4421=CARTESIAN_POINT('',(268.4882283,826.017009592,9.744702652));
#4422=CARTESIAN_POINT('',(268.527858445,826.084612541,9.692941696));
#4423=CARTESIAN_POINT('',(268.59440067,826.197271023,9.56320986));
#4424=CARTESIAN_POINT('',(268.621286013,826.242281274,9.485291127));
#4425=CARTESIAN_POINT('',(268.658191024,826.302807803,9.31521647));
#4426=CARTESIAN_POINT('',(268.668195869,826.31829975,9.223128906));
#4427=CARTESIAN_POINT('',(268.668991602,826.317840319,9.131004316));
#4428=CARTESIAN_POINT('',(269.302186624,825.125966292,9.852676018));
#4429=CARTESIAN_POINT('',(269.348595984,825.206453561,9.85474306));
#4430=CARTESIAN_POINT('',(269.395646072,825.287007224,9.838074097));
#4431=CARTESIAN_POINT('',(269.483738735,825.435767646,9.769847315));
#4432=CARTESIAN_POINT('',(269.52474466,825.503912507,9.718317891));
#4433=CARTESIAN_POINT('',(269.59432354,825.617174193,9.588410588));
#4434=CARTESIAN_POINT('',(269.622867552,825.662243888,9.510086766));
#4435=CARTESIAN_POINT('',(269.663043478,825.72227837,9.338833235));
#4436=CARTESIAN_POINT('',(269.674658684,825.737218173,9.245974785));
#4437=CARTESIAN_POINT('',(269.676901887,825.735923045,9.153077683));
#4438=CARTESIAN_POINT('',(269.796024268,824.833831415,9.871419332));
#4439=CARTESIAN_POINT('',(269.842636162,824.914765825,9.874303697));
#4440=CARTESIAN_POINT('',(269.890152402,824.995806444,9.858254806));
#4441=CARTESIAN_POINT('',(269.979554604,825.145412171,9.790805173));
#4442=CARTESIAN_POINT('',(270.021402572,825.213913686,9.739433121));
#4443=CARTESIAN_POINT('',(270.092841692,825.327589218,9.60943884));
#4444=CARTESIAN_POINT('',(270.122402496,825.372714912,9.530871878));
#4445=CARTESIAN_POINT('',(270.164580331,825.432476789,9.358899675));
#4446=CARTESIAN_POINT('',(270.177179455,825.447087561,9.265567539));
#4447=CARTESIAN_POINT('',(270.180303508,825.445283984,9.172195696));
#4448=CARTESIAN_POINT('',(270.374868848,824.489130305,9.904400296));
#4449=CARTESIAN_POINT('',(270.421736946,824.570732841,9.908535265));
#4450=CARTESIAN_POINT('',(270.469863974,824.652538658,9.893445542));
#4451=CARTESIAN_POINT('',(270.560979938,824.803543326,9.827217225));
#4452=CARTESIAN_POINT('',(270.603928855,824.872675856,9.776107718));
#4453=CARTESIAN_POINT('',(270.677776358,824.987203822,9.646028461));
#4454=CARTESIAN_POINT('',(270.708642511,825.032548958,9.567115842));
#4455=CARTESIAN_POINT('',(270.753349543,825.092188097,9.39409793));
#4456=CARTESIAN_POINT('',(270.767170787,825.106455907,9.300068626));
#4457=CARTESIAN_POINT('',(270.771360459,825.104037094,9.205997989));
#4458=CARTESIAN_POINT('',(270.461338055,824.437599941,9.909625441));
#4459=CARTESIAN_POINT('',(270.50824425,824.519304671,9.913952393));
#4460=CARTESIAN_POINT('',(270.55646284,824.601228328,9.899010148));
#4461=CARTESIAN_POINT('',(270.647835816,824.752449841,9.832970032));
#4462=CARTESIAN_POINT('',(270.690949872,824.821680951,9.781901309));
#4463=CARTESIAN_POINT('',(270.765158121,824.936344194,9.651810062));
#4464=CARTESIAN_POINT('',(270.796219561,824.981725717,9.572844956));
#4465=CARTESIAN_POINT('',(270.841304014,825.041351963,9.399667684));
#4466=CARTESIAN_POINT('',(270.855307128,825.055570369,9.305531953));
#4467=CARTESIAN_POINT('',(270.859654674,825.053060405,9.211354639));
#4468=CARTESIAN_POINT('',(270.547796015,824.386043649,9.915129126));
#4469=CARTESIAN_POINT('',(270.594740049,824.467852512,9.919652608));
#4470=CARTESIAN_POINT('',(270.643050175,824.549897115,9.904861554));
#4471=CARTESIAN_POINT('',(270.734680058,824.701342675,9.839014755));
#4472=CARTESIAN_POINT('',(270.777959168,824.770676451,9.787988218));
#4473=CARTESIAN_POINT('',(270.852527378,824.885482746,9.657885631));
#4474=CARTESIAN_POINT('',(270.883783399,824.930904338,9.578867294));
#4475=CARTESIAN_POINT('',(270.92924285,824.990523615,9.405527887));
#4476=CARTESIAN_POINT('',(270.943426114,825.004694854,9.31128371));
#4477=CARTESIAN_POINT('',(270.947929271,825.002095042,9.216997693));
#4478=B_SPLINE_SURFACE_WITH_KNOTS('',3,3,((#4358,#4359,#4360,#4361,#4362,#4363,#4364,#4365,#4366,#4367),(#4368,#4369,#4370,#4371,#4372,#4373,#4374,#4375,#4376,#4377),(#4378,#4379,#4380,#4381,#4382,#4383,#4384,#4385,#4386,#4387),(#4388,#4389,#4390,#4391,#4392,#4393,#4394,#4395,#4396,#4397),(#4398,#4399,#4400,#4401,#4402,#4403,#4404,#4405,#4406,#4407),(#4408,#4409,#4410,#4411,#4412,#4413,#4414,#4415,#4416,#4417),(#4418,#4419,#4420,#4421,#4422,#4423,#4424,#4425,#4426,#4427),(#4428,#4429,#4430,#4431,#4432,#4433,#4434,#4435,#4436,#4437),(#4438,#4439,#4440,#4441,#4442,#4443,#4444,#4445,#4446,#4447),(#4448,#4449,#4450,#4451,#4452,#4453,#4454,#4455,#4456,#4457),(#4458,#4459,#4460,#4461,#4462,#4463,#4464,#4465,#4466,#4467),(#4468,#4469,#4470,#4471,#4472,#4473,#4474,#4475,#4476,#4477)),.UNSPECIFIED.,.F.,.F.,.U.,(4,2,2,2,2,4),(4,2,2,2,4),(0.136891918,0.138640812,0.140389706,0.1421386,0.143887494,0.144194717),(0.,0.25,0.5,0.75,1.),.UNSPECIFIED.);
#4479=CARTESIAN_POINT('',(269.433437674,825.876487173,9.148458177));
#4480=CARTESIAN_POINT('',(269.484910978,825.846769052,9.213150786));
#4481=CARTESIAN_POINT('',(269.534382485,825.808517414,9.27321366));
#4482=CARTESIAN_POINT('',(269.583167368,825.764066789,9.329251347));
#4483=CARTESIAN_POINT('',(269.631952251,825.719616165,9.385289035));
#4484=CARTESIAN_POINT('',(269.680340672,825.668501386,9.437610292));
#4485=CARTESIAN_POINT('',(269.727888884,825.613307114,9.48532942));
#4486=CARTESIAN_POINT('',(269.822985308,825.502918572,9.580767674));
#4487=CARTESIAN_POINT('',(269.914015793,825.377999947,9.657490723));
#4488=CARTESIAN_POINT('',(270.005181435,825.244182258,9.719568113));
#4489=CARTESIAN_POINT('',(270.096347078,825.11036457,9.781645503));
#4490=CARTESIAN_POINT('',(270.18684757,824.968203012,9.828233501));
#4491=CARTESIAN_POINT('',(270.276579709,824.824476318,9.860338315));
#4492=CARTESIAN_POINT('',(270.366311849,824.680749625,9.892443129));
#4493=CARTESIAN_POINT('',(270.456018681,824.5340759,9.910585873));
#4494=CARTESIAN_POINT('',(270.547714303,824.386047159,9.915097308));
#4495=B_SPLINE_CURVE_WITH_KNOTS('',3,(#4479,#4480,#4481,#4482,#4483,#4484,#4485,#4486,#4487,#4488,#4489,#4490,#4491,#4492,#4493,#4494),.UNSPECIFIED.,.F.,.F.,(4,3,3,3,3,4),(0.,0.000259652,0.000519304,0.001038608,0.001557912,0.002077216),.UNSPECIFIED.);
#4496=EDGE_CURVE('',#3884,#1289,#4495,.T.);
#4497=ORIENTED_EDGE('',*,*,#4496,.F.);
#4498=ORIENTED_EDGE('',*,*,#3896,.F.);
#4499=ORIENTED_EDGE('',*,*,#3467,.F.);
#4500=ORIENTED_EDGE('',*,*,#1322,.F.);
#4501=EDGE_LOOP('',(#4497,#4498,#4499,#4500));
#4502=FACE_BOUND('',#4501,.T.);
#4503=ADVANCED_FACE('',(#4502),#4478,.T.);
#4504=CARTESIAN_POINT('',(270.731379093,829.40878537,7.069820366));
#4505=CARTESIAN_POINT('',(270.683730459,829.417513213,7.238687983));
#4506=CARTESIAN_POINT('',(270.651622069,829.417269508,7.412398209));
#4507=CARTESIAN_POINT('',(270.619903305,829.398849763,7.761834885));
#4508=CARTESIAN_POINT('',(270.620293973,829.380674328,7.937549858));
#4509=CARTESIAN_POINT('',(270.65355816,829.327194746,8.283215572));
#4510=CARTESIAN_POINT('',(270.686430587,829.291892355,8.453154959));
#4511=CARTESIAN_POINT('',(270.783204848,829.205720913,8.779744277));
#4512=CARTESIAN_POINT('',(270.847103505,829.154854691,8.93638348));
#4513=CARTESIAN_POINT('',(271.003102857,829.039806898,9.229435635));
#4514=CARTESIAN_POINT('',(271.095198429,828.975629107,9.365838961));
#4515=CARTESIAN_POINT('',(271.303515511,828.836799066,9.612378148));
#4516=CARTESIAN_POINT('',(271.419730178,828.762151378,9.722505912));
#4517=CARTESIAN_POINT('',(271.671141098,828.605686225,9.911615837));
#4518=CARTESIAN_POINT('',(271.806329092,828.523873901,9.990591786));
#4519=CARTESIAN_POINT('',(272.089701841,828.356701622,10.113899012));
#4520=CARTESIAN_POINT('',(272.237877288,828.271347159,10.158226238));
#4521=CARTESIAN_POINT('',(272.389270969,828.186108495,10.184248595));
#4522=CARTESIAN_POINT('',(270.606141771,829.182136944,7.051813614));
#4523=CARTESIAN_POINT('',(270.558896075,829.19105439,7.221195085));
#4524=CARTESIAN_POINT('',(270.527269694,829.190954629,7.395402012));
#4525=CARTESIAN_POINT('',(270.496658129,829.172725143,7.74574168));
#4526=CARTESIAN_POINT('',(270.49767396,829.154596023,7.921862811));
#4527=CARTESIAN_POINT('',(270.532303924,829.101112972,8.268197663));
#4528=CARTESIAN_POINT('',(270.56591691,829.065760814,8.438399906));
#4529=CARTESIAN_POINT('',(270.664248471,828.979402911,8.765326471));
#4530=CARTESIAN_POINT('',(270.728963786,828.928400029,8.922039957));
#4531=CARTESIAN_POINT('',(270.886623851,828.813008096,9.2150179));
#4532=CARTESIAN_POINT('',(270.979563377,828.748622869,9.351272647));
#4533=CARTESIAN_POINT('',(271.18954018,828.609329013,9.597271455));
#4534=CARTESIAN_POINT('',(271.306570499,828.534425001,9.707007363));
#4535=CARTESIAN_POINT('',(271.559525432,828.377424371,9.895085875));
#4536=CARTESIAN_POINT('',(271.695441662,828.295332956,9.973422246));
#4537=CARTESIAN_POINT('',(271.980124595,828.127608213,10.09521527));
#4538=CARTESIAN_POINT('',(272.128881863,828.041980442,10.138667886));
#4539=CARTESIAN_POINT('',(272.280756674,827.956485825,10.163713068));
#4540=CARTESIAN_POINT('',(270.480651361,828.955519787,7.03444402));
#4541=CARTESIAN_POINT('',(270.433769364,828.964588019,7.204351435));
#4542=CARTESIAN_POINT('',(270.402589737,828.964591087,7.379069326));
#4543=CARTESIAN_POINT('',(270.373024485,828.946466783,7.730341831));
#4544=CARTESIAN_POINT('',(270.374639849,828.928340018,7.906884692));
#4545=CARTESIAN_POINT('',(270.410594712,828.874764885,8.253918073));
#4546=CARTESIAN_POINT('',(270.444933009,828.83931831,8.424396983));
#4547=CARTESIAN_POINT('',(270.544801581,828.752686405,8.751683823));
#4548=CARTESIAN_POINT('',(270.610328515,828.701503975,8.908480804));
#4549=CARTESIAN_POINT('',(270.769648378,828.585686496,9.201396012));
#4550=CARTESIAN_POINT('',(270.863435977,828.521055321,9.33750444));
#4551=CARTESIAN_POINT('',(271.075088092,828.381227618,9.582958773));
#4552=CARTESIAN_POINT('',(271.192945528,828.306035768,9.692296467));
#4553=CARTESIAN_POINT('',(271.447472335,828.148446091,9.879321424));
#4554=CARTESIAN_POINT('',(271.584133191,828.066053538,9.95700243));
#4555=CARTESIAN_POINT('',(271.870161205,827.897743837,10.077240385));
#4556=CARTESIAN_POINT('',(272.019518794,827.811832321,10.119793311));
#4557=CARTESIAN_POINT('',(272.171892805,827.726077949,10.143832149));
#4558=CARTESIAN_POINT('',(270.229219749,828.502336128,7.000871605));
#4559=CARTESIAN_POINT('',(270.183086585,828.511773649,7.171810966));
#4560=CARTESIAN_POINT('',(270.152818835,828.512051856,7.34753159));
#4561=CARTESIAN_POINT('',(270.125375225,828.494277156,7.700634326));
#4562=CARTESIAN_POINT('',(270.128200299,828.476224857,7.878004406));
#4563=CARTESIAN_POINT('',(270.166817304,828.422602073,8.226406768));
#4564=CARTESIAN_POINT('',(270.202607919,828.387033416,8.397427177));
#4565=CARTESIAN_POINT('',(270.305544227,828.299980877,8.725416709));
#4566=CARTESIAN_POINT('',(270.372686411,828.24849996,8.882374655));
#4567=CARTESIAN_POINT('',(270.535300014,828.131943603,9.175159432));
#4568=CARTESIAN_POINT('',(270.63076589,828.066872134,9.310976286));
#4569=CARTESIAN_POINT('',(270.845723418,827.926068458,9.555351995));
#4570=CARTESIAN_POINT('',(270.965207744,827.850341049,9.663902523));
#4571=CARTESIAN_POINT('',(271.22281517,827.691640057,9.848847955));
#4572=CARTESIAN_POINT('',(271.360929491,827.608671882,9.925236556));
#4573=CARTESIAN_POINT('',(271.649569297,827.439230715,10.042410642));
#4574=CARTESIAN_POINT('',(271.800084945,827.352763497,10.083192133));
#4575=CARTESIAN_POINT('',(271.953412491,827.26649358,10.105251129));
#4576=CARTESIAN_POINT('',(270.10327037,828.275769854,6.984694317));
#4577=CARTESIAN_POINT('',(270.057524796,828.285432656,7.156142173));
#4578=CARTESIAN_POINT('',(270.027724995,828.285889738,7.33235724));
#4579=CARTESIAN_POINT('',(270.001363003,828.268371867,7.686362796));
#4580=CARTESIAN_POINT('',(270.00480172,828.250397515,7.864141111));
#4581=CARTESIAN_POINT('',(270.044763387,828.196829857,8.213219189));
#4582=CARTESIAN_POINT('',(270.081284965,828.161238393,8.384506948));
#4583=CARTESIAN_POINT('',(270.185760188,828.07404776,8.712843409));
#4584=CARTESIAN_POINT('',(270.25371024,828.022451589,8.869880819));
#4585=CARTESIAN_POINT('',(270.417966294,827.90558797,9.162601115));
#4586=CARTESIAN_POINT('',(270.514266647,827.840324541,9.298273934));
#4587=CARTESIAN_POINT('',(270.730862577,827.699082163,9.542116954));
#4588=CARTESIAN_POINT('',(270.851150706,827.623108071,9.65027877));
#4589=CARTESIAN_POINT('',(271.110274403,827.46388556,9.834197597));
#4590=CARTESIAN_POINT('',(271.24910106,827.380642615,9.909948282));
#4591=CARTESIAN_POINT('',(271.539013751,827.210653128,10.025610642));
#4592=CARTESIAN_POINT('',(271.690089816,827.123912431,10.06551834));
#4593=CARTESIAN_POINT('',(271.843873831,827.037384661,10.086601213));
#4594=CARTESIAN_POINT('',(269.724598083,827.596128856,6.938515571));
#4595=CARTESIAN_POINT('',(269.680084551,827.606667259,7.111468805));
#4596=CARTESIAN_POINT('',(269.651754337,827.607862756,7.289150233));
#4597=CARTESIAN_POINT('',(269.628757566,827.591513417,7.645837671));
#4598=CARTESIAN_POINT('',(269.634091822,827.57396916,7.824831086));
#4599=CARTESIAN_POINT('',(269.678181987,827.520944556,8.175925384));
#4600=CARTESIAN_POINT('',(269.716936339,827.485466083,8.348013869));
#4601=CARTESIAN_POINT('',(269.826090454,827.398200618,8.677397508));
#4602=CARTESIAN_POINT('',(269.896486364,827.346416708,8.834681029));
#4603=CARTESIAN_POINT('',(270.065694635,827.22891655,9.127232923));
#4604=CARTESIAN_POINT('',(270.164501021,827.163204452,9.262490964));
#4605=CARTESIAN_POINT('',(270.385996753,827.020863636,9.504780576));
#4606=CARTESIAN_POINT('',(270.508678278,826.944239945,9.611803589));
#4607=CARTESIAN_POINT('',(270.772294348,826.783592767,9.792707452));
#4608=CARTESIAN_POINT('',(270.913219585,826.699574953,9.866581912));
#4609=CARTESIAN_POINT('',(271.206855096,826.527996032,9.977794268));
#4610=CARTESIAN_POINT('',(271.359555002,826.440440984,10.015128236));
#4611=CARTESIAN_POINT('',(271.514642859,826.353123866,10.03333529));
#4612=CARTESIAN_POINT('',(269.470968171,827.143057812,6.911050547));
#4613=CARTESIAN_POINT('',(269.427310332,827.154366327,7.085005194));
#4614=CARTESIAN_POINT('',(269.399995875,827.156239488,7.263668528));
#4615=CARTESIAN_POINT('',(269.379315446,827.141028868,7.622162576));
#4616=CARTESIAN_POINT('',(269.38595022,827.123945634,7.8019804));
#4617=CARTESIAN_POINT('',(269.432863869,827.071612376,8.154454282));
#4618=CARTESIAN_POINT('',(269.473141058,827.036364232,8.327097666));
#4619=CARTESIAN_POINT('',(269.585476833,826.949332704,8.657225151));
#4620=CARTESIAN_POINT('',(269.657531381,826.897552447,8.814697382));
#4621=CARTESIAN_POINT('',(269.830087094,826.779854071,9.107187077));
#4622=CARTESIAN_POINT('',(269.930582058,826.713940182,9.242194025));
#4623=CARTESIAN_POINT('',(270.155366179,826.571026708,9.48349761));
#4624=CARTESIAN_POINT('',(270.279647255,826.494032261,9.58978557));
#4625=CARTESIAN_POINT('',(270.54624898,826.332523268,9.768725312));
#4626=CARTESIAN_POINT('',(270.688560045,826.248014528,9.841370658));
#4627=CARTESIAN_POINT('',(270.984631437,826.075390833,9.949657145));
#4628=CARTESIAN_POINT('',(271.138381119,825.987282084,9.985294391));
#4629=CARTESIAN_POINT('',(271.29429504,825.899410681,10.001602452));
#4630=CARTESIAN_POINT('',(269.089282387,826.464271257,6.875217153));
#4631=CARTESIAN_POINT('',(269.046759733,826.476677961,7.050640549));
#4632=CARTESIAN_POINT('',(269.020823116,826.479509161,7.230754788));
#4633=CARTESIAN_POINT('',(269.003336078,826.465888098,7.591934381));
#4634=CARTESIAN_POINT('',(269.011786303,826.449436339,7.772986388));
#4635=CARTESIAN_POINT('',(269.062678836,826.398020473,8.12754034));
#4636=CARTESIAN_POINT('',(269.105119264,826.363058267,8.301029184));
#4637=CARTESIAN_POINT('',(269.222002067,826.276261816,8.632310107));
#4638=CARTESIAN_POINT('',(269.296440125,826.224430779,8.790089946));
#4639=CARTESIAN_POINT('',(269.473825467,826.106329153,9.082543137));
#4640=CARTESIAN_POINT('',(269.576766197,826.040062928,9.217205683));
#4641=CARTESIAN_POINT('',(269.806325562,825.896201378,9.457099451));
#4642=CARTESIAN_POINT('',(269.932935714,825.818611369,9.562321807));
#4643=CARTESIAN_POINT('',(270.203890831,825.655744626,9.73839221));
#4644=CARTESIAN_POINT('',(270.348225785,825.57047391,9.809233749));
#4645=CARTESIAN_POINT('',(270.647854681,825.396249035,9.91321347));
#4646=CARTESIAN_POINT('',(270.803137552,825.307301314,9.94634781));
#4647=CARTESIAN_POINT('',(270.960254708,825.218599985,9.959851075));
#4648=CARTESIAN_POINT('',(268.961837001,826.238112604,6.864134221));
#4649=CARTESIAN_POINT('',(268.919662894,826.250866465,7.040043378));
#4650=CARTESIAN_POINT('',(268.894156503,826.253997649,7.220639361));
#4651=CARTESIAN_POINT('',(268.877678556,826.24086749,7.582713404));
#4652=CARTESIAN_POINT('',(268.886707615,826.224606638,7.764177962));
#4653=CARTESIAN_POINT('',(268.938877366,826.17345801,8.119429719));
#4654=CARTESIAN_POINT('',(268.982016112,826.138572144,8.293203672));
#4655=CARTESIAN_POINT('',(269.100373094,826.051817659,8.624876881));
#4656=CARTESIAN_POINT('',(269.175586916,825.999952276,8.782763769));
#4657=CARTESIAN_POINT('',(269.354548805,825.881683944,9.075214248));
#4658=CARTESIAN_POINT('',(269.458290199,825.815285406,9.209766932));
#4659=CARTESIAN_POINT('',(269.6894161,825.67108163,9.449200462));
#4660=CARTESIAN_POINT('',(269.816791988,825.593281771,9.554072378));
#4661=CARTESIAN_POINT('',(270.089180549,825.429944236,9.729195331));
#4662=CARTESIAN_POINT('',(270.234183063,825.34441265,9.799439837));
#4663=CARTESIAN_POINT('',(270.534986638,825.169645509,9.901991865));
#4664=CARTESIAN_POINT('',(270.690776482,825.08041647,9.934295563));
#4665=CARTESIAN_POINT('',(270.848291793,824.991439721,9.946867391));
#4666=CARTESIAN_POINT('',(268.763525017,825.886828886,6.84806174));
#4667=CARTESIAN_POINT('',(268.721845912,825.90008112,7.024711583));
#4668=CARTESIAN_POINT('',(268.696960867,825.903637709,7.20604414));
#4669=CARTESIAN_POINT('',(268.681957251,825.891191204,7.569488448));
#4670=CARTESIAN_POINT('',(268.691839248,825.875188582,7.751586455));
#4671=CARTESIAN_POINT('',(268.745902966,825.824382347,8.107911691));
#4672=CARTESIAN_POINT('',(268.790082642,825.789580657,8.282125444));
#4673=CARTESIAN_POINT('',(268.910645724,825.702828024,8.614406055));
#4674=CARTESIAN_POINT('',(268.987024571,825.650880363,8.772460347));
#4675=CARTESIAN_POINT('',(269.168360315,825.532302119,9.064912893));
#4676=CARTESIAN_POINT('',(269.273310355,825.46567602,9.199300086));
#4677=CARTESIAN_POINT('',(269.506805337,825.320904666,9.438032949));
#4678=CARTESIAN_POINT('',(269.63534145,825.242764886,9.54236959));
#4679=CARTESIAN_POINT('',(269.909904663,825.078677098,9.716042831));
#4680=CARTESIAN_POINT('',(270.05592138,824.992735295,9.785372863));
#4681=CARTESIAN_POINT('',(270.358511049,824.81712528,9.88573687));
#4682=CARTESIAN_POINT('',(270.515072558,824.727463708,9.916767049));
#4683=CARTESIAN_POINT('',(270.673194091,824.638068343,9.927910723));
#4684=CARTESIAN_POINT('',(268.692784772,825.761643844,6.842554544));
#4685=CARTESIAN_POINT('',(268.651272956,825.775065655,7.019466034));
#4686=CARTESIAN_POINT('',(268.626600194,825.778765834,7.2010592));
#4687=CARTESIAN_POINT('',(268.612103992,825.766547303,7.564988875));
#4688=CARTESIAN_POINT('',(268.622281103,825.750629058,7.747311552));
#4689=CARTESIAN_POINT('',(268.677002683,825.69993024,8.104017944));
#4690=CARTESIAN_POINT('',(268.721545072,825.665151594,8.278388102));
#4691=CARTESIAN_POINT('',(268.842878708,825.57838674,8.610885189));
#4692=CARTESIAN_POINT('',(268.919665343,825.52640383,8.768999482));
#4693=CARTESIAN_POINT('',(269.101833311,825.407704613,9.061454054));
#4694=CARTESIAN_POINT('',(269.20720772,825.340992819,9.195783217));
#4695=CARTESIAN_POINT('',(269.44153542,825.196011589,9.43426883));
#4696=CARTESIAN_POINT('',(269.570479805,825.117747664,9.538416215));
#4697=CARTESIAN_POINT('',(269.845808834,824.953388286,9.711576358));
#4698=CARTESIAN_POINT('',(269.992183013,824.867299081,9.780582534));
#4699=CARTESIAN_POINT('',(270.295402511,824.691388187,9.880171414));
#4700=CARTESIAN_POINT('',(270.452236305,824.601573184,9.910750332));
#4701=CARTESIAN_POINT('',(270.610571791,824.512030328,9.921387931));
#4702=CARTESIAN_POINT('',(268.621993175,825.63648311,6.837260612));
#4703=CARTESIAN_POINT('',(268.580644726,825.650072835,7.014426312));
#4704=CARTESIAN_POINT('',(268.556179215,825.653915585,7.196272776));
#4705=CARTESIAN_POINT('',(268.542178237,825.641924279,7.560674226));
#4706=CARTESIAN_POINT('',(268.552643305,825.626090681,7.743215296));
#4707=CARTESIAN_POINT('',(268.608006585,825.575501025,8.100292068));
#4708=CARTESIAN_POINT('',(268.652902681,825.540746899,8.274814133));
#4709=CARTESIAN_POINT('',(268.774987445,825.453973797,8.607521142));
#4710=CARTESIAN_POINT('',(268.85217145,825.401958135,8.765693379));
#4711=CARTESIAN_POINT('',(269.03514997,825.28314371,9.058148834));
#4712=CARTESIAN_POINT('',(269.140937496,825.216349484,9.192420882));
#4713=CARTESIAN_POINT('',(269.376075276,825.071165353,9.430664404));
#4714=CARTESIAN_POINT('',(269.505416548,824.992780992,9.534626779));
#4715=CARTESIAN_POINT('',(269.781489266,824.828157533,9.707285803));
#4716=CARTESIAN_POINT('',(269.928210166,824.741924721,9.775975856));
#4717=CARTESIAN_POINT('',(270.232039467,824.565720248,9.874808497));
#4718=CARTESIAN_POINT('',(270.389136262,824.475755315,9.904947308));
#4719=CARTESIAN_POINT('',(270.547677546,824.386068139,9.91509155));
#4720=B_SPLINE_SURFACE_WITH_KNOTS('',3,3,((#4504,#4505,#4506,#4507,#4508,#4509,#4510,#4511,#4512,#4513,#4514,#4515,#4516,#4517,#4518,#4519,#4520,#4521),(#4522,#4523,#4524,#4525,#4526,#4527,#4528,#4529,#4530,#4531,#4532,#4533,#4534,#4535,#4536,#4537,#4538,#4539),(#4540,#4541,#4542,#4543,#4544,#4545,#4546,#4547,#4548,#4549,#4550,#4551,#4552,#4553,#4554,#4555,#4556,#4557),(#4558,#4559,#4560,#4561,#4562,#4563,#4564,#4565,#4566,#4567,#4568,#4569,#4570,#4571,#4572,#4573,#4574,#4575),(#4576,#4577,#4578,#4579,#4580,#4581,#4582,#4583,#4584,#4585,#4586,#4587,#4588,#4589,#4590,#4591,#4592,#4593),(#4594,#4595,#4596,#4597,#4598,#4599,#4600,#4601,#4602,#4603,#4604,#4605,#4606,#4607,#4608,#4609,#4610,#4611),(#4612,#4613,#4614,#4615,#4616,#4617,#4618,#4619,#4620,#4621,#4622,#4623,#4624,#4625,#4626,#4627,#4628,#4629),(#4630,#4631,#4632,#4633,#4634,#4635,#4636,#4637,#4638,#4639,#4640,#4641,#4642,#4643,#4644,#4645,#4646,#4647),(#4648,#4649,#4650,#4651,#4652,#4653,#4654,#4655,#4656,#4657,#4658,#4659,#4660,#4661,#4662,#4663,#4664,#4665),(#4666,#4667,#4668,#4669,#4670,#4671,#4672,#4673,#4674,#4675,#4676,#4677,#4678,#4679,#4680,#4681,#4682,#4683),(#4684,#4685,#4686,#4687,#4688,#4689,#4690,#4691,#4692,#4693,#4694,#4695,#4696,#4697,#4698,#4699,#4700,#4701),(#4702,#4703,#4704,#4705,#4706,#4707,#4708,#4709,#4710,#4711,#4712,#4713,#4714,#4715,#4716,#4717,#4718,#4719)),.UNSPECIFIED.,.F.,.F.,.U.,(4,2,2,2,2,4),(4,2,2,2,2,2,2,2,4),(0.058454661,0.05923327,0.060011878,0.061569096,0.062347705,0.062778939),(0.,0.125,0.25,0.375,0.5,0.625,0.75,0.875,1.),.UNSPECIFIED.);
#4721=CARTESIAN_POINT('',(272.821486587,828.202061246,7.721945777));
#4722=DIRECTION('',(-0.476936221,-0.874381219,-0.089383023));
#4723=DIRECTION('',(-0.877895146,0.478852913,-0.));
#4724=AXIS2_PLACEMENT_3D('',#4721,#4722,#4723);
#4725=CIRCLE('',#4724,2.5);
#4726=EDGE_CURVE('',#1220,#3690,#4725,.T.);
#4727=ORIENTED_EDGE('',*,*,#4726,.T.);
#4728=ORIENTED_EDGE('',*,*,#3699,.F.);
#4729=ORIENTED_EDGE('',*,*,#3918,.F.);
#4730=ORIENTED_EDGE('',*,*,#4496,.T.);
#4731=ORIENTED_EDGE('',*,*,#1304,.F.);
#4732=EDGE_LOOP('',(#4727,#4728,#4729,#4730,#4731));
#4733=FACE_BOUND('',#4732,.T.);
#4734=ADVANCED_FACE('',(#4733),#4720,.T.);
#4735=CARTESIAN_POINT('',(263.218025954,845.399824233,9.826508956));
#4736=DIRECTION('',(0.866025404,-0.5,0.));
#4737=DIRECTION('',(-0.5,-0.866025404,-0.));
#4738=AXIS2_PLACEMENT_3D('',#4735,#4736,#4737);
#4739=PLANE('',#4738);
#4740=CARTESIAN_POINT('',(255.968025954,832.842455878,0.526508956));
#4741=VERTEX_POINT('',#4740);
#4742=CARTESIAN_POINT('',(251.318025954,824.788419623,0.526508956));
#4743=VERTEX_POINT('',#4742);
#4744=CARTESIAN_POINT('',(255.968025954,832.842455878,0.526508956));
#4745=DIRECTION('',(-0.5,-0.866025404,-0.));
#4746=VECTOR('',#4745,9.3);
#4747=LINE('',#4744,#4746);
#4748=EDGE_CURVE('',#4741,#4743,#4747,.T.);
#4749=ORIENTED_EDGE('',*,*,#4748,.T.);
#4750=CARTESIAN_POINT('',(251.318025954,824.788419623,9.127664716));
#4751=VERTEX_POINT('',#4750);
#4752=CARTESIAN_POINT('',(251.318025954,824.788419623,0.526508956));
#4753=DIRECTION('',(-0.,0.,1.));
#4754=VECTOR('',#4753,8.60115576);
#4755=LINE('',#4752,#4754);
#4756=EDGE_CURVE('',#4743,#4751,#4755,.T.);
#4757=ORIENTED_EDGE('',*,*,#4756,.T.);
#4758=CARTESIAN_POINT('',(255.968025954,832.842455878,9.127833628));
#4759=VERTEX_POINT('',#4758);
#4760=CARTESIAN_POINT('',(251.318025954,824.788419623,9.127664724));
#4761=CARTESIAN_POINT('',(252.093014483,826.130739129,9.129270492));
#4762=CARTESIAN_POINT('',(252.868000604,827.473054466,9.132743115));
#4763=CARTESIAN_POINT('',(253.642994095,828.815382568,9.130500029));
#4764=CARTESIAN_POINT('',(254.03049084,829.486546619,9.129378486));
#4765=CARTESIAN_POINT('',(254.417986038,830.157707989,9.128134762));
#4766=CARTESIAN_POINT('',(254.805489526,830.828883718,9.127546263));
#4767=CARTESIAN_POINT('',(255.192993014,831.500059447,9.126957763));
#4768=CARTESIAN_POINT('',(255.580521235,832.171278016,9.128324781));
#4769=CARTESIAN_POINT('',(255.968025949,832.84245587,9.127833246));
#4770=B_SPLINE_CURVE_WITH_KNOTS('',3,(#4760,#4761,#4762,#4763,#4764,#4765,#4766,#4767,#4768,#4769),.UNSPECIFIED.,.F.,.F.,(4,3,3,4),(0.082325531,0.086975474,0.089300445,0.091625416),.UNSPECIFIED.);
#4771=EDGE_CURVE('',#4751,#4759,#4770,.T.);
#4772=ORIENTED_EDGE('',*,*,#4771,.T.);
#4773=CARTESIAN_POINT('',(255.968025954,832.842455878,9.127833628));
#4774=DIRECTION('',(0.,-0.,-1.));
#4775=VECTOR('',#4774,8.601324672);
#4776=LINE('',#4773,#4775);
#4777=EDGE_CURVE('',#4759,#4741,#4776,.T.);
#4778=ORIENTED_EDGE('',*,*,#4777,.T.);
#4779=EDGE_LOOP('',(#4749,#4757,#4772,#4778));
#4780=FACE_BOUND('',#4779,.T.);
#4781=ADVANCED_FACE('',(#4780),#4739,.F.);
#4782=OVER_RIDING_STYLED_ITEM('',(#105),#4781,#54);
#4783=CARTESIAN_POINT('',(269.75572713,826.036823431,3.126508956));
#4784=DIRECTION('',(0.5,0.866025404,0.));
#4785=DIRECTION('',(-0.,0.,1.));
#4786=AXIS2_PLACEMENT_3D('',#4783,#4784,#4785);
#4787=CYLINDRICAL_SURFACE('',#4786,0.7);
#4788=CARTESIAN_POINT('',(280.409723559,845.866497838,3.254465946));
#4789=CARTESIAN_POINT('',(280.291129924,845.608490542,3.395910418));
#4790=CARTESIAN_POINT('',(280.209935005,845.329509135,3.529772855));
#4791=CARTESIAN_POINT('',(280.17096286,845.036820202,3.635886923));
#4792=CARTESIAN_POINT('',(280.151476787,844.890475736,3.688943957));
#4793=CARTESIAN_POINT('',(280.142508481,844.738701435,3.7356793));
#4794=CARTESIAN_POINT('',(280.145983496,844.584156545,3.770040215));
#4795=CARTESIAN_POINT('',(280.149458512,844.429611654,3.804401129));
#4796=CARTESIAN_POINT('',(280.165139747,844.274460008,3.826508956));
#4797=CARTESIAN_POINT('',(280.194596218,844.117475065,3.826508956));
#4798=B_SPLINE_CURVE_WITH_KNOTS('',3,(#4788,#4789,#4790,#4791,#4792,#4793,#4794,#4795,#4796,#4797),.UNSPECIFIED.,.F.,.F.,(4,3,3,4),(0.,0.000944942,0.001417413,0.001889884),.UNSPECIFIED.);
#4799=EDGE_CURVE('',#3615,#2996,#4798,.T.);
#4800=ORIENTED_EDGE('',*,*,#4799,.F.);
#4801=ORIENTED_EDGE('',*,*,#3620,.F.);
#4802=CARTESIAN_POINT('',(272.816858042,831.3388577,3.826508956));
#4803=CARTESIAN_POINT('',(272.666176858,831.28587528,3.826508956));
#4804=CARTESIAN_POINT('',(272.523970973,831.221879805,3.804401129));
#4805=CARTESIAN_POINT('',(272.388393664,831.147616811,3.770040215));
#4806=CARTESIAN_POINT('',(272.252816355,831.073353818,3.7356793));
#4807=CARTESIAN_POINT('',(272.125860109,830.989699887,3.688943957));
#4808=CARTESIAN_POINT('',(272.008865119,830.899652219,3.635886923));
#4809=CARTESIAN_POINT('',(271.774875141,830.719556885,3.529772855));
#4810=CARTESIAN_POINT('',(271.5738673,830.509747582,3.395913628));
#4811=CARTESIAN_POINT('',(271.409723559,830.27804057,3.254465946));
#4812=B_SPLINE_CURVE_WITH_KNOTS('',3,(#4802,#4803,#4804,#4805,#4806,#4807,#4808,#4809,#4810,#4811),.UNSPECIFIED.,.F.,.F.,(4,3,3,4),(0.,0.000472471,0.000944942,0.001889884),.UNSPECIFIED.);
#4813=EDGE_CURVE('',#3014,#3606,#4812,.T.);
#4814=ORIENTED_EDGE('',*,*,#4813,.F.);
#4815=ORIENTED_EDGE('',*,*,#3019,.F.);
#4816=EDGE_LOOP('',(#4800,#4801,#4814,#4815));
#4817=FACE_BOUND('',#4816,.T.);
#4818=ADVANCED_FACE('',(#4817),#4787,.T.);
#4819=CARTESIAN_POINT('',(251.923466372,824.438031054,9.827664176));
#4820=CARTESIAN_POINT('',(251.844147266,824.483826036,9.827601512));
#4821=CARTESIAN_POINT('',(251.764879529,824.529613136,9.809335822));
#4822=CARTESIAN_POINT('',(251.618384364,824.614276121,9.739149173));
#4823=CARTESIAN_POINT('',(251.551214476,824.653118752,9.68725578));
#4824=CARTESIAN_POINT('',(251.439145745,824.717976665,9.557683905));
#4825=CARTESIAN_POINT('',(251.39429092,824.743966473,9.480056316));
#4826=CARTESIAN_POINT('',(251.333695404,824.779153775,9.310808399));
#4827=CARTESIAN_POINT('',(251.317978512,824.788337448,9.219254549));
#4828=CARTESIAN_POINT('',(251.318025954,824.788419623,9.127664724));
#4829=CARTESIAN_POINT('',(252.310959295,825.109843876,9.828467421));
#4830=CARTESIAN_POINT('',(252.23166386,825.155625185,9.828361898));
#4831=CARTESIAN_POINT('',(252.152419771,825.201381648,9.810064346));
#4832=CARTESIAN_POINT('',(252.005961336,825.285958069,9.739839158));
#4833=CARTESIAN_POINT('',(251.938804447,825.324744846,9.687939072));
#4834=CARTESIAN_POINT('',(251.826743129,825.389477729,9.558375413));
#4835=CARTESIAN_POINT('',(251.781882662,825.415398439,9.48076267));
#4836=CARTESIAN_POINT('',(251.721254079,825.450447068,9.311556874));
#4837=CARTESIAN_POINT('',(251.705509747,825.459561237,9.220030201));
#4838=CARTESIAN_POINT('',(251.705520218,825.459579376,9.128467608));
#4839=CARTESIAN_POINT('',(252.697632811,825.780496044,9.82900074));
#4840=CARTESIAN_POINT('',(252.618370489,825.826258438,9.828835461));
#4841=CARTESIAN_POINT('',(252.539180773,825.872009225,9.810493533));
#4842=CARTESIAN_POINT('',(252.392855721,825.956607228,9.740214797));
#4843=CARTESIAN_POINT('',(252.325777693,825.995421309,9.688305514));
#4844=CARTESIAN_POINT('',(252.213878344,826.060242472,9.558753649));
#4845=CARTESIAN_POINT('',(252.169100849,826.086224166,9.481161808));
#4846=CARTESIAN_POINT('',(252.108624203,826.12142245,9.312015178));
#4847=CARTESIAN_POINT('',(252.092948738,826.130625255,9.220526637));
#4848=CARTESIAN_POINT('',(252.093014828,826.130739728,9.129002249));
#4849=CARTESIAN_POINT('',(253.471349601,827.123477034,9.831302769));
#4850=CARTESIAN_POINT('',(253.39219124,827.169179753,9.830950704));
#4851=CARTESIAN_POINT('',(253.313138087,827.214853793,9.812470121));
#4852=CARTESIAN_POINT('',(253.167100539,827.299293196,9.742024109));
#4853=CARTESIAN_POINT('',(253.100173043,827.33802566,9.690086128));
#4854=CARTESIAN_POINT('',(252.988540039,827.402706064,9.560571164));
#4855=CARTESIAN_POINT('',(252.943878025,827.428628803,9.483044644));
#4856=CARTESIAN_POINT('',(252.883562482,827.463750826,9.314082873));
#4857=CARTESIAN_POINT('',(252.867932453,827.472936425,9.222713452));
#4858=CARTESIAN_POINT('',(252.868002454,827.47305767,9.131308418));
#4859=CARTESIAN_POINT('',(253.85891348,827.796413626,9.831613125));
#4860=CARTESIAN_POINT('',(253.779814853,827.842080812,9.83115331));
#4861=CARTESIAN_POINT('',(253.700819413,827.887673501,9.812592781));
#4862=CARTESIAN_POINT('',(253.554867121,827.971880848,9.742050366));
#4863=CARTESIAN_POINT('',(253.487966964,828.010462795,9.690095882));
#4864=CARTESIAN_POINT('',(253.376339167,828.074804296,9.560602291));
#4865=CARTESIAN_POINT('',(253.33165489,828.100538855,9.483113487));
#4866=CARTESIAN_POINT('',(253.27123854,828.135280972,9.314258408));
#4867=CARTESIAN_POINT('',(253.255529938,828.144275035,9.222957726));
#4868=CARTESIAN_POINT('',(253.255497349,828.144218517,9.131621572));
#4869=CARTESIAN_POINT('',(254.441106428,828.803500919,9.829932568));
#4870=CARTESIAN_POINT('',(254.361960389,828.849195108,9.82955739));
#4871=CARTESIAN_POINT('',(254.282893167,828.894805841,9.811059672));
#4872=CARTESIAN_POINT('',(254.136773065,828.979020729,9.740593028));
#4873=CARTESIAN_POINT('',(254.069777082,829.017592094,9.688651539));
#4874=CARTESIAN_POINT('',(253.95795979,829.081878602,9.559141238));
#4875=CARTESIAN_POINT('',(253.913182019,829.107568714,9.481622854));
#4876=CARTESIAN_POINT('',(253.852602987,829.142190232,9.312684071));
#4877=CARTESIAN_POINT('',(253.836825312,829.151108157,9.221329453));
#4878=CARTESIAN_POINT('',(253.836742467,829.150964593,9.129939257));
#4879=CARTESIAN_POINT('',(254.635213212,829.138569754,9.829196823));
#4880=CARTESIAN_POINT('',(254.556026174,829.184287926,9.828895497));
#4881=CARTESIAN_POINT('',(254.476908736,829.229935718,9.810452579));
#4882=CARTESIAN_POINT('',(254.330689288,829.314238408,9.74005201));
#4883=CARTESIAN_POINT('',(254.263644327,829.352860414,9.688121828));
#4884=CARTESIAN_POINT('',(254.151747972,829.417248245,9.558596849));
#4885=CARTESIAN_POINT('',(254.106940236,829.442988948,9.48105259));
#4886=CARTESIAN_POINT('',(254.046331683,829.477700026,9.312040609));
#4887=CARTESIAN_POINT('',(254.030554513,829.486656857,9.220638831));
#4888=CARTESIAN_POINT('',(254.030488597,829.486542733,9.129201373));
#4889=CARTESIAN_POINT('',(255.023320165,829.809034488,9.82825141));
#4890=CARTESIAN_POINT('',(254.944069613,829.854789615,9.828064638));
#4891=CARTESIAN_POINT('',(254.864873064,829.900492457,9.809706754));
#4892=CARTESIAN_POINT('',(254.71849468,829.984922437,9.739408761));
#4893=CARTESIAN_POINT('',(254.65137014,830.023616529,9.687496168));
#4894=CARTESIAN_POINT('',(254.539342117,830.0881455,9.557948527));
#4895=CARTESIAN_POINT('',(254.494482484,830.113955122,9.480364187));
#4896=CARTESIAN_POINT('',(254.43381634,830.148784328,9.311238787));
#4897=CARTESIAN_POINT('',(254.418033575,830.157790279,9.219763928));
#4898=CARTESIAN_POINT('',(254.417987536,830.157710584,9.128253244));
#4899=CARTESIAN_POINT('',(255.217285189,830.144554891,9.827838777));
#4900=CARTESIAN_POINT('',(255.138018854,830.190319138,9.827680552));
#4901=CARTESIAN_POINT('',(255.058800981,830.23603276,9.80934388));
#4902=CARTESIAN_POINT('',(254.912376698,830.320483324,9.739071522));
#4903=CARTESIAN_POINT('',(254.845227649,830.359187184,9.687163363));
#4904=CARTESIAN_POINT('',(254.733155101,830.423730913,9.557610189));
#4905=CARTESIAN_POINT('',(254.688275506,830.449545498,9.480015924));
#4906=CARTESIAN_POINT('',(254.627579662,830.484377538,9.310862389));
#4907=CARTESIAN_POINT('',(254.611787191,830.493381349,9.219369382));
#4908=CARTESIAN_POINT('',(254.611737782,830.493295853,9.127840512));
#4909=CARTESIAN_POINT('',(255.798387735,831.150631487,9.826956882));
#4910=CARTESIAN_POINT('',(255.719106197,831.196404701,9.826826254));
#4911=CARTESIAN_POINT('',(255.639877122,831.242145106,9.808510068));
#4912=CARTESIAN_POINT('',(255.493444608,831.326678252,9.73826241));
#4913=CARTESIAN_POINT('',(255.426298575,831.365437853,9.686358478));
#4914=CARTESIAN_POINT('',(255.314249671,831.430111391,9.55679981));
#4915=CARTESIAN_POINT('',(255.269390726,831.455999974,9.479195865));
#4916=CARTESIAN_POINT('',(255.208753274,831.490985602,9.310014951));
#4917=CARTESIAN_POINT('',(255.192998539,831.500068933,9.218504306));
#4918=CARTESIAN_POINT('',(255.192993014,831.500059447,9.126957763));
#4919=CARTESIAN_POINT('',(256.184797463,831.820704909,9.828324907));
#4920=CARTESIAN_POINT('',(256.105544668,831.86646185,9.828142538));
#4921=CARTESIAN_POINT('',(256.02637332,831.912215777,9.809787873));
#4922=CARTESIAN_POINT('',(255.880097157,831.996838368,9.739493627));
#4923=CARTESIAN_POINT('',(255.813049606,832.035673902,9.687581566));
#4924=CARTESIAN_POINT('',(255.701216351,832.100554406,9.558032697));
#4925=CARTESIAN_POINT('',(255.656474427,832.126573975,9.480446605));
#4926=CARTESIAN_POINT('',(255.596067057,832.161859618,9.3113164));
#4927=CARTESIAN_POINT('',(255.580425258,832.171111878,9.219838498));
#4928=CARTESIAN_POINT('',(255.580521235,832.171278016,9.128324781));
#4929=CARTESIAN_POINT('',(256.573512298,832.493391218,9.827832621));
#4930=CARTESIAN_POINT('',(256.494238066,832.53916011,9.82768863));
#4931=CARTESIAN_POINT('',(256.4150139,832.584886771,9.809362502));
#4932=CARTESIAN_POINT('',(256.268583516,832.669376895,9.739102799));
#4933=CARTESIAN_POINT('',(256.201434683,832.708107248,9.687196759));
#4934=CARTESIAN_POINT('',(256.08937104,832.772712266,9.557640609));
#4935=CARTESIAN_POINT('',(256.044500147,832.798561613,9.480041272));
#4936=CARTESIAN_POINT('',(255.983830218,832.833465425,9.310873462));
#4937=CARTESIAN_POINT('',(255.968054957,832.842506212,9.219371286));
#4938=CARTESIAN_POINT('',(255.968025949,832.84245587,9.127833246));
#4939=B_SPLINE_SURFACE_WITH_KNOTS('',3,3,((#4819,#4820,#4821,#4822,#4823,#4824,#4825,#4826,#4827,#4828),(#4829,#4830,#4831,#4832,#4833,#4834,#4835,#4836,#4837,#4838),(#4839,#4840,#4841,#4842,#4843,#4844,#4845,#4846,#4847,#4848),(#4849,#4850,#4851,#4852,#4853,#4854,#4855,#4856,#4857,#4858),(#4859,#4860,#4861,#4862,#4863,#4864,#4865,#4866,#4867,#4868),(#4869,#4870,#4871,#4872,#4873,#4874,#4875,#4876,#4877,#4878),(#4879,#4880,#4881,#4882,#4883,#4884,#4885,#4886,#4887,#4888),(#4889,#4890,#4891,#4892,#4893,#4894,#4895,#4896,#4897,#4898),(#4899,#4900,#4901,#4902,#4903,#4904,#4905,#4906,#4907,#4908),(#4909,#4910,#4911,#4912,#4913,#4914,#4915,#4916,#4917,#4918),(#4919,#4920,#4921,#4922,#4923,#4924,#4925,#4926,#4927,#4928),(#4929,#4930,#4931,#4932,#4933,#4934,#4935,#4936,#4937,#4938)),.UNSPECIFIED.,.F.,.F.,.U.,(4,2,2,2,2,4),(4,2,2,2,4),(0.082325531,0.084650502,0.086975474,0.088137959,0.089300445,0.091625416),(0.,0.25,0.5,0.75,1.),.UNSPECIFIED.);
#4940=ORIENTED_EDGE('',*,*,#4771,.F.);
#4941=CARTESIAN_POINT('',(251.924243737,824.438419623,9.127664716));
#4942=DIRECTION('',(0.499999732,0.866024939,0.001035994));
#4943=DIRECTION('',(-0.866025404,0.5,0.));
#4944=AXIS2_PLACEMENT_3D('',#4941,#4942,#4943);
#4945=CIRCLE('',#4944,0.7);
#4946=EDGE_CURVE('',#4751,#1379,#4945,.T.);
#4947=ORIENTED_EDGE('',*,*,#4946,.T.);
#4948=ORIENTED_EDGE('',*,*,#1385,.F.);
#4949=CARTESIAN_POINT('',(256.574243737,832.492455878,9.127833628));
#4950=DIRECTION('',(-0.499999899,-0.86602523,0.000634231));
#4951=DIRECTION('',(-0.866025404,0.5,-0.));
#4952=AXIS2_PLACEMENT_3D('',#4949,#4950,#4951);
#4953=CIRCLE('',#4952,0.7);
#4954=EDGE_CURVE('',#1370,#4759,#4953,.T.);
#4955=ORIENTED_EDGE('',*,*,#4954,.T.);
#4956=EDGE_LOOP('',(#4940,#4947,#4948,#4955));
#4957=FACE_BOUND('',#4956,.T.);
#4958=ADVANCED_FACE('',(#4957),#4939,.T.);
#4959=CARTESIAN_POINT('',(271.203289551,825.201072878,7.326508956));
#4960=DIRECTION('',(0.5,0.866025404,0.));
#4961=DIRECTION('',(-0.,0.,1.));
#4962=AXIS2_PLACEMENT_3D('',#4959,#4960,#4961);
#4963=CYLINDRICAL_SURFACE('',#4962,2.5);
#4964=ORIENTED_EDGE('',*,*,#3767,.F.);
#4965=ORIENTED_EDGE('',*,*,#3661,.F.);
#4966=CARTESIAN_POINT('',(282.953289551,845.552669867,7.326508956));
#4967=DIRECTION('',(-0.5,-0.866025404,-0.));
#4968=DIRECTION('',(0.,-0.,-1.));
#4969=AXIS2_PLACEMENT_3D('',#4966,#4967,#4968);
#4970=CIRCLE('',#4969,2.5);
#4971=EDGE_CURVE('',#2722,#3632,#4970,.T.);
#4972=ORIENTED_EDGE('',*,*,#4971,.F.);
#4973=ORIENTED_EDGE('',*,*,#2880,.F.);
#4974=CARTESIAN_POINT('',(285.203289551,849.449784184,9.826508956));
#4975=CARTESIAN_POINT('',(285.030846001,849.456151633,9.826508956));
#4976=CARTESIAN_POINT('',(284.860085197,849.462431672,9.81272078));
#4977=CARTESIAN_POINT('',(284.691355886,849.470987068,9.784949581));
#4978=CARTESIAN_POINT('',(284.522626575,849.479542464,9.757178382));
#4979=CARTESIAN_POINT('',(284.354443877,849.490411623,9.714858301));
#4980=CARTESIAN_POINT('',(284.193791545,849.506456631,9.65788976));
#4981=CARTESIAN_POINT('',(284.033139212,849.522501639,9.600921219));
#4982=CARTESIAN_POINT('',(283.879295884,849.543404927,9.529609015));
#4983=CARTESIAN_POINT('',(283.734591247,849.575280803,9.440423264));
#4984=CARTESIAN_POINT('',(283.589886611,849.607156679,9.351237513));
#4985=CARTESIAN_POINT('',(283.45921837,849.648433773,9.247183734));
#4986=CARTESIAN_POINT('',(283.350791631,849.71103398,9.126508956));
#4987=B_SPLINE_CURVE_WITH_KNOTS('',3,(#4974,#4975,#4976,#4977,#4978,#4979,#4980,#4981,#4982,#4983,#4984,#4985,#4986),.UNSPECIFIED.,.F.,.F.,(4,3,3,3,4),(0.,0.000514105,0.001028209,0.001542314,0.002056419),.UNSPECIFIED.);
#4988=EDGE_CURVE('',#2869,#3761,#4987,.T.);
#4989=ORIENTED_EDGE('',*,*,#4988,.T.);
#4990=EDGE_LOOP('',(#4964,#4965,#4972,#4973,#4989));
#4991=FACE_BOUND('',#4990,.T.);
#4992=ADVANCED_FACE('',(#4991),#4963,.T.);
#4993=CARTESIAN_POINT('',(314.958407011,832.270659108,9.126508956));
#4994=DIRECTION('',(-0.866025404,0.5,-0.));
#4995=DIRECTION('',(0.5,0.866025404,0.));
#4996=AXIS2_PLACEMENT_3D('',#4993,#4994,#4995);
#4997=CYLINDRICAL_SURFACE('',#4996,0.7);
#4998=ORIENTED_EDGE('',*,*,#4988,.F.);
#4999=ORIENTED_EDGE('',*,*,#2874,.F.);
#5000=ORIENTED_EDGE('',*,*,#3483,.F.);
#5001=ORIENTED_EDGE('',*,*,#3773,.F.);
#5002=EDGE_LOOP('',(#4998,#4999,#5000,#5001));
#5003=FACE_BOUND('',#5002,.T.);
#5004=ADVANCED_FACE('',(#5003),#4997,.T.);
#5005=CARTESIAN_POINT('',(271.531880345,840.599818163,9.126508956));
#5006=DIRECTION('',(-0.5,-0.866025404,-0.));
#5007=DIRECTION('',(0.,-0.,-1.));
#5008=AXIS2_PLACEMENT_3D('',#5005,#5006,#5007);
#5009=CYLINDRICAL_SURFACE('',#5008,0.7);
#5010=CARTESIAN_POINT('',(282.631880345,859.825582127,9.126508956));
#5011=DIRECTION('',(0.258819045,-0.965925826,0.));
#5012=DIRECTION('',(-0.965925826,-0.258819045,-0.));
#5013=AXIS2_PLACEMENT_3D('',#5010,#5011,#5012);
#5014=ELLIPSE('',#5013,0.989949494,0.7);
#5015=EDGE_CURVE('',#2853,#3504,#5014,.T.);
#5016=ORIENTED_EDGE('',*,*,#5015,.T.);
#5017=ORIENTED_EDGE('',*,*,#3509,.F.);
#5018=ORIENTED_EDGE('',*,*,#3490,.F.);
#5019=ORIENTED_EDGE('',*,*,#2866,.F.);
#5020=EDGE_LOOP('',(#5016,#5017,#5018,#5019));
#5021=FACE_BOUND('',#5020,.T.);
#5022=ADVANCED_FACE('',(#5021),#5009,.T.);
#5023=CARTESIAN_POINT('',(318.808407011,838.939054717,9.126508956));
#5024=DIRECTION('',(-0.866025404,0.5,-0.));
#5025=DIRECTION('',(0.5,0.866025404,0.));
#5026=AXIS2_PLACEMENT_3D('',#5023,#5024,#5025);
#5027=CYLINDRICAL_SURFACE('',#5026,0.7);
#5028=CARTESIAN_POINT('',(276.742907599,863.225582127,9.126508956));
#5029=DIRECTION('',(0.965925826,0.258819045,0.));
#5030=DIRECTION('',(-0.258819045,0.965925826,-0.));
#5031=AXIS2_PLACEMENT_3D('',#5028,#5029,#5030);
#5032=ELLIPSE('',#5031,0.989949494,0.7);
#5033=EDGE_CURVE('',#2845,#3527,#5032,.T.);
#5034=ORIENTED_EDGE('',*,*,#5033,.T.);
#5035=ORIENTED_EDGE('',*,*,#3532,.F.);
#5036=ORIENTED_EDGE('',*,*,#5015,.F.);
#5037=ORIENTED_EDGE('',*,*,#2858,.F.);
#5038=EDGE_LOOP('',(#5034,#5035,#5036,#5037));
#5039=FACE_BOUND('',#5038,.T.);
#5040=ADVANCED_FACE('',(#5039),#5027,.T.);
#5041=CARTESIAN_POINT('',(265.642907599,843.999818163,9.126508956));
#5042=DIRECTION('',(0.5,0.866025404,0.));
#5043=DIRECTION('',(-0.,0.,1.));
#5044=AXIS2_PLACEMENT_3D('',#5041,#5042,#5043);
#5045=CYLINDRICAL_SURFACE('',#5044,0.7);
#5046=ORIENTED_EDGE('',*,*,#5033,.F.);
#5047=ORIENTED_EDGE('',*,*,#2850,.F.);
#5048=ORIENTED_EDGE('',*,*,#3585,.F.);
#5049=ORIENTED_EDGE('',*,*,#3562,.F.);
#5050=EDGE_LOOP('',(#5046,#5047,#5048,#5049));
#5051=FACE_BOUND('',#5050,.T.);
#5052=ADVANCED_FACE('',(#5051),#5045,.T.);
#5053=CARTESIAN_POINT('',(314.958407011,832.270659108,9.126508956));
#5054=DIRECTION('',(-0.866025404,0.5,-0.));
#5055=DIRECTION('',(0.5,0.866025404,0.));
#5056=AXIS2_PLACEMENT_3D('',#5053,#5054,#5055);
#5057=CYLINDRICAL_SURFACE('',#5056,0.7);
#5058=ORIENTED_EDGE('',*,*,#2842,.F.);
#5059=CARTESIAN_POINT('',(271.074243737,857.607192588,9.126508956));
#5060=DIRECTION('',(0.866025404,-0.5,0.));
#5061=DIRECTION('',(0.5,0.866025404,0.));
#5062=AXIS2_PLACEMENT_3D('',#5059,#5060,#5061);
#5063=CIRCLE('',#5062,0.7);
#5064=EDGE_CURVE('',#2829,#3735,#5063,.T.);
#5065=ORIENTED_EDGE('',*,*,#5064,.T.);
#5066=ORIENTED_EDGE('',*,*,#3782,.F.);
#5067=ORIENTED_EDGE('',*,*,#3592,.F.);
#5068=EDGE_LOOP('',(#5058,#5065,#5066,#5067));
#5069=FACE_BOUND('',#5068,.T.);
#5070=ADVANCED_FACE('',(#5069),#5057,.T.);
#5071=CARTESIAN_POINT('',(263.218025954,845.399824233,9.826508956));
#5072=DIRECTION('',(0.866025404,-0.5,0.));
#5073=DIRECTION('',(-0.5,-0.866025404,-0.));
#5074=AXIS2_PLACEMENT_3D('',#5071,#5072,#5073);
#5075=PLANE('',#5074);
#5076=CARTESIAN_POINT('',(270.468025954,857.957192588,9.126508956));
#5077=VERTEX_POINT('',#5076);
#5078=CARTESIAN_POINT('',(275.118025954,866.011228843,9.126508956));
#5079=VERTEX_POINT('',#5078);
#5080=CARTESIAN_POINT('',(270.468025954,857.957192588,9.126508956));
#5081=DIRECTION('',(0.5,0.866025404,0.));
#5082=VECTOR('',#5081,9.3);
#5083=LINE('',#5080,#5082);
#5084=EDGE_CURVE('',#5077,#5079,#5083,.T.);
#5085=ORIENTED_EDGE('',*,*,#5084,.T.);
#5086=CARTESIAN_POINT('',(275.118025954,866.011228843,0.526508956));
#5087=VERTEX_POINT('',#5086);
#5088=CARTESIAN_POINT('',(275.118025954,866.011228843,9.126508956));
#5089=DIRECTION('',(0.,-0.,-1.));
#5090=VECTOR('',#5089,8.6);
#5091=LINE('',#5088,#5090);
#5092=EDGE_CURVE('',#5079,#5087,#5091,.T.);
#5093=ORIENTED_EDGE('',*,*,#5092,.T.);
#5094=CARTESIAN_POINT('',(270.468025954,857.957192588,0.526508956));
#5095=VERTEX_POINT('',#5094);
#5096=CARTESIAN_POINT('',(275.118025954,866.011228843,0.526508956));
#5097=DIRECTION('',(-0.5,-0.866025404,-0.));
#5098=VECTOR('',#5097,9.3);
#5099=LINE('',#5096,#5098);
#5100=EDGE_CURVE('',#5087,#5095,#5099,.T.);
#5101=ORIENTED_EDGE('',*,*,#5100,.T.);
#5102=CARTESIAN_POINT('',(270.468025954,857.957192588,0.526508956));
#5103=DIRECTION('',(-0.,0.,1.));
#5104=VECTOR('',#5103,8.6);
#5105=LINE('',#5102,#5104);
#5106=EDGE_CURVE('',#5095,#5077,#5105,.T.);
#5107=ORIENTED_EDGE('',*,*,#5106,.T.);
#5108=EDGE_LOOP('',(#5085,#5093,#5101,#5107));
#5109=FACE_BOUND('',#5108,.T.);
#5110=ADVANCED_FACE('',(#5109),#5075,.F.);
#5111=OVER_RIDING_STYLED_ITEM('',(#105),#5110,#54);
#5112=CARTESIAN_POINT('',(273.087393972,850.094046797,4.826508956));
#5113=DIRECTION('',(0.5,0.866025404,0.));
#5114=DIRECTION('',(-0.,0.,1.));
#5115=AXIS2_PLACEMENT_3D('',#5112,#5113,#5114);
#5116=TOROIDAL_SURFACE('',#5115,11.1,2.5);
#5117=CARTESIAN_POINT('',(282.612098692,844.594955963,6.326508956));
#5118=DIRECTION('',(0.11703046,-0.067567568,-0.990827177));
#5119=DIRECTION('',(-0.858081506,0.495413589,-0.135135135));
#5120=AXIS2_PLACEMENT_3D('',#5117,#5118,#5119);
#5121=CIRCLE('',#5120,2.5);
#5122=EDGE_CURVE('',#2705,#3623,#5121,.T.);
#5123=ORIENTED_EDGE('',*,*,#5122,.T.);
#5124=ORIENTED_EDGE('',*,*,#3629,.F.);
#5125=ORIENTED_EDGE('',*,*,#4799,.T.);
#5126=ORIENTED_EDGE('',*,*,#3011,.F.);
#5127=ORIENTED_EDGE('',*,*,#2785,.F.);
#5128=EDGE_LOOP('',(#5123,#5124,#5125,#5126,#5127));
#5129=FACE_BOUND('',#5128,.T.);
#5130=ADVANCED_FACE('',(#5129),#5116,.T.);
#5131=CARTESIAN_POINT('',(264.087393972,834.505589528,4.826508956));
#5132=DIRECTION('',(0.5,0.866025404,0.));
#5133=DIRECTION('',(-0.,0.,1.));
#5134=AXIS2_PLACEMENT_3D('',#5131,#5132,#5133);
#5135=TOROIDAL_SURFACE('',#5134,11.1,2.5);
#5136=ORIENTED_EDGE('',*,*,#3035,.F.);
#5137=ORIENTED_EDGE('',*,*,#4813,.T.);
#5138=ORIENTED_EDGE('',*,*,#3612,.F.);
#5139=CARTESIAN_POINT('',(273.555223353,829.039335687,6.747518));
#5140=DIRECTION('',(-0.149877715,0.086531939,0.984910602));
#5141=DIRECTION('',(0.988618835,0.,0.150442011));
#5142=AXIS2_PLACEMENT_3D('',#5139,#5140,#5141);
#5143=CIRCLE('',#5142,2.5);
#5144=EDGE_CURVE('',#1610,#3604,#5143,.T.);
#5145=ORIENTED_EDGE('',*,*,#5144,.F.);
#5146=ORIENTED_EDGE('',*,*,#1665,.F.);
#5147=EDGE_LOOP('',(#5136,#5137,#5138,#5145,#5146));
#5148=FACE_BOUND('',#5147,.T.);
#5149=ADVANCED_FACE('',(#5148),#5135,.T.);
#5150=CARTESIAN_POINT('',(272.389198204,828.185984003,10.184256747));
#5151=CARTESIAN_POINT('',(272.086410616,828.356459591,10.132210287));
#5152=CARTESIAN_POINT('',(271.796774852,828.527328371,10.006175728));
#5153=CARTESIAN_POINT('',(271.293958271,828.840265858,9.627953676));
#5154=CARTESIAN_POINT('',(271.081040054,828.982171131,9.37596371));
#5155=CARTESIAN_POINT('',(270.76905122,829.212283391,8.789858607));
#5156=CARTESIAN_POINT('',(270.670143542,829.300370199,8.456049566));
#5157=CARTESIAN_POINT('',(270.603627878,829.407352647,7.764718346));
#5158=CARTESIAN_POINT('',(270.636054631,829.426192414,7.407557218));
#5159=CARTESIAN_POINT('',(270.73135861,829.408749624,7.069822214));
#5160=CARTESIAN_POINT('',(272.465987748,828.324218233,10.198655894));
#5161=CARTESIAN_POINT('',(272.163891521,828.496389718,10.146917151));
#5162=CARTESIAN_POINT('',(271.873302816,828.665991079,10.020802175));
#5163=CARTESIAN_POINT('',(271.365507207,828.970656779,9.641678898));
#5164=CARTESIAN_POINT('',(271.148566044,829.105561667,9.388869001));
#5165=CARTESIAN_POINT('',(270.826198152,829.317131572,8.800571178));
#5166=CARTESIAN_POINT('',(270.720940117,829.393685849,8.465391121));
#5167=CARTESIAN_POINT('',(270.64051894,829.475062046,7.771063941));
#5168=CARTESIAN_POINT('',(270.665397871,829.479841351,7.412280174));
#5169=CARTESIAN_POINT('',(270.753209633,829.448296413,7.072969367));
#5170=CARTESIAN_POINT('',(272.544439675,828.461446895,10.202347872));
#5171=CARTESIAN_POINT('',(272.243226288,828.635280904,10.150694632));
#5172=CARTESIAN_POINT('',(271.951831604,828.803589624,10.024563955));
#5173=CARTESIAN_POINT('',(271.439199777,829.099976345,9.645215426));
#5174=CARTESIAN_POINT('',(271.21823106,829.227899159,9.392196207));
#5175=CARTESIAN_POINT('',(270.885298442,829.421025852,8.803334626));
#5176=CARTESIAN_POINT('',(270.773508876,829.486128616,8.467800601));
#5177=CARTESIAN_POINT('',(270.67866511,829.542126823,7.772698696));
#5178=CARTESIAN_POINT('',(270.69566058,829.532992957,7.413494783));
#5179=CARTESIAN_POINT('',(270.775600457,829.487518466,7.073776075));
#5180=CARTESIAN_POINT('',(272.682101078,828.695662165,10.190735189));
#5181=CARTESIAN_POINT('',(272.382652461,828.872147657,10.138829988));
#5182=CARTESIAN_POINT('',(272.090063806,829.038076437,10.012761342));
#5183=CARTESIAN_POINT('',(271.569292192,829.320076442,9.634136291));
#5184=CARTESIAN_POINT('',(271.341381466,829.436000256,9.38177781));
#5185=CARTESIAN_POINT('',(270.989991794,829.597614081,8.794685506));
#5186=CARTESIAN_POINT('',(270.86669654,829.643219614,8.460258582));
#5187=CARTESIAN_POINT('',(270.746264173,829.656128065,7.767576636));
#5188=CARTESIAN_POINT('',(270.74919002,829.623424241,7.409683708));
#5189=CARTESIAN_POINT('',(270.815004647,829.554395338,7.071238079));
#5190=CARTESIAN_POINT('',(272.740660608,828.793324417,10.180386864));
#5191=CARTESIAN_POINT('',(272.44202605,828.970859084,10.128257182));
#5192=CARTESIAN_POINT('',(272.148994283,829.135742773,10.002243833));
#5193=CARTESIAN_POINT('',(271.624862051,829.411666008,9.624263486));
#5194=CARTESIAN_POINT('',(271.39403517,829.522561537,9.372493781));
#5195=CARTESIAN_POINT('',(271.034818028,829.671024669,8.786978053));
#5196=CARTESIAN_POINT('',(270.906615275,829.708514795,8.453537649));
#5197=CARTESIAN_POINT('',(270.77521507,829.703523935,7.7630121));
#5198=CARTESIAN_POINT('',(270.772086216,829.661045576,7.406287386));
#5199=CARTESIAN_POINT('',(270.83180002,829.582261848,7.068976204));
#5200=CARTESIAN_POINT('',(272.859419236,828.98744193,10.14849777));
#5201=CARTESIAN_POINT('',(272.562520544,829.166886487,10.095694993));
#5202=CARTESIAN_POINT('',(272.268687219,829.329539854,9.969865991));
#5203=CARTESIAN_POINT('',(271.737902829,829.593170624,9.593888947));
#5204=CARTESIAN_POINT('',(271.501227564,829.694011052,9.343936261));
#5205=CARTESIAN_POINT('',(271.126190457,829.816325608,8.763274688));
#5206=CARTESIAN_POINT('',(270.988023495,829.837736198,8.432867512));
#5207=CARTESIAN_POINT('',(270.83425817,829.797367467,7.748968642));
#5208=CARTESIAN_POINT('',(270.818739718,829.735609143,7.395832299));
#5209=CARTESIAN_POINT('',(270.865926258,829.637611295,7.062006066));
#5210=CARTESIAN_POINT('',(272.919845014,829.084230975,10.126806237));
#5211=CARTESIAN_POINT('',(272.623871626,829.264537821,10.073552233));
#5212=CARTESIAN_POINT('',(272.329678663,829.426000689,9.947853566));
#5213=CARTESIAN_POINT('',(271.795590707,829.683392713,9.573245053));
#5214=CARTESIAN_POINT('',(271.55597238,829.77918855,9.324529251));
#5215=CARTESIAN_POINT('',(271.172912928,829.888460332,8.747168019));
#5216=CARTESIAN_POINT('',(271.029670244,829.901879699,8.418821654));
#5217=CARTESIAN_POINT('',(270.864464437,829.843973517,7.739423788));
#5218=CARTESIAN_POINT('',(270.842586913,829.772677996,7.388724206));
#5219=CARTESIAN_POINT('',(270.883322295,829.665189377,7.057264618));
#5220=CARTESIAN_POINT('',(273.099729586,829.366586214,10.046152362));
#5221=CARTESIAN_POINT('',(272.806566724,829.549069437,9.991292451));
#5222=CARTESIAN_POINT('',(272.511389867,829.706773735,9.866131836));
#5223=CARTESIAN_POINT('',(271.967633849,829.945578488,9.496675044));
#5224=CARTESIAN_POINT('',(271.719333201,830.026556684,9.252568076));
#5225=CARTESIAN_POINT('',(271.31247592,830.097782567,8.6874614));
#5226=CARTESIAN_POINT('',(271.154127724,830.087993873,8.366751086));
#5227=CARTESIAN_POINT('',(270.954756644,829.979301891,7.704017736));
#5228=CARTESIAN_POINT('',(270.913835959,829.880454402,7.362334081));
#5229=CARTESIAN_POINT('',(270.935193281,829.745587834,7.03963232));
#5230=CARTESIAN_POINT('',(273.218931591,829.546097046,9.971615514));
#5231=CARTESIAN_POINT('',(272.927700743,829.729500141,9.915343456));
#5232=CARTESIAN_POINT('',(272.631982979,829.884424819,9.790733723));
#5233=CARTESIAN_POINT('',(272.082035747,830.110884106,9.426101472));
#5234=CARTESIAN_POINT('',(271.828085067,830.18230401,9.186263732));
#5235=CARTESIAN_POINT('',(271.405569774,830.229346875,8.632465399));
#5236=CARTESIAN_POINT('',(271.237219418,830.204946137,8.318785416));
#5237=CARTESIAN_POINT('',(271.015071102,830.064478485,7.671381151));
#5238=CARTESIAN_POINT('',(270.961385883,829.948482957,7.337984894));
#5239=CARTESIAN_POINT('',(270.969676709,829.796630859,7.023334575));
#5240=CARTESIAN_POINT('',(273.396552709,829.802523254,9.829007366));
#5241=CARTESIAN_POINT('',(273.108067122,829.986402549,9.770451352));
#5242=CARTESIAN_POINT('',(272.811507998,830.136676541,9.647204888));
#5243=CARTESIAN_POINT('',(272.252381498,830.344608197,9.292167861));
#5244=CARTESIAN_POINT('',(271.99009223,830.40216246,9.060553876));
#5245=CARTESIAN_POINT('',(271.544407855,830.414719692,8.528292056));
#5246=CARTESIAN_POINT('',(271.361234445,830.369716451,8.227908932));
#5247=CARTESIAN_POINT('',(271.105196548,830.184758468,7.60942113));
#5248=CARTESIAN_POINT('',(271.032459444,830.044895766,7.291624044));
#5249=CARTESIAN_POINT('',(271.021154609,829.869474598,6.992137078));
#5250=CARTESIAN_POINT('',(273.455717218,829.886065109,9.77614086));
#5251=CARTESIAN_POINT('',(273.168124483,830.069953002,9.716794042));
#5252=CARTESIAN_POINT('',(272.871280004,830.218592787,9.594094326));
#5253=CARTESIAN_POINT('',(272.309104979,830.420331897,9.242663165));
#5254=CARTESIAN_POINT('',(272.044052128,830.473331595,9.014105293));
#5255=CARTESIAN_POINT('',(271.590677871,830.474663711,8.489814119));
#5256=CARTESIAN_POINT('',(271.402580434,830.422995511,8.194339756));
#5257=CARTESIAN_POINT('',(271.13526164,830.223700384,7.58651662));
#5258=CARTESIAN_POINT('',(271.056172365,830.076171948,7.274468037));
#5259=CARTESIAN_POINT('',(271.038318249,829.893193864,6.980570083));
#5260=CARTESIAN_POINT('',(273.57290909,830.04771504,9.660371809));
#5261=CARTESIAN_POINT('',(273.28700995,830.231322876,9.599465028));
#5262=CARTESIAN_POINT('',(272.989561778,830.376562456,9.478089085));
#5263=CARTESIAN_POINT('',(272.421325646,830.566009984,9.134702637));
#5264=CARTESIAN_POINT('',(272.150814261,830.61012575,8.912859244));
#5265=CARTESIAN_POINT('',(271.682258529,830.589764153,8.405980766));
#5266=CARTESIAN_POINT('',(271.484442258,830.525296739,8.121192351));
#5267=CARTESIAN_POINT('',(271.194827199,830.29857688,7.536554252));
#5268=CARTESIAN_POINT('',(271.10316941,830.13643483,7.236989074));
#5269=CARTESIAN_POINT('',(271.072329672,829.9390747,6.955231991));
#5270=CARTESIAN_POINT('',(273.63048087,830.125211678,9.597947434));
#5271=CARTESIAN_POINT('',(273.34537622,830.308532554,9.536277565));
#5272=CARTESIAN_POINT('',(273.047612332,830.452019488,9.415672929));
#5273=CARTESIAN_POINT('',(272.476387571,830.635415074,9.076691852));
#5274=CARTESIAN_POINT('',(272.20320257,830.675235183,8.858479095));
#5275=CARTESIAN_POINT('',(271.727214337,830.644486889,8.360970935));
#5276=CARTESIAN_POINT('',(271.524641001,830.573933373,8.081915753));
#5277=CARTESIAN_POINT('',(271.224097065,830.334228897,7.509702695));
#5278=CARTESIAN_POINT('',(271.126271646,830.165193745,7.216821104));
#5279=CARTESIAN_POINT('',(271.089045891,829.961062363,6.94156594));
#5280=CARTESIAN_POINT('',(273.800126001,830.347904925,9.397243284));
#5281=CARTESIAN_POINT('',(273.51722191,830.52997143,9.333427634));
#5282=CARTESIAN_POINT('',(273.21844271,830.668080221,9.215528528));
#5283=CARTESIAN_POINT('',(272.638335267,830.833644575,8.890975598));
#5284=CARTESIAN_POINT('',(272.357280464,830.861022204,8.684474655));
#5285=CARTESIAN_POINT('',(271.85945719,830.800470985,8.217018258));
#5286=CARTESIAN_POINT('',(271.642923448,830.712570829,7.956282952));
#5287=CARTESIAN_POINT('',(271.310280847,830.436011261,7.423717595));
#5288=CARTESIAN_POINT('',(271.194328922,830.247482378,7.152138328));
#5289=CARTESIAN_POINT('',(271.138301292,830.024235576,6.897613743));
#5290=CARTESIAN_POINT('',(273.909930377,830.484197819,9.244141632));
#5291=CARTESIAN_POINT('',(273.62825063,830.664883191,9.179087814));
#5292=CARTESIAN_POINT('',(273.328692135,830.79921313,9.063545071));
#5293=CARTESIAN_POINT('',(272.742723891,830.953236913,8.750340818));
#5294=CARTESIAN_POINT('',(272.456585521,830.972859521,8.552824236));
#5295=CARTESIAN_POINT('',(271.944720966,830.894132164,8.108194541));
#5296=CARTESIAN_POINT('',(271.719231903,830.795818779,7.861287118));
#5297=CARTESIAN_POINT('',(271.365964329,830.497355335,7.358575977));
#5298=CARTESIAN_POINT('',(271.238349548,830.297343627,7.103004787));
#5299=CARTESIAN_POINT('',(271.170178226,830.062885306,6.864068062));
#5300=CARTESIAN_POINT('',(274.114113531,830.72221589,8.912021672));
#5301=CARTESIAN_POINT('',(273.834281425,830.899555418,8.845349671));
#5302=CARTESIAN_POINT('',(273.532974972,831.026553881,8.735693621));
#5303=CARTESIAN_POINT('',(272.935769668,831.159492446,8.448007459));
#5304=CARTESIAN_POINT('',(272.640137894,831.165373191,8.270105882));
#5305=CARTESIAN_POINT('',(272.102267063,831.055023358,7.874722625));
#5306=CARTESIAN_POINT('',(271.860268613,830.938842248,7.65741754));
#5307=CARTESIAN_POINT('',(271.468994137,830.603125317,7.218434085));
#5308=CARTESIAN_POINT('',(271.319893216,830.383739757,6.996951748));
#5309=CARTESIAN_POINT('',(271.229300268,830.130437829,6.791239254));
#5310=CARTESIAN_POINT('',(274.209223916,830.825016239,8.732488821));
#5311=CARTESIAN_POINT('',(273.930029484,831.000394584,8.66542341));
#5312=CARTESIAN_POINT('',(273.627753545,831.123821912,8.559298778));
#5313=CARTESIAN_POINT('',(273.025137835,831.247139119,8.285812154));
#5314=CARTESIAN_POINT('',(272.725062898,831.246974872,8.118570223));
#5315=CARTESIAN_POINT('',(272.175131814,831.123033434,7.749685698));
#5316=CARTESIAN_POINT('',(271.925517392,830.999310786,7.548204992));
#5317=CARTESIAN_POINT('',(271.516718171,830.648056242,7.143204493));
#5318=CARTESIAN_POINT('',(271.357713117,830.420678783,6.939862403));
#5319=CARTESIAN_POINT('',(271.256758801,830.159645318,6.751843937));
#5320=CARTESIAN_POINT('',(274.341128422,830.954772519,8.442681436));
#5321=CARTESIAN_POINT('',(274.062537913,831.127135462,8.375770055));
#5322=CARTESIAN_POINT('',(273.758704774,831.245633841,8.275910945));
#5323=CARTESIAN_POINT('',(273.148314113,831.356275369,8.025993111));
#5324=CARTESIAN_POINT('',(272.842018243,831.348371107,7.876041486));
#5325=CARTESIAN_POINT('',(272.275374426,831.207356684,7.549720517));
#5326=CARTESIAN_POINT('',(272.015269389,831.074306989,7.373490999));
#5327=CARTESIAN_POINT('',(271.582382084,830.704039153,7.022590599));
#5328=CARTESIAN_POINT('',(271.4097854,830.46697975,6.848070064));
#5329=CARTESIAN_POINT('',(271.294602664,830.196627977,6.688192846));
#5330=CARTESIAN_POINT('',(274.383466142,830.994056583,8.342123584));
#5331=CARTESIAN_POINT('',(274.105018662,831.165397336,8.275388654));
#5332=CARTESIAN_POINT('',(273.800647236,831.282318088,8.177791599));
#5333=CARTESIAN_POINT('',(273.187711979,831.389014253,7.936152538));
#5334=CARTESIAN_POINT('',(272.879408766,831.378744313,7.792213244));
#5335=CARTESIAN_POINT('',(272.30740305,831.232577561,7.480628012));
#5336=CARTESIAN_POINT('',(272.04394377,831.096742913,7.313114506));
#5337=CARTESIAN_POINT('',(271.603363794,830.720839988,6.980868016));
#5338=CARTESIAN_POINT('',(271.426430448,830.480931555,6.816276237));
#5339=CARTESIAN_POINT('',(271.306706076,830.207847989,6.666097996));
#5340=CARTESIAN_POINT('',(274.462753843,831.062740474,8.138025904));
#5341=CARTESIAN_POINT('',(274.184489587,831.232112218,8.071880774));
#5342=CARTESIAN_POINT('',(273.879042777,831.346132255,7.979039311));
#5343=CARTESIAN_POINT('',(273.261250814,831.445751045,7.754389897));
#5344=CARTESIAN_POINT('',(272.949164358,831.431308096,7.622675986));
#5345=CARTESIAN_POINT('',(272.367109848,831.276163164,7.340934531));
#5346=CARTESIAN_POINT('',(272.097385535,831.13552616,7.191024912));
#5347=CARTESIAN_POINT('',(271.642459796,830.749979474,6.89641871));
#5348=CARTESIAN_POINT('',(271.457448884,830.50523125,6.751845426));
#5349=CARTESIAN_POINT('',(271.329266461,830.227525792,6.621232381));
#5350=CARTESIAN_POINT('',(274.49987975,831.09233582,8.034171087));
#5351=CARTESIAN_POINT('',(274.221657,831.260757163,7.968438214));
#5352=CARTESIAN_POINT('',(273.915671412,831.373447429,7.878096195));
#5353=CARTESIAN_POINT('',(273.295557483,831.469916035,7.662182238));
#5354=CARTESIAN_POINT('',(272.981686949,831.453654277,7.536700038));
#5355=CARTESIAN_POINT('',(272.394923249,831.2946576,7.270113222));
#5356=CARTESIAN_POINT('',(272.122274031,831.151988789,7.129119392));
#5357=CARTESIAN_POINT('',(271.660662672,830.762403707,6.853559574));
#5358=CARTESIAN_POINT('',(271.471892453,830.515649407,6.719108091));
#5359=CARTESIAN_POINT('',(271.339774356,830.236039025,6.598392522));
#5360=CARTESIAN_POINT('',(274.603821718,831.167205931,7.717286557));
#5361=CARTESIAN_POINT('',(274.325610426,831.332951765,7.653104512));
#5362=CARTESIAN_POINT('',(274.018027936,831.442064306,7.570594518));
#5363=CARTESIAN_POINT('',(273.391284505,831.53029455,7.381564937));
#5364=CARTESIAN_POINT('',(273.072378951,831.509376335,7.27512227));
#5365=CARTESIAN_POINT('',(272.472402639,831.340683847,7.054689616));
#5366=CARTESIAN_POINT('',(272.191576387,831.192978342,6.940789274));
#5367=CARTESIAN_POINT('',(271.71131343,830.793500492,6.72306707));
#5368=CARTESIAN_POINT('',(271.512072475,830.541890948,6.619333706));
#5369=CARTESIAN_POINT('',(271.369000786,830.257702576,6.528670641));
#5370=CARTESIAN_POINT('',(274.663299879,831.19870926,7.498877286));
#5371=CARTESIAN_POINT('',(274.384946837,831.362908267,7.436151906));
#5372=CARTESIAN_POINT('',(274.07632498,831.470183619,7.359312302));
#5373=CARTESIAN_POINT('',(273.445604908,831.554529721,7.189117753));
#5374=CARTESIAN_POINT('',(273.123760807,831.531566496,7.095831306));
#5375=CARTESIAN_POINT('',(272.516182957,831.358869667,6.907096182));
#5376=CARTESIAN_POINT('',(272.230694008,831.209205642,6.811723429));
#5377=CARTESIAN_POINT('',(271.739851764,830.806068465,6.633498258));
#5378=CARTESIAN_POINT('',(271.534696248,830.552757728,6.550717503));
#5379=CARTESIAN_POINT('',(271.385449624,830.267018136,6.480573082));
#5380=CARTESIAN_POINT('',(274.750509406,831.220527275,7.097922034));
#5381=CARTESIAN_POINT('',(274.471784529,831.382679328,7.038286059));
#5382=CARTESIAN_POINT('',(274.161472698,831.487905495,6.972135425));
#5383=CARTESIAN_POINT('',(273.524636608,831.568582083,6.836813408));
#5384=CARTESIAN_POINT('',(273.198364989,831.544000505,6.767695666));
#5385=CARTESIAN_POINT('',(272.579491965,831.368718017,6.63700134));
#5386=CARTESIAN_POINT('',(272.287136081,831.218086645,6.575476534));
#5387=CARTESIAN_POINT('',(271.78083082,830.813639691,6.469375049));
#5388=CARTESIAN_POINT('',(271.567082314,830.559984554,6.424840376));
#5389=CARTESIAN_POINT('',(271.408912716,830.274091273,6.392187392));
#5390=CARTESIAN_POINT('',(274.781396902,831.218216352,6.922662378));
#5391=CARTESIAN_POINT('',(274.502474122,831.379735594,6.864509897));
#5392=CARTESIAN_POINT('',(274.191496331,831.484502238,6.803120803));
#5393=CARTESIAN_POINT('',(273.552377723,831.564714327,6.683135884));
#5394=CARTESIAN_POINT('',(273.224489186,831.540128111,6.6245874));
#5395=CARTESIAN_POINT('',(272.601553813,831.365282842,6.519214633));
#5396=CARTESIAN_POINT('',(272.306752873,831.215092806,6.47243191));
#5397=CARTESIAN_POINT('',(271.794989783,830.81185132,6.397732796));
#5398=CARTESIAN_POINT('',(271.578229648,830.558959042,6.369845849));
#5399=CARTESIAN_POINT('',(271.41695292,830.27388412,6.353524482));
#5400=CARTESIAN_POINT('',(274.805233273,831.204416294,6.747517749));
#5401=CARTESIAN_POINT('',(274.526103913,831.3655724,6.690882654));
#5402=CARTESIAN_POINT('',(274.214549957,831.470313832,6.634269863));
#5403=CARTESIAN_POINT('',(273.573552262,831.551180095,6.529621939));
#5404=CARTESIAN_POINT('',(273.244360728,831.527273109,6.481627979));
#5405=CARTESIAN_POINT('',(272.618210172,831.354382383,6.401534015));
#5406=CARTESIAN_POINT('',(272.321497513,831.20546667,6.369465524));
#5407=CARTESIAN_POINT('',(271.805519916,830.805140153,6.326119076));
#5408=CARTESIAN_POINT('',(271.586457994,830.553886862,6.314858174));
#5409=CARTESIAN_POINT('',(271.422832192,830.270478833,6.314858242));
#5410=B_SPLINE_SURFACE_WITH_KNOTS('',3,3,((#5150,#5151,#5152,#5153,#5154,#5155,#5156,#5157,#5158,#5159),(#5160,#5161,#5162,#5163,#5164,#5165,#5166,#5167,#5168,#5169),(#5170,#5171,#5172,#5173,#5174,#5175,#5176,#5177,#5178,#5179),(#5180,#5181,#5182,#5183,#5184,#5185,#5186,#5187,#5188,#5189),(#5190,#5191,#5192,#5193,#5194,#5195,#5196,#5197,#5198,#5199),(#5200,#5201,#5202,#5203,#5204,#5205,#5206,#5207,#5208,#5209),(#5210,#5211,#5212,#5213,#5214,#5215,#5216,#5217,#5218,#5219),(#5220,#5221,#5222,#5223,#5224,#5225,#5226,#5227,#5228,#5229),(#5230,#5231,#5232,#5233,#5234,#5235,#5236,#5237,#5238,#5239),(#5240,#5241,#5242,#5243,#5244,#5245,#5246,#5247,#5248,#5249),(#5250,#5251,#5252,#5253,#5254,#5255,#5256,#5257,#5258,#5259),(#5260,#5261,#5262,#5263,#5264,#5265,#5266,#5267,#5268,#5269),(#5270,#5271,#5272,#5273,#5274,#5275,#5276,#5277,#5278,#5279),(#5280,#5281,#5282,#5283,#5284,#5285,#5286,#5287,#5288,#5289),(#5290,#5291,#5292,#5293,#5294,#5295,#5296,#5297,#5298,#5299),(#5300,#5301,#5302,#5303,#5304,#5305,#5306,#5307,#5308,#5309),(#5310,#5311,#5312,#5313,#5314,#5315,#5316,#5317,#5318,#5319),(#5320,#5321,#5322,#5323,#5324,#5325,#5326,#5327,#5328,#5329),(#5330,#5331,#5332,#5333,#5334,#5335,#5336,#5337,#5338,#5339),(#5340,#5341,#5342,#5343,#5344,#5345,#5346,#5347,#5348,#5349),(#5350,#5351,#5352,#5353,#5354,#5355,#5356,#5357,#5358,#5359),(#5360,#5361,#5362,#5363,#5364,#5365,#5366,#5367,#5368,#5369),(#5370,#5371,#5372,#5373,#5374,#5375,#5376,#5377,#5378,#5379),(#5380,#5381,#5382,#5383,#5384,#5385,#5386,#5387,#5388,#5389),(#5390,#5391,#5392,#5393,#5394,#5395,#5396,#5397,#5398,#5399),(#5400,#5401,#5402,#5403,#5404,#5405,#5406,#5407,#5408,#5409)),.UNSPECIFIED.,.F.,.F.,.U.,(4,2,2,2,2,2,2,2,2,2,2,2,4),(4,2,2,2,4),(0.002406405,0.002541672,0.002639428,0.002737185,0.002932698,0.003030455,0.003128212,0.003323725,0.003519238,0.003616995,0.003714751,0.003910264,0.004062273),(0.,0.25,0.5,0.75,1.),.UNSPECIFIED.);
#5411=ORIENTED_EDGE('',*,*,#5144,.T.);
#5412=ORIENTED_EDGE('',*,*,#3724,.F.);
#5413=ORIENTED_EDGE('',*,*,#4726,.F.);
#5414=ORIENTED_EDGE('',*,*,#2690,.F.);
#5415=EDGE_LOOP('',(#5411,#5412,#5413,#5414));
#5416=FACE_BOUND('',#5415,.T.);
#5417=ADVANCED_FACE('',(#5416),#5410,.T.);
#5418=CARTESIAN_POINT('',(281.362098692,842.429892453,6.326508956));
#5419=CARTESIAN_POINT('',(281.221695434,842.510954312,6.304397521));
#5420=CARTESIAN_POINT('',(281.089353257,842.605970356,6.282286633));
#5421=CARTESIAN_POINT('',(280.845863938,842.820268709,6.238913494));
#5422=CARTESIAN_POINT('',(280.734722817,842.939545719,6.217652315));
#5423=CARTESIAN_POINT('',(280.537907854,843.197783343,6.176795711));
#5424=CARTESIAN_POINT('',(280.45223888,843.33673757,6.157201296));
#5425=CARTESIAN_POINT('',(280.309661761,843.628990536,6.120431324));
#5426=CARTESIAN_POINT('',(280.252757143,843.782282048,6.103256676));
#5427=CARTESIAN_POINT('',(280.169897028,844.097319239,6.071986385));
#5428=CARTESIAN_POINT('',(280.143943579,844.259057128,6.057891515));
#5429=CARTESIAN_POINT('',(280.123984735,844.584771842,6.033322605));
#5430=CARTESIAN_POINT('',(280.129979832,844.748740613,6.022849172));
#5431=CARTESIAN_POINT('',(280.173689266,845.072615816,6.005925813));
#5432=CARTESIAN_POINT('',(280.211402521,845.232514239,5.999476305));
#5433=CARTESIAN_POINT('',(280.317100504,845.542103589,5.990848851));
#5434=CARTESIAN_POINT('',(280.385082617,845.691786859,5.988671118));
#5435=CARTESIAN_POINT('',(280.466894926,845.833489934,5.988671118));
#5436=CARTESIAN_POINT('',(281.35430999,842.434389262,6.557306997));
#5437=CARTESIAN_POINT('',(281.212495998,842.514581964,6.534098072));
#5438=CARTESIAN_POINT('',(281.078834914,842.608887677,6.509827058));
#5439=CARTESIAN_POINT('',(280.832999212,842.822069163,6.460100759));
#5440=CARTESIAN_POINT('',(280.720830811,842.940939544,6.434646727));
#5441=CARTESIAN_POINT('',(280.522340544,843.198631529,6.383541784));
#5442=CARTESIAN_POINT('',(280.436023698,843.337446616,6.357892159));
#5443=CARTESIAN_POINT('',(280.292592276,843.629633907,6.307390263));
#5444=CARTESIAN_POINT('',(280.235481327,843.782998722,6.282539262));
#5445=CARTESIAN_POINT('',(280.152682704,844.098325706,6.234597153));
#5446=CARTESIAN_POINT('',(280.126997125,844.260279902,6.21150725));
#5447=CARTESIAN_POINT('',(280.10804922,844.58649182,6.167980908));
#5448=CARTESIAN_POINT('',(280.114787374,844.750741293,6.147545561));
#5449=CARTESIAN_POINT('',(280.160427018,845.075160441,6.110118357));
#5450=CARTESIAN_POINT('',(280.199327355,845.235321913,6.093127436));
#5451=CARTESIAN_POINT('',(280.307781645,845.545340284,6.063245032));
#5452=CARTESIAN_POINT('',(280.377332856,845.695189344,6.050354293));
#5453=CARTESIAN_POINT('',(280.460860436,845.836973948,6.039761547));
#5454=CARTESIAN_POINT('',(281.357439597,842.458682167,6.783978513));
#5455=CARTESIAN_POINT('',(281.214018365,842.53789545,6.75994492));
#5456=CARTESIAN_POINT('',(281.078801252,842.631310193,6.733769181));
#5457=CARTESIAN_POINT('',(280.830081475,842.842875627,6.678159941));
#5458=CARTESIAN_POINT('',(280.716585259,842.96102083,6.648727879));
#5459=CARTESIAN_POINT('',(280.51577394,843.217398592,6.587762063));
#5460=CARTESIAN_POINT('',(280.428464043,843.355624502,6.556229883));
#5461=CARTESIAN_POINT('',(280.283461903,843.646724606,6.492301543));
#5462=CARTESIAN_POINT('',(280.225773418,843.799591251,6.459907032));
#5463=CARTESIAN_POINT('',(280.142285342,844.11395729,6.395524812));
#5464=CARTESIAN_POINT('',(280.116487914,844.275448532,6.363538761));
#5465=CARTESIAN_POINT('',(280.097798547,844.600708471,6.301227473));
#5466=CARTESIAN_POINT('',(280.104907092,844.764468733,6.27090384));
#5467=CARTESIAN_POINT('',(280.151751634,845.087821724,6.213105487));
#5468=CARTESIAN_POINT('',(280.191486417,845.247406068,6.185632252));
#5469=CARTESIAN_POINT('',(280.30202171,845.556126147,6.134610352));
#5470=CARTESIAN_POINT('',(280.372819355,845.705253876,6.111062995));
#5471=CARTESIAN_POINT('',(280.457757873,845.846222295,6.089938481));
#5472=CARTESIAN_POINT('',(281.377770397,842.523386564,7.118111544));
#5473=CARTESIAN_POINT('',(281.231714865,842.601100432,7.093381831));
#5474=CARTESIAN_POINT('',(281.093872646,842.693031247,7.064846433));
#5475=CARTESIAN_POINT('',(280.840135487,842.901644604,7.001306962));
#5476=CARTESIAN_POINT('',(280.724247398,843.018321512,6.966304605));
#5477=CARTESIAN_POINT('',(280.519073567,843.271742484,6.891236072));
#5478=CARTESIAN_POINT('',(280.429793365,843.408479704,6.851171923));
#5479=CARTESIAN_POINT('',(280.281422084,843.696530848,6.767587753));
#5480=CARTESIAN_POINT('',(280.222335011,843.847836993,6.724069988));
#5481=CARTESIAN_POINT('',(280.136724446,844.158950139,6.63532509));
#5482=CARTESIAN_POINT('',(280.110203265,844.318748737,6.59010035));
#5483=CARTESIAN_POINT('',(280.090791276,844.640429545,6.49975646));
#5484=CARTESIAN_POINT('',(280.097900991,844.802303065,6.454639746));
#5485=CARTESIAN_POINT('',(280.145467081,845.121632777,6.366322485));
#5486=CARTESIAN_POINT('',(280.185922172,845.279080343,6.323124319));
#5487=CARTESIAN_POINT('',(280.298556192,845.583234578,6.240377699));
#5488=CARTESIAN_POINT('',(280.37073208,845.729933033,6.200831474));
#5489=CARTESIAN_POINT('',(280.457321504,845.868314916,6.163903579));
#5490=CARTESIAN_POINT('',(281.38717372,842.549700652,7.228503209));
#5491=CARTESIAN_POINT('',(281.240203092,842.626910153,7.203631551));
#5492=CARTESIAN_POINT('',(281.101437445,842.718322013,7.17439251));
#5493=CARTESIAN_POINT('',(280.845912594,842.925863429,7.108358768));
#5494=CARTESIAN_POINT('',(280.729160388,843.041987301,7.071565875));
#5495=CARTESIAN_POINT('',(280.522385051,843.294257628,6.991911488));
#5496=CARTESIAN_POINT('',(280.432367582,843.430397174,6.949052175));
#5497=CARTESIAN_POINT('',(280.282703433,843.717193982,6.85899713));
#5498=CARTESIAN_POINT('',(280.223060851,843.867843388,6.811803862));
#5499=CARTESIAN_POINT('',(280.136560018,844.177567907,6.714988191));
#5500=CARTESIAN_POINT('',(280.109704135,844.336634536,6.665368437));
#5501=CARTESIAN_POINT('',(280.089864475,844.656760718,6.565705097));
#5502=CARTESIAN_POINT('',(280.09688124,844.817811501,6.515664238));
#5503=CARTESIAN_POINT('',(280.144504904,845.135392574,6.417180974));
#5504=CARTESIAN_POINT('',(280.185110498,845.291914166,6.368741262));
#5505=CARTESIAN_POINT('',(280.2982715,845.594106217,6.275417838));
#5506=CARTESIAN_POINT('',(280.370823809,845.739768398,6.230536677));
#5507=CARTESIAN_POINT('',(280.457884861,845.877059091,6.188340372));
#5508=CARTESIAN_POINT('',(281.411352613,842.611995734,7.447286673));
#5509=CARTESIAN_POINT('',(281.262493571,842.688217267,7.422332483));
#5510=CARTESIAN_POINT('',(281.121797355,842.778567815,7.391870958));
#5511=CARTESIAN_POINT('',(280.862487219,842.983829879,7.321179467));
#5512=CARTESIAN_POINT('',(280.743880608,843.098735608,7.280951494));
#5513=CARTESIAN_POINT('',(280.5336171,843.348394639,7.19237661));
#5514=CARTESIAN_POINT('',(280.441966131,843.483140902,7.144032196));
#5515=CARTESIAN_POINT('',(280.289375641,843.766953256,7.041206747));
#5516=CARTESIAN_POINT('',(280.228440421,843.916011344,6.986728608));
#5517=CARTESIAN_POINT('',(280.139783154,844.222332043,6.873869542));
#5518=CARTESIAN_POINT('',(280.112063605,844.379586018,6.815491792));
#5519=CARTESIAN_POINT('',(280.090976762,844.69584653,6.697227244));
#5520=CARTESIAN_POINT('',(280.097610062,844.854844151,6.637343776));
#5521=CARTESIAN_POINT('',(280.144958633,845.168068056,6.518523288));
#5522=CARTESIAN_POINT('',(280.185672569,845.322285508,6.459589614));
#5523=CARTESIAN_POINT('',(280.299513848,845.6196209,6.345085282));
#5524=CARTESIAN_POINT('',(280.372637982,845.762730456,6.289517849));
#5525=CARTESIAN_POINT('',(280.460469629,845.897353852,6.236771203));
#5526=CARTESIAN_POINT('',(281.426219031,842.648175257,7.556079891));
#5527=CARTESIAN_POINT('',(281.27638265,842.723911625,7.531186736));
#5528=CARTESIAN_POINT('',(281.13467497,842.813717728,7.500205667));
#5529=CARTESIAN_POINT('',(280.873358357,843.017767134,7.427344714));
#5530=CARTESIAN_POINT('',(280.753756901,843.132004596,7.385466914));
#5531=CARTESIAN_POINT('',(280.541597746,843.380195571,7.292542535));
#5532=CARTESIAN_POINT('',(280.449046116,843.51414198,7.241498612));
#5533=CARTESIAN_POINT('',(280.294813743,843.796214649,7.132350696));
#5534=CARTESIAN_POINT('',(280.233137412,843.944332835,7.074249825));
#5535=CARTESIAN_POINT('',(280.143206713,844.248626654,6.953388273));
#5536=CARTESIAN_POINT('',(280.114954918,844.404793578,6.890631049));
#5537=CARTESIAN_POINT('',(280.093042878,844.718729343,6.763049436));
#5538=CARTESIAN_POINT('',(280.099383258,844.876489198,6.698228694));
#5539=CARTESIAN_POINT('',(280.146395329,845.187089024,6.569197966));
#5540=CARTESIAN_POINT('',(280.187065673,845.339920103,6.504991667));
#5541=CARTESIAN_POINT('',(280.301058365,845.634343891,6.379842391));
#5542=CARTESIAN_POINT('',(280.374377451,845.775928171,6.31890299));
#5543=CARTESIAN_POINT('',(280.462508062,845.908966278,6.26085407));
#5544=CARTESIAN_POINT('',(281.478081061,842.76912435,7.872740723));
#5545=CARTESIAN_POINT('',(281.325317598,842.843518171,7.848346903));
#5546=CARTESIAN_POINT('',(281.180540082,842.931733924,7.816132966));
#5547=CARTESIAN_POINT('',(280.913058959,843.132089786,7.737422367));
#5548=CARTESIAN_POINT('',(280.790363353,843.244223897,7.690928058));
#5549=CARTESIAN_POINT('',(280.572233162,843.487676445,7.585619535));
#5550=CARTESIAN_POINT('',(280.476805102,843.618987593,7.526808464));
#5551=CARTESIAN_POINT('',(280.317244754,843.895242954,7.399348744));
#5552=CARTESIAN_POINT('',(280.253117239,844.040178896,7.330703897));
#5553=CARTESIAN_POINT('',(280.158869887,844.337556017,7.186473673));
#5554=CARTESIAN_POINT('',(280.128752869,844.489988294,7.110892598));
#5555=CARTESIAN_POINT('',(280.103800996,844.795912748,6.955979424));
#5556=CARTESIAN_POINT('',(280.108966887,844.949395764,6.876651945));
#5557=CARTESIAN_POINT('',(280.154364061,845.250931329,6.717593342));
#5558=CARTESIAN_POINT('',(280.194593985,845.398974847,6.637866961));
#5559=CARTESIAN_POINT('',(280.308420378,845.683370402,6.481374572));
#5560=CARTESIAN_POINT('',(280.38201344,845.819713921,6.40461323));
#5561=CARTESIAN_POINT('',(280.47073522,845.947328227,6.330951448));
#5562=CARTESIAN_POINT('',(281.522401944,842.866589726,8.072952895));
#5563=CARTESIAN_POINT('',(281.367676025,842.940228612,8.049312209));
#5564=CARTESIAN_POINT('',(281.220787458,843.027431672,8.016698672));
#5565=CARTESIAN_POINT('',(280.948970996,843.225232991,7.934921874));
#5566=CARTESIAN_POINT('',(280.824051484,843.335825143,7.885761132));
#5567=CARTESIAN_POINT('',(280.60153536,843.575657654,7.772997719));
#5568=CARTESIAN_POINT('',(280.503945611,843.704890608,7.70939852));
#5569=CARTESIAN_POINT('',(280.340278354,843.976456741,7.570484498));
#5570=CARTESIAN_POINT('',(280.274205893,844.118781536,7.495173952));
#5571=CARTESIAN_POINT('',(280.176409957,844.410420546,7.336065179));
#5572=CARTESIAN_POINT('',(280.144689496,844.559725755,7.25227185));
#5573=CARTESIAN_POINT('',(280.116960025,844.858914301,7.079788753));
#5574=CARTESIAN_POINT('',(280.120951868,845.008788398,6.991104292));
#5575=CARTESIAN_POINT('',(280.164476784,845.302678195,6.812639583));
#5576=CARTESIAN_POINT('',(280.204008512,845.446684816,6.722864823));
#5577=CARTESIAN_POINT('',(280.316917642,845.722654259,6.546066733));
#5578=CARTESIAN_POINT('',(280.390291557,845.854608553,6.459048839));
#5579=CARTESIAN_POINT('',(280.479014264,845.977706604,6.375271143));
#5580=CARTESIAN_POINT('',(281.630575648,843.094716311,8.451975118));
#5581=CARTESIAN_POINT('',(281.472113215,843.16740618,8.430627928));
#5582=CARTESIAN_POINT('',(281.321064526,843.252925666,8.398016423));
#5583=CARTESIAN_POINT('',(281.040457935,843.445849969,8.311703691));
#5584=CARTESIAN_POINT('',(280.910909233,843.553248455,8.258005292));
#5585=CARTESIAN_POINT('',(280.679035526,843.785178334,8.131892249));
#5586=CARTESIAN_POINT('',(280.576718122,843.909702115,8.059481736));
#5587=CARTESIAN_POINT('',(280.403835171,844.170371486,7.899144765));
#5588=CARTESIAN_POINT('',(280.33327529,844.30650852,7.811223557));
#5589=CARTESIAN_POINT('',(280.22703053,844.584378514,7.623750852));
#5590=CARTESIAN_POINT('',(280.191349131,844.726102353,7.524205492));
#5591=CARTESIAN_POINT('',(280.156441348,845.008871979,7.31788377));
#5592=CARTESIAN_POINT('',(280.157216106,845.149908483,7.211114158));
#5593=CARTESIAN_POINT('',(280.195187674,845.42505905,6.99506243));
#5594=CARTESIAN_POINT('',(280.232383236,845.559164079,6.885787383));
#5595=CARTESIAN_POINT('',(280.341551978,845.814513288,6.669553998));
#5596=CARTESIAN_POINT('',(280.413521575,845.935749083,6.562602734));
#5597=CARTESIAN_POINT('',(280.501288422,846.047869677,6.459173099));
#5598=CARTESIAN_POINT('',(281.695168471,843.226793182,8.631871168));
#5599=CARTESIAN_POINT('',(281.534922663,843.299297842,8.612086031));
#5600=CARTESIAN_POINT('',(281.381811655,843.384148555,8.579889475));
#5601=CARTESIAN_POINT('',(281.096717436,843.574740539,8.492116393));
#5602=CARTESIAN_POINT('',(280.964743863,843.68047536,8.436542836));
#5603=CARTESIAN_POINT('',(280.727854713,843.908084715,8.304510451));
#5604=CARTESIAN_POINT('',(280.622947142,844.029951546,8.228056084));
#5605=CARTESIAN_POINT('',(280.444904172,844.284348066,8.057693899));
#5606=CARTESIAN_POINT('',(280.37177479,844.416869143,7.963791833));
#5607=CARTESIAN_POINT('',(280.260574656,844.686617423,7.762749117));
#5608=CARTESIAN_POINT('',(280.222507659,844.823835492,7.655615255));
#5609=CARTESIAN_POINT('',(280.183143471,845.096808864,7.432917673));
#5610=CARTESIAN_POINT('',(280.181847606,845.232554922,7.317361471));
#5611=CARTESIAN_POINT('',(280.216084784,845.496480506,7.083005977));
#5612=CARTESIAN_POINT('',(280.251616665,845.624651093,6.964214594));
#5613=CARTESIAN_POINT('',(280.357913785,845.867661484,6.72872077));
#5614=CARTESIAN_POINT('',(280.428675424,845.982493055,6.612026276));
#5615=CARTESIAN_POINT('',(280.515464512,846.088076445,6.498995265));
#5616=CARTESIAN_POINT('',(281.839508914,843.51422363,8.95502559));
#5617=CARTESIAN_POINT('',(281.676267344,843.587192703,8.938822094));
#5618=CARTESIAN_POINT('',(281.51947779,843.671324318,8.908053314));
#5619=CARTESIAN_POINT('',(281.226027877,843.858034818,8.818803765));
#5620=CARTESIAN_POINT('',(281.089378023,843.960607015,8.760326191));
#5621=CARTESIAN_POINT('',(280.842525133,844.179456782,8.618359709));
#5622=CARTESIAN_POINT('',(280.732330932,844.295726511,8.53487588));
#5623=CARTESIAN_POINT('',(280.543484109,844.536595044,8.346752506));
#5624=CARTESIAN_POINT('',(280.464838243,844.661185216,8.24211969));
#5625=CARTESIAN_POINT('',(280.342724574,844.912932516,8.016530811));
#5626=CARTESIAN_POINT('',(280.299261138,845.040080621,7.895582816));
#5627=CARTESIAN_POINT('',(280.249522531,845.291062303,7.642949688));
#5628=CARTESIAN_POINT('',(280.243249135,845.414886881,7.511273589));
#5629=CARTESIAN_POINT('',(280.268181695,845.653492658,7.243266006));
#5630=CARTESIAN_POINT('',(280.299386751,845.7682653,7.106944103));
#5631=CARTESIAN_POINT('',(280.3978348,845.98345596,6.835941429));
#5632=CARTESIAN_POINT('',(280.465074263,846.083866257,6.701270346));
#5633=CARTESIAN_POINT('',(280.54877908,846.17477527,6.570530079));
#5634=CARTESIAN_POINT('',(281.91960554,843.670379939,9.10019916));
#5635=CARTESIAN_POINT('',(281.755132506,843.743990517,9.086020985));
#5636=CARTESIAN_POINT('',(281.596706666,843.828061976,9.05625995));
#5637=CARTESIAN_POINT('',(281.299348302,844.013200043,8.966962873));
#5638=CARTESIAN_POINT('',(281.160426715,844.114259838,8.907430118));
#5639=CARTESIAN_POINT('',(280.90858621,844.328639885,8.76137637));
#5640=CARTESIAN_POINT('',(280.795676551,844.441952246,8.674860747));
#5641=CARTESIAN_POINT('',(280.6011506,844.67552732,8.478891464));
#5642=CARTESIAN_POINT('',(280.519541458,844.795781432,8.369445005));
#5643=CARTESIAN_POINT('',(280.391440809,845.037603337,8.132738015));
#5644=CARTESIAN_POINT('',(280.344954009,845.159162223,8.005486181));
#5645=CARTESIAN_POINT('',(280.28927682,845.397894617,7.739126251));
#5646=CARTESIAN_POINT('',(280.280088474,845.51505933,7.600027941));
#5647=CARTESIAN_POINT('',(280.299439504,845.739509089,7.316487771));
#5648=CARTESIAN_POINT('',(280.327978163,845.846785862,7.172056328));
#5649=CARTESIAN_POINT('',(280.421446936,846.046427804,6.884612593));
#5650=CARTESIAN_POINT('',(280.486373606,846.138785612,6.741610861));
#5651=CARTESIAN_POINT('',(280.567975426,846.221520803,6.602666751));
#5652=CARTESIAN_POINT('',(282.052225532,843.923704945,9.292805192));
#5653=CARTESIAN_POINT('',(281.886455312,843.998979267,9.281732728));
#5654=CARTESIAN_POINT('',(281.726021444,844.083482612,9.253679164));
#5655=CARTESIAN_POINT('',(281.423456898,844.266928175,9.164944299));
#5656=CARTESIAN_POINT('',(281.281337765,844.365863394,9.104266386));
#5657=CARTESIAN_POINT('',(281.022185056,844.573452871,8.953175497));
#5658=CARTESIAN_POINT('',(280.905161367,844.682099206,8.862768286));
#5659=CARTESIAN_POINT('',(280.701784901,844.903927108,8.656529979));
#5660=CARTESIAN_POINT('',(280.615439883,845.017100208,8.540706751));
#5661=CARTESIAN_POINT('',(280.477542634,845.242581206,8.289160414));
#5662=CARTESIAN_POINT('',(280.425995665,845.354880498,8.153446901));
#5663=CARTESIAN_POINT('',(280.36015627,845.573254522,7.868593293));
#5664=CARTESIAN_POINT('',(280.345866355,845.679320919,7.719464065));
#5665=CARTESIAN_POINT('',(280.355225276,845.880166616,7.414892805));
#5666=CARTESIAN_POINT('',(280.378873752,845.974938248,7.259462393));
#5667=CARTESIAN_POINT('',(280.462983485,846.148670291,6.949703658));
#5668=CARTESIAN_POINT('',(280.523441531,846.227624068,6.795387152));
#5669=CARTESIAN_POINT('',(280.600864768,846.296787334,6.645302831));
#5670=CARTESIAN_POINT('',(282.098725352,844.011716504,9.352946342));
#5671=CARTESIAN_POINT('',(281.93261456,844.087665798,9.342923194));
#5672=CARTESIAN_POINT('',(281.771584697,844.172401519,9.315473161));
#5673=CARTESIAN_POINT('',(281.467389813,844.355392434,9.227032592));
#5674=CARTESIAN_POINT('',(281.324236534,844.453640563,9.16604547));
#5675=CARTESIAN_POINT('',(281.062666014,844.658942152,9.013454902));
#5676=CARTESIAN_POINT('',(280.944258868,844.765987685,8.921857345));
#5677=CARTESIAN_POINT('',(280.737864649,844.983747136,8.712439127));
#5678=CARTESIAN_POINT('',(280.649885543,845.094452647,8.594626549));
#5679=CARTESIAN_POINT('',(280.508571533,845.314218835,8.338429741));
#5680=CARTESIAN_POINT('',(280.455242084,845.423271026,8.200055401));
#5681=CARTESIAN_POINT('',(280.385788928,845.634496086,7.909373579));
#5682=CARTESIAN_POINT('',(280.369667901,845.736660798,7.757077317));
#5683=CARTESIAN_POINT('',(280.375407638,845.929206367,7.445858683));
#5684=CARTESIAN_POINT('',(280.397268178,846.019579789,7.286948322));
#5685=CARTESIAN_POINT('',(280.477924389,846.184203614,6.970126425));
#5686=CARTESIAN_POINT('',(280.536716944,846.258447658,6.812227117));
#5687=CARTESIAN_POINT('',(280.612567504,846.322847437,6.658615711));
#5688=CARTESIAN_POINT('',(282.193997776,844.190418858,9.462034339));
#5689=CARTESIAN_POINT('',(282.027421517,844.267917344,9.454026905));
#5690=CARTESIAN_POINT('',(281.865391547,844.353275841,9.427771274));
#5691=CARTESIAN_POINT('',(281.558256931,844.535586523,9.340033021));
#5692=CARTESIAN_POINT('',(281.413164394,844.63253152,9.278553859));
#5693=CARTESIAN_POINT('',(281.1469427,844.833314135,9.123347435));
#5694=CARTESIAN_POINT('',(281.025824039,844.937143835,9.029626291));
#5695=CARTESIAN_POINT('',(280.813425876,845.146660266,8.814478552));
#5696=CARTESIAN_POINT('',(280.722154748,845.252338735,8.693060438));
#5697=CARTESIAN_POINT('',(280.573880223,845.460426821,8.428404876));
#5698=CARTESIAN_POINT('',(280.51688267,845.562828232,8.28517786));
#5699=CARTESIAN_POINT('',(280.439921906,845.759394646,7.983848645));
#5700=CARTESIAN_POINT('',(280.419961726,845.853551896,7.825758323));
#5701=CARTESIAN_POINT('',(280.418046204,846.02906171,7.502367943));
#5702=CARTESIAN_POINT('',(280.436090936,846.11040735,7.337080632));
#5703=CARTESIAN_POINT('',(280.509312582,846.256346534,7.007311303));
#5704=CARTESIAN_POINT('',(280.564486607,846.32093432,6.842842284));
#5705=CARTESIAN_POINT('',(280.636889992,846.375578534,6.682763886));
#5706=CARTESIAN_POINT('',(282.242970297,844.281500245,9.511327626));
#5707=CARTESIAN_POINT('',(282.076266387,844.359874797,9.504291512));
#5708=CARTESIAN_POINT('',(281.913828523,844.445623743,9.478629232));
#5709=CARTESIAN_POINT('',(281.605375312,844.627705227,9.391299016));
#5710=CARTESIAN_POINT('',(281.459372244,844.724030517,9.329634558));
#5711=CARTESIAN_POINT('',(281.190905165,844.922571023,9.173302287));
#5712=CARTESIAN_POINT('',(281.068451841,845.024778334,9.078640699));
#5713=CARTESIAN_POINT('',(280.85305357,845.23010196,8.860924666));
#5714=CARTESIAN_POINT('',(280.760117197,845.3332101,8.737878889));
#5715=CARTESIAN_POINT('',(280.608284046,845.535309953,8.469388506));
#5716=CARTESIAN_POINT('',(280.54939331,845.634293618,8.323954589));
#5717=CARTESIAN_POINT('',(280.468523749,845.82331951,8.017773396));
#5718=CARTESIAN_POINT('',(280.446548141,845.913354207,7.857038309));
#5719=CARTESIAN_POINT('',(280.440582299,846.080092735,7.528086425));
#5720=CARTESIAN_POINT('',(280.456592301,846.156789924,7.359882722));
#5721=CARTESIAN_POINT('',(280.525819999,846.293113542,7.024189803));
#5722=CARTESIAN_POINT('',(280.579034938,846.35273454,6.856713951));
#5723=CARTESIAN_POINT('',(280.649558273,846.40236613,6.693676023));
#5724=CARTESIAN_POINT('',(282.393900019,844.559835814,9.643709592));
#5725=CARTESIAN_POINT('',(282.227130111,844.641104508,9.639395601));
#5726=CARTESIAN_POINT('',(282.063748998,844.728227644,9.615427709));
#5727=CARTESIAN_POINT('',(281.751804239,844.909895772,9.529364085));
#5728=CARTESIAN_POINT('',(281.603253339,845.00443334,9.467271871));
#5729=CARTESIAN_POINT('',(281.328304111,845.196262695,9.308022137));
#5730=CARTESIAN_POINT('',(281.201917016,845.293546638,9.210871122));
#5731=CARTESIAN_POINT('',(280.977536386,845.486064231,8.986296992));
#5732=CARTESIAN_POINT('',(280.879552016,845.581290007,8.85888305));
#5733=CARTESIAN_POINT('',(280.716815644,845.764987139,8.580070342));
#5734=CARTESIAN_POINT('',(280.652070289,845.853450979,8.428682965));
#5735=CARTESIAN_POINT('',(280.559009765,846.019252845,8.109394404));
#5736=CARTESIAN_POINT('',(280.530698394,846.096584084,7.941506261));
#5737=CARTESIAN_POINT('',(280.511904875,846.236298043,7.597502168));
#5738=CARTESIAN_POINT('',(280.521423489,846.29867504,7.42140027));
#5739=CARTESIAN_POINT('',(280.57782121,846.405395391,7.069660682));
#5740=CARTESIAN_POINT('',(280.624698006,846.449734371,6.894037359));
#5741=CARTESIAN_POINT('',(280.689098416,846.483959014,6.722980654));
#5742=CARTESIAN_POINT('',(282.500047851,844.752535252,9.711551864));
#5743=CARTESIAN_POINT('',(282.33366096,844.836098197,9.708797344));
#5744=CARTESIAN_POINT('',(282.170027911,844.924415534,9.685843966));
#5745=CARTESIAN_POINT('',(281.856377449,845.106183228,9.600676983));
#5746=CARTESIAN_POINT('',(281.706373031,845.199626053,9.538466907));
#5747=CARTESIAN_POINT('',(281.427438179,845.386999364,9.377876048));
#5748=CARTESIAN_POINT('',(281.2985193,845.480922085,9.279501917));
#5749=CARTESIAN_POINT('',(281.068165933,845.664585034,9.051470447));
#5750=CARTESIAN_POINT('',(280.966740987,845.754317649,8.921822555));
#5751=CARTESIAN_POINT('',(280.796419312,845.925137633,8.637686086));
#5752=CARTESIAN_POINT('',(280.727529636,846.006217919,8.483209281));
#5753=CARTESIAN_POINT('',(280.625705045,846.15569982,8.157092279));
#5754=CARTESIAN_POINT('',(280.592774344,846.224095234,7.985465594));
#5755=CARTESIAN_POINT('',(280.564506675,846.344803885,7.633579269));
#5756=CARTESIAN_POINT('',(280.569170874,846.397112113,7.453334207));
#5757=CARTESIAN_POINT('',(280.615862986,846.483042114,7.093170671));
#5758=CARTESIAN_POINT('',(280.657888961,846.516660318,6.913267118));
#5759=CARTESIAN_POINT('',(280.717553039,846.540097563,6.737998502));
#5760=CARTESIAN_POINT('',(282.72284686,845.150475151,9.803467377));
#5761=CARTESIAN_POINT('',(282.558037023,845.239010938,9.80288481));
#5762=CARTESIAN_POINT('',(282.394633496,845.329966735,9.78135871));
#5763=CARTESIAN_POINT('',(282.078811261,845.512169749,9.697496177));
#5764=CARTESIAN_POINT('',(281.926405887,845.603409275,9.635163284));
#5765=CARTESIAN_POINT('',(281.640228484,845.781601015,9.472811641));
#5766=CARTESIAN_POINT('',(281.506468534,845.868545705,9.372799744));
#5767=CARTESIAN_POINT('',(281.264295214,846.033783618,9.14010543));
#5768=CARTESIAN_POINT('',(281.155892066,846.112069862,9.007432835));
#5769=CARTESIAN_POINT('',(280.96987347,846.256060327,8.716071675));
#5770=CARTESIAN_POINT('',(280.892265872,846.321758465,8.557395409));
#5771=CARTESIAN_POINT('',(280.771734398,846.43727306,8.221986775));
#5772=CARTESIAN_POINT('',(280.728815607,846.487084634,8.045268565));
#5773=CARTESIAN_POINT('',(280.679817227,846.568322995,7.682641845));
#5774=CARTESIAN_POINT('',(280.673739702,846.599746345,7.496748643));
#5775=CARTESIAN_POINT('',(280.69873069,846.642627415,7.125098834));
#5776=CARTESIAN_POINT('',(280.729798144,846.654083317,6.939357916));
#5777=CARTESIAN_POINT('',(280.778660048,846.655266834,6.758345308));
#5778=CARTESIAN_POINT('',(282.836778148,845.350866196,9.826508956));
#5779=CARTESIAN_POINT('',(282.673140237,845.442014212,9.826508956));
#5780=CARTESIAN_POINT('',(282.510212808,845.53437693,9.805374604));
#5781=CARTESIAN_POINT('',(282.193946646,845.716901525,9.721896681));
#5782=CARTESIAN_POINT('',(282.040621329,845.80705566,9.659556652));
#5783=CARTESIAN_POINT('',(281.751272589,845.980628078,9.496799634));
#5784=CARTESIAN_POINT('',(281.61526144,846.064038999,9.396389549));
#5785=CARTESIAN_POINT('',(281.367383974,846.219928781,9.162539893));
#5786=CARTESIAN_POINT('',(281.25552817,846.29240103,9.029110243));
#5787=CARTESIAN_POINT('',(281.061589879,846.422767132,8.735930273));
#5788=CARTESIAN_POINT('',(280.979515618,846.480655453,8.576192389));
#5789=CARTESIAN_POINT('',(280.849271336,846.578940634,8.238428661));
#5790=CARTESIAN_POINT('',(280.801106841,846.619333323,8.060417145));
#5791=CARTESIAN_POINT('',(280.741107681,846.680593971,7.695058718));
#5792=CARTESIAN_POINT('',(280.729275562,846.701459331,7.507727308));
#5793=CARTESIAN_POINT('',(280.7425394,846.722614118,7.13315122));
#5794=CARTESIAN_POINT('',(280.767634796,846.722902649,6.945922432));
#5795=CARTESIAN_POINT('',(280.810564637,846.712895084,6.763445893));
#5796=CARTESIAN_POINT('',(282.953289551,845.552669867,9.826508956));
#5797=CARTESIAN_POINT('',(282.791092869,845.646314165,9.826508956));
#5798=CARTESIAN_POINT('',(282.628903068,845.73995449,9.805374604));
#5799=CARTESIAN_POINT('',(282.312667978,845.922532904,9.721896681));
#5800=CARTESIAN_POINT('',(282.158636105,846.011463248,9.659556652));
#5801=CARTESIAN_POINT('',(281.866465488,846.180148032,9.496799634));
#5802=CARTESIAN_POINT('',(281.728339138,846.259895317,9.396389549));
#5803=CARTESIAN_POINT('',(281.474928782,846.406201854,9.162539893));
#5804=CARTESIAN_POINT('',(281.359655526,846.4727549,9.029110243));
#5805=CARTESIAN_POINT('',(281.157751629,846.589324169,8.735930273));
#5806=CARTESIAN_POINT('',(281.071129555,846.639335447,8.576192389));
#5807=CARTESIAN_POINT('',(280.930887612,846.72030417,8.238428661));
#5808=CARTESIAN_POINT('',(280.877273693,846.751258181,8.060417145));
#5809=CARTESIAN_POINT('',(280.805747685,846.792553741,7.695058718));
#5810=CARTESIAN_POINT('',(280.787838629,846.802893539,7.507727308));
#5811=CARTESIAN_POINT('',(280.788626216,846.802438826,7.13315122));
#5812=CARTESIAN_POINT('',(280.807322826,846.791644333,6.945922432));
#5813=CARTESIAN_POINT('',(280.84385361,846.770553275,6.763445893));
#5814=B_SPLINE_SURFACE_WITH_KNOTS('',3,3,((#5418,#5419,#5420,#5421,#5422,#5423,#5424,#5425,#5426,#5427,#5428,#5429,#5430,#5431,#5432,#5433,#5434,#5435),(#5436,#5437,#5438,#5439,#5440,#5441,#5442,#5443,#5444,#5445,#5446,#5447,#5448,#5449,#5450,#5451,#5452,#5453),(#5454,#5455,#5456,#5457,#5458,#5459,#5460,#5461,#5462,#5463,#5464,#5465,#5466,#5467,#5468,#5469,#5470,#5471),(#5472,#5473,#5474,#5475,#5476,#5477,#5478,#5479,#5480,#5481,#5482,#5483,#5484,#5485,#5486,#5487,#5488,#5489),(#5490,#5491,#5492,#5493,#5494,#5495,#5496,#5497,#5498,#5499,#5500,#5501,#5502,#5503,#5504,#5505,#5506,#5507),(#5508,#5509,#5510,#5511,#5512,#5513,#5514,#5515,#5516,#5517,#5518,#5519,#5520,#5521,#5522,#5523,#5524,#5525),(#5526,#5527,#5528,#5529,#5530,#5531,#5532,#5533,#5534,#5535,#5536,#5537,#5538,#5539,#5540,#5541,#5542,#5543),(#5544,#5545,#5546,#5547,#5548,#5549,#5550,#5551,#5552,#5553,#5554,#5555,#5556,#5557,#5558,#5559,#5560,#5561),(#5562,#5563,#5564,#5565,#5566,#5567,#5568,#5569,#5570,#5571,#5572,#5573,#5574,#5575,#5576,#5577,#5578,#5579),(#5580,#5581,#5582,#5583,#5584,#5585,#5586,#5587,#5588,#5589,#5590,#5591,#5592,#5593,#5594,#5595,#5596,#5597),(#5598,#5599,#5600,#5601,#5602,#5603,#5604,#5605,#5606,#5607,#5608,#5609,#5610,#5611,#5612,#5613,#5614,#5615),(#5616,#5617,#5618,#5619,#5620,#5621,#5622,#5623,#5624,#5625,#5626,#5627,#5628,#5629,#5630,#5631,#5632,#5633),(#5634,#5635,#5636,#5637,#5638,#5639,#5640,#5641,#5642,#5643,#5644,#5645,#5646,#5647,#5648,#5649,#5650,#5651),(#5652,#5653,#5654,#5655,#5656,#5657,#5658,#5659,#5660,#5661,#5662,#5663,#5664,#5665,#5666,#5667,#5668,#5669),(#5670,#5671,#5672,#5673,#5674,#5675,#5676,#5677,#5678,#5679,#5680,#5681,#5682,#5683,#5684,#5685,#5686,#5687),(#5688,#5689,#5690,#5691,#5692,#5693,#5694,#5695,#5696,#5697,#5698,#5699,#5700,#5701,#5702,#5703,#5704,#5705),(#5706,#5707,#5708,#5709,#5710,#5711,#5712,#5713,#5714,#5715,#5716,#5717,#5718,#5719,#5720,#5721,#5722,#5723),(#5724,#5725,#5726,#5727,#5728,#5729,#5730,#5731,#5732,#5733,#5734,#5735,#5736,#5737,#5738,#5739,#5740,#5741),(#5742,#5743,#5744,#5745,#5746,#5747,#5748,#5749,#5750,#5751,#5752,#5753,#5754,#5755,#5756,#5757,#5758,#5759),(#5760,#5761,#5762,#5763,#5764,#5765,#5766,#5767,#5768,#5769,#5770,#5771,#5772,#5773,#5774,#5775,#5776,#5777),(#5778,#5779,#5780,#5781,#5782,#5783,#5784,#5785,#5786,#5787,#5788,#5789,#5790,#5791,#5792,#5793,#5794,#5795),(#5796,#5797,#5798,#5799,#5800,#5801,#5802,#5803,#5804,#5805,#5806,#5807,#5808,#5809,#5810,#5811,#5812,#5813)),.UNSPECIFIED.,.F.,.F.,.U.,(4,2,2,2,2,2,2,2,2,2,4),(4,2,2,2,2,2,2,2,4),(-0.,0.000196805,0.000295207,0.00039361,0.000590415,0.00078722,0.000984025,0.001082427,0.00118083,0.001377635,0.00157444),(0.,0.125,0.25,0.375,0.5,0.625,0.75,0.875,1.),.UNSPECIFIED.);
#5815=ORIENTED_EDGE('',*,*,#4971,.T.);
#5816=ORIENTED_EDGE('',*,*,#3653,.F.);
#5817=ORIENTED_EDGE('',*,*,#5122,.F.);
#5818=ORIENTED_EDGE('',*,*,#2758,.F.);
#5819=EDGE_LOOP('',(#5815,#5816,#5817,#5818));
#5820=FACE_BOUND('',#5819,.T.);
#5821=ADVANCED_FACE('',(#5820),#5814,.T.);
#5822=CARTESIAN_POINT('',(263.824243737,845.049824233,9.126508956));
#5823=DIRECTION('',(0.5,0.866025404,0.));
#5824=DIRECTION('',(0.866025404,-0.5,0.));
#5825=AXIS2_PLACEMENT_3D('',#5822,#5823,#5824);
#5826=CYLINDRICAL_SURFACE('',#5825,0.7);
#5827=ORIENTED_EDGE('',*,*,#2834,.F.);
#5828=CARTESIAN_POINT('',(275.724243737,865.661228843,9.126508956));
#5829=DIRECTION('',(-0.5,-0.866025404,-0.));
#5830=DIRECTION('',(0.866025404,-0.5,0.));
#5831=AXIS2_PLACEMENT_3D('',#5828,#5829,#5830);
#5832=CIRCLE('',#5831,0.7);
#5833=EDGE_CURVE('',#2821,#5079,#5832,.T.);
#5834=ORIENTED_EDGE('',*,*,#5833,.T.);
#5835=ORIENTED_EDGE('',*,*,#5084,.F.);
#5836=CARTESIAN_POINT('',(271.074243737,857.607192588,9.126508956));
#5837=DIRECTION('',(0.5,0.866025404,0.));
#5838=DIRECTION('',(0.866025404,-0.5,0.));
#5839=AXIS2_PLACEMENT_3D('',#5836,#5837,#5838);
#5840=CIRCLE('',#5839,0.7);
#5841=EDGE_CURVE('',#5077,#2829,#5840,.T.);
#5842=ORIENTED_EDGE('',*,*,#5841,.T.);
#5843=EDGE_LOOP('',(#5827,#5834,#5835,#5842));
#5844=FACE_BOUND('',#5843,.T.);
#5845=ADVANCED_FACE('',(#5844),#5826,.T.);
#5846=CARTESIAN_POINT('',(280.837393972,863.517440555,5.887940363));
#5847=DIRECTION('',(-0.5,-0.866025404,-0.));
#5848=DIRECTION('',(0.,-0.,-1.));
#5849=AXIS2_PLACEMENT_3D('',#5846,#5847,#5848);
#5850=PLANE('',#5849);
#5851=CARTESIAN_POINT('',(289.647517879,858.430913146,9.126508956));
#5852=VERTEX_POINT('',#5851);
#5853=CARTESIAN_POINT('',(289.647517879,858.430913146,0.526508956));
#5854=VERTEX_POINT('',#5853);
#5855=CARTESIAN_POINT('',(289.647517879,858.430913146,9.126508956));
#5856=DIRECTION('',(0.,-0.,-1.));
#5857=VECTOR('',#5856,8.6);
#5858=LINE('',#5855,#5857);
#5859=EDGE_CURVE('',#5852,#5854,#5858,.T.);
#5860=ORIENTED_EDGE('',*,*,#5859,.T.);
#5861=CARTESIAN_POINT('',(276.074243737,866.267446626,0.526508956));
#5862=VERTEX_POINT('',#5861);
#5863=CARTESIAN_POINT('',(289.647517879,858.430913146,0.526508956));
#5864=DIRECTION('',(-0.866025404,0.5,-0.));
#5865=VECTOR('',#5864,15.673066959);
#5866=LINE('',#5863,#5865);
#5867=EDGE_CURVE('',#5854,#5862,#5866,.T.);
#5868=ORIENTED_EDGE('',*,*,#5867,.T.);
#5869=CARTESIAN_POINT('',(276.074243737,866.267446626,9.126508956));
#5870=VERTEX_POINT('',#5869);
#5871=CARTESIAN_POINT('',(276.074243737,866.267446626,0.526508956));
#5872=DIRECTION('',(-0.,0.,1.));
#5873=VECTOR('',#5872,8.6);
#5874=LINE('',#5871,#5873);
#5875=EDGE_CURVE('',#5862,#5870,#5874,.T.);
#5876=ORIENTED_EDGE('',*,*,#5875,.T.);
#5877=CARTESIAN_POINT('',(276.074243737,866.267446626,9.126508956));
#5878=DIRECTION('',(0.866025404,-0.5,0.));
#5879=VECTOR('',#5878,15.673066959);
#5880=LINE('',#5877,#5879);
#5881=EDGE_CURVE('',#5870,#5852,#5880,.T.);
#5882=ORIENTED_EDGE('',*,*,#5881,.T.);
#5883=EDGE_LOOP('',(#5860,#5868,#5876,#5882));
#5884=FACE_BOUND('',#5883,.T.);
#5885=ADVANCED_FACE('',(#5884),#5850,.F.);
#5886=CARTESIAN_POINT('',(298.457641785,863.517440555,5.887940363));
#5887=DIRECTION('',(0.5,-0.866025404,0.));
#5888=DIRECTION('',(-0.,0.,1.));
#5889=AXIS2_PLACEMENT_3D('',#5886,#5887,#5888);
#5890=PLANE('',#5889);
#5891=CARTESIAN_POINT('',(303.22079202,866.267446626,9.126508956));
#5892=VERTEX_POINT('',#5891);
#5893=CARTESIAN_POINT('',(303.22079202,866.267446626,0.526508956));
#5894=VERTEX_POINT('',#5893);
#5895=CARTESIAN_POINT('',(303.22079202,866.267446626,9.126508956));
#5896=DIRECTION('',(0.,-0.,-1.));
#5897=VECTOR('',#5896,8.6);
#5898=LINE('',#5895,#5897);
#5899=EDGE_CURVE('',#5892,#5894,#5898,.T.);
#5900=ORIENTED_EDGE('',*,*,#5899,.T.);
#5901=CARTESIAN_POINT('',(303.22079202,866.267446626,0.526508956));
#5902=DIRECTION('',(-0.866025404,-0.5,-0.));
#5903=VECTOR('',#5902,15.673066959);
#5904=LINE('',#5901,#5903);
#5905=EDGE_CURVE('',#5894,#5854,#5904,.T.);
#5906=ORIENTED_EDGE('',*,*,#5905,.T.);
#5907=ORIENTED_EDGE('',*,*,#5859,.F.);
#5908=CARTESIAN_POINT('',(289.647517879,858.430913146,9.126508956));
#5909=DIRECTION('',(0.866025404,0.5,0.));
#5910=VECTOR('',#5909,15.673066959);
#5911=LINE('',#5908,#5910);
#5912=EDGE_CURVE('',#5852,#5892,#5911,.T.);
#5913=ORIENTED_EDGE('',*,*,#5912,.T.);
#5914=EDGE_LOOP('',(#5900,#5906,#5907,#5913));
#5915=FACE_BOUND('',#5914,.T.);
#5916=ADVANCED_FACE('',(#5915),#5890,.F.);
#5917=CARTESIAN_POINT('',(266.586628746,828.373544791,6.326508956));
#5918=DIRECTION('',(0.866025404,0.5,0.));
#5919=DIRECTION('',(-0.,0.,1.));
#5920=AXIS2_PLACEMENT_3D('',#5917,#5918,#5919);
#5921=CYLINDRICAL_SURFACE('',#5920,3.5);
#5922=ORIENTED_EDGE('',*,*,#2889,.F.);
#5923=ORIENTED_EDGE('',*,*,#2719,.F.);
#5924=CARTESIAN_POINT('',(297.931350924,842.428990403,6.326575736));
#5925=VERTEX_POINT('',#5924);
#5926=CARTESIAN_POINT('',(297.932937065,842.429892453,6.326508956));
#5927=DIRECTION('',(-0.866025404,-0.5,-0.));
#5928=VECTOR('',#5927,9.567177996);
#5929=LINE('',#5926,#5928);
#5930=EDGE_CURVE('',#5925,#2703,#5929,.T.);
#5931=ORIENTED_EDGE('',*,*,#5930,.F.);
#5932=CARTESIAN_POINT('',(297.923577104,842.424491475,6.330772369));
#5933=CARTESIAN_POINT('',(297.930660247,842.428901185,6.558458428));
#5934=CARTESIAN_POINT('',(297.927183404,842.452621338,6.784553887));
#5935=CARTESIAN_POINT('',(297.912951375,842.495945358,7.009047618));
#5936=CARTESIAN_POINT('',(297.90583536,842.517607368,7.121294484));
#5937=CARTESIAN_POINT('',(297.895961389,842.544301084,7.233238491));
#5938=CARTESIAN_POINT('',(297.883575888,842.575362952,7.342350083));
#5939=CARTESIAN_POINT('',(297.871190387,842.60642482,7.451461676));
#5940=CARTESIAN_POINT('',(297.856263421,842.64195397,7.558369083));
#5941=CARTESIAN_POINT('',(297.838830448,842.681867139,7.663116772));
#5942=CARTESIAN_POINT('',(297.803964502,842.761693478,7.872612151));
#5943=CARTESIAN_POINT('',(297.758897294,842.859451366,8.074399041));
#5944=CARTESIAN_POINT('',(297.703758321,842.974357228,8.265385773));
#5945=CARTESIAN_POINT('',(297.648619347,843.089263089,8.456372506));
#5946=CARTESIAN_POINT('',(297.58477186,843.218498371,8.632239387));
#5947=CARTESIAN_POINT('',(297.512296822,843.361631942,8.79346134));
#5948=CARTESIAN_POINT('',(297.476059303,843.433198728,8.874072317));
#5949=CARTESIAN_POINT('',(297.43765222,843.508266001,8.950994359));
#5950=CARTESIAN_POINT('',(297.396978307,843.586934625,9.024125039));
#5951=CARTESIAN_POINT('',(297.356304394,843.66560325,9.097255719));
#5952=CARTESIAN_POINT('',(297.313350689,843.747896764,9.166529314));
#5953=CARTESIAN_POINT('',(297.268844115,843.832372579,9.230703376));
#5954=CARTESIAN_POINT('',(297.22433754,843.916848395,9.294877437));
#5955=CARTESIAN_POINT('',(297.178099512,844.003854642,9.354295798));
#5956=CARTESIAN_POINT('',(297.13009368,844.093408695,9.408921138));
#5957=CARTESIAN_POINT('',(297.082087849,844.182962747,9.463546478));
#5958=CARTESIAN_POINT('',(297.032203435,844.275256504,9.513412957));
#5959=CARTESIAN_POINT('',(296.981416833,844.36846432,9.557597433));
#5960=CARTESIAN_POINT('',(296.879843629,844.55487995,9.645966384));
#5961=CARTESIAN_POINT('',(296.773868838,844.746435153,9.712807677));
#5962=CARTESIAN_POINT('',(296.663390632,844.943110195,9.758078533));
#5963=CARTESIAN_POINT('',(296.608151529,845.041447716,9.780713961));
#5964=CARTESIAN_POINT('',(296.551468764,845.141624764,9.797969065));
#5965=CARTESIAN_POINT('',(296.494405727,845.241721253,9.809402494));
#5966=CARTESIAN_POINT('',(296.43734269,845.341817743,9.820835924));
#5967=CARTESIAN_POINT('',(296.380091706,845.441496789,9.826483943));
#5968=CARTESIAN_POINT('',(296.32267014,845.540777805,9.826508874));
#5969=B_SPLINE_CURVE_WITH_KNOTS('',3,(#5932,#5933,#5934,#5935,#5936,#5937,#5938,#5939,#5940,#5941,#5942,#5943,#5944,#5945,#5946,#5947,#5948,#5949,#5950,#5951,#5952,#5953,#5954,#5955,#5956,#5957,
#5958,#5959,#5960,#5961,#5962,#5963,#5964,#5965,#5966,#5967,#5968),.UNSPECIFIED.,.F.,.F.,(4,3,3,3,3,3,3,3,3,3,3,3,4),(0.002578939,0.002775393,0.00287362,0.002971846,0.0031683,0.003364754,0.003462981,0.003561208,0.003659435,0.003757662,0.003954116,0.004052343,0.004150569),.UNSPECIFIED.);
#5970=EDGE_CURVE('',#5925,#2884,#5969,.T.);
#5971=ORIENTED_EDGE('',*,*,#5970,.T.);
#5972=EDGE_LOOP('',(#5922,#5923,#5931,#5971));
#5973=FACE_BOUND('',#5972,.T.);
#5974=ADVANCED_FACE('',(#5973),#5921,.T.);
#5975=OVER_RIDING_STYLED_ITEM('',(#105),#5974,#54);
#5976=CARTESIAN_POINT('',(297.33973867,842.0874092,3.826508956));
#5977=DIRECTION('',(0.5,-0.866025404,0.));
#5978=DIRECTION('',(-0.,0.,1.));
#5979=AXIS2_PLACEMENT_3D('',#5976,#5977,#5978);
#5980=PLANE('',#5979);
#5981=ORIENTED_EDGE('',*,*,#5930,.T.);
#5982=ORIENTED_EDGE('',*,*,#2775,.T.);
#5983=ORIENTED_EDGE('',*,*,#2992,.T.);
#5984=CARTESIAN_POINT('',(297.883849433,842.401551695,3.826508956));
#5985=CARTESIAN_POINT('',(297.785674169,842.34487018,5.07972175));
#5986=CARTESIAN_POINT('',(297.932937065,842.429892453,6.326508956));
#5987=B_SPLINE_CURVE_WITH_KNOTS('',2,(#5984,#5985,#5986),.UNSPECIFIED.,.F.,.F.,(3,3),(0.,1.),.UNSPECIFIED.);
#5988=EDGE_CURVE('',#2977,#5925,#5987,.T.);
#5989=ORIENTED_EDGE('',*,*,#5988,.T.);
#5990=EDGE_LOOP('',(#5981,#5982,#5983,#5989));
#5991=FACE_BOUND('',#5990,.T.);
#5992=ADVANCED_FACE('',(#5991),#5980,.T.);
#5993=OVER_RIDING_STYLED_ITEM('',(#105),#5992,#54);
#5994=CARTESIAN_POINT('',(304.623573083,831.28162596,8.635009228));
#5995=CARTESIAN_POINT('',(304.655845745,831.300258648,8.950687295));
#5996=CARTESIAN_POINT('',(304.709900099,831.28115752,9.266336478));
#5997=CARTESIAN_POINT('',(304.857603632,831.168889944,9.87440311));
#5998=CARTESIAN_POINT('',(304.951239293,831.07573377,10.166764909));
#5999=CARTESIAN_POINT('',(305.171203919,830.822215847,10.706681191));
#6000=CARTESIAN_POINT('',(305.297512752,830.6618773,10.954186261));
#6001=CARTESIAN_POINT('',(305.573510221,830.285812552,11.386119211));
#6002=CARTESIAN_POINT('',(305.723173596,830.070120769,11.57050756));
#6003=CARTESIAN_POINT('',(306.034841784,829.599253769,11.862590783));
#6004=CARTESIAN_POINT('',(306.196818072,829.344121645,11.970258926));
#6005=CARTESIAN_POINT('',(306.521163229,828.813191131,12.100943597));
#6006=CARTESIAN_POINT('',(306.683502413,828.537441331,12.123948165));
#6007=CARTESIAN_POINT('',(306.996595553,827.985617323,12.083592815));
#6008=CARTESIAN_POINT('',(307.147320854,827.709593618,12.020236591));
#6009=CARTESIAN_POINT('',(307.426063146,827.177587609,11.811818423));
#6010=CARTESIAN_POINT('',(307.554054625,826.921653995,11.666775554));
#6011=CARTESIAN_POINT('',(307.665968078,826.685184705,11.486223177));
#6012=CARTESIAN_POINT('',(304.327067505,831.110438385,8.675347022));
#6013=CARTESIAN_POINT('',(304.359278397,831.129035487,8.990243206));
#6014=CARTESIAN_POINT('',(304.413162752,831.110086312,9.305110872));
#6015=CARTESIAN_POINT('',(304.56034162,830.998479657,9.911785833));
#6016=CARTESIAN_POINT('',(304.653622796,830.905832289,10.203538155));
#6017=CARTESIAN_POINT('',(304.872753688,830.653617837,10.742557842));
#6018=CARTESIAN_POINT('',(304.998583548,830.494073607,10.989776363));
#6019=CARTESIAN_POINT('',(305.273579273,830.11976676,11.421569545));
#6020=CARTESIAN_POINT('',(305.42272022,829.905038061,11.606105078));
#6021=CARTESIAN_POINT('',(305.73339244,829.436117359,11.898972136));
#6022=CARTESIAN_POINT('',(305.894895561,829.181967847,12.007277121));
#6023=CARTESIAN_POINT('',(306.218436841,828.652857775,12.139717172));
#6024=CARTESIAN_POINT('',(306.380445681,828.377945161,12.163840235));
#6025=CARTESIAN_POINT('',(306.693103807,827.827489046,12.12612958));
#6026=CARTESIAN_POINT('',(306.843724761,827.551995427,12.064299276));
#6027=CARTESIAN_POINT('',(307.122546419,827.020603932,11.859205286));
#6028=CARTESIAN_POINT('',(307.250721857,826.76475421,11.715960181));
#6029=CARTESIAN_POINT('',(307.362979761,826.528096477,11.537249203));
#6030=CARTESIAN_POINT('',(304.030566249,830.939253305,8.715720124));
#6031=CARTESIAN_POINT('',(304.062694234,830.957802703,9.029738871));
#6032=CARTESIAN_POINT('',(304.116374388,830.939016008,9.343729515));
#6033=CARTESIAN_POINT('',(304.262938744,830.828135191,9.948841753));
#6034=CARTESIAN_POINT('',(304.355809813,830.736051003,10.239909125));
#6035=CARTESIAN_POINT('',(304.573982109,830.485285127,10.777918941));
#6036=CARTESIAN_POINT('',(304.699263786,830.326625909,11.024813174));
#6037=CARTESIAN_POINT('',(304.973115851,829.954281893,11.456442106));
#6038=CARTESIAN_POINT('',(305.121661699,829.740630459,11.641138125));
#6039=CARTESIAN_POINT('',(305.431200462,829.273891161,11.934873894));
#6040=CARTESIAN_POINT('',(305.592165639,829.020845119,12.04388732));
#6041=CARTESIAN_POINT('',(305.914792699,828.493784945,12.178284373));
#6042=CARTESIAN_POINT('',(306.076425672,828.219818042,12.203655954));
#6043=CARTESIAN_POINT('',(306.388587061,827.670915445,12.16890113));
#6044=CARTESIAN_POINT('',(306.539087505,827.396028938,12.108777835));
#6045=CARTESIAN_POINT('',(306.817993214,826.865357384,11.90740685));
#6046=CARTESIAN_POINT('',(306.946373485,826.609619892,11.7661772));
#6047=CARTESIAN_POINT('',(307.059017355,826.372771128,11.589533424));
#6048=CARTESIAN_POINT('',(303.345800893,830.543903842,8.810464019));
#6049=CARTESIAN_POINT('',(303.378720402,830.562910225,9.121934799));
#6050=CARTESIAN_POINT('',(303.432861151,830.545153742,9.433378548));
#6051=CARTESIAN_POINT('',(303.579710703,830.43738532,10.033926236));
#6052=CARTESIAN_POINT('',(303.672406743,830.347382743,10.32297799));
#6053=CARTESIAN_POINT('',(303.889708167,830.101580632,10.857953736));
#6054=CARTESIAN_POINT('',(304.014294668,829.945802454,11.10383124));
#6055=CARTESIAN_POINT('',(304.286424187,829.579638187,11.534771086));
#6056=CARTESIAN_POINT('',(304.433943559,829.369283914,11.719795979));
#6057=CARTESIAN_POINT('',(304.741335531,828.909082695,12.015715367));
#6058=CARTESIAN_POINT('',(304.901181419,828.659275736,12.126584144));
#6059=CARTESIAN_POINT('',(305.221734963,828.138123947,12.266205536));
#6060=CARTESIAN_POINT('',(305.382414763,827.8668244,12.294946012));
#6061=CARTESIAN_POINT('',(305.693082648,827.322191026,12.268228695));
#6062=CARTESIAN_POINT('',(305.843043737,827.048904523,12.212773216));
#6063=CARTESIAN_POINT('',(306.12148931,826.519947469,12.021635316));
#6064=CARTESIAN_POINT('',(306.249949597,826.264322883,11.885969496));
#6065=CARTESIAN_POINT('',(306.363051117,826.026698358,11.715059889));
#6066=CARTESIAN_POINT('',(302.957681774,830.319823164,8.866019309));
#6067=CARTESIAN_POINT('',(302.991626883,830.339421437,9.175756693));
#6068=CARTESIAN_POINT('',(303.046579289,830.322627324,9.485467707));
#6069=CARTESIAN_POINT('',(303.194604936,830.217443644,10.082895133));
#6070=CARTESIAN_POINT('',(303.287665567,830.129063032,10.370560669));
#6071=CARTESIAN_POINT('',(303.505288997,829.886985041,10.903415228));
#6072=CARTESIAN_POINT('',(303.629833261,829.733308275,11.148558871));
#6073=CARTESIAN_POINT('',(303.901563072,829.371565881,11.578910985));
#6074=CARTESIAN_POINT('',(304.048725476,829.163531056,11.764082805));
#6075=CARTESIAN_POINT('',(304.355219154,828.707871928,12.061298504));
#6076=CARTESIAN_POINT('',(304.514524325,828.460286427,12.173317069));
#6077=CARTESIAN_POINT('',(304.833964979,827.943143523,12.316238426));
#6078=CARTESIAN_POINT('',(304.994073256,827.673630158,12.347129041));
#6079=CARTESIAN_POINT('',(305.303722448,827.131813407,12.325580204));
#6080=CARTESIAN_POINT('',(305.453236993,826.859556163,12.27314258));
#6081=CARTESIAN_POINT('',(305.731053169,826.331632596,12.088654216));
#6082=CARTESIAN_POINT('',(305.85933114,826.076011234,11.95661918));
#6083=CARTESIAN_POINT('',(305.972434795,825.83778561,11.789469468));
#6084=CARTESIAN_POINT('',(302.182115696,829.87204988,8.982621442));
#6085=CARTESIAN_POINT('',(302.217653484,829.892567686,9.289095179));
#6086=CARTESIAN_POINT('',(302.273794547,829.877392845,9.59554381));
#6087=CARTESIAN_POINT('',(302.423380501,829.776712119,10.187090923));
#6088=CARTESIAN_POINT('',(302.516813132,829.691214481,10.472140934));
#6089=CARTESIAN_POINT('',(302.734463141,829.455846569,11.000981115));
#6090=CARTESIAN_POINT('',(302.858662682,829.305995578,11.24472795));
#6091=CARTESIAN_POINT('',(303.129177932,828.952374281,11.673932908));
#6092=CARTESIAN_POINT('',(303.275471473,828.748632948,11.859355858));
#6093=CARTESIAN_POINT('',(303.579961918,828.301449388,12.158953998));
#6094=CARTESIAN_POINT('',(303.73813387,828.058043801,12.273104635));
#6095=CARTESIAN_POINT('',(304.055337193,827.548522564,12.422173796));
#6096=CARTESIAN_POINT('',(304.214342572,827.282448662,12.457080099));
#6097=CARTESIAN_POINT('',(304.52210878,826.746167749,12.445208493));
#6098=CARTESIAN_POINT('',(304.67084439,826.476004681,12.398431549));
#6099=CARTESIAN_POINT('',(304.947682375,825.950411464,12.226444914));
#6100=CARTESIAN_POINT('',(305.075762065,825.695024386,12.101249308));
#6101=CARTESIAN_POINT('',(305.18905112,825.455922686,11.941201395));
#6102=CARTESIAN_POINT('',(301.794648024,829.648345316,9.043499066));
#6103=CARTESIAN_POINT('',(301.830772835,829.669201988,9.348431232));
#6104=CARTESIAN_POINT('',(301.887309211,829.65469808,9.653338869));
#6105=CARTESIAN_POINT('',(302.037311313,829.555967853,10.242105901));
#6106=CARTESIAN_POINT('',(302.130764972,829.471749475,10.525917935));
#6107=CARTESIAN_POINT('',(302.348141283,829.23940608,11.052852636));
#6108=CARTESIAN_POINT('',(302.47204645,829.091299752,11.295932915));
#6109=CARTESIAN_POINT('',(302.741757415,828.741417643,11.724577979));
#6110=CARTESIAN_POINT('',(302.887541518,828.539670005,11.910108282));
#6111=CARTESIAN_POINT('',(303.190926768,828.096455658,12.210806368));
#6112=CARTESIAN_POINT('',(303.348503511,827.855024599,12.325949959));
#6113=CARTESIAN_POINT('',(303.66457283,827.349141898,12.477895509));
#6114=CARTESIAN_POINT('',(303.823039983,827.084730947,12.514685243));
#6115=CARTESIAN_POINT('',(304.129925466,826.551179826,12.507363952));
#6116=CARTESIAN_POINT('',(304.27831911,826.282082574,12.463253512));
#6117=CARTESIAN_POINT('',(304.554788041,825.757777663,12.297169843));
#6118=CARTESIAN_POINT('',(304.682841087,825.502612181,12.175209969));
#6119=CARTESIAN_POINT('',(304.796302991,825.263220573,12.018531184));
#6120=CARTESIAN_POINT('',(301.019887007,829.201036834,9.166678556));
#6121=CARTESIAN_POINT('',(301.056186273,829.221994228,9.469113154));
#6122=CARTESIAN_POINT('',(301.112572073,829.208154192,9.771524187));
#6123=CARTESIAN_POINT('',(301.261694205,829.111817345,10.355798383));
#6124=CARTESIAN_POINT('',(301.354418919,829.029328039,10.63761602));
#6125=CARTESIAN_POINT('',(301.56990973,828.801299409,11.161507588));
#6126=CARTESIAN_POINT('',(301.692659037,828.655777851,11.403540697));
#6127=CARTESIAN_POINT('',(301.959844198,828.311584925,11.831373648));
#6128=CARTESIAN_POINT('',(302.104259233,828.112940375,12.017140152));
#6129=CARTESIAN_POINT('',(302.404944223,827.676021013,12.319779445));
#6130=CARTESIAN_POINT('',(302.56119075,827.437780243,12.43662865));
#6131=CARTESIAN_POINT('',(302.87489977,826.937886773,12.593464136));
#6132=CARTESIAN_POINT('',(303.032337821,826.676273022,12.633438192));
#6133=CARTESIAN_POINT('',(303.33770805,826.147446369,12.6337881));
#6134=CARTESIAN_POINT('',(303.485616434,825.880274671,12.594163921));
#6135=CARTESIAN_POINT('',(303.761852686,825.358526443,12.438002335));
#6136=CARTESIAN_POINT('',(303.89015903,825.103990566,12.32147709));
#6137=CARTESIAN_POINT('',(304.004304408,824.864420745,12.170456471));
#6138=CARTESIAN_POINT('',(300.632552309,828.977409042,9.228642571));
#6139=CARTESIAN_POINT('',(300.668427788,828.998121757,9.530124218));
#6140=CARTESIAN_POINT('',(300.724256464,828.984268151,9.831582682));
#6141=CARTESIAN_POINT('',(300.872060355,828.888361349,10.414150345));
#6142=CARTESIAN_POINT('',(300.964024204,828.806315528,10.695214746));
#6143=CARTESIAN_POINT('',(301.177882224,828.579564684,11.217975259));
#6144=CARTESIAN_POINT('',(301.299759949,828.434877097,11.459631173));
#6145=CARTESIAN_POINT('',(301.565204679,828.09262202,11.887218917));
#6146=CARTESIAN_POINT('',(301.708751273,827.895080847,12.073117867));
#6147=CARTESIAN_POINT('',(302.007825365,827.460475255,12.376605582));
#6148=CARTESIAN_POINT('',(302.163329867,827.223444253,12.494171008));
#6149=CARTESIAN_POINT('',(302.475800818,826.725889461,12.653026718));
#6150=CARTESIAN_POINT('',(302.632743239,826.465403931,12.694304784));
#6151=CARTESIAN_POINT('',(302.937472079,825.93855991,12.697780809));
#6152=CARTESIAN_POINT('',(303.085235064,825.672241932,12.659978498));
#6153=CARTESIAN_POINT('',(303.361606383,825.151750258,12.507838582));
#6154=CARTESIAN_POINT('',(303.490193463,824.897616587,12.393512673));
#6155=CARTESIAN_POINT('',(303.604851745,824.65815296,12.244780358));
#6156=CARTESIAN_POINT('',(300.051363641,828.641859608,9.32006391));
#6157=CARTESIAN_POINT('',(300.086627893,828.662219432,9.620281153));
#6158=CARTESIAN_POINT('',(300.14166818,828.648320005,9.920475714));
#6159=CARTESIAN_POINT('',(300.287626331,828.552930595,10.500778271));
#6160=CARTESIAN_POINT('',(300.378533168,828.471447819,10.780842424));
#6161=CARTESIAN_POINT('',(300.590133405,828.246345955,11.302099185));
#6162=CARTESIAN_POINT('',(300.710810818,828.102743875,11.543252412));
#6163=CARTESIAN_POINT('',(300.973863768,827.763024364,11.970508963));
#6164=CARTESIAN_POINT('',(301.116219433,827.566932598,12.156580008));
#6165=CARTESIAN_POINT('',(301.413085412,827.135376232,12.461185339));
#6166=CARTESIAN_POINT('',(301.567573299,826.899944236,12.579696611));
#6167=CARTESIAN_POINT('',(301.878345169,826.405490186,12.741224377));
#6168=CARTESIAN_POINT('',(302.034605674,826.146505488,12.784228667));
#6169=CARTESIAN_POINT('',(302.338443762,825.622310722,12.79184694));
#6170=CARTESIAN_POINT('',(302.485998389,825.357140257,12.756460346));
#6171=CARTESIAN_POINT('',(302.762527933,824.83835613,12.609657984));
#6172=CARTESIAN_POINT('',(302.891481958,824.584781663,12.498253306));
#6173=CARTESIAN_POINT('',(303.006820673,824.345489215,12.352563779));
#6174=CARTESIAN_POINT('',(299.857608579,828.52999507,9.350329295));
#6175=CARTESIAN_POINT('',(299.892676067,828.550241293,9.650148171));
#6176=CARTESIAN_POINT('',(299.94746384,828.536324895,9.949944523));
#6177=CARTESIAN_POINT('',(300.092832464,828.441093345,10.529533125));
#6178=CARTESIAN_POINT('',(300.183402393,828.359785348,10.809281832));
#6179=CARTESIAN_POINT('',(300.394283787,828.135198001,11.330063678));
#6180=CARTESIAN_POINT('',(300.514579409,827.991935524,11.57105769));
#6181=CARTESIAN_POINT('',(300.776871809,827.653010683,11.998207603));
#6182=CARTESIAN_POINT('',(300.918848882,827.457373781,12.184331412));
#6183=CARTESIAN_POINT('',(301.215012623,827.026775573,12.489285421));
#6184=CARTESIAN_POINT('',(301.369177042,826.791846618,12.608092709));
#6185=CARTESIAN_POINT('',(301.679407441,826.298369448,12.770458134));
#6186=CARTESIAN_POINT('',(301.835450113,826.039858307,12.814004072));
#6187=CARTESIAN_POINT('',(302.139001807,825.516501363,12.822923203));
#6188=CARTESIAN_POINT('',(302.286488022,825.251694878,12.788295725));
#6189=CARTESIAN_POINT('',(302.563062221,824.733455472,12.643171891));
#6190=CARTESIAN_POINT('',(302.692129426,824.480061485,12.532686437));
#6191=CARTESIAN_POINT('',(302.807680363,824.240828128,12.38795518));
#6192=CARTESIAN_POINT('',(299.470069219,828.306249117,9.410621223));
#6193=CARTESIAN_POINT('',(299.504874107,828.326343728,9.709628665));
#6194=CARTESIAN_POINT('',(299.559288755,828.312467268,10.008613891));
#6195=CARTESIAN_POINT('',(299.703734912,828.21769094,10.586744754));
#6196=CARTESIAN_POINT('',(299.793755691,828.136798111,10.865847439));
#6197=CARTESIAN_POINT('',(300.003432597,827.913358847,11.385648523));
#6198=CARTESIAN_POINT('',(300.123073147,827.770829011,11.626308305));
#6199=CARTESIAN_POINT('',(300.384037329,827.433585491,12.053212756));
#6200=CARTESIAN_POINT('',(300.525341574,827.238896861,12.239425709));
#6201=CARTESIAN_POINT('',(300.82023895,826.810275735,12.545044262));
#6202=CARTESIAN_POINT('',(300.973810173,826.576375082,12.664427156));
#6203=CARTESIAN_POINT('',(301.283030088,826.084879614,12.828436013));
#6204=CARTESIAN_POINT('',(301.438655806,825.827321314,12.873049792));
#6205=CARTESIAN_POINT('',(301.741635126,825.305635932,12.884542159));
#6206=CARTESIAN_POINT('',(301.888966217,825.041547609,12.851419892));
#6207=CARTESIAN_POINT('',(302.165556768,824.52436441,12.709631283));
#6208=CARTESIAN_POINT('',(302.29479568,824.271307958,12.600975474));
#6209=CARTESIAN_POINT('',(302.410699889,824.032163829,12.458155022));
#6210=CARTESIAN_POINT('',(299.276286722,828.19436874,9.440662478));
#6211=CARTESIAN_POINT('',(299.311028985,828.214427194,9.739253857));
#6212=CARTESIAN_POINT('',(299.365325904,828.200610061,10.037823175));
#6213=CARTESIAN_POINT('',(299.509444122,828.106136877,10.615204774));
#6214=CARTESIAN_POINT('',(299.599254774,828.025487807,10.893974397));
#6215=CARTESIAN_POINT('',(299.808449454,827.802689504,11.413265631));
#6216=CARTESIAN_POINT('',(299.927818028,827.660556731,11.653748877));
#6217=CARTESIAN_POINT('',(300.188216391,827.324208166,12.08051279));
#6218=CARTESIAN_POINT('',(300.329226942,827.130017222,12.266761927));
#6219=CARTESIAN_POINT('',(300.623560628,826.702423349,12.572697491));
#6220=CARTESIAN_POINT('',(300.776862018,826.46905201,12.692361315));
#6221=CARTESIAN_POINT('',(301.085612234,825.97856874,12.857180214));
#6222=CARTESIAN_POINT('',(301.24103825,825.721493046,12.902323113));
#6223=CARTESIAN_POINT('',(301.543730153,825.200646836,12.915095166));
#6224=CARTESIAN_POINT('',(301.690973677,824.9369148,12.882723376));
#6225=CARTESIAN_POINT('',(301.967534157,824.420245672,12.742601379));
#6226=CARTESIAN_POINT('',(302.096830681,824.167346751,12.634861523));
#6227=CARTESIAN_POINT('',(302.212875094,823.928232265,12.492999485));
#6228=CARTESIAN_POINT('',(298.694960184,827.858739707,9.530957406));
#6229=CARTESIAN_POINT('',(298.729684968,827.87878807,9.828319343));
#6230=CARTESIAN_POINT('',(298.783805264,827.865236591,10.125659665));
#6231=CARTESIAN_POINT('',(298.927292281,827.771821451,10.700822892));
#6232=CARTESIAN_POINT('',(299.016648573,827.691964578,10.978603989));
#6233=CARTESIAN_POINT('',(299.224734387,827.471182316,11.496371948));
#6234=CARTESIAN_POINT('',(299.343448783,827.330272974,11.736321174));
#6235=CARTESIAN_POINT('',(299.602445442,826.996646518,12.162634631));
#6236=CARTESIAN_POINT('',(299.742708878,826.803953654,12.348967874));
#6237=CARTESIAN_POINT('',(300.035579504,826.379428835,12.655783362));
#6238=CARTESIAN_POINT('',(300.188165406,826.147627736,12.776243306));
#6239=CARTESIAN_POINT('',(300.495644854,825.66012974,12.943377809));
#6240=CARTESIAN_POINT('',(300.65051605,825.404468276,12.990040218));
#6241=CARTESIAN_POINT('',(300.952378137,824.886064783,13.006498814));
#6242=CARTESIAN_POINT('',(301.099347086,824.623360435,12.976293802));
#6243=CARTESIAN_POINT('',(301.375735043,824.108152268,12.840992944));
#6244=CARTESIAN_POINT('',(301.50513396,823.855685898,12.73590693));
#6245=CARTESIAN_POINT('',(301.621500276,823.616624908,12.596826354));
#6246=CARTESIAN_POINT('',(298.30745274,827.63501218,9.591510093));
#6247=CARTESIAN_POINT('',(298.342395952,827.655186653,9.888074994));
#6248=CARTESIAN_POINT('',(298.39663662,827.641931144,10.184618554));
#6249=CARTESIAN_POINT('',(298.540178019,827.549423977,10.758337523));
#6250=CARTESIAN_POINT('',(298.62946842,827.470178976,11.035471648));
#6251=CARTESIAN_POINT('',(298.837269633,827.250870406,11.552228589));
#6252=CARTESIAN_POINT('',(298.955765491,827.110822618,11.791814219));
#6253=CARTESIAN_POINT('',(299.214225432,826.779066752,12.217786185));
#6254=CARTESIAN_POINT('',(299.354170917,826.587382548,12.404141869));
#6255=CARTESIAN_POINT('',(299.64637279,826.164893408,12.711447933));
#6256=CARTESIAN_POINT('',(299.798608152,825.934118874,12.832376201));
#6257=CARTESIAN_POINT('',(300.105426682,825.448549184,13.000902309));
#6258=CARTESIAN_POINT('',(300.259987771,825.193788969,13.048488022));
#6259=CARTESIAN_POINT('',(300.561340981,824.676920254,13.0672035));
#6260=CARTESIAN_POINT('',(300.708111416,824.414848949,13.038331918));
#6261=CARTESIAN_POINT('',(300.984275025,823.900511394,12.906011464));
#6262=CARTESIAN_POINT('',(301.113648325,823.648282157,12.802572114));
#6263=CARTESIAN_POINT('',(301.23009753,823.409211263,12.665224066));
#6264=CARTESIAN_POINT('',(297.532596588,827.187648772,9.713912329));
#6265=CARTESIAN_POINT('',(297.567800054,827.207973502,10.009423592));
#6266=CARTESIAN_POINT('',(297.622171138,827.195093173,10.304913873));
#6267=CARTESIAN_POINT('',(297.765728676,827.103756194,10.876723267));
#6268=CARTESIAN_POINT('',(297.854904937,827.025306029,11.153001781));
#6269=CARTESIAN_POINT('',(298.062279403,826.807920935,11.66842094));
#6270=CARTESIAN_POINT('',(298.180462884,826.66900144,11.907524989));
#6271=CARTESIAN_POINT('',(298.438171466,826.339701742,12.333043069));
#6272=CARTESIAN_POINT('',(298.577678269,826.149344918,12.519426886));
#6273=CARTESIAN_POINT('',(298.868965619,825.729540415,12.82737804));
#6274=CARTESIAN_POINT('',(299.020725484,825.500122542,12.948923512));
#6275=CARTESIAN_POINT('',(299.326653081,825.017107356,13.119285622));
#6276=CARTESIAN_POINT('',(299.480799093,824.763544339,13.168090163));
#6277=CARTESIAN_POINT('',(299.781476551,824.248722376,13.1897866));
#6278=CARTESIAN_POINT('',(299.927986648,823.987499983,13.162676954));
#6279=CARTESIAN_POINT('',(300.203864903,823.474343181,13.034296757));
#6280=CARTESIAN_POINT('',(300.333213473,823.222445207,12.933035321));
#6281=CARTESIAN_POINT('',(300.449784632,822.983381272,12.797980136));
#6282=CARTESIAN_POINT('',(297.145226775,826.964000706,9.77558946));
#6283=CARTESIAN_POINT('',(297.180420888,826.984320036,10.070889324));
#6284=CARTESIAN_POINT('',(297.234755445,826.971481389,10.366168279));
#6285=CARTESIAN_POINT('',(297.378192878,826.880318119,10.937595437));
#6286=CARTESIAN_POINT('',(297.467285598,826.801999952,11.21370318));
#6287=CARTESIAN_POINT('',(297.674459458,826.584953599,11.728857425));
#6288=CARTESIAN_POINT('',(297.79252593,826.44624078,11.967867451));
#6289=CARTESIAN_POINT('',(298.049985299,826.117403245,12.393302));
#6290=CARTESIAN_POINT('',(298.189359967,825.92730181,12.579696401));
#6291=CARTESIAN_POINT('',(298.480389101,825.50802312,12.887789591));
#6292=CARTESIAN_POINT('',(298.63202296,825.278875551,13.009466567));
#6293=CARTESIAN_POINT('',(298.937726572,824.796377696,13.180215212));
#6294=CARTESIAN_POINT('',(299.09177468,824.543061573,13.229274792));
#6295=CARTESIAN_POINT('',(299.392304731,824.028671094,13.251592906));
#6296=CARTESIAN_POINT('',(299.538765396,823.767633159,13.22484986));
#6297=CARTESIAN_POINT('',(299.814609744,823.25474725,13.09728842));
#6298=CARTESIAN_POINT('',(299.943973896,823.00293559,12.996479059));
#6299=CARTESIAN_POINT('',(300.060598515,822.763894675,12.861899574));
#6300=CARTESIAN_POINT('',(296.370408567,826.516659205,9.898301697));
#6301=CARTESIAN_POINT('',(296.405364663,826.536841116,10.193583075));
#6302=CARTESIAN_POINT('',(296.459454036,826.523877508,10.488843562));
#6303=CARTESIAN_POINT('',(296.60240391,826.432497002,11.06024207));
#6304=CARTESIAN_POINT('',(296.691254296,826.35408657,11.336339664));
#6305=CARTESIAN_POINT('',(296.89796417,826.136892482,11.851489216));
#6306=CARTESIAN_POINT('',(297.015809034,825.998124193,12.090504728));
#6307=CARTESIAN_POINT('',(297.272863101,825.669212779,12.515971269));
#6308=CARTESIAN_POINT('',(297.412054117,825.479092925,12.702392197));
#6309=CARTESIAN_POINT('',(297.702769145,825.059811079,13.010562245));
#6310=CARTESIAN_POINT('',(297.854272588,824.830678752,13.132289563));
#6311=CARTESIAN_POINT('',(298.159780694,824.348238558,13.303162373));
#6312=CARTESIAN_POINT('',(298.313763741,824.094964824,13.352295777));
#6313=CARTESIAN_POINT('',(298.614236946,823.580677447,13.374781421));
#6314=CARTESIAN_POINT('',(298.760705844,823.31970019,13.348132071));
#6315=CARTESIAN_POINT('',(299.03664294,822.806943729,13.220771193));
#6316=CARTESIAN_POINT('',(299.166091616,822.555200803,13.120068675));
#6317=CARTESIAN_POINT('',(299.282837723,822.3162274,12.98559794));
#6318=CARTESIAN_POINT('',(295.982959432,826.292965343,9.95954186));
#6319=CARTESIAN_POINT('',(296.017738419,826.313045,10.255044487));
#6320=CARTESIAN_POINT('',(296.071675266,826.299936574,10.550526154));
#6321=CARTESIAN_POINT('',(296.214374604,826.208191666,11.122328498));
#6322=CARTESIAN_POINT('',(296.303126973,826.129561693,11.398608616));
#6323=CARTESIAN_POINT('',(296.509694319,825.911874369,11.914050104));
#6324=CARTESIAN_POINT('',(296.627494643,825.772832461,12.153174911));
#6325=CARTESIAN_POINT('',(296.884506274,825.443348756,12.578760125));
#6326=CARTESIAN_POINT('',(297.023699349,825.252930331,12.765190343));
#6327=CARTESIAN_POINT('',(297.314453505,824.833061256,13.073263046));
#6328=CARTESIAN_POINT('',(297.465993962,824.603640389,13.194883679));
#6329=CARTESIAN_POINT('',(297.7715962,824.120670577,13.365424022));
#6330=CARTESIAN_POINT('',(297.925636305,823.867155891,13.414331635));
#6331=CARTESIAN_POINT('',(298.226227331,823.35247055,13.43625712));
#6332=CARTESIAN_POINT('',(298.372756932,823.091336402,13.409273436));
#6333=CARTESIAN_POINT('',(298.648803133,822.578381796,13.281159106));
#6334=CARTESIAN_POINT('',(298.778300154,822.326597721,13.180037546));
#6335=CARTESIAN_POINT('',(298.89508156,822.087652716,13.045123068));
#6336=CARTESIAN_POINT('',(295.207842563,825.84545141,10.078665585));
#6337=CARTESIAN_POINT('',(295.241288058,825.864761175,10.375062363));
#6338=CARTESIAN_POINT('',(295.293979846,825.850729852,10.671437924));
#6339=CARTESIAN_POINT('',(295.434431012,825.756896981,11.244882597));
#6340=CARTESIAN_POINT('',(295.522180335,825.67710215,11.521910659));
#6341=CARTESIAN_POINT('',(295.727022779,825.456942186,12.038571776));
#6342=CARTESIAN_POINT('',(295.844101236,825.316592813,12.278167846));
#6343=CARTESIAN_POINT('',(296.0999626,824.984477741,12.704317567));
#6344=CARTESIAN_POINT('',(296.23872719,824.792735815,12.890840713));
#6345=CARTESIAN_POINT('',(296.528904613,824.370346099,13.198659784));
#6346=CARTESIAN_POINT('',(296.680296673,824.139728544,13.319933676));
#6347=CARTESIAN_POINT('',(296.985847165,823.654637838,13.489327475));
#6348=CARTESIAN_POINT('',(297.139983725,823.40019941,13.537435258));
#6349=CARTESIAN_POINT('',(297.440960773,822.884074553,13.557345577));
#6350=CARTESIAN_POINT('',(297.587779717,822.622425069,13.529146688));
#6351=CARTESIAN_POINT('',(297.864535398,822.108958879,13.39827362));
#6352=CARTESIAN_POINT('',(297.994452324,821.857178927,13.29560881));
#6353=CARTESIAN_POINT('',(298.111686124,821.618534828,13.159052215));
#6354=CARTESIAN_POINT('',(294.820167436,825.621627071,10.136495945));
#6355=CARTESIAN_POINT('',(294.852562095,825.640330131,10.4335621));
#6356=CARTESIAN_POINT('',(294.904268158,825.625579466,10.730606848));
#6357=CARTESIAN_POINT('',(295.042930453,825.53013221,11.305282075));
#6358=CARTESIAN_POINT('',(295.12987669,825.449442495,11.582871143));
#6359=CARTESIAN_POINT('',(295.333328627,825.22739254,12.100449474));
#6360=CARTESIAN_POINT('',(295.449819663,825.0860483,12.34040144));
#6361=CARTESIAN_POINT('',(295.704734511,824.751938487,12.76698265));
#6362=CARTESIAN_POINT('',(295.843139954,824.559196988,12.953581154));
#6363=CARTESIAN_POINT('',(296.132820505,824.134909883,13.261224923));
#6364=CARTESIAN_POINT('',(296.284074739,823.903394851,13.382248019));
#6365=CARTESIAN_POINT('',(296.589546956,823.416719596,13.550803919));
#6366=CARTESIAN_POINT('',(296.743742927,823.161594443,13.598324575));
#6367=CARTESIAN_POINT('',(297.044998703,822.644406729,13.616751866));
#6368=CARTESIAN_POINT('',(297.1920368,822.382381437,13.587657169));
#6369=CARTESIAN_POINT('',(297.469344427,821.868555815,13.454747963));
#6370=CARTESIAN_POINT('',(297.599593975,821.616792512,13.350943028));
#6371=CARTESIAN_POINT('',(297.717192236,821.378388136,13.213172248));
#6372=CARTESIAN_POINT('',(294.238176342,825.285614356,10.216142844));
#6373=CARTESIAN_POINT('',(294.267882894,825.302765437,10.514844427));
#6374=CARTESIAN_POINT('',(294.317064748,825.286179278,10.81352412));
#6375=CARTESIAN_POINT('',(294.45114472,825.186623072,11.391198733));
#6376=CARTESIAN_POINT('',(294.536033012,825.10366032,11.67015132));
#6377=CARTESIAN_POINT('',(294.735923854,824.876820986,12.189943295));
#6378=CARTESIAN_POINT('',(294.850911755,824.732961027,12.430744591));
#6379=CARTESIAN_POINT('',(295.103410854,824.393820563,12.858322828));
#6380=CARTESIAN_POINT('',(295.240903548,824.198564911,13.045068435));
#6381=CARTESIAN_POINT('',(295.529333689,823.769522569,13.352192297));
#6382=CARTESIAN_POINT('',(295.680249999,823.535767321,13.472548044));
#6383=CARTESIAN_POINT('',(295.985560864,823.045160211,13.638932572));
#6384=CARTESIAN_POINT('',(296.139933045,822.788344302,13.68494916));
#6385=CARTESIAN_POINT('',(296.441959444,822.268575816,13.699604853));
#6386=CARTESIAN_POINT('',(296.589591528,822.005661329,13.668242884));
#6387=CARTESIAN_POINT('',(296.86838526,821.491060993,13.530201533));
#6388=CARTESIAN_POINT('',(296.999526477,821.239412855,13.423532265));
#6389=CARTESIAN_POINT('',(297.118100166,821.001690907,13.282721589));
#6390=CARTESIAN_POINT('',(294.044098148,825.173563258,10.241487502));
#6391=CARTESIAN_POINT('',(294.072716433,825.190086024,10.540842722));
#6392=CARTESIAN_POINT('',(294.120876026,825.172757375,10.840175857));
#6393=CARTESIAN_POINT('',(294.25309994,825.071540312,11.419048491));
#6394=CARTESIAN_POINT('',(294.337154506,824.987659364,11.698545285));
#6395=CARTESIAN_POINT('',(294.535602725,824.758886688,12.219219105));
#6396=CARTESIAN_POINT('',(294.649981737,824.614011836,12.460357719));
#6397=CARTESIAN_POINT('',(294.901502739,824.27284344,12.888328394));
#6398=CARTESIAN_POINT('',(295.038626173,824.076575065,13.075128881));
#6399=CARTESIAN_POINT('',(295.326551513,823.645619185,13.382035272));
#6400=CARTESIAN_POINT('',(295.477332178,823.410963474,13.502118532));
#6401=CARTESIAN_POINT('',(295.782581097,822.918778534,13.667622117));
#6402=CARTESIAN_POINT('',(295.937026831,822.661285616,13.71303023));
#6403=CARTESIAN_POINT('',(296.239370709,822.140487763,13.726162904));
#6404=CARTESIAN_POINT('',(296.387246548,821.87722125,13.693886495));
#6405=CARTESIAN_POINT('',(296.66664942,821.362322982,13.553777429));
#6406=CARTESIAN_POINT('',(296.798155842,821.110729214,13.445955106));
#6407=CARTESIAN_POINT('',(296.917128987,820.873290772,13.303921795));
#6408=CARTESIAN_POINT('',(293.655690549,824.949316026,10.288449299));
#6409=CARTESIAN_POINT('',(293.681510889,824.964223397,10.589421987));
#6410=CARTESIAN_POINT('',(293.727039082,824.944991291,10.890372092));
#6411=CARTESIAN_POINT('',(293.854481729,824.839527408,11.472204555));
#6412=CARTESIAN_POINT('',(293.936386619,824.753303543,11.753043259));
#6413=CARTESIAN_POINT('',(294.13111394,824.51960829,12.275881043));
#6414=CARTESIAN_POINT('',(294.243921761,824.372154433,12.517840895));
#6415=CARTESIAN_POINT('',(294.492920175,824.025844299,12.946744565));
#6416=CARTESIAN_POINT('',(294.629092086,823.827014004,13.133656203));
#6417=CARTESIAN_POINT('',(294.915721398,823.391231177,13.439963498));
#6418=CARTESIAN_POINT('',(295.066157292,823.154311339,13.559336173));
#6419=CARTESIAN_POINT('',(295.371262713,822.658177251,13.72257738));
#6420=CARTESIAN_POINT('',(295.525909348,822.399000223,13.766433663));
#6421=CARTESIAN_POINT('',(295.829101545,821.875669528,13.775699529));
#6422=CARTESIAN_POINT('',(295.97762436,821.611555125,13.741108415));
#6423=CARTESIAN_POINT('',(296.258641996,821.096000147,13.595779189));
#6424=CARTESIAN_POINT('',(296.391115732,820.844598252,13.485051979));
#6425=CARTESIAN_POINT('',(296.511147584,820.607935099,13.339945422));
#6426=CARTESIAN_POINT('',(293.46136025,824.837119376,10.310053187));
#6427=CARTESIAN_POINT('',(293.485497855,824.851055208,10.61195815));
#6428=CARTESIAN_POINT('',(293.529440152,824.83068408,10.913840239));
#6429=CARTESIAN_POINT('',(293.653995721,824.722689278,11.497377181));
#6430=CARTESIAN_POINT('',(293.734599554,824.635073783,11.778987827));
#6431=CARTESIAN_POINT('',(293.927070079,824.398463402,12.30306713));
#6432=CARTESIAN_POINT('',(294.038922186,824.249486437,12.545496084));
#6433=CARTESIAN_POINT('',(294.286381952,823.900147933,12.974925565));
#6434=CARTESIAN_POINT('',(294.421970861,823.699812856,13.161893559));
#6435=CARTESIAN_POINT('',(294.707801868,823.261203509,13.467836611));
#6436=CARTESIAN_POINT('',(294.858022311,823.022962465,13.586788489));
#6437=CARTESIAN_POINT('',(295.163030211,822.524534326,13.748700425));
#6438=CARTESIAN_POINT('',(295.317794561,822.264384989,13.791648215));
#6439=CARTESIAN_POINT('',(295.621497575,821.739607268,13.798655847));
#6440=CARTESIAN_POINT('',(295.77041323,821.475018641,13.762715156));
#6441=CARTESIAN_POINT('',(296.052417489,820.959130341,13.61434696));
#6442=CARTESIAN_POINT('',(296.185484728,820.707869751,13.501930692));
#6443=CARTESIAN_POINT('',(296.306169212,820.471691587,13.355039613));
#6444=CARTESIAN_POINT('',(292.877821925,824.500213367,10.366741964));
#6445=CARTESIAN_POINT('',(292.89576398,824.510572196,10.671759509));
#6446=CARTESIAN_POINT('',(292.933840768,824.486053384,10.976753178));
#6447=CARTESIAN_POINT('',(293.04767369,824.368924478,11.565970368));
#6448=CARTESIAN_POINT('',(293.123420901,824.276323543,11.850147772));
#6449=CARTESIAN_POINT('',(293.307427538,824.029338392,12.378331972));
#6450=CARTESIAN_POINT('',(293.41567255,823.874973497,12.622297427));
#6451=CARTESIAN_POINT('',(293.657289101,823.514985338,13.053398669));
#6452=CARTESIAN_POINT('',(293.790641721,823.309390239,13.240500712));
#6453=CARTESIAN_POINT('',(294.073373428,822.860965359,13.545094371));
#6454=CARTESIAN_POINT('',(294.222730379,822.618170667,13.662562144));
#6455=CARTESIAN_POINT('',(294.527277453,822.111912141,13.819857073));
#6456=CARTESIAN_POINT('',(294.682443735,821.848487926,13.859671911));
#6457=CARTESIAN_POINT('',(294.988018643,821.318947325,13.858929447));
#6458=CARTESIAN_POINT('',(295.138403352,821.052872383,13.818372194));
#6459=CARTESIAN_POINT('',(295.424149553,820.536191934,13.659639208));
#6460=CARTESIAN_POINT('',(295.559488682,820.28562687,13.54147589));
#6461=CARTESIAN_POINT('',(295.682696335,820.051349917,13.388528867));
#6462=CARTESIAN_POINT('',(292.48809508,824.275204468,10.394128553));
#6463=CARTESIAN_POINT('',(292.500358234,824.282284596,10.701759847));
#6464=CARTESIAN_POINT('',(292.533036803,824.254001855,11.0093664));
#6465=CARTESIAN_POINT('',(292.636964498,824.128652426,11.603345247));
#6466=CARTESIAN_POINT('',(292.708205222,824.03159579,11.889669771));
#6467=CARTESIAN_POINT('',(292.884325409,823.775396725,12.421269526));
#6468=CARTESIAN_POINT('',(292.98919067,823.616274871,12.666502001));
#6469=CARTESIAN_POINT('',(293.22530235,823.246939386,13.098941894));
#6470=CARTESIAN_POINT('',(293.356529751,823.036755431,13.286114527));
#6471=CARTESIAN_POINT('',(293.636284868,822.579825614,13.589472483));
#6472=CARTESIAN_POINT('',(293.784790066,822.333116479,13.705633397));
#6473=CARTESIAN_POINT('',(294.088825136,821.820197397,13.858915884));
#6474=CARTESIAN_POINT('',(294.244330548,821.554028689,13.896025113));
#6475=CARTESIAN_POINT('',(294.551606567,821.020602946,13.888619586));
#6476=CARTESIAN_POINT('',(294.703352462,820.75338881,13.844105403));
#6477=CARTESIAN_POINT('',(294.99261039,820.236362629,13.676514875));
#6478=CARTESIAN_POINT('',(295.130099171,819.986592178,13.553451981));
#6479=CARTESIAN_POINT('',(295.255714759,819.754167426,13.39535644));
#6480=CARTESIAN_POINT('',(291.9013544,823.936449579,10.40330019));
#6481=CARTESIAN_POINT('',(291.900679687,823.936060025,10.714941538));
#6482=CARTESIAN_POINT('',(291.92093375,823.899420884,11.026556547));
#6483=CARTESIAN_POINT('',(292.001867563,823.756227821,11.627741014));
#6484=CARTESIAN_POINT('',(292.062540461,823.649685993,11.917259664));
#6485=CARTESIAN_POINT('',(292.220013983,823.374229624,12.453716319));
#6486=CARTESIAN_POINT('',(292.316801289,823.205338354,12.700608986));
#6487=CARTESIAN_POINT('',(292.539644265,822.817148061,13.134297752));
#6488=CARTESIAN_POINT('',(292.665681095,822.597881837,13.321057197));
#6489=CARTESIAN_POINT('',(292.938088842,822.124481224,13.621224743));
#6490=CARTESIAN_POINT('',(293.084436732,821.870386836,13.734607474));
#6491=CARTESIAN_POINT('',(293.387090978,821.34534236,13.87996783));
#6492=CARTESIAN_POINT('',(293.543371753,821.074436642,13.911933166));
#6493=CARTESIAN_POINT('',(293.854810534,820.534977741,13.892177084));
#6494=CARTESIAN_POINT('',(294.009942221,820.266470149,13.840457331));
#6495=CARTESIAN_POINT('',(294.308081708,819.750849569,13.656983392));
#6496=CARTESIAN_POINT('',(294.451064314,819.503780162,13.525244707));
#6497=CARTESIAN_POINT('',(294.582914481,819.27617091,13.358152511));
#6498=CARTESIAN_POINT('',(291.705408425,823.823320117,10.400930347));
#6499=CARTESIAN_POINT('',(291.699719609,823.820035678,10.713914273));
#6500=CARTESIAN_POINT('',(291.715146413,823.780179023,11.026871279));
#6501=CARTESIAN_POINT('',(291.787129321,823.630156648,11.630450274));
#6502=CARTESIAN_POINT('',(291.843679217,823.520003821,11.921020348));
#6503=CARTESIAN_POINT('',(291.993866571,823.237254966,12.4590342));
#6504=CARTESIAN_POINT('',(292.087491096,823.064683246,12.706431702));
#6505=CARTESIAN_POINT('',(292.305133583,822.669429401,13.140393876));
#6506=CARTESIAN_POINT('',(292.429132813,822.446781262,13.326921219));
#6507=CARTESIAN_POINT('',(292.698657204,821.967292322,13.625787829));
#6508=CARTESIAN_POINT('',(292.844159175,821.710492754,13.738101385));
#6509=CARTESIAN_POINT('',(293.146282573,821.181065222,13.880491774));
#6510=CARTESIAN_POINT('',(293.302878011,820.908482789,13.910556356));
#6511=CARTESIAN_POINT('',(293.615987325,820.36698684,13.886282535));
#6512=CARTESIAN_POINT('',(293.772474272,820.098119898,13.831946215));
#6513=CARTESIAN_POINT('',(294.07417224,819.583290722,13.642741753));
#6514=CARTESIAN_POINT('',(294.219357316,819.337372774,13.507889879));
#6515=CARTESIAN_POINT('',(294.353710905,819.11170635,13.337587995));
#6516=CARTESIAN_POINT('',(291.312530739,823.59649208,10.381564155));
#6517=CARTESIAN_POINT('',(291.294996873,823.586368897,10.696731504));
#6518=CARTESIAN_POINT('',(291.298956647,823.539021225,11.011870775));
#6519=CARTESIAN_POINT('',(291.349573015,823.373304785,11.619262773));
#6520=CARTESIAN_POINT('',(291.396225084,823.254950769,11.911461388));
#6521=CARTESIAN_POINT('',(291.528834069,822.955823042,12.451695282));
#6522=CARTESIAN_POINT('',(291.614779157,822.775075969,12.699682432));
#6523=CARTESIAN_POINT('',(291.819721615,822.364307535,13.133431257));
#6524=CARTESIAN_POINT('',(291.938700715,822.134322757,13.319154288));
#6525=CARTESIAN_POINT('',(292.201053344,821.641811627,13.614842156));
#6526=CARTESIAN_POINT('',(292.344403494,821.379329143,13.724780646));
#6527=CARTESIAN_POINT('',(292.645065423,820.840924779,13.860881222));
#6528=CARTESIAN_POINT('',(292.802350415,820.56505086,13.887031177));
#6529=CARTESIAN_POINT('',(293.119433752,820.01994491,13.853634698));
#6530=CARTESIAN_POINT('',(293.279203851,819.750761443,13.794091232));
#6531=CARTESIAN_POINT('',(293.589626982,819.238635109,13.593626001));
#6532=CARTESIAN_POINT('',(293.740252365,818.995737872,13.452722086));
#6533=CARTESIAN_POINT('',(293.880836192,818.774805692,13.27625));
#6534=CARTESIAN_POINT('',(291.114908364,823.482394748,10.364238083));
#6535=CARTESIAN_POINT('',(291.090284606,823.468178215,10.680198143));
#6536=CARTESIAN_POINT('',(291.087344558,823.416409527,10.996129558));
#6537=CARTESIAN_POINT('',(291.125042993,823.241548512,11.604848412));
#6538=CARTESIAN_POINT('',(291.16567804,823.118472025,11.897580666));
#6539=CARTESIAN_POINT('',(291.287547084,822.810018504,12.438399333));
#6540=CARTESIAN_POINT('',(291.368770017,822.624669421,12.686436716));
#6541=CARTESIAN_POINT('',(291.565854701,822.205268734,13.119642011));
#6542=CARTESIAN_POINT('',(291.681698573,821.97125514,13.304770647));
#6543=CARTESIAN_POINT('',(291.939522287,821.471700087,13.598551177));
#6544=CARTESIAN_POINT('',(292.081478747,821.206203909,13.707176435));
#6545=CARTESIAN_POINT('',(292.381106552,820.663174035,13.83995848));
#6546=CARTESIAN_POINT('',(292.538750729,820.385689564,13.864103226));
#6547=CARTESIAN_POINT('',(292.858179899,819.839058119,13.826134923));
#6548=CARTESIAN_POINT('',(293.019935934,819.569960699,13.764025311));
#6549=CARTESIAN_POINT('',(293.335711615,819.059866997,13.558092819));
#6550=CARTESIAN_POINT('',(293.489702639,818.818916962,13.414288603));
#6551=CARTESIAN_POINT('',(293.634171314,818.600868026,13.234900135));
#6552=CARTESIAN_POINT('',(290.726585335,823.258196343,10.311741069));
#6553=CARTESIAN_POINT('',(290.687111834,823.235406306,10.627955155));
#6554=CARTESIAN_POINT('',(290.669633611,823.174527808,10.944139754));
#6555=CARTESIAN_POINT('',(290.679959169,822.981102801,11.553019966));
#6556=CARTESIAN_POINT('',(290.707761969,822.848574317,11.845658799));
#6557=CARTESIAN_POINT('',(290.806584057,822.521703655,12.385648621));
#6558=CARTESIAN_POINT('',(290.877594115,822.327391947,12.632949254));
#6559=CARTESIAN_POINT('',(291.057547612,821.891412462,13.063836173));
#6560=CARTESIAN_POINT('',(291.166474259,821.649785331,13.247382277));
#6561=CARTESIAN_POINT('',(291.414153833,821.137159515,13.537078137));
#6562=CARTESIAN_POINT('',(291.552883657,820.866208625,13.643200877));
#6563=CARTESIAN_POINT('',(291.849842321,820.315107625,13.770131367));
#6564=CARTESIAN_POINT('',(292.008043467,820.035008901,13.790927278));
#6565=CARTESIAN_POINT('',(292.332166425,819.486470357,13.745638543));
#6566=CARTESIAN_POINT('',(292.498058016,819.218081687,13.679558115));
#6567=CARTESIAN_POINT('',(292.825209496,818.712954013,13.465420845));
#6568=CARTESIAN_POINT('',(292.986438886,818.476262115,13.317383966));
#6569=CARTESIAN_POINT('',(293.139349102,818.264212438,13.133863253));
#6570=CARTESIAN_POINT('',(290.535074016,823.147627231,10.276638611));
#6571=CARTESIAN_POINT('',(290.487896138,823.120389044,10.592311132));
#6572=CARTESIAN_POINT('',(290.462833265,823.054856806,10.907953894));
#6573=CARTESIAN_POINT('',(290.458802771,822.852085036,11.515665362));
#6574=CARTESIAN_POINT('',(290.479835521,822.714864609,11.807676784));
#6575=CARTESIAN_POINT('',(290.566428483,822.378976011,12.346256917));
#6576=CARTESIAN_POINT('',(290.631980525,822.180339494,12.592774861));
#6577=CARTESIAN_POINT('',(290.802710975,821.73647875,13.021901517));
#6578=CARTESIAN_POINT('',(290.907873284,821.491296355,13.204469781));
#6579=CARTESIAN_POINT('',(291.149956896,820.972691947,13.492015222));
#6580=CARTESIAN_POINT('',(291.286855376,820.699318813,13.596965295));
#6581=CARTESIAN_POINT('',(291.58216675,820.144795491,13.721401488));
#6582=CARTESIAN_POINT('',(291.740551806,819.86369757,13.740875876));
#6583=CARTESIAN_POINT('',(292.066981543,819.314769814,13.692886238));
#6584=CARTESIAN_POINT('',(292.234995458,819.04699172,13.625426734));
#6585=CARTESIAN_POINT('',(292.568105435,818.544755788,13.408603666));
#6586=CARTESIAN_POINT('',(292.733170104,818.310345291,13.259260538));
#6587=CARTESIAN_POINT('',(292.890596554,818.101373909,13.074548521));
#6588=CARTESIAN_POINT('',(290.157178378,822.929449083,10.189305062));
#6589=CARTESIAN_POINT('',(290.095318801,822.893734412,10.502711353));
#6590=CARTESIAN_POINT('',(290.055729479,822.819460173,10.816087689));
#6591=CARTESIAN_POINT('',(290.024058914,822.599362426,11.419275193));
#6592=CARTESIAN_POINT('',(290.031980689,822.453559946,11.709028718));
#6593=CARTESIAN_POINT('',(290.094742506,822.101382678,12.243121895));
#6594=CARTESIAN_POINT('',(290.149576543,821.89504154,12.487410507));
#6595=CARTESIAN_POINT('',(290.302036652,821.437330011,12.912148485));
#6596=CARTESIAN_POINT('',(290.399648148,821.186003356,13.092557261));
#6597=CARTESIAN_POINT('',(290.630311657,820.657258381,13.375922449));
#6598=CARTESIAN_POINT('',(290.763341622,820.379890586,13.47885178));
#6599=CARTESIAN_POINT('',(291.054819495,819.819968005,13.599483386));
#6600=CARTESIAN_POINT('',(291.213239547,819.537466724,13.617174131));
#6601=CARTESIAN_POINT('',(291.543559498,818.988573174,13.565978376));
#6602=CARTESIAN_POINT('',(291.715427833,818.722233359,13.497096767));
#6603=CARTESIAN_POINT('',(292.059690628,818.225744801,13.277932409));
#6604=CARTESIAN_POINT('',(292.232052193,817.995643506,13.127670603));
#6605=CARTESIAN_POINT('',(292.398180351,817.792314909,12.942364348));
#6606=CARTESIAN_POINT('',(289.970782206,822.821833203,10.137113571));
#6607=CARTESIAN_POINT('',(289.901956059,822.782096266,10.448810234));
#6608=CARTESIAN_POINT('',(289.855436151,822.703739041,10.760476999));
#6609=CARTESIAN_POINT('',(289.810503524,822.475670413,11.360337598));
#6610=CARTESIAN_POINT('',(289.812095113,822.325980873,11.648473926));
#6611=CARTESIAN_POINT('',(289.863274561,821.966536393,12.179513162));
#6612=CARTESIAN_POINT('',(289.912857514,821.75681591,12.422365163));
#6613=CARTESIAN_POINT('',(290.056285109,821.293133173,12.844490317));
#6614=CARTESIAN_POINT('',(290.150116002,821.03921537,13.023723005));
#6615=CARTESIAN_POINT('',(290.374963198,820.506301813,13.305064218));
#6616=CARTESIAN_POINT('',(290.505957945,820.227357146,13.407145774));
#6617=CARTESIAN_POINT('',(290.795249112,819.665447028,13.526462179));
#6618=CARTESIAN_POINT('',(290.953517798,819.382535444,13.543685589));
#6619=CARTESIAN_POINT('',(291.28541186,818.834052217,13.491968963));
#6620=CARTESIAN_POINT('',(291.459005419,818.568533155,13.423033884));
#6621=CARTESIAN_POINT('',(291.808444823,818.07488655,13.20418876));
#6622=CARTESIAN_POINT('',(291.984257171,817.846806331,13.054299694));
#6623=CARTESIAN_POINT('',(292.154558435,817.646036155,12.869574133));
#6624=CARTESIAN_POINT('',(289.602377863,822.609134856,10.01807086));
#6625=CARTESIAN_POINT('',(289.521105411,822.562212041,10.325724515));
#6626=CARTESIAN_POINT('',(289.462137537,822.476674563,10.633348668));
#6627=CARTESIAN_POINT('',(289.393240225,822.234795269,11.225431426));
#6628=CARTESIAN_POINT('',(289.383317391,822.078476635,11.509833286));
#6629=CARTESIAN_POINT('',(289.413268725,821.706822962,12.033995715));
#6630=CARTESIAN_POINT('',(289.453140024,821.491523541,12.273706048));
#6631=CARTESIAN_POINT('',(289.579679055,821.018151318,12.690379614));
#6632=CARTESIAN_POINT('',(289.666334661,820.760123884,12.867302912));
#6633=CARTESIAN_POINT('',(289.879909112,820.220767579,13.145033314));
#6634=CARTESIAN_POINT('',(290.006807488,819.9394904,13.2458138));
#6635=CARTESIAN_POINT('',(290.291294842,819.374865551,13.363635429));
#6636=CARTESIAN_POINT('',(290.448856554,819.091571995,13.380665279));
#6637=CARTESIAN_POINT('',(290.782781128,818.544301631,13.329683889));
#6638=CARTESIAN_POINT('',(290.959111985,818.280377273,13.261677535));
#6639=CARTESIAN_POINT('',(291.317266108,817.79177434,13.045741663));
#6640=CARTESIAN_POINT('',(291.499055047,817.567142591,12.897832841));
#6641=CARTESIAN_POINT('',(291.676728505,817.370616931,12.715538064));
#6642=CARTESIAN_POINT('',(289.420359904,822.504046739,9.951252337));
#6643=CARTESIAN_POINT('',(289.333599872,822.453955581,10.256582639));
#6644=CARTESIAN_POINT('',(289.269107237,822.36531532,10.561883751));
#6645=CARTESIAN_POINT('',(289.189493982,822.117584125,11.149534131));
#6646=CARTESIAN_POINT('',(289.17438097,821.958516857,11.43182727));
#6647=CARTESIAN_POINT('',(289.194676458,821.581907623,11.952181255));
#6648=CARTESIAN_POINT('',(289.230083025,821.364401632,12.190192398));
#6649=CARTESIAN_POINT('',(289.348759593,820.887297644,12.604035323));
#6650=CARTESIAN_POINT('',(289.432018262,820.62774522,12.779827575));
#6651=CARTESIAN_POINT('',(289.640133633,820.086103111,13.055971538));
#6652=CARTESIAN_POINT('',(289.764970459,819.804065164,13.156296871));
#6653=CARTESIAN_POINT('',(290.046841543,819.238705091,13.273931085));
#6654=CARTESIAN_POINT('',(290.203848878,818.955436969,13.291228728));
#6655=CARTESIAN_POINT('',(290.538233597,818.408966282,13.24148785));
#6656=CARTESIAN_POINT('',(290.715579042,818.145815915,13.17445408));
#6657=CARTESIAN_POINT('',(291.07727715,817.659418153,12.961086335));
#6658=CARTESIAN_POINT('',(291.261595261,817.436217217,12.81477274));
#6659=CARTESIAN_POINT('',(291.442471373,817.241382826,12.634315106));
#6660=CARTESIAN_POINT('',(289.059754937,822.295851364,9.806152943));
#6661=CARTESIAN_POINT('',(288.963661729,822.240371696,10.106729033));
#6662=CARTESIAN_POINT('',(288.889705417,822.146570774,10.407276724));
#6663=CARTESIAN_POINT('',(288.791581315,821.889320176,10.98590893));
#6664=CARTESIAN_POINT('',(288.767422795,821.725894786,11.263938823));
#6665=CARTESIAN_POINT('',(288.770714898,821.341628241,11.776698542));
#6666=CARTESIAN_POINT('',(288.798165217,821.120823363,12.011379965));
#6667=CARTESIAN_POINT('',(288.902628734,820.638332539,12.419849967));
#6668=CARTESIAN_POINT('',(288.979632075,820.376692143,12.593599988));
#6669=CARTESIAN_POINT('',(289.177441731,819.832127826,12.867176613));
#6670=CARTESIAN_POINT('',(289.298229374,819.549255315,12.966977391));
#6671=CARTESIAN_POINT('',(289.574565586,818.98341882,13.085163436));
#6672=CARTESIAN_POINT('',(289.73008807,818.700508255,13.103537545));
#6673=CARTESIAN_POINT('',(290.064247203,818.155794429,13.057477966));
#6674=CARTESIAN_POINT('',(290.242852307,817.894042592,12.993048624));
#6675=CARTESIAN_POINT('',(290.609797811,817.41126344,12.786193989));
#6676=CARTESIAN_POINT('',(290.798103568,817.1902817,12.643788221));
#6677=CARTESIAN_POINT('',(290.984222686,816.99794516,12.467712218));
#6678=CARTESIAN_POINT('',(288.881163068,822.1927413,9.727888307));
#6679=CARTESIAN_POINT('',(288.781215046,822.135036133,10.026034821));
#6680=CARTESIAN_POINT('',(288.703310764,822.039171715,10.324153411));
#6681=CARTESIAN_POINT('',(288.597374834,821.77824235,10.898202063));
#6682=CARTESIAN_POINT('',(288.56935311,821.613201832,11.174078391));
#6683=CARTESIAN_POINT('',(288.565283817,821.226222841,11.683053626));
#6684=CARTESIAN_POINT('',(288.589236635,821.004320596,11.916104888));
#6685=CARTESIAN_POINT('',(288.687339991,820.520165783,12.322032583));
#6686=CARTESIAN_POINT('',(288.76148135,820.257958539,12.494871016));
#6687=CARTESIAN_POINT('',(288.954439849,819.712751791,12.767465103));
#6688=CARTESIAN_POINT('',(289.07323893,819.429803326,12.867195239));
#6689=CARTESIAN_POINT('',(289.346657349,818.8642234,12.986117277));
#6690=CARTESIAN_POINT('',(289.501251093,818.581644885,13.005298046));
#6691=CARTESIAN_POINT('',(289.834730383,818.037890378,12.961674648));
#6692=CARTESIAN_POINT('',(290.013584711,817.776765288,12.898874561));
#6693=CARTESIAN_POINT('',(290.382243882,817.295406232,12.695959461));
#6694=CARTESIAN_POINT('',(290.572014212,817.075217326,12.555863438));
#6695=CARTESIAN_POINT('',(290.760180438,816.883692813,12.382329126));
#6696=CARTESIAN_POINT('',(288.52644598,821.987945294,9.563118286));
#6697=CARTESIAN_POINT('',(288.420280137,821.926650267,9.856598419));
#6698=CARTESIAN_POINT('',(288.335930213,821.827591462,10.150051625));
#6699=CARTESIAN_POINT('',(288.217062152,821.561226557,10.715339694));
#6700=CARTESIAN_POINT('',(288.182554922,821.393944887,10.987122725));
#6701=CARTESIAN_POINT('',(288.165931165,821.003476775,11.488994682));
#6702=CARTESIAN_POINT('',(288.183816168,820.780326141,11.719037591));
#6703=CARTESIAN_POINT('',(288.270666745,820.294590911,12.12043238));
#6704=CARTESIAN_POINT('',(288.339624362,820.032050856,12.291747454));
#6705=CARTESIAN_POINT('',(288.523537651,819.486919551,12.563023599));
#6706=CARTESIAN_POINT('',(288.638476464,819.204378287,12.662959795));
#6707=CARTESIAN_POINT('',(288.905872499,818.640107935,12.784084254));
#6708=CARTESIAN_POINT('',(289.058305204,818.358430589,12.80526141));
#6709=CARTESIAN_POINT('',(289.389438381,817.816691371,12.767288922));
#6710=CARTESIAN_POINT('',(289.568108488,817.556679176,12.708142759));
#6711=CARTESIAN_POINT('',(289.938525617,817.077477251,12.513876452));
#6712=CARTESIAN_POINT('',(290.130238671,816.858331463,12.378774118));
#6713=CARTESIAN_POINT('',(290.321411698,816.667693075,12.210666352));
#6714=CARTESIAN_POINT('',(288.350317933,821.886257719,9.476622345));
#6715=CARTESIAN_POINT('',(288.241803705,821.823606973,9.767862199));
#6716=CARTESIAN_POINT('',(288.154969282,821.723428409,10.059075676));
#6717=CARTESIAN_POINT('',(288.031003116,821.455332762,10.620181531));
#6718=CARTESIAN_POINT('',(287.993882606,821.287439961,10.890023098));
#6719=CARTESIAN_POINT('',(287.972078947,820.896226919,11.388575956));
#6720=CARTESIAN_POINT('',(287.987397777,820.672942108,11.617242102));
#6721=CARTESIAN_POINT('',(288.069358991,820.187323865,12.016653329));
#6722=CARTESIAN_POINT('',(288.135993957,819.925034411,12.18736224));
#6723=CARTESIAN_POINT('',(288.315706812,819.380651424,12.458318814));
#6724=CARTESIAN_POINT('',(288.428768431,819.098607189,12.558541938));
#6725=CARTESIAN_POINT('',(288.693045249,818.535412574,12.681157654));
#6726=CARTESIAN_POINT('',(288.84423652,818.254313197,12.70353914));
#6727=CARTESIAN_POINT('',(289.173682873,817.713640644,12.668814045));
#6728=CARTESIAN_POINT('',(289.351908123,817.454116433,12.611710604));
#6729=CARTESIAN_POINT('',(289.722346062,816.975646803,12.422191555));
#6730=CARTESIAN_POINT('',(289.914525204,816.756744716,12.289793104));
#6731=CARTESIAN_POINT('',(290.106646397,816.566169322,12.124590043));
#6732=CARTESIAN_POINT('',(288.087322218,821.734417071,9.342881573));
#6733=CARTESIAN_POINT('',(287.976154148,821.67023413,9.630996343));
#6734=CARTESIAN_POINT('',(287.886443227,821.568909101,9.919085546));
#6735=CARTESIAN_POINT('',(287.756421925,821.299300659,10.47438452));
#6736=CARTESIAN_POINT('',(287.716123082,821.131041167,10.74154502));
#6737=CARTESIAN_POINT('',(287.687862838,820.739776664,11.235572834));
#6738=CARTESIAN_POINT('',(287.699903946,820.51680637,11.462396315));
#6739=CARTESIAN_POINT('',(287.775458331,820.032310193,11.859263467));
#6740=CARTESIAN_POINT('',(287.838964906,819.7708273,12.029271925));
#6741=CARTESIAN_POINT('',(288.012845614,819.228296786,12.300147224));
#6742=CARTESIAN_POINT('',(288.123204321,818.947297302,12.400990031));
#6743=CARTESIAN_POINT('',(288.382779839,818.386145774,12.526195077));
#6744=CARTESIAN_POINT('',(288.531973619,818.106043519,12.550546205));
#6745=CARTESIAN_POINT('',(288.858386828,817.567037054,12.520984949));
#6746=CARTESIAN_POINT('',(289.035577294,817.308180669,12.467075187));
#6747=CARTESIAN_POINT('',(289.405115346,816.830476594,12.284894755));
#6748=CARTESIAN_POINT('',(289.597430143,816.611671289,12.156640247));
#6749=CARTESIAN_POINT('',(289.790338623,816.420822415,11.995857613));
#6750=CARTESIAN_POINT('',(287.999859762,821.683920599,9.297623846));
#6751=CARTESIAN_POINT('',(287.887929322,821.619297512,9.584717445));
#6752=CARTESIAN_POINT('',(287.797377996,821.517667488,9.871785752));
#6753=CARTESIAN_POINT('',(287.665557086,821.24771508,10.425191531));
#6754=CARTESIAN_POINT('',(287.624299116,821.079416475,10.691480255));
#6755=CARTESIAN_POINT('',(287.594060588,820.688298738,11.184046052));
#6756=CARTESIAN_POINT('',(287.605082695,820.465514058,11.410279736));
#6757=CARTESIAN_POINT('',(287.678615843,819.981542487,11.806350862));
#6758=CARTESIAN_POINT('',(287.741120407,819.720398229,11.976153415));
#6759=CARTESIAN_POINT('',(287.913102899,819.178605582,12.247059911));
#6760=CARTESIAN_POINT('',(288.022565679,818.898004918,12.348139991));
#6761=CARTESIAN_POINT('',(288.280548786,818.337609361,12.474271904));
#6762=CARTESIAN_POINT('',(288.429046389,818.057863831,12.499312627));
#6763=CARTESIAN_POINT('',(288.754356058,817.519430136,12.471539483));
#6764=CARTESIAN_POINT('',(288.931139467,817.260789399,12.418728062));
#6765=CARTESIAN_POINT('',(289.300228018,816.783292658,12.239059799));
#6766=CARTESIAN_POINT('',(289.492500647,816.564478717,12.112218781));
#6767=CARTESIAN_POINT('',(289.685575955,816.373480924,11.952939535));
#6768=CARTESIAN_POINT('',(287.907539846,821.630619671,9.249223147));
#6769=CARTESIAN_POINT('',(287.794987338,821.565637432,9.535327987));
#6770=CARTESIAN_POINT('',(287.703731686,821.463790682,9.821407815));
#6771=CARTESIAN_POINT('',(287.570363298,821.193677461,10.372986162));
#6772=CARTESIAN_POINT('',(287.528262222,821.025434604,10.638436463));
#6773=CARTESIAN_POINT('',(287.496247802,820.634650794,11.129608573));
#6774=CARTESIAN_POINT('',(287.506337256,820.412144003,11.355287443));
#6775=CARTESIAN_POINT('',(287.577985398,819.928869443,11.750634369));
#6776=CARTESIAN_POINT('',(287.639537823,819.668143921,11.920267863));
#6777=CARTESIAN_POINT('',(287.809681905,819.127228057,12.191280716));
#6778=CARTESIAN_POINT('',(287.918258688,818.847085,12.292636381));
#6779=CARTESIAN_POINT('',(288.17462944,818.287533853,12.419772132));
#6780=CARTESIAN_POINT('',(288.322400995,818.008174678,12.445541104));
#6781=CARTESIAN_POINT('',(288.646511247,817.47033808,12.419631858));
#6782=CARTESIAN_POINT('',(288.822821611,817.211907675,12.367955906));
#6783=CARTESIAN_POINT('',(289.191299427,816.734569599,12.190870005));
#6784=CARTESIAN_POINT('',(289.383434669,816.515703658,12.065475537));
#6785=CARTESIAN_POINT('',(289.576571694,816.324494561,11.907729185));
#6786=CARTESIAN_POINT('',(287.902528592,821.627726422,9.246593981));
#6787=CARTESIAN_POINT('',(287.789942926,821.56272504,9.532645475));
#6788=CARTESIAN_POINT('',(287.698649655,821.460866871,9.818671972));
#6789=CARTESIAN_POINT('',(287.565198455,821.190745576,10.370151745));
#6790=CARTESIAN_POINT('',(287.523052188,821.022506054,10.635556832));
#6791=CARTESIAN_POINT('',(287.490942438,820.631740932,11.126653827));
#6792=CARTESIAN_POINT('',(287.500981761,820.409249478,11.352302821));
#6793=CARTESIAN_POINT('',(287.572528451,819.926013187,11.747610841));
#6794=CARTESIAN_POINT('',(287.634029567,819.665310576,11.917235322));
#6795=CARTESIAN_POINT('',(287.804074458,819.124442587,12.188254184));
#6796=CARTESIAN_POINT('',(287.912603375,818.844324471,12.289624881));
#6797=CARTESIAN_POINT('',(288.168886889,818.284819277,12.416815171));
#6798=CARTESIAN_POINT('',(288.316619091,818.005481091,12.442623648));
#6799=CARTESIAN_POINT('',(288.640664176,817.467676859,12.416815436));
#6800=CARTESIAN_POINT('',(288.816948743,817.209257807,12.365201001));
#6801=CARTESIAN_POINT('',(289.185393,816.731928146,12.188254958));
#6802=CARTESIAN_POINT('',(289.377520495,816.513059245,12.062938811));
#6803=CARTESIAN_POINT('',(289.570660505,816.321838513,11.905275436));
#6804=CARTESIAN_POINT('',(287.89751782,821.624833452,9.243963205));
#6805=CARTESIAN_POINT('',(287.784899602,821.559813275,9.529961681));
#6806=CARTESIAN_POINT('',(287.69356932,821.45794403,9.815935175));
#6807=CARTESIAN_POINT('',(287.560036489,821.187815309,10.367316999));
#6808=CARTESIAN_POINT('',(287.517845605,821.019579428,10.632677169));
#6809=CARTESIAN_POINT('',(287.485641591,820.628833548,11.123699588));
#6810=CARTESIAN_POINT('',(287.495631274,820.40635768,11.349318949));
#6811=CARTESIAN_POINT('',(287.567077382,819.923160083,11.744588466));
#6812=CARTESIAN_POINT('',(287.628527565,819.66248056,11.914204098));
#6813=CARTESIAN_POINT('',(287.798473871,819.12166072,12.185229202));
#6814=CARTESIAN_POINT('',(287.906955149,818.841567642,12.286615003));
#6815=CARTESIAN_POINT('',(288.163151716,818.282108515,12.413859874));
#6816=CARTESIAN_POINT('',(288.310844626,818.002791333,12.43970783));
#6817=CARTESIAN_POINT('',(288.634824491,817.465019419,12.414000501));
#6818=CARTESIAN_POINT('',(288.811083148,817.206611658,12.362447461));
#6819=CARTESIAN_POINT('',(289.179493447,816.729290214,12.185640948));
#6820=CARTESIAN_POINT('',(289.37161291,816.510418222,12.060402918));
#6821=CARTESIAN_POINT('',(289.564755543,816.319185691,11.902822284));
#6822=B_SPLINE_SURFACE_WITH_KNOTS('',3,3,((#5994,#5995,#5996,#5997,#5998,#5999,#6000,#6001,#6002,#6003,#6004,#6005,#6006,#6007,#6008,#6009,#6010,#6011),(#6012,#6013,#6014,#6015,#6016,#6017,#6018,#6019,#6020,#6021,#6022,#6023,#6024,#6025,#6026,#6027,#6028,#6029),(#6030,#6031,#6032,#6033,#6034,#6035,#6036,#6037,#6038,#6039,#6040,#6041,#6042,#6043,#6044,#6045,#6046,#6047),(#6048,#6049,#6050,#6051,#6052,#6053,#6054,#6055,#6056,#6057,#6058,#6059,#6060,#6061,#6062,#6063,#6064,#6065),(#6066,#6067,#6068,#6069,#6070,#6071,#6072,#6073,#6074,#6075,#6076,#6077,#6078,#6079,#6080,#6081,#6082,#6083),(#6084,#6085,#6086,#6087,#6088,#6089,#6090,#6091,#6092,#6093,#6094,#6095,#6096,#6097,#6098,#6099,#6100,#6101),(#6102,#6103,#6104,#6105,#6106,#6107,#6108,#6109,#6110,#6111,#6112,#6113,#6114,#6115,#6116,#6117,#6118,#6119),(#6120,#6121,#6122,#6123,#6124,#6125,#6126,#6127,#6128,#6129,#6130,#6131,#6132,#6133,#6134,#6135,#6136,#6137),(#6138,#6139,#6140,#6141,#6142,#6143,#6144,#6145,#6146,#6147,#6148,#6149,#6150,#6151,#6152,#6153,#6154,#6155),(#6156,#6157,#6158,#6159,#6160,#6161,#6162,#6163,#6164,#6165,#6166,#6167,#6168,#6169,#6170,#6171,#6172,#6173),(#6174,#6175,#6176,#6177,#6178,#6179,#6180,#6181,#6182,#6183,#6184,#6185,#6186,#6187,#6188,#6189,#6190,#6191),(#6192,#6193,#6194,#6195,#6196,#6197,#6198,#6199,#6200,#6201,#6202,#6203,#6204,#6205,#6206,#6207,#6208,#6209),(#6210,#6211,#6212,#6213,#6214,#6215,#6216,#6217,#6218,#6219,#6220,#6221,#6222,#6223,#6224,#6225,#6226,#6227),(#6228,#6229,#6230,#6231,#6232,#6233,#6234,#6235,#6236,#6237,#6238,#6239,#6240,#6241,#6242,#6243,#6244,#6245),(#6246,#6247,#6248,#6249,#6250,#6251,#6252,#6253,#6254,#6255,#6256,#6257,#6258,#6259,#6260,#6261,#6262,#6263),(#6264,#6265,#6266,#6267,#6268,#6269,#6270,#6271,#6272,#6273,#6274,#6275,#6276,#6277,#6278,#6279,#6280,#6281),(#6282,#6283,#6284,#6285,#6286,#6287,#6288,#6289,#6290,#6291,#6292,#6293,#6294,#6295,#6296,#6297,#6298,#6299),(#6300,#6301,#6302,#6303,#6304,#6305,#6306,#6307,#6308,#6309,#6310,#6311,#6312,#6313,#6314,#6315,#6316,#6317),(#6318,#6319,#6320,#6321,#6322,#6323,#6324,#6325,#6326,#6327,#6328,#6329,#6330,#6331,#6332,#6333,#6334,#6335),(#6336,#6337,#6338,#6339,#6340,#6341,#6342,#6343,#6344,#6345,#6346,#6347,#6348,#6349,#6350,#6351,#6352,#6353),(#6354,#6355,#6356,#6357,#6358,#6359,#6360,#6361,#6362,#6363,#6364,#6365,#6366,#6367,#6368,#6369,#6370,#6371),(#6372,#6373,#6374,#6375,#6376,#6377,#6378,#6379,#6380,#6381,#6382,#6383,#6384,#6385,#6386,#6387,#6388,#6389),(#6390,#6391,#6392,#6393,#6394,#6395,#6396,#6397,#6398,#6399,#6400,#6401,#6402,#6403,#6404,#6405,#6406,#6407),(#6408,#6409,#6410,#6411,#6412,#6413,#6414,#6415,#6416,#6417,#6418,#6419,#6420,#6421,#6422,#6423,#6424,#6425),(#6426,#6427,#6428,#6429,#6430,#6431,#6432,#6433,#6434,#6435,#6436,#6437,#6438,#6439,#6440,#6441,#6442,#6443),(#6444,#6445,#6446,#6447,#6448,#6449,#6450,#6451,#6452,#6453,#6454,#6455,#6456,#6457,#6458,#6459,#6460,#6461),
(#6462,#6463,#6464,#6465,#6466,#6467,#6468,#6469,#6470,#6471,#6472,#6473,#6474,#6475,#6476,#6477,#6478,#6479),(#6480,#6481,#6482,#6483,#6484,#6485,#6486,#6487,#6488,#6489,#6490,#6491,#6492,#6493,#6494,#6495,#6496,#6497),(#6498,#6499,#6500,#6501,#6502,#6503,#6504,#6505,#6506,#6507,#6508,#6509,#6510,#6511,#6512,#6513,#6514,#6515),(#6516,#6517,#6518,#6519,#6520,#6521,#6522,#6523,#6524,#6525,#6526,#6527,#6528,#6529,#6530,#6531,#6532,#6533),(#6534,#6535,#6536,#6537,#6538,#6539,#6540,#6541,#6542,#6543,#6544,#6545,#6546,#6547,#6548,#6549,#6550,#6551),(#6552,#6553,#6554,#6555,#6556,#6557,#6558,#6559,#6560,#6561,#6562,#6563,#6564,#6565,#6566,#6567,#6568,#6569),(#6570,#6571,#6572,#6573,#6574,#6575,#6576,#6577,#6578,#6579,#6580,#6581,#6582,#6583,#6584,#6585,#6586,#6587),(#6588,#6589,#6590,#6591,#6592,#6593,#6594,#6595,#6596,#6597,#6598,#6599,#6600,#6601,#6602,#6603,#6604,#6605),(#6606,#6607,#6608,#6609,#6610,#6611,#6612,#6613,#6614,#6615,#6616,#6617,#6618,#6619,#6620,#6621,#6622,#6623),(#6624,#6625,#6626,#6627,#6628,#6629,#6630,#6631,#6632,#6633,#6634,#6635,#6636,#6637,#6638,#6639,#6640,#6641),(#6642,#6643,#6644,#6645,#6646,#6647,#6648,#6649,#6650,#6651,#6652,#6653,#6654,#6655,#6656,#6657,#6658,#6659),(#6660,#6661,#6662,#6663,#6664,#6665,#6666,#6667,#6668,#6669,#6670,#6671,#6672,#6673,#6674,#6675,#6676,#6677),(#6678,#6679,#6680,#6681,#6682,#6683,#6684,#6685,#6686,#6687,#6688,#6689,#6690,#6691,#6692,#6693,#6694,#6695),(#6696,#6697,#6698,#6699,#6700,#6701,#6702,#6703,#6704,#6705,#6706,#6707,#6708,#6709,#6710,#6711,#6712,#6713),(#6714,#6715,#6716,#6717,#6718,#6719,#6720,#6721,#6722,#6723,#6724,#6725,#6726,#6727,#6728,#6729,#6730,#6731),(#6732,#6733,#6734,#6735,#6736,#6737,#6738,#6739,#6740,#6741,#6742,#6743,#6744,#6745,#6746,#6747,#6748,#6749),(#6750,#6751,#6752,#6753,#6754,#6755,#6756,#6757,#6758,#6759,#6760,#6761,#6762,#6763,#6764,#6765,#6766,#6767),(#6768,#6769,#6770,#6771,#6772,#6773,#6774,#6775,#6776,#6777,#6778,#6779,#6780,#6781,#6782,#6783,#6784,#6785),(#6786,#6787,#6788,#6789,#6790,#6791,#6792,#6793,#6794,#6795,#6796,#6797,#6798,#6799,#6800,#6801,#6802,#6803),(#6804,#6805,#6806,#6807,#6808,#6809,#6810,#6811,#6812,#6813,#6814,#6815,#6816,#6817,#6818,#6819,#6820,#6821)),.UNSPECIFIED.,.F.,.F.,.U.,(4,2,2,2,2,2,2,2,2,2,2,2,2,2,2,2,2,2,2,2,2,2,4),(4,2,2,2,2,2,2,2,4),(0.129244202,0.130280069,0.131637153,0.132994237,0.134351321,0.135029863,0.135708405,0.137065489,0.138422573,0.139779657,0.141136741,0.141815283,0.142493825,0.143850909,0.144529451,0.145207993,0.145886535,0.146565077,0.147243619,0.147922161,0.148600703,0.148939974,0.14895945),(0.,0.125,0.25,0.375,0.5,0.625,0.75,0.875,1.),.UNSPECIFIED.);
#6823=CARTESIAN_POINT('',(304.493093992,831.206293821,8.652839198));
#6824=VERTEX_POINT('',#6823);
#6825=CARTESIAN_POINT('',(289.643640118,822.63295763,10.029819826));
#6826=CARTESIAN_POINT('',(289.936168036,822.801848703,10.130790611));
#6827=CARTESIAN_POINT('',(290.23405439,822.973833469,10.213859572));
#6828=CARTESIAN_POINT('',(290.538702328,823.149722038,10.274338971));
#6829=CARTESIAN_POINT('',(290.691026298,823.237666323,10.304578671));
#6830=CARTESIAN_POINT('',(290.845023701,823.326576766,10.329227647));
#6831=CARTESIAN_POINT('',(291.000694526,823.416453358,10.348285946));
#6832=CARTESIAN_POINT('',(291.15636535,823.50632995,10.367344246));
#6833=CARTESIAN_POINT('',(291.314168637,823.59743772,10.380790317));
#6834=CARTESIAN_POINT('',(291.471138682,823.688064418,10.389290829));
#6835=CARTESIAN_POINT('',(291.785078772,823.869317813,10.406291852));
#6836=CARTESIAN_POINT('',(292.097743216,824.049834715,10.404364608));
#6837=CARTESIAN_POINT('',(292.409633863,824.229904864,10.390955608));
#6838=CARTESIAN_POINT('',(292.72152451,824.409975013,10.377546607));
#6839=CARTESIAN_POINT('',(293.032643444,824.589599613,10.352686782));
#6840=CARTESIAN_POINT('',(293.343327902,824.768973368,10.321380114));
#6841=CARTESIAN_POINT('',(293.964696817,825.127720878,10.258766777));
#6842=CARTESIAN_POINT('',(294.584389241,825.485500466,10.171277344));
#6843=CARTESIAN_POINT('',(295.203729633,825.843076808,10.078564397));
#6844=CARTESIAN_POINT('',(295.823070025,826.20065315,9.985851449));
#6845=CARTESIAN_POINT('',(296.442010023,826.557998325,9.887104508));
#6846=CARTESIAN_POINT('',(297.060926101,826.915329689,9.788908759));
#6847=CARTESIAN_POINT('',(297.679842179,827.272661053,9.69071301));
#6848=CARTESIAN_POINT('',(298.298773729,827.63000135,9.592643665));
#6849=CARTESIAN_POINT('',(298.917921628,827.987466557,9.496341898));
#6850=CARTESIAN_POINT('',(299.537069527,828.344931763,9.40004013));
#6851=CARTESIAN_POINT('',(300.156263852,828.702423773,9.304117663));
#6852=CARTESIAN_POINT('',(300.775158035,829.059742496,9.205743028));
#6853=CARTESIAN_POINT('',(301.394052218,829.417061219,9.107368393));
#6854=CARTESIAN_POINT('',(302.012784819,829.774286653,9.007673639));
#6855=CARTESIAN_POINT('',(302.632370615,830.132004679,8.914949493));
#6856=CARTESIAN_POINT('',(303.251956411,830.489722705,8.822225347));
#6857=CARTESIAN_POINT('',(303.872511048,830.848000092,8.737416639));
#6858=CARTESIAN_POINT('',(304.493093923,831.206293782,8.652838637));
#6859=B_SPLINE_CURVE_WITH_KNOTS('',3,(#6825,#6826,#6827,#6828,#6829,#6830,#6831,#6832,#6833,#6834,#6835,#6836,#6837,#6838,#6839,#6840,#6841,#6842,#6843,#6844,#6845,#6846,#6847,#6848,#6849,#6850,
#6851,#6852,#6853,#6854,#6855,#6856,#6857,#6858),.UNSPECIFIED.,.F.,.F.,(4,3,3,3,3,3,3,3,3,3,3,4),(0.12939616,0.13048022,0.13102225,0.13156428,0.132648341,0.133732401,0.135900521,0.138068642,0.140236762,0.142404882,0.144573003,0.146741123),.UNSPECIFIED.);
#6860=EDGE_CURVE('',#2609,#6824,#6859,.T.);
#6861=ORIENTED_EDGE('',*,*,#6860,.F.);
#6862=ORIENTED_EDGE('',*,*,#2648,.T.);
#6863=ORIENTED_EDGE('',*,*,#1217,.F.);
#6864=CARTESIAN_POINT('',(307.665922875,826.685134512,11.486258059));
#6865=CARTESIAN_POINT('',(307.608982879,826.80295927,11.576756614));
#6866=CARTESIAN_POINT('',(307.546815953,826.927072651,11.659519713));
#6867=CARTESIAN_POINT('',(307.481480379,827.053352343,11.731718364));
#6868=CARTESIAN_POINT('',(307.416144805,827.179632036,11.803917015));
#6869=CARTESIAN_POINT('',(307.347544951,827.308345124,11.865967666));
#6870=CARTESIAN_POINT('',(307.275779,827.439461255,11.918091516));
#6871=CARTESIAN_POINT('',(307.132247098,827.701693517,12.022339216));
#6872=CARTESIAN_POINT('',(306.973749303,827.977258968,12.086966041));
#6873=CARTESIAN_POINT('',(306.811206624,828.247809106,12.107735183));
#6874=CARTESIAN_POINT('',(306.729935285,828.383084175,12.118119753));
#6875=CARTESIAN_POINT('',(306.647336268,828.517733648,12.117926078));
#6876=CARTESIAN_POINT('',(306.563429092,828.651784705,12.10707792));
#6877=CARTESIAN_POINT('',(306.479521917,828.785835763,12.096229763));
#6878=CARTESIAN_POINT('',(306.393681395,828.920235188,12.074409756));
#6879=CARTESIAN_POINT('',(306.308769812,829.050560806,12.04227116));
#6880=CARTESIAN_POINT('',(306.138946645,829.311212043,11.977993968));
#6881=CARTESIAN_POINT('',(305.971677542,829.557755337,11.873514783));
#6882=CARTESIAN_POINT('',(305.807209842,829.790136162,11.72797068));
#6883=CARTESIAN_POINT('',(305.642742141,830.022516988,11.582426577));
#6884=CARTESIAN_POINT('',(305.487551057,830.23152646,11.401269801));
#6885=CARTESIAN_POINT('',(305.342997205,830.415797969,11.186864456));
#6886=CARTESIAN_POINT('',(305.270720279,830.507933723,11.079661784));
#6887=CARTESIAN_POINT('',(305.200594979,830.594441227,10.96301843));
#6888=CARTESIAN_POINT('',(305.135015289,830.672355307,10.840836327));
#6889=CARTESIAN_POINT('',(305.069435598,830.750269387,10.718654225));
#6890=CARTESIAN_POINT('',(305.008008804,830.820127299,10.590517099));
#6891=CARTESIAN_POINT('',(304.950678398,830.882030735,10.456502661));
#6892=CARTESIAN_POINT('',(304.836017586,831.005837605,10.188473786));
#6893=CARTESIAN_POINT('',(304.73696601,831.098208309,9.893113071));
#6894=CARTESIAN_POINT('',(304.660177203,831.152711556,9.590325488));
#6895=CARTESIAN_POINT('',(304.621782799,831.179963179,9.438931697));
#6896=CARTESIAN_POINT('',(304.588573513,831.198189291,9.28493242));
#6897=CARTESIAN_POINT('',(304.56061029,831.207234052,9.128292383));
#6898=CARTESIAN_POINT('',(304.532647067,831.216278812,8.971652346));
#6899=CARTESIAN_POINT('',(304.509913353,831.216004409,8.81166418));
#6900=CARTESIAN_POINT('',(304.493093861,831.206293746,8.652840643));
#6901=B_SPLINE_CURVE_WITH_KNOTS('',3,(#6864,#6865,#6866,#6867,#6868,#6869,#6870,#6871,#6872,#6873,#6874,#6875,#6876,#6877,#6878,#6879,#6880,#6881,#6882,#6883,#6884,#6885,#6886,#6887,#6888,#6889,
#6890,#6891,#6892,#6893,#6894,#6895,#6896,#6897,#6898,#6899,#6900),.UNSPECIFIED.,.F.,.F.,(4,3,3,3,3,3,3,3,3,3,3,3,4),(0.003169124,0.003305048,0.003440972,0.003712819,0.003848742,0.003984666,0.004256513,0.00452836,0.004664284,0.004800207,0.005072055,0.005207978,0.005343902),.UNSPECIFIED.);
#6902=EDGE_CURVE('',#1139,#6824,#6901,.T.);
#6903=ORIENTED_EDGE('',*,*,#6902,.T.);
#6904=EDGE_LOOP('',(#6861,#6862,#6863,#6903));
#6905=FACE_BOUND('',#6904,.T.);
#6906=ADVANCED_FACE('',(#6905),#6822,.T.);
#6907=OVER_RIDING_STYLED_ITEM('',(#105),#6906,#54);
#6908=CARTESIAN_POINT('',(303.83973867,830.829078951,8.826508956));
#6909=DIRECTION('',(0.5,-0.866025404,0.));
#6910=DIRECTION('',(-0.,0.,1.));
#6911=AXIS2_PLACEMENT_3D('',#6908,#6909,#6910);
#6912=PLANE('',#6911);
#6913=ORIENTED_EDGE('',*,*,#1650,.F.);
#6914=ORIENTED_EDGE('',*,*,#2655,.T.);
#6915=ORIENTED_EDGE('',*,*,#6860,.T.);
#6916=CARTESIAN_POINT('',(304.493055195,831.206271422,8.652848036));
#6917=CARTESIAN_POINT('',(304.447231655,831.17981519,8.254833583));
#6918=CARTESIAN_POINT('',(304.411031449,831.158914991,7.854627054));
#6919=CARTESIAN_POINT('',(304.384234278,831.143443636,7.452278638));
#6920=CARTESIAN_POINT('',(304.357437106,831.127972282,7.049930222));
#6921=CARTESIAN_POINT('',(304.3400797,831.117950979,6.645110451));
#6922=CARTESIAN_POINT('',(304.33174923,831.11314138,6.240825936));
#6923=CARTESIAN_POINT('',(304.32341876,831.108331781,5.836541422));
#6924=CARTESIAN_POINT('',(304.323873505,831.108594328,5.433237134));
#6925=CARTESIAN_POINT('',(304.333191413,831.113974025,5.030921771));
#6926=CARTESIAN_POINT('',(304.342509322,831.119353722,4.628606408));
#6927=CARTESIAN_POINT('',(304.361176414,831.130131173,4.227334198));
#6928=CARTESIAN_POINT('',(304.393663452,831.148887572,3.827603974));
#6929=B_SPLINE_CURVE_WITH_KNOTS('',3,(#6916,#6917,#6918,#6919,#6920,#6921,#6922,#6923,#6924,#6925,#6926,#6927,#6928),.UNSPECIFIED.,.F.,.F.,(4,3,3,3,4),(0.032035069,0.033244396,0.034453723,0.03566305,0.036872377),.UNSPECIFIED.);
#6930=EDGE_CURVE('',#6824,#2947,#6929,.T.);
#6931=ORIENTED_EDGE('',*,*,#6930,.T.);
#6932=ORIENTED_EDGE('',*,*,#2952,.F.);
#6933=EDGE_LOOP('',(#6913,#6914,#6915,#6931,#6932));
#6934=FACE_BOUND('',#6933,.T.);
#6935=ADVANCED_FACE('',(#6934),#6912,.F.);
#6936=OVER_RIDING_STYLED_ITEM('',(#105),#6935,#54);
#6937=CARTESIAN_POINT('',(321.457641785,823.680271981,4.826508956));
#6938=DIRECTION('',(-0.5,0.866025404,-0.));
#6939=DIRECTION('',(0.,-0.,-1.));
#6940=AXIS2_PLACEMENT_3D('',#6937,#6938,#6939);
#6941=CYLINDRICAL_SURFACE('',#6940,2.7);
#6942=CARTESIAN_POINT('',(299.957641785,860.919364344,2.126508956));
#6943=VERTEX_POINT('',#6942);
#6944=CARTESIAN_POINT('',(303.457641785,854.857186517,2.126508956));
#6945=VERTEX_POINT('',#6944);
#6946=CARTESIAN_POINT('',(299.957641785,860.919364344,2.126508956));
#6947=DIRECTION('',(0.5,-0.866025404,0.));
#6948=VECTOR('',#6947,7.);
#6949=LINE('',#6946,#6948);
#6950=EDGE_CURVE('',#6943,#6945,#6949,.T.);
#6951=ORIENTED_EDGE('',*,*,#6950,.F.);
#6952=CARTESIAN_POINT('',(297.619373195,859.569364344,4.826508956));
#6953=VERTEX_POINT('',#6952);
#6954=CARTESIAN_POINT('',(299.957641785,860.919364344,4.826508956));
#6955=DIRECTION('',(0.5,-0.866025404,0.));
#6956=DIRECTION('',(-0.,0.,1.));
#6957=AXIS2_PLACEMENT_3D('',#6954,#6955,#6956);
#6958=CIRCLE('',#6957,2.7);
#6959=EDGE_CURVE('',#6953,#6943,#6958,.T.);
#6960=ORIENTED_EDGE('',*,*,#6959,.F.);
#6961=CARTESIAN_POINT('',(301.119373195,853.507186517,4.826508956));
#6962=VERTEX_POINT('',#6961);
#6963=CARTESIAN_POINT('',(301.119373195,853.507186517,4.826508956));
#6964=DIRECTION('',(-0.5,0.866025404,-0.));
#6965=VECTOR('',#6964,7.);
#6966=LINE('',#6963,#6965);
#6967=EDGE_CURVE('',#6962,#6953,#6966,.T.);
#6968=ORIENTED_EDGE('',*,*,#6967,.F.);
#6969=CARTESIAN_POINT('',(303.457641785,854.857186517,4.826508956));
#6970=DIRECTION('',(0.5,-0.866025404,0.));
#6971=DIRECTION('',(-0.,0.,1.));
#6972=AXIS2_PLACEMENT_3D('',#6969,#6970,#6971);
#6973=CIRCLE('',#6972,2.7);
#6974=EDGE_CURVE('',#6962,#6945,#6973,.T.);
#6975=ORIENTED_EDGE('',*,*,#6974,.T.);
#6976=EDGE_LOOP('',(#6951,#6960,#6968,#6975));
#6977=FACE_BOUND('',#6976,.T.);
#6978=ADVANCED_FACE('',(#6977),#6941,.F.);
#6979=CARTESIAN_POINT('',(321.457641785,823.680271981,4.826508956));
#6980=DIRECTION('',(-0.5,0.866025404,-0.));
#6981=DIRECTION('',(0.,-0.,-1.));
#6982=AXIS2_PLACEMENT_3D('',#6979,#6980,#6981);
#6983=CYLINDRICAL_SURFACE('',#6982,2.7);
#6984=CARTESIAN_POINT('',(317.957641785,829.742449808,2.126508956));
#6985=VERTEX_POINT('',#6984);
#6986=CARTESIAN_POINT('',(321.457641785,823.680271981,2.126508956));
#6987=VERTEX_POINT('',#6986);
#6988=CARTESIAN_POINT('',(317.957641785,829.742449808,2.126508956));
#6989=DIRECTION('',(0.5,-0.866025404,0.));
#6990=VECTOR('',#6989,7.);
#6991=LINE('',#6988,#6990);
#6992=EDGE_CURVE('',#6985,#6987,#6991,.T.);
#6993=ORIENTED_EDGE('',*,*,#6992,.F.);
#6994=CARTESIAN_POINT('',(315.619373195,828.392449808,4.826508956));
#6995=VERTEX_POINT('',#6994);
#6996=CARTESIAN_POINT('',(317.957641785,829.742449808,4.826508956));
#6997=DIRECTION('',(-0.5,0.866025404,-0.));
#6998=DIRECTION('',(-0.,0.,1.));
#6999=AXIS2_PLACEMENT_3D('',#6996,#6997,#6998);
#7000=CIRCLE('',#6999,2.7);
#7001=EDGE_CURVE('',#6985,#6995,#7000,.T.);
#7002=ORIENTED_EDGE('',*,*,#7001,.T.);
#7003=CARTESIAN_POINT('',(319.119373195,822.330271981,4.826508956));
#7004=VERTEX_POINT('',#7003);
#7005=CARTESIAN_POINT('',(319.119373195,822.330271981,4.826508956));
#7006=DIRECTION('',(-0.5,0.866025404,-0.));
#7007=VECTOR('',#7006,7.);
#7008=LINE('',#7005,#7007);
#7009=EDGE_CURVE('',#7004,#6995,#7008,.T.);
#7010=ORIENTED_EDGE('',*,*,#7009,.F.);
#7011=CARTESIAN_POINT('',(321.457641785,823.680271981,4.826508956));
#7012=DIRECTION('',(0.5,-0.866025404,0.));
#7013=DIRECTION('',(-0.,0.,1.));
#7014=AXIS2_PLACEMENT_3D('',#7011,#7012,#7013);
#7015=CIRCLE('',#7014,2.7);
#7016=EDGE_CURVE('',#7004,#6987,#7015,.T.);
#7017=ORIENTED_EDGE('',*,*,#7016,.T.);
#7018=EDGE_LOOP('',(#6993,#7002,#7010,#7017));
#7019=FACE_BOUND('',#7018,.T.);
#7020=ADVANCED_FACE('',(#7019),#6983,.F.);
#7021=CARTESIAN_POINT('',(320.902128158,831.442449808,9.276508956));
#7022=DIRECTION('',(-0.,0.,1.));
#7023=DIRECTION('',(-0.5,0.866025404,-0.));
#7024=AXIS2_PLACEMENT_3D('',#7021,#7022,#7023);
#7025=CYLINDRICAL_SURFACE('',#7024,0.7);
#7026=CARTESIAN_POINT('',(320.295911364,831.092450379,9.124812734));
#7027=VERTEX_POINT('',#7026);
#7028=CARTESIAN_POINT('',(320.552128158,832.04866759,9.123681926));
#7029=VERTEX_POINT('',#7028);
#7030=CARTESIAN_POINT('',(320.902128158,831.442449808,9.123681926));
#7031=DIRECTION('',(0.,-0.,-1.));
#7032=DIRECTION('',(1.,0.,0.));
#7033=AXIS2_PLACEMENT_3D('',#7030,#7031,#7032);
#7034=CIRCLE('',#7033,0.7);
#7035=EDGE_CURVE('',#7027,#7029,#7034,.T.);
#7036=ORIENTED_EDGE('',*,*,#7035,.T.);
#7037=CARTESIAN_POINT('',(320.552128158,832.04866759,4.826508956));
#7038=VERTEX_POINT('',#7037);
#7039=CARTESIAN_POINT('',(320.552128158,832.04866759,4.826508956));
#7040=DIRECTION('',(-0.,0.,1.));
#7041=VECTOR('',#7040,4.29717297);
#7042=LINE('',#7039,#7041);
#7043=EDGE_CURVE('',#7038,#7029,#7042,.T.);
#7044=ORIENTED_EDGE('',*,*,#7043,.F.);
#7045=CARTESIAN_POINT('',(320.295910375,831.092449808,4.826508956));
#7046=VERTEX_POINT('',#7045);
#7047=CARTESIAN_POINT('',(320.902128158,831.442449808,4.826508956));
#7048=DIRECTION('',(0.,-0.,-1.));
#7049=DIRECTION('',(0.5,-0.866025404,0.));
#7050=AXIS2_PLACEMENT_3D('',#7047,#7048,#7049);
#7051=CIRCLE('',#7050,0.7);
#7052=EDGE_CURVE('',#7046,#7038,#7051,.T.);
#7053=ORIENTED_EDGE('',*,*,#7052,.F.);
#7054=CARTESIAN_POINT('',(320.295910375,831.092449808,9.123681926));
#7055=DIRECTION('',(0.,-0.,-1.));
#7056=VECTOR('',#7055,4.29717297);
#7057=LINE('',#7054,#7056);
#7058=EDGE_CURVE('',#7027,#7046,#7057,.T.);
#7059=ORIENTED_EDGE('',*,*,#7058,.F.);
#7060=EDGE_LOOP('',(#7036,#7044,#7053,#7059));
#7061=FACE_BOUND('',#7060,.T.);
#7062=ADVANCED_FACE('',(#7061),#7025,.T.);
#7063=CARTESIAN_POINT('',(317.957641785,829.742449808,4.826508956));
#7064=DIRECTION('',(0.5,-0.866025404,0.));
#7065=DIRECTION('',(-0.,0.,1.));
#7066=AXIS2_PLACEMENT_3D('',#7063,#7064,#7065);
#7067=TOROIDAL_SURFACE('',#7066,3.4,0.7);
#7068=ORIENTED_EDGE('',*,*,#7052,.T.);
#7069=CARTESIAN_POINT('',(314.663155412,828.64866759,4.826508956));
#7070=VERTEX_POINT('',#7069);
#7071=CARTESIAN_POINT('',(317.607641785,830.34866759,4.826508956));
#7072=DIRECTION('',(0.5,-0.866025404,0.));
#7073=DIRECTION('',(-0.,0.,1.));
#7074=AXIS2_PLACEMENT_3D('',#7071,#7072,#7073);
#7075=CIRCLE('',#7074,3.4);
#7076=EDGE_CURVE('',#7070,#7038,#7075,.T.);
#7077=ORIENTED_EDGE('',*,*,#7076,.F.);
#7078=CARTESIAN_POINT('',(315.013155412,828.042449808,4.826508956));
#7079=DIRECTION('',(-0.,0.,1.));
#7080=DIRECTION('',(-0.5,0.866025404,-0.));
#7081=AXIS2_PLACEMENT_3D('',#7078,#7079,#7080);
#7082=CIRCLE('',#7081,0.7);
#7083=EDGE_CURVE('',#6995,#7070,#7082,.T.);
#7084=ORIENTED_EDGE('',*,*,#7083,.F.);
#7085=ORIENTED_EDGE('',*,*,#7001,.F.);
#7086=CARTESIAN_POINT('',(317.957641785,829.742449808,4.826508956));
#7087=DIRECTION('',(-0.5,0.866025404,-0.));
#7088=DIRECTION('',(-0.,0.,1.));
#7089=AXIS2_PLACEMENT_3D('',#7086,#7087,#7088);
#7090=CIRCLE('',#7089,2.7);
#7091=EDGE_CURVE('',#7046,#6985,#7090,.T.);
#7092=ORIENTED_EDGE('',*,*,#7091,.F.);
#7093=EDGE_LOOP('',(#7068,#7077,#7084,#7085,#7092));
#7094=FACE_BOUND('',#7093,.T.);
#7095=ADVANCED_FACE('',(#7094),#7067,.T.);
#7096=CARTESIAN_POINT('',(315.013155412,828.042449808,9.276508956));
#7097=DIRECTION('',(0.,-0.,-1.));
#7098=DIRECTION('',(0.5,-0.866025404,0.));
#7099=AXIS2_PLACEMENT_3D('',#7096,#7097,#7098);
#7100=CYLINDRICAL_SURFACE('',#7099,0.7);
#7101=ORIENTED_EDGE('',*,*,#7083,.T.);
#7102=CARTESIAN_POINT('',(314.663155412,828.64866759,9.085606122));
#7103=VERTEX_POINT('',#7102);
#7104=CARTESIAN_POINT('',(314.663155412,828.64866759,9.085606122));
#7105=DIRECTION('',(0.,-0.,-1.));
#7106=VECTOR('',#7105,4.259097166);
#7107=LINE('',#7104,#7106);
#7108=EDGE_CURVE('',#7103,#7070,#7107,.T.);
#7109=ORIENTED_EDGE('',*,*,#7108,.F.);
#7110=CARTESIAN_POINT('',(315.619373195,828.392449808,9.085606122));
#7111=VERTEX_POINT('',#7110);
#7112=CARTESIAN_POINT('',(315.013155412,828.042449808,9.085606122));
#7113=DIRECTION('',(0.,-0.,-1.));
#7114=DIRECTION('',(-1.,0.,-0.));
#7115=AXIS2_PLACEMENT_3D('',#7112,#7113,#7114);
#7116=CIRCLE('',#7115,0.7);
#7117=EDGE_CURVE('',#7103,#7111,#7116,.T.);
#7118=ORIENTED_EDGE('',*,*,#7117,.T.);
#7119=CARTESIAN_POINT('',(315.619373195,828.392449808,4.826508956));
#7120=DIRECTION('',(-0.,0.,1.));
#7121=VECTOR('',#7120,4.259097166);
#7122=LINE('',#7119,#7121);
#7123=EDGE_CURVE('',#6995,#7111,#7122,.T.);
#7124=ORIENTED_EDGE('',*,*,#7123,.F.);
#7125=EDGE_LOOP('',(#7101,#7109,#7118,#7124));
#7126=FACE_BOUND('',#7125,.T.);
#7127=ADVANCED_FACE('',(#7126),#7100,.T.);
#7128=CARTESIAN_POINT('',(303.457641785,854.857186517,4.826508956));
#7129=DIRECTION('',(0.5,-0.866025404,0.));
#7130=DIRECTION('',(-0.,0.,1.));
#7131=AXIS2_PLACEMENT_3D('',#7128,#7129,#7130);
#7132=TOROIDAL_SURFACE('',#7131,3.4,0.7);
#7133=CARTESIAN_POINT('',(306.752128158,855.950968735,4.826508956));
#7134=VERTEX_POINT('',#7133);
#7135=CARTESIAN_POINT('',(305.795910375,856.207186517,4.826508956));
#7136=VERTEX_POINT('',#7135);
#7137=CARTESIAN_POINT('',(306.402128158,856.557186517,4.826508956));
#7138=DIRECTION('',(0.,-0.,-1.));
#7139=DIRECTION('',(0.5,-0.866025404,0.));
#7140=AXIS2_PLACEMENT_3D('',#7137,#7138,#7139);
#7141=CIRCLE('',#7140,0.7);
#7142=EDGE_CURVE('',#7134,#7136,#7141,.T.);
#7143=ORIENTED_EDGE('',*,*,#7142,.T.);
#7144=CARTESIAN_POINT('',(303.457641785,854.857186517,4.826508956));
#7145=DIRECTION('',(0.5,-0.866025404,0.));
#7146=DIRECTION('',(-0.,0.,1.));
#7147=AXIS2_PLACEMENT_3D('',#7144,#7145,#7146);
#7148=CIRCLE('',#7147,2.7);
#7149=EDGE_CURVE('',#6945,#7136,#7148,.T.);
#7150=ORIENTED_EDGE('',*,*,#7149,.F.);
#7151=ORIENTED_EDGE('',*,*,#6974,.F.);
#7152=CARTESIAN_POINT('',(300.863155412,852.550968735,4.826508956));
#7153=VERTEX_POINT('',#7152);
#7154=CARTESIAN_POINT('',(300.513155412,853.157186517,4.826508956));
#7155=DIRECTION('',(-0.,0.,1.));
#7156=DIRECTION('',(-0.5,0.866025404,-0.));
#7157=AXIS2_PLACEMENT_3D('',#7154,#7155,#7156);
#7158=CIRCLE('',#7157,0.7);
#7159=EDGE_CURVE('',#7153,#6962,#7158,.T.);
#7160=ORIENTED_EDGE('',*,*,#7159,.F.);
#7161=CARTESIAN_POINT('',(303.807641785,854.250968735,4.826508956));
#7162=DIRECTION('',(-0.5,0.866025404,-0.));
#7163=DIRECTION('',(-0.,0.,1.));
#7164=AXIS2_PLACEMENT_3D('',#7161,#7162,#7163);
#7165=CIRCLE('',#7164,3.4);
#7166=EDGE_CURVE('',#7134,#7153,#7165,.T.);
#7167=ORIENTED_EDGE('',*,*,#7166,.F.);
#7168=EDGE_LOOP('',(#7143,#7150,#7151,#7160,#7167));
#7169=FACE_BOUND('',#7168,.T.);
#7170=ADVANCED_FACE('',(#7169),#7132,.T.);
#7171=CARTESIAN_POINT('',(306.402128158,856.557186517,-112.273491044));
#7172=DIRECTION('',(0.,-0.,-1.));
#7173=DIRECTION('',(0.5,-0.866025404,0.));
#7174=AXIS2_PLACEMENT_3D('',#7171,#7172,#7173);
#7175=CYLINDRICAL_SURFACE('',#7174,0.7);
#7176=CARTESIAN_POINT('',(306.752128158,855.950968735,9.126508956));
#7177=VERTEX_POINT('',#7176);
#7178=CARTESIAN_POINT('',(305.795910375,856.207186517,9.126508956));
#7179=VERTEX_POINT('',#7178);
#7180=CARTESIAN_POINT('',(306.402128158,856.557186517,9.126508956));
#7181=DIRECTION('',(0.,-0.,-1.));
#7182=DIRECTION('',(-0.5,0.866025404,-0.));
#7183=AXIS2_PLACEMENT_3D('',#7180,#7181,#7182);
#7184=CIRCLE('',#7183,0.7);
#7185=EDGE_CURVE('',#7177,#7179,#7184,.T.);
#7186=ORIENTED_EDGE('',*,*,#7185,.T.);
#7187=CARTESIAN_POINT('',(305.795910375,856.207186517,4.826508956));
#7188=DIRECTION('',(-0.,0.,1.));
#7189=VECTOR('',#7188,4.3);
#7190=LINE('',#7187,#7189);
#7191=EDGE_CURVE('',#7136,#7179,#7190,.T.);
#7192=ORIENTED_EDGE('',*,*,#7191,.F.);
#7193=ORIENTED_EDGE('',*,*,#7142,.F.);
#7194=CARTESIAN_POINT('',(306.752128158,855.950968735,9.126508956));
#7195=DIRECTION('',(0.,-0.,-1.));
#7196=VECTOR('',#7195,4.3);
#7197=LINE('',#7194,#7196);
#7198=EDGE_CURVE('',#7177,#7134,#7197,.T.);
#7199=ORIENTED_EDGE('',*,*,#7198,.F.);
#7200=EDGE_LOOP('',(#7186,#7192,#7193,#7199));
#7201=FACE_BOUND('',#7200,.T.);
#7202=ADVANCED_FACE('',(#7201),#7175,.T.);
#7203=CARTESIAN_POINT('',(300.513155412,853.157186517,-112.273491044));
#7204=DIRECTION('',(-0.,0.,1.));
#7205=DIRECTION('',(-0.5,0.866025404,-0.));
#7206=AXIS2_PLACEMENT_3D('',#7203,#7204,#7205);
#7207=CYLINDRICAL_SURFACE('',#7206,0.7);
#7208=ORIENTED_EDGE('',*,*,#7159,.T.);
#7209=CARTESIAN_POINT('',(301.119373195,853.507186517,9.126508956));
#7210=VERTEX_POINT('',#7209);
#7211=CARTESIAN_POINT('',(301.119373195,853.507186517,9.126508956));
#7212=DIRECTION('',(0.,-0.,-1.));
#7213=VECTOR('',#7212,4.3);
#7214=LINE('',#7211,#7213);
#7215=EDGE_CURVE('',#7210,#6962,#7214,.T.);
#7216=ORIENTED_EDGE('',*,*,#7215,.F.);
#7217=CARTESIAN_POINT('',(300.863155412,852.550968735,9.126508956));
#7218=VERTEX_POINT('',#7217);
#7219=CARTESIAN_POINT('',(300.513155412,853.157186517,9.126508956));
#7220=DIRECTION('',(0.,-0.,-1.));
#7221=DIRECTION('',(-0.5,0.866025404,-0.));
#7222=AXIS2_PLACEMENT_3D('',#7219,#7220,#7221);
#7223=CIRCLE('',#7222,0.7);
#7224=EDGE_CURVE('',#7210,#7218,#7223,.T.);
#7225=ORIENTED_EDGE('',*,*,#7224,.T.);
#7226=CARTESIAN_POINT('',(300.863155412,852.550968735,4.826508956));
#7227=DIRECTION('',(-0.,0.,1.));
#7228=VECTOR('',#7227,4.3);
#7229=LINE('',#7226,#7228);
#7230=EDGE_CURVE('',#7153,#7218,#7229,.T.);
#7231=ORIENTED_EDGE('',*,*,#7230,.F.);
#7232=EDGE_LOOP('',(#7208,#7216,#7225,#7231));
#7233=FACE_BOUND('',#7232,.T.);
#7234=ADVANCED_FACE('',(#7233),#7207,.T.);
#7235=CARTESIAN_POINT('',(323.795910375,825.030271981,9.276508956));
#7236=DIRECTION('',(-0.866025404,-0.5,-0.));
#7237=DIRECTION('',(-0.5,0.866025404,-0.));
#7238=AXIS2_PLACEMENT_3D('',#7235,#7236,#7237);
#7239=PLANE('',#7238);
#7240=CARTESIAN_POINT('',(302.295910375,862.269364344,4.826508956));
#7241=VERTEX_POINT('',#7240);
#7242=CARTESIAN_POINT('',(305.795910375,856.207186517,4.826508956));
#7243=DIRECTION('',(-0.5,0.866025404,-0.));
#7244=VECTOR('',#7243,7.);
#7245=LINE('',#7242,#7244);
#7246=EDGE_CURVE('',#7136,#7241,#7245,.T.);
#7247=ORIENTED_EDGE('',*,*,#7246,.F.);
#7248=ORIENTED_EDGE('',*,*,#7191,.T.);
#7249=CARTESIAN_POINT('',(302.295910375,862.269364344,9.126508956));
#7250=VERTEX_POINT('',#7249);
#7251=CARTESIAN_POINT('',(305.795910375,856.207186517,9.126508956));
#7252=DIRECTION('',(-0.5,0.866025404,-0.));
#7253=VECTOR('',#7252,7.);
#7254=LINE('',#7251,#7253);
#7255=EDGE_CURVE('',#7179,#7250,#7254,.T.);
#7256=ORIENTED_EDGE('',*,*,#7255,.T.);
#7257=CARTESIAN_POINT('',(302.295910375,862.269364344,4.826508956));
#7258=DIRECTION('',(-0.,0.,1.));
#7259=VECTOR('',#7258,4.3);
#7260=LINE('',#7257,#7259);
#7261=EDGE_CURVE('',#7241,#7250,#7260,.T.);
#7262=ORIENTED_EDGE('',*,*,#7261,.F.);
#7263=EDGE_LOOP('',(#7247,#7248,#7256,#7262));
#7264=FACE_BOUND('',#7263,.T.);
#7265=ADVANCED_FACE('',(#7264),#7239,.T.);
#7266=CARTESIAN_POINT('',(306.402128158,856.557186517,9.126508956));
#7267=DIRECTION('',(-0.,0.,1.));
#7268=DIRECTION('',(-0.5,0.866025404,-0.));
#7269=AXIS2_PLACEMENT_3D('',#7266,#7267,#7268);
#7270=SPHERICAL_SURFACE('',#7269,0.7);
#7271=CARTESIAN_POINT('',(306.402128158,856.557186517,9.126508956));
#7272=DIRECTION('',(-0.866025404,-0.5,0.));
#7273=DIRECTION('',(-0.,-0.,-1.));
#7274=AXIS2_PLACEMENT_3D('',#7271,#7272,#7273);
#7275=CIRCLE('',#7274,0.7);
#7276=EDGE_CURVE('',#7177,#2923,#7275,.T.);
#7277=ORIENTED_EDGE('',*,*,#7276,.T.);
#7278=CARTESIAN_POINT('',(306.402128158,856.557186517,9.126508956));
#7279=DIRECTION('',(0.5,-0.866025404,0.));
#7280=DIRECTION('',(-0.,0.,1.));
#7281=AXIS2_PLACEMENT_3D('',#7278,#7279,#7280);
#7282=CIRCLE('',#7281,0.7);
#7283=EDGE_CURVE('',#2923,#7179,#7282,.T.);
#7284=ORIENTED_EDGE('',*,*,#7283,.T.);
#7285=ORIENTED_EDGE('',*,*,#7185,.F.);
#7286=EDGE_LOOP('',(#7277,#7284,#7285));
#7287=FACE_BOUND('',#7286,.T.);
#7288=ADVANCED_FACE('',(#7287),#7270,.T.);
#7289=CARTESIAN_POINT('',(231.637802835,821.474886935,-112.273491044));
#7290=DIRECTION('',(0.5,-0.866025404,0.));
#7291=DIRECTION('',(0.866025404,0.5,0.));
#7292=AXIS2_PLACEMENT_3D('',#7289,#7290,#7291);
#7293=PLANE('',#7292);
#7294=ORIENTED_EDGE('',*,*,#7261,.T.);
#7295=CARTESIAN_POINT('',(297.619373195,859.569364344,9.126508956));
#7296=VERTEX_POINT('',#7295);
#7297=CARTESIAN_POINT('',(302.295910375,862.269364344,9.126508956));
#7298=DIRECTION('',(-0.866025404,-0.5,-0.));
#7299=VECTOR('',#7298,5.4);
#7300=LINE('',#7297,#7299);
#7301=EDGE_CURVE('',#7250,#7296,#7300,.T.);
#7302=ORIENTED_EDGE('',*,*,#7301,.T.);
#7303=CARTESIAN_POINT('',(297.619373195,859.569364344,9.126508956));
#7304=DIRECTION('',(0.,-0.,-1.));
#7305=VECTOR('',#7304,4.3);
#7306=LINE('',#7303,#7305);
#7307=EDGE_CURVE('',#7296,#6953,#7306,.T.);
#7308=ORIENTED_EDGE('',*,*,#7307,.T.);
#7309=ORIENTED_EDGE('',*,*,#6959,.T.);
#7310=CARTESIAN_POINT('',(299.957641785,860.919364344,4.826508956));
#7311=DIRECTION('',(0.5,-0.866025404,0.));
#7312=DIRECTION('',(-0.,0.,1.));
#7313=AXIS2_PLACEMENT_3D('',#7310,#7311,#7312);
#7314=CIRCLE('',#7313,2.7);
#7315=EDGE_CURVE('',#6943,#7241,#7314,.T.);
#7316=ORIENTED_EDGE('',*,*,#7315,.T.);
#7317=EDGE_LOOP('',(#7294,#7302,#7308,#7309,#7316));
#7318=FACE_BOUND('',#7317,.T.);
#7319=ADVANCED_FACE('',(#7318),#7293,.T.);
#7320=CARTESIAN_POINT('',(319.119373195,822.330271981,9.276508956));
#7321=DIRECTION('',(0.866025404,0.5,0.));
#7322=DIRECTION('',(0.5,-0.866025404,0.));
#7323=AXIS2_PLACEMENT_3D('',#7320,#7321,#7322);
#7324=PLANE('',#7323);
#7325=CARTESIAN_POINT('',(297.619373195,859.569364344,9.126508956));
#7326=DIRECTION('',(0.5,-0.866025404,0.));
#7327=VECTOR('',#7326,7.);
#7328=LINE('',#7325,#7327);
#7329=EDGE_CURVE('',#7296,#7210,#7328,.T.);
#7330=ORIENTED_EDGE('',*,*,#7329,.T.);
#7331=ORIENTED_EDGE('',*,*,#7215,.T.);
#7332=ORIENTED_EDGE('',*,*,#6967,.T.);
#7333=ORIENTED_EDGE('',*,*,#7307,.F.);
#7334=EDGE_LOOP('',(#7330,#7331,#7332,#7333));
#7335=FACE_BOUND('',#7334,.T.);
#7336=ADVANCED_FACE('',(#7335),#7324,.T.);
#7337=CARTESIAN_POINT('',(300.513155412,853.157186517,9.126508956));
#7338=DIRECTION('',(-0.,0.,1.));
#7339=DIRECTION('',(-0.5,0.866025404,-0.));
#7340=AXIS2_PLACEMENT_3D('',#7337,#7338,#7339);
#7341=SPHERICAL_SURFACE('',#7340,0.7);
#7342=CARTESIAN_POINT('',(300.513155412,853.157186517,9.126508956));
#7343=DIRECTION('',(0.5,-0.866025404,-0.));
#7344=DIRECTION('',(0.,-0.,1.));
#7345=AXIS2_PLACEMENT_3D('',#7342,#7343,#7344);
#7346=CIRCLE('',#7345,0.7);
#7347=EDGE_CURVE('',#7210,#2899,#7346,.T.);
#7348=ORIENTED_EDGE('',*,*,#7347,.T.);
#7349=CARTESIAN_POINT('',(300.513155412,853.157186517,9.126508956));
#7350=DIRECTION('',(0.866025404,0.5,0.));
#7351=DIRECTION('',(0.5,-0.866025404,0.));
#7352=AXIS2_PLACEMENT_3D('',#7349,#7350,#7351);
#7353=CIRCLE('',#7352,0.7);
#7354=EDGE_CURVE('',#2899,#7218,#7353,.T.);
#7355=ORIENTED_EDGE('',*,*,#7354,.T.);
#7356=ORIENTED_EDGE('',*,*,#7224,.F.);
#7357=EDGE_LOOP('',(#7348,#7355,#7356));
#7358=FACE_BOUND('',#7357,.T.);
#7359=ADVANCED_FACE('',(#7358),#7341,.T.);
#7360=CARTESIAN_POINT('',(315.013155412,828.042449808,9.085606122));
#7361=DIRECTION('',(0.,0.,1.));
#7362=DIRECTION('',(1.,0.,-0.));
#7363=AXIS2_PLACEMENT_3D('',#7360,#7361,#7362);
#7364=SPHERICAL_SURFACE('',#7363,0.7);
#7365=CARTESIAN_POINT('',(315.013155412,828.042449808,9.785606122));
#7366=VERTEX_POINT('',#7365);
#7367=CARTESIAN_POINT('',(315.075772732,828.042449808,9.782799833));
#7368=VERTEX_POINT('',#7367);
#7369=CARTESIAN_POINT('',(315.013155412,828.042449808,9.085606122));
#7370=DIRECTION('',(-0.,1.,-0.));
#7371=DIRECTION('',(1.,0.,0.));
#7372=AXIS2_PLACEMENT_3D('',#7369,#7370,#7371);
#7373=CIRCLE('',#7372,0.7);
#7374=EDGE_CURVE('',#7366,#7368,#7373,.T.);
#7375=ORIENTED_EDGE('',*,*,#7374,.T.);
#7376=CARTESIAN_POINT('',(315.013155412,828.042449808,9.085606122));
#7377=DIRECTION('',(-0.499496609,0.865153504,0.044861476));
#7378=DIRECTION('',(0.866025404,0.5,-0.));
#7379=AXIS2_PLACEMENT_3D('',#7376,#7377,#7378);
#7380=CIRCLE('',#7379,0.7);
#7381=EDGE_CURVE('',#7368,#7111,#7380,.T.);
#7382=ORIENTED_EDGE('',*,*,#7381,.T.);
#7383=ORIENTED_EDGE('',*,*,#7117,.F.);
#7384=CARTESIAN_POINT('',(315.013155412,828.042449808,9.085606122));
#7385=DIRECTION('',(0.863772196,0.49869911,0.072088772));
#7386=DIRECTION('',(0.5,-0.866025404,-0.));
#7387=AXIS2_PLACEMENT_3D('',#7384,#7385,#7386);
#7388=CIRCLE('',#7387,0.7);
#7389=EDGE_CURVE('',#7103,#1088,#7388,.T.);
#7390=ORIENTED_EDGE('',*,*,#7389,.T.);
#7391=CARTESIAN_POINT('',(315.013155412,828.042449808,9.085606122));
#7392=DIRECTION('',(-0.499496609,0.865153504,0.044861476));
#7393=DIRECTION('',(0.866025404,0.5,-0.));
#7394=AXIS2_PLACEMENT_3D('',#7391,#7392,#7393);
#7395=CIRCLE('',#7394,0.7);
#7396=EDGE_CURVE('',#1088,#7368,#7395,.T.);
#7397=ORIENTED_EDGE('',*,*,#7396,.T.);
#7398=ORIENTED_EDGE('',*,*,#7374,.F.);
#7399=EDGE_LOOP('',(#7375,#7382,#7383,#7390,#7397,#7398));
#7400=FACE_BOUND('',#7399,.T.);
#7401=ADVANCED_FACE('',(#7400),#7364,.T.);
#7402=CARTESIAN_POINT('',(319.119373195,822.330271981,9.276508956));
#7403=DIRECTION('',(0.866025404,0.5,0.));
#7404=DIRECTION('',(0.5,-0.866025404,0.));
#7405=AXIS2_PLACEMENT_3D('',#7402,#7403,#7404);
#7406=PLANE('',#7405);
#7407=ORIENTED_EDGE('',*,*,#7009,.T.);
#7408=ORIENTED_EDGE('',*,*,#7123,.T.);
#7409=CARTESIAN_POINT('',(319.119372632,822.330271656,9.126142459));
#7410=VERTEX_POINT('',#7409);
#7411=CARTESIAN_POINT('',(315.619373195,828.392449808,9.085606122));
#7412=CARTESIAN_POINT('',(315.765069899,828.140095713,9.07252061));
#7413=CARTESIAN_POINT('',(315.910794983,827.887692464,9.062713525));
#7414=CARTESIAN_POINT('',(316.056560109,827.63521986,9.057532111));
#7415=CARTESIAN_POINT('',(316.202325235,827.382747257,9.052350698));
#7416=CARTESIAN_POINT('',(316.348130762,827.130204676,9.051836488));
#7417=CARTESIAN_POINT('',(316.493957823,826.877624796,9.053809969));
#7418=CARTESIAN_POINT('',(316.785611946,826.372465037,9.05775693));
#7419=CARTESIAN_POINT('',(317.077338915,825.867179104,9.070119205));
#7420=CARTESIAN_POINT('',(317.369059379,825.36190444,9.081729885));
#7421=CARTESIAN_POINT('',(317.660779842,824.856629776,9.093340564));
#7422=CARTESIAN_POINT('',(317.952499556,824.351356409,9.104733782));
#7423=CARTESIAN_POINT('',(318.244218394,823.846084562,9.112025213));
#7424=CARTESIAN_POINT('',(318.535937231,823.340812714,9.119316644));
#7425=CARTESIAN_POINT('',(318.827655287,822.835542219,9.123065581));
#7426=CARTESIAN_POINT('',(319.119373046,822.33027224,9.1254655));
#7427=B_SPLINE_CURVE_WITH_KNOTS('',3,(#7411,#7412,#7413,#7414,#7415,#7416,#7417,#7418,#7419,#7420,#7421,#7422,#7423,#7424,#7425,#7426),.UNSPECIFIED.,.F.,.F.,(4,3,3,3,3,4),(0.075302889,0.076178022,0.077053155,0.078803421,0.080553687,0.082303953),.UNSPECIFIED.);
#7428=EDGE_CURVE('',#7111,#7410,#7427,.T.);
#7429=ORIENTED_EDGE('',*,*,#7428,.T.);
#7430=CARTESIAN_POINT('',(319.119373195,822.330271981,9.126142459));
#7431=DIRECTION('',(0.,-0.,-1.));
#7432=VECTOR('',#7431,4.299633502);
#7433=LINE('',#7430,#7432);
#7434=EDGE_CURVE('',#7410,#7004,#7433,.T.);
#7435=ORIENTED_EDGE('',*,*,#7434,.T.);
#7436=EDGE_LOOP('',(#7407,#7408,#7429,#7435));
#7437=FACE_BOUND('',#7436,.T.);
#7438=ADVANCED_FACE('',(#7437),#7406,.T.);
#7439=CARTESIAN_POINT('',(253.137802835,784.235794572,-112.273491044));
#7440=DIRECTION('',(0.5,-0.866025404,0.));
#7441=DIRECTION('',(0.866025404,0.5,0.));
#7442=AXIS2_PLACEMENT_3D('',#7439,#7440,#7441);
#7443=PLANE('',#7442);
#7444=ORIENTED_EDGE('',*,*,#7434,.F.);
#7445=CARTESIAN_POINT('',(323.795910375,825.030271981,9.126508956));
#7446=VERTEX_POINT('',#7445);
#7447=CARTESIAN_POINT('',(319.119372684,822.330271686,9.126819612));
#7448=CARTESIAN_POINT('',(320.67824085,823.230284641,9.124443367));
#7449=CARTESIAN_POINT('',(322.237119378,824.130303579,9.114892568));
#7450=CARTESIAN_POINT('',(323.795938965,825.030288487,9.120018727));
#7451=B_SPLINE_CURVE_WITH_KNOTS('',3,(#7447,#7448,#7449,#7450),.UNSPECIFIED.,.F.,.F.,(4,4),(0.060592037,0.065989543),.UNSPECIFIED.);
#7452=EDGE_CURVE('',#7410,#7446,#7451,.T.);
#7453=ORIENTED_EDGE('',*,*,#7452,.T.);
#7454=CARTESIAN_POINT('',(323.795910375,825.030271981,4.826508956));
#7455=VERTEX_POINT('',#7454);
#7456=CARTESIAN_POINT('',(323.795910375,825.030271981,4.826508956));
#7457=DIRECTION('',(-0.,0.,1.));
#7458=VECTOR('',#7457,4.3);
#7459=LINE('',#7456,#7458);
#7460=EDGE_CURVE('',#7455,#7446,#7459,.T.);
#7461=ORIENTED_EDGE('',*,*,#7460,.F.);
#7462=CARTESIAN_POINT('',(321.457641785,823.680271981,4.826508956));
#7463=DIRECTION('',(0.5,-0.866025404,0.));
#7464=DIRECTION('',(-0.,0.,1.));
#7465=AXIS2_PLACEMENT_3D('',#7462,#7463,#7464);
#7466=CIRCLE('',#7465,2.7);
#7467=EDGE_CURVE('',#6987,#7455,#7466,.T.);
#7468=ORIENTED_EDGE('',*,*,#7467,.F.);
#7469=ORIENTED_EDGE('',*,*,#7016,.F.);
#7470=EDGE_LOOP('',(#7444,#7453,#7461,#7468,#7469));
#7471=FACE_BOUND('',#7470,.T.);
#7472=ADVANCED_FACE('',(#7471),#7443,.F.);
#7473=CARTESIAN_POINT('',(323.795910375,825.030271981,9.276508956));
#7474=DIRECTION('',(-0.866025404,-0.5,-0.));
#7475=DIRECTION('',(-0.5,0.866025404,-0.));
#7476=AXIS2_PLACEMENT_3D('',#7473,#7474,#7475);
#7477=PLANE('',#7476);
#7478=CARTESIAN_POINT('',(323.795910375,825.030271981,9.126508956));
#7479=DIRECTION('',(-0.5,0.866025404,-0.));
#7480=VECTOR('',#7479,7.);
#7481=LINE('',#7478,#7480);
#7482=EDGE_CURVE('',#7446,#7027,#7481,.T.);
#7483=ORIENTED_EDGE('',*,*,#7482,.T.);
#7484=ORIENTED_EDGE('',*,*,#7058,.T.);
#7485=CARTESIAN_POINT('',(323.795910375,825.030271981,4.826508956));
#7486=DIRECTION('',(-0.5,0.866025404,-0.));
#7487=VECTOR('',#7486,7.);
#7488=LINE('',#7485,#7487);
#7489=EDGE_CURVE('',#7455,#7046,#7488,.T.);
#7490=ORIENTED_EDGE('',*,*,#7489,.F.);
#7491=ORIENTED_EDGE('',*,*,#7460,.T.);
#7492=EDGE_LOOP('',(#7483,#7484,#7490,#7491));
#7493=FACE_BOUND('',#7492,.T.);
#7494=ADVANCED_FACE('',(#7493),#7477,.T.);
#7495=CARTESIAN_POINT('',(320.902128158,831.442449808,9.123681926));
#7496=DIRECTION('',(0.,0.,1.));
#7497=DIRECTION('',(1.,0.,-0.));
#7498=AXIS2_PLACEMENT_3D('',#7495,#7496,#7497);
#7499=SPHERICAL_SURFACE('',#7498,0.7);
#7500=CARTESIAN_POINT('',(320.902128158,831.442449808,9.823681926));
#7501=VERTEX_POINT('',#7500);
#7502=CARTESIAN_POINT('',(320.902779188,831.444453471,9.823678756));
#7503=VERTEX_POINT('',#7502);
#7504=CARTESIAN_POINT('',(320.902128158,831.442449808,9.123681926));
#7505=DIRECTION('',(-0.951056516,0.309016994,-0.));
#7506=DIRECTION('',(0.309016994,0.951056516,0.));
#7507=AXIS2_PLACEMENT_3D('',#7504,#7505,#7506);
#7508=CIRCLE('',#7507,0.7);
#7509=EDGE_CURVE('',#7501,#7503,#7508,.T.);
#7510=ORIENTED_EDGE('',*,*,#7509,.T.);
#7511=CARTESIAN_POINT('',(320.902128158,831.442449808,9.123681926));
#7512=DIRECTION('',(-0.866023238,-0.499998749,0.002236632));
#7513=DIRECTION('',(0.5,-0.866025404,-0.));
#7514=AXIS2_PLACEMENT_3D('',#7511,#7512,#7513);
#7515=CIRCLE('',#7514,0.7);
#7516=EDGE_CURVE('',#7503,#7029,#7515,.T.);
#7517=ORIENTED_EDGE('',*,*,#7516,.T.);
#7518=ORIENTED_EDGE('',*,*,#7035,.F.);
#7519=CARTESIAN_POINT('',(320.902128158,831.442449808,9.123681926));
#7520=DIRECTION('',(-0.499998449,0.866022717,0.002490744));
#7521=DIRECTION('',(0.866025404,0.5,-0.));
#7522=AXIS2_PLACEMENT_3D('',#7519,#7520,#7521);
#7523=CIRCLE('',#7522,0.7);
#7524=EDGE_CURVE('',#7027,#1046,#7523,.T.);
#7525=ORIENTED_EDGE('',*,*,#7524,.T.);
#7526=CARTESIAN_POINT('',(320.902128158,831.442449808,9.123681926));
#7527=DIRECTION('',(-0.866023238,-0.499998749,0.002236632));
#7528=DIRECTION('',(0.5,-0.866025404,-0.));
#7529=AXIS2_PLACEMENT_3D('',#7526,#7527,#7528);
#7530=CIRCLE('',#7529,0.7);
#7531=EDGE_CURVE('',#1046,#7503,#7530,.T.);
#7532=ORIENTED_EDGE('',*,*,#7531,.T.);
#7533=ORIENTED_EDGE('',*,*,#7509,.F.);
#7534=EDGE_LOOP('',(#7510,#7517,#7518,#7525,#7532,#7533));
#7535=FACE_BOUND('',#7534,.T.);
#7536=ADVANCED_FACE('',(#7535),#7499,.T.);
#7537=CARTESIAN_POINT('',(311.157683557,826.619250087,0.532048584));
#7538=CARTESIAN_POINT('',(310.011666653,828.654455396,0.538304629));
#7539=CARTESIAN_POINT('',(307.606490904,832.692471305,0.542053451));
#7540=CARTESIAN_POINT('',(303.049741502,840.709031962,0.580339113));
#7541=CARTESIAN_POINT('',(299.600653008,846.660687902,0.531426607));
#7542=CARTESIAN_POINT('',(297.340869921,850.542128874,0.539998025));
#7543=CARTESIAN_POINT('',(311.133960249,826.605683822,0.579414493));
#7544=CARTESIAN_POINT('',(309.988879443,828.641403247,0.586412397));
#7545=CARTESIAN_POINT('',(307.580479778,832.677080762,0.590725963));
#7546=CARTESIAN_POINT('',(303.026695662,840.695808107,0.63067759));
#7547=CARTESIAN_POINT('',(299.576817871,846.647400483,0.579008895));
#7548=CARTESIAN_POINT('',(297.31723528,850.528218184,0.587623943));
#7549=CARTESIAN_POINT('',(310.968239142,826.51089086,0.917674695));
#7550=CARTESIAN_POINT('',(309.829702883,828.550196933,0.929426436));
#7551=CARTESIAN_POINT('',(307.399263167,832.569896261,0.937328889));
#7552=CARTESIAN_POINT('',(302.86553572,840.603340725,0.988490969));
#7553=CARTESIAN_POINT('',(299.410079861,846.554424361,0.918161704));
#7554=CARTESIAN_POINT('',(297.152158016,850.431124997,0.927626369));
#7555=CARTESIAN_POINT('',(310.700103839,826.357188477,1.564572404));
#7556=CARTESIAN_POINT('',(309.572083806,828.402127593,1.578151393));
#7557=CARTESIAN_POINT('',(307.11282392,832.401022574,1.587253053));
#7558=CARTESIAN_POINT('',(302.602359826,840.45245303,1.650601684));
#7559=CARTESIAN_POINT('',(299.137153819,846.401853847,1.558274712));
#7560=CARTESIAN_POINT('',(296.885388911,850.275134689,1.576254777));
#7561=CARTESIAN_POINT('',(310.424791111,826.198793163,2.48989165));
#7562=CARTESIAN_POINT('',(309.302680519,828.244907956,2.504680347));
#7563=CARTESIAN_POINT('',(306.844422626,832.245152064,2.502155423));
#7564=CARTESIAN_POINT('',(302.322633067,840.292059908,2.555794033));
#7565=CARTESIAN_POINT('',(298.853422235,846.241450921,2.474718387));
#7566=CARTESIAN_POINT('',(296.611115263,850.116155824,2.504122325));
#7567=CARTESIAN_POINT('',(310.243848476,826.092532448,3.435807717));
#7568=CARTESIAN_POINT('',(309.113709591,828.130672582,3.455197718));
#7569=CARTESIAN_POINT('',(306.704628897,832.16837411,3.431856647));
#7570=CARTESIAN_POINT('',(302.126869208,840.178799367,3.443330845));
#7571=CARTESIAN_POINT('',(298.670771696,846.135718829,3.422355327));
#7572=CARTESIAN_POINT('',(296.431320279,850.010919564,3.454511198));
#7573=CARTESIAN_POINT('',(310.157373072,826.037576148,4.399547697));
#7574=CARTESIAN_POINT('',(308.9950519,828.053549091,4.423574654));
#7575=CARTESIAN_POINT('',(306.666832834,832.155107646,4.376617164));
#7576=CARTESIAN_POINT('',(302.021926317,840.115592711,4.310884025));
#7577=CARTESIAN_POINT('',(298.588191472,846.083802529,4.398664411));
#7578=CARTESIAN_POINT('',(296.345884697,849.957270013,4.424183495));
#7579=CARTESIAN_POINT('',(310.168680224,826.03850688,5.692911805));
#7580=CARTESIAN_POINT('',(308.931923482,828.002348626,5.730365693));
#7581=CARTESIAN_POINT('',(306.647406905,832.157980763,5.653753325));
#7582=CARTESIAN_POINT('',(302.045647498,840.122006784,5.443067644));
#7583=CARTESIAN_POINT('',(298.583481036,846.068868841,5.73199322));
#7584=CARTESIAN_POINT('',(296.360973681,849.957384218,5.72685895));
#7585=CARTESIAN_POINT('',(310.401247201,826.182650593,7.246673098));
#7586=CARTESIAN_POINT('',(309.024348217,828.037553089,7.333531608));
#7587=CARTESIAN_POINT('',(306.587118201,832.136455675,7.241609118));
#7588=CARTESIAN_POINT('',(302.368723025,840.290963719,6.787549374));
#7589=CARTESIAN_POINT('',(298.769534091,846.14637884,7.379561001));
#7590=CARTESIAN_POINT('',(296.611184779,850.091620897,7.293823713));
#7591=CARTESIAN_POINT('',(310.80219107,826.450622166,8.416576569));
#7592=CARTESIAN_POINT('',(309.241498393,828.166823227,8.571320086));
#7593=CARTESIAN_POINT('',(306.585761965,832.136462896,8.515421825));
#7594=CARTESIAN_POINT('',(302.739554126,840.472660124,7.866644312));
#7595=CARTESIAN_POINT('',(299.262550916,846.394019425,8.535621181));
#7596=CARTESIAN_POINT('',(297.041434103,850.343108646,8.471721026));
#7597=CARTESIAN_POINT('',(311.039012356,826.615303422,8.961961709));
#7598=CARTESIAN_POINT('',(309.381472226,828.256679961,9.155905517));
#7599=CARTESIAN_POINT('',(306.600987603,832.143390065,9.135283091));
#7600=CARTESIAN_POINT('',(302.916431518,840.553910539,8.400654949));
#7601=CARTESIAN_POINT('',(299.556151487,846.546739822,9.060011459));
#7602=CARTESIAN_POINT('',(297.303259723,850.496810482,9.015179299));
#7603=B_SPLINE_SURFACE_WITH_KNOTS('',3,3,((#7537,#7538,#7539,#7540,#7541,#7542),(#7543,#7544,#7545,#7546,#7547,#7548),(#7549,#7550,#7551,#7552,#7553,#7554),(#7555,#7556,#7557,#7558,#7559,#7560),(#7561,#7562,#7563,#7564,#7565,#7566),(#7567,#7568,#7569,#7570,#7571,#7572),(#7573,#7574,#7575,#7576,#7577,#7578),(#7579,#7580,#7581,#7582,#7583,#7584),(#7585,#7586,#7587,#7588,#7589,#7590),(#7591,#7592,#7593,#7594,#7595,#7596),(#7597,#7598,#7599,#7600,#7601,#7602)),.UNSPECIFIED.,.F.,.F.,.U.,(4,1,1,1,1,1,1,1,4),(4,1,1,4),(-0.004313714,-0.004159823,-0.003219126,-0.00227843,-0.001337733,-0.000397036,0.000543661,0.002425054,0.004193108),(-0.013451065,-0.00646768,0.000620606,0.014095924),.UNSPECIFIED.);
#7604=CARTESIAN_POINT('',(298.817573139,845.835475309,6.009977913));
#7605=VERTEX_POINT('',#7604);
#7606=CARTESIAN_POINT('',(298.885358771,845.868898949,3.256783277));
#7607=VERTEX_POINT('',#7606);
#7608=CARTESIAN_POINT('',(298.817575042,845.835473799,6.009984831));
#7609=CARTESIAN_POINT('',(298.76919649,845.803368054,5.557903956));
#7610=CARTESIAN_POINT('',(298.750106569,845.78900175,5.090949638));
#7611=CARTESIAN_POINT('',(298.761167107,845.79446232,4.624687484));
#7612=CARTESIAN_POINT('',(298.766697375,845.797192604,4.391556408));
#7613=CARTESIAN_POINT('',(298.77976897,845.804870544,4.160486798));
#7614=CARTESIAN_POINT('',(298.800400156,845.817322658,3.932590005));
#7615=CARTESIAN_POINT('',(298.821031342,845.829774772,3.704693212));
#7616=CARTESIAN_POINT('',(298.849201191,845.846966136,3.479999336));
#7617=CARTESIAN_POINT('',(298.88535878,845.868898912,3.256783333));
#7618=B_SPLINE_CURVE_WITH_KNOTS('',3,(#7608,#7609,#7610,#7611,#7612,#7613,#7614,#7615,#7616,#7617),.UNSPECIFIED.,.F.,.F.,(4,3,3,4),(0.024088244,0.025870743,0.026761993,0.027653242),.UNSPECIFIED.);
#7619=EDGE_CURVE('',#7605,#7607,#7618,.T.);
#7620=ORIENTED_EDGE('',*,*,#7619,.T.);
#7621=CARTESIAN_POINT('',(307.882598475,830.299661715,3.24824508));
#7622=VERTEX_POINT('',#7621);
#7623=CARTESIAN_POINT('',(298.885358785,845.868898872,3.256783419));
#7624=CARTESIAN_POINT('',(300.385903629,843.273723463,3.259883014));
#7625=CARTESIAN_POINT('',(301.887583261,840.677636677,3.263615834));
#7626=CARTESIAN_POINT('',(303.380657216,838.076298553,3.254547158));
#7627=CARTESIAN_POINT('',(304.127194193,836.77562949,3.250012819));
#7628=CARTESIAN_POINT('',(304.871238781,835.475060733,3.242929664));
#7629=CARTESIAN_POINT('',(305.619493434,834.178554229,3.24009942));
#7630=CARTESIAN_POINT('',(305.993620761,833.530300976,3.238684298));
#7631=CARTESIAN_POINT('',(306.368818257,832.883069741,3.238326014));
#7632=CARTESIAN_POINT('',(306.745943756,832.237346666,3.239816564));
#7633=CARTESIAN_POINT('',(307.123069255,831.591623591,3.241307115));
#7634=CARTESIAN_POINT('',(307.502875209,830.946370372,3.244725571));
#7635=CARTESIAN_POINT('',(307.882598366,830.299661786,3.248245407));
#7636=B_SPLINE_CURVE_WITH_KNOTS('',3,(#7623,#7624,#7625,#7626,#7627,#7628,#7629,#7630,#7631,#7632,#7633,#7634,#7635),.UNSPECIFIED.,.F.,.F.,(4,3,3,3,4),(0.054253468,0.063247178,0.067744034,0.069992461,0.072240889),.UNSPECIFIED.);
#7637=EDGE_CURVE('',#7607,#7622,#7636,.T.);
#7638=ORIENTED_EDGE('',*,*,#7637,.T.);
#7639=CARTESIAN_POINT('',(307.844460925,830.354946907,8.323588956));
#7640=VERTEX_POINT('',#7639);
#7641=CARTESIAN_POINT('',(307.882598475,830.299661715,3.24824508));
#7642=CARTESIAN_POINT('',(307.855657514,830.280149217,3.435757532));
#7643=CARTESIAN_POINT('',(307.834226919,830.262684877,3.625923782));
#7644=CARTESIAN_POINT('',(307.817058254,830.247265406,3.822387792));
#7645=CARTESIAN_POINT('',(307.799889589,830.231845935,4.018851802));
#7646=CARTESIAN_POINT('',(307.787023721,830.21856442,4.22113675));
#7647=CARTESIAN_POINT('',(307.777148612,830.208053308,4.429276159));
#7648=CARTESIAN_POINT('',(307.767273503,830.197542196,4.637415569));
#7649=CARTESIAN_POINT('',(307.760509541,830.189892219,4.849299789));
#7650=CARTESIAN_POINT('',(307.755962008,830.185479811,5.065103693));
#7651=CARTESIAN_POINT('',(307.751414475,830.181067403,5.280907596));
#7652=CARTESIAN_POINT('',(307.748892561,830.179971231,5.501507967));
#7653=CARTESIAN_POINT('',(307.748184639,830.182234381,5.720820446));
#7654=CARTESIAN_POINT('',(307.746768793,830.186760681,6.159445404));
#7655=CARTESIAN_POINT('',(307.753170846,830.204526484,6.598358689));
#7656=CARTESIAN_POINT('',(307.768907055,830.233765655,7.032858894));
#7657=CARTESIAN_POINT('',(307.784643264,830.263004826,7.467359098));
#7658=CARTESIAN_POINT('',(307.809827382,830.303471429,7.897165336));
#7659=CARTESIAN_POINT('',(307.844472291,830.354935088,8.323614344));
#7660=B_SPLINE_CURVE_WITH_KNOTS('',3,(#7641,#7642,#7643,#7644,#7645,#7646,#7647,#7648,#7649,#7650,#7651,#7652,#7653,#7654,#7655,#7656,#7657,#7658,#7659),.UNSPECIFIED.,.F.,.F.,(4,3,3,3,3,3,4),(0.031008513,0.031741496,0.032474479,0.033207462,0.033940445,0.035406411,0.036872377),.UNSPECIFIED.);
#7661=EDGE_CURVE('',#7622,#7640,#7660,.T.);
#7662=ORIENTED_EDGE('',*,*,#7661,.T.);
#7663=CARTESIAN_POINT('',(308.716051121,829.236138095,8.898970098));
#7664=VERTEX_POINT('',#7663);
#7665=CARTESIAN_POINT('',(307.844460949,830.354946877,8.323588991));
#7666=CARTESIAN_POINT('',(307.857478323,830.374283702,8.483823903));
#7667=CARTESIAN_POINT('',(307.897285173,830.353868503,8.639983989));
#7668=CARTESIAN_POINT('',(307.957400967,830.299133749,8.76785821));
#7669=CARTESIAN_POINT('',(307.987458864,830.271766371,8.831795321));
#7670=CARTESIAN_POINT('',(308.022943517,830.235518839,8.889617963));
#7671=CARTESIAN_POINT('',(308.061982927,830.192234836,8.938077994));
#7672=CARTESIAN_POINT('',(308.101022337,830.148950833,8.986538025));
#7673=CARTESIAN_POINT('',(308.143384583,830.098978545,9.025748191));
#7674=CARTESIAN_POINT('',(308.188693849,830.042468889,9.055134542));
#7675=CARTESIAN_POINT('',(308.234003115,829.985959234,9.084520892));
#7676=CARTESIAN_POINT('',(308.280473767,829.925152527,9.1029999));
#7677=CARTESIAN_POINT('',(308.328006285,829.859845383,9.110873994));
#7678=CARTESIAN_POINT('',(308.375538802,829.794538239,9.118748089));
#7679=CARTESIAN_POINT('',(308.423499339,829.725500424,9.115587402));
#7680=CARTESIAN_POINT('',(308.46965525,829.655533869,9.101823325));
#7681=CARTESIAN_POINT('',(308.561967073,829.51560076,9.074295171));
#7682=CARTESIAN_POINT('',(308.649030833,829.368269322,9.00261464));
#7683=CARTESIAN_POINT('',(308.716051881,829.23613722,8.898970544));
#7684=B_SPLINE_CURVE_WITH_KNOTS('',3,(#7665,#7666,#7667,#7668,#7669,#7670,#7671,#7672,#7673,#7674,#7675,#7676,#7677,#7678,#7679,#7680,#7681,#7682,#7683),.UNSPECIFIED.,.F.,.F.,(4,3,3,3,3,3,4),(0.003169124,0.003712819,0.003984666,0.004256513,0.004528361,0.004800208,0.005343902),.UNSPECIFIED.);
#7685=EDGE_CURVE('',#7640,#7664,#7684,.T.);
#7686=ORIENTED_EDGE('',*,*,#7685,.T.);
#7687=CARTESIAN_POINT('',(310.351182147,826.159148665,6.763445893));
#7688=VERTEX_POINT('',#7687);
#7689=CARTESIAN_POINT('',(308.716051121,829.236138095,8.898970098));
#7690=CARTESIAN_POINT('',(309.269296021,828.207283635,8.204380305));
#7691=CARTESIAN_POINT('',(309.815459424,827.182256611,7.488363649));
#7692=CARTESIAN_POINT('',(310.350818419,826.158885431,6.7635489));
#7693=B_SPLINE_CURVE_WITH_KNOTS('',3,(#7689,#7690,#7691,#7692),.UNSPECIFIED.,.F.,.F.,(4,4),(0.,1.),.UNSPECIFIED.);
#7694=EDGE_CURVE('',#7664,#7688,#7693,.T.);
#7695=ORIENTED_EDGE('',*,*,#7694,.T.);
#7696=CARTESIAN_POINT('',(311.134187869,826.611217229,0.573761704));
#7697=VERTEX_POINT('',#7696);
#7698=CARTESIAN_POINT('',(310.351182147,826.159148665,6.763445893));
#7699=CARTESIAN_POINT('',(310.194581807,826.068735417,5.981204596));
#7700=CARTESIAN_POINT('',(310.16610194,826.052292557,5.179561793));
#7701=CARTESIAN_POINT('',(310.137592728,826.035832756,4.377093014));
#7702=CARTESIAN_POINT('',(310.238030721,826.093820658,3.583484282));
#7703=CARTESIAN_POINT('',(310.338607162,826.151888494,2.788781603));
#7704=CARTESIAN_POINT('',(310.56448428,826.282298709,2.030337202));
#7705=CARTESIAN_POINT('',(310.790594268,826.412843371,1.271110879));
#7706=CARTESIAN_POINT('',(311.134187869,826.611217229,0.573761704));
#7707=B_SPLINE_CURVE_WITH_KNOTS('',2,(#7698,#7699,#7700,#7701,#7702,#7703,#7704,#7705,#7706),.UNSPECIFIED.,.F.,.F.,(3,2,2,2,3),(0.,0.25,0.5,0.75,1.),.UNSPECIFIED.);
#7708=EDGE_CURVE('',#7688,#7697,#7707,.T.);
#7709=ORIENTED_EDGE('',*,*,#7708,.T.);
#7710=CARTESIAN_POINT('',(297.334187869,850.513518374,0.573761704));
#7711=VERTEX_POINT('',#7710);
#7712=CARTESIAN_POINT('',(311.134545541,826.611417789,0.573940211));
#7713=CARTESIAN_POINT('',(310.011174998,828.626423929,0.564982733));
#7714=CARTESIAN_POINT('',(308.827909707,830.601095663,0.576198603));
#7715=CARTESIAN_POINT('',(307.673571473,832.586229208,0.578728014));
#7716=CARTESIAN_POINT('',(306.51923324,834.571362754,0.581257425));
#7717=CARTESIAN_POINT('',(305.391017578,836.573877502,0.575019022));
#7718=CARTESIAN_POINT('',(304.251197982,838.572426518,0.571640645));
#7719=CARTESIAN_POINT('',(301.97155879,842.56952455,0.56488389));
#7720=CARTESIAN_POINT('',(299.644407747,846.538105678,0.573086401));
#7721=CARTESIAN_POINT('',(297.33474122,850.513840181,0.574051925));
#7722=B_SPLINE_CURVE_WITH_KNOTS('',3,(#7712,#7713,#7714,#7715,#7716,#7717,#7718,#7719,#7720,#7721),.UNSPECIFIED.,.F.,.F.,(4,3,3,4),(0.051837597,0.058735996,0.065634395,0.079431192),.UNSPECIFIED.);
#7723=EDGE_CURVE('',#7697,#7711,#7722,.T.);
#7724=ORIENTED_EDGE('',*,*,#7723,.T.);
#7725=CARTESIAN_POINT('',(296.551182147,850.061449809,6.763445893));
#7726=VERTEX_POINT('',#7725);
#7727=CARTESIAN_POINT('',(296.551182147,850.061449809,6.763445893));
#7728=CARTESIAN_POINT('',(296.235392381,849.879128503,5.186030437));
#7729=CARTESIAN_POINT('',(296.438030721,849.996121803,3.583484282));
#7730=CARTESIAN_POINT('',(296.640605714,850.11307853,1.981439094));
#7731=CARTESIAN_POINT('',(297.334187869,850.513518374,0.573761704));
#7732=B_SPLINE_CURVE_WITH_KNOTS('',2,(#7727,#7728,#7729,#7730,#7731),.UNSPECIFIED.,.F.,.F.,(3,2,3),(0.,0.5,1.),.UNSPECIFIED.);
#7733=EDGE_CURVE('',#7726,#7711,#7732,.T.);
#7734=ORIENTED_EDGE('',*,*,#7733,.F.);
#7735=CARTESIAN_POINT('',(298.431722809,846.767020926,6.780363422));
#7736=VERTEX_POINT('',#7735);
#7737=CARTESIAN_POINT('',(296.550971384,850.061330648,6.763589749));
#7738=CARTESIAN_POINT('',(297.165523519,848.963649687,6.784098589));
#7739=CARTESIAN_POINT('',(297.794497956,847.866097732,6.78554174));
#7740=CARTESIAN_POINT('',(298.431725369,846.767014652,6.780359233));
#7741=B_SPLINE_CURVE_WITH_KNOTS('',3,(#7737,#7738,#7739,#7740),.UNSPECIFIED.,.F.,.F.,(4,4),(0.051213565,0.055054864),.UNSPECIFIED.);
#7742=EDGE_CURVE('',#7726,#7736,#7741,.T.);
#7743=ORIENTED_EDGE('',*,*,#7742,.T.);
#7744=CARTESIAN_POINT('',(298.431723016,846.767020643,6.780363588));
#7745=CARTESIAN_POINT('',(298.464338055,846.710766563,6.78009832));
#7746=CARTESIAN_POINT('',(298.49653513,846.653032685,6.774825096));
#7747=CARTESIAN_POINT('',(298.526799707,846.596558215,6.764747006));
#7748=CARTESIAN_POINT('',(298.557064284,846.540083744,6.754668916));
#7749=CARTESIAN_POINT('',(298.58552601,846.484701522,6.739913453));
#7750=CARTESIAN_POINT('',(298.61225377,846.430435539,6.720472528));
#7751=CARTESIAN_POINT('',(298.66570929,846.321903572,6.681590678));
#7752=CARTESIAN_POINT('',(298.711402958,846.219076353,6.62350583));
#7753=CARTESIAN_POINT('',(298.745556395,846.133044916,6.552731527));
#7754=CARTESIAN_POINT('',(298.779709833,846.04701348,6.481957224));
#7755=CARTESIAN_POINT('',(298.803497883,845.975092453,6.396510488));
#7756=CARTESIAN_POINT('',(298.815563414,845.924306359,6.30420949));
#7757=CARTESIAN_POINT('',(298.827628944,845.873520264,6.211908491));
#7758=CARTESIAN_POINT('',(298.828270735,845.842789963,6.110787802));
#7759=CARTESIAN_POINT('',(298.817572996,845.835475721,6.009978562));
#7760=B_SPLINE_CURVE_WITH_KNOTS('',3,(#7744,#7745,#7746,#7747,#7748,#7749,#7750,#7751,#7752,#7753,#7754,#7755,#7756,#7757,#7758,#7759),.UNSPECIFIED.,.F.,.F.,(4,3,3,3,3,4),(0.002578722,0.002775182,0.002971642,0.003364563,0.003757483,0.004150403),.UNSPECIFIED.);
#7761=EDGE_CURVE('',#7736,#7605,#7760,.T.);
#7762=ORIENTED_EDGE('',*,*,#7761,.T.);
#7763=EDGE_LOOP('',(#7620,#7638,#7662,#7686,#7695,#7709,#7724,#7734,#7743,#7762));
#7764=FACE_BOUND('',#7763,.T.);
#7765=ADVANCED_FACE('',(#7764),#7603,.F.);
#7766=CARTESIAN_POINT('',(249.287802835,790.904190181,-112.273491044));
#7767=DIRECTION('',(0.5,-0.866025404,0.));
#7768=DIRECTION('',(0.866025404,0.5,0.));
#7769=AXIS2_PLACEMENT_3D('',#7766,#7767,#7768);
#7770=PLANE('',#7769);
#7771=CARTESIAN_POINT('',(322.37079202,833.098673661,9.124957705));
#7772=VERTEX_POINT('',#7771);
#7773=CARTESIAN_POINT('',(322.37079202,833.098673661,0.526508956));
#7774=VERTEX_POINT('',#7773);
#7775=CARTESIAN_POINT('',(322.37079202,833.098673661,9.124957705));
#7776=DIRECTION('',(0.,-0.,-1.));
#7777=VECTOR('',#7776,8.598448749);
#7778=LINE('',#7775,#7777);
#7779=EDGE_CURVE('',#7772,#7774,#7778,.T.);
#7780=ORIENTED_EDGE('',*,*,#7779,.T.);
#7781=CARTESIAN_POINT('',(311.155130691,826.623308573,0.526511901));
#7782=VERTEX_POINT('',#7781);
#7783=CARTESIAN_POINT('',(322.37079202,833.098673661,0.526508956));
#7784=DIRECTION('',(-0.866025404,-0.5,-0.));
#7785=VECTOR('',#7784,12.950730175);
#7786=LINE('',#7783,#7785);
#7787=EDGE_CURVE('',#7774,#7782,#7786,.T.);
#7788=ORIENTED_EDGE('',*,*,#7787,.T.);
#7789=CARTESIAN_POINT('',(311.155130691,826.623308573,0.526511901));
#7790=CARTESIAN_POINT('',(311.15050437,826.620637565,0.53875078));
#7791=CARTESIAN_POINT('',(311.145318845,826.617643701,0.550687096));
#7792=CARTESIAN_POINT('',(311.143456261,826.616568338,0.554974489));
#7793=CARTESIAN_POINT('',(311.134187869,826.611217229,0.573761704));
#7794=B_SPLINE_CURVE_WITH_KNOTS('',2,(#7789,#7790,#7791,#7792,#7793),.UNSPECIFIED.,.F.,.F.,(3,2,3),(0.,0.502688515,1.),.UNSPECIFIED.);
#7795=EDGE_CURVE('',#7782,#7697,#7794,.T.);
#7796=ORIENTED_EDGE('',*,*,#7795,.T.);
#7797=ORIENTED_EDGE('',*,*,#7708,.F.);
#7798=CARTESIAN_POINT('',(310.164418156,826.051320424,8.782999116));
#7799=VERTEX_POINT('',#7798);
#7800=CARTESIAN_POINT('',(310.351182147,826.159148665,6.763445893));
#7801=CARTESIAN_POINT('',(310.483184201,826.235360086,7.37321199));
#7802=CARTESIAN_POINT('',(310.38073404,826.176210458,8.014077254));
#7803=CARTESIAN_POINT('',(310.316563599,826.139161637,8.415488112));
#7804=CARTESIAN_POINT('',(310.164418156,826.051320424,8.782999116));
#7805=B_SPLINE_CURVE_WITH_KNOTS('',2,(#7800,#7801,#7802,#7803,#7804),.UNSPECIFIED.,.F.,.F.,(3,2,3),(0.,0.607454979,1.),.UNSPECIFIED.);
#7806=EDGE_CURVE('',#7688,#7799,#7805,.T.);
#7807=ORIENTED_EDGE('',*,*,#7806,.T.);
#7808=CARTESIAN_POINT('',(310.164418156,826.051320424,8.782999112));
#7809=CARTESIAN_POINT('',(310.34917312,826.157988752,8.759660839));
#7810=CARTESIAN_POINT('',(310.53459047,826.26503951,8.742508882));
#7811=CARTESIAN_POINT('',(310.720824488,826.37256177,8.732984131));
#7812=CARTESIAN_POINT('',(310.907058505,826.48008403,8.723459381));
#7813=CARTESIAN_POINT('',(311.094076219,826.588058758,8.721253908));
#7814=CARTESIAN_POINT('',(311.281777954,826.696428404,8.725436805));
#7815=CARTESIAN_POINT('',(311.657181423,826.913167697,8.733802601));
#7816=CARTESIAN_POINT('',(312.033678895,827.130538615,8.76839768));
#7817=CARTESIAN_POINT('',(312.409354602,827.347435086,8.811552022));
#7818=CARTESIAN_POINT('',(312.785030308,827.564331556,8.854706364));
#7819=CARTESIAN_POINT('',(313.160566984,827.781147756,8.906159978));
#7820=CARTESIAN_POINT('',(313.536122071,827.997974588,8.956514477));
#7821=CARTESIAN_POINT('',(313.911677159,828.214801419,9.006868976));
#7822=CARTESIAN_POINT('',(314.287282281,828.431657137,9.0542368));
#7823=CARTESIAN_POINT('',(314.663155406,828.648667587,9.085606475));
#7824=B_SPLINE_CURVE_WITH_KNOTS('',3,(#7808,#7809,#7810,#7811,#7812,#7813,#7814,#7815,#7816,#7817,#7818,#7819,#7820,#7821,#7822,#7823),.UNSPECIFIED.,.F.,.F.,(4,3,3,3,3,4),(0.098987055,0.099639043,0.100291031,0.101595007,0.102898982,0.104202958),.UNSPECIFIED.);
#7825=EDGE_CURVE('',#7799,#7103,#7824,.T.);
#7826=ORIENTED_EDGE('',*,*,#7825,.T.);
#7827=ORIENTED_EDGE('',*,*,#7108,.T.);
#7828=ORIENTED_EDGE('',*,*,#7076,.T.);
#7829=ORIENTED_EDGE('',*,*,#7043,.T.);
#7830=CARTESIAN_POINT('',(320.552128158,832.04866759,9.126508956));
#7831=DIRECTION('',(0.866025404,0.5,0.));
#7832=VECTOR('',#7831,2.100012141);
#7833=LINE('',#7830,#7832);
#7834=EDGE_CURVE('',#7029,#7772,#7833,.T.);
#7835=ORIENTED_EDGE('',*,*,#7834,.T.);
#7836=EDGE_LOOP('',(#7780,#7788,#7796,#7797,#7807,#7826,#7827,#7828,#7829,#7835));
#7837=FACE_BOUND('',#7836,.T.);
#7838=ADVANCED_FACE('',(#7837),#7770,.F.);
#7839=CARTESIAN_POINT('',(296.982822882,851.12011205,0.574160821));
#7840=CARTESIAN_POINT('',(297.020108606,851.141754683,0.498546382));
#7841=CARTESIAN_POINT('',(297.039894649,851.15323956,0.411518025));
#7842=CARTESIAN_POINT('',(297.039282947,851.15288449,0.237437052));
#7843=CARTESIAN_POINT('',(297.018885951,851.141044975,0.150597474));
#7844=CARTESIAN_POINT('',(296.943254186,851.097144236,0.000074243));
#7845=CARTESIAN_POINT('',(296.888111976,851.065136736,-0.063425202));
#7846=CARTESIAN_POINT('',(296.757623517,850.989394229,-0.150261331));
#7847=CARTESIAN_POINT('',(296.682436959,850.945751915,-0.173491747));
#7848=CARTESIAN_POINT('',(296.607158439,850.902056221,-0.173491044));
#7849=CARTESIAN_POINT('',(297.445941375,850.322494662,0.574042169));
#7850=CARTESIAN_POINT('',(297.483198703,850.344133811,0.498425807));
#7851=CARTESIAN_POINT('',(297.502960985,850.355611793,0.411404076));
#7852=CARTESIAN_POINT('',(297.502318571,850.355238672,0.237345979));
#7853=CARTESIAN_POINT('',(297.48191466,850.343388025,0.150522515));
#7854=CARTESIAN_POINT('',(297.406286422,850.299462944,0.000030917));
#7855=CARTESIAN_POINT('',(297.3511546,850.267442238,-0.063453141));
#7856=CARTESIAN_POINT('',(297.220697818,850.191672598,-0.150267579));
#7857=CARTESIAN_POINT('',(297.145532426,850.148016343,-0.17349177));
#7858=CARTESIAN_POINT('',(297.070275151,850.104306722,-0.173491044));
#7859=CARTESIAN_POINT('',(297.909332584,849.525166649,0.573796356));
#7860=CARTESIAN_POINT('',(297.94653153,849.546797872,0.498176059));
#7861=CARTESIAN_POINT('',(297.966244853,849.558261197,0.41116808));
#7862=CARTESIAN_POINT('',(297.965538886,849.557850709,0.237157401));
#7863=CARTESIAN_POINT('',(297.945120459,849.545977397,0.150367314));
#7864=CARTESIAN_POINT('',(297.869498735,849.502003348,-0.000058773));
#7865=CARTESIAN_POINT('',(297.814387836,849.46995634,-0.063510977));
#7866=CARTESIAN_POINT('',(297.683995236,849.394132987,-0.150280505));
#7867=CARTESIAN_POINT('',(297.608872854,849.350449287,-0.173491812));
#7868=CARTESIAN_POINT('',(297.53365875,849.30671225,-0.173491044));
#7869=CARTESIAN_POINT('',(299.001819216,847.648557563,0.572558211));
#7870=CARTESIAN_POINT('',(299.038772821,847.670065871,0.496918907));
#7871=CARTESIAN_POINT('',(299.058265788,847.681411486,0.409980733));
#7872=CARTESIAN_POINT('',(299.057240166,847.680814596,0.236209395));
#7873=CARTESIAN_POINT('',(299.036722823,847.668872818,0.149587404));
#7874=CARTESIAN_POINT('',(298.961036932,847.624821049,-0.00050906));
#7875=CARTESIAN_POINT('',(298.90596036,847.592764592,-0.063801131));
#7876=CARTESIAN_POINT('',(298.775722483,847.516961659,-0.150345092));
#7877=CARTESIAN_POINT('',(298.700719447,847.473307301,-0.17349181));
#7878=CARTESIAN_POINT('',(298.625625331,847.429599931,-0.173491043));
#7879=CARTESIAN_POINT('',(299.630845283,846.569227994,0.571543019));
#7880=CARTESIAN_POINT('',(299.667608105,846.590618333,0.495889146));
#7881=CARTESIAN_POINT('',(299.686926324,846.601858542,0.409009007));
#7882=CARTESIAN_POINT('',(299.685639799,846.601109837,0.235434896));
#7883=CARTESIAN_POINT('',(299.665036611,846.589121829,0.148950916));
#7884=CARTESIAN_POINT('',(299.589279081,846.545042282,-0.00087546));
#7885=CARTESIAN_POINT('',(299.534216393,846.513004072,-0.064036594));
#7886=CARTESIAN_POINT('',(299.404071081,846.437279091,-0.150396647));
#7887=CARTESIAN_POINT('',(299.32914591,846.393683932,-0.173491087));
#7888=CARTESIAN_POINT('',(299.254129993,846.350035974,-0.173491044));
#7889=CARTESIAN_POINT('',(301.515577915,843.32936903,0.568945125));
#7890=CARTESIAN_POINT('',(301.551876828,843.350419913,0.493255636));
#7891=CARTESIAN_POINT('',(301.570761439,843.361371531,0.406524404));
#7892=CARTESIAN_POINT('',(301.568808501,843.360238374,0.233454227));
#7893=CARTESIAN_POINT('',(301.547973291,843.348154958,0.147322289));
#7894=CARTESIAN_POINT('',(301.471984856,843.304085852,-0.001814946));
#7895=CARTESIAN_POINT('',(301.416922522,843.272152875,-0.064641863));
#7896=CARTESIAN_POINT('',(301.286930687,843.196765239,-0.150531298));
#7897=CARTESIAN_POINT('',(301.212156671,843.15340075,-0.173491086));
#7898=CARTESIAN_POINT('',(301.137293119,843.109984337,-0.173491044));
#7899=CARTESIAN_POINT('',(302.768924,841.167006673,0.567869963));
#7900=CARTESIAN_POINT('',(302.805062494,841.187861985,0.492165085));
#7901=CARTESIAN_POINT('',(302.82378303,841.198666607,0.405495108));
#7902=CARTESIAN_POINT('',(302.821548996,841.197381351,0.232633219));
#7903=CARTESIAN_POINT('',(302.8005971,841.185293012,0.146647075));
#7904=CARTESIAN_POINT('',(302.724441057,841.141350747,-0.002204579));
#7905=CARTESIAN_POINT('',(302.66932757,841.109549137,-0.064892908));
#7906=CARTESIAN_POINT('',(302.539278998,841.034507573,-0.150587165));
#7907=CARTESIAN_POINT('',(302.464498716,840.991356955,-0.173491091));
#7908=CARTESIAN_POINT('',(302.389629327,840.948154913,-0.173491044));
#7909=CARTESIAN_POINT('',(305.249367802,836.825798449,0.574173994));
#7910=CARTESIAN_POINT('',(305.286860167,836.847082796,0.498556908));
#7911=CARTESIAN_POINT('',(305.30675494,836.858378093,0.411526377));
#7912=CARTESIAN_POINT('',(305.306137411,836.85803137,0.237442206));
#7913=CARTESIAN_POINT('',(305.285625879,836.846389783,0.150601588));
#7914=CARTESIAN_POINT('',(305.209572176,836.803220922,0.000076876));
#7915=CARTESIAN_POINT('',(305.154123075,836.771746481,-0.06342303));
#7916=CARTESIAN_POINT('',(305.022909084,836.697264924,-0.150260141));
#7917=CARTESIAN_POINT('',(304.947304754,836.654348958,-0.173491091));
#7918=CARTESIAN_POINT('',(304.871607809,836.611380415,-0.173491044));
#7919=CARTESIAN_POINT('',(306.473050731,834.648782308,0.581687683));
#7920=CARTESIAN_POINT('',(306.511942753,834.671001804,0.506208312));
#7921=CARTESIAN_POINT('',(306.533140313,834.683114383,0.418766706));
#7922=CARTESIAN_POINT('',(306.534504102,834.683901223,0.243238488));
#7923=CARTESIAN_POINT('',(306.51466862,834.672574496,0.155373865));
#7924=CARTESIAN_POINT('',(306.439244036,834.629496794,0.002835252));
#7925=CARTESIAN_POINT('',(306.383750324,834.597800312,-0.06164583));
#7926=CARTESIAN_POINT('',(306.251973765,834.522531347,-0.149865295));
#7927=CARTESIAN_POINT('',(306.175857566,834.479054073,-0.173492113));
#7928=CARTESIAN_POINT('',(306.099645237,834.435521879,-0.173491046));
#7929=CARTESIAN_POINT('',(308.355765274,831.414013666,0.577147164));
#7930=CARTESIAN_POINT('',(308.393531965,831.436148891,0.501582261));
#7931=CARTESIAN_POINT('',(308.413791874,831.448023872,0.41438755));
#7932=CARTESIAN_POINT('',(308.413956123,831.448122139,0.239730534));
#7933=CARTESIAN_POINT('',(308.393860264,831.436345305,0.152484783));
#7934=CARTESIAN_POINT('',(308.318611661,831.392245225,0.00116417));
#7935=CARTESIAN_POINT('',(308.263552218,831.359976661,-0.062723074));
#7936=CARTESIAN_POINT('',(308.133081374,831.283511441,-0.150105382));
#7937=CARTESIAN_POINT('',(308.057831738,831.239409597,-0.173492104));
#7938=CARTESIAN_POINT('',(307.982488934,831.195253144,-0.173491043));
#7939=CARTESIAN_POINT('',(308.991338371,830.338595828,0.573238815));
#7940=CARTESIAN_POINT('',(309.02835476,830.360293898,0.497609274));
#7941=CARTESIAN_POINT('',(309.047930602,830.371768149,0.41063257));
#7942=CARTESIAN_POINT('',(309.047082179,830.371268632,0.236729989));
#7943=CARTESIAN_POINT('',(309.026658954,830.359295474,0.150016062));
#7944=CARTESIAN_POINT('',(308.951155535,830.31503347,-0.000260762));
#7945=CARTESIAN_POINT('',(308.896167368,830.28279857,-0.063640506));
#7946=CARTESIAN_POINT('',(308.76609814,830.206550504,-0.150308462));
#7947=CARTESIAN_POINT('',(308.691175609,830.162630264,-0.173491045));
#7948=CARTESIAN_POINT('',(308.61616165,830.118656433,-0.173491044));
#7949=CARTESIAN_POINT('',(309.935727832,828.717523073,0.570567396));
#7950=CARTESIAN_POINT('',(309.972348062,828.738731185,0.494899918));
#7951=CARTESIAN_POINT('',(309.991519952,828.749834173,0.408075583));
#7952=CARTESIAN_POINT('',(309.989981729,828.748942778,0.23469066));
#7953=CARTESIAN_POINT('',(309.969273472,828.73694947,0.148338942));
#7954=CARTESIAN_POINT('',(309.89336361,828.692986332,-0.001228475));
#7955=CARTESIAN_POINT('',(309.838253453,828.661069463,-0.064263997));
#7956=CARTESIAN_POINT('',(309.708053352,828.58566462,-0.150447192));
#7957=CARTESIAN_POINT('',(309.633120257,828.542267482,-0.173491045));
#7958=CARTESIAN_POINT('',(309.558096784,828.498818003,-0.173491044));
#7959=CARTESIAN_POINT('',(310.249025847,828.175853473,0.570227244));
#7960=CARTESIAN_POINT('',(310.285637445,828.196927793,0.494554868));
#7961=CARTESIAN_POINT('',(310.304779556,828.207946641,0.407749649));
#7962=CARTESIAN_POINT('',(310.303150781,828.207010132,0.234429975));
#7963=CARTESIAN_POINT('',(310.282381853,828.195055903,0.148124005));
#7964=CARTESIAN_POINT('',(310.206331768,828.151281869,-0.001353504));
#7965=CARTESIAN_POINT('',(310.151142091,828.119514721,-0.064345238));
#7966=CARTESIAN_POINT('',(310.020774534,828.044474994,-0.150466211));
#7967=CARTESIAN_POINT('',(309.945753472,828.00129268,-0.173491856));
#7968=CARTESIAN_POINT('',(309.870642248,827.958058466,-0.173491043));
#7969=CARTESIAN_POINT('',(310.714021266,827.359859154,0.571434179));
#7970=CARTESIAN_POINT('',(310.750977464,827.380865888,0.495778619));
#7971=CARTESIAN_POINT('',(310.770389239,827.391900051,0.408904374));
#7972=CARTESIAN_POINT('',(310.769066872,827.391148651,0.235350691));
#7973=CARTESIAN_POINT('',(310.74833433,827.379363998,0.148881126));
#7974=CARTESIAN_POINT('',(310.672127701,827.336046893,-0.000916703));
#7975=CARTESIAN_POINT('',(310.616745769,827.304566824,-0.064063821));
#7976=CARTESIAN_POINT('',(310.485852569,827.230164757,-0.150403603));
#7977=CARTESIAN_POINT('',(310.410499587,827.187332731,-0.173491858));
#7978=CARTESIAN_POINT('',(310.335055561,827.144448953,-0.173491044));
#7979=CARTESIAN_POINT('',(310.868193343,827.087277642,0.572123498));
#7980=CARTESIAN_POINT('',(310.905324411,827.108284038,0.496477424));
#7981=CARTESIAN_POINT('',(310.924878746,827.119346872,0.409563578));
#7982=CARTESIAN_POINT('',(310.923732393,827.118699183,0.235875912));
#7983=CARTESIAN_POINT('',(310.903033098,827.106989447,0.149312761));
#7984=CARTESIAN_POINT('',(310.826782699,827.063853288,-0.000668148));
#7985=CARTESIAN_POINT('',(310.77132408,827.032479187,-0.063903993));
#7986=CARTESIAN_POINT('',(310.640208969,826.958304433,-0.150368465));
#7987=CARTESIAN_POINT('',(310.564711508,826.91559375,-0.173492219));
#7988=CARTESIAN_POINT('',(310.489122637,826.872831353,-0.173491042));
#7989=CARTESIAN_POINT('',(311.174411004,826.540677437,0.57420337));
#7990=CARTESIAN_POINT('',(311.212039359,826.561738031,0.498589083));
#7991=CARTESIAN_POINT('',(311.232010058,826.572915862,0.411557896));
#7992=CARTESIAN_POINT('',(311.231402964,826.572576892,0.237468118));
#7993=CARTESIAN_POINT('',(311.210825914,826.561060506,0.150622615));
#7994=CARTESIAN_POINT('',(311.134517041,826.518351848,0.000088077));
#7995=CARTESIAN_POINT('',(311.078878621,826.487211852,-0.063416704));
#7996=CARTESIAN_POINT('',(310.947213751,826.413520799,-0.150260003));
#7997=CARTESIAN_POINT('',(310.871348461,826.371059942,-0.173492225));
#7998=CARTESIAN_POINT('',(310.795390472,826.328547202,-0.173491045));
#7999=CARTESIAN_POINT('',(311.325884199,826.267430882,0.575624072));
#8000=CARTESIAN_POINT('',(311.363795133,826.288631597,0.500032954));
#8001=CARTESIAN_POINT('',(311.384021002,826.299942399,0.412922491));
#8002=CARTESIAN_POINT('',(311.383786656,826.299811362,0.238558749));
#8003=CARTESIAN_POINT('',(311.363326732,826.288369685,0.151520224));
#8004=CARTESIAN_POINT('',(311.287099102,826.245741367,0.000606751));
#8005=CARTESIAN_POINT('',(311.231425282,826.214607228,-0.063082325));
#8006=CARTESIAN_POINT('',(311.099590802,826.140882215,-0.150185382));
#8007=CARTESIAN_POINT('',(311.023592515,826.098382143,-0.173492084));
#8008=CARTESIAN_POINT('',(310.947500752,826.055829798,-0.173491042));
#8009=CARTESIAN_POINT('',(311.477644066,825.994496722,0.576915216));
#8010=CARTESIAN_POINT('',(311.515807043,826.015836184,0.501346947));
#8011=CARTESIAN_POINT('',(311.536263078,826.027274514,0.414165431));
#8012=CARTESIAN_POINT('',(311.536369895,826.027334237,0.239553347));
#8013=CARTESIAN_POINT('',(311.516020545,826.015955557,0.152339064));
#8014=CARTESIAN_POINT('',(311.439879577,825.973380062,0.001080097));
#8015=CARTESIAN_POINT('',(311.384182271,825.942235984,-0.062777229));
#8016=CARTESIAN_POINT('',(311.252213523,825.868443459,-0.150117413));
#8017=CARTESIAN_POINT('',(311.176105546,825.825886416,-0.173492087));
#8018=CARTESIAN_POINT('',(311.099903424,825.78327673,-0.173491044));
#8019=B_SPLINE_SURFACE_WITH_KNOTS('',3,3,((#7839,#7840,#7841,#7842,#7843,#7844,#7845,#7846,#7847,#7848),(#7849,#7850,#7851,#7852,#7853,#7854,#7855,#7856,#7857,#7858),(#7859,#7860,#7861,#7862,#7863,#7864,#7865,#7866,#7867,#7868),(#7869,#7870,#7871,#7872,#7873,#7874,#7875,#7876,#7877,#7878),(#7879,#7880,#7881,#7882,#7883,#7884,#7885,#7886,#7887,#7888),(#7889,#7890,#7891,#7892,#7893,#7894,#7895,#7896,#7897,#7898),(#7899,#7900,#7901,#7902,#7903,#7904,#7905,#7906,#7907,#7908),(#7909,#7910,#7911,#7912,#7913,#7914,#7915,#7916,#7917,#7918),(#7919,#7920,#7921,#7922,#7923,#7924,#7925,#7926,#7927,#7928),(#7929,#7930,#7931,#7932,#7933,#7934,#7935,#7936,#7937,#7938),(#7939,#7940,#7941,#7942,#7943,#7944,#7945,#7946,#7947,#7948),(#7949,#7950,#7951,#7952,#7953,#7954,#7955,#7956,#7957,#7958),(#7959,#7960,#7961,#7962,#7963,#7964,#7965,#7966,#7967,#7968),(#7969,#7970,#7971,#7972,#7973,#7974,#7975,#7976,#7977,#7978),(#7979,#7980,#7981,#7982,#7983,#7984,#7985,#7986,#7987,#7988),(#7989,#7990,#7991,#7992,#7993,#7994,#7995,#7996,#7997,#7998),(#7999,#8000,#8001,#8002,#8003,#8004,#8005,#8006,#8007,#8008),(#8009,#8010,#8011,#8012,#8013,#8014,#8015,#8016,#8017,#8018)),.UNSPECIFIED.,.F.,.F.,.U.,(4,2,2,2,2,2,2,2,4),(4,2,2,2,4),(0.051136483,0.05390378,0.057651348,0.065146484,0.07264162,0.076389188,0.078262972,0.079199864,0.080136755),(-0.000064541,0.249951594,0.499967729,0.749983865,1.),.UNSPECIFIED.);
#8020=CARTESIAN_POINT('',(297.355384505,850.525756257,0.526508956));
#8021=VERTEX_POINT('',#8020);
#8022=CARTESIAN_POINT('',(297.334187869,850.513518374,0.573761704));
#8023=CARTESIAN_POINT('',(297.337975241,850.515705014,0.566089217));
#8024=CARTESIAN_POINT('',(297.342109884,850.518092151,0.558654768));
#8025=CARTESIAN_POINT('',(297.345543222,850.52007439,0.550754061));
#8026=CARTESIAN_POINT('',(297.349011122,850.522076583,0.542773822));
#8027=CARTESIAN_POINT('',(297.35229155,850.523970539,0.53469212));
#8028=CARTESIAN_POINT('',(297.355384505,850.525756257,0.526508956));
#8029=B_SPLINE_CURVE_WITH_KNOTS('',2,(#8022,#8023,#8024,#8025,#8026,#8027,#8028),.UNSPECIFIED.,.F.,.F.,(3,1,2,1,3),(0.,0.248540439,0.497235465,0.748617732,1.),.UNSPECIFIED.);
#8030=EDGE_CURVE('',#7711,#8021,#8029,.T.);
#8031=ORIENTED_EDGE('',*,*,#8030,.F.);
#8032=ORIENTED_EDGE('',*,*,#7723,.F.);
#8033=ORIENTED_EDGE('',*,*,#7795,.F.);
#8034=CARTESIAN_POINT('',(311.155130691,826.623308573,0.526511901));
#8035=CARTESIAN_POINT('',(311.16752191,826.630462806,0.493730901));
#8036=CARTESIAN_POINT('',(311.17156928,826.632006789,0.489137928));
#8037=CARTESIAN_POINT('',(311.175641395,826.632353644,0.468327679));
#8038=CARTESIAN_POINT('',(311.179713511,826.632700499,0.447517429));
#8039=CARTESIAN_POINT('',(311.185578503,826.630107309,0.408342847));
#8040=CARTESIAN_POINT('',(311.190405956,826.625212937,0.377753663));
#8041=CARTESIAN_POINT('',(311.200060862,826.615424193,0.316575295));
#8042=CARTESIAN_POINT('',(311.206735312,826.598578292,0.268425827));
#8043=CARTESIAN_POINT('',(311.208390028,826.573239603,0.221405298));
#8044=CARTESIAN_POINT('',(311.210044744,826.547900913,0.174384768));
#8045=CARTESIAN_POINT('',(311.21265599,826.509232623,0.120037975));
#8046=CARTESIAN_POINT('',(311.215306852,826.470892686,0.07857314));
#8047=CARTESIAN_POINT('',(311.217957713,826.432552749,0.037108304));
#8048=CARTESIAN_POINT('',(311.208842599,826.415702828,0.02664512));
#8049=CARTESIAN_POINT('',(311.200828916,826.360540736,-0.010027427));
#8050=CARTESIAN_POINT('',(311.196822075,826.332959691,-0.028363701));
#8051=CARTESIAN_POINT('',(311.196019287,826.32751566,-0.031187616));
#8052=CARTESIAN_POINT('',(311.193215671,826.310067149,-0.04108268));
#8053=CARTESIAN_POINT('',(311.190412055,826.292618639,-0.050977745));
#8054=CARTESIAN_POINT('',(311.187141323,826.272916827,-0.061364074));
#8055=CARTESIAN_POINT('',(311.183489455,826.250812791,-0.071875625));
#8056=CARTESIAN_POINT('',(311.176185719,826.206604719,-0.092898726));
#8057=CARTESIAN_POINT('',(311.167236592,826.151710628,-0.114804776));
#8058=CARTESIAN_POINT('',(311.157559181,826.088470212,-0.132650833));
#8059=CARTESIAN_POINT('',(311.138204358,825.961989378,-0.168342949));
#8060=CARTESIAN_POINT('',(311.123155695,825.859085167,-0.173491044));
#8061=CARTESIAN_POINT('',(311.107824269,825.787705821,-0.173491044));
#8062=B_SPLINE_CURVE_WITH_KNOTS('',3,(#8034,#8035,#8036,#8037,#8038,#8039,#8040,#8041,#8042,#8043,#8044,#8045,#8046,#8047,#8048,#8049,#8050,#8051,#8052,#8053,#8054,#8055,#8056,#8057,#8058,#8059,
#8060,#8061),.UNSPECIFIED.,.F.,.F.,(4,3,3,3,3,3,3,3,3,4),(0.,0.0625,0.125,0.25,0.375,0.5,0.5625,0.625,0.75,1.),.UNSPECIFIED.);
#8063=EDGE_CURVE('',#7782,#337,#8062,.T.);
#8064=ORIENTED_EDGE('',*,*,#8063,.T.);
#8065=ORIENTED_EDGE('',*,*,#341,.F.);
#8066=CARTESIAN_POINT('',(296.607601894,850.901822281,-0.173490914));
#8067=CARTESIAN_POINT('',(296.657808941,850.883821776,-0.173466152));
#8068=CARTESIAN_POINT('',(296.706009145,850.866542762,-0.17002618));
#8069=CARTESIAN_POINT('',(296.754367067,850.849085617,-0.163218937));
#8070=CARTESIAN_POINT('',(296.802724989,850.831628472,-0.156411695));
#8071=CARTESIAN_POINT('',(296.850490183,850.814270361,-0.14624483));
#8072=CARTESIAN_POINT('',(296.897562812,850.796895766,-0.132409788));
#8073=CARTESIAN_POINT('',(296.99170807,850.762146575,-0.104739703));
#8074=CARTESIAN_POINT('',(297.082875474,850.727517242,-0.062487372));
#8075=CARTESIAN_POINT('',(297.162472203,850.694122395,-0.003093849));
#8076=CARTESIAN_POINT('',(297.242068932,850.660727548,0.056299675));
#8077=CARTESIAN_POINT('',(297.310898083,850.628301302,0.13444417));
#8078=CARTESIAN_POINT('',(297.349245428,850.599702022,0.227429894));
#8079=CARTESIAN_POINT('',(297.3684191,850.585402382,0.273922755));
#8080=CARTESIAN_POINT('',(297.379862016,850.571865945,0.324777744));
#8081=CARTESIAN_POINT('',(297.381171574,850.559693008,0.375435999));
#8082=CARTESIAN_POINT('',(297.382481133,850.54752007,0.426094254));
#8083=CARTESIAN_POINT('',(297.373781884,850.536377989,0.477834907));
#8084=CARTESIAN_POINT('',(297.355384505,850.525756257,0.526508956));
#8085=B_SPLINE_CURVE_WITH_KNOTS('',3,(#8066,#8067,#8068,#8069,#8070,#8071,#8072,#8073,#8074,#8075,#8076,#8077,#8078,#8079,#8080,#8081,#8082,#8083,#8084),.UNSPECIFIED.,.F.,.F.,(4,3,3,3,3,3,4),(-0.000004733,0.00015071,0.000306152,0.000617038,0.000927923,0.001083366,0.001238808),.UNSPECIFIED.);
#8086=EDGE_CURVE('',#329,#8021,#8085,.T.);
#8087=ORIENTED_EDGE('',*,*,#8086,.T.);
#8088=EDGE_LOOP('',(#8031,#8032,#8033,#8064,#8065,#8087));
#8089=FACE_BOUND('',#8088,.T.);
#8090=ADVANCED_FACE('',(#8089),#8019,.T.);
#8091=CARTESIAN_POINT('',(235.487802835,814.806491326,-112.273491044));
#8092=DIRECTION('',(0.5,-0.866025404,0.));
#8093=DIRECTION('',(0.866025404,0.5,0.));
#8094=AXIS2_PLACEMENT_3D('',#8091,#8092,#8093);
#8095=PLANE('',#8094);
#8096=ORIENTED_EDGE('',*,*,#8030,.T.);
#8097=CARTESIAN_POINT('',(308.57079202,857.000974805,0.526508956));
#8098=VERTEX_POINT('',#8097);
#8099=CARTESIAN_POINT('',(297.355384505,850.525756257,0.526508956));
#8100=DIRECTION('',(0.866025404,0.5,0.));
#8101=VECTOR('',#8100,12.950437096);
#8102=LINE('',#8099,#8101);
#8103=EDGE_CURVE('',#8021,#8098,#8102,.T.);
#8104=ORIENTED_EDGE('',*,*,#8103,.T.);
#8105=CARTESIAN_POINT('',(308.57079202,857.000974805,9.126508956));
#8106=VERTEX_POINT('',#8105);
#8107=CARTESIAN_POINT('',(308.57079202,857.000974805,0.526508956));
#8108=DIRECTION('',(-0.,0.,1.));
#8109=VECTOR('',#8108,8.6);
#8110=LINE('',#8107,#8109);
#8111=EDGE_CURVE('',#8098,#8106,#8110,.T.);
#8112=ORIENTED_EDGE('',*,*,#8111,.T.);
#8113=CARTESIAN_POINT('',(308.57079202,857.000974805,9.126508956));
#8114=DIRECTION('',(-0.866025404,-0.5,-0.));
#8115=VECTOR('',#8114,2.100012141);
#8116=LINE('',#8113,#8115);
#8117=EDGE_CURVE('',#8106,#7177,#8116,.T.);
#8118=ORIENTED_EDGE('',*,*,#8117,.T.);
#8119=ORIENTED_EDGE('',*,*,#7198,.T.);
#8120=ORIENTED_EDGE('',*,*,#7166,.T.);
#8121=ORIENTED_EDGE('',*,*,#7230,.T.);
#8122=CARTESIAN_POINT('',(295.943918548,849.710846007,9.126508956));
#8123=VERTEX_POINT('',#8122);
#8124=CARTESIAN_POINT('',(300.863155412,852.550968735,9.126508956));
#8125=DIRECTION('',(-0.866025404,-0.5,-0.));
#8126=VECTOR('',#8125,5.680245455);
#8127=LINE('',#8124,#8126);
#8128=EDGE_CURVE('',#7218,#8123,#8127,.T.);
#8129=ORIENTED_EDGE('',*,*,#8128,.T.);
#8130=CARTESIAN_POINT('',(295.943918548,849.710846007,9.126508956));
#8131=CARTESIAN_POINT('',(296.012363572,849.75036276,9.050343157));
#8132=CARTESIAN_POINT('',(296.080808595,849.789879512,8.974177359));
#8133=CARTESIAN_POINT('',(296.286368362,849.908559499,8.621621419));
#8134=CARTESIAN_POINT('',(296.462853779,850.010453402,8.248644713));
#8135=CARTESIAN_POINT('',(296.489917951,850.026078909,8.143425875));
#8136=CARTESIAN_POINT('',(296.516982122,850.041704416,8.038207037));
#8137=CARTESIAN_POINT('',(296.544083271,850.057351271,7.93284444));
#8138=CARTESIAN_POINT('',(296.57118442,850.072998127,7.827481843));
#8139=CARTESIAN_POINT('',(296.599575496,850.089389723,7.403191074));
#8140=CARTESIAN_POINT('',(296.594064739,850.086208085,6.977643953));
#8141=CARTESIAN_POINT('',(296.572623443,850.073828947,6.870544923));
#8142=CARTESIAN_POINT('',(296.551182147,850.061449809,6.763445893));
#8143=B_SPLINE_CURVE_WITH_KNOTS('',2,(#8130,#8131,#8132,#8133,#8134,#8135,#8136,#8137,#8138,#8139,#8140,#8141,#8142),.UNSPECIFIED.,.F.,.F.,(3,1,1,1,1,2,1,1,1,1,3),(0.,0.063818036,0.167461797,0.332205249,0.43585039,0.499668707,0.563572535,0.667347981,0.832303937,0.936089292,1.),.UNSPECIFIED.);
#8144=EDGE_CURVE('',#8123,#7726,#8143,.T.);
#8145=ORIENTED_EDGE('',*,*,#8144,.T.);
#8146=ORIENTED_EDGE('',*,*,#7733,.T.);
#8147=EDGE_LOOP('',(#8096,#8104,#8112,#8118,#8119,#8120,#8121,#8129,#8145,#8146));
#8148=FACE_BOUND('',#8147,.T.);
#8149=ADVANCED_FACE('',(#8148),#8095,.T.);
#8150=CARTESIAN_POINT('',(235.137802835,815.412709108,9.126508956));
#8151=DIRECTION('',(-0.866025404,-0.5,-0.));
#8152=DIRECTION('',(-0.5,0.866025404,-0.));
#8153=AXIS2_PLACEMENT_3D('',#8150,#8151,#8152);
#8154=CYLINDRICAL_SURFACE('',#8153,0.7);
#8155=ORIENTED_EDGE('',*,*,#8117,.F.);
#8156=CARTESIAN_POINT('',(308.22079202,857.607192588,9.126508956));
#8157=DIRECTION('',(-0.866025404,-0.5,-0.));
#8158=DIRECTION('',(-0.5,0.866025404,-0.));
#8159=AXIS2_PLACEMENT_3D('',#8156,#8157,#8158);
#8160=CIRCLE('',#8159,0.7);
#8161=EDGE_CURVE('',#8106,#2803,#8160,.T.);
#8162=ORIENTED_EDGE('',*,*,#8161,.T.);
#8163=ORIENTED_EDGE('',*,*,#2934,.F.);
#8164=ORIENTED_EDGE('',*,*,#7276,.F.);
#8165=EDGE_LOOP('',(#8155,#8162,#8163,#8164));
#8166=FACE_BOUND('',#8165,.T.);
#8167=ADVANCED_FACE('',(#8166),#8154,.T.);
#8168=CARTESIAN_POINT('',(324.402128158,825.380271981,9.126508956));
#8169=DIRECTION('',(-0.5,0.866025404,-0.));
#8170=DIRECTION('',(0.,-0.,-1.));
#8171=AXIS2_PLACEMENT_3D('',#8168,#8169,#8170);
#8172=CYLINDRICAL_SURFACE('',#8171,0.7);
#8173=ORIENTED_EDGE('',*,*,#7283,.F.);
#8174=ORIENTED_EDGE('',*,*,#2928,.F.);
#8175=CARTESIAN_POINT('',(302.552128158,863.225582127,9.126508956));
#8176=DIRECTION('',(-0.965925826,0.258819045,-0.));
#8177=DIRECTION('',(-0.258819045,-0.965925826,0.));
#8178=AXIS2_PLACEMENT_3D('',#8175,#8176,#8177);
#8179=ELLIPSE('',#8178,0.989949494,0.7);
#8180=EDGE_CURVE('',#7250,#2915,#8179,.T.);
#8181=ORIENTED_EDGE('',*,*,#8180,.F.);
#8182=ORIENTED_EDGE('',*,*,#7255,.F.);
#8183=EDGE_LOOP('',(#8173,#8174,#8181,#8182));
#8184=FACE_BOUND('',#8183,.T.);
#8185=ADVANCED_FACE('',(#8184),#8172,.T.);
#8186=CARTESIAN_POINT('',(231.287802835,822.081104717,9.126508956));
#8187=DIRECTION('',(-0.866025404,-0.5,-0.));
#8188=DIRECTION('',(-0.5,0.866025404,-0.));
#8189=AXIS2_PLACEMENT_3D('',#8186,#8187,#8188);
#8190=CYLINDRICAL_SURFACE('',#8189,0.7);
#8191=ORIENTED_EDGE('',*,*,#8180,.T.);
#8192=ORIENTED_EDGE('',*,*,#2920,.F.);
#8193=CARTESIAN_POINT('',(296.663155412,859.825582127,9.126508956));
#8194=DIRECTION('',(-0.258819045,-0.965925826,0.));
#8195=DIRECTION('',(0.965925826,-0.258819045,0.));
#8196=AXIS2_PLACEMENT_3D('',#8193,#8194,#8195);
#8197=ELLIPSE('',#8196,0.989949494,0.7);
#8198=EDGE_CURVE('',#7296,#2907,#8197,.T.);
#8199=ORIENTED_EDGE('',*,*,#8198,.F.);
#8200=ORIENTED_EDGE('',*,*,#7301,.F.);
#8201=EDGE_LOOP('',(#8191,#8192,#8199,#8200));
#8202=FACE_BOUND('',#8201,.T.);
#8203=ADVANCED_FACE('',(#8202),#8190,.T.);
#8204=CARTESIAN_POINT('',(318.513155412,821.980271981,9.126508956));
#8205=DIRECTION('',(0.5,-0.866025404,0.));
#8206=DIRECTION('',(-0.,0.,1.));
#8207=AXIS2_PLACEMENT_3D('',#8204,#8205,#8206);
#8208=CYLINDRICAL_SURFACE('',#8207,0.7);
#8209=ORIENTED_EDGE('',*,*,#8198,.T.);
#8210=ORIENTED_EDGE('',*,*,#2912,.F.);
#8211=ORIENTED_EDGE('',*,*,#7347,.F.);
#8212=ORIENTED_EDGE('',*,*,#7329,.F.);
#8213=EDGE_LOOP('',(#8209,#8210,#8211,#8212));
#8214=FACE_BOUND('',#8213,.T.);
#8215=ADVANCED_FACE('',(#8214),#8208,.T.);
#8216=CARTESIAN_POINT('',(264.336628746,832.270659108,9.126508956));
#8217=DIRECTION('',(0.866025404,0.5,0.));
#8218=DIRECTION('',(0.5,-0.866025404,0.));
#8219=AXIS2_PLACEMENT_3D('',#8216,#8217,#8218);
#8220=CYLINDRICAL_SURFACE('',#8219,0.7);
#8221=CARTESIAN_POINT('',(295.943918548,849.710846007,9.126508956));
#8222=CARTESIAN_POINT('',(295.890428534,849.679963501,9.186032835));
#8223=CARTESIAN_POINT('',(295.830332555,849.654049285,9.242569199));
#8224=CARTESIAN_POINT('',(295.766464438,849.632061792,9.294666407));
#8225=CARTESIAN_POINT('',(295.702596322,849.610074299,9.346763614));
#8226=CARTESIAN_POINT('',(295.634446439,849.591767672,9.394977462));
#8227=CARTESIAN_POINT('',(295.562580312,849.576009038,9.439550296));
#8228=CARTESIAN_POINT('',(295.418848057,849.544491771,9.528695965));
#8229=CARTESIAN_POINT('',(295.265739976,849.52400052,9.600250387));
#8230=CARTESIAN_POINT('',(295.106061984,849.508516054,9.657352851));
#8231=CARTESIAN_POINT('',(294.946383992,849.493031588,9.714455316));
#8232=CARTESIAN_POINT('',(294.779302249,849.482838099,9.756900059));
#8233=CARTESIAN_POINT('',(294.611640552,849.475022222,9.784774075));
#8234=CARTESIAN_POINT('',(294.527809703,849.471114283,9.798711082));
#8235=CARTESIAN_POINT('',(294.443476503,849.467804463,9.809111786));
#8236=CARTESIAN_POINT('',(294.358667066,849.46476674,9.816061947));
#8237=CARTESIAN_POINT('',(294.273857629,849.461729016,9.823012109));
#8238=CARTESIAN_POINT('',(294.189363465,849.459006466,9.826508945));
#8239=CARTESIAN_POINT('',(294.102902628,849.456225347,9.826508956));
#8240=B_SPLINE_CURVE_WITH_KNOTS('',3,(#8221,#8222,#8223,#8224,#8225,#8226,#8227,#8228,#8229,#8230,#8231,#8232,#8233,#8234,#8235,#8236,#8237,#8238,#8239),.UNSPECIFIED.,.F.,.F.,(4,3,3,3,3,3,4),(-0.000010002,0.000245089,0.000500179,0.001010361,0.001520542,0.001775633,0.002030724),.UNSPECIFIED.);
#8241=EDGE_CURVE('',#8123,#2892,#8240,.T.);
#8242=ORIENTED_EDGE('',*,*,#8241,.F.);
#8243=ORIENTED_EDGE('',*,*,#8128,.F.);
#8244=ORIENTED_EDGE('',*,*,#7354,.F.);
#8245=ORIENTED_EDGE('',*,*,#2904,.F.);
#8246=EDGE_LOOP('',(#8242,#8243,#8244,#8245));
#8247=FACE_BOUND('',#8246,.T.);
#8248=ADVANCED_FACE('',(#8247),#8220,.T.);
#8249=CARTESIAN_POINT('',(294.09160871,849.450031902,9.826475774));
#8250=CARTESIAN_POINT('',(294.256752891,849.540594952,9.827446196));
#8251=CARTESIAN_POINT('',(294.42198647,849.631207028,9.807041585));
#8252=CARTESIAN_POINT('',(294.744255771,849.807935574,9.724516727));
#8253=CARTESIAN_POINT('',(294.901277509,849.894044376,9.662400061));
#8254=CARTESIAN_POINT('',(295.199134811,850.05738568,9.499607312));
#8255=CARTESIAN_POINT('',(295.339957451,850.134611095,9.398938292));
#8256=CARTESIAN_POINT('',(295.598251586,850.276256442,9.164158462));
#8257=CARTESIAN_POINT('',(295.715711875,850.340670228,9.030057839));
#8258=CARTESIAN_POINT('',(295.921304143,850.453414516,8.735233521));
#8259=CARTESIAN_POINT('',(296.009427203,850.501740125,8.574522619));
#8260=CARTESIAN_POINT('',(296.151859701,850.579848366,8.234650703));
#8261=CARTESIAN_POINT('',(296.206162959,850.609627609,8.055504436));
#8262=CARTESIAN_POINT('',(296.278190544,850.649126657,7.687873254));
#8263=CARTESIAN_POINT('',(296.295911745,850.658844747,7.499404291));
#8264=CARTESIAN_POINT('',(296.293870575,850.657725395,7.122714215));
#8265=CARTESIAN_POINT('',(296.274108292,850.646888001,6.934509445));
#8266=CARTESIAN_POINT('',(296.236105244,850.626047593,6.751215544));
#8267=CARTESIAN_POINT('',(294.123503606,849.391879286,9.826475795));
#8268=CARTESIAN_POINT('',(294.288546103,849.482501089,9.827445592));
#8269=CARTESIAN_POINT('',(294.45367789,849.573171921,9.807054239));
#8270=CARTESIAN_POINT('',(294.775753926,849.750017954,9.724582327));
#8271=CARTESIAN_POINT('',(294.932684219,849.836185493,9.662505341));
#8272=CARTESIAN_POINT('',(295.230378749,849.999644078,9.499814335));
#8273=CARTESIAN_POINT('',(295.371130086,850.076928042,9.399207365));
#8274=CARTESIAN_POINT('',(295.629309979,850.218689848,9.164567568));
#8275=CARTESIAN_POINT('',(295.746727348,850.283161549,9.03054491));
#8276=CARTESIAN_POINT('',(295.952268177,850.396020191,8.735884101));
#8277=CARTESIAN_POINT('',(296.040382731,850.444402243,8.57525872));
#8278=CARTESIAN_POINT('',(296.182835943,850.522620611,8.235555813));
#8279=CARTESIAN_POINT('',(296.237168429,850.552453537,8.056493007));
#8280=CARTESIAN_POINT('',(296.309292496,850.59205544,7.689016603));
#8281=CARTESIAN_POINT('',(296.327080951,850.6018227,7.500618929));
#8282=CARTESIAN_POINT('',(296.325209481,850.600794993,7.124049482));
#8283=CARTESIAN_POINT('',(296.305549637,850.590000071,6.935894027));
#8284=CARTESIAN_POINT('',(296.267663698,850.569197533,6.75263413));
#8285=CARTESIAN_POINT('',(294.155444589,849.333752145,9.826475814));
#8286=CARTESIAN_POINT('',(294.320388336,849.424432283,9.827445028));
#8287=CARTESIAN_POINT('',(294.485421271,849.515161454,9.807066408));
#8288=CARTESIAN_POINT('',(294.807309555,849.692124049,9.724645316));
#8289=CARTESIAN_POINT('',(294.964150974,849.778349816,9.66260641));
#8290=CARTESIAN_POINT('',(295.261687159,849.941924494,9.500013039));
#8291=CARTESIAN_POINT('',(295.402369047,850.019266325,9.399465609));
#8292=CARTESIAN_POINT('',(295.660437401,850.161142995,9.164960189));
#8293=CARTESIAN_POINT('',(295.777812697,850.225671692,9.031012347));
#8294=CARTESIAN_POINT('',(295.983302572,850.338642586,8.736508458));
#8295=CARTESIAN_POINT('',(296.071408257,850.387079894,8.575965155));
#8296=CARTESIAN_POINT('',(296.213880149,850.465405748,8.236424478));
#8297=CARTESIAN_POINT('',(296.268240189,850.495290903,8.057441798));
#8298=CARTESIAN_POINT('',(296.340456095,850.534992524,7.690114019));
#8299=CARTESIAN_POINT('',(296.358308835,850.54480727,7.501784819));
#8300=CARTESIAN_POINT('',(296.356599966,850.543867691,7.125331294));
#8301=CARTESIAN_POINT('',(296.337038432,850.533113407,6.937223263));
#8302=CARTESIAN_POINT('',(296.299265016,850.512346884,6.753996114));
#8303=CARTESIAN_POINT('',(294.325729469,849.024430599,9.826475919));
#8304=CARTESIAN_POINT('',(294.490162531,849.115419202,9.827442058));
#8305=CARTESIAN_POINT('',(294.654684244,849.206456859,9.80712837));
#8306=CARTESIAN_POINT('',(294.97560117,849.384035336,9.72496662));
#8307=CARTESIAN_POINT('',(295.131982583,849.470568519,9.663122091));
#8308=CARTESIAN_POINT('',(295.428698366,849.634755179,9.501027166));
#8309=CARTESIAN_POINT('',(295.569019977,849.712401594,9.40078374));
#8310=CARTESIAN_POINT('',(295.826508264,849.854881543,9.166964485));
#8311=CARTESIAN_POINT('',(295.943663868,849.919708948,9.033398712));
#8312=CARTESIAN_POINT('',(296.14888486,850.033266574,8.739696255));
#8313=CARTESIAN_POINT('',(296.236941424,850.081991912,8.579572202));
#8314=CARTESIAN_POINT('',(296.379502239,850.160876309,8.240860296));
#8315=CARTESIAN_POINT('',(296.434000359,850.191031975,8.062287008));
#8316=CARTESIAN_POINT('',(296.506681345,850.231248177,7.695718796));
#8317=CARTESIAN_POINT('',(296.524861084,850.241306983,7.507739634));
#8318=CARTESIAN_POINT('',(296.523981443,850.240818285,7.131878979));
#8319=CARTESIAN_POINT('',(296.504922099,850.230270802,6.944013648));
#8320=CARTESIAN_POINT('',(296.467724194,850.209686354,6.760954337));
#8321=CARTESIAN_POINT('',(294.464863844,848.773673116,9.82647599));
#8322=CARTESIAN_POINT('',(294.628935036,848.864905031,9.827440085));
#8323=CARTESIAN_POINT('',(294.793094511,848.956186036,9.807169406));
#8324=CARTESIAN_POINT('',(295.113321819,849.134248647,9.725179473));
#8325=CARTESIAN_POINT('',(295.26937594,849.221022628,9.66346373));
#8326=CARTESIAN_POINT('',(295.565505148,849.385685371,9.501699123));
#8327=CARTESIAN_POINT('',(295.705567555,849.46356708,9.401657186));
#8328=CARTESIAN_POINT('',(295.96263346,849.606508483,9.168292853));
#8329=CARTESIAN_POINT('',(296.079625949,849.671562055,9.034980449));
#8330=CARTESIAN_POINT('',(296.284637444,849.785558364,8.741809707));
#8331=CARTESIAN_POINT('',(296.372647671,849.834496218,8.581963923));
#8332=CARTESIAN_POINT('',(296.51524427,849.913786456,8.243802475));
#8333=CARTESIAN_POINT('',(296.569824535,849.944135443,8.065501292));
#8334=CARTESIAN_POINT('',(296.642799945,849.984712551,7.699438498));
#8335=CARTESIAN_POINT('',(296.661191964,849.994938933,7.511692564));
#8336=CARTESIAN_POINT('',(296.660858264,849.99475227,7.136227817));
#8337=CARTESIAN_POINT('',(296.64213256,849.984339232,6.948525084));
#8338=CARTESIAN_POINT('',(296.605319568,849.963868722,6.765579004));
#8339=CARTESIAN_POINT('',(295.164145192,847.52188068,9.82647627));
#8340=CARTESIAN_POINT('',(295.326636312,847.614299821,9.827432151));
#8341=CARTESIAN_POINT('',(295.489214171,847.7067683,9.807334954));
#8342=CARTESIAN_POINT('',(295.806424477,847.887185635,9.726038033));
#8343=CARTESIAN_POINT('',(295.961043573,847.975126894,9.664841732));
#8344=CARTESIAN_POINT('',(296.254588191,848.142082393,9.504409516));
#8345=CARTESIAN_POINT('',(296.393501356,848.221089604,9.405180356));
#8346=CARTESIAN_POINT('',(296.648672237,848.366216933,9.173651321));
#8347=CARTESIAN_POINT('',(296.76491921,848.432330941,9.041361193));
#8348=CARTESIAN_POINT('',(296.968930923,848.548357546,8.750336154));
#8349=CARTESIAN_POINT('',(297.056687076,848.598265259,8.591613493));
#8350=CARTESIAN_POINT('',(297.1993174,848.679376792,8.255674369));
#8351=CARTESIAN_POINT('',(297.254185568,848.710577198,8.078472046));
#8352=CARTESIAN_POINT('',(297.32828766,848.752708871,7.714451262));
#8353=CARTESIAN_POINT('',(297.347518464,848.763638364,7.527648123));
#8354=CARTESIAN_POINT('',(297.34937895,848.764678642,7.153785254));
#8355=CARTESIAN_POINT('',(297.332008554,848.754789382,6.966741261));
#8356=CARTESIAN_POINT('',(297.296771081,848.734737592,6.784255213));
#8357=CARTESIAN_POINT('',(295.735022628,846.526795997,9.826476289));
#8358=CARTESIAN_POINT('',(295.896974276,846.620092083,9.827431758));
#8359=CARTESIAN_POINT('',(296.059012342,846.713437952,9.807340305));
#8360=CARTESIAN_POINT('',(296.375171275,846.895568881,9.726066651));
#8361=CARTESIAN_POINT('',(296.529278839,846.984346278,9.664887869));
#8362=CARTESIAN_POINT('',(296.821856068,847.152892649,9.504500835));
#8363=CARTESIAN_POINT('',(296.960313423,847.232654532,9.405299331));
#8364=CARTESIAN_POINT('',(297.214652881,847.379173508,9.173833126));
#8365=CARTESIAN_POINT('',(297.330524282,847.445924436,9.041578163));
#8366=CARTESIAN_POINT('',(297.533885335,847.56307657,8.75062754));
#8367=CARTESIAN_POINT('',(297.621366431,847.613472847,8.591944121));
#8368=CARTESIAN_POINT('',(297.763562096,847.695389733,8.256083571));
#8369=CARTESIAN_POINT('',(297.818270683,847.726906895,8.07892057));
#8370=CARTESIAN_POINT('',(297.892177921,847.769485126,7.714974245));
#8371=CARTESIAN_POINT('',(297.911373462,847.780544403,7.528206233));
#8372=CARTESIAN_POINT('',(297.913289992,847.78165112,7.15440519));
#8373=CARTESIAN_POINT('',(297.8960109,847.771698513,6.967387885));
#8374=CARTESIAN_POINT('',(297.860925781,847.751488379,6.784922362));
#8375=CARTESIAN_POINT('',(296.311265357,845.534960432,9.82647622));
#8376=CARTESIAN_POINT('',(296.473042195,845.628953099,9.827433723));
#8377=CARTESIAN_POINT('',(296.634905528,845.72299602,9.807299299));
#8378=CARTESIAN_POINT('',(296.95070681,845.906477197,9.725853967));
#8379=CARTESIAN_POINT('',(297.104631415,845.995907701,9.664546499));
#8380=CARTESIAN_POINT('',(297.396827371,846.165674136,9.503829309));
#8381=CARTESIAN_POINT('',(297.535086375,846.246002895,9.404426376));
#8382=CARTESIAN_POINT('',(297.789009037,846.39353247,9.172505181));
#8383=CARTESIAN_POINT('',(297.904661966,846.460727053,9.039996718));
#8384=CARTESIAN_POINT('',(298.107564651,846.57861392,8.748513749));
#8385=CARTESIAN_POINT('',(298.194805835,846.629301222,8.589551559));
#8386=CARTESIAN_POINT('',(298.336503017,846.711627569,8.253138991));
#8387=CARTESIAN_POINT('',(298.390953028,846.743263134,8.075702828));
#8388=CARTESIAN_POINT('',(298.464331638,846.785896254,7.711248262));
#8389=CARTESIAN_POINT('',(298.483257137,846.796892007,7.524245258));
#8390=CARTESIAN_POINT('',(298.484633638,846.797691756,7.150043975));
#8391=CARTESIAN_POINT('',(298.467084582,846.787495719,6.962861507));
#8392=CARTESIAN_POINT('',(298.431737228,846.766958836,6.780279787));
#8393=B_SPLINE_SURFACE_WITH_KNOTS('',3,3,((#8249,#8250,#8251,#8252,#8253,#8254,#8255,#8256,#8257,#8258,#8259,#8260,#8261,#8262,#8263,#8264,#8265,#8266),(#8267,#8268,#8269,#8270,#8271,#8272,#8273,#8274,#8275,#8276,#8277,#8278,#8279,#8280,#8281,#8282,#8283,#8284),(#8285,#8286,#8287,#8288,#8289,#8290,#8291,#8292,#8293,#8294,#8295,#8296,#8297,#8298,#8299,#8300,#8301,#8302),(#8303,#8304,#8305,#8306,#8307,#8308,#8309,#8310,#8311,#8312,#8313,#8314,#8315,#8316,#8317,#8318,#8319,#8320),(#8321,#8322,#8323,#8324,#8325,#8326,#8327,#8328,#8329,#8330,#8331,#8332,#8333,#8334,#8335,#8336,#8337,#8338),(#8339,#8340,#8341,#8342,#8343,#8344,#8345,#8346,#8347,#8348,#8349,#8350,#8351,#8352,#8353,#8354,#8355,#8356),(#8357,#8358,#8359,#8360,#8361,#8362,#8363,#8364,#8365,#8366,#8367,#8368,#8369,#8370,#8371,#8372,#8373,#8374),(#8375,#8376,#8377,#8378,#8379,#8380,#8381,#8382,#8383,#8384,#8385,#8386,#8387,#8388,#8389,#8390,#8391,#8392)),.UNSPECIFIED.,.F.,.F.,.U.,(4,2,2,4),(4,2,2,2,2,2,2,2,4),(0.050554801,0.050753757,0.05161399,0.055054923),(-0.002857327,0.122502225,0.247861776,0.373221327,0.498580879,0.62394043,0.749299981,0.874659533,1.000019084),.UNSPECIFIED.);
#8394=CARTESIAN_POINT('',(296.322296766,845.541440727,7.326508956));
#8395=DIRECTION('',(-0.502366077,0.864655032,-0.));
#8396=DIRECTION('',(0.864655032,0.502366077,-0.));
#8397=AXIS2_PLACEMENT_3D('',#8394,#8395,#8396);
#8398=CIRCLE('',#8397,2.5);
#8399=EDGE_CURVE('',#2884,#7736,#8398,.T.);
#8400=ORIENTED_EDGE('',*,*,#8399,.T.);
#8401=ORIENTED_EDGE('',*,*,#7742,.F.);
#8402=ORIENTED_EDGE('',*,*,#8144,.F.);
#8403=ORIENTED_EDGE('',*,*,#8241,.T.);
#8404=ORIENTED_EDGE('',*,*,#2896,.F.);
#8405=EDGE_LOOP('',(#8400,#8401,#8402,#8403,#8404));
#8406=FACE_BOUND('',#8405,.T.);
#8407=ADVANCED_FACE('',(#8406),#8393,.T.);
#8408=CARTESIAN_POINT('',(316.077009803,845.399824233,9.826508956));
#8409=DIRECTION('',(-0.866025404,-0.5,-0.));
#8410=DIRECTION('',(-0.5,0.866025404,-0.));
#8411=AXIS2_PLACEMENT_3D('',#8408,#8409,#8410);
#8412=PLANE('',#8411);
#8413=CARTESIAN_POINT('',(304.177009803,866.011228843,9.126508956));
#8414=VERTEX_POINT('',#8413);
#8415=CARTESIAN_POINT('',(308.827009803,857.957192588,9.126508956));
#8416=VERTEX_POINT('',#8415);
#8417=CARTESIAN_POINT('',(304.177009803,866.011228843,9.126508956));
#8418=DIRECTION('',(0.5,-0.866025404,0.));
#8419=VECTOR('',#8418,9.3);
#8420=LINE('',#8417,#8419);
#8421=EDGE_CURVE('',#8414,#8416,#8420,.T.);
#8422=ORIENTED_EDGE('',*,*,#8421,.T.);
#8423=CARTESIAN_POINT('',(308.827009803,857.957192588,0.526508956));
#8424=VERTEX_POINT('',#8423);
#8425=CARTESIAN_POINT('',(308.827009803,857.957192588,9.126508956));
#8426=DIRECTION('',(0.,-0.,-1.));
#8427=VECTOR('',#8426,8.6);
#8428=LINE('',#8425,#8427);
#8429=EDGE_CURVE('',#8416,#8424,#8428,.T.);
#8430=ORIENTED_EDGE('',*,*,#8429,.T.);
#8431=CARTESIAN_POINT('',(304.177009803,866.011228843,0.526508956));
#8432=VERTEX_POINT('',#8431);
#8433=CARTESIAN_POINT('',(308.827009803,857.957192588,0.526508956));
#8434=DIRECTION('',(-0.5,0.866025404,-0.));
#8435=VECTOR('',#8434,9.3);
#8436=LINE('',#8433,#8435);
#8437=EDGE_CURVE('',#8424,#8432,#8436,.T.);
#8438=ORIENTED_EDGE('',*,*,#8437,.T.);
#8439=CARTESIAN_POINT('',(304.177009803,866.011228843,0.526508956));
#8440=DIRECTION('',(-0.,0.,1.));
#8441=VECTOR('',#8440,8.6);
#8442=LINE('',#8439,#8441);
#8443=EDGE_CURVE('',#8432,#8414,#8442,.T.);
#8444=ORIENTED_EDGE('',*,*,#8443,.T.);
#8445=EDGE_LOOP('',(#8422,#8430,#8438,#8444));
#8446=FACE_BOUND('',#8445,.T.);
#8447=ADVANCED_FACE('',(#8446),#8412,.F.);
#8448=OVER_RIDING_STYLED_ITEM('',(#105),#8447,#54);
#8449=CARTESIAN_POINT('',(307.882597918,830.299661245,3.248244896));
#8450=CARTESIAN_POINT('',(307.87035355,830.292458228,3.328687958));
#8451=CARTESIAN_POINT('',(307.845852875,830.278045076,3.406599278));
#8452=CARTESIAN_POINT('',(307.775287571,830.236533132,3.547981571));
#8453=CARTESIAN_POINT('',(307.729240507,830.209444673,3.611417351));
#8454=CARTESIAN_POINT('',(307.621159408,830.145862938,3.716143474));
#8455=CARTESIAN_POINT('',(307.559152276,830.109385487,3.757407749));
#8456=CARTESIAN_POINT('',(307.426667557,830.031447584,3.812772431));
#8457=CARTESIAN_POINT('',(307.356222948,829.990006531,3.826859056));
#8458=CARTESIAN_POINT('',(307.285815186,829.948587153,3.82650228));
#8459=CARTESIAN_POINT('',(307.725250487,830.567640936,3.24678645));
#8460=CARTESIAN_POINT('',(307.713136221,830.560509748,3.327381683));
#8461=CARTESIAN_POINT('',(307.688725531,830.54614015,3.405467382));
#8462=CARTESIAN_POINT('',(307.618257934,830.504658696,3.547193942));
#8463=CARTESIAN_POINT('',(307.572218674,830.477557227,3.610799313));
#8464=CARTESIAN_POINT('',(307.464086656,830.413904239,3.715816394));
#8465=CARTESIAN_POINT('',(307.402020977,830.377368659,3.757201807));
#8466=CARTESIAN_POINT('',(307.269382262,830.299289559,3.81273072));
#8467=CARTESIAN_POINT('',(307.198842443,830.25776559,3.826860315));
#8468=CARTESIAN_POINT('',(307.128339612,830.216263394,3.826502252));
#8469=CARTESIAN_POINT('',(307.567880256,830.835383638,3.245345634));
#8470=CARTESIAN_POINT('',(307.555893036,830.828327249,3.326090765));
#8471=CARTESIAN_POINT('',(307.531567771,830.814007883,3.40434852));
#8472=CARTESIAN_POINT('',(307.461186119,830.772576793,3.546415037));
#8473=CARTESIAN_POINT('',(307.415147461,830.745475506,3.610188011));
#8474=CARTESIAN_POINT('',(307.306948161,830.681782474,3.715492749));
#8475=CARTESIAN_POINT('',(307.244814776,830.645206774,3.756997985));
#8476=CARTESIAN_POINT('',(307.112002702,830.567025047,3.812689387));
#8477=CARTESIAN_POINT('',(307.041357472,830.525438715,3.826861524));
#8478=CARTESIAN_POINT('',(306.97074937,830.483874237,3.826502226));
#8479=CARTESIAN_POINT('',(306.999627178,831.802897327,3.240667543));
#8480=CARTESIAN_POINT('',(306.988048125,831.796097091,3.321897126));
#8481=CARTESIAN_POINT('',(306.963988468,831.781966724,3.400712298));
#8482=CARTESIAN_POINT('',(306.893848618,831.740772823,3.543881549));
#8483=CARTESIAN_POINT('',(306.847786438,831.713719869,3.608198865));
#8484=CARTESIAN_POINT('',(306.739307165,831.65000833,3.714438499));
#8485=CARTESIAN_POINT('',(306.676917928,831.613366107,3.756333536));
#8486=CARTESIAN_POINT('',(306.543465167,831.534987037,3.812553972));
#8487=CARTESIAN_POINT('',(306.472435911,831.493270318,3.826864936));
#8488=CARTESIAN_POINT('',(306.401444178,831.451575635,3.826502161));
#8489=CARTESIAN_POINT('',(306.590632171,832.501943997,3.238699491));
#8490=CARTESIAN_POINT('',(306.579209048,832.49528526,3.320131214));
#8491=CARTESIAN_POINT('',(306.555223978,832.481303999,3.399180368));
#8492=CARTESIAN_POINT('',(306.485073075,832.440412019,3.542813685));
#8493=CARTESIAN_POINT('',(306.438925403,832.413511886,3.607360663));
#8494=CARTESIAN_POINT('',(306.330148246,832.350104157,3.713994914));
#8495=CARTESIAN_POINT('',(306.267546923,832.313612977,3.75605458));
#8496=CARTESIAN_POINT('',(306.133600386,832.235533688,3.812497996));
#8497=CARTESIAN_POINT('',(306.062289851,832.193965794,3.826867133));
#8498=CARTESIAN_POINT('',(305.991017188,832.152419974,3.826502104));
#8499=CARTESIAN_POINT('',(305.370155132,834.605671151,3.239202093));
#8500=CARTESIAN_POINT('',(305.358644877,834.599058204,3.320582171));
#8501=CARTESIAN_POINT('',(305.334541368,834.585210345,3.399571625));
#8502=CARTESIAN_POINT('',(305.264102511,834.544742303,3.54308658));
#8503=CARTESIAN_POINT('',(305.217785363,834.518132574,3.607575001));
#8504=CARTESIAN_POINT('',(305.1086333,834.455423568,3.714108592));
#8505=CARTESIAN_POINT('',(305.045826587,834.419340492,3.756126237));
#8506=CARTESIAN_POINT('',(304.911450801,834.342140321,3.812512607));
#8507=CARTESIAN_POINT('',(304.839916447,834.301043171,3.826866764));
#8508=CARTESIAN_POINT('',(304.768420062,834.259967836,3.826502111));
#8509=CARTESIAN_POINT('',(304.563526022,836.01410903,3.246457348));
#8510=CARTESIAN_POINT('',(304.551349975,836.007143876,3.327088395));
#8511=CARTESIAN_POINT('',(304.526779454,835.993088195,3.405213723));
#8512=CARTESIAN_POINT('',(304.455817699,835.95249379,3.547017407));
#8513=CARTESIAN_POINT('',(304.409444255,835.925965245,3.61066022));
#8514=CARTESIAN_POINT('',(304.300513494,835.863649783,3.715741514));
#8515=CARTESIAN_POINT('',(304.237983483,835.827878489,3.757153657));
#8516=CARTESIAN_POINT('',(304.104346575,835.751429283,3.812719566));
#8517=CARTESIAN_POINT('',(304.033273177,835.710770536,3.826859404));
#8518=CARTESIAN_POINT('',(303.962236878,835.670133013,3.826502292));
#8519=CARTESIAN_POINT('',(303.351067384,838.128086129,3.254929809));
#8520=CARTESIAN_POINT('',(303.338154138,838.120686649,3.334673016));
#8521=CARTESIAN_POINT('',(303.313097545,838.106328753,3.41178395));
#8522=CARTESIAN_POINT('',(303.24167227,838.065400637,3.551587588));
#8523=CARTESIAN_POINT('',(303.195320877,838.038840325,3.614246454));
#8524=CARTESIAN_POINT('',(303.086842998,837.976680201,3.717640206));
#8525=CARTESIAN_POINT('',(303.024742769,837.941095435,3.758350067));
#8526=CARTESIAN_POINT('',(302.892191617,837.865140759,3.812963211));
#8527=CARTESIAN_POINT('',(302.821772777,837.824789233,3.826853275));
#8528=CARTESIAN_POINT('',(302.751390345,837.78445857,3.826502408));
#8529=CARTESIAN_POINT('',(302.946303169,838.832941917,3.257142045));
#8530=CARTESIAN_POINT('',(302.933205638,838.825420586,3.336651685));
#8531=CARTESIAN_POINT('',(302.908035358,838.810966297,3.413496968));
#8532=CARTESIAN_POINT('',(302.836523727,838.769899904,3.552777956));
#8533=CARTESIAN_POINT('',(302.790199527,838.74329765,3.615180258));
#8534=CARTESIAN_POINT('',(302.681888546,838.681098658,3.718134359));
#8535=CARTESIAN_POINT('',(302.619927741,838.645516838,3.758661466));
#8536=CARTESIAN_POINT('',(302.487717471,838.569593303,3.813026685));
#8537=CARTESIAN_POINT('',(302.417499714,838.529269798,3.826851757));
#8538=CARTESIAN_POINT('',(302.34731818,838.488967094,3.826502436));
#8539=CARTESIAN_POINT('',(302.135692053,840.241514992,3.25973265));
#8540=CARTESIAN_POINT('',(302.122380554,840.233849104,3.338968332));
#8541=CARTESIAN_POINT('',(302.097079798,840.219278676,3.415502292));
#8542=CARTESIAN_POINT('',(302.025473637,840.178041359,3.554171044));
#8543=CARTESIAN_POINT('',(301.979185218,840.151384253,3.61627294));
#8544=CARTESIAN_POINT('',(301.871078424,840.089126423,3.718712384));
#8545=CARTESIAN_POINT('',(301.809285695,840.053540469,3.759025629));
#8546=CARTESIAN_POINT('',(301.677484642,839.977637241,3.813100798));
#8547=CARTESIAN_POINT('',(301.607507585,839.937337976,3.826849892));
#8548=CARTESIAN_POINT('',(301.537566519,839.897059436,3.826502471));
#8549=CARTESIAN_POINT('',(301.7299062,840.945432976,3.260258434));
#8550=CARTESIAN_POINT('',(301.716553589,840.93773447,3.33943851));
#8551=CARTESIAN_POINT('',(301.691230275,840.923134201,3.415909399));
#8552=CARTESIAN_POINT('',(301.619615511,840.88184439,3.554454167));
#8553=CARTESIAN_POINT('',(301.573341014,840.855164622,3.616495252));
#8554=CARTESIAN_POINT('',(301.465290991,840.792867899,3.718830426));
#8555=CARTESIAN_POINT('',(301.403541043,840.75726569,3.759100291));
#8556=CARTESIAN_POINT('',(301.271841482,840.681333719,3.813116397));
#8557=CARTESIAN_POINT('',(301.201923045,840.641021932,3.82684985));
#8558=CARTESIAN_POINT('',(301.132040599,840.600730895,3.826502465));
#8559=CARTESIAN_POINT('',(300.51168954,843.056429321,3.260353828));
#8560=CARTESIAN_POINT('',(300.498337713,843.04871057,3.339523789));
#8561=CARTESIAN_POINT('',(300.473025971,843.034077732,3.415983202));
#8562=CARTESIAN_POINT('',(300.401453984,842.99270162,3.554505419));
#8563=CARTESIAN_POINT('',(300.355210675,842.965968136,3.616535446));
#8564=CARTESIAN_POINT('',(300.247237889,842.903548535,3.718851683));
#8565=CARTESIAN_POINT('',(300.18553396,842.867877187,3.759113683));
#8566=CARTESIAN_POINT('',(300.053934406,842.791798831,3.813119122));
#8567=CARTESIAN_POINT('',(299.984069921,842.751409824,3.826849782));
#8568=CARTESIAN_POINT('',(299.914241394,842.711041604,3.826502467));
#8569=CARTESIAN_POINT('',(299.6983996,844.462753938,3.258462874));
#8570=CARTESIAN_POINT('',(299.685212457,844.455124428,3.337833068));
#8571=CARTESIAN_POINT('',(299.66001317,844.440545194,3.414519738));
#8572=CARTESIAN_POINT('',(299.588560062,844.399205452,3.553488662));
#8573=CARTESIAN_POINT('',(299.542323283,844.372454804,3.615737771));
#8574=CARTESIAN_POINT('',(299.434278234,844.309944495,3.718429361));
#8575=CARTESIAN_POINT('',(299.372495735,844.274199743,3.758847351));
#8576=CARTESIAN_POINT('',(299.240691762,844.197943513,3.813064551));
#8577=CARTESIAN_POINT('',(299.170701725,844.157450222,3.826850832));
#8578=CARTESIAN_POINT('',(299.100747742,844.116977791,3.826502453));
#8579=CARTESIAN_POINT('',(298.885358767,845.868898904,3.256783419));
#8580=CARTESIAN_POINT('',(298.872316231,845.861354229,3.336330797));
#8581=CARTESIAN_POINT('',(298.847212487,845.846832546,3.4132191));
#8582=CARTESIAN_POINT('',(298.775851327,845.805552481,3.552584812));
#8583=CARTESIAN_POINT('',(298.729611052,845.778804016,3.615028747));
#8584=CARTESIAN_POINT('',(298.621479447,845.716253468,3.718054208));
#8585=CARTESIAN_POINT('',(298.55961409,845.680466411,3.758610989));
#8586=CARTESIAN_POINT('',(298.427600407,845.604100873,3.81301644));
#8587=CARTESIAN_POINT('',(298.357483792,845.563540736,3.826852043));
#8588=CARTESIAN_POINT('',(298.287403367,845.523001534,3.82650243));
#8589=B_SPLINE_SURFACE_WITH_KNOTS('',3,3,((#8449,#8450,#8451,#8452,#8453,#8454,#8455,#8456,#8457,#8458),(#8459,#8460,#8461,#8462,#8463,#8464,#8465,#8466,#8467,#8468),(#8469,#8470,#8471,#8472,#8473,#8474,#8475,#8476,#8477,#8478),(#8479,#8480,#8481,#8482,#8483,#8484,#8485,#8486,#8487,#8488),(#8489,#8490,#8491,#8492,#8493,#8494,#8495,#8496,#8497,#8498),(#8499,#8500,#8501,#8502,#8503,#8504,#8505,#8506,#8507,#8508),(#8509,#8510,#8511,#8512,#8513,#8514,#8515,#8516,#8517,#8518),(#8519,#8520,#8521,#8522,#8523,#8524,#8525,#8526,#8527,#8528),(#8529,#8530,#8531,#8532,#8533,#8534,#8535,#8536,#8537,#8538),(#8539,#8540,#8541,#8542,#8543,#8544,#8545,#8546,#8547,#8548),(#8549,#8550,#8551,#8552,#8553,#8554,#8555,#8556,#8557,#8558),(#8559,#8560,#8561,#8562,#8563,#8564,#8565,#8566,#8567,#8568),(#8569,#8570,#8571,#8572,#8573,#8574,#8575,#8576,#8577,#8578),(#8579,#8580,#8581,#8582,#8583,#8584,#8585,#8586,#8587,#8588)),.UNSPECIFIED.,.F.,.F.,.U.,(4,2,2,2,2,2,4),(4,2,2,2,4),(0.054253468,0.055185158,0.057621691,0.062494757,0.06493129,0.067367823,0.072240889),(0.,0.250779886,0.501559771,0.752339657,1.003119543),.UNSPECIFIED.);
#8590=CARTESIAN_POINT('',(307.882598475,830.299661715,3.24824508));
#8591=CARTESIAN_POINT('',(307.718594989,830.529417468,3.389018329));
#8592=CARTESIAN_POINT('',(307.518337975,830.736936501,3.522828168));
#8593=CARTESIAN_POINT('',(307.285323389,830.914693413,3.629805282));
#8594=CARTESIAN_POINT('',(307.168816096,831.00357187,3.683293839));
#8595=CARTESIAN_POINT('',(307.042325014,831.086078149,3.730702821));
#8596=CARTESIAN_POINT('',(306.907459867,831.159154297,3.76598268));
#8597=CARTESIAN_POINT('',(306.77259472,831.232230445,3.801262539));
#8598=CARTESIAN_POINT('',(306.631104434,831.295172316,3.82458103));
#8599=CARTESIAN_POINT('',(306.481090906,831.347252727,3.826399877));
#8600=B_SPLINE_CURVE_WITH_KNOTS('',3,(#8590,#8591,#8592,#8593,#8594,#8595,#8596,#8597,#8598,#8599),.UNSPECIFIED.,.F.,.F.,(4,3,3,4),(0.,0.00093955,0.001409324,0.001879099),.UNSPECIFIED.);
#8601=EDGE_CURVE('',#7622,#2955,#8600,.T.);
#8602=ORIENTED_EDGE('',*,*,#8601,.F.);
#8603=ORIENTED_EDGE('',*,*,#7637,.F.);
#8604=CARTESIAN_POINT('',(299.100439137,844.117474829,3.826502449));
#8605=CARTESIAN_POINT('',(299.119750955,844.220458251,3.826796844));
#8606=CARTESIAN_POINT('',(299.137433589,844.38301821,3.816791363));
#8607=CARTESIAN_POINT('',(299.142766125,844.581792894,3.773952747));
#8608=CARTESIAN_POINT('',(299.145432393,844.681180236,3.752533439));
#8609=CARTESIAN_POINT('',(299.14450574,844.768613808,3.727619928));
#8610=CARTESIAN_POINT('',(299.140953385,844.844652118,3.703612216));
#8611=CARTESIAN_POINT('',(299.139177208,844.882671273,3.69160836));
#8612=CARTESIAN_POINT('',(299.136759822,844.917850432,3.679799066));
#8613=CARTESIAN_POINT('',(299.133875848,844.950290551,3.66856724));
#8614=CARTESIAN_POINT('',(299.130991873,844.982730671,3.657335414));
#8615=CARTESIAN_POINT('',(299.129455601,844.998864247,3.651609871));
#8616=CARTESIAN_POINT('',(299.123879417,845.040476198,3.63655181));
#8617=CARTESIAN_POINT('',(299.079269945,845.373371804,3.516087322));
#8618=CARTESIAN_POINT('',(298.984060266,845.655448972,3.369989545));
#8619=CARTESIAN_POINT('',(298.885358767,845.868898904,3.256783419));
#8620=B_SPLINE_CURVE_WITH_KNOTS('',3,(#8604,#8605,#8606,#8607,#8608,#8609,#8610,#8611,#8612,#8613,#8614,#8615,#8616,#8617,#8618,#8619),.UNSPECIFIED.,.F.,.F.,(4,3,3,3,3,4),(0.,0.25,0.375,0.4375,0.5,1.),.UNSPECIFIED.);
#8621=EDGE_CURVE('',#2970,#7607,#8620,.T.);
#8622=ORIENTED_EDGE('',*,*,#8621,.F.);
#8623=ORIENTED_EDGE('',*,*,#2974,.F.);
#8624=EDGE_LOOP('',(#8602,#8603,#8622,#8623));
#8625=FACE_BOUND('',#8624,.T.);
#8626=ADVANCED_FACE('',(#8625),#8589,.T.);
#8627=CARTESIAN_POINT('',(315.47079202,845.049824233,9.126508956));
#8628=DIRECTION('',(-0.5,0.866025404,-0.));
#8629=DIRECTION('',(0.866025404,0.5,0.));
#8630=AXIS2_PLACEMENT_3D('',#8627,#8628,#8629);
#8631=CYLINDRICAL_SURFACE('',#8630,0.7);
#8632=ORIENTED_EDGE('',*,*,#2810,.F.);
#8633=CARTESIAN_POINT('',(308.22079202,857.607192588,9.126508956));
#8634=DIRECTION('',(-0.5,0.866025404,-0.));
#8635=DIRECTION('',(0.866025404,0.5,0.));
#8636=AXIS2_PLACEMENT_3D('',#8633,#8634,#8635);
#8637=CIRCLE('',#8636,0.7);
#8638=EDGE_CURVE('',#2803,#8416,#8637,.T.);
#8639=ORIENTED_EDGE('',*,*,#8638,.T.);
#8640=ORIENTED_EDGE('',*,*,#8421,.F.);
#8641=CARTESIAN_POINT('',(303.57079202,865.661228843,9.126508956));
#8642=DIRECTION('',(0.5,-0.866025404,0.));
#8643=DIRECTION('',(0.866025404,0.5,0.));
#8644=AXIS2_PLACEMENT_3D('',#8641,#8642,#8643);
#8645=CIRCLE('',#8644,0.7);
#8646=EDGE_CURVE('',#8414,#2805,#8645,.T.);
#8647=ORIENTED_EDGE('',*,*,#8646,.T.);
#8648=EDGE_LOOP('',(#8632,#8639,#8640,#8647));
#8649=FACE_BOUND('',#8648,.T.);
#8650=ADVANCED_FACE('',(#8649),#8631,.T.);
#8651=CARTESIAN_POINT('',(307.665927092,826.685136031,11.486256982));
#8652=CARTESIAN_POINT('',(307.819437043,826.777792706,11.467547966));
#8653=CARTESIAN_POINT('',(307.965713095,826.879201559,11.432892416));
#8654=CARTESIAN_POINT('',(308.236999278,827.094810687,11.333298851));
#8655=CARTESIAN_POINT('',(308.361999528,827.209003107,11.268364464));
#8656=CARTESIAN_POINT('',(308.584905007,827.444856615,11.111238281));
#8657=CARTESIAN_POINT('',(308.682802117,827.566509111,11.019052208));
#8658=CARTESIAN_POINT('',(308.846935349,827.811611835,10.81171841));
#8659=CARTESIAN_POINT('',(308.913165492,827.935053136,10.696578237));
#8660=CARTESIAN_POINT('',(309.010874814,828.177978729,10.448702438));
#8661=CARTESIAN_POINT('',(309.042350433,828.297454173,10.31597584));
#8662=CARTESIAN_POINT('',(309.069080771,828.526877782,10.039113665));
#8663=CARTESIAN_POINT('',(309.064334516,828.63681759,9.894988172));
#8664=CARTESIAN_POINT('',(309.018839739,828.842043804,9.602046551));
#8665=CARTESIAN_POINT('',(308.978092874,828.937322735,9.453241093));
#8666=CARTESIAN_POINT('',(308.862493887,829.108784194,9.157876557));
#8667=CARTESIAN_POINT('',(308.787645974,829.184960477,9.011328238));
#8668=CARTESIAN_POINT('',(308.697488907,829.249812181,8.869319254));
#8669=CARTESIAN_POINT('',(307.727121298,826.577508832,11.399428891));
#8670=CARTESIAN_POINT('',(307.880266472,826.670277512,11.380433098));
#8671=CARTESIAN_POINT('',(308.026154212,826.771758887,11.345539534));
#8672=CARTESIAN_POINT('',(308.296651475,826.987442311,11.245574566));
#8673=CARTESIAN_POINT('',(308.421251194,827.101636543,11.180506786));
#8674=CARTESIAN_POINT('',(308.643376373,827.33743597,11.023217209));
#8675=CARTESIAN_POINT('',(308.740893782,827.459032619,10.931001113));
#8676=CARTESIAN_POINT('',(308.90431735,827.703982538,10.723701475));
#8677=CARTESIAN_POINT('',(308.970217586,827.827326931,10.608625446));
#8678=CARTESIAN_POINT('',(309.067339844,828.070036311,10.360955918));
#8679=CARTESIAN_POINT('',(309.098558346,828.189392502,10.228371395));
#8680=CARTESIAN_POINT('',(309.124862828,828.418574513,9.951849473));
#8681=CARTESIAN_POINT('',(309.119947855,828.528392026,9.807922096));
#8682=CARTESIAN_POINT('',(309.074211358,828.73338891,9.515407002));
#8683=CARTESIAN_POINT('',(309.033391492,828.828560852,9.366829886));
#8684=CARTESIAN_POINT('',(308.917740954,828.999839547,9.071924568));
#8685=CARTESIAN_POINT('',(308.842914474,829.075940093,8.925607056));
#8686=CARTESIAN_POINT('',(308.75282127,829.14073782,8.783816336));
#8687=CARTESIAN_POINT('',(307.788469257,826.470062868,11.312494094));
#8688=CARTESIAN_POINT('',(307.941237009,826.562924237,11.293193445));
#8689=CARTESIAN_POINT('',(308.086724457,826.664456354,11.258046907));
#8690=CARTESIAN_POINT('',(308.356411889,826.880167522,11.157687177));
#8691=CARTESIAN_POINT('',(308.480602151,826.994338796,11.092477603));
#8692=CARTESIAN_POINT('',(308.701933633,827.230033779,10.93501417));
#8693=CARTESIAN_POINT('',(308.799066874,827.351548991,10.842765987));
#8694=CARTESIAN_POINT('',(308.961777255,827.596296358,10.635501996));
#8695=CARTESIAN_POINT('',(309.02734853,827.71951969,10.520493659));
#8696=CARTESIAN_POINT('',(309.123891471,827.961968185,10.273041955));
#8697=CARTESIAN_POINT('',(309.154859657,828.081184607,10.140607508));
#8698=CARTESIAN_POINT('',(309.180757617,828.310089606,9.864444798));
#8699=CARTESIAN_POINT('',(309.175686458,828.419769932,9.720726491));
#8700=CARTESIAN_POINT('',(309.129738357,828.624514961,9.428661068));
#8701=CARTESIAN_POINT('',(309.088863073,828.719572284,9.280324482));
#8702=CARTESIAN_POINT('',(308.973199993,828.890661395,8.985902188));
#8703=CARTESIAN_POINT('',(308.898416368,828.966687016,8.839827093));
#8704=CARTESIAN_POINT('',(308.808409541,829.031436109,8.698265084));
#8705=CARTESIAN_POINT('',(307.912183627,826.258087871,11.139650862));
#8706=CARTESIAN_POINT('',(308.064043955,826.351134096,11.119622155));
#8707=CARTESIAN_POINT('',(308.208580655,826.452734593,11.083862701));
#8708=CARTESIAN_POINT('',(308.476367714,826.668377199,10.982524924));
#8709=CARTESIAN_POINT('',(308.599608546,826.782411637,10.916950205));
#8710=CARTESIAN_POINT('',(308.819123935,827.017668727,10.759001252));
#8711=CARTESIAN_POINT('',(308.915390682,827.138883009,10.666632635));
#8712=CARTESIAN_POINT('',(309.076520423,827.382915205,10.45935));
#8713=CARTESIAN_POINT('',(309.141377685,827.505724437,10.344443355));
#8714=CARTESIAN_POINT('',(309.236697888,827.747288073,10.097377533));
#8715=CARTESIAN_POINT('',(309.267157438,827.866033883,9.965227146));
#8716=CARTESIAN_POINT('',(309.292276342,828.093999043,9.689761603));
#8717=CARTESIAN_POINT('',(309.286934802,828.203210283,9.546456248));
#8718=CARTESIAN_POINT('',(309.240695118,828.407073603,9.255282936));
#8719=CARTESIAN_POINT('',(309.19979862,828.50171843,9.107425338));
#8720=CARTESIAN_POINT('',(309.084330853,828.672087027,8.813959924));
#8721=CARTESIAN_POINT('',(309.009763693,828.747804736,8.668362549));
#8722=CARTESIAN_POINT('',(308.920075835,828.812316855,8.527244426));
#8723=CARTESIAN_POINT('',(307.974514534,826.153876744,11.053953775));
#8724=CARTESIAN_POINT('',(308.125836652,826.247018913,11.033498364));
#8725=CARTESIAN_POINT('',(308.269815433,826.348637894,10.997374695));
#8726=CARTESIAN_POINT('',(308.536499158,826.564180227,10.895443653));
#8727=CARTESIAN_POINT('',(308.659194691,826.678095971,10.829639877));
#8728=CARTESIAN_POINT('',(308.877679672,826.913004795,10.671366518));
#8729=CARTESIAN_POINT('',(308.973461411,827.033989584,10.578902521));
#8730=CARTESIAN_POINT('',(309.1337213,827.277484707,10.37155032));
#8731=CARTESIAN_POINT('',(309.198193794,827.399986448,10.256669435));
#8732=CARTESIAN_POINT('',(309.292874229,827.640893694,10.009754111));
#8733=CARTESIAN_POINT('',(309.323078827,827.759290697,9.877728387));
#8734=CARTESIAN_POINT('',(309.34783492,827.986554686,9.60258122));
#8735=CARTESIAN_POINT('',(309.342385541,828.095413651,9.459469487));
#8736=CARTESIAN_POINT('',(309.296081262,828.298605127,9.16871732));
#8737=CARTESIAN_POINT('',(309.255227996,828.392930468,9.021087147));
#8738=CARTESIAN_POINT('',(309.139988302,828.562724893,8.72807294));
#8739=CARTESIAN_POINT('',(309.06560594,828.638187986,8.582699246));
#8740=CARTESIAN_POINT('',(308.976162599,828.702490712,8.441784503));
#8741=CARTESIAN_POINT('',(308.161883395,825.848004007,10.801437296));
#8742=CARTESIAN_POINT('',(308.311360583,825.941452745,10.779556715));
#8743=CARTESIAN_POINT('',(308.4534509,826.043079345,10.742194295));
#8744=CARTESIAN_POINT('',(308.716446075,826.25810207,10.638192207));
#8745=CARTESIAN_POINT('',(308.837341905,826.371490813,10.571556111));
#8746=CARTESIAN_POINT('',(309.052474774,826.604906209,10.412021195));
#8747=CARTESIAN_POINT('',(309.146704428,826.724924849,10.319127852));
#8748=CARTESIAN_POINT('',(309.304238217,826.966168088,10.111281598));
#8749=CARTESIAN_POINT('',(309.367536945,827.087384407,9.996335823));
#8750=CARTESIAN_POINT('',(309.460341853,827.325536557,9.749586261));
#8751=CARTESIAN_POINT('',(309.489844847,827.442464214,9.617790944));
#8752=CARTESIAN_POINT('',(309.513720704,827.666746397,9.343306823));
#8753=CARTESIAN_POINT('',(309.508092747,827.774093224,9.200627442));
#8754=CARTESIAN_POINT('',(309.461959088,827.974354431,8.910832745));
#8755=CARTESIAN_POINT('',(309.421454971,828.067261936,8.763727377));
#8756=CARTESIAN_POINT('',(309.307399929,828.23443842,8.471739016));
#8757=CARTESIAN_POINT('',(309.233852921,828.308701662,8.326866046));
#8758=CARTESIAN_POINT('',(309.14544582,828.371964396,8.186383127));
#8759=CARTESIAN_POINT('',(308.287395691,825.653782104,10.639395796));
#8760=CARTESIAN_POINT('',(308.43530239,825.747466635,10.616357571));
#8761=CARTESIAN_POINT('',(308.575814885,825.849034428,10.577960657));
#8762=CARTESIAN_POINT('',(308.835785536,826.063406784,10.472162464));
#8763=CARTESIAN_POINT('',(308.955234979,826.176204161,10.404764733));
#8764=CARTESIAN_POINT('',(309.167735438,826.4079911,10.243978358));
#8765=CARTESIAN_POINT('',(309.260779331,826.526972892,10.150595104));
#8766=CARTESIAN_POINT('',(309.416305264,826.765807406,9.942013678));
#8767=CARTESIAN_POINT('',(309.478782091,826.885652124,9.826822498));
#8768=CARTESIAN_POINT('',(309.570377315,827.120852533,9.579776963));
#8769=CARTESIAN_POINT('',(309.599492642,827.236200343,9.447930891));
#8770=CARTESIAN_POINT('',(309.623060209,827.457247958,9.17347264));
#8771=CARTESIAN_POINT('',(309.617511659,827.562940356,9.030869662));
#8772=CARTESIAN_POINT('',(309.571997085,827.759949837,8.741276225));
#8773=CARTESIAN_POINT('',(309.532032586,827.851260318,8.594295474));
#8774=CARTESIAN_POINT('',(309.419471024,828.015421694,8.302521377));
#8775=CARTESIAN_POINT('',(309.346877733,828.088267088,8.157737813));
#8776=CARTESIAN_POINT('',(309.259590359,828.150253382,8.017286485));
#8777=CARTESIAN_POINT('',(308.529183932,825.288759178,10.344505685));
#8778=CARTESIAN_POINT('',(308.673924017,825.382926135,10.319237529));
#8779=CARTESIAN_POINT('',(308.811366179,825.484205944,10.27872083));
#8780=CARTESIAN_POINT('',(309.06566791,825.696579178,10.168955966));
#8781=CARTESIAN_POINT('',(309.18251935,825.807665813,10.099711312));
#8782=CARTESIAN_POINT('',(309.390533526,826.034800176,9.935514619));
#8783=CARTESIAN_POINT('',(309.481689612,826.150840643,9.840567831));
#8784=CARTESIAN_POINT('',(309.63432914,826.382813714,9.629114045));
#8785=CARTESIAN_POINT('',(309.695807703,826.498738903,9.51261381));
#8786=CARTESIAN_POINT('',(309.786404425,826.725417429,9.263142218));
#8787=CARTESIAN_POINT('',(309.815519688,826.836163522,9.130178839));
#8788=CARTESIAN_POINT('',(309.840115641,827.047646005,8.85358963));
#8789=CARTESIAN_POINT('',(309.835595543,827.148375638,8.709972646));
#8790=CARTESIAN_POINT('',(309.793115847,827.335424776,8.418350719));
#8791=CARTESIAN_POINT('',(309.755157606,827.421738304,8.270355102));
#8792=CARTESIAN_POINT('',(309.647457434,827.576184403,7.976442116));
#8793=CARTESIAN_POINT('',(309.577718945,827.644312039,7.830534145));
#8794=CARTESIAN_POINT('',(309.493610729,827.701860914,7.688853016));
#8795=CARTESIAN_POINT('',(308.64542457,825.116845152,10.211342092));
#8796=CARTESIAN_POINT('',(308.788615305,825.211243332,10.185020679));
#8797=CARTESIAN_POINT('',(308.924610805,825.312287437,10.143436267));
#8798=CARTESIAN_POINT('',(309.176354257,825.523315508,10.031532896));
#8799=CARTESIAN_POINT('',(309.292094341,825.633292878,9.961217435));
#8800=CARTESIAN_POINT('',(309.498326413,825.857437902,9.794887955));
#8801=CARTESIAN_POINT('',(309.588811956,825.971598552,9.698879136));
#8802=CARTESIAN_POINT('',(309.740624804,826.199179891,9.485309027));
#8803=CARTESIAN_POINT('',(309.801947365,826.31259347,9.367754413));
#8804=CARTESIAN_POINT('',(309.892783393,826.533782671,9.116169805));
#8805=CARTESIAN_POINT('',(309.922294022,826.641551383,8.982147676));
#8806=CARTESIAN_POINT('',(309.948229118,826.846796606,8.703416818));
#8807=CARTESIAN_POINT('',(309.944652774,826.944266706,8.558716803));
#8808=CARTESIAN_POINT('',(309.904565818,827.124705178,8.264880599));
#8809=CARTESIAN_POINT('',(309.868056457,827.207667916,8.115753595));
#8810=CARTESIAN_POINT('',(309.76367778,827.355508616,7.819505489));
#8811=CARTESIAN_POINT('',(309.695811725,827.420381961,7.672393648));
#8812=CARTESIAN_POINT('',(309.613730075,827.474811977,7.529462484));
#8813=CARTESIAN_POINT('',(308.811112617,824.870372255,10.037046208));
#8814=CARTESIAN_POINT('',(308.952423629,824.965130789,10.009421585));
#8815=CARTESIAN_POINT('',(309.086778943,825.06576174,9.966394398));
#8816=CARTESIAN_POINT('',(309.335866786,825.274490643,9.851364082));
#8817=CARTESIAN_POINT('',(309.450591732,825.382582242,9.779364456));
#8818=CARTESIAN_POINT('',(309.65552674,825.601624841,9.609457102));
#8819=CARTESIAN_POINT('',(309.745730563,825.712569173,9.511554547));
#8820=CARTESIAN_POINT('',(309.897776272,825.932587822,9.294013668));
#8821=CARTESIAN_POINT('',(309.959613528,826.041655442,9.174381968));
#8822=CARTESIAN_POINT('',(310.05228809,826.253271041,8.918481758));
#8823=CARTESIAN_POINT('',(310.083122574,826.355812578,8.78222104));
#8824=CARTESIAN_POINT('',(310.112475082,826.550004381,8.498871005));
#8825=CARTESIAN_POINT('',(310.110992212,826.641648736,8.351790315));
#8826=CARTESIAN_POINT('',(310.075771129,826.81013888,8.053070187));
#8827=CARTESIAN_POINT('',(310.042033989,826.886979542,7.901439844));
#8828=CARTESIAN_POINT('',(309.943740516,827.022585905,7.600084613));
#8829=CARTESIAN_POINT('',(309.879187174,827.081347479,7.450368899));
#8830=CARTESIAN_POINT('',(309.800599217,827.129818648,7.304797401));
#8831=CARTESIAN_POINT('',(308.86467033,824.790417949,9.983350274));
#8832=CARTESIAN_POINT('',(309.00543027,824.885300521,9.955340637));
#8833=CARTESIAN_POINT('',(309.139329106,824.985785079,9.911861831));
#8834=CARTESIAN_POINT('',(309.387733488,825.193702284,9.795807408));
#8835=CARTESIAN_POINT('',(309.502231527,825.301128648,9.723235298));
#8836=CARTESIAN_POINT('',(309.706969892,825.518367062,9.552075032));
#8837=CARTESIAN_POINT('',(309.79720403,825.628172547,9.453492048));
#8838=CARTESIAN_POINT('',(309.949580447,825.845505518,9.234495805));
#8839=CARTESIAN_POINT('',(310.011718121,825.953026437,9.114089163));
#8840=CARTESIAN_POINT('',(310.105260594,826.161223389,8.856558591));
#8841=CARTESIAN_POINT('',(310.136662566,826.261893131,8.719442443));
#8842=CARTESIAN_POINT('',(310.16739792,826.452111603,8.434315895));
#8843=CARTESIAN_POINT('',(310.166730374,826.541654585,8.286314112));
#8844=CARTESIAN_POINT('',(310.133353012,826.705815783,7.985702053));
#8845=CARTESIAN_POINT('',(310.100644206,826.780429039,7.833100863));
#8846=CARTESIAN_POINT('',(310.004571573,826.911560949,7.529771494));
#8847=CARTESIAN_POINT('',(309.941210648,826.968075642,7.379052483));
#8848=CARTESIAN_POINT('',(309.863866838,827.014342388,7.232470954));
#8849=CARTESIAN_POINT('',(308.967789308,824.631929419,9.884317128));
#8850=CARTESIAN_POINT('',(309.107740194,824.727101034,9.855745358));
#8851=CARTESIAN_POINT('',(309.241048153,824.827332103,9.811520809));
#8852=CARTESIAN_POINT('',(309.48875877,825.033688007,9.693630436));
#8853=CARTESIAN_POINT('',(309.603154013,825.139806667,9.619968141));
#8854=CARTESIAN_POINT('',(309.808202139,825.353452126,9.44631456));
#8855=CARTESIAN_POINT('',(309.898848885,825.46097253,9.346328471));
#8856=CARTESIAN_POINT('',(310.052566587,825.672876375,9.124252594));
#8857=CARTESIAN_POINT('',(310.115632942,825.777253472,9.002169454));
#8858=CARTESIAN_POINT('',(310.211522108,825.978458249,8.74105916));
#8859=CARTESIAN_POINT('',(310.244342047,826.075279906,8.602039822));
#8860=CARTESIAN_POINT('',(310.278349073,826.257280517,8.312933101));
#8861=CARTESIAN_POINT('',(310.279535142,826.342454024,8.162854372));
#8862=CARTESIAN_POINT('',(310.2502223,826.497557244,7.857972715));
#8863=CARTESIAN_POINT('',(310.219724266,826.567482315,7.703178915));
#8864=CARTESIAN_POINT('',(310.128330481,826.689131982,7.395410676));
#8865=CARTESIAN_POINT('',(310.067437465,826.740852938,7.242445451));
#8866=CARTESIAN_POINT('',(309.992631711,826.782380009,7.093623234));
#8867=CARTESIAN_POINT('',(309.017578992,824.552798431,9.838661114));
#8868=CARTESIAN_POINT('',(309.157277724,824.648134543,9.809916284));
#8869=CARTESIAN_POINT('',(309.290455205,824.74826224,9.765403093));
#8870=CARTESIAN_POINT('',(309.538159186,824.953884144,9.646714563));
#8871=CARTESIAN_POINT('',(309.652678287,825.059372208,9.57254277));
#8872=CARTESIAN_POINT('',(309.85822799,825.271260155,9.397667702));
#8873=CARTESIAN_POINT('',(309.949252452,825.377653709,9.296969652));
#8874=CARTESIAN_POINT('',(310.103967309,825.586859429,9.073293189));
#8875=CARTESIAN_POINT('',(310.167653081,825.689665345,8.950321457));
#8876=CARTESIAN_POINT('',(310.264999337,825.887353828,8.687289668));
#8877=CARTESIAN_POINT('',(310.298656913,825.982230487,8.547237468));
#8878=CARTESIAN_POINT('',(310.334523556,826.160053096,8.255958435));
#8879=CARTESIAN_POINT('',(310.336731552,826.242993732,8.104740303));
#8880=CARTESIAN_POINT('',(310.309603921,826.393440779,7.797515014));
#8881=CARTESIAN_POINT('',(310.280269106,826.460942693,7.641517035));
#8882=CARTESIAN_POINT('',(310.19129286,826.57766058,7.331319904));
#8883=CARTESIAN_POINT('',(310.131654088,826.626873065,7.177130019));
#8884=CARTESIAN_POINT('',(310.058120453,826.665902837,7.027095491));
#8885=CARTESIAN_POINT('',(309.115037994,824.393860502,9.75426977));
#8886=CARTESIAN_POINT('',(309.254482842,824.489613662,9.725366976));
#8887=CARTESIAN_POINT('',(309.387670718,824.589628091,9.680426628));
#8888=CARTESIAN_POINT('',(309.635920217,824.793965049,9.560364531));
#8889=CARTESIAN_POINT('',(309.750974415,824.898281467,9.485246372));
#8890=CARTESIAN_POINT('',(309.958093522,825.106814454,9.308001181));
#8891=CARTESIAN_POINT('',(310.050152236,825.211024786,9.205879451));
#8892=CARTESIAN_POINT('',(310.207388796,825.414941869,8.978940945));
#8893=CARTESIAN_POINT('',(310.272561938,825.514642519,8.854130958));
#8894=CARTESIAN_POINT('',(310.37327167,825.705326804,8.587088786));
#8895=CARTESIAN_POINT('',(310.408805248,825.796304734,8.444864587));
#8896=CARTESIAN_POINT('',(310.448732516,825.965698491,8.149003037));
#8897=CARTESIAN_POINT('',(310.453125011,826.04410925,7.995374535));
#8898=CARTESIAN_POINT('',(310.430582647,826.185054407,7.683195705));
#8899=CARTESIAN_POINT('',(310.403648461,826.247584589,7.524654715));
#8900=CARTESIAN_POINT('',(310.319589059,826.35412521,7.209350216));
#8901=CARTESIAN_POINT('',(310.262466357,826.398132463,7.052596138));
#8902=CARTESIAN_POINT('',(310.191454188,826.431949447,6.900042898));
#8903=CARTESIAN_POINT('',(309.16270623,824.314053633,9.715531408));
#8904=CARTESIAN_POINT('',(309.30214928,824.410059361,9.686643874));
#8905=CARTESIAN_POINT('',(309.435477988,824.510063906,9.641565164));
#8906=CARTESIAN_POINT('',(309.684279594,824.713849931,9.520927933));
#8907=CARTESIAN_POINT('',(309.799745027,824.817625296,9.445373033));
#8908=CARTESIAN_POINT('',(310.007931981,825.024560827,9.266979419));
#8909=CARTESIAN_POINT('',(310.100647256,825.127714781,9.164146059));
#8910=CARTESIAN_POINT('',(310.259408432,825.329041328,8.93554624));
#8911=CARTESIAN_POINT('',(310.32544957,825.427207878,8.809786642));
#8912=CARTESIAN_POINT('',(310.428065785,825.614404225,8.54065565));
#8913=CARTESIAN_POINT('',(310.464637783,825.703428405,8.397292333));
#8914=CARTESIAN_POINT('',(310.506766166,825.86857127,8.099020583));
#8915=CARTESIAN_POINT('',(310.512321287,825.944685,7.944121099));
#8916=CARTESIAN_POINT('',(310.492179076,826.080784394,7.629332312));
#8917=CARTESIAN_POINT('',(310.466482349,826.140765972,7.469452454));
#8918=CARTESIAN_POINT('',(310.384922333,826.242061058,7.151469393));
#8919=CARTESIAN_POINT('',(310.329061491,826.283371525,6.993375732));
#8920=CARTESIAN_POINT('',(310.259298696,826.314472996,6.839516041));
#8921=CARTESIAN_POINT('',(309.21503426,824.224883191,9.676082241));
#8922=CARTESIAN_POINT('',(309.354583862,824.321242731,9.647302923));
#8923=CARTESIAN_POINT('',(309.48818694,824.421313171,9.602145174));
#8924=CARTESIAN_POINT('',(309.737843904,824.624639321,9.480984588));
#8925=CARTESIAN_POINT('',(309.853890253,824.727888893,9.404985408));
#8926=CARTESIAN_POINT('',(310.063505808,824.933189914,9.225366735));
#8927=CARTESIAN_POINT('',(310.157068686,825.035235163,9.121752665));
#8928=CARTESIAN_POINT('',(310.317743617,825.233795009,8.891301604));
#8929=CARTESIAN_POINT('',(310.38485082,825.330303609,8.764471572));
#8930=CARTESIAN_POINT('',(310.489763685,825.51369243,8.492971908));
#8931=CARTESIAN_POINT('',(310.52756618,825.600567112,8.348310473));
#8932=CARTESIAN_POINT('',(310.572262912,825.760999141,8.047288706));
#8933=CARTESIAN_POINT('',(310.5791558,825.834551643,7.890937461));
#8934=CARTESIAN_POINT('',(310.561738805,825.965215742,7.573173447));
#8935=CARTESIAN_POINT('',(310.537429448,826.022323394,7.411770273));
#8936=CARTESIAN_POINT('',(310.458638167,826.117672219,7.090754663));
#8937=CARTESIAN_POINT('',(310.404158621,826.155910515,6.93115192));
#8938=CARTESIAN_POINT('',(310.335748379,826.183903273,6.775832665));
#8939=CARTESIAN_POINT('',(309.220080361,824.216268045,9.67231009));
#8940=CARTESIAN_POINT('',(309.359641366,824.312662499,9.64354216));
#8941=CARTESIAN_POINT('',(309.493272148,824.41274009,9.598377546));
#8942=CARTESIAN_POINT('',(309.743014191,824.6160234,9.477167611));
#8943=CARTESIAN_POINT('',(309.859117906,824.719222976,9.401125951));
#8944=CARTESIAN_POINT('',(310.068873892,824.924367615,9.221389506));
#8945=CARTESIAN_POINT('',(310.162519827,825.026306478,9.11770015));
#8946=CARTESIAN_POINT('',(310.323381805,825.224600325,8.887070273));
#8947=CARTESIAN_POINT('',(310.390592989,825.320949317,8.760136718));
#8948=CARTESIAN_POINT('',(310.495729447,825.503971189,8.488407836));
#8949=CARTESIAN_POINT('',(310.533651544,825.590638541,8.343620718));
#8950=CARTESIAN_POINT('',(310.57859753,825.750615829,8.042332659));
#8951=CARTESIAN_POINT('',(310.585620061,825.823920932,7.885840821));
#8952=CARTESIAN_POINT('',(310.568466805,825.954059686,7.567788736));
#8953=CARTESIAN_POINT('',(310.544291536,826.010889404,7.406238099));
#8954=CARTESIAN_POINT('',(310.465767509,826.10566286,7.084929077));
#8955=CARTESIAN_POINT('',(310.411421123,826.143603735,6.9251804));
#8956=CARTESIAN_POINT('',(310.343141112,826.171295382,6.769720122));
#8957=CARTESIAN_POINT('',(309.225122774,824.2076438,9.668572946));
#8958=CARTESIAN_POINT('',(309.36469627,824.30407396,9.639817332));
#8959=CARTESIAN_POINT('',(309.498355945,824.404159521,9.594646606));
#8960=CARTESIAN_POINT('',(309.748185516,824.607401586,9.473388473));
#8961=CARTESIAN_POINT('',(309.86434786,824.710551946,9.397304731));
#8962=CARTESIAN_POINT('',(310.074246753,824.915541629,9.217450981));
#8963=CARTESIAN_POINT('',(310.167976956,825.017374755,9.11368641));
#8964=CARTESIAN_POINT('',(310.329028247,825.215403685,8.88287759));
#8965=CARTESIAN_POINT('',(310.396344464,825.311593502,8.755840318));
#8966=CARTESIAN_POINT('',(310.501706371,825.494249014,8.483881647));
#8967=CARTESIAN_POINT('',(310.539748876,825.580709187,8.33896847));
#8968=CARTESIAN_POINT('',(310.584945416,825.740231711,8.037413295));
#8969=CARTESIAN_POINT('',(310.592098085,825.813289239,7.880780414));
#8970=CARTESIAN_POINT('',(310.575209219,825.94290194,7.562439401));
#8971=CARTESIAN_POINT('',(310.551168194,825.999453194,7.400740893));
#8972=CARTESIAN_POINT('',(310.472911394,826.093649864,7.079137805));
#8973=CARTESIAN_POINT('',(310.418697985,826.131292434,6.919242946));
#8974=CARTESIAN_POINT('',(310.350547871,826.158681923,6.763641534));
#8975=B_SPLINE_SURFACE_WITH_KNOTS('',3,3,((#8651,#8652,#8653,#8654,#8655,#8656,#8657,#8658,#8659,#8660,#8661,#8662,#8663,#8664,#8665,#8666,#8667,#8668),(#8669,#8670,#8671,#8672,#8673,#8674,#8675,#8676,#8677,#8678,#8679,#8680,#8681,#8682,#8683,#8684,#8685,#8686),(#8687,#8688,#8689,#8690,#8691,#8692,#8693,#8694,#8695,#8696,#8697,#8698,#8699,#8700,#8701,#8702,#8703,#8704),(#8705,#8706,#8707,#8708,#8709,#8710,#8711,#8712,#8713,#8714,#8715,#8716,#8717,#8718,#8719,#8720,#8721,#8722),(#8723,#8724,#8725,#8726,#8727,#8728,#8729,#8730,#8731,#8732,#8733,#8734,#8735,#8736,#8737,#8738,#8739,#8740),(#8741,#8742,#8743,#8744,#8745,#8746,#8747,#8748,#8749,#8750,#8751,#8752,#8753,#8754,#8755,#8756,#8757,#8758),(#8759,#8760,#8761,#8762,#8763,#8764,#8765,#8766,#8767,#8768,#8769,#8770,#8771,#8772,#8773,#8774,#8775,#8776),(#8777,#8778,#8779,#8780,#8781,#8782,#8783,#8784,#8785,#8786,#8787,#8788,#8789,#8790,#8791,#8792,#8793,#8794),(#8795,#8796,#8797,#8798,#8799,#8800,#8801,#8802,#8803,#8804,#8805,#8806,#8807,#8808,#8809,#8810,#8811,#8812),(#8813,#8814,#8815,#8816,#8817,#8818,#8819,#8820,#8821,#8822,#8823,#8824,#8825,#8826,#8827,#8828,#8829,#8830),(#8831,#8832,#8833,#8834,#8835,#8836,#8837,#8838,#8839,#8840,#8841,#8842,#8843,#8844,#8845,#8846,#8847,#8848),(#8849,#8850,#8851,#8852,#8853,#8854,#8855,#8856,#8857,#8858,#8859,#8860,#8861,#8862,#8863,#8864,#8865,#8866),(#8867,#8868,#8869,#8870,#8871,#8872,#8873,#8874,#8875,#8876,#8877,#8878,#8879,#8880,#8881,#8882,#8883,#8884),(#8885,#8886,#8887,#8888,#8889,#8890,#8891,#8892,#8893,#8894,#8895,#8896,#8897,#8898,#8899,#8900,#8901,#8902),(#8903,#8904,#8905,#8906,#8907,#8908,#8909,#8910,#8911,#8912,#8913,#8914,#8915,#8916,#8917,#8918,#8919,#8920),(#8921,#8922,#8923,#8924,#8925,#8926,#8927,#8928,#8929,#8930,#8931,#8932,#8933,#8934,#8935,#8936,#8937,#8938),(#8939,#8940,#8941,#8942,#8943,#8944,#8945,#8946,#8947,#8948,#8949,#8950,#8951,#8952,#8953,#8954,#8955,#8956),(#8957,#8958,#8959,#8960,#8961,#8962,#8963,#8964,#8965,#8966,#8967,#8968,#8969,#8970,#8971,#8972,#8973,#8974)),.UNSPECIFIED.,.F.,.F.,.U.,(4,2,2,2,2,2,2,2,4),(4,2,2,2,2,2,2,2,4),(0.062728656,0.063172164,0.063615671,0.064502687,0.065389703,0.065833211,0.066276719,0.066720226,0.066767606),(0.,0.126094618,0.252189235,0.378283853,0.504378471,0.630473088,0.756567706,0.882662324,1.008756942),.UNSPECIFIED.);
#8976=ORIENTED_EDGE('',*,*,#7806,.F.);
#8977=ORIENTED_EDGE('',*,*,#7694,.F.);
#8978=CARTESIAN_POINT('',(306.742821187,827.803281982,9.449685078));
#8979=DIRECTION('',(-0.37227271,0.731985603,0.57062256));
#8980=DIRECTION('',(-0.,-0.614813252,0.788672724));
#8981=AXIS2_PLACEMENT_3D('',#8978,#8979,#8980);
#8982=CIRCLE('',#8981,2.5);
#8983=EDGE_CURVE('',#1139,#7664,#8982,.T.);
#8984=ORIENTED_EDGE('',*,*,#8983,.F.);
#8985=ORIENTED_EDGE('',*,*,#1157,.F.);
#8986=CARTESIAN_POINT('',(309.141315196,824.349433613,9.733592695));
#8987=CARTESIAN_POINT('',(309.250331115,824.510617065,9.733045644));
#8988=CARTESIAN_POINT('',(309.351767001,824.674492167,9.717211159));
#8989=CARTESIAN_POINT('',(309.447418449,824.83945827,9.684209949));
#8990=CARTESIAN_POINT('',(309.543069897,825.004424372,9.65120874));
#8991=CARTESIAN_POINT('',(309.632789411,825.170890421,9.600736373));
#8992=CARTESIAN_POINT('',(309.715704379,825.329342226,9.52902186));
#8993=CARTESIAN_POINT('',(309.757161863,825.408568129,9.493164603));
#8994=CARTESIAN_POINT('',(309.797125087,825.486139908,9.451882154));
#8995=CARTESIAN_POINT('',(309.836164868,825.561074191,9.403663535));
#8996=CARTESIAN_POINT('',(309.87520465,825.636008473,9.355444915));
#8997=CARTESIAN_POINT('',(309.912955263,825.707642846,9.300580196));
#8998=CARTESIAN_POINT('',(309.949464873,825.772524393,9.238910579));
#8999=CARTESIAN_POINT('',(309.985974483,825.837405939,9.177240962));
#9000=CARTESIAN_POINT('',(310.021923289,825.896779697,9.107443551));
#9001=CARTESIAN_POINT('',(310.057455548,825.945009007,9.030817279));
#9002=CARTESIAN_POINT('',(310.092987807,825.993238317,8.954191007));
#9003=CARTESIAN_POINT('',(310.127648666,826.030091549,8.871816712));
#9004=CARTESIAN_POINT('',(310.164418156,826.051320424,8.782999116));
#9005=B_SPLINE_CURVE_WITH_KNOTS('',3,(#8986,#8987,#8988,#8989,#8990,#8991,#8992,#8993,#8994,#8995,#8996,#8997,#8998,#8999,#9000,#9001,#9002,#9003,#9004),.UNSPECIFIED.,.F.,.F.,(4,3,3,3,3,3,4),(0.,0.000579881,0.001159762,0.001449703,0.001739644,0.002029584,0.002319525),.UNSPECIFIED.);
#9006=EDGE_CURVE('',#1112,#7799,#9005,.T.);
#9007=ORIENTED_EDGE('',*,*,#9006,.T.);
#9008=EDGE_LOOP('',(#8976,#8977,#8984,#8985,#9007));
#9009=FACE_BOUND('',#9008,.T.);
#9010=ADVANCED_FACE('',(#9009),#8975,.T.);
#9011=CARTESIAN_POINT('',(314.663155674,828.648667741,9.085606497));
#9012=CARTESIAN_POINT('',(314.657272154,828.645270835,9.17960209));
#9013=CARTESIAN_POINT('',(314.661034186,828.625173323,9.273556309));
#9014=CARTESIAN_POINT('',(314.687250321,828.554777229,9.446421602));
#9015=CARTESIAN_POINT('',(314.709692887,828.504509627,9.525256603));
#9016=CARTESIAN_POINT('',(314.769673473,828.381839456,9.655178363));
#9017=CARTESIAN_POINT('',(314.807185097,828.309490871,9.706207947));
#9018=CARTESIAN_POINT('',(314.891278003,828.154286817,9.772279047));
#9019=CARTESIAN_POINT('',(314.937822279,828.07149965,9.787291487));
#9020=CARTESIAN_POINT('',(314.985158739,827.99011847,9.783085596));
#9021=CARTESIAN_POINT('',(314.345868059,828.465481651,9.059126267));
#9022=CARTESIAN_POINT('',(314.338269355,828.461094482,9.154843195));
#9023=CARTESIAN_POINT('',(314.340702665,828.439339549,9.250514738));
#9024=CARTESIAN_POINT('',(314.365222777,828.364681487,9.425956889));
#9025=CARTESIAN_POINT('',(314.387297882,828.311813649,9.505644308));
#9026=CARTESIAN_POINT('',(314.44742549,828.183726886,9.635779572));
#9027=CARTESIAN_POINT('',(314.485449459,828.108568573,9.686165653));
#9028=CARTESIAN_POINT('',(314.571133041,827.948433383,9.749238685));
#9029=CARTESIAN_POINT('',(314.618752039,827.863532347,9.761895592));
#9030=CARTESIAN_POINT('',(314.667214288,827.780811207,9.754619164));
#9031=CARTESIAN_POINT('',(314.02876907,828.282404465,9.021386263));
#9032=CARTESIAN_POINT('',(314.019729583,828.277185514,9.118845747));
#9033=CARTESIAN_POINT('',(314.021132588,828.25389029,9.216255259));
#9034=CARTESIAN_POINT('',(314.044580499,828.175143487,9.394245578));
#9035=CARTESIAN_POINT('',(314.066613375,828.11973221,9.474735094));
#9036=CARTESIAN_POINT('',(314.127514106,827.986342616,9.604875634));
#9037=CARTESIAN_POINT('',(314.166350759,827.908432606,9.65445983));
#9038=CARTESIAN_POINT('',(314.254129942,827.743555536,9.714129515));
#9039=CARTESIAN_POINT('',(314.303027498,827.656672967,9.724184221));
#9040=CARTESIAN_POINT('',(314.352735627,827.572806225,9.71358634));
#9041=CARTESIAN_POINT('',(313.553216529,828.007844077,8.959049075));
#9042=CARTESIAN_POINT('',(313.543104715,828.002006018,9.059145883));
#9043=CARTESIAN_POINT('',(313.544044723,827.977039042,9.159185204));
#9044=CARTESIAN_POINT('',(313.567857331,827.893375532,9.341000332));
#9045=CARTESIAN_POINT('',(313.590716253,827.83472703,9.422671714));
#9046=CARTESIAN_POINT('',(313.654192646,827.694434385,9.552724749));
#9047=CARTESIAN_POINT('',(313.694773667,827.612870794,9.601031688));
#9048=CARTESIAN_POINT('',(313.786260113,827.441704246,9.655440132));
#9049=CARTESIAN_POINT('',(313.837113004,827.35219958,9.661510346));
#9050=CARTESIAN_POINT('',(313.888463179,827.266892082,9.645893732));
#9051=CARTESIAN_POINT('',(313.394713714,827.916332434,8.937392586));
#9052=CARTESIAN_POINT('',(313.384425446,827.9103925,9.038373371));
#9053=CARTESIAN_POINT('',(313.385391012,827.884974498,9.139294065));
#9054=CARTESIAN_POINT('',(313.40965231,827.799873873,9.32238659));
#9055=CARTESIAN_POINT('',(313.432933619,827.740241882,9.404449461));
#9056=CARTESIAN_POINT('',(313.497501344,827.597820734,9.534459595));
#9057=CARTESIAN_POINT('',(313.538749355,827.515116315,9.582329466));
#9058=CARTESIAN_POINT('',(313.631561051,827.341984909,9.634959867));
#9059=CARTESIAN_POINT('',(313.683069519,827.251660941,9.63968903));
#9060=CARTESIAN_POINT('',(313.734926991,827.165915072,9.622393451));
#9061=CARTESIAN_POINT('',(313.077695047,827.733301622,8.89485785));
#9062=CARTESIAN_POINT('',(313.067478601,827.727403154,8.99764391));
#9063=CARTESIAN_POINT('',(313.068920671,827.701326596,9.100364417));
#9064=CARTESIAN_POINT('',(313.094847221,827.61379591,9.286061375));
#9065=CARTESIAN_POINT('',(313.119315177,827.552397596,9.368919388));
#9066=CARTESIAN_POINT('',(313.186589866,827.406057025,9.498832935));
#9067=CARTESIAN_POINT('',(313.229353708,827.321208083,9.54580559));
#9068=CARTESIAN_POINT('',(313.324970487,827.144352486,9.594811206));
#9069=CARTESIAN_POINT('',(313.377762455,827.052458616,9.596812864));
#9070=CARTESIAN_POINT('',(313.430498366,826.96587159,9.576120088));
#9071=CARTESIAN_POINT('',(312.919178353,827.641781966,8.874029889));
#9072=CARTESIAN_POINT('',(312.909085917,827.635955096,8.977694782));
#9073=CARTESIAN_POINT('',(312.910849208,827.609608881,9.081291342));
#9074=CARTESIAN_POINT('',(312.937746167,827.520989735,9.26824711));
#9075=CARTESIAN_POINT('',(312.962862122,827.458775217,9.351483077));
#9076=CARTESIAN_POINT('',(313.03155707,827.31060711,9.481320205));
#9077=CARTESIAN_POINT('',(313.075090799,827.224751182,9.527835761));
#9078=CARTESIAN_POINT('',(313.172085067,827.046153488,9.575033381));
#9079=CARTESIAN_POINT('',(313.22548168,826.953529446,9.575684295));
#9080=CARTESIAN_POINT('',(313.278597695,826.866566156,9.553322475));
#9081=CARTESIAN_POINT('',(312.443585692,827.367198415,8.814087588));
#9082=CARTESIAN_POINT('',(312.434148926,827.361750097,8.92012211));
#9083=CARTESIAN_POINT('',(312.4370967,827.334866809,9.026080583));
#9084=CARTESIAN_POINT('',(312.4671693,827.243667201,9.216417169));
#9085=CARTESIAN_POINT('',(312.494272623,827.179416275,9.300658749));
#9086=CARTESIAN_POINT('',(312.56713722,827.026603598,9.43024888));
#9087=CARTESIAN_POINT('',(312.612846301,826.938151411,9.475504407));
#9088=CARTESIAN_POINT('',(312.713578406,826.755040971,9.517775904));
#9089=CARTESIAN_POINT('',(312.768529225,826.660514033,9.514761404));
#9090=CARTESIAN_POINT('',(312.822508988,826.57257397,9.487894863));
#9091=CARTESIAN_POINT('',(312.126474508,827.184114187,8.77707557));
#9092=CARTESIAN_POINT('',(312.118041222,827.179245227,8.884408709));
#9093=CARTESIAN_POINT('',(312.122267937,827.152463213,8.991661384));
#9094=CARTESIAN_POINT('',(312.155174699,827.060609041,9.183849283));
#9095=CARTESIAN_POINT('',(312.183830167,826.995605784,9.268640424));
#9096=CARTESIAN_POINT('',(312.259631039,826.84087753,9.398099827));
#9097=CARTESIAN_POINT('',(312.306719681,826.751268552,9.442671012));
#9098=CARTESIAN_POINT('',(312.40954873,826.566073505,9.48228641));
#9099=CARTESIAN_POINT('',(312.465212069,826.470626282,9.477300879));
#9100=CARTESIAN_POINT('',(312.519374464,826.382188427,9.448035276));
#9101=CARTESIAN_POINT('',(311.650494785,826.909307166,8.7402384));
#9102=CARTESIAN_POINT('',(311.645285759,826.906299733,8.848959532));
#9103=CARTESIAN_POINT('',(311.653007763,826.880904533,8.957595651));
#9104=CARTESIAN_POINT('',(311.692687263,826.790693938,9.151792116));
#9105=CARTESIAN_POINT('',(311.724613754,826.725949093,9.23720061));
#9106=CARTESIAN_POINT('',(311.805909924,826.570832165,9.366629662));
#9107=CARTESIAN_POINT('',(311.85521605,826.480581378,9.410549007));
#9108=CARTESIAN_POINT('',(311.960749018,826.293724629,9.447536444));
#9109=CARTESIAN_POINT('',(312.016893345,826.197264779,9.440575602));
#9110=CARTESIAN_POINT('',(312.070496491,826.107942706,9.408893597));
#9111=CARTESIAN_POINT('',(311.49161854,826.817579923,8.731237773));
#9112=CARTESIAN_POINT('',(311.487777716,826.815363656,8.840307366));
#9113=CARTESIAN_POINT('',(311.496931204,826.790647675,8.949291093));
#9114=CARTESIAN_POINT('',(311.539289337,826.701453248,9.143998707));
#9115=CARTESIAN_POINT('',(311.572460559,826.63704524,9.229568851));
#9116=CARTESIAN_POINT('',(311.655761402,826.482253037,9.359013719));
#9117=CARTESIAN_POINT('',(311.705825265,826.391991073,9.40278623));
#9118=CARTESIAN_POINT('',(311.812174612,826.204857622,9.439157893));
#9119=CARTESIAN_POINT('',(311.868376129,826.108133897,9.431728319));
#9120=CARTESIAN_POINT('',(311.921651295,826.018498591,9.399470049));
#9121=CARTESIAN_POINT('',(311.174521092,826.634503626,8.722249312));
#9122=CARTESIAN_POINT('',(311.173708964,826.63403599,8.831982357));
#9123=CARTESIAN_POINT('',(311.186028979,826.61082442,8.941627177));
#9124=CARTESIAN_POINT('',(311.234298191,826.523882154,9.137273684));
#9125=CARTESIAN_POINT('',(311.270208489,826.460221575,9.22311761));
#9126=CARTESIAN_POINT('',(311.357896155,826.306147066,9.352473967));
#9127=CARTESIAN_POINT('',(311.409602833,826.215857382,9.395882088));
#9128=CARTESIAN_POINT('',(311.517676104,826.028097644,9.430867471));
#9129=CARTESIAN_POINT('',(311.573955556,825.930778993,9.422416515));
#9130=CARTESIAN_POINT('',(311.626455161,825.840435848,9.388926004));
#9131=CARTESIAN_POINT('',(311.016449416,826.543240901,8.722210442));
#9132=CARTESIAN_POINT('',(311.017311932,826.543738876,8.832242046));
#9133=CARTESIAN_POINT('',(311.031376872,826.521367997,8.942183977));
#9134=CARTESIAN_POINT('',(311.082887972,826.435702478,9.138236033));
#9135=CARTESIAN_POINT('',(311.120292183,826.372477667,9.224186378));
#9136=CARTESIAN_POINT('',(311.210352783,826.21884661,9.353444524));
#9137=CARTESIAN_POINT('',(311.262935797,826.128565578,9.396646978));
#9138=CARTESIAN_POINT('',(311.371895734,825.94049545,9.430903806));
#9139=CARTESIAN_POINT('',(311.428183863,825.842859629,9.421930253));
#9140=CARTESIAN_POINT('',(311.48022526,825.752125461,9.387819662));
#9141=CARTESIAN_POINT('',(310.701393693,826.361343395,8.732290552));
#9142=CARTESIAN_POINT('',(310.705824622,826.363901593,8.842855777));
#9143=CARTESIAN_POINT('',(310.723613606,826.343314465,8.953328765));
#9144=CARTESIAN_POINT('',(310.782039157,826.260330328,9.150052108));
#9145=CARTESIAN_POINT('',(310.822627017,826.198002562,9.236138349));
#9146=CARTESIAN_POINT('',(310.917723101,826.045238464,9.365028027));
#9147=CARTESIAN_POINT('',(310.972152016,825.954929579,9.407723936));
#9148=CARTESIAN_POINT('',(311.082929209,825.766108978,9.44032712));
#9149=CARTESIAN_POINT('',(311.139185078,825.667754783,9.430207188));
#9150=CARTESIAN_POINT('',(311.190187684,825.576157214,9.394766409));
#9151=CARTESIAN_POINT('',(310.544424719,826.270717316,8.742550296));
#9152=CARTESIAN_POINT('',(310.550824797,826.274412403,8.853363099));
#9153=CARTESIAN_POINT('',(310.570673865,826.254800696,8.9640822));
#9154=CARTESIAN_POINT('',(310.63292478,826.173260351,9.161082406));
#9155=CARTESIAN_POINT('',(310.675274022,826.111400678,9.247196928));
#9156=CARTESIAN_POINT('',(310.773146307,825.959051975,9.375793125));
#9157=CARTESIAN_POINT('',(310.828586615,825.868691775,9.418166056));
#9158=CARTESIAN_POINT('',(310.940333595,825.679391203,9.449780246));
#9159=CARTESIAN_POINT('',(310.996545782,825.580610897,9.438994763));
#9160=CARTESIAN_POINT('',(311.046940545,825.488518248,9.402797501));
#9161=CARTESIAN_POINT('',(310.231570669,826.090090946,8.773192768));
#9162=CARTESIAN_POINT('',(310.241474818,826.09580911,8.884330877));
#9163=CARTESIAN_POINT('',(310.264989602,826.077933198,8.995372747));
#9164=CARTESIAN_POINT('',(310.334032412,825.99895524,9.19265976));
#9165=CARTESIAN_POINT('',(310.379500683,825.937921599,9.278734062));
#9166=CARTESIAN_POINT('',(310.482258171,825.786289241,9.406672046));
#9167=CARTESIAN_POINT('',(310.539458428,825.695821835,9.448424935));
#9168=CARTESIAN_POINT('',(310.652828763,825.505630102,9.478246586));
#9169=CARTESIAN_POINT('',(310.708900675,825.406070469,9.466289513));
#9170=CARTESIAN_POINT('',(310.75814713,825.313076941,9.428788883));
#9171=CARTESIAN_POINT('',(310.075664285,826.000078353,8.793376503));
#9172=CARTESIAN_POINT('',(310.087135687,826.006701371,8.904610841));
#9173=CARTESIAN_POINT('',(310.112291498,825.989599136,9.015747812));
#9174=CARTESIAN_POINT('',(310.184370241,825.911754225,9.213072394));
#9175=CARTESIAN_POINT('',(310.231230102,825.851079699,9.299087279));
#9176=CARTESIAN_POINT('',(310.336154507,825.699741489,9.42666317));
#9177=CARTESIAN_POINT('',(310.394127223,825.609210278,9.4681125));
#9178=CARTESIAN_POINT('',(310.508181525,825.418588524,9.497101184));
#9179=CARTESIAN_POINT('',(310.56416328,825.318664836,9.484615155));
#9180=CARTESIAN_POINT('',(310.612864889,825.225256682,9.446539072));
#9181=CARTESIAN_POINT('',(309.609138793,825.730729735,8.865075811));
#9182=CARTESIAN_POINT('',(309.624684893,825.739705281,8.976521205));
#9183=CARTESIAN_POINT('',(309.654118611,825.724594517,9.087866153));
#9184=CARTESIAN_POINT('',(309.734117165,825.649617296,9.285198398));
#9185=CARTESIAN_POINT('',(309.784609988,825.589818451,9.371007834));
#9186=CARTESIAN_POINT('',(309.895179643,825.439112366,9.497525431));
#9187=CARTESIAN_POINT('',(309.95515688,825.348340971,9.538119545));
#9188=CARTESIAN_POINT('',(310.070947886,825.156469835,9.564805437));
#9189=CARTESIAN_POINT('',(310.126657309,825.055543021,9.550873136));
#9190=CARTESIAN_POINT('',(310.173887021,824.961025847,9.511238478));
#9191=CARTESIAN_POINT('',(309.299703385,825.552077119,8.927646474));
#9192=CARTESIAN_POINT('',(309.317125811,825.562135961,9.039133589));
#9193=CARTESIAN_POINT('',(309.348545007,825.547914881,9.150518637));
#9194=CARTESIAN_POINT('',(309.432225987,825.47415098,9.347727901));
#9195=CARTESIAN_POINT('',(309.484411186,825.414675698,9.433371571));
#9196=CARTESIAN_POINT('',(309.597592462,825.264078168,9.559240076));
#9197=CARTESIAN_POINT('',(309.658484938,825.173093792,9.599349673));
#9198=CARTESIAN_POINT('',(309.775012171,824.980466109,9.624788114));
#9199=CARTESIAN_POINT('',(309.830540253,824.878999147,9.610093659));
#9200=CARTESIAN_POINT('',(309.877012235,824.783928286,9.569657717));
#9201=CARTESIAN_POINT('',(308.843140894,825.288480641,9.028848016));
#9202=CARTESIAN_POINT('',(308.86223217,825.299502995,9.140486603));
#9203=CARTESIAN_POINT('',(308.895447791,825.286020178,9.252021129));
#9204=CARTESIAN_POINT('',(308.98250035,825.213140594,9.449268938));
#9205=CARTESIAN_POINT('',(309.036256151,825.153811762,9.534798362));
#9206=CARTESIAN_POINT('',(309.151882466,825.003000514,9.660026968));
#9207=CARTESIAN_POINT('',(309.213645207,824.911658672,9.699609421));
#9208=CARTESIAN_POINT('',(309.330886637,824.718078519,9.723620671));
#9209=CARTESIAN_POINT('',(309.386256046,824.616020646,9.708027086));
#9210=CARTESIAN_POINT('',(309.432016524,824.520413366,9.666624676));
#9211=CARTESIAN_POINT('',(308.695523036,825.203253432,9.062895209));
#9212=CARTESIAN_POINT('',(308.714971932,825.214482257,9.174589049));
#9213=CARTESIAN_POINT('',(308.748578886,825.201146547,9.286178286));
#9214=CARTESIAN_POINT('',(308.836373993,825.128415674,9.483463218));
#9215=CARTESIAN_POINT('',(308.89047993,825.069088627,9.568974152));
#9216=CARTESIAN_POINT('',(309.006655376,824.918166594,9.694050991));
#9217=CARTESIAN_POINT('',(309.068616089,824.826712949,9.733499759));
#9218=CARTESIAN_POINT('',(309.186022241,824.632870128,9.757138037));
#9219=CARTESIAN_POINT('',(309.241357729,824.530662488,9.741305407));
#9220=CARTESIAN_POINT('',(309.286957365,824.434931067,9.699643029));
#9221=CARTESIAN_POINT('',(308.547974302,825.11806613,9.097588033));
#9222=CARTESIAN_POINT('',(308.567658748,825.129430951,9.209331126));
#9223=CARTESIAN_POINT('',(308.601526972,825.116186024,9.320969194));
#9224=CARTESIAN_POINT('',(308.68982227,825.043530667,9.518295012));
#9225=CARTESIAN_POINT('',(308.744166361,824.984188525,9.6037973));
#9226=CARTESIAN_POINT('',(308.860717579,824.833157822,9.728766447));
#9227=CARTESIAN_POINT('',(308.922815166,824.741611213,9.768115849));
#9228=CARTESIAN_POINT('',(309.040336635,824.547563269,9.791471518));
#9229=CARTESIAN_POINT('',(309.095650062,824.445244315,9.775455833));
#9230=CARTESIAN_POINT('',(309.141139395,824.349426133,9.733592953));
#9231=B_SPLINE_SURFACE_WITH_KNOTS('',3,3,((#9011,#9012,#9013,#9014,#9015,#9016,#9017,#9018,#9019,#9020),(#9021,#9022,#9023,#9024,#9025,#9026,#9027,#9028,#9029,#9030),(#9031,#9032,#9033,#9034,#9035,#9036,#9037,#9038,#9039,#9040),(#9041,#9042,#9043,#9044,#9045,#9046,#9047,#9048,#9049,#9050),(#9051,#9052,#9053,#9054,#9055,#9056,#9057,#9058,#9059,#9060),(#9061,#9062,#9063,#9064,#9065,#9066,#9067,#9068,#9069,#9070),(#9071,#9072,#9073,#9074,#9075,#9076,#9077,#9078,#9079,#9080),(#9081,#9082,#9083,#9084,#9085,#9086,#9087,#9088,#9089,#9090),(#9091,#9092,#9093,#9094,#9095,#9096,#9097,#9098,#9099,#9100),(#9101,#9102,#9103,#9104,#9105,#9106,#9107,#9108,#9109,#9110),(#9111,#9112,#9113,#9114,#9115,#9116,#9117,#9118,#9119,#9120),(#9121,#9122,#9123,#9124,#9125,#9126,#9127,#9128,#9129,#9130),(#9131,#9132,#9133,#9134,#9135,#9136,#9137,#9138,#9139,#9140),(#9141,#9142,#9143,#9144,#9145,#9146,#9147,#9148,#9149,#9150),(#9151,#9152,#9153,#9154,#9155,#9156,#9157,#9158,#9159,#9160),(#9161,#9162,#9163,#9164,#9165,#9166,#9167,#9168,#9169,#9170),(#9171,#9172,#9173,#9174,#9175,#9176,#9177,#9178,#9179,#9180),(#9181,#9182,#9183,#9184,#9185,#9186,#9187,#9188,#9189,#9190),(#9191,#9192,#9193,#9194,#9195,#9196,#9197,#9198,#9199,#9200),(#9201,#9202,#9203,#9204,#9205,#9206,#9207,#9208,#9209,#9210),(#9211,#9212,#9213,#9214,#9215,#9216,#9217,#9218,#9219,#9220),(#9221,#9222,#9223,#9224,#9225,#9226,#9227,#9228,#9229,#9230)),.UNSPECIFIED.,.F.,.F.,.U.,(4,2,2,2,2,2,2,2,2,2,4),(4,2,2,2,4),(0.098987055,0.100087786,0.100638152,0.101188518,0.102289249,0.102839615,0.103389981,0.103940346,0.104490712,0.105591444,0.106118119),(0.,0.25,0.5,0.75,1.),.UNSPECIFIED.);
#9232=ORIENTED_EDGE('',*,*,#9006,.F.);
#9233=ORIENTED_EDGE('',*,*,#1136,.F.);
#9234=ORIENTED_EDGE('',*,*,#7389,.F.);
#9235=ORIENTED_EDGE('',*,*,#7825,.F.);
#9236=EDGE_LOOP('',(#9232,#9233,#9234,#9235));
#9237=FACE_BOUND('',#9236,.T.);
#9238=ADVANCED_FACE('',(#9237),#9231,.T.);
#9239=CARTESIAN_POINT('',(319.47022844,821.722572871,9.127766131));
#9240=CARTESIAN_POINT('',(319.470117376,821.722765772,9.219308163));
#9241=CARTESIAN_POINT('',(319.454258613,821.713866634,9.310814367));
#9242=CARTESIAN_POINT('',(319.393431564,821.679223113,9.479988448));
#9243=CARTESIAN_POINT('',(319.34848712,821.653492309,9.557590014));
#9244=CARTESIAN_POINT('',(319.23629807,821.58908369,9.687147414));
#9245=CARTESIAN_POINT('',(319.169097438,821.550431121,9.739052466));
#9246=CARTESIAN_POINT('',(319.022593974,821.466044558,9.809306406));
#9247=CARTESIAN_POINT('',(318.943348566,821.420343641,9.827627757));
#9248=CARTESIAN_POINT('',(318.864070529,821.37457283,9.82776531));
#9249=CARTESIAN_POINT('',(319.258096663,822.089995887,9.126730837));
#9250=CARTESIAN_POINT('',(319.257939946,822.090267844,9.218327864));
#9251=CARTESIAN_POINT('',(319.242016321,822.08143663,9.309888952));
#9252=CARTESIAN_POINT('',(319.181033699,822.046898053,9.4791481));
#9253=CARTESIAN_POINT('',(319.135998661,822.02120426,9.556779655));
#9254=CARTESIAN_POINT('',(319.023624407,821.956837739,9.686353671));
#9255=CARTESIAN_POINT('',(318.956329342,821.918190301,9.738245222));
#9256=CARTESIAN_POINT('',(318.809659475,821.833788245,9.808421364));
#9257=CARTESIAN_POINT('',(318.730342298,821.788066789,9.826678383));
#9258=CARTESIAN_POINT('',(318.651016351,821.742268245,9.826729383));
#9259=CARTESIAN_POINT('',(319.045964769,822.457419105,9.125166536));
#9260=CARTESIAN_POINT('',(319.045770352,822.45775555,9.216851546));
#9261=CARTESIAN_POINT('',(319.029778415,822.448971116,9.308500368));
#9262=CARTESIAN_POINT('',(318.968612629,822.414486178,9.477895553));
#9263=CARTESIAN_POINT('',(318.923462901,822.388799275,9.55557511));
#9264=CARTESIAN_POINT('',(318.810842857,822.324412874,9.685176009));
#9265=CARTESIAN_POINT('',(318.743416955,822.285738769,9.737046239));
#9266=CARTESIAN_POINT('',(318.596508019,822.201264788,9.807098718));
#9267=CARTESIAN_POINT('',(318.517082923,822.155498228,9.825253336));
#9268=CARTESIAN_POINT('',(318.437679906,822.109655248,9.825166399));
#9269=CARTESIAN_POINT('',(318.619494296,823.196087633,9.120066112));
#9270=CARTESIAN_POINT('',(318.619138597,823.196703424,9.212257111));
#9271=CARTESIAN_POINT('',(318.60280775,823.188095628,9.304410912));
#9272=CARTESIAN_POINT('',(318.540686782,823.153745999,9.474586873));
#9273=CARTESIAN_POINT('',(318.494921703,823.128018015,9.552540423));
#9274=CARTESIAN_POINT('',(318.380963266,823.063380325,9.682287476));
#9275=CARTESIAN_POINT('',(318.312815849,823.024496679,9.734028668));
#9276=CARTESIAN_POINT('',(318.16457976,822.939531142,9.803353552));
#9277=CARTESIAN_POINT('',(318.08455085,822.893483506,9.820909292));
#9278=CARTESIAN_POINT('',(318.004714892,822.847383077,9.820019199));
#9279=CARTESIAN_POINT('',(318.405155667,823.567333028,9.116306317));
#9280=CARTESIAN_POINT('',(318.404673589,823.568167076,9.208905622));
#9281=CARTESIAN_POINT('',(318.388072607,823.559694418,9.301466845));
#9282=CARTESIAN_POINT('',(318.325186594,823.525439576,9.472271872));
#9283=CARTESIAN_POINT('',(318.278927354,823.499671448,9.550445604));
#9284=CARTESIAN_POINT('',(318.163893065,823.434818465,9.680307545));
#9285=CARTESIAN_POINT('',(318.095165199,823.395760217,9.731942473));
#9286=CARTESIAN_POINT('',(317.945861666,823.310389524,9.800674937));
#9287=CARTESIAN_POINT('',(317.865347246,823.2641121,9.817744262));
#9288=CARTESIAN_POINT('',(317.785163901,823.21780262,9.816202821));
#9289=CARTESIAN_POINT('',(317.976477575,824.309825263,9.105000547));
#9290=CARTESIAN_POINT('',(317.975730508,824.311118275,9.198726618));
#9291=CARTESIAN_POINT('',(317.958462465,824.302872158,9.292412231));
#9292=CARTESIAN_POINT('',(317.893604735,824.268601215,9.464941553));
#9293=CARTESIAN_POINT('',(317.84604297,824.242591149,9.543710965));
#9294=CARTESIAN_POINT('',(317.72814674,824.176920007,9.673848156));
#9295=CARTESIAN_POINT('',(317.657863035,824.137287211,9.725159888));
#9296=CARTESIAN_POINT('',(317.505697602,824.050671569,9.792184142));
#9297=CARTESIAN_POINT('',(317.423881394,824.003726022,9.80786779));
#9298=CARTESIAN_POINT('',(317.342776978,823.956841042,9.804486681));
#9299=CARTESIAN_POINT('',(317.762138214,824.681071926,9.097358424));
#9300=CARTESIAN_POINT('',(317.761243941,824.682620857,9.191795389));
#9301=CARTESIAN_POINT('',(317.743572672,824.67448267,9.286190451));
#9302=CARTESIAN_POINT('',(317.677501282,824.640133322,9.459802898));
#9303=CARTESIAN_POINT('',(317.62913047,824.6139374,9.538943243));
#9304=CARTESIAN_POINT('',(317.50945205,824.547691374,9.669236841));
#9305=CARTESIAN_POINT('',(317.438197534,824.507670658,9.720332266));
#9306=CARTESIAN_POINT('',(317.284250415,824.420232609,9.786248256));
#9307=CARTESIAN_POINT('',(317.201626113,824.372854068,9.801039545));
#9308=CARTESIAN_POINT('',(317.119956695,824.3256038,9.796479983));
#9309=CARTESIAN_POINT('',(317.440628519,825.237943053,9.08462772));
#9310=CARTESIAN_POINT('',(317.439661426,825.239618111,9.180273119));
#9311=CARTESIAN_POINT('',(317.421477597,825.231352039,9.275873843));
#9312=CARTESIAN_POINT('',(317.353657618,825.196292865,9.451311997));
#9313=CARTESIAN_POINT('',(317.304053143,825.169516137,9.53106748));
#9314=CARTESIAN_POINT('',(317.181587712,825.101858395,9.661575));
#9315=CARTESIAN_POINT('',(317.108783955,825.061008982,9.712266075));
#9316=CARTESIAN_POINT('',(316.951970408,824.971966278,9.776211474));
#9317=CARTESIAN_POINT('',(316.868033862,824.923814578,9.789435923));
#9318=CARTESIAN_POINT('',(316.785448275,824.87597978,9.782827645));
#9319=CARTESIAN_POINT('',(317.333457796,825.423568191,9.080288893));
#9320=CARTESIAN_POINT('',(317.332501881,825.425223883,9.176368981));
#9321=CARTESIAN_POINT('',(317.314170505,825.416846797,9.272403375));
#9322=CARTESIAN_POINT('',(317.245788874,825.381412587,9.448496071));
#9323=CARTESIAN_POINT('',(317.195771139,825.354372312,9.528470625));
#9324=CARTESIAN_POINT('',(317.07235484,825.286117863,9.659047651));
#9325=CARTESIAN_POINT('',(316.999014968,825.244936147,9.70958802));
#9326=CARTESIAN_POINT('',(316.841202396,825.155275255,9.77281226));
#9327=CARTESIAN_POINT('',(316.756804747,825.106838718,9.785466056));
#9328=CARTESIAN_POINT('',(316.673895641,825.058801906,9.778114601));
#9329=CARTESIAN_POINT('',(317.119119083,825.794813731,9.071927005));
#9330=CARTESIAN_POINT('',(317.118192808,825.796418086,9.168830143));
#9331=CARTESIAN_POINT('',(317.099588547,825.787814999,9.265685605));
#9332=CARTESIAN_POINT('',(317.030152758,825.751640662,9.443012432));
#9333=CARTESIAN_POINT('',(316.979355391,825.72408721,9.523396552));
#9334=CARTESIAN_POINT('',(316.854144357,825.654681366,9.654087353));
#9335=CARTESIAN_POINT('',(316.779792292,825.612863119,9.70432973));
#9336=CARTESIAN_POINT('',(316.620099015,825.5220286,9.766158385));
#9337=CARTESIAN_POINT('',(316.534836371,825.473057016,9.777714235));
#9338=CARTESIAN_POINT('',(316.451327228,825.424648983,9.768939487));
#9339=CARTESIAN_POINT('',(317.011950565,825.980435049,9.06784293));
#9340=CARTESIAN_POINT('',(317.011052428,825.981990669,9.165143293));
#9341=CARTESIAN_POINT('',(316.992329474,825.973254088,9.262394999));
#9342=CARTESIAN_POINT('',(316.922407847,825.93667734,9.440315031));
#9343=CARTESIAN_POINT('',(316.871244139,825.90885546,9.520894383));
#9344=CARTESIAN_POINT('',(316.745184038,825.838860783,9.651631826));
#9345=CARTESIAN_POINT('',(316.670350684,825.796722985,9.701724536));
#9346=CARTESIAN_POINT('',(316.509762906,825.705309434,9.762865819));
#9347=CARTESIAN_POINT('',(316.424088787,825.656079391,9.773883811));
#9348=CARTESIAN_POINT('',(316.340296124,825.607498774,9.764414926));
#9349=CARTESIAN_POINT('',(316.690456591,826.537278947,9.056928272));
#9350=CARTESIAN_POINT('',(316.689765936,826.538475197,9.155340143));
#9351=CARTESIAN_POINT('',(316.67083861,826.529141661,9.25370056));
#9352=CARTESIAN_POINT('',(316.59979013,826.491031396,9.433275791));
#9353=CARTESIAN_POINT('',(316.547706119,826.462274582,9.51439671));
#9354=CARTESIAN_POINT('',(316.419442481,826.3903392,9.645248891));
#9355=CARTESIAN_POINT('',(316.343329909,826.347198232,9.694911722));
#9356=CARTESIAN_POINT('',(316.180330412,826.254043819,9.754104241));
#9357=CARTESIAN_POINT('',(316.093528705,826.204079072,9.763602954));
#9358=CARTESIAN_POINT('',(316.008944887,826.155055282,9.75217985));
#9359=CARTESIAN_POINT('',(316.476140753,826.908484868,9.051208906));
#9360=CARTESIAN_POINT('',(316.475744102,826.909171887,9.150297496));
#9361=CARTESIAN_POINT('',(316.45685948,826.899184383,9.249332845));
#9362=CARTESIAN_POINT('',(316.385429707,826.859614319,9.429908877));
#9363=CARTESIAN_POINT('',(316.332922934,826.830053025,9.511352537));
#9364=CARTESIAN_POINT('',(316.203544286,826.756568501,9.64225161));
#9365=CARTESIAN_POINT('',(316.126741926,826.712684757,9.691636691));
#9366=CARTESIAN_POINT('',(315.962395598,826.618339424,9.749607084));
#9367=CARTESIAN_POINT('',(315.874939934,826.567928528,9.758161247));
#9368=CARTESIAN_POINT('',(315.789879292,826.518704881,9.74553339));
#9369=CARTESIAN_POINT('',(316.154765481,827.465123166,9.05400702));
#9370=CARTESIAN_POINT('',(316.155286926,827.464219999,9.152908065));
#9371=CARTESIAN_POINT('',(316.137387783,827.452682344,9.251756351));
#9372=CARTESIAN_POINT('',(316.067879838,827.410356761,9.432053206));
#9373=CARTESIAN_POINT('',(316.016308114,827.379591412,9.513405596));
#9374=CARTESIAN_POINT('',(315.888551939,827.304238301,9.644285127));
#9375=CARTESIAN_POINT('',(315.812435639,827.259690735,9.69374245));
#9376=CARTESIAN_POINT('',(315.649043657,827.164647546,9.752039294));
#9377=CARTESIAN_POINT('',(315.561855135,827.114202623,9.760847718));
#9378=CARTESIAN_POINT('',(315.4768012,827.065247223,9.748545585));
#9379=CARTESIAN_POINT('',(316.047658852,827.65063729,9.05707233));
#9380=CARTESIAN_POINT('',(316.048572317,827.649055122,9.155741976));
#9381=CARTESIAN_POINT('',(316.031148738,827.636887179,9.254359466));
#9382=CARTESIAN_POINT('',(315.962661659,827.593500174,9.434312445));
#9383=CARTESIAN_POINT('',(315.91163435,827.562304054,9.515552811));
#9384=CARTESIAN_POINT('',(315.784899502,827.486341123,9.646410149));
#9385=CARTESIAN_POINT('',(315.709258943,827.441614471,9.695957945));
#9386=CARTESIAN_POINT('',(315.546606296,827.346461824,9.754660535));
#9387=CARTESIAN_POINT('',(315.459680179,827.296086128,9.763784287));
#9388=CARTESIAN_POINT('',(315.374724787,827.247298439,9.751885254));
#9389=CARTESIAN_POINT('',(315.833487853,828.021592341,9.068084954));
#9390=CARTESIAN_POINT('',(315.83509789,828.018803675,9.165720935));
#9391=CARTESIAN_POINT('',(315.818744507,828.00564572,9.263307353));
#9392=CARTESIAN_POINT('',(315.752902814,827.960839187,9.441716155));
#9393=CARTESIAN_POINT('',(315.703447916,827.929213366,9.522447972));
#9394=CARTESIAN_POINT('',(315.579914576,827.85291803,9.653179509));
#9395=CARTESIAN_POINT('',(315.505898832,827.808287251,9.703112859));
#9396=CARTESIAN_POINT('',(315.346008203,827.713681425,9.763586786));
#9397=CARTESIAN_POINT('',(315.260214477,827.663754404,9.774096653));
#9398=CARTESIAN_POINT('',(315.175897774,827.615466349,9.763981394));
#9399=CARTESIAN_POINT('',(315.726423132,828.207033878,9.075991606));
#9400=CARTESIAN_POINT('',(315.72835615,828.203685793,9.172838164));
#9401=CARTESIAN_POINT('',(315.712611196,828.190133531,9.269637121));
#9402=CARTESIAN_POINT('',(315.648410955,828.144900289,9.446865057));
#9403=CARTESIAN_POINT('',(315.5999872,828.113241548,9.52720692));
#9404=CARTESIAN_POINT('',(315.478631345,828.037162873,9.6578373));
#9405=CARTESIAN_POINT('',(315.405758865,827.992780333,9.708061584));
#9406=CARTESIAN_POINT('',(315.247874376,827.898790697,9.769880725));
#9407=CARTESIAN_POINT('',(315.16293995,827.849229796,9.781445143));
#9408=CARTESIAN_POINT('',(315.079152847,827.801269141,9.772689413));
#9409=CARTESIAN_POINT('',(315.619373195,828.392449808,9.085606122));
#9410=CARTESIAN_POINT('',(315.621522831,828.388726528,9.18134403));
#9411=CARTESIAN_POINT('',(315.606392076,828.375028746,9.277036895));
#9412=CARTESIAN_POINT('',(315.544059207,828.329937836,9.452588444));
#9413=CARTESIAN_POINT('',(315.496886419,828.298565923,9.532364534));
#9414=CARTESIAN_POINT('',(315.378289353,828.223330718,9.662791996));
#9415=CARTESIAN_POINT('',(315.306920871,828.179502823,9.713382003));
#9416=CARTESIAN_POINT('',(315.15178608,828.086637336,9.776991131));
#9417=CARTESIAN_POINT('',(315.068092759,828.037643436,9.789980325));
#9418=CARTESIAN_POINT('',(314.985158433,827.990118797,9.783085609));
#9419=B_SPLINE_SURFACE_WITH_KNOTS('',3,3,((#9239,#9240,#9241,#9242,#9243,#9244,#9245,#9246,#9247,#9248),(#9249,#9250,#9251,#9252,#9253,#9254,#9255,#9256,#9257,#9258),(#9259,#9260,#9261,#9262,#9263,#9264,#9265,#9266,#9267,#9268),(#9269,#9270,#9271,#9272,#9273,#9274,#9275,#9276,#9277,#9278),(#9279,#9280,#9281,#9282,#9283,#9284,#9285,#9286,#9287,#9288),(#9289,#9290,#9291,#9292,#9293,#9294,#9295,#9296,#9297,#9298),(#9299,#9300,#9301,#9302,#9303,#9304,#9305,#9306,#9307,#9308),(#9309,#9310,#9311,#9312,#9313,#9314,#9315,#9316,#9317,#9318),(#9319,#9320,#9321,#9322,#9323,#9324,#9325,#9326,#9327,#9328),(#9329,#9330,#9331,#9332,#9333,#9334,#9335,#9336,#9337,#9338),(#9339,#9340,#9341,#9342,#9343,#9344,#9345,#9346,#9347,#9348),(#9349,#9350,#9351,#9352,#9353,#9354,#9355,#9356,#9357,#9358),(#9359,#9360,#9361,#9362,#9363,#9364,#9365,#9366,#9367,#9368),(#9369,#9370,#9371,#9372,#9373,#9374,#9375,#9376,#9377,#9378),(#9379,#9380,#9381,#9382,#9383,#9384,#9385,#9386,#9387,#9388),(#9389,#9390,#9391,#9392,#9393,#9394,#9395,#9396,#9397,#9398),(#9399,#9400,#9401,#9402,#9403,#9404,#9405,#9406,#9407,#9408),(#9409,#9410,#9411,#9412,#9413,#9414,#9415,#9416,#9417,#9418)),.UNSPECIFIED.,.F.,.F.,.U.,(4,2,2,2,2,2,2,2,4),(4,2,2,2,4),(0.074601195,0.075873957,0.077159956,0.078445955,0.079088955,0.079731954,0.081017954,0.081660953,0.082303953),(0.,0.25,0.5,0.75,1.),.UNSPECIFIED.);
#9420=ORIENTED_EDGE('',*,*,#1109,.F.);
#9421=CARTESIAN_POINT('',(318.863205132,821.37606292,9.827761062));
#9422=CARTESIAN_POINT('',(318.892074709,821.484034409,9.827448946));
#9423=CARTESIAN_POINT('',(318.920578424,821.590602654,9.814117117));
#9424=CARTESIAN_POINT('',(318.948592336,821.69525499,9.786644922));
#9425=CARTESIAN_POINT('',(318.976606248,821.799907325,9.759172726));
#9426=CARTESIAN_POINT('',(319.003214349,821.899224989,9.718668465));
#9427=CARTESIAN_POINT('',(319.028007423,821.991636284,9.661295669));
#9428=CARTESIAN_POINT('',(319.052800498,822.084047579,9.603922873));
#9429=CARTESIAN_POINT('',(319.075231456,822.167507635,9.530317433));
#9430=CARTESIAN_POINT('',(319.09198882,822.229639608,9.439076665));
#9431=CARTESIAN_POINT('',(319.108746184,822.291771582,9.347835898));
#9432=CARTESIAN_POINT('',(319.119184309,822.330162473,9.23959181));
#9433=CARTESIAN_POINT('',(319.119372069,822.330271331,9.126817165));
#9434=B_SPLINE_CURVE_WITH_KNOTS('',3,(#9421,#9422,#9423,#9424,#9425,#9426,#9427,#9428,#9429,#9430,#9431,#9432,#9433),.UNSPECIFIED.,.F.,.F.,(4,3,3,3,4),(0.,0.000332468,0.000664936,0.000997404,0.001329872),.UNSPECIFIED.);
#9435=EDGE_CURVE('',#1076,#7410,#9434,.T.);
#9436=ORIENTED_EDGE('',*,*,#9435,.T.);
#9437=ORIENTED_EDGE('',*,*,#7428,.F.);
#9438=ORIENTED_EDGE('',*,*,#7381,.F.);
#9439=ORIENTED_EDGE('',*,*,#7396,.F.);
#9440=EDGE_LOOP('',(#9420,#9436,#9437,#9438,#9439));
#9441=FACE_BOUND('',#9440,.T.);
#9442=ADVANCED_FACE('',(#9441),#9419,.T.);
#9443=CARTESIAN_POINT('',(324.403307894,825.380953102,9.121748231));
#9444=CARTESIAN_POINT('',(324.40315411,825.380864375,9.213605696));
#9445=CARTESIAN_POINT('',(324.412155871,825.364917918,9.30542667));
#9446=CARTESIAN_POINT('',(324.44710708,825.303724795,9.47508844));
#9447=CARTESIAN_POINT('',(324.473042639,825.258502444,9.552861817));
#9448=CARTESIAN_POINT('',(324.537905468,825.145655538,9.682514009));
#9449=CARTESIAN_POINT('',(324.576806963,825.078075825,9.734341303));
#9450=CARTESIAN_POINT('',(324.661658099,824.930839495,9.804148531));
#9451=CARTESIAN_POINT('',(324.707574023,824.851241386,9.822100726));
#9452=CARTESIAN_POINT('',(324.753503091,824.771691292,9.821741983));
#9453=CARTESIAN_POINT('',(324.113259593,825.213493637,9.12110086));
#9454=CARTESIAN_POINT('',(324.113058051,825.213377337,9.213079587));
#9455=CARTESIAN_POINT('',(324.122036566,825.197360896,9.305021582));
#9456=CARTESIAN_POINT('',(324.156990307,825.135959819,9.474870668));
#9457=CARTESIAN_POINT('',(324.182951569,825.090599709,9.552709911));
#9458=CARTESIAN_POINT('',(324.247900642,824.977448275,9.682397853));
#9459=CARTESIAN_POINT('',(324.286862509,824.909702149,9.734194746));
#9460=CARTESIAN_POINT('',(324.371844525,824.762156336,9.803828952));
#9461=CARTESIAN_POINT('',(324.417830728,824.682415587,9.821638449));
#9462=CARTESIAN_POINT('',(324.463820613,824.602761326,9.821088116));
#9463=CARTESIAN_POINT('',(323.823212865,825.046035081,9.12009643));
#9464=CARTESIAN_POINT('',(323.822969407,825.045894588,9.212183869));
#9465=CARTESIAN_POINT('',(323.831928049,825.029815816,9.30423436));
#9466=CARTESIAN_POINT('',(323.866886011,824.968228941,9.474251129));
#9467=CARTESIAN_POINT('',(323.8928713,824.922745557,9.55214917));
#9468=CARTESIAN_POINT('',(323.957899475,824.809321578,9.681868283));
#9469=CARTESIAN_POINT('',(323.996916262,824.741426505,9.733637291));
#9470=CARTESIAN_POINT('',(324.082016784,824.593603992,9.803114827));
#9471=CARTESIAN_POINT('',(324.128066365,824.513735879,9.820795469));
#9472=CARTESIAN_POINT('',(324.174110835,824.433988975,9.820072458));
#9473=CARTESIAN_POINT('',(323.243118911,824.71111768,9.118200383));
#9474=CARTESIAN_POINT('',(323.24291055,824.710997451,9.210413397));
#9475=CARTESIAN_POINT('',(323.251929678,824.694894935,9.302589211));
#9476=CARTESIAN_POINT('',(323.287046528,824.633182702,9.472799671));
#9477=CARTESIAN_POINT('',(323.313130078,824.587597888,9.55076563));
#9478=CARTESIAN_POINT('',(323.378366877,824.473927471,9.680520772));
#9479=CARTESIAN_POINT('',(323.4174938,824.405887739,9.732257593));
#9480=CARTESIAN_POINT('',(323.502793616,824.257782628,9.801554271));
#9481=CARTESIAN_POINT('',(323.548932087,824.177777017,9.819086165));
#9482=CARTESIAN_POINT('',(323.595038573,824.097923097,9.81816385));
#9483=CARTESIAN_POINT('',(322.953071197,824.543658554,9.117419838));
#9484=CARTESIAN_POINT('',(322.952958214,824.543593337,9.209653801));
#9485=CARTESIAN_POINT('',(322.962076866,824.527538564,9.301850514));
#9486=CARTESIAN_POINT('',(322.997385232,824.465901052,9.47209332));
#9487=CARTESIAN_POINT('',(323.023560684,824.420343209,9.550070654));
#9488=CARTESIAN_POINT('',(323.088957779,824.306704868,9.679832002));
#9489=CARTESIAN_POINT('',(323.128153009,824.238670268,9.731563607));
#9490=CARTESIAN_POINT('',(323.213552699,824.090557367,9.800830553));
#9491=CARTESIAN_POINT('',(323.259722666,824.010538889,9.818337918));
#9492=CARTESIAN_POINT('',(323.305838259,823.930666784,9.817382701));
#9493=CARTESIAN_POINT('',(322.082917901,824.041275315,9.117382904));
#9494=CARTESIAN_POINT('',(322.083135083,824.041400718,9.209439324));
#9495=CARTESIAN_POINT('',(322.092547805,824.025598776,9.30145885));
#9496=CARTESIAN_POINT('',(322.128332571,823.964543628,9.471427903));
#9497=CARTESIAN_POINT('',(322.154690271,823.919314892,9.549309307));
#9498=CARTESIAN_POINT('',(322.22032723,823.806334346,9.679020061));
#9499=CARTESIAN_POINT('',(322.25958018,823.738627817,9.730797422));
#9500=CARTESIAN_POINT('',(322.344984598,823.591080391,9.800320717));
#9501=CARTESIAN_POINT('',(322.391101835,823.511298631,9.818038785));
#9502=CARTESIAN_POINT('',(322.43712687,823.431576232,9.81736578));
#9503=CARTESIAN_POINT('',(321.502803722,823.706346237,9.120130692));
#9504=CARTESIAN_POINT('',(321.503090456,823.706511802,9.212065496));
#9505=CARTESIAN_POINT('',(321.51254825,823.690792361,9.303963647));
#9506=CARTESIAN_POINT('',(321.548371125,823.629968269,9.47374476));
#9507=CARTESIAN_POINT('',(321.574721923,823.584887869,9.551560029));
#9508=CARTESIAN_POINT('',(321.640304572,823.472229508,9.681234614));
#9509=CARTESIAN_POINT('',(321.679510274,823.404696466,9.733042228));
#9510=CARTESIAN_POINT('',(321.764802543,823.257468097,9.802738336));
#9511=CARTESIAN_POINT('',(321.810855103,823.177831472,9.82059904));
#9512=CARTESIAN_POINT('',(321.85682077,823.098213246,9.820117552));
#9513=CARTESIAN_POINT('',(320.342579955,823.036490733,9.124421987));
#9514=CARTESIAN_POINT('',(320.3428028,823.036619411,9.216177418));
#9515=CARTESIAN_POINT('',(320.35216049,823.020925869,9.307896553));
#9516=CARTESIAN_POINT('',(320.387731331,822.960266135,9.477400587));
#9517=CARTESIAN_POINT('',(320.41393041,822.91532394,9.555118428));
#9518=CARTESIAN_POINT('',(320.479196396,822.803007065,9.684740145));
#9519=CARTESIAN_POINT('',(320.518237483,822.735676819,9.73659274));
#9520=CARTESIAN_POINT('',(320.603235523,822.588848413,9.806544826));
#9521=CARTESIAN_POINT('',(320.64915885,822.509408341,9.824616643));
#9522=CARTESIAN_POINT('',(320.695036257,822.429945342,9.824418606));
#9523=CARTESIAN_POINT('',(319.762468014,822.701562948,9.125825024));
#9524=CARTESIAN_POINT('',(319.762592211,822.701634367,9.217501485));
#9525=CARTESIAN_POINT('',(319.771835332,822.685911232,9.309141753));
#9526=CARTESIAN_POINT('',(319.807164861,822.625248103,9.47852354));
#9527=CARTESIAN_POINT('',(319.833237341,822.580332027,9.55619828));
#9528=CARTESIAN_POINT('',(319.898264016,822.468107621,9.685796152));
#9529=CARTESIAN_POINT('',(319.937192574,822.400843536,9.73766819));
#9530=CARTESIAN_POINT('',(320.022006738,822.25416016,9.807732179));
#9531=CARTESIAN_POINT('',(320.067858906,822.1747987,9.825896506));
#9532=CARTESIAN_POINT('',(320.113697154,822.095404354,9.825822864));
#9533=CARTESIAN_POINT('',(318.958987768,822.237673411,9.127067902));
#9534=CARTESIAN_POINT('',(318.959088618,822.237731352,9.218622414));
#9535=CARTESIAN_POINT('',(318.968283861,822.22203725,9.310140973));
#9536=CARTESIAN_POINT('',(319.003479391,822.161506686,9.479334045));
#9537=CARTESIAN_POINT('',(319.029465875,822.116693961,9.556942206));
#9538=CARTESIAN_POINT('',(319.094305717,822.004717252,9.686502939));
#9539=CARTESIAN_POINT('',(319.133133646,821.937597181,9.738404702));
#9540=CARTESIAN_POINT('',(319.217762515,821.791194145,9.808640598));
#9541=CARTESIAN_POINT('',(319.263530267,821.711968596,9.826947188));
#9542=CARTESIAN_POINT('',(319.309307663,821.632680127,9.827064986));
#9543=CARTESIAN_POINT('',(318.735619498,822.108711681,9.127381215));
#9544=CARTESIAN_POINT('',(318.735724369,822.108772112,9.218901201));
#9545=CARTESIAN_POINT('',(318.74491669,822.093092524,9.31038533));
#9546=CARTESIAN_POINT('',(318.780093948,822.032611105,9.479525062));
#9547=CARTESIAN_POINT('',(318.806065109,821.987832957,9.557114433));
#9548=CARTESIAN_POINT('',(318.870867116,821.875935242,9.686664782));
#9549=CARTESIAN_POINT('',(318.909672586,821.808859492,9.73857503));
#9550=CARTESIAN_POINT('',(318.994257137,821.662540634,9.808859732));
#9551=CARTESIAN_POINT('',(319.040003096,821.583354822,9.827206664));
#9552=CARTESIAN_POINT('',(319.085763243,821.50409636,9.827378726));
#9553=CARTESIAN_POINT('',(318.512251234,821.979749954,9.127766226));
#9554=CARTESIAN_POINT('',(318.512370177,821.979818587,9.219252687));
#9555=CARTESIAN_POINT('',(318.521569832,821.964158857,9.310703369));
#9556=CARTESIAN_POINT('',(318.556748169,821.903735801,9.479791228));
#9557=CARTESIAN_POINT('',(318.582713097,821.8589961,9.557362289));
#9558=CARTESIAN_POINT('',(318.647492818,821.747183219,9.686902369));
#9559=CARTESIAN_POINT('',(318.686282283,821.680153759,9.738820736));
#9560=CARTESIAN_POINT('',(318.770831672,821.533921061,9.809152545));
#9561=CARTESIAN_POINT('',(318.816558538,821.454775002,9.827538488));
#9562=CARTESIAN_POINT('',(318.862301974,821.375545723,9.827763076));
#9563=B_SPLINE_SURFACE_WITH_KNOTS('',3,3,((#9443,#9444,#9445,#9446,#9447,#9448,#9449,#9450,#9451,#9452),(#9453,#9454,#9455,#9456,#9457,#9458,#9459,#9460,#9461,#9462),(#9463,#9464,#9465,#9466,#9467,#9468,#9469,#9470,#9471,#9472),(#9473,#9474,#9475,#9476,#9477,#9478,#9479,#9480,#9481,#9482),(#9483,#9484,#9485,#9486,#9487,#9488,#9489,#9490,#9491,#9492),(#9493,#9494,#9495,#9496,#9497,#9498,#9499,#9500,#9501,#9502),(#9503,#9504,#9505,#9506,#9507,#9508,#9509,#9510,#9511,#9512),(#9513,#9514,#9515,#9516,#9517,#9518,#9519,#9520,#9521,#9522),(#9523,#9524,#9525,#9526,#9527,#9528,#9529,#9530,#9531,#9532),(#9533,#9534,#9535,#9536,#9537,#9538,#9539,#9540,#9541,#9542),(#9543,#9544,#9545,#9546,#9547,#9548,#9549,#9550,#9551,#9552),(#9553,#9554,#9555,#9556,#9557,#9558,#9559,#9560,#9561,#9562)),.UNSPECIFIED.,.F.,.F.,.U.,(4,2,2,2,2,4),(4,2,2,2,4),(0.059891021,0.060895326,0.061899631,0.063908241,0.065916851,0.066690253),(0.,0.25,0.5,0.75,0.999999999),.UNSPECIFIED.);
#9564=CARTESIAN_POINT('',(324.75213667,824.774057982,9.821747255));
#9565=CARTESIAN_POINT('',(324.675739226,824.790426195,9.821632724));
#9566=CARTESIAN_POINT('',(324.571650223,824.820037476,9.816549234));
#9567=CARTESIAN_POINT('',(324.443811414,824.856226978,9.783992738));
#9568=CARTESIAN_POINT('',(324.315972604,824.89241648,9.751436243));
#9569=CARTESIAN_POINT('',(324.194257995,824.923254675,9.693495834));
#9570=CARTESIAN_POINT('',(324.122916468,824.941286381,9.648781251));
#9571=CARTESIAN_POINT('',(324.051574941,824.959318087,9.604066668));
#9572=CARTESIAN_POINT('',(323.988904402,824.984592725,9.553788096));
#9573=CARTESIAN_POINT('',(323.914677455,825.008726083,9.441428706));
#9574=CARTESIAN_POINT('',(323.840450509,825.03285944,9.329069315));
#9575=CARTESIAN_POINT('',(323.796568841,825.02984123,9.198119011));
#9576=CARTESIAN_POINT('',(323.795925642,825.030245641,9.126500715));
#9577=B_SPLINE_CURVE_WITH_KNOTS('',3,(#9564,#9565,#9566,#9567,#9568,#9569,#9570,#9571,#9572,#9573,#9574,#9575,#9576),.UNSPECIFIED.,.F.,.F.,(4,3,3,3,4),(0.,0.25,0.5,0.75,1.),.UNSPECIFIED.);
#9578=EDGE_CURVE('',#1055,#7446,#9577,.T.);
#9579=ORIENTED_EDGE('',*,*,#9578,.T.);
#9580=ORIENTED_EDGE('',*,*,#7452,.F.);
#9581=ORIENTED_EDGE('',*,*,#9435,.F.);
#9582=ORIENTED_EDGE('',*,*,#1085,.F.);
#9583=EDGE_LOOP('',(#9579,#9580,#9581,#9582));
#9584=FACE_BOUND('',#9583,.T.);
#9585=ADVANCED_FACE('',(#9584),#9563,.T.);
#9586=CARTESIAN_POINT('',(324.752120776,824.774070286,9.821758657));
#9587=CARTESIAN_POINT('',(324.672766922,824.72825526,9.821758857));
#9588=CARTESIAN_POINT('',(324.593408776,824.682519701,9.803539996));
#9589=CARTESIAN_POINT('',(324.446645306,824.598101095,9.733410225));
#9590=CARTESIAN_POINT('',(324.379297727,824.559451263,9.68152691));
#9591=CARTESIAN_POINT('',(324.266821977,824.495096105,9.551943632));
#9592=CARTESIAN_POINT('',(324.22173806,824.4694161,9.474294655));
#9593=CARTESIAN_POINT('',(324.160986674,824.435098803,9.305854117));
#9594=CARTESIAN_POINT('',(324.145045759,824.426302701,9.215270785));
#9595=CARTESIAN_POINT('',(324.14454896,824.426423733,9.124582789));
#9596=CARTESIAN_POINT('',(324.734997983,824.804026271,9.821888856));
#9597=CARTESIAN_POINT('',(324.655633408,824.758205,9.821908598));
#9598=CARTESIAN_POINT('',(324.576262401,824.712459175,9.803704268));
#9599=CARTESIAN_POINT('',(324.429474042,824.628015365,9.733592071));
#9600=CARTESIAN_POINT('',(324.362114476,824.589350624,9.681711806));
#9601=CARTESIAN_POINT('',(324.249620162,824.52496483,9.55212477));
#9602=CARTESIAN_POINT('',(324.2045297,824.499269123,9.474469014));
#9603=CARTESIAN_POINT('',(324.143773506,824.464923199,9.306009335));
#9604=CARTESIAN_POINT('',(324.127834259,824.456114163,9.215413744));
#9605=CARTESIAN_POINT('',(324.12734337,824.456224694,9.124713431));
#9606=CARTESIAN_POINT('',(324.717871661,824.834009759,9.822013592));
#9607=CARTESIAN_POINT('',(324.638495591,824.788181789,9.822054281));
#9608=CARTESIAN_POINT('',(324.559111042,824.742424526,9.803865519));
#9609=CARTESIAN_POINT('',(324.412296948,824.657952053,9.733772137));
#9610=CARTESIAN_POINT('',(324.344925232,824.619270117,9.681895126));
#9611=CARTESIAN_POINT('',(324.232412771,824.554848454,9.552304021));
#9612=CARTESIAN_POINT('',(324.187316344,824.529134103,9.474640973));
#9613=CARTESIAN_POINT('',(324.126557285,824.494753564,9.306160731));
#9614=CARTESIAN_POINT('',(324.11062106,824.485928554,9.215551975));
#9615=CARTESIAN_POINT('',(324.110137744,824.486025718,9.124838438));
#9616=CARTESIAN_POINT('',(324.484170217,825.243452774,9.823606709));
#9617=CARTESIAN_POINT('',(324.404626593,825.197527083,9.823952676));
#9618=CARTESIAN_POINT('',(324.325048056,825.151597139,9.805990735));
#9619=CARTESIAN_POINT('',(324.177871973,825.066684025,9.736171211));
#9620=CARTESIAN_POINT('',(324.110332889,825.027734583,9.684341364));
#9621=CARTESIAN_POINT('',(323.997580281,824.962748069,9.554690342));
#9622=CARTESIAN_POINT('',(323.952411546,824.93673681,9.476920668));
#9623=CARTESIAN_POINT('',(323.891642528,824.901797236,9.308139989));
#9624=CARTESIAN_POINT('',(323.875767484,824.892710102,9.217338996));
#9625=CARTESIAN_POINT('',(323.875411739,824.892583133,9.126432412));
#9626=CARTESIAN_POINT('',(324.267089491,825.622756366,9.823076294));
#9627=CARTESIAN_POINT('',(324.187426715,825.576764199,9.823640544));
#9628=CARTESIAN_POINT('',(324.10771771,825.53070042,9.805841458));
#9629=CARTESIAN_POINT('',(323.960313324,825.445425727,9.736219961));
#9630=CARTESIAN_POINT('',(323.892676848,825.40624889,9.684425372));
#9631=CARTESIAN_POINT('',(323.779807853,825.34076633,9.554735035));
#9632=CARTESIAN_POINT('',(323.734620439,825.314486774,9.476891111));
#9633=CARTESIAN_POINT('',(323.673915703,825.279025177,9.307899732));
#9634=CARTESIAN_POINT('',(323.658122696,825.269684485,9.216963414));
#9635=CARTESIAN_POINT('',(323.657896321,825.269330932,9.125920902));
#9636=CARTESIAN_POINT('',(323.833484165,826.378903382,9.820207011));
#9637=CARTESIAN_POINT('',(323.753637544,826.332808298,9.821109793));
#9638=CARTESIAN_POINT('',(323.673707463,826.286570916,9.803563428));
#9639=CARTESIAN_POINT('',(323.525875132,826.200865884,9.734249468));
#9640=CARTESIAN_POINT('',(323.458032506,826.1614328,9.682509827));
#9641=CARTESIAN_POINT('',(323.344844926,826.095421688,9.552759062));
#9642=CARTESIAN_POINT('',(323.299545623,826.068870282,9.474800268));
#9643=CARTESIAN_POINT('',(323.238760548,826.03291199,9.305482694));
#9644=CARTESIAN_POINT('',(323.222997885,826.023346325,9.214336799));
#9645=CARTESIAN_POINT('',(323.222875118,826.022809812,9.123083811));
#9646=CARTESIAN_POINT('',(323.616978639,826.755593641,9.818069875));
#9647=CARTESIAN_POINT('',(323.537071979,826.709463922,9.819084993));
#9648=CARTESIAN_POINT('',(323.457055351,826.663192767,9.801622478));
#9649=CARTESIAN_POINT('',(323.309028425,826.577437664,9.732410412));
#9650=CARTESIAN_POINT('',(323.241078011,826.537988407,9.680688861));
#9651=CARTESIAN_POINT('',(323.127685865,826.471974207,9.550917606));
#9652=CARTESIAN_POINT('',(323.082290006,826.445435969,9.472920402));
#9653=CARTESIAN_POINT('',(323.021349183,826.40953724,9.303493937));
#9654=CARTESIAN_POINT('',(323.005527089,826.400017649,9.212278144));
#9655=CARTESIAN_POINT('',(323.005369106,826.399541284,9.120954988));
#9656=CARTESIAN_POINT('',(323.184010356,827.508077121,9.816054634));
#9657=CARTESIAN_POINT('',(323.104014334,827.461892838,9.817239879));
#9658=CARTESIAN_POINT('',(323.023853904,827.415593142,9.799904422));
#9659=CARTESIAN_POINT('',(322.875480155,827.329853356,9.730846903));
#9660=CARTESIAN_POINT('',(322.807327138,827.290448113,9.679152907));
#9661=CARTESIAN_POINT('',(322.693525903,827.224601534,9.549350977));
#9662=CARTESIAN_POINT('',(322.647923936,827.19818696,9.471295796));
#9663=CARTESIAN_POINT('',(322.586616901,827.162603866,9.301704768));
#9664=CARTESIAN_POINT('',(322.570634512,827.153275472,9.210383271));
#9665=CARTESIAN_POINT('',(322.57035276,827.153011726,9.118953958));
#9666=CARTESIAN_POINT('',(322.967054816,827.885209933,9.815804377));
#9667=CARTESIAN_POINT('',(322.887010933,827.838998121,9.817079837));
#9668=CARTESIAN_POINT('',(322.806787685,827.792660517,9.799811891));
#9669=CARTESIAN_POINT('',(322.658282693,827.70683844,9.730836802));
#9670=CARTESIAN_POINT('',(322.590061451,827.667388932,9.679157759));
#9671=CARTESIAN_POINT('',(322.476141502,827.601461577,9.549340372));
#9672=CARTESIAN_POINT('',(322.430489207,827.57501059,9.471254916));
#9673=CARTESIAN_POINT('',(322.36911599,827.539373304,9.301577616));
#9674=CARTESIAN_POINT('',(322.353117486,827.530027,9.210200587));
#9675=CARTESIAN_POINT('',(322.352839044,827.529756549,9.118715499));
#9676=CARTESIAN_POINT('',(322.532749939,828.63848479,9.815225728));
#9677=CARTESIAN_POINT('',(322.452669963,828.59225104,9.816570267));
#9678=CARTESIAN_POINT('',(322.372391522,828.545896775,9.799354003));
#9679=CARTESIAN_POINT('',(322.223757654,828.460060979,9.730441968));
#9680=CARTESIAN_POINT('',(322.155462895,828.420614484,9.678774325));
#9681=CARTESIAN_POINT('',(322.041398587,828.354717962,9.548944971));
#9682=CARTESIAN_POINT('',(321.995675596,828.328294831,9.470836251));
#9683=CARTESIAN_POINT('',(321.934181821,828.292737161,9.301092711));
#9684=CARTESIAN_POINT('',(321.918133342,828.283442362,9.209673065));
#9685=CARTESIAN_POINT('',(321.917819754,828.283232072,9.118145175));
#9686=CARTESIAN_POINT('',(322.315513758,829.01371264,9.815336259));
#9687=CARTESIAN_POINT('',(322.23547166,828.967497569,9.816611661));
#9688=CARTESIAN_POINT('',(322.155224394,828.921201457,9.799343656));
#9689=CARTESIAN_POINT('',(322.006623423,828.835545484,9.730368472));
#9690=CARTESIAN_POINT('',(321.938330261,828.79622052,9.678689393));
#9691=CARTESIAN_POINT('',(321.824229618,828.730606115,9.548871967));
#9692=CARTESIAN_POINT('',(321.778468624,828.704343404,9.470786508));
#9693=CARTESIAN_POINT('',(321.716859183,828.669115267,9.301109219));
#9694=CARTESIAN_POINT('',(321.700733452,828.659989316,9.209732206));
#9695=CARTESIAN_POINT('',(321.700327627,828.659939476,9.118247131));
#9696=CARTESIAN_POINT('',(321.879923881,829.764560747,9.817955479));
#9697=CARTESIAN_POINT('',(321.800010749,829.718417641,9.818990458));
#9698=CARTESIAN_POINT('',(321.719911278,829.672257433,9.801542824));
#9699=CARTESIAN_POINT('',(321.57158181,829.586957783,9.732348997));
#9700=CARTESIAN_POINT('',(321.503411852,829.547852869,9.680630811));
#9701=CARTESIAN_POINT('',(321.38948037,829.482709515,9.550856357));
#9702=CARTESIAN_POINT('',(321.343764962,829.456697443,9.472852618));
#9703=CARTESIAN_POINT('',(321.28213949,829.421947224,9.303407445));
#9704=CARTESIAN_POINT('',(321.265953084,829.413048484,9.212179582));
#9705=CARTESIAN_POINT('',(321.265434646,829.413196176,9.120844299));
#9706=CARTESIAN_POINT('',(321.661459362,830.141005903,9.819962452));
#9707=CARTESIAN_POINT('',(321.58161459,830.09490381,9.820868272));
#9708=CARTESIAN_POINT('',(321.501611284,830.048788219,9.803324105));
#9709=CARTESIAN_POINT('',(321.353494043,829.963566098,9.734012629));
#9710=CARTESIAN_POINT('',(321.285439851,829.924493941,9.682273276));
#9711=CARTESIAN_POINT('',(321.171723624,829.859388845,9.552521461));
#9712=CARTESIAN_POINT('',(321.126107457,829.833382166,9.474561335));
#9713=CARTESIAN_POINT('',(321.064635728,829.798607766,9.305240204));
#9714=CARTESIAN_POINT('',(321.048504126,829.789679772,9.214092102));
#9715=CARTESIAN_POINT('',(321.048012666,829.789782072,9.122836924));
#9716=CARTESIAN_POINT('',(321.263489063,830.826150753,9.822246407));
#9717=CARTESIAN_POINT('',(321.183791512,830.780135841,9.822877125));
#9718=CARTESIAN_POINT('',(321.103996562,830.734111419,9.8051276));
#9719=CARTESIAN_POINT('',(320.956341837,830.649039931,9.735566278));
#9720=CARTESIAN_POINT('',(320.888541175,830.610026922,9.683782329));
#9721=CARTESIAN_POINT('',(320.77529991,830.544976915,9.554079776));
#9722=CARTESIAN_POINT('',(320.729904644,830.518965959,9.476213097));
#9723=CARTESIAN_POINT('',(320.668780651,830.484105889,9.30715727));
#9724=CARTESIAN_POINT('',(320.652776506,830.475097224,9.216179602));
#9725=CARTESIAN_POINT('',(320.652353154,830.475084405,9.125095589));
#9726=CARTESIAN_POINT('',(321.084083022,831.134729745,9.822709259));
#9727=CARTESIAN_POINT('',(321.004462559,831.088759806,9.823197486));
#9728=CARTESIAN_POINT('',(320.924775588,831.042783581,9.80534171));
#9729=CARTESIAN_POINT('',(320.777359057,830.957794244,9.735651314));
#9730=CARTESIAN_POINT('',(320.709688284,830.918815025,9.683844484));
#9731=CARTESIAN_POINT('',(320.596689006,830.853801552,9.554167906));
#9732=CARTESIAN_POINT('',(320.551405564,830.827793224,9.476349871));
#9733=CARTESIAN_POINT('',(320.490455859,830.792899322,9.307431934));
#9734=CARTESIAN_POINT('',(320.47451451,830.783854559,9.216542777));
#9735=CARTESIAN_POINT('',(320.474123164,830.783787779,9.125547653));
#9736=CARTESIAN_POINT('',(320.905511962,831.442406567,9.823651284));
#9737=CARTESIAN_POINT('',(320.825949489,831.396470038,9.824033068));
#9738=CARTESIAN_POINT('',(320.746329986,831.350553106,9.806098064));
#9739=CARTESIAN_POINT('',(320.599039823,831.265715169,9.736311756));
#9740=CARTESIAN_POINT('',(320.531427728,831.226827896,9.684488199));
#9741=CARTESIAN_POINT('',(320.418513208,831.162008428,9.554831903));
#9742=CARTESIAN_POINT('',(320.373255681,831.136102007,9.477050717));
#9743=CARTESIAN_POINT('',(320.312311083,831.101399678,9.308236877));
#9744=CARTESIAN_POINT('',(320.296349331,831.092444579,9.217414418));
#9745=CARTESIAN_POINT('',(320.295914486,831.092454247,9.126486275));
#9746=B_SPLINE_SURFACE_WITH_KNOTS('',3,3,((#9586,#9587,#9588,#9589,#9590,#9591,#9592,#9593,#9594,#9595),(#9596,#9597,#9598,#9599,#9600,#9601,#9602,#9603,#9604,#9605),(#9606,#9607,#9608,#9609,#9610,#9611,#9612,#9613,#9614,#9615),(#9616,#9617,#9618,#9619,#9620,#9621,#9622,#9623,#9624,#9625),(#9626,#9627,#9628,#9629,#9630,#9631,#9632,#9633,#9634,#9635),(#9636,#9637,#9638,#9639,#9640,#9641,#9642,#9643,#9644,#9645),(#9646,#9647,#9648,#9649,#9650,#9651,#9652,#9653,#9654,#9655),(#9656,#9657,#9658,#9659,#9660,#9661,#9662,#9663,#9664,#9665),(#9666,#9667,#9668,#9669,#9670,#9671,#9672,#9673,#9674,#9675),(#9676,#9677,#9678,#9679,#9680,#9681,#9682,#9683,#9684,#9685),(#9686,#9687,#9688,#9689,#9690,#9691,#9692,#9693,#9694,#9695),(#9696,#9697,#9698,#9699,#9700,#9701,#9702,#9703,#9704,#9705),(#9706,#9707,#9708,#9709,#9710,#9711,#9712,#9713,#9714,#9715),(#9716,#9717,#9718,#9719,#9720,#9721,#9722,#9723,#9724,#9725),(#9726,#9727,#9728,#9729,#9730,#9731,#9732,#9733,#9734,#9735),(#9736,#9737,#9738,#9739,#9740,#9741,#9742,#9743,#9744,#9745)),.UNSPECIFIED.,.F.,.F.,.U.,(4,2,2,2,2,2,2,4),(4,2,2,2,4),(0.082108937,0.082212158,0.083517112,0.084822067,0.086127022,0.087431977,0.088736932,0.08980638),(-0.001222668,0.249082999,0.499388666,0.749694333,0.997432616),.UNSPECIFIED.);
#9747=ORIENTED_EDGE('',*,*,#9578,.F.);
#9748=ORIENTED_EDGE('',*,*,#1073,.F.);
#9749=ORIENTED_EDGE('',*,*,#7524,.F.);
#9750=ORIENTED_EDGE('',*,*,#7482,.F.);
#9751=EDGE_LOOP('',(#9747,#9748,#9749,#9750));
#9752=FACE_BOUND('',#9751,.T.);
#9753=ADVANCED_FACE('',(#9752),#9746,.T.);
#9754=CARTESIAN_POINT('',(322.37079202,833.098673661,9.124957705));
#9755=CARTESIAN_POINT('',(322.370587199,833.098555407,9.216710912));
#9756=CARTESIAN_POINT('',(322.379516943,833.082615809,9.308427823));
#9757=CARTESIAN_POINT('',(322.41429606,833.021502789,9.477928382));
#9758=CARTESIAN_POINT('',(322.440131674,832.976353542,9.555644979));
#9759=CARTESIAN_POINT('',(322.504790619,832.86369273,9.685265925));
#9760=CARTESIAN_POINT('',(322.543588373,832.796225732,9.737119));
#9761=CARTESIAN_POINT('',(322.628257152,832.649214467,9.807074081));
#9762=CARTESIAN_POINT('',(322.674094684,832.569728355,9.825148415));
#9763=CARTESIAN_POINT('',(322.719971771,832.490267912,9.824953805));
#9764=CARTESIAN_POINT('',(321.764530296,832.748648291,9.123153225));
#9765=CARTESIAN_POINT('',(321.76433411,832.748535023,9.215041004));
#9766=CARTESIAN_POINT('',(321.773299606,832.732553436,9.306892222));
#9767=CARTESIAN_POINT('',(321.808195189,832.671275739,9.476600837));
#9768=CARTESIAN_POINT('',(321.834111391,832.626004011,9.55439071));
#9769=CARTESIAN_POINT('',(321.898952852,832.513056017,9.684051965));
#9770=CARTESIAN_POINT('',(321.937852312,832.445424693,9.735871757));
#9771=CARTESIAN_POINT('',(322.022713223,832.298097363,9.805635967));
#9772=CARTESIAN_POINT('',(322.068640908,832.218459977,9.823552627));
#9773=CARTESIAN_POINT('',(322.114585498,832.138883666,9.823146103));
#9774=CARTESIAN_POINT('',(321.158256249,832.398615807,9.122116327));
#9775=CARTESIAN_POINT('',(321.158294837,832.398638113,9.214024935));
#9776=CARTESIAN_POINT('',(321.167499136,832.382784906,9.305896946));
#9777=CARTESIAN_POINT('',(321.202843521,832.321731126,9.475637876));
#9778=CARTESIAN_POINT('',(321.228969532,832.276554868,9.553439196));
#9779=CARTESIAN_POINT('',(321.294167851,832.163753314,9.68310707));
#9780=CARTESIAN_POINT('',(321.333214195,832.09617294,9.734921985));
#9781=CARTESIAN_POINT('',(321.418280916,831.948899681,9.804657396));
#9782=CARTESIAN_POINT('',(321.464267415,831.869265445,9.82255012));
#9783=CARTESIAN_POINT('',(321.510220749,831.789670779,9.82211135));
#9784=CARTESIAN_POINT('',(320.552128728,832.048667919,9.12368174));
#9785=CARTESIAN_POINT('',(320.552306479,832.048770572,9.215456614));
#9786=CARTESIAN_POINT('',(320.561622996,832.033044253,9.307195156));
#9787=CARTESIAN_POINT('',(320.597124964,831.9723114,9.476729252));
#9788=CARTESIAN_POINT('',(320.623296357,831.927328912,9.554457681));
#9789=CARTESIAN_POINT('',(320.688523004,831.814932899,9.684085223));
#9790=CARTESIAN_POINT('',(320.72755243,831.747563875,9.735933011));
#9791=CARTESIAN_POINT('',(320.812542475,831.600669591,9.805857546));
#9792=CARTESIAN_POINT('',(320.858469441,831.521202492,9.823906605));
#9793=CARTESIAN_POINT('',(320.904356409,831.441722912,9.823678003));
#9794=B_SPLINE_SURFACE_WITH_KNOTS('',3,3,((#9754,#9755,#9756,#9757,#9758,#9759,#9760,#9761,#9762,#9763),(#9764,#9765,#9766,#9767,#9768,#9769,#9770,#9771,#9772,#9773),(#9774,#9775,#9776,#9777,#9778,#9779,#9780,#9781,#9782,#9783),(#9784,#9785,#9786,#9787,#9788,#9789,#9790,#9791,#9792,#9793)),.UNSPECIFIED.,.F.,.F.,.U.,(4,4),(4,2,2,2,4),(0.119338829,0.121438798),(0.,0.25,0.5,0.75,1.),.UNSPECIFIED.);
#9795=ORIENTED_EDGE('',*,*,#1052,.F.);
#9796=CARTESIAN_POINT('',(322.72079202,832.492455878,9.124957705));
#9797=DIRECTION('',(-0.866022527,-0.499998339,-0.002577634));
#9798=DIRECTION('',(0.5,-0.866025404,0.));
#9799=AXIS2_PLACEMENT_3D('',#9796,#9797,#9798);
#9800=CIRCLE('',#9799,0.7);
#9801=EDGE_CURVE('',#1028,#7772,#9800,.T.);
#9802=ORIENTED_EDGE('',*,*,#9801,.T.);
#9803=ORIENTED_EDGE('',*,*,#7834,.F.);
#9804=ORIENTED_EDGE('',*,*,#7516,.F.);
#9805=ORIENTED_EDGE('',*,*,#7531,.F.);
#9806=EDGE_LOOP('',(#9795,#9802,#9803,#9804,#9805));
#9807=FACE_BOUND('',#9806,.T.);
#9808=ADVANCED_FACE('',(#9807),#9794,.T.);
#9809=CARTESIAN_POINT('',(316.077009803,845.399824233,9.826508956));
#9810=DIRECTION('',(-0.866025404,-0.5,-0.));
#9811=DIRECTION('',(-0.5,0.866025404,-0.));
#9812=AXIS2_PLACEMENT_3D('',#9809,#9810,#9811);
#9813=PLANE('',#9812);
#9814=CARTESIAN_POINT('',(323.327009505,832.842455706,9.125578205));
#9815=VERTEX_POINT('',#9814);
#9816=CARTESIAN_POINT('',(327.977009758,824.788419597,9.126146843));
#9817=VERTEX_POINT('',#9816);
#9818=CARTESIAN_POINT('',(323.327009803,832.842455878,9.126508956));
#9819=DIRECTION('',(0.5,-0.866025404,0.));
#9820=VECTOR('',#9819,9.3);
#9821=LINE('',#9818,#9820);
#9822=EDGE_CURVE('',#9815,#9817,#9821,.T.);
#9823=ORIENTED_EDGE('',*,*,#9822,.T.);
#9824=CARTESIAN_POINT('',(327.977009803,824.788419623,0.526508956));
#9825=VERTEX_POINT('',#9824);
#9826=CARTESIAN_POINT('',(327.977009803,824.788419623,9.125905434));
#9827=DIRECTION('',(0.,-0.,-1.));
#9828=VECTOR('',#9827,8.599396478);
#9829=LINE('',#9826,#9828);
#9830=EDGE_CURVE('',#9817,#9825,#9829,.T.);
#9831=ORIENTED_EDGE('',*,*,#9830,.T.);
#9832=CARTESIAN_POINT('',(323.327009803,832.842455878,0.526508956));
#9833=VERTEX_POINT('',#9832);
#9834=CARTESIAN_POINT('',(327.977009803,824.788419623,0.526508956));
#9835=DIRECTION('',(-0.5,0.866025404,-0.));
#9836=VECTOR('',#9835,9.3);
#9837=LINE('',#9834,#9836);
#9838=EDGE_CURVE('',#9825,#9833,#9837,.T.);
#9839=ORIENTED_EDGE('',*,*,#9838,.T.);
#9840=CARTESIAN_POINT('',(323.327009803,832.842455878,0.526508956));
#9841=DIRECTION('',(-0.,0.,1.));
#9842=VECTOR('',#9841,8.598448749);
#9843=LINE('',#9840,#9842);
#9844=EDGE_CURVE('',#9833,#9815,#9843,.T.);
#9845=ORIENTED_EDGE('',*,*,#9844,.T.);
#9846=EDGE_LOOP('',(#9823,#9831,#9839,#9845));
#9847=FACE_BOUND('',#9846,.T.);
#9848=ADVANCED_FACE('',(#9847),#9813,.F.);
#9849=OVER_RIDING_STYLED_ITEM('',(#105),#9848,#54);
#9850=CARTESIAN_POINT('',(304.500989173,831.210822453,2.811490032));
#9851=CARTESIAN_POINT('',(304.778711378,831.372874386,2.868277531));
#9852=CARTESIAN_POINT('',(305.088962905,831.478911348,2.925093948));
#9853=CARTESIAN_POINT('',(305.727964959,831.563042292,3.030258152));
#9854=CARTESIAN_POINT('',(306.056466291,831.541103466,3.078564929));
#9855=CARTESIAN_POINT('',(306.682171165,831.372509585,3.159378414));
#9856=CARTESIAN_POINT('',(306.979130698,831.225920278,3.191853607));
#9857=CARTESIAN_POINT('',(307.496699052,830.830155674,3.23606733));
#9858=CARTESIAN_POINT('',(307.717106034,830.581134715,3.247788618));
#9859=CARTESIAN_POINT('',(307.882597515,830.299660462,3.248244822));
#9860=CARTESIAN_POINT('',(304.495838347,831.207848615,2.845159551));
#9861=CARTESIAN_POINT('',(304.773742519,831.370006026,2.900987029));
#9862=CARTESIAN_POINT('',(305.084184158,831.476134594,2.956842936));
#9863=CARTESIAN_POINT('',(305.723543033,831.560403447,3.060227241));
#9864=CARTESIAN_POINT('',(306.052210813,831.538510853,3.107715301));
#9865=CARTESIAN_POINT('',(306.67818786,831.369957847,3.187154939));
#9866=CARTESIAN_POINT('',(306.975252892,831.223363199,3.219075523));
#9867=CARTESIAN_POINT('',(307.492944553,830.827542434,3.262526712));
#9868=CARTESIAN_POINT('',(307.713369196,830.578470754,3.274040364));
#9869=CARTESIAN_POINT('',(307.878829055,830.296931425,3.274477932));
#9870=CARTESIAN_POINT('',(304.490820766,831.204951706,2.878843737));
#9871=CARTESIAN_POINT('',(304.768903406,831.367212589,2.933716586));
#9872=CARTESIAN_POINT('',(305.079531944,831.473430257,2.98861738));
#9873=CARTESIAN_POINT('',(305.719241849,831.557831229,3.090231806));
#9874=CARTESIAN_POINT('',(306.048073497,831.535981587,3.13690577));
#9875=CARTESIAN_POINT('',(306.67431813,831.367462639,3.214979359));
#9876=CARTESIAN_POINT('',(306.971486652,831.220859117,3.246348507));
#9877=CARTESIAN_POINT('',(307.489298076,830.824975595,3.289041603));
#9878=CARTESIAN_POINT('',(307.709738843,830.575850135,3.300348884));
#9879=CARTESIAN_POINT('',(307.87516575,830.294243306,3.300768037));
#9880=CARTESIAN_POINT('',(304.458488641,831.186284693,3.101829665));
#9881=CARTESIAN_POINT('',(304.73772948,831.349217236,3.15042309));
#9882=CARTESIAN_POINT('',(305.049573897,831.456008172,3.199041275));
#9883=CARTESIAN_POINT('',(305.691569013,831.541245685,3.289013883));
#9884=CARTESIAN_POINT('',(306.021468235,831.519658874,3.330333051));
#9885=CARTESIAN_POINT('',(306.649453684,831.351320799,3.399421767));
#9886=CARTESIAN_POINT('',(306.94729392,831.204635476,3.427164243));
#9887=CARTESIAN_POINT('',(307.46587466,830.808293573,3.464872324));
#9888=CARTESIAN_POINT('',(307.686412029,830.558792247,3.474823154));
#9889=CARTESIAN_POINT('',(307.851612103,830.276722888,3.475122349));
#9890=CARTESIAN_POINT('',(304.435230475,831.172856532,3.291577371));
#9891=CARTESIAN_POINT('',(304.715347495,831.336297975,3.335025605));
#9892=CARTESIAN_POINT('',(305.028126856,831.443497214,3.378495987));
#9893=CARTESIAN_POINT('',(305.67188727,831.529260782,3.458930502));
#9894=CARTESIAN_POINT('',(306.002615263,831.507791397,3.495863002));
#9895=CARTESIAN_POINT('',(306.631939674,831.339384868,3.557593132));
#9896=CARTESIAN_POINT('',(306.930288706,831.192513925,3.582366486));
#9897=CARTESIAN_POINT('',(307.449411396,830.795564126,3.615996668));
#9898=CARTESIAN_POINT('',(307.669980987,830.545641311,3.624840272));
#9899=CARTESIAN_POINT('',(307.83494336,830.263097152,3.625046061));
#9900=CARTESIAN_POINT('',(304.39597517,831.150192358,3.671851487));
#9901=CARTESIAN_POINT('',(304.677601669,831.314511815,3.705888767));
#9902=CARTESIAN_POINT('',(304.992016437,831.422373054,3.739943416));
#9903=CARTESIAN_POINT('',(305.638877323,831.508868542,3.80293643));
#9904=CARTESIAN_POINT('',(305.971067233,831.487468532,3.831849832));
#9905=CARTESIAN_POINT('',(306.602732842,831.3186091,3.880137058));
#9906=CARTESIAN_POINT('',(306.901958352,831.171216558,3.899491746));
#9907=CARTESIAN_POINT('',(307.421946386,830.772794272,3.925695721));
#9908=CARTESIAN_POINT('',(307.642502955,830.521922334,3.932534624));
#9909=CARTESIAN_POINT('',(307.806945927,830.238357808,3.932593217));
#9910=CARTESIAN_POINT('',(304.379964719,831.14094866,3.86237836));
#9911=CARTESIAN_POINT('',(304.662231504,831.305641245,3.892094522));
#9912=CARTESIAN_POINT('',(304.977353329,831.413760886,3.921825856));
#9913=CARTESIAN_POINT('',(305.625561354,831.500472524,3.976813046));
#9914=CARTESIAN_POINT('',(305.958389785,831.479030039,4.002047025));
#9915=CARTESIAN_POINT('',(306.59106694,831.309797312,4.044171512));
#9916=CARTESIAN_POINT('',(306.89066407,831.162074368,4.06104526));
#9917=CARTESIAN_POINT('',(307.410981888,830.762797557,4.083858525));
#9918=CARTESIAN_POINT('',(307.631495663,830.511402468,4.089788965));
#9919=CARTESIAN_POINT('',(307.795658661,830.227295765,4.089793826));
#9920=CARTESIAN_POINT('',(304.35386476,831.125879731,4.244061397));
#9921=CARTESIAN_POINT('',(304.637183421,831.291185969,4.266013062));
#9922=CARTESIAN_POINT('',(304.953479676,831.399708541,4.287975943));
#9923=CARTESIAN_POINT('',(305.603931365,831.486684409,4.328583396));
#9924=CARTESIAN_POINT('',(305.937826238,831.465102864,4.34721169));
#9925=CARTESIAN_POINT('',(306.572181965,831.295082498,4.378283884));
#9926=CARTESIAN_POINT('',(306.872388705,831.146711784,4.39071533));
#9927=CARTESIAN_POINT('',(307.393210433,830.745810533,4.40747798));
#9928=CARTESIAN_POINT('',(307.613616787,830.49344059,4.411802466));
#9929=CARTESIAN_POINT('',(307.777261073,830.208339013,4.411741211));
#9930=CARTESIAN_POINT('',(304.343727366,831.120026855,4.435212393));
#9931=CARTESIAN_POINT('',(304.627456734,831.28557306,4.453715588));
#9932=CARTESIAN_POINT('',(304.944218579,831.394241156,4.472228242));
#9933=CARTESIAN_POINT('',(305.595562991,831.4812705,4.506452313));
#9934=CARTESIAN_POINT('',(305.929883783,831.45959677,4.52214997));
#9935=CARTESIAN_POINT('',(306.564903994,831.289173502,4.548325199));
#9936=CARTESIAN_POINT('',(306.865348198,831.140492458,4.558792248));
#9937=CARTESIAN_POINT('',(307.386345795,830.738836315,4.572890698));
#9938=CARTESIAN_POINT('',(307.606689797,830.486022643,4.57651643));
#9939=CARTESIAN_POINT('',(307.770099295,830.200475684,4.576442503));
#9940=CARTESIAN_POINT('',(304.328335016,831.111140004,4.818044419));
#9941=CARTESIAN_POINT('',(304.612671519,831.277040974,4.830051259));
#9942=CARTESIAN_POINT('',(304.930122192,831.385923255,4.842064241));
#9943=CARTESIAN_POINT('',(305.582787391,831.47302762,4.8642679));
#9944=CARTESIAN_POINT('',(305.917738333,831.451214527,4.874449604));
#9945=CARTESIAN_POINT('',(306.553740679,831.280187936,4.89141784));
#9946=CARTESIAN_POINT('',(306.854535228,831.13104351,4.898197515));
#9947=CARTESIAN_POINT('',(307.375789416,830.728261927,4.907312603));
#9948=CARTESIAN_POINT('',(307.596038542,830.474787439,4.909644333));
#9949=CARTESIAN_POINT('',(307.759097203,830.18857794,4.909572199));
#9950=CARTESIAN_POINT('',(304.323100865,831.108118041,5.009725484));
#9951=CARTESIAN_POINT('',(304.60763063,831.274132004,5.018749958));
#9952=CARTESIAN_POINT('',(304.92530181,831.38308038,5.027779049));
#9953=CARTESIAN_POINT('',(305.578390294,831.470199831,5.044466835));
#9954=CARTESIAN_POINT('',(305.913543415,831.448335665,5.052118778));
#9955=CARTESIAN_POINT('',(306.549859656,831.277100157,5.064869564));
#9956=CARTESIAN_POINT('',(306.850765376,831.127798081,5.069963247));
#9957=CARTESIAN_POINT('',(307.372096892,830.724637025,5.076808888));
#9958=CARTESIAN_POINT('',(307.5923118,830.470941129,5.078558077));
#9959=CARTESIAN_POINT('',(307.755252635,830.184510853,5.078499998));
#9960=CARTESIAN_POINT('',(304.318307448,831.105350551,5.297572375));
#9961=CARTESIAN_POINT('',(304.602947854,831.271428925,5.302561062));
#9962=CARTESIAN_POINT('',(304.92073997,831.380424038,5.3075523));
#9963=CARTESIAN_POINT('',(305.574057914,831.467589487,5.316777027));
#9964=CARTESIAN_POINT('',(305.909319302,831.445724542,5.32100678));
#9965=CARTESIAN_POINT('',(306.545807291,831.27444104,5.328054596));
#9966=CARTESIAN_POINT('',(306.846776264,831.125091812,5.330869806));
#9967=CARTESIAN_POINT('',(307.368165622,830.721804167,5.334652556));
#9968=CARTESIAN_POINT('',(307.588374968,830.468028986,5.335618565));
#9969=CARTESIAN_POINT('',(307.75127115,830.181515293,5.335585386));
#9970=CARTESIAN_POINT('',(304.317210009,831.104716946,5.393573949));
#9971=CARTESIAN_POINT('',(304.601856663,831.27079883,5.397306718));
#9972=CARTESIAN_POINT('',(304.919653156,831.379800695,5.401041396));
#9973=CARTESIAN_POINT('',(305.572978102,831.466986016,5.407943856));
#9974=CARTESIAN_POINT('',(305.908242143,831.445134186,5.411108844));
#9975=CARTESIAN_POINT('',(306.544736136,831.273881083,5.416382677));
#9976=CARTESIAN_POINT('',(306.845708489,831.124549118,5.418489388));
#9977=CARTESIAN_POINT('',(307.367107361,830.721296243,5.421320461));
#9978=CARTESIAN_POINT('',(307.587322861,830.467538534,5.422043677));
#9979=CARTESIAN_POINT('',(307.750227046,830.181040003,5.422019313));
#9980=CARTESIAN_POINT('',(304.315978989,831.104006229,5.585686815));
#9981=CARTESIAN_POINT('',(304.600581733,831.27006202,5.586838773));
#9982=CARTESIAN_POINT('',(304.918320046,831.379062425,5.587991321));
#9983=CARTESIAN_POINT('',(305.57152919,831.466301246,5.590121568));
#9984=CARTESIAN_POINT('',(305.90673588,831.444504385,5.591098408));
#9985=CARTESIAN_POINT('',(306.543146362,831.27340787,5.592726328));
#9986=CARTESIAN_POINT('',(306.844092806,831.124177404,5.59337675));
#9987=CARTESIAN_POINT('',(307.365494655,830.721148925,5.594251183));
#9988=CARTESIAN_POINT('',(307.585739219,830.467513887,5.59447484));
#9989=CARTESIAN_POINT('',(307.748704827,830.181131059,5.594467858));
#9990=CARTESIAN_POINT('',(304.315852428,831.10393317,5.681798028));
#9991=CARTESIAN_POINT('',(304.600404784,831.26995923,5.681649926));
#9992=CARTESIAN_POINT('',(304.918080391,831.378951148,5.681501747));
#9993=CARTESIAN_POINT('',(305.571166504,831.466222764,5.681227967));
#9994=CARTESIAN_POINT('',(305.906313114,831.444467197,5.681102477));
#9995=CARTESIAN_POINT('',(306.542633876,831.273495559,5.680893545));
#9996=CARTESIAN_POINT('',(306.843550906,831.124348574,5.680810188));
#9997=CARTESIAN_POINT('',(307.364945828,830.7215082,5.680698479));
#9998=CARTESIAN_POINT('',(307.585213037,830.46797759,5.680670173));
#9999=CARTESIAN_POINT('',(307.748231708,830.181694628,5.680671586));
#10000=CARTESIAN_POINT('',(304.316965324,831.104575747,5.970298805));
#10001=CARTESIAN_POINT('',(304.601283978,831.270464199,5.966224024));
#10002=CARTESIAN_POINT('',(304.918674272,831.3794075,5.96214716));
#10003=CARTESIAN_POINT('',(305.571203092,831.466792333,5.954611298));
#10004=CARTESIAN_POINT('',(305.906078754,831.445198663,5.95115534));
#10005=CARTESIAN_POINT('',(306.541991397,831.274731698,5.945394669));
#10006=CARTESIAN_POINT('',(306.842772209,831.125927072,5.943092279));
#10007=CARTESIAN_POINT('',(307.364120331,830.723864952,5.939994681));
#10008=CARTESIAN_POINT('',(307.584477623,830.470769421,5.939200723));
#10009=CARTESIAN_POINT('',(307.747718307,830.184905166,5.939222175));
#10010=CARTESIAN_POINT('',(304.319697365,831.10615314,6.162877721));
#10011=CARTESIAN_POINT('',(304.603750169,831.271885302,6.156149695));
#10012=CARTESIAN_POINT('',(304.920820657,831.380765321,6.149418229));
#10013=CARTESIAN_POINT('',(305.572727014,831.468245442,6.136974054));
#10014=CARTESIAN_POINT('',(305.907301116,831.446810417,6.131266349));
#10015=CARTESIAN_POINT('',(306.542756456,831.276853356,6.121749358));
#10016=CARTESIAN_POINT('',(306.843382534,831.128399564,6.117943899));
#10017=CARTESIAN_POINT('',(307.364664904,830.727141595,6.112818874));
#10018=CARTESIAN_POINT('',(307.585111881,830.47449854,6.111501369));
#10019=CARTESIAN_POINT('',(307.748584444,830.189072237,6.111529246));
#10020=CARTESIAN_POINT('',(304.334080034,831.114457171,6.741169653));
#10021=CARTESIAN_POINT('',(304.617026549,831.279539536,6.726391252));
#10022=CARTESIAN_POINT('',(304.932777329,831.388137573,6.711605306));
#10023=CARTESIAN_POINT('',(305.582118896,831.475935606,6.684258654));
#10024=CARTESIAN_POINT('',(305.915452263,831.455100795,6.671708823));
#10025=CARTESIAN_POINT('',(306.549015584,831.287115305,6.650757672));
#10026=CARTESIAN_POINT('',(306.848994372,831.140031219,6.642364684));
#10027=CARTESIAN_POINT('',(307.369963496,830.741931738,6.631015573));
#10028=CARTESIAN_POINT('',(307.590747299,830.491074159,6.628063963));
#10029=CARTESIAN_POINT('',(307.75512938,830.207384148,6.628058915));
#10030=CARTESIAN_POINT('',(304.351915791,831.124754812,7.126755923));
#10031=CARTESIAN_POINT('',(304.633714668,831.289164442,7.106499922));
#10032=CARTESIAN_POINT('',(304.948107325,831.397452696,7.086233569));
#10033=CARTESIAN_POINT('',(305.594813544,831.485505899,7.048733589));
#10034=CARTESIAN_POINT('',(305.926873988,831.465236381,7.031514703));
#10035=CARTESIAN_POINT('',(306.558486433,831.299151859,7.002733468));
#10036=CARTESIAN_POINT('',(306.857791219,831.153401852,6.991182433));
#10037=CARTESIAN_POINT('',(307.378398724,830.758397877,6.975499986));
#10038=CARTESIAN_POINT('',(307.599497667,830.509298503,6.971374741));
#10039=CARTESIAN_POINT('',(307.764770586,830.227326438,6.971276339));
#10040=CARTESIAN_POINT('',(304.404782987,831.155278168,7.893478995));
#10041=CARTESIAN_POINT('',(304.683592037,831.31793473,7.862136494));
#10042=CARTESIAN_POINT('',(304.994476992,831.425361969,7.830778061));
#10043=CARTESIAN_POINT('',(305.634377148,831.513854709,7.77267805));
#10044=CARTESIAN_POINT('',(305.963149674,831.494886646,7.745958572));
#10045=CARTESIAN_POINT('',(306.589669849,831.333328945,7.701141718));
#10046=CARTESIAN_POINT('',(306.887179891,831.190800568,7.683061389));
#10047=CARTESIAN_POINT('',(307.406657367,830.803342882,7.658237318));
#10048=CARTESIAN_POINT('',(307.628427779,830.558560503,7.651503018));
#10049=CARTESIAN_POINT('',(307.795814165,830.280842202,7.650945683));
#10050=CARTESIAN_POINT('',(304.439808778,831.175500624,8.274885093));
#10051=CARTESIAN_POINT('',(304.716777425,831.337077834,8.238027669));
#10052=CARTESIAN_POINT('',(305.025513497,831.443956718,8.201151587));
#10053=CARTESIAN_POINT('',(305.661243669,831.532643481,8.132779156));
#10054=CARTESIAN_POINT('',(305.988001252,831.514418358,8.101308331));
#10055=CARTESIAN_POINT('',(306.611381221,831.355502792,8.048420609));
#10056=CARTESIAN_POINT('',(306.907771676,831.21487146,8.027023456));
#10057=CARTESIAN_POINT('',(307.426485517,830.831883998,7.997466117));
#10058=CARTESIAN_POINT('',(307.648615896,830.58967034,7.989316968));
#10059=CARTESIAN_POINT('',(307.817230067,830.314496567,7.988396174));
#10060=CARTESIAN_POINT('',(304.483545326,831.200752251,8.654306871));
#10061=CARTESIAN_POINT('',(304.758331847,831.361051185,8.612016001));
#10062=CARTESIAN_POINT('',(305.064531036,831.467262612,8.569703806));
#10063=CARTESIAN_POINT('',(305.695331005,831.55610117,8.491175468));
#10064=CARTESIAN_POINT('',(306.019702169,831.538695964,8.45498791));
#10065=CARTESIAN_POINT('',(306.639326697,831.382761748,8.394016152));
#10066=CARTESIAN_POINT('',(306.934354512,831.2442895,8.369254146));
#10067=CARTESIAN_POINT('',(307.452038258,830.866424444,8.334770381));
#10068=CARTESIAN_POINT('',(307.674505746,830.627169182,8.325061175));
#10069=CARTESIAN_POINT('',(307.844460925,830.354946907,8.323588957));
#10070=B_SPLINE_SURFACE_WITH_KNOTS('',3,3,((#9850,#9851,#9852,#9853,#9854,#9855,#9856,#9857,#9858,#9859),(#9860,#9861,#9862,#9863,#9864,#9865,#9866,#9867,#9868,#9869),(#9870,#9871,#9872,#9873,#9874,#9875,#9876,#9877,#9878,#9879),(#9880,#9881,#9882,#9883,#9884,#9885,#9886,#9887,#9888,#9889),(#9890,#9891,#9892,#9893,#9894,#9895,#9896,#9897,#9898,#9899),(#9900,#9901,#9902,#9903,#9904,#9905,#9906,#9907,#9908,#9909),(#9910,#9911,#9912,#9913,#9914,#9915,#9916,#9917,#9918,#9919),(#9920,#9921,#9922,#9923,#9924,#9925,#9926,#9927,#9928,#9929),(#9930,#9931,#9932,#9933,#9934,#9935,#9936,#9937,#9938,#9939),(#9940,#9941,#9942,#9943,#9944,#9945,#9946,#9947,#9948,#9949),(#9950,#9951,#9952,#9953,#9954,#9955,#9956,#9957,#9958,#9959),(#9960,#9961,#9962,#9963,#9964,#9965,#9966,#9967,#9968,#9969),(#9970,#9971,#9972,#9973,#9974,#9975,#9976,#9977,#9978,#9979),(#9980,#9981,#9982,#9983,#9984,#9985,#9986,#9987,#9988,#9989),(#9990,#9991,#9992,#9993,#9994,#9995,#9996,#9997,#9998,#9999),(#10000,#10001,#10002,#10003,#10004,#10005,#10006,#10007,#10008,#10009),(#10010,#10011,#10012,#10013,#10014,#10015,#10016,#10017,#10018,#10019),(#10020,#10021,#10022,#10023,#10024,#10025,#10026,#10027,#10028,#10029),(#10030,#10031,#10032,#10033,#10034,#10035,#10036,#10037,#10038,#10039),(#10040,#10041,#10042,#10043,#10044,#10045,#10046,#10047,#10048,#10049),(#10050,#10051,#10052,#10053,#10054,#10055,#10056,#10057,#10058,#10059),(#10060,#10061,#10062,#10063,#10064,#10065,#10066,#10067,#10068,#10069)),.UNSPECIFIED.,.F.,.F.,.U.,(4,2,2,2,2,2,2,2,2,2,4),(4,2,2,2,4),(0.0310085,0.031111068,0.031687199,0.03226333,0.032839461,0.033415592,0.033703657,0.033991723,0.034567854,0.035720115,0.036872377),(-0.00290039,0.247824708,0.498549805,0.749274903,1.),.UNSPECIFIED.);
#10071=CARTESIAN_POINT('',(305.743093992,829.041230312,8.652839198));
#10072=DIRECTION('',(-0.114124801,-0.065889984,-0.991278992));
#10073=DIRECTION('',(0.993437838,0.,-0.114373346));
#10074=AXIS2_PLACEMENT_3D('',#10071,#10072,#10073);
#10075=CIRCLE('',#10074,2.5);
#10076=EDGE_CURVE('',#6824,#7640,#10075,.T.);
#10077=ORIENTED_EDGE('',*,*,#10076,.T.);
#10078=ORIENTED_EDGE('',*,*,#7661,.F.);
#10079=ORIENTED_EDGE('',*,*,#8601,.T.);
#10080=ORIENTED_EDGE('',*,*,#2967,.F.);
#10081=ORIENTED_EDGE('',*,*,#6930,.F.);
#10082=EDGE_LOOP('',(#10077,#10078,#10079,#10080,#10081));
#10083=FACE_BOUND('',#10082,.T.);
#10084=ADVANCED_FACE('',(#10083),#10070,.T.);
#10085=CARTESIAN_POINT('',(298.88535878,845.868898912,3.256783333));
#10086=CARTESIAN_POINT('',(299.049298192,845.585476679,3.256833454));
#10087=CARTESIAN_POINT('',(299.157774692,845.270120127,3.244761092));
#10088=CARTESIAN_POINT('',(299.247434851,844.623119633,3.198192892));
#10089=CARTESIAN_POINT('',(299.228583159,844.29173079,3.163715414));
#10090=CARTESIAN_POINT('',(299.066360587,843.663176125,3.077575692));
#10091=CARTESIAN_POINT('',(298.923053669,843.36625813,3.025947412));
#10092=CARTESIAN_POINT('',(298.533670832,842.851940037,2.913363727));
#10093=CARTESIAN_POINT('',(298.287748438,842.634742725,2.852452712));
#10094=CARTESIAN_POINT('',(298.009147552,842.473892598,2.791517677));
#10095=CARTESIAN_POINT('',(298.849201182,845.84696613,3.479999391));
#10096=CARTESIAN_POINT('',(299.01300161,845.56355164,3.480019887));
#10097=CARTESIAN_POINT('',(299.121064054,845.248071417,3.469687727));
#10098=CARTESIAN_POINT('',(299.20941588,844.600557743,3.429876186));
#10099=CARTESIAN_POINT('',(299.18967046,844.268779356,3.400412486));
#10100=CARTESIAN_POINT('',(299.025314864,843.639215694,3.326812364));
#10101=CARTESIAN_POINT('',(298.88076943,843.341678414,3.282704929));
#10102=CARTESIAN_POINT('',(298.488742573,842.82596521,3.186526728));
#10103=CARTESIAN_POINT('',(298.241415575,842.607992434,3.134493842));
#10104=CARTESIAN_POINT('',(297.961425005,842.446339973,3.082440459));
#10105=CARTESIAN_POINT('',(298.821031328,845.829774763,3.704693322));
#10106=CARTESIAN_POINT('',(298.984708198,845.54636602,3.7046975));
#10107=CARTESIAN_POINT('',(299.092435506,845.230793388,3.696124892));
#10108=CARTESIAN_POINT('',(299.179750902,844.582893538,3.663118384));
#10109=CARTESIAN_POINT('',(299.159304624,844.250821328,3.638697472));
#10110=CARTESIAN_POINT('',(298.993286449,843.620492883,3.577701662));
#10111=CARTESIAN_POINT('',(298.847779895,843.32248474,3.541150768));
#10112=CARTESIAN_POINT('',(298.453707278,842.805705934,3.461452863));
#10113=CARTESIAN_POINT('',(298.205296318,842.587138672,3.418337216));
#10114=CARTESIAN_POINT('',(297.92423494,842.424868279,3.375204607));
#10115=CARTESIAN_POINT('',(298.779768953,845.804870534,4.160487023));
#10116=CARTESIAN_POINT('',(298.943301147,845.521468386,4.160479205));
#10117=CARTESIAN_POINT('',(299.05058112,845.205755573,4.155367353));
#10118=CARTESIAN_POINT('',(299.136471504,844.557280762,4.135705782));
#10119=CARTESIAN_POINT('',(299.115048142,844.224773756,4.121163793));
#10120=CARTESIAN_POINT('',(298.946692435,843.593323268,4.084848446));
#10121=CARTESIAN_POINT('',(298.79982629,843.294628084,4.063089366));
#10122=CARTESIAN_POINT('',(298.402847483,842.776305744,4.015646827));
#10123=CARTESIAN_POINT('',(298.15289092,842.556882402,3.98998202));
#10124=CARTESIAN_POINT('',(297.870299149,842.393728435,3.964307131));
#10125=CARTESIAN_POINT('',(298.766697361,845.797192596,4.391556694));
#10126=CARTESIAN_POINT('',(298.93021155,845.513791278,4.391553172));
#10127=CARTESIAN_POINT('',(299.037380284,845.198028852,4.388145191));
#10128=CARTESIAN_POINT('',(299.122879413,844.549358638,4.375033852));
#10129=CARTESIAN_POINT('',(299.101176192,844.216705889,4.365335649));
#10130=CARTESIAN_POINT('',(298.932134266,843.584886874,4.341115578));
#10131=CARTESIAN_POINT('',(298.784862023,843.285969021,4.326603235));
#10132=CARTESIAN_POINT('',(298.387004916,842.767155454,4.294960768));
#10133=CARTESIAN_POINT('',(298.136576478,842.547463722,4.277843086));
#10134=CARTESIAN_POINT('',(297.853514547,842.384037841,4.260718671));
#10135=CARTESIAN_POINT('',(298.755636836,845.791732035,4.85781896));
#10136=CARTESIAN_POINT('',(298.919275158,845.508325267,4.857820326));
#10137=CARTESIAN_POINT('',(299.026477897,845.192481433,4.857792363));
#10138=CARTESIAN_POINT('',(299.11185321,844.54352774,4.857682048));
#10139=CARTESIAN_POINT('',(299.08999219,844.210673239,4.85759974));
#10140=CARTESIAN_POINT('',(298.920467973,843.578381101,4.857393372));
#10141=CARTESIAN_POINT('',(298.772871482,843.279192266,4.857269397));
#10142=CARTESIAN_POINT('',(298.374257402,842.759826709,4.856998764));
#10143=CARTESIAN_POINT('',(298.123396665,842.539854354,4.856852217));
#10144=CARTESIAN_POINT('',(297.839888729,842.376170971,4.85670561));
#10145=CARTESIAN_POINT('',(298.757729152,845.793958176,5.090455599));
#10146=CARTESIAN_POINT('',(298.921504371,845.510545585,5.090456602));
#10147=CARTESIAN_POINT('',(299.028848487,845.19467219,5.092087646));
#10148=CARTESIAN_POINT('',(299.114487128,844.545637248,5.098364011));
#10149=CARTESIAN_POINT('',(299.092747926,844.212731321,5.103006863));
#10150=CARTESIAN_POINT('',(298.923430757,843.580344503,5.114602211));
#10151=CARTESIAN_POINT('',(298.775919475,843.281112674,5.121550147));
#10152=CARTESIAN_POINT('',(298.377436133,842.761696104,5.136699462));
#10153=CARTESIAN_POINT('',(298.126621013,842.541715933,5.144894884));
#10154=CARTESIAN_POINT('',(297.843143819,842.378050298,5.153093531));
#10155=CARTESIAN_POINT('',(298.776655683,845.807818047,5.554426615));
#10156=CARTESIAN_POINT('',(298.940823809,845.524388258,5.55439615));
#10157=CARTESIAN_POINT('',(299.048662599,845.208480397,5.559276709));
#10158=CARTESIAN_POINT('',(299.135398968,844.559407411,5.578123114));
#10159=CARTESIAN_POINT('',(299.114262298,844.22649858,5.592081521));
#10160=CARTESIAN_POINT('',(298.946170702,843.5942021,5.626961612));
#10161=CARTESIAN_POINT('',(298.799282149,843.295064119,5.647869528));
#10162=CARTESIAN_POINT('',(298.401998244,842.775975484,5.693464885));
#10163=CARTESIAN_POINT('',(298.151759764,842.556229797,5.71813433));
#10164=CARTESIAN_POINT('',(297.868816507,842.392872432,5.742813515));
#10165=CARTESIAN_POINT('',(298.793384288,845.81942214,5.783937812));
#10166=CARTESIAN_POINT('',(298.95781258,845.5359808,5.783875365));
#10167=CARTESIAN_POINT('',(299.066010037,845.220067729,5.790393355));
#10168=CARTESIAN_POINT('',(299.153592928,844.571037777,5.815605459));
#10169=CARTESIAN_POINT('',(299.132943722,844.238177611,5.834289605));
#10170=CARTESIAN_POINT('',(298.96588453,843.60606755,5.880991267));
#10171=CARTESIAN_POINT('',(298.819540624,843.307067677,5.908990318));
#10172=CARTESIAN_POINT('',(298.423339268,842.788362073,5.970054739));
#10173=CARTESIAN_POINT('',(298.173638531,842.568861509,6.003095967));
#10174=CARTESIAN_POINT('',(297.891204733,842.40579828,6.036150263));
#10175=CARTESIAN_POINT('',(298.817573427,845.83547493,6.009978368));
#10176=CARTESIAN_POINT('',(298.982277992,845.552019931,6.009861592));
#10177=CARTESIAN_POINT('',(299.090913667,845.236132327,6.018049197));
#10178=CARTESIAN_POINT('',(299.179615845,844.587270617,6.049794774));
#10179=CARTESIAN_POINT('',(299.1596472,844.254553631,6.073340167));
#10180=CARTESIAN_POINT('',(298.994090741,843.622871587,6.132214867));
#10181=CARTESIAN_POINT('',(298.848568532,843.324156841,6.167520845));
#10182=CARTESIAN_POINT('',(298.454046714,842.806161175,6.244529947));
#10183=CARTESIAN_POINT('',(298.20520344,842.587085518,6.286202556));
#10184=CARTESIAN_POINT('',(297.923596852,842.424499878,6.327891684));
#10185=B_SPLINE_SURFACE_WITH_KNOTS('',3,3,((#10085,#10086,#10087,#10088,#10089,#10090,#10091,#10092,#10093,#10094),(#10095,#10096,#10097,#10098,#10099,#10100,#10101,#10102,#10103,#10104),(#10105,#10106,#10107,#10108,#10109,#10110,#10111,#10112,#10113,#10114),(#10115,#10116,#10117,#10118,#10119,#10120,#10121,#10122,#10123,#10124),(#10125,#10126,#10127,#10128,#10129,#10130,#10131,#10132,#10133,#10134),(#10135,#10136,#10137,#10138,#10139,#10140,#10141,#10142,#10143,#10144),(#10145,#10146,#10147,#10148,#10149,#10150,#10151,#10152,#10153,#10154),(#10155,#10156,#10157,#10158,#10159,#10160,#10161,#10162,#10163,#10164),(#10165,#10166,#10167,#10168,#10169,#10170,#10171,#10172,#10173,#10174),(#10175,#10176,#10177,#10178,#10179,#10180,#10181,#10182,#10183,#10184)),.UNSPECIFIED.,.F.,.F.,.U.,(4,2,2,2,4),(4,2,2,2,4),(0.024088244,0.024979494,0.025870744,0.026761993,0.027653243),(0.,0.25,0.5,0.75,1.),.UNSPECIFIED.);
#10186=ORIENTED_EDGE('',*,*,#2986,.F.);
#10187=ORIENTED_EDGE('',*,*,#8621,.T.);
#10188=ORIENTED_EDGE('',*,*,#7619,.F.);
#10189=CARTESIAN_POINT('',(297.932924967,842.429913111,6.326508975));
#10190=CARTESIAN_POINT('',(298.213026308,842.593291725,6.284936122));
#10191=CARTESIAN_POINT('',(298.460340813,842.812669253,6.243413884));
#10192=CARTESIAN_POINT('',(298.656199385,843.071603911,6.205069067));
#10193=CARTESIAN_POINT('',(298.852057956,843.33053857,6.166724251));
#10194=CARTESIAN_POINT('',(298.996373996,843.628786984,6.131582072));
#10195=CARTESIAN_POINT('',(299.078232187,843.943937391,6.102291131));
#10196=CARTESIAN_POINT('',(299.160090377,844.259087797,6.073000189));
#10197=CARTESIAN_POINT('',(299.179478129,844.590884202,6.049578291));
#10198=CARTESIAN_POINT('',(299.134898606,844.914368971,6.033791499));
#10199=CARTESIAN_POINT('',(299.090319082,845.237853741,6.018004707));
#10200=CARTESIAN_POINT('',(298.981833219,845.552777436,6.009862243));
#10201=CARTESIAN_POINT('',(298.817588589,845.835448789,6.009978171));
#10202=B_SPLINE_CURVE_WITH_KNOTS('',3,(#10189,#10190,#10191,#10192,#10193,#10194,#10195,#10196,#10197,#10198,#10199,#10200,#10201),.UNSPECIFIED.,.F.,.F.,(4,3,3,3,4),(0.,0.25,0.5,0.75,1.),.UNSPECIFIED.);
#10203=EDGE_CURVE('',#5925,#7605,#10202,.T.);
#10204=ORIENTED_EDGE('',*,*,#10203,.F.);
#10205=ORIENTED_EDGE('',*,*,#5988,.F.);
#10206=EDGE_LOOP('',(#10186,#10187,#10188,#10204,#10205));
#10207=FACE_BOUND('',#10206,.T.);
#10208=ADVANCED_FACE('',(#10207),#10185,.T.);
#10209=CARTESIAN_POINT('',(296.322296354,845.541440512,9.82651063));
#10210=CARTESIAN_POINT('',(296.483611333,845.635164779,9.826510618));
#10211=CARTESIAN_POINT('',(296.644919577,845.728885135,9.805539752));
#10212=CARTESIAN_POINT('',(296.959497876,845.911655647,9.722699568));
#10213=CARTESIAN_POINT('',(297.112754791,846.00069817,9.660833711));
#10214=CARTESIAN_POINT('',(297.403579966,846.169668085,9.499288149));
#10215=CARTESIAN_POINT('',(297.541136079,846.24958842,9.399615193));
#10216=CARTESIAN_POINT('',(297.793692251,846.396323986,9.167427434));
#10217=CARTESIAN_POINT('',(297.908681761,846.463133089,9.03492233));
#10218=CARTESIAN_POINT('',(298.11036316,846.580310333,8.743681498));
#10219=CARTESIAN_POINT('',(298.197046625,846.630673579,8.584957936));
#10220=CARTESIAN_POINT('',(298.33778678,846.712443861,8.249200654));
#10221=CARTESIAN_POINT('',(298.391837591,846.743847482,8.072180959));
#10222=CARTESIAN_POINT('',(298.464611776,846.786129424,7.708665787));
#10223=CARTESIAN_POINT('',(298.483332109,846.797005979,7.522185495));
#10224=CARTESIAN_POINT('',(298.484507964,846.797689171,7.149056465));
#10225=CARTESIAN_POINT('',(298.466963437,846.78749578,6.962423313));
#10226=CARTESIAN_POINT('',(298.431722854,846.76702095,6.780363811));
#10227=CARTESIAN_POINT('',(296.363801361,845.469679766,9.82651244));
#10228=CARTESIAN_POINT('',(296.525615564,845.562566418,9.826524515));
#10229=CARTESIAN_POINT('',(296.687174662,845.655879356,9.805563278));
#10230=CARTESIAN_POINT('',(297.001744523,845.838715158,9.722737077));
#10231=CARTESIAN_POINT('',(297.154742142,845.928230383,9.660875573));
#10232=CARTESIAN_POINT('',(297.444550594,846.099001789,9.499333586));
#10233=CARTESIAN_POINT('',(297.581349318,846.180250835,9.399659852));
#10234=CARTESIAN_POINT('',(297.831929543,846.330433199,9.167466015));
#10235=CARTESIAN_POINT('',(297.945700576,846.399360241,9.034955614));
#10236=CARTESIAN_POINT('',(298.144543968,846.521456697,8.743700698));
#10237=CARTESIAN_POINT('',(298.22960802,846.574621011,8.584968351));
#10238=CARTESIAN_POINT('',(298.366788594,846.662536711,8.249191364));
#10239=CARTESIAN_POINT('',(298.418899384,846.697284426,8.072160753));
#10240=CARTESIAN_POINT('',(298.487569264,846.746630781,7.708623177));
#10241=CARTESIAN_POINT('',(298.504125486,846.76122736,7.522131402));
#10242=CARTESIAN_POINT('',(298.50085675,846.769541111,7.148980488));
#10243=CARTESIAN_POINT('',(298.481031928,846.763257934,6.962336938));
#10244=CARTESIAN_POINT('',(298.443509823,846.746691022,6.780268377));
#10245=CARTESIAN_POINT('',(296.405213116,845.397707984,9.823567549));
#10246=CARTESIAN_POINT('',(296.567497858,845.489736144,9.823522545));
#10247=CARTESIAN_POINT('',(296.72927864,845.582621649,9.802525665));
#10248=CARTESIAN_POINT('',(297.043784561,845.765486808,9.719672636));
#10249=CARTESIAN_POINT('',(297.196496564,845.855458824,9.657819948));
#10250=CARTESIAN_POINT('',(297.485242064,846.028006098,9.496339062));
#10251=CARTESIAN_POINT('',(297.621263501,846.110574148,9.396717608));
#10252=CARTESIAN_POINT('',(297.869837435,846.264191729,9.164668308));
#10253=CARTESIAN_POINT('',(297.982379551,846.335234844,9.032250152));
#10254=CARTESIAN_POINT('',(298.178375744,846.46225566,8.741213917));
#10255=CARTESIAN_POINT('',(298.261821636,846.518228055,8.582607992));
#10256=CARTESIAN_POINT('',(298.395458066,846.61231243,8.247110311));
#10257=CARTESIAN_POINT('',(298.445643023,846.65042048,8.070232567));
#10258=CARTESIAN_POINT('',(298.510250034,846.706872553,7.70701798));
#10259=CARTESIAN_POINT('',(298.52466939,846.725214218,7.520696306));
#10260=CARTESIAN_POINT('',(298.517022569,846.741216319,7.14789269));
#10261=CARTESIAN_POINT('',(298.494956711,846.738876085,6.961426317));
#10262=CARTESIAN_POINT('',(298.455197261,846.726252727,6.779533224));
#10263=CARTESIAN_POINT('',(296.503644251,845.225747474,9.809429513));
#10264=CARTESIAN_POINT('',(296.666965603,845.315705716,9.809081928));
#10265=CARTESIAN_POINT('',(296.829190564,845.407547471,9.787891237));
#10266=CARTESIAN_POINT('',(297.143387069,845.590434601,9.704876569));
#10267=CARTESIAN_POINT('',(297.29534552,845.681472354,9.643056052));
#10268=CARTESIAN_POINT('',(297.581432325,845.858212736,9.481860383));
#10269=CARTESIAN_POINT('',(297.715548759,845.943907999,9.38249195));
#10270=CARTESIAN_POINT('',(297.95926375,846.105690587,9.151151295));
#10271=CARTESIAN_POINT('',(298.068852153,846.181771171,9.019188714));
#10272=CARTESIAN_POINT('',(298.258045603,846.32053053,8.729235989));
#10273=CARTESIAN_POINT('',(298.337642767,846.383203523,8.571257927));
#10274=CARTESIAN_POINT('',(298.462883025,846.492021916,8.237148001));
#10275=CARTESIAN_POINT('',(298.5085209,846.53816278,8.061030059));
#10276=CARTESIAN_POINT('',(298.563564576,846.611615046,7.699419148));
#10277=CARTESIAN_POINT('',(298.572968084,846.638923386,7.513941246));
#10278=CARTESIAN_POINT('',(298.555071293,846.673347414,7.142856556));
#10279=CARTESIAN_POINT('',(298.527771741,846.680461667,6.95726523));
#10280=CARTESIAN_POINT('',(298.482799311,846.677301321,6.776235743));
#10281=CARTESIAN_POINT('',(296.560844247,845.125085003,9.795376133));
#10282=CARTESIAN_POINT('',(296.724700989,845.213816743,9.794716452));
#10283=CARTESIAN_POINT('',(296.887116331,845.30502961,9.773324127));
#10284=CARTESIAN_POINT('',(297.201004177,845.487891116,9.690135833));
#10285=CARTESIAN_POINT('',(297.352463633,845.579532155,9.628343321));
#10286=CARTESIAN_POINT('',(297.636897327,845.758686967,9.467428084));
#10287=CARTESIAN_POINT('',(297.769859743,845.846193293,9.368312046));
#10288=CARTESIAN_POINT('',(298.010677416,846.012721038,9.137681839));
#10289=CARTESIAN_POINT('',(298.118522665,846.091735533,9.006177256));
#10290=CARTESIAN_POINT('',(298.303734204,846.237344338,8.717315127));
#10291=CARTESIAN_POINT('',(298.381092798,846.303932594,8.559969587));
#10292=CARTESIAN_POINT('',(298.501476825,846.421371961,8.227257916));
#10293=CARTESIAN_POINT('',(298.544497255,846.47221819,8.051905614));
#10294=CARTESIAN_POINT('',(298.594060238,846.55564003,7.691910026));
#10295=CARTESIAN_POINT('',(298.600600732,846.588212172,7.507281701));
#10296=CARTESIAN_POINT('',(298.576875387,846.633462016,7.137926264));
#10297=CARTESIAN_POINT('',(298.546610537,846.646137835,6.953214502));
#10298=CARTESIAN_POINT('',(298.498694594,846.648549783,6.773051901));
#10299=CARTESIAN_POINT('',(296.728330516,844.828158197,9.736723833));
#10300=CARTESIAN_POINT('',(296.893513681,844.913313136,9.734772162));
#10301=CARTESIAN_POINT('',(297.056248205,845.002694015,9.712549636));
#10302=CARTESIAN_POINT('',(297.368787361,845.185496029,9.628659876));
#10303=CARTESIAN_POINT('',(297.518579142,845.278909648,9.566996092));
#10304=CARTESIAN_POINT('',(297.797813587,845.465151006,9.407274424));
#10305=CARTESIAN_POINT('',(297.927244771,845.557971086,9.309223106));
#10306=CARTESIAN_POINT('',(298.159346758,845.738427822,9.081579191));
#10307=CARTESIAN_POINT('',(298.262008019,845.826057055,8.951995953));
#10308=CARTESIAN_POINT('',(298.435484331,845.991790855,8.667702914));
#10309=CARTESIAN_POINT('',(298.506292252,846.069888603,8.513004802));
#10310=CARTESIAN_POINT('',(298.612553319,846.212689532,8.186140977));
#10311=CARTESIAN_POINT('',(298.648002099,846.277386836,8.013988702));
#10312=CARTESIAN_POINT('',(298.681787296,846.390180027,7.660740483));
#10313=CARTESIAN_POINT('',(298.680122328,846.43827127,7.479659062));
#10314=CARTESIAN_POINT('',(298.639760409,846.515467434,7.117519354));
#10315=CARTESIAN_POINT('',(298.601065121,846.544569175,6.936475956));
#10316=CARTESIAN_POINT('',(298.544811004,846.563455372,6.759926947));
#10317=CARTESIAN_POINT('',(296.835436638,844.635363014,9.675882319));
#10318=CARTESIAN_POINT('',(297.00114121,844.718256035,9.672595137));
#10319=CARTESIAN_POINT('',(297.163757352,844.80648343,9.649517466));
#10320=CARTESIAN_POINT('',(297.474832349,844.989277434,9.564914095));
#10321=CARTESIAN_POINT('',(297.623278563,845.083836615,9.503391833));
#10322=CARTESIAN_POINT('',(297.898703823,845.274638253,9.344925334));
#10323=CARTESIAN_POINT('',(298.025671679,845.370872953,9.247987536));
#10324=CARTESIAN_POINT('',(298.251887688,845.56028601,9.023459609));
#10325=CARTESIAN_POINT('',(298.351126651,845.653456662,8.895878603));
#10326=CARTESIAN_POINT('',(298.51699748,845.832151731,8.616342699));
#10327=CARTESIAN_POINT('',(298.583622609,845.917668876,8.464399157));
#10328=CARTESIAN_POINT('',(298.680984072,846.076842844,8.143616346));
#10329=CARTESIAN_POINT('',(298.711716455,846.150493188,7.974790108));
#10330=CARTESIAN_POINT('',(298.73577793,846.282302879,7.628551684));
#10331=CARTESIAN_POINT('',(298.729106051,846.340456857,7.451153564));
#10332=CARTESIAN_POINT('',(298.678686191,846.438405467,7.096503728));
#10333=CARTESIAN_POINT('',(298.634940265,846.478196105,6.919266419));
#10334=CARTESIAN_POINT('',(298.573732628,846.507824754,6.746464855));
#10335=CARTESIAN_POINT('',(296.989531803,844.353807159,9.552606943));
#10336=CARTESIAN_POINT('',(297.155403726,844.433757351,9.546863638));
#10337=CARTESIAN_POINT('',(297.317289531,844.520597204,9.522276808));
#10338=CARTESIAN_POINT('',(297.625235302,844.703843415,9.43660898));
#10339=CARTESIAN_POINT('',(297.77128304,844.800242496,9.375531386));
#10340=CARTESIAN_POINT('',(298.040443084,844.997915838,9.219851896));
#10341=CARTESIAN_POINT('',(298.163544702,845.099182247,9.125256182));
#10342=CARTESIAN_POINT('',(298.380819282,845.301661443,8.907141839));
#10343=CARTESIAN_POINT('',(298.474983616,845.402866187,8.78363187));
#10344=CARTESIAN_POINT('',(298.629798451,845.600295667,8.513697986));
#10345=CARTESIAN_POINT('',(298.690442805,845.696512562,8.367284789));
#10346=CARTESIAN_POINT('',(298.775263688,845.879282174,8.058668554));
#10347=CARTESIAN_POINT('',(298.799436851,845.96582763,7.89647777));
#10348=CARTESIAN_POINT('',(298.810136305,846.125040415,7.564198898));
#10349=CARTESIAN_POINT('',(298.796662172,846.197701418,7.394124004));
#10350=CARTESIAN_POINT('',(298.73272029,846.325606698,7.054353767));
#10351=CARTESIAN_POINT('',(298.682255082,846.380845893,6.884671916));
#10352=CARTESIAN_POINT('',(298.614519937,846.426031236,6.719309027));
#10353=CARTESIAN_POINT('',(297.039936949,844.260984224,9.505992957));
#10354=CARTESIAN_POINT('',(297.205762031,844.340025292,9.499353179));
#10355=CARTESIAN_POINT('',(297.367311279,844.426457905,9.474224536));
#10356=CARTESIAN_POINT('',(297.674055027,844.609931417,9.388203416));
#10357=CARTESIAN_POINT('',(297.819237453,844.706965093,9.327314325));
#10358=CARTESIAN_POINT('',(298.086210995,844.906939196,9.1727201));
#10359=CARTESIAN_POINT('',(298.207991603,845.00987175,9.07902105));
#10360=CARTESIAN_POINT('',(298.422258536,845.216655617,8.863344711));
#10361=CARTESIAN_POINT('',(298.514736427,845.32049879,8.74137591));
#10362=CARTESIAN_POINT('',(298.66591456,845.524071165,8.475068005));
#10363=CARTESIAN_POINT('',(298.724608852,845.623792352,8.330739383));
#10364=CARTESIAN_POINT('',(298.805373263,845.81428719,8.026703652));
#10365=CARTESIAN_POINT('',(298.827440204,845.905053339,7.867008509));
#10366=CARTESIAN_POINT('',(298.83387814,846.073237947,7.539976656));
#10367=CARTESIAN_POINT('',(298.818248882,846.150649782,7.372652816));
#10368=CARTESIAN_POINT('',(298.750049311,846.288372292,7.038470715));
#10369=CARTESIAN_POINT('',(298.697481684,846.348677541,6.871625606));
#10370=CARTESIAN_POINT('',(298.627716006,846.398969778,6.709055569));
#10371=CARTESIAN_POINT('',(297.13787597,844.079139346,9.402296014));
#10372=CARTESIAN_POINT('',(297.303400341,844.156553514,9.393776682));
#10373=CARTESIAN_POINT('',(297.464095806,844.242317536,9.367544714));
#10374=CARTESIAN_POINT('',(297.768141364,844.426442422,9.280910568));
#10375=CARTESIAN_POINT('',(297.911479718,844.524796177,9.220511736));
#10376=CARTESIAN_POINT('',(298.173930494,844.729380922,9.068439971));
#10377=CARTESIAN_POINT('',(298.293032784,844.835604012,8.976772909));
#10378=CARTESIAN_POINT('',(298.501293631,845.050829542,8.766561537));
#10379=CARTESIAN_POINT('',(298.590444149,845.159823672,8.648025343));
#10380=CARTESIAN_POINT('',(298.734520805,845.375359792,8.389762302));
#10381=CARTESIAN_POINT('',(298.789441382,845.48189346,8.250045425));
#10382=CARTESIAN_POINT('',(298.862420071,845.687394659,7.95612447));
#10383=CARTESIAN_POINT('',(298.880475368,845.786354253,7.801931739));
#10384=CARTESIAN_POINT('',(298.878854566,845.971956266,7.486457701));
#10385=CARTESIAN_POINT('',(298.859178532,846.058591516,7.325188572));
#10386=CARTESIAN_POINT('',(298.783036962,846.21538481,7.003300497));
#10387=CARTESIAN_POINT('',(298.726574368,846.285536798,6.842693977));
#10388=CARTESIAN_POINT('',(298.653070773,846.345765525,6.686266316));
#10389=CARTESIAN_POINT('',(297.185060957,843.990778859,9.345626588));
#10390=CARTESIAN_POINT('',(297.350333032,844.067480799,9.336131453));
#10391=CARTESIAN_POINT('',(297.510514786,844.152985583,9.309342184));
#10392=CARTESIAN_POINT('',(297.813074639,844.337531647,9.222450437));
#10393=CARTESIAN_POINT('',(297.955441179,844.436565877,9.16235128));
#10394=CARTESIAN_POINT('',(298.215572422,844.64344343,9.011706465));
#10395=CARTESIAN_POINT('',(298.333327188,844.751278849,8.921166562));
#10396=CARTESIAN_POINT('',(298.538611326,844.970610583,8.713960299));
#10397=CARTESIAN_POINT('',(298.626132857,845.082098516,8.597301854));
#10398=CARTESIAN_POINT('',(298.766770047,845.303412083,8.343425663));
#10399=CARTESIAN_POINT('',(298.819880334,845.413229258,8.206217614));
#10400=CARTESIAN_POINT('',(298.889157193,845.625957274,7.917790731));
#10401=CARTESIAN_POINT('',(298.90532112,845.728859983,7.766582913));
#10402=CARTESIAN_POINT('',(298.899931185,845.922844587,7.457373777));
#10403=CARTESIAN_POINT('',(298.87837753,846.013919066,7.299384268));
#10404=CARTESIAN_POINT('',(298.798579063,846.179896947,6.984153281));
#10405=CARTESIAN_POINT('',(298.740337301,846.254794004,6.826923844));
#10406=CARTESIAN_POINT('',(298.665139108,846.319816371,6.67382132));
#10407=CARTESIAN_POINT('',(297.321418066,843.733266927,9.16138861));
#10408=CARTESIAN_POINT('',(297.485648068,843.808150158,9.148943372));
#10409=CARTESIAN_POINT('',(297.644048894,843.893116566,9.120539176));
#10410=CARTESIAN_POINT('',(297.941780038,844.0792397,9.033142686));
#10411=CARTESIAN_POINT('',(298.081099363,844.180389552,8.974153621));
#10412=CARTESIAN_POINT('',(298.334126782,844.394131504,8.828354005));
#10413=CARTESIAN_POINT('',(298.447825534,844.506715707,8.741548837));
#10414=CARTESIAN_POINT('',(298.644273724,844.738040221,8.544188739));
#10415=CARTESIAN_POINT('',(298.72701591,844.856771981,8.433641092));
#10416=CARTESIAN_POINT('',(298.857666015,845.094815591,8.193981817));
#10417=CARTESIAN_POINT('',(298.905569113,845.21411864,8.064879031));
#10418=CARTESIAN_POINT('',(298.964291486,845.447700782,7.794166009));
#10419=CARTESIAN_POINT('',(298.975108599,845.561971237,7.652565762));
#10420=CARTESIAN_POINT('',(298.959150344,845.780119322,7.363500961));
#10421=CARTESIAN_POINT('',(298.932375572,845.883988881,7.216047072));
#10422=CARTESIAN_POINT('',(298.842489576,846.076453675,6.922193095));
#10423=CARTESIAN_POINT('',(298.779381677,846.165041787,6.775803848));
#10424=CARTESIAN_POINT('',(298.699586385,846.243910343,6.633375765));
#10425=CARTESIAN_POINT('',(297.405790446,843.570862585,9.018500733));
#10426=CARTESIAN_POINT('',(297.568932464,843.644964108,9.004052103));
#10427=CARTESIAN_POINT('',(297.725811906,843.72989995,8.97464757));
#10428=CARTESIAN_POINT('',(298.019798216,843.917515726,8.887285743));
#10429=CARTESIAN_POINT('',(298.156894507,844.020188906,8.829331594));
#10430=CARTESIAN_POINT('',(298.404960333,844.238520974,8.687553689));
#10431=CARTESIAN_POINT('',(298.515920946,844.354171999,8.60373503));
#10432=CARTESIAN_POINT('',(298.706572343,844.593098736,8.414108978));
#10433=CARTESIAN_POINT('',(298.786256271,844.716365843,8.3083084));
#10434=CARTESIAN_POINT('',(298.910660578,844.964809588,8.079617364));
#10435=CARTESIAN_POINT('',(298.955376485,845.089977276,7.956735125));
#10436=CARTESIAN_POINT('',(299.007771463,845.336417838,7.699570744));
#10437=CARTESIAN_POINT('',(299.015448655,845.457681831,7.565297845));
#10438=CARTESIAN_POINT('',(298.993409348,845.690690572,7.291569769));
#10439=CARTESIAN_POINT('',(298.963693648,845.80242692,7.15212443));
#10440=CARTESIAN_POINT('',(298.868244594,846.011196652,6.874508854));
#10441=CARTESIAN_POINT('',(298.802514681,846.108222508,6.736348593));
#10442=CARTESIAN_POINT('',(298.72029849,846.195645578,6.602024957));
#10443=CARTESIAN_POINT('',(297.555606591,843.276822254,8.704812422));
#10444=CARTESIAN_POINT('',(297.716056724,843.350201201,8.686827998));
#10445=CARTESIAN_POINT('',(297.869520611,843.43566876,8.655986455));
#10446=CARTESIAN_POINT('',(298.155574387,843.626936748,8.569976774));
#10447=CARTESIAN_POINT('',(298.288154525,843.732730655,8.514811568));
#10448=CARTESIAN_POINT('',(298.526459451,843.959878899,8.38264081));
#10449=CARTESIAN_POINT('',(298.632176118,844.081225488,8.30563976));
#10450=CARTESIAN_POINT('',(298.811984503,844.334003884,8.133267609));
#10451=CARTESIAN_POINT('',(298.886070096,844.465427066,8.037902378));
#10452=CARTESIAN_POINT('',(298.999273551,844.732427699,7.833099778));
#10453=CARTESIAN_POINT('',(299.038387558,844.867996037,7.72366938));
#10454=CARTESIAN_POINT('',(299.079882563,845.137167929,7.495668267));
#10455=CARTESIAN_POINT('',(299.082262152,845.270762295,7.377105312));
#10456=CARTESIAN_POINT('',(299.050180096,845.529955231,7.136182559));
#10457=CARTESIAN_POINT('',(299.015719549,845.655544952,7.013830959));
#10458=CARTESIAN_POINT('',(298.911510852,845.893057834,6.770845249));
#10459=CARTESIAN_POINT('',(298.841766258,846.004972883,6.650219408));
#10460=CARTESIAN_POINT('',(298.755950534,846.107527383,6.533170669));
#10461=CARTESIAN_POINT('',(297.621827044,843.143748576,8.533275906));
#10462=CARTESIAN_POINT('',(297.780672404,843.217170603,8.513742148));
#10463=CARTESIAN_POINT('',(297.932236689,843.303192292,8.482452904));
#10464=CARTESIAN_POINT('',(298.214083637,843.496620094,8.397750931));
#10465=CARTESIAN_POINT('',(298.344356967,843.604019796,8.344341007));
#10466=CARTESIAN_POINT('',(298.577828149,843.83542741,8.217770211));
#10467=CARTESIAN_POINT('',(298.681018269,843.959427651,8.144613527));
#10468=CARTESIAN_POINT('',(298.855733384,844.218520961,7.981798774));
#10469=CARTESIAN_POINT('',(298.927252595,844.353605441,7.892146089));
#10470=CARTESIAN_POINT('',(299.035444464,844.628857985,7.70032155));
#10471=CARTESIAN_POINT('',(299.072113542,844.769016924,7.598156038));
#10472=CARTESIAN_POINT('',(299.108973335,845.048182568,7.385843822));
#10473=CARTESIAN_POINT('',(299.109162831,845.187180017,7.275704138));
#10474=CARTESIAN_POINT('',(299.073053763,845.457837672,7.052335754));
#10475=CARTESIAN_POINT('',(299.036756397,845.589488901,6.939114439));
#10476=CARTESIAN_POINT('',(298.929286403,845.839595057,6.714611895));
#10477=CARTESIAN_POINT('',(298.858117338,845.958041686,6.603338086));
#10478=CARTESIAN_POINT('',(298.771092412,846.067253941,6.495505657));
#10479=CARTESIAN_POINT('',(297.708232058,842.965346935,8.253596305));
#10480=CARTESIAN_POINT('',(297.864443681,843.039287477,8.232255162));
#10481=CARTESIAN_POINT('',(298.013021774,843.126438769,8.200864407));
#10482=CARTESIAN_POINT('',(298.288465636,843.323381954,8.119345472));
#10483=CARTESIAN_POINT('',(298.415322671,843.433167602,8.069219877));
#10484=CARTESIAN_POINT('',(298.641804029,843.670604053,7.952410617));
#10485=CARTESIAN_POINT('',(298.74142117,843.798247326,7.885730655));
#10486=CARTESIAN_POINT('',(298.909087187,844.065846184,7.738712074));
#10487=CARTESIAN_POINT('',(298.977130748,844.205793281,7.658378114));
#10488=CARTESIAN_POINT('',(299.078687493,844.491911138,7.487544893));
#10489=CARTESIAN_POINT('',(299.112197458,844.638072822,7.397051045));
#10490=CARTESIAN_POINT('',(299.143227186,844.930260306,7.209833415));
#10491=CARTESIAN_POINT('',(299.140745967,845.076276837,7.113115567));
#10492=CARTESIAN_POINT('',(299.099899286,845.361820269,6.917656163));
#10493=CARTESIAN_POINT('',(299.06153512,845.501338113,6.818920801));
#10494=CARTESIAN_POINT('',(298.950589666,845.767812682,6.62372053));
#10495=CARTESIAN_POINT('',(298.878011896,845.894760954,6.527261806));
#10496=CARTESIAN_POINT('',(298.789903435,846.012666138,6.434035979));
#10497=CARTESIAN_POINT('',(297.734913956,842.909324012,8.156278336));
#10498=CARTESIAN_POINT('',(297.890206633,842.983514352,8.134419715));
#10499=CARTESIAN_POINT('',(298.037763197,843.071093321,8.103091043));
#10500=CARTESIAN_POINT('',(298.311050728,843.269257279,8.022842541));
#10501=CARTESIAN_POINT('',(298.436773159,843.379836078,7.973925217));
#10502=CARTESIAN_POINT('',(298.660962168,843.619225622,7.860610361));
#10503=CARTESIAN_POINT('',(298.759421744,843.748028889,7.796216369));
#10504=CARTESIAN_POINT('',(298.924831777,844.018305888,7.654727274));
#10505=CARTESIAN_POINT('',(298.991777068,844.159771176,7.577636589));
#10506=CARTESIAN_POINT('',(299.091265896,844.44926349,7.414081379));
#10507=CARTESIAN_POINT('',(299.123806326,844.597281471,7.32762196));
#10508=CARTESIAN_POINT('',(299.153078321,844.893486997,7.149061097));
#10509=CARTESIAN_POINT('',(299.149808971,845.041665287,7.056965226));
#10510=CARTESIAN_POINT('',(299.107600569,845.331791848,6.871106729));
#10511=CARTESIAN_POINT('',(299.068662834,845.473731053,6.777349904));
#10512=CARTESIAN_POINT('',(298.956797076,845.745248821,6.592216633));
#10513=CARTESIAN_POINT('',(298.883872547,845.874818898,6.500845966));
#10514=CARTESIAN_POINT('',(298.795526446,845.995410196,6.412637643));
#10515=CARTESIAN_POINT('',(297.782815978,842.806829764,7.958156427));
#10516=CARTESIAN_POINT('',(297.936260968,842.881627096,7.9354709));
#10517=CARTESIAN_POINT('',(298.08179677,842.970113225,7.904466046));
#10518=CARTESIAN_POINT('',(298.35087533,843.170708526,7.82713315));
#10519=CARTESIAN_POINT('',(298.474409928,843.282811614,7.780807452));
#10520=CARTESIAN_POINT('',(298.694228614,843.525871966,7.674802717));
#10521=CARTESIAN_POINT('',(298.790506038,843.656821859,7.615126893));
#10522=CARTESIAN_POINT('',(298.951712402,843.932004622,7.484959594));
#10523=CARTESIAN_POINT('',(299.016636455,844.076229146,7.414472063));
#10524=CARTESIAN_POINT('',(299.112371937,844.371824695,7.26567894));
#10525=CARTESIAN_POINT('',(299.143180463,844.523186755,7.187377856));
#10526=CARTESIAN_POINT('',(299.169372175,844.826616725,7.026287621));
#10527=CARTESIAN_POINT('',(299.164754566,844.978675432,6.943503351));
#10528=CARTESIAN_POINT('',(299.120288556,845.277027932,6.776967522));
#10529=CARTESIAN_POINT('',(299.080441502,845.423312674,6.693221008));
#10530=CARTESIAN_POINT('',(298.967210126,845.703891695,6.528322514));
#10531=CARTESIAN_POINT('',(298.893829238,845.838177463,6.44717553));
#10532=CARTESIAN_POINT('',(298.805239936,845.963610289,6.36905151));
#10533=CARTESIAN_POINT('',(297.804193339,842.760037256,7.856908628));
#10534=CARTESIAN_POINT('',(297.956705453,842.835192145,7.833910029));
#10535=CARTESIAN_POINT('',(298.101237205,842.924159314,7.803166066));
#10536=CARTESIAN_POINT('',(298.368252583,843.125970751,7.727482244));
#10537=CARTESIAN_POINT('',(298.49072823,843.238808987,7.682544646));
#10538=CARTESIAN_POINT('',(298.708457054,843.483597522,7.580370409));
#10539=CARTESIAN_POINT('',(298.803703725,843.615540504,7.523136821));
#10540=CARTESIAN_POINT('',(298.962950072,843.892966162,7.398786632));
#10541=CARTESIAN_POINT('',(299.02694499,844.038440547,7.331673745));
#10542=CARTESIAN_POINT('',(299.120983094,844.336784685,7.19039815));
#10543=CARTESIAN_POINT('',(299.151023471,844.489645522,7.116239661));
#10544=CARTESIAN_POINT('',(299.175881773,844.796305805,6.964003595));
#10545=CARTESIAN_POINT('',(299.170698956,844.950096086,6.885930565));
#10546=CARTESIAN_POINT('',(299.125327826,845.252118792,6.729161519));
#10547=CARTESIAN_POINT('',(299.085140869,845.40034219,6.650470184));
#10548=CARTESIAN_POINT('',(298.971456925,845.684969363,6.495786839));
#10549=CARTESIAN_POINT('',(298.897963335,845.821364632,6.419799447));
#10550=CARTESIAN_POINT('',(298.80936591,845.948968803,6.346765851));
#10551=CARTESIAN_POINT('',(297.860808061,842.6327858,7.546702741));
#10552=CARTESIAN_POINT('',(298.010532,842.709121537,7.523064753));
#10553=CARTESIAN_POINT('',(298.152103448,842.79956823,7.493397836));
#10554=CARTESIAN_POINT('',(298.413107815,843.004955255,7.423228404));
#10555=CARTESIAN_POINT('',(298.532533272,843.119889709,7.382727893));
#10556=CARTESIAN_POINT('',(298.744309947,843.369502739,7.292562686));
#10557=CARTESIAN_POINT('',(298.836655112,843.504174172,7.242900563));
#10558=CARTESIAN_POINT('',(298.990454342,843.787695413,7.136461006));
#10559=CARTESIAN_POINT('',(299.051904012,843.936537109,7.079686606));
#10560=CARTESIAN_POINT('',(299.141371891,844.242246917,6.961364309));
#10561=CARTESIAN_POINT('',(299.169387544,844.399106282,6.899819782));
#10562=CARTESIAN_POINT('',(299.190828454,844.714367506,6.774495395));
#10563=CARTESIAN_POINT('',(299.184253099,844.872760343,6.710719103));
#10564=CARTESIAN_POINT('',(299.136782329,845.184540594,6.58356105));
#10565=CARTESIAN_POINT('',(299.095888271,845.337919085,6.520182908));
#10566=CARTESIAN_POINT('',(298.98146851,845.633329368,6.396434301));
#10567=CARTESIAN_POINT('',(298.907946079,845.775352703,6.336067358));
#10568=CARTESIAN_POINT('',(298.819626184,845.908766418,6.278448614));
#10569=CARTESIAN_POINT('',(297.888642184,842.565206976,7.330817217));
#10570=CARTESIAN_POINT('',(298.036518465,842.642474888,7.307155076));
#10571=CARTESIAN_POINT('',(298.17618225,842.733957994,7.278603119));
#10572=CARTESIAN_POINT('',(298.433410168,842.94163642,7.212879064));
#10573=CARTESIAN_POINT('',(298.550967153,843.057825966,7.175708788));
#10574=CARTESIAN_POINT('',(298.759190817,843.310183514,7.094260289));
#10575=CARTESIAN_POINT('',(298.84985171,843.446344499,7.049984322));
#10576=CARTESIAN_POINT('',(299.00058812,843.733097047,6.956125176));
#10577=CARTESIAN_POINT('',(299.060659449,843.883680638,6.906544597));
#10578=CARTESIAN_POINT('',(299.147767752,844.193142453,6.804092265));
#10579=CARTESIAN_POINT('',(299.174802307,844.352012072,6.751223349));
#10580=CARTESIAN_POINT('',(299.194733928,844.671571939,6.644343709));
#10581=CARTESIAN_POINT('',(299.187630441,844.832253299,6.590335944));
#10582=CARTESIAN_POINT('',(299.139573619,845.148888362,6.483373925));
#10583=CARTESIAN_POINT('',(299.098621618,845.304833258,6.430422629));
#10584=CARTESIAN_POINT('',(298.984534458,845.605639641,6.327725592));
#10585=CARTESIAN_POINT('',(298.911402469,845.750492761,6.277982691));
#10586=CARTESIAN_POINT('',(298.823667822,845.886852055,6.230853227));
#10587=CARTESIAN_POINT('',(297.923440782,842.467056402,6.883180732));
#10588=CARTESIAN_POINT('',(298.067837666,842.546217059,6.860219402));
#10589=CARTESIAN_POINT('',(298.203997468,842.639636087,6.834626842));
#10590=CARTESIAN_POINT('',(298.454456617,842.851294193,6.779191054));
#10591=CARTESIAN_POINT('',(298.568749367,842.969527693,6.749349282));
#10592=CARTESIAN_POINT('',(298.770940043,843.226125072,6.686596722));
#10593=CARTESIAN_POINT('',(298.858832644,843.364482188,6.653687582));
#10594=CARTESIAN_POINT('',(299.004735598,843.655838517,6.586102599));
#10595=CARTESIAN_POINT('',(299.062742109,843.808830051,6.551428528));
#10596=CARTESIAN_POINT('',(299.146570694,844.123386027,6.481685129));
#10597=CARTESIAN_POINT('',(299.172390561,844.284942179,6.446617626));
#10598=CARTESIAN_POINT('',(299.190820194,844.61021804,6.377473707));
#10599=CARTESIAN_POINT('',(299.183429475,844.773929176,6.343399098));
#10600=CARTESIAN_POINT('',(299.135729459,845.097019736,6.277587421));
#10601=CARTESIAN_POINT('',(299.095421419,845.256390643,6.245852071));
#10602=CARTESIAN_POINT('',(298.983483912,845.564477207,6.185972287));
#10603=CARTESIAN_POINT('',(298.911857392,845.713184743,6.157829415));
#10604=CARTESIAN_POINT('',(298.825989875,845.853614171,6.132037412));
#10605=CARTESIAN_POINT('',(297.929966931,842.437779669,6.657749005));
#10606=CARTESIAN_POINT('',(298.072781391,842.517871929,6.635498372));
#10607=CARTESIAN_POINT('',(298.207394118,842.612161593,6.61170464));
#10608=CARTESIAN_POINT('',(298.454955347,842.825450135,6.561960087));
#10609=CARTESIAN_POINT('',(298.567897486,842.944443528,6.536010542));
#10610=CARTESIAN_POINT('',(298.767690938,843.20247753,6.482969421));
#10611=CARTESIAN_POINT('',(298.854537115,843.341511503,6.455879203));
#10612=CARTESIAN_POINT('',(298.998734306,843.634179172,6.401615746));
#10613=CARTESIAN_POINT('',(299.056081612,843.787805342,6.374443895));
#10614=CARTESIAN_POINT('',(299.139032364,844.103637867,6.32107874));
#10615=CARTESIAN_POINT('',(299.164633678,844.265836102,6.294886798));
#10616=CARTESIAN_POINT('',(299.183087493,844.592457031,6.244504116));
#10617=CARTESIAN_POINT('',(299.175939519,844.756871328,6.22031466));
#10618=CARTESIAN_POINT('',(299.129172934,845.0814815,6.174880765));
#10619=CARTESIAN_POINT('',(299.089555523,845.241669029,6.153637483));
#10620=CARTESIAN_POINT('',(298.979400468,845.551548073,6.114924095));
#10621=CARTESIAN_POINT('',(298.908865655,845.701231619,6.097454973));
#10622=CARTESIAN_POINT('',(298.824251681,845.842733989,6.082212552));
#10623=CARTESIAN_POINT('',(297.925406909,842.426159405,6.396496969));
#10624=CARTESIAN_POINT('',(298.066625361,842.507205441,6.375357963));
#10625=CARTESIAN_POINT('',(298.199728077,842.602300183,6.353895272));
#10626=CARTESIAN_POINT('',(298.444564997,842.816916929,6.311150844));
#10627=CARTESIAN_POINT('',(298.556293065,842.936433552,6.289870179));
#10628=CARTESIAN_POINT('',(298.754056319,843.195270593,6.248313228));
#10629=CARTESIAN_POINT('',(298.840086549,843.334584523,6.228037982));
#10630=CARTESIAN_POINT('',(298.983123916,843.627626427,6.189276412));
#10631=CARTESIAN_POINT('',(299.040127466,843.781347056,6.170791058));
#10632=CARTESIAN_POINT('',(299.122904274,844.097254873,6.136324574));
#10633=CARTESIAN_POINT('',(299.148675456,844.259434143,6.120344309));
#10634=CARTESIAN_POINT('',(299.167988746,844.585984154,6.091506398));
#10635=CARTESIAN_POINT('',(299.161530369,844.750346709,6.078649474));
#10636=CARTESIAN_POINT('',(299.116632827,845.074903407,6.056555805));
#10637=CARTESIAN_POINT('',(299.078194786,845.235089413,6.047319612));
#10638=CARTESIAN_POINT('',(298.970823657,845.54509442,6.032824878));
#10639=CARTESIAN_POINT('',(298.901893261,845.694905648,6.0275667));
#10640=CARTESIAN_POINT('',(298.819048199,845.836634647,6.024399127));
#10641=CARTESIAN_POINT('',(297.924568831,842.425075888,6.362220229));
#10642=CARTESIAN_POINT('',(298.065582521,842.506244655,6.341232734));
#10643=CARTESIAN_POINT('',(298.198492655,842.601441066,6.320080727));
#10644=CARTESIAN_POINT('',(298.442984576,842.816221097,6.27826269));
#10645=CARTESIAN_POINT('',(298.554560255,842.935799349,6.257597705));
#10646=CARTESIAN_POINT('',(298.752071865,843.19472478,6.217552019));
#10647=CARTESIAN_POINT('',(298.838002861,843.334065489,6.198172319));
#10648=CARTESIAN_POINT('',(298.980904179,843.627133867,6.16144588));
#10649=CARTESIAN_POINT('',(299.037870931,843.780854213,6.144100059));
#10650=CARTESIAN_POINT('',(299.1206416,844.096744124,6.112111506));
#10651=CARTESIAN_POINT('',(299.146443449,844.258905797,6.097469573));
#10652=CARTESIAN_POINT('',(299.165885986,844.585414222,6.071454489));
#10653=CARTESIAN_POINT('',(299.159526189,844.749752817,6.060081988));
#10654=CARTESIAN_POINT('',(299.114889509,845.074266537,6.041045177));
#10655=CARTESIAN_POINT('',(299.076613742,845.234433555,6.033381342));
#10656=CARTESIAN_POINT('',(298.969622171,845.54441641,6.022058017));
#10657=CARTESIAN_POINT('',(298.90090904,845.694224501,6.018398809));
#10658=CARTESIAN_POINT('',(298.818302372,845.835963083,6.016812505));
#10659=CARTESIAN_POINT('',(297.92348832,842.424435422,6.327907052));
#10660=CARTESIAN_POINT('',(298.064301752,842.505724444,6.30707654));
#10661=CARTESIAN_POINT('',(298.197024709,842.601018483,6.286240087));
#10662=CARTESIAN_POINT('',(298.441183838,842.815950644,6.245356872));
#10663=CARTESIAN_POINT('',(298.55261393,842.935583413,6.225311128));
#10664=CARTESIAN_POINT('',(298.749888465,843.194580071,6.186782527));
#10665=CARTESIAN_POINT('',(298.835727995,843.333937508,6.168300629));
#10666=CARTESIAN_POINT('',(298.978509346,843.627009538,6.133612634));
#10667=CARTESIAN_POINT('',(299.03544761,843.78071683,6.117407401));
#10668=CARTESIAN_POINT('',(299.118228909,844.09656087,6.087897879));
#10669=CARTESIAN_POINT('',(299.144069881,844.258689751,6.074594324));
#10670=CARTESIAN_POINT('',(299.163658375,844.585124157,6.051401413));
#10671=CARTESIAN_POINT('',(299.157405408,844.749421551,6.041512634));
#10672=CARTESIAN_POINT('',(299.113045598,845.073856222,6.025530851));
#10673=CARTESIAN_POINT('',(299.07493986,845.233985417,6.019438244));
#10674=CARTESIAN_POINT('',(298.96834264,845.543907379,6.011283982));
#10675=CARTESIAN_POINT('',(298.899853814,845.693692426,6.009222529));
#10676=CARTESIAN_POINT('',(298.817492149,845.835420432,6.009216408));
#10677=B_SPLINE_SURFACE_WITH_KNOTS('',3,3,((#10209,#10210,#10211,#10212,#10213,#10214,#10215,#10216,#10217,#10218,#10219,#10220,#10221,#10222,#10223,#10224,#10225,#10226),(#10227,#10228,#10229,#10230,#10231,#10232,#10233,#10234,#10235,#10236,#10237,#10238,#10239,#10240,#10241,#10242,#10243,#10244),(#10245,#10246,#10247,#10248,#10249,#10250,#10251,#10252,#10253,#10254,#10255,#10256,#10257,#10258,#10259,#10260,#10261,#10262),(#10263,#10264,#10265,#10266,#10267,#10268,#10269,#10270,#10271,#10272,#10273,#10274,#10275,#10276,#10277,#10278,#10279,#10280),(#10281,#10282,#10283,#10284,#10285,#10286,#10287,#10288,#10289,#10290,#10291,#10292,#10293,#10294,#10295,#10296,#10297,#10298),(#10299,#10300,#10301,#10302,#10303,#10304,#10305,#10306,#10307,#10308,#10309,#10310,#10311,#10312,#10313,#10314,#10315,#10316),(#10317,#10318,#10319,#10320,#10321,#10322,#10323,#10324,#10325,#10326,#10327,#10328,#10329,#10330,#10331,#10332,#10333,#10334),(#10335,#10336,#10337,#10338,#10339,#10340,#10341,#10342,#10343,#10344,#10345,#10346,#10347,#10348,#10349,#10350,#10351,#10352),(#10353,#10354,#10355,#10356,#10357,#10358,#10359,#10360,#10361,#10362,#10363,#10364,#10365,#10366,#10367,#10368,#10369,#10370),(#10371,#10372,#10373,#10374,#10375,#10376,#10377,#10378,#10379,#10380,#10381,#10382,#10383,#10384,#10385,#10386,#10387,#10388),(#10389,#10390,#10391,#10392,#10393,#10394,#10395,#10396,#10397,#10398,#10399,#10400,#10401,#10402,#10403,#10404,#10405,#10406),(#10407,#10408,#10409,#10410,#10411,#10412,#10413,#10414,#10415,#10416,#10417,#10418,#10419,#10420,#10421,#10422,#10423,#10424),(#10425,#10426,#10427,#10428,#10429,#10430,#10431,#10432,#10433,#10434,#10435,#10436,#10437,#10438,#10439,#10440,#10441,#10442),(#10443,#10444,#10445,#10446,#10447,#10448,#10449,#10450,#10451,#10452,#10453,#10454,#10455,#10456,#10457,#10458,#10459,#10460),(#10461,#10462,#10463,#10464,#10465,#10466,#10467,#10468,#10469,#10470,#10471,#10472,#10473,#10474,#10475,#10476,#10477,#10478),(#10479,#10480,#10481,#10482,#10483,#10484,#10485,#10486,#10487,#10488,#10489,#10490,#10491,#10492,#10493,#10494,#10495,#10496),(#10497,#10498,#10499,#10500,#10501,#10502,#10503,#10504,#10505,#10506,#10507,#10508,#10509,#10510,#10511,#10512,#10513,#10514),(#10515,#10516,#10517,#10518,#10519,#10520,#10521,#10522,#10523,#10524,#10525,#10526,#10527,#10528,#10529,#10530,#10531,#10532),(#10533,#10534,#10535,#10536,#10537,#10538,#10539,#10540,#10541,#10542,#10543,#10544,#10545,#10546,#10547,#10548,#10549,#10550),(#10551,#10552,#10553,#10554,#10555,#10556,#10557,#10558,#10559,#10560,#10561,#10562,#10563,#10564,#10565,#10566,#10567,#10568),(#10569,#10570,#10571,#10572,#10573,#10574,#10575,#10576,#10577,#10578,#10579,#10580,#10581,#10582,#10583,#10584,#10585,#10586),(#10587,#10588,#10589,#10590,#10591,#10592,#10593,#10594,#10595,#10596,#10597,#10598,#10599,#10600,#10601,#10602,#10603,#10604),(#10605,#10606,#10607,#10608,#10609,#10610,#10611,#10612,#10613,#10614,#10615,#10616,#10617,#10618,#10619,#10620,#10621,#10622),(#10623,#10624,#10625,#10626,#10627,#10628,#10629,#10630,#10631,#10632,#10633,#10634,#10635,#10636,#10637,#10638,#10639,#10640),(#10641,#10642,#10643,#10644,#10645,#10646,#10647,#10648,#10649,#10650,#10651,#10652,#10653,#10654,#10655,#10656,#10657,#10658),(#10659,#10660,#10661,#10662,#10663,#10664,#10665,#10666,#10667,#10668,#10669,#10670,#10671,#10672,#10673,#10674,#10675,#10676)),.UNSPECIFIED.,.F.,.F.,.U.,(4,2,2,2,2,2,2,2,2,2,2,2,4),(4,2,2,2,2,2,2,2,4),(0.002578722,0.002649721,0.002747859,0.002944135,0.003042273,0.003140411,0.003336686,0.003532962,0.0036311,0.003729238,0.003925513,0.004121789,0.004151394),(0.,0.125,0.25,0.375,0.5,0.625,0.75,0.875,1.),.UNSPECIFIED.);
#10678=ORIENTED_EDGE('',*,*,#10203,.T.);
#10679=ORIENTED_EDGE('',*,*,#7761,.F.);
#10680=ORIENTED_EDGE('',*,*,#8399,.F.);
#10681=ORIENTED_EDGE('',*,*,#5970,.F.);
#10682=EDGE_LOOP('',(#10678,#10679,#10680,#10681));
#10683=FACE_BOUND('',#10682,.T.);
#10684=ADVANCED_FACE('',(#10683),#10677,.T.);
#10685=CARTESIAN_POINT('',(304.493092519,831.206295704,8.652839243));
#10686=CARTESIAN_POINT('',(304.767799851,831.364898103,8.610670251));
#10687=CARTESIAN_POINT('',(305.07349941,831.469592123,8.568516432));
#10688=CARTESIAN_POINT('',(305.702782334,831.556060103,8.490320306));
#10689=CARTESIAN_POINT('',(306.026139263,831.537802949,8.454306137));
#10690=CARTESIAN_POINT('',(306.643636131,831.38094016,8.393641034));
#10691=CARTESIAN_POINT('',(306.937553874,831.242390968,8.369011929));
#10692=CARTESIAN_POINT('',(307.453326991,830.865044299,8.334713639));
#10693=CARTESIAN_POINT('',(307.674996773,830.626382601,8.325056794));
#10694=CARTESIAN_POINT('',(307.844460579,830.35494738,8.323588801));
#10695=CARTESIAN_POINT('',(304.500522047,831.21058622,8.722998294));
#10696=CARTESIAN_POINT('',(304.775093982,831.369219959,8.680312024));
#10697=CARTESIAN_POINT('',(305.080524373,831.473882796,8.636394026));
#10698=CARTESIAN_POINT('',(305.70904902,831.560170865,8.552429032));
#10699=CARTESIAN_POINT('',(306.031917205,831.541765061,8.512412239));
#10700=CARTESIAN_POINT('',(306.64829716,831.384508503,8.442081896));
#10701=CARTESIAN_POINT('',(306.941587227,831.245714313,8.411793644));
#10702=CARTESIAN_POINT('',(307.456065532,830.867812785,8.365339693));
#10703=CARTESIAN_POINT('',(307.677068721,830.628841374,8.349190703));
#10704=CARTESIAN_POINT('',(307.845898008,830.357083069,8.341284394));
#10705=CARTESIAN_POINT('',(304.509073833,831.213049816,8.793224107));
#10706=CARTESIAN_POINT('',(304.783503206,831.371747631,8.750011141));
#10707=CARTESIAN_POINT('',(305.088640639,831.476440641,8.704319023));
#10708=CARTESIAN_POINT('',(305.716326181,831.562718729,8.614565984));
#10709=CARTESIAN_POINT('',(306.038648576,831.544272782,8.570537339));
#10710=CARTESIAN_POINT('',(306.653768839,831.386871092,8.49052542));
#10711=CARTESIAN_POINT('',(306.946345512,831.247971949,8.454570917));
#10712=CARTESIAN_POINT('',(307.459337952,830.869808433,8.395950042));
#10713=CARTESIAN_POINT('',(307.679569249,830.630680045,8.373304749));
#10714=CARTESIAN_POINT('',(307.847655277,830.358747998,8.358957517));
#10715=CARTESIAN_POINT('',(304.534543381,831.21468726,8.978074295));
#10716=CARTESIAN_POINT('',(304.808578983,831.373646132,8.933459537));
#10717=CARTESIAN_POINT('',(305.112883367,831.47858588,8.883081436));
#10718=CARTESIAN_POINT('',(305.738148775,831.565294735,8.778063135));
#10719=CARTESIAN_POINT('',(306.058885004,831.547032669,8.723460692));
#10720=CARTESIAN_POINT('',(306.670314108,831.389908951,8.617942993));
#10721=CARTESIAN_POINT('',(306.960787161,831.251103789,8.567065674));
#10722=CARTESIAN_POINT('',(307.469363844,830.873022669,8.476410728));
#10723=CARTESIAN_POINT('',(307.687284629,830.633882639,8.436665694));
#10724=CARTESIAN_POINT('',(307.853125693,830.361885228,8.405368779));
#10725=CARTESIAN_POINT('',(304.553229382,831.210777198,9.091898089));
#10726=CARTESIAN_POINT('',(304.827003691,831.369990634,9.04640469));
#10727=CARTESIAN_POINT('',(305.130732244,831.475252146,8.993124926));
#10728=CARTESIAN_POINT('',(305.754292825,831.562690105,8.878676731));
#10729=CARTESIAN_POINT('',(306.073900595,831.544835105,8.817549456));
#10730=CARTESIAN_POINT('',(306.68267588,831.388552311,8.696304208));
#10731=CARTESIAN_POINT('',(306.971624454,831.250180721,8.636229834));
#10732=CARTESIAN_POINT('',(307.476970019,830.872933722,8.525841238));
#10733=CARTESIAN_POINT('',(307.693185266,830.634193985,8.47556671));
#10734=CARTESIAN_POINT('',(307.857351197,830.362554045,8.433837051));
#10735=CARTESIAN_POINT('',(304.61729239,831.184823735,9.428354248));
#10736=CARTESIAN_POINT('',(304.890245308,831.345083362,9.380263096));
#10737=CARTESIAN_POINT('',(305.192093377,831.451809573,9.318390179));
#10738=CARTESIAN_POINT('',(305.809993728,831.542784334,9.176014417));
#10739=CARTESIAN_POINT('',(306.125823242,831.527000087,9.09556289));
#10740=CARTESIAN_POINT('',(306.725635833,831.375167696,8.927748016));
#10741=CARTESIAN_POINT('',(307.009402662,831.239174292,8.840445151));
#10742=CARTESIAN_POINT('',(307.503681918,830.866670285,8.671652743));
#10743=CARTESIAN_POINT('',(307.714016143,830.630293979,8.590224031));
#10744=CARTESIAN_POINT('',(307.872358928,830.360859473,8.517640642));
#10745=CARTESIAN_POINT('',(304.670764092,831.148706246,9.647242466));
#10746=CARTESIAN_POINT('',(304.943114796,831.310042467,9.597459722));
#10747=CARTESIAN_POINT('',(305.243499446,831.41841038,9.529974369));
#10748=CARTESIAN_POINT('',(305.856885829,831.51353532,9.369357858));
#10749=CARTESIAN_POINT('',(306.169665632,831.500257943,9.276284771));
#10750=CARTESIAN_POINT('',(306.762153916,831.353945554,9.078066702));
#10751=CARTESIAN_POINT('',(307.04164802,831.220963495,8.97299337));
#10752=CARTESIAN_POINT('',(307.526705691,830.854585113,8.766109589));
#10753=CARTESIAN_POINT('',(307.732093743,830.621321364,8.66437391));
#10754=CARTESIAN_POINT('',(307.885485252,830.354854618,8.571698275));
#10755=CARTESIAN_POINT('',(304.767327168,831.066133091,9.967362881));
#10756=CARTESIAN_POINT('',(305.038752575,831.229676278,9.915301218));
#10757=CARTESIAN_POINT('',(305.336675296,831.341535483,9.839713046));
#10758=CARTESIAN_POINT('',(305.942236608,831.445636627,9.652463656));
#10759=CARTESIAN_POINT('',(306.24965419,831.437840576,9.540870767));
#10760=CARTESIAN_POINT('',(306.829104951,831.30368812,9.297958186));
#10761=CARTESIAN_POINT('',(307.100926648,831.177380679,9.166727131));
#10762=CARTESIAN_POINT('',(307.569275199,830.824652242,8.903777342));
#10763=CARTESIAN_POINT('',(307.765631118,830.598359982,8.772154555));
#10764=CARTESIAN_POINT('',(307.90990627,830.338576414,8.649943126));
#10765=CARTESIAN_POINT('',(304.802460135,831.033630932,10.073177));
#10766=CARTESIAN_POINT('',(305.073572431,831.198013365,10.020396329));
#10767=CARTESIAN_POINT('',(305.370625436,831.31121674,9.942148339));
#10768=CARTESIAN_POINT('',(305.97338645,831.418792824,9.746103375));
#10769=CARTESIAN_POINT('',(306.278873701,831.413126142,9.628378186));
#10770=CARTESIAN_POINT('',(306.853607625,831.28370861,9.370651664));
#10771=CARTESIAN_POINT('',(307.122643803,831.160005165,9.230744698));
#10772=CARTESIAN_POINT('',(307.584904495,830.812610671,8.949199724));
#10773=CARTESIAN_POINT('',(307.777959703,830.589046858,8.807664802));
#10774=CARTESIAN_POINT('',(307.918892893,830.331883052,8.675663902));
#10775=CARTESIAN_POINT('',(304.876897095,830.960268314,10.277777845));
#10776=CARTESIAN_POINT('',(305.147405819,831.126487254,10.223708868));
#10777=CARTESIAN_POINT('',(305.442677311,831.242669489,10.140378509));
#10778=CARTESIAN_POINT('',(306.039608652,831.357987635,9.927368228));
#10779=CARTESIAN_POINT('',(306.341048113,831.357080976,9.797766936));
#10780=CARTESIAN_POINT('',(306.90583602,831.238269338,9.511304101));
#10781=CARTESIAN_POINT('',(307.168975941,831.120408231,9.354548299));
#10782=CARTESIAN_POINT('',(307.618304127,830.784994893,9.03688633));
#10783=CARTESIAN_POINT('',(307.804326493,830.567566504,8.876097416));
#10784=CARTESIAN_POINT('',(307.938118399,830.316299154,8.725094205));
#10785=CARTESIAN_POINT('',(304.916288282,830.919356943,10.376956722));
#10786=CARTESIAN_POINT('',(305.186505376,831.086574829,10.322315193));
#10787=CARTESIAN_POINT('',(305.480862488,831.204394243,10.236552063));
#10788=CARTESIAN_POINT('',(306.07475675,831.323985707,10.015339155));
#10789=CARTESIAN_POINT('',(306.37407363,831.325713413,9.879971405));
#10790=CARTESIAN_POINT('',(306.933620211,831.212780863,9.579531746));
#10791=CARTESIAN_POINT('',(307.193642378,831.098162503,9.414571238));
#10792=CARTESIAN_POINT('',(307.636110907,830.7694053,9.079319378));
#10793=CARTESIAN_POINT('',(307.818393153,830.5553884,8.909152332));
#10794=CARTESIAN_POINT('',(307.948377803,830.307402028,8.748900382));
#10795=CARTESIAN_POINT('',(305.040841652,830.78423509,10.66534066));
#10796=CARTESIAN_POINT('',(305.310243909,830.954661948,10.609235257));
#10797=CARTESIAN_POINT('',(305.60181238,831.07780977,10.51652297));
#10798=CARTESIAN_POINT('',(306.186267161,831.21138275,10.271558468));
#10799=CARTESIAN_POINT('',(306.478933344,831.221757641,10.119398444));
#10800=CARTESIAN_POINT('',(307.021964874,831.128157926,9.778161801));
#10801=CARTESIAN_POINT('',(307.272125675,831.024218618,9.589213587));
#10802=CARTESIAN_POINT('',(307.6928279,830.71739984,9.202519918));
#10803=CARTESIAN_POINT('',(307.863210833,830.514635971,9.004919958));
#10804=CARTESIAN_POINT('',(307.981054919,830.277476608,8.817635471));
#10805=CARTESIAN_POINT('',(305.1324299,830.677626493,10.845661211));
#10806=CARTESIAN_POINT('',(305.401365783,830.850481213,10.788918003));
#10807=CARTESIAN_POINT('',(305.691011139,830.977741839,10.692032839));
#10808=CARTESIAN_POINT('',(306.268728686,831.122191453,10.432354686));
#10809=CARTESIAN_POINT('',(306.556580567,831.139325437,10.26966063));
#10810=CARTESIAN_POINT('',(307.087541097,831.060877047,9.902699531));
#10811=CARTESIAN_POINT('',(307.33044723,830.965324683,9.698572265));
#10812=CARTESIAN_POINT('',(307.73504975,830.675756275,9.279306043));
#10813=CARTESIAN_POINT('',(307.896591771,830.48185075,9.064326768));
#10814=CARTESIAN_POINT('',(308.005380971,830.253219487,8.859946406));
#10815=CARTESIAN_POINT('',(305.332758459,830.430831556,11.180356351));
#10816=CARTESIAN_POINT('',(305.601125501,830.608896909,11.123216663));
#10817=CARTESIAN_POINT('',(305.886959792,830.745359442,11.019091756));
#10818=CARTESIAN_POINT('',(306.450519624,830.914535174,10.732546822));
#10819=CARTESIAN_POINT('',(306.728023837,830.947182016,10.550239235));
#10820=CARTESIAN_POINT('',(307.232688433,830.903686027,10.134995282));
#10821=CARTESIAN_POINT('',(307.459650579,830.827560375,9.90222183));
#10822=CARTESIAN_POINT('',(307.828649795,830.578027308,9.421407763));
#10823=CARTESIAN_POINT('',(307.970541873,830.404717989,9.17355577));
#10824=CARTESIAN_POINT('',(308.059138,830.195919978,8.936910842));
#10825=CARTESIAN_POINT('',(305.438372761,830.294510268,11.329567749));
#10826=CARTESIAN_POINT('',(305.706648387,830.475274604,11.272677179));
#10827=CARTESIAN_POINT('',(305.990655845,830.616680701,11.165598386));
#10828=CARTESIAN_POINT('',(306.547018153,830.799317167,10.8673164));
#10829=CARTESIAN_POINT('',(306.819150854,830.840474737,10.676232204));
#10830=CARTESIAN_POINT('',(307.310000453,830.81623315,10.239174481));
#10831=CARTESIAN_POINT('',(307.528521302,830.750843825,9.993375277));
#10832=CARTESIAN_POINT('',(307.878570178,830.523470648,9.484533864));
#10833=CARTESIAN_POINT('',(308.009958321,830.36157774,9.22169459));
#10834=CARTESIAN_POINT('',(308.08772977,830.163775241,8.970377739));
#10835=CARTESIAN_POINT('',(305.604597007,830.071422734,11.527329837));
#10836=CARTESIAN_POINT('',(305.873170167,830.256127121,11.471475856));
#10837=CARTESIAN_POINT('',(306.15466973,830.40526247,11.360939036));
#10838=CARTESIAN_POINT('',(306.700211877,830.609452104,11.047505221));
#10839=CARTESIAN_POINT('',(306.96403063,830.664422645,10.844736798));
#10840=CARTESIAN_POINT('',(307.433172618,830.671660996,10.378290554));
#10841=CARTESIAN_POINT('',(307.638303352,830.623925875,10.114804062));
#10842=CARTESIAN_POINT('',(307.958121526,830.43309519,9.567838191));
#10843=CARTESIAN_POINT('',(308.072677717,830.290077961,9.284583165));
#10844=CARTESIAN_POINT('',(308.133066763,830.110462721,9.013343377));
#10845=CARTESIAN_POINT('',(305.661315505,829.99393645,11.588875734));
#10846=CARTESIAN_POINT('',(305.930060503,830.17993557,11.533477221));
#10847=CARTESIAN_POINT('',(306.210762821,830.331699632,11.421950113));
#10848=CARTESIAN_POINT('',(306.752693804,830.543301698,11.103876658));
#10849=CARTESIAN_POINT('',(307.013698003,830.603052096,10.897462031));
#10850=CARTESIAN_POINT('',(307.475438647,830.621219809,10.421779625));
#10851=CARTESIAN_POINT('',(307.675983823,830.579629648,10.152708824));
#10852=CARTESIAN_POINT('',(307.985422378,830.401534637,9.593693939));
#10853=CARTESIAN_POINT('',(308.094187554,830.265103604,9.303981336));
#10854=CARTESIAN_POINT('',(308.148590548,830.091835601,9.026451501));
#10855=CARTESIAN_POINT('',(305.777417054,829.832562363,11.703028703));
#10856=CARTESIAN_POINT('',(306.046678399,830.02106652,11.648751692));
#10857=CARTESIAN_POINT('',(306.325883514,830.178160145,11.535565854));
#10858=CARTESIAN_POINT('',(306.86060522,830.405010751,11.209040799));
#10859=CARTESIAN_POINT('',(307.11589592,830.474671938,10.995839494));
#10860=CARTESIAN_POINT('',(307.562491691,830.51559779,10.50283108));
#10861=CARTESIAN_POINT('',(307.75360808,830.486845213,10.223232189));
#10862=CARTESIAN_POINT('',(308.041646818,830.335401284,9.641478048));
#10863=CARTESIAN_POINT('',(308.13844745,830.212773959,9.339568494));
#10864=CARTESIAN_POINT('',(308.180473271,830.052813079,9.050183657));
#10865=CARTESIAN_POINT('',(305.8369325,829.748469647,11.755673465));
#10866=CARTESIAN_POINT('',(306.106540443,829.938185379,11.702065209));
#10867=CARTESIAN_POINT('',(306.385045111,830.09798515,11.588211923));
#10868=CARTESIAN_POINT('',(306.916162135,830.332689277,11.257873515));
#10869=CARTESIAN_POINT('',(307.16854781,830.407493504,11.041529357));
#10870=CARTESIAN_POINT('',(307.607382853,830.460276924,10.540423851));
#10871=CARTESIAN_POINT('',(307.793644903,830.438233644,10.255876329));
#10872=CARTESIAN_POINT('',(308.070637746,830.300740221,9.663421248));
#10873=CARTESIAN_POINT('',(308.161250276,830.185348819,9.355766488));
#10874=CARTESIAN_POINT('',(308.196869831,830.032365639,9.060811225));
#10875=CARTESIAN_POINT('',(306.015629034,829.491955932,11.896716935));
#10876=CARTESIAN_POINT('',(306.286544091,829.685027569,11.845347884));
#10877=CARTESIAN_POINT('',(306.563160642,829.852823059,11.729991604));
#10878=CARTESIAN_POINT('',(307.083741099,830.111147377,11.389674488));
#10879=CARTESIAN_POINT('',(307.327475793,830.201562636,11.164863392));
#10880=CARTESIAN_POINT('',(307.743007982,830.290516597,10.641730229));
#10881=CARTESIAN_POINT('',(307.914622429,830.289016358,10.343638303));
#10882=CARTESIAN_POINT('',(308.158201279,830.194322304,9.721863061));
#10883=CARTESIAN_POINT('',(308.230058265,830.101170426,9.398453264));
#10884=CARTESIAN_POINT('',(308.24625087,829.969643197,9.088265806));
#10885=CARTESIAN_POINT('',(306.13617902,829.313668974,11.969704824));
#10886=CARTESIAN_POINT('',(306.408327738,829.508634506,11.920153464));
#10887=CARTESIAN_POINT('',(306.683954576,829.681653555,11.804439968));
#10888=CARTESIAN_POINT('',(307.197805648,829.955962619,11.459311165));
#10889=CARTESIAN_POINT('',(307.435798751,830.057129442,11.230051023));
#10890=CARTESIAN_POINT('',(307.835609206,830.17122543,10.695029315));
#10891=CARTESIAN_POINT('',(307.997246617,830.184103546,10.389508247));
#10892=CARTESIAN_POINT('',(308.217955455,830.119473349,9.751604432));
#10893=CARTESIAN_POINT('',(308.276927403,830.041994411,9.419508411));
#10894=CARTESIAN_POINT('',(308.27976025,829.925600343,9.100985202));
#10895=CARTESIAN_POINT('',(306.319007487,829.035278418,12.047897331));
#10896=CARTESIAN_POINT('',(306.593593544,829.232324811,12.001283749));
#10897=CARTESIAN_POINT('',(306.868165674,829.412820585,11.885797099));
#10898=CARTESIAN_POINT('',(307.37238935,829.711202047,11.535959747));
#10899=CARTESIAN_POINT('',(307.60180668,829.828949182,11.301771529));
#10900=CARTESIAN_POINT('',(307.977740239,829.982309379,10.753144281));
#10901=CARTESIAN_POINT('',(308.124081817,830.017851273,10.438960054));
#10902=CARTESIAN_POINT('',(308.309583419,830.00085403,9.782216915));
#10903=CARTESIAN_POINT('',(308.348657224,829.948322866,9.439963015));
#10904=CARTESIAN_POINT('',(308.330856922,829.856057127,9.111804521));
#10905=CARTESIAN_POINT('',(306.380522068,828.940274268,12.068764463));
#10906=CARTESIAN_POINT('',(306.656021755,829.137889005,12.023168143));
#10907=CARTESIAN_POINT('',(306.930312694,829.320826202,11.907885411));
#10908=CARTESIAN_POINT('',(307.431392573,829.627278738,11.556896044));
#10909=CARTESIAN_POINT('',(307.657946228,829.75065023,11.321354203));
#10910=CARTESIAN_POINT('',(308.025840627,829.917410361,10.768890564));
#10911=CARTESIAN_POINT('',(308.167008595,829.960720769,10.452228145));
#10912=CARTESIAN_POINT('',(308.340578269,829.96009029,9.790089157));
#10913=CARTESIAN_POINT('',(308.372898421,829.916149783,9.444923456));
#10914=CARTESIAN_POINT('',(308.348094779,829.832198973,9.114027416));
#10915=CARTESIAN_POINT('',(306.503155397,828.748088398,12.099321409));
#10916=CARTESIAN_POINT('',(306.780660285,828.946539747,12.055751249));
#10917=CARTESIAN_POINT('',(307.054533613,829.134169642,11.941089888));
#10918=CARTESIAN_POINT('',(307.549528853,829.456624762,11.588629341));
#10919=CARTESIAN_POINT('',(307.770413329,829.591295363,11.350999209));
#10920=CARTESIAN_POINT('',(308.122266445,829.785159837,10.792406741));
#10921=CARTESIAN_POINT('',(308.25306628,829.844260792,10.471712316));
#10922=CARTESIAN_POINT('',(308.402683253,829.876990766,9.800790062));
#10923=CARTESIAN_POINT('',(308.421428568,829.85060417,9.450884014));
#10924=CARTESIAN_POINT('',(308.382551062,829.783661075,9.115590287));
#10925=CARTESIAN_POINT('',(306.563782313,828.65168354,12.108935008));
#10926=CARTESIAN_POINT('',(306.842370277,828.850400834,12.066365551));
#10927=CARTESIAN_POINT('',(307.11610858,829.040263866,11.952118187));
#10928=CARTESIAN_POINT('',(307.608187152,829.370586888,11.599340832));
#10929=CARTESIAN_POINT('',(307.826288907,829.510886816,11.360981826));
#10930=CARTESIAN_POINT('',(308.170204546,829.7183461,10.800115133));
#10931=CARTESIAN_POINT('',(308.295851703,829.785404972,10.477879279));
#10932=CARTESIAN_POINT('',(308.433544536,829.834992851,9.803596642));
#10933=CARTESIAN_POINT('',(308.445523416,829.817497909,9.451876658));
#10934=CARTESIAN_POINT('',(308.399632064,829.759178161,9.114936056));
#10935=CARTESIAN_POINT('',(306.743638056,828.361542111,12.121285995));
#10936=CARTESIAN_POINT('',(307.025678641,828.560589085,12.081581816));
#10937=CARTESIAN_POINT('',(307.299198733,828.756797243,11.968803461));
#10938=CARTESIAN_POINT('',(307.782852638,829.110297595,11.616209113));
#10939=CARTESIAN_POINT('',(307.992744779,829.267413346,11.376569265));
#10940=CARTESIAN_POINT('',(308.313086351,829.515773072,10.811207209));
#10941=CARTESIAN_POINT('',(308.423375594,829.606893246,10.485767407));
#10942=CARTESIAN_POINT('',(308.525486624,829.707601574,9.804508989));
#10943=CARTESIAN_POINT('',(308.517257163,829.717139756,9.449030662));
#10944=CARTESIAN_POINT('',(308.450428714,829.685068882,9.108817129));
#10945=CARTESIAN_POINT('',(306.860852131,828.166877787,12.107694144));
#10946=CARTESIAN_POINT('',(307.145471495,828.365516875,12.069719942));
#10947=CARTESIAN_POINT('',(307.419100269,828.565480583,11.958222033));
#10948=CARTESIAN_POINT('',(307.897578176,828.933862144,11.607250361));
#10949=CARTESIAN_POINT('',(308.102183618,829.102092541,11.367955344));
#10950=CARTESIAN_POINT('',(308.407126273,829.37787606,10.802675903));
#10951=CARTESIAN_POINT('',(308.507308072,829.485288996,10.476979356));
#10952=CARTESIAN_POINT('',(308.58594406,829.620810396,9.795179178));
#10953=CARTESIAN_POINT('',(308.564358,829.648850169,9.439422764));
#10954=CARTESIAN_POINT('',(308.483704294,829.634785005,9.099234176));
#10955=CARTESIAN_POINT('',(307.032377706,827.87281166,12.053677169));
#10956=CARTESIAN_POINT('',(307.321073109,828.069921893,12.017636111));
#10957=CARTESIAN_POINT('',(307.595072779,828.27480195,11.908239685));
#10958=CARTESIAN_POINT('',(308.06622082,828.6646153,11.561685338));
#10959=CARTESIAN_POINT('',(308.263122953,828.849344904,11.324708536));
#10960=CARTESIAN_POINT('',(308.545475844,829.166456656,10.764403371));
#10961=CARTESIAN_POINT('',(308.630779007,829.29867314,10.441367836));
#10962=CARTESIAN_POINT('',(308.674859663,829.487531906,9.765485013));
#10963=CARTESIAN_POINT('',(308.633614069,829.544075568,9.412990955));
#10964=CARTESIAN_POINT('',(308.532652277,829.557839953,9.07647268));
#10965=CARTESIAN_POINT('',(307.088788849,827.774489263,12.029952226));
#10966=CARTESIAN_POINT('',(307.378876092,827.970936203,11.994442879));
#10967=CARTESIAN_POINT('',(307.653033582,828.177333732,11.885777671));
#10968=CARTESIAN_POINT('',(308.12181227,828.574137629,11.541033235));
#10969=CARTESIAN_POINT('',(308.316186465,828.764334953,11.305135655));
#10970=CARTESIAN_POINT('',(308.591100696,829.095247778,10.747314003));
#10971=CARTESIAN_POINT('',(308.671495855,829.235788979,10.425683852));
#10972=CARTESIAN_POINT('',(308.704178269,829.44260557,9.752918649));
#10973=CARTESIAN_POINT('',(308.656448261,829.508772062,9.402138085));
#10974=CARTESIAN_POINT('',(308.548795259,829.531946484,9.067461242));
#10975=CARTESIAN_POINT('',(307.197634716,827.581506935,11.972216859));
#10976=CARTESIAN_POINT('',(307.490459343,827.776386244,11.93747442));
#10977=CARTESIAN_POINT('',(307.764950373,827.985534812,11.830263466));
#10978=CARTESIAN_POINT('',(308.229182471,828.395734568,11.489685241));
#10979=CARTESIAN_POINT('',(308.418675272,828.59656642,11.256500111));
#10980=CARTESIAN_POINT('',(308.679219182,828.954517519,10.705185952));
#10981=CARTESIAN_POINT('',(308.750130931,829.111445397,10.387351764));
#10982=CARTESIAN_POINT('',(308.760809329,829.353721788,9.723005712));
#10983=CARTESIAN_POINT('',(308.700570223,829.438940808,9.376849139));
#10984=CARTESIAN_POINT('',(308.580026904,829.48077972,9.047028052));
#10985=CARTESIAN_POINT('',(307.250399083,827.486288289,11.938122007));
#10986=CARTESIAN_POINT('',(307.544576824,827.680260919,11.903618767));
#10987=CARTESIAN_POINT('',(307.819244079,827.890652854,11.797134717));
#10988=CARTESIAN_POINT('',(308.281284581,828.307299268,11.458920078));
#10989=CARTESIAN_POINT('',(308.468409055,828.513329443,11.227371594));
#10990=CARTESIAN_POINT('',(308.721977881,828.884596309,10.680088242));
#10991=CARTESIAN_POINT('',(308.788285689,829.049633152,10.364648048));
#10992=CARTESIAN_POINT('',(308.788292085,829.309512396,9.705611154));
#10993=CARTESIAN_POINT('',(308.721990636,829.404214936,9.362369304));
#10994=CARTESIAN_POINT('',(308.595209299,829.455360803,9.035567566));
#10995=CARTESIAN_POINT('',(307.352628059,827.298336769,11.859622673));
#10996=CARTESIAN_POINT('',(307.649428308,827.49030223,11.825282927));
#10997=CARTESIAN_POINT('',(307.924423639,827.702954291,11.720230054));
#10998=CARTESIAN_POINT('',(308.382187032,828.1320366,11.387271145));
#10999=CARTESIAN_POINT('',(308.564705625,828.348233036,11.159546567));
#11000=CARTESIAN_POINT('',(308.804747212,828.745716891,10.621868494));
#11001=CARTESIAN_POINT('',(308.862139371,828.926787741,10.312208027));
#11002=CARTESIAN_POINT('',(308.841517511,829.22157923,9.665991847));
#11003=CARTESIAN_POINT('',(308.763514695,829.335139276,9.329788316));
#11004=CARTESIAN_POINT('',(308.624713683,829.404827716,9.010209641));
#11005=CARTESIAN_POINT('',(307.402091942,827.205603498,11.815218217));
#11006=CARTESIAN_POINT('',(307.700161694,827.396468389,11.78080278));
#11007=CARTESIAN_POINT('',(307.975308992,827.610137166,11.676454185));
#11008=CARTESIAN_POINT('',(308.430987093,828.045208689,11.346387414));
#11009=CARTESIAN_POINT('',(308.611268232,828.266373082,11.120850084));
#11010=CARTESIAN_POINT('',(308.844757827,828.67675824,10.588746462));
#11011=CARTESIAN_POINT('',(308.897838343,828.865754194,10.282471716));
#11012=CARTESIAN_POINT('',(308.867260297,829.177855203,9.643767074));
#11013=CARTESIAN_POINT('',(308.783618465,829.300789306,9.311687135));
#11014=CARTESIAN_POINT('',(308.639035779,829.379713422,8.996312176));
#11015=CARTESIAN_POINT('',(307.497666281,827.022657759,11.715942645));
#11016=CARTESIAN_POINT('',(307.798132934,827.211186232,11.681043423));
#11017=CARTESIAN_POINT('',(308.073512414,827.426702533,11.578071661));
#11018=CARTESIAN_POINT('',(308.52506572,827.873338453,11.254317465));
#11019=CARTESIAN_POINT('',(308.700989873,828.104211136,11.033714047));
#11020=CARTESIAN_POINT('',(308.921808995,828.539960964,10.514334016));
#11021=CARTESIAN_POINT('',(308.966581855,828.744597209,10.21584459));
#11022=CARTESIAN_POINT('',(308.916880709,829.090959957,9.594414544));
#11023=CARTESIAN_POINT('',(308.822434161,829.232494994,9.271817541));
#11024=CARTESIAN_POINT('',(308.666798675,829.329785374,8.966058719));
#11025=CARTESIAN_POINT('',(307.544000259,826.931992524,11.660755289));
#11026=CARTESIAN_POINT('',(307.845599439,827.119278627,11.625444792));
#11027=CARTESIAN_POINT('',(308.121059202,827.335629549,11.523148945));
#11028=CARTESIAN_POINT('',(308.570562678,827.787867991,11.202834517));
#11029=CARTESIAN_POINT('',(308.7443569,828.023504515,10.984993725));
#11030=CARTESIAN_POINT('',(308.959027924,828.471779899,10.472804766));
#11031=CARTESIAN_POINT('',(308.999785567,828.684169974,10.178740891));
#11032=CARTESIAN_POINT('',(308.940873689,829.04757014,9.56713148));
#11033=CARTESIAN_POINT('',(308.84123685,829.19837856,9.249925423));
#11034=CARTESIAN_POINT('',(308.680305224,829.304845688,8.949610799));
#11035=CARTESIAN_POINT('',(307.614904614,826.789853987,11.564301274));
#11036=CARTESIAN_POINT('',(307.918147027,826.97510744,11.528072627));
#11037=CARTESIAN_POINT('',(308.193642915,827.192673332,11.426834925));
#11038=CARTESIAN_POINT('',(308.639883676,827.653529838,11.112442518));
#11039=CARTESIAN_POINT('',(308.810379692,827.896563448,10.899463145));
#11040=CARTESIAN_POINT('',(309.015638544,828.364388032,10.400018516));
#11041=CARTESIAN_POINT('',(309.050286909,828.58891812,10.113831793));
#11042=CARTESIAN_POINT('',(308.977426113,828.979069204,9.519699459));
#11043=CARTESIAN_POINT('',(308.869957579,829.144472634,9.212085186));
#11044=CARTESIAN_POINT('',(308.701058226,829.26541753,8.921423418));
#11045=CARTESIAN_POINT('',(307.640879627,826.736971912,11.526092743));
#11046=CARTESIAN_POINT('',(307.944701532,826.921449809,11.489457582));
#11047=CARTESIAN_POINT('',(308.220189038,827.13944622,11.388612465));
#11048=CARTESIAN_POINT('',(308.665203212,827.603470766,11.076546245));
#11049=CARTESIAN_POINT('',(308.834481339,827.849239747,10.865499432));
#11050=CARTESIAN_POINT('',(309.03629116,828.324316836,10.37114043));
#11051=CARTESIAN_POINT('',(309.068710139,828.55335962,10.088104343));
#11052=CARTESIAN_POINT('',(308.990775327,828.953472338,9.500961903));
#11053=CARTESIAN_POINT('',(308.880465057,829.124318817,9.197183469));
#11054=CARTESIAN_POINT('',(308.708680455,829.250671234,8.910374978));
#11055=CARTESIAN_POINT('',(307.665939449,826.68512008,11.486279077));
#11056=CARTESIAN_POINT('',(307.970293535,826.868825326,11.449184877));
#11057=CARTESIAN_POINT('',(308.245747799,827.087227722,11.348727623));
#11058=CARTESIAN_POINT('',(308.689542753,827.554326755,11.039071655));
#11059=CARTESIAN_POINT('',(308.857635298,827.802762218,10.830046083));
#11060=CARTESIAN_POINT('',(309.056117244,828.284928284,10.341021032));
#11061=CARTESIAN_POINT('',(309.086395665,828.518389288,10.061294987));
#11062=CARTESIAN_POINT('',(309.003606604,828.928271368,9.481494385));
#11063=CARTESIAN_POINT('',(308.890585411,829.104463262,9.181744017));
#11064=CARTESIAN_POINT('',(308.716054436,829.236134457,8.898975281));
#11065=B_SPLINE_SURFACE_WITH_KNOTS('',3,3,((#10685,#10686,#10687,#10688,#10689,#10690,#10691,#10692,#10693,#10694),(#10695,#10696,#10697,#10698,#10699,#10700,#10701,#10702,#10703,#10704),(#10705,#10706,#10707,#10708,#10709,#10710,#10711,#10712,#10713,#10714),(#10715,#10716,#10717,#10718,#10719,#10720,#10721,#10722,#10723,#10724),(#10725,#10726,#10727,#10728,#10729,#10730,#10731,#10732,#10733,#10734),(#10735,#10736,#10737,#10738,#10739,#10740,#10741,#10742,#10743,#10744),(#10745,#10746,#10747,#10748,#10749,#10750,#10751,#10752,#10753,#10754),(#10755,#10756,#10757,#10758,#10759,#10760,#10761,#10762,#10763,#10764),(#10765,#10766,#10767,#10768,#10769,#10770,#10771,#10772,#10773,#10774),(#10775,#10776,#10777,#10778,#10779,#10780,#10781,#10782,#10783,#10784),(#10785,#10786,#10787,#10788,#10789,#10790,#10791,#10792,#10793,#10794),(#10795,#10796,#10797,#10798,#10799,#10800,#10801,#10802,#10803,#10804),(#10805,#10806,#10807,#10808,#10809,#10810,#10811,#10812,#10813,#10814),(#10815,#10816,#10817,#10818,#10819,#10820,#10821,#10822,#10823,#10824),(#10825,#10826,#10827,#10828,#10829,#10830,#10831,#10832,#10833,#10834),(#10835,#10836,#10837,#10838,#10839,#10840,#10841,#10842,#10843,#10844),(#10845,#10846,#10847,#10848,#10849,#10850,#10851,#10852,#10853,#10854),(#10855,#10856,#10857,#10858,#10859,#10860,#10861,#10862,#10863,#10864),(#10865,#10866,#10867,#10868,#10869,#10870,#10871,#10872,#10873,#10874),(#10875,#10876,#10877,#10878,#10879,#10880,#10881,#10882,#10883,#10884),(#10885,#10886,#10887,#10888,#10889,#10890,#10891,#10892,#10893,#10894),(#10895,#10896,#10897,#10898,#10899,#10900,#10901,#10902,#10903,#10904),(#10905,#10906,#10907,#10908,#10909,#10910,#10911,#10912,#10913,#10914),(#10915,#10916,#10917,#10918,#10919,#10920,#10921,#10922,#10923,#10924),(#10925,#10926,#10927,#10928,#10929,#10930,#10931,#10932,#10933,#10934),(#10935,#10936,#10937,#10938,#10939,#10940,#10941,#10942,#10943,#10944),
(#10945,#10946,#10947,#10948,#10949,#10950,#10951,#10952,#10953,#10954),(#10955,#10956,#10957,#10958,#10959,#10960,#10961,#10962,#10963,#10964),(#10965,#10966,#10967,#10968,#10969,#10970,#10971,#10972,#10973,#10974),(#10975,#10976,#10977,#10978,#10979,#10980,#10981,#10982,#10983,#10984),(#10985,#10986,#10987,#10988,#10989,#10990,#10991,#10992,#10993,#10994),(#10995,#10996,#10997,#10998,#10999,#11000,#11001,#11002,#11003,#11004),(#11005,#11006,#11007,#11008,#11009,#11010,#11011,#11012,#11013,#11014),(#11015,#11016,#11017,#11018,#11019,#11020,#11021,#11022,#11023,#11024),(#11025,#11026,#11027,#11028,#11029,#11030,#11031,#11032,#11033,#11034),(#11035,#11036,#11037,#11038,#11039,#11040,#11041,#11042,#11043,#11044),(#11045,#11046,#11047,#11048,#11049,#11050,#11051,#11052,#11053,#11054),(#11055,#11056,#11057,#11058,#11059,#11060,#11061,#11062,#11063,#11064)),.UNSPECIFIED.,.F.,.F.,.U.,(4,2,2,2,2,2,2,2,2,2,2,2,2,2,2,2,2,2,4),(4,2,2,2,4),(0.003169124,0.003229167,0.003327021,0.003522728,0.003620582,0.003718435,0.003914142,0.004109849,0.004207703,0.004305556,0.004501264,0.004599117,0.004696971,0.004892678,0.004990531,0.005088385,0.005186238,0.005284092,0.005343902),(0.,0.25,0.5,0.75,1.),.UNSPECIFIED.);
#11066=ORIENTED_EDGE('',*,*,#8983,.T.);
#11067=ORIENTED_EDGE('',*,*,#7685,.F.);
#11068=ORIENTED_EDGE('',*,*,#10076,.F.);
#11069=ORIENTED_EDGE('',*,*,#6902,.F.);
#11070=EDGE_LOOP('',(#11066,#11067,#11068,#11069));
#11071=FACE_BOUND('',#11070,.T.);
#11072=ADVANCED_FACE('',(#11071),#11065,.T.);
#11073=CARTESIAN_POINT('',(327.97701214,824.788415574,9.125905427));
#11074=CARTESIAN_POINT('',(327.976983127,824.788465826,9.217627159));
#11075=CARTESIAN_POINT('',(327.961143823,824.779387977,9.30931266));
#11076=CARTESIAN_POINT('',(327.900236596,824.744346958,9.478764969));
#11077=CARTESIAN_POINT('',(327.855192621,824.718397567,9.556464783));
#11078=CARTESIAN_POINT('',(327.742726761,824.653560055,9.686076915));
#11079=CARTESIAN_POINT('',(327.675349303,824.614697547,9.737938031));
#11080=CARTESIAN_POINT('',(327.528480907,824.529954175,9.80793812));
#11081=CARTESIAN_POINT('',(327.449047987,824.484106788,9.826049442));
#11082=CARTESIAN_POINT('',(327.36961446,824.438245714,9.825904422));
#11083=CARTESIAN_POINT('',(327.783251134,825.124019481,9.125656471));
#11084=CARTESIAN_POINT('',(327.783240946,825.124037127,9.217411188));
#11085=CARTESIAN_POINT('',(327.767408958,825.114920042,9.309129607));
#11086=CARTESIAN_POINT('',(327.706493916,825.079794186,9.478632926));
#11087=CARTESIAN_POINT('',(327.66143485,825.053799246,9.556350716));
#11088=CARTESIAN_POINT('',(327.548923493,824.988874004,9.685972783));
#11089=CARTESIAN_POINT('',(327.481515713,824.949969388,9.737825781));
#11090=CARTESIAN_POINT('',(327.334583249,824.865155795,9.807779188));
#11091=CARTESIAN_POINT('',(327.255116693,824.81928037,9.825851924));
#11092=CARTESIAN_POINT('',(327.175654679,824.773402881,9.825655027));
#11093=CARTESIAN_POINT('',(327.589489742,825.459624058,9.125627132));
#11094=CARTESIAN_POINT('',(327.589470981,825.459656103,9.217353713));
#11095=CARTESIAN_POINT('',(327.573640241,825.450559081,9.309044007));
#11096=CARTESIAN_POINT('',(327.512745715,825.415480824,9.478503646));
#11097=CARTESIAN_POINT('',(327.467705877,825.389513384,9.55620598));
#11098=CARTESIAN_POINT('',(327.355243938,825.324644045,9.685819273));
#11099=CARTESIAN_POINT('',(327.287866274,825.285767778,9.737679019));
#11100=CARTESIAN_POINT('',(327.140994203,825.201003877,9.807671868));
#11101=CARTESIAN_POINT('',(327.06155783,825.155149735,9.825777316));
#11102=CARTESIAN_POINT('',(326.982120112,825.109286283,9.825624473));
#11103=CARTESIAN_POINT('',(327.201967951,826.130831488,9.1250026));
#11104=CARTESIAN_POINT('',(327.201913776,826.130924874,9.216751465));
#11105=CARTESIAN_POINT('',(327.186039836,826.121884665,9.308463999));
#11106=CARTESIAN_POINT('',(327.125051008,826.086903052,9.477958076));
#11107=CARTESIAN_POINT('',(327.07996013,826.060975417,9.555672528));
#11108=CARTESIAN_POINT('',(326.967399279,825.996164507,9.685292439));
#11109=CARTESIAN_POINT('',(326.899973826,825.957306865,9.737146632));
#11110=CARTESIAN_POINT('',(326.753021582,825.872559017,9.807107761));
#11111=CARTESIAN_POINT('',(326.673552912,825.826702331,9.825187027));
#11112=CARTESIAN_POINT('',(326.594095982,825.780827603,9.824999007));
#11113=CARTESIAN_POINT('',(327.008207566,826.466434319,9.124399795));
#11114=CARTESIAN_POINT('',(327.008110459,826.466602135,9.216184215));
#11115=CARTESIAN_POINT('',(326.99218115,826.457629137,9.307932242));
#11116=CARTESIAN_POINT('',(326.931066897,826.422758383,9.477481286));
#11117=CARTESIAN_POINT('',(326.885906049,826.396874376,9.555215089));
#11118=CARTESIAN_POINT('',(326.773206494,826.332123496,9.684845585));
#11119=CARTESIAN_POINT('',(326.705712428,826.293282273,9.73669093));
#11120=CARTESIAN_POINT('',(326.558642545,826.208542048,9.806601461));
#11121=CARTESIAN_POINT('',(326.479124984,826.162676613,9.824638954));
#11122=CARTESIAN_POINT('',(326.399637346,826.11678387,9.824394801));
#11123=CARTESIAN_POINT('',(326.620688343,827.137637303,9.122314701));
#11124=CARTESIAN_POINT('',(326.620538391,827.137896647,9.214217042));
#11125=CARTESIAN_POINT('',(326.60451495,827.128991288,9.306082755));
#11126=CARTESIAN_POINT('',(326.543150191,827.094201202,9.475813917));
#11127=CARTESIAN_POINT('',(326.497833194,827.068330262,9.553611732));
#11128=CARTESIAN_POINT('',(326.384800424,827.003558861,9.683276846));
#11129=CARTESIAN_POINT('',(326.317129656,826.964684189,9.735092519));
#11130=CARTESIAN_POINT('',(326.169738671,826.879850557,9.804834493));
#11131=CARTESIAN_POINT('',(326.09007714,826.833925373,9.822733027));
#11132=CARTESIAN_POINT('',(326.01048817,826.7879731,9.822302331));
#11133=CARTESIAN_POINT('',(326.426929287,827.473237832,9.12095573));
#11134=CARTESIAN_POINT('',(326.426792014,827.473475354,9.212946149));
#11135=CARTESIAN_POINT('',(326.410750455,827.464530405,9.30489978));
#11136=CARTESIAN_POINT('',(326.34929518,827.429634128,9.474767028));
#11137=CARTESIAN_POINT('',(326.303905914,827.40369668,9.552612698));
#11138=CARTESIAN_POINT('',(326.190698427,827.338782872,9.682303801));
#11139=CARTESIAN_POINT('',(326.122925453,827.299832455,9.734097398));
#11140=CARTESIAN_POINT('',(325.975335096,827.214860777,9.803713725));
#11141=CARTESIAN_POINT('',(325.895576702,827.168873478,9.821508631));
#11142=CARTESIAN_POINT('',(325.815912353,827.122877229,9.820938833));
#11143=CARTESIAN_POINT('',(326.039409883,828.144441129,9.118974073));
#11144=CARTESIAN_POINT('',(326.039311545,828.144611211,9.211103497));
#11145=CARTESIAN_POINT('',(326.023260277,828.135570774,9.303195854));
#11146=CARTESIAN_POINT('',(325.961696965,828.100445974,9.47327765));
#11147=CARTESIAN_POINT('',(325.916209561,828.074375669,9.551198646));
#11148=CARTESIAN_POINT('',(325.802752857,828.00919082,9.680930135));
#11149=CARTESIAN_POINT('',(325.734829176,827.970102485,9.732688464));
#11150=CARTESIAN_POINT('',(325.586938546,827.884888646,9.802105488));
#11151=CARTESIAN_POINT('',(325.507031061,827.838797405,9.819736273));
#11152=CARTESIAN_POINT('',(325.4272479,827.792732577,9.818946395));
#11153=CARTESIAN_POINT('',(325.845649824,828.480043396,9.11826901));
#11154=CARTESIAN_POINT('',(325.845562017,828.480192979,9.210452508));
#11155=CARTESIAN_POINT('',(325.829502316,828.471121111,9.302598604));
#11156=CARTESIAN_POINT('',(325.767888297,828.435917971,9.472762917));
#11157=CARTESIAN_POINT('',(325.722358699,828.409800821,9.550712498));
#11158=CARTESIAN_POINT('',(325.60879831,828.344518637,9.680457829));
#11159=CARTESIAN_POINT('',(325.540813287,828.305379914,9.732201289));
#11160=CARTESIAN_POINT('',(325.392802205,828.220076381,9.801538223));
#11161=CARTESIAN_POINT('',(325.312835798,828.17394595,9.819103752));
#11162=CARTESIAN_POINT('',(325.233006495,828.127854607,9.818226849));
#11163=CARTESIAN_POINT('',(325.458129318,829.1512486,9.116914054));
#11164=CARTESIAN_POINT('',(325.458052886,829.151378479,9.209194223));
#11165=CARTESIAN_POINT('',(325.441970634,829.142267332,9.301436795));
#11166=CARTESIAN_POINT('',(325.380252131,829.106955319,9.471750124));
#11167=CARTESIAN_POINT('',(325.334640744,829.080768678,9.549751897));
#11168=CARTESIAN_POINT('',(325.220884419,829.015336191,9.67952464));
#11169=CARTESIAN_POINT('',(325.152785518,828.976116825,9.731243088));
#11170=CARTESIAN_POINT('',(325.004553516,828.890665583,9.800440215));
#11171=CARTESIAN_POINT('',(324.924480405,828.844468289,9.817890889));
#11172=CARTESIAN_POINT('',(324.844568807,828.798329394,9.816860209));
#11173=CARTESIAN_POINT('',(325.264369383,829.486850652,9.116256913));
#11174=CARTESIAN_POINT('',(325.264332196,829.486915215,9.208592303));
#11175=CARTESIAN_POINT('',(325.24826982,829.477727595,9.300890253));
#11176=CARTESIAN_POINT('',(325.186552162,829.442253647,9.471289713));
#11177=CARTESIAN_POINT('',(325.140921804,829.415981646,9.549322042));
#11178=CARTESIAN_POINT('',(325.02709979,829.350387382,9.679112284));
#11179=CARTESIAN_POINT('',(324.95895431,829.31109173,9.730817545));
#11180=CARTESIAN_POINT('',(324.810620959,829.225515791,9.799937216));
#11181=CARTESIAN_POINT('',(324.730493263,829.179270219,9.817323586));
#11182=CARTESIAN_POINT('',(324.65053449,829.133104932,9.816206395));
#11183=CARTESIAN_POINT('',(324.87687234,830.158015219,9.1164067));
#11184=CARTESIAN_POINT('',(324.876927299,830.157920179,9.208762794));
#11185=CARTESIAN_POINT('',(324.860949743,830.148568813,9.301081405));
#11186=CARTESIAN_POINT('',(324.799375167,830.112784768,9.471512742));
#11187=CARTESIAN_POINT('',(324.753803034,830.086366553,9.549556212));
#11188=CARTESIAN_POINT('',(324.640064995,830.02052168,9.679352196));
#11189=CARTESIAN_POINT('',(324.571945271,829.981121758,9.731052007));
#11190=CARTESIAN_POINT('',(324.423631601,829.895397947,9.800141501));
#11191=CARTESIAN_POINT('',(324.343497878,829.849108865,9.817503131));
#11192=CARTESIAN_POINT('',(324.26352036,829.802935376,9.816352857));
#11193=CARTESIAN_POINT('',(324.683132794,830.493581956,9.117057301));
#11194=CARTESIAN_POINT('',(324.683215984,830.493437582,9.209366652));
#11195=CARTESIAN_POINT('',(324.667283044,830.484046369,9.30163857));
#11196=CARTESIAN_POINT('',(324.605821217,830.448206294,9.471997726));
#11197=CARTESIAN_POINT('',(324.560317122,830.421771891,9.550015875));
#11198=CARTESIAN_POINT('',(324.446721175,830.35591678,9.679798426));
#11199=CARTESIAN_POINT('',(324.378675354,830.316522759,9.731510238));
#11200=CARTESIAN_POINT('',(324.230493591,830.230825932,9.800667136));
#11201=CARTESIAN_POINT('',(324.150417696,830.184557852,9.818084198));
#11202=CARTESIAN_POINT('',(324.070479398,830.138407769,9.817008151));
#11203=CARTESIAN_POINT('',(324.295661926,831.164701186,9.118885954));
#11204=CARTESIAN_POINT('',(324.295796148,831.164468423,9.211053556));
#11205=CARTESIAN_POINT('',(324.279963896,831.155017538,9.303184011));
#11206=CARTESIAN_POINT('',(324.218780115,831.119120349,9.473324616));
#11207=CARTESIAN_POINT('',(324.173453114,831.092688439,9.551266188));
#11208=CARTESIAN_POINT('',(324.060239666,831.026887936,9.681008371));
#11209=CARTESIAN_POINT('',(323.992398815,830.987545844,9.732756727));
#11210=CARTESIAN_POINT('',(323.844592035,830.901976173,9.802118275));
#11211=CARTESIAN_POINT('',(323.764685635,830.855783058,9.819703529));
#11212=CARTESIAN_POINT('',(323.684867587,830.809703023,9.818852708));
#11213=CARTESIAN_POINT('',(324.101932535,831.500250334,9.120187896));
#11214=CARTESIAN_POINT('',(324.10209317,831.499971823,9.212269259));
#11215=CARTESIAN_POINT('',(324.086317495,831.490492628,9.304313647));
#11216=CARTESIAN_POINT('',(324.025294188,831.454575368,9.474321189));
#11217=CARTESIAN_POINT('',(323.980070929,831.42815165,9.552216072));
#11218=CARTESIAN_POINT('',(323.867083578,831.362395377,9.681933346));
#11219=CARTESIAN_POINT('',(323.799364823,831.323089207,9.733703689));
#11220=CARTESIAN_POINT('',(323.651782877,831.237602578,9.80318913));
#11221=CARTESIAN_POINT('',(323.571978905,831.19145642,9.820876347));
#11222=CARTESIAN_POINT('',(323.492234388,831.145418779,9.820162187));
#11223=CARTESIAN_POINT('',(323.714475197,832.171346129,9.122884375));
#11224=CARTESIAN_POINT('',(323.714634451,832.171070011,9.214803207));
#11225=CARTESIAN_POINT('',(323.698914303,832.161626062,9.306685388));
#11226=CARTESIAN_POINT('',(323.638099166,832.125834682,9.476442048));
#11227=CARTESIAN_POINT('',(323.593028297,832.099501447,9.554248835));
#11228=CARTESIAN_POINT('',(323.4803955,832.033953642,9.683918831));
#11229=CARTESIAN_POINT('',(323.41287845,831.994765189,9.735730374));
#11230=CARTESIAN_POINT('',(323.265682656,831.909502487,9.805448807));
#11231=CARTESIAN_POINT('',(323.186062561,831.86346221,9.823327918));
#11232=CARTESIAN_POINT('',(323.106457847,831.817504234,9.822871138));
#11233=CARTESIAN_POINT('',(323.520745035,832.506896612,9.124136931));
#11234=CARTESIAN_POINT('',(323.520861718,832.50669423,9.215990906));
#11235=CARTESIAN_POINT('',(323.505121783,832.497337132,9.307808359));
#11236=CARTESIAN_POINT('',(323.444312345,832.461730543,9.477464908));
#11237=CARTESIAN_POINT('',(323.39926689,832.435495134,9.555236543));
#11238=CARTESIAN_POINT('',(323.286716751,832.370133492,9.684887695));
#11239=CARTESIAN_POINT('',(323.219256785,832.331033228,9.7367157));
#11240=CARTESIAN_POINT('',(323.072183856,832.245915538,9.806527209));
#11241=CARTESIAN_POINT('',(322.992629328,832.199931929,9.824482975));
#11242=CARTESIAN_POINT('',(322.913080997,832.154005661,9.824129041));
#11243=CARTESIAN_POINT('',(323.327008159,832.842458725,9.124958771));
#11244=CARTESIAN_POINT('',(323.32710537,832.842290069,9.216738358));
#11245=CARTESIAN_POINT('',(323.311371978,832.832981699,9.308481571));
#11246=CARTESIAN_POINT('',(323.250622894,832.797492966,9.47802316));
#11247=CARTESIAN_POINT('',(323.205631148,832.771326595,9.555754339));
#11248=CARTESIAN_POINT('',(323.093216578,832.706106533,9.685383385));
#11249=CARTESIAN_POINT('',(323.025838275,832.667078672,9.737229914));
#11250=CARTESIAN_POINT('',(322.878927923,832.582088703,9.80714726));
#11251=CARTESIAN_POINT('',(322.799454057,832.536160254,9.825190386));
#11252=CARTESIAN_POINT('',(322.719970131,832.490270768,9.824953812));
#11253=B_SPLINE_SURFACE_WITH_KNOTS('',3,3,((#11073,#11074,#11075,#11076,#11077,#11078,#11079,#11080,#11081,#11082),(#11083,#11084,#11085,#11086,#11087,#11088,#11089,#11090,#11091,#11092),(#11093,#11094,#11095,#11096,#11097,#11098,#11099,#11100,#11101,#11102),(#11103,#11104,#11105,#11106,#11107,#11108,#11109,#11110,#11111,#11112),(#11113,#11114,#11115,#11116,#11117,#11118,#11119,#11120,#11121,#11122),(#11123,#11124,#11125,#11126,#11127,#11128,#11129,#11130,#11131,#11132),(#11133,#11134,#11135,#11136,#11137,#11138,#11139,#11140,#11141,#11142),(#11143,#11144,#11145,#11146,#11147,#11148,#11149,#11150,#11151,#11152),(#11153,#11154,#11155,#11156,#11157,#11158,#11159,#11160,#11161,#11162),(#11163,#11164,#11165,#11166,#11167,#11168,#11169,#11170,#11171,#11172),(#11173,#11174,#11175,#11176,#11177,#11178,#11179,#11180,#11181,#11182),(#11183,#11184,#11185,#11186,#11187,#11188,#11189,#11190,#11191,#11192),(#11193,#11194,#11195,#11196,#11197,#11198,#11199,#11200,#11201,#11202),(#11203,#11204,#11205,#11206,#11207,#11208,#11209,#11210,#11211,#11212),(#11213,#11214,#11215,#11216,#11217,#11218,#11219,#11220,#11221,#11222),(#11223,#11224,#11225,#11226,#11227,#11228,#11229,#11230,#11231,#11232),(#11233,#11234,#11235,#11236,#11237,#11238,#11239,#11240,#11241,#11242),(#11243,#11244,#11245,#11246,#11247,#11248,#11249,#11250,#11251,#11252)),.UNSPECIFIED.,.F.,.F.,.U.,(4,2,2,2,2,2,2,2,4),(4,2,2,2,4),(0.083228479,0.084390981,0.085553482,0.086715983,0.087878484,0.089040986,0.090203487,0.091365988,0.092528489),(0.000000961,0.25,0.5,0.75,1.),.UNSPECIFIED.);
#11254=ORIENTED_EDGE('',*,*,#1043,.F.);
#11255=CARTESIAN_POINT('',(327.37079202,824.438419623,9.125905434));
#11256=DIRECTION('',(-0.499999897,0.866025225,-0.000642414));
#11257=DIRECTION('',(-0.866025404,-0.5,0.));
#11258=AXIS2_PLACEMENT_3D('',#11255,#11256,#11257);
#11259=CIRCLE('',#11258,0.7);
#11260=EDGE_CURVE('',#998,#9817,#11259,.T.);
#11261=ORIENTED_EDGE('',*,*,#11260,.T.);
#11262=ORIENTED_EDGE('',*,*,#9822,.F.);
#11263=CARTESIAN_POINT('',(322.723761428,832.492455878,9.824951407));
#11264=VERTEX_POINT('',#11263);
#11265=CARTESIAN_POINT('',(322.72079202,832.492455878,9.124957705));
#11266=DIRECTION('',(0.499998875,-0.866023456,-0.00212102));
#11267=DIRECTION('',(-0.866025404,-0.5,0.));
#11268=AXIS2_PLACEMENT_3D('',#11265,#11266,#11267);
#11269=CIRCLE('',#11268,0.7);
#11270=EDGE_CURVE('',#9815,#11264,#11269,.T.);
#11271=ORIENTED_EDGE('',*,*,#11270,.T.);
#11272=CARTESIAN_POINT('',(322.72079202,832.492455878,9.124957705));
#11273=DIRECTION('',(0.499998875,-0.866023456,-0.00212102));
#11274=DIRECTION('',(-0.866025404,-0.5,0.));
#11275=AXIS2_PLACEMENT_3D('',#11272,#11273,#11274);
#11276=CIRCLE('',#11275,0.7);
#11277=EDGE_CURVE('',#11264,#1028,#11276,.T.);
#11278=ORIENTED_EDGE('',*,*,#11277,.T.);
#11279=EDGE_LOOP('',(#11254,#11261,#11262,#11271,#11278));
#11280=FACE_BOUND('',#11279,.T.);
#11281=ADVANCED_FACE('',(#11280),#11253,.T.);
#11282=CARTESIAN_POINT('',(275.647517879,813.622601402,4.476508956));
#11283=DIRECTION('',(-1.,0.,-0.));
#11284=DIRECTION('',(0.,1.,0.));
#11285=AXIS2_PLACEMENT_3D('',#11282,#11283,#11284);
#11286=PLANE('',#11285);
#11287=CARTESIAN_POINT('',(275.647517879,800.322601402,9.133220045));
#11288=VERTEX_POINT('',#11287);
#11289=CARTESIAN_POINT('',(275.647517879,800.322601402,0.526508956));
#11290=VERTEX_POINT('',#11289);
#11291=CARTESIAN_POINT('',(275.647517879,800.322601402,9.133220045));
#11292=DIRECTION('',(0.,0.,-1.));
#11293=VECTOR('',#11292,8.606711089);
#11294=LINE('',#11291,#11293);
#11295=EDGE_CURVE('',#11288,#11290,#11294,.T.);
#11296=ORIENTED_EDGE('',*,*,#11295,.T.);
#11297=CARTESIAN_POINT('',(275.647517879,813.622601402,0.526508956));
#11298=VERTEX_POINT('',#11297);
#11299=CARTESIAN_POINT('',(275.647517879,800.322601402,0.526508956));
#11300=DIRECTION('',(0.,1.,0.));
#11301=VECTOR('',#11300,13.3);
#11302=LINE('',#11299,#11301);
#11303=EDGE_CURVE('',#11290,#11298,#11302,.T.);
#11304=ORIENTED_EDGE('',*,*,#11303,.T.);
#11305=CARTESIAN_POINT('',(275.647517879,813.622601402,9.126508956));
#11306=VERTEX_POINT('',#11305);
#11307=CARTESIAN_POINT('',(275.647517879,813.622601402,9.126508956));
#11308=DIRECTION('',(0.,0.,-1.));
#11309=VECTOR('',#11308,8.6);
#11310=LINE('',#11307,#11309);
#11311=EDGE_CURVE('',#11306,#11298,#11310,.T.);
#11312=ORIENTED_EDGE('',*,*,#11311,.F.);
#11313=CARTESIAN_POINT('',(275.647517879,813.622601402,9.126508956));
#11314=DIRECTION('',(-0.,-1.,-0.));
#11315=VECTOR('',#11314,13.3);
#11316=LINE('',#11313,#11315);
#11317=EDGE_CURVE('',#11306,#11288,#11316,.T.);
#11318=ORIENTED_EDGE('',*,*,#11317,.T.);
#11319=EDGE_LOOP('',(#11296,#11304,#11312,#11318));
#11320=FACE_BOUND('',#11319,.T.);
#11321=ADVANCED_FACE('',(#11320),#11286,.F.);
#11322=CARTESIAN_POINT('',(303.647517879,813.622601402,4.476508956));
#11323=DIRECTION('',(1.,-0.,0.));
#11324=DIRECTION('',(-0.,-1.,-0.));
#11325=AXIS2_PLACEMENT_3D('',#11322,#11323,#11324);
#11326=PLANE('',#11325);
#11327=CARTESIAN_POINT('',(303.647517879,813.622601402,0.526508956));
#11328=VERTEX_POINT('',#11327);
#11329=CARTESIAN_POINT('',(303.647517879,813.622601402,9.126508956));
#11330=VERTEX_POINT('',#11329);
#11331=CARTESIAN_POINT('',(303.647517879,813.622601402,0.526508956));
#11332=DIRECTION('',(-0.,-0.,1.));
#11333=VECTOR('',#11332,8.6);
#11334=LINE('',#11331,#11333);
#11335=EDGE_CURVE('',#11328,#11330,#11334,.T.);
#11336=ORIENTED_EDGE('',*,*,#11335,.F.);
#11337=CARTESIAN_POINT('',(303.647517879,800.322601402,0.526508956));
#11338=VERTEX_POINT('',#11337);
#11339=CARTESIAN_POINT('',(303.647517879,813.622601402,0.526508956));
#11340=DIRECTION('',(-0.,-1.,-0.));
#11341=VECTOR('',#11340,13.3);
#11342=LINE('',#11339,#11341);
#11343=EDGE_CURVE('',#11328,#11338,#11342,.T.);
#11344=ORIENTED_EDGE('',*,*,#11343,.T.);
#11345=CARTESIAN_POINT('',(303.647517879,800.322601402,9.135659224));
#11346=VERTEX_POINT('',#11345);
#11347=CARTESIAN_POINT('',(303.647517879,800.322601402,0.526508956));
#11348=DIRECTION('',(-0.,-0.,1.));
#11349=VECTOR('',#11348,8.609150268);
#11350=LINE('',#11347,#11349);
#11351=EDGE_CURVE('',#11338,#11346,#11350,.T.);
#11352=ORIENTED_EDGE('',*,*,#11351,.T.);
#11353=CARTESIAN_POINT('',(303.647517879,800.322601402,9.126508956));
#11354=DIRECTION('',(0.,1.,0.));
#11355=VECTOR('',#11354,13.3);
#11356=LINE('',#11353,#11355);
#11357=EDGE_CURVE('',#11346,#11330,#11356,.T.);
#11358=ORIENTED_EDGE('',*,*,#11357,.T.);
#11359=EDGE_LOOP('',(#11336,#11344,#11352,#11358));
#11360=FACE_BOUND('',#11359,.T.);
#11361=ADVANCED_FACE('',(#11360),#11326,.F.);
#11362=CARTESIAN_POINT('',(289.647517879,813.622601402,-322.273491044));
#11363=DIRECTION('',(-0.,-1.,-0.));
#11364=DIRECTION('',(1.,-0.,0.));
#11365=AXIS2_PLACEMENT_3D('',#11362,#11363,#11364);
#11366=PLANE('',#11365);
#11367=ORIENTED_EDGE('',*,*,#11311,.T.);
#11368=CARTESIAN_POINT('',(275.647517879,813.622601402,0.526508956));
#11369=DIRECTION('',(1.,-0.,0.));
#11370=VECTOR('',#11369,28.);
#11371=LINE('',#11368,#11370);
#11372=EDGE_CURVE('',#11298,#11328,#11371,.T.);
#11373=ORIENTED_EDGE('',*,*,#11372,.T.);
#11374=ORIENTED_EDGE('',*,*,#11335,.T.);
#11375=CARTESIAN_POINT('',(303.647620729,813.622601402,9.134623381));
#11376=CARTESIAN_POINT('',(302.48090748,813.622601402,9.163678454));
#11377=CARTESIAN_POINT('',(301.314370775,813.622601402,9.20666195));
#11378=CARTESIAN_POINT('',(300.147816249,813.622601402,9.248239478));
#11379=CARTESIAN_POINT('',(298.981261722,813.622601402,9.289817006));
#11380=CARTESIAN_POINT('',(297.814681462,813.622601402,9.329364256));
#11381=CARTESIAN_POINT('',(296.647995265,813.622601402,9.360553581));
#11382=CARTESIAN_POINT('',(295.481309068,813.622601402,9.391742906));
#11383=CARTESIAN_POINT('',(294.314525218,813.62260152,9.415227828));
#11384=CARTESIAN_POINT('',(293.147639127,813.622601402,9.430646479));
#11385=CARTESIAN_POINT('',(291.980753037,813.622601284,9.446065131));
#11386=CARTESIAN_POINT('',(290.813767185,813.622601441,9.453612873));
#11387=CARTESIAN_POINT('',(289.646643607,813.622601402,9.450295089));
#11388=CARTESIAN_POINT('',(287.312396453,813.622601323,9.443659523));
#11389=CARTESIAN_POINT('',(284.979156917,813.622601434,9.392014407));
#11390=CARTESIAN_POINT('',(282.646261827,813.622601402,9.324982819));
#11391=CARTESIAN_POINT('',(281.479814282,813.622601386,9.291467025));
#11392=CARTESIAN_POINT('',(280.313442941,813.622601423,9.254548014));
#11393=CARTESIAN_POINT('',(279.147038854,813.622601406,9.219091291));
#11394=CARTESIAN_POINT('',(277.980634767,813.622601389,9.183634568));
#11395=CARTESIAN_POINT('',(276.81416723,813.622601402,9.151011757));
#11396=CARTESIAN_POINT('',(275.647382687,813.622601402,9.13254679));
#11397=B_SPLINE_CURVE_WITH_KNOTS('',3,(#11375,#11376,#11377,#11378,#11379,#11380,#11381,#11382,#11383,#11384,#11385,#11386,#11387,#11388,#11389,#11390,#11391,#11392,#11393,#11394,#11395,#11396),.UNSPECIFIED.,.F.,.F.,(4,3,3,3,3,3,3,4),(0.044066312,0.047567038,0.051067764,0.054568489,0.058069215,0.065070666,0.068571392,0.072072118),.UNSPECIFIED.);
#11398=EDGE_CURVE('',#11330,#11306,#11397,.T.);
#11399=ORIENTED_EDGE('',*,*,#11398,.T.);
#11400=EDGE_LOOP('',(#11367,#11373,#11374,#11399));
#11401=FACE_BOUND('',#11400,.T.);
#11402=ADVANCED_FACE('',(#11401),#11366,.T.);
#11403=CARTESIAN_POINT('',(256.574243737,832.492455878,9.127833628));
#11404=DIRECTION('',(0.,0.,1.));
#11405=DIRECTION('',(1.,0.,-0.));
#11406=AXIS2_PLACEMENT_3D('',#11403,#11404,#11405);
#11407=SPHERICAL_SURFACE('',#11406,0.7);
#11408=ORIENTED_EDGE('',*,*,#4954,.F.);
#11409=ORIENTED_EDGE('',*,*,#3971,.F.);
#11410=CARTESIAN_POINT('',(256.574243737,832.492455878,9.127833628));
#11411=DIRECTION('',(0.,-0.,-1.));
#11412=DIRECTION('',(-1.,0.,-0.));
#11413=AXIS2_PLACEMENT_3D('',#11410,#11411,#11412);
#11414=CIRCLE('',#11413,0.7);
#11415=EDGE_CURVE('',#4759,#3866,#11414,.T.);
#11416=ORIENTED_EDGE('',*,*,#11415,.F.);
#11417=EDGE_LOOP('',(#11408,#11409,#11416));
#11418=FACE_BOUND('',#11417,.T.);
#11419=ADVANCED_FACE('',(#11418),#11407,.T.);
#11420=CARTESIAN_POINT('',(265.845462118,800.320760152,9.828447668));
#11421=CARTESIAN_POINT('',(265.753842029,800.320760859,9.828178598));
#11422=CARTESIAN_POINT('',(265.662311468,800.320809479,9.809694393));
#11423=CARTESIAN_POINT('',(265.493222741,800.320995213,9.739081218));
#11424=CARTESIAN_POINT('',(265.415731076,800.321132256,9.686980021));
#11425=CARTESIAN_POINT('',(265.286530867,800.321474039,9.557039874));
#11426=CARTESIAN_POINT('',(265.234873137,800.321678645,9.479252029));
#11427=CARTESIAN_POINT('',(265.165227066,800.322124454,9.309763155));
#11428=CARTESIAN_POINT('',(265.147266116,800.322365481,9.218128784));
#11429=CARTESIAN_POINT('',(265.147520578,800.32260647,9.12650897));
#11430=CARTESIAN_POINT('',(265.839905357,802.350880403,9.833771296));
#11431=CARTESIAN_POINT('',(265.748751287,802.350882878,9.832776286));
#11432=CARTESIAN_POINT('',(265.657829886,802.350923137,9.813753544));
#11433=CARTESIAN_POINT('',(265.490017438,802.351073229,9.74249169));
#11434=CARTESIAN_POINT('',(265.41319105,802.351183004,9.690280043));
#11435=CARTESIAN_POINT('',(265.285159836,802.351455676,9.560485715));
#11436=CARTESIAN_POINT('',(265.234004338,802.351618467,9.482953051));
#11437=CARTESIAN_POINT('',(265.165045469,802.351972734,9.314184601));
#11438=CARTESIAN_POINT('',(265.147268666,802.352164074,9.223013847));
#11439=CARTESIAN_POINT('',(265.147520551,802.352355383,9.131857784));
#11440=CARTESIAN_POINT('',(265.835347925,804.381019608,9.837621212));
#11441=CARTESIAN_POINT('',(265.744585468,804.381022185,9.836042901));
#11442=CARTESIAN_POINT('',(265.654168264,804.381052422,9.816590761));
#11443=CARTESIAN_POINT('',(265.487405435,804.381163743,9.744817621));
#11444=CARTESIAN_POINT('',(265.411123021,804.381244786,9.692523826));
#11445=CARTESIAN_POINT('',(265.284045417,804.381445655,9.562860903));
#11446=CARTESIAN_POINT('',(265.233298396,804.381565406,9.485540922));
#11447=CARTESIAN_POINT('',(265.164898091,804.381825839,9.317366716));
#11448=CARTESIAN_POINT('',(265.147270734,804.381966424,9.226576237));
#11449=CARTESIAN_POINT('',(265.147520529,804.382106985,9.135800544));
#11450=CARTESIAN_POINT('',(265.833907921,807.426788138,9.839032402));
#11451=CARTESIAN_POINT('',(265.743269177,807.426788054,9.837269771));
#11452=CARTESIAN_POINT('',(265.653011271,807.426786777,9.817681927));
#11453=CARTESIAN_POINT('',(265.486580079,807.426782027,9.745747179));
#11454=CARTESIAN_POINT('',(265.410469548,807.426778556,9.693427398));
#11455=CARTESIAN_POINT('',(265.283693269,807.426769938,9.563805937));
#11456=CARTESIAN_POINT('',(265.233075324,807.426764794,9.486553131));
#11457=CARTESIAN_POINT('',(265.164851521,807.426753601,9.31856664));
#11458=CARTESIAN_POINT('',(265.147271388,807.426747556,9.227896295));
#11459=CARTESIAN_POINT('',(265.147520522,807.426741512,9.137240765));
#11460=CARTESIAN_POINT('',(265.834482252,808.442225362,9.838596427));
#11461=CARTESIAN_POINT('',(265.743793934,808.442223807,9.836907007));
#11462=CARTESIAN_POINT('',(265.65347238,808.442206935,9.817372982));
#11463=CARTESIAN_POINT('',(265.486908848,808.442145043,9.745502178));
#11464=CARTESIAN_POINT('',(265.410729804,808.442100048,9.693192555));
#11465=CARTESIAN_POINT('',(265.283833473,808.441988594,9.563554273));
#11466=CARTESIAN_POINT('',(265.233164131,808.441922178,9.486274595));
#11467=CARTESIAN_POINT('',(265.164870057,808.441777765,9.318213163));
#11468=CARTESIAN_POINT('',(265.147271128,808.441699822,9.227494909));
#11469=CARTESIAN_POINT('',(265.147520525,808.441621892,9.136791458));
#11470=CARTESIAN_POINT('',(265.837675048,810.472682504,9.835893913));
#11471=CARTESIAN_POINT('',(265.746713421,810.472680031,9.834614459));
#11472=CARTESIAN_POINT('',(265.656039152,810.47264431,9.815382615));
#11473=CARTESIAN_POINT('',(265.488740608,810.472511676,9.743872308));
#11474=CARTESIAN_POINT('',(265.412180289,810.472414815,9.691621182));
#11475=CARTESIAN_POINT('',(265.284615314,810.472174386,9.561892183));
#11476=CARTESIAN_POINT('',(265.233659425,810.472030911,9.484463904));
#11477=CARTESIAN_POINT('',(265.164973477,810.471718743,9.315986584));
#11478=CARTESIAN_POINT('',(265.147269675,810.47155017,9.225001949));
#11479=CARTESIAN_POINT('',(265.14752054,810.471381625,9.134032051));
#11480=CARTESIAN_POINT('',(265.840109299,811.487724338,9.833779803));
#11481=CARTESIAN_POINT('',(265.748940269,811.48772235,9.832814189));
#11482=CARTESIAN_POINT('',(265.657997554,811.487682757,9.813814013));
#11483=CARTESIAN_POINT('',(265.490138912,811.487534272,9.742580694));
#11484=CARTESIAN_POINT('',(265.413287725,811.487425437,9.690375025));
#11485=CARTESIAN_POINT('',(265.285212427,811.487154829,9.560578037));
#11486=CARTESIAN_POINT('',(265.234037712,811.486993162,9.48303678));
#11487=CARTESIAN_POINT('',(265.165052475,811.486641233,9.314242659));
#11488=CARTESIAN_POINT('',(265.147268558,811.486451107,9.223054897));
#11489=CARTESIAN_POINT('',(265.147520552,811.486261012,9.131881819));
#11490=CARTESIAN_POINT('',(265.844827292,813.517368625,9.829750274));
#11491=CARTESIAN_POINT('',(265.753259957,813.517367973,9.829397654));
#11492=CARTESIAN_POINT('',(265.661798749,813.517332393,9.810851268));
#11493=CARTESIAN_POINT('',(265.492855672,813.517196734,9.740162815));
#11494=CARTESIAN_POINT('',(265.415440093,813.517096708,9.688048486));
#11495=CARTESIAN_POINT('',(265.286373695,813.516847323,9.558124188));
#11496=CARTESIAN_POINT('',(265.234773519,813.516698061,9.4803652));
#11497=CARTESIAN_POINT('',(265.165206223,813.51637287,9.31095819));
#11498=CARTESIAN_POINT('',(265.147266399,813.51619707,9.219376641));
#11499=CARTESIAN_POINT('',(265.147520575,813.516021297,9.127809665));
#11500=CARTESIAN_POINT('',(265.84708187,814.53225215,9.827918508));
#11501=CARTESIAN_POINT('',(265.755325858,814.532251976,9.827860927));
#11502=CARTESIAN_POINT('',(265.663617698,814.532216665,9.809533549));
#11503=CARTESIAN_POINT('',(265.494156933,814.532081103,9.739109129));
#11504=CARTESIAN_POINT('',(265.416471368,814.531980907,9.68703995));
#11505=CARTESIAN_POINT('',(265.28693046,814.531730817,9.557056944));
#11506=CARTESIAN_POINT('',(265.235126365,814.531581023,9.47919454));
#11507=CARTESIAN_POINT('',(265.165280014,814.531254565,9.309495318));
#11508=CARTESIAN_POINT('',(265.14726539,814.53107803,9.217725634));
#11509=CARTESIAN_POINT('',(265.147520586,814.530901523,9.125970463));
#11510=CARTESIAN_POINT('',(265.849512469,815.832035517,9.825082745));
#11511=CARTESIAN_POINT('',(265.757554214,815.832036101,9.825344739));
#11512=CARTESIAN_POINT('',(265.665580384,815.831995414,9.807255005));
#11513=CARTESIAN_POINT('',(265.495561848,815.831837675,9.737117847));
#11514=CARTESIAN_POINT('',(265.417585,815.831720685,9.685098416));
#11515=CARTESIAN_POINT('',(265.287531882,815.831428221,9.555053642));
#11516=CARTESIAN_POINT('',(265.235507518,815.831252865,9.477080202));
#11517=CARTESIAN_POINT('',(265.165359714,815.830870517,9.307066444));
#11518=CARTESIAN_POINT('',(265.147264271,815.830663679,9.21509398));
#11519=CARTESIAN_POINT('',(265.147520598,815.830456873,9.123135969));
#11520=CARTESIAN_POINT('',(265.850027473,816.116786344,9.824399424));
#11521=CARTESIAN_POINT('',(265.758026463,816.116787134,9.824729247));
#11522=CARTESIAN_POINT('',(265.665996389,816.11674465,9.806689988));
#11523=CARTESIAN_POINT('',(265.495859705,816.116579589,9.736613909));
#11524=CARTESIAN_POINT('',(265.417821125,816.116457077,9.684605111));
#11525=CARTESIAN_POINT('',(265.287659429,816.116150705,9.554547388));
#11526=CARTESIAN_POINT('',(265.23558836,816.115966968,9.476550469));
#11527=CARTESIAN_POINT('',(265.165376628,816.115566307,9.306470127));
#11528=CARTESIAN_POINT('',(265.14726404,816.115349543,9.214454714));
#11529=CARTESIAN_POINT('',(265.1475206,816.115132814,9.122453738));
#11530=CARTESIAN_POINT('',(265.850507547,816.401538425,9.823675595));
#11531=CARTESIAN_POINT('',(265.75846674,816.401539426,9.824068718));
#11532=CARTESIAN_POINT('',(265.666384269,816.401495114,9.806076587));
#11533=CARTESIAN_POINT('',(265.496137471,816.401322602,9.736057578));
#11534=CARTESIAN_POINT('',(265.418041337,816.401194472,9.684058746));
#11535=CARTESIAN_POINT('',(265.287778396,816.400873949,9.553989034));
#11536=CARTESIAN_POINT('',(265.235663767,816.400681685,9.475970253));
#11537=CARTESIAN_POINT('',(265.165392409,816.40026239,9.305827877));
#11538=CARTESIAN_POINT('',(265.147263828,816.400035527,9.213772432));
#11539=CARTESIAN_POINT('',(265.147520603,816.3998087,9.12173141));
#11540=B_SPLINE_SURFACE_WITH_KNOTS('',3,3,((#11420,#11421,#11422,#11423,#11424,#11425,#11426,#11427,#11428,#11429),(#11430,#11431,#11432,#11433,#11434,#11435,#11436,#11437,#11438,#11439),(#11440,#11441,#11442,#11443,#11444,#11445,#11446,#11447,#11448,#11449),(#11450,#11451,#11452,#11453,#11454,#11455,#11456,#11457,#11458,#11459),(#11460,#11461,#11462,#11463,#11464,#11465,#11466,#11467,#11468,#11469),(#11470,#11471,#11472,#11473,#11474,#11475,#11476,#11477,#11478,#11479),(#11480,#11481,#11482,#11483,#11484,#11485,#11486,#11487,#11488,#11489),(#11490,#11491,#11492,#11493,#11494,#11495,#11496,#11497,#11498,#11499),(#11500,#11501,#11502,#11503,#11504,#11505,#11506,#11507,#11508,#11509),(#11510,#11511,#11512,#11513,#11514,#11515,#11516,#11517,#11518,#11519),(#11520,#11521,#11522,#11523,#11524,#11525,#11526,#11527,#11528,#11529),(#11530,#11531,#11532,#11533,#11534,#11535,#11536,#11537,#11538,#11539)),.UNSPECIFIED.,.F.,.F.,.U.,(4,2,2,2,2,4),(4,2,2,2,4),(0.066272284,0.072361555,0.07540619,0.078450825,0.08149546,0.082349488),(0.,0.250442856,0.500885711,0.751328567,1.001771422),.UNSPECIFIED.);
#11541=CARTESIAN_POINT('',(265.847517879,800.322601402,9.128453108));
#11542=DIRECTION('',(-0.,-0.999996541,-0.002630351));
#11543=DIRECTION('',(0.,0.002630351,-0.999996541));
#11544=AXIS2_PLACEMENT_3D('',#11541,#11542,#11543);
#11545=CIRCLE('',#11544,0.7);
#11546=EDGE_CURVE('',#220,#265,#11545,.T.);
#11547=ORIENTED_EDGE('',*,*,#11546,.F.);
#11548=ORIENTED_EDGE('',*,*,#1416,.F.);
#11549=CARTESIAN_POINT('',(265.147520219,815.995669773,9.126510057));
#11550=CARTESIAN_POINT('',(265.147649427,815.995745043,9.176482677));
#11551=CARTESIAN_POINT('',(265.153065051,815.998874418,9.225360367));
#11552=CARTESIAN_POINT('',(265.163456986,816.004875626,9.273207635));
#11553=CARTESIAN_POINT('',(265.173848922,816.010876834,9.321054904));
#11554=CARTESIAN_POINT('',(265.189474653,816.019899544,9.368128378));
#11555=CARTESIAN_POINT('',(265.209177776,816.031275918,9.411884845));
#11556=CARTESIAN_POINT('',(265.248584021,816.054028667,9.499397779));
#11557=CARTESIAN_POINT('',(265.305425744,816.086846068,9.576644125));
#11558=CARTESIAN_POINT('',(265.372353934,816.125485393,9.638422293));
#11559=CARTESIAN_POINT('',(265.439282123,816.164124718,9.70020046));
#11560=CARTESIAN_POINT('',(265.515971566,816.208398469,9.746898328));
#11561=CARTESIAN_POINT('',(265.59778803,816.25563239,9.778030161));
#11562=CARTESIAN_POINT('',(265.679604493,816.302866311,9.809161994));
#11563=CARTESIAN_POINT('',(265.764234508,816.351726096,9.82422125));
#11564=CARTESIAN_POINT('',(265.850488351,816.401521857,9.823733698));
#11565=B_SPLINE_CURVE_WITH_KNOTS('',3,(#11549,#11550,#11551,#11552,#11553,#11554,#11555,#11556,#11557,#11558,#11559,#11560,#11561,#11562,#11563,#11564),.UNSPECIFIED.,.F.,.F.,(4,3,3,3,3,4),(0.00116884,0.001315093,0.001461347,0.001753854,0.002046361,0.002338868),.UNSPECIFIED.);
#11566=EDGE_CURVE('',#249,#1388,#11565,.T.);
#11567=ORIENTED_EDGE('',*,*,#11566,.F.);
#11568=ORIENTED_EDGE('',*,*,#276,.F.);
#11569=EDGE_LOOP('',(#11547,#11548,#11567,#11568));
#11570=FACE_BOUND('',#11569,.T.);
#11571=ADVANCED_FACE('',(#11570),#11540,.T.);
#11572=CARTESIAN_POINT('',(329.657232922,790.297972399,0.526508956));
#11573=DIRECTION('',(0.866025404,-0.5,0.));
#11574=DIRECTION('',(-0.5,-0.866025404,-0.));
#11575=AXIS2_PLACEMENT_3D('',#11572,#11573,#11574);
#11576=CYLINDRICAL_SURFACE('',#11575,0.7);
#11577=ORIENTED_EDGE('',*,*,#3846,.F.);
#11578=ORIENTED_EDGE('',*,*,#445,.F.);
#11579=CARTESIAN_POINT('',(256.574243737,832.492455878,0.526508956));
#11580=DIRECTION('',(-0.866025404,0.5,-0.));
#11581=DIRECTION('',(0.5,0.866025404,0.));
#11582=AXIS2_PLACEMENT_3D('',#11579,#11580,#11581);
#11583=CIRCLE('',#11582,0.7);
#11584=EDGE_CURVE('',#3858,#432,#11583,.T.);
#11585=ORIENTED_EDGE('',*,*,#11584,.F.);
#11586=ORIENTED_EDGE('',*,*,#3863,.F.);
#11587=EDGE_LOOP('',(#11577,#11578,#11585,#11586));
#11588=FACE_BOUND('',#11587,.T.);
#11589=ADVANCED_FACE('',(#11588),#11576,.T.);
#11590=CARTESIAN_POINT('',(256.574243737,832.492455878,-112.273491044));
#11591=DIRECTION('',(0.,-0.,-1.));
#11592=DIRECTION('',(-1.,0.,-0.));
#11593=AXIS2_PLACEMENT_3D('',#11590,#11591,#11592);
#11594=CYLINDRICAL_SURFACE('',#11593,0.7);
#11595=ORIENTED_EDGE('',*,*,#11415,.T.);
#11596=ORIENTED_EDGE('',*,*,#3871,.F.);
#11597=CARTESIAN_POINT('',(256.574243737,832.492455878,0.526508956));
#11598=DIRECTION('',(0.,-0.,-1.));
#11599=DIRECTION('',(-1.,0.,-0.));
#11600=AXIS2_PLACEMENT_3D('',#11597,#11598,#11599);
#11601=CIRCLE('',#11600,0.7);
#11602=EDGE_CURVE('',#4741,#3858,#11601,.T.);
#11603=ORIENTED_EDGE('',*,*,#11602,.F.);
#11604=ORIENTED_EDGE('',*,*,#4777,.F.);
#11605=EDGE_LOOP('',(#11595,#11596,#11603,#11604));
#11606=FACE_BOUND('',#11605,.T.);
#11607=ADVANCED_FACE('',(#11606),#11594,.T.);
#11608=CARTESIAN_POINT('',(251.574244669,823.832202403,9.126509403));
#11609=CARTESIAN_POINT('',(251.574114681,823.832102758,9.218174921));
#11610=CARTESIAN_POINT('',(251.5831015,823.847793877,9.309834409));
#11611=CARTESIAN_POINT('',(251.617953166,823.90839077,9.479315245));
#11612=CARTESIAN_POINT('',(251.643804277,823.953272663,9.557069805));
#11613=CARTESIAN_POINT('',(251.708457631,824.065433278,9.686878572));
#11614=CARTESIAN_POINT('',(251.747234395,824.132667801,9.738881625));
#11615=CARTESIAN_POINT('',(251.831838939,824.2793035,9.809240835));
#11616=CARTESIAN_POINT('',(251.87763338,824.358646891,9.827569266));
#11617=CARTESIAN_POINT('',(251.923466131,824.438031675,9.827664176));
#11618=CARTESIAN_POINT('',(252.0790103,823.540775829,9.126908452));
#11619=CARTESIAN_POINT('',(252.078954439,823.540633466,9.218553468));
#11620=CARTESIAN_POINT('',(252.088011239,823.556274699,9.310192476));
#11621=CARTESIAN_POINT('',(252.122984616,823.616766046,9.479641541));
#11622=CARTESIAN_POINT('',(252.148887422,823.661592343,9.557384883));
#11623=CARTESIAN_POINT('',(252.213619754,823.773647473,9.687187385));
#11624=CARTESIAN_POINT('',(252.252423793,823.840832188,9.739195438));
#11625=CARTESIAN_POINT('',(252.33705691,823.9873861,9.8095836));
#11626=CARTESIAN_POINT('',(252.382852667,824.066697597,9.827935996));
#11627=CARTESIAN_POINT('',(252.42867518,824.146064513,9.828063158));
#11628=CARTESIAN_POINT('',(252.583778084,823.249348015,9.126666052));
#11629=CARTESIAN_POINT('',(252.583720674,823.24920646,9.218319226));
#11630=CARTESIAN_POINT('',(252.592777577,823.264851362,9.309966393));
#11631=CARTESIAN_POINT('',(252.627754211,823.325354796,9.47942813));
#11632=CARTESIAN_POINT('',(252.653660165,823.370189498,9.557175957));
#11633=CARTESIAN_POINT('',(252.718400679,823.482263708,9.686980997));
#11634=CARTESIAN_POINT('',(252.757209739,823.549459074,9.738987085));
#11635=CARTESIAN_POINT('',(252.841852983,823.696033131,9.809363772));
#11636=CARTESIAN_POINT('',(252.887653828,823.775354093,9.827706654));
#11637=CARTESIAN_POINT('',(252.933480466,823.854728106,9.827821));
#11638=CARTESIAN_POINT('',(253.593313206,822.66649264,9.126402577));
#11639=CARTESIAN_POINT('',(253.593255174,822.666351411,9.21806467));
#11640=CARTESIAN_POINT('',(253.602313251,822.681999748,9.309720747));
#11641=CARTESIAN_POINT('',(253.637295387,822.742515307,9.479196315));
#11642=CARTESIAN_POINT('',(253.663205663,822.787358684,9.556949031));
#11643=CARTESIAN_POINT('',(253.727956563,822.899452876,9.686756827));
#11644=CARTESIAN_POINT('',(253.766771676,822.966659523,9.738760762));
#11645=CARTESIAN_POINT('',(253.851426713,823.113255095,9.809124914));
#11646=CARTESIAN_POINT('',(253.897233284,823.192586259,9.827457406));
#11647=CARTESIAN_POINT('',(253.943064386,823.271968012,9.827557764));
#11648=CARTESIAN_POINT('',(254.098080795,822.375064937,9.126309416));
#11649=CARTESIAN_POINT('',(254.098014578,822.374928388,9.217979717));
#11650=CARTESIAN_POINT('',(254.107066123,822.390584268,9.309643996));
#11651=CARTESIAN_POINT('',(254.142039247,822.451119084,9.4791323));
#11652=CARTESIAN_POINT('',(254.167947042,822.49597416,9.556889521));
#11653=CARTESIAN_POINT('',(254.23269672,822.608092941,9.68669987));
#11654=CARTESIAN_POINT('',(254.271513082,822.675312453,9.738701834));
#11655=CARTESIAN_POINT('',(254.356173129,822.821931182,9.809054471));
#11656=CARTESIAN_POINT('',(254.401983445,822.901272607,9.827377415));
#11657=CARTESIAN_POINT('',(254.447818647,822.980661485,9.827464912));
#11658=CARTESIAN_POINT('',(255.612383117,821.500782084,9.126111968));
#11659=CARTESIAN_POINT('',(255.612315347,821.500646379,9.217796302));
#11660=CARTESIAN_POINT('',(255.621368165,821.516307996,9.3094746));
#11661=CARTESIAN_POINT('',(255.656348886,821.576862505,9.478984662));
#11662=CARTESIAN_POINT('',(255.682262993,821.621731513,9.556749572));
#11663=CARTESIAN_POINT('',(255.747028204,821.733882204,9.68656425));
#11664=CARTESIAN_POINT('',(255.785853764,821.801119654,9.73856282));
#11665=CARTESIAN_POINT('',(255.87053193,821.947772484,9.808895719));
#11666=CARTESIAN_POINT('',(255.916351139,822.027130023,9.82720231));
#11667=CARTESIAN_POINT('',(255.962193363,822.106531072,9.827267789));
#11668=CARTESIAN_POINT('',(256.621918258,820.917926699,9.125767435));
#11669=CARTESIAN_POINT('',(256.621860431,820.917785203,9.217464987));
#11670=CARTESIAN_POINT('',(256.630925853,820.933445641,9.309156489));
#11671=CARTESIAN_POINT('',(256.665934818,820.994006525,9.478687043));
#11672=CARTESIAN_POINT('',(256.691864546,821.038883073,9.556459194));
#11673=CARTESIAN_POINT('',(256.756660533,821.1510545,9.686277944));
#11674=CARTESIAN_POINT('',(256.795501223,821.218305113,9.738273313));
#11675=CARTESIAN_POINT('',(256.880205197,821.364985013,9.808587612));
#11676=CARTESIAN_POINT('',(256.926035054,821.444356416,9.826878794));
#11677=CARTESIAN_POINT('',(256.971883893,821.523768923,9.826923528));
#11678=CARTESIAN_POINT('',(259.650522818,819.169361042,9.12575235));
#11679=CARTESIAN_POINT('',(259.650412226,819.169249867,9.217487229));
#11680=CARTESIAN_POINT('',(259.659432408,819.184953649,9.309216022));
#11681=CARTESIAN_POINT('',(259.694371682,819.245618842,9.478804439));
#11682=CARTESIAN_POINT('',(259.720276965,819.290556273,9.55659703));
#11683=CARTESIAN_POINT('',(259.785045441,819.402852341,9.686427251));
#11684=CARTESIAN_POINT('',(259.823883034,819.470166591,9.738413562));
#11685=CARTESIAN_POINT('',(259.908597931,819.616958706,9.808675281));
#11686=CARTESIAN_POINT('',(259.954441751,819.696378549,9.826922917));
#11687=CARTESIAN_POINT('',(260.000309247,819.775823405,9.826909038));
#11688=CARTESIAN_POINT('',(261.669657109,818.003613308,9.128353061));
#11689=CARTESIAN_POINT('',(261.669548757,818.003501811,9.219892277));
#11690=CARTESIAN_POINT('',(261.678531733,818.019136954,9.311425561));
#11691=CARTESIAN_POINT('',(261.713329078,818.079548451,9.480710581));
#11692=CARTESIAN_POINT('',(261.739129811,818.124301129,9.558395976));
#11693=CARTESIAN_POINT('',(261.803654188,818.23616806,9.688166006));
#11694=CARTESIAN_POINT('',(261.842352546,818.303238473,9.740199785));
#11695=CARTESIAN_POINT('',(261.926800142,818.449563589,9.810737147));
#11696=CARTESIAN_POINT('',(261.972516286,818.528760947,9.829213086));
#11697=CARTESIAN_POINT('',(262.018286169,818.608036148,9.829506502));
#11698=CARTESIAN_POINT('',(264.193359298,816.546553175,9.125539192));
#11699=CARTESIAN_POINT('',(264.193387117,816.546362152,9.217316551));
#11700=CARTESIAN_POINT('',(264.202554274,816.562000946,9.309087745));
#11701=CARTESIAN_POINT('',(264.237781179,816.622573555,9.47874183));
#11702=CARTESIAN_POINT('',(264.263826977,816.667483384,9.55655754));
#11703=CARTESIAN_POINT('',(264.328845099,816.779759642,9.686400419));
#11704=CARTESIAN_POINT('',(264.367791676,816.847081612,9.738376169));
#11705=CARTESIAN_POINT('',(264.452671075,816.993914031,9.808577462));
#11706=CARTESIAN_POINT('',(264.498570284,817.073366337,9.826775204));
#11707=CARTESIAN_POINT('',(264.544458984,817.152848072,9.826694272));
#11708=CARTESIAN_POINT('',(264.698087754,816.255148081,9.124666654));
#11709=CARTESIAN_POINT('',(264.698148278,816.254936878,9.216507589));
#11710=CARTESIAN_POINT('',(264.707360974,816.270577709,9.308342479));
#11711=CARTESIAN_POINT('',(264.742695857,816.331195313,9.478095763));
#11712=CARTESIAN_POINT('',(264.768804014,816.376148016,9.555946752));
#11713=CARTESIAN_POINT('',(264.833948827,816.488535095,9.685810267));
#11714=CARTESIAN_POINT('',(264.872959615,816.555924843,9.737771226));
#11715=CARTESIAN_POINT('',(264.95795148,816.70289352,9.807884302));
#11716=CARTESIAN_POINT('',(265.003898808,816.782414088,9.826008578));
#11717=CARTESIAN_POINT('',(265.04981917,816.861950923,9.825828509));
#11718=CARTESIAN_POINT('',(265.301045868,815.907030053,9.123124086));
#11719=CARTESIAN_POINT('',(265.301151898,815.9067922,9.215063706));
#11720=CARTESIAN_POINT('',(265.310430049,815.922440944,9.306997183));
#11721=CARTESIAN_POINT('',(265.345922867,815.983137316,9.476903208));
#11722=CARTESIAN_POINT('',(265.372123378,816.028160739,9.554807997));
#11723=CARTESIAN_POINT('',(265.437457323,816.140726861,9.684700996));
#11724=CARTESIAN_POINT('',(265.476564702,816.20822467,9.736637404));
#11725=CARTESIAN_POINT('',(265.561726692,816.355408651,9.806609966));
#11726=CARTESIAN_POINT('',(265.60774734,816.435036128,9.824618215));
#11727=CARTESIAN_POINT('',(265.653716391,816.514658334,9.824282277));
#11728=CARTESIAN_POINT('',(265.399291083,815.850308152,9.122856264));
#11729=CARTESIAN_POINT('',(265.399403039,815.850066846,9.214811946));
#11730=CARTESIAN_POINT('',(265.408690366,815.865717764,9.306761464));
#11731=CARTESIAN_POINT('',(265.444206152,815.926428593,9.476692324));
#11732=CARTESIAN_POINT('',(265.47042044,815.971464277,9.554605852));
#11733=CARTESIAN_POINT('',(265.535783069,816.08406079,9.684503602));
#11734=CARTESIAN_POINT('',(265.574905327,816.151576685,9.736435986));
#11735=CARTESIAN_POINT('',(265.660093861,816.298796375,9.806385614));
#11736=CARTESIAN_POINT('',(265.706126141,816.37844142,9.824374943));
#11737=CARTESIAN_POINT('',(265.752103107,816.45807751,9.824013603));
#11738=CARTESIAN_POINT('',(265.497535948,815.793586453,9.122578871));
#11739=CARTESIAN_POINT('',(265.497652315,815.79334259,9.214550593));
#11740=CARTESIAN_POINT('',(265.506947294,815.808996568,9.306516126));
#11741=CARTESIAN_POINT('',(265.542483229,815.86972348,9.476471774));
#11742=CARTESIAN_POINT('',(265.568709994,815.914772163,9.554394017));
#11743=CARTESIAN_POINT('',(265.634099132,816.027400281,9.68429648));
#11744=CARTESIAN_POINT('',(265.673235393,816.094934739,9.736224823));
#11745=CARTESIAN_POINT('',(265.758449275,816.242190759,9.806151504));
#11746=CARTESIAN_POINT('',(265.804492867,816.321853515,9.824121915));
#11747=CARTESIAN_POINT('',(265.850477731,816.401503456,9.823735183));
#11748=B_SPLINE_SURFACE_WITH_KNOTS('',3,3,((#11608,#11609,#11610,#11611,#11612,#11613,#11614,#11615,#11616,#11617),(#11618,#11619,#11620,#11621,#11622,#11623,#11624,#11625,#11626,#11627),(#11628,#11629,#11630,#11631,#11632,#11633,#11634,#11635,#11636,#11637),(#11638,#11639,#11640,#11641,#11642,#11643,#11644,#11645,#11646,#11647),(#11648,#11649,#11650,#11651,#11652,#11653,#11654,#11655,#11656,#11657),(#11658,#11659,#11660,#11661,#11662,#11663,#11664,#11665,#11666,#11667),(#11668,#11669,#11670,#11671,#11672,#11673,#11674,#11675,#11676,#11677),(#11678,#11679,#11680,#11681,#11682,#11683,#11684,#11685,#11686,#11687),(#11688,#11689,#11690,#11691,#11692,#11693,#11694,#11695,#11696,#11697),(#11698,#11699,#11700,#11701,#11702,#11703,#11704,#11705,#11706,#11707),(#11708,#11709,#11710,#11711,#11712,#11713,#11714,#11715,#11716,#11717),(#11718,#11719,#11720,#11721,#11722,#11723,#11724,#11725,#11726,#11727),(#11728,#11729,#11730,#11731,#11732,#11733,#11734,#11735,#11736,#11737),(#11738,#11739,#11740,#11741,#11742,#11743,#11744,#11745,#11746,#11747)),.UNSPECIFIED.,.F.,.F.,.U.,(4,2,2,2,2,2,4),(4,2,2,2,4),(0.145707916,0.147461671,0.149215426,0.152722935,0.159737954,0.161491709,0.16183309),(-0.001051806,0.249211146,0.499474097,0.749737049,1.),.UNSPECIFIED.);
#11749=ORIENTED_EDGE('',*,*,#11566,.T.);
#11750=ORIENTED_EDGE('',*,*,#1403,.F.);
#11751=CARTESIAN_POINT('',(251.924243737,824.438419623,9.127664716));
#11752=DIRECTION('',(-0.866025201,0.499999883,-0.000684201));
#11753=DIRECTION('',(0.5,0.866025404,0.));
#11754=AXIS2_PLACEMENT_3D('',#11751,#11752,#11753);
#11755=CIRCLE('',#11754,0.7);
#11756=EDGE_CURVE('',#1548,#1379,#11755,.T.);
#11757=ORIENTED_EDGE('',*,*,#11756,.F.);
#11758=ORIENTED_EDGE('',*,*,#1568,.F.);
#11759=EDGE_LOOP('',(#11749,#11750,#11757,#11758));
#11760=FACE_BOUND('',#11759,.T.);
#11761=ADVANCED_FACE('',(#11760),#11748,.T.);
#11762=CARTESIAN_POINT('',(265.847517879,800.322601402,9.128453108));
#11763=DIRECTION('',(0.,0.,1.));
#11764=DIRECTION('',(1.,0.,-0.));
#11765=AXIS2_PLACEMENT_3D('',#11762,#11763,#11764);
#11766=SPHERICAL_SURFACE('',#11765,0.7);
#11767=ORIENTED_EDGE('',*,*,#236,.F.);
#11768=ORIENTED_EDGE('',*,*,#11546,.T.);
#11769=CARTESIAN_POINT('',(265.847517879,800.322601402,9.128453108));
#11770=DIRECTION('',(0.,-0.,-1.));
#11771=DIRECTION('',(-1.,0.,-0.));
#11772=AXIS2_PLACEMENT_3D('',#11769,#11770,#11771);
#11773=CIRCLE('',#11772,0.7);
#11774=EDGE_CURVE('',#61,#265,#11773,.T.);
#11775=ORIENTED_EDGE('',*,*,#11774,.F.);
#11776=EDGE_LOOP('',(#11767,#11768,#11775));
#11777=FACE_BOUND('',#11776,.T.);
#11778=ADVANCED_FACE('',(#11777),#11766,.T.);
#11779=CARTESIAN_POINT('',(256.574243737,832.492455878,0.526508956));
#11780=DIRECTION('',(0.,0.,1.));
#11781=DIRECTION('',(1.,0.,-0.));
#11782=AXIS2_PLACEMENT_3D('',#11779,#11780,#11781);
#11783=SPHERICAL_SURFACE('',#11782,0.7);
#11784=ORIENTED_EDGE('',*,*,#11602,.T.);
#11785=ORIENTED_EDGE('',*,*,#11584,.T.);
#11786=CARTESIAN_POINT('',(256.574243737,832.492455878,0.526508956));
#11787=DIRECTION('',(-0.5,-0.866025404,-0.));
#11788=DIRECTION('',(0.866025404,-0.5,-0.));
#11789=AXIS2_PLACEMENT_3D('',#11786,#11787,#11788);
#11790=CIRCLE('',#11789,0.7);
#11791=EDGE_CURVE('',#4741,#432,#11790,.T.);
#11792=ORIENTED_EDGE('',*,*,#11791,.F.);
#11793=EDGE_LOOP('',(#11784,#11785,#11792));
#11794=FACE_BOUND('',#11793,.T.);
#11795=ADVANCED_FACE('',(#11794),#11783,.T.);
#11796=CARTESIAN_POINT('',(251.924243737,824.438419623,9.127664716));
#11797=DIRECTION('',(0.,0.,1.));
#11798=DIRECTION('',(1.,0.,-0.));
#11799=AXIS2_PLACEMENT_3D('',#11796,#11797,#11798);
#11800=SPHERICAL_SURFACE('',#11799,0.7);
#11801=ORIENTED_EDGE('',*,*,#11756,.T.);
#11802=ORIENTED_EDGE('',*,*,#4946,.F.);
#11803=CARTESIAN_POINT('',(251.924243737,824.438419623,9.127664716));
#11804=DIRECTION('',(0.,-0.,-1.));
#11805=DIRECTION('',(1.,0.,0.));
#11806=AXIS2_PLACEMENT_3D('',#11803,#11804,#11805);
#11807=CIRCLE('',#11806,0.7);
#11808=EDGE_CURVE('',#1548,#4751,#11807,.T.);
#11809=ORIENTED_EDGE('',*,*,#11808,.F.);
#11810=EDGE_LOOP('',(#11801,#11802,#11809));
#11811=FACE_BOUND('',#11810,.T.);
#11812=ADVANCED_FACE('',(#11811),#11800,.T.);
#11813=CARTESIAN_POINT('',(265.847517879,800.322601402,9.826508956));
#11814=DIRECTION('',(0.,-0.,-1.));
#11815=DIRECTION('',(-1.,0.,-0.));
#11816=AXIS2_PLACEMENT_3D('',#11813,#11814,#11815);
#11817=CYLINDRICAL_SURFACE('',#11816,0.7);
#11818=ORIENTED_EDGE('',*,*,#270,.F.);
#11819=CARTESIAN_POINT('',(265.847517879,800.322601402,0.526508956));
#11820=DIRECTION('',(-0.,0.,1.));
#11821=DIRECTION('',(-1.,0.,-0.));
#11822=AXIS2_PLACEMENT_3D('',#11819,#11820,#11821);
#11823=CIRCLE('',#11822,0.7);
#11824=EDGE_CURVE('',#257,#63,#11823,.T.);
#11825=ORIENTED_EDGE('',*,*,#11824,.T.);
#11826=ORIENTED_EDGE('',*,*,#68,.F.);
#11827=ORIENTED_EDGE('',*,*,#11774,.T.);
#11828=EDGE_LOOP('',(#11818,#11825,#11826,#11827));
#11829=FACE_BOUND('',#11828,.T.);
#11830=ADVANCED_FACE('',(#11829),#11817,.T.);
#11831=CARTESIAN_POINT('',(263.824243737,845.049824233,0.526508956));
#11832=DIRECTION('',(-0.5,-0.866025404,-0.));
#11833=DIRECTION('',(-0.866025404,0.5,-0.));
#11834=AXIS2_PLACEMENT_3D('',#11831,#11832,#11833);
#11835=CYLINDRICAL_SURFACE('',#11834,0.7);
#11836=ORIENTED_EDGE('',*,*,#11791,.T.);
#11837=ORIENTED_EDGE('',*,*,#437,.F.);
#11838=CARTESIAN_POINT('',(251.924243737,824.438419623,0.526508956));
#11839=DIRECTION('',(-0.5,-0.866025404,-0.));
#11840=DIRECTION('',(0.866025404,-0.5,-0.));
#11841=AXIS2_PLACEMENT_3D('',#11838,#11839,#11840);
#11842=CIRCLE('',#11841,0.7);
#11843=EDGE_CURVE('',#4743,#424,#11842,.T.);
#11844=ORIENTED_EDGE('',*,*,#11843,.F.);
#11845=ORIENTED_EDGE('',*,*,#4748,.F.);
#11846=EDGE_LOOP('',(#11836,#11837,#11844,#11845));
#11847=FACE_BOUND('',#11846,.T.);
#11848=ADVANCED_FACE('',(#11847),#11835,.T.);
#11849=CARTESIAN_POINT('',(251.924243737,824.438419623,9.826508956));
#11850=DIRECTION('',(-0.,0.,1.));
#11851=DIRECTION('',(1.,0.,0.));
#11852=AXIS2_PLACEMENT_3D('',#11849,#11850,#11851);
#11853=CYLINDRICAL_SURFACE('',#11852,0.7);
#11854=ORIENTED_EDGE('',*,*,#11808,.T.);
#11855=ORIENTED_EDGE('',*,*,#4756,.F.);
#11856=CARTESIAN_POINT('',(251.924243737,824.438419623,0.526508956));
#11857=DIRECTION('',(0.,-0.,-1.));
#11858=DIRECTION('',(1.,0.,0.));
#11859=AXIS2_PLACEMENT_3D('',#11856,#11857,#11858);
#11860=CIRCLE('',#11859,0.7);
#11861=EDGE_CURVE('',#1550,#4743,#11860,.T.);
#11862=ORIENTED_EDGE('',*,*,#11861,.F.);
#11863=ORIENTED_EDGE('',*,*,#1555,.F.);
#11864=EDGE_LOOP('',(#11854,#11855,#11862,#11863));
#11865=FACE_BOUND('',#11864,.T.);
#11866=ADVANCED_FACE('',(#11865),#11853,.T.);
#11867=CARTESIAN_POINT('',(265.847517879,850.995668361,0.526508956));
#11868=DIRECTION('',(0.,1.,0.));
#11869=DIRECTION('',(1.,-0.,0.));
#11870=AXIS2_PLACEMENT_3D('',#11867,#11868,#11869);
#11871=CYLINDRICAL_SURFACE('',#11870,0.7);
#11872=ORIENTED_EDGE('',*,*,#421,.F.);
#11873=CARTESIAN_POINT('',(265.847517879,800.322601402,0.526508956));
#11874=DIRECTION('',(0.,1.,0.));
#11875=DIRECTION('',(-1.,0.,0.));
#11876=AXIS2_PLACEMENT_3D('',#11873,#11874,#11875);
#11877=CIRCLE('',#11876,0.7);
#11878=EDGE_CURVE('',#408,#257,#11877,.T.);
#11879=ORIENTED_EDGE('',*,*,#11878,.T.);
#11880=ORIENTED_EDGE('',*,*,#262,.F.);
#11881=CARTESIAN_POINT('',(265.847517879,816.399813549,0.526508956));
#11882=DIRECTION('',(-0.5,0.866025404,-0.));
#11883=DIRECTION('',(-0.866025404,-0.5,-0.));
#11884=AXIS2_PLACEMENT_3D('',#11881,#11882,#11883);
#11885=ELLIPSE('',#11884,0.808290377,0.7);
#11886=EDGE_CURVE('',#416,#247,#11885,.T.);
#11887=ORIENTED_EDGE('',*,*,#11886,.F.);
#11888=EDGE_LOOP('',(#11872,#11879,#11880,#11887));
#11889=FACE_BOUND('',#11888,.T.);
#11890=ADVANCED_FACE('',(#11889),#11871,.T.);
#11891=CARTESIAN_POINT('',(251.924243737,824.438419623,0.526508956));
#11892=DIRECTION('',(0.,0.,1.));
#11893=DIRECTION('',(1.,0.,-0.));
#11894=AXIS2_PLACEMENT_3D('',#11891,#11892,#11893);
#11895=SPHERICAL_SURFACE('',#11894,0.7);
#11896=ORIENTED_EDGE('',*,*,#11861,.T.);
#11897=ORIENTED_EDGE('',*,*,#11843,.T.);
#11898=CARTESIAN_POINT('',(251.924243737,824.438419623,0.526508956));
#11899=DIRECTION('',(0.866025404,-0.5,0.));
#11900=DIRECTION('',(-0.5,-0.866025404,0.));
#11901=AXIS2_PLACEMENT_3D('',#11898,#11899,#11900);
#11902=CIRCLE('',#11901,0.7);
#11903=EDGE_CURVE('',#1550,#424,#11902,.T.);
#11904=ORIENTED_EDGE('',*,*,#11903,.F.);
#11905=EDGE_LOOP('',(#11896,#11897,#11904));
#11906=FACE_BOUND('',#11905,.T.);
#11907=ADVANCED_FACE('',(#11906),#11895,.T.);
#11908=CARTESIAN_POINT('',(268.717073312,814.743074947,0.526508956));
#11909=DIRECTION('',(-0.866025404,0.5,-0.));
#11910=DIRECTION('',(0.5,0.866025404,0.));
#11911=AXIS2_PLACEMENT_3D('',#11908,#11909,#11910);
#11912=CYLINDRICAL_SURFACE('',#11911,0.7);
#11913=ORIENTED_EDGE('',*,*,#11886,.T.);
#11914=ORIENTED_EDGE('',*,*,#1561,.F.);
#11915=ORIENTED_EDGE('',*,*,#11903,.T.);
#11916=ORIENTED_EDGE('',*,*,#429,.F.);
#11917=EDGE_LOOP('',(#11913,#11914,#11915,#11916));
#11918=FACE_BOUND('',#11917,.T.);
#11919=ADVANCED_FACE('',(#11918),#11912,.T.);
#11920=CARTESIAN_POINT('',(322.72079202,832.492455878,9.124957705));
#11921=DIRECTION('',(0.,0.,1.));
#11922=DIRECTION('',(1.,0.,-0.));
#11923=AXIS2_PLACEMENT_3D('',#11920,#11921,#11922);
#11924=SPHERICAL_SURFACE('',#11923,0.7);
#11925=CARTESIAN_POINT('',(322.72079202,832.492455878,9.824957705));
#11926=VERTEX_POINT('',#11925);
#11927=CARTESIAN_POINT('',(322.72079202,832.492455878,9.124957705));
#11928=DIRECTION('',(-0.,1.,-0.));
#11929=DIRECTION('',(1.,0.,0.));
#11930=AXIS2_PLACEMENT_3D('',#11927,#11928,#11929);
#11931=CIRCLE('',#11930,0.7);
#11932=EDGE_CURVE('',#11926,#11264,#11931,.T.);
#11933=ORIENTED_EDGE('',*,*,#11932,.T.);
#11934=ORIENTED_EDGE('',*,*,#11270,.F.);
#11935=CARTESIAN_POINT('',(322.72079202,833.192455878,9.124957705));
#11936=VERTEX_POINT('',#11935);
#11937=CARTESIAN_POINT('',(322.72079202,832.492455878,9.124957705));
#11938=DIRECTION('',(0.,-0.,-1.));
#11939=DIRECTION('',(1.,0.,0.));
#11940=AXIS2_PLACEMENT_3D('',#11937,#11938,#11939);
#11941=CIRCLE('',#11940,0.7);
#11942=EDGE_CURVE('',#11936,#9815,#11941,.T.);
#11943=ORIENTED_EDGE('',*,*,#11942,.F.);
#11944=CARTESIAN_POINT('',(322.72079202,832.492455878,9.124957705));
#11945=DIRECTION('',(0.,-0.,-1.));
#11946=DIRECTION('',(1.,0.,0.));
#11947=AXIS2_PLACEMENT_3D('',#11944,#11945,#11946);
#11948=CIRCLE('',#11947,0.7);
#11949=EDGE_CURVE('',#7772,#11936,#11948,.T.);
#11950=ORIENTED_EDGE('',*,*,#11949,.F.);
#11951=ORIENTED_EDGE('',*,*,#9801,.F.);
#11952=ORIENTED_EDGE('',*,*,#11277,.F.);
#11953=ORIENTED_EDGE('',*,*,#11932,.F.);
#11954=EDGE_LOOP('',(#11933,#11934,#11943,#11950,#11951,#11952,#11953));
#11955=FACE_BOUND('',#11954,.T.);
#11956=ADVANCED_FACE('',(#11955),#11924,.T.);
#11957=CARTESIAN_POINT('',(322.72079202,832.492455878,9.826508956));
#11958=DIRECTION('',(-0.,0.,1.));
#11959=DIRECTION('',(0.,1.,-0.));
#11960=AXIS2_PLACEMENT_3D('',#11957,#11958,#11959);
#11961=CYLINDRICAL_SURFACE('',#11960,0.7);
#11962=CARTESIAN_POINT('',(322.72079202,833.192455878,0.526508956));
#11963=VERTEX_POINT('',#11962);
#11964=CARTESIAN_POINT('',(322.72079202,833.192455878,9.124957705));
#11965=DIRECTION('',(0.,-0.,-1.));
#11966=VECTOR('',#11965,8.598448749);
#11967=LINE('',#11964,#11966);
#11968=EDGE_CURVE('',#11936,#11963,#11967,.T.);
#11969=ORIENTED_EDGE('',*,*,#11968,.T.);
#11970=CARTESIAN_POINT('',(322.72079202,832.492455878,0.526508956));
#11971=DIRECTION('',(0.,-0.,-1.));
#11972=DIRECTION('',(1.,0.,0.));
#11973=AXIS2_PLACEMENT_3D('',#11970,#11971,#11972);
#11974=CIRCLE('',#11973,0.7);
#11975=EDGE_CURVE('',#7774,#11963,#11974,.T.);
#11976=ORIENTED_EDGE('',*,*,#11975,.F.);
#11977=ORIENTED_EDGE('',*,*,#7779,.F.);
#11978=ORIENTED_EDGE('',*,*,#11949,.T.);
#11979=EDGE_LOOP('',(#11969,#11976,#11977,#11978));
#11980=FACE_BOUND('',#11979,.T.);
#11981=ADVANCED_FACE('',(#11980),#11961,.T.);
#11982=CARTESIAN_POINT('',(305.927962445,822.797111202,0.526508956));
#11983=DIRECTION('',(0.866025404,0.5,0.));
#11984=DIRECTION('',(0.5,-0.866025404,0.));
#11985=AXIS2_PLACEMENT_3D('',#11982,#11983,#11984);
#11986=CYLINDRICAL_SURFACE('',#11985,0.7);
#11987=ORIENTED_EDGE('',*,*,#8063,.F.);
#11988=ORIENTED_EDGE('',*,*,#7787,.F.);
#11989=CARTESIAN_POINT('',(322.72079202,832.492455878,0.526508956));
#11990=DIRECTION('',(0.866025404,0.5,0.));
#11991=DIRECTION('',(-0.5,0.866025404,0.));
#11992=AXIS2_PLACEMENT_3D('',#11989,#11990,#11991);
#11993=CIRCLE('',#11992,0.7);
#11994=EDGE_CURVE('',#344,#7774,#11993,.T.);
#11995=ORIENTED_EDGE('',*,*,#11994,.F.);
#11996=ORIENTED_EDGE('',*,*,#349,.F.);
#11997=EDGE_LOOP('',(#11987,#11988,#11995,#11996));
#11998=FACE_BOUND('',#11997,.T.);
#11999=ADVANCED_FACE('',(#11998),#11986,.T.);
#12000=CARTESIAN_POINT('',(327.37079202,824.438419623,9.125905434));
#12001=DIRECTION('',(0.,0.,1.));
#12002=DIRECTION('',(1.,0.,-0.));
#12003=AXIS2_PLACEMENT_3D('',#12000,#12001,#12002);
#12004=SPHERICAL_SURFACE('',#12003,0.7);
#12005=CARTESIAN_POINT('',(328.07079202,824.438419623,9.125905434));
#12006=VERTEX_POINT('',#12005);
#12007=CARTESIAN_POINT('',(327.37079202,824.438419623,9.125905434));
#12008=DIRECTION('',(-0.,1.,-0.));
#12009=DIRECTION('',(1.,0.,0.));
#12010=AXIS2_PLACEMENT_3D('',#12007,#12008,#12009);
#12011=CIRCLE('',#12010,0.7);
#12012=EDGE_CURVE('',#998,#12006,#12011,.T.);
#12013=ORIENTED_EDGE('',*,*,#12012,.T.);
#12014=CARTESIAN_POINT('',(327.37079202,824.438419623,9.125905434));
#12015=DIRECTION('',(0.,-0.,-1.));
#12016=DIRECTION('',(-1.,0.,-0.));
#12017=AXIS2_PLACEMENT_3D('',#12014,#12015,#12016);
#12018=CIRCLE('',#12017,0.7);
#12019=EDGE_CURVE('',#9817,#12006,#12018,.T.);
#12020=ORIENTED_EDGE('',*,*,#12019,.F.);
#12021=ORIENTED_EDGE('',*,*,#11260,.F.);
#12022=EDGE_LOOP('',(#12013,#12020,#12021));
#12023=FACE_BOUND('',#12022,.T.);
#12024=ADVANCED_FACE('',(#12023),#12004,.T.);
#12025=CARTESIAN_POINT('',(322.72079202,832.492455878,0.526508956));
#12026=DIRECTION('',(0.,0.,1.));
#12027=DIRECTION('',(1.,0.,-0.));
#12028=AXIS2_PLACEMENT_3D('',#12025,#12026,#12027);
#12029=SPHERICAL_SURFACE('',#12028,0.7);
#12030=ORIENTED_EDGE('',*,*,#11994,.T.);
#12031=ORIENTED_EDGE('',*,*,#11975,.T.);
#12032=CARTESIAN_POINT('',(322.72079202,832.492455878,0.526508956));
#12033=DIRECTION('',(0.,-0.,-1.));
#12034=DIRECTION('',(1.,0.,0.));
#12035=AXIS2_PLACEMENT_3D('',#12032,#12033,#12034);
#12036=CIRCLE('',#12035,0.7);
#12037=EDGE_CURVE('',#11963,#9833,#12036,.T.);
#12038=ORIENTED_EDGE('',*,*,#12037,.T.);
#12039=CARTESIAN_POINT('',(322.72079202,832.492455878,0.526508956));
#12040=DIRECTION('',(0.5,-0.866025404,0.));
#12041=DIRECTION('',(-0.866025404,-0.5,0.));
#12042=AXIS2_PLACEMENT_3D('',#12039,#12040,#12041);
#12043=CIRCLE('',#12042,0.7);
#12044=EDGE_CURVE('',#344,#9833,#12043,.T.);
#12045=ORIENTED_EDGE('',*,*,#12044,.F.);
#12046=EDGE_LOOP('',(#12030,#12031,#12038,#12045));
#12047=FACE_BOUND('',#12046,.T.);
#12048=ADVANCED_FACE('',(#12047),#12029,.T.);
#12049=CARTESIAN_POINT('',(327.36961256,824.438257597,9.825904422));
#12050=CARTESIAN_POINT('',(327.415446085,824.358871418,9.825963274));
#12051=CARTESIAN_POINT('',(327.461292291,824.279520758,9.807787926));
#12052=CARTESIAN_POINT('',(327.546094314,824.132860272,9.737710525));
#12053=CARTESIAN_POINT('',(327.58501671,824.065608244,9.68583609));
#12054=CARTESIAN_POINT('',(327.650032949,823.953405375,9.556240842));
#12055=CARTESIAN_POINT('',(327.676101171,823.908498752,9.478571104));
#12056=CARTESIAN_POINT('',(327.711425507,823.847849154,9.309203631));
#12057=CARTESIAN_POINT('',(327.720667702,823.832130079,9.217572645));
#12058=CARTESIAN_POINT('',(327.720792844,823.832202316,9.12590553));
#12059=CARTESIAN_POINT('',(326.48463392,823.92851722,9.824293915));
#12060=CARTESIAN_POINT('',(326.530510519,823.849055821,9.824489171));
#12061=CARTESIAN_POINT('',(326.576437846,823.76962076,9.806415292));
#12062=CARTESIAN_POINT('',(326.661453166,823.622807986,9.736460724));
#12063=CARTESIAN_POINT('',(326.700507529,823.555488351,9.684607708));
#12064=CARTESIAN_POINT('',(326.765807572,823.443196307,9.554986555));
#12065=CARTESIAN_POINT('',(326.792027419,823.39826832,9.477269693));
#12066=CARTESIAN_POINT('',(326.827644311,823.337638192,9.307768421));
#12067=CARTESIAN_POINT('',(326.837027266,823.321960036,9.216051062));
#12068=CARTESIAN_POINT('',(326.837275746,823.322103482,9.124297404));
#12069=CARTESIAN_POINT('',(325.599683951,823.421410142,9.819984363));
#12070=CARTESIAN_POINT('',(325.645696049,823.341710823,9.820615014));
#12071=CARTESIAN_POINT('',(325.691796848,823.261959851,9.802865383));
#12072=CARTESIAN_POINT('',(325.777167851,823.114477898,9.733303802));
#12073=CARTESIAN_POINT('',(325.816403877,823.04680596,9.681519699));
#12074=CARTESIAN_POINT('',(325.882012516,822.933887254,9.551816831));
#12075=CARTESIAN_POINT('',(325.908358861,822.888685691,9.473949991));
#12076=CARTESIAN_POINT('',(325.944130549,822.827669409,9.304022401));
#12077=CARTESIAN_POINT('',(325.953541569,822.811879117,9.212029681));
#12078=CARTESIAN_POINT('',(325.953762439,822.812006836,9.120000152));
#12079=CARTESIAN_POINT('',(324.275238214,822.658651208,9.818520964));
#12080=CARTESIAN_POINT('',(324.321319983,822.578835052,9.819370482));
#12081=CARTESIAN_POINT('',(324.367468724,822.498904214,9.801784142));
#12082=CARTESIAN_POINT('',(324.4528643,822.350999447,9.732420972));
#12083=CARTESIAN_POINT('',(324.492076744,822.283085084,9.680672078));
#12084=CARTESIAN_POINT('',(324.557552599,822.169686635,9.550929325));
#12085=CARTESIAN_POINT('',(324.583789641,822.124248219,9.47298772));
#12086=CARTESIAN_POINT('',(324.619261839,822.062820545,9.302847049));
#12087=CARTESIAN_POINT('',(324.62848271,822.046856028,9.210716506));
#12088=CARTESIAN_POINT('',(324.628485438,822.046857803,9.118548878));
#12089=CARTESIAN_POINT('',(323.834282428,822.403935947,9.818766751));
#12090=CARTESIAN_POINT('',(323.880360604,822.324128404,9.819601397));
#12091=CARTESIAN_POINT('',(323.926484521,822.244197365,9.802003991));
#12092=CARTESIAN_POINT('',(324.011793192,822.096272154,9.732627466));
#12093=CARTESIAN_POINT('',(324.050943602,822.028337533,9.680876276));
#12094=CARTESIAN_POINT('',(324.1162689,821.914879507,9.551136468));
#12095=CARTESIAN_POINT('',(324.14241749,821.869401779,9.47320008));
#12096=CARTESIAN_POINT('',(324.17770075,821.807881046,9.303074159));
#12097=CARTESIAN_POINT('',(324.186821215,821.791862809,9.210953114));
#12098=CARTESIAN_POINT('',(324.18672541,821.791807531,9.118794975));
#12099=CARTESIAN_POINT('',(322.952686132,821.89309193,9.820943338));
#12100=CARTESIAN_POINT('',(322.998699016,821.813399274,9.821565672));
#12101=CARTESIAN_POINT('',(323.044707015,821.733602832,9.803809933));
#12102=CARTESIAN_POINT('',(323.129720155,821.585931224,9.734241153));
#12103=CARTESIAN_POINT('',(323.168691269,821.518115163,9.682455958));
#12104=CARTESIAN_POINT('',(323.233639091,821.404830393,9.552755185));
#12105=CARTESIAN_POINT('',(323.259589803,821.359407025,9.474891519));
#12106=CARTESIAN_POINT('',(323.294500407,821.297902559,9.30497271));
#12107=CARTESIAN_POINT('',(323.303446325,821.281846079,9.212985576));
#12108=CARTESIAN_POINT('',(323.303202992,821.281705625,9.120961616));
#12109=CARTESIAN_POINT('',(322.511291303,821.636842322,9.822595024));
#12110=CARTESIAN_POINT('',(322.557253046,821.557236593,9.823056256));
#12111=CARTESIAN_POINT('',(322.603200381,821.477558627,9.805180429));
#12112=CARTESIAN_POINT('',(322.688097468,821.330142871,9.735465892));
#12113=CARTESIAN_POINT('',(322.727013388,821.262463824,9.683654962));
#12114=CARTESIAN_POINT('',(322.791877657,821.149428171,9.553983897));
#12115=CARTESIAN_POINT('',(322.817800158,821.104116609,9.476175433));
#12116=CARTESIAN_POINT('',(322.85269426,821.042778345,9.306413761));
#12117=CARTESIAN_POINT('',(322.861651955,821.026776085,9.214528201));
#12118=CARTESIAN_POINT('',(322.861440992,821.026654216,9.122605998));
#12119=CARTESIAN_POINT('',(321.186807238,820.868692835,9.826076698));
#12120=CARTESIAN_POINT('',(321.232643796,820.789301388,9.826144102));
#12121=CARTESIAN_POINT('',(321.278445295,820.709916056,9.807974987));
#12122=CARTESIAN_POINT('',(321.363068399,820.563133966,9.737904901));
#12123=CARTESIAN_POINT('',(321.401856646,820.495795067,9.686031553));
#12124=CARTESIAN_POINT('',(321.466534796,820.383380506,9.556434126));
#12125=CARTESIAN_POINT('',(321.492399205,820.338349155,9.478761134));
#12126=CARTESIAN_POINT('',(321.527276682,820.277431857,9.30938466));
#12127=CARTESIAN_POINT('',(321.536276002,820.261569922,9.217747944));
#12128=CARTESIAN_POINT('',(321.536157056,820.261501179,9.126075081));
#12129=CARTESIAN_POINT('',(320.3036221,820.358017441,9.827237973));
#12130=CARTESIAN_POINT('',(320.349430966,820.278674172,9.827218496));
#12131=CARTESIAN_POINT('',(320.395196113,820.199351789,9.808984848));
#12132=CARTESIAN_POINT('',(320.479742794,820.052701584,9.738836832));
#12133=CARTESIAN_POINT('',(320.518491081,819.98543143,9.686950049));
#12134=CARTESIAN_POINT('',(320.58309873,819.873137689,9.557369596));
#12135=CARTESIAN_POINT('',(320.608932685,819.828158261,9.479726884));
#12136=CARTESIAN_POINT('',(320.643768049,819.767312055,9.310436194));
#12137=CARTESIAN_POINT('',(320.65275576,819.751469206,9.218854789));
#12138=CARTESIAN_POINT('',(320.652636342,819.751400257,9.127237355));
#12139=CARTESIAN_POINT('',(318.979580007,819.591130855,9.829838825));
#12140=CARTESIAN_POINT('',(319.025299677,819.511941014,9.82954234));
#12141=CARTESIAN_POINT('',(319.070943766,819.43281668,9.811103012));
#12142=CARTESIAN_POINT('',(319.155228752,819.286577069,9.74070677));
#12143=CARTESIAN_POINT('',(319.193836758,819.219518859,9.688777328));
#12144=CARTESIAN_POINT('',(319.258188017,819.107592319,9.559251392));
#12145=CARTESIAN_POINT('',(319.283906157,819.062767666,9.481705443));
#12146=CARTESIAN_POINT('',(319.31856669,819.002124609,9.312688687));
#12147=CARTESIAN_POINT('',(319.327495556,818.98632987,9.221283836));
#12148=CARTESIAN_POINT('',(319.327352829,818.986247464,9.129843301));
#12149=CARTESIAN_POINT('',(318.538693629,819.335078781,9.830996878));
#12150=CARTESIAN_POINT('',(318.58435795,819.25598377,9.83053061));
#12151=CARTESIAN_POINT('',(318.629924301,819.176979851,9.811965486));
#12152=CARTESIAN_POINT('',(318.714036633,819.030986544,9.741418007));
#12153=CARTESIAN_POINT('',(318.752549946,818.964053855,9.689463051));
#12154=CARTESIAN_POINT('',(318.816722758,818.852340856,9.559971956));
#12155=CARTESIAN_POINT('',(318.842357335,818.807603933,9.482486108));
#12156=CARTESIAN_POINT('',(318.876883557,818.747069444,9.313638797));
#12157=CARTESIAN_POINT('',(318.885761793,818.731295389,9.222342911));
#12158=CARTESIAN_POINT('',(318.88559031,818.731195755,9.131011446));
#12159=CARTESIAN_POINT('',(317.654190262,818.823930157,9.832203993));
#12160=CARTESIAN_POINT('',(317.699837888,818.744865876,9.831683643));
#12161=CARTESIAN_POINT('',(317.745413047,818.665919662,9.813078379));
#12162=CARTESIAN_POINT('',(317.829597744,818.5200783,9.742482449));
#12163=CARTESIAN_POINT('',(317.868174635,818.453239708,9.69051916));
#12164=CARTESIAN_POINT('',(317.932524164,818.341729626,9.561038654));
#12165=CARTESIAN_POINT('',(317.958271847,818.297101379,9.483571648));
#12166=CARTESIAN_POINT('',(317.9930597,818.236777445,9.31477769));
#12167=CARTESIAN_POINT('',(318.002086379,818.22110515,9.223516193));
#12168=CARTESIAN_POINT('',(318.002070353,818.221095269,9.132219184));
#12169=CARTESIAN_POINT('',(317.21115263,818.569043966,9.83189518));
#12170=CARTESIAN_POINT('',(317.256834029,818.489922831,9.831476153));
#12171=CARTESIAN_POINT('',(317.302475897,818.410915873,9.812945834));
#12172=CARTESIAN_POINT('',(317.38684037,818.264970838,9.742439756));
#12173=CARTESIAN_POINT('',(317.425530167,818.198089519,9.690491417));
#12174=CARTESIAN_POINT('',(317.490126581,818.086532569,9.560989518));
#12175=CARTESIAN_POINT('',(317.516008079,818.041900323,9.483486321));
#12176=CARTESIAN_POINT('',(317.551058902,817.981617181,9.31459062));
#12177=CARTESIAN_POINT('',(317.560214598,817.96598973,9.223263799));
#12178=CARTESIAN_POINT('',(317.560314523,817.966047422,9.131901447));
#12179=CARTESIAN_POINT('',(316.325219173,818.060774479,9.829741644));
#12180=CARTESIAN_POINT('',(316.371017078,817.981450815,9.829686941));
#12181=CARTESIAN_POINT('',(316.416838276,817.902194759,9.811427168));
#12182=CARTESIAN_POINT('',(316.501625946,817.75575494,9.741247721));
#12183=CARTESIAN_POINT('',(316.54055911,817.688628707,9.689355618));
#12184=CARTESIAN_POINT('',(316.605640232,817.576673744,9.559782376));
#12185=CARTESIAN_POINT('',(316.631762625,817.531888995,9.482152141));
#12186=CARTESIAN_POINT('',(316.6672367,817.471450177,9.31289667));
#12187=CARTESIAN_POINT('',(316.676574447,817.455819851,9.221337928));
#12188=CARTESIAN_POINT('',(316.67680972,817.455955686,9.129743203));
#12189=CARTESIAN_POINT('',(315.882505522,817.807360519,9.828246114));
#12190=CARTESIAN_POINT('',(315.928382012,817.727899721,9.828439035));
#12191=CARTESIAN_POINT('',(315.974306764,817.64846452,9.810363243));
#12192=CARTESIAN_POINT('',(316.05931266,817.501649553,9.740406048));
#12193=CARTESIAN_POINT('',(316.098360181,817.434327859,9.688552318));
#12194=CARTESIAN_POINT('',(316.163643571,817.322029674,9.558930864));
#12195=CARTESIAN_POINT('',(316.189853618,817.277097602,9.481214412));
#12196=CARTESIAN_POINT('',(316.225449637,817.216457615,9.311714638));
#12197=CARTESIAN_POINT('',(316.23482153,817.200773686,9.219998361));
#12198=CARTESIAN_POINT('',(316.235059202,817.200910906,9.128245791));
#12199=CARTESIAN_POINT('',(314.995084421,817.300837083,9.823977061));
#12200=CARTESIAN_POINT('',(315.04116592,817.221013244,9.824835613));
#12201=CARTESIAN_POINT('',(315.08739929,817.14112182,9.807256115));
#12202=CARTESIAN_POINT('',(315.173120248,816.993385422,9.737901691));
#12203=CARTESIAN_POINT('',(315.212573307,816.925599961,9.686154705));
#12204=CARTESIAN_POINT('',(315.278648952,816.812530225,9.556411558));
#12205=CARTESIAN_POINT('',(315.305244923,816.767291497,9.478467661));
#12206=CARTESIAN_POINT('',(315.341497961,816.706304182,9.308319964));
#12207=CARTESIAN_POINT('',(315.351140425,816.690580162,9.216184704));
#12208=CARTESIAN_POINT('',(315.351563742,816.690824564,9.124012315));
#12209=CARTESIAN_POINT('',(314.550377583,817.047995204,9.820965514));
#12210=CARTESIAN_POINT('',(314.596594801,816.967928842,9.82227271));
#12211=CARTESIAN_POINT('',(314.643042645,816.887736732,9.805028363));
#12212=CARTESIAN_POINT('',(314.729275171,816.739401414,9.736082169));
#12213=CARTESIAN_POINT('',(314.769024695,816.671318687,9.684408438));
#12214=CARTESIAN_POINT('',(314.835693453,816.557766036,9.554586123));
#12215=CARTESIAN_POINT('',(314.862585507,816.51234241,9.476490474));
#12216=CARTESIAN_POINT('',(314.899360402,816.451167946,9.305909206));
#12217=CARTESIAN_POINT('',(314.909228252,816.43544205,9.21349314));
#12218=CARTESIAN_POINT('',(314.909819867,816.435783619,9.121039377));
#12219=CARTESIAN_POINT('',(313.881768196,816.668997651,9.812645477));
#12220=CARTESIAN_POINT('',(313.928215433,816.58849732,9.81476905));
#12221=CARTESIAN_POINT('',(313.975057238,816.50777477,9.798138165));
#12222=CARTESIAN_POINT('',(314.062267671,816.358400416,9.729946059));
#12223=CARTESIAN_POINT('',(314.102599954,816.289810864,9.678413258));
#12224=CARTESIAN_POINT('',(314.170465614,816.175461091,9.548463866));
#12225=CARTESIAN_POINT('',(314.197970709,816.129748525,9.470101433));
#12226=CARTESIAN_POINT('',(314.23586113,816.06833529,9.298750413));
#12227=CARTESIAN_POINT('',(314.246230667,816.052660215,9.205833236));
#12228=CARTESIAN_POINT('',(314.247220725,816.053231826,9.112877319));
#12229=CARTESIAN_POINT('',(313.658508095,816.54274887,9.809077475));
#12230=CARTESIAN_POINT('',(313.705039295,816.46208485,9.811510878));
#12231=CARTESIAN_POINT('',(313.752031192,816.381163813,9.795113482));
#12232=CARTESIAN_POINT('',(313.83962145,816.231404175,9.727209682));
#12233=CARTESIAN_POINT('',(313.880183008,816.1626285,9.675731811));
#12234=CARTESIAN_POINT('',(313.948525043,816.047991298,9.545737441));
#12235=CARTESIAN_POINT('',(313.976276804,816.002177941,9.467275563));
#12236=CARTESIAN_POINT('',(314.014621907,815.940693175,9.295636133));
#12237=CARTESIAN_POINT('',(314.025199136,815.925047602,9.2025307));
#12238=CARTESIAN_POINT('',(314.026357813,815.925716564,9.109386129));
#12239=CARTESIAN_POINT('',(313.433696981,816.415100396,9.805158001));
#12240=CARTESIAN_POINT('',(313.480297412,816.33430572,9.80784357));
#12241=CARTESIAN_POINT('',(313.527394954,816.25321536,9.791636292));
#12242=CARTESIAN_POINT('',(313.615228975,816.10310726,9.723967157));
#12243=CARTESIAN_POINT('',(313.655928301,816.034153015,9.672533921));
#12244=CARTESIAN_POINT('',(313.724535516,815.919212806,9.542502513));
#12245=CARTESIAN_POINT('',(313.752414385,815.873275462,9.463959341));
#12246=CARTESIAN_POINT('',(313.790968768,815.811640389,9.292084253));
#12247=CARTESIAN_POINT('',(313.801627974,815.795968731,9.198825038));
#12248=CARTESIAN_POINT('',(313.802836863,815.796666683,9.105526358));
#12249=CARTESIAN_POINT('',(313.431022247,816.413581624,9.805111339));
#12250=CARTESIAN_POINT('',(313.4776235,816.332785397,9.807799902));
#12251=CARTESIAN_POINT('',(313.524722295,816.251693025,9.791594883));
#12252=CARTESIAN_POINT('',(313.612559203,816.101580783,9.723928533));
#12253=CARTESIAN_POINT('',(313.653260159,816.032624414,9.672495828));
#12254=CARTESIAN_POINT('',(313.721870509,815.917680599,9.54246398));
#12255=CARTESIAN_POINT('',(313.749750879,815.871741778,9.463919843));
#12256=CARTESIAN_POINT('',(313.788307728,815.810104909,9.292041956));
#12257=CARTESIAN_POINT('',(313.798967897,815.794432935,9.198780914));
#12258=CARTESIAN_POINT('',(313.800177371,815.795131225,9.105480404));
#12259=CARTESIAN_POINT('',(313.428347621,816.412062864,9.80506465));
#12260=CARTESIAN_POINT('',(313.474949695,816.331265089,9.807756202));
#12261=CARTESIAN_POINT('',(313.522049738,816.250170709,9.791553436));
#12262=CARTESIAN_POINT('',(313.60988952,816.100054329,9.723889868));
#12263=CARTESIAN_POINT('',(313.650592097,816.031095836,9.672457692));
#12264=CARTESIAN_POINT('',(313.719205561,815.916148414,9.542425405));
#12265=CARTESIAN_POINT('',(313.74708742,815.870208113,9.463880304));
#12266=CARTESIAN_POINT('',(313.785646711,815.80856944,9.291999623));
#12267=CARTESIAN_POINT('',(313.796307831,815.792897145,9.198736759));
#12268=CARTESIAN_POINT('',(313.79751788,815.793595767,9.105434422));
#12269=B_SPLINE_SURFACE_WITH_KNOTS('',3,3,((#12049,#12050,#12051,#12052,#12053,#12054,#12055,#12056,#12057,#12058),(#12059,#12060,#12061,#12062,#12063,#12064,#12065,#12066,#12067,#12068),(#12069,#12070,#12071,#12072,#12073,#12074,#12075,#12076,#12077,#12078),(#12079,#12080,#12081,#12082,#12083,#12084,#12085,#12086,#12087,#12088),(#12089,#12090,#12091,#12092,#12093,#12094,#12095,#12096,#12097,#12098),(#12099,#12100,#12101,#12102,#12103,#12104,#12105,#12106,#12107,#12108),(#12109,#12110,#12111,#12112,#12113,#12114,#12115,#12116,#12117,#12118),(#12119,#12120,#12121,#12122,#12123,#12124,#12125,#12126,#12127,#12128),(#12129,#12130,#12131,#12132,#12133,#12134,#12135,#12136,#12137,#12138),(#12139,#12140,#12141,#12142,#12143,#12144,#12145,#12146,#12147,#12148),(#12149,#12150,#12151,#12152,#12153,#12154,#12155,#12156,#12157,#12158),(#12159,#12160,#12161,#12162,#12163,#12164,#12165,#12166,#12167,#12168),(#12169,#12170,#12171,#12172,#12173,#12174,#12175,#12176,#12177,#12178),(#12179,#12180,#12181,#12182,#12183,#12184,#12185,#12186,#12187,#12188),(#12189,#12190,#12191,#12192,#12193,#12194,#12195,#12196,#12197,#12198),(#12199,#12200,#12201,#12202,#12203,#12204,#12205,#12206,#12207,#12208),(#12209,#12210,#12211,#12212,#12213,#12214,#12215,#12216,#12217,#12218),(#12219,#12220,#12221,#12222,#12223,#12224,#12225,#12226,#12227,#12228),(#12229,#12230,#12231,#12232,#12233,#12234,#12235,#12236,#12237,#12238),(#12239,#12240,#12241,#12242,#12243,#12244,#12245,#12246,#12247,#12248),(#12249,#12250,#12251,#12252,#12253,#12254,#12255,#12256,#12257,#12258),(#12259,#12260,#12261,#12262,#12263,#12264,#12265,#12266,#12267,#12268)),.UNSPECIFIED.,.F.,.F.,.U.,(4,2,2,2,2,2,2,2,2,2,4),(4,2,2,2,4),(0.053587244,0.056648678,0.058179395,0.059710112,0.062771546,0.064302263,0.06583298,0.067363697,0.068894414,0.069659773,0.069668989),(0.,0.25,0.5,0.75,1.),.UNSPECIFIED.);
#12270=CARTESIAN_POINT('',(327.37079202,824.438419623,9.125905434));
#12271=DIRECTION('',(-0.866024328,-0.499999379,-0.001576288));
#12272=DIRECTION('',(-0.5,0.866025404,-0.));
#12273=AXIS2_PLACEMENT_3D('',#12270,#12271,#12272);
#12274=CIRCLE('',#12273,0.7);
#12275=EDGE_CURVE('',#1588,#998,#12274,.T.);
#12276=ORIENTED_EDGE('',*,*,#12275,.T.);
#12277=ORIENTED_EDGE('',*,*,#1025,.F.);
#12278=CARTESIAN_POINT('',(314.147366279,815.995774316,9.126504396));
#12279=CARTESIAN_POINT('',(314.146320914,815.996437975,9.176630156));
#12280=CARTESIAN_POINT('',(314.139978401,816.00016192,9.225521796));
#12281=CARTESIAN_POINT('',(314.128642487,816.006766495,9.273250505));
#12282=CARTESIAN_POINT('',(314.117306572,816.013371071,9.320979215));
#12283=CARTESIAN_POINT('',(314.100718403,816.023007767,9.367782348));
#12284=CARTESIAN_POINT('',(314.080091262,816.034973714,9.411138425));
#12285=CARTESIAN_POINT('',(314.038836979,816.058905608,9.497850579));
#12286=CARTESIAN_POINT('',(313.980245472,816.092840672,9.573747405));
#12287=CARTESIAN_POINT('',(313.911802108,816.13245584,9.633796246));
#12288=CARTESIAN_POINT('',(313.843358744,816.172071008,9.693845087));
#12289=CARTESIAN_POINT('',(313.765474733,816.217129409,9.738389567));
#12290=CARTESIAN_POINT('',(313.682685246,816.265011314,9.767134535));
#12291=CARTESIAN_POINT('',(313.599895758,816.31289322,9.795879503));
#12292=CARTESIAN_POINT('',(313.514821838,816.362082014,9.808309304));
#12293=CARTESIAN_POINT('',(313.428347621,816.412062864,9.80506464));
#12294=B_SPLINE_CURVE_WITH_KNOTS('',3,(#12278,#12279,#12280,#12281,#12282,#12283,#12284,#12285,#12286,#12287,#12288,#12289,#12290,#12291,#12292,#12293),.UNSPECIFIED.,.F.,.F.,(4,3,3,3,3,4),(0.000424046,0.000572325,0.000720604,0.001017161,0.001313719,0.001610276),.UNSPECIFIED.);
#12295=EDGE_CURVE('',#305,#980,#12294,.T.);
#12296=ORIENTED_EDGE('',*,*,#12295,.F.);
#12297=ORIENTED_EDGE('',*,*,#1599,.F.);
#12298=EDGE_LOOP('',(#12276,#12277,#12296,#12297));
#12299=FACE_BOUND('',#12298,.T.);
#12300=ADVANCED_FACE('',(#12299),#12269,.T.);
#12301=CARTESIAN_POINT('',(327.37079202,824.438419623,9.826508956));
#12302=DIRECTION('',(0.,-0.,-1.));
#12303=DIRECTION('',(-0.,-1.,0.));
#12304=AXIS2_PLACEMENT_3D('',#12301,#12302,#12303);
#12305=CYLINDRICAL_SURFACE('',#12304,0.7);
#12306=ORIENTED_EDGE('',*,*,#12019,.T.);
#12307=CARTESIAN_POINT('',(327.37079202,824.438419623,9.125905434));
#12308=DIRECTION('',(0.,-0.,-1.));
#12309=DIRECTION('',(-1.,0.,-0.));
#12310=AXIS2_PLACEMENT_3D('',#12307,#12308,#12309);
#12311=CIRCLE('',#12310,0.7);
#12312=EDGE_CURVE('',#12006,#1588,#12311,.T.);
#12313=ORIENTED_EDGE('',*,*,#12312,.T.);
#12314=ORIENTED_EDGE('',*,*,#1593,.F.);
#12315=CARTESIAN_POINT('',(328.07079202,824.438419623,0.526508956));
#12316=VERTEX_POINT('',#12315);
#12317=CARTESIAN_POINT('',(327.37079202,824.438419623,0.526508956));
#12318=DIRECTION('',(0.,-0.,-1.));
#12319=DIRECTION('',(-1.,0.,-0.));
#12320=AXIS2_PLACEMENT_3D('',#12317,#12318,#12319);
#12321=CIRCLE('',#12320,0.7);
#12322=EDGE_CURVE('',#12316,#1580,#12321,.T.);
#12323=ORIENTED_EDGE('',*,*,#12322,.F.);
#12324=CARTESIAN_POINT('',(327.37079202,824.438419623,0.526508956));
#12325=DIRECTION('',(0.,-0.,-1.));
#12326=DIRECTION('',(-1.,0.,-0.));
#12327=AXIS2_PLACEMENT_3D('',#12324,#12325,#12326);
#12328=CIRCLE('',#12327,0.7);
#12329=EDGE_CURVE('',#9825,#12316,#12328,.T.);
#12330=ORIENTED_EDGE('',*,*,#12329,.F.);
#12331=ORIENTED_EDGE('',*,*,#9830,.F.);
#12332=EDGE_LOOP('',(#12306,#12313,#12314,#12323,#12330,#12331));
#12333=FACE_BOUND('',#12332,.T.);
#12334=ADVANCED_FACE('',(#12333),#12305,.T.);
#12335=CARTESIAN_POINT('',(315.47079202,845.049824233,0.526508956));
#12336=DIRECTION('',(-0.5,0.866025404,-0.));
#12337=DIRECTION('',(0.866025404,0.5,0.));
#12338=AXIS2_PLACEMENT_3D('',#12335,#12336,#12337);
#12339=CYLINDRICAL_SURFACE('',#12338,0.7);
#12340=ORIENTED_EDGE('',*,*,#12044,.T.);
#12341=ORIENTED_EDGE('',*,*,#9838,.F.);
#12342=CARTESIAN_POINT('',(327.37079202,824.438419623,0.526508956));
#12343=DIRECTION('',(0.5,-0.866025404,0.));
#12344=DIRECTION('',(-0.866025404,-0.5,0.));
#12345=AXIS2_PLACEMENT_3D('',#12342,#12343,#12344);
#12346=CIRCLE('',#12345,0.7);
#12347=EDGE_CURVE('',#352,#9825,#12346,.T.);
#12348=ORIENTED_EDGE('',*,*,#12347,.F.);
#12349=ORIENTED_EDGE('',*,*,#357,.F.);
#12350=EDGE_LOOP('',(#12340,#12341,#12348,#12349));
#12351=FACE_BOUND('',#12350,.T.);
#12352=ADVANCED_FACE('',(#12351),#12339,.T.);
#12353=CARTESIAN_POINT('',(314.14751123,800.322601402,9.126508926));
#12354=CARTESIAN_POINT('',(314.147910632,800.322218258,9.218144513));
#12355=CARTESIAN_POINT('',(314.130087915,800.321834934,9.309823453));
#12356=CARTESIAN_POINT('',(314.060685028,800.321125708,9.479447402));
#12357=CARTESIAN_POINT('',(314.009132173,800.320800087,9.557325649));
#12358=CARTESIAN_POINT('',(313.880095256,800.320255913,9.687474509));
#12359=CARTESIAN_POINT('',(313.802661981,800.320037575,9.739693897));
#12360=CARTESIAN_POINT('',(313.633638897,800.319741312,9.810550493));
#12361=CARTESIAN_POINT('',(313.542115614,800.319663504,9.829159814));
#12362=CARTESIAN_POINT('',(313.450479177,800.319661883,9.829547475));
#12363=CARTESIAN_POINT('',(314.147511301,801.754788268,9.132513463));
#12364=CARTESIAN_POINT('',(314.147906429,801.754461889,9.223659039));
#12365=CARTESIAN_POINT('',(314.130276816,801.754135357,9.314847645));
#12366=CARTESIAN_POINT('',(314.061597678,801.753530604,9.483708736));
#12367=CARTESIAN_POINT('',(314.010574603,801.753252616,9.561316182));
#12368=CARTESIAN_POINT('',(313.882771913,801.75278681,9.691308299));
#12369=CARTESIAN_POINT('',(313.806041518,801.75259917,9.7436429));
#12370=CARTESIAN_POINT('',(313.638367688,801.752342362,9.815182047));
#12371=CARTESIAN_POINT('',(313.547488829,801.752273292,9.834359031));
#12372=CARTESIAN_POINT('',(313.456345894,801.7522687,9.835512627));
#12373=CARTESIAN_POINT('',(314.14751137,803.186977903,9.1370301));
#12374=CARTESIAN_POINT('',(314.147902324,803.186759972,9.227691134));
#12375=CARTESIAN_POINT('',(314.130461637,803.186541937,9.318394869));
#12376=CARTESIAN_POINT('',(314.0624917,803.186137802,9.48649731));
#12377=CARTESIAN_POINT('',(314.011988085,803.185951853,9.563832616));
#12378=CARTESIAN_POINT('',(313.885399272,803.185639602,9.693654501));
#12379=CARTESIAN_POINT('',(313.809361816,803.185513417,9.746092118));
#12380=CARTESIAN_POINT('',(313.643026026,803.185339528,9.818279353));
#12381=CARTESIAN_POINT('',(313.552790424,803.185291889,9.838001745));
#12382=CARTESIAN_POINT('',(313.46214776,803.185287067,9.839897061));
#12383=CARTESIAN_POINT('',(314.147511419,806.051373387,9.141043202));
#12384=CARTESIAN_POINT('',(314.147899434,806.051338475,9.231363157));
#12385=CARTESIAN_POINT('',(314.130591434,806.051303547,9.321725578));
#12386=CARTESIAN_POINT('',(314.06311975,806.051238726,9.489293367));
#12387=CARTESIAN_POINT('',(314.012981134,806.051208858,9.566436482));
#12388=CARTESIAN_POINT('',(313.887245768,806.051158539,9.696136337));
#12389=CARTESIAN_POINT('',(313.811695732,806.051138107,9.748644891));
#12390=CARTESIAN_POINT('',(313.646302229,806.051109662,9.821284418));
#12391=CARTESIAN_POINT('',(313.556520208,806.051101661,9.841388402));
#12392=CARTESIAN_POINT('',(313.466231368,806.05110046,9.843803495));
#12393=CARTESIAN_POINT('',(314.14751141,807.483582379,9.140974794));
#12394=CARTESIAN_POINT('',(314.147899993,807.483615863,9.231363208));
#12395=CARTESIAN_POINT('',(314.130565352,807.483649363,9.321794131));
#12396=CARTESIAN_POINT('',(314.06299367,807.483711501,9.489469226));
#12397=CARTESIAN_POINT('',(314.01278181,807.483740116,9.566650914));
#12398=CARTESIAN_POINT('',(313.886875198,807.483788258,9.696375268));
#12399=CARTESIAN_POINT('',(313.811227364,807.483807767,9.748869593));
#12400=CARTESIAN_POINT('',(313.645644804,807.483834812,9.821418371));
#12401=CARTESIAN_POINT('',(313.555771781,807.483842337,9.841445788));
#12402=CARTESIAN_POINT('',(313.465411956,807.483843316,9.843756586));
#12403=CARTESIAN_POINT('',(314.147511388,809.631888809,9.138508144));
#12404=CARTESIAN_POINT('',(314.147901296,809.632027612,9.229050418));
#12405=CARTESIAN_POINT('',(314.130506798,809.632166481,9.319635308));
#12406=CARTESIAN_POINT('',(314.062710346,809.632423907,9.487551581));
#12407=CARTESIAN_POINT('',(314.012333829,809.632542367,9.564819964));
#12408=CARTESIAN_POINT('',(313.886042213,809.632741344,9.694599358));
#12409=CARTESIAN_POINT('',(313.810174497,809.632821785,9.747061677));
#12410=CARTESIAN_POINT('',(313.644166858,809.632932734,9.819406411));
#12411=CARTESIAN_POINT('',(313.554089219,809.632963199,9.839261683));
#12412=CARTESIAN_POINT('',(313.46356978,809.632966413,9.841337998));
#12413=CARTESIAN_POINT('',(314.147511396,810.347986685,9.137259536));
#12414=CARTESIAN_POINT('',(314.147901406,810.348160017,9.227878313));
#12415=CARTESIAN_POINT('',(314.130476602,810.34833343,9.318539648));
#12416=CARTESIAN_POINT('',(314.062567403,810.348654852,9.486575445));
#12417=CARTESIAN_POINT('',(314.012108572,810.34880274,9.563886652));
#12418=CARTESIAN_POINT('',(313.885624774,810.349051069,9.693692733));
#12419=CARTESIAN_POINT('',(313.809647422,810.349151416,9.746138742));
#12420=CARTESIAN_POINT('',(313.643427961,810.349289683,9.818381178));
#12421=CARTESIAN_POINT('',(313.553248425,810.34932755,9.838150408));
#12422=CARTESIAN_POINT('',(313.462649533,810.34933136,9.840109684));
#12423=CARTESIAN_POINT('',(314.147511353,811.780176383,9.134102828));
#12424=CARTESIAN_POINT('',(314.147903946,811.780402529,9.225020791));
#12425=CARTESIAN_POINT('',(314.130362418,811.780628781,9.315981516));
#12426=CARTESIAN_POINT('',(314.062015111,811.781047921,9.484485546));
#12427=CARTESIAN_POINT('',(314.011235401,811.78124065,9.56196458));
#12428=CARTESIAN_POINT('',(313.884001982,811.781563825,9.69187505));
#12429=CARTESIAN_POINT('',(313.807596802,811.781694149,9.744256936));
#12430=CARTESIAN_POINT('',(313.640551661,811.781872927,9.816097962));
#12431=CARTESIAN_POINT('',(313.549975414,811.781921315,9.835529699));
#12432=CARTESIAN_POINT('',(313.459068413,811.781925109,9.837030312));
#12433=CARTESIAN_POINT('',(314.147511301,812.496271976,9.132386911));
#12434=CARTESIAN_POINT('',(314.147906414,812.496461338,9.223531305));
#12435=CARTESIAN_POINT('',(314.130277125,812.496650789,9.314718727));
#12436=CARTESIAN_POINT('',(314.061599379,812.497001706,9.483577473));
#12437=CARTESIAN_POINT('',(314.010577374,812.497163037,9.561183756));
#12438=CARTESIAN_POINT('',(313.882777714,812.497433461,9.691173744));
#12439=CARTESIAN_POINT('',(313.806049283,812.497542451,9.743507376));
#12440=CARTESIAN_POINT('',(313.638380355,812.49769178,9.815045184));
#12441=CARTESIAN_POINT('',(313.54750444,812.497732064,9.8342218));
#12442=CARTESIAN_POINT('',(313.456364859,812.49773497,9.835375629));
#12443=CARTESIAN_POINT('',(314.147511205,813.928445013,9.12798631));
#12444=CARTESIAN_POINT('',(314.1479121,813.928814979,9.219794579));
#12445=CARTESIAN_POINT('',(314.130021578,813.92918512,9.311646315));
#12446=CARTESIAN_POINT('',(314.060364473,813.929869845,9.481539528));
#12447=CARTESIAN_POINT('',(314.008625507,813.930184159,9.559513641));
#12448=CARTESIAN_POINT('',(313.879154685,813.930709212,9.689719273));
#12449=CARTESIAN_POINT('',(313.801474162,813.930919744,9.741899162));
#12450=CARTESIAN_POINT('',(313.631975772,813.931205019,9.812517972));
#12451=CARTESIAN_POINT('',(313.540225107,813.93127965,9.830928888));
#12452=CARTESIAN_POINT('',(313.448413869,813.931280636,9.831048288));
#12453=CARTESIAN_POINT('',(314.147511143,814.644514892,9.124662913));
#12454=CARTESIAN_POINT('',(314.147915775,814.645136078,9.216898172));
#12455=CARTESIAN_POINT('',(314.12985637,814.645757558,9.309177178));
#12456=CARTESIAN_POINT('',(314.059566529,814.646906826,9.479734075));
#12457=CARTESIAN_POINT('',(314.007364476,814.647434155,9.557943086));
#12458=CARTESIAN_POINT('',(313.876815584,814.648314204,9.688281508));
#12459=CARTESIAN_POINT('',(313.798521462,814.648666572,9.740358277));
#12460=CARTESIAN_POINT('',(313.627846877,814.649142529,9.810375513));
#12461=CARTESIAN_POINT('',(313.535535335,814.649265928,9.828287693));
#12462=CARTESIAN_POINT('',(313.443296212,814.649265379,9.827735526));
#12463=CARTESIAN_POINT('',(314.147511036,815.706955811,9.113166714));
#12464=CARTESIAN_POINT('',(314.147922108,815.708140859,9.206126095));
#12465=CARTESIAN_POINT('',(314.129571497,815.709326472,9.299129679));
#12466=CARTESIAN_POINT('',(314.058192208,815.711515129,9.470804668));
#12467=CARTESIAN_POINT('',(314.005193281,815.712517263,9.549404514));
#12468=CARTESIAN_POINT('',(313.872794467,815.714181876,9.679941626));
#12469=CARTESIAN_POINT('',(313.793449766,815.714843661,9.73182448));
#12470=CARTESIAN_POINT('',(313.620772386,815.715723654,9.800773984));
#12471=CARTESIAN_POINT('',(313.527511683,815.715941496,9.817811892));
#12472=CARTESIAN_POINT('',(313.434559165,815.715920306,9.81609193));
#12473=CARTESIAN_POINT('',(314.147510998,816.053364397,9.108395634));
#12474=CARTESIAN_POINT('',(314.147924313,816.054763053,9.201605421));
#12475=CARTESIAN_POINT('',(314.129472323,816.056162375,9.294859565));
#12476=CARTESIAN_POINT('',(314.057713972,816.058744428,9.466920164));
#12477=CARTESIAN_POINT('',(314.004437846,816.059926073,9.545654117));
#12478=CARTESIAN_POINT('',(313.871396226,816.061886577,9.676256251));
#12479=CARTESIAN_POINT('',(313.791686789,816.062664611,9.7280694));
#12480=CARTESIAN_POINT('',(313.618315587,816.063695074,9.79664306));
#12481=CARTESIAN_POINT('',(313.524726873,816.063947069,9.813374675));
#12482=CARTESIAN_POINT('',(313.431529292,816.063916202,9.811246854));
#12483=CARTESIAN_POINT('',(314.147510959,816.399759063,9.102322391));
#12484=CARTESIAN_POINT('',(314.147926639,816.40139559,9.195794022));
#12485=CARTESIAN_POINT('',(314.129367665,816.403032896,9.289310171));
#12486=CARTESIAN_POINT('',(314.057209582,816.406052415,9.461772576));
#12487=CARTESIAN_POINT('',(314.003641227,816.407433341,9.540645327));
#12488=CARTESIAN_POINT('',(313.869922887,816.409721061,9.671310392));
#12489=CARTESIAN_POINT('',(313.789829894,816.410626879,9.723047016));
#12490=CARTESIAN_POINT('',(313.61573107,816.411820446,9.791218581));
#12491=CARTESIAN_POINT('',(313.521799441,816.412107685,9.807624467));
#12492=CARTESIAN_POINT('',(313.428347625,816.412062866,9.80506462));
#12493=B_SPLINE_SURFACE_WITH_KNOTS('',3,3,((#12353,#12354,#12355,#12356,#12357,#12358,#12359,#12360,#12361,#12362),(#12363,#12364,#12365,#12366,#12367,#12368,#12369,#12370,#12371,#12372),(#12373,#12374,#12375,#12376,#12377,#12378,#12379,#12380,#12381,#12382),(#12383,#12384,#12385,#12386,#12387,#12388,#12389,#12390,#12391,#12392),(#12393,#12394,#12395,#12396,#12397,#12398,#12399,#12400,#12401,#12402),(#12403,#12404,#12405,#12406,#12407,#12408,#12409,#12410,#12411,#12412),(#12413,#12414,#12415,#12416,#12417,#12418,#12419,#12420,#12421,#12422),(#12423,#12424,#12425,#12426,#12427,#12428,#12429,#12430,#12431,#12432),(#12433,#12434,#12435,#12436,#12437,#12438,#12439,#12440,#12441,#12442),(#12443,#12444,#12445,#12446,#12447,#12448,#12449,#12450,#12451,#12452),(#12453,#12454,#12455,#12456,#12457,#12458,#12459,#12460,#12461,#12462),(#12463,#12464,#12465,#12466,#12467,#12468,#12469,#12470,#12471,#12472),(#12473,#12474,#12475,#12476,#12477,#12478,#12479,#12480,#12481,#12482),(#12483,#12484,#12485,#12486,#12487,#12488,#12489,#12490,#12491,#12492)),.UNSPECIFIED.,.F.,.F.,.U.,(4,2,2,2,2,2,4),(4,2,2,2,4),(0.043249294,0.047545909,0.051842524,0.053990832,0.05613914,0.058287447,0.059326825),(-0.002782162,0.247913378,0.498608919,0.749304459,1.),.UNSPECIFIED.);
#12494=ORIENTED_EDGE('',*,*,#12295,.T.);
#12495=ORIENTED_EDGE('',*,*,#995,.F.);
#12496=CARTESIAN_POINT('',(314.029541137,800.320975331,9.518463862));
#12497=VERTEX_POINT('',#12496);
#12498=CARTESIAN_POINT('',(313.447517879,800.322601402,9.129559911));
#12499=DIRECTION('',(-0.,-0.999991259,-0.004181127));
#12500=DIRECTION('',(0.,-0.004181127,0.999991259));
#12501=AXIS2_PLACEMENT_3D('',#12498,#12499,#12500);
#12502=CIRCLE('',#12501,0.7);
#12503=EDGE_CURVE('',#12497,#965,#12502,.T.);
#12504=ORIENTED_EDGE('',*,*,#12503,.F.);
#12505=CARTESIAN_POINT('',(313.447517879,800.322601402,9.129559911));
#12506=DIRECTION('',(-0.,-0.999991259,-0.004181127));
#12507=DIRECTION('',(0.,-0.004181127,0.999991259));
#12508=AXIS2_PLACEMENT_3D('',#12505,#12506,#12507);
#12509=CIRCLE('',#12508,0.7);
#12510=EDGE_CURVE('',#287,#12497,#12509,.T.);
#12511=ORIENTED_EDGE('',*,*,#12510,.F.);
#12512=ORIENTED_EDGE('',*,*,#316,.F.);
#12513=EDGE_LOOP('',(#12494,#12495,#12504,#12511,#12512));
#12514=FACE_BOUND('',#12513,.T.);
#12515=ADVANCED_FACE('',(#12514),#12493,.T.);
#12516=CARTESIAN_POINT('',(327.37079202,824.438419623,0.526508956));
#12517=DIRECTION('',(0.,0.,1.));
#12518=DIRECTION('',(1.,0.,-0.));
#12519=AXIS2_PLACEMENT_3D('',#12516,#12517,#12518);
#12520=SPHERICAL_SURFACE('',#12519,0.7);
#12521=CARTESIAN_POINT('',(327.37079202,824.438419623,0.526508956));
#12522=DIRECTION('',(-0.,1.,-0.));
#12523=DIRECTION('',(1.,0.,0.));
#12524=AXIS2_PLACEMENT_3D('',#12521,#12522,#12523);
#12525=CIRCLE('',#12524,0.7);
#12526=EDGE_CURVE('',#12316,#352,#12525,.T.);
#12527=ORIENTED_EDGE('',*,*,#12526,.T.);
#12528=ORIENTED_EDGE('',*,*,#12347,.T.);
#12529=ORIENTED_EDGE('',*,*,#12329,.T.);
#12530=EDGE_LOOP('',(#12527,#12528,#12529));
#12531=FACE_BOUND('',#12530,.T.);
#12532=ADVANCED_FACE('',(#12531),#12520,.T.);
#12533=CARTESIAN_POINT('',(313.447517879,800.322601402,9.129559911));
#12534=DIRECTION('',(0.,0.,1.));
#12535=DIRECTION('',(1.,0.,-0.));
#12536=AXIS2_PLACEMENT_3D('',#12533,#12534,#12535);
#12537=SPHERICAL_SURFACE('',#12536,0.7);
#12538=CARTESIAN_POINT('',(313.447517879,800.322601402,9.129559911));
#12539=DIRECTION('',(0.,-0.,-1.));
#12540=DIRECTION('',(1.,0.,0.));
#12541=AXIS2_PLACEMENT_3D('',#12538,#12539,#12540);
#12542=CIRCLE('',#12541,0.7);
#12543=EDGE_CURVE('',#287,#113,#12542,.T.);
#12544=ORIENTED_EDGE('',*,*,#12543,.F.);
#12545=ORIENTED_EDGE('',*,*,#12510,.T.);
#12546=ORIENTED_EDGE('',*,*,#12503,.T.);
#12547=ORIENTED_EDGE('',*,*,#1537,.F.);
#12548=EDGE_LOOP('',(#12544,#12545,#12546,#12547));
#12549=FACE_BOUND('',#12548,.T.);
#12550=ADVANCED_FACE('',(#12549),#12537,.T.);
#12551=CARTESIAN_POINT('',(310.577962445,814.743074947,0.526508956));
#12552=DIRECTION('',(-0.866025404,-0.5,-0.));
#12553=DIRECTION('',(-0.5,0.866025404,-0.));
#12554=AXIS2_PLACEMENT_3D('',#12551,#12552,#12553);
#12555=CYLINDRICAL_SURFACE('',#12554,0.7);
#12556=CARTESIAN_POINT('',(327.37079202,824.438419623,0.526508956));
#12557=DIRECTION('',(-0.866025404,-0.5,-0.));
#12558=DIRECTION('',(0.5,-0.866025404,-0.));
#12559=AXIS2_PLACEMENT_3D('',#12556,#12557,#12558);
#12560=CIRCLE('',#12559,0.7);
#12561=EDGE_CURVE('',#352,#1580,#12560,.T.);
#12562=ORIENTED_EDGE('',*,*,#12561,.T.);
#12563=ORIENTED_EDGE('',*,*,#1585,.F.);
#12564=CARTESIAN_POINT('',(313.447517879,816.399813549,0.526508956));
#12565=DIRECTION('',(-0.5,-0.866025404,-0.));
#12566=DIRECTION('',(0.866025404,-0.5,0.));
#12567=AXIS2_PLACEMENT_3D('',#12564,#12565,#12566);
#12568=ELLIPSE('',#12567,0.808290377,0.7);
#12569=EDGE_CURVE('',#360,#297,#12568,.T.);
#12570=ORIENTED_EDGE('',*,*,#12569,.F.);
#12571=ORIENTED_EDGE('',*,*,#365,.F.);
#12572=EDGE_LOOP('',(#12562,#12563,#12570,#12571));
#12573=FACE_BOUND('',#12572,.T.);
#12574=ADVANCED_FACE('',(#12573),#12555,.T.);
#12575=CARTESIAN_POINT('',(313.447517879,800.322601402,9.826508956));
#12576=DIRECTION('',(-0.,0.,1.));
#12577=DIRECTION('',(1.,0.,0.));
#12578=AXIS2_PLACEMENT_3D('',#12575,#12576,#12577);
#12579=CYLINDRICAL_SURFACE('',#12578,0.7);
#12580=ORIENTED_EDGE('',*,*,#12543,.T.);
#12581=ORIENTED_EDGE('',*,*,#142,.F.);
#12582=CARTESIAN_POINT('',(313.447517879,800.322601402,0.526508956));
#12583=DIRECTION('',(0.,-0.,-1.));
#12584=DIRECTION('',(1.,0.,0.));
#12585=AXIS2_PLACEMENT_3D('',#12582,#12583,#12584);
#12586=CIRCLE('',#12585,0.7);
#12587=EDGE_CURVE('',#289,#131,#12586,.T.);
#12588=ORIENTED_EDGE('',*,*,#12587,.F.);
#12589=ORIENTED_EDGE('',*,*,#294,.F.);
#12590=EDGE_LOOP('',(#12580,#12581,#12588,#12589));
#12591=FACE_BOUND('',#12590,.T.);
#12592=ADVANCED_FACE('',(#12591),#12579,.T.);
#12593=CARTESIAN_POINT('',(313.447517879,850.995668361,0.526508956));
#12594=DIRECTION('',(-0.,-1.,-0.));
#12595=DIRECTION('',(-1.,0.,-0.));
#12596=AXIS2_PLACEMENT_3D('',#12593,#12594,#12595);
#12597=CYLINDRICAL_SURFACE('',#12596,0.7);
#12598=ORIENTED_EDGE('',*,*,#12569,.T.);
#12599=ORIENTED_EDGE('',*,*,#302,.F.);
#12600=CARTESIAN_POINT('',(313.447517879,800.322601402,0.526508956));
#12601=DIRECTION('',(-0.,-1.,-0.));
#12602=DIRECTION('',(1.,-0.,0.));
#12603=AXIS2_PLACEMENT_3D('',#12600,#12601,#12602);
#12604=CIRCLE('',#12603,0.7);
#12605=EDGE_CURVE('',#368,#289,#12604,.T.);
#12606=ORIENTED_EDGE('',*,*,#12605,.F.);
#12607=ORIENTED_EDGE('',*,*,#373,.F.);
#12608=EDGE_LOOP('',(#12598,#12599,#12606,#12607));
#12609=FACE_BOUND('',#12608,.T.);
#12610=ADVANCED_FACE('',(#12609),#12597,.T.);
#12611=CARTESIAN_POINT('',(304.339977779,800.313905749,9.835564607));
#12612=CARTESIAN_POINT('',(304.248219244,800.31391787,9.834576241));
#12613=CARTESIAN_POINT('',(304.156693852,800.314154052,9.815317559));
#12614=CARTESIAN_POINT('',(303.987944137,800.315038841,9.743170665));
#12615=CARTESIAN_POINT('',(303.910786597,800.315687097,9.690311005));
#12616=CARTESIAN_POINT('',(303.782569116,800.317297341,9.559009412));
#12617=CARTESIAN_POINT('',(303.731559919,800.318258693,9.480619442));
#12618=CARTESIAN_POINT('',(303.66345105,800.32034854,9.31021041));
#12619=CARTESIAN_POINT('',(303.646378332,800.321476208,9.21825879));
#12620=CARTESIAN_POINT('',(303.647577668,800.322601393,9.126509667));
#12621=CARTESIAN_POINT('',(304.324169185,801.79584548,9.853568347));
#12622=CARTESIAN_POINT('',(304.233761393,801.795880731,9.850522052));
#12623=CARTESIAN_POINT('',(304.143991022,801.796094458,9.829745749));
#12624=CARTESIAN_POINT('',(303.978903113,801.796847565,9.75579125));
#12625=CARTESIAN_POINT('',(303.903647056,801.797386668,9.702640674));
#12626=CARTESIAN_POINT('',(303.778756237,801.798711256,9.571800888));
#12627=CARTESIAN_POINT('',(303.729167973,801.799496254,9.49416046));
#12628=CARTESIAN_POINT('',(303.662983199,801.801197109,9.325839177));
#12629=CARTESIAN_POINT('',(303.646411326,801.802112342,9.235221046));
#12630=CARTESIAN_POINT('',(303.647575937,801.80302562,9.144797581));
#12631=CARTESIAN_POINT('',(304.310760392,803.277630711,9.866490294));
#12632=CARTESIAN_POINT('',(304.221570256,803.27767211,9.861792429));
#12633=CARTESIAN_POINT('',(304.133323255,803.277855788,9.839824092));
#12634=CARTESIAN_POINT('',(303.971362499,803.278481488,9.764496953));
#12635=CARTESIAN_POINT('',(303.897706229,803.27892329,9.711164906));
#12636=CARTESIAN_POINT('',(303.775597398,803.28000176,9.580808549));
#12637=CARTESIAN_POINT('',(303.727188174,803.280638048,9.50383052));
#12638=CARTESIAN_POINT('',(303.662597344,803.282013949,9.337307656));
#12639=CARTESIAN_POINT('',(303.646438661,803.282753078,9.247821935));
#12640=CARTESIAN_POINT('',(303.647574499,803.283490658,9.158524464));
#12641=CARTESIAN_POINT('',(304.29401892,806.242133615,9.882632761));
#12642=CARTESIAN_POINT('',(304.206372493,806.242158591,9.875906596));
#12643=CARTESIAN_POINT('',(304.120038512,806.242238646,9.8524831));
#12644=CARTESIAN_POINT('',(303.961988665,806.242497905,9.775497524));
#12645=CARTESIAN_POINT('',(303.890325446,806.242677025,9.721961109));
#12646=CARTESIAN_POINT('',(303.771677184,806.243109646,9.59223965));
#12647=CARTESIAN_POINT('',(303.72473166,806.243363007,9.516097831));
#12648=CARTESIAN_POINT('',(303.662118874,806.243909048,9.351830311));
#12649=CARTESIAN_POINT('',(303.646472466,806.244201551,9.263759338));
#12650=CARTESIAN_POINT('',(303.647572725,806.244493461,9.175868708));
#12651=CARTESIAN_POINT('',(304.290983305,807.724966962,9.885661162));
#12652=CARTESIAN_POINT('',(304.203624136,807.72496318,9.87857743));
#12653=CARTESIAN_POINT('',(304.117640507,807.724960007,9.854900104));
#12654=CARTESIAN_POINT('',(303.960301849,807.724955138,9.777630355));
#12655=CARTESIAN_POINT('',(303.888998639,807.724953442,9.724063394));
#12656=CARTESIAN_POINT('',(303.770973787,807.72495134,9.59446585));
#12657=CARTESIAN_POINT('',(303.724291013,807.72495093,9.518477957));
#12658=CARTESIAN_POINT('',(303.662033097,807.724950846,9.354621272));
#12659=CARTESIAN_POINT('',(303.646478458,807.724951166,9.266806449));
#12660=CARTESIAN_POINT('',(303.647572414,807.724951477,9.179170577));
#12661=CARTESIAN_POINT('',(304.301033222,809.950935796,9.876348388));
#12662=CARTESIAN_POINT('',(304.212739157,809.950895244,9.870470937));
#12663=CARTESIAN_POINT('',(304.125603231,809.950740684,9.847656106));
#12664=CARTESIAN_POINT('',(303.965914499,809.950225264,9.771363851));
#12665=CARTESIAN_POINT('',(303.893416361,809.949864579,9.717912549));
#12666=CARTESIAN_POINT('',(303.773318632,809.948987933,9.587924617));
#12667=CARTESIAN_POINT('',(303.725760155,809.948472271,9.511432489));
#12668=CARTESIAN_POINT('',(303.662319103,809.947358714,9.346220485));
#12669=CARTESIAN_POINT('',(303.646458245,809.946761198,9.257557169));
#12670=CARTESIAN_POINT('',(303.647573475,809.946164918,9.169077519));
#12671=CARTESIAN_POINT('',(304.30684236,810.693194204,9.870973215));
#12672=CARTESIAN_POINT('',(304.218008801,810.693143077,9.865794487));
#12673=CARTESIAN_POINT('',(304.130207229,810.692934396,9.843479603));
#12674=CARTESIAN_POINT('',(303.969160329,810.692231494,9.767754722));
#12675=CARTESIAN_POINT('',(303.89597132,810.691737516,9.714371228));
#12676=CARTESIAN_POINT('',(303.774674921,810.690534436,9.584159042));
#12677=CARTESIAN_POINT('',(303.726609946,810.68982575,9.507375902));
#12678=CARTESIAN_POINT('',(303.662484551,810.688294388,9.341381068));
#12679=CARTESIAN_POINT('',(303.646446554,810.687472242,9.252227436));
#12680=CARTESIAN_POINT('',(303.647574088,810.686651807,9.163260198));
#12681=CARTESIAN_POINT('',(304.319574083,811.807364434,9.857832566));
#12682=CARTESIAN_POINT('',(304.229595566,811.807313786,9.854236034));
#12683=CARTESIAN_POINT('',(304.140353038,811.807019873,9.833068107));
#12684=CARTESIAN_POINT('',(303.976340306,811.805988302,9.758673648));
#12685=CARTESIAN_POINT('',(303.901630299,811.805251022,9.705474426));
#12686=CARTESIAN_POINT('',(303.777686215,811.803440789,9.574822147));
#12687=CARTESIAN_POINT('',(303.728497627,811.802368499,9.497417046));
#12688=CARTESIAN_POINT('',(303.662852751,811.800045648,9.329725095));
#12689=CARTESIAN_POINT('',(303.646420555,811.798795939,9.239499794));
#12690=CARTESIAN_POINT('',(303.647575452,811.797548893,9.149466994));
#12691=CARTESIAN_POINT('',(304.324480293,812.178886682,9.852591334));
#12692=CARTESIAN_POINT('',(304.234065266,812.178839041,9.849610874));
#12693=CARTESIAN_POINT('',(304.144269713,812.178516099,9.828891355));
#12694=CARTESIAN_POINT('',(303.979115451,812.177367037,9.755020479));
#12695=CARTESIAN_POINT('',(303.903818463,812.176541346,9.701896738));
#12696=CARTESIAN_POINT('',(303.778851497,812.174508865,9.571081312));
#12697=CARTESIAN_POINT('',(303.72922822,812.173302832,9.493438522));
#12698=CARTESIAN_POINT('',(303.662995341,812.170688231,9.325094907));
#12699=CARTESIAN_POINT('',(303.64641049,812.169280637,9.234456999));
#12700=CARTESIAN_POINT('',(303.64757598,812.167876066,9.144013963));
#12701=CARTESIAN_POINT('',(304.335554184,812.922271208,9.839923462));
#12702=CARTESIAN_POINT('',(304.244172627,812.92223969,9.838358109));
#12703=CARTESIAN_POINT('',(304.153137857,812.921859098,9.81867573));
#12704=CARTESIAN_POINT('',(303.985412515,812.920456793,9.746029251));
#12705=CARTESIAN_POINT('',(303.908787237,812.919435626,9.693093442));
#12706=CARTESIAN_POINT('',(303.78150118,812.91690625,9.561935057));
#12707=CARTESIAN_POINT('',(303.730889951,812.915399025,9.483763548));
#12708=CARTESIAN_POINT('',(303.663320001,812.912125298,9.313958076));
#12709=CARTESIAN_POINT('',(303.646387582,812.910360068,9.22239022));
#12710=CARTESIAN_POINT('',(303.647577182,812.908598697,9.131022643));
#12711=CARTESIAN_POINT('',(304.341701235,813.292465903,9.832367312));
#12712=CARTESIAN_POINT('',(304.249791465,813.292454331,9.831598249));
#12713=CARTESIAN_POINT('',(304.158072813,813.292094473,9.812501642));
#12714=CARTESIAN_POINT('',(303.988922712,813.290732879,9.740549961));
#12715=CARTESIAN_POINT('',(303.911558597,813.289731687,9.687723544));
#12716=CARTESIAN_POINT('',(303.782980647,813.287240646,9.556379302));
#12717=CARTESIAN_POINT('',(303.731817994,813.285751793,9.477913772));
#12718=CARTESIAN_POINT('',(303.663501466,813.282513639,9.307292202));
#12719=CARTESIAN_POINT('',(303.646374783,813.280765633,9.215204088));
#12720=CARTESIAN_POINT('',(303.647577854,813.279021495,9.123319292));
#12721=CARTESIAN_POINT('',(304.352506329,813.883402757,9.823148555));
#12722=CARTESIAN_POINT('',(304.259690451,813.88341278,9.823807929));
#12723=CARTESIAN_POINT('',(304.166780556,813.883169605,9.805768977));
#12724=CARTESIAN_POINT('',(303.99513271,813.88221449,9.735083026));
#12725=CARTESIAN_POINT('',(303.916465836,813.881502947,9.682465304));
#12726=CARTESIAN_POINT('',(303.785604665,813.879721991,9.550813229));
#12727=CARTESIAN_POINT('',(303.733464556,813.878653316,9.471833397));
#12728=CARTESIAN_POINT('',(303.663823834,813.876324929,9.29977332));
#12729=CARTESIAN_POINT('',(303.646352059,813.875066182,9.206764328));
#12730=CARTESIAN_POINT('',(303.647579046,813.873810263,9.113964084));
#12731=CARTESIAN_POINT('',(304.356791952,814.105619671,9.82036152));
#12732=CARTESIAN_POINT('',(304.263620925,814.105636252,9.821593398));
#12733=CARTESIAN_POINT('',(304.170240596,814.105454735,9.803979452));
#12734=CARTESIAN_POINT('',(303.997603316,814.104723807,9.733803789));
#12735=CARTESIAN_POINT('',(303.918418959,814.104174706,9.68127159));
#12736=CARTESIAN_POINT('',(303.786649853,814.102795095,9.549499838));
#12737=CARTESIAN_POINT('',(303.734120511,814.101965171,9.470315701));
#12738=CARTESIAN_POINT('',(303.663952334,814.100154937,9.297682495));
#12739=CARTESIAN_POINT('',(303.646343003,814.099175398,9.204306023));
#12740=CARTESIAN_POINT('',(303.647579521,814.09819808,9.111140473));
#12741=CARTESIAN_POINT('',(304.361305768,814.327105606,9.818863422));
#12742=CARTESIAN_POINT('',(304.267767047,814.327119451,9.820706069));
#12743=CARTESIAN_POINT('',(304.173894348,814.327010774,9.803548254));
#12744=CARTESIAN_POINT('',(304.000216871,814.326565336,9.73392541));
#12745=CARTESIAN_POINT('',(303.920486327,814.326228767,9.681490144));
#12746=CARTESIAN_POINT('',(303.787757411,814.325380902,9.54960332));
#12747=CARTESIAN_POINT('',(303.73481577,814.324869972,9.470208138));
#12748=CARTESIAN_POINT('',(303.664088649,814.323754661,9.296977638));
#12749=CARTESIAN_POINT('',(303.6463334,814.323150761,9.203216367));
#12750=CARTESIAN_POINT('',(303.647580025,814.32254824,9.109668323));
#12751=B_SPLINE_SURFACE_WITH_KNOTS('',3,3,((#12611,#12612,#12613,#12614,#12615,#12616,#12617,#12618,#12619,#12620),(#12621,#12622,#12623,#12624,#12625,#12626,#12627,#12628,#12629,#12630),(#12631,#12632,#12633,#12634,#12635,#12636,#12637,#12638,#12639,#12640),(#12641,#12642,#12643,#12644,#12645,#12646,#12647,#12648,#12649,#12650),(#12651,#12652,#12653,#12654,#12655,#12656,#12657,#12658,#12659,#12660),(#12661,#12662,#12663,#12664,#12665,#12666,#12667,#12668,#12669,#12670),(#12671,#12672,#12673,#12674,#12675,#12676,#12677,#12678,#12679,#12680),(#12681,#12682,#12683,#12684,#12685,#12686,#12687,#12688,#12689,#12690),(#12691,#12692,#12693,#12694,#12695,#12696,#12697,#12698,#12699,#12700),(#12701,#12702,#12703,#12704,#12705,#12706,#12707,#12708,#12709,#12710),(#12711,#12712,#12713,#12714,#12715,#12716,#12717,#12718,#12719,#12720),(#12721,#12722,#12723,#12724,#12725,#12726,#12727,#12728,#12729,#12730),(#12731,#12732,#12733,#12734,#12735,#12736,#12737,#12738,#12739,#12740),(#12741,#12742,#12743,#12744,#12745,#12746,#12747,#12748,#12749,#12750)),.UNSPECIFIED.,.F.,.F.,.U.,(4,2,2,2,2,2,4),(4,2,2,2,4),(0.055086626,0.059528311,0.063969995,0.066190837,0.067301258,0.068411679,0.069084443),(0.,0.252094532,0.504189064,0.756283596,1.008378127),.UNSPECIFIED.);
#12752=CARTESIAN_POINT('',(304.347517879,800.322601402,9.135659224));
#12753=DIRECTION('',(-0.,-0.999924811,-0.012262604));
#12754=DIRECTION('',(0.,0.012262604,-0.999924811));
#12755=AXIS2_PLACEMENT_3D('',#12752,#12753,#12754);
#12756=CIRCLE('',#12755,0.7);
#12757=EDGE_CURVE('',#944,#11346,#12756,.T.);
#12758=ORIENTED_EDGE('',*,*,#12757,.F.);
#12759=ORIENTED_EDGE('',*,*,#962,.F.);
#12760=CARTESIAN_POINT('',(303.647518157,813.622648429,9.126509501));
#12761=CARTESIAN_POINT('',(303.647416458,813.621327763,9.240475485));
#12762=CARTESIAN_POINT('',(303.676068293,813.648799113,9.350230015));
#12763=CARTESIAN_POINT('',(303.722989177,813.694674959,9.442225837));
#12764=CARTESIAN_POINT('',(303.769910062,813.740550805,9.534221659));
#12765=CARTESIAN_POINT('',(303.833076756,813.802819152,9.607580164));
#12766=CARTESIAN_POINT('',(303.902331449,813.871302727,9.663747914));
#12767=CARTESIAN_POINT('',(303.971586142,813.939786303,9.719915664));
#12768=CARTESIAN_POINT('',(304.046553179,814.01411069,9.759059907));
#12769=CARTESIAN_POINT('',(304.124420519,814.091443049,9.784443572));
#12770=CARTESIAN_POINT('',(304.202287859,814.168775407,9.809827238));
#12771=CARTESIAN_POINT('',(304.281326916,814.247397155,9.820910041));
#12772=CARTESIAN_POINT('',(304.361315921,814.327105334,9.818820032));
#12773=B_SPLINE_CURVE_WITH_KNOTS('',3,(#12760,#12761,#12762,#12763,#12764,#12765,#12766,#12767,#12768,#12769,#12770,#12771,#12772),.UNSPECIFIED.,.F.,.F.,(4,3,3,3,4),(0.000647151,0.000983185,0.001319218,0.001655251,0.001991284),.UNSPECIFIED.);
#12774=EDGE_CURVE('',#11330,#914,#12773,.T.);
#12775=ORIENTED_EDGE('',*,*,#12774,.F.);
#12776=ORIENTED_EDGE('',*,*,#11357,.F.);
#12777=EDGE_LOOP('',(#12758,#12759,#12775,#12776));
#12778=FACE_BOUND('',#12777,.T.);
#12779=ADVANCED_FACE('',(#12778),#12751,.T.);
#12780=CARTESIAN_POINT('',(304.347517879,800.322601402,9.135659224));
#12781=DIRECTION('',(0.,0.,1.));
#12782=DIRECTION('',(1.,0.,-0.));
#12783=AXIS2_PLACEMENT_3D('',#12780,#12781,#12782);
#12784=SPHERICAL_SURFACE('',#12783,0.7);
#12785=ORIENTED_EDGE('',*,*,#1529,.F.);
#12786=ORIENTED_EDGE('',*,*,#12757,.T.);
#12787=CARTESIAN_POINT('',(304.347517879,800.322601402,9.135659224));
#12788=DIRECTION('',(0.,0.,-1.));
#12789=DIRECTION('',(1.,0.,0.));
#12790=AXIS2_PLACEMENT_3D('',#12787,#12788,#12789);
#12791=CIRCLE('',#12790,0.7);
#12792=EDGE_CURVE('',#115,#11346,#12791,.T.);
#12793=ORIENTED_EDGE('',*,*,#12792,.F.);
#12794=EDGE_LOOP('',(#12785,#12786,#12793));
#12795=FACE_BOUND('',#12794,.T.);
#12796=ADVANCED_FACE('',(#12795),#12784,.T.);
#12797=CARTESIAN_POINT('',(313.447517879,800.322601402,0.526508956));
#12798=DIRECTION('',(0.,0.,1.));
#12799=DIRECTION('',(1.,0.,-0.));
#12800=AXIS2_PLACEMENT_3D('',#12797,#12798,#12799);
#12801=SPHERICAL_SURFACE('',#12800,0.7);
#12802=ORIENTED_EDGE('',*,*,#12605,.T.);
#12803=ORIENTED_EDGE('',*,*,#12587,.T.);
#12804=CARTESIAN_POINT('',(313.447517879,800.322601402,0.526508956));
#12805=DIRECTION('',(-1.,0.,-0.));
#12806=DIRECTION('',(0.,1.,0.));
#12807=AXIS2_PLACEMENT_3D('',#12804,#12805,#12806);
#12808=CIRCLE('',#12807,0.7);
#12809=EDGE_CURVE('',#368,#131,#12808,.T.);
#12810=ORIENTED_EDGE('',*,*,#12809,.F.);
#12811=EDGE_LOOP('',(#12802,#12803,#12810));
#12812=FACE_BOUND('',#12811,.T.);
#12813=ADVANCED_FACE('',(#12812),#12801,.T.);
#12814=CARTESIAN_POINT('',(304.361436676,814.327010727,9.818935755));
#12815=CARTESIAN_POINT('',(304.361447526,814.234327393,9.819517009));
#12816=CARTESIAN_POINT('',(304.36108783,814.141565685,9.801456306));
#12817=CARTESIAN_POINT('',(304.359682796,813.970182286,9.730835072));
#12818=CARTESIAN_POINT('',(304.358638035,813.89163116,9.678303624));
#12819=CARTESIAN_POINT('',(304.35602499,813.760916545,9.546895769));
#12820=CARTESIAN_POINT('',(304.354457782,813.708806875,9.46807347));
#12821=CARTESIAN_POINT('',(304.351043423,813.639114049,9.296340751));
#12822=CARTESIAN_POINT('',(304.349197677,813.621559586,9.203501041));
#12823=CARTESIAN_POINT('',(304.347355531,813.622649834,9.110842462));
#12824=CARTESIAN_POINT('',(304.112086971,814.321968983,9.823867364));
#12825=CARTESIAN_POINT('',(304.11208572,814.229705157,9.823779112));
#12826=CARTESIAN_POINT('',(304.111683065,814.137497246,9.80522142));
#12827=CARTESIAN_POINT('',(304.11013652,813.967277282,9.734002916));
#12828=CARTESIAN_POINT('',(304.108993256,813.889334033,9.681370903));
#12829=CARTESIAN_POINT('',(304.106141467,813.759685958,9.550101329));
#12830=CARTESIAN_POINT('',(304.104434097,813.708033535,9.471516837));
#12831=CARTESIAN_POINT('',(304.100717308,813.638961146,9.300452111));
#12832=CARTESIAN_POINT('',(304.098709393,813.621569098,9.208041027));
#12833=CARTESIAN_POINT('',(304.096705368,813.622649392,9.115808909));
#12834=CARTESIAN_POINT('',(303.862751823,814.316160043,9.829406357));
#12835=CARTESIAN_POINT('',(303.86273324,814.224387363,9.828556742));
#12836=CARTESIAN_POINT('',(303.862283611,814.132821312,9.809436611));
#12837=CARTESIAN_POINT('',(303.860590323,813.963944151,9.737547035));
#12838=CARTESIAN_POINT('',(303.859347335,813.886699871,9.684806053));
#12839=CARTESIAN_POINT('',(303.856256754,813.758276321,9.553705323));
#12840=CARTESIAN_POINT('',(303.854410386,813.707147869,9.475397464));
#12841=CARTESIAN_POINT('',(303.850394849,813.638786177,9.305104816));
#12842=CARTESIAN_POINT('',(303.848227272,813.621579987,9.213187423));
#12843=CARTESIAN_POINT('',(303.846063861,813.622648886,9.121446521));
#12844=CARTESIAN_POINT('',(302.952169389,814.291831624,9.851947687));
#12845=CARTESIAN_POINT('',(302.952061248,814.202160798,9.84796749));
#12846=CARTESIAN_POINT('',(302.951432213,814.113304704,9.826550516));
#12847=CARTESIAN_POINT('',(302.949223954,813.950064692,9.751948665));
#12848=CARTESIAN_POINT('',(302.947645537,813.875739655,9.698790793));
#12849=CARTESIAN_POINT('',(302.943769588,813.75241975,9.568451297));
#12850=CARTESIAN_POINT('',(302.94147347,813.703469349,9.491316755));
#12851=CARTESIAN_POINT('',(302.936498607,813.638060275,9.324270696));
#12852=CARTESIAN_POINT('',(302.933821676,813.621625183,9.234419481));
#12853=CARTESIAN_POINT('',(302.931149719,813.622646785,9.144734511));
#12854=CARTESIAN_POINT('',(302.290090221,814.268825097,9.871990176));
#12855=CARTESIAN_POINT('',(302.289871081,814.181235592,9.865169172));
#12856=CARTESIAN_POINT('',(302.28910461,814.094987738,9.841701227));
#12857=CARTESIAN_POINT('',(302.28658393,813.937106531,9.764736496));
#12858=CARTESIAN_POINT('',(302.28483056,813.865525207,9.711265228));
#12859=CARTESIAN_POINT('',(302.280581309,813.746979889,9.581755194));
#12860=CARTESIAN_POINT('',(302.278086838,813.70005494,9.50575922));
#12861=CARTESIAN_POINT('',(302.272704316,813.637388216,9.341806864));
#12862=CARTESIAN_POINT('',(302.269818049,813.621667075,9.253904594));
#12863=CARTESIAN_POINT('',(302.266936941,813.622644837,9.166159137));
#12864=CARTESIAN_POINT('',(300.963729566,814.217477797,9.91171125));
#12865=CARTESIAN_POINT('',(300.963280978,814.134916697,9.899106037));
#12866=CARTESIAN_POINT('',(300.962295538,814.054671162,9.87160562));
#12867=CARTESIAN_POINT('',(300.959375296,813.908858448,9.790277559));
#12868=CARTESIAN_POINT('',(300.957441289,813.843330457,9.736471941));
#12869=CARTESIAN_POINT('',(300.952868717,813.73523193,9.609328607));
#12870=CARTESIAN_POINT('',(300.950231392,813.692690424,9.536025184));
#12871=CARTESIAN_POINT('',(300.944585988,813.635945439,9.379142009));
#12872=CARTESIAN_POINT('',(300.941579437,813.621757193,9.295604509));
#12873=CARTESIAN_POINT('',(300.938577823,813.622640648,9.212203883));
#12874=CARTESIAN_POINT('',(300.299459699,814.189179802,9.931264302));
#12875=CARTESIAN_POINT('',(300.298897305,814.109565396,9.915729442));
#12876=CARTESIAN_POINT('',(300.297833415,814.032710427,9.886258763));
#12877=CARTESIAN_POINT('',(300.294828835,813.893598063,9.802946994));
#12878=CARTESIAN_POINT('',(300.292888865,813.83137389,9.749125944));
#12879=CARTESIAN_POINT('',(300.288362933,813.728936925,9.623526168));
#12880=CARTESIAN_POINT('',(300.285778053,813.688748581,9.551777548));
#12881=CARTESIAN_POINT('',(300.280269763,813.635176386,9.398868891));
#12882=CARTESIAN_POINT('',(300.277347667,813.621805318,9.317745457));
#12883=CARTESIAN_POINT('',(300.274430119,813.62263841,9.236748423));
#12884=CARTESIAN_POINT('',(298.969397666,814.133366859,9.964748563));
#12885=CARTESIAN_POINT('',(298.968687723,814.059923399,9.944054831));
#12886=CARTESIAN_POINT('',(298.967565737,813.989919703,9.911284835));
#12887=CARTESIAN_POINT('',(298.964615661,813.864117631,9.825043531));
#12888=CARTESIAN_POINT('',(298.962788123,813.808342709,9.771588459));
#12889=CARTESIAN_POINT('',(298.958619523,813.716878533,9.649619834));
#12890=CARTESIAN_POINT('',(298.956279238,813.681206313,9.581129143));
#12891=CARTESIAN_POINT('',(298.951331554,813.633711216,9.436314042));
#12892=CARTESIAN_POINT('',(298.948725076,813.621897178,9.360016727));
#12893=CARTESIAN_POINT('',(298.946122245,813.62263414,9.283826291));
#12894=CARTESIAN_POINT('',(298.303695714,814.105978903,9.978723517));
#12895=CARTESIAN_POINT('',(298.302950233,814.035738128,9.955804863));
#12896=CARTESIAN_POINT('',(298.301844752,813.96917586,9.921705452));
#12897=CARTESIAN_POINT('',(298.299022487,813.849951168,9.83451212));
#12898=CARTESIAN_POINT('',(298.297306169,813.797308361,9.781432633));
#12899=CARTESIAN_POINT('',(298.293431592,813.711134618,9.66153737));
#12900=CARTESIAN_POINT('',(298.291273969,813.677617854,9.594741391));
#12901=CARTESIAN_POINT('',(298.286729632,813.633017266,9.454027618));
#12902=CARTESIAN_POINT('',(298.284343663,813.621940774,9.380133034));
#12903=CARTESIAN_POINT('',(298.281960843,813.622632113,9.306336311));
#12904=CARTESIAN_POINT('',(296.305914485,814.030604188,10.011231596));
#12905=CARTESIAN_POINT('',(296.30516924,813.969528272,9.982930446));
#12906=CARTESIAN_POINT('',(296.30420486,813.912592041,9.945854974));
#12907=CARTESIAN_POINT('',(296.301915182,813.811555847,9.85719357));
#12908=CARTESIAN_POINT('',(296.300590122,813.767466572,9.805617444));
#12909=CARTESIAN_POINT('',(296.297684334,813.69566593,9.692157551));
#12910=CARTESIAN_POINT('',(296.296103901,813.667962122,9.630286127));
#12911=CARTESIAN_POINT('',(296.292812072,813.631156158,9.501254641));
#12912=CARTESIAN_POINT('',(296.291101009,813.622057866,9.434108508));
#12913=CARTESIAN_POINT('',(296.289391791,813.62262667,9.367036652));
#12914=CARTESIAN_POINT('',(294.973509122,813.989971758,10.020210531));
#12915=CARTESIAN_POINT('',(294.972888729,813.934312954,9.990067348));
#12916=CARTESIAN_POINT('',(294.972117891,813.882775042,9.952359509));
#12917=CARTESIAN_POINT('',(294.97033015,813.79166047,9.864551454));
#12918=CARTESIAN_POINT('',(294.9693134,813.752091819,9.814459023));
#12919=CARTESIAN_POINT('',(294.967106369,813.687786252,9.705525454));
#12920=CARTESIAN_POINT('',(294.965916277,813.663054985,9.646693949));
#12921=CARTESIAN_POINT('',(294.963447431,813.630219126,9.524558239));
#12922=CARTESIAN_POINT('',(294.962168889,813.622117417,9.461264821));
#12923=CARTESIAN_POINT('',(294.960891602,813.622624044,9.398034667));
#12924=CARTESIAN_POINT('',(292.309371981,813.937449715,10.029208298));
#12925=CARTESIAN_POINT('',(292.309049531,813.888919014,9.99714095));
#12926=CARTESIAN_POINT('',(292.308671161,813.844410206,9.959021922));
#12927=CARTESIAN_POINT('',(292.307824687,813.766146535,9.873019622));
#12928=CARTESIAN_POINT('',(292.30735663,813.732396529,9.825141768));
#12929=CARTESIAN_POINT('',(292.306358047,813.677713859,9.722562946));
#12930=CARTESIAN_POINT('',(292.305827575,813.656784583,9.667868414));
#12931=CARTESIAN_POINT('',(292.304734957,813.629023151,9.555012098));
#12932=CARTESIAN_POINT('',(292.304172871,813.622192714,9.49685738));
#12933=CARTESIAN_POINT('',(292.30361124,813.62262024,9.438752304));
#12934=CARTESIAN_POINT('',(290.977345349,813.9244652,10.029874065));
#12935=CARTESIAN_POINT('',(290.97720833,813.877780204,9.997587072));
#12936=CARTESIAN_POINT('',(290.977045997,813.83504424,9.959596555));
#12937=CARTESIAN_POINT('',(290.976680499,813.759976116,9.874436557));
#12938=CARTESIAN_POINT('',(290.976477356,813.727648319,9.827272028));
#12939=CARTESIAN_POINT('',(290.976042542,813.675300698,9.726539807));
#12940=CARTESIAN_POINT('',(290.975810897,813.655283916,9.672977972));
#12941=CARTESIAN_POINT('',(290.975333112,813.628738015,9.562603775));
#12942=CARTESIAN_POINT('',(290.975087,813.622210441,9.505797831));
#12943=CARTESIAN_POINT('',(290.974841095,813.622619599,9.449038588));
#12944=CARTESIAN_POINT('',(288.311136279,813.93419645,10.028892843));
#12945=CARTESIAN_POINT('',(288.311456281,813.886153932,9.996848245));
#12946=CARTESIAN_POINT('',(288.311834805,813.842100083,9.958831372));
#12947=CARTESIAN_POINT('',(288.312686203,813.764642628,9.873160262));
#12948=CARTESIAN_POINT('',(288.313159024,813.731243847,9.825511363));
#12949=CARTESIAN_POINT('',(288.314170561,813.677132563,9.723478388));
#12950=CARTESIAN_POINT('',(288.314709215,813.656423431,9.669100669));
#12951=CARTESIAN_POINT('',(288.315819998,813.628954646,9.55692247));
#12952=CARTESIAN_POINT('',(288.316392059,813.622196705,9.499128979));
#12953=CARTESIAN_POINT('',(288.316963639,813.62262022,9.441384555));
#12954=CARTESIAN_POINT('',(286.978813993,813.956979045,10.027023983));
#12955=CARTESIAN_POINT('',(286.979324402,813.905726895,9.99547657));
#12956=CARTESIAN_POINT('',(286.97993471,813.858574073,9.957333951));
#12957=CARTESIAN_POINT('',(286.981316511,813.775515468,9.870358489));
#12958=CARTESIAN_POINT('',(286.982087914,813.73961545,9.821531849));
#12959=CARTESIAN_POINT('',(286.983743344,813.681391934,9.716385418));
#12960=CARTESIAN_POINT('',(286.984627264,813.659072468,9.660073065));
#12961=CARTESIAN_POINT('',(286.986452332,813.629458044,9.543633764));
#12962=CARTESIAN_POINT('',(286.987393362,813.622165135,9.48351502));
#12963=CARTESIAN_POINT('',(286.988333573,813.622621683,9.423450725));
#12964=CARTESIAN_POINT('',(284.981078993,814.010672956,10.01423302));
#12965=CARTESIAN_POINT('',(284.981755162,813.952311803,9.985150746));
#12966=CARTESIAN_POINT('',(284.982619913,813.898048978,9.947878067));
#12967=CARTESIAN_POINT('',(284.984660249,813.801893776,9.859826291));
#12968=CARTESIAN_POINT('',(284.985835631,813.760011042,9.809056062));
#12969=CARTESIAN_POINT('',(284.988406738,813.691856203,9.697938162));
#12970=CARTESIAN_POINT('',(284.989802206,813.665590931,9.637601666));
#12971=CARTESIAN_POINT('',(284.992706063,813.630704301,9.512019571));
#12972=CARTESIAN_POINT('',(284.994214163,813.62208644,9.446786594));
#12973=CARTESIAN_POINT('',(284.995720672,813.622625341,9.381622704));
#12974=CARTESIAN_POINT('',(284.315365442,814.031800035,10.008251679));
#12975=CARTESIAN_POINT('',(284.316072987,813.970698835,9.980295277));
#12976=CARTESIAN_POINT('',(284.317002207,813.913662818,9.943505634));
#12977=CARTESIAN_POINT('',(284.319228236,813.812367683,9.855270761));
#12978=CARTESIAN_POINT('',(284.320524796,813.768119945,9.803835522));
#12979=CARTESIAN_POINT('',(284.323379537,813.696027346,9.690530593));
#12980=CARTESIAN_POINT('',(284.324937399,813.668190579,9.628673697));
#12981=CARTESIAN_POINT('',(284.328187511,813.63120234,9.499598862));
#12982=CARTESIAN_POINT('',(284.329879399,813.622055021,9.432395479));
#12983=CARTESIAN_POINT('',(284.331569403,813.622626802,9.365267175));
#12984=CARTESIAN_POINT('',(282.984537853,814.077697403,9.991579984));
#12985=CARTESIAN_POINT('',(282.985250701,814.010862688,9.966568596));
#12986=CARTESIAN_POINT('',(282.986254216,813.947897851,9.931284797));
#12987=CARTESIAN_POINT('',(282.988750378,813.83548968,9.843424787));
#12988=CARTESIAN_POINT('',(282.990242667,813.786062464,9.790861243));
#12989=CARTESIAN_POINT('',(282.993578776,813.705299069,9.673303597));
#12990=CARTESIAN_POINT('',(282.995422119,813.673974464,9.608326408));
#12991=CARTESIAN_POINT('',(282.999290404,813.632314433,9.471949575));
#12992=CARTESIAN_POINT('',(283.001314794,813.621984976,9.400569532));
#12993=CARTESIAN_POINT('',(283.00333667,813.622630058,9.329278387));
#12994=CARTESIAN_POINT('',(282.319654964,814.102284415,9.98096264));
#12995=CARTESIAN_POINT('',(282.320333944,814.032481447,9.957760599));
#12996=CARTESIAN_POINT('',(282.321335433,813.966385724,9.923495456));
#12997=CARTESIAN_POINT('',(282.323885486,813.848049449,9.836194468));
#12998=CARTESIAN_POINT('',(282.325433636,813.795828008,9.783172832));
#12999=CARTESIAN_POINT('',(282.328925169,813.710364945,9.663566555));
#13000=CARTESIAN_POINT('',(282.330867988,813.677137114,9.597001316));
#13001=CARTESIAN_POINT('',(282.334958424,813.632924381,9.456842314));
#13002=CARTESIAN_POINT('',(282.33710538,813.621946611,9.383271254));
#13003=CARTESIAN_POINT('',(282.339249518,813.622631842,9.309796873));
#13004=CARTESIAN_POINT('',(280.990127384,814.151585861,9.955577655));
#13005=CARTESIAN_POINT('',(280.990712337,814.076092348,9.936498723));
#13006=CARTESIAN_POINT('',(280.991684573,814.00383611,9.904738936));
#13007=CARTESIAN_POINT('',(280.994297234,813.873679956,9.819337171));
#13008=CARTESIAN_POINT('',(280.995937127,813.815806498,9.765712654));
#13009=CARTESIAN_POINT('',(280.999705015,813.720779625,9.642477285));
#13010=CARTESIAN_POINT('',(281.001832244,813.683645515,9.572891562));
#13011=CARTESIAN_POINT('',(281.006341241,813.634184426,9.425382967));
#13012=CARTESIAN_POINT('',(281.008722093,813.621867492,9.347490143));
#13013=CARTESIAN_POINT('',(281.011099489,813.62263552,9.269710469));
#13014=CARTESIAN_POINT('',(280.325428266,814.176485001,9.940647503));
#13015=CARTESIAN_POINT('',(280.325950812,814.098247985,9.923895432));
#13016=CARTESIAN_POINT('',(280.326895828,814.02293918,9.893629955));
#13017=CARTESIAN_POINT('',(280.329521445,813.886847104,9.809572568));
#13018=CARTESIAN_POINT('',(280.331201447,813.826094677,9.755799837));
#13019=CARTESIAN_POINT('',(280.335101962,813.726167729,9.630968312));
#13020=CARTESIAN_POINT('',(280.337321587,813.687015842,9.559937905));
#13021=CARTESIAN_POINT('',(280.34204366,813.63483929,9.408832534));
#13022=CARTESIAN_POINT('',(280.344545034,813.621826439,9.328791889));
#13023=CARTESIAN_POINT('',(280.347042597,813.622637428,9.248873143));
#13024=CARTESIAN_POINT('',(278.997496431,814.224141118,9.908072496));
#13025=CARTESIAN_POINT('',(278.997858721,814.14091272,9.896190061));
#13026=CARTESIAN_POINT('',(278.998683455,814.059881563,9.869184039));
#13027=CARTESIAN_POINT('',(279.001152602,813.912498863,9.788367884));
#13028=CARTESIAN_POINT('',(279.002796329,813.846188093,9.734580227));
#13029=CARTESIAN_POINT('',(279.006693002,813.736741836,9.607084078));
#13030=CARTESIAN_POINT('',(279.008944867,813.693636612,9.533410948));
#13031=CARTESIAN_POINT('',(279.013769455,813.636130557,9.375573319));
#13032=CARTESIAN_POINT('',(279.01634084,813.621745624,9.291452553));
#13033=CARTESIAN_POINT('',(279.018907961,813.622641185,9.207471225));
#13034=CARTESIAN_POINT('',(278.334305723,814.246731618,9.890599515));
#13035=CARTESIAN_POINT('',(278.334572839,814.161274869,9.881243967));
#13036=CARTESIAN_POINT('',(278.335305138,814.077595042,9.855993219));
#13037=CARTESIAN_POINT('',(278.337602272,813.924897831,9.777065044));
#13038=CARTESIAN_POINT('',(278.339166403,813.855926751,9.723411653));
#13039=CARTESIAN_POINT('',(278.342917244,813.741893306,9.594857057));
#13040=CARTESIAN_POINT('',(278.345102807,813.696865505,9.519994908));
#13041=CARTESIAN_POINT('',(278.349802968,813.636762807,9.359044058));
#13042=CARTESIAN_POINT('',(278.352316129,813.621706123,9.273004215));
#13043=CARTESIAN_POINT('',(278.35482495,813.622643022,9.187112542));
#13044=CARTESIAN_POINT('',(277.009417295,814.285599795,9.858398785));
#13045=CARTESIAN_POINT('',(277.009526747,814.196486572,9.853639135));
#13046=CARTESIAN_POINT('',(277.010054622,814.108334087,9.831653928));
#13047=CARTESIAN_POINT('',(277.01187122,813.94654391,9.756384229));
#13048=CARTESIAN_POINT('',(277.013159297,813.872963204,9.703126347));
#13049=CARTESIAN_POINT('',(277.016310131,813.750939963,9.57298067));
#13050=CARTESIAN_POINT('',(277.018171769,813.702540393,9.496138785));
#13051=CARTESIAN_POINT('',(277.022200481,813.637877321,9.329899272));
#13052=CARTESIAN_POINT('',(277.024366124,813.621636584,9.240560247));
#13053=CARTESIAN_POINT('',(277.026527787,813.622646255,9.151384923));
#13054=CARTESIAN_POINT('',(276.347715118,814.301875441,9.843738989));
#13055=CARTESIAN_POINT('',(276.347764048,814.211329964,9.841041558));
#13056=CARTESIAN_POINT('',(276.348181552,814.12135181,9.820560165));
#13057=CARTESIAN_POINT('',(276.34969187,813.955782672,9.747050459));
#13058=CARTESIAN_POINT('',(276.350784111,813.880253802,9.694049765));
#13059=CARTESIAN_POINT('',(276.353481092,813.754830828,9.563365977));
#13060=CARTESIAN_POINT('',(276.355084808,813.70498377,9.485731938));
#13061=CARTESIAN_POINT('',(276.358565355,813.638359262,9.317315715));
#13062=CARTESIAN_POINT('',(276.360440867,813.621606799,9.226596733));
#13063=CARTESIAN_POINT('',(276.362312841,813.622647629,9.136048189));
#13064=CARTESIAN_POINT('',(275.437616639,814.317842352,9.829234634));
#13065=CARTESIAN_POINT('',(275.437624773,814.225929148,9.828607509));
#13066=CARTESIAN_POINT('',(275.437898748,814.134178111,9.809649375));
#13067=CARTESIAN_POINT('',(275.438936791,813.964912751,9.737946357));
#13068=CARTESIAN_POINT('',(275.439700444,813.88746584,9.685230035));
#13069=CARTESIAN_POINT('',(275.441601108,813.758686838,9.554061657));
#13070=CARTESIAN_POINT('',(275.442737361,813.707406033,9.475661845));
#13071=CARTESIAN_POINT('',(275.445209259,813.638837477,9.305119124));
#13072=CARTESIAN_POINT('',(275.446543918,813.621577034,9.213044137));
#13073=CARTESIAN_POINT('',(275.447876007,813.622649012,9.121146344));
#13074=CARTESIAN_POINT('',(275.188679405,814.321507359,9.825902697));
#13075=CARTESIAN_POINT('',(275.188680594,814.229284436,9.825756271));
#13076=CARTESIAN_POINT('',(275.188918372,814.137128494,9.807153357));
#13077=CARTESIAN_POINT('',(275.189830778,813.967015939,9.735874426));
#13078=CARTESIAN_POINT('',(275.190505036,813.889127983,9.683227181));
#13079=CARTESIAN_POINT('',(275.192186671,813.75957629,9.551952867));
#13080=CARTESIAN_POINT('',(275.193193368,813.707964839,9.473378783));
#13081=CARTESIAN_POINT('',(275.19538476,813.638947829,9.302349426));
#13082=CARTESIAN_POINT('',(275.196568568,813.621570124,9.209963183));
#13083=CARTESIAN_POINT('',(275.197750086,813.622649335,9.117755703));
#13084=CARTESIAN_POINT('',(274.939687267,814.324567209,9.823142225));
#13085=CARTESIAN_POINT('',(274.939684312,814.23208822,9.823400373));
#13086=CARTESIAN_POINT('',(274.939889235,814.139595445,9.805097335));
#13087=CARTESIAN_POINT('',(274.940683373,813.968776316,9.734178054));
#13088=CARTESIAN_POINT('',(274.941272263,813.890519678,9.681590759));
#13089=CARTESIAN_POINT('',(274.9427433,813.760321482,9.550231195));
#13090=CARTESIAN_POINT('',(274.943624846,813.708433061,9.471512539));
#13091=CARTESIAN_POINT('',(274.9455447,813.639040318,9.300077845));
#13092=CARTESIAN_POINT('',(274.946582225,813.621564317,9.207431776));
#13093=CARTESIAN_POINT('',(274.947617733,813.622649608,9.11496579));
#13094=B_SPLINE_SURFACE_WITH_KNOTS('',3,3,((#12814,#12815,#12816,#12817,#12818,#12819,#12820,#12821,#12822,#12823),(#12824,#12825,#12826,#12827,#12828,#12829,#12830,#12831,#12832,#12833),(#12834,#12835,#12836,#12837,#12838,#12839,#12840,#12841,#12842,#12843),(#12844,#12845,#12846,#12847,#12848,#12849,#12850,#12851,#12852,#12853),(#12854,#12855,#12856,#12857,#12858,#12859,#12860,#12861,#12862,#12863),(#12864,#12865,#12866,#12867,#12868,#12869,#12870,#12871,#12872,#12873),(#12874,#12875,#12876,#12877,#12878,#12879,#12880,#12881,#12882,#12883),(#12884,#12885,#12886,#12887,#12888,#12889,#12890,#12891,#12892,#12893),(#12894,#12895,#12896,#12897,#12898,#12899,#12900,#12901,#12902,#12903),(#12904,#12905,#12906,#12907,#12908,#12909,#12910,#12911,#12912,#12913),(#12914,#12915,#12916,#12917,#12918,#12919,#12920,#12921,#12922,#12923),(#12924,#12925,#12926,#12927,#12928,#12929,#12930,#12931,#12932,#12933),(#12934,#12935,#12936,#12937,#12938,#12939,#12940,#12941,#12942,#12943),(#12944,#12945,#12946,#12947,#12948,#12949,#12950,#12951,#12952,#12953),(#12954,#12955,#12956,#12957,#12958,#12959,#12960,#12961,#12962,#12963),(#12964,#12965,#12966,#12967,#12968,#12969,#12970,#12971,#12972,#12973),(#12974,#12975,#12976,#12977,#12978,#12979,#12980,#12981,#12982,#12983),(#12984,#12985,#12986,#12987,#12988,#12989,#12990,#12991,#12992,#12993),(#12994,#12995,#12996,#12997,#12998,#12999,#13000,#13001,#13002,#13003),(#13004,#13005,#13006,#13007,#13008,#13009,#13010,#13011,#13012,#13013),(#13014,#13015,#13016,#13017,#13018,#13019,#13020,#13021,#13022,#13023),(#13024,#13025,#13026,#13027,#13028,#13029,#13030,#13031,#13032,#13033),(#13034,#13035,#13036,#13037,#13038,#13039,#13040,#13041,#13042,#13043),(#13044,#13045,#13046,#13047,#13048,#13049,#13050,#13051,#13052,#13053),(#13054,#13055,#13056,#13057,#13058,#13059,#13060,#13061,#13062,#13063),(#13064,#13065,#13066,#13067,#13068,#13069,#13070,#13071,#13072,#13073),
(#13074,#13075,#13076,#13077,#13078,#13079,#13080,#13081,#13082,#13083),(#13084,#13085,#13086,#13087,#13088,#13089,#13090,#13091,#13092,#13093)),.UNSPECIFIED.,.F.,.F.,.U.,(4,2,2,2,2,2,2,2,2,2,2,2,2,4),(4,2,2,2,4),(0.043366321,0.044118304,0.046111399,0.048104494,0.05009759,0.05408378,0.058069971,0.062056161,0.064049257,0.066042352,0.068035447,0.070028542,0.072021638,0.072772021),(0.,0.251864754,0.503729509,0.755594263,1.007459018),.UNSPECIFIED.);
#13095=ORIENTED_EDGE('',*,*,#12774,.T.);
#13096=ORIENTED_EDGE('',*,*,#941,.F.);
#13097=CARTESIAN_POINT('',(275.647516776,813.622627439,9.126509183));
#13098=CARTESIAN_POINT('',(275.647719582,813.621648249,9.240070634));
#13099=CARTESIAN_POINT('',(275.619396779,813.649218482,9.349391052));
#13100=CARTESIAN_POINT('',(275.573070778,813.694890141,9.44122865));
#13101=CARTESIAN_POINT('',(275.526744777,813.7405618,9.533066249));
#13102=CARTESIAN_POINT('',(275.464343035,813.802411685,9.606634557));
#13103=CARTESIAN_POINT('',(275.395706356,813.870578563,9.663319726));
#13104=CARTESIAN_POINT('',(275.327069676,813.938745441,9.720004895));
#13105=CARTESIAN_POINT('',(275.252915399,814.012513445,9.759748588));
#13106=CARTESIAN_POINT('',(275.175498463,814.089605952,9.785985267));
#13107=CARTESIAN_POINT('',(275.098081527,814.166698458,9.812221947));
#13108=CARTESIAN_POINT('',(275.019432399,814.245092338,9.824215146));
#13109=CARTESIAN_POINT('',(274.939772436,814.324582803,9.823108646));
#13110=B_SPLINE_CURVE_WITH_KNOTS('',3,(#13097,#13098,#13099,#13100,#13101,#13102,#13103,#13104,#13105,#13106,#13107,#13108,#13109),.UNSPECIFIED.,.F.,.F.,(4,3,3,3,4),(0.000642412,0.000977296,0.00131218,0.001647065,0.001981949),.UNSPECIFIED.);
#13111=EDGE_CURVE('',#11306,#896,#13110,.T.);
#13112=ORIENTED_EDGE('',*,*,#13111,.F.);
#13113=ORIENTED_EDGE('',*,*,#11398,.F.);
#13114=EDGE_LOOP('',(#13095,#13096,#13112,#13113));
#13115=FACE_BOUND('',#13114,.T.);
#13116=ADVANCED_FACE('',(#13115),#13094,.T.);
#13117=CARTESIAN_POINT('',(304.347517879,800.322601402,4.476508956));
#13118=DIRECTION('',(-0.,-0.,1.));
#13119=DIRECTION('',(-0.,1.,0.));
#13120=AXIS2_PLACEMENT_3D('',#13117,#13118,#13119);
#13121=CYLINDRICAL_SURFACE('',#13120,0.7);
#13122=ORIENTED_EDGE('',*,*,#12792,.T.);
#13123=ORIENTED_EDGE('',*,*,#11351,.F.);
#13124=CARTESIAN_POINT('',(304.347517879,800.322601402,0.526508956));
#13125=DIRECTION('',(0.,0.,-1.));
#13126=DIRECTION('',(1.,0.,0.));
#13127=AXIS2_PLACEMENT_3D('',#13124,#13125,#13126);
#13128=CIRCLE('',#13127,0.7);
#13129=EDGE_CURVE('',#123,#11338,#13128,.T.);
#13130=ORIENTED_EDGE('',*,*,#13129,.F.);
#13131=ORIENTED_EDGE('',*,*,#128,.F.);
#13132=EDGE_LOOP('',(#13122,#13123,#13130,#13131));
#13133=FACE_BOUND('',#13132,.T.);
#13134=ADVANCED_FACE('',(#13133),#13121,.T.);
#13135=CARTESIAN_POINT('',(289.647517879,800.322601402,0.526508956));
#13136=DIRECTION('',(1.,-0.,0.));
#13137=DIRECTION('',(-0.,-1.,-0.));
#13138=AXIS2_PLACEMENT_3D('',#13135,#13136,#13137);
#13139=CYLINDRICAL_SURFACE('',#13138,0.7);
#13140=ORIENTED_EDGE('',*,*,#12809,.T.);
#13141=ORIENTED_EDGE('',*,*,#136,.F.);
#13142=CARTESIAN_POINT('',(304.347517879,800.322601402,0.526508956));
#13143=DIRECTION('',(-1.,0.,-0.));
#13144=DIRECTION('',(0.,1.,0.));
#13145=AXIS2_PLACEMENT_3D('',#13142,#13143,#13144);
#13146=CIRCLE('',#13145,0.7);
#13147=EDGE_CURVE('',#376,#123,#13146,.T.);
#13148=ORIENTED_EDGE('',*,*,#13147,.F.);
#13149=ORIENTED_EDGE('',*,*,#381,.F.);
#13150=EDGE_LOOP('',(#13140,#13141,#13148,#13149));
#13151=FACE_BOUND('',#13150,.T.);
#13152=ADVANCED_FACE('',(#13151),#13139,.T.);
#13153=CARTESIAN_POINT('',(275.647485713,800.322601399,9.126509223));
#13154=CARTESIAN_POINT('',(275.647925271,800.322171474,9.172357092));
#13155=CARTESIAN_POINT('',(275.643845431,800.321741153,9.218247148));
#13156=CARTESIAN_POINT('',(275.626803593,800.32089624,9.308349769));
#13157=CARTESIAN_POINT('',(275.613842016,800.32048167,9.352560099));
#13158=CARTESIAN_POINT('',(275.579535188,800.319684219,9.437601418));
#13159=CARTESIAN_POINT('',(275.558190786,800.319301358,9.478430299));
#13160=CARTESIAN_POINT('',(275.507939488,800.318582062,9.555136949));
#13161=CARTESIAN_POINT('',(275.479033839,800.318245646,9.591012815));
#13162=CARTESIAN_POINT('',(275.41477232,800.317632194,9.656432242));
#13163=CARTESIAN_POINT('',(275.379418045,800.317355173,9.685974179));
#13164=CARTESIAN_POINT('',(275.303619828,800.316871176,9.73758829));
#13165=CARTESIAN_POINT('',(275.263177766,800.316664212,9.759659184));
#13166=CARTESIAN_POINT('',(275.178760437,800.316328301,9.795481275));
#13167=CARTESIAN_POINT('',(275.134787264,800.316199361,9.809231584));
#13168=CARTESIAN_POINT('',(275.045000173,800.316024464,9.827882809));
#13169=CARTESIAN_POINT('',(274.999188483,800.315978512,9.832783262));
#13170=CARTESIAN_POINT('',(274.953338076,800.315974937,9.833164485));
#13171=CARTESIAN_POINT('',(275.647486479,801.949418102,9.14184417));
#13172=CARTESIAN_POINT('',(275.64791556,801.94907105,9.187146371));
#13173=CARTESIAN_POINT('',(275.643933312,801.948723687,9.232489274));
#13174=CARTESIAN_POINT('',(275.627295336,801.948041287,9.321557386));
#13175=CARTESIAN_POINT('',(275.614640001,801.947706265,9.36528049));
#13176=CARTESIAN_POINT('',(275.581130721,801.947061063,9.449466353));
#13177=CARTESIAN_POINT('',(275.560277568,801.946750897,9.489927125));
#13178=CARTESIAN_POINT('',(275.511155431,801.946166999,9.566068078));
#13179=CARTESIAN_POINT('',(275.482887607,801.945893279,9.601746461));
#13180=CARTESIAN_POINT('',(275.419997439,801.945392501,9.666981879));
#13181=CARTESIAN_POINT('',(275.385376579,801.945165455,9.696537372));
#13182=CARTESIAN_POINT('',(275.311080343,801.944766513,9.748416077));
#13183=CARTESIAN_POINT('',(275.271406721,801.944594626,9.770738063));
#13184=CARTESIAN_POINT('',(275.188494868,801.944312433,9.807310372));
#13185=CARTESIAN_POINT('',(275.145258594,801.944202132,9.821559829));
#13186=CARTESIAN_POINT('',(275.056845318,801.944047242,9.84145078));
#13187=CARTESIAN_POINT('',(275.011670403,801.944002656,9.847091803));
#13188=CARTESIAN_POINT('',(274.966373575,801.943991764,9.848322312));
#13189=CARTESIAN_POINT('',(275.647487096,803.576259089,9.153199545));
#13190=CARTESIAN_POINT('',(275.64790777,803.575994571,9.198054966));
#13191=CARTESIAN_POINT('',(275.644003545,803.575729821,9.242949926));
#13192=CARTESIAN_POINT('',(275.627688782,803.575209549,9.331168889));
#13193=CARTESIAN_POINT('',(275.615278615,803.574954038,9.374490887));
#13194=CARTESIAN_POINT('',(275.582408805,803.574461621,9.457967686));
#13195=CARTESIAN_POINT('',(275.561949908,803.574224727,9.49812059));
#13196=CARTESIAN_POINT('',(275.51373603,803.573778237,9.573779641));
#13197=CARTESIAN_POINT('',(275.485982145,803.573568651,9.609284069));
#13198=CARTESIAN_POINT('',(275.424200486,803.573184473,9.674337794));
#13199=CARTESIAN_POINT('',(275.390174116,803.573009889,9.703885614));
#13200=CARTESIAN_POINT('',(275.317100834,803.572702121,9.755937139));
#13201=CARTESIAN_POINT('',(275.278055582,803.572568944,9.778439662));
#13202=CARTESIAN_POINT('',(275.196382855,803.572348882,9.815571119));
#13203=CARTESIAN_POINT('',(275.153757235,803.572262001,9.830199208));
#13204=CARTESIAN_POINT('',(275.066494084,803.572137719,9.851042391));
#13205=CARTESIAN_POINT('',(275.021858535,803.572100322,9.85725701));
#13206=CARTESIAN_POINT('',(274.977039256,803.572088352,9.8591504));
#13207=CARTESIAN_POINT('',(275.64748769,806.830002205,9.16452009));
#13208=CARTESIAN_POINT('',(275.647900259,806.82995785,9.208942139));
#13209=CARTESIAN_POINT('',(275.644071494,806.829913457,9.253402608));
#13210=CARTESIAN_POINT('',(275.628069314,806.829826158,9.340797629));
#13211=CARTESIAN_POINT('',(275.615896248,806.829783254,9.383730272));
#13212=CARTESIAN_POINT('',(275.58364497,806.829700445,9.466518137));
#13213=CARTESIAN_POINT('',(275.563567463,806.829660542,9.50637155));
#13214=CARTESIAN_POINT('',(275.516232455,806.829585143,9.581560646));
#13215=CARTESIAN_POINT('',(275.488975987,806.829549649,9.616894685));
#13216=CARTESIAN_POINT('',(275.428267655,806.829484319,9.68176796));
#13217=CARTESIAN_POINT('',(275.394817116,806.829454485,9.711305777));
#13218=CARTESIAN_POINT('',(275.322929108,806.829401529,9.763518913));
#13219=CARTESIAN_POINT('',(275.28449321,806.829378408,9.786193091));
#13220=CARTESIAN_POINT('',(275.20402316,806.829339694,9.823859216));
#13221=CARTESIAN_POINT('',(275.161990766,806.829324102,9.838850339));
#13222=CARTESIAN_POINT('',(275.075846436,806.829300997,9.860608204));
#13223=CARTESIAN_POINT('',(275.031736382,806.829293484,9.867374469));
#13224=CARTESIAN_POINT('',(274.987383493,806.829290145,9.869906054));
#13225=CARTESIAN_POINT('',(275.647487646,808.456880607,9.164009258));
#13226=CARTESIAN_POINT('',(275.647900792,808.456977882,9.208462241));
#13227=CARTESIAN_POINT('',(275.644066882,808.457075238,9.25295372));
#13228=CARTESIAN_POINT('',(275.628043311,808.457266695,9.340407791));
#13229=CARTESIAN_POINT('',(275.615854001,808.457360793,9.383368467));
#13230=CARTESIAN_POINT('',(275.583560232,808.457542421,9.466206462));
#13231=CARTESIAN_POINT('',(275.56345648,808.457629948,9.506081966));
#13232=CARTESIAN_POINT('',(275.516060774,808.457795353,9.581306672));
#13233=CARTESIAN_POINT('',(275.488769858,808.457873229,9.616654225));
#13234=CARTESIAN_POINT('',(275.42798682,808.458016587,9.681543807));
#13235=CARTESIAN_POINT('',(275.39449603,808.458082068,9.711084414));
#13236=CARTESIAN_POINT('',(275.322524599,808.458198332,9.763290876));
#13237=CARTESIAN_POINT('',(275.284045534,808.458249111,9.785955587));
#13238=CARTESIAN_POINT('',(275.203489452,808.458334182,9.823589707));
#13239=CARTESIAN_POINT('',(275.161414199,808.45836847,9.83855829));
#13240=CARTESIAN_POINT('',(275.075187845,808.458419347,9.860257966));
#13241=CARTESIAN_POINT('',(275.031038632,808.458435933,9.866988583));
#13242=CARTESIAN_POINT('',(274.986650122,808.458443375,9.869478353));
#13243=CARTESIAN_POINT('',(275.647486889,810.897529411,9.149923647));
#13244=CARTESIAN_POINT('',(275.64791038,810.89786655,9.194927129));
#13245=CARTESIAN_POINT('',(275.643980149,810.898203988,9.239970541));
#13246=CARTESIAN_POINT('',(275.627557642,810.898867,9.328470772));
#13247=CARTESIAN_POINT('',(275.615065744,810.89919256,9.371925553));
#13248=CARTESIAN_POINT('',(275.581982804,810.899819763,9.455636764));
#13249=CARTESIAN_POINT('',(275.561392522,810.900121392,9.495891266));
#13250=CARTESIAN_POINT('',(275.512876085,810.900689568,9.571708773));
#13251=CARTESIAN_POINT('',(275.484951046,810.900956102,9.607270031));
#13252=CARTESIAN_POINT('',(275.422800429,810.901444218,9.672381891));
#13253=CARTESIAN_POINT('',(275.388576283,810.90166579,9.701930993));
#13254=CARTESIAN_POINT('',(275.315096459,810.902055777,9.75392229));
#13255=CARTESIAN_POINT('',(275.275842474,810.902224184,9.776363287));
#13256=CARTESIAN_POINT('',(275.193758591,810.902501606,9.813305688));
#13257=CARTESIAN_POINT('',(275.150930583,810.902610614,9.827806242));
#13258=CARTESIAN_POINT('',(275.063286904,810.9027652,9.84832952));
#13259=CARTESIAN_POINT('',(275.01847325,810.902810774,9.854351771));
#13260=CARTESIAN_POINT('',(274.973496753,810.902823787,9.856023194));
#13261=CARTESIAN_POINT('',(275.647486571,811.711124265,9.143110031));
#13262=CARTESIAN_POINT('',(275.6479147,811.711548641,9.188374867));
#13263=CARTESIAN_POINT('',(275.64393826,811.711973398,9.23368029));
#13264=CARTESIAN_POINT('',(275.627325034,811.712807829,9.322676879));
#13265=CARTESIAN_POINT('',(275.614688638,811.713217485,9.366365948));
#13266=CARTESIAN_POINT('',(275.581229116,811.7140064,9.450490677));
#13267=CARTESIAN_POINT('',(275.560406777,811.71438564,9.490924354));
#13268=CARTESIAN_POINT('',(275.511356087,811.715099541,9.567021177));
#13269=CARTESIAN_POINT('',(275.483128891,811.715434186,9.602682529));
#13270=CARTESIAN_POINT('',(275.420327028,811.716046382,9.66789651));
#13271=CARTESIAN_POINT('',(275.385753839,811.716323919,9.697447602));
#13272=CARTESIAN_POINT('',(275.311556655,811.71681152,9.749332001));
#13273=CARTESIAN_POINT('',(275.271934406,811.717021572,9.771664086));
#13274=CARTESIAN_POINT('',(275.189125258,811.717366342,9.808272139));
#13275=CARTESIAN_POINT('',(275.145940309,811.717501053,9.822547245));
#13276=CARTESIAN_POINT('',(275.05762567,811.717690098,9.842505193));
#13277=CARTESIAN_POINT('',(275.01249806,811.717744428,9.848187563));
#13278=CARTESIAN_POINT('',(274.967244533,811.717757551,9.849466877));
#13279=CARTESIAN_POINT('',(275.647485777,813.124050465,9.126695436));
#13280=CARTESIAN_POINT('',(275.64792476,813.124654122,9.172527637));
#13281=CARTESIAN_POINT('',(275.643847195,813.125258335,9.218401954));
#13282=CARTESIAN_POINT('',(275.626815403,813.126444717,9.308474753));
#13283=CARTESIAN_POINT('',(275.613861599,813.127026858,9.352671004));
#13284=CARTESIAN_POINT('',(275.579575146,813.12814673,9.437687515));
#13285=CARTESIAN_POINT('',(275.558243348,813.128684435,9.47850567));
#13286=CARTESIAN_POINT('',(275.508021004,813.129694776,9.555195681));
#13287=CARTESIAN_POINT('',(275.479131703,813.130167387,9.591065638));
#13288=CARTESIAN_POINT('',(275.414905192,813.131029382,9.656479184));
#13289=CARTESIAN_POINT('',(275.379569573,813.131418743,9.686021154));
#13290=CARTESIAN_POINT('',(275.303809279,813.132099275,9.73764198));
#13291=CARTESIAN_POINT('',(275.26338648,813.132390429,9.759719558));
#13292=CARTESIAN_POINT('',(275.179006438,813.132863353,9.7955619));
#13293=CARTESIAN_POINT('',(275.135051285,813.133045112,9.809325776));
#13294=CARTESIAN_POINT('',(275.045297109,813.133292258,9.828010741));
#13295=CARTESIAN_POINT('',(274.999500309,813.133357639,9.832931368));
#13296=CARTESIAN_POINT('',(274.953662336,813.133363574,9.833335672));
#13297=CARTESIAN_POINT('',(275.647485367,813.723391183,9.118112473));
#13298=CARTESIAN_POINT('',(275.647929786,813.723870531,9.164223579));
#13299=CARTESIAN_POINT('',(275.643803246,813.724350331,9.210377569));
#13300=CARTESIAN_POINT('',(275.62656844,813.725291979,9.300979439));
#13301=CARTESIAN_POINT('',(275.61346061,813.725753803,9.345425021));
#13302=CARTESIAN_POINT('',(275.578772948,813.726641303,9.430879916));
#13303=CARTESIAN_POINT('',(275.557193996,813.727066956,9.471887061));
#13304=CARTESIAN_POINT('',(275.506403549,813.727865343,9.548868654));
#13305=CARTESIAN_POINT('',(275.477193344,813.728238056,9.584841148));
#13306=CARTESIAN_POINT('',(275.412276931,813.728915877,9.650352868));
#13307=CARTESIAN_POINT('',(275.37657237,813.729220968,9.679890432));
#13308=CARTESIAN_POINT('',(275.300056628,813.729751525,9.731382089));
#13309=CARTESIAN_POINT('',(275.259247389,813.729976978,9.753334875));
#13310=CARTESIAN_POINT('',(275.174110458,813.730339376,9.78880191));
#13311=CARTESIAN_POINT('',(275.129784926,813.730476313,9.802315258));
#13312=CARTESIAN_POINT('',(275.039340552,813.730656287,9.820376768));
#13313=CARTESIAN_POINT('',(274.993224004,813.730699321,9.824924471));
#13314=CARTESIAN_POINT('',(274.947108296,813.730694558,9.824900717));
#13315=CARTESIAN_POINT('',(275.647484918,814.322614533,9.116365652));
#13316=CARTESIAN_POINT('',(275.64793539,814.322744054,9.162784425));
#13317=CARTESIAN_POINT('',(275.643753335,814.322873699,9.209246945));
#13318=CARTESIAN_POINT('',(275.626288715,814.323128112,9.300431388));
#13319=CARTESIAN_POINT('',(275.613006605,814.323252874,9.345150935));
#13320=CARTESIAN_POINT('',(275.577865376,814.323492581,9.431085165));
#13321=CARTESIAN_POINT('',(275.556007172,814.32360752,9.472297609));
#13322=CARTESIAN_POINT('',(275.504575606,814.32382303,9.549591628));
#13323=CARTESIAN_POINT('',(275.475003584,814.323923594,9.585671188));
#13324=CARTESIAN_POINT('',(275.409310587,814.324106372,9.651275842));
#13325=CARTESIAN_POINT('',(275.373191324,814.324188581,9.680799224));
#13326=CARTESIAN_POINT('',(275.295828396,814.324331392,9.732126487));
#13327=CARTESIAN_POINT('',(275.254586748,814.324391991,9.753929029));
#13328=CARTESIAN_POINT('',(275.168605753,814.324489184,9.788954099));
#13329=CARTESIAN_POINT('',(275.123868647,814.324525776,9.802175715));
#13330=CARTESIAN_POINT('',(275.032661423,814.324573508,9.819516889));
#13331=CARTESIAN_POINT('',(274.98619368,814.324584647,9.823635997));
#13332=CARTESIAN_POINT('',(274.939775956,814.32458284,9.823122588));
#13333=B_SPLINE_SURFACE_WITH_KNOTS('',3,3,((#13153,#13154,#13155,#13156,#13157,#13158,#13159,#13160,#13161,#13162,#13163,#13164,#13165,#13166,#13167,#13168,#13169,#13170),(#13171,#13172,#13173,#13174,#13175,#13176,#13177,#13178,#13179,#13180,#13181,#13182,#13183,#13184,#13185,#13186,#13187,#13188),(#13189,#13190,#13191,#13192,#13193,#13194,#13195,#13196,#13197,#13198,#13199,#13200,#13201,#13202,#13203,#13204,#13205,#13206),(#13207,#13208,#13209,#13210,#13211,#13212,#13213,#13214,#13215,#13216,#13217,#13218,#13219,#13220,#13221,#13222,#13223,#13224),(#13225,#13226,#13227,#13228,#13229,#13230,#13231,#13232,#13233,#13234,#13235,#13236,#13237,#13238,#13239,#13240,#13241,#13242),(#13243,#13244,#13245,#13246,#13247,#13248,#13249,#13250,#13251,#13252,#13253,#13254,#13255,#13256,#13257,#13258,#13259,#13260),(#13261,#13262,#13263,#13264,#13265,#13266,#13267,#13268,#13269,#13270,#13271,#13272,#13273,#13274,#13275,#13276,#13277,#13278),(#13279,#13280,#13281,#13282,#13283,#13284,#13285,#13286,#13287,#13288,#13289,#13290,#13291,#13292,#13293,#13294,#13295,#13296),(#13297,#13298,#13299,#13300,#13301,#13302,#13303,#13304,#13305,#13306,#13307,#13308,#13309,#13310,#13311,#13312,#13313,#13314),(#13315,#13316,#13317,#13318,#13319,#13320,#13321,#13322,#13323,#13324,#13325,#13326,#13327,#13328,#13329,#13330,#13331,#13332)),.UNSPECIFIED.,.F.,.F.,.U.,(4,2,2,2,4),(4,2,2,2,2,2,2,2,4),(0.05508448,0.059965197,0.064845915,0.067286273,0.069083665),(-0.006135467,0.119631467,0.2453984,0.371165333,0.496932267,0.6226992,0.748466133,0.874233067,1.),.UNSPECIFIED.);
#13334=ORIENTED_EDGE('',*,*,#13111,.T.);
#13335=ORIENTED_EDGE('',*,*,#911,.F.);
#13336=CARTESIAN_POINT('',(275.634065035,800.321320768,9.269790034));
#13337=VERTEX_POINT('',#13336);
#13338=CARTESIAN_POINT('',(274.947517879,800.322601402,9.133220045));
#13339=DIRECTION('',(-0.,-0.999956038,-0.00937671));
#13340=DIRECTION('',(0.,-0.00937671,0.999956038));
#13341=AXIS2_PLACEMENT_3D('',#13338,#13339,#13340);
#13342=CIRCLE('',#13341,0.7);
#13343=EDGE_CURVE('',#13337,#211,#13342,.T.);
#13344=ORIENTED_EDGE('',*,*,#13343,.F.);
#13345=CARTESIAN_POINT('',(274.947517879,800.322601402,9.133220045));
#13346=DIRECTION('',(-0.,-0.999956038,-0.00937671));
#13347=DIRECTION('',(0.,-0.00937671,0.999956038));
#13348=AXIS2_PLACEMENT_3D('',#13345,#13346,#13347);
#13349=CIRCLE('',#13348,0.7);
#13350=EDGE_CURVE('',#11288,#13337,#13349,.T.);
#13351=ORIENTED_EDGE('',*,*,#13350,.F.);
#13352=ORIENTED_EDGE('',*,*,#11317,.F.);
#13353=EDGE_LOOP('',(#13334,#13335,#13344,#13351,#13352));
#13354=FACE_BOUND('',#13353,.T.);
#13355=ADVANCED_FACE('',(#13354),#13333,.T.);
#13356=CARTESIAN_POINT('',(304.347517879,800.322601402,0.526508956));
#13357=DIRECTION('',(0.,0.,1.));
#13358=DIRECTION('',(1.,0.,-0.));
#13359=AXIS2_PLACEMENT_3D('',#13356,#13357,#13358);
#13360=SPHERICAL_SURFACE('',#13359,0.7);
#13361=ORIENTED_EDGE('',*,*,#13147,.T.);
#13362=ORIENTED_EDGE('',*,*,#13129,.T.);
#13363=CARTESIAN_POINT('',(304.347517879,800.322601402,0.526508956));
#13364=DIRECTION('',(0.,1.,0.));
#13365=DIRECTION('',(1.,-0.,0.));
#13366=AXIS2_PLACEMENT_3D('',#13363,#13364,#13365);
#13367=CIRCLE('',#13366,0.7);
#13368=EDGE_CURVE('',#376,#11338,#13367,.T.);
#13369=ORIENTED_EDGE('',*,*,#13368,.F.);
#13370=EDGE_LOOP('',(#13361,#13362,#13369));
#13371=FACE_BOUND('',#13370,.T.);
#13372=ADVANCED_FACE('',(#13371),#13360,.T.);
#13373=CARTESIAN_POINT('',(265.847517879,800.322601402,0.526508956));
#13374=DIRECTION('',(0.,0.,1.));
#13375=DIRECTION('',(1.,0.,-0.));
#13376=AXIS2_PLACEMENT_3D('',#13373,#13374,#13375);
#13377=SPHERICAL_SURFACE('',#13376,0.7);
#13378=ORIENTED_EDGE('',*,*,#11824,.F.);
#13379=ORIENTED_EDGE('',*,*,#11878,.F.);
#13380=CARTESIAN_POINT('',(265.847517879,800.322601402,0.526508956));
#13381=DIRECTION('',(1.,-0.,0.));
#13382=DIRECTION('',(0.,1.,0.));
#13383=AXIS2_PLACEMENT_3D('',#13380,#13381,#13382);
#13384=CIRCLE('',#13383,0.7);
#13385=EDGE_CURVE('',#63,#408,#13384,.T.);
#13386=ORIENTED_EDGE('',*,*,#13385,.F.);
#13387=EDGE_LOOP('',(#13378,#13379,#13386));
#13388=FACE_BOUND('',#13387,.T.);
#13389=ADVANCED_FACE('',(#13388),#13377,.T.);
#13390=CARTESIAN_POINT('',(274.947517879,800.322601402,9.133220045));
#13391=DIRECTION('',(0.,0.,1.));
#13392=DIRECTION('',(1.,0.,-0.));
#13393=AXIS2_PLACEMENT_3D('',#13390,#13391,#13392);
#13394=SPHERICAL_SURFACE('',#13393,0.7);
#13395=CARTESIAN_POINT('',(274.947517879,800.322601402,9.133220045));
#13396=DIRECTION('',(0.,0.,-1.));
#13397=DIRECTION('',(-1.,0.,-0.));
#13398=AXIS2_PLACEMENT_3D('',#13395,#13396,#13397);
#13399=CIRCLE('',#13398,0.7);
#13400=EDGE_CURVE('',#11288,#79,#13399,.T.);
#13401=ORIENTED_EDGE('',*,*,#13400,.F.);
#13402=ORIENTED_EDGE('',*,*,#13350,.T.);
#13403=ORIENTED_EDGE('',*,*,#13343,.T.);
#13404=ORIENTED_EDGE('',*,*,#217,.F.);
#13405=EDGE_LOOP('',(#13401,#13402,#13403,#13404));
#13406=FACE_BOUND('',#13405,.T.);
#13407=ADVANCED_FACE('',(#13406),#13394,.T.);
#13408=CARTESIAN_POINT('',(304.347517879,813.622601402,0.526508956));
#13409=DIRECTION('',(-0.,-1.,-0.));
#13410=DIRECTION('',(-1.,0.,-0.));
#13411=AXIS2_PLACEMENT_3D('',#13408,#13409,#13410);
#13412=CYLINDRICAL_SURFACE('',#13411,0.7);
#13413=ORIENTED_EDGE('',*,*,#13368,.T.);
#13414=ORIENTED_EDGE('',*,*,#11343,.F.);
#13415=CARTESIAN_POINT('',(304.347517879,814.322601402,0.526508956));
#13416=DIRECTION('',(-0.707106781,0.707106781,-0.));
#13417=DIRECTION('',(-0.707106781,-0.707106781,-0.));
#13418=AXIS2_PLACEMENT_3D('',#13415,#13416,#13417);
#13419=ELLIPSE('',#13418,0.989949494,0.7);
#13420=EDGE_CURVE('',#384,#11328,#13419,.T.);
#13421=ORIENTED_EDGE('',*,*,#13420,.F.);
#13422=ORIENTED_EDGE('',*,*,#389,.F.);
#13423=EDGE_LOOP('',(#13413,#13414,#13421,#13422));
#13424=FACE_BOUND('',#13423,.T.);
#13425=ADVANCED_FACE('',(#13424),#13412,.T.);
#13426=CARTESIAN_POINT('',(289.647517879,800.322601402,0.526508956));
#13427=DIRECTION('',(1.,-0.,0.));
#13428=DIRECTION('',(-0.,-1.,-0.));
#13429=AXIS2_PLACEMENT_3D('',#13426,#13427,#13428);
#13430=CYLINDRICAL_SURFACE('',#13429,0.7);
#13431=ORIENTED_EDGE('',*,*,#13385,.T.);
#13432=ORIENTED_EDGE('',*,*,#413,.F.);
#13433=CARTESIAN_POINT('',(274.947517879,800.322601402,0.526508956));
#13434=DIRECTION('',(1.,-0.,0.));
#13435=DIRECTION('',(0.,1.,0.));
#13436=AXIS2_PLACEMENT_3D('',#13433,#13434,#13435);
#13437=CIRCLE('',#13436,0.7);
#13438=EDGE_CURVE('',#71,#400,#13437,.T.);
#13439=ORIENTED_EDGE('',*,*,#13438,.F.);
#13440=ORIENTED_EDGE('',*,*,#76,.F.);
#13441=EDGE_LOOP('',(#13431,#13432,#13439,#13440));
#13442=FACE_BOUND('',#13441,.T.);
#13443=ADVANCED_FACE('',(#13442),#13430,.T.);
#13444=CARTESIAN_POINT('',(274.947517879,800.322601402,4.476508956));
#13445=DIRECTION('',(0.,0.,-1.));
#13446=DIRECTION('',(0.,-1.,-0.));
#13447=AXIS2_PLACEMENT_3D('',#13444,#13445,#13446);
#13448=CYLINDRICAL_SURFACE('',#13447,0.7);
#13449=ORIENTED_EDGE('',*,*,#13400,.T.);
#13450=ORIENTED_EDGE('',*,*,#84,.F.);
#13451=CARTESIAN_POINT('',(274.947517879,800.322601402,0.526508956));
#13452=DIRECTION('',(0.,0.,-1.));
#13453=DIRECTION('',(-1.,0.,-0.));
#13454=AXIS2_PLACEMENT_3D('',#13451,#13452,#13453);
#13455=CIRCLE('',#13454,0.7);
#13456=EDGE_CURVE('',#11290,#71,#13455,.T.);
#13457=ORIENTED_EDGE('',*,*,#13456,.F.);
#13458=ORIENTED_EDGE('',*,*,#11295,.F.);
#13459=EDGE_LOOP('',(#13449,#13450,#13457,#13458));
#13460=FACE_BOUND('',#13459,.T.);
#13461=ADVANCED_FACE('',(#13460),#13448,.T.);
#13462=CARTESIAN_POINT('',(289.647517879,814.322601402,0.526508956));
#13463=DIRECTION('',(-1.,0.,-0.));
#13464=DIRECTION('',(0.,1.,0.));
#13465=AXIS2_PLACEMENT_3D('',#13462,#13463,#13464);
#13466=CYLINDRICAL_SURFACE('',#13465,0.7);
#13467=ORIENTED_EDGE('',*,*,#13420,.T.);
#13468=ORIENTED_EDGE('',*,*,#11372,.F.);
#13469=CARTESIAN_POINT('',(274.947517879,814.322601402,0.526508956));
#13470=DIRECTION('',(-0.707106781,-0.707106781,-0.));
#13471=DIRECTION('',(0.707106781,-0.707106781,0.));
#13472=AXIS2_PLACEMENT_3D('',#13469,#13470,#13471);
#13473=ELLIPSE('',#13472,0.989949494,0.7);
#13474=EDGE_CURVE('',#392,#11298,#13473,.T.);
#13475=ORIENTED_EDGE('',*,*,#13474,.F.);
#13476=ORIENTED_EDGE('',*,*,#397,.F.);
#13477=EDGE_LOOP('',(#13467,#13468,#13475,#13476));
#13478=FACE_BOUND('',#13477,.T.);
#13479=ADVANCED_FACE('',(#13478),#13466,.T.);
#13480=CARTESIAN_POINT('',(274.947517879,800.322601402,0.526508956));
#13481=DIRECTION('',(0.,0.,1.));
#13482=DIRECTION('',(1.,0.,-0.));
#13483=AXIS2_PLACEMENT_3D('',#13480,#13481,#13482);
#13484=SPHERICAL_SURFACE('',#13483,0.7);
#13485=ORIENTED_EDGE('',*,*,#13456,.T.);
#13486=ORIENTED_EDGE('',*,*,#13438,.T.);
#13487=CARTESIAN_POINT('',(274.947517879,800.322601402,0.526508956));
#13488=DIRECTION('',(0.,1.,0.));
#13489=DIRECTION('',(1.,-0.,0.));
#13490=AXIS2_PLACEMENT_3D('',#13487,#13488,#13489);
#13491=CIRCLE('',#13490,0.7);
#13492=EDGE_CURVE('',#11290,#400,#13491,.T.);
#13493=ORIENTED_EDGE('',*,*,#13492,.F.);
#13494=EDGE_LOOP('',(#13485,#13486,#13493));
#13495=FACE_BOUND('',#13494,.T.);
#13496=ADVANCED_FACE('',(#13495),#13484,.T.);
#13497=CARTESIAN_POINT('',(274.947517879,850.995668361,0.526508956));
#13498=DIRECTION('',(-0.,-1.,-0.));
#13499=DIRECTION('',(-1.,0.,-0.));
#13500=AXIS2_PLACEMENT_3D('',#13497,#13498,#13499);
#13501=CYLINDRICAL_SURFACE('',#13500,0.7);
#13502=ORIENTED_EDGE('',*,*,#13474,.T.);
#13503=ORIENTED_EDGE('',*,*,#11303,.F.);
#13504=ORIENTED_EDGE('',*,*,#13492,.T.);
#13505=ORIENTED_EDGE('',*,*,#405,.F.);
#13506=EDGE_LOOP('',(#13502,#13503,#13504,#13505));
#13507=FACE_BOUND('',#13506,.T.);
#13508=ADVANCED_FACE('',(#13507),#13501,.T.);
#13509=CARTESIAN_POINT('',(271.074243737,857.607192588,9.126508956));
#13510=DIRECTION('',(0.,0.,-1.));
#13511=DIRECTION('',(-1.,0.,-0.));
#13512=AXIS2_PLACEMENT_3D('',#13509,#13510,#13511);
#13513=SPHERICAL_SURFACE('',#13512,0.7);
#13514=CARTESIAN_POINT('',(270.374243737,857.607192588,9.126508956));
#13515=VERTEX_POINT('',#13514);
#13516=CARTESIAN_POINT('',(271.074243737,857.607192588,9.126508956));
#13517=DIRECTION('',(-0.,1.,0.));
#13518=DIRECTION('',(-1.,0.,-0.));
#13519=AXIS2_PLACEMENT_3D('',#13516,#13517,#13518);
#13520=CIRCLE('',#13519,0.7);
#13521=EDGE_CURVE('',#13515,#2829,#13520,.T.);
#13522=ORIENTED_EDGE('',*,*,#13521,.T.);
#13523=ORIENTED_EDGE('',*,*,#5841,.F.);
#13524=CARTESIAN_POINT('',(271.074243737,857.607192588,9.126508956));
#13525=DIRECTION('',(0.,0.,-1.));
#13526=DIRECTION('',(-1.,0.,-0.));
#13527=AXIS2_PLACEMENT_3D('',#13524,#13525,#13526);
#13528=CIRCLE('',#13527,0.7);
#13529=EDGE_CURVE('',#13515,#5077,#13528,.T.);
#13530=ORIENTED_EDGE('',*,*,#13529,.F.);
#13531=EDGE_LOOP('',(#13522,#13523,#13530));
#13532=FACE_BOUND('',#13531,.T.);
#13533=ADVANCED_FACE('',(#13532),#13513,.T.);
#13534=CARTESIAN_POINT('',(271.074243737,857.607192588,9.826508956));
#13535=DIRECTION('',(-0.,0.,1.));
#13536=DIRECTION('',(1.,0.,0.));
#13537=AXIS2_PLACEMENT_3D('',#13534,#13535,#13536);
#13538=CYLINDRICAL_SURFACE('',#13537,0.7);
#13539=CARTESIAN_POINT('',(271.074243737,857.607192588,9.126508956));
#13540=DIRECTION('',(0.,0.,-1.));
#13541=DIRECTION('',(-1.,0.,-0.));
#13542=AXIS2_PLACEMENT_3D('',#13539,#13540,#13541);
#13543=CIRCLE('',#13542,0.7);
#13544=EDGE_CURVE('',#3735,#13515,#13543,.T.);
#13545=ORIENTED_EDGE('',*,*,#13544,.T.);
#13546=ORIENTED_EDGE('',*,*,#13529,.T.);
#13547=ORIENTED_EDGE('',*,*,#5106,.F.);
#13548=CARTESIAN_POINT('',(271.074243737,857.607192588,0.526508956));
#13549=DIRECTION('',(0.,0.,-1.));
#13550=DIRECTION('',(-1.,0.,-0.));
#13551=AXIS2_PLACEMENT_3D('',#13548,#13549,#13550);
#13552=CIRCLE('',#13551,0.7);
#13553=EDGE_CURVE('',#3737,#5095,#13552,.T.);
#13554=ORIENTED_EDGE('',*,*,#13553,.F.);
#13555=ORIENTED_EDGE('',*,*,#3742,.F.);
#13556=EDGE_LOOP('',(#13545,#13546,#13547,#13554,#13555));
#13557=FACE_BOUND('',#13556,.T.);
#13558=ADVANCED_FACE('',(#13557),#13538,.T.);
#13559=CARTESIAN_POINT('',(287.867073312,847.911847912,0.526508956));
#13560=DIRECTION('',(-0.866025404,0.5,-0.));
#13561=DIRECTION('',(0.5,0.866025404,0.));
#13562=AXIS2_PLACEMENT_3D('',#13559,#13560,#13561);
#13563=CYLINDRICAL_SURFACE('',#13562,0.7);
#13564=ORIENTED_EDGE('',*,*,#3823,.F.);
#13565=ORIENTED_EDGE('',*,*,#3750,.F.);
#13566=CARTESIAN_POINT('',(271.074243737,857.607192588,0.526508956));
#13567=DIRECTION('',(-0.866025404,0.5,-0.));
#13568=DIRECTION('',(0.5,0.866025404,0.));
#13569=AXIS2_PLACEMENT_3D('',#13566,#13567,#13568);
#13570=CIRCLE('',#13569,0.7);
#13571=EDGE_CURVE('',#456,#3737,#13570,.T.);
#13572=ORIENTED_EDGE('',*,*,#13571,.F.);
#13573=ORIENTED_EDGE('',*,*,#461,.F.);
#13574=EDGE_LOOP('',(#13564,#13565,#13572,#13573));
#13575=FACE_BOUND('',#13574,.T.);
#13576=ADVANCED_FACE('',(#13575),#13563,.T.);
#13577=CARTESIAN_POINT('',(275.724243737,865.661228843,9.126508956));
#13578=DIRECTION('',(-0.5,-0.866025404,-0.));
#13579=DIRECTION('',(-0.866025404,0.5,-0.));
#13580=AXIS2_PLACEMENT_3D('',#13577,#13578,#13579);
#13581=SPHERICAL_SURFACE('',#13580,0.7);
#13582=CARTESIAN_POINT('',(275.724243737,865.661228843,9.126508956));
#13583=DIRECTION('',(0.,0.,-1.));
#13584=DIRECTION('',(-1.,0.,-0.));
#13585=AXIS2_PLACEMENT_3D('',#13582,#13583,#13584);
#13586=CIRCLE('',#13585,0.7);
#13587=EDGE_CURVE('',#5079,#5870,#13586,.T.);
#13588=ORIENTED_EDGE('',*,*,#13587,.F.);
#13589=ORIENTED_EDGE('',*,*,#5833,.F.);
#13590=CARTESIAN_POINT('',(275.724243737,865.661228843,9.126508956));
#13591=DIRECTION('',(0.866025404,-0.5,0.));
#13592=DIRECTION('',(-0.5,-0.866025404,-0.));
#13593=AXIS2_PLACEMENT_3D('',#13590,#13591,#13592);
#13594=CIRCLE('',#13593,0.7);
#13595=EDGE_CURVE('',#5870,#2821,#13594,.T.);
#13596=ORIENTED_EDGE('',*,*,#13595,.F.);
#13597=EDGE_LOOP('',(#13588,#13589,#13596));
#13598=FACE_BOUND('',#13597,.T.);
#13599=ADVANCED_FACE('',(#13598),#13581,.T.);
#13600=CARTESIAN_POINT('',(271.074243737,857.607192588,0.526508956));
#13601=DIRECTION('',(-0.5,-0.866025404,-0.));
#13602=DIRECTION('',(-0.866025404,0.5,-0.));
#13603=AXIS2_PLACEMENT_3D('',#13600,#13601,#13602);
#13604=SPHERICAL_SURFACE('',#13603,0.7);
#13605=ORIENTED_EDGE('',*,*,#13571,.T.);
#13606=ORIENTED_EDGE('',*,*,#13553,.T.);
#13607=CARTESIAN_POINT('',(271.074243737,857.607192588,0.526508956));
#13608=DIRECTION('',(0.5,0.866025404,-0.));
#13609=DIRECTION('',(-0.866025404,0.5,-0.));
#13610=AXIS2_PLACEMENT_3D('',#13607,#13608,#13609);
#13611=CIRCLE('',#13610,0.7);
#13612=EDGE_CURVE('',#456,#5095,#13611,.T.);
#13613=ORIENTED_EDGE('',*,*,#13612,.F.);
#13614=EDGE_LOOP('',(#13605,#13606,#13613));
#13615=FACE_BOUND('',#13614,.T.);
#13616=ADVANCED_FACE('',(#13615),#13604,.T.);
#13617=CARTESIAN_POINT('',(280.487393972,862.911222773,9.126508956));
#13618=DIRECTION('',(-0.866025404,0.5,-0.));
#13619=DIRECTION('',(0.5,0.866025404,0.));
#13620=AXIS2_PLACEMENT_3D('',#13617,#13618,#13619);
#13621=CYLINDRICAL_SURFACE('',#13620,0.7);
#13622=ORIENTED_EDGE('',*,*,#13595,.T.);
#13623=ORIENTED_EDGE('',*,*,#2826,.F.);
#13624=CARTESIAN_POINT('',(289.647517879,857.622622769,9.126508956));
#13625=DIRECTION('',(1.,0.,0.));
#13626=DIRECTION('',(0.,-1.,0.));
#13627=AXIS2_PLACEMENT_3D('',#13624,#13625,#13626);
#13628=ELLIPSE('',#13627,0.808290377,0.7);
#13629=EDGE_CURVE('',#5852,#2813,#13628,.T.);
#13630=ORIENTED_EDGE('',*,*,#13629,.F.);
#13631=ORIENTED_EDGE('',*,*,#5881,.F.);
#13632=EDGE_LOOP('',(#13622,#13623,#13630,#13631));
#13633=FACE_BOUND('',#13632,.T.);
#13634=ADVANCED_FACE('',(#13633),#13621,.T.);
#13635=CARTESIAN_POINT('',(275.724243737,865.661228843,9.826508956));
#13636=DIRECTION('',(0.,-0.,-1.));
#13637=DIRECTION('',(-1.,0.,-0.));
#13638=AXIS2_PLACEMENT_3D('',#13635,#13636,#13637);
#13639=CYLINDRICAL_SURFACE('',#13638,0.7);
#13640=ORIENTED_EDGE('',*,*,#13587,.T.);
#13641=ORIENTED_EDGE('',*,*,#5875,.F.);
#13642=CARTESIAN_POINT('',(275.724243737,865.661228843,0.526508956));
#13643=DIRECTION('',(0.,0.,-1.));
#13644=DIRECTION('',(-1.,0.,-0.));
#13645=AXIS2_PLACEMENT_3D('',#13642,#13643,#13644);
#13646=CIRCLE('',#13645,0.7);
#13647=EDGE_CURVE('',#5087,#5862,#13646,.T.);
#13648=ORIENTED_EDGE('',*,*,#13647,.F.);
#13649=ORIENTED_EDGE('',*,*,#5092,.F.);
#13650=EDGE_LOOP('',(#13640,#13641,#13648,#13649));
#13651=FACE_BOUND('',#13650,.T.);
#13652=ADVANCED_FACE('',(#13651),#13639,.T.);
#13653=CARTESIAN_POINT('',(263.824243737,845.049824233,0.526508956));
#13654=DIRECTION('',(-0.5,-0.866025404,-0.));
#13655=DIRECTION('',(-0.866025404,0.5,-0.));
#13656=AXIS2_PLACEMENT_3D('',#13653,#13654,#13655);
#13657=CYLINDRICAL_SURFACE('',#13656,0.7);
#13658=ORIENTED_EDGE('',*,*,#13612,.T.);
#13659=ORIENTED_EDGE('',*,*,#5100,.F.);
#13660=CARTESIAN_POINT('',(275.724243737,865.661228843,0.526508956));
#13661=DIRECTION('',(0.5,0.866025404,0.));
#13662=DIRECTION('',(0.866025404,-0.5,0.));
#13663=AXIS2_PLACEMENT_3D('',#13660,#13661,#13662);
#13664=CIRCLE('',#13663,0.7);
#13665=EDGE_CURVE('',#464,#5087,#13664,.T.);
#13666=ORIENTED_EDGE('',*,*,#13665,.F.);
#13667=ORIENTED_EDGE('',*,*,#469,.F.);
#13668=EDGE_LOOP('',(#13658,#13659,#13666,#13667));
#13669=FACE_BOUND('',#13668,.T.);
#13670=ADVANCED_FACE('',(#13669),#13657,.T.);
#13671=CARTESIAN_POINT('',(298.807641785,862.911222773,9.126508956));
#13672=DIRECTION('',(-0.866025404,-0.5,-0.));
#13673=DIRECTION('',(-0.5,0.866025404,-0.));
#13674=AXIS2_PLACEMENT_3D('',#13671,#13672,#13673);
#13675=CYLINDRICAL_SURFACE('',#13674,0.7);
#13676=ORIENTED_EDGE('',*,*,#13629,.T.);
#13677=ORIENTED_EDGE('',*,*,#2818,.F.);
#13678=CARTESIAN_POINT('',(303.57079202,865.661228843,9.126508956));
#13679=DIRECTION('',(0.866025404,0.5,0.));
#13680=DIRECTION('',(0.5,-0.866025404,0.));
#13681=AXIS2_PLACEMENT_3D('',#13678,#13679,#13680);
#13682=CIRCLE('',#13681,0.7);
#13683=EDGE_CURVE('',#5892,#2805,#13682,.T.);
#13684=ORIENTED_EDGE('',*,*,#13683,.F.);
#13685=ORIENTED_EDGE('',*,*,#5912,.F.);
#13686=EDGE_LOOP('',(#13676,#13677,#13684,#13685));
#13687=FACE_BOUND('',#13686,.T.);
#13688=ADVANCED_FACE('',(#13687),#13675,.T.);
#13689=CARTESIAN_POINT('',(275.724243737,865.661228843,0.526508956));
#13690=DIRECTION('',(-0.866025404,0.5,-0.));
#13691=DIRECTION('',(0.5,0.866025404,0.));
#13692=AXIS2_PLACEMENT_3D('',#13689,#13690,#13691);
#13693=SPHERICAL_SURFACE('',#13692,0.7);
#13694=ORIENTED_EDGE('',*,*,#13665,.T.);
#13695=ORIENTED_EDGE('',*,*,#13647,.T.);
#13696=CARTESIAN_POINT('',(275.724243737,865.661228843,0.526508956));
#13697=DIRECTION('',(0.866025404,-0.5,0.));
#13698=DIRECTION('',(0.5,0.866025404,0.));
#13699=AXIS2_PLACEMENT_3D('',#13696,#13697,#13698);
#13700=CIRCLE('',#13699,0.7);
#13701=EDGE_CURVE('',#464,#5862,#13700,.T.);
#13702=ORIENTED_EDGE('',*,*,#13701,.F.);
#13703=EDGE_LOOP('',(#13694,#13695,#13702));
#13704=FACE_BOUND('',#13703,.T.);
#13705=ADVANCED_FACE('',(#13704),#13693,.T.);
#13706=CARTESIAN_POINT('',(303.57079202,865.661228843,9.126508956));
#13707=DIRECTION('',(0.5,-0.866025404,0.));
#13708=DIRECTION('',(-0.866025404,-0.5,-0.));
#13709=AXIS2_PLACEMENT_3D('',#13706,#13707,#13708);
#13710=SPHERICAL_SURFACE('',#13709,0.7);
#13711=ORIENTED_EDGE('',*,*,#13683,.T.);
#13712=ORIENTED_EDGE('',*,*,#8646,.F.);
#13713=CARTESIAN_POINT('',(303.57079202,866.361228843,9.126508956));
#13714=VERTEX_POINT('',#13713);
#13715=CARTESIAN_POINT('',(303.57079202,865.661228843,9.126508956));
#13716=DIRECTION('',(0.,0.,-1.));
#13717=DIRECTION('',(-1.,0.,-0.));
#13718=AXIS2_PLACEMENT_3D('',#13715,#13716,#13717);
#13719=CIRCLE('',#13718,0.7);
#13720=EDGE_CURVE('',#13714,#8414,#13719,.T.);
#13721=ORIENTED_EDGE('',*,*,#13720,.F.);
#13722=CARTESIAN_POINT('',(303.57079202,865.661228843,9.126508956));
#13723=DIRECTION('',(0.,0.,-1.));
#13724=DIRECTION('',(-1.,0.,-0.));
#13725=AXIS2_PLACEMENT_3D('',#13722,#13723,#13724);
#13726=CIRCLE('',#13725,0.7);
#13727=EDGE_CURVE('',#5892,#13714,#13726,.T.);
#13728=ORIENTED_EDGE('',*,*,#13727,.F.);
#13729=EDGE_LOOP('',(#13711,#13712,#13721,#13728));
#13730=FACE_BOUND('',#13729,.T.);
#13731=ADVANCED_FACE('',(#13730),#13710,.T.);
#13732=CARTESIAN_POINT('',(292.517073312,855.965884167,0.526508956));
#13733=DIRECTION('',(0.866025404,-0.5,0.));
#13734=DIRECTION('',(-0.5,-0.866025404,-0.));
#13735=AXIS2_PLACEMENT_3D('',#13732,#13733,#13734);
#13736=CYLINDRICAL_SURFACE('',#13735,0.7);
#13737=ORIENTED_EDGE('',*,*,#13701,.T.);
#13738=ORIENTED_EDGE('',*,*,#5867,.F.);
#13739=CARTESIAN_POINT('',(289.647517879,857.622622769,0.526508956));
#13740=DIRECTION('',(1.,0.,0.));
#13741=DIRECTION('',(-0.,1.,-0.));
#13742=AXIS2_PLACEMENT_3D('',#13739,#13740,#13741);
#13743=ELLIPSE('',#13742,0.808290377,0.7);
#13744=EDGE_CURVE('',#472,#5854,#13743,.T.);
#13745=ORIENTED_EDGE('',*,*,#13744,.F.);
#13746=ORIENTED_EDGE('',*,*,#477,.F.);
#13747=EDGE_LOOP('',(#13737,#13738,#13745,#13746));
#13748=FACE_BOUND('',#13747,.T.);
#13749=ADVANCED_FACE('',(#13748),#13736,.T.);
#13750=CARTESIAN_POINT('',(303.57079202,865.661228843,9.826508956));
#13751=DIRECTION('',(-0.,0.,1.));
#13752=DIRECTION('',(0.,1.,-0.));
#13753=AXIS2_PLACEMENT_3D('',#13750,#13751,#13752);
#13754=CYLINDRICAL_SURFACE('',#13753,0.7);
#13755=CARTESIAN_POINT('',(303.57079202,866.361228843,0.526508956));
#13756=VERTEX_POINT('',#13755);
#13757=CARTESIAN_POINT('',(303.57079202,866.361228843,9.126508956));
#13758=DIRECTION('',(0.,-0.,-1.));
#13759=VECTOR('',#13758,8.6);
#13760=LINE('',#13757,#13759);
#13761=EDGE_CURVE('',#13714,#13756,#13760,.T.);
#13762=ORIENTED_EDGE('',*,*,#13761,.T.);
#13763=CARTESIAN_POINT('',(303.57079202,865.661228843,0.526508956));
#13764=DIRECTION('',(0.,0.,-1.));
#13765=DIRECTION('',(-1.,0.,-0.));
#13766=AXIS2_PLACEMENT_3D('',#13763,#13764,#13765);
#13767=CIRCLE('',#13766,0.7);
#13768=EDGE_CURVE('',#5894,#13756,#13767,.T.);
#13769=ORIENTED_EDGE('',*,*,#13768,.F.);
#13770=ORIENTED_EDGE('',*,*,#5899,.F.);
#13771=ORIENTED_EDGE('',*,*,#13727,.T.);
#13772=EDGE_LOOP('',(#13762,#13769,#13770,#13771));
#13773=FACE_BOUND('',#13772,.T.);
#13774=ADVANCED_FACE('',(#13773),#13754,.T.);
#13775=CARTESIAN_POINT('',(286.777962445,855.965884167,0.526508956));
#13776=DIRECTION('',(0.866025404,0.5,0.));
#13777=DIRECTION('',(0.5,-0.866025404,0.));
#13778=AXIS2_PLACEMENT_3D('',#13775,#13776,#13777);
#13779=CYLINDRICAL_SURFACE('',#13778,0.7);
#13780=ORIENTED_EDGE('',*,*,#13744,.T.);
#13781=ORIENTED_EDGE('',*,*,#5905,.F.);
#13782=CARTESIAN_POINT('',(303.57079202,865.661228843,0.526508956));
#13783=DIRECTION('',(0.866025404,0.5,0.));
#13784=DIRECTION('',(0.5,-0.866025404,0.));
#13785=AXIS2_PLACEMENT_3D('',#13782,#13783,#13784);
#13786=CIRCLE('',#13785,0.7);
#13787=EDGE_CURVE('',#480,#5894,#13786,.T.);
#13788=ORIENTED_EDGE('',*,*,#13787,.F.);
#13789=ORIENTED_EDGE('',*,*,#485,.F.);
#13790=EDGE_LOOP('',(#13780,#13781,#13788,#13789));
#13791=FACE_BOUND('',#13790,.T.);
#13792=ADVANCED_FACE('',(#13791),#13779,.T.);
#13793=CARTESIAN_POINT('',(308.22079202,857.607192588,9.126508956));
#13794=DIRECTION('',(0.,0.,-1.));
#13795=DIRECTION('',(-1.,0.,-0.));
#13796=AXIS2_PLACEMENT_3D('',#13793,#13794,#13795);
#13797=SPHERICAL_SURFACE('',#13796,0.7);
#13798=ORIENTED_EDGE('',*,*,#8638,.F.);
#13799=ORIENTED_EDGE('',*,*,#8161,.F.);
#13800=CARTESIAN_POINT('',(308.22079202,857.607192588,9.126508956));
#13801=DIRECTION('',(0.,0.,-1.));
#13802=DIRECTION('',(-1.,0.,-0.));
#13803=AXIS2_PLACEMENT_3D('',#13800,#13801,#13802);
#13804=CIRCLE('',#13803,0.7);
#13805=EDGE_CURVE('',#8416,#8106,#13804,.T.);
#13806=ORIENTED_EDGE('',*,*,#13805,.F.);
#13807=EDGE_LOOP('',(#13798,#13799,#13806));
#13808=FACE_BOUND('',#13807,.T.);
#13809=ADVANCED_FACE('',(#13808),#13797,.T.);
#13810=CARTESIAN_POINT('',(303.57079202,865.661228843,0.526508956));
#13811=DIRECTION('',(-0.5,0.866025404,-0.));
#13812=DIRECTION('',(0.866025404,0.5,0.));
#13813=AXIS2_PLACEMENT_3D('',#13810,#13811,#13812);
#13814=SPHERICAL_SURFACE('',#13813,0.7);
#13815=ORIENTED_EDGE('',*,*,#13787,.T.);
#13816=ORIENTED_EDGE('',*,*,#13768,.T.);
#13817=CARTESIAN_POINT('',(303.57079202,865.661228843,0.526508956));
#13818=DIRECTION('',(0.,0.,-1.));
#13819=DIRECTION('',(-1.,0.,-0.));
#13820=AXIS2_PLACEMENT_3D('',#13817,#13818,#13819);
#13821=CIRCLE('',#13820,0.7);
#13822=EDGE_CURVE('',#13756,#8432,#13821,.T.);
#13823=ORIENTED_EDGE('',*,*,#13822,.T.);
#13824=CARTESIAN_POINT('',(303.57079202,865.661228843,0.526508956));
#13825=DIRECTION('',(0.5,-0.866025404,-0.));
#13826=DIRECTION('',(0.866025404,0.5,0.));
#13827=AXIS2_PLACEMENT_3D('',#13824,#13825,#13826);
#13828=CIRCLE('',#13827,0.7);
#13829=EDGE_CURVE('',#480,#8432,#13828,.T.);
#13830=ORIENTED_EDGE('',*,*,#13829,.F.);
#13831=EDGE_LOOP('',(#13815,#13816,#13823,#13830));
#13832=FACE_BOUND('',#13831,.T.);
#13833=ADVANCED_FACE('',(#13832),#13814,.T.);
#13834=CARTESIAN_POINT('',(308.22079202,857.607192588,-112.273491044));
#13835=DIRECTION('',(0.,-0.,-1.));
#13836=DIRECTION('',(-0.,-1.,0.));
#13837=AXIS2_PLACEMENT_3D('',#13834,#13835,#13836);
#13838=CYLINDRICAL_SURFACE('',#13837,0.7);
#13839=ORIENTED_EDGE('',*,*,#13805,.T.);
#13840=ORIENTED_EDGE('',*,*,#8111,.F.);
#13841=CARTESIAN_POINT('',(308.22079202,857.607192588,0.526508956));
#13842=DIRECTION('',(0.,0.,-1.));
#13843=DIRECTION('',(-1.,0.,-0.));
#13844=AXIS2_PLACEMENT_3D('',#13841,#13842,#13843);
#13845=CIRCLE('',#13844,0.7);
#13846=EDGE_CURVE('',#8424,#8098,#13845,.T.);
#13847=ORIENTED_EDGE('',*,*,#13846,.F.);
#13848=ORIENTED_EDGE('',*,*,#8429,.F.);
#13849=EDGE_LOOP('',(#13839,#13840,#13847,#13848));
#13850=FACE_BOUND('',#13849,.T.);
#13851=ADVANCED_FACE('',(#13850),#13838,.T.);
#13852=CARTESIAN_POINT('',(315.47079202,845.049824233,0.526508956));
#13853=DIRECTION('',(-0.5,0.866025404,-0.));
#13854=DIRECTION('',(0.866025404,0.5,0.));
#13855=AXIS2_PLACEMENT_3D('',#13852,#13853,#13854);
#13856=CYLINDRICAL_SURFACE('',#13855,0.7);
#13857=ORIENTED_EDGE('',*,*,#13829,.T.);
#13858=ORIENTED_EDGE('',*,*,#8437,.F.);
#13859=CARTESIAN_POINT('',(308.22079202,857.607192588,0.526508956));
#13860=DIRECTION('',(0.5,-0.866025404,0.));
#13861=DIRECTION('',(-0.866025404,-0.5,-0.));
#13862=AXIS2_PLACEMENT_3D('',#13859,#13860,#13861);
#13863=CIRCLE('',#13862,0.7);
#13864=EDGE_CURVE('',#327,#8424,#13863,.T.);
#13865=ORIENTED_EDGE('',*,*,#13864,.F.);
#13866=ORIENTED_EDGE('',*,*,#491,.F.);
#13867=EDGE_LOOP('',(#13857,#13858,#13865,#13866));
#13868=FACE_BOUND('',#13867,.T.);
#13869=ADVANCED_FACE('',(#13868),#13856,.T.);
#13870=CARTESIAN_POINT('',(308.22079202,857.607192588,0.526508956));
#13871=DIRECTION('',(0.866025404,0.5,0.));
#13872=DIRECTION('',(0.5,-0.866025404,0.));
#13873=AXIS2_PLACEMENT_3D('',#13870,#13871,#13872);
#13874=SPHERICAL_SURFACE('',#13873,0.7);
#13875=ORIENTED_EDGE('',*,*,#13864,.T.);
#13876=ORIENTED_EDGE('',*,*,#13846,.T.);
#13877=CARTESIAN_POINT('',(308.22079202,857.607192588,0.526508956));
#13878=DIRECTION('',(-0.866025404,-0.5,0.));
#13879=DIRECTION('',(0.5,-0.866025404,0.));
#13880=AXIS2_PLACEMENT_3D('',#13877,#13878,#13879);
#13881=CIRCLE('',#13880,0.7);
#13882=EDGE_CURVE('',#327,#8098,#13881,.T.);
#13883=ORIENTED_EDGE('',*,*,#13882,.F.);
#13884=EDGE_LOOP('',(#13875,#13876,#13883));
#13885=FACE_BOUND('',#13884,.T.);
#13886=ADVANCED_FACE('',(#13885),#13874,.T.);
#13887=CARTESIAN_POINT('',(235.137802835,815.412709108,0.526508956));
#13888=DIRECTION('',(-0.866025404,-0.5,-0.));
#13889=DIRECTION('',(-0.5,0.866025404,-0.));
#13890=AXIS2_PLACEMENT_3D('',#13887,#13888,#13889);
#13891=CYLINDRICAL_SURFACE('',#13890,0.7);
#13892=ORIENTED_EDGE('',*,*,#8086,.F.);
#13893=ORIENTED_EDGE('',*,*,#334,.F.);
#13894=ORIENTED_EDGE('',*,*,#13882,.T.);
#13895=ORIENTED_EDGE('',*,*,#8103,.F.);
#13896=EDGE_LOOP('',(#13892,#13893,#13894,#13895));
#13897=FACE_BOUND('',#13896,.T.);
#13898=ADVANCED_FACE('',(#13897),#13891,.T.);
#13899=CARTESIAN_POINT('',(279.337393972,860.919364344,4.826508956));
#13900=DIRECTION('',(-0.5,-0.866025404,-0.));
#13901=DIRECTION('',(0.,-0.,-1.));
#13902=AXIS2_PLACEMENT_3D('',#13899,#13900,#13901);
#13903=CYLINDRICAL_SURFACE('',#13902,2.7);
#13904=ORIENTED_EDGE('',*,*,#3054,.T.);
#13905=ORIENTED_EDGE('',*,*,#3253,.T.);
#13906=ORIENTED_EDGE('',*,*,#3359,.T.);
#13907=ORIENTED_EDGE('',*,*,#3428,.F.);
#13908=EDGE_LOOP('',(#13904,#13905,#13906,#13907));
#13909=FACE_BOUND('',#13908,.T.);
#13910=ADVANCED_FACE('',(#13909),#13903,.F.);
#13911=CARTESIAN_POINT('',(279.337393972,860.919364344,4.826508956));
#13912=DIRECTION('',(-0.5,-0.866025404,-0.));
#13913=DIRECTION('',(0.,-0.,-1.));
#13914=AXIS2_PLACEMENT_3D('',#13911,#13912,#13913);
#13915=CYLINDRICAL_SURFACE('',#13914,2.7);
#13916=ORIENTED_EDGE('',*,*,#3096,.T.);
#13917=ORIENTED_EDGE('',*,*,#3547,.T.);
#13918=ORIENTED_EDGE('',*,*,#3569,.T.);
#13919=ORIENTED_EDGE('',*,*,#3195,.T.);
#13920=EDGE_LOOP('',(#13916,#13917,#13918,#13919));
#13921=FACE_BOUND('',#13920,.T.);
#13922=ADVANCED_FACE('',(#13921),#13915,.F.);
#13923=CARTESIAN_POINT('',(258.392907599,831.442449808,9.12866412));
#13924=DIRECTION('',(0.,0.,1.));
#13925=DIRECTION('',(1.,0.,-0.));
#13926=AXIS2_PLACEMENT_3D('',#13923,#13924,#13925);
#13927=SPHERICAL_SURFACE('',#13926,0.7);
#13928=ORIENTED_EDGE('',*,*,#3389,.F.);
#13929=ORIENTED_EDGE('',*,*,#4104,.T.);
#13930=ORIENTED_EDGE('',*,*,#3298,.F.);
#13931=EDGE_LOOP('',(#13928,#13929,#13930));
#13932=FACE_BOUND('',#13931,.T.);
#13933=ADVANCED_FACE('',(#13932),#13927,.T.);
#13934=CARTESIAN_POINT('',(321.457641785,823.680271981,4.826508956));
#13935=DIRECTION('',(-0.5,0.866025404,-0.));
#13936=DIRECTION('',(0.,-0.,-1.));
#13937=AXIS2_PLACEMENT_3D('',#13934,#13935,#13936);
#13938=CYLINDRICAL_SURFACE('',#13937,2.7);
#13939=ORIENTED_EDGE('',*,*,#6950,.T.);
#13940=ORIENTED_EDGE('',*,*,#7149,.T.);
#13941=ORIENTED_EDGE('',*,*,#7246,.T.);
#13942=ORIENTED_EDGE('',*,*,#7315,.F.);
#13943=EDGE_LOOP('',(#13939,#13940,#13941,#13942));
#13944=FACE_BOUND('',#13943,.T.);
#13945=ADVANCED_FACE('',(#13944),#13938,.F.);
#13946=CARTESIAN_POINT('',(321.457641785,823.680271981,4.826508956));
#13947=DIRECTION('',(-0.5,0.866025404,-0.));
#13948=DIRECTION('',(0.,-0.,-1.));
#13949=AXIS2_PLACEMENT_3D('',#13946,#13947,#13948);
#13950=CYLINDRICAL_SURFACE('',#13949,2.7);
#13951=ORIENTED_EDGE('',*,*,#6992,.T.);
#13952=ORIENTED_EDGE('',*,*,#7467,.T.);
#13953=ORIENTED_EDGE('',*,*,#7489,.T.);
#13954=ORIENTED_EDGE('',*,*,#7091,.T.);
#13955=EDGE_LOOP('',(#13951,#13952,#13953,#13954));
#13956=FACE_BOUND('',#13955,.T.);
#13957=ADVANCED_FACE('',(#13956),#13950,.F.);
#13958=CARTESIAN_POINT('',(322.72079202,832.492455878,9.826508956));
#13959=DIRECTION('',(-0.,0.,1.));
#13960=DIRECTION('',(0.,1.,-0.));
#13961=AXIS2_PLACEMENT_3D('',#13958,#13959,#13960);
#13962=CYLINDRICAL_SURFACE('',#13961,0.7);
#13963=ORIENTED_EDGE('',*,*,#11968,.F.);
#13964=ORIENTED_EDGE('',*,*,#11942,.T.);
#13965=ORIENTED_EDGE('',*,*,#9844,.F.);
#13966=ORIENTED_EDGE('',*,*,#12037,.F.);
#13967=EDGE_LOOP('',(#13963,#13964,#13965,#13966));
#13968=FACE_BOUND('',#13967,.T.);
#13969=ADVANCED_FACE('',(#13968),#13962,.T.);
#13970=CARTESIAN_POINT('',(327.37079202,824.438419623,9.125905434));
#13971=DIRECTION('',(0.,0.,1.));
#13972=DIRECTION('',(1.,0.,-0.));
#13973=AXIS2_PLACEMENT_3D('',#13970,#13971,#13972);
#13974=SPHERICAL_SURFACE('',#13973,0.7);
#13975=ORIENTED_EDGE('',*,*,#12012,.F.);
#13976=ORIENTED_EDGE('',*,*,#12275,.F.);
#13977=ORIENTED_EDGE('',*,*,#12312,.F.);
#13978=EDGE_LOOP('',(#13975,#13976,#13977));
#13979=FACE_BOUND('',#13978,.T.);
#13980=ADVANCED_FACE('',(#13979),#13974,.T.);
#13981=CARTESIAN_POINT('',(327.37079202,824.438419623,0.526508956));
#13982=DIRECTION('',(0.,0.,1.));
#13983=DIRECTION('',(1.,0.,-0.));
#13984=AXIS2_PLACEMENT_3D('',#13981,#13982,#13983);
#13985=SPHERICAL_SURFACE('',#13984,0.7);
#13986=ORIENTED_EDGE('',*,*,#12526,.F.);
#13987=ORIENTED_EDGE('',*,*,#12322,.T.);
#13988=ORIENTED_EDGE('',*,*,#12561,.F.);
#13989=EDGE_LOOP('',(#13986,#13987,#13988));
#13990=FACE_BOUND('',#13989,.T.);
#13991=ADVANCED_FACE('',(#13990),#13985,.T.);
#13992=CARTESIAN_POINT('',(271.074243737,857.607192588,9.126508956));
#13993=DIRECTION('',(0.,0.,-1.));
#13994=DIRECTION('',(-1.,0.,-0.));
#13995=AXIS2_PLACEMENT_3D('',#13992,#13993,#13994);
#13996=SPHERICAL_SURFACE('',#13995,0.7);
#13997=ORIENTED_EDGE('',*,*,#13521,.F.);
#13998=ORIENTED_EDGE('',*,*,#13544,.F.);
#13999=ORIENTED_EDGE('',*,*,#5064,.F.);
#14000=EDGE_LOOP('',(#13997,#13998,#13999));
#14001=FACE_BOUND('',#14000,.T.);
#14002=ADVANCED_FACE('',(#14001),#13996,.T.);
#14003=CARTESIAN_POINT('',(303.57079202,865.661228843,9.826508956));
#14004=DIRECTION('',(-0.,0.,1.));
#14005=DIRECTION('',(0.,1.,-0.));
#14006=AXIS2_PLACEMENT_3D('',#14003,#14004,#14005);
#14007=CYLINDRICAL_SURFACE('',#14006,0.7);
#14008=ORIENTED_EDGE('',*,*,#13761,.F.);
#14009=ORIENTED_EDGE('',*,*,#13720,.T.);
#14010=ORIENTED_EDGE('',*,*,#8443,.F.);
#14011=ORIENTED_EDGE('',*,*,#13822,.F.);
#14012=EDGE_LOOP('',(#14008,#14009,#14010,#14011));
#14013=FACE_BOUND('',#14012,.T.);
#14014=ADVANCED_FACE('',(#14013),#14007,.T.);
#14015=CLOSED_SHELL('',(#98,#146,#240,#280,#320,#495,#1420,#1541,#1572,#1603,#1669,#2695,#2762,#2795,#2938,#3039,#3082,#3124,#3166,#3199,#3231,#3274,#3315,#3347,#3378,#3401,
#3432,#3449,#3472,#3495,#3519,#3552,#3574,#3597,#3728,#3786,#3850,#3923,#3977,#4126,#4229,#4357,#4503,#4734,#4781,#4818,#4958,#4992,#5004,#5022,#5040,
#5052,#5070,#5110,#5130,#5149,#5417,#5821,#5845,#5885,#5916,#5974,#5992,#6906,#6935,#6978,#7020,#7062,#7095,#7127,#7170,#7202,#7234,#7265,#7288,#7319,
#7336,#7359,#7401,#7438,#7472,#7494,#7536,#7765,#7838,#8090,#8149,#8167,#8185,#8203,#8215,#8248,#8407,#8447,#8626,#8650,#9010,#9238,#9442,#9585,#9753,
#9808,#9848,#10084,#10208,#10684,#11072,#11281,#11321,#11361,#11402,#11419,#11571,#11589,#11607,#11761,#11778,#11795,#11812,#11830,#11848,#11866,#11890,#11907,#11919,#11956,
#11981,#11999,#12024,#12048,#12300,#12334,#12352,#12515,#12532,#12550,#12574,#12592,#12610,#12779,#12796,#12813,#13116,#13134,#13152,#13355,#13372,#13389,#13407,#13425,#13443,
#13461,#13479,#13496,#13508,#13533,#13558,#13576,#13599,#13616,#13634,#13652,#13670,#13688,#13705,#13731,#13749,#13774,#13792,#13809,#13833,#13851,#13869,#13886,#13898,#13910,
#13922,#13933,#13945,#13957,#13969,#13980,#13991,#14002,#14014));
#14016=MANIFOLD_SOLID_BREP('Schienenkopf 7.5mm (5)',#14015);
#14017=COLOUR_RGB('',0.627451003,0.627451003,0.643137276);
#14018=FILL_AREA_STYLE_COLOUR('',#14017);
#14019=FILL_AREA_STYLE('',(#14018));
#14020=SURFACE_STYLE_FILL_AREA(#14019);
#14021=SURFACE_SIDE_STYLE('',(#14020));
#14022=SURFACE_STYLE_USAGE(.BOTH.,#14021);
#14023=PRESENTATION_STYLE_ASSIGNMENT((#14022));
#54=STYLED_ITEM('',(#14023),#14016);
#35=SHAPE_REPRESENTATION('Kleinkopf (2 Wege, 120 grad)',(#15),#33);
#36=ADVANCED_BREP_SHAPE_REPRESENTATION('Kleinkopf (2 Wege, 120 grad)',(#14016),#33);
#14031=SHAPE_REPRESENTATION_RELATIONSHIP('','',#35,#36);
#14032=CARTESIAN_POINT('',(0.,0.,0.));
#14033=DIRECTION('',(0.,0.,1.));
#14034=DIRECTION('',(1.,0.,0.));
#14035=AXIS2_PLACEMENT_3D('',#14032,#14033,#14034);
#14037=MAPPED_ITEM('',#14036,#14035);
#14036=REPRESENTATION_MAP(#14035,#35);
#14038=APPLICATION_CONTEXT('Managed model based 3d engineering');
#14039=APPLICATION_PROTOCOL_DEFINITION('international standard','ap242_managed_model_based_3d_engineering',2014,#14038);
#14040=PRODUCT_CONTEXT('',#14038,'mechanical');
#14041=PRODUCT_DEFINITION_CONTEXT('part definition',#14038,'design');
#43=PRODUCT('Kleinkopf (2 Wege, 120 grad)','Kleinkopf (2 Wege, 120 grad)','',(#14040));
#14042=PRODUCT_RELATED_PRODUCT_CATEGORY('part','',(#43));
#14043=PRODUCT_DEFINITION_FORMATION_WITH_SPECIFIED_SOURCE('','',#43,.NOT_KNOWN.);
#44=PRODUCT_DEFINITION('design','',#14043,#14041);
#42=PRODUCT_DEFINITION_SHAPE('','',#44);
#14044=SHAPE_DEFINITION_REPRESENTATION(#42,#35);
#34=DRAUGHTING_MODEL('',(#14037),#33);
#16=SHAPE_REPRESENTATION('root',(#15,#48),#10);
#14045=CARTESIAN_POINT('',(0.,0.,0.));
#14046=DIRECTION('',(0.,0.,1.));
#14047=DIRECTION('',(1.,0.,0.));
#14048=AXIS2_PLACEMENT_3D('',#14045,#14046,#14047);
#14050=MAPPED_ITEM('',#14049,#14048);
#14049=REPRESENTATION_MAP(#14048,#16);
#24=PRODUCT('root','root','',(#14040));
#14051=PRODUCT_RELATED_PRODUCT_CATEGORY('part','',(#24));
#14052=PRODUCT_DEFINITION_FORMATION_WITH_SPECIFIED_SOURCE('','',#24,.NOT_KNOWN.);
#25=PRODUCT_DEFINITION('design','',#14052,#14041);
#23=PRODUCT_DEFINITION_SHAPE('','',#25);
#14053=SHAPE_DEFINITION_REPRESENTATION(#23,#16);
#11=DRAUGHTING_MODEL('',(#14050),#10);
#14054=DESCRIPTIVE_REPRESENTATION_ITEM('KEY','C:\\Users\\Ruben\\AppData\\Local\\Packages\\Shapr3D.Shapr3D_dvv5p1vgwv6mp\\TempState\\cd823ac5-a11a-48f9-9f54-cdaec42cb6ae.tmp');
#14055=PROPERTY_DEFINITION('KEY','',#25);
#14056=REPRESENTATION('',(#14054),#10);
#14057=PROPERTY_DEFINITION_REPRESENTATION(#14055,#14056);
#14058=GENERAL_PROPERTY('','KEY','');
#14059=GENERAL_PROPERTY_ASSOCIATION('','',#14058,#14055);
#1=MECHANICAL_DESIGN_GEOMETRIC_PRESENTATION_REPRESENTATION('',(#106,#147,#496,#1421,#1670,#2696,#2763,#2796,#2939,#3040,#4782,#5111,#5975,#5993,#6907,#6936,#8448,#9849,#54),#10);
ENDSEC;
END-ISO-10303-21;
