ISO-10303-21;
HEADER;

/* File generated by Shapr3D Version 26.0.10296.0 */

FILE_DESCRIPTION(('HOOPS Exchange Step'),'2;1');

FILE_NAME('C:\\Users\\Ruben\\AppData\\Local\\Packages\\Shapr3D.Shapr3D_dvv5p1vgwv6mp\\TempState\\export\\temp_export',
'2026-01-29T20:42:05+01:00',
('Ruben'),
('Shapr3D Limited'),
'HOOPS Exchange 2025.9',
'Shapr3D',
'Authorized');

FILE_SCHEMA( ('AP242_MANAGED_MODEL_BASED_3D_ENGINEERING_MIM_LF {1 0 10303 442 1 1 4}') );

ENDSEC;

DATA;
#3=(NAMED_UNIT(*)PLANE_ANGLE_UNIT()SI_UNIT($,.RADIAN.));
#4=PLANE_ANGLE_MEASURE_WITH_UNIT(PLANE_ANGLE_MEASURE(0.0174532925),#3);
#5=(CONVERSION_BASED_UNIT('DEGREE',#4)NAMED_UNIT(#6)PLANE_ANGLE_UNIT());
#6=DIMENSIONAL_EXPONENTS(0.,0.,0.,0.,0.,0.,0.);
#7=(NAMED_UNIT(*)SI_UNIT($,.STERADIAN.)SOLID_ANGLE_UNIT());
#8=(LENGTH_UNIT()NAMED_UNIT(*)SI_UNIT(.MILLI.,.METRE.));
#9=UNCERTAINTY_MEASURE_WITH_UNIT(LENGTH_MEASURE(1.000000E-03),#8,'DISTANCE_ACCURACY_VALUE','Maximum Tolerance applied to model');
#10=(GEOMETRIC_REPRESENTATION_CONTEXT(3)GLOBAL_UNCERTAINTY_ASSIGNED_CONTEXT((#9))GLOBAL_UNIT_ASSIGNED_CONTEXT((#8,#5,#7))REPRESENTATION_CONTEXT('','root'));
#12=CARTESIAN_POINT('',(0.,0.,0.));
#13=DIRECTION('',(0.,0.,1.));
#14=DIRECTION('',(1.,0.,0.));
#15=AXIS2_PLACEMENT_3D('',#12,#13,#14);
#26=(NAMED_UNIT(*)PLANE_ANGLE_UNIT()SI_UNIT($,.RADIAN.));
#27=PLANE_ANGLE_MEASURE_WITH_UNIT(PLANE_ANGLE_MEASURE(0.0174532925),#26);
#28=(CONVERSION_BASED_UNIT('DEGREE',#27)NAMED_UNIT(#29)PLANE_ANGLE_UNIT());
#29=DIMENSIONAL_EXPONENTS(0.,0.,0.,0.,0.,0.,0.);
#30=(NAMED_UNIT(*)SI_UNIT($,.STERADIAN.)SOLID_ANGLE_UNIT());
#31=(LENGTH_UNIT()NAMED_UNIT(*)SI_UNIT(.MILLI.,.METRE.));
#32=UNCERTAINTY_MEASURE_WITH_UNIT(LENGTH_MEASURE(1.000000E-05),#31,'DISTANCE_ACCURACY_VALUE','Maximum Tolerance applied to model');
#33=(GEOMETRIC_REPRESENTATION_CONTEXT(3)GLOBAL_UNCERTAINTY_ASSIGNED_CONTEXT((#32))GLOBAL_UNIT_ASSIGNED_CONTEXT((#31,#28,#30))REPRESENTATION_CONTEXT('','Kleinkopf Kralle (120 grad)'));
#45=CARTESIAN_POINT('',(0.,0.,0.));
#46=DIRECTION('',(0.,0.,1.));
#47=DIRECTION('',(1.,0.,-0.));
#48=AXIS2_PLACEMENT_3D('',#45,#46,#47);
#49=ITEM_DEFINED_TRANSFORMATION('','',#48,#15);
#50=(REPRESENTATION_RELATIONSHIP('','',#35,#16)REPRESENTATION_RELATIONSHIP_WITH_TRANSFORMATION(#49)SHAPE_REPRESENTATION_RELATIONSHIP());
#51=NEXT_ASSEMBLY_USAGE_OCCURRENCE('Kleinkopf Kralle (120 grad)_1','Kleinkopf Kralle (120 grad)','Kleinkopf Kralle (120 grad)',#25,#44,$);
#52=PRODUCT_DEFINITION_SHAPE('','',#51);
#53=CONTEXT_DEPENDENT_SHAPE_REPRESENTATION(#50,#52);
#55=CARTESIAN_POINT('',(184.926821496,923.241041114,21.9));
#56=DIRECTION('',(-0.,-0.,-1.));
#57=DIRECTION('',(0.866025404,0.5,-0.));
#58=AXIS2_PLACEMENT_3D('',#55,#56,#57);
#59=PLANE('',#58);
#60=CARTESIAN_POINT('',(211.449232406,890.350923149,21.9));
#61=VERTEX_POINT('',#60);
#62=CARTESIAN_POINT('',(226.559203591,916.477774002,21.9));
#63=VERTEX_POINT('',#62);
#64=CARTESIAN_POINT('',(211.449232406,890.350923149,21.9));
#65=DIRECTION('',(0.500636682,0.865657503,-0.));
#66=VECTOR('',#65,30.181510312);
#67=LINE('',#64,#66);
#68=EDGE_CURVE('',#61,#63,#67,.T.);
#69=ORIENTED_EDGE('',*,*,#68,.T.);
#70=CARTESIAN_POINT('',(220.122527502,927.626424021,21.9));
#71=VERTEX_POINT('',#70);
#72=CARTESIAN_POINT('',(226.559203591,916.477774002,21.9));
#73=DIRECTION('',(-0.5,0.866025404,0.));
#74=VECTOR('',#73,12.873352179);
#75=LINE('',#72,#74);
#76=EDGE_CURVE('',#63,#71,#75,.T.);
#77=ORIENTED_EDGE('',*,*,#76,.T.);
#78=CARTESIAN_POINT('',(218.910091937,926.926424021,21.9));
#79=VERTEX_POINT('',#78);
#80=CARTESIAN_POINT('',(218.910091937,926.926424021,21.9));
#81=DIRECTION('',(0.866025404,0.5,-0.));
#82=VECTOR('',#81,1.4);
#83=LINE('',#80,#82);
#84=EDGE_CURVE('',#79,#71,#83,.T.);
#85=ORIENTED_EDGE('',*,*,#84,.F.);
#86=CARTESIAN_POINT('',(224.710091937,916.880529337,21.9));
#87=VERTEX_POINT('',#86);
#88=CARTESIAN_POINT('',(218.910091937,926.926424021,21.9));
#89=DIRECTION('',(0.5,-0.866025404,-0.));
#90=VECTOR('',#89,11.6);
#91=LINE('',#88,#90);
#92=EDGE_CURVE('',#79,#87,#91,.T.);
#93=ORIENTED_EDGE('',*,*,#92,.T.);
#94=CARTESIAN_POINT('',(210.201177149,908.503803479,21.9));
#95=VERTEX_POINT('',#94);
#96=CARTESIAN_POINT('',(224.710091937,916.880529337,21.9));
#97=DIRECTION('',(-0.866025404,-0.5,0.));
#98=VECTOR('',#97,16.753451717);
#99=LINE('',#96,#98);
#100=EDGE_CURVE('',#87,#95,#99,.T.);
#101=ORIENTED_EDGE('',*,*,#100,.T.);
#102=CARTESIAN_POINT('',(210.201177149,891.750351762,21.9));
#103=VERTEX_POINT('',#102);
#104=CARTESIAN_POINT('',(210.201177149,908.503803479,21.9));
#105=DIRECTION('',(-0.,-1.,0.));
#106=VECTOR('',#105,16.753451717);
#107=LINE('',#104,#106);
#108=EDGE_CURVE('',#95,#103,#107,.T.);
#109=ORIENTED_EDGE('',*,*,#108,.T.);
#110=CARTESIAN_POINT('',(198.59986992,891.750351762,21.9));
#111=VERTEX_POINT('',#110);
#112=CARTESIAN_POINT('',(210.201177149,891.750351762,21.9));
#113=DIRECTION('',(-1.,0.,0.));
#114=VECTOR('',#113,11.60130723);
#115=LINE('',#112,#114);
#116=EDGE_CURVE('',#103,#111,#115,.T.);
#117=ORIENTED_EDGE('',*,*,#116,.T.);
#118=CARTESIAN_POINT('',(198.597835859,890.349943802,21.9));
#119=VERTEX_POINT('',#118);
#120=CARTESIAN_POINT('',(198.59986992,891.750351762,21.9));
#121=DIRECTION('',(-0.001452476,-0.999998945,0.));
#122=VECTOR('',#121,1.400409437);
#123=LINE('',#120,#122);
#124=EDGE_CURVE('',#111,#119,#123,.T.);
#125=ORIENTED_EDGE('',*,*,#124,.T.);
#126=CARTESIAN_POINT('',(198.597835859,890.349943802,21.9));
#127=DIRECTION('',(0.999999997,0.000076206,-0.));
#128=VECTOR('',#127,12.851396585);
#129=LINE('',#126,#128);
#130=EDGE_CURVE('',#119,#61,#129,.T.);
#131=ORIENTED_EDGE('',*,*,#130,.T.);
#132=EDGE_LOOP('',(#69,#77,#85,#93,#101,#109,#117,#125,#131));
#133=FACE_BOUND('',#132,.T.);
#134=ADVANCED_FACE('',(#133),#59,.F.);
#135=CARTESIAN_POINT('',(184.801177149,923.023418721,21.9));
#136=DIRECTION('',(0.,0.,-1.));
#137=DIRECTION('',(0.,-1.,0.));
#138=AXIS2_PLACEMENT_3D('',#135,#136,#137);
#139=PLANE('',#138);
#140=CARTESIAN_POINT('',(142.824280146,916.097465564,21.9));
#141=VERTEX_POINT('',#140);
#142=CARTESIAN_POINT('',(157.664150321,890.350351762,21.9));
#143=VERTEX_POINT('',#142);
#144=CARTESIAN_POINT('',(142.824280146,916.097465564,21.9));
#145=DIRECTION('',(0.499363047,-0.866392836,-0.));
#146=VECTOR('',#145,29.717597749);
#147=LINE('',#144,#146);
#148=EDGE_CURVE('',#141,#143,#147,.T.);
#149=ORIENTED_EDGE('',*,*,#148,.T.);
#150=CARTESIAN_POINT('',(171.001177149,890.350351762,21.9));
#151=VERTEX_POINT('',#150);
#152=CARTESIAN_POINT('',(157.664150321,890.350351762,21.9));
#153=DIRECTION('',(1.,0.,-0.));
#154=VECTOR('',#153,13.337026828);
#155=LINE('',#152,#154);
#156=EDGE_CURVE('',#143,#151,#155,.T.);
#157=ORIENTED_EDGE('',*,*,#156,.T.);
#158=CARTESIAN_POINT('',(171.001177149,891.750351762,21.9));
#159=VERTEX_POINT('',#158);
#160=CARTESIAN_POINT('',(171.001177149,891.750351762,21.9));
#161=DIRECTION('',(0.,-1.,0.));
#162=VECTOR('',#161,1.4);
#163=LINE('',#160,#162);
#164=EDGE_CURVE('',#159,#151,#163,.T.);
#165=ORIENTED_EDGE('',*,*,#164,.F.);
#166=CARTESIAN_POINT('',(159.401177149,891.750351762,21.9));
#167=VERTEX_POINT('',#166);
#168=CARTESIAN_POINT('',(171.001177149,891.750351762,21.9));
#169=DIRECTION('',(-1.,0.,0.));
#170=VECTOR('',#169,11.6);
#171=LINE('',#168,#170);
#172=EDGE_CURVE('',#159,#167,#171,.T.);
#173=ORIENTED_EDGE('',*,*,#172,.T.);
#174=CARTESIAN_POINT('',(159.401177149,908.503803479,21.9));
#175=VERTEX_POINT('',#174);
#176=CARTESIAN_POINT('',(159.401177149,891.750351762,21.9));
#177=DIRECTION('',(0.,1.,0.));
#178=VECTOR('',#177,16.753451717);
#179=LINE('',#176,#178);
#180=EDGE_CURVE('',#167,#175,#179,.T.);
#181=ORIENTED_EDGE('',*,*,#180,.T.);
#182=CARTESIAN_POINT('',(144.892262361,916.880529337,21.9));
#183=VERTEX_POINT('',#182);
#184=CARTESIAN_POINT('',(159.401177149,908.503803479,21.9));
#185=DIRECTION('',(-0.866025404,0.5,0.));
#186=VECTOR('',#185,16.753451717);
#187=LINE('',#184,#186);
#188=EDGE_CURVE('',#175,#183,#187,.T.);
#189=ORIENTED_EDGE('',*,*,#188,.T.);
#190=CARTESIAN_POINT('',(150.692915976,926.927556115,21.9));
#191=VERTEX_POINT('',#190);
#192=CARTESIAN_POINT('',(144.892262361,916.880529337,21.9));
#193=DIRECTION('',(0.5,0.866025404,0.));
#194=VECTOR('',#193,11.60130723);
#195=LINE('',#192,#194);
#196=EDGE_CURVE('',#183,#191,#195,.T.);
#197=ORIENTED_EDGE('',*,*,#196,.T.);
#198=CARTESIAN_POINT('',(149.481144137,927.629521643,21.9));
#199=VERTEX_POINT('',#198);
#200=CARTESIAN_POINT('',(150.692915976,926.927556115,21.9));
#201=DIRECTION('',(-0.865298252,0.501257353,0.));
#202=VECTOR('',#201,1.400409437);
#203=LINE('',#200,#202);
#204=EDGE_CURVE('',#191,#199,#203,.T.);
#205=ORIENTED_EDGE('',*,*,#204,.T.);
#206=CARTESIAN_POINT('',(149.481144137,927.629521643,21.9));
#207=DIRECTION('',(-0.499934003,-0.866063504,0.));
#208=VECTOR('',#207,13.315485557);
#209=LINE('',#206,#208);
#210=EDGE_CURVE('',#199,#141,#209,.T.);
#211=ORIENTED_EDGE('',*,*,#210,.T.);
#212=EDGE_LOOP('',(#149,#157,#165,#173,#181,#189,#197,#205,#211));
#213=FACE_BOUND('',#212,.T.);
#214=ADVANCED_FACE('',(#213),#139,.F.);
#215=CARTESIAN_POINT('',(146.213553646,923.369077545,21.9));
#216=DIRECTION('',(0.866063504,-0.499934003,0.));
#217=DIRECTION('',(-0.499934003,-0.866063504,0.));
#218=AXIS2_PLACEMENT_3D('',#215,#216,#217);
#219=PLANE('',#218);
#220=CARTESIAN_POINT('',(148.875434653,927.980402201,21.2));
#221=VERTEX_POINT('',#220);
#222=CARTESIAN_POINT('',(148.875434653,927.980402201,10.6));
#223=VERTEX_POINT('',#222);
#224=CARTESIAN_POINT('',(148.875434653,927.980402201,21.2));
#225=DIRECTION('',(0.,-0.,-1.));
#226=VECTOR('',#225,10.6);
#227=LINE('',#224,#226);
#228=EDGE_CURVE('',#221,#223,#227,.T.);
#229=ORIENTED_EDGE('',*,*,#228,.T.);
#230=CARTESIAN_POINT('',(142.248192918,916.499662406,10.6));
#231=VERTEX_POINT('',#230);
#232=CARTESIAN_POINT('',(148.875434653,927.980402201,10.6));
#233=DIRECTION('',(-0.499934003,-0.866063504,0.));
#234=VECTOR('',#233,13.256233222);
#235=LINE('',#232,#234);
#236=EDGE_CURVE('',#223,#231,#235,.T.);
#237=ORIENTED_EDGE('',*,*,#236,.T.);
#238=CARTESIAN_POINT('',(142.248192918,916.499662406,21.179898987));
#239=VERTEX_POINT('',#238);
#240=CARTESIAN_POINT('',(142.248192918,916.499662406,10.6));
#241=DIRECTION('',(0.,0.,1.));
#242=VECTOR('',#241,10.579898987);
#243=LINE('',#240,#242);
#244=EDGE_CURVE('',#231,#239,#243,.T.);
#245=ORIENTED_EDGE('',*,*,#244,.T.);
#246=CARTESIAN_POINT('',(142.253001622,916.507992791,21.2));
#247=VERTEX_POINT('',#246);
#248=CARTESIAN_POINT('',(142.248192918,916.499662406,21.179898987));
#249=DIRECTION('',(0.215793268,0.373830691,0.902044279));
#250=VECTOR('',#249,0.022283843);
#251=LINE('',#248,#250);
#252=EDGE_CURVE('',#239,#247,#251,.T.);
#253=ORIENTED_EDGE('',*,*,#252,.T.);
#254=CARTESIAN_POINT('',(142.253001622,916.507992791,21.2));
#255=DIRECTION('',(0.499934003,0.866063504,0.));
#256=VECTOR('',#255,13.246614546);
#257=LINE('',#254,#256);
#258=EDGE_CURVE('',#247,#221,#257,.T.);
#259=ORIENTED_EDGE('',*,*,#258,.T.);
#260=EDGE_LOOP('',(#229,#237,#245,#253,#259));
#261=FACE_BOUND('',#260,.T.);
#262=ADVANCED_FACE('',(#261),#219,.F.);
#263=CARTESIAN_POINT('',(184.675532802,923.241041114,9.9));
#264=DIRECTION('',(0.,-0.,-1.));
#265=DIRECTION('',(0.866025404,-0.5,0.));
#266=AXIS2_PLACEMENT_3D('',#263,#264,#265);
#267=PLANE('',#266);
#268=CARTESIAN_POINT('',(188.757195115,932.906531747,9.9));
#269=VERTEX_POINT('',#268);
#270=CARTESIAN_POINT('',(190.507195115,932.906531747,9.9));
#271=DIRECTION('',(0.,-0.,-1.));
#272=DIRECTION('',(-1.,0.,-0.));
#273=AXIS2_PLACEMENT_3D('',#270,#271,#272);
#274=CIRCLE('',#273,1.75);
#275=EDGE_CURVE('',#269,#269,#274,.T.);
#276=ORIENTED_EDGE('',*,*,#275,.F.);
#277=EDGE_LOOP('',(#276));
#278=FACE_BOUND('',#277,.T.);
#279=CARTESIAN_POINT('',(177.345159183,913.140305695,9.9));
#280=VERTEX_POINT('',#279);
#281=CARTESIAN_POINT('',(179.095159183,913.140305695,9.9));
#282=DIRECTION('',(0.,-0.,-1.));
#283=DIRECTION('',(-1.,0.,-0.));
#284=AXIS2_PLACEMENT_3D('',#281,#282,#283);
#285=CIRCLE('',#284,1.75);
#286=EDGE_CURVE('',#280,#280,#285,.T.);
#287=ORIENTED_EDGE('',*,*,#286,.F.);
#288=EDGE_LOOP('',(#287));
#289=FACE_BOUND('',#288,.T.);
#290=CARTESIAN_POINT('',(199.213213081,923.023418721,9.9));
#291=VERTEX_POINT('',#290);
#292=CARTESIAN_POINT('',(192.007195115,910.542229483,9.9));
#293=VERTEX_POINT('',#292);
#294=CARTESIAN_POINT('',(199.213213081,923.023418721,9.9));
#295=DIRECTION('',(-0.5,-0.866025404,0.));
#296=VECTOR('',#295,14.412035932);
#297=LINE('',#294,#296);
#298=EDGE_CURVE('',#291,#293,#297,.T.);
#299=ORIENTED_EDGE('',*,*,#298,.T.);
#300=CARTESIAN_POINT('',(177.595159183,910.542229483,9.9));
#301=VERTEX_POINT('',#300);
#302=CARTESIAN_POINT('',(192.007195115,910.542229483,9.9));
#303=DIRECTION('',(-1.,-0.,0.));
#304=VECTOR('',#303,14.412035932);
#305=LINE('',#302,#304);
#306=EDGE_CURVE('',#293,#301,#305,.T.);
#307=ORIENTED_EDGE('',*,*,#306,.T.);
#308=CARTESIAN_POINT('',(170.389141217,923.023418721,9.9));
#309=VERTEX_POINT('',#308);
#310=CARTESIAN_POINT('',(177.595159183,910.542229483,9.9));
#311=DIRECTION('',(-0.5,0.866025404,-0.));
#312=VECTOR('',#311,14.412035932);
#313=LINE('',#310,#312);
#314=EDGE_CURVE('',#301,#309,#313,.T.);
#315=ORIENTED_EDGE('',*,*,#314,.T.);
#316=CARTESIAN_POINT('',(177.595159183,935.504607959,9.9));
#317=VERTEX_POINT('',#316);
#318=CARTESIAN_POINT('',(170.389141217,923.023418721,9.9));
#319=DIRECTION('',(0.5,0.866025404,-0.));
#320=VECTOR('',#319,14.412035932);
#321=LINE('',#318,#320);
#322=EDGE_CURVE('',#309,#317,#321,.T.);
#323=ORIENTED_EDGE('',*,*,#322,.T.);
#324=CARTESIAN_POINT('',(192.007195115,935.504607959,9.9));
#325=VERTEX_POINT('',#324);
#326=CARTESIAN_POINT('',(177.595159183,935.504607959,9.9));
#327=DIRECTION('',(1.,0.,-0.));
#328=VECTOR('',#327,14.412035932);
#329=LINE('',#326,#328);
#330=EDGE_CURVE('',#317,#325,#329,.T.);
#331=ORIENTED_EDGE('',*,*,#330,.T.);
#332=CARTESIAN_POINT('',(192.007195115,935.504607959,9.9));
#333=DIRECTION('',(0.5,-0.866025404,0.));
#334=VECTOR('',#333,14.412035932);
#335=LINE('',#332,#334);
#336=EDGE_CURVE('',#325,#291,#335,.T.);
#337=ORIENTED_EDGE('',*,*,#336,.T.);
#338=EDGE_LOOP('',(#299,#307,#315,#323,#331,#337));
#339=FACE_BOUND('',#338,.T.);
#340=ADVANCED_FACE('',(#278,#289,#339),#267,.T.);
#341=CARTESIAN_POINT('',(165.348609013,956.511961076,21.9));
#342=DIRECTION('',(-0.866025404,0.5,-0.));
#343=DIRECTION('',(-0.,-0.,1.));
#344=AXIS2_PLACEMENT_3D('',#341,#342,#343);
#345=PLANE('',#344);
#346=CARTESIAN_POINT('',(169.312529311,963.377672429,21.2));
#347=VERTEX_POINT('',#346);
#348=CARTESIAN_POINT('',(169.312529311,963.377672429,10.6));
#349=VERTEX_POINT('',#348);
#350=CARTESIAN_POINT('',(169.312529311,963.377672429,21.2));
#351=DIRECTION('',(0.,-0.,-1.));
#352=VECTOR('',#351,10.6);
#353=LINE('',#350,#352);
#354=EDGE_CURVE('',#347,#349,#353,.T.);
#355=ORIENTED_EDGE('',*,*,#354,.T.);
#356=CARTESIAN_POINT('',(162.673609013,951.878725165,10.6));
#357=VERTEX_POINT('',#356);
#358=CARTESIAN_POINT('',(169.312529311,963.377672429,10.6));
#359=DIRECTION('',(-0.5,-0.866025404,0.));
#360=VECTOR('',#359,13.277840596);
#361=LINE('',#358,#360);
#362=EDGE_CURVE('',#349,#357,#361,.T.);
#363=ORIENTED_EDGE('',*,*,#362,.T.);
#364=CARTESIAN_POINT('',(162.673609013,951.878725165,21.2));
#365=VERTEX_POINT('',#364);
#366=CARTESIAN_POINT('',(162.673609013,951.878725165,21.2));
#367=DIRECTION('',(0.,-0.,-1.));
#368=VECTOR('',#367,10.6);
#369=LINE('',#366,#368);
#370=EDGE_CURVE('',#365,#357,#369,.T.);
#371=ORIENTED_EDGE('',*,*,#370,.F.);
#372=CARTESIAN_POINT('',(162.673609013,951.878725165,21.2));
#373=DIRECTION('',(0.5,0.866025404,-0.));
#374=VECTOR('',#373,13.277840596);
#375=LINE('',#372,#374);
#376=EDGE_CURVE('',#365,#347,#375,.T.);
#377=ORIENTED_EDGE('',*,*,#376,.T.);
#378=EDGE_LOOP('',(#355,#363,#371,#377));
#379=FACE_BOUND('',#378,.T.);
#380=ADVANCED_FACE('',(#379),#345,.T.);
#381=CARTESIAN_POINT('',(184.840718549,963.366254031,21.9));
#382=DIRECTION('',(-0.000735333,-0.99999973,0.));
#383=DIRECTION('',(-0.99999973,0.000735333,-0.));
#384=AXIS2_PLACEMENT_3D('',#381,#382,#383);
#385=PLANE('',#384);
#386=CARTESIAN_POINT('',(200.302286221,963.354884622,10.6));
#387=VERTEX_POINT('',#386);
#388=CARTESIAN_POINT('',(200.302286221,963.354884622,21.2));
#389=VERTEX_POINT('',#388);
#390=CARTESIAN_POINT('',(200.302286221,963.354884622,10.6));
#391=DIRECTION('',(-0.,0.,1.));
#392=VECTOR('',#391,10.6);
#393=LINE('',#390,#392);
#394=EDGE_CURVE('',#387,#389,#393,.T.);
#395=ORIENTED_EDGE('',*,*,#394,.F.);
#396=CARTESIAN_POINT('',(200.302286221,963.354884622,10.6));
#397=DIRECTION('',(-0.99999973,0.000735333,-0.));
#398=VECTOR('',#397,30.989765288);
#399=LINE('',#396,#398);
#400=EDGE_CURVE('',#387,#349,#399,.T.);
#401=ORIENTED_EDGE('',*,*,#400,.T.);
#402=ORIENTED_EDGE('',*,*,#354,.F.);
#403=CARTESIAN_POINT('',(169.312529311,963.377672429,21.2));
#404=DIRECTION('',(0.99999973,-0.000735333,0.));
#405=VECTOR('',#404,30.989765288);
#406=LINE('',#403,#405);
#407=EDGE_CURVE('',#347,#389,#406,.T.);
#408=ORIENTED_EDGE('',*,*,#407,.T.);
#409=EDGE_LOOP('',(#395,#401,#402,#408));
#410=FACE_BOUND('',#409,.T.);
#411=ADVANCED_FACE('',(#410),#385,.F.);
#412=CARTESIAN_POINT('',(204.268693877,956.486073927,21.9));
#413=DIRECTION('',(-0.865987299,-0.500065994,0.));
#414=DIRECTION('',(-0.500065994,0.865987299,-0.));
#415=AXIS2_PLACEMENT_3D('',#412,#413,#414);
#416=PLANE('',#415);
#417=CARTESIAN_POINT('',(206.93127767,951.875155025,21.2));
#418=VERTEX_POINT('',#417);
#419=CARTESIAN_POINT('',(206.93127767,951.875155025,10.6));
#420=VERTEX_POINT('',#419);
#421=CARTESIAN_POINT('',(206.93127767,951.875155025,21.2));
#422=DIRECTION('',(0.,-0.,-1.));
#423=VECTOR('',#422,10.6);
#424=LINE('',#421,#423);
#425=EDGE_CURVE('',#418,#420,#424,.T.);
#426=ORIENTED_EDGE('',*,*,#425,.T.);
#427=CARTESIAN_POINT('',(206.93127767,951.875155025,10.6));
#428=DIRECTION('',(-0.500065994,0.865987299,-0.));
#429=VECTOR('',#428,13.256233222);
#430=LINE('',#427,#429);
#431=EDGE_CURVE('',#420,#387,#430,.T.);
#432=ORIENTED_EDGE('',*,*,#431,.T.);
#433=ORIENTED_EDGE('',*,*,#394,.T.);
#434=CARTESIAN_POINT('',(200.302286221,963.354884622,21.2));
#435=DIRECTION('',(0.500065994,-0.865987299,0.));
#436=VECTOR('',#435,13.256233222);
#437=LINE('',#434,#436);
#438=EDGE_CURVE('',#389,#418,#437,.T.);
#439=ORIENTED_EDGE('',*,*,#438,.T.);
#440=EDGE_LOOP('',(#426,#432,#433,#439));
#441=FACE_BOUND('',#440,.T.);
#442=ADVANCED_FACE('',(#441),#416,.F.);
#443=CARTESIAN_POINT('',(205.197419802,950.877466757,21.9));
#444=DIRECTION('',(-0.498741592,0.866750728,-0.));
#445=DIRECTION('',(0.866750728,0.498741592,0.));
#446=AXIS2_PLACEMENT_3D('',#443,#444,#445);
#447=PLANE('',#446);
#448=CARTESIAN_POINT('',(204.330669073,950.378725165,10.6));
#449=VERTEX_POINT('',#448);
#450=CARTESIAN_POINT('',(204.330669073,950.378725165,12.9));
#451=VERTEX_POINT('',#450);
#452=CARTESIAN_POINT('',(204.330669073,950.378725165,10.6));
#453=DIRECTION('',(-0.,0.,1.));
#454=VECTOR('',#453,2.3);
#455=LINE('',#452,#454);
#456=EDGE_CURVE('',#449,#451,#455,.T.);
#457=ORIENTED_EDGE('',*,*,#456,.F.);
#458=CARTESIAN_POINT('',(204.330669073,950.378725165,10.6));
#459=DIRECTION('',(0.866750728,0.498741592,-0.));
#460=VECTOR('',#459,3.000411205);
#461=LINE('',#458,#460);
#462=EDGE_CURVE('',#449,#420,#461,.T.);
#463=ORIENTED_EDGE('',*,*,#462,.T.);
#464=ORIENTED_EDGE('',*,*,#425,.F.);
#465=CARTESIAN_POINT('',(206.324551451,951.526035503,21.9));
#466=VERTEX_POINT('',#465);
#467=CARTESIAN_POINT('',(206.93127767,951.875155025,21.2));
#468=DIRECTION('',(-0.612885676,-0.352663768,0.707106368));
#469=VECTOR('',#468,0.989950072);
#470=LINE('',#467,#469);
#471=EDGE_CURVE('',#418,#466,#470,.T.);
#472=ORIENTED_EDGE('',*,*,#471,.T.);
#473=CARTESIAN_POINT('',(205.110745552,950.827593071,21.9));
#474=VERTEX_POINT('',#473);
#475=CARTESIAN_POINT('',(205.110745552,950.827593071,21.9));
#476=DIRECTION('',(0.866750728,0.498741592,-0.));
#477=VECTOR('',#476,1.400409437);
#478=LINE('',#475,#477);
#479=EDGE_CURVE('',#474,#466,#478,.T.);
#480=ORIENTED_EDGE('',*,*,#479,.F.);
#481=CARTESIAN_POINT('',(204.504019402,950.478473589,21.2));
#482=VERTEX_POINT('',#481);
#483=CARTESIAN_POINT('',(205.110745552,950.827593071,21.9));
#484=DIRECTION('',(-0.612885641,-0.352663748,-0.707106408));
#485=VECTOR('',#484,0.989950016);
#486=LINE('',#483,#485);
#487=EDGE_CURVE('',#474,#482,#486,.T.);
#488=ORIENTED_EDGE('',*,*,#487,.T.);
#489=CARTESIAN_POINT('',(204.504019402,950.478473589,12.9));
#490=VERTEX_POINT('',#489);
#491=CARTESIAN_POINT('',(204.504019402,950.478473589,21.2));
#492=DIRECTION('',(0.,-0.,-1.));
#493=VECTOR('',#492,8.3);
#494=LINE('',#491,#493);
#495=EDGE_CURVE('',#482,#490,#494,.T.);
#496=ORIENTED_EDGE('',*,*,#495,.T.);
#497=CARTESIAN_POINT('',(204.330669073,950.378725165,12.9));
#498=DIRECTION('',(0.866750728,0.498741592,-0.));
#499=VECTOR('',#498,0.200000211);
#500=LINE('',#497,#499);
#501=EDGE_CURVE('',#451,#490,#500,.T.);
#502=ORIENTED_EDGE('',*,*,#501,.F.);
#503=EDGE_LOOP('',(#457,#463,#464,#472,#480,#488,#496,#502));
#504=FACE_BOUND('',#503,.T.);
#505=ADVANCED_FACE('',(#504),#447,.F.);
#506=CARTESIAN_POINT('',(201.828874154,955.111961076,21.9));
#507=DIRECTION('',(-0.866025404,-0.5,0.));
#508=DIRECTION('',(-0.5,0.866025404,-0.));
#509=AXIS2_PLACEMENT_3D('',#506,#507,#508);
#510=PLANE('',#509);
#511=ORIENTED_EDGE('',*,*,#495,.F.);
#512=CARTESIAN_POINT('',(199.053874154,959.918402067,21.2));
#513=VERTEX_POINT('',#512);
#514=CARTESIAN_POINT('',(204.504019402,950.478473589,21.2));
#515=DIRECTION('',(-0.5,0.866025404,-0.));
#516=VECTOR('',#515,10.900290495);
#517=LINE('',#514,#516);
#518=EDGE_CURVE('',#482,#513,#517,.T.);
#519=ORIENTED_EDGE('',*,*,#518,.T.);
#520=CARTESIAN_POINT('',(199.053874154,959.918402067,12.9));
#521=VERTEX_POINT('',#520);
#522=CARTESIAN_POINT('',(199.053874154,959.918402067,21.2));
#523=DIRECTION('',(0.,-0.,-1.));
#524=VECTOR('',#523,8.3);
#525=LINE('',#522,#524);
#526=EDGE_CURVE('',#513,#521,#525,.T.);
#527=ORIENTED_EDGE('',*,*,#526,.T.);
#528=CARTESIAN_POINT('',(204.504019402,950.478473589,12.9));
#529=DIRECTION('',(-0.5,0.866025404,-0.));
#530=VECTOR('',#529,10.900290495);
#531=LINE('',#528,#530);
#532=EDGE_CURVE('',#490,#521,#531,.T.);
#533=ORIENTED_EDGE('',*,*,#532,.F.);
#534=EDGE_LOOP('',(#511,#519,#527,#533));
#535=FACE_BOUND('',#534,.T.);
#536=ADVANCED_FACE('',(#535),#510,.T.);
#537=CARTESIAN_POINT('',(191.790923111,955.725135327,21.9));
#538=DIRECTION('',(-0.5,0.866025404,-0.));
#539=DIRECTION('',(0.866025404,0.5,0.));
#540=AXIS2_PLACEMENT_3D('',#537,#538,#539);
#541=PLANE('',#540);
#542=ORIENTED_EDGE('',*,*,#526,.F.);
#543=CARTESIAN_POINT('',(184.801177149,951.689603614,21.2));
#544=VERTEX_POINT('',#543);
#545=CARTESIAN_POINT('',(199.053874154,959.918402067,21.2));
#546=DIRECTION('',(-0.866025404,-0.5,0.));
#547=VECTOR('',#546,16.457596905);
#548=LINE('',#545,#547);
#549=EDGE_CURVE('',#513,#544,#548,.T.);
#550=ORIENTED_EDGE('',*,*,#549,.T.);
#551=CARTESIAN_POINT('',(184.801177149,951.689603614,12.9));
#552=VERTEX_POINT('',#551);
#553=CARTESIAN_POINT('',(184.801177149,951.689603614,21.2));
#554=DIRECTION('',(0.,-0.,-1.));
#555=VECTOR('',#554,8.3);
#556=LINE('',#553,#555);
#557=EDGE_CURVE('',#544,#552,#556,.T.);
#558=ORIENTED_EDGE('',*,*,#557,.T.);
#559=CARTESIAN_POINT('',(184.801177149,951.689603614,12.9));
#560=DIRECTION('',(0.866025404,0.5,-0.));
#561=VECTOR('',#560,16.457596905);
#562=LINE('',#559,#561);
#563=EDGE_CURVE('',#552,#521,#562,.T.);
#564=ORIENTED_EDGE('',*,*,#563,.T.);
#565=EDGE_LOOP('',(#542,#550,#558,#564));
#566=FACE_BOUND('',#565,.T.);
#567=ADVANCED_FACE('',(#566),#541,.F.);
#568=CARTESIAN_POINT('',(177.811431187,955.725135327,21.9));
#569=DIRECTION('',(0.5,0.866025404,-0.));
#570=DIRECTION('',(0.866025404,-0.5,0.));
#571=AXIS2_PLACEMENT_3D('',#568,#569,#570);
#572=PLANE('',#571);
#573=ORIENTED_EDGE('',*,*,#557,.F.);
#574=CARTESIAN_POINT('',(170.548480144,959.918402067,21.2));
#575=VERTEX_POINT('',#574);
#576=CARTESIAN_POINT('',(184.801177149,951.689603614,21.2));
#577=DIRECTION('',(-0.866025404,0.5,-0.));
#578=VECTOR('',#577,16.457596905);
#579=LINE('',#576,#578);
#580=EDGE_CURVE('',#544,#575,#579,.T.);
#581=ORIENTED_EDGE('',*,*,#580,.T.);
#582=CARTESIAN_POINT('',(170.548480144,959.918402067,12.9));
#583=VERTEX_POINT('',#582);
#584=CARTESIAN_POINT('',(170.548480144,959.918402067,21.2));
#585=DIRECTION('',(0.,-0.,-1.));
#586=VECTOR('',#585,8.3);
#587=LINE('',#584,#586);
#588=EDGE_CURVE('',#575,#583,#587,.T.);
#589=ORIENTED_EDGE('',*,*,#588,.T.);
#590=CARTESIAN_POINT('',(170.548480144,959.918402067,12.9));
#591=DIRECTION('',(0.866025404,-0.5,0.));
#592=VECTOR('',#591,16.457596905);
#593=LINE('',#590,#592);
#594=EDGE_CURVE('',#583,#552,#593,.T.);
#595=ORIENTED_EDGE('',*,*,#594,.T.);
#596=EDGE_LOOP('',(#573,#581,#589,#595));
#597=FACE_BOUND('',#596,.T.);
#598=ADVANCED_FACE('',(#597),#572,.F.);
#599=CARTESIAN_POINT('',(167.773480144,955.111961076,21.9));
#600=DIRECTION('',(-0.866025404,0.5,-0.));
#601=DIRECTION('',(-0.,-0.,1.));
#602=AXIS2_PLACEMENT_3D('',#599,#600,#601);
#603=PLANE('',#602);
#604=ORIENTED_EDGE('',*,*,#588,.F.);
#605=CARTESIAN_POINT('',(165.098480144,950.478725165,21.2));
#606=VERTEX_POINT('',#605);
#607=CARTESIAN_POINT('',(170.548480144,959.918402067,21.2));
#608=DIRECTION('',(-0.5,-0.866025404,0.));
#609=VECTOR('',#608,10.9);
#610=LINE('',#607,#609);
#611=EDGE_CURVE('',#575,#606,#610,.T.);
#612=ORIENTED_EDGE('',*,*,#611,.T.);
#613=CARTESIAN_POINT('',(165.098480144,950.478725165,12.9));
#614=VERTEX_POINT('',#613);
#615=CARTESIAN_POINT('',(165.098480144,950.478725165,21.2));
#616=DIRECTION('',(0.,-0.,-1.));
#617=VECTOR('',#616,8.3);
#618=LINE('',#615,#617);
#619=EDGE_CURVE('',#606,#614,#618,.T.);
#620=ORIENTED_EDGE('',*,*,#619,.T.);
#621=CARTESIAN_POINT('',(165.098480144,950.478725165,12.9));
#622=DIRECTION('',(0.5,0.866025404,-0.));
#623=VECTOR('',#622,10.9);
#624=LINE('',#621,#623);
#625=EDGE_CURVE('',#614,#583,#624,.T.);
#626=ORIENTED_EDGE('',*,*,#625,.T.);
#627=EDGE_LOOP('',(#604,#612,#620,#626));
#628=FACE_BOUND('',#627,.T.);
#629=ADVANCED_FACE('',(#628),#603,.F.);
#630=CARTESIAN_POINT('',(164.405659821,950.878725165,21.9));
#631=DIRECTION('',(-0.5,-0.866025404,0.));
#632=DIRECTION('',(0.,-0.,-1.));
#633=AXIS2_PLACEMENT_3D('',#630,#631,#632);
#634=PLANE('',#633);
#635=ORIENTED_EDGE('',*,*,#370,.T.);
#636=CARTESIAN_POINT('',(177.490870758,943.323975108,10.6));
#637=VERTEX_POINT('',#636);
#638=CARTESIAN_POINT('',(162.673609013,951.878725165,10.6));
#639=DIRECTION('',(0.866025404,-0.5,0.));
#640=VECTOR('',#639,17.109500114);
#641=LINE('',#638,#640);
#642=EDGE_CURVE('',#357,#637,#641,.T.);
#643=ORIENTED_EDGE('',*,*,#642,.T.);
#644=CARTESIAN_POINT('',(177.490870758,943.323975108,12.9));
#645=VERTEX_POINT('',#644);
#646=CARTESIAN_POINT('',(177.490870758,943.323975108,10.6));
#647=DIRECTION('',(-0.,0.,1.));
#648=VECTOR('',#647,2.3);
#649=LINE('',#646,#648);
#650=EDGE_CURVE('',#637,#645,#649,.T.);
#651=ORIENTED_EDGE('',*,*,#650,.T.);
#652=CARTESIAN_POINT('',(177.490870758,943.323975108,12.9));
#653=DIRECTION('',(-0.866025404,0.5,-0.));
#654=VECTOR('',#653,14.309500114);
#655=LINE('',#652,#654);
#656=EDGE_CURVE('',#645,#614,#655,.T.);
#657=ORIENTED_EDGE('',*,*,#656,.T.);
#658=ORIENTED_EDGE('',*,*,#619,.F.);
#659=CARTESIAN_POINT('',(164.492262361,950.828725165,21.9));
#660=VERTEX_POINT('',#659);
#661=CARTESIAN_POINT('',(165.098480144,950.478725165,21.2));
#662=DIRECTION('',(-0.612372436,0.353553391,0.707106781));
#663=VECTOR('',#662,0.989949494);
#664=LINE('',#661,#663);
#665=EDGE_CURVE('',#606,#660,#664,.T.);
#666=ORIENTED_EDGE('',*,*,#665,.T.);
#667=CARTESIAN_POINT('',(163.279826796,951.528725165,21.9));
#668=VERTEX_POINT('',#667);
#669=CARTESIAN_POINT('',(164.492262361,950.828725165,21.9));
#670=DIRECTION('',(-0.866025404,0.5,-0.));
#671=VECTOR('',#670,1.4);
#672=LINE('',#669,#671);
#673=EDGE_CURVE('',#660,#668,#672,.T.);
#674=ORIENTED_EDGE('',*,*,#673,.T.);
#675=CARTESIAN_POINT('',(163.279826796,951.528725165,21.9));
#676=DIRECTION('',(-0.612372436,0.353553391,-0.707106781));
#677=VECTOR('',#676,0.989949494);
#678=LINE('',#675,#677);
#679=EDGE_CURVE('',#668,#365,#678,.T.);
#680=ORIENTED_EDGE('',*,*,#679,.T.);
#681=EDGE_LOOP('',(#635,#643,#651,#657,#658,#666,#674,#680));
#682=FACE_BOUND('',#681,.T.);
#683=ADVANCED_FACE('',(#682),#634,.T.);
#684=CARTESIAN_POINT('',(184.675532802,923.241041114,21.9));
#685=DIRECTION('',(0.,-0.,-1.));
#686=DIRECTION('',(-0.866025404,0.5,-0.));
#687=AXIS2_PLACEMENT_3D('',#684,#685,#686);
#688=PLANE('',#687);
#689=CARTESIAN_POINT('',(199.898005038,962.655181714,21.9));
#690=VERTEX_POINT('',#689);
#691=CARTESIAN_POINT('',(206.324551451,951.526035503,21.9));
#692=DIRECTION('',(-0.500065994,0.865987299,-0.));
#693=VECTOR('',#692,12.851396585);
#694=LINE('',#691,#693);
#695=EDGE_CURVE('',#466,#690,#694,.T.);
#696=ORIENTED_EDGE('',*,*,#695,.T.);
#697=CARTESIAN_POINT('',(169.716502885,962.677375184,21.9));
#698=VERTEX_POINT('',#697);
#699=CARTESIAN_POINT('',(199.898005038,962.655181714,21.9));
#700=DIRECTION('',(-0.99999973,0.000735333,-0.));
#701=VECTOR('',#700,30.181510312);
#702=LINE('',#699,#701);
#703=EDGE_CURVE('',#690,#698,#702,.T.);
#704=ORIENTED_EDGE('',*,*,#703,.T.);
#705=CARTESIAN_POINT('',(169.716502885,962.677375184,21.9));
#706=DIRECTION('',(-0.5,-0.866025404,0.));
#707=VECTOR('',#706,12.873352179);
#708=LINE('',#705,#707);
#709=EDGE_CURVE('',#698,#668,#708,.T.);
#710=ORIENTED_EDGE('',*,*,#709,.T.);
#711=ORIENTED_EDGE('',*,*,#673,.F.);
#712=CARTESIAN_POINT('',(170.292262361,960.874619849,21.9));
#713=VERTEX_POINT('',#712);
#714=CARTESIAN_POINT('',(164.492262361,950.828725165,21.9));
#715=DIRECTION('',(0.5,0.866025404,-0.));
#716=VECTOR('',#715,11.6);
#717=LINE('',#714,#716);
#718=EDGE_CURVE('',#660,#713,#717,.T.);
#719=ORIENTED_EDGE('',*,*,#718,.T.);
#720=CARTESIAN_POINT('',(184.801177149,952.497893991,21.9));
#721=VERTEX_POINT('',#720);
#722=CARTESIAN_POINT('',(170.292262361,960.874619849,21.9));
#723=DIRECTION('',(0.866025404,-0.5,0.));
#724=VECTOR('',#723,16.753451717);
#725=LINE('',#722,#724);
#726=EDGE_CURVE('',#713,#721,#725,.T.);
#727=ORIENTED_EDGE('',*,*,#726,.T.);
#728=CARTESIAN_POINT('',(199.310091937,960.874619849,21.9));
#729=VERTEX_POINT('',#728);
#730=CARTESIAN_POINT('',(184.801177149,952.497893991,21.9));
#731=DIRECTION('',(0.866025404,0.5,-0.));
#732=VECTOR('',#731,16.753451717);
#733=LINE('',#730,#732);
#734=EDGE_CURVE('',#721,#729,#733,.T.);
#735=ORIENTED_EDGE('',*,*,#734,.T.);
#736=CARTESIAN_POINT('',(199.310091937,960.874619849,21.9));
#737=DIRECTION('',(0.5,-0.866025404,0.));
#738=VECTOR('',#737,11.60130723);
#739=LINE('',#736,#738);
#740=EDGE_CURVE('',#729,#474,#739,.T.);
#741=ORIENTED_EDGE('',*,*,#740,.T.);
#742=ORIENTED_EDGE('',*,*,#479,.T.);
#743=EDGE_LOOP('',(#696,#704,#710,#711,#719,#727,#735,#741,#742));
#744=FACE_BOUND('',#743,.T.);
#745=ADVANCED_FACE('',(#744),#688,.F.);
#746=CARTESIAN_POINT('',(184.675532802,923.241041114,12.9));
#747=DIRECTION('',(0.,-0.,-1.));
#748=DIRECTION('',(0.866025404,-0.5,0.));
#749=AXIS2_PLACEMENT_3D('',#746,#747,#748);
#750=PLANE('',#749);
#751=CARTESIAN_POINT('',(187.274352403,932.906531747,12.9));
#752=VERTEX_POINT('',#751);
#753=CARTESIAN_POINT('',(193.740037828,932.906531747,12.9));
#754=VERTEX_POINT('',#753);
#755=CARTESIAN_POINT('',(190.507195115,932.906531747,12.9));
#756=DIRECTION('',(0.,-0.,-1.));
#757=DIRECTION('',(-1.,0.,-0.));
#758=AXIS2_PLACEMENT_3D('',#755,#756,#757);
#759=CIRCLE('',#758,3.232842712);
#760=EDGE_CURVE('',#752,#754,#759,.T.);
#761=ORIENTED_EDGE('',*,*,#760,.T.);
#762=CARTESIAN_POINT('',(190.507195115,932.906531747,12.9));
#763=DIRECTION('',(0.,-0.,-1.));
#764=DIRECTION('',(-1.,0.,-0.));
#765=AXIS2_PLACEMENT_3D('',#762,#763,#764);
#766=CIRCLE('',#765,3.232842712);
#767=EDGE_CURVE('',#754,#752,#766,.T.);
#768=ORIENTED_EDGE('',*,*,#767,.T.);
#769=EDGE_LOOP('',(#761,#768));
#770=FACE_BOUND('',#769,.T.);
#771=CARTESIAN_POINT('',(175.86231647,913.140305695,12.9));
#772=VERTEX_POINT('',#771);
#773=CARTESIAN_POINT('',(182.328001895,913.140305695,12.9));
#774=VERTEX_POINT('',#773);
#775=CARTESIAN_POINT('',(179.095159183,913.140305695,12.9));
#776=DIRECTION('',(0.,-0.,-1.));
#777=DIRECTION('',(-1.,0.,-0.));
#778=AXIS2_PLACEMENT_3D('',#775,#776,#777);
#779=CIRCLE('',#778,3.232842712);
#780=EDGE_CURVE('',#772,#774,#779,.T.);
#781=ORIENTED_EDGE('',*,*,#780,.T.);
#782=CARTESIAN_POINT('',(179.095159183,913.140305695,12.9));
#783=DIRECTION('',(0.,-0.,-1.));
#784=DIRECTION('',(-1.,0.,-0.));
#785=AXIS2_PLACEMENT_3D('',#782,#783,#784);
#786=CIRCLE('',#785,3.232842712);
#787=EDGE_CURVE('',#774,#772,#786,.T.);
#788=ORIENTED_EDGE('',*,*,#787,.T.);
#789=EDGE_LOOP('',(#781,#788));
#790=FACE_BOUND('',#789,.T.);
#791=CARTESIAN_POINT('',(192.11148354,943.323975108,12.9));
#792=VERTEX_POINT('',#791);
#793=CARTESIAN_POINT('',(192.11148354,943.323975108,12.9));
#794=DIRECTION('',(0.866025404,0.5,-0.));
#795=VECTOR('',#794,14.109500114);
#796=LINE('',#793,#795);
#797=EDGE_CURVE('',#792,#451,#796,.T.);
#798=ORIENTED_EDGE('',*,*,#797,.T.);
#799=ORIENTED_EDGE('',*,*,#501,.T.);
#800=ORIENTED_EDGE('',*,*,#532,.T.);
#801=ORIENTED_EDGE('',*,*,#563,.F.);
#802=ORIENTED_EDGE('',*,*,#594,.F.);
#803=ORIENTED_EDGE('',*,*,#625,.F.);
#804=ORIENTED_EDGE('',*,*,#656,.F.);
#805=CARTESIAN_POINT('',(163.690870758,919.421673964,12.9));
#806=VERTEX_POINT('',#805);
#807=CARTESIAN_POINT('',(177.490870758,943.323975108,12.9));
#808=DIRECTION('',(-0.5,-0.866025404,0.));
#809=VECTOR('',#808,27.6);
#810=LINE('',#807,#809);
#811=EDGE_CURVE('',#645,#806,#810,.T.);
#812=ORIENTED_EDGE('',*,*,#811,.T.);
#813=CARTESIAN_POINT('',(151.471685225,926.476424021,12.9));
#814=VERTEX_POINT('',#813);
#815=CARTESIAN_POINT('',(163.690870758,919.421673964,12.9));
#816=DIRECTION('',(-0.866025404,0.5,0.));
#817=VECTOR('',#816,14.109500114);
#818=LINE('',#815,#817);
#819=EDGE_CURVE('',#806,#814,#818,.T.);
#820=ORIENTED_EDGE('',*,*,#819,.T.);
#821=CARTESIAN_POINT('',(151.298625392,926.576675597,12.9));
#822=VERTEX_POINT('',#821);
#823=CARTESIAN_POINT('',(151.471685225,926.476424021,12.9));
#824=DIRECTION('',(-0.865298252,0.501257353,0.));
#825=VECTOR('',#824,0.200000211);
#826=LINE('',#823,#825);
#827=EDGE_CURVE('',#814,#822,#826,.T.);
#828=ORIENTED_EDGE('',*,*,#827,.T.);
#829=CARTESIAN_POINT('',(145.848480144,917.13674712,12.9));
#830=VERTEX_POINT('',#829);
#831=CARTESIAN_POINT('',(151.298625392,926.576675597,12.9));
#832=DIRECTION('',(-0.5,-0.866025404,0.));
#833=VECTOR('',#832,10.900290495);
#834=LINE('',#831,#833);
#835=EDGE_CURVE('',#822,#830,#834,.T.);
#836=ORIENTED_EDGE('',*,*,#835,.T.);
#837=CARTESIAN_POINT('',(160.101177149,908.907948667,12.9));
#838=VERTEX_POINT('',#837);
#839=CARTESIAN_POINT('',(160.101177149,908.907948667,12.9));
#840=DIRECTION('',(-0.866025404,0.5,0.));
#841=VECTOR('',#840,16.457596905);
#842=LINE('',#839,#841);
#843=EDGE_CURVE('',#838,#830,#842,.T.);
#844=ORIENTED_EDGE('',*,*,#843,.F.);
#845=CARTESIAN_POINT('',(160.101177149,892.450351762,12.9));
#846=VERTEX_POINT('',#845);
#847=CARTESIAN_POINT('',(160.101177149,892.450351762,12.9));
#848=DIRECTION('',(0.,1.,0.));
#849=VECTOR('',#848,16.457596905);
#850=LINE('',#847,#849);
#851=EDGE_CURVE('',#846,#838,#850,.T.);
#852=ORIENTED_EDGE('',*,*,#851,.F.);
#853=CARTESIAN_POINT('',(171.001177149,892.450351762,12.9));
#854=VERTEX_POINT('',#853);
#855=CARTESIAN_POINT('',(171.001177149,892.450351762,12.9));
#856=DIRECTION('',(-1.,0.,0.));
#857=VECTOR('',#856,10.9);
#858=LINE('',#855,#857);
#859=EDGE_CURVE('',#854,#846,#858,.T.);
#860=ORIENTED_EDGE('',*,*,#859,.F.);
#861=CARTESIAN_POINT('',(171.001177149,906.759851876,12.9));
#862=VERTEX_POINT('',#861);
#863=CARTESIAN_POINT('',(171.001177149,906.759851876,12.9));
#864=DIRECTION('',(0.,-1.,0.));
#865=VECTOR('',#864,14.309500114);
#866=LINE('',#863,#865);
#867=EDGE_CURVE('',#862,#854,#866,.T.);
#868=ORIENTED_EDGE('',*,*,#867,.F.);
#869=CARTESIAN_POINT('',(198.601177149,906.759851876,12.9));
#870=VERTEX_POINT('',#869);
#871=CARTESIAN_POINT('',(171.001177149,906.759851876,12.9));
#872=DIRECTION('',(1.,0.,-0.));
#873=VECTOR('',#872,27.6);
#874=LINE('',#871,#873);
#875=EDGE_CURVE('',#862,#870,#874,.T.);
#876=ORIENTED_EDGE('',*,*,#875,.T.);
#877=CARTESIAN_POINT('',(198.601177149,892.650351762,12.9));
#878=VERTEX_POINT('',#877);
#879=CARTESIAN_POINT('',(198.601177149,906.759851876,12.9));
#880=DIRECTION('',(0.,-1.,0.));
#881=VECTOR('',#880,14.109500114);
#882=LINE('',#879,#881);
#883=EDGE_CURVE('',#870,#878,#882,.T.);
#884=ORIENTED_EDGE('',*,*,#883,.T.);
#885=CARTESIAN_POINT('',(198.600886654,892.450351762,12.9));
#886=VERTEX_POINT('',#885);
#887=CARTESIAN_POINT('',(198.601177149,892.650351762,12.9));
#888=DIRECTION('',(-0.001452476,-0.999998945,0.));
#889=VECTOR('',#888,0.200000211);
#890=LINE('',#887,#889);
#891=EDGE_CURVE('',#878,#886,#890,.T.);
#892=ORIENTED_EDGE('',*,*,#891,.T.);
#893=CARTESIAN_POINT('',(209.501177149,892.450351762,12.9));
#894=VERTEX_POINT('',#893);
#895=CARTESIAN_POINT('',(198.600886654,892.450351762,12.9));
#896=DIRECTION('',(1.,-0.,-0.));
#897=VECTOR('',#896,10.900290495);
#898=LINE('',#895,#897);
#899=EDGE_CURVE('',#886,#894,#898,.T.);
#900=ORIENTED_EDGE('',*,*,#899,.T.);
#901=CARTESIAN_POINT('',(209.501177149,908.907948667,12.9));
#902=VERTEX_POINT('',#901);
#903=CARTESIAN_POINT('',(209.501177149,908.907948667,12.9));
#904=DIRECTION('',(-0.,-1.,0.));
#905=VECTOR('',#904,16.457596905);
#906=LINE('',#903,#905);
#907=EDGE_CURVE('',#902,#894,#906,.T.);
#908=ORIENTED_EDGE('',*,*,#907,.F.);
#909=CARTESIAN_POINT('',(223.753874154,917.13674712,12.9));
#910=VERTEX_POINT('',#909);
#911=CARTESIAN_POINT('',(223.753874154,917.13674712,12.9));
#912=DIRECTION('',(-0.866025404,-0.5,0.));
#913=VECTOR('',#912,16.457596905);
#914=LINE('',#911,#913);
#915=EDGE_CURVE('',#910,#902,#914,.T.);
#916=ORIENTED_EDGE('',*,*,#915,.F.);
#917=CARTESIAN_POINT('',(218.303874154,926.576424021,12.9));
#918=VERTEX_POINT('',#917);
#919=CARTESIAN_POINT('',(218.303874154,926.576424021,12.9));
#920=DIRECTION('',(0.5,-0.866025404,-0.));
#921=VECTOR('',#920,10.9);
#922=LINE('',#919,#921);
#923=EDGE_CURVE('',#918,#910,#922,.T.);
#924=ORIENTED_EDGE('',*,*,#923,.F.);
#925=CARTESIAN_POINT('',(205.91148354,919.421673964,12.9));
#926=VERTEX_POINT('',#925);
#927=CARTESIAN_POINT('',(205.91148354,919.421673964,12.9));
#928=DIRECTION('',(0.866025404,0.5,-0.));
#929=VECTOR('',#928,14.309500114);
#930=LINE('',#927,#929);
#931=EDGE_CURVE('',#926,#918,#930,.T.);
#932=ORIENTED_EDGE('',*,*,#931,.F.);
#933=CARTESIAN_POINT('',(205.91148354,919.421673964,12.9));
#934=DIRECTION('',(-0.5,0.866025404,-0.));
#935=VECTOR('',#934,27.6);
#936=LINE('',#933,#935);
#937=EDGE_CURVE('',#926,#792,#936,.T.);
#938=ORIENTED_EDGE('',*,*,#937,.T.);
#939=EDGE_LOOP('',(#798,#799,#800,#801,#802,#803,#804,#812,#820,#828,#836,#844,#852,#860,#868,#876,#884,#892,#900,#908,#916,#924,#932,#938));
#940=FACE_BOUND('',#939,.T.);
#941=ADVANCED_FACE('',(#770,#790,#940),#750,.F.);
#942=CARTESIAN_POINT('',(198.221076307,946.851350137,8.9));
#943=DIRECTION('',(0.5,-0.866025404,0.));
#944=DIRECTION('',(-0.866025404,-0.5,-0.));
#945=AXIS2_PLACEMENT_3D('',#942,#943,#944);
#946=PLANE('',#945);
#947=CARTESIAN_POINT('',(192.11148354,943.323975108,10.6));
#948=VERTEX_POINT('',#947);
#949=CARTESIAN_POINT('',(192.11148354,943.323975108,10.6));
#950=DIRECTION('',(-0.,0.,1.));
#951=VECTOR('',#950,2.3);
#952=LINE('',#949,#951);
#953=EDGE_CURVE('',#948,#792,#952,.T.);
#954=ORIENTED_EDGE('',*,*,#953,.F.);
#955=CARTESIAN_POINT('',(192.11148354,943.323975108,10.6));
#956=DIRECTION('',(0.866025404,0.5,-0.));
#957=VECTOR('',#956,14.109500114);
#958=LINE('',#955,#957);
#959=EDGE_CURVE('',#948,#449,#958,.T.);
#960=ORIENTED_EDGE('',*,*,#959,.T.);
#961=ORIENTED_EDGE('',*,*,#456,.T.);
#962=ORIENTED_EDGE('',*,*,#797,.F.);
#963=EDGE_LOOP('',(#954,#960,#961,#962));
#964=FACE_BOUND('',#963,.T.);
#965=ADVANCED_FACE('',(#964),#946,.T.);
#966=CARTESIAN_POINT('',(195.56148354,937.348399822,8.9));
#967=DIRECTION('',(0.866025404,0.5,-0.));
#968=DIRECTION('',(0.5,-0.866025404,0.));
#969=AXIS2_PLACEMENT_3D('',#966,#967,#968);
#970=PLANE('',#969);
#971=CARTESIAN_POINT('',(205.91148354,919.421673964,10.6));
#972=VERTEX_POINT('',#971);
#973=CARTESIAN_POINT('',(205.91148354,919.421673964,10.6));
#974=DIRECTION('',(0.,0.,1.));
#975=VECTOR('',#974,2.3);
#976=LINE('',#973,#975);
#977=EDGE_CURVE('',#972,#926,#976,.T.);
#978=ORIENTED_EDGE('',*,*,#977,.F.);
#979=CARTESIAN_POINT('',(205.91148354,919.421673964,10.6));
#980=DIRECTION('',(-0.5,0.866025404,-0.));
#981=VECTOR('',#980,27.6);
#982=LINE('',#979,#981);
#983=EDGE_CURVE('',#972,#948,#982,.T.);
#984=ORIENTED_EDGE('',*,*,#983,.T.);
#985=ORIENTED_EDGE('',*,*,#953,.T.);
#986=ORIENTED_EDGE('',*,*,#937,.F.);
#987=EDGE_LOOP('',(#978,#984,#985,#986));
#988=FACE_BOUND('',#987,.T.);
#989=ADVANCED_FACE('',(#988),#970,.T.);
#990=CARTESIAN_POINT('',(174.040870758,937.348399822,8.9));
#991=DIRECTION('',(-0.866025404,0.5,-0.));
#992=DIRECTION('',(-0.,-0.,1.));
#993=AXIS2_PLACEMENT_3D('',#990,#991,#992);
#994=PLANE('',#993);
#995=ORIENTED_EDGE('',*,*,#650,.F.);
#996=CARTESIAN_POINT('',(163.690870758,919.421673964,10.6));
#997=VERTEX_POINT('',#996);
#998=CARTESIAN_POINT('',(177.490870758,943.323975108,10.6));
#999=DIRECTION('',(-0.5,-0.866025404,0.));
#1000=VECTOR('',#999,27.6);
#1001=LINE('',#998,#1000);
#1002=EDGE_CURVE('',#637,#997,#1001,.T.);
#1003=ORIENTED_EDGE('',*,*,#1002,.T.);
#1004=CARTESIAN_POINT('',(163.690870758,919.421673964,10.6));
#1005=DIRECTION('',(0.,0.,1.));
#1006=VECTOR('',#1005,2.3);
#1007=LINE('',#1004,#1006);
#1008=EDGE_CURVE('',#997,#806,#1007,.T.);
#1009=ORIENTED_EDGE('',*,*,#1008,.T.);
#1010=ORIENTED_EDGE('',*,*,#811,.F.);
#1011=EDGE_LOOP('',(#995,#1003,#1009,#1010));
#1012=FACE_BOUND('',#1011,.T.);
#1013=ADVANCED_FACE('',(#1012),#994,.T.);
#1014=CARTESIAN_POINT('',(184.675532802,923.241041114,9.9));
#1015=DIRECTION('',(0.,-0.,-1.));
#1016=DIRECTION('',(0.866025404,-0.5,0.));
#1017=AXIS2_PLACEMENT_3D('',#1014,#1015,#1016);
#1018=PLANE('',#1017);
#1019=CARTESIAN_POINT('',(203.98154959,950.985451315,9.9));
#1020=VERTEX_POINT('',#1019);
#1021=CARTESIAN_POINT('',(191.155265757,943.580192891,9.9));
#1022=VERTEX_POINT('',#1021);
#1023=CARTESIAN_POINT('',(203.98154959,950.985451315,9.9));
#1024=DIRECTION('',(-0.866025404,-0.5,0.));
#1025=VECTOR('',#1024,14.810516847);
#1026=LINE('',#1023,#1025);
#1027=EDGE_CURVE('',#1020,#1022,#1026,.T.);
#1028=ORIENTED_EDGE('',*,*,#1027,.T.);
#1029=CARTESIAN_POINT('',(205.655265757,918.465456181,9.9));
#1030=VERTEX_POINT('',#1029);
#1031=CARTESIAN_POINT('',(191.155265757,943.580192891,9.9));
#1032=DIRECTION('',(0.5,-0.866025404,0.));
#1033=VECTOR('',#1032,29.);
#1034=LINE('',#1031,#1033);
#1035=EDGE_CURVE('',#1022,#1030,#1034,.T.);
#1036=ORIENTED_EDGE('',*,*,#1035,.T.);
#1037=CARTESIAN_POINT('',(220.472527502,927.020206238,9.9));
#1038=VERTEX_POINT('',#1037);
#1039=CARTESIAN_POINT('',(205.655265757,918.465456181,9.9));
#1040=DIRECTION('',(0.866025404,0.5,-0.));
#1041=VECTOR('',#1040,17.109500114);
#1042=LINE('',#1039,#1041);
#1043=EDGE_CURVE('',#1030,#1038,#1042,.T.);
#1044=ORIENTED_EDGE('',*,*,#1043,.T.);
#1045=CARTESIAN_POINT('',(226.559203591,916.477774002,9.9));
#1046=VERTEX_POINT('',#1045);
#1047=CARTESIAN_POINT('',(220.472527502,927.020206238,9.9));
#1048=DIRECTION('',(0.5,-0.866025404,0.));
#1049=VECTOR('',#1048,12.173352179);
#1050=LINE('',#1047,#1049);
#1051=EDGE_CURVE('',#1038,#1046,#1050,.T.);
#1052=ORIENTED_EDGE('',*,*,#1051,.T.);
#1053=CARTESIAN_POINT('',(211.449232406,890.350923149,9.9));
#1054=VERTEX_POINT('',#1053);
#1055=CARTESIAN_POINT('',(226.559203591,916.477774002,9.9));
#1056=DIRECTION('',(-0.500636682,-0.865657503,0.));
#1057=VECTOR('',#1056,30.181510312);
#1058=LINE('',#1055,#1057);
#1059=EDGE_CURVE('',#1046,#1054,#1058,.T.);
#1060=ORIENTED_EDGE('',*,*,#1059,.T.);
#1061=CARTESIAN_POINT('',(199.297836675,890.349997146,9.9));
#1062=VERTEX_POINT('',#1061);
#1063=CARTESIAN_POINT('',(211.449232406,890.350923149,9.9));
#1064=DIRECTION('',(-0.999999997,-0.000076206,0.));
#1065=VECTOR('',#1064,12.151395767);
#1066=LINE('',#1063,#1065);
#1067=EDGE_CURVE('',#1054,#1062,#1066,.T.);
#1068=ORIENTED_EDGE('',*,*,#1067,.T.);
#1069=CARTESIAN_POINT('',(199.301177149,892.649335029,9.9));
#1070=VERTEX_POINT('',#1069);
#1071=CARTESIAN_POINT('',(199.297836675,890.349997146,9.9));
#1072=DIRECTION('',(0.001452476,0.999998945,-0.));
#1073=VECTOR('',#1072,2.29934031);
#1074=LINE('',#1071,#1073);
#1075=EDGE_CURVE('',#1062,#1070,#1074,.T.);
#1076=ORIENTED_EDGE('',*,*,#1075,.T.);
#1077=CARTESIAN_POINT('',(199.301177149,907.459851876,9.9));
#1078=VERTEX_POINT('',#1077);
#1079=CARTESIAN_POINT('',(199.301177149,892.649335029,9.9));
#1080=DIRECTION('',(-0.,1.,-0.));
#1081=VECTOR('',#1080,14.810516847);
#1082=LINE('',#1079,#1081);
#1083=EDGE_CURVE('',#1070,#1078,#1082,.T.);
#1084=ORIENTED_EDGE('',*,*,#1083,.T.);
#1085=CARTESIAN_POINT('',(170.301177149,907.459851876,9.9));
#1086=VERTEX_POINT('',#1085);
#1087=CARTESIAN_POINT('',(199.301177149,907.459851876,9.9));
#1088=DIRECTION('',(-1.,0.,-0.));
#1089=VECTOR('',#1088,29.);
#1090=LINE('',#1087,#1089);
#1091=EDGE_CURVE('',#1078,#1086,#1090,.T.);
#1092=ORIENTED_EDGE('',*,*,#1091,.T.);
#1093=CARTESIAN_POINT('',(170.301177149,890.350351762,9.9));
#1094=VERTEX_POINT('',#1093);
#1095=CARTESIAN_POINT('',(170.301177149,907.459851876,9.9));
#1096=DIRECTION('',(0.,-1.,0.));
#1097=VECTOR('',#1096,17.109500114);
#1098=LINE('',#1095,#1097);
#1099=EDGE_CURVE('',#1086,#1094,#1098,.T.);
#1100=ORIENTED_EDGE('',*,*,#1099,.T.);
#1101=CARTESIAN_POINT('',(158.12782497,890.350351762,9.9));
#1102=VERTEX_POINT('',#1101);
#1103=CARTESIAN_POINT('',(170.301177149,890.350351762,9.9));
#1104=DIRECTION('',(-1.,0.,-0.));
#1105=VECTOR('',#1104,12.173352179);
#1106=LINE('',#1103,#1105);
#1107=EDGE_CURVE('',#1094,#1102,#1106,.T.);
#1108=ORIENTED_EDGE('',*,*,#1107,.T.);
#1109=CARTESIAN_POINT('',(143.056294003,916.499396085,9.9));
#1110=VERTEX_POINT('',#1109);
#1111=CARTESIAN_POINT('',(158.12782497,890.350351762,9.9));
#1112=DIRECTION('',(-0.499363047,0.866392836,-0.));
#1113=VECTOR('',#1112,30.181510312);
#1114=LINE('',#1111,#1113);
#1115=EDGE_CURVE('',#1102,#1110,#1114,.T.);
#1116=ORIENTED_EDGE('',*,*,#1115,.T.);
#1117=CARTESIAN_POINT('',(149.131189927,927.023276482,9.9));
#1118=VERTEX_POINT('',#1117);
#1119=CARTESIAN_POINT('',(143.056294003,916.499396085,9.9));
#1120=DIRECTION('',(0.499934003,0.866063504,-0.));
#1121=VECTOR('',#1120,12.151395767);
#1122=LINE('',#1119,#1121);
#1123=EDGE_CURVE('',#1110,#1118,#1122,.T.);
#1124=ORIENTED_EDGE('',*,*,#1123,.T.);
#1125=CARTESIAN_POINT('',(151.121684855,925.870205599,9.9));
#1126=VERTEX_POINT('',#1125);
#1127=CARTESIAN_POINT('',(149.131189927,927.023276482,9.9));
#1128=DIRECTION('',(0.865298252,-0.501257353,0.));
#1129=VECTOR('',#1128,2.300357042);
#1130=LINE('',#1127,#1129);
#1131=EDGE_CURVE('',#1118,#1126,#1130,.T.);
#1132=ORIENTED_EDGE('',*,*,#1131,.T.);
#1133=CARTESIAN_POINT('',(163.947088541,918.465456181,9.9));
#1134=VERTEX_POINT('',#1133);
#1135=CARTESIAN_POINT('',(151.121685224,925.870206239,9.9));
#1136=DIRECTION('',(0.866025404,-0.5,0.));
#1137=VECTOR('',#1136,14.809500115);
#1138=LINE('',#1135,#1137);
#1139=EDGE_CURVE('',#1126,#1134,#1138,.T.);
#1140=ORIENTED_EDGE('',*,*,#1139,.T.);
#1141=CARTESIAN_POINT('',(178.447088541,943.580192891,9.9));
#1142=VERTEX_POINT('',#1141);
#1143=CARTESIAN_POINT('',(163.947088541,918.465456181,9.9));
#1144=DIRECTION('',(0.5,0.866025404,-0.));
#1145=VECTOR('',#1144,29.);
#1146=LINE('',#1143,#1145);
#1147=EDGE_CURVE('',#1134,#1142,#1146,.T.);
#1148=ORIENTED_EDGE('',*,*,#1147,.T.);
#1149=CARTESIAN_POINT('',(163.629826796,952.134942948,9.9));
#1150=VERTEX_POINT('',#1149);
#1151=CARTESIAN_POINT('',(178.447088541,943.580192891,9.9));
#1152=DIRECTION('',(-0.866025404,0.5,-0.));
#1153=VECTOR('',#1152,17.109500114);
#1154=LINE('',#1151,#1153);
#1155=EDGE_CURVE('',#1142,#1150,#1154,.T.);
#1156=ORIENTED_EDGE('',*,*,#1155,.T.);
#1157=CARTESIAN_POINT('',(169.716502885,962.677375184,9.9));
#1158=VERTEX_POINT('',#1157);
#1159=CARTESIAN_POINT('',(163.629826796,952.134942948,9.9));
#1160=DIRECTION('',(0.5,0.866025404,-0.));
#1161=VECTOR('',#1160,12.173352179);
#1162=LINE('',#1159,#1161);
#1163=EDGE_CURVE('',#1150,#1158,#1162,.T.);
#1164=ORIENTED_EDGE('',*,*,#1163,.T.);
#1165=CARTESIAN_POINT('',(199.898005038,962.655181714,9.9));
#1166=VERTEX_POINT('',#1165);
#1167=CARTESIAN_POINT('',(169.716502885,962.677375184,9.9));
#1168=DIRECTION('',(0.99999973,-0.000735333,0.));
#1169=VECTOR('',#1168,30.181510312);
#1170=LINE('',#1167,#1169);
#1171=EDGE_CURVE('',#1158,#1166,#1170,.T.);
#1172=ORIENTED_EDGE('',*,*,#1171,.T.);
#1173=CARTESIAN_POINT('',(205.974504846,952.132227321,9.9));
#1174=VERTEX_POINT('',#1173);
#1175=CARTESIAN_POINT('',(199.898005038,962.655181714,9.9));
#1176=DIRECTION('',(0.500065994,-0.865987299,0.));
#1177=VECTOR('',#1176,12.151395767);
#1178=LINE('',#1175,#1177);
#1179=EDGE_CURVE('',#1166,#1174,#1178,.T.);
#1180=ORIENTED_EDGE('',*,*,#1179,.T.);
#1181=CARTESIAN_POINT('',(205.974504846,952.132227321,9.9));
#1182=DIRECTION('',(-0.866750728,-0.498741592,0.));
#1183=VECTOR('',#1182,2.29934031);
#1184=LINE('',#1181,#1183);
#1185=EDGE_CURVE('',#1174,#1020,#1184,.T.);
#1186=ORIENTED_EDGE('',*,*,#1185,.T.);
#1187=EDGE_LOOP('',(#1028,#1036,#1044,#1052,#1060,#1068,#1076,#1084,#1092,#1100,#1108,#1116,#1124,#1132,#1140,#1148,#1156,#1164,#1172,#1180,#1186));
#1188=FACE_BOUND('',#1187,.T.);
#1189=CARTESIAN_POINT('',(193.161895654,937.504607959,9.9));
#1190=VERTEX_POINT('',#1189);
#1191=CARTESIAN_POINT('',(201.522614158,923.023418721,9.9));
#1192=VERTEX_POINT('',#1191);
#1193=CARTESIAN_POINT('',(193.161895654,937.504607959,9.9));
#1194=DIRECTION('',(0.5,-0.866025404,0.));
#1195=VECTOR('',#1194,16.721437009);
#1196=LINE('',#1193,#1195);
#1197=EDGE_CURVE('',#1190,#1192,#1196,.T.);
#1198=ORIENTED_EDGE('',*,*,#1197,.F.);
#1199=CARTESIAN_POINT('',(176.440458645,937.504607959,9.9));
#1200=VERTEX_POINT('',#1199);
#1201=CARTESIAN_POINT('',(176.440458645,937.504607959,9.9));
#1202=DIRECTION('',(1.,0.,-0.));
#1203=VECTOR('',#1202,16.721437009);
#1204=LINE('',#1201,#1203);
#1205=EDGE_CURVE('',#1200,#1190,#1204,.T.);
#1206=ORIENTED_EDGE('',*,*,#1205,.F.);
#1207=CARTESIAN_POINT('',(168.07974014,923.023418721,9.9));
#1208=VERTEX_POINT('',#1207);
#1209=CARTESIAN_POINT('',(168.07974014,923.023418721,9.9));
#1210=DIRECTION('',(0.5,0.866025404,-0.));
#1211=VECTOR('',#1210,16.721437009);
#1212=LINE('',#1209,#1211);
#1213=EDGE_CURVE('',#1208,#1200,#1212,.T.);
#1214=ORIENTED_EDGE('',*,*,#1213,.F.);
#1215=CARTESIAN_POINT('',(176.440458645,908.542229483,9.9));
#1216=VERTEX_POINT('',#1215);
#1217=CARTESIAN_POINT('',(176.440458645,908.542229483,9.9));
#1218=DIRECTION('',(-0.5,0.866025404,-0.));
#1219=VECTOR('',#1218,16.721437009);
#1220=LINE('',#1217,#1219);
#1221=EDGE_CURVE('',#1216,#1208,#1220,.T.);
#1222=ORIENTED_EDGE('',*,*,#1221,.F.);
#1223=CARTESIAN_POINT('',(193.161895654,908.542229483,9.9));
#1224=VERTEX_POINT('',#1223);
#1225=CARTESIAN_POINT('',(193.161895654,908.542229483,9.9));
#1226=DIRECTION('',(-1.,-0.,0.));
#1227=VECTOR('',#1226,16.721437009);
#1228=LINE('',#1225,#1227);
#1229=EDGE_CURVE('',#1224,#1216,#1228,.T.);
#1230=ORIENTED_EDGE('',*,*,#1229,.F.);
#1231=CARTESIAN_POINT('',(201.522614158,923.023418721,9.9));
#1232=DIRECTION('',(-0.5,-0.866025404,0.));
#1233=VECTOR('',#1232,16.721437009);
#1234=LINE('',#1231,#1233);
#1235=EDGE_CURVE('',#1192,#1224,#1234,.T.);
#1236=ORIENTED_EDGE('',*,*,#1235,.F.);
#1237=EDGE_LOOP('',(#1198,#1206,#1214,#1222,#1230,#1236));
#1238=FACE_BOUND('',#1237,.T.);
#1239=ADVANCED_FACE('',(#1188,#1238),#1018,.T.);
#1240=CARTESIAN_POINT('',(165.651177149,889.650351762,21.9));
#1241=DIRECTION('',(0.,-1.,0.));
#1242=DIRECTION('',(0.,0.,1.));
#1243=AXIS2_PLACEMENT_3D('',#1240,#1241,#1242);
#1244=PLANE('',#1243);
#1245=CARTESIAN_POINT('',(157.723336554,889.650351762,21.179898987));
#1246=VERTEX_POINT('',#1245);
#1247=CARTESIAN_POINT('',(157.723336554,889.650351762,10.6));
#1248=VERTEX_POINT('',#1247);
#1249=CARTESIAN_POINT('',(157.723336554,889.650351762,21.179898987));
#1250=DIRECTION('',(-0.,0.,-1.));
#1251=VECTOR('',#1250,10.579898987);
#1252=LINE('',#1249,#1251);
#1253=EDGE_CURVE('',#1246,#1248,#1252,.T.);
#1254=ORIENTED_EDGE('',*,*,#1253,.T.);
#1255=CARTESIAN_POINT('',(171.001177149,889.650351762,10.6));
#1256=VERTEX_POINT('',#1255);
#1257=CARTESIAN_POINT('',(157.723336554,889.650351762,10.6));
#1258=DIRECTION('',(1.,0.,0.));
#1259=VECTOR('',#1258,13.277840596);
#1260=LINE('',#1257,#1259);
#1261=EDGE_CURVE('',#1248,#1256,#1260,.T.);
#1262=ORIENTED_EDGE('',*,*,#1261,.T.);
#1263=CARTESIAN_POINT('',(171.001177149,889.650351762,21.2));
#1264=VERTEX_POINT('',#1263);
#1265=CARTESIAN_POINT('',(171.001177149,889.650351762,21.2));
#1266=DIRECTION('',(0.,0.,-1.));
#1267=VECTOR('',#1266,10.6);
#1268=LINE('',#1265,#1267);
#1269=EDGE_CURVE('',#1264,#1256,#1268,.T.);
#1270=ORIENTED_EDGE('',*,*,#1269,.F.);
#1271=CARTESIAN_POINT('',(157.732946642,889.650351762,21.2));
#1272=VERTEX_POINT('',#1271);
#1273=CARTESIAN_POINT('',(171.001177149,889.650351762,21.2));
#1274=DIRECTION('',(-1.,0.,0.));
#1275=VECTOR('',#1274,13.268230507);
#1276=LINE('',#1273,#1275);
#1277=EDGE_CURVE('',#1264,#1272,#1276,.T.);
#1278=ORIENTED_EDGE('',*,*,#1277,.T.);
#1279=CARTESIAN_POINT('',(157.732946642,889.650351762,21.2));
#1280=DIRECTION('',(-0.431329873,-0.,-0.902194292));
#1281=VECTOR('',#1280,0.022280137);
#1282=LINE('',#1279,#1281);
#1283=EDGE_CURVE('',#1272,#1246,#1282,.T.);
#1284=ORIENTED_EDGE('',*,*,#1283,.T.);
#1285=EDGE_LOOP('',(#1254,#1262,#1270,#1278,#1284));
#1286=FACE_BOUND('',#1285,.T.);
#1287=ADVANCED_FACE('',(#1286),#1244,.T.);
#1288=CARTESIAN_POINT('',(149.969130557,903.103867316,21.9));
#1289=DIRECTION('',(0.866392836,0.499363047,-0.));
#1290=DIRECTION('',(0.499363047,-0.866392836,-0.));
#1291=AXIS2_PLACEMENT_3D('',#1288,#1289,#1290);
#1292=PLANE('',#1291);
#1293=ORIENTED_EDGE('',*,*,#244,.F.);
#1294=CARTESIAN_POINT('',(142.248192918,916.499662406,10.6));
#1295=DIRECTION('',(0.499363047,-0.866392836,0.));
#1296=VECTOR('',#1295,30.989765288);
#1297=LINE('',#1294,#1296);
#1298=EDGE_CURVE('',#231,#1248,#1297,.T.);
#1299=ORIENTED_EDGE('',*,*,#1298,.T.);
#1300=ORIENTED_EDGE('',*,*,#1253,.F.);
#1301=CARTESIAN_POINT('',(157.723336554,889.650351762,21.179898987));
#1302=DIRECTION('',(-0.499363047,0.866392836,-0.));
#1303=VECTOR('',#1302,30.989765288);
#1304=LINE('',#1301,#1303);
#1305=EDGE_CURVE('',#1246,#239,#1304,.T.);
#1306=ORIENTED_EDGE('',*,*,#1305,.T.);
#1307=EDGE_LOOP('',(#1293,#1299,#1300,#1306));
#1308=FACE_BOUND('',#1307,.T.);
#1309=ADVANCED_FACE('',(#1308),#1292,.F.);
#1310=CARTESIAN_POINT('',(150.606386972,926.977681374,21.9));
#1311=DIRECTION('',(-0.501257353,-0.865298252,0.));
#1312=DIRECTION('',(-0.865298252,0.501257353,0.));
#1313=AXIS2_PLACEMENT_3D('',#1310,#1311,#1312);
#1314=PLANE('',#1313);
#1315=CARTESIAN_POINT('',(151.471685225,926.476424021,10.6));
#1316=VERTEX_POINT('',#1315);
#1317=CARTESIAN_POINT('',(151.471685225,926.476424021,10.6));
#1318=DIRECTION('',(0.,0.,1.));
#1319=VECTOR('',#1318,2.3);
#1320=LINE('',#1317,#1319);
#1321=EDGE_CURVE('',#1316,#814,#1320,.T.);
#1322=ORIENTED_EDGE('',*,*,#1321,.F.);
#1323=CARTESIAN_POINT('',(151.471685225,926.476424021,10.6));
#1324=DIRECTION('',(-0.865298252,0.501257353,-0.));
#1325=VECTOR('',#1324,3.000411205);
#1326=LINE('',#1323,#1325);
#1327=EDGE_CURVE('',#1316,#223,#1326,.T.);
#1328=ORIENTED_EDGE('',*,*,#1327,.T.);
#1329=ORIENTED_EDGE('',*,*,#228,.F.);
#1330=CARTESIAN_POINT('',(148.875434653,927.980402201,21.2));
#1331=DIRECTION('',(0.611858619,-0.354442681,0.707106368));
#1332=VECTOR('',#1331,0.989950072);
#1333=LINE('',#1330,#1332);
#1334=EDGE_CURVE('',#221,#199,#1333,.T.);
#1335=ORIENTED_EDGE('',*,*,#1334,.T.);
#1336=ORIENTED_EDGE('',*,*,#204,.F.);
#1337=CARTESIAN_POINT('',(151.298625392,926.576675597,21.2));
#1338=VERTEX_POINT('',#1337);
#1339=CARTESIAN_POINT('',(150.692915976,926.927556115,21.9));
#1340=DIRECTION('',(0.611858585,-0.354442661,-0.707106408));
#1341=VECTOR('',#1340,0.989950016);
#1342=LINE('',#1339,#1341);
#1343=EDGE_CURVE('',#191,#1338,#1342,.T.);
#1344=ORIENTED_EDGE('',*,*,#1343,.T.);
#1345=CARTESIAN_POINT('',(151.298625392,926.576675597,21.2));
#1346=DIRECTION('',(0.,-0.,-1.));
#1347=VECTOR('',#1346,8.3);
#1348=LINE('',#1345,#1347);
#1349=EDGE_CURVE('',#1338,#822,#1348,.T.);
#1350=ORIENTED_EDGE('',*,*,#1349,.T.);
#1351=ORIENTED_EDGE('',*,*,#827,.F.);
#1352=EDGE_LOOP('',(#1322,#1328,#1329,#1335,#1336,#1344,#1350,#1351));
#1353=FACE_BOUND('',#1352,.T.);
#1354=ADVANCED_FACE('',(#1353),#1314,.F.);
#1355=CARTESIAN_POINT('',(148.623480144,921.943188111,21.9));
#1356=DIRECTION('',(0.866025404,-0.5,-0.));
#1357=DIRECTION('',(-0.5,-0.866025404,0.));
#1358=AXIS2_PLACEMENT_3D('',#1355,#1356,#1357);
#1359=PLANE('',#1358);
#1360=ORIENTED_EDGE('',*,*,#1349,.F.);
#1361=CARTESIAN_POINT('',(145.848480144,917.13674712,21.2));
#1362=VERTEX_POINT('',#1361);
#1363=CARTESIAN_POINT('',(151.298625392,926.576675597,21.2));
#1364=DIRECTION('',(-0.5,-0.866025404,-0.));
#1365=VECTOR('',#1364,10.900290495);
#1366=LINE('',#1363,#1365);
#1367=EDGE_CURVE('',#1338,#1362,#1366,.T.);
#1368=ORIENTED_EDGE('',*,*,#1367,.T.);
#1369=CARTESIAN_POINT('',(145.848480144,917.13674712,21.2));
#1370=DIRECTION('',(0.,0.,-1.));
#1371=VECTOR('',#1370,8.3);
#1372=LINE('',#1369,#1371);
#1373=EDGE_CURVE('',#1362,#830,#1372,.T.);
#1374=ORIENTED_EDGE('',*,*,#1373,.T.);
#1375=ORIENTED_EDGE('',*,*,#835,.F.);
#1376=EDGE_LOOP('',(#1360,#1368,#1374,#1375));
#1377=FACE_BOUND('',#1376,.T.);
#1378=ADVANCED_FACE('',(#1377),#1359,.T.);
#1379=CARTESIAN_POINT('',(153.111431187,912.94348038,21.9));
#1380=DIRECTION('',(-0.5,-0.866025404,0.));
#1381=DIRECTION('',(-0.866025404,0.5,0.));
#1382=AXIS2_PLACEMENT_3D('',#1379,#1380,#1381);
#1383=PLANE('',#1382);
#1384=ORIENTED_EDGE('',*,*,#1373,.F.);
#1385=CARTESIAN_POINT('',(160.101177149,908.907948667,21.2));
#1386=VERTEX_POINT('',#1385);
#1387=CARTESIAN_POINT('',(145.848480144,917.13674712,21.2));
#1388=DIRECTION('',(0.866025404,-0.5,0.));
#1389=VECTOR('',#1388,16.457596905);
#1390=LINE('',#1387,#1389);
#1391=EDGE_CURVE('',#1362,#1386,#1390,.T.);
#1392=ORIENTED_EDGE('',*,*,#1391,.T.);
#1393=CARTESIAN_POINT('',(160.101177149,908.907948667,21.2));
#1394=DIRECTION('',(0.,0.,-1.));
#1395=VECTOR('',#1394,8.3);
#1396=LINE('',#1393,#1395);
#1397=EDGE_CURVE('',#1386,#838,#1396,.T.);
#1398=ORIENTED_EDGE('',*,*,#1397,.T.);
#1399=ORIENTED_EDGE('',*,*,#843,.T.);
#1400=EDGE_LOOP('',(#1384,#1392,#1398,#1399));
#1401=FACE_BOUND('',#1400,.T.);
#1402=ADVANCED_FACE('',(#1401),#1383,.F.);
#1403=CARTESIAN_POINT('',(160.101177149,900.836885242,21.9));
#1404=DIRECTION('',(-1.,0.,0.));
#1405=DIRECTION('',(0.,1.,-0.));
#1406=AXIS2_PLACEMENT_3D('',#1403,#1404,#1405);
#1407=PLANE('',#1406);
#1408=ORIENTED_EDGE('',*,*,#1397,.F.);
#1409=CARTESIAN_POINT('',(160.101177149,892.450351762,21.2));
#1410=VERTEX_POINT('',#1409);
#1411=CARTESIAN_POINT('',(160.101177149,908.907948667,21.2));
#1412=DIRECTION('',(-0.,-1.,0.));
#1413=VECTOR('',#1412,16.457596905);
#1414=LINE('',#1411,#1413);
#1415=EDGE_CURVE('',#1386,#1410,#1414,.T.);
#1416=ORIENTED_EDGE('',*,*,#1415,.T.);
#1417=CARTESIAN_POINT('',(160.101177149,892.450351762,21.2));
#1418=DIRECTION('',(0.,0.,-1.));
#1419=VECTOR('',#1418,8.3);
#1420=LINE('',#1417,#1419);
#1421=EDGE_CURVE('',#1410,#846,#1420,.T.);
#1422=ORIENTED_EDGE('',*,*,#1421,.T.);
#1423=ORIENTED_EDGE('',*,*,#851,.T.);
#1424=EDGE_LOOP('',(#1408,#1416,#1422,#1423));
#1425=FACE_BOUND('',#1424,.T.);
#1426=ADVANCED_FACE('',(#1425),#1407,.F.);
#1427=CARTESIAN_POINT('',(165.651177149,892.450351762,21.9));
#1428=DIRECTION('',(0.,-1.,0.));
#1429=DIRECTION('',(0.,0.,1.));
#1430=AXIS2_PLACEMENT_3D('',#1427,#1428,#1429);
#1431=PLANE('',#1430);
#1432=ORIENTED_EDGE('',*,*,#1421,.F.);
#1433=CARTESIAN_POINT('',(171.001177149,892.450351762,21.2));
#1434=VERTEX_POINT('',#1433);
#1435=CARTESIAN_POINT('',(160.101177149,892.450351762,21.2));
#1436=DIRECTION('',(1.,0.,-0.));
#1437=VECTOR('',#1436,10.9);
#1438=LINE('',#1435,#1437);
#1439=EDGE_CURVE('',#1410,#1434,#1438,.T.);
#1440=ORIENTED_EDGE('',*,*,#1439,.T.);
#1441=CARTESIAN_POINT('',(171.001177149,892.450351762,21.2));
#1442=DIRECTION('',(0.,0.,-1.));
#1443=VECTOR('',#1442,8.3);
#1444=LINE('',#1441,#1443);
#1445=EDGE_CURVE('',#1434,#854,#1444,.T.);
#1446=ORIENTED_EDGE('',*,*,#1445,.T.);
#1447=ORIENTED_EDGE('',*,*,#859,.T.);
#1448=EDGE_LOOP('',(#1432,#1440,#1446,#1447));
#1449=FACE_BOUND('',#1448,.T.);
#1450=ADVANCED_FACE('',(#1449),#1431,.F.);
#1451=CARTESIAN_POINT('',(171.001177149,891.650351762,21.9));
#1452=DIRECTION('',(1.,0.,0.));
#1453=DIRECTION('',(0.,0.,-1.));
#1454=AXIS2_PLACEMENT_3D('',#1451,#1452,#1453);
#1455=PLANE('',#1454);
#1456=ORIENTED_EDGE('',*,*,#1269,.T.);
#1457=CARTESIAN_POINT('',(171.001177149,906.759851876,10.6));
#1458=VERTEX_POINT('',#1457);
#1459=CARTESIAN_POINT('',(171.001177149,889.650351762,10.6));
#1460=DIRECTION('',(0.,1.,-0.));
#1461=VECTOR('',#1460,17.109500114);
#1462=LINE('',#1459,#1461);
#1463=EDGE_CURVE('',#1256,#1458,#1462,.T.);
#1464=ORIENTED_EDGE('',*,*,#1463,.T.);
#1465=CARTESIAN_POINT('',(171.001177149,906.759851876,10.6));
#1466=DIRECTION('',(0.,0.,1.));
#1467=VECTOR('',#1466,2.3);
#1468=LINE('',#1465,#1467);
#1469=EDGE_CURVE('',#1458,#862,#1468,.T.);
#1470=ORIENTED_EDGE('',*,*,#1469,.T.);
#1471=ORIENTED_EDGE('',*,*,#867,.T.);
#1472=ORIENTED_EDGE('',*,*,#1445,.F.);
#1473=CARTESIAN_POINT('',(171.001177149,892.450351762,21.2));
#1474=DIRECTION('',(-0.,-0.707106781,0.707106781));
#1475=VECTOR('',#1474,0.989949494);
#1476=LINE('',#1473,#1475);
#1477=EDGE_CURVE('',#1434,#159,#1476,.T.);
#1478=ORIENTED_EDGE('',*,*,#1477,.T.);
#1479=ORIENTED_EDGE('',*,*,#164,.T.);
#1480=CARTESIAN_POINT('',(171.001177149,890.350351762,21.9));
#1481=DIRECTION('',(0.,-0.707106781,-0.707106781));
#1482=VECTOR('',#1481,0.989949494);
#1483=LINE('',#1480,#1482);
#1484=EDGE_CURVE('',#151,#1264,#1483,.T.);
#1485=ORIENTED_EDGE('',*,*,#1484,.T.);
#1486=EDGE_LOOP('',(#1456,#1464,#1470,#1471,#1472,#1478,#1479,#1485));
#1487=FACE_BOUND('',#1486,.T.);
#1488=ADVANCED_FACE('',(#1487),#1455,.T.);
#1489=CARTESIAN_POINT('',(157.581277991,922.949048993,8.9));
#1490=DIRECTION('',(0.5,0.866025404,0.));
#1491=DIRECTION('',(0.866025404,-0.5,-0.));
#1492=AXIS2_PLACEMENT_3D('',#1489,#1490,#1491);
#1493=PLANE('',#1492);
#1494=ORIENTED_EDGE('',*,*,#1008,.F.);
#1495=CARTESIAN_POINT('',(163.690870758,919.421673964,10.6));
#1496=DIRECTION('',(-0.866025404,0.5,-0.));
#1497=VECTOR('',#1496,14.109500114);
#1498=LINE('',#1495,#1497);
#1499=EDGE_CURVE('',#997,#1316,#1498,.T.);
#1500=ORIENTED_EDGE('',*,*,#1499,.T.);
#1501=ORIENTED_EDGE('',*,*,#1321,.T.);
#1502=ORIENTED_EDGE('',*,*,#819,.F.);
#1503=EDGE_LOOP('',(#1494,#1500,#1501,#1502));
#1504=FACE_BOUND('',#1503,.T.);
#1505=ADVANCED_FACE('',(#1504),#1493,.T.);
#1506=CARTESIAN_POINT('',(177.901177149,906.759851876,8.9));
#1507=DIRECTION('',(0.,-1.,0.));
#1508=DIRECTION('',(0.,0.,1.));
#1509=AXIS2_PLACEMENT_3D('',#1506,#1507,#1508);
#1510=PLANE('',#1509);
#1511=ORIENTED_EDGE('',*,*,#1469,.F.);
#1512=CARTESIAN_POINT('',(198.601177149,906.759851876,10.6));
#1513=VERTEX_POINT('',#1512);
#1514=CARTESIAN_POINT('',(171.001177149,906.759851876,10.6));
#1515=DIRECTION('',(1.,0.,0.));
#1516=VECTOR('',#1515,27.6);
#1517=LINE('',#1514,#1516);
#1518=EDGE_CURVE('',#1458,#1513,#1517,.T.);
#1519=ORIENTED_EDGE('',*,*,#1518,.T.);
#1520=CARTESIAN_POINT('',(198.601177149,906.759851876,10.6));
#1521=DIRECTION('',(0.,0.,1.));
#1522=VECTOR('',#1521,2.3);
#1523=LINE('',#1520,#1522);
#1524=EDGE_CURVE('',#1513,#870,#1523,.T.);
#1525=ORIENTED_EDGE('',*,*,#1524,.T.);
#1526=ORIENTED_EDGE('',*,*,#875,.F.);
#1527=EDGE_LOOP('',(#1511,#1519,#1525,#1526));
#1528=FACE_BOUND('',#1527,.T.);
#1529=ADVANCED_FACE('',(#1528),#1510,.T.);
#1530=CARTESIAN_POINT('',(223.403745285,923.343188111,21.9));
#1531=DIRECTION('',(0.866025404,0.5,-0.));
#1532=DIRECTION('',(0.,0.,1.));
#1533=AXIS2_PLACEMENT_3D('',#1530,#1531,#1532);
#1534=PLANE('',#1533);
#1535=CARTESIAN_POINT('',(227.367665583,916.477476758,21.2));
#1536=VERTEX_POINT('',#1535);
#1537=CARTESIAN_POINT('',(227.367665583,916.477476758,10.6));
#1538=VERTEX_POINT('',#1537);
#1539=CARTESIAN_POINT('',(227.367665583,916.477476758,21.2));
#1540=DIRECTION('',(-0.,-0.,-1.));
#1541=VECTOR('',#1540,10.6);
#1542=LINE('',#1539,#1541);
#1543=EDGE_CURVE('',#1536,#1538,#1542,.T.);
#1544=ORIENTED_EDGE('',*,*,#1543,.T.);
#1545=CARTESIAN_POINT('',(220.728745285,927.976424021,10.6));
#1546=VERTEX_POINT('',#1545);
#1547=CARTESIAN_POINT('',(227.367665583,916.477476758,10.6));
#1548=DIRECTION('',(-0.5,0.866025404,-0.));
#1549=VECTOR('',#1548,13.277840596);
#1550=LINE('',#1547,#1549);
#1551=EDGE_CURVE('',#1538,#1546,#1550,.T.);
#1552=ORIENTED_EDGE('',*,*,#1551,.T.);
#1553=CARTESIAN_POINT('',(220.728745285,927.976424021,21.2));
#1554=VERTEX_POINT('',#1553);
#1555=CARTESIAN_POINT('',(220.728745285,927.976424021,21.2));
#1556=DIRECTION('',(-0.,-0.,-1.));
#1557=VECTOR('',#1556,10.6);
#1558=LINE('',#1555,#1557);
#1559=EDGE_CURVE('',#1554,#1546,#1558,.T.);
#1560=ORIENTED_EDGE('',*,*,#1559,.F.);
#1561=CARTESIAN_POINT('',(220.728745285,927.976424021,21.2));
#1562=DIRECTION('',(0.5,-0.866025404,-0.));
#1563=VECTOR('',#1562,13.277840596);
#1564=LINE('',#1561,#1563);
#1565=EDGE_CURVE('',#1554,#1536,#1564,.T.);
#1566=ORIENTED_EDGE('',*,*,#1565,.T.);
#1567=EDGE_LOOP('',(#1544,#1552,#1560,#1566));
#1568=FACE_BOUND('',#1567,.T.);
#1569=ADVANCED_FACE('',(#1568),#1534,.T.);
#1570=CARTESIAN_POINT('',(219.593682341,903.035379602,21.9));
#1571=DIRECTION('',(-0.865657503,0.500636682,0.));
#1572=DIRECTION('',(0.500636682,0.865657503,-0.));
#1573=AXIS2_PLACEMENT_3D('',#1570,#1571,#1572);
#1574=PLANE('',#1573);
#1575=CARTESIAN_POINT('',(211.853052308,889.65095392,10.6));
#1576=VERTEX_POINT('',#1575);
#1577=CARTESIAN_POINT('',(211.853052308,889.65095392,21.2));
#1578=VERTEX_POINT('',#1577);
#1579=CARTESIAN_POINT('',(211.853052308,889.65095392,10.6));
#1580=DIRECTION('',(0.,0.,1.));
#1581=VECTOR('',#1580,10.6);
#1582=LINE('',#1579,#1581);
#1583=EDGE_CURVE('',#1576,#1578,#1582,.T.);
#1584=ORIENTED_EDGE('',*,*,#1583,.F.);
#1585=CARTESIAN_POINT('',(211.853052308,889.65095392,10.6));
#1586=DIRECTION('',(0.500636682,0.865657503,-0.));
#1587=VECTOR('',#1586,30.989765288);
#1588=LINE('',#1585,#1587);
#1589=EDGE_CURVE('',#1576,#1538,#1588,.T.);
#1590=ORIENTED_EDGE('',*,*,#1589,.T.);
#1591=ORIENTED_EDGE('',*,*,#1543,.F.);
#1592=CARTESIAN_POINT('',(227.367665583,916.477476758,21.2));
#1593=DIRECTION('',(-0.500636682,-0.865657503,0.));
#1594=VECTOR('',#1593,30.989765288);
#1595=LINE('',#1592,#1594);
#1596=EDGE_CURVE('',#1536,#1578,#1595,.T.);
#1597=ORIENTED_EDGE('',*,*,#1596,.T.);
#1598=EDGE_LOOP('',(#1584,#1590,#1591,#1597));
#1599=FACE_BOUND('',#1598,.T.);
#1600=ADVANCED_FACE('',(#1599),#1574,.F.);
#1601=CARTESIAN_POINT('',(203.921283925,889.650349476,21.9));
#1602=DIRECTION('',(-0.000076206,0.999999997,-0.));
#1603=DIRECTION('',(0.999999997,0.000076206,-0.));
#1604=AXIS2_PLACEMENT_3D('',#1601,#1602,#1603);
#1605=PLANE('',#1604);
#1606=CARTESIAN_POINT('',(198.596819125,889.649943722,21.2));
#1607=VERTEX_POINT('',#1606);
#1608=CARTESIAN_POINT('',(198.596819125,889.649943722,10.6));
#1609=VERTEX_POINT('',#1608);
#1610=CARTESIAN_POINT('',(198.596819125,889.649943722,21.2));
#1611=DIRECTION('',(-0.,-0.,-1.));
#1612=VECTOR('',#1611,10.6);
#1613=LINE('',#1610,#1612);
#1614=EDGE_CURVE('',#1607,#1609,#1613,.T.);
#1615=ORIENTED_EDGE('',*,*,#1614,.T.);
#1616=CARTESIAN_POINT('',(198.596819125,889.649943722,10.6));
#1617=DIRECTION('',(0.999999997,0.000076206,-0.));
#1618=VECTOR('',#1617,13.256233222);
#1619=LINE('',#1616,#1618);
#1620=EDGE_CURVE('',#1609,#1576,#1619,.T.);
#1621=ORIENTED_EDGE('',*,*,#1620,.T.);
#1622=ORIENTED_EDGE('',*,*,#1583,.T.);
#1623=CARTESIAN_POINT('',(211.853052308,889.65095392,21.2));
#1624=DIRECTION('',(-0.999999997,-0.000076206,0.));
#1625=VECTOR('',#1624,13.256233222);
#1626=LINE('',#1623,#1625);
#1627=EDGE_CURVE('',#1578,#1607,#1626,.T.);
#1628=ORIENTED_EDGE('',*,*,#1627,.T.);
#1629=EDGE_LOOP('',(#1615,#1621,#1622,#1628));
#1630=FACE_BOUND('',#1629,.T.);
#1631=CARTESIAN_POINT('',(209.231634324,889.650754154,12.829391748));
#1632=VERTEX_POINT('',#1631);
#1633=CARTESIAN_POINT('',(209.231634324,889.650754154,12.829293036));
#1634=VERTEX_POINT('',#1633);
#1635=CARTESIAN_POINT('',(209.231634324,889.650754154,12.829391748));
#1636=DIRECTION('',(0.,-0.,-1.));
#1637=VECTOR('',#1636,0.000098712);
#1638=LINE('',#1635,#1637);
#1639=EDGE_CURVE('',#1632,#1634,#1638,.T.);
#1640=ORIENTED_EDGE('',*,*,#1639,.T.);
#1641=CARTESIAN_POINT('',(209.229908183,889.650754022,12.829342392));
#1642=VERTEX_POINT('',#1641);
#1643=CARTESIAN_POINT('',(209.231634324,889.650754154,12.829293036));
#1644=DIRECTION('',(-0.999591463,-0.000076174,0.028581479));
#1645=VECTOR('',#1644,0.001726847);
#1646=LINE('',#1643,#1645);
#1647=EDGE_CURVE('',#1634,#1642,#1646,.T.);
#1648=ORIENTED_EDGE('',*,*,#1647,.T.);
#1649=CARTESIAN_POINT('',(209.229908183,889.650754022,12.829342392));
#1650=DIRECTION('',(0.999591463,0.000076174,0.028581479));
#1651=VECTOR('',#1650,0.001726847);
#1652=LINE('',#1649,#1651);
#1653=EDGE_CURVE('',#1642,#1632,#1652,.T.);
#1654=ORIENTED_EDGE('',*,*,#1653,.T.);
#1655=EDGE_LOOP('',(#1640,#1648,#1654));
#1656=FACE_BOUND('',#1655,.T.);
#1657=ADVANCED_FACE('',(#1630,#1656),#1605,.F.);
#1658=CARTESIAN_POINT('',(198.599724673,891.650352817,21.9));
#1659=DIRECTION('',(0.999998945,-0.001452476,-0.));
#1660=DIRECTION('',(-0.001452476,-0.999998945,0.));
#1661=AXIS2_PLACEMENT_3D('',#1658,#1659,#1660);
#1662=PLANE('',#1661);
#1663=CARTESIAN_POINT('',(198.601177149,892.650351762,10.6));
#1664=VERTEX_POINT('',#1663);
#1665=CARTESIAN_POINT('',(198.601177149,892.650351762,10.6));
#1666=DIRECTION('',(0.,0.,1.));
#1667=VECTOR('',#1666,2.3);
#1668=LINE('',#1665,#1667);
#1669=EDGE_CURVE('',#1664,#878,#1668,.T.);
#1670=ORIENTED_EDGE('',*,*,#1669,.F.);
#1671=CARTESIAN_POINT('',(198.601177149,892.650351762,10.6));
#1672=DIRECTION('',(-0.001452476,-0.999998945,0.));
#1673=VECTOR('',#1672,3.000411205);
#1674=LINE('',#1671,#1673);
#1675=EDGE_CURVE('',#1664,#1609,#1674,.T.);
#1676=ORIENTED_EDGE('',*,*,#1675,.T.);
#1677=ORIENTED_EDGE('',*,*,#1614,.F.);
#1678=CARTESIAN_POINT('',(198.596819125,889.649943722,21.2));
#1679=DIRECTION('',(0.001027056,0.707106448,0.707106368));
#1680=VECTOR('',#1679,0.989950072);
#1681=LINE('',#1678,#1680);
#1682=EDGE_CURVE('',#1607,#119,#1681,.T.);
#1683=ORIENTED_EDGE('',*,*,#1682,.T.);
#1684=ORIENTED_EDGE('',*,*,#124,.F.);
#1685=CARTESIAN_POINT('',(198.600886654,892.450351762,21.2));
#1686=VERTEX_POINT('',#1685);
#1687=CARTESIAN_POINT('',(198.59986992,891.750351762,21.9));
#1688=DIRECTION('',(0.001027056,0.707106408,-0.707106408));
#1689=VECTOR('',#1688,0.989950016);
#1690=LINE('',#1687,#1689);
#1691=EDGE_CURVE('',#111,#1686,#1690,.T.);
#1692=ORIENTED_EDGE('',*,*,#1691,.T.);
#1693=CARTESIAN_POINT('',(198.600886654,892.450351762,21.2));
#1694=DIRECTION('',(-0.,-0.,-1.));
#1695=VECTOR('',#1694,8.3);
#1696=LINE('',#1693,#1695);
#1697=EDGE_CURVE('',#1686,#886,#1696,.T.);
#1698=ORIENTED_EDGE('',*,*,#1697,.T.);
#1699=ORIENTED_EDGE('',*,*,#891,.F.);
#1700=EDGE_LOOP('',(#1670,#1676,#1677,#1683,#1684,#1692,#1698,#1699));
#1701=FACE_BOUND('',#1700,.T.);
#1702=ADVANCED_FACE('',(#1701),#1662,.F.);
#1703=CARTESIAN_POINT('',(203.951177149,892.450351762,21.9));
#1704=DIRECTION('',(0.,1.,-0.));
#1705=DIRECTION('',(1.,-0.,-0.));
#1706=AXIS2_PLACEMENT_3D('',#1703,#1704,#1705);
#1707=PLANE('',#1706);
#1708=ORIENTED_EDGE('',*,*,#1697,.F.);
#1709=CARTESIAN_POINT('',(209.501177149,892.450351762,21.2));
#1710=VERTEX_POINT('',#1709);
#1711=CARTESIAN_POINT('',(198.600886654,892.450351762,21.2));
#1712=DIRECTION('',(1.,-0.,-0.));
#1713=VECTOR('',#1712,10.900290495);
#1714=LINE('',#1711,#1713);
#1715=EDGE_CURVE('',#1686,#1710,#1714,.T.);
#1716=ORIENTED_EDGE('',*,*,#1715,.T.);
#1717=CARTESIAN_POINT('',(209.501177149,892.450351762,21.2));
#1718=DIRECTION('',(-0.,-0.,-1.));
#1719=VECTOR('',#1718,8.3);
#1720=LINE('',#1717,#1719);
#1721=EDGE_CURVE('',#1710,#894,#1720,.T.);
#1722=ORIENTED_EDGE('',*,*,#1721,.T.);
#1723=ORIENTED_EDGE('',*,*,#899,.F.);
#1724=EDGE_LOOP('',(#1708,#1716,#1722,#1723));
#1725=FACE_BOUND('',#1724,.T.);
#1726=ADVANCED_FACE('',(#1725),#1707,.T.);
#1727=CARTESIAN_POINT('',(209.501177149,900.836885242,21.9));
#1728=DIRECTION('',(1.,-0.,-0.));
#1729=DIRECTION('',(-0.,-1.,0.));
#1730=AXIS2_PLACEMENT_3D('',#1727,#1728,#1729);
#1731=PLANE('',#1730);
#1732=ORIENTED_EDGE('',*,*,#1721,.F.);
#1733=CARTESIAN_POINT('',(209.501177149,908.907948667,21.2));
#1734=VERTEX_POINT('',#1733);
#1735=CARTESIAN_POINT('',(209.501177149,892.450351762,21.2));
#1736=DIRECTION('',(0.,1.,-0.));
#1737=VECTOR('',#1736,16.457596905);
#1738=LINE('',#1735,#1737);
#1739=EDGE_CURVE('',#1710,#1734,#1738,.T.);
#1740=ORIENTED_EDGE('',*,*,#1739,.T.);
#1741=CARTESIAN_POINT('',(209.501177149,908.907948667,21.2));
#1742=DIRECTION('',(-0.,-0.,-1.));
#1743=VECTOR('',#1742,8.3);
#1744=LINE('',#1741,#1743);
#1745=EDGE_CURVE('',#1734,#902,#1744,.T.);
#1746=ORIENTED_EDGE('',*,*,#1745,.T.);
#1747=ORIENTED_EDGE('',*,*,#907,.T.);
#1748=EDGE_LOOP('',(#1732,#1740,#1746,#1747));
#1749=FACE_BOUND('',#1748,.T.);
#1750=ADVANCED_FACE('',(#1749),#1731,.F.);
#1751=CARTESIAN_POINT('',(216.490923111,912.94348038,21.9));
#1752=DIRECTION('',(0.5,-0.866025404,0.));
#1753=DIRECTION('',(-0.866025404,-0.5,0.));
#1754=AXIS2_PLACEMENT_3D('',#1751,#1752,#1753);
#1755=PLANE('',#1754);
#1756=ORIENTED_EDGE('',*,*,#1745,.F.);
#1757=CARTESIAN_POINT('',(223.753874154,917.13674712,21.2));
#1758=VERTEX_POINT('',#1757);
#1759=CARTESIAN_POINT('',(209.501177149,908.907948667,21.2));
#1760=DIRECTION('',(0.866025404,0.5,-0.));
#1761=VECTOR('',#1760,16.457596905);
#1762=LINE('',#1759,#1761);
#1763=EDGE_CURVE('',#1734,#1758,#1762,.T.);
#1764=ORIENTED_EDGE('',*,*,#1763,.T.);
#1765=CARTESIAN_POINT('',(223.753874154,917.13674712,21.2));
#1766=DIRECTION('',(-0.,-0.,-1.));
#1767=VECTOR('',#1766,8.3);
#1768=LINE('',#1765,#1767);
#1769=EDGE_CURVE('',#1758,#910,#1768,.T.);
#1770=ORIENTED_EDGE('',*,*,#1769,.T.);
#1771=ORIENTED_EDGE('',*,*,#915,.T.);
#1772=EDGE_LOOP('',(#1756,#1764,#1770,#1771));
#1773=FACE_BOUND('',#1772,.T.);
#1774=ADVANCED_FACE('',(#1773),#1755,.F.);
#1775=CARTESIAN_POINT('',(220.978874154,921.943188111,21.9));
#1776=DIRECTION('',(0.866025404,0.5,-0.));
#1777=DIRECTION('',(0.,0.,1.));
#1778=AXIS2_PLACEMENT_3D('',#1775,#1776,#1777);
#1779=PLANE('',#1778);
#1780=ORIENTED_EDGE('',*,*,#1769,.F.);
#1781=CARTESIAN_POINT('',(218.303874154,926.576424021,21.2));
#1782=VERTEX_POINT('',#1781);
#1783=CARTESIAN_POINT('',(223.753874154,917.13674712,21.2));
#1784=DIRECTION('',(-0.5,0.866025404,0.));
#1785=VECTOR('',#1784,10.9);
#1786=LINE('',#1783,#1785);
#1787=EDGE_CURVE('',#1758,#1782,#1786,.T.);
#1788=ORIENTED_EDGE('',*,*,#1787,.T.);
#1789=CARTESIAN_POINT('',(218.303874154,926.576424021,21.2));
#1790=DIRECTION('',(-0.,-0.,-1.));
#1791=VECTOR('',#1790,8.3);
#1792=LINE('',#1789,#1791);
#1793=EDGE_CURVE('',#1782,#918,#1792,.T.);
#1794=ORIENTED_EDGE('',*,*,#1793,.T.);
#1795=ORIENTED_EDGE('',*,*,#923,.T.);
#1796=EDGE_LOOP('',(#1780,#1788,#1794,#1795));
#1797=FACE_BOUND('',#1796,.T.);
#1798=ADVANCED_FACE('',(#1797),#1779,.F.);
#1799=CARTESIAN_POINT('',(218.996694477,926.976424021,21.9));
#1800=DIRECTION('',(-0.5,0.866025404,0.));
#1801=DIRECTION('',(-0.,-0.,-1.));
#1802=AXIS2_PLACEMENT_3D('',#1799,#1800,#1801);
#1803=PLANE('',#1802);
#1804=ORIENTED_EDGE('',*,*,#1559,.T.);
#1805=CARTESIAN_POINT('',(220.728745285,927.976424021,10.6));
#1806=DIRECTION('',(-0.866025404,-0.5,0.));
#1807=VECTOR('',#1806,17.109500114);
#1808=LINE('',#1805,#1807);
#1809=EDGE_CURVE('',#1546,#972,#1808,.T.);
#1810=ORIENTED_EDGE('',*,*,#1809,.T.);
#1811=ORIENTED_EDGE('',*,*,#977,.T.);
#1812=ORIENTED_EDGE('',*,*,#931,.T.);
#1813=ORIENTED_EDGE('',*,*,#1793,.F.);
#1814=CARTESIAN_POINT('',(218.303874154,926.576424021,21.2));
#1815=DIRECTION('',(0.612372436,0.353553391,0.707106781));
#1816=VECTOR('',#1815,0.989949494);
#1817=LINE('',#1814,#1816);
#1818=EDGE_CURVE('',#1782,#79,#1817,.T.);
#1819=ORIENTED_EDGE('',*,*,#1818,.T.);
#1820=ORIENTED_EDGE('',*,*,#84,.T.);
#1821=CARTESIAN_POINT('',(220.122527502,927.626424021,21.9));
#1822=DIRECTION('',(0.612372436,0.353553391,-0.707106781));
#1823=VECTOR('',#1822,0.989949494);
#1824=LINE('',#1821,#1823);
#1825=EDGE_CURVE('',#71,#1554,#1824,.T.);
#1826=ORIENTED_EDGE('',*,*,#1825,.T.);
#1827=EDGE_LOOP('',(#1804,#1810,#1811,#1812,#1813,#1819,#1820,#1826));
#1828=FACE_BOUND('',#1827,.T.);
#1829=ADVANCED_FACE('',(#1828),#1803,.T.);
#1830=CARTESIAN_POINT('',(198.601177149,899.705101819,8.9));
#1831=DIRECTION('',(-1.,-0.,0.));
#1832=DIRECTION('',(-0.,1.,-0.));
#1833=AXIS2_PLACEMENT_3D('',#1830,#1831,#1832);
#1834=PLANE('',#1833);
#1835=ORIENTED_EDGE('',*,*,#1524,.F.);
#1836=CARTESIAN_POINT('',(198.601177149,906.759851876,10.6));
#1837=DIRECTION('',(0.,-1.,0.));
#1838=VECTOR('',#1837,14.109500114);
#1839=LINE('',#1836,#1838);
#1840=EDGE_CURVE('',#1513,#1664,#1839,.T.);
#1841=ORIENTED_EDGE('',*,*,#1840,.T.);
#1842=ORIENTED_EDGE('',*,*,#1669,.T.);
#1843=ORIENTED_EDGE('',*,*,#883,.F.);
#1844=EDGE_LOOP('',(#1835,#1841,#1842,#1843));
#1845=FACE_BOUND('',#1844,.T.);
#1846=ADVANCED_FACE('',(#1845),#1834,.T.);
#1847=CARTESIAN_POINT('',(179.095159183,913.140305695,14.9));
#1848=DIRECTION('',(0.,-0.,-1.));
#1849=DIRECTION('',(-1.,0.,-0.));
#1850=AXIS2_PLACEMENT_3D('',#1847,#1848,#1849);
#1851=CYLINDRICAL_SURFACE('',#1850,1.75);
#1852=CARTESIAN_POINT('',(177.345159183,913.140305695,11.417157288));
#1853=VERTEX_POINT('',#1852);
#1854=CARTESIAN_POINT('',(177.345159183,913.140305695,9.9));
#1855=DIRECTION('',(-0.,0.,1.));
#1856=VECTOR('',#1855,1.517157288);
#1857=LINE('',#1854,#1856);
#1858=EDGE_CURVE('',#280,#1853,#1857,.T.);
#1859=ORIENTED_EDGE('',*,*,#1858,.F.);
#1860=ORIENTED_EDGE('',*,*,#286,.T.);
#1861=ORIENTED_EDGE('',*,*,#1858,.T.);
#1862=CARTESIAN_POINT('',(180.845159183,913.140305695,11.417157288));
#1863=VERTEX_POINT('',#1862);
#1864=CARTESIAN_POINT('',(179.095159183,913.140305695,11.417157288));
#1865=DIRECTION('',(0.,0.,1.));
#1866=DIRECTION('',(1.,0.,-0.));
#1867=AXIS2_PLACEMENT_3D('',#1864,#1865,#1866);
#1868=CIRCLE('',#1867,1.75);
#1869=EDGE_CURVE('',#1853,#1863,#1868,.T.);
#1870=ORIENTED_EDGE('',*,*,#1869,.T.);
#1871=CARTESIAN_POINT('',(179.095159183,913.140305695,11.417157288));
#1872=DIRECTION('',(0.,0.,1.));
#1873=DIRECTION('',(1.,0.,-0.));
#1874=AXIS2_PLACEMENT_3D('',#1871,#1872,#1873);
#1875=CIRCLE('',#1874,1.75);
#1876=EDGE_CURVE('',#1863,#1853,#1875,.T.);
#1877=ORIENTED_EDGE('',*,*,#1876,.T.);
#1878=EDGE_LOOP('',(#1859,#1860,#1861,#1870,#1877));
#1879=FACE_BOUND('',#1878,.T.);
#1880=ADVANCED_FACE('',(#1879),#1851,.F.);
#1881=CARTESIAN_POINT('',(190.507195115,932.906531747,14.9));
#1882=DIRECTION('',(0.,-0.,-1.));
#1883=DIRECTION('',(-1.,0.,-0.));
#1884=AXIS2_PLACEMENT_3D('',#1881,#1882,#1883);
#1885=CYLINDRICAL_SURFACE('',#1884,1.75);
#1886=CARTESIAN_POINT('',(188.757195115,932.906531747,11.417157288));
#1887=VERTEX_POINT('',#1886);
#1888=CARTESIAN_POINT('',(188.757195115,932.906531747,9.9));
#1889=DIRECTION('',(-0.,0.,1.));
#1890=VECTOR('',#1889,1.517157288);
#1891=LINE('',#1888,#1890);
#1892=EDGE_CURVE('',#269,#1887,#1891,.T.);
#1893=ORIENTED_EDGE('',*,*,#1892,.F.);
#1894=ORIENTED_EDGE('',*,*,#275,.T.);
#1895=ORIENTED_EDGE('',*,*,#1892,.T.);
#1896=CARTESIAN_POINT('',(192.257195115,932.906531747,11.417157288));
#1897=VERTEX_POINT('',#1896);
#1898=CARTESIAN_POINT('',(190.507195115,932.906531747,11.417157288));
#1899=DIRECTION('',(0.,0.,1.));
#1900=DIRECTION('',(1.,0.,-0.));
#1901=AXIS2_PLACEMENT_3D('',#1898,#1899,#1900);
#1902=CIRCLE('',#1901,1.75);
#1903=EDGE_CURVE('',#1887,#1897,#1902,.T.);
#1904=ORIENTED_EDGE('',*,*,#1903,.T.);
#1905=CARTESIAN_POINT('',(190.507195115,932.906531747,11.417157288));
#1906=DIRECTION('',(0.,0.,1.));
#1907=DIRECTION('',(1.,0.,-0.));
#1908=AXIS2_PLACEMENT_3D('',#1905,#1906,#1907);
#1909=CIRCLE('',#1908,1.75);
#1910=EDGE_CURVE('',#1897,#1887,#1909,.T.);
#1911=ORIENTED_EDGE('',*,*,#1910,.T.);
#1912=EDGE_LOOP('',(#1893,#1894,#1895,#1904,#1911));
#1913=FACE_BOUND('',#1912,.T.);
#1914=ADVANCED_FACE('',(#1913),#1885,.F.);
#1915=CARTESIAN_POINT('',(190.507195115,932.906531747,12.758578644));
#1916=DIRECTION('',(0.,0.,1.));
#1917=DIRECTION('',(1.,0.,-0.));
#1918=AXIS2_PLACEMENT_3D('',#1915,#1916,#1917);
#1919=CONICAL_SURFACE('',#1918,3.091421356,45.);
#1920=CARTESIAN_POINT('',(193.740037828,932.906531747,12.9));
#1921=DIRECTION('',(-0.707106781,-0.,-0.707106781));
#1922=VECTOR('',#1921,2.097056275);
#1923=LINE('',#1920,#1922);
#1924=EDGE_CURVE('',#754,#1897,#1923,.T.);
#1925=ORIENTED_EDGE('',*,*,#1924,.F.);
#1926=ORIENTED_EDGE('',*,*,#760,.F.);
#1927=ORIENTED_EDGE('',*,*,#767,.F.);
#1928=ORIENTED_EDGE('',*,*,#1924,.T.);
#1929=ORIENTED_EDGE('',*,*,#1903,.F.);
#1930=ORIENTED_EDGE('',*,*,#1910,.F.);
#1931=EDGE_LOOP('',(#1925,#1926,#1927,#1928,#1929,#1930));
#1932=FACE_BOUND('',#1931,.T.);
#1933=ADVANCED_FACE('',(#1932),#1919,.F.);
#1934=CARTESIAN_POINT('',(179.095159183,913.140305695,12.758578644));
#1935=DIRECTION('',(0.,0.,1.));
#1936=DIRECTION('',(1.,0.,-0.));
#1937=AXIS2_PLACEMENT_3D('',#1934,#1935,#1936);
#1938=CONICAL_SURFACE('',#1937,3.091421356,45.);
#1939=CARTESIAN_POINT('',(182.328001895,913.140305695,12.9));
#1940=DIRECTION('',(-0.707106781,-0.,-0.707106781));
#1941=VECTOR('',#1940,2.097056275);
#1942=LINE('',#1939,#1941);
#1943=EDGE_CURVE('',#774,#1863,#1942,.T.);
#1944=ORIENTED_EDGE('',*,*,#1943,.F.);
#1945=ORIENTED_EDGE('',*,*,#780,.F.);
#1946=ORIENTED_EDGE('',*,*,#787,.F.);
#1947=ORIENTED_EDGE('',*,*,#1943,.T.);
#1948=ORIENTED_EDGE('',*,*,#1869,.F.);
#1949=ORIENTED_EDGE('',*,*,#1876,.F.);
#1950=EDGE_LOOP('',(#1944,#1945,#1946,#1947,#1948,#1949));
#1951=FACE_BOUND('',#1950,.T.);
#1952=ADVANCED_FACE('',(#1951),#1938,.F.);
#1953=CARTESIAN_POINT('',(196.476229502,929.76401334,10.9));
#1954=DIRECTION('',(0.612372436,0.353553391,0.707106781));
#1955=DIRECTION('',(0.5,-0.866025404,0.));
#1956=AXIS2_PLACEMENT_3D('',#1953,#1954,#1955);
#1957=PLANE('',#1956);
#1958=CARTESIAN_POINT('',(192.584545384,936.504607959,10.9));
#1959=VERTEX_POINT('',#1958);
#1960=CARTESIAN_POINT('',(193.161895654,937.504607959,9.9));
#1961=DIRECTION('',(-0.377964473,-0.654653671,0.654653671));
#1962=VECTOR('',#1961,1.527525232);
#1963=LINE('',#1960,#1962);
#1964=EDGE_CURVE('',#1190,#1959,#1963,.T.);
#1965=ORIENTED_EDGE('',*,*,#1964,.F.);
#1966=ORIENTED_EDGE('',*,*,#1197,.T.);
#1967=CARTESIAN_POINT('',(200.36791362,923.023418721,10.9));
#1968=VERTEX_POINT('',#1967);
#1969=CARTESIAN_POINT('',(200.36791362,923.023418721,10.9));
#1970=DIRECTION('',(0.755928946,-0.,-0.654653671));
#1971=VECTOR('',#1970,1.527525232);
#1972=LINE('',#1969,#1971);
#1973=EDGE_CURVE('',#1968,#1192,#1972,.T.);
#1974=ORIENTED_EDGE('',*,*,#1973,.F.);
#1975=CARTESIAN_POINT('',(192.584545384,936.504607959,10.9));
#1976=DIRECTION('',(0.5,-0.866025404,0.));
#1977=VECTOR('',#1976,15.566736471);
#1978=LINE('',#1975,#1977);
#1979=EDGE_CURVE('',#1959,#1968,#1978,.T.);
#1980=ORIENTED_EDGE('',*,*,#1979,.F.);
#1981=EDGE_LOOP('',(#1965,#1966,#1974,#1980));
#1982=FACE_BOUND('',#1981,.T.);
#1983=ADVANCED_FACE('',(#1982),#1957,.F.);
#1984=CARTESIAN_POINT('',(196.476229502,916.282824102,10.9));
#1985=DIRECTION('',(0.612372436,-0.353553391,0.707106781));
#1986=DIRECTION('',(-0.5,-0.866025404,0.));
#1987=AXIS2_PLACEMENT_3D('',#1984,#1985,#1986);
#1988=PLANE('',#1987);
#1989=ORIENTED_EDGE('',*,*,#1973,.T.);
#1990=ORIENTED_EDGE('',*,*,#1235,.T.);
#1991=CARTESIAN_POINT('',(192.584545384,909.542229483,10.9));
#1992=VERTEX_POINT('',#1991);
#1993=CARTESIAN_POINT('',(192.584545384,909.542229483,10.9));
#1994=DIRECTION('',(0.377964473,-0.654653671,-0.654653671));
#1995=VECTOR('',#1994,1.527525232);
#1996=LINE('',#1993,#1995);
#1997=EDGE_CURVE('',#1992,#1224,#1996,.T.);
#1998=ORIENTED_EDGE('',*,*,#1997,.F.);
#1999=CARTESIAN_POINT('',(200.36791362,923.023418721,10.9));
#2000=DIRECTION('',(-0.5,-0.866025404,0.));
#2001=VECTOR('',#2000,15.566736471);
#2002=LINE('',#1999,#2001);
#2003=EDGE_CURVE('',#1968,#1992,#2002,.T.);
#2004=ORIENTED_EDGE('',*,*,#2003,.F.);
#2005=EDGE_LOOP('',(#1989,#1990,#1998,#2004));
#2006=FACE_BOUND('',#2005,.T.);
#2007=ADVANCED_FACE('',(#2006),#1988,.F.);
#2008=CARTESIAN_POINT('',(193.142540432,933.538132187,9.9));
#2009=DIRECTION('',(0.612372436,0.353553391,-0.707106781));
#2010=DIRECTION('',(-0.5,0.866025404,-0.));
#2011=AXIS2_PLACEMENT_3D('',#2008,#2009,#2010);
#2012=PLANE('',#2011);
#2013=CARTESIAN_POINT('',(192.584545384,936.504607959,10.9));
#2014=DIRECTION('',(-0.377964473,-0.654653671,-0.654653671));
#2015=VECTOR('',#2014,1.527525232);
#2016=LINE('',#2013,#2015);
#2017=EDGE_CURVE('',#1959,#325,#2016,.T.);
#2018=ORIENTED_EDGE('',*,*,#2017,.F.);
#2019=ORIENTED_EDGE('',*,*,#1979,.T.);
#2020=CARTESIAN_POINT('',(199.213213081,923.023418721,9.9));
#2021=DIRECTION('',(0.755928946,0.,0.654653671));
#2022=VECTOR('',#2021,1.527525232);
#2023=LINE('',#2020,#2022);
#2024=EDGE_CURVE('',#291,#1968,#2023,.T.);
#2025=ORIENTED_EDGE('',*,*,#2024,.F.);
#2026=ORIENTED_EDGE('',*,*,#336,.F.);
#2027=EDGE_LOOP('',(#2018,#2019,#2025,#2026));
#2028=FACE_BOUND('',#2027,.T.);
#2029=ADVANCED_FACE('',(#2028),#2012,.T.);
#2030=CARTESIAN_POINT('',(184.801177149,936.504607959,10.9));
#2031=DIRECTION('',(-0.,0.707106781,0.707106781));
#2032=DIRECTION('',(1.,0.,-0.));
#2033=AXIS2_PLACEMENT_3D('',#2030,#2031,#2032);
#2034=PLANE('',#2033);
#2035=ORIENTED_EDGE('',*,*,#1205,.T.);
#2036=ORIENTED_EDGE('',*,*,#1964,.T.);
#2037=CARTESIAN_POINT('',(177.017808914,936.504607959,10.9));
#2038=VERTEX_POINT('',#2037);
#2039=CARTESIAN_POINT('',(177.017808914,936.504607959,10.9));
#2040=DIRECTION('',(1.,0.,-0.));
#2041=VECTOR('',#2040,15.566736471);
#2042=LINE('',#2039,#2041);
#2043=EDGE_CURVE('',#2038,#1959,#2042,.T.);
#2044=ORIENTED_EDGE('',*,*,#2043,.F.);
#2045=CARTESIAN_POINT('',(176.440458645,937.504607959,9.9));
#2046=DIRECTION('',(0.377964473,-0.654653671,0.654653671));
#2047=VECTOR('',#2046,1.527525232);
#2048=LINE('',#2045,#2047);
#2049=EDGE_CURVE('',#1200,#2038,#2048,.T.);
#2050=ORIENTED_EDGE('',*,*,#2049,.F.);
#2051=EDGE_LOOP('',(#2035,#2036,#2044,#2050));
#2052=FACE_BOUND('',#2051,.T.);
#2053=ADVANCED_FACE('',(#2052),#2034,.F.);
#2054=CARTESIAN_POINT('',(184.801177149,909.542229483,10.9));
#2055=DIRECTION('',(0.,-0.707106781,0.707106781));
#2056=DIRECTION('',(-1.,-0.,0.));
#2057=AXIS2_PLACEMENT_3D('',#2054,#2055,#2056);
#2058=PLANE('',#2057);
#2059=ORIENTED_EDGE('',*,*,#1997,.T.);
#2060=ORIENTED_EDGE('',*,*,#1229,.T.);
#2061=CARTESIAN_POINT('',(177.017808914,909.542229483,10.9));
#2062=VERTEX_POINT('',#2061);
#2063=CARTESIAN_POINT('',(177.017808914,909.542229483,10.9));
#2064=DIRECTION('',(-0.377964473,-0.654653671,-0.654653671));
#2065=VECTOR('',#2064,1.527525232);
#2066=LINE('',#2063,#2065);
#2067=EDGE_CURVE('',#2062,#1216,#2066,.T.);
#2068=ORIENTED_EDGE('',*,*,#2067,.F.);
#2069=CARTESIAN_POINT('',(192.584545384,909.542229483,10.9));
#2070=DIRECTION('',(-1.,-0.,0.));
#2071=VECTOR('',#2070,15.566736471);
#2072=LINE('',#2069,#2071);
#2073=EDGE_CURVE('',#1992,#2062,#2072,.T.);
#2074=ORIENTED_EDGE('',*,*,#2073,.F.);
#2075=EDGE_LOOP('',(#2059,#2060,#2068,#2074));
#2076=FACE_BOUND('',#2075,.T.);
#2077=ADVANCED_FACE('',(#2076),#2058,.F.);
#2078=CARTESIAN_POINT('',(195.610204098,916.782824102,9.9));
#2079=DIRECTION('',(0.612372436,-0.353553391,-0.707106781));
#2080=DIRECTION('',(0.5,0.866025404,-0.));
#2081=AXIS2_PLACEMENT_3D('',#2078,#2079,#2080);
#2082=PLANE('',#2081);
#2083=ORIENTED_EDGE('',*,*,#2024,.T.);
#2084=ORIENTED_EDGE('',*,*,#2003,.T.);
#2085=CARTESIAN_POINT('',(192.007195115,910.542229483,9.9));
#2086=DIRECTION('',(0.377964473,-0.654653671,0.654653671));
#2087=VECTOR('',#2086,1.527525232);
#2088=LINE('',#2085,#2087);
#2089=EDGE_CURVE('',#293,#1992,#2088,.T.);
#2090=ORIENTED_EDGE('',*,*,#2089,.F.);
#2091=ORIENTED_EDGE('',*,*,#298,.F.);
#2092=EDGE_LOOP('',(#2083,#2084,#2090,#2091));
#2093=FACE_BOUND('',#2092,.T.);
#2094=ADVANCED_FACE('',(#2093),#2082,.T.);
#2095=CARTESIAN_POINT('',(182.530486517,935.504607959,9.9));
#2096=DIRECTION('',(-0.,0.707106781,-0.707106781));
#2097=DIRECTION('',(-1.,-0.,0.));
#2098=AXIS2_PLACEMENT_3D('',#2095,#2096,#2097);
#2099=PLANE('',#2098);
#2100=ORIENTED_EDGE('',*,*,#2017,.T.);
#2101=ORIENTED_EDGE('',*,*,#330,.F.);
#2102=CARTESIAN_POINT('',(177.017808914,936.504607959,10.9));
#2103=DIRECTION('',(0.377964473,-0.654653671,-0.654653671));
#2104=VECTOR('',#2103,1.527525232);
#2105=LINE('',#2102,#2104);
#2106=EDGE_CURVE('',#2038,#317,#2105,.T.);
#2107=ORIENTED_EDGE('',*,*,#2106,.F.);
#2108=ORIENTED_EDGE('',*,*,#2043,.T.);
#2109=EDGE_LOOP('',(#2100,#2101,#2107,#2108));
#2110=FACE_BOUND('',#2109,.T.);
#2111=ADVANCED_FACE('',(#2110),#2099,.T.);
#2112=CARTESIAN_POINT('',(173.126124796,929.76401334,10.9));
#2113=DIRECTION('',(-0.612372436,0.353553391,0.707106781));
#2114=DIRECTION('',(0.5,0.866025404,0.));
#2115=AXIS2_PLACEMENT_3D('',#2112,#2113,#2114);
#2116=PLANE('',#2115);
#2117=CARTESIAN_POINT('',(169.234440678,923.023418721,10.9));
#2118=VERTEX_POINT('',#2117);
#2119=CARTESIAN_POINT('',(168.07974014,923.023418721,9.9));
#2120=DIRECTION('',(0.755928946,0.,0.654653671));
#2121=VECTOR('',#2120,1.527525232);
#2122=LINE('',#2119,#2121);
#2123=EDGE_CURVE('',#1208,#2118,#2122,.T.);
#2124=ORIENTED_EDGE('',*,*,#2123,.F.);
#2125=ORIENTED_EDGE('',*,*,#1213,.T.);
#2126=ORIENTED_EDGE('',*,*,#2049,.T.);
#2127=CARTESIAN_POINT('',(169.234440678,923.023418721,10.9));
#2128=DIRECTION('',(0.5,0.866025404,-0.));
#2129=VECTOR('',#2128,15.566736471);
#2130=LINE('',#2127,#2129);
#2131=EDGE_CURVE('',#2118,#2038,#2130,.T.);
#2132=ORIENTED_EDGE('',*,*,#2131,.F.);
#2133=EDGE_LOOP('',(#2124,#2125,#2126,#2132));
#2134=FACE_BOUND('',#2133,.T.);
#2135=ADVANCED_FACE('',(#2134),#2116,.F.);
#2136=CARTESIAN_POINT('',(173.126124796,916.282824102,10.9));
#2137=DIRECTION('',(-0.612372436,-0.353553391,0.707106781));
#2138=DIRECTION('',(-0.5,0.866025404,-0.));
#2139=AXIS2_PLACEMENT_3D('',#2136,#2137,#2138);
#2140=PLANE('',#2139);
#2141=ORIENTED_EDGE('',*,*,#1221,.T.);
#2142=ORIENTED_EDGE('',*,*,#2123,.T.);
#2143=CARTESIAN_POINT('',(177.017808914,909.542229483,10.9));
#2144=DIRECTION('',(-0.5,0.866025404,-0.));
#2145=VECTOR('',#2144,15.566736471);
#2146=LINE('',#2143,#2145);
#2147=EDGE_CURVE('',#2062,#2118,#2146,.T.);
#2148=ORIENTED_EDGE('',*,*,#2147,.F.);
#2149=ORIENTED_EDGE('',*,*,#2067,.T.);
#2150=EDGE_LOOP('',(#2141,#2142,#2148,#2149));
#2151=FACE_BOUND('',#2150,.T.);
#2152=ADVANCED_FACE('',(#2151),#2140,.F.);
#2153=CARTESIAN_POINT('',(179.865849815,910.542229483,9.9));
#2154=DIRECTION('',(0.,-0.707106781,-0.707106781));
#2155=DIRECTION('',(1.,0.,0.));
#2156=AXIS2_PLACEMENT_3D('',#2153,#2154,#2155);
#2157=PLANE('',#2156);
#2158=ORIENTED_EDGE('',*,*,#2089,.T.);
#2159=ORIENTED_EDGE('',*,*,#2073,.T.);
#2160=CARTESIAN_POINT('',(177.595159183,910.542229483,9.9));
#2161=DIRECTION('',(-0.377964473,-0.654653671,0.654653671));
#2162=VECTOR('',#2161,1.527525232);
#2163=LINE('',#2160,#2162);
#2164=EDGE_CURVE('',#301,#2062,#2163,.T.);
#2165=ORIENTED_EDGE('',*,*,#2164,.F.);
#2166=ORIENTED_EDGE('',*,*,#306,.F.);
#2167=EDGE_LOOP('',(#2158,#2159,#2165,#2166));
#2168=FACE_BOUND('',#2167,.T.);
#2169=ADVANCED_FACE('',(#2168),#2157,.T.);
#2170=CARTESIAN_POINT('',(173.9921502,929.26401334,9.9));
#2171=DIRECTION('',(-0.612372436,0.353553391,-0.707106781));
#2172=DIRECTION('',(-0.5,-0.866025404,-0.));
#2173=AXIS2_PLACEMENT_3D('',#2170,#2171,#2172);
#2174=PLANE('',#2173);
#2175=ORIENTED_EDGE('',*,*,#2106,.T.);
#2176=ORIENTED_EDGE('',*,*,#322,.F.);
#2177=CARTESIAN_POINT('',(169.234440678,923.023418721,10.9));
#2178=DIRECTION('',(0.755928946,0.,-0.654653671));
#2179=VECTOR('',#2178,1.527525232);
#2180=LINE('',#2177,#2179);
#2181=EDGE_CURVE('',#2118,#309,#2180,.T.);
#2182=ORIENTED_EDGE('',*,*,#2181,.F.);
#2183=ORIENTED_EDGE('',*,*,#2131,.T.);
#2184=EDGE_LOOP('',(#2175,#2176,#2182,#2183));
#2185=FACE_BOUND('',#2184,.T.);
#2186=ADVANCED_FACE('',(#2185),#2174,.T.);
#2187=CARTESIAN_POINT('',(176.459813867,912.508705255,9.9));
#2188=DIRECTION('',(-0.612372436,-0.353553391,-0.707106781));
#2189=DIRECTION('',(0.5,-0.866025404,0.));
#2190=AXIS2_PLACEMENT_3D('',#2187,#2188,#2189);
#2191=PLANE('',#2190);
#2192=ORIENTED_EDGE('',*,*,#2164,.T.);
#2193=ORIENTED_EDGE('',*,*,#2147,.T.);
#2194=ORIENTED_EDGE('',*,*,#2181,.T.);
#2195=ORIENTED_EDGE('',*,*,#314,.F.);
#2196=EDGE_LOOP('',(#2192,#2193,#2194,#2195));
#2197=FACE_BOUND('',#2196,.T.);
#2198=ADVANCED_FACE('',(#2197),#2191,.T.);
#2199=CARTESIAN_POINT('',(210.522274071,889.685034467,12.75822151));
#2200=DIRECTION('',(0.020164554,0.706819207,0.707106781));
#2201=DIRECTION('',(-0.,0.707250583,-0.70696295));
#2202=AXIS2_PLACEMENT_3D('',#2199,#2200,#2201);
#2203=PLANE('',#2202);
#2204=ORIENTED_EDGE('',*,*,#1647,.F.);
#2205=CARTESIAN_POINT('',(209.23366107,889.721796776,12.75822151));
#2206=VERTEX_POINT('',#2205);
#2207=CARTESIAN_POINT('',(209.23366107,889.721796776,12.75822151));
#2208=DIRECTION('',(-0.020164554,-0.706819207,0.707106781));
#2209=VECTOR('',#2208,0.100510316);
#2210=LINE('',#2207,#2209);
#2211=EDGE_CURVE('',#2206,#1634,#2210,.T.);
#2212=ORIENTED_EDGE('',*,*,#2211,.F.);
#2213=CARTESIAN_POINT('',(209.231936336,889.72184598,12.75822151));
#2214=VERTEX_POINT('',#2213);
#2215=CARTESIAN_POINT('',(209.23366107,889.721796776,12.75822151));
#2216=DIRECTION('',(-0.999593308,0.028516985,0.));
#2217=VECTOR('',#2216,0.001725436);
#2218=LINE('',#2215,#2217);
#2219=EDGE_CURVE('',#2206,#2214,#2218,.T.);
#2220=ORIENTED_EDGE('',*,*,#2219,.T.);
#2221=CARTESIAN_POINT('',(209.231936336,889.72184598,12.75822151));
#2222=DIRECTION('',(-0.020164554,-0.706819207,0.707106781));
#2223=VECTOR('',#2222,0.100580115);
#2224=LINE('',#2221,#2223);
#2225=EDGE_CURVE('',#2214,#1642,#2224,.T.);
#2226=ORIENTED_EDGE('',*,*,#2225,.T.);
#2227=EDGE_LOOP('',(#2204,#2212,#2220,#2226));
#2228=FACE_BOUND('',#2227,.T.);
#2229=ADVANCED_FACE('',(#2228),#2203,.T.);
#2230=CARTESIAN_POINT('',(209.235809144,889.797092271,12.83354764));
#2231=DIRECTION('',(0.999593308,-0.028516985,0.));
#2232=DIRECTION('',(-0.028516985,-0.999593308,0.));
#2233=AXIS2_PLACEMENT_3D('',#2230,#2231,#2232);
#2234=PLANE('',#2233);
#2235=ORIENTED_EDGE('',*,*,#2211,.T.);
#2236=ORIENTED_EDGE('',*,*,#1639,.F.);
#2237=CARTESIAN_POINT('',(209.233662478,889.721846111,12.758270866));
#2238=VERTEX_POINT('',#2237);
#2239=CARTESIAN_POINT('',(209.233662478,889.721846111,12.758270866));
#2240=DIRECTION('',(-0.020164554,-0.706819207,0.707106781));
#2241=VECTOR('',#2240,0.100580115);
#2242=LINE('',#2239,#2241);
#2243=EDGE_CURVE('',#2238,#1632,#2242,.T.);
#2244=ORIENTED_EDGE('',*,*,#2243,.F.);
#2245=CARTESIAN_POINT('',(209.23366107,889.721796776,12.75822151));
#2246=DIRECTION('',(0.020164554,0.706819207,0.707106781));
#2247=VECTOR('',#2246,0.0000698);
#2248=LINE('',#2245,#2247);
#2249=EDGE_CURVE('',#2206,#2238,#2248,.T.);
#2250=ORIENTED_EDGE('',*,*,#2249,.F.);
#2251=EDGE_LOOP('',(#2235,#2236,#2244,#2250));
#2252=FACE_BOUND('',#2251,.T.);
#2253=ADVANCED_FACE('',(#2252),#2234,.F.);
#2254=CARTESIAN_POINT('',(211.639473331,889.722029447,12.8270606));
#2255=DIRECTION('',(0.020255801,-0.707394235,-0.706528909));
#2256=DIRECTION('',(0.,-0.706673897,0.707539401));
#2257=AXIS2_PLACEMENT_3D('',#2254,#2255,#2256);
#2258=PLANE('',#2257);
#2259=ORIENTED_EDGE('',*,*,#1653,.F.);
#2260=ORIENTED_EDGE('',*,*,#2225,.F.);
#2261=CARTESIAN_POINT('',(209.231936336,889.72184598,12.75822151));
#2262=DIRECTION('',(0.999591463,0.000076174,0.028581479));
#2263=VECTOR('',#2262,0.001726847);
#2264=LINE('',#2261,#2263);
#2265=EDGE_CURVE('',#2214,#2238,#2264,.T.);
#2266=ORIENTED_EDGE('',*,*,#2265,.T.);
#2267=ORIENTED_EDGE('',*,*,#2243,.T.);
#2268=EDGE_LOOP('',(#2259,#2260,#2266,#2267));
#2269=FACE_BOUND('',#2268,.T.);
#2270=ADVANCED_FACE('',(#2269),#2258,.T.);
#2271=CARTESIAN_POINT('',(179.76009335,746.320532012,-131.425220416));
#2272=DIRECTION('',(-0.020164554,-0.706819207,0.707106781));
#2273=DIRECTION('',(-0.999593308,0.028516985,0.));
#2274=AXIS2_PLACEMENT_3D('',#2271,#2272,#2273);
#2275=PLANE('',#2274);
#2276=ORIENTED_EDGE('',*,*,#2219,.F.);
#2277=ORIENTED_EDGE('',*,*,#2249,.T.);
#2278=ORIENTED_EDGE('',*,*,#2265,.F.);
#2279=EDGE_LOOP('',(#2276,#2277,#2278));
#2280=FACE_BOUND('',#2279,.T.);
#2281=ADVANCED_FACE('',(#2280),#2275,.T.);
#2282=CARTESIAN_POINT('',(149.969130557,903.103867316,21.179898987));
#2283=DIRECTION('',(0.800442609,0.461351299,-0.382683432));
#2284=DIRECTION('',(-0.499363047,0.866392836,0.));
#2285=AXIS2_PLACEMENT_3D('',#2282,#2283,#2284);
#2286=PLANE('',#2285);
#2287=ORIENTED_EDGE('',*,*,#1283,.F.);
#2288=CARTESIAN_POINT('',(157.732946642,889.650351762,21.2));
#2289=DIRECTION('',(-0.069327571,0.705405447,0.705405447));
#2290=VECTOR('',#2289,0.992337107);
#2291=LINE('',#2288,#2290);
#2292=EDGE_CURVE('',#1272,#143,#2291,.T.);
#2293=ORIENTED_EDGE('',*,*,#2292,.T.);
#2294=ORIENTED_EDGE('',*,*,#148,.F.);
#2295=CARTESIAN_POINT('',(142.824280146,916.097465564,21.9));
#2296=DIRECTION('',(-0.575643555,0.413663988,-0.705348568));
#2297=VECTOR('',#2296,0.992417128);
#2298=LINE('',#2295,#2297);
#2299=EDGE_CURVE('',#141,#247,#2298,.T.);
#2300=ORIENTED_EDGE('',*,*,#2299,.T.);
#2301=ORIENTED_EDGE('',*,*,#252,.F.);
#2302=ORIENTED_EDGE('',*,*,#1305,.F.);
#2303=EDGE_LOOP('',(#2287,#2293,#2294,#2300,#2301,#2302));
#2304=FACE_BOUND('',#2303,.T.);
#2305=ADVANCED_FACE('',(#2304),#2286,.F.);
#2306=CARTESIAN_POINT('',(146.213553646,923.369077545,21.2));
#2307=DIRECTION('',(0.612399377,-0.353506723,-0.707106781));
#2308=DIRECTION('',(0.499934003,0.866063504,0.));
#2309=AXIS2_PLACEMENT_3D('',#2306,#2307,#2308);
#2310=PLANE('',#2309);
#2311=ORIENTED_EDGE('',*,*,#2299,.F.);
#2312=ORIENTED_EDGE('',*,*,#210,.F.);
#2313=ORIENTED_EDGE('',*,*,#1334,.F.);
#2314=ORIENTED_EDGE('',*,*,#258,.F.);
#2315=EDGE_LOOP('',(#2311,#2312,#2313,#2314));
#2316=FACE_BOUND('',#2315,.T.);
#2317=ADVANCED_FACE('',(#2316),#2310,.F.);
#2318=CARTESIAN_POINT('',(148.623480144,921.943188111,21.2));
#2319=DIRECTION('',(0.612372436,-0.353553391,0.707106781));
#2320=DIRECTION('',(0.5,0.866025404,0.));
#2321=AXIS2_PLACEMENT_3D('',#2318,#2319,#2320);
#2322=PLANE('',#2321);
#2323=ORIENTED_EDGE('',*,*,#1343,.F.);
#2324=ORIENTED_EDGE('',*,*,#196,.F.);
#2325=CARTESIAN_POINT('',(144.892262361,916.880529337,21.9));
#2326=DIRECTION('',(0.788675135,0.211324865,-0.577350269));
#2327=VECTOR('',#2326,1.212435565);
#2328=LINE('',#2325,#2327);
#2329=EDGE_CURVE('',#183,#1362,#2328,.T.);
#2330=ORIENTED_EDGE('',*,*,#2329,.T.);
#2331=ORIENTED_EDGE('',*,*,#1367,.F.);
#2332=EDGE_LOOP('',(#2323,#2324,#2330,#2331));
#2333=FACE_BOUND('',#2332,.T.);
#2334=ADVANCED_FACE('',(#2333),#2322,.T.);
#2335=CARTESIAN_POINT('',(159.401177149,923.023418721,21.9));
#2336=DIRECTION('',(-0.707106781,0.,-0.707106781));
#2337=DIRECTION('',(0.,1.,0.));
#2338=AXIS2_PLACEMENT_3D('',#2335,#2336,#2337);
#2339=PLANE('',#2338);
#2340=ORIENTED_EDGE('',*,*,#180,.F.);
#2341=CARTESIAN_POINT('',(159.401177149,891.750351762,21.9));
#2342=DIRECTION('',(0.577350269,0.577350269,-0.577350269));
#2343=VECTOR('',#2342,1.212435565);
#2344=LINE('',#2341,#2343);
#2345=EDGE_CURVE('',#167,#1410,#2344,.T.);
#2346=ORIENTED_EDGE('',*,*,#2345,.T.);
#2347=ORIENTED_EDGE('',*,*,#1415,.F.);
#2348=CARTESIAN_POINT('',(159.401177149,908.503803479,21.9));
#2349=DIRECTION('',(0.654653671,0.377964473,-0.654653671));
#2350=VECTOR('',#2349,1.069267662);
#2351=LINE('',#2348,#2350);
#2352=EDGE_CURVE('',#175,#1386,#2351,.T.);
#2353=ORIENTED_EDGE('',*,*,#2352,.F.);
#2354=EDGE_LOOP('',(#2340,#2346,#2347,#2353));
#2355=FACE_BOUND('',#2354,.T.);
#2356=ADVANCED_FACE('',(#2355),#2339,.F.);
#2357=CARTESIAN_POINT('',(172.163999323,901.135184661,21.9));
#2358=DIRECTION('',(-0.353553391,-0.612372436,-0.707106781));
#2359=DIRECTION('',(-0.866025404,0.5,-0.));
#2360=AXIS2_PLACEMENT_3D('',#2357,#2358,#2359);
#2361=PLANE('',#2360);
#2362=ORIENTED_EDGE('',*,*,#2352,.T.);
#2363=ORIENTED_EDGE('',*,*,#1391,.F.);
#2364=ORIENTED_EDGE('',*,*,#2329,.F.);
#2365=ORIENTED_EDGE('',*,*,#188,.F.);
#2366=EDGE_LOOP('',(#2362,#2363,#2364,#2365));
#2367=FACE_BOUND('',#2366,.T.);
#2368=ADVANCED_FACE('',(#2367),#2361,.F.);
#2369=CARTESIAN_POINT('',(184.801177149,890.350351762,21.9));
#2370=DIRECTION('',(0.,-0.707106781,0.707106781));
#2371=DIRECTION('',(-1.,0.,0.));
#2372=AXIS2_PLACEMENT_3D('',#2369,#2370,#2371);
#2373=PLANE('',#2372);
#2374=ORIENTED_EDGE('',*,*,#2292,.F.);
#2375=ORIENTED_EDGE('',*,*,#1277,.F.);
#2376=ORIENTED_EDGE('',*,*,#1484,.F.);
#2377=ORIENTED_EDGE('',*,*,#156,.F.);
#2378=EDGE_LOOP('',(#2374,#2375,#2376,#2377));
#2379=FACE_BOUND('',#2378,.T.);
#2380=ADVANCED_FACE('',(#2379),#2373,.T.);
#2381=CARTESIAN_POINT('',(184.801177149,891.750351762,21.9));
#2382=DIRECTION('',(0.,-0.707106781,-0.707106781));
#2383=DIRECTION('',(-1.,0.,0.));
#2384=AXIS2_PLACEMENT_3D('',#2381,#2382,#2383);
#2385=PLANE('',#2384);
#2386=ORIENTED_EDGE('',*,*,#1477,.F.);
#2387=ORIENTED_EDGE('',*,*,#1439,.F.);
#2388=ORIENTED_EDGE('',*,*,#2345,.F.);
#2389=ORIENTED_EDGE('',*,*,#172,.F.);
#2390=EDGE_LOOP('',(#2386,#2387,#2388,#2389));
#2391=FACE_BOUND('',#2390,.T.);
#2392=ADVANCED_FACE('',(#2391),#2385,.F.);
#2393=CARTESIAN_POINT('',(203.921283925,889.650349476,21.2));
#2394=DIRECTION('',(-0.000053885,0.707106779,-0.707106781));
#2395=DIRECTION('',(-0.999999997,-0.000076206,0.));
#2396=AXIS2_PLACEMENT_3D('',#2393,#2394,#2395);
#2397=PLANE('',#2396);
#2398=ORIENTED_EDGE('',*,*,#1627,.F.);
#2399=CARTESIAN_POINT('',(211.853052308,889.65095392,21.2));
#2400=DIRECTION('',(-0.37771079,0.654712483,0.654741265));
#2401=VECTOR('',#2400,1.069124611);
#2402=LINE('',#2399,#2401);
#2403=EDGE_CURVE('',#1578,#61,#2402,.T.);
#2404=ORIENTED_EDGE('',*,*,#2403,.T.);
#2405=ORIENTED_EDGE('',*,*,#130,.F.);
#2406=ORIENTED_EDGE('',*,*,#1682,.F.);
#2407=EDGE_LOOP('',(#2398,#2404,#2405,#2406));
#2408=FACE_BOUND('',#2407,.T.);
#2409=ADVANCED_FACE('',(#2408),#2397,.F.);
#2410=CARTESIAN_POINT('',(212.010091937,938.877574593,21.9));
#2411=DIRECTION('',(0.612372436,0.353553391,-0.707106781));
#2412=DIRECTION('',(0.5,-0.866025404,0.));
#2413=AXIS2_PLACEMENT_3D('',#2410,#2411,#2412);
#2414=PLANE('',#2413);
#2415=ORIENTED_EDGE('',*,*,#1818,.F.);
#2416=ORIENTED_EDGE('',*,*,#1787,.F.);
#2417=CARTESIAN_POINT('',(224.710091937,916.880529337,21.9));
#2418=DIRECTION('',(-0.788675135,0.211324865,-0.577350269));
#2419=VECTOR('',#2418,1.212435565);
#2420=LINE('',#2417,#2419);
#2421=EDGE_CURVE('',#87,#1758,#2420,.T.);
#2422=ORIENTED_EDGE('',*,*,#2421,.F.);
#2423=ORIENTED_EDGE('',*,*,#92,.F.);
#2424=EDGE_LOOP('',(#2415,#2416,#2422,#2423));
#2425=FACE_BOUND('',#2424,.T.);
#2426=ADVANCED_FACE('',(#2425),#2414,.F.);
#2427=CARTESIAN_POINT('',(197.626821496,901.243995858,21.9));
#2428=DIRECTION('',(0.353553391,-0.612372436,-0.707106781));
#2429=DIRECTION('',(-0.866025404,-0.5,0.));
#2430=AXIS2_PLACEMENT_3D('',#2427,#2428,#2429);
#2431=PLANE('',#2430);
#2432=ORIENTED_EDGE('',*,*,#2421,.T.);
#2433=ORIENTED_EDGE('',*,*,#1763,.F.);
#2434=CARTESIAN_POINT('',(210.201177149,908.503803479,21.9));
#2435=DIRECTION('',(-0.654653671,0.377964473,-0.654653671));
#2436=VECTOR('',#2435,1.069267662);
#2437=LINE('',#2434,#2436);
#2438=EDGE_CURVE('',#95,#1734,#2437,.T.);
#2439=ORIENTED_EDGE('',*,*,#2438,.F.);
#2440=ORIENTED_EDGE('',*,*,#100,.F.);
#2441=EDGE_LOOP('',(#2432,#2433,#2439,#2440));
#2442=FACE_BOUND('',#2441,.T.);
#2443=ADVANCED_FACE('',(#2442),#2431,.F.);
#2444=CARTESIAN_POINT('',(210.201177149,923.241041114,21.9));
#2445=DIRECTION('',(0.707106781,-0.,-0.707106781));
#2446=DIRECTION('',(-0.,-1.,0.));
#2447=AXIS2_PLACEMENT_3D('',#2444,#2445,#2446);
#2448=PLANE('',#2447);
#2449=ORIENTED_EDGE('',*,*,#2438,.T.);
#2450=ORIENTED_EDGE('',*,*,#1739,.F.);
#2451=CARTESIAN_POINT('',(210.201177149,891.750351762,21.9));
#2452=DIRECTION('',(-0.577350269,0.577350269,-0.577350269));
#2453=VECTOR('',#2452,1.212435565);
#2454=LINE('',#2451,#2453);
#2455=EDGE_CURVE('',#103,#1710,#2454,.T.);
#2456=ORIENTED_EDGE('',*,*,#2455,.F.);
#2457=ORIENTED_EDGE('',*,*,#108,.F.);
#2458=EDGE_LOOP('',(#2449,#2450,#2456,#2457));
#2459=FACE_BOUND('',#2458,.T.);
#2460=ADVANCED_FACE('',(#2459),#2448,.F.);
#2461=CARTESIAN_POINT('',(203.951177149,892.450351762,21.2));
#2462=DIRECTION('',(0.,0.707106781,0.707106781));
#2463=DIRECTION('',(-1.,0.,0.));
#2464=AXIS2_PLACEMENT_3D('',#2461,#2462,#2463);
#2465=PLANE('',#2464);
#2466=ORIENTED_EDGE('',*,*,#1691,.F.);
#2467=ORIENTED_EDGE('',*,*,#116,.F.);
#2468=ORIENTED_EDGE('',*,*,#2455,.T.);
#2469=ORIENTED_EDGE('',*,*,#1715,.F.);
#2470=EDGE_LOOP('',(#2466,#2467,#2468,#2469));
#2471=FACE_BOUND('',#2470,.T.);
#2472=ADVANCED_FACE('',(#2471),#2465,.T.);
#2473=CARTESIAN_POINT('',(219.055648622,903.503277946,21.9));
#2474=DIRECTION('',(-0.612112291,0.354003593,-0.707106781));
#2475=DIRECTION('',(0.500636682,0.865657503,-0.));
#2476=AXIS2_PLACEMENT_3D('',#2473,#2474,#2475);
#2477=PLANE('',#2476);
#2478=ORIENTED_EDGE('',*,*,#2403,.F.);
#2479=ORIENTED_EDGE('',*,*,#1596,.F.);
#2480=CARTESIAN_POINT('',(226.559203591,916.477774002,21.9));
#2481=DIRECTION('',(0.755997689,-0.000277955,-0.654574226));
#2482=VECTOR('',#2481,1.069397438);
#2483=LINE('',#2480,#2482);
#2484=EDGE_CURVE('',#63,#1536,#2483,.T.);
#2485=ORIENTED_EDGE('',*,*,#2484,.F.);
#2486=ORIENTED_EDGE('',*,*,#68,.F.);
#2487=EDGE_LOOP('',(#2478,#2479,#2485,#2486));
#2488=FACE_BOUND('',#2487,.T.);
#2489=ADVANCED_FACE('',(#2488),#2477,.F.);
#2490=CARTESIAN_POINT('',(223.403745285,923.343188111,21.2));
#2491=DIRECTION('',(0.612372436,0.353553391,0.707106781));
#2492=DIRECTION('',(-0.5,0.866025404,0.));
#2493=AXIS2_PLACEMENT_3D('',#2490,#2491,#2492);
#2494=PLANE('',#2493);
#2495=ORIENTED_EDGE('',*,*,#1825,.F.);
#2496=ORIENTED_EDGE('',*,*,#76,.F.);
#2497=ORIENTED_EDGE('',*,*,#2484,.T.);
#2498=ORIENTED_EDGE('',*,*,#1565,.F.);
#2499=EDGE_LOOP('',(#2495,#2496,#2497,#2498));
#2500=FACE_BOUND('',#2499,.T.);
#2501=ADVANCED_FACE('',(#2500),#2494,.T.);
#2502=CARTESIAN_POINT('',(213.159707417,939.689281325,21.9));
#2503=DIRECTION('',(-0.612345491,-0.353600056,-0.707106781));
#2504=DIRECTION('',(-0.500065994,0.865987299,0.));
#2505=AXIS2_PLACEMENT_3D('',#2502,#2503,#2504);
#2506=PLANE('',#2505);
#2507=ORIENTED_EDGE('',*,*,#438,.F.);
#2508=CARTESIAN_POINT('',(200.302286221,963.354884622,21.2));
#2509=DIRECTION('',(-0.378142247,-0.654463381,0.654741265));
#2510=VECTOR('',#2509,1.069124611);
#2511=LINE('',#2508,#2510);
#2512=EDGE_CURVE('',#389,#690,#2511,.T.);
#2513=ORIENTED_EDGE('',*,*,#2512,.T.);
#2514=ORIENTED_EDGE('',*,*,#695,.F.);
#2515=ORIENTED_EDGE('',*,*,#471,.F.);
#2516=EDGE_LOOP('',(#2507,#2513,#2514,#2515));
#2517=FACE_BOUND('',#2516,.T.);
#2518=ADVANCED_FACE('',(#2517),#2506,.F.);
#2519=CARTESIAN_POINT('',(165.348609013,956.511961076,21.2));
#2520=DIRECTION('',(-0.612372436,0.353553391,0.707106781));
#2521=DIRECTION('',(-0.5,-0.866025404,0.));
#2522=AXIS2_PLACEMENT_3D('',#2519,#2520,#2521);
#2523=PLANE('',#2522);
#2524=ORIENTED_EDGE('',*,*,#709,.F.);
#2525=CARTESIAN_POINT('',(169.716502885,962.677375184,21.9));
#2526=DIRECTION('',(-0.377758128,0.654852181,-0.654574226));
#2527=VECTOR('',#2526,1.069397438);
#2528=LINE('',#2525,#2527);
#2529=EDGE_CURVE('',#698,#347,#2528,.T.);
#2530=ORIENTED_EDGE('',*,*,#2529,.T.);
#2531=ORIENTED_EDGE('',*,*,#376,.F.);
#2532=ORIENTED_EDGE('',*,*,#679,.F.);
#2533=EDGE_LOOP('',(#2524,#2530,#2531,#2532));
#2534=FACE_BOUND('',#2533,.T.);
#2535=ADVANCED_FACE('',(#2534),#2523,.T.);
#2536=CARTESIAN_POINT('',(201.828874154,955.111961076,21.2));
#2537=DIRECTION('',(-0.612372436,-0.353553391,0.707106781));
#2538=DIRECTION('',(0.5,-0.866025404,0.));
#2539=AXIS2_PLACEMENT_3D('',#2536,#2537,#2538);
#2540=PLANE('',#2539);
#2541=ORIENTED_EDGE('',*,*,#487,.F.);
#2542=ORIENTED_EDGE('',*,*,#740,.F.);
#2543=CARTESIAN_POINT('',(199.053874154,959.918402067,21.2));
#2544=DIRECTION('',(0.211324865,0.788675135,0.577350269));
#2545=VECTOR('',#2544,1.212435565);
#2546=LINE('',#2543,#2545);
#2547=EDGE_CURVE('',#513,#729,#2546,.T.);
#2548=ORIENTED_EDGE('',*,*,#2547,.F.);
#2549=ORIENTED_EDGE('',*,*,#518,.F.);
#2550=EDGE_LOOP('',(#2541,#2542,#2548,#2549));
#2551=FACE_BOUND('',#2550,.T.);
#2552=ADVANCED_FACE('',(#2551),#2540,.T.);
#2553=CARTESIAN_POINT('',(172.038354976,945.129275174,21.9));
#2554=DIRECTION('',(-0.353553391,0.612372436,-0.707106781));
#2555=DIRECTION('',(0.866025404,0.5,-0.));
#2556=AXIS2_PLACEMENT_3D('',#2553,#2554,#2555);
#2557=PLANE('',#2556);
#2558=ORIENTED_EDGE('',*,*,#2547,.T.);
#2559=ORIENTED_EDGE('',*,*,#734,.F.);
#2560=CARTESIAN_POINT('',(184.801177149,951.689603614,21.2));
#2561=DIRECTION('',(0.,0.755928946,0.654653671));
#2562=VECTOR('',#2561,1.069267662);
#2563=LINE('',#2560,#2562);
#2564=EDGE_CURVE('',#544,#721,#2563,.T.);
#2565=ORIENTED_EDGE('',*,*,#2564,.F.);
#2566=ORIENTED_EDGE('',*,*,#549,.F.);
#2567=EDGE_LOOP('',(#2558,#2559,#2565,#2566));
#2568=FACE_BOUND('',#2567,.T.);
#2569=ADVANCED_FACE('',(#2568),#2557,.F.);
#2570=CARTESIAN_POINT('',(197.375532802,945.23808637,21.9));
#2571=DIRECTION('',(0.353553391,0.612372436,-0.707106781));
#2572=DIRECTION('',(0.866025404,-0.5,-0.));
#2573=AXIS2_PLACEMENT_3D('',#2570,#2571,#2572);
#2574=PLANE('',#2573);
#2575=ORIENTED_EDGE('',*,*,#2564,.T.);
#2576=ORIENTED_EDGE('',*,*,#726,.F.);
#2577=CARTESIAN_POINT('',(170.548480144,959.918402067,21.2));
#2578=DIRECTION('',(-0.211324865,0.788675135,0.577350269));
#2579=VECTOR('',#2578,1.212435565);
#2580=LINE('',#2577,#2579);
#2581=EDGE_CURVE('',#575,#713,#2580,.T.);
#2582=ORIENTED_EDGE('',*,*,#2581,.F.);
#2583=ORIENTED_EDGE('',*,*,#580,.F.);
#2584=EDGE_LOOP('',(#2575,#2576,#2582,#2583));
#2585=FACE_BOUND('',#2584,.T.);
#2586=ADVANCED_FACE('',(#2585),#2574,.F.);
#2587=CARTESIAN_POINT('',(157.592262361,938.877574593,21.9));
#2588=DIRECTION('',(-0.612372436,0.353553391,-0.707106781));
#2589=DIRECTION('',(0.5,0.866025404,-0.));
#2590=AXIS2_PLACEMENT_3D('',#2587,#2588,#2589);
#2591=PLANE('',#2590);
#2592=ORIENTED_EDGE('',*,*,#665,.F.);
#2593=ORIENTED_EDGE('',*,*,#611,.F.);
#2594=ORIENTED_EDGE('',*,*,#2581,.T.);
#2595=ORIENTED_EDGE('',*,*,#718,.F.);
#2596=EDGE_LOOP('',(#2592,#2593,#2594,#2595));
#2597=FACE_BOUND('',#2596,.T.);
#2598=ADVANCED_FACE('',(#2597),#2591,.F.);
#2599=CARTESIAN_POINT('',(184.840718549,963.366254031,21.2));
#2600=DIRECTION('',(-0.000519959,-0.70710659,-0.707106781));
#2601=DIRECTION('',(0.99999973,-0.000735333,0.));
#2602=AXIS2_PLACEMENT_3D('',#2599,#2600,#2601);
#2603=PLANE('',#2602);
#2604=ORIENTED_EDGE('',*,*,#2529,.F.);
#2605=ORIENTED_EDGE('',*,*,#703,.F.);
#2606=ORIENTED_EDGE('',*,*,#2512,.F.);
#2607=ORIENTED_EDGE('',*,*,#407,.F.);
#2608=EDGE_LOOP('',(#2604,#2605,#2606,#2607));
#2609=FACE_BOUND('',#2608,.T.);
#2610=ADVANCED_FACE('',(#2609),#2603,.F.);
#2611=CARTESIAN_POINT('',(203.921283925,889.650349476,10.6));
#2612=DIRECTION('',(0.000053885,-0.707106779,-0.707106781));
#2613=DIRECTION('',(-0.999999997,-0.000076206,0.));
#2614=AXIS2_PLACEMENT_3D('',#2611,#2612,#2613);
#2615=PLANE('',#2614);
#2616=ORIENTED_EDGE('',*,*,#1620,.F.);
#2617=CARTESIAN_POINT('',(198.596819125,889.649943722,10.6));
#2618=DIRECTION('',(0.577894682,0.57709989,-0.577055849));
#2619=VECTOR('',#2618,1.213054163);
#2620=LINE('',#2617,#2619);
#2621=EDGE_CURVE('',#1609,#1062,#2620,.T.);
#2622=ORIENTED_EDGE('',*,*,#2621,.T.);
#2623=ORIENTED_EDGE('',*,*,#1067,.F.);
#2624=CARTESIAN_POINT('',(211.853052308,889.65095392,10.6));
#2625=DIRECTION('',(-0.37771079,0.654712483,-0.654741265));
#2626=VECTOR('',#2625,1.069124611);
#2627=LINE('',#2624,#2626);
#2628=EDGE_CURVE('',#1576,#1054,#2627,.T.);
#2629=ORIENTED_EDGE('',*,*,#2628,.F.);
#2630=EDGE_LOOP('',(#2616,#2622,#2623,#2629));
#2631=FACE_BOUND('',#2630,.T.);
#2632=ADVANCED_FACE('',(#2631),#2615,.T.);
#2633=CARTESIAN_POINT('',(219.593682341,903.035379602,10.6));
#2634=DIRECTION('',(0.612112291,-0.354003593,-0.707106781));
#2635=DIRECTION('',(-0.500636682,-0.865657503,0.));
#2636=AXIS2_PLACEMENT_3D('',#2633,#2634,#2635);
#2637=PLANE('',#2636);
#2638=ORIENTED_EDGE('',*,*,#2628,.T.);
#2639=ORIENTED_EDGE('',*,*,#1059,.F.);
#2640=CARTESIAN_POINT('',(227.367665583,916.477476758,10.6));
#2641=DIRECTION('',(-0.755997689,0.000277955,-0.654574226));
#2642=VECTOR('',#2641,1.069397438);
#2643=LINE('',#2640,#2642);
#2644=EDGE_CURVE('',#1538,#1046,#2643,.T.);
#2645=ORIENTED_EDGE('',*,*,#2644,.F.);
#2646=ORIENTED_EDGE('',*,*,#1589,.F.);
#2647=EDGE_LOOP('',(#2638,#2639,#2645,#2646));
#2648=FACE_BOUND('',#2647,.T.);
#2649=ADVANCED_FACE('',(#2648),#2637,.T.);
#2650=CARTESIAN_POINT('',(213.159705329,939.68638579,9.9));
#2651=DIRECTION('',(-0.612372436,-0.353553391,0.707106781));
#2652=DIRECTION('',(0.5,-0.866025404,0.));
#2653=AXIS2_PLACEMENT_3D('',#2650,#2651,#2652);
#2654=PLANE('',#2653);
#2655=ORIENTED_EDGE('',*,*,#2644,.T.);
#2656=ORIENTED_EDGE('',*,*,#1051,.F.);
#2657=CARTESIAN_POINT('',(220.728745285,927.976424021,10.6));
#2658=DIRECTION('',(-0.211324865,-0.788675135,-0.577350269));
#2659=VECTOR('',#2658,1.212435565);
#2660=LINE('',#2657,#2659);
#2661=EDGE_CURVE('',#1546,#1038,#2660,.T.);
#2662=ORIENTED_EDGE('',*,*,#2661,.F.);
#2663=ORIENTED_EDGE('',*,*,#1551,.F.);
#2664=EDGE_LOOP('',(#2655,#2656,#2662,#2663));
#2665=FACE_BOUND('',#2664,.T.);
#2666=ADVANCED_FACE('',(#2665),#2654,.F.);
#2667=CARTESIAN_POINT('',(191.988354976,910.574861563,9.9));
#2668=DIRECTION('',(0.353553391,-0.612372436,0.707106781));
#2669=DIRECTION('',(0.866025404,0.5,-0.));
#2670=AXIS2_PLACEMENT_3D('',#2667,#2668,#2669);
#2671=PLANE('',#2670);
#2672=ORIENTED_EDGE('',*,*,#1043,.F.);
#2673=CARTESIAN_POINT('',(205.655265757,918.465456181,9.9));
#2674=DIRECTION('',(0.211324865,0.788675135,0.577350269));
#2675=VECTOR('',#2674,1.212435565);
#2676=LINE('',#2673,#2675);
#2677=EDGE_CURVE('',#1030,#972,#2676,.T.);
#2678=ORIENTED_EDGE('',*,*,#2677,.T.);
#2679=ORIENTED_EDGE('',*,*,#1809,.F.);
#2680=ORIENTED_EDGE('',*,*,#2661,.T.);
#2681=EDGE_LOOP('',(#2672,#2678,#2679,#2680));
#2682=FACE_BOUND('',#2681,.T.);
#2683=ADVANCED_FACE('',(#2682),#2671,.F.);
#2684=CARTESIAN_POINT('',(184.675532802,890.350351762,9.9));
#2685=DIRECTION('',(-0.,0.707106781,0.707106781));
#2686=DIRECTION('',(-1.,-0.,-0.));
#2687=AXIS2_PLACEMENT_3D('',#2684,#2685,#2686);
#2688=PLANE('',#2687);
#2689=ORIENTED_EDGE('',*,*,#1107,.F.);
#2690=CARTESIAN_POINT('',(170.301177149,890.350351762,9.9));
#2691=DIRECTION('',(0.577350269,-0.577350269,0.577350269));
#2692=VECTOR('',#2691,1.212435565);
#2693=LINE('',#2690,#2692);
#2694=EDGE_CURVE('',#1094,#1256,#2693,.T.);
#2695=ORIENTED_EDGE('',*,*,#2694,.T.);
#2696=ORIENTED_EDGE('',*,*,#1261,.F.);
#2697=CARTESIAN_POINT('',(158.12782497,890.350351762,9.9));
#2698=DIRECTION('',(-0.378239561,-0.654574226,0.654574226));
#2699=VECTOR('',#2698,1.069397438);
#2700=LINE('',#2697,#2699);
#2701=EDGE_CURVE('',#1102,#1248,#2700,.T.);
#2702=ORIENTED_EDGE('',*,*,#2701,.F.);
#2703=EDGE_LOOP('',(#2689,#2695,#2696,#2702));
#2704=FACE_BOUND('',#2703,.T.);
#2705=ADVANCED_FACE('',(#2704),#2688,.F.);
#2706=CARTESIAN_POINT('',(149.969130557,903.103867316,10.6));
#2707=DIRECTION('',(-0.61263225,-0.353102997,-0.707106781));
#2708=DIRECTION('',(-0.499363047,0.866392836,-0.));
#2709=AXIS2_PLACEMENT_3D('',#2706,#2707,#2708);
#2710=PLANE('',#2709);
#2711=ORIENTED_EDGE('',*,*,#2701,.T.);
#2712=ORIENTED_EDGE('',*,*,#1298,.F.);
#2713=CARTESIAN_POINT('',(143.056294003,916.499396085,9.9));
#2714=DIRECTION('',(-0.755853037,0.000249102,0.654741265));
#2715=VECTOR('',#2714,1.069124611);
#2716=LINE('',#2713,#2715);
#2717=EDGE_CURVE('',#1110,#231,#2716,.T.);
#2718=ORIENTED_EDGE('',*,*,#2717,.F.);
#2719=ORIENTED_EDGE('',*,*,#1115,.F.);
#2720=EDGE_LOOP('',(#2711,#2712,#2718,#2719));
#2721=FACE_BOUND('',#2720,.T.);
#2722=ADVANCED_FACE('',(#2721),#2710,.T.);
#2723=CARTESIAN_POINT('',(146.213553646,923.369077545,10.6));
#2724=DIRECTION('',(-0.612399377,0.353506723,-0.707106781));
#2725=DIRECTION('',(0.499934003,0.866063504,-0.));
#2726=AXIS2_PLACEMENT_3D('',#2723,#2724,#2725);
#2727=PLANE('',#2726);
#2728=ORIENTED_EDGE('',*,*,#2717,.T.);
#2729=ORIENTED_EDGE('',*,*,#236,.F.);
#2730=CARTESIAN_POINT('',(149.131189927,927.023276482,9.9));
#2731=DIRECTION('',(-0.210835824,0.789021421,0.577055849));
#2732=VECTOR('',#2731,1.213054163);
#2733=LINE('',#2730,#2732);
#2734=EDGE_CURVE('',#1118,#223,#2733,.T.);
#2735=ORIENTED_EDGE('',*,*,#2734,.F.);
#2736=ORIENTED_EDGE('',*,*,#1123,.F.);
#2737=EDGE_LOOP('',(#2728,#2729,#2735,#2736));
#2738=FACE_BOUND('',#2737,.T.);
#2739=ADVANCED_FACE('',(#2738),#2727,.T.);
#2740=CARTESIAN_POINT('',(150.606386972,926.977681374,10.6));
#2741=DIRECTION('',(0.354442474,0.611858262,-0.707106781));
#2742=DIRECTION('',(0.865298252,-0.501257353,0.));
#2743=AXIS2_PLACEMENT_3D('',#2740,#2741,#2742);
#2744=PLANE('',#2743);
#2745=ORIENTED_EDGE('',*,*,#2734,.T.);
#2746=ORIENTED_EDGE('',*,*,#1327,.F.);
#2747=CARTESIAN_POINT('',(151.121684855,925.870205599,9.9));
#2748=DIRECTION('',(0.353553578,0.612372758,0.707106408));
#2749=VECTOR('',#2748,0.989950016);
#2750=LINE('',#2747,#2749);
#2751=EDGE_CURVE('',#1126,#1316,#2750,.T.);
#2752=ORIENTED_EDGE('',*,*,#2751,.F.);
#2753=ORIENTED_EDGE('',*,*,#1131,.F.);
#2754=EDGE_LOOP('',(#2745,#2746,#2752,#2753));
#2755=FACE_BOUND('',#2754,.T.);
#2756=ADVANCED_FACE('',(#2755),#2744,.T.);
#2757=CARTESIAN_POINT('',(157.581277991,922.949048993,10.6));
#2758=DIRECTION('',(-0.353553391,-0.612372436,0.707106781));
#2759=DIRECTION('',(-0.866025404,0.5,-0.));
#2760=AXIS2_PLACEMENT_3D('',#2757,#2758,#2759);
#2761=PLANE('',#2760);
#2762=ORIENTED_EDGE('',*,*,#1499,.F.);
#2763=CARTESIAN_POINT('',(163.690870758,919.421673964,10.6));
#2764=DIRECTION('',(0.211324865,-0.788675135,-0.577350269));
#2765=VECTOR('',#2764,1.212435565);
#2766=LINE('',#2763,#2765);
#2767=EDGE_CURVE('',#997,#1134,#2766,.T.);
#2768=ORIENTED_EDGE('',*,*,#2767,.T.);
#2769=ORIENTED_EDGE('',*,*,#1139,.F.);
#2770=ORIENTED_EDGE('',*,*,#2751,.T.);
#2771=EDGE_LOOP('',(#2762,#2768,#2769,#2770));
#2772=FACE_BOUND('',#2771,.T.);
#2773=ADVANCED_FACE('',(#2772),#2761,.F.);
#2774=CARTESIAN_POINT('',(198.221076307,946.851350137,10.6));
#2775=DIRECTION('',(-0.353553391,0.612372436,0.707106781));
#2776=DIRECTION('',(0.866025404,0.5,0.));
#2777=AXIS2_PLACEMENT_3D('',#2774,#2775,#2776);
#2778=PLANE('',#2777);
#2779=ORIENTED_EDGE('',*,*,#959,.F.);
#2780=CARTESIAN_POINT('',(192.11148354,943.323975108,10.6));
#2781=DIRECTION('',(-0.788675135,0.211324865,-0.577350269));
#2782=VECTOR('',#2781,1.212435565);
#2783=LINE('',#2780,#2782);
#2784=EDGE_CURVE('',#948,#1022,#2783,.T.);
#2785=ORIENTED_EDGE('',*,*,#2784,.T.);
#2786=ORIENTED_EDGE('',*,*,#1027,.F.);
#2787=CARTESIAN_POINT('',(204.330669073,950.378725165,10.6));
#2788=DIRECTION('',(-0.352663748,0.61288564,-0.707106408));
#2789=VECTOR('',#2788,0.989950016);
#2790=LINE('',#2787,#2789);
#2791=EDGE_CURVE('',#449,#1020,#2790,.T.);
#2792=ORIENTED_EDGE('',*,*,#2791,.F.);
#2793=EDGE_LOOP('',(#2779,#2785,#2786,#2792));
#2794=FACE_BOUND('',#2793,.T.);
#2795=ADVANCED_FACE('',(#2794),#2778,.F.);
#2796=CARTESIAN_POINT('',(205.197419802,950.877466757,10.6));
#2797=DIRECTION('',(0.352663562,-0.612885317,-0.707106781));
#2798=DIRECTION('',(-0.866750728,-0.498741592,0.));
#2799=AXIS2_PLACEMENT_3D('',#2796,#2797,#2798);
#2800=PLANE('',#2799);
#2801=ORIENTED_EDGE('',*,*,#2791,.T.);
#2802=ORIENTED_EDGE('',*,*,#1185,.F.);
#2803=CARTESIAN_POINT('',(206.93127767,951.875155025,10.6));
#2804=DIRECTION('',(-0.788730506,0.211921531,-0.577055849));
#2805=VECTOR('',#2804,1.213054163);
#2806=LINE('',#2803,#2805);
#2807=EDGE_CURVE('',#420,#1174,#2806,.T.);
#2808=ORIENTED_EDGE('',*,*,#2807,.F.);
#2809=ORIENTED_EDGE('',*,*,#462,.F.);
#2810=EDGE_LOOP('',(#2801,#2802,#2808,#2809));
#2811=FACE_BOUND('',#2810,.T.);
#2812=ADVANCED_FACE('',(#2811),#2800,.T.);
#2813=CARTESIAN_POINT('',(204.268693877,956.486073927,10.6));
#2814=DIRECTION('',(0.612345491,0.353600056,-0.707106781));
#2815=DIRECTION('',(0.500065994,-0.865987299,0.));
#2816=AXIS2_PLACEMENT_3D('',#2813,#2814,#2815);
#2817=PLANE('',#2816);
#2818=ORIENTED_EDGE('',*,*,#2807,.T.);
#2819=ORIENTED_EDGE('',*,*,#1179,.F.);
#2820=CARTESIAN_POINT('',(200.302286221,963.354884622,10.6));
#2821=DIRECTION('',(-0.378142247,-0.654463381,-0.654741265));
#2822=VECTOR('',#2821,1.069124611);
#2823=LINE('',#2820,#2822);
#2824=EDGE_CURVE('',#387,#1166,#2823,.T.);
#2825=ORIENTED_EDGE('',*,*,#2824,.F.);
#2826=ORIENTED_EDGE('',*,*,#431,.F.);
#2827=EDGE_LOOP('',(#2818,#2819,#2825,#2826));
#2828=FACE_BOUND('',#2827,.T.);
#2829=ADVANCED_FACE('',(#2828),#2817,.T.);
#2830=CARTESIAN_POINT('',(184.840718549,963.366254031,10.6));
#2831=DIRECTION('',(0.000519959,0.70710659,-0.707106781));
#2832=DIRECTION('',(0.99999973,-0.000735333,-0.));
#2833=AXIS2_PLACEMENT_3D('',#2830,#2831,#2832);
#2834=PLANE('',#2833);
#2835=ORIENTED_EDGE('',*,*,#2824,.T.);
#2836=ORIENTED_EDGE('',*,*,#1171,.F.);
#2837=CARTESIAN_POINT('',(169.312529311,963.377672429,10.6));
#2838=DIRECTION('',(0.377758128,-0.654852181,-0.654574226));
#2839=VECTOR('',#2838,1.069397438);
#2840=LINE('',#2837,#2839);
#2841=EDGE_CURVE('',#349,#1158,#2840,.T.);
#2842=ORIENTED_EDGE('',*,*,#2841,.F.);
#2843=ORIENTED_EDGE('',*,*,#400,.F.);
#2844=EDGE_LOOP('',(#2835,#2836,#2842,#2843));
#2845=FACE_BOUND('',#2844,.T.);
#2846=ADVANCED_FACE('',(#2845),#2834,.T.);
#2847=CARTESIAN_POINT('',(156.379826796,939.577574593,9.9));
#2848=DIRECTION('',(0.612372436,-0.353553391,0.707106781));
#2849=DIRECTION('',(0.5,0.866025404,-0.));
#2850=AXIS2_PLACEMENT_3D('',#2847,#2848,#2849);
#2851=PLANE('',#2850);
#2852=ORIENTED_EDGE('',*,*,#2841,.T.);
#2853=ORIENTED_EDGE('',*,*,#1163,.F.);
#2854=CARTESIAN_POINT('',(162.673609013,951.878725165,10.6));
#2855=DIRECTION('',(0.788675135,0.211324865,-0.577350269));
#2856=VECTOR('',#2855,1.212435565);
#2857=LINE('',#2854,#2856);
#2858=EDGE_CURVE('',#357,#1150,#2857,.T.);
#2859=ORIENTED_EDGE('',*,*,#2858,.F.);
#2860=ORIENTED_EDGE('',*,*,#362,.F.);
#2861=EDGE_LOOP('',(#2852,#2853,#2859,#2860));
#2862=FACE_BOUND('',#2861,.T.);
#2863=ADVANCED_FACE('',(#2862),#2851,.F.);
#2864=CARTESIAN_POINT('',(191.925532802,935.798409469,9.9));
#2865=DIRECTION('',(0.353553391,0.612372436,0.707106781));
#2866=DIRECTION('',(-0.866025404,0.5,0.));
#2867=AXIS2_PLACEMENT_3D('',#2864,#2865,#2866);
#2868=PLANE('',#2867);
#2869=ORIENTED_EDGE('',*,*,#1155,.F.);
#2870=CARTESIAN_POINT('',(178.447088541,943.580192891,9.9));
#2871=DIRECTION('',(-0.788675135,-0.211324865,0.577350269));
#2872=VECTOR('',#2871,1.212435565);
#2873=LINE('',#2870,#2872);
#2874=EDGE_CURVE('',#1142,#637,#2873,.T.);
#2875=ORIENTED_EDGE('',*,*,#2874,.T.);
#2876=ORIENTED_EDGE('',*,*,#642,.F.);
#2877=ORIENTED_EDGE('',*,*,#2858,.T.);
#2878=EDGE_LOOP('',(#2869,#2875,#2876,#2877));
#2879=FACE_BOUND('',#2878,.T.);
#2880=ADVANCED_FACE('',(#2879),#2868,.F.);
#2881=CARTESIAN_POINT('',(198.601177149,899.705101819,10.6));
#2882=DIRECTION('',(0.707106781,0.,0.707106781));
#2883=DIRECTION('',(0.,-1.,0.));
#2884=AXIS2_PLACEMENT_3D('',#2881,#2882,#2883);
#2885=PLANE('',#2884);
#2886=ORIENTED_EDGE('',*,*,#1840,.F.);
#2887=CARTESIAN_POINT('',(198.601177149,906.759851876,10.6));
#2888=DIRECTION('',(0.577350269,0.577350269,-0.577350269));
#2889=VECTOR('',#2888,1.212435565);
#2890=LINE('',#2887,#2889);
#2891=EDGE_CURVE('',#1513,#1078,#2890,.T.);
#2892=ORIENTED_EDGE('',*,*,#2891,.T.);
#2893=ORIENTED_EDGE('',*,*,#1083,.F.);
#2894=CARTESIAN_POINT('',(198.601177149,892.650351762,10.6));
#2895=DIRECTION('',(0.707106408,-0.001027055,-0.707106408));
#2896=VECTOR('',#2895,0.989950016);
#2897=LINE('',#2894,#2896);
#2898=EDGE_CURVE('',#1664,#1070,#2897,.T.);
#2899=ORIENTED_EDGE('',*,*,#2898,.F.);
#2900=EDGE_LOOP('',(#2886,#2892,#2893,#2899));
#2901=FACE_BOUND('',#2900,.T.);
#2902=ADVANCED_FACE('',(#2901),#2885,.F.);
#2903=CARTESIAN_POINT('',(198.599724673,891.650352817,10.6));
#2904=DIRECTION('',(-0.707106035,0.001027055,-0.707106781));
#2905=DIRECTION('',(0.001452476,0.999998945,-0.));
#2906=AXIS2_PLACEMENT_3D('',#2903,#2904,#2905);
#2907=PLANE('',#2906);
#2908=ORIENTED_EDGE('',*,*,#2898,.T.);
#2909=ORIENTED_EDGE('',*,*,#1075,.F.);
#2910=ORIENTED_EDGE('',*,*,#2621,.F.);
#2911=ORIENTED_EDGE('',*,*,#1675,.F.);
#2912=EDGE_LOOP('',(#2908,#2909,#2910,#2911));
#2913=FACE_BOUND('',#2912,.T.);
#2914=ADVANCED_FACE('',(#2913),#2907,.T.);
#2915=CARTESIAN_POINT('',(177.901177149,906.759851876,10.6));
#2916=DIRECTION('',(-0.,0.707106781,0.707106781));
#2917=DIRECTION('',(1.,-0.,0.));
#2918=AXIS2_PLACEMENT_3D('',#2915,#2916,#2917);
#2919=PLANE('',#2918);
#2920=ORIENTED_EDGE('',*,*,#2891,.F.);
#2921=ORIENTED_EDGE('',*,*,#1518,.F.);
#2922=CARTESIAN_POINT('',(170.301177149,907.459851876,9.9));
#2923=DIRECTION('',(0.577350269,-0.577350269,0.577350269));
#2924=VECTOR('',#2923,1.212435565);
#2925=LINE('',#2922,#2924);
#2926=EDGE_CURVE('',#1086,#1458,#2925,.T.);
#2927=ORIENTED_EDGE('',*,*,#2926,.F.);
#2928=ORIENTED_EDGE('',*,*,#1091,.F.);
#2929=EDGE_LOOP('',(#2920,#2921,#2927,#2928));
#2930=FACE_BOUND('',#2929,.T.);
#2931=ADVANCED_FACE('',(#2930),#2919,.F.);
#2932=CARTESIAN_POINT('',(170.301177149,923.241041114,9.9));
#2933=DIRECTION('',(-0.707106781,0.,0.707106781));
#2934=DIRECTION('',(0.,-1.,0.));
#2935=AXIS2_PLACEMENT_3D('',#2932,#2933,#2934);
#2936=PLANE('',#2935);
#2937=ORIENTED_EDGE('',*,*,#2926,.T.);
#2938=ORIENTED_EDGE('',*,*,#1463,.F.);
#2939=ORIENTED_EDGE('',*,*,#2694,.F.);
#2940=ORIENTED_EDGE('',*,*,#1099,.F.);
#2941=EDGE_LOOP('',(#2937,#2938,#2939,#2940));
#2942=FACE_BOUND('',#2941,.T.);
#2943=ADVANCED_FACE('',(#2942),#2936,.F.);
#2944=CARTESIAN_POINT('',(195.56148354,937.348399822,10.6));
#2945=DIRECTION('',(-0.612372436,-0.353553391,0.707106781));
#2946=DIRECTION('',(-0.5,0.866025404,-0.));
#2947=AXIS2_PLACEMENT_3D('',#2944,#2945,#2946);
#2948=PLANE('',#2947);
#2949=ORIENTED_EDGE('',*,*,#2677,.F.);
#2950=ORIENTED_EDGE('',*,*,#1035,.F.);
#2951=ORIENTED_EDGE('',*,*,#2784,.F.);
#2952=ORIENTED_EDGE('',*,*,#983,.F.);
#2953=EDGE_LOOP('',(#2949,#2950,#2951,#2952));
#2954=FACE_BOUND('',#2953,.T.);
#2955=ADVANCED_FACE('',(#2954),#2948,.F.);
#2956=CARTESIAN_POINT('',(174.040870758,937.348399822,10.6));
#2957=DIRECTION('',(0.612372436,-0.353553391,0.707106781));
#2958=DIRECTION('',(-0.5,-0.866025404,0.));
#2959=AXIS2_PLACEMENT_3D('',#2956,#2957,#2958);
#2960=PLANE('',#2959);
#2961=ORIENTED_EDGE('',*,*,#2874,.F.);
#2962=ORIENTED_EDGE('',*,*,#1147,.F.);
#2963=ORIENTED_EDGE('',*,*,#2767,.F.);
#2964=ORIENTED_EDGE('',*,*,#1002,.F.);
#2965=EDGE_LOOP('',(#2961,#2962,#2963,#2964));
#2966=FACE_BOUND('',#2965,.T.);
#2967=ADVANCED_FACE('',(#2966),#2960,.F.);
#2968=CLOSED_SHELL('',(#134,#214,#262,#340,#380,#411,#442,#505,#536,#567,#598,#629,#683,#745,#941,#965,#989,#1013,#1239,#1287,#1309,#1354,#1378,#1402,#1426,#1450,
#1488,#1505,#1529,#1569,#1600,#1657,#1702,#1726,#1750,#1774,#1798,#1829,#1846,#1880,#1914,#1933,#1952,#1983,#2007,#2029,#2053,#2077,#2094,#2111,#2135,
#2152,#2169,#2186,#2198,#2229,#2253,#2270,#2281,#2305,#2317,#2334,#2356,#2368,#2380,#2392,#2409,#2426,#2443,#2460,#2472,#2489,#2501,#2518,#2535,#2552,
#2569,#2586,#2598,#2610,#2632,#2649,#2666,#2683,#2705,#2722,#2739,#2756,#2773,#2795,#2812,#2829,#2846,#2863,#2880,#2902,#2914,#2931,#2943,#2955,#2967));
#2969=MANIFOLD_SOLID_BREP('K\S\vrper 26',#2968);
#2970=COLOUR_RGB('',0.627451003,0.627451003,0.643137276);
#2971=FILL_AREA_STYLE_COLOUR('',#2970);
#2972=FILL_AREA_STYLE('',(#2971));
#2973=SURFACE_STYLE_FILL_AREA(#2972);
#2974=SURFACE_SIDE_STYLE('',(#2973));
#2975=SURFACE_STYLE_USAGE(.BOTH.,#2974);
#2976=PRESENTATION_STYLE_ASSIGNMENT((#2975));
#54=STYLED_ITEM('',(#2976),#2969);
#35=SHAPE_REPRESENTATION('Kleinkopf Kralle (120 grad)',(#15),#33);
#36=ADVANCED_BREP_SHAPE_REPRESENTATION('Kleinkopf Kralle (120 grad)',(#2969),#33);
#2984=SHAPE_REPRESENTATION_RELATIONSHIP('','',#35,#36);
#2985=CARTESIAN_POINT('',(0.,0.,0.));
#2986=DIRECTION('',(0.,0.,1.));
#2987=DIRECTION('',(1.,0.,0.));
#2988=AXIS2_PLACEMENT_3D('',#2985,#2986,#2987);
#2990=MAPPED_ITEM('',#2989,#2988);
#2989=REPRESENTATION_MAP(#2988,#35);
#2991=APPLICATION_CONTEXT('Managed model based 3d engineering');
#2992=APPLICATION_PROTOCOL_DEFINITION('international standard','ap242_managed_model_based_3d_engineering',2014,#2991);
#2993=PRODUCT_CONTEXT('',#2991,'mechanical');
#2994=PRODUCT_DEFINITION_CONTEXT('part definition',#2991,'design');
#43=PRODUCT('Kleinkopf Kralle (120 grad)','Kleinkopf Kralle (120 grad)','',(#2993));
#2995=PRODUCT_RELATED_PRODUCT_CATEGORY('part','',(#43));
#2996=PRODUCT_DEFINITION_FORMATION_WITH_SPECIFIED_SOURCE('','',#43,.NOT_KNOWN.);
#44=PRODUCT_DEFINITION('design','',#2996,#2994);
#42=PRODUCT_DEFINITION_SHAPE('','',#44);
#2997=SHAPE_DEFINITION_REPRESENTATION(#42,#35);
#34=DRAUGHTING_MODEL('',(#2990),#33);
#16=SHAPE_REPRESENTATION('root',(#15,#48),#10);
#2998=CARTESIAN_POINT('',(0.,0.,0.));
#2999=DIRECTION('',(0.,0.,1.));
#3000=DIRECTION('',(1.,0.,0.));
#3001=AXIS2_PLACEMENT_3D('',#2998,#2999,#3000);
#3003=MAPPED_ITEM('',#3002,#3001);
#3002=REPRESENTATION_MAP(#3001,#16);
#24=PRODUCT('root','root','',(#2993));
#3004=PRODUCT_RELATED_PRODUCT_CATEGORY('part','',(#24));
#3005=PRODUCT_DEFINITION_FORMATION_WITH_SPECIFIED_SOURCE('','',#24,.NOT_KNOWN.);
#25=PRODUCT_DEFINITION('design','',#3005,#2994);
#23=PRODUCT_DEFINITION_SHAPE('','',#25);
#3006=SHAPE_DEFINITION_REPRESENTATION(#23,#16);
#11=DRAUGHTING_MODEL('',(#3003),#10);
#3007=DESCRIPTIVE_REPRESENTATION_ITEM('KEY','C:\\Users\\Ruben\\AppData\\Local\\Packages\\Shapr3D.Shapr3D_dvv5p1vgwv6mp\\TempState\\a6af7303-31f7-4dca-991a-9cc62cf54c66.tmp');
#3008=PROPERTY_DEFINITION('KEY','',#25);
#3009=REPRESENTATION('',(#3007),#10);
#3010=PROPERTY_DEFINITION_REPRESENTATION(#3008,#3009);
#3011=GENERAL_PROPERTY('','KEY','');
#3012=GENERAL_PROPERTY_ASSOCIATION('','',#3011,#3008);
#1=MECHANICAL_DESIGN_GEOMETRIC_PRESENTATION_REPRESENTATION('',(#54),#10);
ENDSEC;
END-ISO-10303-21;
